evidence_id,claim_id,question,data_class,description,source_file,source_sha256,row_locator,column_or_json_pointer,raw_value,display_value,unit,time_basis,generated_by_code,config_locator,validation,notes
EV-Q1-001,CLM-Q1-001,Q1,MODEL_DERIVED,Target branch static rating,results/problem_3_1/question_1_final/tables/02_line_constraint_and_rating_results.csv,de8fba25783161ed8ee0819419de70853cf176a8b9d7deb908eb1aa1bde558cb,"line == ""5041-17010-2""",rating_mva,210,210,MVA,168-hour North-West model,src/problem_3_1/constrained_lines.py::line_reinforcement_trials lines 198-245,,optimal dispatch and bidirectional loading calculation,
EV-Q1-002,CLM-Q1-001,Q1,MODEL_DERIVED,Regional binding hours,results/problem_3_1/question_1_final/tables/02_line_constraint_and_rating_results.csv,de8fba25783161ed8ee0819419de70853cf176a8b9d7deb908eb1aa1bde558cb,"line == ""5041-17010-2""",binding_hours,52,52,hours,168-hour North-West model,src/problem_3_1/constrained_lines.py::line_reinforcement_trials lines 198-245,,optimal dispatch and bidirectional loading calculation,
EV-Q1-003,CLM-Q1-001,Q1,MODEL_DERIVED,Regional hours at or above 90% loading,results/problem_3_1/question_1_final/tables/02_line_constraint_and_rating_results.csv,de8fba25783161ed8ee0819419de70853cf176a8b9d7deb908eb1aa1bde558cb,"line == ""5041-17010-2""",hours_at_or_above_90_pct,63,63,hours,168-hour North-West model,src/problem_3_1/constrained_lines.py::line_reinforcement_trials lines 198-245,,optimal dispatch and bidirectional loading calculation,
EV-Q1-004,CLM-Q1-001,Q1,MODEL_DERIVED,Regional mean loading,results/problem_3_1/question_1_final/tables/02_line_constraint_and_rating_results.csv,de8fba25783161ed8ee0819419de70853cf176a8b9d7deb908eb1aa1bde558cb,"line == ""5041-17010-2""",mean_loading_pct,61.8468741929,61.8468741929,%,168-hour North-West model,src/problem_3_1/constrained_lines.py::line_reinforcement_trials lines 198-245,,optimal dispatch and bidirectional loading calculation,
EV-Q1-005,CLM-Q1-001,Q1,MODEL_DERIVED,Regional maximum loading,results/problem_3_1/question_1_final/tables/02_line_constraint_and_rating_results.csv,de8fba25783161ed8ee0819419de70853cf176a8b9d7deb908eb1aa1bde558cb,"line == ""5041-17010-2""",max_loading_pct,100,100,%,168-hour North-West model,src/problem_3_1/constrained_lines.py::line_reinforcement_trials lines 198-245,,optimal dispatch and bidirectional loading calculation,
EV-Q1-006,CLM-Q1-001,Q1,MODEL_DERIVED,Rating after 25% uplift,results/problem_3_1/question_1_final/tables/02_line_constraint_and_rating_results.csv,de8fba25783161ed8ee0819419de70853cf176a8b9d7deb908eb1aa1bde558cb,"line == ""5041-17010-2""",new_rating_mva,262.5,262.5,MVA,168-hour North-West model,src/problem_3_1/constrained_lines.py::line_reinforcement_trials lines 198-245,,optimal dispatch and bidirectional loading calculation,
EV-Q1-007,CLM-Q1-001,Q1,MODEL_DERIVED,Dispatch-down after 25% uplift,results/problem_3_1/question_1_final/tables/02_line_constraint_and_rating_results.csv,de8fba25783161ed8ee0819419de70853cf176a8b9d7deb908eb1aa1bde558cb,"line == ""5041-17010-2""",dispatch_down_after_plus_25_mwh,3071.97637416,3071.97637416,MWh,168-hour North-West model,src/problem_3_1/constrained_lines.py::line_reinforcement_trials lines 198-245,,optimal dispatch and bidirectional loading calculation,
EV-Q1-008,CLM-Q1-001,Q1,MODEL_DERIVED,Dispatch-down saved by 25% uplift,results/problem_3_1/question_1_final/tables/02_line_constraint_and_rating_results.csv,de8fba25783161ed8ee0819419de70853cf176a8b9d7deb908eb1aa1bde558cb,"line == ""5041-17010-2""",saved_dispatch_down_plus_25_mwh,588.613898638,588.613898638,MWh,168-hour North-West model,src/problem_3_1/constrained_lines.py::line_reinforcement_trials lines 198-245,,optimal dispatch and bidirectional loading calculation,
EV-Q1-009,CLM-Q1-001,Q1,MODEL_DERIVED,Binding hours after 25% uplift,results/problem_3_1/question_1_final/tables/02_line_constraint_and_rating_results.csv,de8fba25783161ed8ee0819419de70853cf176a8b9d7deb908eb1aa1bde558cb,"line == ""5041-17010-2""",binding_hours_after_plus_25,17,17,hours,168-hour North-West model,src/problem_3_1/constrained_lines.py::line_reinforcement_trials lines 198-245,,optimal dispatch and bidirectional loading calculation,
EV-Q1-010,CLM-Q1-002,Q1,MODEL_DERIVED,All-island target-line binding hours,results/problem_3_1/question_1_final/tables/05_all_island_scope_robustness.csv,90030f596225d3049677585004618f9a0a8e0c7bb9142d1be4cb4dc81d1789c8,"line == ""5041-17010-2""",all_island_binding_hours,0,0,hours,168-hour all-island robustness run,src/problem_3_1/constrained_lines.py::line_reinforcement_trials lines 198-245,,,Scope differs from the regional boundary model
EV-Q1-011,CLM-Q1-002,Q1,MODEL_DERIVED,All-island target-line maximum loading,results/problem_3_1/question_1_final/tables/05_all_island_scope_robustness.csv,90030f596225d3049677585004618f9a0a8e0c7bb9142d1be4cb4dc81d1789c8,"line == ""5041-17010-2""",all_island_max_loading_pct,55.9090669042,55.9090669042,%,168-hour all-island robustness run,src/problem_3_1/constrained_lines.py::line_reinforcement_trials lines 198-245,,,Scope differs from the regional boundary model
EV-Q2-001,CLM-Q2-001,Q2,MODEL_DERIVED,Recommended site,results/problem_3_1/question_2_final/tables/10_recommendation_summary.csv,fcf2ef23e957a65c45d4aa51b9b223e7064d97819efecfa6a044c749e85a3baf,"recommendation_type == ""recommended_installed_capacity""",recommended_sites,Croaghonagh,Croaghonagh,bus/site,168-hour North-West model,src/problem_3_1/question_2_battery_siting_sizing.py::verify_lifetime_recommendation lines 902-914,Q2 lifetime_eol row; 10-90% SOC and 80% EOL SoH,"solve_ok, unserved_ok, benchmark_success and no simultaneous operation",
EV-Q2-002,CLM-Q2-001,Q2,MODEL_DERIVED,Recommended battery power,results/problem_3_1/question_2_final/tables/10_recommendation_summary.csv,fcf2ef23e957a65c45d4aa51b9b223e7064d97819efecfa6a044c749e85a3baf,"recommendation_type == ""recommended_installed_capacity""",power_mw,85,85,MW,168-hour North-West model,src/problem_3_1/question_2_battery_siting_sizing.py::verify_lifetime_recommendation lines 902-914,Q2 lifetime_eol row; 10-90% SOC and 80% EOL SoH,"solve_ok, unserved_ok, benchmark_success and no simultaneous operation",
EV-Q2-003,CLM-Q2-001,Q2,MODEL_DERIVED,Recommended nameplate energy,results/problem_3_1/question_2_final/tables/10_recommendation_summary.csv,fcf2ef23e957a65c45d4aa51b9b223e7064d97819efecfa6a044c749e85a3baf,"recommendation_type == ""recommended_installed_capacity""",nameplate_energy_mwh,310,310,MWh,168-hour North-West model,src/problem_3_1/question_2_battery_siting_sizing.py::verify_lifetime_recommendation lines 902-914,Q2 lifetime_eol row; 10-90% SOC and 80% EOL SoH,"solve_ok, unserved_ok, benchmark_success and no simultaneous operation",
EV-Q2-004,CLM-Q2-001,Q2,MODEL_DERIVED,End-of-life usable energy,results/problem_3_1/question_2_final/tables/10_recommendation_summary.csv,fcf2ef23e957a65c45d4aa51b9b223e7064d97819efecfa6a044c749e85a3baf,"recommendation_type == ""recommended_installed_capacity""",usable_energy_mwh,198.4,198.4,MWh,168-hour North-West model,src/problem_3_1/question_2_battery_siting_sizing.py::verify_lifetime_recommendation lines 902-914,Q2 lifetime_eol row; 10-90% SOC and 80% EOL SoH,"solve_ok, unserved_ok, benchmark_success and no simultaneous operation",
EV-Q2-005,CLM-Q2-001,Q2,MODEL_DERIVED,End-of-life state of health,results/problem_3_1/question_2_final/tables/10_recommendation_summary.csv,fcf2ef23e957a65c45d4aa51b9b223e7064d97819efecfa6a044c749e85a3baf,"recommendation_type == ""recommended_installed_capacity""",state_of_health_pct,80,80,%,168-hour North-West model,src/problem_3_1/question_2_battery_siting_sizing.py::verify_lifetime_recommendation lines 902-914,Q2 lifetime_eol row; 10-90% SOC and 80% EOL SoH,"solve_ok, unserved_ok, benchmark_success and no simultaneous operation",
EV-Q2-006,CLM-Q2-001,Q2,MODEL_DERIVED,Minimum SOC,results/problem_3_1/question_2_final/tables/10_recommendation_summary.csv,fcf2ef23e957a65c45d4aa51b9b223e7064d97819efecfa6a044c749e85a3baf,"recommendation_type == ""recommended_installed_capacity""",soc_min_pct,10,10,%,168-hour North-West model,src/problem_3_1/question_2_battery_siting_sizing.py::verify_lifetime_recommendation lines 902-914,Q2 lifetime_eol row; 10-90% SOC and 80% EOL SoH,"solve_ok, unserved_ok, benchmark_success and no simultaneous operation",
EV-Q2-007,CLM-Q2-001,Q2,MODEL_DERIVED,Maximum SOC,results/problem_3_1/question_2_final/tables/10_recommendation_summary.csv,fcf2ef23e957a65c45d4aa51b9b223e7064d97819efecfa6a044c749e85a3baf,"recommendation_type == ""recommended_installed_capacity""",soc_max_pct,90,90,%,168-hour North-West model,src/problem_3_1/question_2_battery_siting_sizing.py::verify_lifetime_recommendation lines 902-914,Q2 lifetime_eol row; 10-90% SOC and 80% EOL SoH,"solve_ok, unserved_ok, benchmark_success and no simultaneous operation",
EV-Q2-008,CLM-Q2-001,Q2,MODEL_DERIVED,Round-trip efficiency,results/problem_3_1/question_2_final/tables/10_recommendation_summary.csv,fcf2ef23e957a65c45d4aa51b9b223e7064d97819efecfa6a044c749e85a3baf,"recommendation_type == ""recommended_installed_capacity""",round_trip_efficiency_pct,90,90,%,168-hour North-West model,src/problem_3_1/question_2_battery_siting_sizing.py::verify_lifetime_recommendation lines 902-914,Q2 lifetime_eol row; 10-90% SOC and 80% EOL SoH,"solve_ok, unserved_ok, benchmark_success and no simultaneous operation",
EV-Q2-009,CLM-Q2-001,Q2,MODEL_DERIVED,Total dispatch-down,results/problem_3_1/question_2_final/tables/10_recommendation_summary.csv,fcf2ef23e957a65c45d4aa51b9b223e7064d97819efecfa6a044c749e85a3baf,"recommendation_type == ""recommended_installed_capacity""",total_dispatch_down_mwh,2870.19973767,2870.19973767,MWh,168-hour North-West model,src/problem_3_1/question_2_battery_siting_sizing.py::verify_lifetime_recommendation lines 902-914,Q2 lifetime_eol row; 10-90% SOC and 80% EOL SoH,"solve_ok, unserved_ok, benchmark_success and no simultaneous operation",
EV-Q2-010,CLM-Q2-001,Q2,MODEL_DERIVED,Dispatch-down saved,results/problem_3_1/question_2_final/tables/10_recommendation_summary.csv,fcf2ef23e957a65c45d4aa51b9b223e7064d97819efecfa6a044c749e85a3baf,"recommendation_type == ""recommended_installed_capacity""",dispatch_down_saved_mwh,790.390535128,790.390535128,MWh,168-hour North-West model,src/problem_3_1/question_2_battery_siting_sizing.py::verify_lifetime_recommendation lines 902-914,Q2 lifetime_eol row; 10-90% SOC and 80% EOL SoH,"solve_ok, unserved_ok, benchmark_success and no simultaneous operation",
EV-Q2-011,CLM-Q2-001,Q2,MODEL_DERIVED,Affected-generator gain,results/problem_3_1/question_2_final/tables/10_recommendation_summary.csv,fcf2ef23e957a65c45d4aa51b9b223e7064d97819efecfa6a044c749e85a3baf,"recommendation_type == ""recommended_installed_capacity""",affected_generator_gain_mwh,850.703845942,850.703845942,MWh,168-hour North-West model,src/problem_3_1/question_2_battery_siting_sizing.py::verify_lifetime_recommendation lines 902-914,Q2 lifetime_eol row; 10-90% SOC and 80% EOL SoH,"solve_ok, unserved_ok, benchmark_success and no simultaneous operation",
EV-Q2-012,CLM-Q2-001,Q2,MODEL_DERIVED,Target benchmark recovery,results/problem_3_1/question_2_final/tables/10_recommendation_summary.csv,fcf2ef23e957a65c45d4aa51b9b223e7064d97819efecfa6a044c749e85a3baf,"recommendation_type == ""recommended_installed_capacity""",target_recovery_pct,105.164796779,105.164796779,%,168-hour North-West model,src/problem_3_1/question_2_battery_siting_sizing.py::verify_lifetime_recommendation lines 902-914,Q2 lifetime_eol row; 10-90% SOC and 80% EOL SoH,"solve_ok, unserved_ok, benchmark_success and no simultaneous operation",
EV-Q2-013,CLM-Q2-001,Q2,MODEL_DERIVED,Weekly battery throughput,results/problem_3_1/question_2_final/tables/10_recommendation_summary.csv,fcf2ef23e957a65c45d4aa51b9b223e7064d97819efecfa6a044c749e85a3baf,"recommendation_type == ""recommended_installed_capacity""",throughput_mwh,2683.3128004,2683.3128004,MWh,168-hour North-West model,src/problem_3_1/question_2_battery_siting_sizing.py::verify_lifetime_recommendation lines 902-914,Q2 lifetime_eol row; 10-90% SOC and 80% EOL SoH,"solve_ok, unserved_ok, benchmark_success and no simultaneous operation",
EV-Q2-014,CLM-Q2-001,Q2,MODEL_DERIVED,Usable equivalent full cycles,results/problem_3_1/question_2_final/tables/10_recommendation_summary.csv,fcf2ef23e957a65c45d4aa51b9b223e7064d97819efecfa6a044c749e85a3baf,"recommendation_type == ""recommended_installed_capacity""",equivalent_full_cycles_usable,6.76238104939,6.76238104939,cycles,168-hour North-West model,src/problem_3_1/question_2_battery_siting_sizing.py::verify_lifetime_recommendation lines 902-914,Q2 lifetime_eol row; 10-90% SOC and 80% EOL SoH,"solve_ok, unserved_ok, benchmark_success and no simultaneous operation",
EV-Q2-015,CLM-Q2-001,Q2,MODEL_DERIVED,Simultaneous charging and discharging hours,results/problem_3_1/question_2_final/tables/10_recommendation_summary.csv,fcf2ef23e957a65c45d4aa51b9b223e7064d97819efecfa6a044c749e85a3baf,"recommendation_type == ""recommended_installed_capacity""",simultaneous_charge_discharge_hours,0,0,hours,168-hour North-West model,src/problem_3_1/question_2_battery_siting_sizing.py::verify_lifetime_recommendation lines 902-914,Q2 lifetime_eol row; 10-90% SOC and 80% EOL SoH,"solve_ok, unserved_ok, benchmark_success and no simultaneous operation",
EV-Q2-016,CLM-Q2-001,Q2,MODEL_DERIVED,Target binding hours,results/problem_3_1/question_2_final/tables/10_recommendation_summary.csv,fcf2ef23e957a65c45d4aa51b9b223e7064d97819efecfa6a044c749e85a3baf,"recommendation_type == ""recommended_installed_capacity""",target_binding_hours,61,61,hours,168-hour North-West model,src/problem_3_1/question_2_battery_siting_sizing.py::verify_lifetime_recommendation lines 902-914,Q2 lifetime_eol row; 10-90% SOC and 80% EOL SoH,"solve_ok, unserved_ok, benchmark_success and no simultaneous operation",
EV-Q2-017,CLM-Q2-001,Q2,MODEL_DERIVED,Architecture reason,results/problem_3_1/question_2_final/tables/10_recommendation_summary.csv,fcf2ef23e957a65c45d4aa51b9b223e7064d97819efecfa6a044c749e85a3baf,"recommendation_type == ""recommended_installed_capacity""",architecture_reason,two-site layout did not materially improve the same-capacity probe result,two-site layout did not materially improve the same-capacity probe result,text,168-hour North-West model,src/problem_3_1/question_2_battery_siting_sizing.py::verify_lifetime_recommendation lines 902-914,Q2 lifetime_eol row; 10-90% SOC and 80% EOL SoH,"solve_ok, unserved_ok, benchmark_success and no simultaneous operation",
EV-Q3-001A,CLM-Q3-001,Q3,MODEL_DERIVED,baseline total dispatch-down,results/problem_3_1/question_3_final/tables/11_final_scenario_comparison.csv,8b8e0ad15027a0cb25283495f0b32b4879e296e77d9676eafd06259bac6627bb,"scenario_label == ""baseline""",total_dispatch_down_mwh,3660.5902728,3660.5902728,MWh,168-hour North-West model,src/problem_3_1/question_3_dynamic_line_rating.py::search_dlr_battery_scales lines 738-754,,,
EV-Q3-001B,CLM-Q3-001,Q3,MODEL_DERIVED,baseline target binding hours,results/problem_3_1/question_3_final/tables/11_final_scenario_comparison.csv,8b8e0ad15027a0cb25283495f0b32b4879e296e77d9676eafd06259bac6627bb,"scenario_label == ""baseline""",target_binding_hours,52,52,hours,168-hour North-West model,src/problem_3_1/question_3_dynamic_line_rating.py::search_dlr_battery_scales lines 738-754,,,
EV-Q3-002A,CLM-Q3-001,Q3,MODEL_DERIVED,selected_wind_proxy_DLR total dispatch-down,results/problem_3_1/question_3_final/tables/11_final_scenario_comparison.csv,8b8e0ad15027a0cb25283495f0b32b4879e296e77d9676eafd06259bac6627bb,"scenario_label == ""selected_wind_proxy_DLR""",total_dispatch_down_mwh,3085.07050477,3085.07050477,MWh,168-hour North-West model,src/problem_3_1/question_3_dynamic_line_rating.py::search_dlr_battery_scales lines 738-754,,,
EV-Q3-002B,CLM-Q3-001,Q3,MODEL_DERIVED,selected_wind_proxy_DLR target binding hours,results/problem_3_1/question_3_final/tables/11_final_scenario_comparison.csv,8b8e0ad15027a0cb25283495f0b32b4879e296e77d9676eafd06259bac6627bb,"scenario_label == ""selected_wind_proxy_DLR""",target_binding_hours,29,29,hours,168-hour North-West model,src/problem_3_1/question_3_dynamic_line_rating.py::search_dlr_battery_scales lines 738-754,,,
EV-Q3-003A,CLM-Q3-001,Q3,MODEL_DERIVED,q2_protected_battery_only total dispatch-down,results/problem_3_1/question_3_final/tables/11_final_scenario_comparison.csv,8b8e0ad15027a0cb25283495f0b32b4879e296e77d9676eafd06259bac6627bb,"scenario_label == ""q2_protected_battery_only""",total_dispatch_down_mwh,2870.19973767,2870.19973767,MWh,168-hour North-West model,src/problem_3_1/question_3_dynamic_line_rating.py::search_dlr_battery_scales lines 738-754,,,
EV-Q3-003B,CLM-Q3-001,Q3,MODEL_DERIVED,q2_protected_battery_only target binding hours,results/problem_3_1/question_3_final/tables/11_final_scenario_comparison.csv,8b8e0ad15027a0cb25283495f0b32b4879e296e77d9676eafd06259bac6627bb,"scenario_label == ""q2_protected_battery_only""",target_binding_hours,61,61,hours,168-hour North-West model,src/problem_3_1/question_3_dynamic_line_rating.py::search_dlr_battery_scales lines 738-754,,,
EV-Q3-004A,CLM-Q3-001,Q3,MODEL_DERIVED,wind_proxy_DLR_plus_battery_scale_0.7320 total dispatch-down,results/problem_3_1/question_3_final/tables/11_final_scenario_comparison.csv,8b8e0ad15027a0cb25283495f0b32b4879e296e77d9676eafd06259bac6627bb,"scenario_label == ""wind_proxy_DLR_plus_battery_scale_0.7320""",total_dispatch_down_mwh,2529.74697824,2529.74697824,MWh,168-hour North-West model,src/problem_3_1/question_3_dynamic_line_rating.py::search_dlr_battery_scales lines 738-754,,,
EV-Q3-004B,CLM-Q3-001,Q3,MODEL_DERIVED,wind_proxy_DLR_plus_battery_scale_0.7320 target binding hours,results/problem_3_1/question_3_final/tables/11_final_scenario_comparison.csv,8b8e0ad15027a0cb25283495f0b32b4879e296e77d9676eafd06259bac6627bb,"scenario_label == ""wind_proxy_DLR_plus_battery_scale_0.7320""",target_binding_hours,33,33,hours,168-hour North-West model,src/problem_3_1/question_3_dynamic_line_rating.py::search_dlr_battery_scales lines 738-754,,,
EV-Q3-010,CLM-Q3-001,Q3,MODEL_DERIVED,Selected DLR mean multiplier,results/problem_3_1/question_3_final/tables/11_final_scenario_comparison.csv,8b8e0ad15027a0cb25283495f0b32b4879e296e77d9676eafd06259bac6627bb,"scenario_label == ""selected_wind_proxy_DLR""",mean_dlr_multiplier,1.09555148839,1.09555148839,pu,168-hour North-West model,src/problem_3_1/question_3_dynamic_line_rating.py::search_dlr_battery_scales lines 738-754,,,
EV-Q3-011,CLM-Q3-001,Q3,MODEL_DERIVED,Selected DLR maximum multiplier,results/problem_3_1/question_3_final/tables/11_final_scenario_comparison.csv,8b8e0ad15027a0cb25283495f0b32b4879e296e77d9676eafd06259bac6627bb,"scenario_label == ""selected_wind_proxy_DLR""",max_dlr_multiplier,1.27950126772,1.27950126772,pu,168-hour North-West model,src/problem_3_1/question_3_dynamic_line_rating.py::search_dlr_battery_scales lines 738-754,,,
EV-Q3-012,CLM-Q3-001,Q3,MODEL_DERIVED,Combined battery power,results/problem_3_1/question_3_final/tables/11_final_scenario_comparison.csv,8b8e0ad15027a0cb25283495f0b32b4879e296e77d9676eafd06259bac6627bb,"scenario_label == ""wind_proxy_DLR_plus_battery_scale_0.7320""",battery_power_mw,62.22,62.22,MW,168-hour North-West model,src/problem_3_1/question_3_dynamic_line_rating.py::search_dlr_battery_scales lines 738-754,,,
EV-Q3-013,CLM-Q3-001,Q3,MODEL_DERIVED,Combined battery nameplate energy,results/problem_3_1/question_3_final/tables/11_final_scenario_comparison.csv,8b8e0ad15027a0cb25283495f0b32b4879e296e77d9676eafd06259bac6627bb,"scenario_label == ""wind_proxy_DLR_plus_battery_scale_0.7320""",battery_nameplate_energy_mwh,226.92,226.92,MWh,168-hour North-West model,src/problem_3_1/question_3_dynamic_line_rating.py::search_dlr_battery_scales lines 738-754,,,
EV-Q3-014,CLM-Q3-001,Q3,MODEL_DERIVED,Combined battery usable energy,results/problem_3_1/question_3_final/tables/11_final_scenario_comparison.csv,8b8e0ad15027a0cb25283495f0b32b4879e296e77d9676eafd06259bac6627bb,"scenario_label == ""wind_proxy_DLR_plus_battery_scale_0.7320""",battery_usable_energy_mwh,145.2288,145.2288,MWh,168-hour North-West model,src/problem_3_1/question_3_dynamic_line_rating.py::search_dlr_battery_scales lines 738-754,,,
EV-Q3-015,CLM-Q3-001,Q3,MODEL_DERIVED,Combined battery scale versus Q2,results/problem_3_1/question_3_final/tables/11_final_scenario_comparison.csv,8b8e0ad15027a0cb25283495f0b32b4879e296e77d9676eafd06259bac6627bb,"scenario_label == ""wind_proxy_DLR_plus_battery_scale_0.7320""",battery_scale_vs_q2,0.732,0.732,fraction,168-hour North-West model,src/problem_3_1/question_3_dynamic_line_rating.py::search_dlr_battery_scales lines 738-754,,,
EV-Q4-000,CLM-Q4-001,Q4,MODEL_DERIVED,No-build NPV,results/problem_3_1/question_4_economic_downsizing_168h_20260910_v2/04_technical_revenue_cost_npv_payback.csv,c8278ff71fbb6978dc2cc0f8dcf9631962f6779e9d02e8eb778088342f1737e7,"case_id == ""NO_BUILD""",npv_eur,0,0,EUR real 2026,20-year present value,src/problem_3_1/q4_techno_economic/pipeline.py::main lines 139-286,,,
EV-Q4-001A,CLM-Q4-001,Q4,MODEL_DERIVED,22.5 MW / 110 MWh: Lifetime net renewable-energy gain,results/problem_3_1/question_4_economic_downsizing_168h_20260910_v2/04_technical_revenue_cost_npv_payback.csv,c8278ff71fbb6978dc2cc0f8dcf9631962f6779e9d02e8eb778088342f1737e7,battery_mw == 22.5 and battery_mwh == 110.0,lifetime_net_renewable_gain_mwh,281012.838733,281012.838733,MWh,20-year result; 168-hour block repeated to 8760 h/year,src/problem_3_1/q4_techno_economic/pipeline.py::main lines 139-286,resolved config in Q4 manifest,separate project and system accounts,
EV-Q4-001B,CLM-Q4-001,Q4,MODEL_DERIVED,22.5 MW / 110 MWh: Lifetime project revenue,results/problem_3_1/question_4_economic_downsizing_168h_20260910_v2/04_technical_revenue_cost_npv_payback.csv,c8278ff71fbb6978dc2cc0f8dcf9631962f6779e9d02e8eb778088342f1737e7,battery_mw == 22.5 and battery_mwh == 110.0,lifetime_project_revenue_eur,40761593.3422,40761593.3422,EUR real 2026,20-year result; 168-hour block repeated to 8760 h/year,src/problem_3_1/q4_techno_economic/pipeline.py::main lines 139-286,resolved config in Q4 manifest,separate project and system accounts,
EV-Q4-001C,CLM-Q4-001,Q4,MODEL_DERIVED,22.5 MW / 110 MWh: Lifetime energy purchase,results/problem_3_1/question_4_economic_downsizing_168h_20260910_v2/04_technical_revenue_cost_npv_payback.csv,c8278ff71fbb6978dc2cc0f8dcf9631962f6779e9d02e8eb778088342f1737e7,battery_mw == 22.5 and battery_mwh == 110.0,lifetime_energy_purchase_eur,45290659.2692,45290659.2692,EUR real 2026,20-year result; 168-hour block repeated to 8760 h/year,src/problem_3_1/q4_techno_economic/pipeline.py::main lines 139-286,resolved config in Q4 manifest,separate project and system accounts,
EV-Q4-001D,CLM-Q4-001,Q4,MODEL_DERIVED,22.5 MW / 110 MWh: Lifetime fixed and variable O&M,results/problem_3_1/question_4_economic_downsizing_168h_20260910_v2/04_technical_revenue_cost_npv_payback.csv,c8278ff71fbb6978dc2cc0f8dcf9631962f6779e9d02e8eb778088342f1737e7,battery_mw == 22.5 and battery_mwh == 110.0,lifetime_fixed_and_variable_om_eur,5401029.23816,5401029.23816,EUR real 2026,20-year result; 168-hour block repeated to 8760 h/year,src/problem_3_1/q4_techno_economic/pipeline.py::main lines 139-286,resolved config in Q4 manifest,separate project and system accounts,
EV-Q4-001E,CLM-Q4-001,Q4,MODEL_DERIVED,22.5 MW / 110 MWh: Lifetime maintenance capital,results/problem_3_1/question_4_economic_downsizing_168h_20260910_v2/04_technical_revenue_cost_npv_payback.csv,c8278ff71fbb6978dc2cc0f8dcf9631962f6779e9d02e8eb778088342f1737e7,battery_mw == 22.5 and battery_mwh == 110.0,lifetime_maintenance_capex_eur,19190000,19190000,EUR real 2026,20-year result; 168-hour block repeated to 8760 h/year,src/problem_3_1/q4_techno_economic/pipeline.py::main lines 139-286,resolved config in Q4 manifest,separate project and system accounts,
EV-Q4-001F,CLM-Q4-001,Q4,MODEL_DERIVED,22.5 MW / 110 MWh: Initial capital,results/problem_3_1/question_4_economic_downsizing_168h_20260910_v2/04_technical_revenue_cost_npv_payback.csv,c8278ff71fbb6978dc2cc0f8dcf9631962f6779e9d02e8eb778088342f1737e7,battery_mw == 22.5 and battery_mwh == 110.0,initial_capex_eur,27197500,27197500,EUR real 2026,20-year result; 168-hour block repeated to 8760 h/year,src/problem_3_1/q4_techno_economic/pipeline.py::main lines 139-286,resolved config in Q4 manifest,separate project and system accounts,
EV-Q4-001G,CLM-Q4-001,Q4,MODEL_DERIVED,22.5 MW / 110 MWh: Lifetime system dispatch-cost saving,results/problem_3_1/question_4_economic_downsizing_168h_20260910_v2/04_technical_revenue_cost_npv_payback.csv,c8278ff71fbb6978dc2cc0f8dcf9631962f6779e9d02e8eb778088342f1737e7,battery_mw == 22.5 and battery_mwh == 110.0,lifetime_system_dispatch_cost_saving_eur,47876313.0094,47876313.0094,EUR real 2026,20-year result; 168-hour block repeated to 8760 h/year,src/problem_3_1/q4_techno_economic/pipeline.py::main lines 139-286,resolved config in Q4 manifest,separate project and system accounts,
EV-Q4-001H,CLM-Q4-001,Q4,MODEL_DERIVED,22.5 MW / 110 MWh: Project NPV,results/problem_3_1/question_4_economic_downsizing_168h_20260910_v2/04_technical_revenue_cost_npv_payback.csv,c8278ff71fbb6978dc2cc0f8dcf9631962f6779e9d02e8eb778088342f1737e7,battery_mw == 22.5 and battery_mwh == 110.0,npv_eur,-41129703.0864,-41129703.0864,EUR real 2026,20-year result; 168-hour block repeated to 8760 h/year,src/problem_3_1/q4_techno_economic/pipeline.py::main lines 139-286,resolved config in Q4 manifest,separate project and system accounts,
EV-Q4-001I,CLM-Q4-001,Q4,MODEL_DERIVED,22.5 MW / 110 MWh: System saving included in project cash flow,results/problem_3_1/question_4_economic_downsizing_168h_20260910_v2/04_technical_revenue_cost_npv_payback.csv,c8278ff71fbb6978dc2cc0f8dcf9631962f6779e9d02e8eb778088342f1737e7,battery_mw == 22.5 and battery_mwh == 110.0,system_saving_included_in_project_cashflow,False,False,boolean,20-year result; 168-hour block repeated to 8760 h/year,src/problem_3_1/q4_techno_economic/pipeline.py::main lines 139-286,resolved config in Q4 manifest,separate project and system accounts,
EV-Q4-002A,CLM-Q4-001,Q4,MODEL_DERIVED,45 MW / 220 MWh: Lifetime net renewable-energy gain,results/problem_3_1/question_4_economic_downsizing_168h_20260910_v2/04_technical_revenue_cost_npv_payback.csv,c8278ff71fbb6978dc2cc0f8dcf9631962f6779e9d02e8eb778088342f1737e7,battery_mw == 45.0 and battery_mwh == 220.0,lifetime_net_renewable_gain_mwh,553004.221785,553004.221785,MWh,20-year result; 168-hour block repeated to 8760 h/year,src/problem_3_1/q4_techno_economic/pipeline.py::main lines 139-286,resolved config in Q4 manifest,separate project and system accounts,
EV-Q4-002B,CLM-Q4-001,Q4,MODEL_DERIVED,45 MW / 220 MWh: Lifetime project revenue,results/problem_3_1/question_4_economic_downsizing_168h_20260910_v2/04_technical_revenue_cost_npv_payback.csv,c8278ff71fbb6978dc2cc0f8dcf9631962f6779e9d02e8eb778088342f1737e7,battery_mw == 45.0 and battery_mwh == 220.0,lifetime_project_revenue_eur,73927244.9214,73927244.9214,EUR real 2026,20-year result; 168-hour block repeated to 8760 h/year,src/problem_3_1/q4_techno_economic/pipeline.py::main lines 139-286,resolved config in Q4 manifest,separate project and system accounts,
EV-Q4-002C,CLM-Q4-001,Q4,MODEL_DERIVED,45 MW / 220 MWh: Lifetime energy purchase,results/problem_3_1/question_4_economic_downsizing_168h_20260910_v2/04_technical_revenue_cost_npv_payback.csv,c8278ff71fbb6978dc2cc0f8dcf9631962f6779e9d02e8eb778088342f1737e7,battery_mw == 45.0 and battery_mwh == 220.0,lifetime_energy_purchase_eur,82141383.246,82141383.246,EUR real 2026,20-year result; 168-hour block repeated to 8760 h/year,src/problem_3_1/q4_techno_economic/pipeline.py::main lines 139-286,resolved config in Q4 manifest,separate project and system accounts,
EV-Q4-002D,CLM-Q4-001,Q4,MODEL_DERIVED,45 MW / 220 MWh: Lifetime fixed and variable O&M,results/problem_3_1/question_4_economic_downsizing_168h_20260910_v2/04_technical_revenue_cost_npv_payback.csv,c8278ff71fbb6978dc2cc0f8dcf9631962f6779e9d02e8eb778088342f1737e7,battery_mw == 45.0 and battery_mwh == 220.0,lifetime_fixed_and_variable_om_eur,10117551.7494,10117551.7494,EUR real 2026,20-year result; 168-hour block repeated to 8760 h/year,src/problem_3_1/q4_techno_economic/pipeline.py::main lines 139-286,resolved config in Q4 manifest,separate project and system accounts,
EV-Q4-002E,CLM-Q4-001,Q4,MODEL_DERIVED,45 MW / 220 MWh: Lifetime maintenance capital,results/problem_3_1/question_4_economic_downsizing_168h_20260910_v2/04_technical_revenue_cost_npv_payback.csv,c8278ff71fbb6978dc2cc0f8dcf9631962f6779e9d02e8eb778088342f1737e7,battery_mw == 45.0 and battery_mwh == 220.0,lifetime_maintenance_capex_eur,38380000,38380000,EUR real 2026,20-year result; 168-hour block repeated to 8760 h/year,src/problem_3_1/q4_techno_economic/pipeline.py::main lines 139-286,resolved config in Q4 manifest,separate project and system accounts,
EV-Q4-002F,CLM-Q4-001,Q4,MODEL_DERIVED,45 MW / 220 MWh: Initial capital,results/problem_3_1/question_4_economic_downsizing_168h_20260910_v2/04_technical_revenue_cost_npv_payback.csv,c8278ff71fbb6978dc2cc0f8dcf9631962f6779e9d02e8eb778088342f1737e7,battery_mw == 45.0 and battery_mwh == 220.0,initial_capex_eur,53790000,53790000,EUR real 2026,20-year result; 168-hour block repeated to 8760 h/year,src/problem_3_1/q4_techno_economic/pipeline.py::main lines 139-286,resolved config in Q4 manifest,separate project and system accounts,
EV-Q4-002G,CLM-Q4-001,Q4,MODEL_DERIVED,45 MW / 220 MWh: Lifetime system dispatch-cost saving,results/problem_3_1/question_4_economic_downsizing_168h_20260910_v2/04_technical_revenue_cost_npv_payback.csv,c8278ff71fbb6978dc2cc0f8dcf9631962f6779e9d02e8eb778088342f1737e7,battery_mw == 45.0 and battery_mwh == 220.0,lifetime_system_dispatch_cost_saving_eur,86144340.623,86144340.623,EUR real 2026,20-year result; 168-hour block repeated to 8760 h/year,src/problem_3_1/q4_techno_economic/pipeline.py::main lines 139-286,resolved config in Q4 manifest,separate project and system accounts,
EV-Q4-002H,CLM-Q4-001,Q4,MODEL_DERIVED,45 MW / 220 MWh: Project NPV,results/problem_3_1/question_4_economic_downsizing_168h_20260910_v2/04_technical_revenue_cost_npv_payback.csv,c8278ff71fbb6978dc2cc0f8dcf9631962f6779e9d02e8eb778088342f1737e7,battery_mw == 45.0 and battery_mwh == 220.0,npv_eur,-79856991.6161,-79856991.6161,EUR real 2026,20-year result; 168-hour block repeated to 8760 h/year,src/problem_3_1/q4_techno_economic/pipeline.py::main lines 139-286,resolved config in Q4 manifest,separate project and system accounts,
EV-Q4-002I,CLM-Q4-001,Q4,MODEL_DERIVED,45 MW / 220 MWh: System saving included in project cash flow,results/problem_3_1/question_4_economic_downsizing_168h_20260910_v2/04_technical_revenue_cost_npv_payback.csv,c8278ff71fbb6978dc2cc0f8dcf9631962f6779e9d02e8eb778088342f1737e7,battery_mw == 45.0 and battery_mwh == 220.0,system_saving_included_in_project_cashflow,False,False,boolean,20-year result; 168-hour block repeated to 8760 h/year,src/problem_3_1/q4_techno_economic/pipeline.py::main lines 139-286,resolved config in Q4 manifest,separate project and system accounts,
EV-Q4-003A,CLM-Q4-001,Q4,MODEL_DERIVED,67.5 MW / 330 MWh: Lifetime net renewable-energy gain,results/problem_3_1/question_4_economic_downsizing_168h_20260910_v2/04_technical_revenue_cost_npv_payback.csv,c8278ff71fbb6978dc2cc0f8dcf9631962f6779e9d02e8eb778088342f1737e7,battery_mw == 67.5 and battery_mwh == 330.0,lifetime_net_renewable_gain_mwh,795545.681801,795545.681801,MWh,20-year result; 168-hour block repeated to 8760 h/year,src/problem_3_1/q4_techno_economic/pipeline.py::main lines 139-286,resolved config in Q4 manifest,separate project and system accounts,
EV-Q4-003B,CLM-Q4-001,Q4,MODEL_DERIVED,67.5 MW / 330 MWh: Lifetime project revenue,results/problem_3_1/question_4_economic_downsizing_168h_20260910_v2/04_technical_revenue_cost_npv_payback.csv,c8278ff71fbb6978dc2cc0f8dcf9631962f6779e9d02e8eb778088342f1737e7,battery_mw == 67.5 and battery_mwh == 330.0,lifetime_project_revenue_eur,104902609.854,104902609.854,EUR real 2026,20-year result; 168-hour block repeated to 8760 h/year,src/problem_3_1/q4_techno_economic/pipeline.py::main lines 139-286,resolved config in Q4 manifest,separate project and system accounts,
EV-Q4-003C,CLM-Q4-001,Q4,MODEL_DERIVED,67.5 MW / 330 MWh: Lifetime energy purchase,results/problem_3_1/question_4_economic_downsizing_168h_20260910_v2/04_technical_revenue_cost_npv_payback.csv,c8278ff71fbb6978dc2cc0f8dcf9631962f6779e9d02e8eb778088342f1737e7,battery_mw == 67.5 and battery_mwh == 330.0,lifetime_energy_purchase_eur,116558455.394,116558455.394,EUR real 2026,20-year result; 168-hour block repeated to 8760 h/year,src/problem_3_1/q4_techno_economic/pipeline.py::main lines 139-286,resolved config in Q4 manifest,separate project and system accounts,
EV-Q4-003D,CLM-Q4-001,Q4,MODEL_DERIVED,67.5 MW / 330 MWh: Lifetime fixed and variable O&M,results/problem_3_1/question_4_economic_downsizing_168h_20260910_v2/04_technical_revenue_cost_npv_payback.csv,c8278ff71fbb6978dc2cc0f8dcf9631962f6779e9d02e8eb778088342f1737e7,battery_mw == 67.5 and battery_mwh == 330.0,lifetime_fixed_and_variable_om_eur,14818429.3561,14818429.3561,EUR real 2026,20-year result; 168-hour block repeated to 8760 h/year,src/problem_3_1/q4_techno_economic/pipeline.py::main lines 139-286,resolved config in Q4 manifest,separate project and system accounts,
EV-Q4-003E,CLM-Q4-001,Q4,MODEL_DERIVED,67.5 MW / 330 MWh: Lifetime maintenance capital,results/problem_3_1/question_4_economic_downsizing_168h_20260910_v2/04_technical_revenue_cost_npv_payback.csv,c8278ff71fbb6978dc2cc0f8dcf9631962f6779e9d02e8eb778088342f1737e7,battery_mw == 67.5 and battery_mwh == 330.0,lifetime_maintenance_capex_eur,57570000,57570000,EUR real 2026,20-year result; 168-hour block repeated to 8760 h/year,src/problem_3_1/q4_techno_economic/pipeline.py::main lines 139-286,resolved config in Q4 manifest,separate project and system accounts,
EV-Q4-003F,CLM-Q4-001,Q4,MODEL_DERIVED,67.5 MW / 330 MWh: Initial capital,results/problem_3_1/question_4_economic_downsizing_168h_20260910_v2/04_technical_revenue_cost_npv_payback.csv,c8278ff71fbb6978dc2cc0f8dcf9631962f6779e9d02e8eb778088342f1737e7,battery_mw == 67.5 and battery_mwh == 330.0,initial_capex_eur,80382500,80382500,EUR real 2026,20-year result; 168-hour block repeated to 8760 h/year,src/problem_3_1/q4_techno_economic/pipeline.py::main lines 139-286,resolved config in Q4 manifest,separate project and system accounts,
EV-Q4-003G,CLM-Q4-001,Q4,MODEL_DERIVED,67.5 MW / 330 MWh: Lifetime system dispatch-cost saving,results/problem_3_1/question_4_economic_downsizing_168h_20260910_v2/04_technical_revenue_cost_npv_payback.csv,c8278ff71fbb6978dc2cc0f8dcf9631962f6779e9d02e8eb778088342f1737e7,battery_mw == 67.5 and battery_mwh == 330.0,lifetime_system_dispatch_cost_saving_eur,119739807.063,119739807.063,EUR real 2026,20-year result; 168-hour block repeated to 8760 h/year,src/problem_3_1/q4_techno_economic/pipeline.py::main lines 139-286,resolved config in Q4 manifest,separate project and system accounts,
EV-Q4-003H,CLM-Q4-001,Q4,MODEL_DERIVED,67.5 MW / 330 MWh: Project NPV,results/problem_3_1/question_4_economic_downsizing_168h_20260910_v2/04_technical_revenue_cost_npv_payback.csv,c8278ff71fbb6978dc2cc0f8dcf9631962f6779e9d02e8eb778088342f1737e7,battery_mw == 67.5 and battery_mwh == 330.0,npv_eur,-118941650.806,-118941650.806,EUR real 2026,20-year result; 168-hour block repeated to 8760 h/year,src/problem_3_1/q4_techno_economic/pipeline.py::main lines 139-286,resolved config in Q4 manifest,separate project and system accounts,
EV-Q4-003I,CLM-Q4-001,Q4,MODEL_DERIVED,67.5 MW / 330 MWh: System saving included in project cash flow,results/problem_3_1/question_4_economic_downsizing_168h_20260910_v2/04_technical_revenue_cost_npv_payback.csv,c8278ff71fbb6978dc2cc0f8dcf9631962f6779e9d02e8eb778088342f1737e7,battery_mw == 67.5 and battery_mwh == 330.0,system_saving_included_in_project_cashflow,False,False,boolean,20-year result; 168-hour block repeated to 8760 h/year,src/problem_3_1/q4_techno_economic/pipeline.py::main lines 139-286,resolved config in Q4 manifest,separate project and system accounts,
EV-Q4-004A,CLM-Q4-001,Q4,MODEL_DERIVED,90 MW / 440 MWh: Lifetime net renewable-energy gain,results/problem_3_1/question_4_economic_downsizing_168h_20260910_v2/04_technical_revenue_cost_npv_payback.csv,c8278ff71fbb6978dc2cc0f8dcf9631962f6779e9d02e8eb778088342f1737e7,battery_mw == 90.0 and battery_mwh == 440.0,lifetime_net_renewable_gain_mwh,1027014.47373,1027014.47373,MWh,20-year result; 168-hour block repeated to 8760 h/year,src/problem_3_1/q4_techno_economic/pipeline.py::main lines 139-286,resolved config in Q4 manifest,separate project and system accounts,
EV-Q4-004B,CLM-Q4-001,Q4,MODEL_DERIVED,90 MW / 440 MWh: Lifetime project revenue,results/problem_3_1/question_4_economic_downsizing_168h_20260910_v2/04_technical_revenue_cost_npv_payback.csv,c8278ff71fbb6978dc2cc0f8dcf9631962f6779e9d02e8eb778088342f1737e7,battery_mw == 90.0 and battery_mwh == 440.0,lifetime_project_revenue_eur,134099753.846,134099753.846,EUR real 2026,20-year result; 168-hour block repeated to 8760 h/year,src/problem_3_1/q4_techno_economic/pipeline.py::main lines 139-286,resolved config in Q4 manifest,separate project and system accounts,
EV-Q4-004C,CLM-Q4-001,Q4,MODEL_DERIVED,90 MW / 440 MWh: Lifetime energy purchase,results/problem_3_1/question_4_economic_downsizing_168h_20260910_v2/04_technical_revenue_cost_npv_payback.csv,c8278ff71fbb6978dc2cc0f8dcf9631962f6779e9d02e8eb778088342f1737e7,battery_mw == 90.0 and battery_mwh == 440.0,lifetime_energy_purchase_eur,148999726.496,148999726.496,EUR real 2026,20-year result; 168-hour block repeated to 8760 h/year,src/problem_3_1/q4_techno_economic/pipeline.py::main lines 139-286,resolved config in Q4 manifest,separate project and system accounts,
EV-Q4-004D,CLM-Q4-001,Q4,MODEL_DERIVED,90 MW / 440 MWh: Lifetime fixed and variable O&M,results/problem_3_1/question_4_economic_downsizing_168h_20260910_v2/04_technical_revenue_cost_npv_payback.csv,c8278ff71fbb6978dc2cc0f8dcf9631962f6779e9d02e8eb778088342f1737e7,battery_mw == 90.0 and battery_mwh == 440.0,lifetime_fixed_and_variable_om_eur,19506605.3846,19506605.3846,EUR real 2026,20-year result; 168-hour block repeated to 8760 h/year,src/problem_3_1/q4_techno_economic/pipeline.py::main lines 139-286,resolved config in Q4 manifest,separate project and system accounts,
EV-Q4-004E,CLM-Q4-001,Q4,MODEL_DERIVED,90 MW / 440 MWh: Lifetime maintenance capital,results/problem_3_1/question_4_economic_downsizing_168h_20260910_v2/04_technical_revenue_cost_npv_payback.csv,c8278ff71fbb6978dc2cc0f8dcf9631962f6779e9d02e8eb778088342f1737e7,battery_mw == 90.0 and battery_mwh == 440.0,lifetime_maintenance_capex_eur,76760000,76760000,EUR real 2026,20-year result; 168-hour block repeated to 8760 h/year,src/problem_3_1/q4_techno_economic/pipeline.py::main lines 139-286,resolved config in Q4 manifest,separate project and system accounts,
EV-Q4-004F,CLM-Q4-001,Q4,MODEL_DERIVED,90 MW / 440 MWh: Initial capital,results/problem_3_1/question_4_economic_downsizing_168h_20260910_v2/04_technical_revenue_cost_npv_payback.csv,c8278ff71fbb6978dc2cc0f8dcf9631962f6779e9d02e8eb778088342f1737e7,battery_mw == 90.0 and battery_mwh == 440.0,initial_capex_eur,106975000,106975000,EUR real 2026,20-year result; 168-hour block repeated to 8760 h/year,src/problem_3_1/q4_techno_economic/pipeline.py::main lines 139-286,resolved config in Q4 manifest,separate project and system accounts,
EV-Q4-004G,CLM-Q4-001,Q4,MODEL_DERIVED,90 MW / 440 MWh: Lifetime system dispatch-cost saving,results/problem_3_1/question_4_economic_downsizing_168h_20260910_v2/04_technical_revenue_cost_npv_payback.csv,c8278ff71fbb6978dc2cc0f8dcf9631962f6779e9d02e8eb778088342f1737e7,battery_mw == 90.0 and battery_mwh == 440.0,lifetime_system_dispatch_cost_saving_eur,150114122.103,150114122.103,EUR real 2026,20-year result; 168-hour block repeated to 8760 h/year,src/problem_3_1/q4_techno_economic/pipeline.py::main lines 139-286,resolved config in Q4 manifest,separate project and system accounts,
EV-Q4-004H,CLM-Q4-001,Q4,MODEL_DERIVED,90 MW / 440 MWh: Project NPV,results/problem_3_1/question_4_economic_downsizing_168h_20260910_v2/04_technical_revenue_cost_npv_payback.csv,c8278ff71fbb6978dc2cc0f8dcf9631962f6779e9d02e8eb778088342f1737e7,battery_mw == 90.0 and battery_mwh == 440.0,npv_eur,-157909623.837,-157909623.837,EUR real 2026,20-year result; 168-hour block repeated to 8760 h/year,src/problem_3_1/q4_techno_economic/pipeline.py::main lines 139-286,resolved config in Q4 manifest,separate project and system accounts,
EV-Q4-004I,CLM-Q4-001,Q4,MODEL_DERIVED,90 MW / 440 MWh: System saving included in project cash flow,results/problem_3_1/question_4_economic_downsizing_168h_20260910_v2/04_technical_revenue_cost_npv_payback.csv,c8278ff71fbb6978dc2cc0f8dcf9631962f6779e9d02e8eb778088342f1737e7,battery_mw == 90.0 and battery_mwh == 440.0,system_saving_included_in_project_cashflow,False,False,boolean,20-year result; 168-hour block repeated to 8760 h/year,src/problem_3_1/q4_techno_economic/pipeline.py::main lines 139-286,resolved config in Q4 manifest,separate project and system accounts,
EV-Q4-A01,CLM-Q4-002,Q4,COMMERCIAL_ASSUMPTION,Project life,results/problem_3_1/question_4_economic_downsizing_168h_20260910_v2/manifest.json,35eed915fcee5b6af7e174804fe1a15de2744cf16ea8950b7f8bf77d1e40bf5a,manifest root,/config/years,20,20,years,configured project horizon,src/problem_3_1/q4_techno_economic/pipeline.py::main lines 139-286,/config/years,,"Illustrative assumption, not a market quote"
EV-Q4-A02,CLM-Q4-002,Q4,COMMERCIAL_ASSUMPTION,Real discount rate,results/problem_3_1/question_4_economic_downsizing_168h_20260910_v2/manifest.json,35eed915fcee5b6af7e174804fe1a15de2744cf16ea8950b7f8bf77d1e40bf5a,manifest root,/config/real_discount_rate,0.07,0.07,fraction,configured project horizon,src/problem_3_1/q4_techno_economic/pipeline.py::main lines 139-286,/config/real_discount_rate,,"Illustrative assumption, not a market quote"
EV-Q4-A03,CLM-Q4-002,Q4,COMMERCIAL_ASSUMPTION,Price mode,results/problem_3_1/question_4_economic_downsizing_168h_20260910_v2/manifest.json,35eed915fcee5b6af7e174804fe1a15de2744cf16ea8950b7f8bf77d1e40bf5a,manifest root,/config/prices/mode,flat,flat,text,configured project horizon,src/problem_3_1/q4_techno_economic/pipeline.py::main lines 139-286,/config/prices/mode,,"Illustrative assumption, not a market quote"
EV-Q4-A04,CLM-Q4-002,Q4,COMMERCIAL_ASSUMPTION,Flat energy price,results/problem_3_1/question_4_economic_downsizing_168h_20260910_v2/manifest.json,35eed915fcee5b6af7e174804fe1a15de2744cf16ea8950b7f8bf77d1e40bf5a,manifest root,/config/prices/flat_eur_mwh,70,70,EUR/MWh,configured project horizon,src/problem_3_1/q4_techno_economic/pipeline.py::main lines 139-286,/config/prices/flat_eur_mwh,,"Illustrative assumption, not a market quote"
EV-Q4-A05,CLM-Q4-002,Q4,COMMERCIAL_ASSUMPTION,Annualisation,results/problem_3_1/question_4_economic_downsizing_168h_20260910_v2/manifest.json,35eed915fcee5b6af7e174804fe1a15de2744cf16ea8950b7f8bf77d1e40bf5a,manifest root,/config/annualisation,"{""hours_per_year"": 8760.0, ""mode"": ""repeat_block""}","{""hours_per_year"": 8760.0, ""mode"": ""repeat_block""}",JSON,configured project horizon,src/problem_3_1/q4_techno_economic/pipeline.py::main lines 139-286,/config/annualisation,,"Illustrative assumption, not a market quote"
EV-Q4-A06,CLM-Q4-002,Q4,COMMERCIAL_ASSUMPTION,Assumptions status,results/problem_3_1/question_4_economic_downsizing_168h_20260910_v2/manifest.json,35eed915fcee5b6af7e174804fe1a15de2744cf16ea8950b7f8bf77d1e40bf5a,manifest root,/config/assumptions_status,illustrative_q2_derived_economic_downsizing_not_market_quotes,illustrative_q2_derived_economic_downsizing_not_market_quotes,text,configured project horizon,src/problem_3_1/q4_techno_economic/pipeline.py::main lines 139-286,/config/assumptions_status,,"Illustrative assumption, not a market quote"
EV-Q4-A07,CLM-Q4-002,Q4,COMMERCIAL_ASSUMPTION,Grid-service payment,results/problem_3_1/question_4_economic_downsizing_168h_20260910_v2/manifest.json,35eed915fcee5b6af7e174804fe1a15de2744cf16ea8950b7f8bf77d1e40bf5a,manifest root,/config/prices/grid_service_payment_eur_kw_year,0,0,EUR/kW-year,configured project horizon,src/problem_3_1/q4_techno_economic/pipeline.py::main lines 139-286,/config/prices/grid_service_payment_eur_kw_year,,"Illustrative assumption, not a market quote"
EV-Q4-A08,CLM-Q4-002,Q4,COMMERCIAL_ASSUMPTION,Currency and financing basis,results/problem_3_1/question_4_economic_downsizing_168h_20260910_v2/manifest.json,35eed915fcee5b6af7e174804fe1a15de2744cf16ea8950b7f8bf77d1e40bf5a,manifest root,/config/currency_basis,"real EUR, 2026 purchasing power; pre-tax unlevered","real EUR, 2026 purchasing power; pre-tax unlevered",text,configured project horizon,src/problem_3_1/q4_techno_economic/pipeline.py::main lines 139-286,/config/currency_basis,,"Illustrative assumption, not a market quote"
EV-Q4-D1A,CLM-Q4-003,Q4 distributed,MODEL_DERIVED,1-site lifetime net renewable gain,results/problem_3_1/question_4_distributed_bess_strict_45mw_168h_20260910_v2/04_technical_revenue_cost_npv_payback.csv,5b393d93ee9ea67cfb900146381035ac8bc059e7a4751590323c5553b02f474e,site_count == 1,lifetime_net_renewable_gain_mwh,553004.221785,553004.221785,MWh,20-year result; repeated-week annualisation,src/problem_3_1/q4_techno_economic/reporting.py::write_report lines 63-125,configs/problem_3_1/question_4_distributed_bess_strict_tie_break.json,,
EV-Q4-D1B,CLM-Q4-003,Q4 distributed,MODEL_DERIVED,1-site project NPV,results/problem_3_1/question_4_distributed_bess_strict_45mw_168h_20260910_v2/04_technical_revenue_cost_npv_payback.csv,5b393d93ee9ea67cfb900146381035ac8bc059e7a4751590323c5553b02f474e,site_count == 1,npv_eur,-79856991.6161,-79856991.6161,EUR real 2026,20-year present value,src/problem_3_1/q4_techno_economic/reporting.py::write_report lines 63-125,configs/problem_3_1/question_4_distributed_bess_strict_tie_break.json,,
EV-Q4-D2A,CLM-Q4-003,Q4 distributed,MODEL_DERIVED,2-site lifetime net renewable gain,results/problem_3_1/question_4_distributed_bess_strict_45mw_168h_20260910_v2/04_technical_revenue_cost_npv_payback.csv,5b393d93ee9ea67cfb900146381035ac8bc059e7a4751590323c5553b02f474e,site_count == 2,lifetime_net_renewable_gain_mwh,553004.221785,553004.221785,MWh,20-year result; repeated-week annualisation,src/problem_3_1/q4_techno_economic/reporting.py::write_report lines 63-125,configs/problem_3_1/question_4_distributed_bess_strict_tie_break.json,,
EV-Q4-D2B,CLM-Q4-003,Q4 distributed,MODEL_DERIVED,2-site project NPV,results/problem_3_1/question_4_distributed_bess_strict_45mw_168h_20260910_v2/04_technical_revenue_cost_npv_payback.csv,5b393d93ee9ea67cfb900146381035ac8bc059e7a4751590323c5553b02f474e,site_count == 2,npv_eur,-80798962.36,-80798962.36,EUR real 2026,20-year present value,src/problem_3_1/q4_techno_economic/reporting.py::write_report lines 63-125,configs/problem_3_1/question_4_distributed_bess_strict_tie_break.json,,
EV-Q4-D3A,CLM-Q4-003,Q4 distributed,MODEL_DERIVED,3-site lifetime net renewable gain,results/problem_3_1/question_4_distributed_bess_strict_45mw_168h_20260910_v2/04_technical_revenue_cost_npv_payback.csv,5b393d93ee9ea67cfb900146381035ac8bc059e7a4751590323c5553b02f474e,site_count == 3,lifetime_net_renewable_gain_mwh,553004.221785,553004.221785,MWh,20-year result; repeated-week annualisation,src/problem_3_1/q4_techno_economic/reporting.py::write_report lines 63-125,configs/problem_3_1/question_4_distributed_bess_strict_tie_break.json,,
EV-Q4-D3B,CLM-Q4-003,Q4 distributed,MODEL_DERIVED,3-site project NPV,results/problem_3_1/question_4_distributed_bess_strict_45mw_168h_20260910_v2/04_technical_revenue_cost_npv_payback.csv,5b393d93ee9ea67cfb900146381035ac8bc059e7a4751590323c5553b02f474e,site_count == 3,npv_eur,-81740933.1038,-81740933.1038,EUR real 2026,20-year present value,src/problem_3_1/q4_techno_economic/reporting.py::write_report lines 63-125,configs/problem_3_1/question_4_distributed_bess_strict_tie_break.json,,
EV-Q4-D4A,CLM-Q4-003,Q4 distributed,MODEL_DERIVED,4-site lifetime net renewable gain,results/problem_3_1/question_4_distributed_bess_strict_45mw_168h_20260910_v2/04_technical_revenue_cost_npv_payback.csv,5b393d93ee9ea67cfb900146381035ac8bc059e7a4751590323c5553b02f474e,site_count == 4,lifetime_net_renewable_gain_mwh,553004.221785,553004.221785,MWh,20-year result; repeated-week annualisation,src/problem_3_1/q4_techno_economic/reporting.py::write_report lines 63-125,configs/problem_3_1/question_4_distributed_bess_strict_tie_break.json,,
EV-Q4-D4B,CLM-Q4-003,Q4 distributed,MODEL_DERIVED,4-site project NPV,results/problem_3_1/question_4_distributed_bess_strict_45mw_168h_20260910_v2/04_technical_revenue_cost_npv_payback.csv,5b393d93ee9ea67cfb900146381035ac8bc059e7a4751590323c5553b02f474e,site_count == 4,npv_eur,-82682903.8477,-82682903.8477,EUR real 2026,20-year present value,src/problem_3_1/q4_techno_economic/reporting.py::write_report lines 63-125,configs/problem_3_1/question_4_distributed_bess_strict_tie_break.json,,
EV-Q4-L1A,CLM-Q4-004,Q4 DLR crosswalk,MODEL_DERIVED under COMMERCIAL_ASSUMPTION,22.5 MW / 110 MWh: Fixed-line BESS lifetime net renewable gain,results/problem_3_1/question_4_final_comparison_20260910_v3/01_capacity_fixed_vs_dlr.csv,88460f7ad5303a9276fed18eff25dff2d9d763c9dfeb6eaa73fc8f3498d04ec6,battery_mw == 22.5 and battery_mwh == 110.0,fixed_lifetime_net_renewable_gain_mwh,281012.838733,281012.838733,MWh,20-year result; 168-hour block repeated to 8760 h/year,src/problem_3_1/q4_techno_economic/pipeline.py::main lines 139-286,fixed-line and q3_selected_wind_proxy_40pct matched Q4 runs,scenario-matched no-build counterfactual and separate project/system accounts,"Conditional BESS NPV under the DLR network state contains BESS cash flows only; DLR CAPEX, OPEX, and owner revenue are absent"
EV-Q4-L1B,CLM-Q4-004,Q4 DLR crosswalk,MODEL_DERIVED under COMMERCIAL_ASSUMPTION,22.5 MW / 110 MWh: Incremental BESS lifetime gain conditional on DLR,results/problem_3_1/question_4_final_comparison_20260910_v3/01_capacity_fixed_vs_dlr.csv,88460f7ad5303a9276fed18eff25dff2d9d763c9dfeb6eaa73fc8f3498d04ec6,battery_mw == 22.5 and battery_mwh == 110.0,dlr_lifetime_net_renewable_gain_mwh,274779.976368,274779.976368,MWh,20-year result; 168-hour block repeated to 8760 h/year,src/problem_3_1/q4_techno_economic/pipeline.py::main lines 139-286,fixed-line and q3_selected_wind_proxy_40pct matched Q4 runs,scenario-matched no-build counterfactual and separate project/system accounts,"Conditional BESS NPV under the DLR network state contains BESS cash flows only; DLR CAPEX, OPEX, and owner revenue are absent"
EV-Q4-L1C,CLM-Q4-004,Q4 DLR crosswalk,MODEL_DERIVED under COMMERCIAL_ASSUMPTION,22.5 MW / 110 MWh: Total DLR plus BESS lifetime gain versus fixed-line no-build,results/problem_3_1/question_4_final_comparison_20260910_v3/01_capacity_fixed_vs_dlr.csv,88460f7ad5303a9276fed18eff25dff2d9d763c9dfeb6eaa73fc8f3498d04ec6,battery_mw == 22.5 and battery_mwh == 110.0,dlr_plus_bess_total_gain_vs_fixed_mwh,874964.877313,874964.877313,MWh,20-year result; 168-hour block repeated to 8760 h/year,src/problem_3_1/q4_techno_economic/pipeline.py::main lines 139-286,fixed-line and q3_selected_wind_proxy_40pct matched Q4 runs,scenario-matched no-build counterfactual and separate project/system accounts,"Conditional BESS NPV under the DLR network state contains BESS cash flows only; DLR CAPEX, OPEX, and owner revenue are absent"
EV-Q4-L1D,CLM-Q4-004,Q4 DLR crosswalk,MODEL_DERIVED under COMMERCIAL_ASSUMPTION,22.5 MW / 110 MWh: Fixed-line BESS project NPV,results/problem_3_1/question_4_final_comparison_20260910_v3/01_capacity_fixed_vs_dlr.csv,88460f7ad5303a9276fed18eff25dff2d9d763c9dfeb6eaa73fc8f3498d04ec6,battery_mw == 22.5 and battery_mwh == 110.0,fixed_npv_eur,-41129703.0864,-41129703.0864,EUR real 2026,20-year result; 168-hour block repeated to 8760 h/year,src/problem_3_1/q4_techno_economic/pipeline.py::main lines 139-286,fixed-line and q3_selected_wind_proxy_40pct matched Q4 runs,scenario-matched no-build counterfactual and separate project/system accounts,"Conditional BESS NPV under the DLR network state contains BESS cash flows only; DLR CAPEX, OPEX, and owner revenue are absent"
EV-Q4-L1E,CLM-Q4-004,Q4 DLR crosswalk,MODEL_DERIVED under COMMERCIAL_ASSUMPTION,22.5 MW / 110 MWh: Conditional BESS project NPV with DLR,results/problem_3_1/question_4_final_comparison_20260910_v3/01_capacity_fixed_vs_dlr.csv,88460f7ad5303a9276fed18eff25dff2d9d763c9dfeb6eaa73fc8f3498d04ec6,battery_mw == 22.5 and battery_mwh == 110.0,dlr_npv_eur,-40452297.3265,-40452297.3265,EUR real 2026,20-year result; 168-hour block repeated to 8760 h/year,src/problem_3_1/q4_techno_economic/pipeline.py::main lines 139-286,fixed-line and q3_selected_wind_proxy_40pct matched Q4 runs,scenario-matched no-build counterfactual and separate project/system accounts,"Conditional BESS NPV under the DLR network state contains BESS cash flows only; DLR CAPEX, OPEX, and owner revenue are absent"
EV-Q4-L1F,CLM-Q4-004,Q4 DLR crosswalk,MODEL_DERIVED under COMMERCIAL_ASSUMPTION,22.5 MW / 110 MWh: DLR change in incremental BESS technical gain,results/problem_3_1/question_4_final_comparison_20260910_v3/01_capacity_fixed_vs_dlr.csv,88460f7ad5303a9276fed18eff25dff2d9d763c9dfeb6eaa73fc8f3498d04ec6,battery_mw == 22.5 and battery_mwh == 110.0,dlr_change_in_bess_incremental_gain_mwh,-6232.86236532,-6232.86236532,MWh,20-year result; 168-hour block repeated to 8760 h/year,src/problem_3_1/q4_techno_economic/pipeline.py::main lines 139-286,fixed-line and q3_selected_wind_proxy_40pct matched Q4 runs,scenario-matched no-build counterfactual and separate project/system accounts,"Conditional BESS NPV under the DLR network state contains BESS cash flows only; DLR CAPEX, OPEX, and owner revenue are absent"
EV-Q4-L1G,CLM-Q4-004,Q4 DLR crosswalk,MODEL_DERIVED under COMMERCIAL_ASSUMPTION,22.5 MW / 110 MWh: DLR change in conditional BESS project NPV,results/problem_3_1/question_4_final_comparison_20260910_v3/01_capacity_fixed_vs_dlr.csv,88460f7ad5303a9276fed18eff25dff2d9d763c9dfeb6eaa73fc8f3498d04ec6,battery_mw == 22.5 and battery_mwh == 110.0,dlr_change_in_conditional_bess_npv_eur,677405.759864,677405.759864,EUR real 2026,20-year result; 168-hour block repeated to 8760 h/year,src/problem_3_1/q4_techno_economic/pipeline.py::main lines 139-286,fixed-line and q3_selected_wind_proxy_40pct matched Q4 runs,scenario-matched no-build counterfactual and separate project/system accounts,"Conditional BESS NPV under the DLR network state contains BESS cash flows only; DLR CAPEX, OPEX, and owner revenue are absent"
EV-Q4-L1H,CLM-Q4-004,Q4 DLR crosswalk,MODEL_DERIVED under COMMERCIAL_ASSUMPTION,22.5 MW / 110 MWh: DLR cost included in conditional BESS NPV,results/problem_3_1/question_4_final_comparison_20260910_v3/01_capacity_fixed_vs_dlr.csv,88460f7ad5303a9276fed18eff25dff2d9d763c9dfeb6eaa73fc8f3498d04ec6,battery_mw == 22.5 and battery_mwh == 110.0,dlr_cost_included_in_conditional_bess_npv,False,False,boolean,20-year result; 168-hour block repeated to 8760 h/year,src/problem_3_1/q4_techno_economic/pipeline.py::main lines 139-286,fixed-line and q3_selected_wind_proxy_40pct matched Q4 runs,scenario-matched no-build counterfactual and separate project/system accounts,"Conditional BESS NPV under the DLR network state contains BESS cash flows only; DLR CAPEX, OPEX, and owner revenue are absent"
EV-Q4-L1I,CLM-Q4-004,Q4 DLR crosswalk,MODEL_DERIVED under COMMERCIAL_ASSUMPTION,22.5 MW / 110 MWh: DLR standalone lifetime gain,results/problem_3_1/question_4_final_comparison_20260910_v3/01_capacity_fixed_vs_dlr.csv,88460f7ad5303a9276fed18eff25dff2d9d763c9dfeb6eaa73fc8f3498d04ec6,battery_mw == 22.5 and battery_mwh == 110.0,dlr_standalone_lifetime_gain_mwh,600184.900945,600184.900945,MWh,20-year result; 168-hour block repeated to 8760 h/year,src/problem_3_1/q4_techno_economic/pipeline.py::main lines 139-286,fixed-line and q3_selected_wind_proxy_40pct matched Q4 runs,scenario-matched no-build counterfactual and separate project/system accounts,"Conditional BESS NPV under the DLR network state contains BESS cash flows only; DLR CAPEX, OPEX, and owner revenue are absent"
EV-Q4-L2A,CLM-Q4-004,Q4 DLR crosswalk,MODEL_DERIVED under COMMERCIAL_ASSUMPTION,45 MW / 220 MWh: Fixed-line BESS lifetime net renewable gain,results/problem_3_1/question_4_final_comparison_20260910_v3/01_capacity_fixed_vs_dlr.csv,88460f7ad5303a9276fed18eff25dff2d9d763c9dfeb6eaa73fc8f3498d04ec6,battery_mw == 45.0 and battery_mwh == 220.0,fixed_lifetime_net_renewable_gain_mwh,553004.221785,553004.221785,MWh,20-year result; 168-hour block repeated to 8760 h/year,src/problem_3_1/q4_techno_economic/pipeline.py::main lines 139-286,fixed-line and q3_selected_wind_proxy_40pct matched Q4 runs,scenario-matched no-build counterfactual and separate project/system accounts,"Conditional BESS NPV under the DLR network state contains BESS cash flows only; DLR CAPEX, OPEX, and owner revenue are absent"
EV-Q4-L2B,CLM-Q4-004,Q4 DLR crosswalk,MODEL_DERIVED under COMMERCIAL_ASSUMPTION,45 MW / 220 MWh: Incremental BESS lifetime gain conditional on DLR,results/problem_3_1/question_4_final_comparison_20260910_v3/01_capacity_fixed_vs_dlr.csv,88460f7ad5303a9276fed18eff25dff2d9d763c9dfeb6eaa73fc8f3498d04ec6,battery_mw == 45.0 and battery_mwh == 220.0,dlr_lifetime_net_renewable_gain_mwh,515983.929107,515983.929107,MWh,20-year result; 168-hour block repeated to 8760 h/year,src/problem_3_1/q4_techno_economic/pipeline.py::main lines 139-286,fixed-line and q3_selected_wind_proxy_40pct matched Q4 runs,scenario-matched no-build counterfactual and separate project/system accounts,"Conditional BESS NPV under the DLR network state contains BESS cash flows only; DLR CAPEX, OPEX, and owner revenue are absent"
EV-Q4-L2C,CLM-Q4-004,Q4 DLR crosswalk,MODEL_DERIVED under COMMERCIAL_ASSUMPTION,45 MW / 220 MWh: Total DLR plus BESS lifetime gain versus fixed-line no-build,results/problem_3_1/question_4_final_comparison_20260910_v3/01_capacity_fixed_vs_dlr.csv,88460f7ad5303a9276fed18eff25dff2d9d763c9dfeb6eaa73fc8f3498d04ec6,battery_mw == 45.0 and battery_mwh == 220.0,dlr_plus_bess_total_gain_vs_fixed_mwh,1116168.83005,1116168.83005,MWh,20-year result; 168-hour block repeated to 8760 h/year,src/problem_3_1/q4_techno_economic/pipeline.py::main lines 139-286,fixed-line and q3_selected_wind_proxy_40pct matched Q4 runs,scenario-matched no-build counterfactual and separate project/system accounts,"Conditional BESS NPV under the DLR network state contains BESS cash flows only; DLR CAPEX, OPEX, and owner revenue are absent"
EV-Q4-L2D,CLM-Q4-004,Q4 DLR crosswalk,MODEL_DERIVED under COMMERCIAL_ASSUMPTION,45 MW / 220 MWh: Fixed-line BESS project NPV,results/problem_3_1/question_4_final_comparison_20260910_v3/01_capacity_fixed_vs_dlr.csv,88460f7ad5303a9276fed18eff25dff2d9d763c9dfeb6eaa73fc8f3498d04ec6,battery_mw == 45.0 and battery_mwh == 220.0,fixed_npv_eur,-79856991.6161,-79856991.6161,EUR real 2026,20-year result; 168-hour block repeated to 8760 h/year,src/problem_3_1/q4_techno_economic/pipeline.py::main lines 139-286,fixed-line and q3_selected_wind_proxy_40pct matched Q4 runs,scenario-matched no-build counterfactual and separate project/system accounts,"Conditional BESS NPV under the DLR network state contains BESS cash flows only; DLR CAPEX, OPEX, and owner revenue are absent"
EV-Q4-L2E,CLM-Q4-004,Q4 DLR crosswalk,MODEL_DERIVED under COMMERCIAL_ASSUMPTION,45 MW / 220 MWh: Conditional BESS project NPV with DLR,results/problem_3_1/question_4_final_comparison_20260910_v3/01_capacity_fixed_vs_dlr.csv,88460f7ad5303a9276fed18eff25dff2d9d763c9dfeb6eaa73fc8f3498d04ec6,battery_mw == 45.0 and battery_mwh == 220.0,dlr_npv_eur,-79580949.8546,-79580949.8546,EUR real 2026,20-year result; 168-hour block repeated to 8760 h/year,src/problem_3_1/q4_techno_economic/pipeline.py::main lines 139-286,fixed-line and q3_selected_wind_proxy_40pct matched Q4 runs,scenario-matched no-build counterfactual and separate project/system accounts,"Conditional BESS NPV under the DLR network state contains BESS cash flows only; DLR CAPEX, OPEX, and owner revenue are absent"
EV-Q4-L2F,CLM-Q4-004,Q4 DLR crosswalk,MODEL_DERIVED under COMMERCIAL_ASSUMPTION,45 MW / 220 MWh: DLR change in incremental BESS technical gain,results/problem_3_1/question_4_final_comparison_20260910_v3/01_capacity_fixed_vs_dlr.csv,88460f7ad5303a9276fed18eff25dff2d9d763c9dfeb6eaa73fc8f3498d04ec6,battery_mw == 45.0 and battery_mwh == 220.0,dlr_change_in_bess_incremental_gain_mwh,-37020.2926775,-37020.2926775,MWh,20-year result; 168-hour block repeated to 8760 h/year,src/problem_3_1/q4_techno_economic/pipeline.py::main lines 139-286,fixed-line and q3_selected_wind_proxy_40pct matched Q4 runs,scenario-matched no-build counterfactual and separate project/system accounts,"Conditional BESS NPV under the DLR network state contains BESS cash flows only; DLR CAPEX, OPEX, and owner revenue are absent"
EV-Q4-L2G,CLM-Q4-004,Q4 DLR crosswalk,MODEL_DERIVED under COMMERCIAL_ASSUMPTION,45 MW / 220 MWh: DLR change in conditional BESS project NPV,results/problem_3_1/question_4_final_comparison_20260910_v3/01_capacity_fixed_vs_dlr.csv,88460f7ad5303a9276fed18eff25dff2d9d763c9dfeb6eaa73fc8f3498d04ec6,battery_mw == 45.0 and battery_mwh == 220.0,dlr_change_in_conditional_bess_npv_eur,276041.761571,276041.761571,EUR real 2026,20-year result; 168-hour block repeated to 8760 h/year,src/problem_3_1/q4_techno_economic/pipeline.py::main lines 139-286,fixed-line and q3_selected_wind_proxy_40pct matched Q4 runs,scenario-matched no-build counterfactual and separate project/system accounts,"Conditional BESS NPV under the DLR network state contains BESS cash flows only; DLR CAPEX, OPEX, and owner revenue are absent"
EV-Q4-L2H,CLM-Q4-004,Q4 DLR crosswalk,MODEL_DERIVED under COMMERCIAL_ASSUMPTION,45 MW / 220 MWh: DLR cost included in conditional BESS NPV,results/problem_3_1/question_4_final_comparison_20260910_v3/01_capacity_fixed_vs_dlr.csv,88460f7ad5303a9276fed18eff25dff2d9d763c9dfeb6eaa73fc8f3498d04ec6,battery_mw == 45.0 and battery_mwh == 220.0,dlr_cost_included_in_conditional_bess_npv,False,False,boolean,20-year result; 168-hour block repeated to 8760 h/year,src/problem_3_1/q4_techno_economic/pipeline.py::main lines 139-286,fixed-line and q3_selected_wind_proxy_40pct matched Q4 runs,scenario-matched no-build counterfactual and separate project/system accounts,"Conditional BESS NPV under the DLR network state contains BESS cash flows only; DLR CAPEX, OPEX, and owner revenue are absent"
EV-Q4-L2I,CLM-Q4-004,Q4 DLR crosswalk,MODEL_DERIVED under COMMERCIAL_ASSUMPTION,45 MW / 220 MWh: DLR standalone lifetime gain,results/problem_3_1/question_4_final_comparison_20260910_v3/01_capacity_fixed_vs_dlr.csv,88460f7ad5303a9276fed18eff25dff2d9d763c9dfeb6eaa73fc8f3498d04ec6,battery_mw == 45.0 and battery_mwh == 220.0,dlr_standalone_lifetime_gain_mwh,600184.900945,600184.900945,MWh,20-year result; 168-hour block repeated to 8760 h/year,src/problem_3_1/q4_techno_economic/pipeline.py::main lines 139-286,fixed-line and q3_selected_wind_proxy_40pct matched Q4 runs,scenario-matched no-build counterfactual and separate project/system accounts,"Conditional BESS NPV under the DLR network state contains BESS cash flows only; DLR CAPEX, OPEX, and owner revenue are absent"
EV-Q4-L3A,CLM-Q4-004,Q4 DLR crosswalk,MODEL_DERIVED under COMMERCIAL_ASSUMPTION,62.22 MW / 226.92 MWh: Fixed-line BESS lifetime net renewable gain,results/problem_3_1/question_4_final_comparison_20260910_v3/01_capacity_fixed_vs_dlr.csv,88460f7ad5303a9276fed18eff25dff2d9d763c9dfeb6eaa73fc8f3498d04ec6,battery_mw == 62.22 and battery_mwh == 226.92,fixed_lifetime_net_renewable_gain_mwh,579760.968973,579760.968973,MWh,20-year result; 168-hour block repeated to 8760 h/year,src/problem_3_1/q4_techno_economic/pipeline.py::main lines 139-286,fixed-line and q3_selected_wind_proxy_40pct matched Q4 runs,scenario-matched no-build counterfactual and separate project/system accounts,"Conditional BESS NPV under the DLR network state contains BESS cash flows only; DLR CAPEX, OPEX, and owner revenue are absent"
EV-Q4-L3B,CLM-Q4-004,Q4 DLR crosswalk,MODEL_DERIVED under COMMERCIAL_ASSUMPTION,62.22 MW / 226.92 MWh: Incremental BESS lifetime gain conditional on DLR,results/problem_3_1/question_4_final_comparison_20260910_v3/01_capacity_fixed_vs_dlr.csv,88460f7ad5303a9276fed18eff25dff2d9d763c9dfeb6eaa73fc8f3498d04ec6,battery_mw == 62.22 and battery_mwh == 226.92,dlr_lifetime_net_renewable_gain_mwh,537785.818539,537785.818539,MWh,20-year result; 168-hour block repeated to 8760 h/year,src/problem_3_1/q4_techno_economic/pipeline.py::main lines 139-286,fixed-line and q3_selected_wind_proxy_40pct matched Q4 runs,scenario-matched no-build counterfactual and separate project/system accounts,"Conditional BESS NPV under the DLR network state contains BESS cash flows only; DLR CAPEX, OPEX, and owner revenue are absent"
EV-Q4-L3C,CLM-Q4-004,Q4 DLR crosswalk,MODEL_DERIVED under COMMERCIAL_ASSUMPTION,62.22 MW / 226.92 MWh: Total DLR plus BESS lifetime gain versus fixed-line no-build,results/problem_3_1/question_4_final_comparison_20260910_v3/01_capacity_fixed_vs_dlr.csv,88460f7ad5303a9276fed18eff25dff2d9d763c9dfeb6eaa73fc8f3498d04ec6,battery_mw == 62.22 and battery_mwh == 226.92,dlr_plus_bess_total_gain_vs_fixed_mwh,1137970.71948,1137970.71948,MWh,20-year result; 168-hour block repeated to 8760 h/year,src/problem_3_1/q4_techno_economic/pipeline.py::main lines 139-286,fixed-line and q3_selected_wind_proxy_40pct matched Q4 runs,scenario-matched no-build counterfactual and separate project/system accounts,"Conditional BESS NPV under the DLR network state contains BESS cash flows only; DLR CAPEX, OPEX, and owner revenue are absent"
EV-Q4-L3D,CLM-Q4-004,Q4 DLR crosswalk,MODEL_DERIVED under COMMERCIAL_ASSUMPTION,62.22 MW / 226.92 MWh: Fixed-line BESS project NPV,results/problem_3_1/question_4_final_comparison_20260910_v3/01_capacity_fixed_vs_dlr.csv,88460f7ad5303a9276fed18eff25dff2d9d763c9dfeb6eaa73fc8f3498d04ec6,battery_mw == 62.22 and battery_mwh == 226.92,fixed_npv_eur,-92444917.0094,-92444917.0094,EUR real 2026,20-year result; 168-hour block repeated to 8760 h/year,src/problem_3_1/q4_techno_economic/pipeline.py::main lines 139-286,fixed-line and q3_selected_wind_proxy_40pct matched Q4 runs,scenario-matched no-build counterfactual and separate project/system accounts,"Conditional BESS NPV under the DLR network state contains BESS cash flows only; DLR CAPEX, OPEX, and owner revenue are absent"
EV-Q4-L3E,CLM-Q4-004,Q4 DLR crosswalk,MODEL_DERIVED under COMMERCIAL_ASSUMPTION,62.22 MW / 226.92 MWh: Conditional BESS project NPV with DLR,results/problem_3_1/question_4_final_comparison_20260910_v3/01_capacity_fixed_vs_dlr.csv,88460f7ad5303a9276fed18eff25dff2d9d763c9dfeb6eaa73fc8f3498d04ec6,battery_mw == 62.22 and battery_mwh == 226.92,dlr_npv_eur,-90907513.8552,-90907513.8552,EUR real 2026,20-year result; 168-hour block repeated to 8760 h/year,src/problem_3_1/q4_techno_economic/pipeline.py::main lines 139-286,fixed-line and q3_selected_wind_proxy_40pct matched Q4 runs,scenario-matched no-build counterfactual and separate project/system accounts,"Conditional BESS NPV under the DLR network state contains BESS cash flows only; DLR CAPEX, OPEX, and owner revenue are absent"
EV-Q4-L3F,CLM-Q4-004,Q4 DLR crosswalk,MODEL_DERIVED under COMMERCIAL_ASSUMPTION,62.22 MW / 226.92 MWh: DLR change in incremental BESS technical gain,results/problem_3_1/question_4_final_comparison_20260910_v3/01_capacity_fixed_vs_dlr.csv,88460f7ad5303a9276fed18eff25dff2d9d763c9dfeb6eaa73fc8f3498d04ec6,battery_mw == 62.22 and battery_mwh == 226.92,dlr_change_in_bess_incremental_gain_mwh,-41975.1504339,-41975.1504339,MWh,20-year result; 168-hour block repeated to 8760 h/year,src/problem_3_1/q4_techno_economic/pipeline.py::main lines 139-286,fixed-line and q3_selected_wind_proxy_40pct matched Q4 runs,scenario-matched no-build counterfactual and separate project/system accounts,"Conditional BESS NPV under the DLR network state contains BESS cash flows only; DLR CAPEX, OPEX, and owner revenue are absent"
EV-Q4-L3G,CLM-Q4-004,Q4 DLR crosswalk,MODEL_DERIVED under COMMERCIAL_ASSUMPTION,62.22 MW / 226.92 MWh: DLR change in conditional BESS project NPV,results/problem_3_1/question_4_final_comparison_20260910_v3/01_capacity_fixed_vs_dlr.csv,88460f7ad5303a9276fed18eff25dff2d9d763c9dfeb6eaa73fc8f3498d04ec6,battery_mw == 62.22 and battery_mwh == 226.92,dlr_change_in_conditional_bess_npv_eur,1537403.15422,1537403.15422,EUR real 2026,20-year result; 168-hour block repeated to 8760 h/year,src/problem_3_1/q4_techno_economic/pipeline.py::main lines 139-286,fixed-line and q3_selected_wind_proxy_40pct matched Q4 runs,scenario-matched no-build counterfactual and separate project/system accounts,"Conditional BESS NPV under the DLR network state contains BESS cash flows only; DLR CAPEX, OPEX, and owner revenue are absent"
EV-Q4-L3H,CLM-Q4-004,Q4 DLR crosswalk,MODEL_DERIVED under COMMERCIAL_ASSUMPTION,62.22 MW / 226.92 MWh: DLR cost included in conditional BESS NPV,results/problem_3_1/question_4_final_comparison_20260910_v3/01_capacity_fixed_vs_dlr.csv,88460f7ad5303a9276fed18eff25dff2d9d763c9dfeb6eaa73fc8f3498d04ec6,battery_mw == 62.22 and battery_mwh == 226.92,dlr_cost_included_in_conditional_bess_npv,False,False,boolean,20-year result; 168-hour block repeated to 8760 h/year,src/problem_3_1/q4_techno_economic/pipeline.py::main lines 139-286,fixed-line and q3_selected_wind_proxy_40pct matched Q4 runs,scenario-matched no-build counterfactual and separate project/system accounts,"Conditional BESS NPV under the DLR network state contains BESS cash flows only; DLR CAPEX, OPEX, and owner revenue are absent"
EV-Q4-L3I,CLM-Q4-004,Q4 DLR crosswalk,MODEL_DERIVED under COMMERCIAL_ASSUMPTION,62.22 MW / 226.92 MWh: DLR standalone lifetime gain,results/problem_3_1/question_4_final_comparison_20260910_v3/01_capacity_fixed_vs_dlr.csv,88460f7ad5303a9276fed18eff25dff2d9d763c9dfeb6eaa73fc8f3498d04ec6,battery_mw == 62.22 and battery_mwh == 226.92,dlr_standalone_lifetime_gain_mwh,600184.900945,600184.900945,MWh,20-year result; 168-hour block repeated to 8760 h/year,src/problem_3_1/q4_techno_economic/pipeline.py::main lines 139-286,fixed-line and q3_selected_wind_proxy_40pct matched Q4 runs,scenario-matched no-build counterfactual and separate project/system accounts,"Conditional BESS NPV under the DLR network state contains BESS cash flows only; DLR CAPEX, OPEX, and owner revenue are absent"
EV-Q4-L4A,CLM-Q4-004,Q4 DLR crosswalk,MODEL_DERIVED under COMMERCIAL_ASSUMPTION,67.5 MW / 330 MWh: Fixed-line BESS lifetime net renewable gain,results/problem_3_1/question_4_final_comparison_20260910_v3/01_capacity_fixed_vs_dlr.csv,88460f7ad5303a9276fed18eff25dff2d9d763c9dfeb6eaa73fc8f3498d04ec6,battery_mw == 67.5 and battery_mwh == 330.0,fixed_lifetime_net_renewable_gain_mwh,795545.681801,795545.681801,MWh,20-year result; 168-hour block repeated to 8760 h/year,src/problem_3_1/q4_techno_economic/pipeline.py::main lines 139-286,fixed-line and q3_selected_wind_proxy_40pct matched Q4 runs,scenario-matched no-build counterfactual and separate project/system accounts,"Conditional BESS NPV under the DLR network state contains BESS cash flows only; DLR CAPEX, OPEX, and owner revenue are absent"
EV-Q4-L4B,CLM-Q4-004,Q4 DLR crosswalk,MODEL_DERIVED under COMMERCIAL_ASSUMPTION,67.5 MW / 330 MWh: Incremental BESS lifetime gain conditional on DLR,results/problem_3_1/question_4_final_comparison_20260910_v3/01_capacity_fixed_vs_dlr.csv,88460f7ad5303a9276fed18eff25dff2d9d763c9dfeb6eaa73fc8f3498d04ec6,battery_mw == 67.5 and battery_mwh == 330.0,dlr_lifetime_net_renewable_gain_mwh,745740.774453,745740.774453,MWh,20-year result; 168-hour block repeated to 8760 h/year,src/problem_3_1/q4_techno_economic/pipeline.py::main lines 139-286,fixed-line and q3_selected_wind_proxy_40pct matched Q4 runs,scenario-matched no-build counterfactual and separate project/system accounts,"Conditional BESS NPV under the DLR network state contains BESS cash flows only; DLR CAPEX, OPEX, and owner revenue are absent"
EV-Q4-L4C,CLM-Q4-004,Q4 DLR crosswalk,MODEL_DERIVED under COMMERCIAL_ASSUMPTION,67.5 MW / 330 MWh: Total DLR plus BESS lifetime gain versus fixed-line no-build,results/problem_3_1/question_4_final_comparison_20260910_v3/01_capacity_fixed_vs_dlr.csv,88460f7ad5303a9276fed18eff25dff2d9d763c9dfeb6eaa73fc8f3498d04ec6,battery_mw == 67.5 and battery_mwh == 330.0,dlr_plus_bess_total_gain_vs_fixed_mwh,1345925.6754,1345925.6754,MWh,20-year result; 168-hour block repeated to 8760 h/year,src/problem_3_1/q4_techno_economic/pipeline.py::main lines 139-286,fixed-line and q3_selected_wind_proxy_40pct matched Q4 runs,scenario-matched no-build counterfactual and separate project/system accounts,"Conditional BESS NPV under the DLR network state contains BESS cash flows only; DLR CAPEX, OPEX, and owner revenue are absent"
EV-Q4-L4D,CLM-Q4-004,Q4 DLR crosswalk,MODEL_DERIVED under COMMERCIAL_ASSUMPTION,67.5 MW / 330 MWh: Fixed-line BESS project NPV,results/problem_3_1/question_4_final_comparison_20260910_v3/01_capacity_fixed_vs_dlr.csv,88460f7ad5303a9276fed18eff25dff2d9d763c9dfeb6eaa73fc8f3498d04ec6,battery_mw == 67.5 and battery_mwh == 330.0,fixed_npv_eur,-118941650.806,-118941650.806,EUR real 2026,20-year result; 168-hour block repeated to 8760 h/year,src/problem_3_1/q4_techno_economic/pipeline.py::main lines 139-286,fixed-line and q3_selected_wind_proxy_40pct matched Q4 runs,scenario-matched no-build counterfactual and separate project/system accounts,"Conditional BESS NPV under the DLR network state contains BESS cash flows only; DLR CAPEX, OPEX, and owner revenue are absent"
EV-Q4-L4E,CLM-Q4-004,Q4 DLR crosswalk,MODEL_DERIVED under COMMERCIAL_ASSUMPTION,67.5 MW / 330 MWh: Conditional BESS project NPV with DLR,results/problem_3_1/question_4_final_comparison_20260910_v3/01_capacity_fixed_vs_dlr.csv,88460f7ad5303a9276fed18eff25dff2d9d763c9dfeb6eaa73fc8f3498d04ec6,battery_mw == 67.5 and battery_mwh == 330.0,dlr_npv_eur,-117046342.013,-117046342.013,EUR real 2026,20-year result; 168-hour block repeated to 8760 h/year,src/problem_3_1/q4_techno_economic/pipeline.py::main lines 139-286,fixed-line and q3_selected_wind_proxy_40pct matched Q4 runs,scenario-matched no-build counterfactual and separate project/system accounts,"Conditional BESS NPV under the DLR network state contains BESS cash flows only; DLR CAPEX, OPEX, and owner revenue are absent"
EV-Q4-L4F,CLM-Q4-004,Q4 DLR crosswalk,MODEL_DERIVED under COMMERCIAL_ASSUMPTION,67.5 MW / 330 MWh: DLR change in incremental BESS technical gain,results/problem_3_1/question_4_final_comparison_20260910_v3/01_capacity_fixed_vs_dlr.csv,88460f7ad5303a9276fed18eff25dff2d9d763c9dfeb6eaa73fc8f3498d04ec6,battery_mw == 67.5 and battery_mwh == 330.0,dlr_change_in_bess_incremental_gain_mwh,-49804.9073478,-49804.9073478,MWh,20-year result; 168-hour block repeated to 8760 h/year,src/problem_3_1/q4_techno_economic/pipeline.py::main lines 139-286,fixed-line and q3_selected_wind_proxy_40pct matched Q4 runs,scenario-matched no-build counterfactual and separate project/system accounts,"Conditional BESS NPV under the DLR network state contains BESS cash flows only; DLR CAPEX, OPEX, and owner revenue are absent"
EV-Q4-L4G,CLM-Q4-004,Q4 DLR crosswalk,MODEL_DERIVED under COMMERCIAL_ASSUMPTION,67.5 MW / 330 MWh: DLR change in conditional BESS project NPV,results/problem_3_1/question_4_final_comparison_20260910_v3/01_capacity_fixed_vs_dlr.csv,88460f7ad5303a9276fed18eff25dff2d9d763c9dfeb6eaa73fc8f3498d04ec6,battery_mw == 67.5 and battery_mwh == 330.0,dlr_change_in_conditional_bess_npv_eur,1895308.79315,1895308.79315,EUR real 2026,20-year result; 168-hour block repeated to 8760 h/year,src/problem_3_1/q4_techno_economic/pipeline.py::main lines 139-286,fixed-line and q3_selected_wind_proxy_40pct matched Q4 runs,scenario-matched no-build counterfactual and separate project/system accounts,"Conditional BESS NPV under the DLR network state contains BESS cash flows only; DLR CAPEX, OPEX, and owner revenue are absent"
EV-Q4-L4H,CLM-Q4-004,Q4 DLR crosswalk,MODEL_DERIVED under COMMERCIAL_ASSUMPTION,67.5 MW / 330 MWh: DLR cost included in conditional BESS NPV,results/problem_3_1/question_4_final_comparison_20260910_v3/01_capacity_fixed_vs_dlr.csv,88460f7ad5303a9276fed18eff25dff2d9d763c9dfeb6eaa73fc8f3498d04ec6,battery_mw == 67.5 and battery_mwh == 330.0,dlr_cost_included_in_conditional_bess_npv,False,False,boolean,20-year result; 168-hour block repeated to 8760 h/year,src/problem_3_1/q4_techno_economic/pipeline.py::main lines 139-286,fixed-line and q3_selected_wind_proxy_40pct matched Q4 runs,scenario-matched no-build counterfactual and separate project/system accounts,"Conditional BESS NPV under the DLR network state contains BESS cash flows only; DLR CAPEX, OPEX, and owner revenue are absent"
EV-Q4-L4I,CLM-Q4-004,Q4 DLR crosswalk,MODEL_DERIVED under COMMERCIAL_ASSUMPTION,67.5 MW / 330 MWh: DLR standalone lifetime gain,results/problem_3_1/question_4_final_comparison_20260910_v3/01_capacity_fixed_vs_dlr.csv,88460f7ad5303a9276fed18eff25dff2d9d763c9dfeb6eaa73fc8f3498d04ec6,battery_mw == 67.5 and battery_mwh == 330.0,dlr_standalone_lifetime_gain_mwh,600184.900945,600184.900945,MWh,20-year result; 168-hour block repeated to 8760 h/year,src/problem_3_1/q4_techno_economic/pipeline.py::main lines 139-286,fixed-line and q3_selected_wind_proxy_40pct matched Q4 runs,scenario-matched no-build counterfactual and separate project/system accounts,"Conditional BESS NPV under the DLR network state contains BESS cash flows only; DLR CAPEX, OPEX, and owner revenue are absent"
EV-Q4-L5A,CLM-Q4-004,Q4 DLR crosswalk,MODEL_DERIVED under COMMERCIAL_ASSUMPTION,85 MW / 310 MWh: Fixed-line BESS lifetime net renewable gain,results/problem_3_1/question_4_final_comparison_20260910_v3/01_capacity_fixed_vs_dlr.csv,88460f7ad5303a9276fed18eff25dff2d9d763c9dfeb6eaa73fc8f3498d04ec6,battery_mw == 85.0 and battery_mwh == 310.0,fixed_lifetime_net_renewable_gain_mwh,759382.747717,759382.747717,MWh,20-year result; 168-hour block repeated to 8760 h/year,src/problem_3_1/q4_techno_economic/pipeline.py::main lines 139-286,fixed-line and q3_selected_wind_proxy_40pct matched Q4 runs,scenario-matched no-build counterfactual and separate project/system accounts,"Conditional BESS NPV under the DLR network state contains BESS cash flows only; DLR CAPEX, OPEX, and owner revenue are absent"
EV-Q4-L5B,CLM-Q4-004,Q4 DLR crosswalk,MODEL_DERIVED under COMMERCIAL_ASSUMPTION,85 MW / 310 MWh: Incremental BESS lifetime gain conditional on DLR,results/problem_3_1/question_4_final_comparison_20260910_v3/01_capacity_fixed_vs_dlr.csv,88460f7ad5303a9276fed18eff25dff2d9d763c9dfeb6eaa73fc8f3498d04ec6,battery_mw == 85.0 and battery_mwh == 310.0,dlr_lifetime_net_renewable_gain_mwh,707221.011511,707221.011511,MWh,20-year result; 168-hour block repeated to 8760 h/year,src/problem_3_1/q4_techno_economic/pipeline.py::main lines 139-286,fixed-line and q3_selected_wind_proxy_40pct matched Q4 runs,scenario-matched no-build counterfactual and separate project/system accounts,"Conditional BESS NPV under the DLR network state contains BESS cash flows only; DLR CAPEX, OPEX, and owner revenue are absent"
EV-Q4-L5C,CLM-Q4-004,Q4 DLR crosswalk,MODEL_DERIVED under COMMERCIAL_ASSUMPTION,85 MW / 310 MWh: Total DLR plus BESS lifetime gain versus fixed-line no-build,results/problem_3_1/question_4_final_comparison_20260910_v3/01_capacity_fixed_vs_dlr.csv,88460f7ad5303a9276fed18eff25dff2d9d763c9dfeb6eaa73fc8f3498d04ec6,battery_mw == 85.0 and battery_mwh == 310.0,dlr_plus_bess_total_gain_vs_fixed_mwh,1307405.91246,1307405.91246,MWh,20-year result; 168-hour block repeated to 8760 h/year,src/problem_3_1/q4_techno_economic/pipeline.py::main lines 139-286,fixed-line and q3_selected_wind_proxy_40pct matched Q4 runs,scenario-matched no-build counterfactual and separate project/system accounts,"Conditional BESS NPV under the DLR network state contains BESS cash flows only; DLR CAPEX, OPEX, and owner revenue are absent"
EV-Q4-L5D,CLM-Q4-004,Q4 DLR crosswalk,MODEL_DERIVED under COMMERCIAL_ASSUMPTION,85 MW / 310 MWh: Fixed-line BESS project NPV,results/problem_3_1/question_4_final_comparison_20260910_v3/01_capacity_fixed_vs_dlr.csv,88460f7ad5303a9276fed18eff25dff2d9d763c9dfeb6eaa73fc8f3498d04ec6,battery_mw == 85.0 and battery_mwh == 310.0,fixed_npv_eur,-124119703.656,-124119703.656,EUR real 2026,20-year result; 168-hour block repeated to 8760 h/year,src/problem_3_1/q4_techno_economic/pipeline.py::main lines 139-286,fixed-line and q3_selected_wind_proxy_40pct matched Q4 runs,scenario-matched no-build counterfactual and separate project/system accounts,"Conditional BESS NPV under the DLR network state contains BESS cash flows only; DLR CAPEX, OPEX, and owner revenue are absent"
EV-Q4-L5E,CLM-Q4-004,Q4 DLR crosswalk,MODEL_DERIVED under COMMERCIAL_ASSUMPTION,85 MW / 310 MWh: Conditional BESS project NPV with DLR,results/problem_3_1/question_4_final_comparison_20260910_v3/01_capacity_fixed_vs_dlr.csv,88460f7ad5303a9276fed18eff25dff2d9d763c9dfeb6eaa73fc8f3498d04ec6,battery_mw == 85.0 and battery_mwh == 310.0,dlr_npv_eur,-123543914.573,-123543914.573,EUR real 2026,20-year result; 168-hour block repeated to 8760 h/year,src/problem_3_1/q4_techno_economic/pipeline.py::main lines 139-286,fixed-line and q3_selected_wind_proxy_40pct matched Q4 runs,scenario-matched no-build counterfactual and separate project/system accounts,"Conditional BESS NPV under the DLR network state contains BESS cash flows only; DLR CAPEX, OPEX, and owner revenue are absent"
EV-Q4-L5F,CLM-Q4-004,Q4 DLR crosswalk,MODEL_DERIVED under COMMERCIAL_ASSUMPTION,85 MW / 310 MWh: DLR change in incremental BESS technical gain,results/problem_3_1/question_4_final_comparison_20260910_v3/01_capacity_fixed_vs_dlr.csv,88460f7ad5303a9276fed18eff25dff2d9d763c9dfeb6eaa73fc8f3498d04ec6,battery_mw == 85.0 and battery_mwh == 310.0,dlr_change_in_bess_incremental_gain_mwh,-52161.7362059,-52161.7362059,MWh,20-year result; 168-hour block repeated to 8760 h/year,src/problem_3_1/q4_techno_economic/pipeline.py::main lines 139-286,fixed-line and q3_selected_wind_proxy_40pct matched Q4 runs,scenario-matched no-build counterfactual and separate project/system accounts,"Conditional BESS NPV under the DLR network state contains BESS cash flows only; DLR CAPEX, OPEX, and owner revenue are absent"
EV-Q4-L5G,CLM-Q4-004,Q4 DLR crosswalk,MODEL_DERIVED under COMMERCIAL_ASSUMPTION,85 MW / 310 MWh: DLR change in conditional BESS project NPV,results/problem_3_1/question_4_final_comparison_20260910_v3/01_capacity_fixed_vs_dlr.csv,88460f7ad5303a9276fed18eff25dff2d9d763c9dfeb6eaa73fc8f3498d04ec6,battery_mw == 85.0 and battery_mwh == 310.0,dlr_change_in_conditional_bess_npv_eur,575789.08303,575789.08303,EUR real 2026,20-year result; 168-hour block repeated to 8760 h/year,src/problem_3_1/q4_techno_economic/pipeline.py::main lines 139-286,fixed-line and q3_selected_wind_proxy_40pct matched Q4 runs,scenario-matched no-build counterfactual and separate project/system accounts,"Conditional BESS NPV under the DLR network state contains BESS cash flows only; DLR CAPEX, OPEX, and owner revenue are absent"
EV-Q4-L5H,CLM-Q4-004,Q4 DLR crosswalk,MODEL_DERIVED under COMMERCIAL_ASSUMPTION,85 MW / 310 MWh: DLR cost included in conditional BESS NPV,results/problem_3_1/question_4_final_comparison_20260910_v3/01_capacity_fixed_vs_dlr.csv,88460f7ad5303a9276fed18eff25dff2d9d763c9dfeb6eaa73fc8f3498d04ec6,battery_mw == 85.0 and battery_mwh == 310.0,dlr_cost_included_in_conditional_bess_npv,False,False,boolean,20-year result; 168-hour block repeated to 8760 h/year,src/problem_3_1/q4_techno_economic/pipeline.py::main lines 139-286,fixed-line and q3_selected_wind_proxy_40pct matched Q4 runs,scenario-matched no-build counterfactual and separate project/system accounts,"Conditional BESS NPV under the DLR network state contains BESS cash flows only; DLR CAPEX, OPEX, and owner revenue are absent"
EV-Q4-L5I,CLM-Q4-004,Q4 DLR crosswalk,MODEL_DERIVED under COMMERCIAL_ASSUMPTION,85 MW / 310 MWh: DLR standalone lifetime gain,results/problem_3_1/question_4_final_comparison_20260910_v3/01_capacity_fixed_vs_dlr.csv,88460f7ad5303a9276fed18eff25dff2d9d763c9dfeb6eaa73fc8f3498d04ec6,battery_mw == 85.0 and battery_mwh == 310.0,dlr_standalone_lifetime_gain_mwh,600184.900945,600184.900945,MWh,20-year result; 168-hour block repeated to 8760 h/year,src/problem_3_1/q4_techno_economic/pipeline.py::main lines 139-286,fixed-line and q3_selected_wind_proxy_40pct matched Q4 runs,scenario-matched no-build counterfactual and separate project/system accounts,"Conditional BESS NPV under the DLR network state contains BESS cash flows only; DLR CAPEX, OPEX, and owner revenue are absent"
EV-Q4-L6A,CLM-Q4-004,Q4 DLR crosswalk,MODEL_DERIVED under COMMERCIAL_ASSUMPTION,90 MW / 440 MWh: Fixed-line BESS lifetime net renewable gain,results/problem_3_1/question_4_final_comparison_20260910_v3/01_capacity_fixed_vs_dlr.csv,88460f7ad5303a9276fed18eff25dff2d9d763c9dfeb6eaa73fc8f3498d04ec6,battery_mw == 90.0 and battery_mwh == 440.0,fixed_lifetime_net_renewable_gain_mwh,1027014.47373,1027014.47373,MWh,20-year result; 168-hour block repeated to 8760 h/year,src/problem_3_1/q4_techno_economic/pipeline.py::main lines 139-286,fixed-line and q3_selected_wind_proxy_40pct matched Q4 runs,scenario-matched no-build counterfactual and separate project/system accounts,"Conditional BESS NPV under the DLR network state contains BESS cash flows only; DLR CAPEX, OPEX, and owner revenue are absent"
EV-Q4-L6B,CLM-Q4-004,Q4 DLR crosswalk,MODEL_DERIVED under COMMERCIAL_ASSUMPTION,90 MW / 440 MWh: Incremental BESS lifetime gain conditional on DLR,results/problem_3_1/question_4_final_comparison_20260910_v3/01_capacity_fixed_vs_dlr.csv,88460f7ad5303a9276fed18eff25dff2d9d763c9dfeb6eaa73fc8f3498d04ec6,battery_mw == 90.0 and battery_mwh == 440.0,dlr_lifetime_net_renewable_gain_mwh,975931.595262,975931.595262,MWh,20-year result; 168-hour block repeated to 8760 h/year,src/problem_3_1/q4_techno_economic/pipeline.py::main lines 139-286,fixed-line and q3_selected_wind_proxy_40pct matched Q4 runs,scenario-matched no-build counterfactual and separate project/system accounts,"Conditional BESS NPV under the DLR network state contains BESS cash flows only; DLR CAPEX, OPEX, and owner revenue are absent"
EV-Q4-L6C,CLM-Q4-004,Q4 DLR crosswalk,MODEL_DERIVED under COMMERCIAL_ASSUMPTION,90 MW / 440 MWh: Total DLR plus BESS lifetime gain versus fixed-line no-build,results/problem_3_1/question_4_final_comparison_20260910_v3/01_capacity_fixed_vs_dlr.csv,88460f7ad5303a9276fed18eff25dff2d9d763c9dfeb6eaa73fc8f3498d04ec6,battery_mw == 90.0 and battery_mwh == 440.0,dlr_plus_bess_total_gain_vs_fixed_mwh,1576116.49621,1576116.49621,MWh,20-year result; 168-hour block repeated to 8760 h/year,src/problem_3_1/q4_techno_economic/pipeline.py::main lines 139-286,fixed-line and q3_selected_wind_proxy_40pct matched Q4 runs,scenario-matched no-build counterfactual and separate project/system accounts,"Conditional BESS NPV under the DLR network state contains BESS cash flows only; DLR CAPEX, OPEX, and owner revenue are absent"
EV-Q4-L6D,CLM-Q4-004,Q4 DLR crosswalk,MODEL_DERIVED under COMMERCIAL_ASSUMPTION,90 MW / 440 MWh: Fixed-line BESS project NPV,results/problem_3_1/question_4_final_comparison_20260910_v3/01_capacity_fixed_vs_dlr.csv,88460f7ad5303a9276fed18eff25dff2d9d763c9dfeb6eaa73fc8f3498d04ec6,battery_mw == 90.0 and battery_mwh == 440.0,fixed_npv_eur,-157909623.837,-157909623.837,EUR real 2026,20-year result; 168-hour block repeated to 8760 h/year,src/problem_3_1/q4_techno_economic/pipeline.py::main lines 139-286,fixed-line and q3_selected_wind_proxy_40pct matched Q4 runs,scenario-matched no-build counterfactual and separate project/system accounts,"Conditional BESS NPV under the DLR network state contains BESS cash flows only; DLR CAPEX, OPEX, and owner revenue are absent"
EV-Q4-L6E,CLM-Q4-004,Q4 DLR crosswalk,MODEL_DERIVED under COMMERCIAL_ASSUMPTION,90 MW / 440 MWh: Conditional BESS project NPV with DLR,results/problem_3_1/question_4_final_comparison_20260910_v3/01_capacity_fixed_vs_dlr.csv,88460f7ad5303a9276fed18eff25dff2d9d763c9dfeb6eaa73fc8f3498d04ec6,battery_mw == 90.0 and battery_mwh == 440.0,dlr_npv_eur,-155218773.062,-155218773.062,EUR real 2026,20-year result; 168-hour block repeated to 8760 h/year,src/problem_3_1/q4_techno_economic/pipeline.py::main lines 139-286,fixed-line and q3_selected_wind_proxy_40pct matched Q4 runs,scenario-matched no-build counterfactual and separate project/system accounts,"Conditional BESS NPV under the DLR network state contains BESS cash flows only; DLR CAPEX, OPEX, and owner revenue are absent"
EV-Q4-L6F,CLM-Q4-004,Q4 DLR crosswalk,MODEL_DERIVED under COMMERCIAL_ASSUMPTION,90 MW / 440 MWh: DLR change in incremental BESS technical gain,results/problem_3_1/question_4_final_comparison_20260910_v3/01_capacity_fixed_vs_dlr.csv,88460f7ad5303a9276fed18eff25dff2d9d763c9dfeb6eaa73fc8f3498d04ec6,battery_mw == 90.0 and battery_mwh == 440.0,dlr_change_in_bess_incremental_gain_mwh,-51082.878469,-51082.878469,MWh,20-year result; 168-hour block repeated to 8760 h/year,src/problem_3_1/q4_techno_economic/pipeline.py::main lines 139-286,fixed-line and q3_selected_wind_proxy_40pct matched Q4 runs,scenario-matched no-build counterfactual and separate project/system accounts,"Conditional BESS NPV under the DLR network state contains BESS cash flows only; DLR CAPEX, OPEX, and owner revenue are absent"
EV-Q4-L6G,CLM-Q4-004,Q4 DLR crosswalk,MODEL_DERIVED under COMMERCIAL_ASSUMPTION,90 MW / 440 MWh: DLR change in conditional BESS project NPV,results/problem_3_1/question_4_final_comparison_20260910_v3/01_capacity_fixed_vs_dlr.csv,88460f7ad5303a9276fed18eff25dff2d9d763c9dfeb6eaa73fc8f3498d04ec6,battery_mw == 90.0 and battery_mwh == 440.0,dlr_change_in_conditional_bess_npv_eur,2690850.77552,2690850.77552,EUR real 2026,20-year result; 168-hour block repeated to 8760 h/year,src/problem_3_1/q4_techno_economic/pipeline.py::main lines 139-286,fixed-line and q3_selected_wind_proxy_40pct matched Q4 runs,scenario-matched no-build counterfactual and separate project/system accounts,"Conditional BESS NPV under the DLR network state contains BESS cash flows only; DLR CAPEX, OPEX, and owner revenue are absent"
EV-Q4-L6H,CLM-Q4-004,Q4 DLR crosswalk,MODEL_DERIVED under COMMERCIAL_ASSUMPTION,90 MW / 440 MWh: DLR cost included in conditional BESS NPV,results/problem_3_1/question_4_final_comparison_20260910_v3/01_capacity_fixed_vs_dlr.csv,88460f7ad5303a9276fed18eff25dff2d9d763c9dfeb6eaa73fc8f3498d04ec6,battery_mw == 90.0 and battery_mwh == 440.0,dlr_cost_included_in_conditional_bess_npv,False,False,boolean,20-year result; 168-hour block repeated to 8760 h/year,src/problem_3_1/q4_techno_economic/pipeline.py::main lines 139-286,fixed-line and q3_selected_wind_proxy_40pct matched Q4 runs,scenario-matched no-build counterfactual and separate project/system accounts,"Conditional BESS NPV under the DLR network state contains BESS cash flows only; DLR CAPEX, OPEX, and owner revenue are absent"
EV-Q4-L6I,CLM-Q4-004,Q4 DLR crosswalk,MODEL_DERIVED under COMMERCIAL_ASSUMPTION,90 MW / 440 MWh: DLR standalone lifetime gain,results/problem_3_1/question_4_final_comparison_20260910_v3/01_capacity_fixed_vs_dlr.csv,88460f7ad5303a9276fed18eff25dff2d9d763c9dfeb6eaa73fc8f3498d04ec6,battery_mw == 90.0 and battery_mwh == 440.0,dlr_standalone_lifetime_gain_mwh,600184.900945,600184.900945,MWh,20-year result; 168-hour block repeated to 8760 h/year,src/problem_3_1/q4_techno_economic/pipeline.py::main lines 139-286,fixed-line and q3_selected_wind_proxy_40pct matched Q4 runs,scenario-matched no-build counterfactual and separate project/system accounts,"Conditional BESS NPV under the DLR network state contains BESS cash flows only; DLR CAPEX, OPEX, and owner revenue are absent"
EV-Q5-001,CLM-Q5-001,Q5,MODEL_DERIVED,Croaghonagh installed wind capacity,results/problem_3_1/question_5_final/03_target_line_ranking.csv,aeeb73ec14983dd386aabcc6a0914f4eeb2a7dfc8e30a5cd40bfde319f3a9de9,"wind_farm == ""Croaghonagh wind""",installed_capacity_mw,139.2,139.2,MW,168-hour North-West model,src/problem_3_1/q5_shift_factors/core.py::component_adjust_reference lines 215-261,,component-local LPF finite difference,
EV-Q5-002,CLM-Q5-001,Q5,MODEL_DERIVED,Croaghonagh target-line PTDF,results/problem_3_1/question_5_final/03_target_line_ranking.csv,aeeb73ec14983dd386aabcc6a0914f4eeb2a7dfc8e30a5cd40bfde319f3a9de9,"wind_farm == ""Croaghonagh wind""",primary_shift_factor,-0.238395702387,-0.238395702387,MW/MW injection,168-hour North-West model,src/problem_3_1/q5_shift_factors/core.py::component_adjust_reference lines 215-261,,component-local LPF finite difference,
EV-Q5-003,CLM-Q5-001,Q5,MODEL_DERIVED,Croaghonagh directional relief,results/problem_3_1/question_5_final/03_target_line_ranking.csv,aeeb73ec14983dd386aabcc6a0914f4eeb2a7dfc8e30a5cd40bfde319f3a9de9,"wind_farm == ""Croaghonagh wind""",relief_mw_per_mw_curtailment,0.238395702387,0.238395702387,MW/MW curtailment,168-hour North-West model,src/problem_3_1/q5_shift_factors/core.py::component_adjust_reference lines 215-261,,component-local LPF finite difference,
EV-Q5-004,CLM-Q5-001,Q5,MODEL_DERIVED,Positive line-flow orientation,results/problem_3_1/question_5_final/03_target_line_ranking.csv,aeeb73ec14983dd386aabcc6a0914f4eeb2a7dfc8e30a5cd40bfde319f3a9de9,"wind_farm == ""Croaghonagh wind""",positive_flow_orientation,Srananagh 220 to Cathaleen's Fall,Srananagh 220 to Cathaleen's Fall,text,168-hour North-West model,src/problem_3_1/q5_shift_factors/core.py::component_adjust_reference lines 215-261,,component-local LPF finite difference,
EV-Q5-005,CLM-Q5-001,Q5,MODEL_DERIVED,Dominant binding-flow direction,results/problem_3_1/question_5_final/03_target_line_ranking.csv,aeeb73ec14983dd386aabcc6a0914f4eeb2a7dfc8e30a5cd40bfde319f3a9de9,"wind_farm == ""Croaghonagh wind""",dominant_binding_flow_direction,Cathaleen's Fall to Srananagh 220,Cathaleen's Fall to Srananagh 220,text,168-hour North-West model,src/problem_3_1/q5_shift_factors/core.py::component_adjust_reference lines 215-261,,component-local LPF finite difference,
EV-Q5-006,CLM-Q5-001,Q5,MODEL_DERIVED,Target binding hours,results/problem_3_1/question_5_final/03_target_line_ranking.csv,aeeb73ec14983dd386aabcc6a0914f4eeb2a7dfc8e30a5cd40bfde319f3a9de9,"wind_farm == ""Croaghonagh wind""",binding_hours,52,52,hours,168-hour North-West model,src/problem_3_1/q5_shift_factors/core.py::component_adjust_reference lines 215-261,,component-local LPF finite difference,
EV-Q5-007,CLM-Q5-002,Q5,MODEL_DERIVED,Moy target-line PTDF,results/problem_3_1/question_5_final/03_target_line_ranking.csv,aeeb73ec14983dd386aabcc6a0914f4eeb2a7dfc8e30a5cd40bfde319f3a9de9,"wind_farm == ""Moy wind""",primary_shift_factor,0,0,MW/MW injection,static topology,src/problem_3_1/q5_shift_factors/core.py::component_adjust_reference lines 215-261,,,Moy is in a different passive AC component
EV-Q5-008,CLM-Q5-003,Q5,MODEL_DERIVED,Maximum LPF finite-difference error,results/problem_3_1/question_5_final/05_finite_difference_validation.csv,506416dc434a023e24c3c0bb98c3492e47b72a45491bfa6116e7a95b42c63396,max(absolute_error),absolute_error,4.88498130835e-15,4.88498130835e-15,MW/MW,sampled static topology,src/problem_3_1/q5_shift_factors/core.py::component_adjust_reference lines 215-261,,all passed <= tolerance,
EV-Q5-009,CLM-Q5-004,Q5,MODEL_DERIVED,Maximum PTDF change under rating-only DLR,results/problem_3_1/question_5_final/06_dlr_rating_invariance.csv,f17660314ba62b623e1e0f8518a86deb59ea3b144569bdbb37583f907d1b63d5,"monitored_line == ""5041-17010-2""",maximum_absolute_shift_factor_change,0,0,MW/MW,rating-only sensitivity,src/problem_3_1/q5_shift_factors/core.py::component_adjust_reference lines 215-261,,,
EV-Q6-001,CLM-Q6-001,Q6,MODEL_DERIVED under SCENARIO_CHOICE status labels,network_neutral_static wind dispatch-down,results/problem_3_1/question_6_final_20260910_v2/02_scenario_summary.csv,0c80d8667aa467608f8b39810a88d5f4841e68922f812e8af3de397e0e33dd85,"scenario == ""network_neutral_static""",wind_dispatch_down_mwh,3660.5902728,3660.5902728,MWh,168-hour North-West model,src/problem_3_1/q6_priority_dispatch/pipeline.py::main lines 620-986,configs/problem_3_1/question_6.json,"lexicographic stages, balance and branch-limit checks",
EV-Q6-002,CLM-Q6-001,Q6,MODEL_DERIVED under SCENARIO_CHOICE status labels,network_priority_static wind dispatch-down,results/problem_3_1/question_6_final_20260910_v2/02_scenario_summary.csv,0c80d8667aa467608f8b39810a88d5f4841e68922f812e8af3de397e0e33dd85,"scenario == ""network_priority_static""",wind_dispatch_down_mwh,3660.5902728,3660.5902728,MWh,168-hour North-West model,src/problem_3_1/q6_priority_dispatch/pipeline.py::main lines 620-986,configs/problem_3_1/question_6.json,"lexicographic stages, balance and branch-limit checks",
EV-Q6-003,CLM-Q6-001,Q6,MODEL_DERIVED under SCENARIO_CHOICE status labels,network_neutral_dlr wind dispatch-down,results/problem_3_1/question_6_final_20260910_v2/02_scenario_summary.csv,0c80d8667aa467608f8b39810a88d5f4841e68922f812e8af3de397e0e33dd85,"scenario == ""network_neutral_dlr""",wind_dispatch_down_mwh,3085.07050477,3085.07050477,MWh,168-hour North-West model,src/problem_3_1/q6_priority_dispatch/pipeline.py::main lines 620-986,configs/problem_3_1/question_6.json,"lexicographic stages, balance and branch-limit checks",
EV-Q6-004,CLM-Q6-001,Q6,MODEL_DERIVED under SCENARIO_CHOICE status labels,network_priority_dlr wind dispatch-down,results/problem_3_1/question_6_final_20260910_v2/02_scenario_summary.csv,0c80d8667aa467608f8b39810a88d5f4841e68922f812e8af3de397e0e33dd85,"scenario == ""network_priority_dlr""",wind_dispatch_down_mwh,3085.07050477,3085.07050477,MWh,168-hour North-West model,src/problem_3_1/q6_priority_dispatch/pipeline.py::main lines 620-986,configs/problem_3_1/question_6.json,"lexicographic stages, balance and branch-limit checks",
EV-Q6-005,CLM-Q6-002,Q6,MODEL_DERIVED under SCENARIO_CHOICE status labels,Priority-farm protected energy,results/problem_3_1/question_6_final_20260910_v2/06_generator_status_impacts.csv,5283c74f2fe6f8c7a5e598c8c747a92a6ce183a0ce70c16a7dbb1444b0c20e19,negative sum(additional_dispatch_down_mwh),additional_dispatch_down_mwh,2603.62566581,2603.62566581,MWh,168-hour North-West model,src/problem_3_1/q6_priority_dispatch/pipeline.py::main lines 620-986,,,"Allocation transfer, not system saving or BESS revenue"
EV-Q6-006,CLM-Q6-002,Q6,MODEL_DERIVED under SCENARIO_CHOICE status labels,Non-priority additional burden,results/problem_3_1/question_6_final_20260910_v2/06_generator_status_impacts.csv,5283c74f2fe6f8c7a5e598c8c747a92a6ce183a0ce70c16a7dbb1444b0c20e19,positive sum(additional_dispatch_down_mwh),additional_dispatch_down_mwh,2603.62566581,2603.62566581,MWh,168-hour North-West model,src/problem_3_1/q6_priority_dispatch/pipeline.py::main lines 620-986,,,"Allocation transfer, not system saving or BESS revenue"
EV-Q6-007,CLM-Q6-003,Q6,MODEL_DERIVED under SCENARIO_CHOICE status labels,Largest additional burden,results/problem_3_1/question_6_final_20260910_v2/06_generator_status_impacts.csv,5283c74f2fe6f8c7a5e598c8c747a92a6ce183a0ce70c16a7dbb1444b0c20e19,"generator == ""Letterkenny wind""",additional_dispatch_down_mwh,1165.74731917,1165.74731917,MWh,168-hour North-West model,src/problem_3_1/q6_priority_dispatch/pipeline.py::main lines 620-986,,,
EV-Q6-008,CLM-Q6-003,Q6,MODEL_DERIVED under SCENARIO_CHOICE status labels,Largest protection,results/problem_3_1/question_6_final_20260910_v2/06_generator_status_impacts.csv,5283c74f2fe6f8c7a5e598c8c747a92a6ce183a0ce70c16a7dbb1444b0c20e19,"generator == ""Drumkeen wind""",additional_dispatch_down_mwh,-1378.79340453,-1378.79340453,MWh,168-hour North-West model,src/problem_3_1/q6_priority_dispatch/pipeline.py::main lines 620-986,,,
EV-Q6-009,CLM-Q6-004,Q6,MODEL_DERIVED,Maximum component balance error,results/problem_3_1/question_6_final_20260910_v2/02_scenario_summary.csv,0c80d8667aa467608f8b39810a88d5f4841e68922f812e8af3de397e0e33dd85,"scenario == ""network_priority_static""",maximum_component_balance_error_mw,2.84217094304e-13,2.84217094304e-13,MW,168-hour North-West model,src/problem_3_1/q6_priority_dispatch/pipeline.py::main lines 620-986,,,
EV-Q32-001,CLM-Q32-001,Problem 3.2,MODEL_DERIVED,National bus count,results/problem_3_2/constraint_groups_final_20260910_v3/manifest.json,3d48ffb7d5c49fa4c7256eabddd178ffc46b4b5e13e27e45ee324f7354e7e3cf,manifest root,/network/buses,754,754,buses,168-hour all-island model,src/problem_3_2/q32_constraint_groups/core.py::merge_similar_modes lines 199-281,configs/problem_3_2/constraint_groups.json,"optimal national dispatch, LPF/Q5/reference checks",
EV-Q32-002,CLM-Q32-001,Problem 3.2,MODEL_DERIVED,National line count,results/problem_3_2/constraint_groups_final_20260910_v3/manifest.json,3d48ffb7d5c49fa4c7256eabddd178ffc46b4b5e13e27e45ee324f7354e7e3cf,manifest root,/network/lines,755,755,lines,168-hour all-island model,src/problem_3_2/q32_constraint_groups/core.py::merge_similar_modes lines 199-281,configs/problem_3_2/constraint_groups.json,"optimal national dispatch, LPF/Q5/reference checks",
EV-Q32-003,CLM-Q32-001,Problem 3.2,MODEL_DERIVED,National transformer count,results/problem_3_2/constraint_groups_final_20260910_v3/manifest.json,3d48ffb7d5c49fa4c7256eabddd178ffc46b4b5e13e27e45ee324f7354e7e3cf,manifest root,/network/transformers,225,225,transformers,168-hour all-island model,src/problem_3_2/q32_constraint_groups/core.py::merge_similar_modes lines 199-281,configs/problem_3_2/constraint_groups.json,"optimal national dispatch, LPF/Q5/reference checks",
EV-Q32-004,CLM-Q32-001,Problem 3.2,MODEL_DERIVED,Passive branch count,results/problem_3_2/constraint_groups_final_20260910_v3/manifest.json,3d48ffb7d5c49fa4c7256eabddd178ffc46b4b5e13e27e45ee324f7354e7e3cf,manifest root,/network/passive_branches,980,980,branches,168-hour all-island model,src/problem_3_2/q32_constraint_groups/core.py::merge_similar_modes lines 199-281,configs/problem_3_2/constraint_groups.json,"optimal national dispatch, LPF/Q5/reference checks",
EV-Q32-005,CLM-Q32-001,Problem 3.2,MODEL_DERIVED,Passive AC component count,results/problem_3_2/constraint_groups_final_20260910_v3/manifest.json,3d48ffb7d5c49fa4c7256eabddd178ffc46b4b5e13e27e45ee324f7354e7e3cf,manifest root,/network/passive_ac_components,4,4,components,168-hour all-island model,src/problem_3_2/q32_constraint_groups/core.py::merge_similar_modes lines 199-281,configs/problem_3_2/constraint_groups.json,"optimal national dispatch, LPF/Q5/reference checks",
EV-Q32-006,CLM-Q32-001,Problem 3.2,MODEL_DERIVED,Directional mode count,results/problem_3_2/constraint_groups_final_20260910_v3/manifest.json,3d48ffb7d5c49fa4c7256eabddd178ffc46b4b5e13e27e45ee324f7354e7e3cf,manifest root,/results/directional_mode_count,16,16,modes,168-hour all-island model,src/problem_3_2/q32_constraint_groups/core.py::merge_similar_modes lines 199-281,configs/problem_3_2/constraint_groups.json,"optimal national dispatch, LPF/Q5/reference checks",
EV-Q32-007,CLM-Q32-001,Problem 3.2,MODEL_DERIVED,Overlapping membership count,results/problem_3_2/constraint_groups_final_20260910_v3/manifest.json,3d48ffb7d5c49fa4c7256eabddd178ffc46b4b5e13e27e45ee324f7354e7e3cf,manifest root,/results/overlapping_membership_count,2168,2168,memberships,168-hour all-island model,src/problem_3_2/q32_constraint_groups/core.py::merge_similar_modes lines 199-281,configs/problem_3_2/constraint_groups.json,"optimal national dispatch, LPF/Q5/reference checks",
EV-Q32-008,CLM-Q32-001,Problem 3.2,MODEL_DERIVED,Buses in any directional group,results/problem_3_2/constraint_groups_final_20260910_v3/manifest.json,3d48ffb7d5c49fa4c7256eabddd178ffc46b4b5e13e27e45ee324f7354e7e3cf,manifest root,/results/buses_in_any_constraint_group,746,746,buses,168-hour all-island model,src/problem_3_2/q32_constraint_groups/core.py::merge_similar_modes lines 199-281,configs/problem_3_2/constraint_groups.json,"optimal national dispatch, LPF/Q5/reference checks",
EV-Q32-009,CLM-Q32-001,Problem 3.2,MODEL_DERIVED,Maximum groups per bus,results/problem_3_2/constraint_groups_final_20260910_v3/manifest.json,3d48ffb7d5c49fa4c7256eabddd178ffc46b4b5e13e27e45ee324f7354e7e3cf,manifest root,/results/maximum_groups_per_bus,8,8,groups/bus,168-hour all-island model,src/problem_3_2/q32_constraint_groups/core.py::merge_similar_modes lines 199-281,configs/problem_3_2/constraint_groups.json,"optimal national dispatch, LPF/Q5/reference checks",
EV-Q32-010,CLM-Q32-001,Problem 3.2,MODEL_DERIVED,Complete-link merged group count,results/problem_3_2/constraint_groups_final_20260910_v3/manifest.json,3d48ffb7d5c49fa4c7256eabddd178ffc46b4b5e13e27e45ee324f7354e7e3cf,manifest root,/results/merged_constraint_group_count,16,16,groups,168-hour all-island model,src/problem_3_2/q32_constraint_groups/core.py::merge_similar_modes lines 199-281,configs/problem_3_2/constraint_groups.json,"optimal national dispatch, LPF/Q5/reference checks",
EV-Q32-011,CLM-Q32-001,Problem 3.2,MODEL_DERIVED,Response-zone count,results/problem_3_2/constraint_groups_final_20260910_v3/manifest.json,3d48ffb7d5c49fa4c7256eabddd178ffc46b4b5e13e27e45ee324f7354e7e3cf,manifest root,/results/response_zone_count,5,5,zones,168-hour all-island model,src/problem_3_2/q32_constraint_groups/core.py::merge_similar_modes lines 199-281,configs/problem_3_2/constraint_groups.json,"optimal national dispatch, LPF/Q5/reference checks",
EV-Q32-012,CLM-Q32-001,Problem 3.2,MODEL_DERIVED,Nonlocal similar-pair count,results/problem_3_2/constraint_groups_final_20260910_v3/manifest.json,3d48ffb7d5c49fa4c7256eabddd178ffc46b4b5e13e27e45ee324f7354e7e3cf,manifest root,/results/nonlocal_similar_pair_count,100,100,pairs,168-hour all-island model,src/problem_3_2/q32_constraint_groups/core.py::merge_similar_modes lines 199-281,configs/problem_3_2/constraint_groups.json,"optimal national dispatch, LPF/Q5/reference checks",
EV-Q32-013,CLM-Q32-001,Problem 3.2,MODEL_DERIVED,Renewable resource count,results/problem_3_2/constraint_groups_final_20260910_v3/manifest.json,3d48ffb7d5c49fa4c7256eabddd178ffc46b4b5e13e27e45ee324f7354e7e3cf,manifest root,/results/renewable_resource_count,612,612,resources,168-hour all-island model,src/problem_3_2/q32_constraint_groups/core.py::merge_similar_modes lines 199-281,configs/problem_3_2/constraint_groups.json,"optimal national dispatch, LPF/Q5/reference checks",
EV-Q32-014,CLM-Q32-001,Problem 3.2,MODEL_DERIVED,Renewable resources in any group,results/problem_3_2/constraint_groups_final_20260910_v3/manifest.json,3d48ffb7d5c49fa4c7256eabddd178ffc46b4b5e13e27e45ee324f7354e7e3cf,manifest root,/results/renewable_resources_in_any_constraint_group,612,612,resources,168-hour all-island model,src/problem_3_2/q32_constraint_groups/core.py::merge_similar_modes lines 199-281,configs/problem_3_2/constraint_groups.json,"optimal national dispatch, LPF/Q5/reference checks",
EV-Q32-015,CLM-Q32-001,Problem 3.2,MODEL_DERIVED,Maximum national LPF error,results/problem_3_2/constraint_groups_final_20260910_v3/manifest.json,3d48ffb7d5c49fa4c7256eabddd178ffc46b4b5e13e27e45ee324f7354e7e3cf,manifest root,/numerical_checks/maximum_lpf_absolute_error,6.0355886955e-13,6.0355886955e-13,MW/MW,168-hour all-island model,src/problem_3_2/q32_constraint_groups/core.py::merge_similar_modes lines 199-281,configs/problem_3_2/constraint_groups.json,"optimal national dispatch, LPF/Q5/reference checks",
EV-Q32-016,CLM-Q32-001,Problem 3.2,MODEL_DERIVED,Maximum Q5 North-West recalculation error,results/problem_3_2/constraint_groups_final_20260910_v3/manifest.json,3d48ffb7d5c49fa4c7256eabddd178ffc46b4b5e13e27e45ee324f7354e7e3cf,manifest root,/numerical_checks/maximum_north_west_q5_recalculation_error,8.32667268469e-17,8.32667268469e-17,MW/MW,168-hour all-island model,src/problem_3_2/q32_constraint_groups/core.py::merge_similar_modes lines 199-281,configs/problem_3_2/constraint_groups.json,"optimal national dispatch, LPF/Q5/reference checks",
EV-Q32-017,CLM-Q32-001,Problem 3.2,MODEL_DERIVED,Maximum centered reference-response change,results/problem_3_2/constraint_groups_final_20260910_v3/manifest.json,3d48ffb7d5c49fa4c7256eabddd178ffc46b4b5e13e27e45ee324f7354e7e3cf,manifest root,/numerical_checks/maximum_centered_reference_response_change,1.11022302463e-16,1.11022302463e-16,MW/MW,168-hour all-island model,src/problem_3_2/q32_constraint_groups/core.py::merge_similar_modes lines 199-281,configs/problem_3_2/constraint_groups.json,"optimal national dispatch, LPF/Q5/reference checks",
EV-Q32-018,CLM-Q32-002,Problem 3.2,MODEL_DERIVED,Highest-severity directional mode,results/problem_3_2/constraint_groups_final_20260910_v3/01_directional_constraint_modes.csv,fdbd5c4132c4efc34e912f95a05da489a995e9e7a8f15bc3f3f14f6729193829,"mode_id == ""3581-89516-1::+1""",event_weighted_severity_hours,126.522700014,126.522700014,severity-hours,168-hour all-island model,src/problem_3_2/q32_constraint_groups/core.py::merge_similar_modes lines 199-281,,,
EV-Q32-019,CLM-Q32-003,Problem 3.2,MODEL_DERIVED,Example geographically nonlocal electrically similar pair,results/problem_3_2/constraint_groups_final_20260910_v3/07_nonlocal_similar_bus_pairs.csv,1924b48123b679bfceb65d906a5bbe55da897d4266b20e4bf6d0316e2406fcb2,bus_a=3934; bus_b=43844,complete row,"{""ac_component"": 3, ""bus_a"": 3934, ""bus_b"": ""43844"", ""electrical_response_cosine"": 0.9972627113287572, ""electrical_response_distance"": 0.0146014760896213, ""geographic_distance_km"": 154.73839607084423, ""response_zone_a"": ""C003-Z001"", ""response_zone_b"": ""C003-Z001"", ""same_response_zone"": true}","{""ac_component"": 3, ""bus_a"": 3934, ""bus_b"": ""43844"", ""electrical_response_cosine"": 0.9972627113287572, ""electrical_response_distance"": 0.0146014760896213, ""geographic_distance_km"": 154.73839607084423, ""response_zone_a"": ""C003-Z001"", ""response_zone_b"": ""C003-Z001"", ""same_response_zone"": true}",mixed,168-hour all-island model,src/problem_3_2/q32_constraint_groups/core.py::merge_similar_modes lines 199-281,,,Planning signal; not an official operational Constraint Group
