renewable_resource,carrier,installed_capacity_mw,official_connection_bus,response_zone_id,constraint_group_count,mode_id,branch,flow_sign,normalized_positive_relief,relief_mw_per_mw_curtailment,mapping_method
10271-1,hydro,21.0,1021,C003-Z001,6,T3464-3462-34641-1-w1::+1,T3464-3462-34641-1-w1,1,0.24983459035857575,0.13099572477062332,official_model_generator_bus_assignment
10271-1,hydro,21.0,1021,C003-Z001,6,T3464-3462-34641-1-w2::-1,T3464-3462-34641-1-w2,-1,0.6220972370562496,0.130995724770544,official_model_generator_bus_assignment
10271-1,hydro,21.0,1021,C003-Z001,6,T3934-3942-39402-1-w1::+1,T3934-3942-39402-1-w1,1,0.23998002681477054,0.12687309785253337,official_model_generator_bus_assignment
10271-1,hydro,21.0,1021,C003-Z001,6,1122-1742-1::+1,1122-1742-1,1,0.062392768269780255,0.03507209561649339,official_model_generator_bus_assignment
10271-1,hydro,21.0,1021,C003-Z001,6,3082-3122-1::-1,3082-3122-1,-1,0.05529111377160289,0.03659917401848073,official_model_generator_bus_assignment
10271-1,hydro,21.0,1021,C003-Z001,6,2561-3781-1::+1,2561-3781-1,1,0.9999999999640808,0.012039979995828558,official_model_generator_bus_assignment
10272-2,hydro,22.0,1021,C003-Z001,6,T3464-3462-34641-1-w1::+1,T3464-3462-34641-1-w1,1,0.24983459035857575,0.13099572477062332,official_model_generator_bus_assignment
10272-2,hydro,22.0,1021,C003-Z001,6,T3464-3462-34641-1-w2::-1,T3464-3462-34641-1-w2,-1,0.6220972370562496,0.130995724770544,official_model_generator_bus_assignment
10272-2,hydro,22.0,1021,C003-Z001,6,T3934-3942-39402-1-w1::+1,T3934-3942-39402-1-w1,1,0.23998002681477054,0.12687309785253337,official_model_generator_bus_assignment
10272-2,hydro,22.0,1021,C003-Z001,6,1122-1742-1::+1,1122-1742-1,1,0.062392768269780255,0.03507209561649339,official_model_generator_bus_assignment
10272-2,hydro,22.0,1021,C003-Z001,6,3082-3122-1::-1,3082-3122-1,-1,0.05529111377160289,0.03659917401848073,official_model_generator_bus_assignment
10272-2,hydro,22.0,1021,C003-Z001,6,2561-3781-1::+1,2561-3781-1,1,0.9999999999640808,0.012039979995828558,official_model_generator_bus_assignment
10273-3,hydro,19.0,1021,C003-Z001,6,T3464-3462-34641-1-w1::+1,T3464-3462-34641-1-w1,1,0.24983459035857575,0.13099572477062332,official_model_generator_bus_assignment
10273-3,hydro,19.0,1021,C003-Z001,6,T3464-3462-34641-1-w2::-1,T3464-3462-34641-1-w2,-1,0.6220972370562496,0.130995724770544,official_model_generator_bus_assignment
10273-3,hydro,19.0,1021,C003-Z001,6,T3934-3942-39402-1-w1::+1,T3934-3942-39402-1-w1,1,0.23998002681477054,0.12687309785253337,official_model_generator_bus_assignment
10273-3,hydro,19.0,1021,C003-Z001,6,1122-1742-1::+1,1122-1742-1,1,0.062392768269780255,0.03507209561649339,official_model_generator_bus_assignment
10273-3,hydro,19.0,1021,C003-Z001,6,3082-3122-1::-1,3082-3122-1,-1,0.05529111377160289,0.03659917401848073,official_model_generator_bus_assignment
10273-3,hydro,19.0,1021,C003-Z001,6,2561-3781-1::+1,2561-3781-1,1,0.9999999999640808,0.012039979995828558,official_model_generator_bus_assignment
10274-4,hydro,24.0,1021,C003-Z001,6,T3464-3462-34641-1-w1::+1,T3464-3462-34641-1-w1,1,0.24983459035857575,0.13099572477062332,official_model_generator_bus_assignment
10274-4,hydro,24.0,1021,C003-Z001,6,T3464-3462-34641-1-w2::-1,T3464-3462-34641-1-w2,-1,0.6220972370562496,0.130995724770544,official_model_generator_bus_assignment
10274-4,hydro,24.0,1021,C003-Z001,6,T3934-3942-39402-1-w1::+1,T3934-3942-39402-1-w1,1,0.23998002681477054,0.12687309785253337,official_model_generator_bus_assignment
10274-4,hydro,24.0,1021,C003-Z001,6,1122-1742-1::+1,1122-1742-1,1,0.062392768269780255,0.03507209561649339,official_model_generator_bus_assignment
10274-4,hydro,24.0,1021,C003-Z001,6,3082-3122-1::-1,3082-3122-1,-1,0.05529111377160289,0.03659917401848073,official_model_generator_bus_assignment
10274-4,hydro,24.0,1021,C003-Z001,6,2561-3781-1::+1,2561-3781-1,1,0.9999999999640808,0.012039979995828558,official_model_generator_bus_assignment
10275-3,wind,7.5,1021,C003-Z001,6,T3464-3462-34641-1-w1::+1,T3464-3462-34641-1-w1,1,0.24983459035857575,0.13099572477062332,official_model_generator_bus_assignment
10275-3,wind,7.5,1021,C003-Z001,6,T3464-3462-34641-1-w2::-1,T3464-3462-34641-1-w2,-1,0.6220972370562496,0.130995724770544,official_model_generator_bus_assignment
10275-3,wind,7.5,1021,C003-Z001,6,T3934-3942-39402-1-w1::+1,T3934-3942-39402-1-w1,1,0.23998002681477054,0.12687309785253337,official_model_generator_bus_assignment
10275-3,wind,7.5,1021,C003-Z001,6,1122-1742-1::+1,1122-1742-1,1,0.062392768269780255,0.03507209561649339,official_model_generator_bus_assignment
10275-3,wind,7.5,1021,C003-Z001,6,3082-3122-1::-1,3082-3122-1,-1,0.05529111377160289,0.03659917401848073,official_model_generator_bus_assignment
10275-3,wind,7.5,1021,C003-Z001,6,2561-3781-1::+1,2561-3781-1,1,0.9999999999640808,0.012039979995828558,official_model_generator_bus_assignment
10276-2,wind,0.66,1021,C003-Z001,6,T3464-3462-34641-1-w1::+1,T3464-3462-34641-1-w1,1,0.24983459035857575,0.13099572477062332,official_model_generator_bus_assignment
10276-2,wind,0.66,1021,C003-Z001,6,T3464-3462-34641-1-w2::-1,T3464-3462-34641-1-w2,-1,0.6220972370562496,0.130995724770544,official_model_generator_bus_assignment
10276-2,wind,0.66,1021,C003-Z001,6,T3934-3942-39402-1-w1::+1,T3934-3942-39402-1-w1,1,0.23998002681477054,0.12687309785253337,official_model_generator_bus_assignment
10276-2,wind,0.66,1021,C003-Z001,6,1122-1742-1::+1,1122-1742-1,1,0.062392768269780255,0.03507209561649339,official_model_generator_bus_assignment
10276-2,wind,0.66,1021,C003-Z001,6,3082-3122-1::-1,3082-3122-1,-1,0.05529111377160289,0.03659917401848073,official_model_generator_bus_assignment
10276-2,wind,0.66,1021,C003-Z001,6,2561-3781-1::+1,2561-3781-1,1,0.9999999999640808,0.012039979995828558,official_model_generator_bus_assignment
10277-1,solar,4.0,1021,C003-Z001,6,T3464-3462-34641-1-w1::+1,T3464-3462-34641-1-w1,1,0.24983459035857575,0.13099572477062332,official_model_generator_bus_assignment
10277-1,solar,4.0,1021,C003-Z001,6,T3464-3462-34641-1-w2::-1,T3464-3462-34641-1-w2,-1,0.6220972370562496,0.130995724770544,official_model_generator_bus_assignment
10277-1,solar,4.0,1021,C003-Z001,6,T3934-3942-39402-1-w1::+1,T3934-3942-39402-1-w1,1,0.23998002681477054,0.12687309785253337,official_model_generator_bus_assignment
10277-1,solar,4.0,1021,C003-Z001,6,1122-1742-1::+1,1122-1742-1,1,0.062392768269780255,0.03507209561649339,official_model_generator_bus_assignment
10277-1,solar,4.0,1021,C003-Z001,6,3082-3122-1::-1,3082-3122-1,-1,0.05529111377160289,0.03659917401848073,official_model_generator_bus_assignment
10277-1,solar,4.0,1021,C003-Z001,6,2561-3781-1::+1,2561-3781-1,1,0.9999999999640808,0.012039979995828558,official_model_generator_bus_assignment
10671-2,wind,4.8,1061,C003-Z001,4,3581-89516-1::+1,3581-89516-1,1,0.19481315854174996,0.10002300251415745,official_model_generator_bus_assignment
10671-2,wind,4.8,1061,C003-Z001,4,T89510-89515-1::-1,T89510-89515-1,-1,0.12672833709835324,0.10002300251409892,official_model_generator_bus_assignment
10671-2,wind,4.8,1061,C003-Z001,4,T89515-89516-1::-1,T89515-89516-1,-1,0.13752262940915405,0.10002300251429178,official_model_generator_bus_assignment
10671-2,wind,4.8,1061,C003-Z001,4,2561-3781-1::+1,2561-3781-1,1,0.9999999999632729,0.012039979995818831,official_model_generator_bus_assignment
10672-3,wind,5.0,1061,C003-Z001,4,3581-89516-1::+1,3581-89516-1,1,0.19481315854174996,0.10002300251415745,official_model_generator_bus_assignment
10672-3,wind,5.0,1061,C003-Z001,4,T89510-89515-1::-1,T89510-89515-1,-1,0.12672833709835324,0.10002300251409892,official_model_generator_bus_assignment
10672-3,wind,5.0,1061,C003-Z001,4,T89515-89516-1::-1,T89515-89516-1,-1,0.13752262940915405,0.10002300251429178,official_model_generator_bus_assignment
10672-3,wind,5.0,1061,C003-Z001,4,2561-3781-1::+1,2561-3781-1,1,0.9999999999632729,0.012039979995818831,official_model_generator_bus_assignment
10673-1,wind,1.2,1061,C003-Z001,4,3581-89516-1::+1,3581-89516-1,1,0.19481315854174996,0.10002300251415745,official_model_generator_bus_assignment
10673-1,wind,1.2,1061,C003-Z001,4,T89510-89515-1::-1,T89510-89515-1,-1,0.12672833709835324,0.10002300251409892,official_model_generator_bus_assignment
10673-1,wind,1.2,1061,C003-Z001,4,T89515-89516-1::-1,T89515-89516-1,-1,0.13752262940915405,0.10002300251429178,official_model_generator_bus_assignment
10673-1,wind,1.2,1061,C003-Z001,4,2561-3781-1::+1,2561-3781-1,1,0.9999999999632729,0.012039979995818831,official_model_generator_bus_assignment
10674-5,wind,4.6,1061,C003-Z001,4,3581-89516-1::+1,3581-89516-1,1,0.19481315854174996,0.10002300251415745,official_model_generator_bus_assignment
10674-5,wind,4.6,1061,C003-Z001,4,T89510-89515-1::-1,T89510-89515-1,-1,0.12672833709835324,0.10002300251409892,official_model_generator_bus_assignment
10674-5,wind,4.6,1061,C003-Z001,4,T89515-89516-1::-1,T89515-89516-1,-1,0.13752262940915405,0.10002300251429178,official_model_generator_bus_assignment
10674-5,wind,4.6,1061,C003-Z001,4,2561-3781-1::+1,2561-3781-1,1,0.9999999999632729,0.012039979995818831,official_model_generator_bus_assignment
10811-1,solar,4.0,1081,C003-Z001,6,T3464-3462-34641-1-w1::+1,T3464-3462-34641-1-w1,1,0.2538479739570774,0.1331000614540013,official_model_generator_bus_assignment
10811-1,solar,4.0,1081,C003-Z001,6,T3464-3462-34641-1-w2::-1,T3464-3462-34641-1-w2,-1,0.6320907085138011,0.13310006145390613,official_model_generator_bus_assignment
10811-1,solar,4.0,1081,C003-Z001,6,T3934-3942-39402-1-w1::+1,T3934-3942-39402-1-w1,1,0.24182457080214917,0.12784827488251438,official_model_generator_bus_assignment
10811-1,solar,4.0,1081,C003-Z001,6,1122-1742-1::+1,1122-1742-1,1,0.07121877983378191,0.040033355231493845,official_model_generator_bus_assignment
10811-1,solar,4.0,1081,C003-Z001,6,3082-3122-1::-1,3082-3122-1,-1,0.06076140873962139,0.04022015872669173,official_model_generator_bus_assignment
10811-1,solar,4.0,1081,C003-Z001,6,2561-3781-1::+1,2561-3781-1,1,0.9999999999659097,0.012039979995850578,official_model_generator_bus_assignment
10872-1,solar,4.0,1081,C003-Z001,6,T3464-3462-34641-1-w1::+1,T3464-3462-34641-1-w1,1,0.2538479739570774,0.1331000614540013,official_model_generator_bus_assignment
10872-1,solar,4.0,1081,C003-Z001,6,T3464-3462-34641-1-w2::-1,T3464-3462-34641-1-w2,-1,0.6320907085138011,0.13310006145390613,official_model_generator_bus_assignment
10872-1,solar,4.0,1081,C003-Z001,6,T3934-3942-39402-1-w1::+1,T3934-3942-39402-1-w1,1,0.24182457080214917,0.12784827488251438,official_model_generator_bus_assignment
10872-1,solar,4.0,1081,C003-Z001,6,1122-1742-1::+1,1122-1742-1,1,0.07121877983378191,0.040033355231493845,official_model_generator_bus_assignment
10872-1,solar,4.0,1081,C003-Z001,6,3082-3122-1::-1,3082-3122-1,-1,0.06076140873962139,0.04022015872669173,official_model_generator_bus_assignment
10872-1,solar,4.0,1081,C003-Z001,6,2561-3781-1::+1,2561-3781-1,1,0.9999999999659097,0.012039979995850578,official_model_generator_bus_assignment
11262-1,wind,800.0,11261,C003-Z001,4,1122-11260-1::-1,1122-11260-1,-1,1.0,1.0000000000000295,official_model_generator_bus_assignment
11262-1,wind,800.0,11261,C003-Z001,4,1122-1742-1::+1,1122-1742-1,1,1.0,0.5621179599668517,official_model_generator_bus_assignment
11262-1,wind,800.0,11261,C003-Z001,4,3082-3122-1::-1,3082-3122-1,-1,0.5639961968072714,0.373329338923755,official_model_generator_bus_assignment
11262-1,wind,800.0,11261,C003-Z001,4,2561-3781-1::+1,2561-3781-1,1,0.9999999999600884,0.012039979995780489,official_model_generator_bus_assignment
11271-1,wind,25.2,1121,C003-Z001,3,1122-1742-1::+1,1122-1742-1,1,0.8325405977811493,0.46798602241432286,official_model_generator_bus_assignment
11271-1,wind,25.2,1121,C003-Z001,3,3082-3122-1::-1,3082-3122-1,-1,0.5641047573259386,0.373401199030076,official_model_generator_bus_assignment
11271-1,wind,25.2,1121,C003-Z001,3,2561-3781-1::+1,2561-3781-1,1,0.9999999999593902,0.012039979995772082,official_model_generator_bus_assignment
11272-1,solar,4.0,1121,C003-Z001,3,1122-1742-1::+1,1122-1742-1,1,0.8325405977811493,0.46798602241432286,official_model_generator_bus_assignment
11272-1,solar,4.0,1121,C003-Z001,3,3082-3122-1::-1,3082-3122-1,-1,0.5641047573259386,0.373401199030076,official_model_generator_bus_assignment
11272-1,solar,4.0,1121,C003-Z001,3,2561-3781-1::+1,2561-3781-1,1,0.9999999999593902,0.012039979995772082,official_model_generator_bus_assignment
11273-1,wind,39.99,1121,C003-Z001,3,1122-1742-1::+1,1122-1742-1,1,0.8325405977811493,0.46798602241432286,official_model_generator_bus_assignment
11273-1,wind,39.99,1121,C003-Z001,3,3082-3122-1::-1,3082-3122-1,-1,0.5641047573259386,0.373401199030076,official_model_generator_bus_assignment
11273-1,wind,39.99,1121,C003-Z001,3,2561-3781-1::+1,2561-3781-1,1,0.9999999999593902,0.012039979995772082,official_model_generator_bus_assignment
11274-1,solar,10.0,1121,C003-Z001,3,1122-1742-1::+1,1122-1742-1,1,0.8325405977811493,0.46798602241432286,official_model_generator_bus_assignment
11274-1,solar,10.0,1121,C003-Z001,3,3082-3122-1::-1,3082-3122-1,-1,0.5641047573259386,0.373401199030076,official_model_generator_bus_assignment
11274-1,solar,10.0,1121,C003-Z001,3,2561-3781-1::+1,2561-3781-1,1,0.9999999999593902,0.012039979995772082,official_model_generator_bus_assignment
11275-1,solar,22.0,1121,C003-Z001,3,1122-1742-1::+1,1122-1742-1,1,0.8325405977811493,0.46798602241432286,official_model_generator_bus_assignment
11275-1,solar,22.0,1121,C003-Z001,3,3082-3122-1::-1,3082-3122-1,-1,0.5641047573259386,0.373401199030076,official_model_generator_bus_assignment
11275-1,solar,22.0,1121,C003-Z001,3,2561-3781-1::+1,2561-3781-1,1,0.9999999999593902,0.012039979995772082,official_model_generator_bus_assignment
11371-1,wind,34.35,1131,C003-Z001,4,T3464-3462-34641-1-w1::+1,T3464-3462-34641-1-w1,1,0.39150812506401467,0.20527938314202301,official_model_generator_bus_assignment
11371-1,wind,34.35,1131,C003-Z001,4,T3464-3462-34641-1-w2::-1,T3464-3462-34641-1-w2,-1,0.9748695028093264,0.20527938314193267,official_model_generator_bus_assignment
11371-1,wind,34.35,1131,C003-Z001,4,T3934-3942-39402-1-w1::+1,T3934-3942-39402-1-w1,1,0.3669415802132386,0.19399537382538548,official_model_generator_bus_assignment
11371-1,wind,34.35,1131,C003-Z001,4,2561-3781-1::+1,2561-3781-1,1,0.9999999999634446,0.012039979995820897,official_model_generator_bus_assignment
11372-1,wind,23.15,11310,C003-Z001,4,T3464-3462-34641-1-w1::+1,T3464-3462-34641-1-w1,1,0.39150812506401517,0.2052793831420233,official_model_generator_bus_assignment
11372-1,wind,23.15,11310,C003-Z001,4,T3464-3462-34641-1-w2::-1,T3464-3462-34641-1-w2,-1,0.974869502809328,0.205279383141933,official_model_generator_bus_assignment
11372-1,wind,23.15,11310,C003-Z001,4,T3934-3942-39402-1-w1::+1,T3934-3942-39402-1-w1,1,0.3669415802132388,0.1939953738253856,official_model_generator_bus_assignment
11372-1,wind,23.15,11310,C003-Z001,4,2561-3781-1::+1,2561-3781-1,1,0.9999999999634458,0.012039979995820913,official_model_generator_bus_assignment
11412-1,solar,4.0,1141,C003-Z001,4,T3464-3462-34641-1-w1::+1,T3464-3462-34641-1-w1,1,0.06486144077633094,0.03400878730190085,official_model_generator_bus_assignment
11412-1,solar,4.0,1141,C003-Z001,4,T3464-3462-34641-1-w2::-1,T3464-3462-34641-1-w2,-1,0.16150735188625862,0.034008787301845464,official_model_generator_bus_assignment
11412-1,solar,4.0,1141,C003-Z001,4,T3934-3942-39402-1-w1::+1,T3934-3942-39402-1-w1,1,0.06372300593430479,0.03368920019998518,official_model_generator_bus_assignment
11412-1,solar,4.0,1141,C003-Z001,4,2561-3781-1::+1,2561-3781-1,1,0.9999999999665569,0.012039979995858369,official_model_generator_bus_assignment
11424-1,solar,4.0,1141,C003-Z001,4,T3464-3462-34641-1-w1::+1,T3464-3462-34641-1-w1,1,0.06486144077633094,0.03400878730190085,official_model_generator_bus_assignment
11424-1,solar,4.0,1141,C003-Z001,4,T3464-3462-34641-1-w2::-1,T3464-3462-34641-1-w2,-1,0.16150735188625862,0.034008787301845464,official_model_generator_bus_assignment
11424-1,solar,4.0,1141,C003-Z001,4,T3934-3942-39402-1-w1::+1,T3934-3942-39402-1-w1,1,0.06372300593430479,0.03368920019998518,official_model_generator_bus_assignment
11424-1,solar,4.0,1141,C003-Z001,4,2561-3781-1::+1,2561-3781-1,1,0.9999999999665569,0.012039979995858369,official_model_generator_bus_assignment
11471-1,wind,0.9,1141,C003-Z001,4,T3464-3462-34641-1-w1::+1,T3464-3462-34641-1-w1,1,0.06486144077633094,0.03400878730190085,official_model_generator_bus_assignment
11471-1,wind,0.9,1141,C003-Z001,4,T3464-3462-34641-1-w2::-1,T3464-3462-34641-1-w2,-1,0.16150735188625862,0.034008787301845464,official_model_generator_bus_assignment
11471-1,wind,0.9,1141,C003-Z001,4,T3934-3942-39402-1-w1::+1,T3934-3942-39402-1-w1,1,0.06372300593430479,0.03368920019998518,official_model_generator_bus_assignment
11471-1,wind,0.9,1141,C003-Z001,4,2561-3781-1::+1,2561-3781-1,1,0.9999999999665569,0.012039979995858369,official_model_generator_bus_assignment
11571-1,solar,50.0,1151,C003-Z001,5,T3464-3462-34641-1-w1::+1,T3464-3462-34641-1-w1,1,0.3215853411323468,0.16861678271522781,official_model_generator_bus_assignment
11571-1,solar,50.0,1151,C003-Z001,5,T3464-3462-34641-1-w2::-1,T3464-3462-34641-1-w2,-1,0.8007592219678413,0.1686167827150945,official_model_generator_bus_assignment
11571-1,solar,50.0,1151,C003-Z001,5,T3934-3942-39402-1-w1::+1,T3934-3942-39402-1-w1,1,0.3036611680820429,0.16054016496057974,official_model_generator_bus_assignment
11571-1,solar,50.0,1151,C003-Z001,5,3082-3122-1::-1,3082-3122-1,-1,0.051539314114174915,0.0341157230771252,official_model_generator_bus_assignment
11571-1,solar,50.0,1151,C003-Z001,5,2561-3781-1::+1,2561-3781-1,1,0.9999999999701596,0.012039979995901747,official_model_generator_bus_assignment
12271-1,solar,4.99,1221,C003-Z001,3,1122-1742-1::+1,1122-1742-1,1,0.08174870964105473,0.04595241789335218,official_model_generator_bus_assignment
12271-1,solar,4.99,1221,C003-Z001,3,3082-3122-1::-1,3082-3122-1,-1,0.08580861511085124,0.056799804209041446,official_model_generator_bus_assignment
12271-1,solar,4.99,1221,C003-Z001,3,2561-3781-1::+1,2561-3781-1,1,0.9999999999627222,0.0120399799958122,official_model_generator_bus_assignment
12371-1,wind,31.5,1231,C003-Z001,3,1122-1742-1::+1,1122-1742-1,1,0.6630136712759054,0.37269189232774474,official_model_generator_bus_assignment
12371-1,wind,31.5,1231,C003-Z001,3,3082-3122-1::-1,3082-3122-1,-1,0.4179099075666925,0.2766295772999251,official_model_generator_bus_assignment
12371-1,wind,31.5,1231,C003-Z001,3,2561-3781-1::+1,2561-3781-1,1,0.999999999959881,0.012039979995777992,official_model_generator_bus_assignment
12372-2,wind,10.5,1231,C003-Z001,3,1122-1742-1::+1,1122-1742-1,1,0.6630136712759054,0.37269189232774474,official_model_generator_bus_assignment
12372-2,wind,10.5,1231,C003-Z001,3,3082-3122-1::-1,3082-3122-1,-1,0.4179099075666925,0.2766295772999251,official_model_generator_bus_assignment
12372-2,wind,10.5,1231,C003-Z001,3,2561-3781-1::+1,2561-3781-1,1,0.999999999959881,0.012039979995777992,official_model_generator_bus_assignment
12571-1,wind,19.45,1251,C003-Z001,4,T3464-3462-34641-1-w1::+1,T3464-3462-34641-1-w1,1,0.273261231269172,0.14327901108666227,official_model_generator_bus_assignment
12571-1,wind,19.45,1251,C003-Z001,4,T3464-3462-34641-1-w2::-1,T3464-3462-34641-1-w2,-1,0.6804304268803594,0.1432790110865963,official_model_generator_bus_assignment
12571-1,wind,19.45,1251,C003-Z001,4,T3934-3942-39402-1-w1::+1,T3934-3942-39402-1-w1,1,0.28180756288334335,0.14898655932261842,official_model_generator_bus_assignment
12571-1,wind,19.45,1251,C003-Z001,4,2561-3781-1::+1,2561-3781-1,1,0.9999999999628071,0.012039979995813223,official_model_generator_bus_assignment
12572-1,wind,12.0,1251,C003-Z001,4,T3464-3462-34641-1-w1::+1,T3464-3462-34641-1-w1,1,0.273261231269172,0.14327901108666227,official_model_generator_bus_assignment
12572-1,wind,12.0,1251,C003-Z001,4,T3464-3462-34641-1-w2::-1,T3464-3462-34641-1-w2,-1,0.6804304268803594,0.1432790110865963,official_model_generator_bus_assignment
12572-1,wind,12.0,1251,C003-Z001,4,T3934-3942-39402-1-w1::+1,T3934-3942-39402-1-w1,1,0.28180756288334335,0.14898655932261842,official_model_generator_bus_assignment
12572-1,wind,12.0,1251,C003-Z001,4,2561-3781-1::+1,2561-3781-1,1,0.9999999999628071,0.012039979995813223,official_model_generator_bus_assignment
12574-1,wind,13.399,1251,C003-Z001,4,T3464-3462-34641-1-w1::+1,T3464-3462-34641-1-w1,1,0.273261231269172,0.14327901108666227,official_model_generator_bus_assignment
12574-1,wind,13.399,1251,C003-Z001,4,T3464-3462-34641-1-w2::-1,T3464-3462-34641-1-w2,-1,0.6804304268803594,0.1432790110865963,official_model_generator_bus_assignment
12574-1,wind,13.399,1251,C003-Z001,4,T3934-3942-39402-1-w1::+1,T3934-3942-39402-1-w1,1,0.28180756288334335,0.14898655932261842,official_model_generator_bus_assignment
12574-1,wind,13.399,1251,C003-Z001,4,2561-3781-1::+1,2561-3781-1,1,0.9999999999628071,0.012039979995813223,official_model_generator_bus_assignment
12575-1,wind,15.0,1251,C003-Z001,4,T3464-3462-34641-1-w1::+1,T3464-3462-34641-1-w1,1,0.273261231269172,0.14327901108666227,official_model_generator_bus_assignment
12575-1,wind,15.0,1251,C003-Z001,4,T3464-3462-34641-1-w2::-1,T3464-3462-34641-1-w2,-1,0.6804304268803594,0.1432790110865963,official_model_generator_bus_assignment
12575-1,wind,15.0,1251,C003-Z001,4,T3934-3942-39402-1-w1::+1,T3934-3942-39402-1-w1,1,0.28180756288334335,0.14898655932261842,official_model_generator_bus_assignment
12575-1,wind,15.0,1251,C003-Z001,4,2561-3781-1::+1,2561-3781-1,1,0.9999999999628071,0.012039979995813223,official_model_generator_bus_assignment
12576-1,wind,10.2,1251,C003-Z001,4,T3464-3462-34641-1-w1::+1,T3464-3462-34641-1-w1,1,0.273261231269172,0.14327901108666227,official_model_generator_bus_assignment
12576-1,wind,10.2,1251,C003-Z001,4,T3464-3462-34641-1-w2::-1,T3464-3462-34641-1-w2,-1,0.6804304268803594,0.1432790110865963,official_model_generator_bus_assignment
12576-1,wind,10.2,1251,C003-Z001,4,T3934-3942-39402-1-w1::+1,T3934-3942-39402-1-w1,1,0.28180756288334335,0.14898655932261842,official_model_generator_bus_assignment
12576-1,wind,10.2,1251,C003-Z001,4,2561-3781-1::+1,2561-3781-1,1,0.9999999999628071,0.012039979995813223,official_model_generator_bus_assignment
12577-1,wind,4.2,1251,C003-Z001,4,T3464-3462-34641-1-w1::+1,T3464-3462-34641-1-w1,1,0.273261231269172,0.14327901108666227,official_model_generator_bus_assignment
12577-1,wind,4.2,1251,C003-Z001,4,T3464-3462-34641-1-w2::-1,T3464-3462-34641-1-w2,-1,0.6804304268803594,0.1432790110865963,official_model_generator_bus_assignment
12577-1,wind,4.2,1251,C003-Z001,4,T3934-3942-39402-1-w1::+1,T3934-3942-39402-1-w1,1,0.28180756288334335,0.14898655932261842,official_model_generator_bus_assignment
12577-1,wind,4.2,1251,C003-Z001,4,2561-3781-1::+1,2561-3781-1,1,0.9999999999628071,0.012039979995813223,official_model_generator_bus_assignment
12771-1,solar,10.0,1271,C003-Z001,1,2561-3781-1::+1,2561-3781-1,1,0.9999999999601736,0.012039979995781516,official_model_generator_bus_assignment
12772-1,solar,7.14,1271,C003-Z001,1,2561-3781-1::+1,2561-3781-1,1,0.9999999999601736,0.012039979995781516,official_model_generator_bus_assignment
12872-DW,wind,8.4,1281,C003-Z001,6,T3464-3462-34641-1-w1::+1,T3464-3462-34641-1-w1,1,0.25999452408044027,0.13632288094866477,official_model_generator_bus_assignment
12872-DW,wind,8.4,1281,C003-Z001,6,T3464-3462-34641-1-w2::-1,T3464-3462-34641-1-w2,-1,0.6473958423772626,0.1363228809485586,official_model_generator_bus_assignment
12872-DW,wind,8.4,1281,C003-Z001,6,T3934-3942-39402-1-w1::+1,T3934-3942-39402-1-w1,1,0.24459731798503972,0.12931417614656723,official_model_generator_bus_assignment
12872-DW,wind,8.4,1281,C003-Z001,6,1122-1742-1::+1,1122-1742-1,1,0.1285443157833539,0.07225706855347366,official_model_generator_bus_assignment
12872-DW,wind,8.4,1281,C003-Z001,6,3082-3122-1::-1,3082-3122-1,-1,0.09921011355455416,0.06567073735167224,official_model_generator_bus_assignment
12872-DW,wind,8.4,1281,C003-Z001,6,2561-3781-1::+1,2561-3781-1,1,0.9999999999706236,0.012039979995907333,official_model_generator_bus_assignment
12873-1,wind,19.55,1281,C003-Z001,6,T3464-3462-34641-1-w1::+1,T3464-3462-34641-1-w1,1,0.25999452408044027,0.13632288094866477,official_model_generator_bus_assignment
12873-1,wind,19.55,1281,C003-Z001,6,T3464-3462-34641-1-w2::-1,T3464-3462-34641-1-w2,-1,0.6473958423772626,0.1363228809485586,official_model_generator_bus_assignment
12873-1,wind,19.55,1281,C003-Z001,6,T3934-3942-39402-1-w1::+1,T3934-3942-39402-1-w1,1,0.24459731798503972,0.12931417614656723,official_model_generator_bus_assignment
12873-1,wind,19.55,1281,C003-Z001,6,1122-1742-1::+1,1122-1742-1,1,0.1285443157833539,0.07225706855347366,official_model_generator_bus_assignment
12873-1,wind,19.55,1281,C003-Z001,6,3082-3122-1::-1,3082-3122-1,-1,0.09921011355455416,0.06567073735167224,official_model_generator_bus_assignment
12873-1,wind,19.55,1281,C003-Z001,6,2561-3781-1::+1,2561-3781-1,1,0.9999999999706236,0.012039979995907333,official_model_generator_bus_assignment
12874-1,wind,8.5,1281,C003-Z001,6,T3464-3462-34641-1-w1::+1,T3464-3462-34641-1-w1,1,0.25999452408044027,0.13632288094866477,official_model_generator_bus_assignment
12874-1,wind,8.5,1281,C003-Z001,6,T3464-3462-34641-1-w2::-1,T3464-3462-34641-1-w2,-1,0.6473958423772626,0.1363228809485586,official_model_generator_bus_assignment
12874-1,wind,8.5,1281,C003-Z001,6,T3934-3942-39402-1-w1::+1,T3934-3942-39402-1-w1,1,0.24459731798503972,0.12931417614656723,official_model_generator_bus_assignment
12874-1,wind,8.5,1281,C003-Z001,6,1122-1742-1::+1,1122-1742-1,1,0.1285443157833539,0.07225706855347366,official_model_generator_bus_assignment
12874-1,wind,8.5,1281,C003-Z001,6,3082-3122-1::-1,3082-3122-1,-1,0.09921011355455416,0.06567073735167224,official_model_generator_bus_assignment
12874-1,wind,8.5,1281,C003-Z001,6,2561-3781-1::+1,2561-3781-1,1,0.9999999999706236,0.012039979995907333,official_model_generator_bus_assignment
13011-1,solar,8.0,1301,C003-Z001,3,1122-1742-1::+1,1122-1742-1,1,0.48885962221157336,0.2747967735477354,official_model_generator_bus_assignment
13011-1,solar,8.0,1301,C003-Z001,3,3082-3122-1::-1,3082-3122-1,-1,0.628224250560242,0.4158441944913888,official_model_generator_bus_assignment
13011-1,solar,8.0,1301,C003-Z001,3,2561-3781-1::+1,2561-3781-1,1,0.9999999999594034,0.012039979995772242,official_model_generator_bus_assignment
13072-1,solar,9.9,1301,C003-Z001,3,1122-1742-1::+1,1122-1742-1,1,0.48885962221157336,0.2747967735477354,official_model_generator_bus_assignment
13072-1,solar,9.9,1301,C003-Z001,3,3082-3122-1::-1,3082-3122-1,-1,0.628224250560242,0.4158441944913888,official_model_generator_bus_assignment
13072-1,solar,9.9,1301,C003-Z001,3,2561-3781-1::+1,2561-3781-1,1,0.9999999999594034,0.012039979995772242,official_model_generator_bus_assignment
13170-1,wind,35.45,1311,C003-Z001,6,T3464-3462-34641-1-w1::+1,T3464-3462-34641-1-w1,1,0.331793206268798,0.17396907076305576,official_model_generator_bus_assignment
13170-1,wind,35.45,1311,C003-Z001,6,T3464-3462-34641-1-w2::-1,T3464-3462-34641-1-w2,-1,0.826177178258701,0.17396907076296136,official_model_generator_bus_assignment
13170-1,wind,35.45,1311,C003-Z001,6,T3934-3942-39402-1-w1::+1,T3934-3942-39402-1-w1,1,0.31136038349653383,0.16461060083658038,official_model_generator_bus_assignment
13170-1,wind,35.45,1311,C003-Z001,6,1122-1742-1::+1,1122-1742-1,1,0.0752155994438873,0.04228003931708179,official_model_generator_bus_assignment
13170-1,wind,35.45,1311,C003-Z001,6,3082-3122-1::-1,3082-3122-1,-1,0.06915991971682588,0.04577943477999299,official_model_generator_bus_assignment
13170-1,wind,35.45,1311,C003-Z001,6,2561-3781-1::+1,2561-3781-1,1,0.9999999999626686,0.012039979995811556,official_model_generator_bus_assignment
13171-1,wind,18.5,1311,C003-Z001,6,T3464-3462-34641-1-w1::+1,T3464-3462-34641-1-w1,1,0.331793206268798,0.17396907076305576,official_model_generator_bus_assignment
13171-1,wind,18.5,1311,C003-Z001,6,T3464-3462-34641-1-w2::-1,T3464-3462-34641-1-w2,-1,0.826177178258701,0.17396907076296136,official_model_generator_bus_assignment
13171-1,wind,18.5,1311,C003-Z001,6,T3934-3942-39402-1-w1::+1,T3934-3942-39402-1-w1,1,0.31136038349653383,0.16461060083658038,official_model_generator_bus_assignment
13171-1,wind,18.5,1311,C003-Z001,6,1122-1742-1::+1,1122-1742-1,1,0.0752155994438873,0.04228003931708179,official_model_generator_bus_assignment
13171-1,wind,18.5,1311,C003-Z001,6,3082-3122-1::-1,3082-3122-1,-1,0.06915991971682588,0.04577943477999299,official_model_generator_bus_assignment
13171-1,wind,18.5,1311,C003-Z001,6,2561-3781-1::+1,2561-3781-1,1,0.9999999999626686,0.012039979995811556,official_model_generator_bus_assignment
13172-1,wind,3.8,1311,C003-Z001,6,T3464-3462-34641-1-w1::+1,T3464-3462-34641-1-w1,1,0.331793206268798,0.17396907076305576,official_model_generator_bus_assignment
13172-1,wind,3.8,1311,C003-Z001,6,T3464-3462-34641-1-w2::-1,T3464-3462-34641-1-w2,-1,0.826177178258701,0.17396907076296136,official_model_generator_bus_assignment
13172-1,wind,3.8,1311,C003-Z001,6,T3934-3942-39402-1-w1::+1,T3934-3942-39402-1-w1,1,0.31136038349653383,0.16461060083658038,official_model_generator_bus_assignment
13172-1,wind,3.8,1311,C003-Z001,6,1122-1742-1::+1,1122-1742-1,1,0.0752155994438873,0.04228003931708179,official_model_generator_bus_assignment
13172-1,wind,3.8,1311,C003-Z001,6,3082-3122-1::-1,3082-3122-1,-1,0.06915991971682588,0.04577943477999299,official_model_generator_bus_assignment
13172-1,wind,3.8,1311,C003-Z001,6,2561-3781-1::+1,2561-3781-1,1,0.9999999999626686,0.012039979995811556,official_model_generator_bus_assignment
13371-1,solar,60.0,1331,C003-Z001,1,2561-3781-1::+1,2561-3781-1,1,0.9999999999633316,0.012039979995819537,official_model_generator_bus_assignment
13471-1,wind,0.66,1341,C003-Z001,4,3581-89516-1::+1,3581-89516-1,1,0.702451179758894,0.36065980678630183,official_model_generator_bus_assignment
13471-1,wind,0.66,1341,C003-Z001,4,T89510-89515-1::-1,T89510-89515-1,-1,0.4569530650289756,0.36065980678612053,official_model_generator_bus_assignment
13471-1,wind,0.66,1341,C003-Z001,4,T89515-89516-1::-1,T89515-89516-1,-1,0.49587478584675937,0.36065980678684445,official_model_generator_bus_assignment
13471-1,wind,0.66,1341,C003-Z001,4,2561-3781-1::+1,2561-3781-1,1,0.9999999999828167,0.012039979996054138,official_model_generator_bus_assignment
13472-DW,wind,2.55,1341,C003-Z001,4,3581-89516-1::+1,3581-89516-1,1,0.702451179758894,0.36065980678630183,official_model_generator_bus_assignment
13472-DW,wind,2.55,1341,C003-Z001,4,T89510-89515-1::-1,T89510-89515-1,-1,0.4569530650289756,0.36065980678612053,official_model_generator_bus_assignment
13472-DW,wind,2.55,1341,C003-Z001,4,T89515-89516-1::-1,T89515-89516-1,-1,0.49587478584675937,0.36065980678684445,official_model_generator_bus_assignment
13472-DW,wind,2.55,1341,C003-Z001,4,2561-3781-1::+1,2561-3781-1,1,0.9999999999828167,0.012039979996054138,official_model_generator_bus_assignment
13473-4,wind,9.99,1341,C003-Z001,4,3581-89516-1::+1,3581-89516-1,1,0.702451179758894,0.36065980678630183,official_model_generator_bus_assignment
13473-4,wind,9.99,1341,C003-Z001,4,T89510-89515-1::-1,T89510-89515-1,-1,0.4569530650289756,0.36065980678612053,official_model_generator_bus_assignment
13473-4,wind,9.99,1341,C003-Z001,4,T89515-89516-1::-1,T89515-89516-1,-1,0.49587478584675937,0.36065980678684445,official_model_generator_bus_assignment
13473-4,wind,9.99,1341,C003-Z001,4,2561-3781-1::+1,2561-3781-1,1,0.9999999999828167,0.012039979996054138,official_model_generator_bus_assignment
13474-1,wind,6.0,1341,C003-Z001,4,3581-89516-1::+1,3581-89516-1,1,0.702451179758894,0.36065980678630183,official_model_generator_bus_assignment
13474-1,wind,6.0,1341,C003-Z001,4,T89510-89515-1::-1,T89510-89515-1,-1,0.4569530650289756,0.36065980678612053,official_model_generator_bus_assignment
13474-1,wind,6.0,1341,C003-Z001,4,T89515-89516-1::-1,T89515-89516-1,-1,0.49587478584675937,0.36065980678684445,official_model_generator_bus_assignment
13474-1,wind,6.0,1341,C003-Z001,4,2561-3781-1::+1,2561-3781-1,1,0.9999999999828167,0.012039979996054138,official_model_generator_bus_assignment
13475-6,wind,7.65,1341,C003-Z001,4,3581-89516-1::+1,3581-89516-1,1,0.702451179758894,0.36065980678630183,official_model_generator_bus_assignment
13475-6,wind,7.65,1341,C003-Z001,4,T89510-89515-1::-1,T89510-89515-1,-1,0.4569530650289756,0.36065980678612053,official_model_generator_bus_assignment
13475-6,wind,7.65,1341,C003-Z001,4,T89515-89516-1::-1,T89515-89516-1,-1,0.49587478584675937,0.36065980678684445,official_model_generator_bus_assignment
13475-6,wind,7.65,1341,C003-Z001,4,2561-3781-1::+1,2561-3781-1,1,0.9999999999828167,0.012039979996054138,official_model_generator_bus_assignment
13476-3,wind,11.9,1341,C003-Z001,4,3581-89516-1::+1,3581-89516-1,1,0.702451179758894,0.36065980678630183,official_model_generator_bus_assignment
13476-3,wind,11.9,1341,C003-Z001,4,T89510-89515-1::-1,T89510-89515-1,-1,0.4569530650289756,0.36065980678612053,official_model_generator_bus_assignment
13476-3,wind,11.9,1341,C003-Z001,4,T89515-89516-1::-1,T89515-89516-1,-1,0.49587478584675937,0.36065980678684445,official_model_generator_bus_assignment
13476-3,wind,11.9,1341,C003-Z001,4,2561-3781-1::+1,2561-3781-1,1,0.9999999999828167,0.012039979996054138,official_model_generator_bus_assignment
13477-2,wind,2.55,1341,C003-Z001,4,3581-89516-1::+1,3581-89516-1,1,0.702451179758894,0.36065980678630183,official_model_generator_bus_assignment
13477-2,wind,2.55,1341,C003-Z001,4,T89510-89515-1::-1,T89510-89515-1,-1,0.4569530650289756,0.36065980678612053,official_model_generator_bus_assignment
13477-2,wind,2.55,1341,C003-Z001,4,T89515-89516-1::-1,T89515-89516-1,-1,0.49587478584675937,0.36065980678684445,official_model_generator_bus_assignment
13477-2,wind,2.55,1341,C003-Z001,4,2561-3781-1::+1,2561-3781-1,1,0.9999999999828167,0.012039979996054138,official_model_generator_bus_assignment
13478-1,wind,3.0,1341,C003-Z001,4,3581-89516-1::+1,3581-89516-1,1,0.702451179758894,0.36065980678630183,official_model_generator_bus_assignment
13478-1,wind,3.0,1341,C003-Z001,4,T89510-89515-1::-1,T89510-89515-1,-1,0.4569530650289756,0.36065980678612053,official_model_generator_bus_assignment
13478-1,wind,3.0,1341,C003-Z001,4,T89515-89516-1::-1,T89515-89516-1,-1,0.49587478584675937,0.36065980678684445,official_model_generator_bus_assignment
13478-1,wind,3.0,1341,C003-Z001,4,2561-3781-1::+1,2561-3781-1,1,0.9999999999828167,0.012039979996054138,official_model_generator_bus_assignment
13479-9,wind,3.4,1341,C003-Z001,4,3581-89516-1::+1,3581-89516-1,1,0.702451179758894,0.36065980678630183,official_model_generator_bus_assignment
13479-9,wind,3.4,1341,C003-Z001,4,T89510-89515-1::-1,T89510-89515-1,-1,0.4569530650289756,0.36065980678612053,official_model_generator_bus_assignment
13479-9,wind,3.4,1341,C003-Z001,4,T89515-89516-1::-1,T89515-89516-1,-1,0.49587478584675937,0.36065980678684445,official_model_generator_bus_assignment
13479-9,wind,3.4,1341,C003-Z001,4,2561-3781-1::+1,2561-3781-1,1,0.9999999999828167,0.012039979996054138,official_model_generator_bus_assignment
13671-1,solar,5.8,1361,C003-Z001,6,T3464-3462-34641-1-w1::+1,T3464-3462-34641-1-w1,1,0.13017431410974453,0.06825427415335257,official_model_generator_bus_assignment
13671-1,solar,5.8,1361,C003-Z001,6,T3464-3462-34641-1-w2::-1,T3464-3462-34641-1-w2,-1,0.32413878729549817,0.06825427415325379,official_model_generator_bus_assignment
13671-1,solar,5.8,1361,C003-Z001,6,T3934-3942-39402-1-w1::+1,T3934-3942-39402-1-w1,1,0.12290441008108846,0.06497733771303202,official_model_generator_bus_assignment
13671-1,solar,5.8,1361,C003-Z001,6,1122-1742-1::+1,1122-1742-1,1,0.25238052935370914,0.1418676282956611,official_model_generator_bus_assignment
13671-1,solar,5.8,1361,C003-Z001,6,3082-3122-1::-1,3082-3122-1,-1,0.17264646669859998,0.11428089700777824,official_model_generator_bus_assignment
13671-1,solar,5.8,1361,C003-Z001,6,2561-3781-1::+1,2561-3781-1,1,0.999999999965516,0.012039979995845837,official_model_generator_bus_assignment
13871-1,solar,4.95,1381,C003-Z001,6,T3464-3462-34641-1-w1::+1,T3464-3462-34641-1-w1,1,0.23071788678364868,0.12097226710437876,official_model_generator_bus_assignment
13871-1,solar,4.95,1381,C003-Z001,6,T3464-3462-34641-1-w2::-1,T3464-3462-34641-1-w2,-1,0.5744959483052823,0.12097226710426102,official_model_generator_bus_assignment
13871-1,solar,4.95,1381,C003-Z001,6,T3934-3942-39402-1-w1::+1,T3934-3942-39402-1-w1,1,0.217294722546053,0.11487978796545262,official_model_generator_bus_assignment
13871-1,solar,4.95,1381,C003-Z001,6,1122-1742-1::+1,1122-1742-1,1,0.15184185616974932,0.0853530344277196,official_model_generator_bus_assignment
13871-1,solar,4.95,1381,C003-Z001,6,3082-3122-1::-1,3082-3122-1,-1,0.11249740651851382,0.07446607378550361,official_model_generator_bus_assignment
13871-1,solar,4.95,1381,C003-Z001,6,2561-3781-1::+1,2561-3781-1,1,0.99999999996914,0.01203997999588947,official_model_generator_bus_assignment
13872-1,wind,2.0,1381,C003-Z001,6,T3464-3462-34641-1-w1::+1,T3464-3462-34641-1-w1,1,0.23071788678364868,0.12097226710437876,official_model_generator_bus_assignment
13872-1,wind,2.0,1381,C003-Z001,6,T3464-3462-34641-1-w2::-1,T3464-3462-34641-1-w2,-1,0.5744959483052823,0.12097226710426102,official_model_generator_bus_assignment
13872-1,wind,2.0,1381,C003-Z001,6,T3934-3942-39402-1-w1::+1,T3934-3942-39402-1-w1,1,0.217294722546053,0.11487978796545262,official_model_generator_bus_assignment
13872-1,wind,2.0,1381,C003-Z001,6,1122-1742-1::+1,1122-1742-1,1,0.15184185616974932,0.0853530344277196,official_model_generator_bus_assignment
13872-1,wind,2.0,1381,C003-Z001,6,3082-3122-1::-1,3082-3122-1,-1,0.11249740651851382,0.07446607378550361,official_model_generator_bus_assignment
13872-1,wind,2.0,1381,C003-Z001,6,2561-3781-1::+1,2561-3781-1,1,0.99999999996914,0.01203997999588947,official_model_generator_bus_assignment
13873-1,solar,2.5,1381,C003-Z001,6,T3464-3462-34641-1-w1::+1,T3464-3462-34641-1-w1,1,0.23071788678364868,0.12097226710437876,official_model_generator_bus_assignment
13873-1,solar,2.5,1381,C003-Z001,6,T3464-3462-34641-1-w2::-1,T3464-3462-34641-1-w2,-1,0.5744959483052823,0.12097226710426102,official_model_generator_bus_assignment
13873-1,solar,2.5,1381,C003-Z001,6,T3934-3942-39402-1-w1::+1,T3934-3942-39402-1-w1,1,0.217294722546053,0.11487978796545262,official_model_generator_bus_assignment
13873-1,solar,2.5,1381,C003-Z001,6,1122-1742-1::+1,1122-1742-1,1,0.15184185616974932,0.0853530344277196,official_model_generator_bus_assignment
13873-1,solar,2.5,1381,C003-Z001,6,3082-3122-1::-1,3082-3122-1,-1,0.11249740651851382,0.07446607378550361,official_model_generator_bus_assignment
13873-1,solar,2.5,1381,C003-Z001,6,2561-3781-1::+1,2561-3781-1,1,0.99999999996914,0.01203997999588947,official_model_generator_bus_assignment
14073-3,wind,6.45,1401,C003-Z001,6,3581-89516-1::+1,3581-89516-1,1,0.1273010513369163,0.06536023271343079,official_model_generator_bus_assignment
14073-3,wind,6.45,1401,C003-Z001,6,T89510-89515-1::-1,T89510-89515-1,-1,0.08281088745533732,0.06536023271347416,official_model_generator_bus_assignment
14073-3,wind,6.45,1401,C003-Z001,6,T89515-89516-1::-1,T89515-89516-1,-1,0.08986443953462425,0.0653602327132267,official_model_generator_bus_assignment
14073-3,wind,6.45,1401,C003-Z001,6,T3464-3462-34641-1-w2::-1,T3464-3462-34641-1-w2,-1,0.10134150523988057,0.021339596348401227,official_model_generator_bus_assignment
14073-3,wind,6.45,1401,C003-Z001,6,3691-4041-1::+1,3691-4041-1,1,0.9915712952487129,0.5550766902017,official_model_generator_bus_assignment
14073-3,wind,6.45,1401,C003-Z001,6,2561-3781-1::+1,2561-3781-1,1,0.9999999999538915,0.01203997999570588,official_model_generator_bus_assignment
14078-1,wind,2.5,1401,C003-Z001,6,3581-89516-1::+1,3581-89516-1,1,0.1273010513369163,0.06536023271343079,official_model_generator_bus_assignment
14078-1,wind,2.5,1401,C003-Z001,6,T89510-89515-1::-1,T89510-89515-1,-1,0.08281088745533732,0.06536023271347416,official_model_generator_bus_assignment
14078-1,wind,2.5,1401,C003-Z001,6,T89515-89516-1::-1,T89515-89516-1,-1,0.08986443953462425,0.0653602327132267,official_model_generator_bus_assignment
14078-1,wind,2.5,1401,C003-Z001,6,T3464-3462-34641-1-w2::-1,T3464-3462-34641-1-w2,-1,0.10134150523988057,0.021339596348401227,official_model_generator_bus_assignment
14078-1,wind,2.5,1401,C003-Z001,6,3691-4041-1::+1,3691-4041-1,1,0.9915712952487129,0.5550766902017,official_model_generator_bus_assignment
14078-1,wind,2.5,1401,C003-Z001,6,2561-3781-1::+1,2561-3781-1,1,0.9999999999538915,0.01203997999570588,official_model_generator_bus_assignment
14078-2,wind,1.3,1401,C003-Z001,6,3581-89516-1::+1,3581-89516-1,1,0.1273010513369163,0.06536023271343079,official_model_generator_bus_assignment
14078-2,wind,1.3,1401,C003-Z001,6,T89510-89515-1::-1,T89510-89515-1,-1,0.08281088745533732,0.06536023271347416,official_model_generator_bus_assignment
14078-2,wind,1.3,1401,C003-Z001,6,T89515-89516-1::-1,T89515-89516-1,-1,0.08986443953462425,0.0653602327132267,official_model_generator_bus_assignment
14078-2,wind,1.3,1401,C003-Z001,6,T3464-3462-34641-1-w2::-1,T3464-3462-34641-1-w2,-1,0.10134150523988057,0.021339596348401227,official_model_generator_bus_assignment
14078-2,wind,1.3,1401,C003-Z001,6,3691-4041-1::+1,3691-4041-1,1,0.9915712952487129,0.5550766902017,official_model_generator_bus_assignment
14078-2,wind,1.3,1401,C003-Z001,6,2561-3781-1::+1,2561-3781-1,1,0.9999999999538915,0.01203997999570588,official_model_generator_bus_assignment
14078-3,wind,1.19,1401,C003-Z001,6,3581-89516-1::+1,3581-89516-1,1,0.1273010513369163,0.06536023271343079,official_model_generator_bus_assignment
14078-3,wind,1.19,1401,C003-Z001,6,T89510-89515-1::-1,T89510-89515-1,-1,0.08281088745533732,0.06536023271347416,official_model_generator_bus_assignment
14078-3,wind,1.19,1401,C003-Z001,6,T89515-89516-1::-1,T89515-89516-1,-1,0.08986443953462425,0.0653602327132267,official_model_generator_bus_assignment
14078-3,wind,1.19,1401,C003-Z001,6,T3464-3462-34641-1-w2::-1,T3464-3462-34641-1-w2,-1,0.10134150523988057,0.021339596348401227,official_model_generator_bus_assignment
14078-3,wind,1.19,1401,C003-Z001,6,3691-4041-1::+1,3691-4041-1,1,0.9915712952487129,0.5550766902017,official_model_generator_bus_assignment
14078-3,wind,1.19,1401,C003-Z001,6,2561-3781-1::+1,2561-3781-1,1,0.9999999999538915,0.01203997999570588,official_model_generator_bus_assignment
14371-1,solar,4.99,1431,C003-Z001,3,1122-1742-1::+1,1122-1742-1,1,0.1126597423118194,0.06332806451871112,official_model_generator_bus_assignment
14371-1,solar,4.99,1431,C003-Z001,3,3082-3122-1::-1,3082-3122-1,-1,0.09878321188311513,0.0653881558029207,official_model_generator_bus_assignment
14371-1,solar,4.99,1431,C003-Z001,3,2561-3781-1::+1,2561-3781-1,1,0.9999999999594057,0.01203997999577227,official_model_generator_bus_assignment
14372-1,solar,35.0,1431,C003-Z001,3,1122-1742-1::+1,1122-1742-1,1,0.1126597423118194,0.06332806451871112,official_model_generator_bus_assignment
14372-1,solar,35.0,1431,C003-Z001,3,3082-3122-1::-1,3082-3122-1,-1,0.09878321188311513,0.0653881558029207,official_model_generator_bus_assignment
14372-1,solar,35.0,1431,C003-Z001,3,2561-3781-1::+1,2561-3781-1,1,0.9999999999594057,0.01203997999577227,official_model_generator_bus_assignment
14373-1,wind,45.0,1431,C003-Z001,3,1122-1742-1::+1,1122-1742-1,1,0.1126597423118194,0.06332806451871112,official_model_generator_bus_assignment
14373-1,wind,45.0,1431,C003-Z001,3,3082-3122-1::-1,3082-3122-1,-1,0.09878321188311513,0.0653881558029207,official_model_generator_bus_assignment
14373-1,wind,45.0,1431,C003-Z001,3,2561-3781-1::+1,2561-3781-1,1,0.9999999999594057,0.01203997999577227,official_model_generator_bus_assignment
14424-1,solar,4.95,1441,C003-Z001,6,T3464-3462-34641-1-w1::+1,T3464-3462-34641-1-w1,1,0.24787441304467295,0.129967945360474,official_model_generator_bus_assignment
14424-1,solar,4.95,1441,C003-Z001,6,T3464-3462-34641-1-w2::-1,T3464-3462-34641-1-w2,-1,0.6172163240913202,0.1299679453603534,official_model_generator_bus_assignment
14424-1,solar,4.95,1441,C003-Z001,6,T3934-3942-39402-1-w1::+1,T3934-3942-39402-1-w1,1,0.23330035627886123,0.1233416769056592,official_model_generator_bus_assignment
14424-1,solar,4.95,1441,C003-Z001,6,1122-1742-1::+1,1122-1742-1,1,0.13805441541697389,0.07760286635860564,official_model_generator_bus_assignment
14424-1,solar,4.95,1441,C003-Z001,6,3082-3122-1::-1,3082-3122-1,-1,0.10461675542144629,0.06924958778610892,official_model_generator_bus_assignment
14424-1,solar,4.95,1441,C003-Z001,6,2561-3781-1::+1,2561-3781-1,1,0.9999999999715663,0.012039979995918684,official_model_generator_bus_assignment
14424-2,solar,4.95,1441,C003-Z001,6,T3464-3462-34641-1-w1::+1,T3464-3462-34641-1-w1,1,0.24787441304467295,0.129967945360474,official_model_generator_bus_assignment
14424-2,solar,4.95,1441,C003-Z001,6,T3464-3462-34641-1-w2::-1,T3464-3462-34641-1-w2,-1,0.6172163240913202,0.1299679453603534,official_model_generator_bus_assignment
14424-2,solar,4.95,1441,C003-Z001,6,T3934-3942-39402-1-w1::+1,T3934-3942-39402-1-w1,1,0.23330035627886123,0.1233416769056592,official_model_generator_bus_assignment
14424-2,solar,4.95,1441,C003-Z001,6,1122-1742-1::+1,1122-1742-1,1,0.13805441541697389,0.07760286635860564,official_model_generator_bus_assignment
14424-2,solar,4.95,1441,C003-Z001,6,3082-3122-1::-1,3082-3122-1,-1,0.10461675542144629,0.06924958778610892,official_model_generator_bus_assignment
14424-2,solar,4.95,1441,C003-Z001,6,2561-3781-1::+1,2561-3781-1,1,0.9999999999715663,0.012039979995918684,official_model_generator_bus_assignment
14471-1,wind,4.0,1441,C003-Z001,6,T3464-3462-34641-1-w1::+1,T3464-3462-34641-1-w1,1,0.24787441304467295,0.129967945360474,official_model_generator_bus_assignment
14471-1,wind,4.0,1441,C003-Z001,6,T3464-3462-34641-1-w2::-1,T3464-3462-34641-1-w2,-1,0.6172163240913202,0.1299679453603534,official_model_generator_bus_assignment
14471-1,wind,4.0,1441,C003-Z001,6,T3934-3942-39402-1-w1::+1,T3934-3942-39402-1-w1,1,0.23330035627886123,0.1233416769056592,official_model_generator_bus_assignment
14471-1,wind,4.0,1441,C003-Z001,6,1122-1742-1::+1,1122-1742-1,1,0.13805441541697389,0.07760286635860564,official_model_generator_bus_assignment
14471-1,wind,4.0,1441,C003-Z001,6,3082-3122-1::-1,3082-3122-1,-1,0.10461675542144629,0.06924958778610892,official_model_generator_bus_assignment
14471-1,wind,4.0,1441,C003-Z001,6,2561-3781-1::+1,2561-3781-1,1,0.9999999999715663,0.012039979995918684,official_model_generator_bus_assignment
14472-1,wind,0.85,1441,C003-Z001,6,T3464-3462-34641-1-w1::+1,T3464-3462-34641-1-w1,1,0.24787441304467295,0.129967945360474,official_model_generator_bus_assignment
14472-1,wind,0.85,1441,C003-Z001,6,T3464-3462-34641-1-w2::-1,T3464-3462-34641-1-w2,-1,0.6172163240913202,0.1299679453603534,official_model_generator_bus_assignment
14472-1,wind,0.85,1441,C003-Z001,6,T3934-3942-39402-1-w1::+1,T3934-3942-39402-1-w1,1,0.23330035627886123,0.1233416769056592,official_model_generator_bus_assignment
14472-1,wind,0.85,1441,C003-Z001,6,1122-1742-1::+1,1122-1742-1,1,0.13805441541697389,0.07760286635860564,official_model_generator_bus_assignment
14472-1,wind,0.85,1441,C003-Z001,6,3082-3122-1::-1,3082-3122-1,-1,0.10461675542144629,0.06924958778610892,official_model_generator_bus_assignment
14472-1,wind,0.85,1441,C003-Z001,6,2561-3781-1::+1,2561-3781-1,1,0.9999999999715663,0.012039979995918684,official_model_generator_bus_assignment
14473-1,solar,5.95,1441,C003-Z001,6,T3464-3462-34641-1-w1::+1,T3464-3462-34641-1-w1,1,0.24787441304467295,0.129967945360474,official_model_generator_bus_assignment
14473-1,solar,5.95,1441,C003-Z001,6,T3464-3462-34641-1-w2::-1,T3464-3462-34641-1-w2,-1,0.6172163240913202,0.1299679453603534,official_model_generator_bus_assignment
14473-1,solar,5.95,1441,C003-Z001,6,T3934-3942-39402-1-w1::+1,T3934-3942-39402-1-w1,1,0.23330035627886123,0.1233416769056592,official_model_generator_bus_assignment
14473-1,solar,5.95,1441,C003-Z001,6,1122-1742-1::+1,1122-1742-1,1,0.13805441541697389,0.07760286635860564,official_model_generator_bus_assignment
14473-1,solar,5.95,1441,C003-Z001,6,3082-3122-1::-1,3082-3122-1,-1,0.10461675542144629,0.06924958778610892,official_model_generator_bus_assignment
14473-1,solar,5.95,1441,C003-Z001,6,2561-3781-1::+1,2561-3781-1,1,0.9999999999715663,0.012039979995918684,official_model_generator_bus_assignment
14474-1,wind,8.75,1441,C003-Z001,6,T3464-3462-34641-1-w1::+1,T3464-3462-34641-1-w1,1,0.24787441304467295,0.129967945360474,official_model_generator_bus_assignment
14474-1,wind,8.75,1441,C003-Z001,6,T3464-3462-34641-1-w2::-1,T3464-3462-34641-1-w2,-1,0.6172163240913202,0.1299679453603534,official_model_generator_bus_assignment
14474-1,wind,8.75,1441,C003-Z001,6,T3934-3942-39402-1-w1::+1,T3934-3942-39402-1-w1,1,0.23330035627886123,0.1233416769056592,official_model_generator_bus_assignment
14474-1,wind,8.75,1441,C003-Z001,6,1122-1742-1::+1,1122-1742-1,1,0.13805441541697389,0.07760286635860564,official_model_generator_bus_assignment
14474-1,wind,8.75,1441,C003-Z001,6,3082-3122-1::-1,3082-3122-1,-1,0.10461675542144629,0.06924958778610892,official_model_generator_bus_assignment
14474-1,wind,8.75,1441,C003-Z001,6,2561-3781-1::+1,2561-3781-1,1,0.9999999999715663,0.012039979995918684,official_model_generator_bus_assignment
14475-1,solar,4.95,1441,C003-Z001,6,T3464-3462-34641-1-w1::+1,T3464-3462-34641-1-w1,1,0.24787441304467295,0.129967945360474,official_model_generator_bus_assignment
14475-1,solar,4.95,1441,C003-Z001,6,T3464-3462-34641-1-w2::-1,T3464-3462-34641-1-w2,-1,0.6172163240913202,0.1299679453603534,official_model_generator_bus_assignment
14475-1,solar,4.95,1441,C003-Z001,6,T3934-3942-39402-1-w1::+1,T3934-3942-39402-1-w1,1,0.23330035627886123,0.1233416769056592,official_model_generator_bus_assignment
14475-1,solar,4.95,1441,C003-Z001,6,1122-1742-1::+1,1122-1742-1,1,0.13805441541697389,0.07760286635860564,official_model_generator_bus_assignment
14475-1,solar,4.95,1441,C003-Z001,6,3082-3122-1::-1,3082-3122-1,-1,0.10461675542144629,0.06924958778610892,official_model_generator_bus_assignment
14475-1,solar,4.95,1441,C003-Z001,6,2561-3781-1::+1,2561-3781-1,1,0.9999999999715663,0.012039979995918684,official_model_generator_bus_assignment
14476-1,solar,12.0,1441,C003-Z001,6,T3464-3462-34641-1-w1::+1,T3464-3462-34641-1-w1,1,0.24787441304467295,0.129967945360474,official_model_generator_bus_assignment
14476-1,solar,12.0,1441,C003-Z001,6,T3464-3462-34641-1-w2::-1,T3464-3462-34641-1-w2,-1,0.6172163240913202,0.1299679453603534,official_model_generator_bus_assignment
14476-1,solar,12.0,1441,C003-Z001,6,T3934-3942-39402-1-w1::+1,T3934-3942-39402-1-w1,1,0.23330035627886123,0.1233416769056592,official_model_generator_bus_assignment
14476-1,solar,12.0,1441,C003-Z001,6,1122-1742-1::+1,1122-1742-1,1,0.13805441541697389,0.07760286635860564,official_model_generator_bus_assignment
14476-1,solar,12.0,1441,C003-Z001,6,3082-3122-1::-1,3082-3122-1,-1,0.10461675542144629,0.06924958778610892,official_model_generator_bus_assignment
14476-1,solar,12.0,1441,C003-Z001,6,2561-3781-1::+1,2561-3781-1,1,0.9999999999715663,0.012039979995918684,official_model_generator_bus_assignment
14606-1,solar,15.0,1461,C003-Z001,6,T3464-3462-34641-1-w1::+1,T3464-3462-34641-1-w1,1,0.20806754435554278,0.10909601722875506,official_model_generator_bus_assignment
14606-1,solar,15.0,1461,C003-Z001,6,T3464-3462-34641-1-w2::-1,T3464-3462-34641-1-w2,-1,0.5180957700006313,0.10909601722865256,official_model_generator_bus_assignment
14606-1,solar,15.0,1461,C003-Z001,6,T3934-3942-39402-1-w1::+1,T3934-3942-39402-1-w1,1,0.1962988028486867,0.103779625132635,official_model_generator_bus_assignment
14606-1,solar,15.0,1461,C003-Z001,6,1122-1742-1::+1,1122-1742-1,1,0.16132649817973763,0.09068452204539013,official_model_generator_bus_assignment
14606-1,solar,15.0,1461,C003-Z001,6,3082-3122-1::-1,3082-3122-1,-1,0.11734361216605897,0.0776739513579562,official_model_generator_bus_assignment
14606-1,solar,15.0,1461,C003-Z001,6,2561-3781-1::+1,2561-3781-1,1,0.9999999999698547,0.012039979995898075,official_model_generator_bus_assignment
14771-1,wind,500.0,14720,C003-Z001,1,2561-3781-1::+1,2561-3781-1,1,0.9999999999613348,0.012039979995795496,official_model_generator_bus_assignment
14871-1,wind,1.7,1481,C003-Z001,6,T3464-3462-34641-1-w1::+1,T3464-3462-34641-1-w1,1,0.08302206870478096,0.043530946000432225,official_model_generator_bus_assignment
14871-1,wind,1.7,1481,C003-Z001,6,T3464-3462-34641-1-w2::-1,T3464-3462-34641-1-w2,-1,0.20672797742605398,0.043530946000369386,official_model_generator_bus_assignment
14871-1,wind,1.7,1481,C003-Z001,6,T3934-3942-39402-1-w1::+1,T3934-3942-39402-1-w1,1,0.07778420988959203,0.04112310430034835,official_model_generator_bus_assignment
14871-1,wind,1.7,1481,C003-Z001,6,1122-1742-1::+1,1122-1742-1,1,0.34025553840634176,0.19126374911639557,official_model_generator_bus_assignment
14871-1,wind,1.7,1481,C003-Z001,6,3082-3122-1::-1,3082-3122-1,-1,0.22792306592229344,0.15087046332569914,official_model_generator_bus_assignment
14871-1,wind,1.7,1481,C003-Z001,6,2561-3781-1::+1,2561-3781-1,1,0.9999999999609841,0.012039979995791273,official_model_generator_bus_assignment
14872-1,solar,3.95,1481,C003-Z001,6,T3464-3462-34641-1-w1::+1,T3464-3462-34641-1-w1,1,0.08302206870478096,0.043530946000432225,official_model_generator_bus_assignment
14872-1,solar,3.95,1481,C003-Z001,6,T3464-3462-34641-1-w2::-1,T3464-3462-34641-1-w2,-1,0.20672797742605398,0.043530946000369386,official_model_generator_bus_assignment
14872-1,solar,3.95,1481,C003-Z001,6,T3934-3942-39402-1-w1::+1,T3934-3942-39402-1-w1,1,0.07778420988959203,0.04112310430034835,official_model_generator_bus_assignment
14872-1,solar,3.95,1481,C003-Z001,6,1122-1742-1::+1,1122-1742-1,1,0.34025553840634176,0.19126374911639557,official_model_generator_bus_assignment
14872-1,solar,3.95,1481,C003-Z001,6,3082-3122-1::-1,3082-3122-1,-1,0.22792306592229344,0.15087046332569914,official_model_generator_bus_assignment
14872-1,solar,3.95,1481,C003-Z001,6,2561-3781-1::+1,2561-3781-1,1,0.9999999999609841,0.012039979995791273,official_model_generator_bus_assignment
14873-1,solar,32.7,1481,C003-Z001,6,T3464-3462-34641-1-w1::+1,T3464-3462-34641-1-w1,1,0.08302206870478096,0.043530946000432225,official_model_generator_bus_assignment
14873-1,solar,32.7,1481,C003-Z001,6,T3464-3462-34641-1-w2::-1,T3464-3462-34641-1-w2,-1,0.20672797742605398,0.043530946000369386,official_model_generator_bus_assignment
14873-1,solar,32.7,1481,C003-Z001,6,T3934-3942-39402-1-w1::+1,T3934-3942-39402-1-w1,1,0.07778420988959203,0.04112310430034835,official_model_generator_bus_assignment
14873-1,solar,32.7,1481,C003-Z001,6,1122-1742-1::+1,1122-1742-1,1,0.34025553840634176,0.19126374911639557,official_model_generator_bus_assignment
14873-1,solar,32.7,1481,C003-Z001,6,3082-3122-1::-1,3082-3122-1,-1,0.22792306592229344,0.15087046332569914,official_model_generator_bus_assignment
14873-1,solar,32.7,1481,C003-Z001,6,2561-3781-1::+1,2561-3781-1,1,0.9999999999609841,0.012039979995791273,official_model_generator_bus_assignment
14971-1,solar,85.0,1491,C003-Z001,1,2561-3781-1::+1,2561-3781-1,1,0.99999999995968,0.012039979995775572,official_model_generator_bus_assignment
15112-1,wind,12.0,1511,C003-Z001,4,T3464-3462-34641-1-w1::+1,T3464-3462-34641-1-w1,1,0.39150812506389737,0.2052793831419615,official_model_generator_bus_assignment
15112-1,wind,12.0,1511,C003-Z001,4,T3464-3462-34641-1-w2::-1,T3464-3462-34641-1-w2,-1,0.9748695028090586,0.20527938314187627,official_model_generator_bus_assignment
15112-1,wind,12.0,1511,C003-Z001,4,T3934-3942-39402-1-w1::+1,T3934-3942-39402-1-w1,1,0.36694158021312906,0.19399537382532758,official_model_generator_bus_assignment
15112-1,wind,12.0,1511,C003-Z001,4,2561-3781-1::+1,2561-3781-1,1,0.9999999999645863,0.012039979995834645,official_model_generator_bus_assignment
15171-TW,wind,46.0,1511,C003-Z001,4,T3464-3462-34641-1-w1::+1,T3464-3462-34641-1-w1,1,0.39150812506389737,0.2052793831419615,official_model_generator_bus_assignment
15171-TW,wind,46.0,1511,C003-Z001,4,T3464-3462-34641-1-w2::-1,T3464-3462-34641-1-w2,-1,0.9748695028090586,0.20527938314187627,official_model_generator_bus_assignment
15171-TW,wind,46.0,1511,C003-Z001,4,T3934-3942-39402-1-w1::+1,T3934-3942-39402-1-w1,1,0.36694158021312906,0.19399537382532758,official_model_generator_bus_assignment
15171-TW,wind,46.0,1511,C003-Z001,4,2561-3781-1::+1,2561-3781-1,1,0.9999999999645863,0.012039979995834645,official_model_generator_bus_assignment
15172-DW,wind,12.55,1511,C003-Z001,4,T3464-3462-34641-1-w1::+1,T3464-3462-34641-1-w1,1,0.39150812506389737,0.2052793831419615,official_model_generator_bus_assignment
15172-DW,wind,12.55,1511,C003-Z001,4,T3464-3462-34641-1-w2::-1,T3464-3462-34641-1-w2,-1,0.9748695028090586,0.20527938314187627,official_model_generator_bus_assignment
15172-DW,wind,12.55,1511,C003-Z001,4,T3934-3942-39402-1-w1::+1,T3934-3942-39402-1-w1,1,0.36694158021312906,0.19399537382532758,official_model_generator_bus_assignment
15172-DW,wind,12.55,1511,C003-Z001,4,2561-3781-1::+1,2561-3781-1,1,0.9999999999645863,0.012039979995834645,official_model_generator_bus_assignment
15174-DW,wind,20.0,1511,C003-Z001,4,T3464-3462-34641-1-w1::+1,T3464-3462-34641-1-w1,1,0.39150812506389737,0.2052793831419615,official_model_generator_bus_assignment
15174-DW,wind,20.0,1511,C003-Z001,4,T3464-3462-34641-1-w2::-1,T3464-3462-34641-1-w2,-1,0.9748695028090586,0.20527938314187627,official_model_generator_bus_assignment
15174-DW,wind,20.0,1511,C003-Z001,4,T3934-3942-39402-1-w1::+1,T3934-3942-39402-1-w1,1,0.36694158021312906,0.19399537382532758,official_model_generator_bus_assignment
15174-DW,wind,20.0,1511,C003-Z001,4,2561-3781-1::+1,2561-3781-1,1,0.9999999999645863,0.012039979995834645,official_model_generator_bus_assignment
15175-1,wind,9.999,1511,C003-Z001,4,T3464-3462-34641-1-w1::+1,T3464-3462-34641-1-w1,1,0.39150812506389737,0.2052793831419615,official_model_generator_bus_assignment
15175-1,wind,9.999,1511,C003-Z001,4,T3464-3462-34641-1-w2::-1,T3464-3462-34641-1-w2,-1,0.9748695028090586,0.20527938314187627,official_model_generator_bus_assignment
15175-1,wind,9.999,1511,C003-Z001,4,T3934-3942-39402-1-w1::+1,T3934-3942-39402-1-w1,1,0.36694158021312906,0.19399537382532758,official_model_generator_bus_assignment
15175-1,wind,9.999,1511,C003-Z001,4,2561-3781-1::+1,2561-3781-1,1,0.9999999999645863,0.012039979995834645,official_model_generator_bus_assignment
15271-1,wind,56.4,1521,C003-Z001,1,2561-3781-1::+1,2561-3781-1,1,0.9999999999687853,0.0120399799958852,official_model_generator_bus_assignment
15471-1,solar,4.0,1541,C003-Z001,3,1122-1742-1::+1,1122-1742-1,1,0.7395924272002113,0.41573818638471505,official_model_generator_bus_assignment
15471-1,solar,4.0,1541,C003-Z001,3,3082-3122-1::-1,3082-3122-1,-1,0.48394909053240986,0.320343284341253,official_model_generator_bus_assignment
15471-1,solar,4.0,1541,C003-Z001,3,2561-3781-1::+1,2561-3781-1,1,0.9999999999605292,0.012039979995785797,official_model_generator_bus_assignment
15473-1,solar,4.0,1541,C003-Z001,3,1122-1742-1::+1,1122-1742-1,1,0.7395924272002113,0.41573818638471505,official_model_generator_bus_assignment
15473-1,solar,4.0,1541,C003-Z001,3,3082-3122-1::-1,3082-3122-1,-1,0.48394909053240986,0.320343284341253,official_model_generator_bus_assignment
15473-1,solar,4.0,1541,C003-Z001,3,2561-3781-1::+1,2561-3781-1,1,0.9999999999605292,0.012039979995785797,official_model_generator_bus_assignment
15571-1,wind,5.4,1551,C003-Z001,6,T3464-3462-34641-1-w1::+1,T3464-3462-34641-1-w1,1,0.26976457084487954,0.14144560777009377,official_model_generator_bus_assignment
15571-1,wind,5.4,1551,C003-Z001,6,T3464-3462-34641-1-w2::-1,T3464-3462-34641-1-w2,-1,0.671723614962096,0.14144560776998488,official_model_generator_bus_assignment
15571-1,wind,5.4,1551,C003-Z001,6,T3934-3942-39402-1-w1::+1,T3934-3942-39402-1-w1,1,0.253699557560292,0.1341263655093076,official_model_generator_bus_assignment
15571-1,wind,5.4,1551,C003-Z001,6,1122-1742-1::+1,1122-1742-1,1,0.12096315595703946,0.06799556245772315,official_model_generator_bus_assignment
15571-1,wind,5.4,1551,C003-Z001,6,3082-3122-1::-1,3082-3122-1,-1,0.09490607111556253,0.06282173707907357,official_model_generator_bus_assignment
15571-1,wind,5.4,1551,C003-Z001,6,2561-3781-1::+1,2561-3781-1,1,0.9999999999678131,0.012039979995873494,official_model_generator_bus_assignment
15571-2,wind,12.0,1551,C003-Z001,6,T3464-3462-34641-1-w1::+1,T3464-3462-34641-1-w1,1,0.26976457084487954,0.14144560777009377,official_model_generator_bus_assignment
15571-2,wind,12.0,1551,C003-Z001,6,T3464-3462-34641-1-w2::-1,T3464-3462-34641-1-w2,-1,0.671723614962096,0.14144560776998488,official_model_generator_bus_assignment
15571-2,wind,12.0,1551,C003-Z001,6,T3934-3942-39402-1-w1::+1,T3934-3942-39402-1-w1,1,0.253699557560292,0.1341263655093076,official_model_generator_bus_assignment
15571-2,wind,12.0,1551,C003-Z001,6,1122-1742-1::+1,1122-1742-1,1,0.12096315595703946,0.06799556245772315,official_model_generator_bus_assignment
15571-2,wind,12.0,1551,C003-Z001,6,3082-3122-1::-1,3082-3122-1,-1,0.09490607111556253,0.06282173707907357,official_model_generator_bus_assignment
15571-2,wind,12.0,1551,C003-Z001,6,2561-3781-1::+1,2561-3781-1,1,0.9999999999678131,0.012039979995873494,official_model_generator_bus_assignment
15571-DW,wind,5.95,1551,C003-Z001,6,T3464-3462-34641-1-w1::+1,T3464-3462-34641-1-w1,1,0.26976457084487954,0.14144560777009377,official_model_generator_bus_assignment
15571-DW,wind,5.95,1551,C003-Z001,6,T3464-3462-34641-1-w2::-1,T3464-3462-34641-1-w2,-1,0.671723614962096,0.14144560776998488,official_model_generator_bus_assignment
15571-DW,wind,5.95,1551,C003-Z001,6,T3934-3942-39402-1-w1::+1,T3934-3942-39402-1-w1,1,0.253699557560292,0.1341263655093076,official_model_generator_bus_assignment
15571-DW,wind,5.95,1551,C003-Z001,6,1122-1742-1::+1,1122-1742-1,1,0.12096315595703946,0.06799556245772315,official_model_generator_bus_assignment
15571-DW,wind,5.95,1551,C003-Z001,6,3082-3122-1::-1,3082-3122-1,-1,0.09490607111556253,0.06282173707907357,official_model_generator_bus_assignment
15571-DW,wind,5.95,1551,C003-Z001,6,2561-3781-1::+1,2561-3781-1,1,0.9999999999678131,0.012039979995873494,official_model_generator_bus_assignment
15572-1,wind,65.7,1551,C003-Z001,6,T3464-3462-34641-1-w1::+1,T3464-3462-34641-1-w1,1,0.26976457084487954,0.14144560777009377,official_model_generator_bus_assignment
15572-1,wind,65.7,1551,C003-Z001,6,T3464-3462-34641-1-w2::-1,T3464-3462-34641-1-w2,-1,0.671723614962096,0.14144560776998488,official_model_generator_bus_assignment
15572-1,wind,65.7,1551,C003-Z001,6,T3934-3942-39402-1-w1::+1,T3934-3942-39402-1-w1,1,0.253699557560292,0.1341263655093076,official_model_generator_bus_assignment
15572-1,wind,65.7,1551,C003-Z001,6,1122-1742-1::+1,1122-1742-1,1,0.12096315595703946,0.06799556245772315,official_model_generator_bus_assignment
15572-1,wind,65.7,1551,C003-Z001,6,3082-3122-1::-1,3082-3122-1,-1,0.09490607111556253,0.06282173707907357,official_model_generator_bus_assignment
15572-1,wind,65.7,1551,C003-Z001,6,2561-3781-1::+1,2561-3781-1,1,0.9999999999678131,0.012039979995873494,official_model_generator_bus_assignment
15573-1,wind,20.0,1551,C003-Z001,6,T3464-3462-34641-1-w1::+1,T3464-3462-34641-1-w1,1,0.26976457084487954,0.14144560777009377,official_model_generator_bus_assignment
15573-1,wind,20.0,1551,C003-Z001,6,T3464-3462-34641-1-w2::-1,T3464-3462-34641-1-w2,-1,0.671723614962096,0.14144560776998488,official_model_generator_bus_assignment
15573-1,wind,20.0,1551,C003-Z001,6,T3934-3942-39402-1-w1::+1,T3934-3942-39402-1-w1,1,0.253699557560292,0.1341263655093076,official_model_generator_bus_assignment
15573-1,wind,20.0,1551,C003-Z001,6,1122-1742-1::+1,1122-1742-1,1,0.12096315595703946,0.06799556245772315,official_model_generator_bus_assignment
15573-1,wind,20.0,1551,C003-Z001,6,3082-3122-1::-1,3082-3122-1,-1,0.09490607111556253,0.06282173707907357,official_model_generator_bus_assignment
15573-1,wind,20.0,1551,C003-Z001,6,2561-3781-1::+1,2561-3781-1,1,0.9999999999678131,0.012039979995873494,official_model_generator_bus_assignment
15573-2,wind,3.0,1551,C003-Z001,6,T3464-3462-34641-1-w1::+1,T3464-3462-34641-1-w1,1,0.26976457084487954,0.14144560777009377,official_model_generator_bus_assignment
15573-2,wind,3.0,1551,C003-Z001,6,T3464-3462-34641-1-w2::-1,T3464-3462-34641-1-w2,-1,0.671723614962096,0.14144560776998488,official_model_generator_bus_assignment
15573-2,wind,3.0,1551,C003-Z001,6,T3934-3942-39402-1-w1::+1,T3934-3942-39402-1-w1,1,0.253699557560292,0.1341263655093076,official_model_generator_bus_assignment
15573-2,wind,3.0,1551,C003-Z001,6,1122-1742-1::+1,1122-1742-1,1,0.12096315595703946,0.06799556245772315,official_model_generator_bus_assignment
15573-2,wind,3.0,1551,C003-Z001,6,3082-3122-1::-1,3082-3122-1,-1,0.09490607111556253,0.06282173707907357,official_model_generator_bus_assignment
15573-2,wind,3.0,1551,C003-Z001,6,2561-3781-1::+1,2561-3781-1,1,0.9999999999678131,0.012039979995873494,official_model_generator_bus_assignment
15574-1,wind,57.0,1551,C003-Z001,6,T3464-3462-34641-1-w1::+1,T3464-3462-34641-1-w1,1,0.26976457084487954,0.14144560777009377,official_model_generator_bus_assignment
15574-1,wind,57.0,1551,C003-Z001,6,T3464-3462-34641-1-w2::-1,T3464-3462-34641-1-w2,-1,0.671723614962096,0.14144560776998488,official_model_generator_bus_assignment
15574-1,wind,57.0,1551,C003-Z001,6,T3934-3942-39402-1-w1::+1,T3934-3942-39402-1-w1,1,0.253699557560292,0.1341263655093076,official_model_generator_bus_assignment
15574-1,wind,57.0,1551,C003-Z001,6,1122-1742-1::+1,1122-1742-1,1,0.12096315595703946,0.06799556245772315,official_model_generator_bus_assignment
15574-1,wind,57.0,1551,C003-Z001,6,3082-3122-1::-1,3082-3122-1,-1,0.09490607111556253,0.06282173707907357,official_model_generator_bus_assignment
15574-1,wind,57.0,1551,C003-Z001,6,2561-3781-1::+1,2561-3781-1,1,0.9999999999678131,0.012039979995873494,official_model_generator_bus_assignment
15771-1,wind,1.98,1571,C003-Z001,4,3581-89516-1::+1,3581-89516-1,1,0.8031079921996259,0.41234007663659916,official_model_generator_bus_assignment
15771-1,wind,1.98,1571,C003-Z001,4,T89510-89515-1::-1,T89510-89515-1,-1,0.5224315499204739,0.41234007663641303,official_model_generator_bus_assignment
15771-1,wind,1.98,1571,C003-Z001,4,T89515-89516-1::-1,T89515-89516-1,-1,0.5669305072282758,0.41234007663721967,official_model_generator_bus_assignment
15771-1,wind,1.98,1571,C003-Z001,4,2561-3781-1::+1,2561-3781-1,1,1.0,0.012039979996261024,official_model_generator_bus_assignment
15772-1,wind,3.0,1571,C003-Z001,4,3581-89516-1::+1,3581-89516-1,1,0.8031079921996259,0.41234007663659916,official_model_generator_bus_assignment
15772-1,wind,3.0,1571,C003-Z001,4,T89510-89515-1::-1,T89510-89515-1,-1,0.5224315499204739,0.41234007663641303,official_model_generator_bus_assignment
15772-1,wind,3.0,1571,C003-Z001,4,T89515-89516-1::-1,T89515-89516-1,-1,0.5669305072282758,0.41234007663721967,official_model_generator_bus_assignment
15772-1,wind,3.0,1571,C003-Z001,4,2561-3781-1::+1,2561-3781-1,1,1.0,0.012039979996261024,official_model_generator_bus_assignment
15971-1,solar,100.0,1591,C003-Z001,1,2561-3781-1::+1,2561-3781-1,1,0.9999999999749061,0.012039979995958894,official_model_generator_bus_assignment
16271-1,solar,10.0,1621,C003-Z001,6,T3464-3462-34641-1-w1::+1,T3464-3462-34641-1-w1,1,0.2471660961181463,0.12959655367678247,official_model_generator_bus_assignment
16271-1,solar,10.0,1621,C003-Z001,6,T3464-3462-34641-1-w2::-1,T3464-3462-34641-1-w2,-1,0.6154525891244719,0.12959655367666945,official_model_generator_bus_assignment
16271-1,solar,10.0,1621,C003-Z001,6,T3934-3942-39402-1-w1::+1,T3934-3942-39402-1-w1,1,0.23265438576512082,0.12300016398357383,official_model_generator_bus_assignment
16271-1,solar,10.0,1621,C003-Z001,6,1122-1742-1::+1,1122-1742-1,1,0.13835875528990038,0.07777394126711165,official_model_generator_bus_assignment
16271-1,solar,10.0,1621,C003-Z001,6,3082-3122-1::-1,3082-3122-1,-1,0.10478801565808288,0.06936295108765138,official_model_generator_bus_assignment
16271-1,solar,10.0,1621,C003-Z001,6,2561-3781-1::+1,2561-3781-1,1,0.9999999999695691,0.012039979995894637,official_model_generator_bus_assignment
16371-1,wind,3.4,1631,C003-Z001,4,3581-89516-1::+1,3581-89516-1,1,0.23225083265007052,0.11924464339042429,official_model_generator_bus_assignment
16371-1,wind,3.4,1631,C003-Z001,4,T89510-89515-1::-1,T89510-89515-1,-1,0.15108200098887667,0.11924464339035247,official_model_generator_bus_assignment
16371-1,wind,3.4,1631,C003-Z001,4,T89515-89516-1::-1,T89515-89516-1,-1,0.16395065624715632,0.11924464339057737,official_model_generator_bus_assignment
16371-1,wind,3.4,1631,C003-Z001,4,2561-3781-1::+1,2561-3781-1,1,0.9999999999631344,0.012039979995817162,official_model_generator_bus_assignment
16372-2,wind,3.4,1631,C003-Z001,4,3581-89516-1::+1,3581-89516-1,1,0.23225083265007052,0.11924464339042429,official_model_generator_bus_assignment
16372-2,wind,3.4,1631,C003-Z001,4,T89510-89515-1::-1,T89510-89515-1,-1,0.15108200098887667,0.11924464339035247,official_model_generator_bus_assignment
16372-2,wind,3.4,1631,C003-Z001,4,T89515-89516-1::-1,T89515-89516-1,-1,0.16395065624715632,0.11924464339057737,official_model_generator_bus_assignment
16372-2,wind,3.4,1631,C003-Z001,4,2561-3781-1::+1,2561-3781-1,1,0.9999999999631344,0.012039979995817162,official_model_generator_bus_assignment
16373-3,wind,6.8,1631,C003-Z001,4,3581-89516-1::+1,3581-89516-1,1,0.23225083265007052,0.11924464339042429,official_model_generator_bus_assignment
16373-3,wind,6.8,1631,C003-Z001,4,T89510-89515-1::-1,T89510-89515-1,-1,0.15108200098887667,0.11924464339035247,official_model_generator_bus_assignment
16373-3,wind,6.8,1631,C003-Z001,4,T89515-89516-1::-1,T89515-89516-1,-1,0.16395065624715632,0.11924464339057737,official_model_generator_bus_assignment
16373-3,wind,6.8,1631,C003-Z001,4,2561-3781-1::+1,2561-3781-1,1,0.9999999999631344,0.012039979995817162,official_model_generator_bus_assignment
16374-4,wind,7.65,1631,C003-Z001,4,3581-89516-1::+1,3581-89516-1,1,0.23225083265007052,0.11924464339042429,official_model_generator_bus_assignment
16374-4,wind,7.65,1631,C003-Z001,4,T89510-89515-1::-1,T89510-89515-1,-1,0.15108200098887667,0.11924464339035247,official_model_generator_bus_assignment
16374-4,wind,7.65,1631,C003-Z001,4,T89515-89516-1::-1,T89515-89516-1,-1,0.16395065624715632,0.11924464339057737,official_model_generator_bus_assignment
16374-4,wind,7.65,1631,C003-Z001,4,2561-3781-1::+1,2561-3781-1,1,0.9999999999631344,0.012039979995817162,official_model_generator_bus_assignment
16375-1,wind,3.96,1631,C003-Z001,4,3581-89516-1::+1,3581-89516-1,1,0.23225083265007052,0.11924464339042429,official_model_generator_bus_assignment
16375-1,wind,3.96,1631,C003-Z001,4,T89510-89515-1::-1,T89510-89515-1,-1,0.15108200098887667,0.11924464339035247,official_model_generator_bus_assignment
16375-1,wind,3.96,1631,C003-Z001,4,T89515-89516-1::-1,T89515-89516-1,-1,0.16395065624715632,0.11924464339057737,official_model_generator_bus_assignment
16375-1,wind,3.96,1631,C003-Z001,4,2561-3781-1::+1,2561-3781-1,1,0.9999999999631344,0.012039979995817162,official_model_generator_bus_assignment
16376-6,wind,4.95,1631,C003-Z001,4,3581-89516-1::+1,3581-89516-1,1,0.23225083265007052,0.11924464339042429,official_model_generator_bus_assignment
16376-6,wind,4.95,1631,C003-Z001,4,T89510-89515-1::-1,T89510-89515-1,-1,0.15108200098887667,0.11924464339035247,official_model_generator_bus_assignment
16376-6,wind,4.95,1631,C003-Z001,4,T89515-89516-1::-1,T89515-89516-1,-1,0.16395065624715632,0.11924464339057737,official_model_generator_bus_assignment
16376-6,wind,4.95,1631,C003-Z001,4,2561-3781-1::+1,2561-3781-1,1,0.9999999999631344,0.012039979995817162,official_model_generator_bus_assignment
16377-1,wind,9.0,1631,C003-Z001,4,3581-89516-1::+1,3581-89516-1,1,0.23225083265007052,0.11924464339042429,official_model_generator_bus_assignment
16377-1,wind,9.0,1631,C003-Z001,4,T89510-89515-1::-1,T89510-89515-1,-1,0.15108200098887667,0.11924464339035247,official_model_generator_bus_assignment
16377-1,wind,9.0,1631,C003-Z001,4,T89515-89516-1::-1,T89515-89516-1,-1,0.16395065624715632,0.11924464339057737,official_model_generator_bus_assignment
16377-1,wind,9.0,1631,C003-Z001,4,2561-3781-1::+1,2561-3781-1,1,0.9999999999631344,0.012039979995817162,official_model_generator_bus_assignment
16378-1,wind,1.598,1631,C003-Z001,4,3581-89516-1::+1,3581-89516-1,1,0.23225083265007052,0.11924464339042429,official_model_generator_bus_assignment
16378-1,wind,1.598,1631,C003-Z001,4,T89510-89515-1::-1,T89510-89515-1,-1,0.15108200098887667,0.11924464339035247,official_model_generator_bus_assignment
16378-1,wind,1.598,1631,C003-Z001,4,T89515-89516-1::-1,T89515-89516-1,-1,0.16395065624715632,0.11924464339057737,official_model_generator_bus_assignment
16378-1,wind,1.598,1631,C003-Z001,4,2561-3781-1::+1,2561-3781-1,1,0.9999999999631344,0.012039979995817162,official_model_generator_bus_assignment
16379-2,wind,0.29,1631,C003-Z001,4,3581-89516-1::+1,3581-89516-1,1,0.23225083265007052,0.11924464339042429,official_model_generator_bus_assignment
16379-2,wind,0.29,1631,C003-Z001,4,T89510-89515-1::-1,T89510-89515-1,-1,0.15108200098887667,0.11924464339035247,official_model_generator_bus_assignment
16379-2,wind,0.29,1631,C003-Z001,4,T89515-89516-1::-1,T89515-89516-1,-1,0.16395065624715632,0.11924464339057737,official_model_generator_bus_assignment
16379-2,wind,0.29,1631,C003-Z001,4,2561-3781-1::+1,2561-3781-1,1,0.9999999999631344,0.012039979995817162,official_model_generator_bus_assignment
16382-1,wind,10.225,1631,C003-Z001,4,3581-89516-1::+1,3581-89516-1,1,0.23225083265007052,0.11924464339042429,official_model_generator_bus_assignment
16382-1,wind,10.225,1631,C003-Z001,4,T89510-89515-1::-1,T89510-89515-1,-1,0.15108200098887667,0.11924464339035247,official_model_generator_bus_assignment
16382-1,wind,10.225,1631,C003-Z001,4,T89515-89516-1::-1,T89515-89516-1,-1,0.16395065624715632,0.11924464339057737,official_model_generator_bus_assignment
16382-1,wind,10.225,1631,C003-Z001,4,2561-3781-1::+1,2561-3781-1,1,0.9999999999631344,0.012039979995817162,official_model_generator_bus_assignment
16385-1,wind,16.35,1631,C003-Z001,4,3581-89516-1::+1,3581-89516-1,1,0.23225083265007052,0.11924464339042429,official_model_generator_bus_assignment
16385-1,wind,16.35,1631,C003-Z001,4,T89510-89515-1::-1,T89510-89515-1,-1,0.15108200098887667,0.11924464339035247,official_model_generator_bus_assignment
16385-1,wind,16.35,1631,C003-Z001,4,T89515-89516-1::-1,T89515-89516-1,-1,0.16395065624715632,0.11924464339057737,official_model_generator_bus_assignment
16385-1,wind,16.35,1631,C003-Z001,4,2561-3781-1::+1,2561-3781-1,1,0.9999999999631344,0.012039979995817162,official_model_generator_bus_assignment
16392-1,wind,11.98,1631,C003-Z001,4,3581-89516-1::+1,3581-89516-1,1,0.23225083265007052,0.11924464339042429,official_model_generator_bus_assignment
16392-1,wind,11.98,1631,C003-Z001,4,T89510-89515-1::-1,T89510-89515-1,-1,0.15108200098887667,0.11924464339035247,official_model_generator_bus_assignment
16392-1,wind,11.98,1631,C003-Z001,4,T89515-89516-1::-1,T89515-89516-1,-1,0.16395065624715632,0.11924464339057737,official_model_generator_bus_assignment
16392-1,wind,11.98,1631,C003-Z001,4,2561-3781-1::+1,2561-3781-1,1,0.9999999999631344,0.012039979995817162,official_model_generator_bus_assignment
16471-1,solar,100.0,16410,C003-Z001,5,T3464-3462-34641-1-w1::+1,T3464-3462-34641-1-w1,1,0.09729479882707527,0.05101456395798569,official_model_generator_bus_assignment
16471-1,solar,100.0,16410,C003-Z001,5,T3464-3462-34641-1-w2::-1,T3464-3462-34641-1-w2,-1,0.2422675957055295,0.051014563957938644,official_model_generator_bus_assignment
16471-1,solar,100.0,16410,C003-Z001,5,T3934-3942-39402-1-w1::+1,T3934-3942-39402-1-w1,1,0.09822454196138537,0.051929538008619346,official_model_generator_bus_assignment
16471-1,solar,100.0,16410,C003-Z001,5,3691-4041-1::+1,3691-4041-1,1,0.09192584573873251,0.05145963224343744,official_model_generator_bus_assignment
16471-1,solar,100.0,16410,C003-Z001,5,2561-3781-1::+1,2561-3781-1,1,0.999999999960446,0.012039979995784794,official_model_generator_bus_assignment
16571-1,wind,37.8,1651,C003-Z001,5,T3464-3462-34641-1-w1::+1,T3464-3462-34641-1-w1,1,0.3535458639055287,0.18537463773727267,official_model_generator_bus_assignment
16571-1,wind,37.8,1651,C003-Z001,5,T3464-3462-34641-1-w2::-1,T3464-3462-34641-1-w2,-1,0.8803420887099754,0.18537463773713964,official_model_generator_bus_assignment
16571-1,wind,37.8,1651,C003-Z001,5,T3934-3942-39402-1-w1::+1,T3934-3942-39402-1-w1,1,0.3322592732637816,0.17565946570105476,official_model_generator_bus_assignment
16571-1,wind,37.8,1651,C003-Z001,5,3082-3122-1::-1,3082-3122-1,-1,0.05184513016656785,0.0343181537057685,official_model_generator_bus_assignment
16571-1,wind,37.8,1651,C003-Z001,5,2561-3781-1::+1,2561-3781-1,1,0.9999999999616042,0.01203997999579874,official_model_generator_bus_assignment
16572-1,solar,34.0,1651,C003-Z001,5,T3464-3462-34641-1-w1::+1,T3464-3462-34641-1-w1,1,0.3535458639055287,0.18537463773727267,official_model_generator_bus_assignment
16572-1,solar,34.0,1651,C003-Z001,5,T3464-3462-34641-1-w2::-1,T3464-3462-34641-1-w2,-1,0.8803420887099754,0.18537463773713964,official_model_generator_bus_assignment
16572-1,solar,34.0,1651,C003-Z001,5,T3934-3942-39402-1-w1::+1,T3934-3942-39402-1-w1,1,0.3322592732637816,0.17565946570105476,official_model_generator_bus_assignment
16572-1,solar,34.0,1651,C003-Z001,5,3082-3122-1::-1,3082-3122-1,-1,0.05184513016656785,0.0343181537057685,official_model_generator_bus_assignment
16572-1,solar,34.0,1651,C003-Z001,5,2561-3781-1::+1,2561-3781-1,1,0.9999999999616042,0.01203997999579874,official_model_generator_bus_assignment
16670-1,wind,4.65,1661,C003-Z001,8,3581-89516-1::+1,3581-89516-1,1,0.08708574614390818,0.044712471532730995,official_model_generator_bus_assignment
16670-1,wind,4.65,1661,C003-Z001,8,T89510-89515-1::-1,T89510-89515-1,-1,0.056650340646475936,0.04471247153278281,official_model_generator_bus_assignment
16670-1,wind,4.65,1661,C003-Z001,8,T89515-89516-1::-1,T89515-89516-1,-1,0.06147562558586743,0.04471247153258384,official_model_generator_bus_assignment
16670-1,wind,4.65,1661,C003-Z001,8,T3464-3462-34641-1-w1::+1,T3464-3462-34641-1-w1,1,0.0639328713204198,0.03352191065002347,official_model_generator_bus_assignment
16670-1,wind,4.65,1661,C003-Z001,8,T3464-3462-34641-1-w2::-1,T3464-3462-34641-1-w2,-1,0.15919518009262595,0.033521910649998946,official_model_generator_bus_assignment
16670-1,wind,4.65,1661,C003-Z001,8,T3934-3942-39402-1-w1::+1,T3934-3942-39402-1-w1,1,0.06520014479226743,0.03447013678606501,official_model_generator_bus_assignment
16670-1,wind,4.65,1661,C003-Z001,8,3691-4041-1::+1,3691-4041-1,1,0.540635591055844,0.30264512085663586,official_model_generator_bus_assignment
16670-1,wind,4.65,1661,C003-Z001,8,2561-3781-1::+1,2561-3781-1,1,0.999999999954077,0.012039979995708112,official_model_generator_bus_assignment
16671-1,wind,3.4,1661,C003-Z001,8,3581-89516-1::+1,3581-89516-1,1,0.08708574614390818,0.044712471532730995,official_model_generator_bus_assignment
16671-1,wind,3.4,1661,C003-Z001,8,T89510-89515-1::-1,T89510-89515-1,-1,0.056650340646475936,0.04471247153278281,official_model_generator_bus_assignment
16671-1,wind,3.4,1661,C003-Z001,8,T89515-89516-1::-1,T89515-89516-1,-1,0.06147562558586743,0.04471247153258384,official_model_generator_bus_assignment
16671-1,wind,3.4,1661,C003-Z001,8,T3464-3462-34641-1-w1::+1,T3464-3462-34641-1-w1,1,0.0639328713204198,0.03352191065002347,official_model_generator_bus_assignment
16671-1,wind,3.4,1661,C003-Z001,8,T3464-3462-34641-1-w2::-1,T3464-3462-34641-1-w2,-1,0.15919518009262595,0.033521910649998946,official_model_generator_bus_assignment
16671-1,wind,3.4,1661,C003-Z001,8,T3934-3942-39402-1-w1::+1,T3934-3942-39402-1-w1,1,0.06520014479226743,0.03447013678606501,official_model_generator_bus_assignment
16671-1,wind,3.4,1661,C003-Z001,8,3691-4041-1::+1,3691-4041-1,1,0.540635591055844,0.30264512085663586,official_model_generator_bus_assignment
16671-1,wind,3.4,1661,C003-Z001,8,2561-3781-1::+1,2561-3781-1,1,0.999999999954077,0.012039979995708112,official_model_generator_bus_assignment
16672-2,wind,1.59,1661,C003-Z001,8,3581-89516-1::+1,3581-89516-1,1,0.08708574614390818,0.044712471532730995,official_model_generator_bus_assignment
16672-2,wind,1.59,1661,C003-Z001,8,T89510-89515-1::-1,T89510-89515-1,-1,0.056650340646475936,0.04471247153278281,official_model_generator_bus_assignment
16672-2,wind,1.59,1661,C003-Z001,8,T89515-89516-1::-1,T89515-89516-1,-1,0.06147562558586743,0.04471247153258384,official_model_generator_bus_assignment
16672-2,wind,1.59,1661,C003-Z001,8,T3464-3462-34641-1-w1::+1,T3464-3462-34641-1-w1,1,0.0639328713204198,0.03352191065002347,official_model_generator_bus_assignment
16672-2,wind,1.59,1661,C003-Z001,8,T3464-3462-34641-1-w2::-1,T3464-3462-34641-1-w2,-1,0.15919518009262595,0.033521910649998946,official_model_generator_bus_assignment
16672-2,wind,1.59,1661,C003-Z001,8,T3934-3942-39402-1-w1::+1,T3934-3942-39402-1-w1,1,0.06520014479226743,0.03447013678606501,official_model_generator_bus_assignment
16672-2,wind,1.59,1661,C003-Z001,8,3691-4041-1::+1,3691-4041-1,1,0.540635591055844,0.30264512085663586,official_model_generator_bus_assignment
16672-2,wind,1.59,1661,C003-Z001,8,2561-3781-1::+1,2561-3781-1,1,0.999999999954077,0.012039979995708112,official_model_generator_bus_assignment
16674-1,wind,18.7,1661,C003-Z001,8,3581-89516-1::+1,3581-89516-1,1,0.08708574614390818,0.044712471532730995,official_model_generator_bus_assignment
16674-1,wind,18.7,1661,C003-Z001,8,T89510-89515-1::-1,T89510-89515-1,-1,0.056650340646475936,0.04471247153278281,official_model_generator_bus_assignment
16674-1,wind,18.7,1661,C003-Z001,8,T89515-89516-1::-1,T89515-89516-1,-1,0.06147562558586743,0.04471247153258384,official_model_generator_bus_assignment
16674-1,wind,18.7,1661,C003-Z001,8,T3464-3462-34641-1-w1::+1,T3464-3462-34641-1-w1,1,0.0639328713204198,0.03352191065002347,official_model_generator_bus_assignment
16674-1,wind,18.7,1661,C003-Z001,8,T3464-3462-34641-1-w2::-1,T3464-3462-34641-1-w2,-1,0.15919518009262595,0.033521910649998946,official_model_generator_bus_assignment
16674-1,wind,18.7,1661,C003-Z001,8,T3934-3942-39402-1-w1::+1,T3934-3942-39402-1-w1,1,0.06520014479226743,0.03447013678606501,official_model_generator_bus_assignment
16674-1,wind,18.7,1661,C003-Z001,8,3691-4041-1::+1,3691-4041-1,1,0.540635591055844,0.30264512085663586,official_model_generator_bus_assignment
16674-1,wind,18.7,1661,C003-Z001,8,2561-3781-1::+1,2561-3781-1,1,0.999999999954077,0.012039979995708112,official_model_generator_bus_assignment
16675-2,wind,8.5,1661,C003-Z001,8,3581-89516-1::+1,3581-89516-1,1,0.08708574614390818,0.044712471532730995,official_model_generator_bus_assignment
16675-2,wind,8.5,1661,C003-Z001,8,T89510-89515-1::-1,T89510-89515-1,-1,0.056650340646475936,0.04471247153278281,official_model_generator_bus_assignment
16675-2,wind,8.5,1661,C003-Z001,8,T89515-89516-1::-1,T89515-89516-1,-1,0.06147562558586743,0.04471247153258384,official_model_generator_bus_assignment
16675-2,wind,8.5,1661,C003-Z001,8,T3464-3462-34641-1-w1::+1,T3464-3462-34641-1-w1,1,0.0639328713204198,0.03352191065002347,official_model_generator_bus_assignment
16675-2,wind,8.5,1661,C003-Z001,8,T3464-3462-34641-1-w2::-1,T3464-3462-34641-1-w2,-1,0.15919518009262595,0.033521910649998946,official_model_generator_bus_assignment
16675-2,wind,8.5,1661,C003-Z001,8,T3934-3942-39402-1-w1::+1,T3934-3942-39402-1-w1,1,0.06520014479226743,0.03447013678606501,official_model_generator_bus_assignment
16675-2,wind,8.5,1661,C003-Z001,8,3691-4041-1::+1,3691-4041-1,1,0.540635591055844,0.30264512085663586,official_model_generator_bus_assignment
16675-2,wind,8.5,1661,C003-Z001,8,2561-3781-1::+1,2561-3781-1,1,0.999999999954077,0.012039979995708112,official_model_generator_bus_assignment
16676-1,wind,6.8,1661,C003-Z001,8,3581-89516-1::+1,3581-89516-1,1,0.08708574614390818,0.044712471532730995,official_model_generator_bus_assignment
16676-1,wind,6.8,1661,C003-Z001,8,T89510-89515-1::-1,T89510-89515-1,-1,0.056650340646475936,0.04471247153278281,official_model_generator_bus_assignment
16676-1,wind,6.8,1661,C003-Z001,8,T89515-89516-1::-1,T89515-89516-1,-1,0.06147562558586743,0.04471247153258384,official_model_generator_bus_assignment
16676-1,wind,6.8,1661,C003-Z001,8,T3464-3462-34641-1-w1::+1,T3464-3462-34641-1-w1,1,0.0639328713204198,0.03352191065002347,official_model_generator_bus_assignment
16676-1,wind,6.8,1661,C003-Z001,8,T3464-3462-34641-1-w2::-1,T3464-3462-34641-1-w2,-1,0.15919518009262595,0.033521910649998946,official_model_generator_bus_assignment
16676-1,wind,6.8,1661,C003-Z001,8,T3934-3942-39402-1-w1::+1,T3934-3942-39402-1-w1,1,0.06520014479226743,0.03447013678606501,official_model_generator_bus_assignment
16676-1,wind,6.8,1661,C003-Z001,8,3691-4041-1::+1,3691-4041-1,1,0.540635591055844,0.30264512085663586,official_model_generator_bus_assignment
16676-1,wind,6.8,1661,C003-Z001,8,2561-3781-1::+1,2561-3781-1,1,0.999999999954077,0.012039979995708112,official_model_generator_bus_assignment
16679-3,wind,6.8,1661,C003-Z001,8,3581-89516-1::+1,3581-89516-1,1,0.08708574614390818,0.044712471532730995,official_model_generator_bus_assignment
16679-3,wind,6.8,1661,C003-Z001,8,T89510-89515-1::-1,T89510-89515-1,-1,0.056650340646475936,0.04471247153278281,official_model_generator_bus_assignment
16679-3,wind,6.8,1661,C003-Z001,8,T89515-89516-1::-1,T89515-89516-1,-1,0.06147562558586743,0.04471247153258384,official_model_generator_bus_assignment
16679-3,wind,6.8,1661,C003-Z001,8,T3464-3462-34641-1-w1::+1,T3464-3462-34641-1-w1,1,0.0639328713204198,0.03352191065002347,official_model_generator_bus_assignment
16679-3,wind,6.8,1661,C003-Z001,8,T3464-3462-34641-1-w2::-1,T3464-3462-34641-1-w2,-1,0.15919518009262595,0.033521910649998946,official_model_generator_bus_assignment
16679-3,wind,6.8,1661,C003-Z001,8,T3934-3942-39402-1-w1::+1,T3934-3942-39402-1-w1,1,0.06520014479226743,0.03447013678606501,official_model_generator_bus_assignment
16679-3,wind,6.8,1661,C003-Z001,8,3691-4041-1::+1,3691-4041-1,1,0.540635591055844,0.30264512085663586,official_model_generator_bus_assignment
16679-3,wind,6.8,1661,C003-Z001,8,2561-3781-1::+1,2561-3781-1,1,0.999999999954077,0.012039979995708112,official_model_generator_bus_assignment
16771-1,wind,75.0,1671,C003-Z001,1,2561-3781-1::+1,2561-3781-1,1,0.9999999999662879,0.01203997999585513,official_model_generator_bus_assignment
17073-3,hydro,22.5,1701,C003-Z001,4,3581-89516-1::+1,3581-89516-1,1,0.5574481489169888,0.28621083923695584,official_model_generator_bus_assignment
17073-3,hydro,22.5,1701,C003-Z001,4,T89510-89515-1::-1,T89510-89515-1,-1,0.3626268238737643,0.2862108392368115,official_model_generator_bus_assignment
17073-3,hydro,22.5,1701,C003-Z001,4,T89515-89516-1::-1,T89515-89516-1,-1,0.3935141536238673,0.2862108392374113,official_model_generator_bus_assignment
17073-3,hydro,22.5,1701,C003-Z001,4,2561-3781-1::+1,2561-3781-1,1,0.9999999999754358,0.012039979995965271,official_model_generator_bus_assignment
17074-4,hydro,23.0,17010,C003-Z001,4,3581-89516-1::+1,3581-89516-1,1,0.5574749844622874,0.2862246174223462,official_model_generator_bus_assignment
17074-4,hydro,23.0,17010,C003-Z001,4,T89510-89515-1::-1,T89510-89515-1,-1,0.36264428072347693,0.2862246174222014,official_model_generator_bus_assignment
17074-4,hydro,23.0,17010,C003-Z001,4,T89515-89516-1::-1,T89515-89516-1,-1,0.39353309738915887,0.2862246174228018,official_model_generator_bus_assignment
17074-4,hydro,23.0,17010,C003-Z001,4,2561-3781-1::+1,2561-3781-1,1,0.99999999997543,0.012039979995965202,official_model_generator_bus_assignment
17075-7,wind,1.98,1341,C003-Z001,4,3581-89516-1::+1,3581-89516-1,1,0.702451179758894,0.36065980678630183,official_model_generator_bus_assignment
17075-7,wind,1.98,1341,C003-Z001,4,T89510-89515-1::-1,T89510-89515-1,-1,0.4569530650289756,0.36065980678612053,official_model_generator_bus_assignment
17075-7,wind,1.98,1341,C003-Z001,4,T89515-89516-1::-1,T89515-89516-1,-1,0.49587478584675937,0.36065980678684445,official_model_generator_bus_assignment
17075-7,wind,1.98,1341,C003-Z001,4,2561-3781-1::+1,2561-3781-1,1,0.9999999999828167,0.012039979996054138,official_model_generator_bus_assignment
17077-8,wind,0.02,1341,C003-Z001,4,3581-89516-1::+1,3581-89516-1,1,0.702451179758894,0.36065980678630183,official_model_generator_bus_assignment
17077-8,wind,0.02,1341,C003-Z001,4,T89510-89515-1::-1,T89510-89515-1,-1,0.4569530650289756,0.36065980678612053,official_model_generator_bus_assignment
17077-8,wind,0.02,1341,C003-Z001,4,T89515-89516-1::-1,T89515-89516-1,-1,0.49587478584675937,0.36065980678684445,official_model_generator_bus_assignment
17077-8,wind,0.02,1341,C003-Z001,4,2561-3781-1::+1,2561-3781-1,1,0.9999999999828167,0.012039979996054138,official_model_generator_bus_assignment
17078-1,wind,37.5,17010,C003-Z001,4,3581-89516-1::+1,3581-89516-1,1,0.5574749844622874,0.2862246174223462,official_model_generator_bus_assignment
17078-1,wind,37.5,17010,C003-Z001,4,T89510-89515-1::-1,T89510-89515-1,-1,0.36264428072347693,0.2862246174222014,official_model_generator_bus_assignment
17078-1,wind,37.5,17010,C003-Z001,4,T89515-89516-1::-1,T89515-89516-1,-1,0.39353309738915887,0.2862246174228018,official_model_generator_bus_assignment
17078-1,wind,37.5,17010,C003-Z001,4,2561-3781-1::+1,2561-3781-1,1,0.99999999997543,0.012039979995965202,official_model_generator_bus_assignment
17205-1,solar,8.0,1721,C003-Z001,6,T3464-3462-34641-1-w1::+1,T3464-3462-34641-1-w1,1,0.17101509436859638,0.08966831294809074,official_model_generator_bus_assignment
17205-1,solar,8.0,1721,C003-Z001,6,T3464-3462-34641-1-w2::-1,T3464-3462-34641-1-w2,-1,0.4258338188834244,0.08966831294799486,official_model_generator_bus_assignment
17205-1,solar,8.0,1721,C003-Z001,6,T3934-3942-39402-1-w1::+1,T3934-3942-39402-1-w1,1,0.16209273390962164,0.08569549542709823,official_model_generator_bus_assignment
17205-1,solar,8.0,1721,C003-Z001,6,1122-1742-1::+1,1122-1742-1,1,0.16986531691662268,0.09548434541429468,official_model_generator_bus_assignment
17205-1,solar,8.0,1721,C003-Z001,6,3082-3122-1::-1,3082-3122-1,-1,0.12066119854642206,0.07986998093619578,official_model_generator_bus_assignment
17205-1,solar,8.0,1721,C003-Z001,6,2561-3781-1::+1,2561-3781-1,1,0.9999999999679312,0.012039979995874917,official_model_generator_bus_assignment
17272-1,solar,4.0,1721,C003-Z001,6,T3464-3462-34641-1-w1::+1,T3464-3462-34641-1-w1,1,0.17101509436859638,0.08966831294809074,official_model_generator_bus_assignment
17272-1,solar,4.0,1721,C003-Z001,6,T3464-3462-34641-1-w2::-1,T3464-3462-34641-1-w2,-1,0.4258338188834244,0.08966831294799486,official_model_generator_bus_assignment
17272-1,solar,4.0,1721,C003-Z001,6,T3934-3942-39402-1-w1::+1,T3934-3942-39402-1-w1,1,0.16209273390962164,0.08569549542709823,official_model_generator_bus_assignment
17272-1,solar,4.0,1721,C003-Z001,6,1122-1742-1::+1,1122-1742-1,1,0.16986531691662268,0.09548434541429468,official_model_generator_bus_assignment
17272-1,solar,4.0,1721,C003-Z001,6,3082-3122-1::-1,3082-3122-1,-1,0.12066119854642206,0.07986998093619578,official_model_generator_bus_assignment
17272-1,solar,4.0,1721,C003-Z001,6,2561-3781-1::+1,2561-3781-1,1,0.9999999999679312,0.012039979995874917,official_model_generator_bus_assignment
17273-1,solar,19.0,1721,C003-Z001,6,T3464-3462-34641-1-w1::+1,T3464-3462-34641-1-w1,1,0.17101509436859638,0.08966831294809074,official_model_generator_bus_assignment
17273-1,solar,19.0,1721,C003-Z001,6,T3464-3462-34641-1-w2::-1,T3464-3462-34641-1-w2,-1,0.4258338188834244,0.08966831294799486,official_model_generator_bus_assignment
17273-1,solar,19.0,1721,C003-Z001,6,T3934-3942-39402-1-w1::+1,T3934-3942-39402-1-w1,1,0.16209273390962164,0.08569549542709823,official_model_generator_bus_assignment
17273-1,solar,19.0,1721,C003-Z001,6,1122-1742-1::+1,1122-1742-1,1,0.16986531691662268,0.09548434541429468,official_model_generator_bus_assignment
17273-1,solar,19.0,1721,C003-Z001,6,3082-3122-1::-1,3082-3122-1,-1,0.12066119854642206,0.07986998093619578,official_model_generator_bus_assignment
17273-1,solar,19.0,1721,C003-Z001,6,2561-3781-1::+1,2561-3781-1,1,0.9999999999679312,0.012039979995874917,official_model_generator_bus_assignment
17274-1,solar,3.3,1721,C003-Z001,6,T3464-3462-34641-1-w1::+1,T3464-3462-34641-1-w1,1,0.17101509436859638,0.08966831294809074,official_model_generator_bus_assignment
17274-1,solar,3.3,1721,C003-Z001,6,T3464-3462-34641-1-w2::-1,T3464-3462-34641-1-w2,-1,0.4258338188834244,0.08966831294799486,official_model_generator_bus_assignment
17274-1,solar,3.3,1721,C003-Z001,6,T3934-3942-39402-1-w1::+1,T3934-3942-39402-1-w1,1,0.16209273390962164,0.08569549542709823,official_model_generator_bus_assignment
17274-1,solar,3.3,1721,C003-Z001,6,1122-1742-1::+1,1122-1742-1,1,0.16986531691662268,0.09548434541429468,official_model_generator_bus_assignment
17274-1,solar,3.3,1721,C003-Z001,6,3082-3122-1::-1,3082-3122-1,-1,0.12066119854642206,0.07986998093619578,official_model_generator_bus_assignment
17274-1,solar,3.3,1721,C003-Z001,6,2561-3781-1::+1,2561-3781-1,1,0.9999999999679312,0.012039979995874917,official_model_generator_bus_assignment
17471-1,wind,824.0,17420,C003-Z001,2,3082-3122-1::-1,3082-3122-1,-1,0.7486585790266378,0.4955640019734421,official_model_generator_bus_assignment
17471-1,wind,824.0,17420,C003-Z001,2,2561-3781-1::+1,2561-3781-1,1,0.9999999999612523,0.012039979995794503,official_model_generator_bus_assignment
17571-1,wind,42.0,1751,C003-Z001,6,T3464-3462-34641-1-w1::+1,T3464-3462-34641-1-w1,1,0.30871320697968285,0.1618675389845947,official_model_generator_bus_assignment
17571-1,wind,42.0,1751,C003-Z001,6,T3464-3462-34641-1-w2::-1,T3464-3462-34641-1-w2,-1,0.768707138708054,0.16186753898450063,official_model_generator_bus_assignment
17571-1,wind,42.0,1751,C003-Z001,6,T3934-3942-39402-1-w1::+1,T3934-3942-39402-1-w1,1,0.2898780804708915,0.1532532959389782,official_model_generator_bus_assignment
17571-1,wind,42.0,1751,C003-Z001,6,1122-1742-1::+1,1122-1742-1,1,0.09276493113621244,0.05214483384675321,official_model_generator_bus_assignment
17571-1,wind,42.0,1751,C003-Z001,6,3082-3122-1::-1,3082-3122-1,-1,0.07908003071279494,0.05234591253487926,official_model_generator_bus_assignment
17571-1,wind,42.0,1751,C003-Z001,6,2561-3781-1::+1,2561-3781-1,1,0.999999999960273,0.012039979995782712,official_model_generator_bus_assignment
17571-2,wind,12.0,1751,C003-Z001,6,T3464-3462-34641-1-w1::+1,T3464-3462-34641-1-w1,1,0.30871320697968285,0.1618675389845947,official_model_generator_bus_assignment
17571-2,wind,12.0,1751,C003-Z001,6,T3464-3462-34641-1-w2::-1,T3464-3462-34641-1-w2,-1,0.768707138708054,0.16186753898450063,official_model_generator_bus_assignment
17571-2,wind,12.0,1751,C003-Z001,6,T3934-3942-39402-1-w1::+1,T3934-3942-39402-1-w1,1,0.2898780804708915,0.1532532959389782,official_model_generator_bus_assignment
17571-2,wind,12.0,1751,C003-Z001,6,1122-1742-1::+1,1122-1742-1,1,0.09276493113621244,0.05214483384675321,official_model_generator_bus_assignment
17571-2,wind,12.0,1751,C003-Z001,6,3082-3122-1::-1,3082-3122-1,-1,0.07908003071279494,0.05234591253487926,official_model_generator_bus_assignment
17571-2,wind,12.0,1751,C003-Z001,6,2561-3781-1::+1,2561-3781-1,1,0.999999999960273,0.012039979995782712,official_model_generator_bus_assignment
17671-1,hydro,10.0,1761,C003-Z001,4,3581-89516-1::+1,3581-89516-1,1,0.5574481489169617,0.2862108392369419,official_model_generator_bus_assignment
17671-1,hydro,10.0,1761,C003-Z001,4,T89510-89515-1::-1,T89510-89515-1,-1,0.36262682387373224,0.2862108392367862,official_model_generator_bus_assignment
17671-1,hydro,10.0,1761,C003-Z001,4,T89515-89516-1::-1,T89515-89516-1,-1,0.39351415362383785,0.2862108392373899,official_model_generator_bus_assignment
17671-1,hydro,10.0,1761,C003-Z001,4,2561-3781-1::+1,2561-3781-1,1,0.9999999999755063,0.01203997999596612,official_model_generator_bus_assignment
17672-2,hydro,10.0,1761,C003-Z001,4,3581-89516-1::+1,3581-89516-1,1,0.5574481489169617,0.2862108392369419,official_model_generator_bus_assignment
17672-2,hydro,10.0,1761,C003-Z001,4,T89510-89515-1::-1,T89510-89515-1,-1,0.36262682387373224,0.2862108392367862,official_model_generator_bus_assignment
17672-2,hydro,10.0,1761,C003-Z001,4,T89515-89516-1::-1,T89515-89516-1,-1,0.39351415362383785,0.2862108392373899,official_model_generator_bus_assignment
17672-2,hydro,10.0,1761,C003-Z001,4,2561-3781-1::+1,2561-3781-1,1,0.9999999999755063,0.01203997999596612,official_model_generator_bus_assignment
18212-1,solar,20.0,1821,C003-Z001,6,3581-89516-1::+1,3581-89516-1,1,0.058101665671393514,0.02983116281789086,official_model_generator_bus_assignment
18212-1,solar,20.0,1821,C003-Z001,6,T3464-3462-34641-1-w1::+1,T3464-3462-34641-1-w1,1,0.07611847051800072,0.03991118363404221,official_model_generator_bus_assignment
18212-1,solar,20.0,1821,C003-Z001,6,T3464-3462-34641-1-w2::-1,T3464-3462-34641-1-w2,-1,0.18953776628852267,0.03991118363399839,official_model_generator_bus_assignment
18212-1,solar,20.0,1821,C003-Z001,6,T3934-3942-39402-1-w1::+1,T3934-3942-39402-1-w1,1,0.07712806339970055,0.040776211523801356,official_model_generator_bus_assignment
18212-1,solar,20.0,1821,C003-Z001,6,3691-4041-1::+1,3691-4041-1,1,0.17457639088530574,0.09772699724599003,official_model_generator_bus_assignment
18212-1,solar,20.0,1821,C003-Z001,6,2561-3781-1::+1,2561-3781-1,1,0.999999999959138,0.012039979995769046,official_model_generator_bus_assignment
18271-DW,wind,4.25,1821,C003-Z001,6,3581-89516-1::+1,3581-89516-1,1,0.058101665671393514,0.02983116281789086,official_model_generator_bus_assignment
18271-DW,wind,4.25,1821,C003-Z001,6,T3464-3462-34641-1-w1::+1,T3464-3462-34641-1-w1,1,0.07611847051800072,0.03991118363404221,official_model_generator_bus_assignment
18271-DW,wind,4.25,1821,C003-Z001,6,T3464-3462-34641-1-w2::-1,T3464-3462-34641-1-w2,-1,0.18953776628852267,0.03991118363399839,official_model_generator_bus_assignment
18271-DW,wind,4.25,1821,C003-Z001,6,T3934-3942-39402-1-w1::+1,T3934-3942-39402-1-w1,1,0.07712806339970055,0.040776211523801356,official_model_generator_bus_assignment
18271-DW,wind,4.25,1821,C003-Z001,6,3691-4041-1::+1,3691-4041-1,1,0.17457639088530574,0.09772699724599003,official_model_generator_bus_assignment
18271-DW,wind,4.25,1821,C003-Z001,6,2561-3781-1::+1,2561-3781-1,1,0.999999999959138,0.012039979995769046,official_model_generator_bus_assignment
18272-1,solar,4.0,1821,C003-Z001,6,3581-89516-1::+1,3581-89516-1,1,0.058101665671393514,0.02983116281789086,official_model_generator_bus_assignment
18272-1,solar,4.0,1821,C003-Z001,6,T3464-3462-34641-1-w1::+1,T3464-3462-34641-1-w1,1,0.07611847051800072,0.03991118363404221,official_model_generator_bus_assignment
18272-1,solar,4.0,1821,C003-Z001,6,T3464-3462-34641-1-w2::-1,T3464-3462-34641-1-w2,-1,0.18953776628852267,0.03991118363399839,official_model_generator_bus_assignment
18272-1,solar,4.0,1821,C003-Z001,6,T3934-3942-39402-1-w1::+1,T3934-3942-39402-1-w1,1,0.07712806339970055,0.040776211523801356,official_model_generator_bus_assignment
18272-1,solar,4.0,1821,C003-Z001,6,3691-4041-1::+1,3691-4041-1,1,0.17457639088530574,0.09772699724599003,official_model_generator_bus_assignment
18272-1,solar,4.0,1821,C003-Z001,6,2561-3781-1::+1,2561-3781-1,1,0.999999999959138,0.012039979995769046,official_model_generator_bus_assignment
18274-1,solar,50.0,1821,C003-Z001,6,3581-89516-1::+1,3581-89516-1,1,0.058101665671393514,0.02983116281789086,official_model_generator_bus_assignment
18274-1,solar,50.0,1821,C003-Z001,6,T3464-3462-34641-1-w1::+1,T3464-3462-34641-1-w1,1,0.07611847051800072,0.03991118363404221,official_model_generator_bus_assignment
18274-1,solar,50.0,1821,C003-Z001,6,T3464-3462-34641-1-w2::-1,T3464-3462-34641-1-w2,-1,0.18953776628852267,0.03991118363399839,official_model_generator_bus_assignment
18274-1,solar,50.0,1821,C003-Z001,6,T3934-3942-39402-1-w1::+1,T3934-3942-39402-1-w1,1,0.07712806339970055,0.040776211523801356,official_model_generator_bus_assignment
18274-1,solar,50.0,1821,C003-Z001,6,3691-4041-1::+1,3691-4041-1,1,0.17457639088530574,0.09772699724599003,official_model_generator_bus_assignment
18274-1,solar,50.0,1821,C003-Z001,6,2561-3781-1::+1,2561-3781-1,1,0.999999999959138,0.012039979995769046,official_model_generator_bus_assignment
18275-1,solar,4.99,1821,C003-Z001,6,3581-89516-1::+1,3581-89516-1,1,0.058101665671393514,0.02983116281789086,official_model_generator_bus_assignment
18275-1,solar,4.99,1821,C003-Z001,6,T3464-3462-34641-1-w1::+1,T3464-3462-34641-1-w1,1,0.07611847051800072,0.03991118363404221,official_model_generator_bus_assignment
18275-1,solar,4.99,1821,C003-Z001,6,T3464-3462-34641-1-w2::-1,T3464-3462-34641-1-w2,-1,0.18953776628852267,0.03991118363399839,official_model_generator_bus_assignment
18275-1,solar,4.99,1821,C003-Z001,6,T3934-3942-39402-1-w1::+1,T3934-3942-39402-1-w1,1,0.07712806339970055,0.040776211523801356,official_model_generator_bus_assignment
18275-1,solar,4.99,1821,C003-Z001,6,3691-4041-1::+1,3691-4041-1,1,0.17457639088530574,0.09772699724599003,official_model_generator_bus_assignment
18275-1,solar,4.99,1821,C003-Z001,6,2561-3781-1::+1,2561-3781-1,1,0.999999999959138,0.012039979995769046,official_model_generator_bus_assignment
18276-1,wind,4.99,1821,C003-Z001,6,3581-89516-1::+1,3581-89516-1,1,0.058101665671393514,0.02983116281789086,official_model_generator_bus_assignment
18276-1,wind,4.99,1821,C003-Z001,6,T3464-3462-34641-1-w1::+1,T3464-3462-34641-1-w1,1,0.07611847051800072,0.03991118363404221,official_model_generator_bus_assignment
18276-1,wind,4.99,1821,C003-Z001,6,T3464-3462-34641-1-w2::-1,T3464-3462-34641-1-w2,-1,0.18953776628852267,0.03991118363399839,official_model_generator_bus_assignment
18276-1,wind,4.99,1821,C003-Z001,6,T3934-3942-39402-1-w1::+1,T3934-3942-39402-1-w1,1,0.07712806339970055,0.040776211523801356,official_model_generator_bus_assignment
18276-1,wind,4.99,1821,C003-Z001,6,3691-4041-1::+1,3691-4041-1,1,0.17457639088530574,0.09772699724599003,official_model_generator_bus_assignment
18276-1,wind,4.99,1821,C003-Z001,6,2561-3781-1::+1,2561-3781-1,1,0.999999999959138,0.012039979995769046,official_model_generator_bus_assignment
18372-1,wind,3.0,1831,C003-Z001,6,2781-4951-1::-1,2781-4951-1,-1,1.0,0.8112009327698033,official_model_generator_bus_assignment
18372-1,wind,3.0,1831,C003-Z001,6,T3464-3462-34641-1-w1::+1,T3464-3462-34641-1-w1,1,0.09729479882752996,0.051014563958224096,official_model_generator_bus_assignment
18372-1,wind,3.0,1831,C003-Z001,6,T3464-3462-34641-1-w2::-1,T3464-3462-34641-1-w2,-1,0.2422675957067001,0.05101456395818514,official_model_generator_bus_assignment
18372-1,wind,3.0,1831,C003-Z001,6,T3934-3942-39402-1-w1::+1,T3934-3942-39402-1-w1,1,0.09822454196180687,0.05192953800884218,official_model_generator_bus_assignment
18372-1,wind,3.0,1831,C003-Z001,6,3691-4041-1::+1,3691-4041-1,1,0.09192584573868309,0.05145963224340978,official_model_generator_bus_assignment
18372-1,wind,3.0,1831,C003-Z001,6,2561-3781-1::+1,2561-3781-1,1,0.9999999999597416,0.012039979995776315,official_model_generator_bus_assignment
18373-1,wind,4.99,1831,C003-Z001,6,2781-4951-1::-1,2781-4951-1,-1,1.0,0.8112009327698033,official_model_generator_bus_assignment
18373-1,wind,4.99,1831,C003-Z001,6,T3464-3462-34641-1-w1::+1,T3464-3462-34641-1-w1,1,0.09729479882752996,0.051014563958224096,official_model_generator_bus_assignment
18373-1,wind,4.99,1831,C003-Z001,6,T3464-3462-34641-1-w2::-1,T3464-3462-34641-1-w2,-1,0.2422675957067001,0.05101456395818514,official_model_generator_bus_assignment
18373-1,wind,4.99,1831,C003-Z001,6,T3934-3942-39402-1-w1::+1,T3934-3942-39402-1-w1,1,0.09822454196180687,0.05192953800884218,official_model_generator_bus_assignment
18373-1,wind,4.99,1831,C003-Z001,6,3691-4041-1::+1,3691-4041-1,1,0.09192584573868309,0.05145963224340978,official_model_generator_bus_assignment
18373-1,wind,4.99,1831,C003-Z001,6,2561-3781-1::+1,2561-3781-1,1,0.9999999999597416,0.012039979995776315,official_model_generator_bus_assignment
18471-1,wind,4.99,1841,C003-Z001,3,1122-1742-1::+1,1122-1742-1,1,0.6630136712758746,0.3726918923277274,official_model_generator_bus_assignment
18471-1,wind,4.99,1841,C003-Z001,3,3082-3122-1::-1,3082-3122-1,-1,0.4179099075666761,0.2766295772999143,official_model_generator_bus_assignment
18471-1,wind,4.99,1841,C003-Z001,3,2561-3781-1::+1,2561-3781-1,1,0.9999999999590425,0.012039979995767898,official_model_generator_bus_assignment
18472-DW,wind,2.5,1841,C003-Z001,3,1122-1742-1::+1,1122-1742-1,1,0.6630136712758746,0.3726918923277274,official_model_generator_bus_assignment
18472-DW,wind,2.5,1841,C003-Z001,3,3082-3122-1::-1,3082-3122-1,-1,0.4179099075666761,0.2766295772999143,official_model_generator_bus_assignment
18472-DW,wind,2.5,1841,C003-Z001,3,2561-3781-1::+1,2561-3781-1,1,0.9999999999590425,0.012039979995767898,official_model_generator_bus_assignment
18476-1,solar,5.0,1841,C003-Z001,3,1122-1742-1::+1,1122-1742-1,1,0.6630136712758746,0.3726918923277274,official_model_generator_bus_assignment
18476-1,solar,5.0,1841,C003-Z001,3,3082-3122-1::-1,3082-3122-1,-1,0.4179099075666761,0.2766295772999143,official_model_generator_bus_assignment
18476-1,solar,5.0,1841,C003-Z001,3,2561-3781-1::+1,2561-3781-1,1,0.9999999999590425,0.012039979995767898,official_model_generator_bus_assignment
18672-1,solar,4.0,1861,C003-Z001,4,3581-89516-1::+1,3581-89516-1,1,0.1403560653951621,0.07206307411154116,official_model_generator_bus_assignment
18672-1,solar,4.0,1861,C003-Z001,4,T89510-89515-1::-1,T89510-89515-1,-1,0.09130333342133043,0.07206307411151232,official_model_generator_bus_assignment
18672-1,solar,4.0,1861,C003-Z001,4,T89515-89516-1::-1,T89515-89516-1,-1,0.09908024340422361,0.07206307411162421,official_model_generator_bus_assignment
18672-1,solar,4.0,1861,C003-Z001,4,2561-3781-1::+1,2561-3781-1,1,0.9999999999625976,0.0120399799958107,official_model_generator_bus_assignment
18871-1,solar,120.0,18810,C003-Z001,6,T3464-3462-34641-1-w1::+1,T3464-3462-34641-1-w1,1,0.24610005070205138,0.12903759428000988,official_model_generator_bus_assignment
18871-1,solar,120.0,18810,C003-Z001,6,T3464-3462-34641-1-w2::-1,T3464-3462-34641-1-w2,-1,0.6127980971784411,0.12903759427988237,official_model_generator_bus_assignment
18871-1,solar,120.0,18810,C003-Z001,6,T3934-3942-39402-1-w1::+1,T3934-3942-39402-1-w1,1,0.2334035429260712,0.12339622981892581,official_model_generator_bus_assignment
18871-1,solar,120.0,18810,C003-Z001,6,1122-1742-1::+1,1122-1742-1,1,0.10257290522298472,0.057658072231817396,official_model_generator_bus_assignment
18871-1,solar,120.0,18810,C003-Z001,6,3082-3122-1::-1,3082-3122-1,-1,0.08098356708929798,0.053605931629121556,official_model_generator_bus_assignment
18871-1,solar,120.0,18810,C003-Z001,6,2561-3781-1::+1,2561-3781-1,1,0.9999999999676514,0.012039979995871548,official_model_generator_bus_assignment
19074-1,solar,4.0,1901,C003-Z001,3,1122-1742-1::+1,1122-1742-1,1,0.1289956275244576,0.07251075898869196,official_model_generator_bus_assignment
19074-1,solar,4.0,1901,C003-Z001,3,3082-3122-1::-1,3082-3122-1,-1,0.1262375797133292,0.08356118790959975,official_model_generator_bus_assignment
19074-1,solar,4.0,1901,C003-Z001,3,2561-3781-1::+1,2561-3781-1,1,0.9999999999611835,0.012039979995793674,official_model_generator_bus_assignment
19076-1,wind,15.0,1901,C003-Z001,3,1122-1742-1::+1,1122-1742-1,1,0.1289956275244576,0.07251075898869196,official_model_generator_bus_assignment
19076-1,wind,15.0,1901,C003-Z001,3,3082-3122-1::-1,3082-3122-1,-1,0.1262375797133292,0.08356118790959975,official_model_generator_bus_assignment
19076-1,wind,15.0,1901,C003-Z001,3,2561-3781-1::+1,2561-3781-1,1,0.9999999999611835,0.012039979995793674,official_model_generator_bus_assignment
19076-2,wind,6.0,1901,C003-Z001,3,1122-1742-1::+1,1122-1742-1,1,0.1289956275244576,0.07251075898869196,official_model_generator_bus_assignment
19076-2,wind,6.0,1901,C003-Z001,3,3082-3122-1::-1,3082-3122-1,-1,0.1262375797133292,0.08356118790959975,official_model_generator_bus_assignment
19076-2,wind,6.0,1901,C003-Z001,3,2561-3781-1::+1,2561-3781-1,1,0.9999999999611835,0.012039979995793674,official_model_generator_bus_assignment
19077-1,solar,4.6,1901,C003-Z001,3,1122-1742-1::+1,1122-1742-1,1,0.1289956275244576,0.07251075898869196,official_model_generator_bus_assignment
19077-1,solar,4.6,1901,C003-Z001,3,3082-3122-1::-1,3082-3122-1,-1,0.1262375797133292,0.08356118790959975,official_model_generator_bus_assignment
19077-1,solar,4.6,1901,C003-Z001,3,2561-3781-1::+1,2561-3781-1,1,0.9999999999611835,0.012039979995793674,official_model_generator_bus_assignment
19077-2,solar,4.7,1901,C003-Z001,3,1122-1742-1::+1,1122-1742-1,1,0.1289956275244576,0.07251075898869196,official_model_generator_bus_assignment
19077-2,solar,4.7,1901,C003-Z001,3,3082-3122-1::-1,3082-3122-1,-1,0.1262375797133292,0.08356118790959975,official_model_generator_bus_assignment
19077-2,solar,4.7,1901,C003-Z001,3,2561-3781-1::+1,2561-3781-1,1,0.9999999999611835,0.012039979995793674,official_model_generator_bus_assignment
19081-1,wind,2.55,1901,C003-Z001,3,1122-1742-1::+1,1122-1742-1,1,0.1289956275244576,0.07251075898869196,official_model_generator_bus_assignment
19081-1,wind,2.55,1901,C003-Z001,3,3082-3122-1::-1,3082-3122-1,-1,0.1262375797133292,0.08356118790959975,official_model_generator_bus_assignment
19081-1,wind,2.55,1901,C003-Z001,3,2561-3781-1::+1,2561-3781-1,1,0.9999999999611835,0.012039979995793674,official_model_generator_bus_assignment
19082-2,wind,1.7,1901,C003-Z001,3,1122-1742-1::+1,1122-1742-1,1,0.1289956275244576,0.07251075898869196,official_model_generator_bus_assignment
19082-2,wind,1.7,1901,C003-Z001,3,3082-3122-1::-1,3082-3122-1,-1,0.1262375797133292,0.08356118790959975,official_model_generator_bus_assignment
19082-2,wind,1.7,1901,C003-Z001,3,2561-3781-1::+1,2561-3781-1,1,0.9999999999611835,0.012039979995793674,official_model_generator_bus_assignment
19083-1,wind,4.99,1901,C003-Z001,3,1122-1742-1::+1,1122-1742-1,1,0.1289956275244576,0.07251075898869196,official_model_generator_bus_assignment
19083-1,wind,4.99,1901,C003-Z001,3,3082-3122-1::-1,3082-3122-1,-1,0.1262375797133292,0.08356118790959975,official_model_generator_bus_assignment
19083-1,wind,4.99,1901,C003-Z001,3,2561-3781-1::+1,2561-3781-1,1,0.9999999999611835,0.012039979995793674,official_model_generator_bus_assignment
19084-2,wind,4.5,1901,C003-Z001,3,1122-1742-1::+1,1122-1742-1,1,0.1289956275244576,0.07251075898869196,official_model_generator_bus_assignment
19084-2,wind,4.5,1901,C003-Z001,3,3082-3122-1::-1,3082-3122-1,-1,0.1262375797133292,0.08356118790959975,official_model_generator_bus_assignment
19084-2,wind,4.5,1901,C003-Z001,3,2561-3781-1::+1,2561-3781-1,1,0.9999999999611835,0.012039979995793674,official_model_generator_bus_assignment
19085-1,wind,21.0,1901,C003-Z001,3,1122-1742-1::+1,1122-1742-1,1,0.1289956275244576,0.07251075898869196,official_model_generator_bus_assignment
19085-1,wind,21.0,1901,C003-Z001,3,3082-3122-1::-1,3082-3122-1,-1,0.1262375797133292,0.08356118790959975,official_model_generator_bus_assignment
19085-1,wind,21.0,1901,C003-Z001,3,2561-3781-1::+1,2561-3781-1,1,0.9999999999611835,0.012039979995793674,official_model_generator_bus_assignment
19201-1,solar,4.95,1921,C003-Z001,6,T3464-3462-34641-1-w1::+1,T3464-3462-34641-1-w1,1,0.22890074190289705,0.12001948386357274,official_model_generator_bus_assignment
19201-1,solar,4.95,1921,C003-Z001,6,T3464-3462-34641-1-w2::-1,T3464-3462-34641-1-w2,-1,0.5699711913129654,0.12001948386345467,official_model_generator_bus_assignment
19201-1,solar,4.95,1921,C003-Z001,6,T3934-3942-39402-1-w1::+1,T3934-3942-39402-1-w1,1,0.21558868736078496,0.11397783803289657,official_model_generator_bus_assignment
19201-1,solar,4.95,1921,C003-Z001,6,1122-1742-1::+1,1122-1742-1,1,0.15355332069885358,0.08631507937737531,official_model_generator_bus_assignment
19201-1,solar,4.95,1921,C003-Z001,6,3082-3122-1::-1,3082-3122-1,-1,0.11350995218532556,0.07513631412854287,official_model_generator_bus_assignment
19201-1,solar,4.95,1921,C003-Z001,6,2561-3781-1::+1,2561-3781-1,1,0.9999999999695919,0.012039979995894911,official_model_generator_bus_assignment
19371-1,wind,23.75,1931,C003-Z001,4,3581-89516-1::+1,3581-89516-1,1,0.21835880660501764,0.11211205457336407,official_model_generator_bus_assignment
19371-1,wind,23.75,1931,C003-Z001,4,T89510-89515-1::-1,T89510-89515-1,-1,0.14204506851068727,0.11211205457334489,official_model_generator_bus_assignment
19371-1,wind,23.75,1931,C003-Z001,4,T89515-89516-1::-1,T89515-89516-1,-1,0.1541439883410577,0.11211205457342933,official_model_generator_bus_assignment
19371-1,wind,23.75,1931,C003-Z001,4,2561-3781-1::+1,2561-3781-1,1,0.9999999999621594,0.012039979995805423,official_model_generator_bus_assignment
19372-2,wind,11.05,1931,C003-Z001,4,3581-89516-1::+1,3581-89516-1,1,0.21835880660501764,0.11211205457336407,official_model_generator_bus_assignment
19372-2,wind,11.05,1931,C003-Z001,4,T89510-89515-1::-1,T89510-89515-1,-1,0.14204506851068727,0.11211205457334489,official_model_generator_bus_assignment
19372-2,wind,11.05,1931,C003-Z001,4,T89515-89516-1::-1,T89515-89516-1,-1,0.1541439883410577,0.11211205457342933,official_model_generator_bus_assignment
19372-2,wind,11.05,1931,C003-Z001,4,2561-3781-1::+1,2561-3781-1,1,0.9999999999621594,0.012039979995805423,official_model_generator_bus_assignment
19771-1,wind,42.5,1971,C003-Z001,6,T3464-3462-34641-1-w1::+1,T3464-3462-34641-1-w1,1,0.30871320697965926,0.16186753898458234,official_model_generator_bus_assignment
19771-1,wind,42.5,1971,C003-Z001,6,T3464-3462-34641-1-w2::-1,T3464-3462-34641-1-w2,-1,0.7687071387080133,0.16186753898449208,official_model_generator_bus_assignment
19771-1,wind,42.5,1971,C003-Z001,6,T3934-3942-39402-1-w1::+1,T3934-3942-39402-1-w1,1,0.2898780804708746,0.1532532959389693,official_model_generator_bus_assignment
19771-1,wind,42.5,1971,C003-Z001,6,1122-1742-1::+1,1122-1742-1,1,0.09276493113638645,0.05214483384685103,official_model_generator_bus_assignment
19771-1,wind,42.5,1971,C003-Z001,6,3082-3122-1::-1,3082-3122-1,-1,0.07908003071291109,0.052345912534956136,official_model_generator_bus_assignment
19771-1,wind,42.5,1971,C003-Z001,6,2561-3781-1::+1,2561-3781-1,1,0.9999999999600545,0.012039979995780081,official_model_generator_bus_assignment
19772-TW,wind,8.5,1971,C003-Z001,6,T3464-3462-34641-1-w1::+1,T3464-3462-34641-1-w1,1,0.30871320697965926,0.16186753898458234,official_model_generator_bus_assignment
19772-TW,wind,8.5,1971,C003-Z001,6,T3464-3462-34641-1-w2::-1,T3464-3462-34641-1-w2,-1,0.7687071387080133,0.16186753898449208,official_model_generator_bus_assignment
19772-TW,wind,8.5,1971,C003-Z001,6,T3934-3942-39402-1-w1::+1,T3934-3942-39402-1-w1,1,0.2898780804708746,0.1532532959389693,official_model_generator_bus_assignment
19772-TW,wind,8.5,1971,C003-Z001,6,1122-1742-1::+1,1122-1742-1,1,0.09276493113638645,0.05214483384685103,official_model_generator_bus_assignment
19772-TW,wind,8.5,1971,C003-Z001,6,3082-3122-1::-1,3082-3122-1,-1,0.07908003071291109,0.052345912534956136,official_model_generator_bus_assignment
19772-TW,wind,8.5,1971,C003-Z001,6,2561-3781-1::+1,2561-3781-1,1,0.9999999999600545,0.012039979995780081,official_model_generator_bus_assignment
19773-TW,wind,30.0,1971,C003-Z001,6,T3464-3462-34641-1-w1::+1,T3464-3462-34641-1-w1,1,0.30871320697965926,0.16186753898458234,official_model_generator_bus_assignment
19773-TW,wind,30.0,1971,C003-Z001,6,T3464-3462-34641-1-w2::-1,T3464-3462-34641-1-w2,-1,0.7687071387080133,0.16186753898449208,official_model_generator_bus_assignment
19773-TW,wind,30.0,1971,C003-Z001,6,T3934-3942-39402-1-w1::+1,T3934-3942-39402-1-w1,1,0.2898780804708746,0.1532532959389693,official_model_generator_bus_assignment
19773-TW,wind,30.0,1971,C003-Z001,6,1122-1742-1::+1,1122-1742-1,1,0.09276493113638645,0.05214483384685103,official_model_generator_bus_assignment
19773-TW,wind,30.0,1971,C003-Z001,6,3082-3122-1::-1,3082-3122-1,-1,0.07908003071291109,0.052345912534956136,official_model_generator_bus_assignment
19773-TW,wind,30.0,1971,C003-Z001,6,2561-3781-1::+1,2561-3781-1,1,0.9999999999600545,0.012039979995780081,official_model_generator_bus_assignment
19971-1,wind,20.0,1991,C003-Z001,3,1122-1742-1::+1,1122-1742-1,1,0.6784610989665336,0.3813751688679361,official_model_generator_bus_assignment
19971-1,wind,20.0,1991,C003-Z001,3,3082-3122-1::-1,3082-3122-1,-1,0.4204661655861241,0.2783216562925057,official_model_generator_bus_assignment
19971-1,wind,20.0,1991,C003-Z001,3,2561-3781-1::+1,2561-3781-1,1,0.9999999999595844,0.012039979995774422,official_model_generator_bus_assignment
19972-2,wind,2.0,1991,C003-Z001,3,1122-1742-1::+1,1122-1742-1,1,0.6784610989665336,0.3813751688679361,official_model_generator_bus_assignment
19972-2,wind,2.0,1991,C003-Z001,3,3082-3122-1::-1,3082-3122-1,-1,0.4204661655861241,0.2783216562925057,official_model_generator_bus_assignment
19972-2,wind,2.0,1991,C003-Z001,3,2561-3781-1::+1,2561-3781-1,1,0.9999999999595844,0.012039979995774422,official_model_generator_bus_assignment
19973-3,wind,3.3,1991,C003-Z001,3,1122-1742-1::+1,1122-1742-1,1,0.6784610989665336,0.3813751688679361,official_model_generator_bus_assignment
19973-3,wind,3.3,1991,C003-Z001,3,3082-3122-1::-1,3082-3122-1,-1,0.4204661655861241,0.2783216562925057,official_model_generator_bus_assignment
19973-3,wind,3.3,1991,C003-Z001,3,2561-3781-1::+1,2561-3781-1,1,0.9999999999595844,0.012039979995774422,official_model_generator_bus_assignment
19974-4,wind,16.1,1991,C003-Z001,3,1122-1742-1::+1,1122-1742-1,1,0.6784610989665336,0.3813751688679361,official_model_generator_bus_assignment
19974-4,wind,16.1,1991,C003-Z001,3,3082-3122-1::-1,3082-3122-1,-1,0.4204661655861241,0.2783216562925057,official_model_generator_bus_assignment
19974-4,wind,16.1,1991,C003-Z001,3,2561-3781-1::+1,2561-3781-1,1,0.9999999999595844,0.012039979995774422,official_model_generator_bus_assignment
20671-1,solar,55.0,2061,C003-Z001,6,T3464-3462-34641-1-w1::+1,T3464-3462-34641-1-w1,1,0.23545877670912568,0.12345805704625294,official_model_generator_bus_assignment
20671-1,solar,55.0,2061,C003-Z001,6,T3464-3462-34641-1-w2::-1,T3464-3462-34641-1-w2,-1,0.586300937036402,0.12345805704613357,official_model_generator_bus_assignment
20671-1,solar,55.0,2061,C003-Z001,6,T3934-3942-39402-1-w1::+1,T3934-3942-39402-1-w1,1,0.22172794358293507,0.1172235517106262,official_model_generator_bus_assignment
20671-1,solar,55.0,2061,C003-Z001,6,1122-1742-1::+1,1122-1742-1,1,0.147796332144826,0.08307897271583281,official_model_generator_bus_assignment
20671-1,solar,55.0,2061,C003-Z001,6,3082-3122-1::-1,3082-3122-1,-1,0.11015518420487165,0.072915672713804,official_model_generator_bus_assignment
20671-1,solar,55.0,2061,C003-Z001,6,2561-3781-1::+1,2561-3781-1,1,0.9999999999703401,0.01203997999590392,official_model_generator_bus_assignment
21071-2,wind,0.5,2101,C003-Z001,1,2561-3781-1::+1,2561-3781-1,1,0.9999999999586678,0.012039979995763386,official_model_generator_bus_assignment
21072-1,solar,3.99,2101,C003-Z001,1,2561-3781-1::+1,2561-3781-1,1,0.9999999999586678,0.012039979995763386,official_model_generator_bus_assignment
21272-1,solar,4.0,2121,C003-Z001,5,T3464-3462-34641-1-w1::+1,T3464-3462-34641-1-w1,1,0.23471181125337026,0.1230664007863457,official_model_generator_bus_assignment
21272-1,solar,4.0,2121,C003-Z001,5,T3464-3462-34641-1-w2::-1,T3464-3462-34641-1-w2,-1,0.5844409658232096,0.12306640078628998,official_model_generator_bus_assignment
21272-1,solar,4.0,2121,C003-Z001,5,T3934-3942-39402-1-w1::+1,T3934-3942-39402-1-w1,1,0.22903529369852513,0.12108681549371417,official_model_generator_bus_assignment
21272-1,solar,4.0,2121,C003-Z001,5,1122-1742-1::+1,1122-1742-1,1,0.051333255615372185,0.028855344924969946,official_model_generator_bus_assignment
21272-1,solar,4.0,2121,C003-Z001,5,2561-3781-1::+1,2561-3781-1,1,0.9999999999623763,0.012039979995808036,official_model_generator_bus_assignment
21273-1,solar,8.0,2121,C003-Z001,5,T3464-3462-34641-1-w1::+1,T3464-3462-34641-1-w1,1,0.23471181125337026,0.1230664007863457,official_model_generator_bus_assignment
21273-1,solar,8.0,2121,C003-Z001,5,T3464-3462-34641-1-w2::-1,T3464-3462-34641-1-w2,-1,0.5844409658232096,0.12306640078628998,official_model_generator_bus_assignment
21273-1,solar,8.0,2121,C003-Z001,5,T3934-3942-39402-1-w1::+1,T3934-3942-39402-1-w1,1,0.22903529369852513,0.12108681549371417,official_model_generator_bus_assignment
21273-1,solar,8.0,2121,C003-Z001,5,1122-1742-1::+1,1122-1742-1,1,0.051333255615372185,0.028855344924969946,official_model_generator_bus_assignment
21273-1,solar,8.0,2121,C003-Z001,5,2561-3781-1::+1,2561-3781-1,1,0.9999999999623763,0.012039979995808036,official_model_generator_bus_assignment
21274-1,solar,60.0,21210,C003-Z001,4,T3464-3462-34641-1-w1::+1,T3464-3462-34641-1-w1,1,0.22967815572085581,0.12042710510762883,official_model_generator_bus_assignment
21274-1,solar,60.0,21210,C003-Z001,4,T3464-3462-34641-1-w2::-1,T3464-3462-34641-1-w2,-1,0.5719069800585989,0.1204271051075818,official_model_generator_bus_assignment
21274-1,solar,60.0,21210,C003-Z001,4,T3934-3942-39402-1-w1::+1,T3934-3942-39402-1-w1,1,0.22539231141208496,0.11916083667690489,official_model_generator_bus_assignment
21274-1,solar,60.0,21210,C003-Z001,4,2561-3781-1::+1,2561-3781-1,1,0.999999999962797,0.012039979995813101,official_model_generator_bus_assignment
21371-TW,wind,28.5,2131,C003-Z001,4,T3464-3462-34641-1-w1::+1,T3464-3462-34641-1-w1,1,0.39150812506402227,0.205279383142027,official_model_generator_bus_assignment
21371-TW,wind,28.5,2131,C003-Z001,4,T3464-3462-34641-1-w2::-1,T3464-3462-34641-1-w2,-1,0.9748695028093444,0.20527938314193644,official_model_generator_bus_assignment
21371-TW,wind,28.5,2131,C003-Z001,4,T3934-3942-39402-1-w1::+1,T3934-3942-39402-1-w1,1,0.36694158021324597,0.19399537382538937,official_model_generator_bus_assignment
21371-TW,wind,28.5,2131,C003-Z001,4,2561-3781-1::+1,2561-3781-1,1,0.9999999999634287,0.012039979995820706,official_model_generator_bus_assignment
21471-1,solar,15.0,2141,C003-Z001,6,T3464-3462-34641-1-w1::+1,T3464-3462-34641-1-w1,1,0.14799116304651336,0.07759617927646206,official_model_generator_bus_assignment
21471-1,solar,15.0,2141,C003-Z001,6,T3464-3462-34641-1-w2::-1,T3464-3462-34641-1-w2,-1,0.36850339061452164,0.07759617927637152,official_model_generator_bus_assignment
21471-1,solar,15.0,2141,C003-Z001,6,T3934-3942-39402-1-w1::+1,T3934-3942-39402-1-w1,1,0.1392083570379518,0.07359693945696066,official_model_generator_bus_assignment
21471-1,solar,15.0,2141,C003-Z001,6,1122-1742-1::+1,1122-1742-1,1,0.2553749315065757,0.1435508355251508,official_model_generator_bus_assignment
21471-1,solar,15.0,2141,C003-Z001,6,3082-3122-1::-1,3082-3122-1,-1,0.17574520183705375,0.11633206108882625,official_model_generator_bus_assignment
21471-1,solar,15.0,2141,C003-Z001,6,2561-3781-1::+1,2561-3781-1,1,0.9999999999649263,0.012039979995838737,official_model_generator_bus_assignment
21472-1,solar,19.0,2141,C003-Z001,6,T3464-3462-34641-1-w1::+1,T3464-3462-34641-1-w1,1,0.14799116304651336,0.07759617927646206,official_model_generator_bus_assignment
21472-1,solar,19.0,2141,C003-Z001,6,T3464-3462-34641-1-w2::-1,T3464-3462-34641-1-w2,-1,0.36850339061452164,0.07759617927637152,official_model_generator_bus_assignment
21472-1,solar,19.0,2141,C003-Z001,6,T3934-3942-39402-1-w1::+1,T3934-3942-39402-1-w1,1,0.1392083570379518,0.07359693945696066,official_model_generator_bus_assignment
21472-1,solar,19.0,2141,C003-Z001,6,1122-1742-1::+1,1122-1742-1,1,0.2553749315065757,0.1435508355251508,official_model_generator_bus_assignment
21472-1,solar,19.0,2141,C003-Z001,6,3082-3122-1::-1,3082-3122-1,-1,0.17574520183705375,0.11633206108882625,official_model_generator_bus_assignment
21472-1,solar,19.0,2141,C003-Z001,6,2561-3781-1::+1,2561-3781-1,1,0.9999999999649263,0.012039979995838737,official_model_generator_bus_assignment
21473-1,solar,4.95,2141,C003-Z001,6,T3464-3462-34641-1-w1::+1,T3464-3462-34641-1-w1,1,0.14799116304651336,0.07759617927646206,official_model_generator_bus_assignment
21473-1,solar,4.95,2141,C003-Z001,6,T3464-3462-34641-1-w2::-1,T3464-3462-34641-1-w2,-1,0.36850339061452164,0.07759617927637152,official_model_generator_bus_assignment
21473-1,solar,4.95,2141,C003-Z001,6,T3934-3942-39402-1-w1::+1,T3934-3942-39402-1-w1,1,0.1392083570379518,0.07359693945696066,official_model_generator_bus_assignment
21473-1,solar,4.95,2141,C003-Z001,6,1122-1742-1::+1,1122-1742-1,1,0.2553749315065757,0.1435508355251508,official_model_generator_bus_assignment
21473-1,solar,4.95,2141,C003-Z001,6,3082-3122-1::-1,3082-3122-1,-1,0.17574520183705375,0.11633206108882625,official_model_generator_bus_assignment
21473-1,solar,4.95,2141,C003-Z001,6,2561-3781-1::+1,2561-3781-1,1,0.9999999999649263,0.012039979995838737,official_model_generator_bus_assignment
21474-1,solar,4.0,2141,C003-Z001,6,T3464-3462-34641-1-w1::+1,T3464-3462-34641-1-w1,1,0.14799116304651336,0.07759617927646206,official_model_generator_bus_assignment
21474-1,solar,4.0,2141,C003-Z001,6,T3464-3462-34641-1-w2::-1,T3464-3462-34641-1-w2,-1,0.36850339061452164,0.07759617927637152,official_model_generator_bus_assignment
21474-1,solar,4.0,2141,C003-Z001,6,T3934-3942-39402-1-w1::+1,T3934-3942-39402-1-w1,1,0.1392083570379518,0.07359693945696066,official_model_generator_bus_assignment
21474-1,solar,4.0,2141,C003-Z001,6,1122-1742-1::+1,1122-1742-1,1,0.2553749315065757,0.1435508355251508,official_model_generator_bus_assignment
21474-1,solar,4.0,2141,C003-Z001,6,3082-3122-1::-1,3082-3122-1,-1,0.17574520183705375,0.11633206108882625,official_model_generator_bus_assignment
21474-1,solar,4.0,2141,C003-Z001,6,2561-3781-1::+1,2561-3781-1,1,0.9999999999649263,0.012039979995838737,official_model_generator_bus_assignment
21571-1,solar,50.0,2151,C003-Z001,4,T3464-3462-34641-1-w1::+1,T3464-3462-34641-1-w1,1,0.3586900896353639,0.18807190866719584,official_model_generator_bus_assignment
21571-1,solar,50.0,2151,C003-Z001,4,T3464-3462-34641-1-w2::-1,T3464-3462-34641-1-w2,-1,0.8931513982965925,0.18807190866708184,official_model_generator_bus_assignment
21571-1,solar,50.0,2151,C003-Z001,4,T3934-3942-39402-1-w1::+1,T3934-3942-39402-1-w1,1,0.33708289341602465,0.1782096263944334,official_model_generator_bus_assignment
21571-1,solar,50.0,2151,C003-Z001,4,2561-3781-1::+1,2561-3781-1,1,0.9999999999625416,0.012039979995810026,official_model_generator_bus_assignment
21572-1,wind,25.2,2151,C003-Z001,4,T3464-3462-34641-1-w1::+1,T3464-3462-34641-1-w1,1,0.3586900896353639,0.18807190866719584,official_model_generator_bus_assignment
21572-1,wind,25.2,2151,C003-Z001,4,T3464-3462-34641-1-w2::-1,T3464-3462-34641-1-w2,-1,0.8931513982965925,0.18807190866708184,official_model_generator_bus_assignment
21572-1,wind,25.2,2151,C003-Z001,4,T3934-3942-39402-1-w1::+1,T3934-3942-39402-1-w1,1,0.33708289341602465,0.1782096263944334,official_model_generator_bus_assignment
21572-1,wind,25.2,2151,C003-Z001,4,2561-3781-1::+1,2561-3781-1,1,0.9999999999625416,0.012039979995810026,official_model_generator_bus_assignment
21672-1,solar,4.99,2161,C003-Z001,6,T3464-3462-34641-1-w1::+1,T3464-3462-34641-1-w1,1,0.14727261574255102,0.07721942350085298,official_model_generator_bus_assignment
21672-1,solar,4.99,2161,C003-Z001,6,T3464-3462-34641-1-w2::-1,T3464-3462-34641-1-w2,-1,0.3667141816348075,0.07721942350074279,official_model_generator_bus_assignment
21672-1,solar,4.99,2161,C003-Z001,6,T3934-3942-39402-1-w1::+1,T3934-3942-39402-1-w1,1,0.1393108983278231,0.07365115118147973,official_model_generator_bus_assignment
21672-1,solar,4.99,2161,C003-Z001,6,1122-1742-1::+1,1122-1742-1,1,0.217834911405041,0.1224489160085615,official_model_generator_bus_assignment
21672-1,solar,4.99,2161,C003-Z001,6,3082-3122-1::-1,3082-3122-1,-1,0.15088244089657504,0.09987450666155745,official_model_generator_bus_assignment
21672-1,solar,4.99,2161,C003-Z001,6,2561-3781-1::+1,2561-3781-1,1,0.99999999996687,0.012039979995862139,official_model_generator_bus_assignment
21791-1,wind,33.6,2171,C003-Z001,6,2781-4951-1::-1,2781-4951-1,-1,0.9999999999996682,0.8112009327695341,official_model_generator_bus_assignment
21791-1,wind,33.6,2171,C003-Z001,6,T3464-3462-34641-1-w1::+1,T3464-3462-34641-1-w1,1,0.09729479882736063,0.051014563958135306,official_model_generator_bus_assignment
21791-1,wind,33.6,2171,C003-Z001,6,T3464-3462-34641-1-w2::-1,T3464-3462-34641-1-w2,-1,0.24226759570610878,0.05101456395806063,official_model_generator_bus_assignment
21791-1,wind,33.6,2171,C003-Z001,6,T3934-3942-39402-1-w1::+1,T3934-3942-39402-1-w1,1,0.09822454196162062,0.05192953800874371,official_model_generator_bus_assignment
21791-1,wind,33.6,2171,C003-Z001,6,3691-4041-1::+1,3691-4041-1,1,0.09192584573874901,0.05145963224344668,official_model_generator_bus_assignment
21791-1,wind,33.6,2171,C003-Z001,6,2561-3781-1::+1,2561-3781-1,1,0.9999999999597882,0.012039979995776875,official_model_generator_bus_assignment
21871-1,wind,1.7,2181,C003-Z001,1,2561-3781-1::+1,2561-3781-1,1,0.9999999999597992,0.012039979995777007,official_model_generator_bus_assignment
21872-2,wind,1.8,2181,C003-Z001,1,2561-3781-1::+1,2561-3781-1,1,0.9999999999597992,0.012039979995777007,official_model_generator_bus_assignment
21874-1,wind,0.15,2181,C003-Z001,1,2561-3781-1::+1,2561-3781-1,1,0.9999999999597992,0.012039979995777007,official_model_generator_bus_assignment
21875-1,solar,3.99,2181,C003-Z001,1,2561-3781-1::+1,2561-3781-1,1,0.9999999999597992,0.012039979995777007,official_model_generator_bus_assignment
21876-1,solar,3.99,2181,C003-Z001,1,2561-3781-1::+1,2561-3781-1,1,0.9999999999597992,0.012039979995777007,official_model_generator_bus_assignment
21877-1,solar,4.0,2181,C003-Z001,1,2561-3781-1::+1,2561-3781-1,1,0.9999999999597992,0.012039979995777007,official_model_generator_bus_assignment
21878-1,solar,4.0,2181,C003-Z001,1,2561-3781-1::+1,2561-3781-1,1,0.9999999999597992,0.012039979995777007,official_model_generator_bus_assignment
22171-1,solar,101.1,2211,C003-Z001,4,T3464-3462-34641-1-w2::-1,T3464-3462-34641-1-w2,-1,0.08867100162401913,0.018671553950043024,official_model_generator_bus_assignment
22171-1,solar,101.1,2211,C003-Z001,4,1122-1742-1::+1,1122-1742-1,1,0.5469907592016601,0.30747332968315655,official_model_generator_bus_assignment
22171-1,solar,101.1,2211,C003-Z001,4,3082-3122-1::-1,3082-3122-1,-1,0.3500638691798261,0.23171984776105747,official_model_generator_bus_assignment
22171-1,solar,101.1,2211,C003-Z001,4,2561-3781-1::+1,2561-3781-1,1,0.9999999999571718,0.012039979995745374,official_model_generator_bus_assignment
22272-DW,wind,17.0,2225,C003-Z001,6,T3464-3462-34641-1-w1::+1,T3464-3462-34641-1-w1,1,0.259987930767019,0.13631942387785234,official_model_generator_bus_assignment
22272-DW,wind,17.0,2225,C003-Z001,6,T3464-3462-34641-1-w2::-1,T3464-3462-34641-1-w2,-1,0.6473794247864919,0.13631942387774415,official_model_generator_bus_assignment
22272-DW,wind,17.0,2225,C003-Z001,6,T3934-3942-39402-1-w1::+1,T3934-3942-39402-1-w1,1,0.24459116912920886,0.12931092535775007,official_model_generator_bus_assignment
22272-DW,wind,17.0,2225,C003-Z001,6,1122-1742-1::+1,1122-1742-1,1,0.1285495557592644,0.07226001403804276,official_model_generator_bus_assignment
22272-DW,wind,17.0,2225,C003-Z001,6,3082-3122-1::-1,3082-3122-1,-1,0.09921309721124175,0.06567271234119355,official_model_generator_bus_assignment
22272-DW,wind,17.0,2225,C003-Z001,6,2561-3781-1::+1,2561-3781-1,1,0.9999999999704722,0.01203997999590551,official_model_generator_bus_assignment
22273-DW,wind,4.5,2221,C003-Z001,6,T3464-3462-34641-1-w1::+1,T3464-3462-34641-1-w1,1,0.259994524080746,0.13632288094882508,official_model_generator_bus_assignment
22273-DW,wind,4.5,2221,C003-Z001,6,T3464-3462-34641-1-w2::-1,T3464-3462-34641-1-w2,-1,0.6473958423780144,0.13632288094871692,official_model_generator_bus_assignment
22273-DW,wind,4.5,2221,C003-Z001,6,T3934-3942-39402-1-w1::+1,T3934-3942-39402-1-w1,1,0.2445973179853318,0.12931417614672164,official_model_generator_bus_assignment
22273-DW,wind,4.5,2221,C003-Z001,6,1122-1742-1::+1,1122-1742-1,1,0.12854431578346853,0.0722570685535381,official_model_generator_bus_assignment
22273-DW,wind,4.5,2221,C003-Z001,6,3082-3122-1::-1,3082-3122-1,-1,0.09921011355466561,0.06567073735174601,official_model_generator_bus_assignment
22273-DW,wind,4.5,2221,C003-Z001,6,2561-3781-1::+1,2561-3781-1,1,0.9999999999704595,0.012039979995905357,official_model_generator_bus_assignment
22274-2,wind,5.94,1281,C003-Z001,6,T3464-3462-34641-1-w1::+1,T3464-3462-34641-1-w1,1,0.25999452408044027,0.13632288094866477,official_model_generator_bus_assignment
22274-2,wind,5.94,1281,C003-Z001,6,T3464-3462-34641-1-w2::-1,T3464-3462-34641-1-w2,-1,0.6473958423772626,0.1363228809485586,official_model_generator_bus_assignment
22274-2,wind,5.94,1281,C003-Z001,6,T3934-3942-39402-1-w1::+1,T3934-3942-39402-1-w1,1,0.24459731798503972,0.12931417614656723,official_model_generator_bus_assignment
22274-2,wind,5.94,1281,C003-Z001,6,1122-1742-1::+1,1122-1742-1,1,0.1285443157833539,0.07225706855347366,official_model_generator_bus_assignment
22274-2,wind,5.94,1281,C003-Z001,6,3082-3122-1::-1,3082-3122-1,-1,0.09921011355455416,0.06567073735167224,official_model_generator_bus_assignment
22274-2,wind,5.94,1281,C003-Z001,6,2561-3781-1::+1,2561-3781-1,1,0.9999999999706236,0.012039979995907333,official_model_generator_bus_assignment
22275-4,wind,4.25,2221,C003-Z001,6,T3464-3462-34641-1-w1::+1,T3464-3462-34641-1-w1,1,0.259994524080746,0.13632288094882508,official_model_generator_bus_assignment
22275-4,wind,4.25,2221,C003-Z001,6,T3464-3462-34641-1-w2::-1,T3464-3462-34641-1-w2,-1,0.6473958423780144,0.13632288094871692,official_model_generator_bus_assignment
22275-4,wind,4.25,2221,C003-Z001,6,T3934-3942-39402-1-w1::+1,T3934-3942-39402-1-w1,1,0.2445973179853318,0.12931417614672164,official_model_generator_bus_assignment
22275-4,wind,4.25,2221,C003-Z001,6,1122-1742-1::+1,1122-1742-1,1,0.12854431578346853,0.0722570685535381,official_model_generator_bus_assignment
22275-4,wind,4.25,2221,C003-Z001,6,3082-3122-1::-1,3082-3122-1,-1,0.09921011355466561,0.06567073735174601,official_model_generator_bus_assignment
22275-4,wind,4.25,2221,C003-Z001,6,2561-3781-1::+1,2561-3781-1,1,0.9999999999704595,0.012039979995905357,official_model_generator_bus_assignment
22276-3,wind,5.95,2225,C003-Z001,6,T3464-3462-34641-1-w1::+1,T3464-3462-34641-1-w1,1,0.259987930767019,0.13631942387785234,official_model_generator_bus_assignment
22276-3,wind,5.95,2225,C003-Z001,6,T3464-3462-34641-1-w2::-1,T3464-3462-34641-1-w2,-1,0.6473794247864919,0.13631942387774415,official_model_generator_bus_assignment
22276-3,wind,5.95,2225,C003-Z001,6,T3934-3942-39402-1-w1::+1,T3934-3942-39402-1-w1,1,0.24459116912920886,0.12931092535775007,official_model_generator_bus_assignment
22276-3,wind,5.95,2225,C003-Z001,6,1122-1742-1::+1,1122-1742-1,1,0.1285495557592644,0.07226001403804276,official_model_generator_bus_assignment
22276-3,wind,5.95,2225,C003-Z001,6,3082-3122-1::-1,3082-3122-1,-1,0.09921309721124175,0.06567271234119355,official_model_generator_bus_assignment
22276-3,wind,5.95,2225,C003-Z001,6,2561-3781-1::+1,2561-3781-1,1,0.9999999999704722,0.01203997999590551,official_model_generator_bus_assignment
22278-1,wind,4.62,2221,C003-Z001,6,T3464-3462-34641-1-w1::+1,T3464-3462-34641-1-w1,1,0.259994524080746,0.13632288094882508,official_model_generator_bus_assignment
22278-1,wind,4.62,2221,C003-Z001,6,T3464-3462-34641-1-w2::-1,T3464-3462-34641-1-w2,-1,0.6473958423780144,0.13632288094871692,official_model_generator_bus_assignment
22278-1,wind,4.62,2221,C003-Z001,6,T3934-3942-39402-1-w1::+1,T3934-3942-39402-1-w1,1,0.2445973179853318,0.12931417614672164,official_model_generator_bus_assignment
22278-1,wind,4.62,2221,C003-Z001,6,1122-1742-1::+1,1122-1742-1,1,0.12854431578346853,0.0722570685535381,official_model_generator_bus_assignment
22278-1,wind,4.62,2221,C003-Z001,6,3082-3122-1::-1,3082-3122-1,-1,0.09921011355466561,0.06567073735174601,official_model_generator_bus_assignment
22278-1,wind,4.62,2221,C003-Z001,6,2561-3781-1::+1,2561-3781-1,1,0.9999999999704595,0.012039979995905357,official_model_generator_bus_assignment
22279-1,wind,13.8,2221,C003-Z001,6,T3464-3462-34641-1-w1::+1,T3464-3462-34641-1-w1,1,0.259994524080746,0.13632288094882508,official_model_generator_bus_assignment
22279-1,wind,13.8,2221,C003-Z001,6,T3464-3462-34641-1-w2::-1,T3464-3462-34641-1-w2,-1,0.6473958423780144,0.13632288094871692,official_model_generator_bus_assignment
22279-1,wind,13.8,2221,C003-Z001,6,T3934-3942-39402-1-w1::+1,T3934-3942-39402-1-w1,1,0.2445973179853318,0.12931417614672164,official_model_generator_bus_assignment
22279-1,wind,13.8,2221,C003-Z001,6,1122-1742-1::+1,1122-1742-1,1,0.12854431578346853,0.0722570685535381,official_model_generator_bus_assignment
22279-1,wind,13.8,2221,C003-Z001,6,3082-3122-1::-1,3082-3122-1,-1,0.09921011355466561,0.06567073735174601,official_model_generator_bus_assignment
22279-1,wind,13.8,2221,C003-Z001,6,2561-3781-1::+1,2561-3781-1,1,0.9999999999704595,0.012039979995905357,official_model_generator_bus_assignment
22371-1,wind,59.5,2231,C003-Z001,4,T3464-3462-34641-1-w1::+1,T3464-3462-34641-1-w1,1,0.15976350069323214,0.08376876690759466,official_model_generator_bus_assignment
22371-1,wind,59.5,2231,C003-Z001,4,T3464-3462-34641-1-w2::-1,T3464-3462-34641-1-w2,-1,0.39781694048469524,0.08376876690754544,official_model_generator_bus_assignment
22371-1,wind,59.5,2231,C003-Z001,4,T3934-3942-39402-1-w1::+1,T3934-3942-39402-1-w1,1,0.1577632271177871,0.08340656352662132,official_model_generator_bus_assignment
22371-1,wind,59.5,2231,C003-Z001,4,2561-3781-1::+1,2561-3781-1,1,0.9999999999657145,0.012039979995848228,official_model_generator_bus_assignment
22471-1,wind,2.55,2241,C003-Z001,4,T3464-3462-34641-1-w1::+1,T3464-3462-34641-1-w1,1,0.06374283798743607,0.033422270507523374,official_model_generator_bus_assignment
22471-1,wind,2.55,2241,C003-Z001,4,T3464-3462-34641-1-w2::-1,T3464-3462-34641-1-w2,-1,0.1587219901661942,0.03342227050747016,official_model_generator_bus_assignment
22471-1,wind,2.55,2241,C003-Z001,4,T3934-3942-39402-1-w1::+1,T3934-3942-39402-1-w1,1,0.062115940344691686,0.032839573701844156,official_model_generator_bus_assignment
22471-1,wind,2.55,2241,C003-Z001,4,2561-3781-1::+1,2561-3781-1,1,0.9999999999652597,0.012039979995842751,official_model_generator_bus_assignment
22472-2,wind,4.25,2241,C003-Z001,4,T3464-3462-34641-1-w1::+1,T3464-3462-34641-1-w1,1,0.06374283798743607,0.033422270507523374,official_model_generator_bus_assignment
22472-2,wind,4.25,2241,C003-Z001,4,T3464-3462-34641-1-w2::-1,T3464-3462-34641-1-w2,-1,0.1587219901661942,0.03342227050747016,official_model_generator_bus_assignment
22472-2,wind,4.25,2241,C003-Z001,4,T3934-3942-39402-1-w1::+1,T3934-3942-39402-1-w1,1,0.062115940344691686,0.032839573701844156,official_model_generator_bus_assignment
22472-2,wind,4.25,2241,C003-Z001,4,2561-3781-1::+1,2561-3781-1,1,0.9999999999652597,0.012039979995842751,official_model_generator_bus_assignment
22473-1,wind,4.25,2241,C003-Z001,4,T3464-3462-34641-1-w1::+1,T3464-3462-34641-1-w1,1,0.06374283798743607,0.033422270507523374,official_model_generator_bus_assignment
22473-1,wind,4.25,2241,C003-Z001,4,T3464-3462-34641-1-w2::-1,T3464-3462-34641-1-w2,-1,0.1587219901661942,0.03342227050747016,official_model_generator_bus_assignment
22473-1,wind,4.25,2241,C003-Z001,4,T3934-3942-39402-1-w1::+1,T3934-3942-39402-1-w1,1,0.062115940344691686,0.032839573701844156,official_model_generator_bus_assignment
22473-1,wind,4.25,2241,C003-Z001,4,2561-3781-1::+1,2561-3781-1,1,0.9999999999652597,0.012039979995842751,official_model_generator_bus_assignment
22474-1,wind,9.99,2241,C003-Z001,4,T3464-3462-34641-1-w1::+1,T3464-3462-34641-1-w1,1,0.06374283798743607,0.033422270507523374,official_model_generator_bus_assignment
22474-1,wind,9.99,2241,C003-Z001,4,T3464-3462-34641-1-w2::-1,T3464-3462-34641-1-w2,-1,0.1587219901661942,0.03342227050747016,official_model_generator_bus_assignment
22474-1,wind,9.99,2241,C003-Z001,4,T3934-3942-39402-1-w1::+1,T3934-3942-39402-1-w1,1,0.062115940344691686,0.032839573701844156,official_model_generator_bus_assignment
22474-1,wind,9.99,2241,C003-Z001,4,2561-3781-1::+1,2561-3781-1,1,0.9999999999652597,0.012039979995842751,official_model_generator_bus_assignment
22475-1,wind,4.99,2241,C003-Z001,4,T3464-3462-34641-1-w1::+1,T3464-3462-34641-1-w1,1,0.06374283798743607,0.033422270507523374,official_model_generator_bus_assignment
22475-1,wind,4.99,2241,C003-Z001,4,T3464-3462-34641-1-w2::-1,T3464-3462-34641-1-w2,-1,0.1587219901661942,0.03342227050747016,official_model_generator_bus_assignment
22475-1,wind,4.99,2241,C003-Z001,4,T3934-3942-39402-1-w1::+1,T3934-3942-39402-1-w1,1,0.062115940344691686,0.032839573701844156,official_model_generator_bus_assignment
22475-1,wind,4.99,2241,C003-Z001,4,2561-3781-1::+1,2561-3781-1,1,0.9999999999652597,0.012039979995842751,official_model_generator_bus_assignment
22771-1,solar,65.0,2271,C003-Z001,4,T3464-3462-34641-1-w1::+1,T3464-3462-34641-1-w1,1,0.08746574777376463,0.04586089942863486,official_model_generator_bus_assignment
22771-1,solar,65.0,2271,C003-Z001,4,T3464-3462-34641-1-w2::-1,T3464-3462-34641-1-w2,-1,0.2177929002904782,0.04586089942857334,official_model_generator_bus_assignment
22771-1,solar,65.0,2271,C003-Z001,4,T3934-3942-39402-1-w1::+1,T3934-3942-39402-1-w1,1,0.08507858595744862,0.04497950893915884,official_model_generator_bus_assignment
22771-1,solar,65.0,2271,C003-Z001,4,2561-3781-1::+1,2561-3781-1,1,0.9999999999650467,0.012039979995840187,official_model_generator_bus_assignment
22871-1,wind,2.55,22811,C003-Z001,7,3581-89516-1::+1,3581-89516-1,1,0.07276222027349022,0.03735833757754757,official_model_generator_bus_assignment
22871-1,wind,2.55,22811,C003-Z001,7,T89515-89516-1::-1,T89515-89516-1,-1,0.051364353047363365,0.037358337577418486,official_model_generator_bus_assignment
22871-1,wind,2.55,22811,C003-Z001,7,T3464-3462-34641-1-w1::+1,T3464-3462-34641-1-w1,1,0.07440413323849678,0.03901230548387252,official_model_generator_bus_assignment
22871-1,wind,2.55,22811,C003-Z001,7,T3464-3462-34641-1-w2::-1,T3464-3462-34641-1-w2,-1,0.18526900397091609,0.039012305483833096,official_model_generator_bus_assignment
22871-1,wind,2.55,22811,C003-Z001,7,T3934-3942-39402-1-w1::+1,T3934-3942-39402-1-w1,1,0.07556546653141386,0.03995009483398525,official_model_generator_bus_assignment
22871-1,wind,2.55,22811,C003-Z001,7,3691-4041-1::+1,3691-4041-1,1,0.3997996855914631,0.22380587990511183,official_model_generator_bus_assignment
22871-1,wind,2.55,22811,C003-Z001,7,2561-3781-1::+1,2561-3781-1,1,0.9999999999552631,0.012039979995722393,official_model_generator_bus_assignment
22872-1,wind,40.8,2281,C003-Z001,7,3581-89516-1::+1,3581-89516-1,1,0.07277808242838567,0.037366481690454846,official_model_generator_bus_assignment
22872-1,wind,40.8,2281,C003-Z001,7,T89515-89516-1::-1,T89515-89516-1,-1,0.05137555046988677,0.03736648169032575,official_model_generator_bus_assignment
22872-1,wind,40.8,2281,C003-Z001,7,T3464-3462-34641-1-w1::+1,T3464-3462-34641-1-w1,1,0.07439253715663868,0.03900622531240659,official_model_generator_bus_assignment
22872-1,wind,40.8,2281,C003-Z001,7,T3464-3462-34641-1-w2::-1,T3464-3462-34641-1-w2,-1,0.18524012930438472,0.039006225312367165,official_model_generator_bus_assignment
22872-1,wind,40.8,2281,C003-Z001,7,T3934-3942-39402-1-w1::+1,T3934-3942-39402-1-w1,1,0.0755539877697983,0.039944026220421834,official_model_generator_bus_assignment
22872-1,wind,40.8,2281,C003-Z001,7,3691-4041-1::+1,3691-4041-1,1,0.39995565004934225,0.22389318803462657,official_model_generator_bus_assignment
22872-1,wind,40.8,2281,C003-Z001,7,2561-3781-1::+1,2561-3781-1,1,0.9999999999552733,0.012039979995722516,official_model_generator_bus_assignment
22874-1,solar,4.0,2281,C003-Z001,7,3581-89516-1::+1,3581-89516-1,1,0.07277808242838567,0.037366481690454846,official_model_generator_bus_assignment
22874-1,solar,4.0,2281,C003-Z001,7,T89515-89516-1::-1,T89515-89516-1,-1,0.05137555046988677,0.03736648169032575,official_model_generator_bus_assignment
22874-1,solar,4.0,2281,C003-Z001,7,T3464-3462-34641-1-w1::+1,T3464-3462-34641-1-w1,1,0.07439253715663868,0.03900622531240659,official_model_generator_bus_assignment
22874-1,solar,4.0,2281,C003-Z001,7,T3464-3462-34641-1-w2::-1,T3464-3462-34641-1-w2,-1,0.18524012930438472,0.039006225312367165,official_model_generator_bus_assignment
22874-1,solar,4.0,2281,C003-Z001,7,T3934-3942-39402-1-w1::+1,T3934-3942-39402-1-w1,1,0.0755539877697983,0.039944026220421834,official_model_generator_bus_assignment
22874-1,solar,4.0,2281,C003-Z001,7,3691-4041-1::+1,3691-4041-1,1,0.39995565004934225,0.22389318803462657,official_model_generator_bus_assignment
22874-1,solar,4.0,2281,C003-Z001,7,2561-3781-1::+1,2561-3781-1,1,0.9999999999552733,0.012039979995722516,official_model_generator_bus_assignment
23071-1,solar,14.0,2301,C003-Z001,1,2561-3781-1::+1,2561-3781-1,1,0.9999999999696152,0.012039979995895192,official_model_generator_bus_assignment
23073-1,solar,17.5,2301,C003-Z001,1,2561-3781-1::+1,2561-3781-1,1,0.9999999999696152,0.012039979995895192,official_model_generator_bus_assignment
23371-1,wind,47.3,2331,C003-Z001,6,2781-4951-1::-1,2781-4951-1,-1,0.9999999999996132,0.8112009327694896,official_model_generator_bus_assignment
23371-1,wind,47.3,2331,C003-Z001,6,T3464-3462-34641-1-w1::+1,T3464-3462-34641-1-w1,1,0.09729479882733053,0.05101456395811953,official_model_generator_bus_assignment
23371-1,wind,47.3,2331,C003-Z001,6,T3464-3462-34641-1-w2::-1,T3464-3462-34641-1-w2,-1,0.24226759570605602,0.051014563958049514,official_model_generator_bus_assignment
23371-1,wind,47.3,2331,C003-Z001,6,T3934-3942-39402-1-w1::+1,T3934-3942-39402-1-w1,1,0.0982245419615986,0.051929538008732075,official_model_generator_bus_assignment
23371-1,wind,47.3,2331,C003-Z001,6,3691-4041-1::+1,3691-4041-1,1,0.09192584573873926,0.05145963224344122,official_model_generator_bus_assignment
23371-1,wind,47.3,2331,C003-Z001,6,2561-3781-1::+1,2561-3781-1,1,0.9999999999600812,0.012039979995780402,official_model_generator_bus_assignment
23675-1,solar,19.0,2361,C003-Z001,4,T3464-3462-34641-1-w1::+1,T3464-3462-34641-1-w1,1,0.22023405915032626,0.11547528369136828,official_model_generator_bus_assignment
23675-1,solar,19.0,2361,C003-Z001,4,T3464-3462-34641-1-w2::-1,T3464-3462-34641-1-w2,-1,0.5483908353382553,0.11547528369132325,official_model_generator_bus_assignment
23675-1,solar,19.0,2361,C003-Z001,4,T3934-3942-39402-1-w1::+1,T3934-3942-39402-1-w1,1,0.21855738274132533,0.11554733356345745,official_model_generator_bus_assignment
23675-1,solar,19.0,2361,C003-Z001,4,2561-3781-1::+1,2561-3781-1,1,0.9999999999628045,0.012039979995813192,official_model_generator_bus_assignment
23682-1,wind,45.515,23610,C003-Z001,4,T3464-3462-34641-1-w1::+1,T3464-3462-34641-1-w1,1,0.2202340591502525,0.11547528369132959,official_model_generator_bus_assignment
23682-1,wind,45.515,23610,C003-Z001,4,T3464-3462-34641-1-w2::-1,T3464-3462-34641-1-w2,-1,0.5483908353381981,0.1154752836913112,official_model_generator_bus_assignment
23682-1,wind,45.515,23610,C003-Z001,4,T3934-3942-39402-1-w1::+1,T3934-3942-39402-1-w1,1,0.21855738274124814,0.11554733356341665,official_model_generator_bus_assignment
23682-1,wind,45.515,23610,C003-Z001,4,2561-3781-1::+1,2561-3781-1,1,0.9999999999626723,0.012039979995811599,official_model_generator_bus_assignment
23692-TW,wind,26.875,23610,C003-Z001,4,T3464-3462-34641-1-w1::+1,T3464-3462-34641-1-w1,1,0.2202340591502525,0.11547528369132959,official_model_generator_bus_assignment
23692-TW,wind,26.875,23610,C003-Z001,4,T3464-3462-34641-1-w2::-1,T3464-3462-34641-1-w2,-1,0.5483908353381981,0.1154752836913112,official_model_generator_bus_assignment
23692-TW,wind,26.875,23610,C003-Z001,4,T3934-3942-39402-1-w1::+1,T3934-3942-39402-1-w1,1,0.21855738274124814,0.11554733356341665,official_model_generator_bus_assignment
23692-TW,wind,26.875,23610,C003-Z001,4,2561-3781-1::+1,2561-3781-1,1,0.9999999999626723,0.012039979995811599,official_model_generator_bus_assignment
25672-1,solar,8.42,2571,C003-Z001,1,2561-3781-1::+1,2561-3781-1,1,0.9999999999621573,0.0120399799958054,official_model_generator_bus_assignment
25675-1,solar,75.0,25610,C003-Z001,1,2561-3781-1::+1,2561-3781-1,1,0.9999999999573362,0.012039979995747354,official_model_generator_bus_assignment
25675-2,solar,18.27,25610,C003-Z001,1,2561-3781-1::+1,2561-3781-1,1,0.9999999999573362,0.012039979995747354,official_model_generator_bus_assignment
26071-1,wind,48.3,2601,C003-Z001,4,3581-89516-1::+1,3581-89516-1,1,0.17520822482498308,0.08995723309118585,official_model_generator_bus_assignment
26071-1,wind,48.3,2601,C003-Z001,4,T89510-89515-1::-1,T89510-89515-1,-1,0.11397508846035777,0.08995723309118643,official_model_generator_bus_assignment
26071-1,wind,48.3,2601,C003-Z001,4,T89515-89516-1::-1,T89515-89516-1,-1,0.12368310206739948,0.08995723309111942,official_model_generator_bus_assignment
26071-1,wind,48.3,2601,C003-Z001,4,2561-3781-1::+1,2561-3781-1,1,0.9999999999585677,0.01203997999576218,official_model_generator_bus_assignment
26071-2,wind,27.3,2601,C003-Z001,4,3581-89516-1::+1,3581-89516-1,1,0.17520822482498308,0.08995723309118585,official_model_generator_bus_assignment
26071-2,wind,27.3,2601,C003-Z001,4,T89510-89515-1::-1,T89510-89515-1,-1,0.11397508846035777,0.08995723309118643,official_model_generator_bus_assignment
26071-2,wind,27.3,2601,C003-Z001,4,T89515-89516-1::-1,T89515-89516-1,-1,0.12368310206739948,0.08995723309111942,official_model_generator_bus_assignment
26071-2,wind,27.3,2601,C003-Z001,4,2561-3781-1::+1,2561-3781-1,1,0.9999999999585677,0.01203997999576218,official_model_generator_bus_assignment
26471-1,solar,54.8,2641,C003-Z001,4,T3464-3462-34641-1-w2::-1,T3464-3462-34641-1-w2,-1,0.088671001624042,0.01867155395004784,official_model_generator_bus_assignment
26471-1,solar,54.8,2641,C003-Z001,4,1122-1742-1::+1,1122-1742-1,1,0.5469907592017154,0.30747332968318764,official_model_generator_bus_assignment
26471-1,solar,54.8,2641,C003-Z001,4,3082-3122-1::-1,3082-3122-1,-1,0.3500638691798551,0.23171984776107665,official_model_generator_bus_assignment
26471-1,solar,54.8,2641,C003-Z001,4,2561-3781-1::+1,2561-3781-1,1,0.9999999999571026,0.012039979995744542,official_model_generator_bus_assignment
26571-1,wind,49.5,2651,C003-Z001,3,1122-1742-1::+1,1122-1742-1,1,0.0763331347229316,0.04290822596832916,official_model_generator_bus_assignment
26571-1,wind,49.5,2651,C003-Z001,3,3082-3122-1::-1,3082-3122-1,-1,0.07433786739429364,0.04920690431676259,official_model_generator_bus_assignment
26571-1,wind,49.5,2651,C003-Z001,3,2561-3781-1::+1,2561-3781-1,1,0.9999999999605764,0.012039979995786366,official_model_generator_bus_assignment
26671-1,solar,40.0,2661,C003-Z001,4,3581-89516-1::+1,3581-89516-1,1,0.2322508326499043,0.11924464339033894,official_model_generator_bus_assignment
26671-1,solar,40.0,2661,C003-Z001,4,T89510-89515-1::-1,T89510-89515-1,-1,0.15108200098876665,0.11924464339026562,official_model_generator_bus_assignment
26671-1,solar,40.0,2661,C003-Z001,4,T89515-89516-1::-1,T89515-89516-1,-1,0.16395065624705674,0.11924464339050495,official_model_generator_bus_assignment
26671-1,solar,40.0,2661,C003-Z001,4,2561-3781-1::+1,2561-3781-1,1,0.9999999999636072,0.012039979995822856,official_model_generator_bus_assignment
26732-1,wind,34.0,2671,C003-Z001,4,3581-89516-1::+1,3581-89516-1,1,0.23225083264990487,0.11924464339033924,official_model_generator_bus_assignment
26732-1,wind,34.0,2671,C003-Z001,4,T89510-89515-1::-1,T89510-89515-1,-1,0.15108200098876715,0.11924464339026601,official_model_generator_bus_assignment
26732-1,wind,34.0,2671,C003-Z001,4,T89515-89516-1::-1,T89515-89516-1,-1,0.16395065624705682,0.119244643390505,official_model_generator_bus_assignment
26732-1,wind,34.0,2671,C003-Z001,4,2561-3781-1::+1,2561-3781-1,1,0.9999999999635929,0.012039979995822684,official_model_generator_bus_assignment
26771-1,wind,26.0,2671,C003-Z001,4,3581-89516-1::+1,3581-89516-1,1,0.23225083264990487,0.11924464339033924,official_model_generator_bus_assignment
26771-1,wind,26.0,2671,C003-Z001,4,T89510-89515-1::-1,T89510-89515-1,-1,0.15108200098876715,0.11924464339026601,official_model_generator_bus_assignment
26771-1,wind,26.0,2671,C003-Z001,4,T89515-89516-1::-1,T89515-89516-1,-1,0.16395065624705682,0.119244643390505,official_model_generator_bus_assignment
26771-1,wind,26.0,2671,C003-Z001,4,2561-3781-1::+1,2561-3781-1,1,0.9999999999635929,0.012039979995822684,official_model_generator_bus_assignment
26773-1,wind,22.0,2671,C003-Z001,4,3581-89516-1::+1,3581-89516-1,1,0.23225083264990487,0.11924464339033924,official_model_generator_bus_assignment
26773-1,wind,22.0,2671,C003-Z001,4,T89510-89515-1::-1,T89510-89515-1,-1,0.15108200098876715,0.11924464339026601,official_model_generator_bus_assignment
26773-1,wind,22.0,2671,C003-Z001,4,T89515-89516-1::-1,T89515-89516-1,-1,0.16395065624705682,0.119244643390505,official_model_generator_bus_assignment
26773-1,wind,22.0,2671,C003-Z001,4,2561-3781-1::+1,2561-3781-1,1,0.9999999999635929,0.012039979995822684,official_model_generator_bus_assignment
26971-1,solar,95.0,2691,C003-Z001,1,2561-3781-1::+1,2561-3781-1,1,0.9999999999600948,0.012039979995780567,official_model_generator_bus_assignment
26972-1,solar,48.0,2691,C003-Z001,1,2561-3781-1::+1,2561-3781-1,1,0.9999999999600948,0.012039979995780567,official_model_generator_bus_assignment
27014-1,solar,4.0,2701,C003-Z001,1,2561-3781-1::+1,2561-3781-1,1,0.9999999999629396,0.012039979995814819,official_model_generator_bus_assignment
27071-1,wind,0.5,2701,C003-Z001,1,2561-3781-1::+1,2561-3781-1,1,0.9999999999629396,0.012039979995814819,official_model_generator_bus_assignment
27072-1,solar,39.99,2701,C003-Z001,1,2561-3781-1::+1,2561-3781-1,1,0.9999999999629396,0.012039979995814819,official_model_generator_bus_assignment
27271-2,solar,9.5,2721,C003-Z001,1,2561-3781-1::+1,2561-3781-1,1,0.9999999999642145,0.012039979995830168,official_model_generator_bus_assignment
27273-1,solar,25.0,2721,C003-Z001,1,2561-3781-1::+1,2561-3781-1,1,0.9999999999642145,0.012039979995830168,official_model_generator_bus_assignment
27274-1,solar,25.3,2721,C003-Z001,1,2561-3781-1::+1,2561-3781-1,1,0.9999999999642145,0.012039979995830168,official_model_generator_bus_assignment
27371-1,wind,12.8,2731,C003-Z001,6,T3464-3462-34641-1-w1::+1,T3464-3462-34641-1-w1,1,0.30871320697966,0.1618675389845827,official_model_generator_bus_assignment
27371-1,wind,12.8,2731,C003-Z001,6,T3464-3462-34641-1-w2::-1,T3464-3462-34641-1-w2,-1,0.7687071387080154,0.16186753898449252,official_model_generator_bus_assignment
27371-1,wind,12.8,2731,C003-Z001,6,T3934-3942-39402-1-w1::+1,T3934-3942-39402-1-w1,1,0.2898780804708752,0.1532532959389696,official_model_generator_bus_assignment
27371-1,wind,12.8,2731,C003-Z001,6,1122-1742-1::+1,1122-1742-1,1,0.09276493113638819,0.05214483384685201,official_model_generator_bus_assignment
27371-1,wind,12.8,2731,C003-Z001,6,3082-3122-1::-1,3082-3122-1,-1,0.07908003071291267,0.052345912534957184,official_model_generator_bus_assignment
27371-1,wind,12.8,2731,C003-Z001,6,2561-3781-1::+1,2561-3781-1,1,0.9999999999600633,0.012039979995780187,official_model_generator_bus_assignment
27372-2,wind,17.0,2731,C003-Z001,6,T3464-3462-34641-1-w1::+1,T3464-3462-34641-1-w1,1,0.30871320697966,0.1618675389845827,official_model_generator_bus_assignment
27372-2,wind,17.0,2731,C003-Z001,6,T3464-3462-34641-1-w2::-1,T3464-3462-34641-1-w2,-1,0.7687071387080154,0.16186753898449252,official_model_generator_bus_assignment
27372-2,wind,17.0,2731,C003-Z001,6,T3934-3942-39402-1-w1::+1,T3934-3942-39402-1-w1,1,0.2898780804708752,0.1532532959389696,official_model_generator_bus_assignment
27372-2,wind,17.0,2731,C003-Z001,6,1122-1742-1::+1,1122-1742-1,1,0.09276493113638819,0.05214483384685201,official_model_generator_bus_assignment
27372-2,wind,17.0,2731,C003-Z001,6,3082-3122-1::-1,3082-3122-1,-1,0.07908003071291267,0.052345912534957184,official_model_generator_bus_assignment
27372-2,wind,17.0,2731,C003-Z001,6,2561-3781-1::+1,2561-3781-1,1,0.9999999999600633,0.012039979995780187,official_model_generator_bus_assignment
27373-1,solar,7.0,2731,C003-Z001,6,T3464-3462-34641-1-w1::+1,T3464-3462-34641-1-w1,1,0.30871320697966,0.1618675389845827,official_model_generator_bus_assignment
27373-1,solar,7.0,2731,C003-Z001,6,T3464-3462-34641-1-w2::-1,T3464-3462-34641-1-w2,-1,0.7687071387080154,0.16186753898449252,official_model_generator_bus_assignment
27373-1,solar,7.0,2731,C003-Z001,6,T3934-3942-39402-1-w1::+1,T3934-3942-39402-1-w1,1,0.2898780804708752,0.1532532959389696,official_model_generator_bus_assignment
27373-1,solar,7.0,2731,C003-Z001,6,1122-1742-1::+1,1122-1742-1,1,0.09276493113638819,0.05214483384685201,official_model_generator_bus_assignment
27373-1,solar,7.0,2731,C003-Z001,6,3082-3122-1::-1,3082-3122-1,-1,0.07908003071291267,0.052345912534957184,official_model_generator_bus_assignment
27373-1,solar,7.0,2731,C003-Z001,6,2561-3781-1::+1,2561-3781-1,1,0.9999999999600633,0.012039979995780187,official_model_generator_bus_assignment
27475-1,solar,4.99,2741,C003-Z001,6,T3464-3462-34641-1-w1::+1,T3464-3462-34641-1-w1,1,0.06116478593734575,0.032070520950693515,official_model_generator_bus_assignment
27475-1,solar,4.99,2741,C003-Z001,6,T3464-3462-34641-1-w2::-1,T3464-3462-34641-1-w2,-1,0.1523025465853778,0.032070520950645456,official_model_generator_bus_assignment
27475-1,solar,4.99,2741,C003-Z001,6,T3934-3942-39402-1-w1::+1,T3934-3942-39402-1-w1,1,0.05703277953809681,0.030152198560774373,official_model_generator_bus_assignment
27475-1,solar,4.99,2741,C003-Z001,6,1122-1742-1::+1,1122-1742-1,1,0.3712363748729768,0.2086786337090871,official_model_generator_bus_assignment
27475-1,solar,4.99,2741,C003-Z001,6,3082-3122-1::-1,3082-3122-1,-1,0.24728900779555288,0.16368947579086723,official_model_generator_bus_assignment
27475-1,solar,4.99,2741,C003-Z001,6,2561-3781-1::+1,2561-3781-1,1,0.9999999999608541,0.012039979995789709,official_model_generator_bus_assignment
27476-1,solar,12.0,2741,C003-Z001,6,T3464-3462-34641-1-w1::+1,T3464-3462-34641-1-w1,1,0.06116478593734575,0.032070520950693515,official_model_generator_bus_assignment
27476-1,solar,12.0,2741,C003-Z001,6,T3464-3462-34641-1-w2::-1,T3464-3462-34641-1-w2,-1,0.1523025465853778,0.032070520950645456,official_model_generator_bus_assignment
27476-1,solar,12.0,2741,C003-Z001,6,T3934-3942-39402-1-w1::+1,T3934-3942-39402-1-w1,1,0.05703277953809681,0.030152198560774373,official_model_generator_bus_assignment
27476-1,solar,12.0,2741,C003-Z001,6,1122-1742-1::+1,1122-1742-1,1,0.3712363748729768,0.2086786337090871,official_model_generator_bus_assignment
27476-1,solar,12.0,2741,C003-Z001,6,3082-3122-1::-1,3082-3122-1,-1,0.24728900779555288,0.16368947579086723,official_model_generator_bus_assignment
27476-1,solar,12.0,2741,C003-Z001,6,2561-3781-1::+1,2561-3781-1,1,0.9999999999608541,0.012039979995789709,official_model_generator_bus_assignment
27479-1,wind,450.0,2742,C003-Z001,6,T3464-3462-34641-1-w1::+1,T3464-3462-34641-1-w1,1,0.0539727897946429,0.02829954293716582,official_model_generator_bus_assignment
27479-1,wind,450.0,2742,C003-Z001,6,T3464-3462-34641-1-w2::-1,T3464-3462-34641-1-w2,-1,0.13439421402473706,0.02829954293712158,official_model_generator_bus_assignment
27479-1,wind,450.0,2742,C003-Z001,6,T3934-3942-39402-1-w1::+1,T3934-3942-39402-1-w1,1,0.05016644854006451,0.02652209360510805,official_model_generator_bus_assignment
27479-1,wind,450.0,2742,C003-Z001,6,1122-1742-1::+1,1122-1742-1,1,0.397560846978706,0.2234760922663639,official_model_generator_bus_assignment
27479-1,wind,450.0,2742,C003-Z001,6,3082-3122-1::-1,3082-3122-1,-1,0.2628176632063495,0.1739684505281181,official_model_generator_bus_assignment
27479-1,wind,450.0,2742,C003-Z001,6,2561-3781-1::+1,2561-3781-1,1,0.9999999999613293,0.01203997999579543,official_model_generator_bus_assignment
27771-1,wind,41.225,2771,C003-Z001,6,T3464-3462-34641-1-w1::+1,T3464-3462-34641-1-w1,1,0.3087132069796782,0.16186753898459225,official_model_generator_bus_assignment
27771-1,wind,41.225,2771,C003-Z001,6,T3464-3462-34641-1-w2::-1,T3464-3462-34641-1-w2,-1,0.7687071387080471,0.16186753898449918,official_model_generator_bus_assignment
27771-1,wind,41.225,2771,C003-Z001,6,T3934-3942-39402-1-w1::+1,T3934-3942-39402-1-w1,1,0.28987808047088837,0.15325329593897657,official_model_generator_bus_assignment
27771-1,wind,41.225,2771,C003-Z001,6,1122-1742-1::+1,1122-1742-1,1,0.09276493113623721,0.05214483384676714,official_model_generator_bus_assignment
27771-1,wind,41.225,2771,C003-Z001,6,3082-3122-1::-1,3082-3122-1,-1,0.07908003071281973,0.052345912534895664,official_model_generator_bus_assignment
27771-1,wind,41.225,2771,C003-Z001,6,2561-3781-1::+1,2561-3781-1,1,0.9999999999605319,0.01203997999578583,official_model_generator_bus_assignment
27772-2,wind,10.0,2771,C003-Z001,6,T3464-3462-34641-1-w1::+1,T3464-3462-34641-1-w1,1,0.3087132069796782,0.16186753898459225,official_model_generator_bus_assignment
27772-2,wind,10.0,2771,C003-Z001,6,T3464-3462-34641-1-w2::-1,T3464-3462-34641-1-w2,-1,0.7687071387080471,0.16186753898449918,official_model_generator_bus_assignment
27772-2,wind,10.0,2771,C003-Z001,6,T3934-3942-39402-1-w1::+1,T3934-3942-39402-1-w1,1,0.28987808047088837,0.15325329593897657,official_model_generator_bus_assignment
27772-2,wind,10.0,2771,C003-Z001,6,1122-1742-1::+1,1122-1742-1,1,0.09276493113623721,0.05214483384676714,official_model_generator_bus_assignment
27772-2,wind,10.0,2771,C003-Z001,6,3082-3122-1::-1,3082-3122-1,-1,0.07908003071281973,0.052345912534895664,official_model_generator_bus_assignment
27772-2,wind,10.0,2771,C003-Z001,6,2561-3781-1::+1,2561-3781-1,1,0.9999999999605319,0.01203997999578583,official_model_generator_bus_assignment
27773-3,wind,4.99,2771,C003-Z001,6,T3464-3462-34641-1-w1::+1,T3464-3462-34641-1-w1,1,0.3087132069796782,0.16186753898459225,official_model_generator_bus_assignment
27773-3,wind,4.99,2771,C003-Z001,6,T3464-3462-34641-1-w2::-1,T3464-3462-34641-1-w2,-1,0.7687071387080471,0.16186753898449918,official_model_generator_bus_assignment
27773-3,wind,4.99,2771,C003-Z001,6,T3934-3942-39402-1-w1::+1,T3934-3942-39402-1-w1,1,0.28987808047088837,0.15325329593897657,official_model_generator_bus_assignment
27773-3,wind,4.99,2771,C003-Z001,6,1122-1742-1::+1,1122-1742-1,1,0.09276493113623721,0.05214483384676714,official_model_generator_bus_assignment
27773-3,wind,4.99,2771,C003-Z001,6,3082-3122-1::-1,3082-3122-1,-1,0.07908003071281973,0.052345912534895664,official_model_generator_bus_assignment
27773-3,wind,4.99,2771,C003-Z001,6,2561-3781-1::+1,2561-3781-1,1,0.9999999999605319,0.01203997999578583,official_model_generator_bus_assignment
27774-4,wind,18.0,2771,C003-Z001,6,T3464-3462-34641-1-w1::+1,T3464-3462-34641-1-w1,1,0.3087132069796782,0.16186753898459225,official_model_generator_bus_assignment
27774-4,wind,18.0,2771,C003-Z001,6,T3464-3462-34641-1-w2::-1,T3464-3462-34641-1-w2,-1,0.7687071387080471,0.16186753898449918,official_model_generator_bus_assignment
27774-4,wind,18.0,2771,C003-Z001,6,T3934-3942-39402-1-w1::+1,T3934-3942-39402-1-w1,1,0.28987808047088837,0.15325329593897657,official_model_generator_bus_assignment
27774-4,wind,18.0,2771,C003-Z001,6,1122-1742-1::+1,1122-1742-1,1,0.09276493113623721,0.05214483384676714,official_model_generator_bus_assignment
27774-4,wind,18.0,2771,C003-Z001,6,3082-3122-1::-1,3082-3122-1,-1,0.07908003071281973,0.052345912534895664,official_model_generator_bus_assignment
27774-4,wind,18.0,2771,C003-Z001,6,2561-3781-1::+1,2561-3781-1,1,0.9999999999605319,0.01203997999578583,official_model_generator_bus_assignment
27971-1,solar,119.0,2791,C003-Z001,1,2561-3781-1::+1,2561-3781-1,1,0.9999999999605289,0.012039979995785793,official_model_generator_bus_assignment
27972-1,solar,31.6,2791,C003-Z001,1,2561-3781-1::+1,2561-3781-1,1,0.9999999999605289,0.012039979995785793,official_model_generator_bus_assignment
27973-1,solar,18.9,2791,C003-Z001,1,2561-3781-1::+1,2561-3781-1,1,0.9999999999605289,0.012039979995785793,official_model_generator_bus_assignment
28271-1,wind,3.0,2821,C003-Z001,4,3581-89516-1::+1,3581-89516-1,1,0.1359009838848129,0.0697756997244823,official_model_generator_bus_assignment
28271-1,wind,3.0,2821,C003-Z001,4,T89510-89515-1::-1,T89510-89515-1,-1,0.08840524852974128,0.06977569972442065,official_model_generator_bus_assignment
28271-1,wind,3.0,2821,C003-Z001,4,T89515-89516-1::-1,T89515-89516-1,-1,0.09593530941672797,0.06977569972465936,official_model_generator_bus_assignment
28271-1,wind,3.0,2821,C003-Z001,4,2561-3781-1::+1,2561-3781-1,1,0.9999999999627982,0.012039979995813115,official_model_generator_bus_assignment
28272-1,wind,5.0,2821,C003-Z001,4,3581-89516-1::+1,3581-89516-1,1,0.1359009838848129,0.0697756997244823,official_model_generator_bus_assignment
28272-1,wind,5.0,2821,C003-Z001,4,T89510-89515-1::-1,T89510-89515-1,-1,0.08840524852974128,0.06977569972442065,official_model_generator_bus_assignment
28272-1,wind,5.0,2821,C003-Z001,4,T89515-89516-1::-1,T89515-89516-1,-1,0.09593530941672797,0.06977569972465936,official_model_generator_bus_assignment
28272-1,wind,5.0,2821,C003-Z001,4,2561-3781-1::+1,2561-3781-1,1,0.9999999999627982,0.012039979995813115,official_model_generator_bus_assignment
28814-2,wind,13.8,28810,C003-Z001,6,T3464-3462-34641-1-w1::+1,T3464-3462-34641-1-w1,1,0.3317932062687869,0.17396907076304996,official_model_generator_bus_assignment
28814-2,wind,13.8,28810,C003-Z001,6,T3464-3462-34641-1-w2::-1,T3464-3462-34641-1-w2,-1,0.8261771782586738,0.17396907076295565,official_model_generator_bus_assignment
28814-2,wind,13.8,28810,C003-Z001,6,T3934-3942-39402-1-w1::+1,T3934-3942-39402-1-w1,1,0.3113603834965214,0.1646106008365738,official_model_generator_bus_assignment
28814-2,wind,13.8,28810,C003-Z001,6,1122-1742-1::+1,1122-1742-1,1,0.07521559944391439,0.042280039317097014,official_model_generator_bus_assignment
28814-2,wind,13.8,28810,C003-Z001,6,3082-3122-1::-1,3082-3122-1,-1,0.06915991971685359,0.045779434780011334,official_model_generator_bus_assignment
28814-2,wind,13.8,28810,C003-Z001,6,2561-3781-1::+1,2561-3781-1,1,0.9999999999625482,0.012039979995810106,official_model_generator_bus_assignment
28844-1,solar,4.95,28810,C003-Z001,6,T3464-3462-34641-1-w1::+1,T3464-3462-34641-1-w1,1,0.3317932062687869,0.17396907076304996,official_model_generator_bus_assignment
28844-1,solar,4.95,28810,C003-Z001,6,T3464-3462-34641-1-w2::-1,T3464-3462-34641-1-w2,-1,0.8261771782586738,0.17396907076295565,official_model_generator_bus_assignment
28844-1,solar,4.95,28810,C003-Z001,6,T3934-3942-39402-1-w1::+1,T3934-3942-39402-1-w1,1,0.3113603834965214,0.1646106008365738,official_model_generator_bus_assignment
28844-1,solar,4.95,28810,C003-Z001,6,1122-1742-1::+1,1122-1742-1,1,0.07521559944391439,0.042280039317097014,official_model_generator_bus_assignment
28844-1,solar,4.95,28810,C003-Z001,6,3082-3122-1::-1,3082-3122-1,-1,0.06915991971685359,0.045779434780011334,official_model_generator_bus_assignment
28844-1,solar,4.95,28810,C003-Z001,6,2561-3781-1::+1,2561-3781-1,1,0.9999999999625482,0.012039979995810106,official_model_generator_bus_assignment
28872-1,wind,10.5,28810,C003-Z001,6,T3464-3462-34641-1-w1::+1,T3464-3462-34641-1-w1,1,0.3317932062687869,0.17396907076304996,official_model_generator_bus_assignment
28872-1,wind,10.5,28810,C003-Z001,6,T3464-3462-34641-1-w2::-1,T3464-3462-34641-1-w2,-1,0.8261771782586738,0.17396907076295565,official_model_generator_bus_assignment
28872-1,wind,10.5,28810,C003-Z001,6,T3934-3942-39402-1-w1::+1,T3934-3942-39402-1-w1,1,0.3113603834965214,0.1646106008365738,official_model_generator_bus_assignment
28872-1,wind,10.5,28810,C003-Z001,6,1122-1742-1::+1,1122-1742-1,1,0.07521559944391439,0.042280039317097014,official_model_generator_bus_assignment
28872-1,wind,10.5,28810,C003-Z001,6,3082-3122-1::-1,3082-3122-1,-1,0.06915991971685359,0.045779434780011334,official_model_generator_bus_assignment
28872-1,wind,10.5,28810,C003-Z001,6,2561-3781-1::+1,2561-3781-1,1,0.9999999999625482,0.012039979995810106,official_model_generator_bus_assignment
28873-DW,wind,16.5,28810,C003-Z001,6,T3464-3462-34641-1-w1::+1,T3464-3462-34641-1-w1,1,0.3317932062687869,0.17396907076304996,official_model_generator_bus_assignment
28873-DW,wind,16.5,28810,C003-Z001,6,T3464-3462-34641-1-w2::-1,T3464-3462-34641-1-w2,-1,0.8261771782586738,0.17396907076295565,official_model_generator_bus_assignment
28873-DW,wind,16.5,28810,C003-Z001,6,T3934-3942-39402-1-w1::+1,T3934-3942-39402-1-w1,1,0.3113603834965214,0.1646106008365738,official_model_generator_bus_assignment
28873-DW,wind,16.5,28810,C003-Z001,6,1122-1742-1::+1,1122-1742-1,1,0.07521559944391439,0.042280039317097014,official_model_generator_bus_assignment
28873-DW,wind,16.5,28810,C003-Z001,6,3082-3122-1::-1,3082-3122-1,-1,0.06915991971685359,0.045779434780011334,official_model_generator_bus_assignment
28873-DW,wind,16.5,28810,C003-Z001,6,2561-3781-1::+1,2561-3781-1,1,0.9999999999625482,0.012039979995810106,official_model_generator_bus_assignment
28874-1,wind,26.0,2881,C003-Z001,6,T3464-3462-34641-1-w1::+1,T3464-3462-34641-1-w1,1,0.24610005070224897,0.1290375942801135,official_model_generator_bus_assignment
28874-1,wind,26.0,2881,C003-Z001,6,T3464-3462-34641-1-w2::-1,T3464-3462-34641-1-w2,-1,0.6127980971788519,0.12903759427996886,official_model_generator_bus_assignment
28874-1,wind,26.0,2881,C003-Z001,6,T3934-3942-39402-1-w1::+1,T3934-3942-39402-1-w1,1,0.23340354292625554,0.12339622981902326,official_model_generator_bus_assignment
28874-1,wind,26.0,2881,C003-Z001,6,1122-1742-1::+1,1122-1742-1,1,0.10257290522303798,0.05765807223184734,official_model_generator_bus_assignment
28874-1,wind,26.0,2881,C003-Z001,6,3082-3122-1::-1,3082-3122-1,-1,0.08098356708937755,0.05360593162917423,official_model_generator_bus_assignment
28874-1,wind,26.0,2881,C003-Z001,6,2561-3781-1::+1,2561-3781-1,1,0.9999999999702965,0.012039979995903395,official_model_generator_bus_assignment
29271-1,solar,42.3,2921,C003-Z001,1,2561-3781-1::+1,2561-3781-1,1,0.999999999972098,0.012039979995925085,official_model_generator_bus_assignment
31171-1,solar,25.7,3111,C003-Z001,6,T3464-3462-34641-1-w1::+1,T3464-3462-34641-1-w1,1,0.22434894821493995,0.1176328427171066,official_model_generator_bus_assignment
31171-1,solar,25.7,3111,C003-Z001,6,T3464-3462-34641-1-w2::-1,T3464-3462-34641-1-w2,-1,0.558637059106308,0.11763284271699671,official_model_generator_bus_assignment
31171-1,solar,25.7,3111,C003-Z001,6,T3934-3942-39402-1-w1::+1,T3934-3942-39402-1-w1,1,0.2113294640609702,0.11172606374290417,official_model_generator_bus_assignment
31171-1,solar,25.7,3111,C003-Z001,6,1122-1742-1::+1,1122-1742-1,1,0.15757441278782292,0.08857540745926559,official_model_generator_bus_assignment
31171-1,solar,25.7,3111,C003-Z001,6,3082-3122-1::-1,3082-3122-1,-1,0.11588581480814074,0.0767089829290957,official_model_generator_bus_assignment
31171-1,solar,25.7,3111,C003-Z001,6,2561-3781-1::+1,2561-3781-1,1,0.9999999999694564,0.01203997999589328,official_model_generator_bus_assignment
31172-1,solar,16.3,3111,C003-Z001,6,T3464-3462-34641-1-w1::+1,T3464-3462-34641-1-w1,1,0.22434894821493995,0.1176328427171066,official_model_generator_bus_assignment
31172-1,solar,16.3,3111,C003-Z001,6,T3464-3462-34641-1-w2::-1,T3464-3462-34641-1-w2,-1,0.558637059106308,0.11763284271699671,official_model_generator_bus_assignment
31172-1,solar,16.3,3111,C003-Z001,6,T3934-3942-39402-1-w1::+1,T3934-3942-39402-1-w1,1,0.2113294640609702,0.11172606374290417,official_model_generator_bus_assignment
31172-1,solar,16.3,3111,C003-Z001,6,1122-1742-1::+1,1122-1742-1,1,0.15757441278782292,0.08857540745926559,official_model_generator_bus_assignment
31172-1,solar,16.3,3111,C003-Z001,6,3082-3122-1::-1,3082-3122-1,-1,0.11588581480814074,0.0767089829290957,official_model_generator_bus_assignment
31172-1,solar,16.3,3111,C003-Z001,6,2561-3781-1::+1,2561-3781-1,1,0.9999999999694564,0.01203997999589328,official_model_generator_bus_assignment
31871-1,biomass,47.11,3181,C003-Z001,3,1122-1742-1::+1,1122-1742-1,1,0.8325405977811495,0.46798602241432297,official_model_generator_bus_assignment
31871-1,biomass,47.11,3181,C003-Z001,3,3082-3122-1::-1,3082-3122-1,-1,0.5641047573259383,0.37340119903007585,official_model_generator_bus_assignment
31871-1,biomass,47.11,3181,C003-Z001,3,2561-3781-1::+1,2561-3781-1,1,0.999999999959394,0.012039979995772129,official_model_generator_bus_assignment
32071-1,wind,450.0,32060,C003-Z001,6,T3464-3462-34641-1-w1::+1,T3464-3462-34641-1-w1,1,0.22824922417355115,0.1196778736924828,official_model_generator_bus_assignment
32071-1,wind,450.0,32060,C003-Z001,6,T3464-3462-34641-1-w2::-1,T3464-3462-34641-1-w2,-1,0.5683488884176069,0.11967787369238166,official_model_generator_bus_assignment
32071-1,wind,450.0,32060,C003-Z001,6,T3934-3942-39402-1-w1::+1,T3934-3942-39402-1-w1,1,0.21489910606598359,0.1136132688799806,official_model_generator_bus_assignment
32071-1,wind,450.0,32060,C003-Z001,6,1122-1742-1::+1,1122-1742-1,1,0.15557777250495733,0.08745306009667356,official_model_generator_bus_assignment
32071-1,wind,450.0,32060,C003-Z001,6,3082-3122-1::-1,3082-3122-1,-1,0.11471693272082241,0.07593525789440811,official_model_generator_bus_assignment
32071-1,wind,450.0,32060,C003-Z001,6,2561-3781-1::+1,2561-3781-1,1,0.9999999999680501,0.012039979995876348,official_model_generator_bus_assignment
32271-1,wind,0.85,3221,C003-Z001,6,T3464-3462-34641-1-w1::+1,T3464-3462-34641-1-w1,1,0.23449782848266879,0.12295420323957591,official_model_generator_bus_assignment
32271-1,wind,0.85,3221,C003-Z001,6,T3464-3462-34641-1-w2::-1,T3464-3462-34641-1-w2,-1,0.5839081409237202,0.12295420323946486,official_model_generator_bus_assignment
32271-1,wind,0.85,3221,C003-Z001,6,T3934-3942-39402-1-w1::+1,T3934-3942-39402-1-w1,1,0.22085407934129977,0.11676155549823142,official_model_generator_bus_assignment
32271-1,wind,0.85,3221,C003-Z001,6,1122-1742-1::+1,1122-1742-1,1,0.148169714230268,0.08328885749198964,official_model_generator_bus_assignment
32271-1,wind,0.85,3221,C003-Z001,6,3082-3122-1::-1,3082-3122-1,-1,0.11036733849985675,0.07305610526130163,official_model_generator_bus_assignment
32271-1,wind,0.85,3221,C003-Z001,6,2561-3781-1::+1,2561-3781-1,1,0.9999999999706126,0.012039979995907201,official_model_generator_bus_assignment
32272-1,solar,4.95,3221,C003-Z001,6,T3464-3462-34641-1-w1::+1,T3464-3462-34641-1-w1,1,0.23449782848266879,0.12295420323957591,official_model_generator_bus_assignment
32272-1,solar,4.95,3221,C003-Z001,6,T3464-3462-34641-1-w2::-1,T3464-3462-34641-1-w2,-1,0.5839081409237202,0.12295420323946486,official_model_generator_bus_assignment
32272-1,solar,4.95,3221,C003-Z001,6,T3934-3942-39402-1-w1::+1,T3934-3942-39402-1-w1,1,0.22085407934129977,0.11676155549823142,official_model_generator_bus_assignment
32272-1,solar,4.95,3221,C003-Z001,6,1122-1742-1::+1,1122-1742-1,1,0.148169714230268,0.08328885749198964,official_model_generator_bus_assignment
32272-1,solar,4.95,3221,C003-Z001,6,3082-3122-1::-1,3082-3122-1,-1,0.11036733849985675,0.07305610526130163,official_model_generator_bus_assignment
32272-1,solar,4.95,3221,C003-Z001,6,2561-3781-1::+1,2561-3781-1,1,0.9999999999706126,0.012039979995907201,official_model_generator_bus_assignment
32273-1,solar,4.95,3221,C003-Z001,6,T3464-3462-34641-1-w1::+1,T3464-3462-34641-1-w1,1,0.23449782848266879,0.12295420323957591,official_model_generator_bus_assignment
32273-1,solar,4.95,3221,C003-Z001,6,T3464-3462-34641-1-w2::-1,T3464-3462-34641-1-w2,-1,0.5839081409237202,0.12295420323946486,official_model_generator_bus_assignment
32273-1,solar,4.95,3221,C003-Z001,6,T3934-3942-39402-1-w1::+1,T3934-3942-39402-1-w1,1,0.22085407934129977,0.11676155549823142,official_model_generator_bus_assignment
32273-1,solar,4.95,3221,C003-Z001,6,1122-1742-1::+1,1122-1742-1,1,0.148169714230268,0.08328885749198964,official_model_generator_bus_assignment
32273-1,solar,4.95,3221,C003-Z001,6,3082-3122-1::-1,3082-3122-1,-1,0.11036733849985675,0.07305610526130163,official_model_generator_bus_assignment
32273-1,solar,4.95,3221,C003-Z001,6,2561-3781-1::+1,2561-3781-1,1,0.9999999999706126,0.012039979995907201,official_model_generator_bus_assignment
32471-1,solar,15.0,3241,C003-Z001,1,2561-3781-1::+1,2561-3781-1,1,0.9999999999666302,0.012039979995859254,official_model_generator_bus_assignment
32508-1,wind,42.55,3251,C003-Z001,6,T3464-3462-34641-1-w1::+1,T3464-3462-34641-1-w1,1,0.3491218105475304,0.18305497465449808,official_model_generator_bus_assignment
32508-1,wind,42.55,3251,C003-Z001,6,T3464-3462-34641-1-w2::-1,T3464-3462-34641-1-w2,-1,0.8693260345813217,0.18305497465436654,official_model_generator_bus_assignment
32508-1,wind,42.55,3251,C003-Z001,6,T3934-3942-39402-1-w1::+1,T3934-3942-39402-1-w1,1,0.32811094190100465,0.1734663179716374,official_model_generator_bus_assignment
32508-1,wind,42.55,3251,C003-Z001,6,1122-1742-1::+1,1122-1742-1,1,0.050513360176895214,0.028394466973707143,official_model_generator_bus_assignment
32508-1,wind,42.55,3251,C003-Z001,6,3082-3122-1::-1,3082-3122-1,-1,0.05411898222063367,0.03582329804709621,official_model_generator_bus_assignment
32508-1,wind,42.55,3251,C003-Z001,6,2561-3781-1::+1,2561-3781-1,1,0.9999999999619925,0.012039979995803415,official_model_generator_bus_assignment
32576-8,wind,11.2,3251,C003-Z001,6,T3464-3462-34641-1-w1::+1,T3464-3462-34641-1-w1,1,0.3491218105475304,0.18305497465449808,official_model_generator_bus_assignment
32576-8,wind,11.2,3251,C003-Z001,6,T3464-3462-34641-1-w2::-1,T3464-3462-34641-1-w2,-1,0.8693260345813217,0.18305497465436654,official_model_generator_bus_assignment
32576-8,wind,11.2,3251,C003-Z001,6,T3934-3942-39402-1-w1::+1,T3934-3942-39402-1-w1,1,0.32811094190100465,0.1734663179716374,official_model_generator_bus_assignment
32576-8,wind,11.2,3251,C003-Z001,6,1122-1742-1::+1,1122-1742-1,1,0.050513360176895214,0.028394466973707143,official_model_generator_bus_assignment
32576-8,wind,11.2,3251,C003-Z001,6,3082-3122-1::-1,3082-3122-1,-1,0.05411898222063367,0.03582329804709621,official_model_generator_bus_assignment
32576-8,wind,11.2,3251,C003-Z001,6,2561-3781-1::+1,2561-3781-1,1,0.9999999999619925,0.012039979995803415,official_model_generator_bus_assignment
32577-1,wind,4.1,3251,C003-Z001,6,T3464-3462-34641-1-w1::+1,T3464-3462-34641-1-w1,1,0.3491218105475304,0.18305497465449808,official_model_generator_bus_assignment
32577-1,wind,4.1,3251,C003-Z001,6,T3464-3462-34641-1-w2::-1,T3464-3462-34641-1-w2,-1,0.8693260345813217,0.18305497465436654,official_model_generator_bus_assignment
32577-1,wind,4.1,3251,C003-Z001,6,T3934-3942-39402-1-w1::+1,T3934-3942-39402-1-w1,1,0.32811094190100465,0.1734663179716374,official_model_generator_bus_assignment
32577-1,wind,4.1,3251,C003-Z001,6,1122-1742-1::+1,1122-1742-1,1,0.050513360176895214,0.028394466973707143,official_model_generator_bus_assignment
32577-1,wind,4.1,3251,C003-Z001,6,3082-3122-1::-1,3082-3122-1,-1,0.05411898222063367,0.03582329804709621,official_model_generator_bus_assignment
32577-1,wind,4.1,3251,C003-Z001,6,2561-3781-1::+1,2561-3781-1,1,0.9999999999619925,0.012039979995803415,official_model_generator_bus_assignment
32671-1,solar,4.0,3261,C003-Z001,3,1122-1742-1::+1,1122-1742-1,1,0.1720957249803398,0.09673809784496495,official_model_generator_bus_assignment
32671-1,solar,4.0,3261,C003-Z001,3,3082-3122-1::-1,3082-3122-1,-1,0.13877959931913325,0.09186320114073443,official_model_generator_bus_assignment
32671-1,solar,4.0,3261,C003-Z001,3,2561-3781-1::+1,2561-3781-1,1,0.9999999999593534,0.01203997999577164,official_model_generator_bus_assignment
32672-1,solar,4.0,3261,C003-Z001,3,1122-1742-1::+1,1122-1742-1,1,0.1720957249803398,0.09673809784496495,official_model_generator_bus_assignment
32672-1,solar,4.0,3261,C003-Z001,3,3082-3122-1::-1,3082-3122-1,-1,0.13877959931913325,0.09186320114073443,official_model_generator_bus_assignment
32672-1,solar,4.0,3261,C003-Z001,3,2561-3781-1::+1,2561-3781-1,1,0.9999999999593534,0.01203997999577164,official_model_generator_bus_assignment
32674-1,solar,6.0,3261,C003-Z001,3,1122-1742-1::+1,1122-1742-1,1,0.1720957249803398,0.09673809784496495,official_model_generator_bus_assignment
32674-1,solar,6.0,3261,C003-Z001,3,3082-3122-1::-1,3082-3122-1,-1,0.13877959931913325,0.09186320114073443,official_model_generator_bus_assignment
32674-1,solar,6.0,3261,C003-Z001,3,2561-3781-1::+1,2561-3781-1,1,0.9999999999593534,0.01203997999577164,official_model_generator_bus_assignment
32675-1,solar,44.0,3261,C003-Z001,3,1122-1742-1::+1,1122-1742-1,1,0.1720957249803398,0.09673809784496495,official_model_generator_bus_assignment
32675-1,solar,44.0,3261,C003-Z001,3,3082-3122-1::-1,3082-3122-1,-1,0.13877959931913325,0.09186320114073443,official_model_generator_bus_assignment
32675-1,solar,44.0,3261,C003-Z001,3,2561-3781-1::+1,2561-3781-1,1,0.9999999999593534,0.01203997999577164,official_model_generator_bus_assignment
33071-DW,wind,4.5,3301,C003-Z001,6,T3464-3462-34641-1-w1::+1,T3464-3462-34641-1-w1,1,0.31701424054207356,0.16622001838422445,official_model_generator_bus_assignment
33071-DW,wind,4.5,3301,C003-Z001,6,T3464-3462-34641-1-w2::-1,T3464-3462-34641-1-w2,-1,0.7893770148706509,0.16622001838410283,official_model_generator_bus_assignment
33071-DW,wind,4.5,3301,C003-Z001,6,T3934-3942-39402-1-w1::+1,T3934-3942-39402-1-w1,1,0.2980044244478746,0.15754954695728032,official_model_generator_bus_assignment
33071-DW,wind,4.5,3301,C003-Z001,6,1122-1742-1::+1,1122-1742-1,1,0.07901735199775779,0.04441707270696224,official_model_generator_bus_assignment
33071-DW,wind,4.5,3301,C003-Z001,6,3082-3122-1::-1,3082-3122-1,-1,0.07062146492137666,0.046746884043145705,official_model_generator_bus_assignment
33071-DW,wind,4.5,3301,C003-Z001,6,2561-3781-1::+1,2561-3781-1,1,0.9999999999646785,0.012039979995835753,official_model_generator_bus_assignment
33072-1,wind,9.35,3301,C003-Z001,6,T3464-3462-34641-1-w1::+1,T3464-3462-34641-1-w1,1,0.31701424054207356,0.16622001838422445,official_model_generator_bus_assignment
33072-1,wind,9.35,3301,C003-Z001,6,T3464-3462-34641-1-w2::-1,T3464-3462-34641-1-w2,-1,0.7893770148706509,0.16622001838410283,official_model_generator_bus_assignment
33072-1,wind,9.35,3301,C003-Z001,6,T3934-3942-39402-1-w1::+1,T3934-3942-39402-1-w1,1,0.2980044244478746,0.15754954695728032,official_model_generator_bus_assignment
33072-1,wind,9.35,3301,C003-Z001,6,1122-1742-1::+1,1122-1742-1,1,0.07901735199775779,0.04441707270696224,official_model_generator_bus_assignment
33072-1,wind,9.35,3301,C003-Z001,6,3082-3122-1::-1,3082-3122-1,-1,0.07062146492137666,0.046746884043145705,official_model_generator_bus_assignment
33072-1,wind,9.35,3301,C003-Z001,6,2561-3781-1::+1,2561-3781-1,1,0.9999999999646785,0.012039979995835753,official_model_generator_bus_assignment
33074-1,solar,8.99,3301,C003-Z001,6,T3464-3462-34641-1-w1::+1,T3464-3462-34641-1-w1,1,0.31701424054207356,0.16622001838422445,official_model_generator_bus_assignment
33074-1,solar,8.99,3301,C003-Z001,6,T3464-3462-34641-1-w2::-1,T3464-3462-34641-1-w2,-1,0.7893770148706509,0.16622001838410283,official_model_generator_bus_assignment
33074-1,solar,8.99,3301,C003-Z001,6,T3934-3942-39402-1-w1::+1,T3934-3942-39402-1-w1,1,0.2980044244478746,0.15754954695728032,official_model_generator_bus_assignment
33074-1,solar,8.99,3301,C003-Z001,6,1122-1742-1::+1,1122-1742-1,1,0.07901735199775779,0.04441707270696224,official_model_generator_bus_assignment
33074-1,solar,8.99,3301,C003-Z001,6,3082-3122-1::-1,3082-3122-1,-1,0.07062146492137666,0.046746884043145705,official_model_generator_bus_assignment
33074-1,solar,8.99,3301,C003-Z001,6,2561-3781-1::+1,2561-3781-1,1,0.9999999999646785,0.012039979995835753,official_model_generator_bus_assignment
33174-1,wind,110.2,3311,C003-Z001,1,2561-3781-1::+1,2561-3781-1,1,0.9999999999695334,0.012039979995894207,official_model_generator_bus_assignment
33471-1,solar,81.0,33410,C003-Z001,3,1122-1742-1::+1,1122-1742-1,1,0.1341986288475195,0.07543545947811636,official_model_generator_bus_assignment
33471-1,solar,81.0,33410,C003-Z001,3,3082-3122-1::-1,3082-3122-1,-1,0.1306897633845777,0.08650824818440923,official_model_generator_bus_assignment
33471-1,solar,81.0,33410,C003-Z001,3,2561-3781-1::+1,2561-3781-1,1,0.9999999999610545,0.012039979995792122,official_model_generator_bus_assignment
33671-1,solar,47.0,3361,C003-Z001,1,2561-3781-1::+1,2561-3781-1,1,0.999999999969533,0.012039979995894203,official_model_generator_bus_assignment
33971-TW,wind,105.0,3391,C003-Z001,6,T3464-3462-34641-1-w1::+1,T3464-3462-34641-1-w1,1,0.33179320626877945,0.17396907076304605,official_model_generator_bus_assignment
33971-TW,wind,105.0,3391,C003-Z001,6,T3464-3462-34641-1-w2::-1,T3464-3462-34641-1-w2,-1,0.8261771782586498,0.1739690707629506,official_model_generator_bus_assignment
33971-TW,wind,105.0,3391,C003-Z001,6,T3934-3942-39402-1-w1::+1,T3934-3942-39402-1-w1,1,0.3113603834965139,0.16461060083656986,official_model_generator_bus_assignment
33971-TW,wind,105.0,3391,C003-Z001,6,1122-1742-1::+1,1122-1742-1,1,0.07521559944391004,0.04228003931709458,official_model_generator_bus_assignment
33971-TW,wind,105.0,3391,C003-Z001,6,3082-3122-1::-1,3082-3122-1,-1,0.06915991971684471,0.04577943478000546,official_model_generator_bus_assignment
33971-TW,wind,105.0,3391,C003-Z001,6,2561-3781-1::+1,2561-3781-1,1,0.9999999999624402,0.012039979995808804,official_model_generator_bus_assignment
34872-1,wind,37.0,3481,C003-Z001,4,T3464-3462-34641-1-w1::+1,T3464-3462-34641-1-w1,1,0.36282080801904043,0.19023776747688434,official_model_generator_bus_assignment
34872-1,wind,37.0,3481,C003-Z001,4,T3464-3462-34641-1-w2::-1,T3464-3462-34641-1-w2,-1,0.9034370376464741,0.1902377674767784,official_model_generator_bus_assignment
34872-1,wind,37.0,3481,C003-Z001,4,T3934-3942-39402-1-w1::+1,T3934-3942-39402-1-w1,1,0.3409561714339816,0.1802573583974039,official_model_generator_bus_assignment
34872-1,wind,37.0,3481,C003-Z001,4,2561-3781-1::+1,2561-3781-1,1,0.9999999999634598,0.012039979995821081,official_model_generator_bus_assignment
34971-1,wind,48.9,3491,C003-Z001,1,2561-3781-1::+1,2561-3781-1,1,0.9999999999567797,0.012039979995740652,official_model_generator_bus_assignment
35071-1,wind,4.6,3501,C003-Z001,4,3581-89516-1::+1,3581-89516-1,1,0.07358611935659261,0.03778135243279361,official_model_generator_bus_assignment
35071-1,wind,4.6,3501,C003-Z001,4,T89515-89516-1::-1,T89515-89516-1,-1,0.05194596041508891,0.03778135243289558,official_model_generator_bus_assignment
35071-1,wind,4.6,3501,C003-Z001,4,T3464-3462-34641-1-w2::-1,T3464-3462-34641-1-w2,-1,0.06769810454603996,0.014255267090663368,official_model_generator_bus_assignment
35071-1,wind,4.6,3501,C003-Z001,4,2561-3781-1::+1,2561-3781-1,1,0.9999999999652824,0.012039979995843025,official_model_generator_bus_assignment
35075-1,solar,4.0,3501,C003-Z001,4,3581-89516-1::+1,3581-89516-1,1,0.07358611935659261,0.03778135243279361,official_model_generator_bus_assignment
35075-1,solar,4.0,3501,C003-Z001,4,T89515-89516-1::-1,T89515-89516-1,-1,0.05194596041508891,0.03778135243289558,official_model_generator_bus_assignment
35075-1,solar,4.0,3501,C003-Z001,4,T3464-3462-34641-1-w2::-1,T3464-3462-34641-1-w2,-1,0.06769810454603996,0.014255267090663368,official_model_generator_bus_assignment
35075-1,solar,4.0,3501,C003-Z001,4,2561-3781-1::+1,2561-3781-1,1,0.9999999999652824,0.012039979995843025,official_model_generator_bus_assignment
35076-1,wind,4.95,3501,C003-Z001,4,3581-89516-1::+1,3581-89516-1,1,0.07358611935659261,0.03778135243279361,official_model_generator_bus_assignment
35076-1,wind,4.95,3501,C003-Z001,4,T89515-89516-1::-1,T89515-89516-1,-1,0.05194596041508891,0.03778135243289558,official_model_generator_bus_assignment
35076-1,wind,4.95,3501,C003-Z001,4,T3464-3462-34641-1-w2::-1,T3464-3462-34641-1-w2,-1,0.06769810454603996,0.014255267090663368,official_model_generator_bus_assignment
35076-1,wind,4.95,3501,C003-Z001,4,2561-3781-1::+1,2561-3781-1,1,0.9999999999652824,0.012039979995843025,official_model_generator_bus_assignment
35171-1,wind,88.0,3511,C003-Z001,1,2561-3781-1::+1,2561-3781-1,1,0.9999999999699815,0.012039979995899602,official_model_generator_bus_assignment
35171-2,wind,9.5,3511,C003-Z001,1,2561-3781-1::+1,2561-3781-1,1,0.9999999999699815,0.012039979995899602,official_model_generator_bus_assignment
35271-1,solar,50.0,3521,C003-Z001,1,2561-3781-1::+1,2561-3781-1,1,0.9999999999591402,0.012039979995769074,official_model_generator_bus_assignment
35371-1,solar,87.0,3531,C003-Z001,6,T3464-3462-34641-1-w1::+1,T3464-3462-34641-1-w1,1,0.22512594139094155,0.11804024340604273,official_model_generator_bus_assignment
35371-1,solar,87.0,3531,C003-Z001,6,T3464-3462-34641-1-w2::-1,T3464-3462-34641-1-w2,-1,0.5605718004377639,0.1180402434059258,official_model_generator_bus_assignment
35371-1,solar,87.0,3531,C003-Z001,6,T3934-3942-39402-1-w1::+1,T3934-3942-39402-1-w1,1,0.21205278286543805,0.11210846930671661,official_model_generator_bus_assignment
35371-1,solar,87.0,3531,C003-Z001,6,1122-1742-1::+1,1122-1742-1,1,0.15696579962262874,0.08823329506843769,official_model_generator_bus_assignment
35371-1,solar,87.0,3531,C003-Z001,6,3082-3122-1::-1,3082-3122-1,-1,0.11552786648805091,0.0764720440801026,official_model_generator_bus_assignment
35371-1,solar,87.0,3531,C003-Z001,6,2561-3781-1::+1,2561-3781-1,1,0.9999999999698558,0.012039979995898089,official_model_generator_bus_assignment
35372-1,solar,60.0,3531,C003-Z001,6,T3464-3462-34641-1-w1::+1,T3464-3462-34641-1-w1,1,0.22512594139094155,0.11804024340604273,official_model_generator_bus_assignment
35372-1,solar,60.0,3531,C003-Z001,6,T3464-3462-34641-1-w2::-1,T3464-3462-34641-1-w2,-1,0.5605718004377639,0.1180402434059258,official_model_generator_bus_assignment
35372-1,solar,60.0,3531,C003-Z001,6,T3934-3942-39402-1-w1::+1,T3934-3942-39402-1-w1,1,0.21205278286543805,0.11210846930671661,official_model_generator_bus_assignment
35372-1,solar,60.0,3531,C003-Z001,6,1122-1742-1::+1,1122-1742-1,1,0.15696579962262874,0.08823329506843769,official_model_generator_bus_assignment
35372-1,solar,60.0,3531,C003-Z001,6,3082-3122-1::-1,3082-3122-1,-1,0.11552786648805091,0.0764720440801026,official_model_generator_bus_assignment
35372-1,solar,60.0,3531,C003-Z001,6,2561-3781-1::+1,2561-3781-1,1,0.9999999999698558,0.012039979995898089,official_model_generator_bus_assignment
35471-1,solar,4.0,3541,C003-Z001,6,T3464-3462-34641-1-w1::+1,T3464-3462-34641-1-w1,1,0.26366682275791586,0.1382483766381915,official_model_generator_bus_assignment
35471-1,solar,4.0,3541,C003-Z001,6,T3464-3462-34641-1-w2::-1,T3464-3462-34641-1-w2,-1,0.6565399999482504,0.1382483766381003,official_model_generator_bus_assignment
35471-1,solar,4.0,3541,C003-Z001,6,T3934-3942-39402-1-w1::+1,T3934-3942-39402-1-w1,1,0.25127734658079703,0.13284578639320413,official_model_generator_bus_assignment
35471-1,solar,4.0,3541,C003-Z001,6,1122-1742-1::+1,1122-1742-1,1,0.0653632156798555,0.0367418374548337,official_model_generator_bus_assignment
35471-1,solar,4.0,3541,C003-Z001,6,3082-3122-1::-1,3082-3122-1,-1,0.05780552784593446,0.03826355500094959,official_model_generator_bus_assignment
35471-1,solar,4.0,3541,C003-Z001,6,2561-3781-1::+1,2561-3781-1,1,0.9999999999647589,0.012039979995836721,official_model_generator_bus_assignment
35472-1,solar,4.95,3541,C003-Z001,6,T3464-3462-34641-1-w1::+1,T3464-3462-34641-1-w1,1,0.26366682275791586,0.1382483766381915,official_model_generator_bus_assignment
35472-1,solar,4.95,3541,C003-Z001,6,T3464-3462-34641-1-w2::-1,T3464-3462-34641-1-w2,-1,0.6565399999482504,0.1382483766381003,official_model_generator_bus_assignment
35472-1,solar,4.95,3541,C003-Z001,6,T3934-3942-39402-1-w1::+1,T3934-3942-39402-1-w1,1,0.25127734658079703,0.13284578639320413,official_model_generator_bus_assignment
35472-1,solar,4.95,3541,C003-Z001,6,1122-1742-1::+1,1122-1742-1,1,0.0653632156798555,0.0367418374548337,official_model_generator_bus_assignment
35472-1,solar,4.95,3541,C003-Z001,6,3082-3122-1::-1,3082-3122-1,-1,0.05780552784593446,0.03826355500094959,official_model_generator_bus_assignment
35472-1,solar,4.95,3541,C003-Z001,6,2561-3781-1::+1,2561-3781-1,1,0.9999999999647589,0.012039979995836721,official_model_generator_bus_assignment
35571-1,solar,55.0,3551,C003-Z001,1,2561-3781-1::+1,2561-3781-1,1,0.9999999999623176,0.012039979995807328,official_model_generator_bus_assignment
35571-2,solar,25.0,3551,C003-Z001,1,2561-3781-1::+1,2561-3781-1,1,0.9999999999623176,0.012039979995807328,official_model_generator_bus_assignment
35772-1,wind,34.0,3571,C003-Z001,2,T3464-3462-34641-1-w2::-1,T3464-3462-34641-1-w2,-1,0.12248777210036287,0.025792389880628,official_model_generator_bus_assignment
35772-1,wind,34.0,3571,C003-Z001,2,2561-3781-1::+1,2561-3781-1,1,0.9999999999649988,0.01203997999583961,official_model_generator_bus_assignment
35871-1,wind,2.55,3581,C003-Z001,4,3581-89516-1::+1,3581-89516-1,1,0.9999999999999528,0.5134304236062013,official_model_generator_bus_assignment
35871-1,wind,2.55,3581,C003-Z001,4,T89510-89515-1::-1,T89510-89515-1,-1,0.6505122038315564,0.5134304236060341,official_model_generator_bus_assignment
35871-1,wind,2.55,3581,C003-Z001,4,T89515-89516-1::-1,T89515-89516-1,-1,0.7059206392345869,0.5134304236067172,official_model_generator_bus_assignment
35871-1,wind,2.55,3581,C003-Z001,4,2561-3781-1::+1,2561-3781-1,1,0.9999999999762282,0.012039979995974812,official_model_generator_bus_assignment
35872-2,wind,2.45,3581,C003-Z001,4,3581-89516-1::+1,3581-89516-1,1,0.9999999999999528,0.5134304236062013,official_model_generator_bus_assignment
35872-2,wind,2.45,3581,C003-Z001,4,T89510-89515-1::-1,T89510-89515-1,-1,0.6505122038315564,0.5134304236060341,official_model_generator_bus_assignment
35872-2,wind,2.45,3581,C003-Z001,4,T89515-89516-1::-1,T89515-89516-1,-1,0.7059206392345869,0.5134304236067172,official_model_generator_bus_assignment
35872-2,wind,2.45,3581,C003-Z001,4,2561-3781-1::+1,2561-3781-1,1,0.9999999999762282,0.012039979995974812,official_model_generator_bus_assignment
35873-3,wind,3.4,3581,C003-Z001,4,3581-89516-1::+1,3581-89516-1,1,0.9999999999999528,0.5134304236062013,official_model_generator_bus_assignment
35873-3,wind,3.4,3581,C003-Z001,4,T89510-89515-1::-1,T89510-89515-1,-1,0.6505122038315564,0.5134304236060341,official_model_generator_bus_assignment
35873-3,wind,3.4,3581,C003-Z001,4,T89515-89516-1::-1,T89515-89516-1,-1,0.7059206392345869,0.5134304236067172,official_model_generator_bus_assignment
35873-3,wind,3.4,3581,C003-Z001,4,2561-3781-1::+1,2561-3781-1,1,0.9999999999762282,0.012039979995974812,official_model_generator_bus_assignment
35875-1,wind,15.0,3581,C003-Z001,4,3581-89516-1::+1,3581-89516-1,1,0.9999999999999528,0.5134304236062013,official_model_generator_bus_assignment
35875-1,wind,15.0,3581,C003-Z001,4,T89510-89515-1::-1,T89510-89515-1,-1,0.6505122038315564,0.5134304236060341,official_model_generator_bus_assignment
35875-1,wind,15.0,3581,C003-Z001,4,T89515-89516-1::-1,T89515-89516-1,-1,0.7059206392345869,0.5134304236067172,official_model_generator_bus_assignment
35875-1,wind,15.0,3581,C003-Z001,4,2561-3781-1::+1,2561-3781-1,1,0.9999999999762282,0.012039979995974812,official_model_generator_bus_assignment
35876-3,wind,11.88,3581,C003-Z001,4,3581-89516-1::+1,3581-89516-1,1,0.9999999999999528,0.5134304236062013,official_model_generator_bus_assignment
35876-3,wind,11.88,3581,C003-Z001,4,T89510-89515-1::-1,T89510-89515-1,-1,0.6505122038315564,0.5134304236060341,official_model_generator_bus_assignment
35876-3,wind,11.88,3581,C003-Z001,4,T89515-89516-1::-1,T89515-89516-1,-1,0.7059206392345869,0.5134304236067172,official_model_generator_bus_assignment
35876-3,wind,11.88,3581,C003-Z001,4,2561-3781-1::+1,2561-3781-1,1,0.9999999999762282,0.012039979995974812,official_model_generator_bus_assignment
35877-6,wind,4.99,3581,C003-Z001,4,3581-89516-1::+1,3581-89516-1,1,0.9999999999999528,0.5134304236062013,official_model_generator_bus_assignment
35877-6,wind,4.99,3581,C003-Z001,4,T89510-89515-1::-1,T89510-89515-1,-1,0.6505122038315564,0.5134304236060341,official_model_generator_bus_assignment
35877-6,wind,4.99,3581,C003-Z001,4,T89515-89516-1::-1,T89515-89516-1,-1,0.7059206392345869,0.5134304236067172,official_model_generator_bus_assignment
35877-6,wind,4.99,3581,C003-Z001,4,2561-3781-1::+1,2561-3781-1,1,0.9999999999762282,0.012039979995974812,official_model_generator_bus_assignment
35971-1,wind,30.5,3591,C003-Z001,4,3581-89516-1::+1,3581-89516-1,1,0.9469405949918346,0.4861881108165888,official_model_generator_bus_assignment
35971-1,wind,30.5,3591,C003-Z001,4,T89510-89515-1::-1,T89510-89515-1,-1,0.6159964133457082,0.4861881108164113,official_model_generator_bus_assignment
35971-1,wind,30.5,3591,C003-Z001,4,T89515-89516-1::-1,T89515-89516-1,-1,0.6684649101339216,0.4861881108171313,official_model_generator_bus_assignment
35971-1,wind,30.5,3591,C003-Z001,4,2561-3781-1::+1,2561-3781-1,1,0.9999999999792356,0.012039979996011021,official_model_generator_bus_assignment
36271-1,wind,36.0,36210,C003-Z001,7,T3464-3462-34641-1-w1::+1,T3464-3462-34641-1-w1,1,0.143659178778085,0.0753247907624727,official_model_generator_bus_assignment
36271-1,wind,36.0,36210,C003-Z001,7,T3464-3462-34641-1-w2::-1,T3464-3462-34641-1-w2,-1,0.3577165918749348,0.07532479076236273,official_model_generator_bus_assignment
36271-1,wind,36.0,36210,C003-Z001,7,T3934-3942-39402-1-w1::+1,T3934-3942-39402-1-w1,1,0.13687658780530937,0.07236417525591772,official_model_generator_bus_assignment
36271-1,wind,36.0,36210,C003-Z001,7,1122-1742-1::+1,1122-1742-1,1,0.12176997704737623,0.06844909108308148,official_model_generator_bus_assignment
36271-1,wind,36.0,36210,C003-Z001,7,3621-5301-1::+1,3621-5301-1,1,1.0,1.0000000000004745,official_model_generator_bus_assignment
36271-1,wind,36.0,36210,C003-Z001,7,3082-3122-1::-1,3082-3122-1,-1,0.08707444452669369,0.0576377021623998,official_model_generator_bus_assignment
36271-1,wind,36.0,36210,C003-Z001,7,2561-3781-1::+1,2561-3781-1,1,0.9999999999706342,0.01203997999590746,official_model_generator_bus_assignment
36272-2,wind,23.0,36210,C003-Z001,7,T3464-3462-34641-1-w1::+1,T3464-3462-34641-1-w1,1,0.143659178778085,0.0753247907624727,official_model_generator_bus_assignment
36272-2,wind,23.0,36210,C003-Z001,7,T3464-3462-34641-1-w2::-1,T3464-3462-34641-1-w2,-1,0.3577165918749348,0.07532479076236273,official_model_generator_bus_assignment
36272-2,wind,23.0,36210,C003-Z001,7,T3934-3942-39402-1-w1::+1,T3934-3942-39402-1-w1,1,0.13687658780530937,0.07236417525591772,official_model_generator_bus_assignment
36272-2,wind,23.0,36210,C003-Z001,7,1122-1742-1::+1,1122-1742-1,1,0.12176997704737623,0.06844909108308148,official_model_generator_bus_assignment
36272-2,wind,23.0,36210,C003-Z001,7,3621-5301-1::+1,3621-5301-1,1,1.0,1.0000000000004745,official_model_generator_bus_assignment
36272-2,wind,23.0,36210,C003-Z001,7,3082-3122-1::-1,3082-3122-1,-1,0.08707444452669369,0.0576377021623998,official_model_generator_bus_assignment
36272-2,wind,23.0,36210,C003-Z001,7,2561-3781-1::+1,2561-3781-1,1,0.9999999999706342,0.01203997999590746,official_model_generator_bus_assignment
36273-1,wind,28.8,3621,C003-Z001,7,T3464-3462-34641-1-w1::+1,T3464-3462-34641-1-w1,1,0.14365917877808537,0.07532479076247288,official_model_generator_bus_assignment
36273-1,wind,28.8,3621,C003-Z001,7,T3464-3462-34641-1-w2::-1,T3464-3462-34641-1-w2,-1,0.3577165918749364,0.07532479076236306,official_model_generator_bus_assignment
36273-1,wind,28.8,3621,C003-Z001,7,T3934-3942-39402-1-w1::+1,T3934-3942-39402-1-w1,1,0.13687658780530984,0.07236417525591797,official_model_generator_bus_assignment
36273-1,wind,28.8,3621,C003-Z001,7,1122-1742-1::+1,1122-1742-1,1,0.12176997704737658,0.06844909108308167,official_model_generator_bus_assignment
36273-1,wind,28.8,3621,C003-Z001,7,3621-5301-1::+1,3621-5301-1,1,0.9999999999999996,1.000000000000474,official_model_generator_bus_assignment
36273-1,wind,28.8,3621,C003-Z001,7,3082-3122-1::-1,3082-3122-1,-1,0.08707444452669401,0.05763770216240001,official_model_generator_bus_assignment
36273-1,wind,28.8,3621,C003-Z001,7,2561-3781-1::+1,2561-3781-1,1,0.999999999970665,0.012039979995907831,official_model_generator_bus_assignment
36471-1,wind,14.45,36411,C003-Z001,3,1122-1742-1::+1,1122-1742-1,1,0.6784610989665394,0.3813751688679394,official_model_generator_bus_assignment
36471-1,wind,14.45,36411,C003-Z001,3,3082-3122-1::-1,3082-3122-1,-1,0.42046616558613464,0.2783216562925127,official_model_generator_bus_assignment
36471-1,wind,14.45,36411,C003-Z001,3,2561-3781-1::+1,2561-3781-1,1,0.9999999999593662,0.012039979995771794,official_model_generator_bus_assignment
36472-1,wind,4.0,36411,C003-Z001,3,1122-1742-1::+1,1122-1742-1,1,0.6784610989665394,0.3813751688679394,official_model_generator_bus_assignment
36472-1,wind,4.0,36411,C003-Z001,3,3082-3122-1::-1,3082-3122-1,-1,0.42046616558613464,0.2783216562925127,official_model_generator_bus_assignment
36472-1,wind,4.0,36411,C003-Z001,3,2561-3781-1::+1,2561-3781-1,1,0.9999999999593662,0.012039979995771794,official_model_generator_bus_assignment
36473-1,wind,5.0,36411,C003-Z001,3,1122-1742-1::+1,1122-1742-1,1,0.6784610989665394,0.3813751688679394,official_model_generator_bus_assignment
36473-1,wind,5.0,36411,C003-Z001,3,3082-3122-1::-1,3082-3122-1,-1,0.42046616558613464,0.2783216562925127,official_model_generator_bus_assignment
36473-1,wind,5.0,36411,C003-Z001,3,2561-3781-1::+1,2561-3781-1,1,0.9999999999593662,0.012039979995771794,official_model_generator_bus_assignment
36474-1,wind,3.6,36411,C003-Z001,3,1122-1742-1::+1,1122-1742-1,1,0.6784610989665394,0.3813751688679394,official_model_generator_bus_assignment
36474-1,wind,3.6,36411,C003-Z001,3,3082-3122-1::-1,3082-3122-1,-1,0.42046616558613464,0.2783216562925127,official_model_generator_bus_assignment
36474-1,wind,3.6,36411,C003-Z001,3,2561-3781-1::+1,2561-3781-1,1,0.9999999999593662,0.012039979995771794,official_model_generator_bus_assignment
36475-1,wind,4.0,36411,C003-Z001,3,1122-1742-1::+1,1122-1742-1,1,0.6784610989665394,0.3813751688679394,official_model_generator_bus_assignment
36475-1,wind,4.0,36411,C003-Z001,3,3082-3122-1::-1,3082-3122-1,-1,0.42046616558613464,0.2783216562925127,official_model_generator_bus_assignment
36475-1,wind,4.0,36411,C003-Z001,3,2561-3781-1::+1,2561-3781-1,1,0.9999999999593662,0.012039979995771794,official_model_generator_bus_assignment
36476-1,wind,14.8,36411,C003-Z001,3,1122-1742-1::+1,1122-1742-1,1,0.6784610989665394,0.3813751688679394,official_model_generator_bus_assignment
36476-1,wind,14.8,36411,C003-Z001,3,3082-3122-1::-1,3082-3122-1,-1,0.42046616558613464,0.2783216562925127,official_model_generator_bus_assignment
36476-1,wind,14.8,36411,C003-Z001,3,2561-3781-1::+1,2561-3781-1,1,0.9999999999593662,0.012039979995771794,official_model_generator_bus_assignment
36477-1,solar,20.0,3641,C003-Z001,3,1122-1742-1::+1,1122-1742-1,1,0.6784610989665393,0.3813751688679393,official_model_generator_bus_assignment
36477-1,solar,20.0,3641,C003-Z001,3,3082-3122-1::-1,3082-3122-1,-1,0.4204661655861351,0.278321656292513,official_model_generator_bus_assignment
36477-1,solar,20.0,3641,C003-Z001,3,2561-3781-1::+1,2561-3781-1,1,0.999999999959365,0.012039979995771779,official_model_generator_bus_assignment
38071-1,wind,1.7,3801,C003-Z001,6,T3464-3462-34641-1-w1::+1,T3464-3462-34641-1-w1,1,0.22543922456225302,0.11820450711358411,official_model_generator_bus_assignment
38071-1,wind,1.7,3801,C003-Z001,6,T3464-3462-34641-1-w2::-1,T3464-3462-34641-1-w2,-1,0.5613518869542349,0.11820450711346515,official_model_generator_bus_assignment
38071-1,wind,1.7,3801,C003-Z001,6,T3934-3942-39402-1-w1::+1,T3934-3942-39402-1-w1,1,0.2123445559263896,0.11226272444454694,official_model_generator_bus_assignment
38071-1,wind,1.7,3801,C003-Z001,6,1122-1742-1::+1,1122-1742-1,1,0.15671367513411122,0.08809157136529452,official_model_generator_bus_assignment
38071-1,wind,1.7,3801,C003-Z001,6,3082-3122-1::-1,3082-3122-1,-1,0.11537912240789507,0.07637358503121582,official_model_generator_bus_assignment
38071-1,wind,1.7,3801,C003-Z001,6,2561-3781-1::+1,2561-3781-1,1,0.9999999999699476,0.012039979995899194,official_model_generator_bus_assignment
38072-1,solar,3.95,3801,C003-Z001,6,T3464-3462-34641-1-w1::+1,T3464-3462-34641-1-w1,1,0.22543922456225302,0.11820450711358411,official_model_generator_bus_assignment
38072-1,solar,3.95,3801,C003-Z001,6,T3464-3462-34641-1-w2::-1,T3464-3462-34641-1-w2,-1,0.5613518869542349,0.11820450711346515,official_model_generator_bus_assignment
38072-1,solar,3.95,3801,C003-Z001,6,T3934-3942-39402-1-w1::+1,T3934-3942-39402-1-w1,1,0.2123445559263896,0.11226272444454694,official_model_generator_bus_assignment
38072-1,solar,3.95,3801,C003-Z001,6,1122-1742-1::+1,1122-1742-1,1,0.15671367513411122,0.08809157136529452,official_model_generator_bus_assignment
38072-1,solar,3.95,3801,C003-Z001,6,3082-3122-1::-1,3082-3122-1,-1,0.11537912240789507,0.07637358503121582,official_model_generator_bus_assignment
38072-1,solar,3.95,3801,C003-Z001,6,2561-3781-1::+1,2561-3781-1,1,0.9999999999699476,0.012039979995899194,official_model_generator_bus_assignment
38073-1,solar,7.0,3801,C003-Z001,6,T3464-3462-34641-1-w1::+1,T3464-3462-34641-1-w1,1,0.22543922456225302,0.11820450711358411,official_model_generator_bus_assignment
38073-1,solar,7.0,3801,C003-Z001,6,T3464-3462-34641-1-w2::-1,T3464-3462-34641-1-w2,-1,0.5613518869542349,0.11820450711346515,official_model_generator_bus_assignment
38073-1,solar,7.0,3801,C003-Z001,6,T3934-3942-39402-1-w1::+1,T3934-3942-39402-1-w1,1,0.2123445559263896,0.11226272444454694,official_model_generator_bus_assignment
38073-1,solar,7.0,3801,C003-Z001,6,1122-1742-1::+1,1122-1742-1,1,0.15671367513411122,0.08809157136529452,official_model_generator_bus_assignment
38073-1,solar,7.0,3801,C003-Z001,6,3082-3122-1::-1,3082-3122-1,-1,0.11537912240789507,0.07637358503121582,official_model_generator_bus_assignment
38073-1,solar,7.0,3801,C003-Z001,6,2561-3781-1::+1,2561-3781-1,1,0.9999999999699476,0.012039979995899194,official_model_generator_bus_assignment
38074-1,solar,3.6,3801,C003-Z001,6,T3464-3462-34641-1-w1::+1,T3464-3462-34641-1-w1,1,0.22543922456225302,0.11820450711358411,official_model_generator_bus_assignment
38074-1,solar,3.6,3801,C003-Z001,6,T3464-3462-34641-1-w2::-1,T3464-3462-34641-1-w2,-1,0.5613518869542349,0.11820450711346515,official_model_generator_bus_assignment
38074-1,solar,3.6,3801,C003-Z001,6,T3934-3942-39402-1-w1::+1,T3934-3942-39402-1-w1,1,0.2123445559263896,0.11226272444454694,official_model_generator_bus_assignment
38074-1,solar,3.6,3801,C003-Z001,6,1122-1742-1::+1,1122-1742-1,1,0.15671367513411122,0.08809157136529452,official_model_generator_bus_assignment
38074-1,solar,3.6,3801,C003-Z001,6,3082-3122-1::-1,3082-3122-1,-1,0.11537912240789507,0.07637358503121582,official_model_generator_bus_assignment
38074-1,solar,3.6,3801,C003-Z001,6,2561-3781-1::+1,2561-3781-1,1,0.9999999999699476,0.012039979995899194,official_model_generator_bus_assignment
38074-2,solar,0.34,3801,C003-Z001,6,T3464-3462-34641-1-w1::+1,T3464-3462-34641-1-w1,1,0.22543922456225302,0.11820450711358411,official_model_generator_bus_assignment
38074-2,solar,0.34,3801,C003-Z001,6,T3464-3462-34641-1-w2::-1,T3464-3462-34641-1-w2,-1,0.5613518869542349,0.11820450711346515,official_model_generator_bus_assignment
38074-2,solar,0.34,3801,C003-Z001,6,T3934-3942-39402-1-w1::+1,T3934-3942-39402-1-w1,1,0.2123445559263896,0.11226272444454694,official_model_generator_bus_assignment
38074-2,solar,0.34,3801,C003-Z001,6,1122-1742-1::+1,1122-1742-1,1,0.15671367513411122,0.08809157136529452,official_model_generator_bus_assignment
38074-2,solar,0.34,3801,C003-Z001,6,3082-3122-1::-1,3082-3122-1,-1,0.11537912240789507,0.07637358503121582,official_model_generator_bus_assignment
38074-2,solar,0.34,3801,C003-Z001,6,2561-3781-1::+1,2561-3781-1,1,0.9999999999699476,0.012039979995899194,official_model_generator_bus_assignment
38271-1,wind,10.5,3821,C003-Z001,1,2561-3781-1::+1,2561-3781-1,1,0.999999999959413,0.012039979995772358,official_model_generator_bus_assignment
38272-2,wind,4.5,3821,C003-Z001,1,2561-3781-1::+1,2561-3781-1,1,0.999999999959413,0.012039979995772358,official_model_generator_bus_assignment
38273-1,wind,7.5,3821,C003-Z001,1,2561-3781-1::+1,2561-3781-1,1,0.999999999959413,0.012039979995772358,official_model_generator_bus_assignment
38870-1,wind,24.0,3881,C003-Z001,6,T3464-3462-34641-1-w1::+1,T3464-3462-34641-1-w1,1,0.265936352478715,0.13943835873890004,official_model_generator_bus_assignment
38870-1,wind,24.0,3881,C003-Z001,6,T3464-3462-34641-1-w2::-1,T3464-3462-34641-1-w2,-1,0.6621912116827051,0.139438358738792,official_model_generator_bus_assignment
38870-1,wind,24.0,3881,C003-Z001,6,T3934-3942-39402-1-w1::+1,T3934-3942-39402-1-w1,1,0.2501386056349464,0.13224375466010863,official_model_generator_bus_assignment
38870-1,wind,24.0,3881,C003-Z001,6,1122-1742-1::+1,1122-1742-1,1,0.12382210199601631,0.06960262737280812,official_model_generator_bus_assignment
38870-1,wind,24.0,3881,C003-Z001,6,3082-3122-1::-1,3082-3122-1,-1,0.0965212720851228,0.06389089661172376,official_model_generator_bus_assignment
38870-1,wind,24.0,3881,C003-Z001,6,2561-3781-1::+1,2561-3781-1,1,0.9999999999685726,0.01203997999588264,official_model_generator_bus_assignment
38872-1,solar,4.0,3881,C003-Z001,6,T3464-3462-34641-1-w1::+1,T3464-3462-34641-1-w1,1,0.265936352478715,0.13943835873890004,official_model_generator_bus_assignment
38872-1,solar,4.0,3881,C003-Z001,6,T3464-3462-34641-1-w2::-1,T3464-3462-34641-1-w2,-1,0.6621912116827051,0.139438358738792,official_model_generator_bus_assignment
38872-1,solar,4.0,3881,C003-Z001,6,T3934-3942-39402-1-w1::+1,T3934-3942-39402-1-w1,1,0.2501386056349464,0.13224375466010863,official_model_generator_bus_assignment
38872-1,solar,4.0,3881,C003-Z001,6,1122-1742-1::+1,1122-1742-1,1,0.12382210199601631,0.06960262737280812,official_model_generator_bus_assignment
38872-1,solar,4.0,3881,C003-Z001,6,3082-3122-1::-1,3082-3122-1,-1,0.0965212720851228,0.06389089661172376,official_model_generator_bus_assignment
38872-1,solar,4.0,3881,C003-Z001,6,2561-3781-1::+1,2561-3781-1,1,0.9999999999685726,0.01203997999588264,official_model_generator_bus_assignment
38873-1,solar,13.8,3881,C003-Z001,6,T3464-3462-34641-1-w1::+1,T3464-3462-34641-1-w1,1,0.265936352478715,0.13943835873890004,official_model_generator_bus_assignment
38873-1,solar,13.8,3881,C003-Z001,6,T3464-3462-34641-1-w2::-1,T3464-3462-34641-1-w2,-1,0.6621912116827051,0.139438358738792,official_model_generator_bus_assignment
38873-1,solar,13.8,3881,C003-Z001,6,T3934-3942-39402-1-w1::+1,T3934-3942-39402-1-w1,1,0.2501386056349464,0.13224375466010863,official_model_generator_bus_assignment
38873-1,solar,13.8,3881,C003-Z001,6,1122-1742-1::+1,1122-1742-1,1,0.12382210199601631,0.06960262737280812,official_model_generator_bus_assignment
38873-1,solar,13.8,3881,C003-Z001,6,3082-3122-1::-1,3082-3122-1,-1,0.0965212720851228,0.06389089661172376,official_model_generator_bus_assignment
38873-1,solar,13.8,3881,C003-Z001,6,2561-3781-1::+1,2561-3781-1,1,0.9999999999685726,0.01203997999588264,official_model_generator_bus_assignment
39474-4,wind,17.25,3941,C003-Z001,4,T3464-3462-34641-1-w1::+1,T3464-3462-34641-1-w1,1,0.3282058447738497,0.17208811017080747,official_model_generator_bus_assignment
39474-4,wind,17.25,3941,C003-Z001,4,T3464-3462-34641-1-w2::-1,T3464-3462-34641-1-w2,-1,0.8172445173685007,0.17208811017072606,official_model_generator_bus_assignment
39474-4,wind,17.25,3941,C003-Z001,4,T3934-3942-39402-1-w1::+1,T3934-3942-39402-1-w1,1,0.34734484430230855,0.18363493414289164,official_model_generator_bus_assignment
39474-4,wind,17.25,3941,C003-Z001,4,2561-3781-1::+1,2561-3781-1,1,0.9999999999625326,0.012039979995809918,official_model_generator_bus_assignment
39475-1,wind,450.0,39420,C003-Z001,4,T3464-3462-34641-1-w1::+1,T3464-3462-34641-1-w1,1,0.3687077688679494,0.19332447657506127,official_model_generator_bus_assignment
39475-1,wind,450.0,39420,C003-Z001,4,T3464-3462-34641-1-w2::-1,T3464-3462-34641-1-w2,-1,0.9180957847541089,0.19332447657498825,official_model_generator_bus_assignment
39475-1,wind,450.0,39420,C003-Z001,4,T3934-3942-39402-1-w1::+1,T3934-3942-39402-1-w1,1,0.3991973328706719,0.21104840660286897,official_model_generator_bus_assignment
39475-1,wind,450.0,39420,C003-Z001,4,2561-3781-1::+1,2561-3781-1,1,0.9999999999624876,0.012039979995809375,official_model_generator_bus_assignment
40014-1,solar,4.0,4001,C003-Z001,1,2561-3781-1::+1,2561-3781-1,1,0.9999999999704787,0.012039979995905588,official_model_generator_bus_assignment
40071-1,solar,4.0,4001,C003-Z001,1,2561-3781-1::+1,2561-3781-1,1,0.9999999999704787,0.012039979995905588,official_model_generator_bus_assignment
40072-1,solar,4.0,4001,C003-Z001,1,2561-3781-1::+1,2561-3781-1,1,0.9999999999704787,0.012039979995905588,official_model_generator_bus_assignment
40073-1,solar,16.85,4001,C003-Z001,1,2561-3781-1::+1,2561-3781-1,1,0.9999999999704787,0.012039979995905588,official_model_generator_bus_assignment
40075-1,solar,4.99,4001,C003-Z001,1,2561-3781-1::+1,2561-3781-1,1,0.9999999999704787,0.012039979995905588,official_model_generator_bus_assignment
40202-1,solar,4.95,4021,C003-Z001,6,T3464-3462-34641-1-w1::+1,T3464-3462-34641-1-w1,1,0.2414904195025525,0.12662062720176437,official_model_generator_bus_assignment
40202-1,solar,4.95,4021,C003-Z001,6,T3464-3462-34641-1-w2::-1,T3464-3462-34641-1-w2,-1,0.6013199474597359,0.12662062720164624,official_model_generator_bus_assignment
40202-1,solar,4.95,4021,C003-Z001,6,T3934-3942-39402-1-w1::+1,T3934-3942-39402-1-w1,1,0.22839279245294064,0.12074713671092807,official_model_generator_bus_assignment
40202-1,solar,4.95,4021,C003-Z001,6,1122-1742-1::+1,1122-1742-1,1,0.12120893078372552,0.06813371690191111,official_model_generator_bus_assignment
40202-1,solar,4.95,4021,C003-Z001,6,3082-3122-1::-1,3082-3122-1,-1,0.09300211264497815,0.06156143858559908,official_model_generator_bus_assignment
40202-1,solar,4.95,4021,C003-Z001,6,2561-3781-1::+1,2561-3781-1,1,0.9999999999687196,0.012039979995884409,official_model_generator_bus_assignment
40471-1,wind,6.0,4041,C003-Z001,5,3581-89516-1::+1,3581-89516-1,1,0.1562723576481484,0.0802349827852324,official_model_generator_bus_assignment
40471-1,wind,6.0,4041,C003-Z001,5,T89510-89515-1::-1,T89510-89515-1,-1,0.10165707577170392,0.08023498278524491,official_model_generator_bus_assignment
40471-1,wind,6.0,4041,C003-Z001,5,T89515-89516-1::-1,T89515-89516-1,-1,0.11031588260541512,0.08023498278511884,official_model_generator_bus_assignment
40471-1,wind,6.0,4041,C003-Z001,5,T3464-3462-34641-1-w2::-1,T3464-3462-34641-1-w2,-1,0.05966342950982245,0.012563396403943147,official_model_generator_bus_assignment
40471-1,wind,6.0,4041,C003-Z001,5,2561-3781-1::+1,2561-3781-1,1,0.9999999999571462,0.012039979995745066,official_model_generator_bus_assignment
40771-1,wind,52.9,4071,C003-Z001,4,3581-89516-1::+1,3581-89516-1,1,0.9396317306855643,0.48243551751974006,official_model_generator_bus_assignment
40771-1,wind,52.9,4071,C003-Z001,4,T89510-89515-1::-1,T89510-89515-1,-1,0.6112419079183314,0.4824355175195646,official_model_generator_bus_assignment
40771-1,wind,52.9,4071,C003-Z001,4,T89515-89516-1::-1,T89515-89516-1,-1,0.6633054319707642,0.48243551752028163,official_model_generator_bus_assignment
40771-1,wind,52.9,4071,C003-Z001,4,2561-3781-1::+1,2561-3781-1,1,0.9999999999765887,0.012039979995979153,official_model_generator_bus_assignment
40772-2,wind,18.06,4071,C003-Z001,4,3581-89516-1::+1,3581-89516-1,1,0.9396317306855643,0.48243551751974006,official_model_generator_bus_assignment
40772-2,wind,18.06,4071,C003-Z001,4,T89510-89515-1::-1,T89510-89515-1,-1,0.6112419079183314,0.4824355175195646,official_model_generator_bus_assignment
40772-2,wind,18.06,4071,C003-Z001,4,T89515-89516-1::-1,T89515-89516-1,-1,0.6633054319707642,0.48243551752028163,official_model_generator_bus_assignment
40772-2,wind,18.06,4071,C003-Z001,4,2561-3781-1::+1,2561-3781-1,1,0.9999999999765887,0.012039979995979153,official_model_generator_bus_assignment
40773-3,wind,14.0,4071,C003-Z001,4,3581-89516-1::+1,3581-89516-1,1,0.9396317306855643,0.48243551751974006,official_model_generator_bus_assignment
40773-3,wind,14.0,4071,C003-Z001,4,T89510-89515-1::-1,T89510-89515-1,-1,0.6112419079183314,0.4824355175195646,official_model_generator_bus_assignment
40773-3,wind,14.0,4071,C003-Z001,4,T89515-89516-1::-1,T89515-89516-1,-1,0.6633054319707642,0.48243551752028163,official_model_generator_bus_assignment
40773-3,wind,14.0,4071,C003-Z001,4,2561-3781-1::+1,2561-3781-1,1,0.9999999999765887,0.012039979995979153,official_model_generator_bus_assignment
40871-1,solar,4.0,4081,C003-Z001,1,2561-3781-1::+1,2561-3781-1,1,0.9999999999656053,0.012039979995846913,official_model_generator_bus_assignment
40872-1,solar,4.0,4081,C003-Z001,1,2561-3781-1::+1,2561-3781-1,1,0.9999999999656053,0.012039979995846913,official_model_generator_bus_assignment
40971-1,wind,82.0,4091,C003-Z001,4,3581-89516-1::+1,3581-89516-1,1,0.7405799756439374,0.3802362906091549,official_model_generator_bus_assignment
40971-1,wind,82.0,4091,C003-Z001,4,T89510-89515-1::-1,T89510-89515-1,-1,0.4817563120695783,0.38023629060895026,official_model_generator_bus_assignment
40971-1,wind,82.0,4091,C003-Z001,4,T89515-89516-1::-1,T89515-89516-1,-1,0.5227906898111411,0.38023629060969216,official_model_generator_bus_assignment
40971-1,wind,82.0,4091,C003-Z001,4,2561-3781-1::+1,2561-3781-1,1,0.9999999999779453,0.012039979995995487,official_model_generator_bus_assignment
40972-2,wind,4.25,4091,C003-Z001,4,3581-89516-1::+1,3581-89516-1,1,0.7405799756439374,0.3802362906091549,official_model_generator_bus_assignment
40972-2,wind,4.25,4091,C003-Z001,4,T89510-89515-1::-1,T89510-89515-1,-1,0.4817563120695783,0.38023629060895026,official_model_generator_bus_assignment
40972-2,wind,4.25,4091,C003-Z001,4,T89515-89516-1::-1,T89515-89516-1,-1,0.5227906898111411,0.38023629060969216,official_model_generator_bus_assignment
40972-2,wind,4.25,4091,C003-Z001,4,2561-3781-1::+1,2561-3781-1,1,0.9999999999779453,0.012039979995995487,official_model_generator_bus_assignment
40973-1,wind,3.6,4091,C003-Z001,4,3581-89516-1::+1,3581-89516-1,1,0.7405799756439374,0.3802362906091549,official_model_generator_bus_assignment
40973-1,wind,3.6,4091,C003-Z001,4,T89510-89515-1::-1,T89510-89515-1,-1,0.4817563120695783,0.38023629060895026,official_model_generator_bus_assignment
40973-1,wind,3.6,4091,C003-Z001,4,T89515-89516-1::-1,T89515-89516-1,-1,0.5227906898111411,0.38023629060969216,official_model_generator_bus_assignment
40973-1,wind,3.6,4091,C003-Z001,4,2561-3781-1::+1,2561-3781-1,1,0.9999999999779453,0.012039979995995487,official_model_generator_bus_assignment
41271-1,wind,60.0,4121,C003-Z001,1,2561-3781-1::+1,2561-3781-1,1,0.9999999999703452,0.01203997999590398,official_model_generator_bus_assignment
42073-1,solar,12.0,4201,C003-Z001,1,2561-3781-1::+1,2561-3781-1,1,0.9999999999656347,0.012039979995847267,official_model_generator_bus_assignment
42271-1,solar,4.999,4221,C003-Z001,1,2561-3781-1::+1,2561-3781-1,1,0.9999999999599825,0.012039979995779214,official_model_generator_bus_assignment
42272-1,solar,4.0,4221,C003-Z001,1,2561-3781-1::+1,2561-3781-1,1,0.9999999999599825,0.012039979995779214,official_model_generator_bus_assignment
42272-2,solar,2.1,4221,C003-Z001,1,2561-3781-1::+1,2561-3781-1,1,0.9999999999599825,0.012039979995779214,official_model_generator_bus_assignment
42273-1,solar,4.0,4221,C003-Z001,1,2561-3781-1::+1,2561-3781-1,1,0.9999999999599825,0.012039979995779214,official_model_generator_bus_assignment
42273-2,solar,1.35,4221,C003-Z001,1,2561-3781-1::+1,2561-3781-1,1,0.9999999999599825,0.012039979995779214,official_model_generator_bus_assignment
42672-2,wind,2.44,4261,C003-Z001,6,T3464-3462-34641-1-w1::+1,T3464-3462-34641-1-w1,1,0.2538626444179652,0.13310775361405788,official_model_generator_bus_assignment
42672-2,wind,2.44,4261,C003-Z001,6,T3464-3462-34641-1-w2::-1,T3464-3462-34641-1-w2,-1,0.6321272384964386,0.13310775361401617,official_model_generator_bus_assignment
42672-2,wind,2.44,4261,C003-Z001,6,T3934-3942-39402-1-w1::+1,T3934-3942-39402-1-w1,1,0.2418416193038843,0.1278572881168972,official_model_generator_bus_assignment
42672-2,wind,2.44,4261,C003-Z001,6,1122-1742-1::+1,1122-1742-1,1,0.07118994015409451,0.04001714392958186,official_model_generator_bus_assignment
42672-2,wind,2.44,4261,C003-Z001,6,3082-3122-1::-1,3082-3122-1,-1,0.060744402137909714,0.04020890144621661,official_model_generator_bus_assignment
42672-2,wind,2.44,4261,C003-Z001,6,2561-3781-1::+1,2561-3781-1,1,0.9999999999660218,0.012039979995851928,official_model_generator_bus_assignment
42673-4,wind,3.9,4261,C003-Z001,6,T3464-3462-34641-1-w1::+1,T3464-3462-34641-1-w1,1,0.2538626444179652,0.13310775361405788,official_model_generator_bus_assignment
42673-4,wind,3.9,4261,C003-Z001,6,T3464-3462-34641-1-w2::-1,T3464-3462-34641-1-w2,-1,0.6321272384964386,0.13310775361401617,official_model_generator_bus_assignment
42673-4,wind,3.9,4261,C003-Z001,6,T3934-3942-39402-1-w1::+1,T3934-3942-39402-1-w1,1,0.2418416193038843,0.1278572881168972,official_model_generator_bus_assignment
42673-4,wind,3.9,4261,C003-Z001,6,1122-1742-1::+1,1122-1742-1,1,0.07118994015409451,0.04001714392958186,official_model_generator_bus_assignment
42673-4,wind,3.9,4261,C003-Z001,6,3082-3122-1::-1,3082-3122-1,-1,0.060744402137909714,0.04020890144621661,official_model_generator_bus_assignment
42673-4,wind,3.9,4261,C003-Z001,6,2561-3781-1::+1,2561-3781-1,1,0.9999999999660218,0.012039979995851928,official_model_generator_bus_assignment
42673-5,wind,0.7,4261,C003-Z001,6,T3464-3462-34641-1-w1::+1,T3464-3462-34641-1-w1,1,0.2538626444179652,0.13310775361405788,official_model_generator_bus_assignment
42673-5,wind,0.7,4261,C003-Z001,6,T3464-3462-34641-1-w2::-1,T3464-3462-34641-1-w2,-1,0.6321272384964386,0.13310775361401617,official_model_generator_bus_assignment
42673-5,wind,0.7,4261,C003-Z001,6,T3934-3942-39402-1-w1::+1,T3934-3942-39402-1-w1,1,0.2418416193038843,0.1278572881168972,official_model_generator_bus_assignment
42673-5,wind,0.7,4261,C003-Z001,6,1122-1742-1::+1,1122-1742-1,1,0.07118994015409451,0.04001714392958186,official_model_generator_bus_assignment
42673-5,wind,0.7,4261,C003-Z001,6,3082-3122-1::-1,3082-3122-1,-1,0.060744402137909714,0.04020890144621661,official_model_generator_bus_assignment
42673-5,wind,0.7,4261,C003-Z001,6,2561-3781-1::+1,2561-3781-1,1,0.9999999999660218,0.012039979995851928,official_model_generator_bus_assignment
42674-5,wind,2.55,4261,C003-Z001,6,T3464-3462-34641-1-w1::+1,T3464-3462-34641-1-w1,1,0.2538626444179652,0.13310775361405788,official_model_generator_bus_assignment
42674-5,wind,2.55,4261,C003-Z001,6,T3464-3462-34641-1-w2::-1,T3464-3462-34641-1-w2,-1,0.6321272384964386,0.13310775361401617,official_model_generator_bus_assignment
42674-5,wind,2.55,4261,C003-Z001,6,T3934-3942-39402-1-w1::+1,T3934-3942-39402-1-w1,1,0.2418416193038843,0.1278572881168972,official_model_generator_bus_assignment
42674-5,wind,2.55,4261,C003-Z001,6,1122-1742-1::+1,1122-1742-1,1,0.07118994015409451,0.04001714392958186,official_model_generator_bus_assignment
42674-5,wind,2.55,4261,C003-Z001,6,3082-3122-1::-1,3082-3122-1,-1,0.060744402137909714,0.04020890144621661,official_model_generator_bus_assignment
42674-5,wind,2.55,4261,C003-Z001,6,2561-3781-1::+1,2561-3781-1,1,0.9999999999660218,0.012039979995851928,official_model_generator_bus_assignment
42675-1,wind,2.55,4261,C003-Z001,6,T3464-3462-34641-1-w1::+1,T3464-3462-34641-1-w1,1,0.2538626444179652,0.13310775361405788,official_model_generator_bus_assignment
42675-1,wind,2.55,4261,C003-Z001,6,T3464-3462-34641-1-w2::-1,T3464-3462-34641-1-w2,-1,0.6321272384964386,0.13310775361401617,official_model_generator_bus_assignment
42675-1,wind,2.55,4261,C003-Z001,6,T3934-3942-39402-1-w1::+1,T3934-3942-39402-1-w1,1,0.2418416193038843,0.1278572881168972,official_model_generator_bus_assignment
42675-1,wind,2.55,4261,C003-Z001,6,1122-1742-1::+1,1122-1742-1,1,0.07118994015409451,0.04001714392958186,official_model_generator_bus_assignment
42675-1,wind,2.55,4261,C003-Z001,6,3082-3122-1::-1,3082-3122-1,-1,0.060744402137909714,0.04020890144621661,official_model_generator_bus_assignment
42675-1,wind,2.55,4261,C003-Z001,6,2561-3781-1::+1,2561-3781-1,1,0.9999999999660218,0.012039979995851928,official_model_generator_bus_assignment
42676-1,wind,2.55,4261,C003-Z001,6,T3464-3462-34641-1-w1::+1,T3464-3462-34641-1-w1,1,0.2538626444179652,0.13310775361405788,official_model_generator_bus_assignment
42676-1,wind,2.55,4261,C003-Z001,6,T3464-3462-34641-1-w2::-1,T3464-3462-34641-1-w2,-1,0.6321272384964386,0.13310775361401617,official_model_generator_bus_assignment
42676-1,wind,2.55,4261,C003-Z001,6,T3934-3942-39402-1-w1::+1,T3934-3942-39402-1-w1,1,0.2418416193038843,0.1278572881168972,official_model_generator_bus_assignment
42676-1,wind,2.55,4261,C003-Z001,6,1122-1742-1::+1,1122-1742-1,1,0.07118994015409451,0.04001714392958186,official_model_generator_bus_assignment
42676-1,wind,2.55,4261,C003-Z001,6,3082-3122-1::-1,3082-3122-1,-1,0.060744402137909714,0.04020890144621661,official_model_generator_bus_assignment
42676-1,wind,2.55,4261,C003-Z001,6,2561-3781-1::+1,2561-3781-1,1,0.9999999999660218,0.012039979995851928,official_model_generator_bus_assignment
42677-1,solar,4.0,4261,C003-Z001,6,T3464-3462-34641-1-w1::+1,T3464-3462-34641-1-w1,1,0.2538626444179652,0.13310775361405788,official_model_generator_bus_assignment
42677-1,solar,4.0,4261,C003-Z001,6,T3464-3462-34641-1-w2::-1,T3464-3462-34641-1-w2,-1,0.6321272384964386,0.13310775361401617,official_model_generator_bus_assignment
42677-1,solar,4.0,4261,C003-Z001,6,T3934-3942-39402-1-w1::+1,T3934-3942-39402-1-w1,1,0.2418416193038843,0.1278572881168972,official_model_generator_bus_assignment
42677-1,solar,4.0,4261,C003-Z001,6,1122-1742-1::+1,1122-1742-1,1,0.07118994015409451,0.04001714392958186,official_model_generator_bus_assignment
42677-1,solar,4.0,4261,C003-Z001,6,3082-3122-1::-1,3082-3122-1,-1,0.060744402137909714,0.04020890144621661,official_model_generator_bus_assignment
42677-1,solar,4.0,4261,C003-Z001,6,2561-3781-1::+1,2561-3781-1,1,0.9999999999660218,0.012039979995851928,official_model_generator_bus_assignment
43671-DW,wind,9.0,4361,C003-Z001,6,T3464-3462-34641-1-w1::+1,T3464-3462-34641-1-w1,1,0.33840958410870997,0.1774382349378468,official_model_generator_bus_assignment
43671-DW,wind,9.0,4361,C003-Z001,6,T3464-3462-34641-1-w2::-1,T3464-3462-34641-1-w2,-1,0.8426522002625562,0.17743823493771005,official_model_generator_bus_assignment
43671-DW,wind,9.0,4361,C003-Z001,6,T3934-3942-39402-1-w1::+1,T3934-3942-39402-1-w1,1,0.31806633770991977,0.16815591748814582,official_model_generator_bus_assignment
43671-DW,wind,9.0,4361,C003-Z001,6,1122-1742-1::+1,1122-1742-1,1,0.06002330486410339,0.033740177680678204,official_model_generator_bus_assignment
43671-DW,wind,9.0,4361,C003-Z001,6,3082-3122-1::-1,3082-3122-1,-1,0.05962479693848932,0.03946779455343725,official_model_generator_bus_assignment
43671-DW,wind,9.0,4361,C003-Z001,6,2561-3781-1::+1,2561-3781-1,1,0.999999999962387,0.012039979995808164,official_model_generator_bus_assignment
43673-1,solar,4.0,4361,C003-Z001,6,T3464-3462-34641-1-w1::+1,T3464-3462-34641-1-w1,1,0.33840958410870997,0.1774382349378468,official_model_generator_bus_assignment
43673-1,solar,4.0,4361,C003-Z001,6,T3464-3462-34641-1-w2::-1,T3464-3462-34641-1-w2,-1,0.8426522002625562,0.17743823493771005,official_model_generator_bus_assignment
43673-1,solar,4.0,4361,C003-Z001,6,T3934-3942-39402-1-w1::+1,T3934-3942-39402-1-w1,1,0.31806633770991977,0.16815591748814582,official_model_generator_bus_assignment
43673-1,solar,4.0,4361,C003-Z001,6,1122-1742-1::+1,1122-1742-1,1,0.06002330486410339,0.033740177680678204,official_model_generator_bus_assignment
43673-1,solar,4.0,4361,C003-Z001,6,3082-3122-1::-1,3082-3122-1,-1,0.05962479693848932,0.03946779455343725,official_model_generator_bus_assignment
43673-1,solar,4.0,4361,C003-Z001,6,2561-3781-1::+1,2561-3781-1,1,0.999999999962387,0.012039979995808164,official_model_generator_bus_assignment
43771-1,wind,28.0,4371,C003-Z001,4,3581-89516-1::+1,3581-89516-1,1,0.1802268622281783,0.09253395421903442,official_model_generator_bus_assignment
43771-1,wind,28.0,4371,C003-Z001,4,T89510-89515-1::-1,T89510-89515-1,-1,0.11723977333773987,0.09253395421903254,official_model_generator_bus_assignment
43771-1,wind,28.0,4371,C003-Z001,4,T89515-89516-1::-1,T89515-89516-1,-1,0.1272258617911656,0.09253395421898204,official_model_generator_bus_assignment
43771-1,wind,28.0,4371,C003-Z001,4,2561-3781-1::+1,2561-3781-1,1,0.9999999999589521,0.012039979995766809,official_model_generator_bus_assignment
43774-2,wind,34.15,4371,C003-Z001,4,3581-89516-1::+1,3581-89516-1,1,0.1802268622281783,0.09253395421903442,official_model_generator_bus_assignment
43774-2,wind,34.15,4371,C003-Z001,4,T89510-89515-1::-1,T89510-89515-1,-1,0.11723977333773987,0.09253395421903254,official_model_generator_bus_assignment
43774-2,wind,34.15,4371,C003-Z001,4,T89515-89516-1::-1,T89515-89516-1,-1,0.1272258617911656,0.09253395421898204,official_model_generator_bus_assignment
43774-2,wind,34.15,4371,C003-Z001,4,2561-3781-1::+1,2561-3781-1,1,0.9999999999589521,0.012039979995766809,official_model_generator_bus_assignment
43971-1,wind,50.0,4391,C003-Z001,1,2561-3781-1::+1,2561-3781-1,1,0.9999999999661766,0.012039979995853791,official_model_generator_bus_assignment
44736-1,wind,483.0,44731,C003-Z001,1,2561-3781-1::+1,2561-3781-1,1,0.9999999999613334,0.012039979995795478,official_model_generator_bus_assignment
44737-1,wind,483.0,44732,C003-Z001,1,2561-3781-1::+1,2561-3781-1,1,0.9999999999618392,0.012039979995801569,official_model_generator_bus_assignment
44738-1,wind,483.0,44733,C003-Z001,1,2561-3781-1::+1,2561-3781-1,1,0.9999999999615803,0.012039979995798452,official_model_generator_bus_assignment
44806-1,solar,4.0,4481,C003-Z001,1,2561-3781-1::+1,2561-3781-1,1,0.9999999999638004,0.012039979995825182,official_model_generator_bus_assignment
44871-1,wind,45.001,4481,C003-Z001,1,2561-3781-1::+1,2561-3781-1,1,0.9999999999638004,0.012039979995825182,official_model_generator_bus_assignment
46771-1,wind,90.0,4671,C003-Z001,4,3581-89516-1::+1,3581-89516-1,1,0.07358611935651656,0.037781352432754566,official_model_generator_bus_assignment
46771-1,wind,90.0,4671,C003-Z001,4,T89515-89516-1::-1,T89515-89516-1,-1,0.05194596041505722,0.03778135243287253,official_model_generator_bus_assignment
46771-1,wind,90.0,4671,C003-Z001,4,T3464-3462-34641-1-w2::-1,T3464-3462-34641-1-w2,-1,0.06769810454608419,0.01425526709067268,official_model_generator_bus_assignment
46771-1,wind,90.0,4671,C003-Z001,4,2561-3781-1::+1,2561-3781-1,1,0.9999999999657171,0.012039979995848259,official_model_generator_bus_assignment
46870-1,wind,4.99,4681,C003-Z001,6,T3464-3462-34641-1-w1::+1,T3464-3462-34641-1-w1,1,0.31071058456307316,0.16291482360519619,official_model_generator_bus_assignment
46870-1,wind,4.99,4681,C003-Z001,6,T3464-3462-34641-1-w2::-1,T3464-3462-34641-1-w2,-1,0.7736806816998042,0.16291482360509263,official_model_generator_bus_assignment
46870-1,wind,4.99,4681,C003-Z001,6,T3934-3942-39402-1-w1::+1,T3934-3942-39402-1-w1,1,0.29382560386212175,0.1553402801273636,official_model_generator_bus_assignment
46870-1,wind,4.99,4681,C003-Z001,6,1122-1742-1::+1,1122-1742-1,1,0.05254763773443402,0.029537970924357206,official_model_generator_bus_assignment
46870-1,wind,4.99,4681,C003-Z001,6,3082-3122-1::-1,3082-3122-1,-1,0.052715855760372125,0.034894518248932305,official_model_generator_bus_assignment
46870-1,wind,4.99,4681,C003-Z001,6,2561-3781-1::+1,2561-3781-1,1,0.9999999999643578,0.012039979995831894,official_model_generator_bus_assignment
46873-1,wind,12.5,4681,C003-Z001,6,T3464-3462-34641-1-w1::+1,T3464-3462-34641-1-w1,1,0.31071058456307316,0.16291482360519619,official_model_generator_bus_assignment
46873-1,wind,12.5,4681,C003-Z001,6,T3464-3462-34641-1-w2::-1,T3464-3462-34641-1-w2,-1,0.7736806816998042,0.16291482360509263,official_model_generator_bus_assignment
46873-1,wind,12.5,4681,C003-Z001,6,T3934-3942-39402-1-w1::+1,T3934-3942-39402-1-w1,1,0.29382560386212175,0.1553402801273636,official_model_generator_bus_assignment
46873-1,wind,12.5,4681,C003-Z001,6,1122-1742-1::+1,1122-1742-1,1,0.05254763773443402,0.029537970924357206,official_model_generator_bus_assignment
46873-1,wind,12.5,4681,C003-Z001,6,3082-3122-1::-1,3082-3122-1,-1,0.052715855760372125,0.034894518248932305,official_model_generator_bus_assignment
46873-1,wind,12.5,4681,C003-Z001,6,2561-3781-1::+1,2561-3781-1,1,0.9999999999643578,0.012039979995831894,official_model_generator_bus_assignment
46874-1,wind,15.0,4681,C003-Z001,6,T3464-3462-34641-1-w1::+1,T3464-3462-34641-1-w1,1,0.31071058456307316,0.16291482360519619,official_model_generator_bus_assignment
46874-1,wind,15.0,4681,C003-Z001,6,T3464-3462-34641-1-w2::-1,T3464-3462-34641-1-w2,-1,0.7736806816998042,0.16291482360509263,official_model_generator_bus_assignment
46874-1,wind,15.0,4681,C003-Z001,6,T3934-3942-39402-1-w1::+1,T3934-3942-39402-1-w1,1,0.29382560386212175,0.1553402801273636,official_model_generator_bus_assignment
46874-1,wind,15.0,4681,C003-Z001,6,1122-1742-1::+1,1122-1742-1,1,0.05254763773443402,0.029537970924357206,official_model_generator_bus_assignment
46874-1,wind,15.0,4681,C003-Z001,6,3082-3122-1::-1,3082-3122-1,-1,0.052715855760372125,0.034894518248932305,official_model_generator_bus_assignment
46874-1,wind,15.0,4681,C003-Z001,6,2561-3781-1::+1,2561-3781-1,1,0.9999999999643578,0.012039979995831894,official_model_generator_bus_assignment
47071-1,solar,4.0,4701,C003-Z001,4,3581-89516-1::+1,3581-89516-1,1,0.07361765728798848,0.03779754496626986,official_model_generator_bus_assignment
47071-1,solar,4.0,4701,C003-Z001,4,T89515-89516-1::-1,T89515-89516-1,-1,0.05196822369179764,0.037797544966384655,official_model_generator_bus_assignment
47071-1,solar,4.0,4701,C003-Z001,4,T3464-3462-34641-1-w2::-1,T3464-3462-34641-1-w2,-1,0.06770319271844855,0.01425633851293101,official_model_generator_bus_assignment
47071-1,solar,4.0,4701,C003-Z001,4,2561-3781-1::+1,2561-3781-1,1,0.9999999999657407,0.012039979995848544,official_model_generator_bus_assignment
47072-1,solar,8.0,4701,C003-Z001,4,3581-89516-1::+1,3581-89516-1,1,0.07361765728798848,0.03779754496626986,official_model_generator_bus_assignment
47072-1,solar,8.0,4701,C003-Z001,4,T89515-89516-1::-1,T89515-89516-1,-1,0.05196822369179764,0.037797544966384655,official_model_generator_bus_assignment
47072-1,solar,8.0,4701,C003-Z001,4,T3464-3462-34641-1-w2::-1,T3464-3462-34641-1-w2,-1,0.06770319271844855,0.01425633851293101,official_model_generator_bus_assignment
47072-1,solar,8.0,4701,C003-Z001,4,2561-3781-1::+1,2561-3781-1,1,0.9999999999657407,0.012039979995848544,official_model_generator_bus_assignment
47073-1,wind,4.99,4701,C003-Z001,4,3581-89516-1::+1,3581-89516-1,1,0.07361765728798848,0.03779754496626986,official_model_generator_bus_assignment
47073-1,wind,4.99,4701,C003-Z001,4,T89515-89516-1::-1,T89515-89516-1,-1,0.05196822369179764,0.037797544966384655,official_model_generator_bus_assignment
47073-1,wind,4.99,4701,C003-Z001,4,T3464-3462-34641-1-w2::-1,T3464-3462-34641-1-w2,-1,0.06770319271844855,0.01425633851293101,official_model_generator_bus_assignment
47073-1,wind,4.99,4701,C003-Z001,4,2561-3781-1::+1,2561-3781-1,1,0.9999999999657407,0.012039979995848544,official_model_generator_bus_assignment
47871-1,wind,48.0,4781,C003-Z001,1,2561-3781-1::+1,2561-3781-1,1,0.999999999958859,0.012039979995765688,official_model_generator_bus_assignment
47872-2,wind,24.8,4781,C003-Z001,1,2561-3781-1::+1,2561-3781-1,1,0.999999999958859,0.012039979995765688,official_model_generator_bus_assignment
47873-3,wind,5.82,4781,C003-Z001,1,2561-3781-1::+1,2561-3781-1,1,0.999999999958859,0.012039979995765688,official_model_generator_bus_assignment
47971-1,solar,95.0,4791,C003-Z001,6,T3464-3462-34641-1-w1::+1,T3464-3462-34641-1-w1,1,0.12444968821532376,0.0652526821119782,official_model_generator_bus_assignment
47971-1,solar,95.0,4791,C003-Z001,6,T3464-3462-34641-1-w2::-1,T3464-3462-34641-1-w2,-1,0.309884260142287,0.06525268211189988,official_model_generator_bus_assignment
47971-1,solar,95.0,4791,C003-Z001,6,T3934-3942-39402-1-w1::+1,T3934-3942-39402-1-w1,1,0.116973121787692,0.061841572916153685,official_model_generator_bus_assignment
47971-1,solar,95.0,4791,C003-Z001,6,1122-1742-1::+1,1122-1742-1,1,0.28552393637519224,0.16049813263692822,official_model_generator_bus_assignment
47971-1,solar,95.0,4791,C003-Z001,6,3082-3122-1::-1,3082-3122-1,-1,0.19419791661953262,0.12854657574351552,official_model_generator_bus_assignment
47971-1,solar,95.0,4791,C003-Z001,6,2561-3781-1::+1,2561-3781-1,1,0.9999999999636344,0.012039979995823184,official_model_generator_bus_assignment
49571-1,wind,21.0,4951,C003-Z001,6,2781-4951-1::-1,2781-4951-1,-1,0.9999999999991948,0.8112009327691501,official_model_generator_bus_assignment
49571-1,wind,21.0,4951,C003-Z001,6,T3464-3462-34641-1-w1::+1,T3464-3462-34641-1-w1,1,0.09729479882713336,0.05101456395801615,official_model_generator_bus_assignment
49571-1,wind,21.0,4951,C003-Z001,6,T3464-3462-34641-1-w2::-1,T3464-3462-34641-1-w2,-1,0.24226759570565523,0.05101456395796512,official_model_generator_bus_assignment
49571-1,wind,21.0,4951,C003-Z001,6,T3934-3942-39402-1-w1::+1,T3934-3942-39402-1-w1,1,0.0982245419614351,0.05192953800864563,official_model_generator_bus_assignment
49571-1,wind,21.0,4951,C003-Z001,6,3691-4041-1::+1,3691-4041-1,1,0.09192584573872532,0.05145963224343342,official_model_generator_bus_assignment
49571-1,wind,21.0,4951,C003-Z001,6,2561-3781-1::+1,2561-3781-1,1,0.9999999999602016,0.012039979995781852,official_model_generator_bus_assignment
49572-1,wind,3.3,4951,C003-Z001,6,2781-4951-1::-1,2781-4951-1,-1,0.9999999999991948,0.8112009327691501,official_model_generator_bus_assignment
49572-1,wind,3.3,4951,C003-Z001,6,T3464-3462-34641-1-w1::+1,T3464-3462-34641-1-w1,1,0.09729479882713336,0.05101456395801615,official_model_generator_bus_assignment
49572-1,wind,3.3,4951,C003-Z001,6,T3464-3462-34641-1-w2::-1,T3464-3462-34641-1-w2,-1,0.24226759570565523,0.05101456395796512,official_model_generator_bus_assignment
49572-1,wind,3.3,4951,C003-Z001,6,T3934-3942-39402-1-w1::+1,T3934-3942-39402-1-w1,1,0.0982245419614351,0.05192953800864563,official_model_generator_bus_assignment
49572-1,wind,3.3,4951,C003-Z001,6,3691-4041-1::+1,3691-4041-1,1,0.09192584573872532,0.05145963224343342,official_model_generator_bus_assignment
49572-1,wind,3.3,4951,C003-Z001,6,2561-3781-1::+1,2561-3781-1,1,0.9999999999602016,0.012039979995781852,official_model_generator_bus_assignment
49605-2,wind,3.017,4961,C003-Z001,2,3581-89516-1::+1,3581-89516-1,1,0.06507969227262672,0.033413893971697535,official_model_generator_bus_assignment
49605-2,wind,3.017,4961,C003-Z001,2,2561-3781-1::+1,2561-3781-1,1,0.9999999999594722,0.012039979995773071,official_model_generator_bus_assignment
49608-1,wind,22.0,4961,C003-Z001,2,3581-89516-1::+1,3581-89516-1,1,0.06507969227262672,0.033413893971697535,official_model_generator_bus_assignment
49608-1,wind,22.0,4961,C003-Z001,2,2561-3781-1::+1,2561-3781-1,1,0.9999999999594722,0.012039979995773071,official_model_generator_bus_assignment
49671-1,solar,4.0,4961,C003-Z001,2,3581-89516-1::+1,3581-89516-1,1,0.06507969227262672,0.033413893971697535,official_model_generator_bus_assignment
49671-1,solar,4.0,4961,C003-Z001,2,2561-3781-1::+1,2561-3781-1,1,0.9999999999594722,0.012039979995773071,official_model_generator_bus_assignment
49672-2,wind,3.0,4961,C003-Z001,2,3581-89516-1::+1,3581-89516-1,1,0.06507969227262672,0.033413893971697535,official_model_generator_bus_assignment
49672-2,wind,3.0,4961,C003-Z001,2,2561-3781-1::+1,2561-3781-1,1,0.9999999999594722,0.012039979995773071,official_model_generator_bus_assignment
49673-1,solar,7.0,4961,C003-Z001,2,3581-89516-1::+1,3581-89516-1,1,0.06507969227262672,0.033413893971697535,official_model_generator_bus_assignment
49673-1,solar,7.0,4961,C003-Z001,2,2561-3781-1::+1,2561-3781-1,1,0.9999999999594722,0.012039979995773071,official_model_generator_bus_assignment
49771-1,solar,58.6,4971,C003-Z001,1,2561-3781-1::+1,2561-3781-1,1,0.9999999999699016,0.01203997999589864,official_model_generator_bus_assignment
49871-1,wind,4.08,4981,C003-Z001,4,3581-89516-1::+1,3581-89516-1,1,0.2490188855301857,0.12785387188371342,official_model_generator_bus_assignment
49871-1,wind,4.08,4981,C003-Z001,4,T89510-89515-1::-1,T89510-89515-1,-1,0.16198982402191453,0.1278538718836621,official_model_generator_bus_assignment
49871-1,wind,4.08,4981,C003-Z001,4,T89515-89516-1::-1,T89515-89516-1,-1,0.17578757085499813,0.1278538718838686,official_model_generator_bus_assignment
49871-1,wind,4.08,4981,C003-Z001,4,2561-3781-1::+1,2561-3781-1,1,0.9999999999643504,0.012039979995831803,official_model_generator_bus_assignment
49971-1,wind,31.5,4991,C003-Z001,4,3581-89516-1::+1,3581-89516-1,1,0.9999999999998131,0.5134304236061296,official_model_generator_bus_assignment
49971-1,wind,31.5,4991,C003-Z001,4,T89510-89515-1::-1,T89510-89515-1,-1,0.6505122038314137,0.5134304236059215,official_model_generator_bus_assignment
49971-1,wind,31.5,4991,C003-Z001,4,T89515-89516-1::-1,T89515-89516-1,-1,0.7059206392346151,0.5134304236067377,official_model_generator_bus_assignment
49971-1,wind,31.5,4991,C003-Z001,4,2561-3781-1::+1,2561-3781-1,1,0.9999999999777327,0.012039979995992926,official_model_generator_bus_assignment
49972-7,wind,2.3,4991,C003-Z001,4,3581-89516-1::+1,3581-89516-1,1,0.9999999999998131,0.5134304236061296,official_model_generator_bus_assignment
49972-7,wind,2.3,4991,C003-Z001,4,T89510-89515-1::-1,T89510-89515-1,-1,0.6505122038314137,0.5134304236059215,official_model_generator_bus_assignment
49972-7,wind,2.3,4991,C003-Z001,4,T89515-89516-1::-1,T89515-89516-1,-1,0.7059206392346151,0.5134304236067377,official_model_generator_bus_assignment
49972-7,wind,2.3,4991,C003-Z001,4,2561-3781-1::+1,2561-3781-1,1,0.9999999999777327,0.012039979995992926,official_model_generator_bus_assignment
49973-2,wind,7.4,4991,C003-Z001,4,3581-89516-1::+1,3581-89516-1,1,0.9999999999998131,0.5134304236061296,official_model_generator_bus_assignment
49973-2,wind,7.4,4991,C003-Z001,4,T89510-89515-1::-1,T89510-89515-1,-1,0.6505122038314137,0.5134304236059215,official_model_generator_bus_assignment
49973-2,wind,7.4,4991,C003-Z001,4,T89515-89516-1::-1,T89515-89516-1,-1,0.7059206392346151,0.5134304236067377,official_model_generator_bus_assignment
49973-2,wind,7.4,4991,C003-Z001,4,2561-3781-1::+1,2561-3781-1,1,0.9999999999777327,0.012039979995992926,official_model_generator_bus_assignment
49974-6,wind,4.25,4991,C003-Z001,4,3581-89516-1::+1,3581-89516-1,1,0.9999999999998131,0.5134304236061296,official_model_generator_bus_assignment
49974-6,wind,4.25,4991,C003-Z001,4,T89510-89515-1::-1,T89510-89515-1,-1,0.6505122038314137,0.5134304236059215,official_model_generator_bus_assignment
49974-6,wind,4.25,4991,C003-Z001,4,T89515-89516-1::-1,T89515-89516-1,-1,0.7059206392346151,0.5134304236067377,official_model_generator_bus_assignment
49974-6,wind,4.25,4991,C003-Z001,4,2561-3781-1::+1,2561-3781-1,1,0.9999999999777327,0.012039979995992926,official_model_generator_bus_assignment
49975-4,wind,4.2,4991,C003-Z001,4,3581-89516-1::+1,3581-89516-1,1,0.9999999999998131,0.5134304236061296,official_model_generator_bus_assignment
49975-4,wind,4.2,4991,C003-Z001,4,T89510-89515-1::-1,T89510-89515-1,-1,0.6505122038314137,0.5134304236059215,official_model_generator_bus_assignment
49975-4,wind,4.2,4991,C003-Z001,4,T89515-89516-1::-1,T89515-89516-1,-1,0.7059206392346151,0.5134304236067377,official_model_generator_bus_assignment
49975-4,wind,4.2,4991,C003-Z001,4,2561-3781-1::+1,2561-3781-1,1,0.9999999999777327,0.012039979995992926,official_model_generator_bus_assignment
49976-3,wind,9.2,4991,C003-Z001,4,3581-89516-1::+1,3581-89516-1,1,0.9999999999998131,0.5134304236061296,official_model_generator_bus_assignment
49976-3,wind,9.2,4991,C003-Z001,4,T89510-89515-1::-1,T89510-89515-1,-1,0.6505122038314137,0.5134304236059215,official_model_generator_bus_assignment
49976-3,wind,9.2,4991,C003-Z001,4,T89515-89516-1::-1,T89515-89516-1,-1,0.7059206392346151,0.5134304236067377,official_model_generator_bus_assignment
49976-3,wind,9.2,4991,C003-Z001,4,2561-3781-1::+1,2561-3781-1,1,0.9999999999777327,0.012039979995992926,official_model_generator_bus_assignment
49977-1,wind,0.6,4991,C003-Z001,4,3581-89516-1::+1,3581-89516-1,1,0.9999999999998131,0.5134304236061296,official_model_generator_bus_assignment
49977-1,wind,0.6,4991,C003-Z001,4,T89510-89515-1::-1,T89510-89515-1,-1,0.6505122038314137,0.5134304236059215,official_model_generator_bus_assignment
49977-1,wind,0.6,4991,C003-Z001,4,T89515-89516-1::-1,T89515-89516-1,-1,0.7059206392346151,0.5134304236067377,official_model_generator_bus_assignment
49977-1,wind,0.6,4991,C003-Z001,4,2561-3781-1::+1,2561-3781-1,1,0.9999999999777327,0.012039979995992926,official_model_generator_bus_assignment
49978-2,wind,1.4,4991,C003-Z001,4,3581-89516-1::+1,3581-89516-1,1,0.9999999999998131,0.5134304236061296,official_model_generator_bus_assignment
49978-2,wind,1.4,4991,C003-Z001,4,T89510-89515-1::-1,T89510-89515-1,-1,0.6505122038314137,0.5134304236059215,official_model_generator_bus_assignment
49978-2,wind,1.4,4991,C003-Z001,4,T89515-89516-1::-1,T89515-89516-1,-1,0.7059206392346151,0.5134304236067377,official_model_generator_bus_assignment
49978-2,wind,1.4,4991,C003-Z001,4,2561-3781-1::+1,2561-3781-1,1,0.9999999999777327,0.012039979995992926,official_model_generator_bus_assignment
49979-3,wind,0.3,4991,C003-Z001,4,3581-89516-1::+1,3581-89516-1,1,0.9999999999998131,0.5134304236061296,official_model_generator_bus_assignment
49979-3,wind,0.3,4991,C003-Z001,4,T89510-89515-1::-1,T89510-89515-1,-1,0.6505122038314137,0.5134304236059215,official_model_generator_bus_assignment
49979-3,wind,0.3,4991,C003-Z001,4,T89515-89516-1::-1,T89515-89516-1,-1,0.7059206392346151,0.5134304236067377,official_model_generator_bus_assignment
49979-3,wind,0.3,4991,C003-Z001,4,2561-3781-1::+1,2561-3781-1,1,0.9999999999777327,0.012039979995992926,official_model_generator_bus_assignment
49992-1,wind,2.1,4991,C003-Z001,4,3581-89516-1::+1,3581-89516-1,1,0.9999999999998131,0.5134304236061296,official_model_generator_bus_assignment
49992-1,wind,2.1,4991,C003-Z001,4,T89510-89515-1::-1,T89510-89515-1,-1,0.6505122038314137,0.5134304236059215,official_model_generator_bus_assignment
49992-1,wind,2.1,4991,C003-Z001,4,T89515-89516-1::-1,T89515-89516-1,-1,0.7059206392346151,0.5134304236067377,official_model_generator_bus_assignment
49992-1,wind,2.1,4991,C003-Z001,4,2561-3781-1::+1,2561-3781-1,1,0.9999999999777327,0.012039979995992926,official_model_generator_bus_assignment
50024-1,solar,4.0,5001,C003-Z001,4,T3464-3462-34641-1-w1::+1,T3464-3462-34641-1-w1,1,0.08956812249634015,0.046963237179896394,official_model_generator_bus_assignment
50024-1,solar,4.0,5001,C003-Z001,4,T3464-3462-34641-1-w2::-1,T3464-3462-34641-1-w2,-1,0.22302788998622364,0.0469632371798315,official_model_generator_bus_assignment
50024-1,solar,4.0,5001,C003-Z001,4,T3934-3942-39402-1-w1::+1,T3934-3942-39402-1-w1,1,0.08789042663838667,0.046466078228251155,official_model_generator_bus_assignment
50024-1,solar,4.0,5001,C003-Z001,4,2561-3781-1::+1,2561-3781-1,1,0.9999999999638923,0.012039979995826289,official_model_generator_bus_assignment
50071-1,wind,7.65,5001,C003-Z001,4,T3464-3462-34641-1-w1::+1,T3464-3462-34641-1-w1,1,0.08956812249634015,0.046963237179896394,official_model_generator_bus_assignment
50071-1,wind,7.65,5001,C003-Z001,4,T3464-3462-34641-1-w2::-1,T3464-3462-34641-1-w2,-1,0.22302788998622364,0.0469632371798315,official_model_generator_bus_assignment
50071-1,wind,7.65,5001,C003-Z001,4,T3934-3942-39402-1-w1::+1,T3934-3942-39402-1-w1,1,0.08789042663838667,0.046466078228251155,official_model_generator_bus_assignment
50071-1,wind,7.65,5001,C003-Z001,4,2561-3781-1::+1,2561-3781-1,1,0.9999999999638923,0.012039979995826289,official_model_generator_bus_assignment
50073-1,solar,4.0,5001,C003-Z001,4,T3464-3462-34641-1-w1::+1,T3464-3462-34641-1-w1,1,0.08956812249634015,0.046963237179896394,official_model_generator_bus_assignment
50073-1,solar,4.0,5001,C003-Z001,4,T3464-3462-34641-1-w2::-1,T3464-3462-34641-1-w2,-1,0.22302788998622364,0.0469632371798315,official_model_generator_bus_assignment
50073-1,solar,4.0,5001,C003-Z001,4,T3934-3942-39402-1-w1::+1,T3934-3942-39402-1-w1,1,0.08789042663838667,0.046466078228251155,official_model_generator_bus_assignment
50073-1,solar,4.0,5001,C003-Z001,4,2561-3781-1::+1,2561-3781-1,1,0.9999999999638923,0.012039979995826289,official_model_generator_bus_assignment
50871-1,wind,105.0,5081,C003-Z001,4,T3464-3462-34641-1-w1::+1,T3464-3462-34641-1-w1,1,0.0570172707800208,0.02989585509177004,official_model_generator_bus_assignment
50871-1,wind,105.0,5081,C003-Z001,4,T3464-3462-34641-1-w2::-1,T3464-3462-34641-1-w2,-1,0.14197508265682368,0.02989585509171274,official_model_generator_bus_assignment
50871-1,wind,105.0,5081,C003-Z001,4,T3934-3942-39402-1-w1::+1,T3934-3942-39402-1-w1,1,0.05560591194936387,0.02939783948510158,official_model_generator_bus_assignment
50871-1,wind,105.0,5081,C003-Z001,4,2561-3781-1::+1,2561-3781-1,1,0.9999999999653286,0.012039979995843582,official_model_generator_bus_assignment
51871-1,solar,4.95,5181,C003-Z001,6,T3464-3462-34641-1-w1::+1,T3464-3462-34641-1-w1,1,0.2345002949582455,0.122955496486261,official_model_generator_bus_assignment
51871-1,solar,4.95,5181,C003-Z001,6,T3464-3462-34641-1-w2::-1,T3464-3462-34641-1-w2,-1,0.5839142825377873,0.12295549648614408,official_model_generator_bus_assignment
51871-1,solar,4.95,5181,C003-Z001,6,T3934-3942-39402-1-w1::+1,T3934-3942-39402-1-w1,1,0.22088219932904501,0.11677642202693453,official_model_generator_bus_assignment
51871-1,solar,4.95,5181,C003-Z001,6,1122-1742-1::+1,1122-1742-1,1,0.14760268888986683,0.08297012236439383,official_model_generator_bus_assignment
51871-1,solar,4.95,5181,C003-Z001,6,3082-3122-1::-1,3082-3122-1,-1,0.10998088503227182,0.0728002978314023,official_model_generator_bus_assignment
51871-1,solar,4.95,5181,C003-Z001,6,2561-3781-1::+1,2561-3781-1,1,0.9999999999696847,0.012039979995896028,official_model_generator_bus_assignment
51971-1,wind,91.2,51911,C003-Z001,4,3581-89516-1::+1,3581-89516-1,1,0.7408101480516366,0.38035446812594237,official_model_generator_bus_assignment
51971-1,wind,91.2,51911,C003-Z001,4,T89510-89515-1::-1,T89510-89515-1,-1,0.4819060420297746,0.3803544681257398,official_model_generator_bus_assignment
51971-1,wind,91.2,51911,C003-Z001,4,T89515-89516-1::-1,T89515-89516-1,-1,0.5229531732643204,0.3803544681264813,official_model_generator_bus_assignment
51971-1,wind,91.2,51911,C003-Z001,4,2561-3781-1::+1,2561-3781-1,1,0.9999999999779168,0.012039979995995143,official_model_generator_bus_assignment
51972-1,wind,48.0,51911,C003-Z001,4,3581-89516-1::+1,3581-89516-1,1,0.7408101480516366,0.38035446812594237,official_model_generator_bus_assignment
51972-1,wind,48.0,51911,C003-Z001,4,T89510-89515-1::-1,T89510-89515-1,-1,0.4819060420297746,0.3803544681257398,official_model_generator_bus_assignment
51972-1,wind,48.0,51911,C003-Z001,4,T89515-89516-1::-1,T89515-89516-1,-1,0.5229531732643204,0.3803544681264813,official_model_generator_bus_assignment
51972-1,wind,48.0,51911,C003-Z001,4,2561-3781-1::+1,2561-3781-1,1,0.9999999999779168,0.012039979995995143,official_model_generator_bus_assignment
52171-1,solar,70.0,5211,C003-Z001,1,2561-3781-1::+1,2561-3781-1,1,0.9999999999670242,0.012039979995863996,official_model_generator_bus_assignment
52271-1,wind,12.6,5221,C003-Z001,4,T3464-3462-34641-1-w1::+1,T3464-3462-34641-1-w1,1,0.31253572034471305,0.1638717967135939,official_model_generator_bus_assignment
52271-1,wind,12.6,5221,C003-Z001,4,T3464-3462-34641-1-w2::-1,T3464-3462-34641-1-w2,-1,0.7782253363267219,0.1638717967135121,official_model_generator_bus_assignment
52271-1,wind,12.6,5221,C003-Z001,4,T3934-3942-39402-1-w1::+1,T3934-3942-39402-1-w1,1,0.32865370628029217,0.17375326767790342,official_model_generator_bus_assignment
52271-1,wind,12.6,5221,C003-Z001,4,2561-3781-1::+1,2561-3781-1,1,0.9999999999624566,0.012039979995809002,official_model_generator_bus_assignment
52671-1,wind,1.65,5261,C003-Z001,5,T3464-3462-34641-1-w1::+1,T3464-3462-34641-1-w1,1,0.3566003328163886,0.18697618685900616,official_model_generator_bus_assignment
52671-1,wind,1.65,5261,C003-Z001,5,T3464-3462-34641-1-w2::-1,T3464-3462-34641-1-w2,-1,0.887947827640684,0.18697618685887868,official_model_generator_bus_assignment
52671-1,wind,1.65,5261,C003-Z001,5,T3934-3942-39402-1-w1::+1,T3934-3942-39402-1-w1,1,0.3351233773227081,0.17717366569240858,official_model_generator_bus_assignment
52671-1,wind,1.65,5261,C003-Z001,5,3082-3122-1::-1,3082-3122-1,-1,0.0502752100401737,0.033278967189498236,official_model_generator_bus_assignment
52671-1,wind,1.65,5261,C003-Z001,5,2561-3781-1::+1,2561-3781-1,1,0.9999999999622445,0.012039979995806449,official_model_generator_bus_assignment
52672-2,wind,1.3,5261,C003-Z001,5,T3464-3462-34641-1-w1::+1,T3464-3462-34641-1-w1,1,0.3566003328163886,0.18697618685900616,official_model_generator_bus_assignment
52672-2,wind,1.3,5261,C003-Z001,5,T3464-3462-34641-1-w2::-1,T3464-3462-34641-1-w2,-1,0.887947827640684,0.18697618685887868,official_model_generator_bus_assignment
52672-2,wind,1.3,5261,C003-Z001,5,T3934-3942-39402-1-w1::+1,T3934-3942-39402-1-w1,1,0.3351233773227081,0.17717366569240858,official_model_generator_bus_assignment
52672-2,wind,1.3,5261,C003-Z001,5,3082-3122-1::-1,3082-3122-1,-1,0.0502752100401737,0.033278967189498236,official_model_generator_bus_assignment
52672-2,wind,1.3,5261,C003-Z001,5,2561-3781-1::+1,2561-3781-1,1,0.9999999999622445,0.012039979995806449,official_model_generator_bus_assignment
52673-2,wind,7.5,5261,C003-Z001,5,T3464-3462-34641-1-w1::+1,T3464-3462-34641-1-w1,1,0.3566003328163886,0.18697618685900616,official_model_generator_bus_assignment
52673-2,wind,7.5,5261,C003-Z001,5,T3464-3462-34641-1-w2::-1,T3464-3462-34641-1-w2,-1,0.887947827640684,0.18697618685887868,official_model_generator_bus_assignment
52673-2,wind,7.5,5261,C003-Z001,5,T3934-3942-39402-1-w1::+1,T3934-3942-39402-1-w1,1,0.3351233773227081,0.17717366569240858,official_model_generator_bus_assignment
52673-2,wind,7.5,5261,C003-Z001,5,3082-3122-1::-1,3082-3122-1,-1,0.0502752100401737,0.033278967189498236,official_model_generator_bus_assignment
52673-2,wind,7.5,5261,C003-Z001,5,2561-3781-1::+1,2561-3781-1,1,0.9999999999622445,0.012039979995806449,official_model_generator_bus_assignment
52675-1,wind,6.6,52610,C003-Z001,4,T3464-3462-34641-1-w1::+1,T3464-3462-34641-1-w1,1,0.3915081250639401,0.20527938314198393,official_model_generator_bus_assignment
52675-1,wind,6.6,52610,C003-Z001,4,T3464-3462-34641-1-w2::-1,T3464-3462-34641-1-w2,-1,0.9748695028091556,0.2052793831418967,official_model_generator_bus_assignment
52675-1,wind,6.6,52610,C003-Z001,4,T3934-3942-39402-1-w1::+1,T3934-3942-39402-1-w1,1,0.3669415802131693,0.19399537382534884,official_model_generator_bus_assignment
52675-1,wind,6.6,52610,C003-Z001,4,2561-3781-1::+1,2561-3781-1,1,0.9999999999639997,0.012039979995827581,official_model_generator_bus_assignment
52675-4,wind,22.5,52610,C003-Z001,4,T3464-3462-34641-1-w1::+1,T3464-3462-34641-1-w1,1,0.3915081250639401,0.20527938314198393,official_model_generator_bus_assignment
52675-4,wind,22.5,52610,C003-Z001,4,T3464-3462-34641-1-w2::-1,T3464-3462-34641-1-w2,-1,0.9748695028091556,0.2052793831418967,official_model_generator_bus_assignment
52675-4,wind,22.5,52610,C003-Z001,4,T3934-3942-39402-1-w1::+1,T3934-3942-39402-1-w1,1,0.3669415802131693,0.19399537382534884,official_model_generator_bus_assignment
52675-4,wind,22.5,52610,C003-Z001,4,2561-3781-1::+1,2561-3781-1,1,0.9999999999639997,0.012039979995827581,official_model_generator_bus_assignment
52676-3,wind,17.2,52610,C003-Z001,4,T3464-3462-34641-1-w1::+1,T3464-3462-34641-1-w1,1,0.3915081250639401,0.20527938314198393,official_model_generator_bus_assignment
52676-3,wind,17.2,52610,C003-Z001,4,T3464-3462-34641-1-w2::-1,T3464-3462-34641-1-w2,-1,0.9748695028091556,0.2052793831418967,official_model_generator_bus_assignment
52676-3,wind,17.2,52610,C003-Z001,4,T3934-3942-39402-1-w1::+1,T3934-3942-39402-1-w1,1,0.3669415802131693,0.19399537382534884,official_model_generator_bus_assignment
52676-3,wind,17.2,52610,C003-Z001,4,2561-3781-1::+1,2561-3781-1,1,0.9999999999639997,0.012039979995827581,official_model_generator_bus_assignment
52677-2,wind,2.55,5261,C003-Z001,5,T3464-3462-34641-1-w1::+1,T3464-3462-34641-1-w1,1,0.3566003328163886,0.18697618685900616,official_model_generator_bus_assignment
52677-2,wind,2.55,5261,C003-Z001,5,T3464-3462-34641-1-w2::-1,T3464-3462-34641-1-w2,-1,0.887947827640684,0.18697618685887868,official_model_generator_bus_assignment
52677-2,wind,2.55,5261,C003-Z001,5,T3934-3942-39402-1-w1::+1,T3934-3942-39402-1-w1,1,0.3351233773227081,0.17717366569240858,official_model_generator_bus_assignment
52677-2,wind,2.55,5261,C003-Z001,5,3082-3122-1::-1,3082-3122-1,-1,0.0502752100401737,0.033278967189498236,official_model_generator_bus_assignment
52677-2,wind,2.55,5261,C003-Z001,5,2561-3781-1::+1,2561-3781-1,1,0.9999999999622445,0.012039979995806449,official_model_generator_bus_assignment
52678-1,solar,4.0,5261,C003-Z001,5,T3464-3462-34641-1-w1::+1,T3464-3462-34641-1-w1,1,0.3566003328163886,0.18697618685900616,official_model_generator_bus_assignment
52678-1,solar,4.0,5261,C003-Z001,5,T3464-3462-34641-1-w2::-1,T3464-3462-34641-1-w2,-1,0.887947827640684,0.18697618685887868,official_model_generator_bus_assignment
52678-1,solar,4.0,5261,C003-Z001,5,T3934-3942-39402-1-w1::+1,T3934-3942-39402-1-w1,1,0.3351233773227081,0.17717366569240858,official_model_generator_bus_assignment
52678-1,solar,4.0,5261,C003-Z001,5,3082-3122-1::-1,3082-3122-1,-1,0.0502752100401737,0.033278967189498236,official_model_generator_bus_assignment
52678-1,solar,4.0,5261,C003-Z001,5,2561-3781-1::+1,2561-3781-1,1,0.9999999999622445,0.012039979995806449,official_model_generator_bus_assignment
52700-1,wind,36.9,5271,C003-Z001,6,T3464-3462-34641-1-w1::+1,T3464-3462-34641-1-w1,1,0.2138219131182277,0.112113204342771,official_model_generator_bus_assignment
52700-1,wind,36.9,5271,C003-Z001,6,T3464-3462-34641-1-w2::-1,T3464-3462-34641-1-w2,-1,0.5324243579802348,0.1121132043426936,official_model_generator_bus_assignment
52700-1,wind,36.9,5271,C003-Z001,6,T3934-3942-39402-1-w1::+1,T3934-3942-39402-1-w1,1,0.2032969792212668,0.10747943435214541,official_model_generator_bus_assignment
52700-1,wind,36.9,5271,C003-Z001,6,1122-1742-1::+1,1122-1742-1,1,0.11888623162857695,0.06682808599120227,official_model_generator_bus_assignment
52700-1,wind,36.9,5271,C003-Z001,6,3082-3122-1::-1,3082-3122-1,-1,0.08970586464819154,0.059379533649829425,official_model_generator_bus_assignment
52700-1,wind,36.9,5271,C003-Z001,6,2561-3781-1::+1,2561-3781-1,1,0.999999999966637,0.012039979995859335,official_model_generator_bus_assignment
52771-1,wind,49.08,5274,C003-Z001,6,T3464-3462-34641-1-w1::+1,T3464-3462-34641-1-w1,1,0.2137797804226081,0.11209111291423299,official_model_generator_bus_assignment
52771-1,wind,49.08,5274,C003-Z001,6,T3464-3462-34641-1-w2::-1,T3464-3462-34641-1-w2,-1,0.5323194460323046,0.11209111291415548,official_model_generator_bus_assignment
52771-1,wind,49.08,5274,C003-Z001,6,T3934-3942-39402-1-w1::+1,T3934-3942-39402-1-w1,1,0.2032564238617083,0.10745799346737678,official_model_generator_bus_assignment
52771-1,wind,49.08,5274,C003-Z001,6,1122-1742-1::+1,1122-1742-1,1,0.11893640789362431,0.06685629097094944,official_model_generator_bus_assignment
52771-1,wind,49.08,5274,C003-Z001,6,3082-3122-1::-1,3082-3122-1,-1,0.08973633249651676,0.05939970141290668,official_model_generator_bus_assignment
52771-1,wind,49.08,5274,C003-Z001,6,2561-3781-1::+1,2561-3781-1,1,0.9999999999666301,0.012039979995859252,official_model_generator_bus_assignment
52773-1,wind,33.0,5274,C003-Z001,6,T3464-3462-34641-1-w1::+1,T3464-3462-34641-1-w1,1,0.2137797804226081,0.11209111291423299,official_model_generator_bus_assignment
52773-1,wind,33.0,5274,C003-Z001,6,T3464-3462-34641-1-w2::-1,T3464-3462-34641-1-w2,-1,0.5323194460323046,0.11209111291415548,official_model_generator_bus_assignment
52773-1,wind,33.0,5274,C003-Z001,6,T3934-3942-39402-1-w1::+1,T3934-3942-39402-1-w1,1,0.2032564238617083,0.10745799346737678,official_model_generator_bus_assignment
52773-1,wind,33.0,5274,C003-Z001,6,1122-1742-1::+1,1122-1742-1,1,0.11893640789362431,0.06685629097094944,official_model_generator_bus_assignment
52773-1,wind,33.0,5274,C003-Z001,6,3082-3122-1::-1,3082-3122-1,-1,0.08973633249651676,0.05939970141290668,official_model_generator_bus_assignment
52773-1,wind,33.0,5274,C003-Z001,6,2561-3781-1::+1,2561-3781-1,1,0.9999999999666301,0.012039979995859252,official_model_generator_bus_assignment
52778-5,wind,9.0,5271,C003-Z001,6,T3464-3462-34641-1-w1::+1,T3464-3462-34641-1-w1,1,0.2138219131182277,0.112113204342771,official_model_generator_bus_assignment
52778-5,wind,9.0,5271,C003-Z001,6,T3464-3462-34641-1-w2::-1,T3464-3462-34641-1-w2,-1,0.5324243579802348,0.1121132043426936,official_model_generator_bus_assignment
52778-5,wind,9.0,5271,C003-Z001,6,T3934-3942-39402-1-w1::+1,T3934-3942-39402-1-w1,1,0.2032969792212668,0.10747943435214541,official_model_generator_bus_assignment
52778-5,wind,9.0,5271,C003-Z001,6,1122-1742-1::+1,1122-1742-1,1,0.11888623162857695,0.06682808599120227,official_model_generator_bus_assignment
52778-5,wind,9.0,5271,C003-Z001,6,3082-3122-1::-1,3082-3122-1,-1,0.08970586464819154,0.059379533649829425,official_model_generator_bus_assignment
52778-5,wind,9.0,5271,C003-Z001,6,2561-3781-1::+1,2561-3781-1,1,0.999999999966637,0.012039979995859335,official_model_generator_bus_assignment
52871-1,wind,15.0,5281,C003-Z001,6,T3464-3462-34641-1-w1::+1,T3464-3462-34641-1-w1,1,0.34912181054752733,0.18305497465449647,official_model_generator_bus_assignment
52871-1,wind,15.0,5281,C003-Z001,6,T3464-3462-34641-1-w2::-1,T3464-3462-34641-1-w2,-1,0.869326034581316,0.18305497465436532,official_model_generator_bus_assignment
52871-1,wind,15.0,5281,C003-Z001,6,T3934-3942-39402-1-w1::+1,T3934-3942-39402-1-w1,1,0.3281109419010017,0.17346631797163584,official_model_generator_bus_assignment
52871-1,wind,15.0,5281,C003-Z001,6,1122-1742-1::+1,1122-1742-1,1,0.05051336017689687,0.028394466973708076,official_model_generator_bus_assignment
52871-1,wind,15.0,5281,C003-Z001,6,3082-3122-1::-1,3082-3122-1,-1,0.05411898222063588,0.035823298047097676,official_model_generator_bus_assignment
52871-1,wind,15.0,5281,C003-Z001,6,2561-3781-1::+1,2561-3781-1,1,0.9999999999619891,0.012039979995803373,official_model_generator_bus_assignment
52872-2,wind,6.8,5281,C003-Z001,6,T3464-3462-34641-1-w1::+1,T3464-3462-34641-1-w1,1,0.34912181054752733,0.18305497465449647,official_model_generator_bus_assignment
52872-2,wind,6.8,5281,C003-Z001,6,T3464-3462-34641-1-w2::-1,T3464-3462-34641-1-w2,-1,0.869326034581316,0.18305497465436532,official_model_generator_bus_assignment
52872-2,wind,6.8,5281,C003-Z001,6,T3934-3942-39402-1-w1::+1,T3934-3942-39402-1-w1,1,0.3281109419010017,0.17346631797163584,official_model_generator_bus_assignment
52872-2,wind,6.8,5281,C003-Z001,6,1122-1742-1::+1,1122-1742-1,1,0.05051336017689687,0.028394466973708076,official_model_generator_bus_assignment
52872-2,wind,6.8,5281,C003-Z001,6,3082-3122-1::-1,3082-3122-1,-1,0.05411898222063588,0.035823298047097676,official_model_generator_bus_assignment
52872-2,wind,6.8,5281,C003-Z001,6,2561-3781-1::+1,2561-3781-1,1,0.9999999999619891,0.012039979995803373,official_model_generator_bus_assignment
52873-3,wind,3.96,5281,C003-Z001,6,T3464-3462-34641-1-w1::+1,T3464-3462-34641-1-w1,1,0.34912181054752733,0.18305497465449647,official_model_generator_bus_assignment
52873-3,wind,3.96,5281,C003-Z001,6,T3464-3462-34641-1-w2::-1,T3464-3462-34641-1-w2,-1,0.869326034581316,0.18305497465436532,official_model_generator_bus_assignment
52873-3,wind,3.96,5281,C003-Z001,6,T3934-3942-39402-1-w1::+1,T3934-3942-39402-1-w1,1,0.3281109419010017,0.17346631797163584,official_model_generator_bus_assignment
52873-3,wind,3.96,5281,C003-Z001,6,1122-1742-1::+1,1122-1742-1,1,0.05051336017689687,0.028394466973708076,official_model_generator_bus_assignment
52873-3,wind,3.96,5281,C003-Z001,6,3082-3122-1::-1,3082-3122-1,-1,0.05411898222063588,0.035823298047097676,official_model_generator_bus_assignment
52873-3,wind,3.96,5281,C003-Z001,6,2561-3781-1::+1,2561-3781-1,1,0.9999999999619891,0.012039979995803373,official_model_generator_bus_assignment
52874-1,solar,9.9,5281,C003-Z001,6,T3464-3462-34641-1-w1::+1,T3464-3462-34641-1-w1,1,0.34912181054752733,0.18305497465449647,official_model_generator_bus_assignment
52874-1,solar,9.9,5281,C003-Z001,6,T3464-3462-34641-1-w2::-1,T3464-3462-34641-1-w2,-1,0.869326034581316,0.18305497465436532,official_model_generator_bus_assignment
52874-1,solar,9.9,5281,C003-Z001,6,T3934-3942-39402-1-w1::+1,T3934-3942-39402-1-w1,1,0.3281109419010017,0.17346631797163584,official_model_generator_bus_assignment
52874-1,solar,9.9,5281,C003-Z001,6,1122-1742-1::+1,1122-1742-1,1,0.05051336017689687,0.028394466973708076,official_model_generator_bus_assignment
52874-1,solar,9.9,5281,C003-Z001,6,3082-3122-1::-1,3082-3122-1,-1,0.05411898222063588,0.035823298047097676,official_model_generator_bus_assignment
52874-1,solar,9.9,5281,C003-Z001,6,2561-3781-1::+1,2561-3781-1,1,0.9999999999619891,0.012039979995803373,official_model_generator_bus_assignment
52875-5,wind,5.1,5281,C003-Z001,6,T3464-3462-34641-1-w1::+1,T3464-3462-34641-1-w1,1,0.34912181054752733,0.18305497465449647,official_model_generator_bus_assignment
52875-5,wind,5.1,5281,C003-Z001,6,T3464-3462-34641-1-w2::-1,T3464-3462-34641-1-w2,-1,0.869326034581316,0.18305497465436532,official_model_generator_bus_assignment
52875-5,wind,5.1,5281,C003-Z001,6,T3934-3942-39402-1-w1::+1,T3934-3942-39402-1-w1,1,0.3281109419010017,0.17346631797163584,official_model_generator_bus_assignment
52875-5,wind,5.1,5281,C003-Z001,6,1122-1742-1::+1,1122-1742-1,1,0.05051336017689687,0.028394466973708076,official_model_generator_bus_assignment
52875-5,wind,5.1,5281,C003-Z001,6,3082-3122-1::-1,3082-3122-1,-1,0.05411898222063588,0.035823298047097676,official_model_generator_bus_assignment
52875-5,wind,5.1,5281,C003-Z001,6,2561-3781-1::+1,2561-3781-1,1,0.9999999999619891,0.012039979995803373,official_model_generator_bus_assignment
52876-6,wind,1.7,5281,C003-Z001,6,T3464-3462-34641-1-w1::+1,T3464-3462-34641-1-w1,1,0.34912181054752733,0.18305497465449647,official_model_generator_bus_assignment
52876-6,wind,1.7,5281,C003-Z001,6,T3464-3462-34641-1-w2::-1,T3464-3462-34641-1-w2,-1,0.869326034581316,0.18305497465436532,official_model_generator_bus_assignment
52876-6,wind,1.7,5281,C003-Z001,6,T3934-3942-39402-1-w1::+1,T3934-3942-39402-1-w1,1,0.3281109419010017,0.17346631797163584,official_model_generator_bus_assignment
52876-6,wind,1.7,5281,C003-Z001,6,1122-1742-1::+1,1122-1742-1,1,0.05051336017689687,0.028394466973708076,official_model_generator_bus_assignment
52876-6,wind,1.7,5281,C003-Z001,6,3082-3122-1::-1,3082-3122-1,-1,0.05411898222063588,0.035823298047097676,official_model_generator_bus_assignment
52876-6,wind,1.7,5281,C003-Z001,6,2561-3781-1::+1,2561-3781-1,1,0.9999999999619891,0.012039979995803373,official_model_generator_bus_assignment
52878-1,wind,15.0,5281,C003-Z001,6,T3464-3462-34641-1-w1::+1,T3464-3462-34641-1-w1,1,0.34912181054752733,0.18305497465449647,official_model_generator_bus_assignment
52878-1,wind,15.0,5281,C003-Z001,6,T3464-3462-34641-1-w2::-1,T3464-3462-34641-1-w2,-1,0.869326034581316,0.18305497465436532,official_model_generator_bus_assignment
52878-1,wind,15.0,5281,C003-Z001,6,T3934-3942-39402-1-w1::+1,T3934-3942-39402-1-w1,1,0.3281109419010017,0.17346631797163584,official_model_generator_bus_assignment
52878-1,wind,15.0,5281,C003-Z001,6,1122-1742-1::+1,1122-1742-1,1,0.05051336017689687,0.028394466973708076,official_model_generator_bus_assignment
52878-1,wind,15.0,5281,C003-Z001,6,3082-3122-1::-1,3082-3122-1,-1,0.05411898222063588,0.035823298047097676,official_model_generator_bus_assignment
52878-1,wind,15.0,5281,C003-Z001,6,2561-3781-1::+1,2561-3781-1,1,0.9999999999619891,0.012039979995803373,official_model_generator_bus_assignment
52879-1,solar,4.0,5281,C003-Z001,6,T3464-3462-34641-1-w1::+1,T3464-3462-34641-1-w1,1,0.34912181054752733,0.18305497465449647,official_model_generator_bus_assignment
52879-1,solar,4.0,5281,C003-Z001,6,T3464-3462-34641-1-w2::-1,T3464-3462-34641-1-w2,-1,0.869326034581316,0.18305497465436532,official_model_generator_bus_assignment
52879-1,solar,4.0,5281,C003-Z001,6,T3934-3942-39402-1-w1::+1,T3934-3942-39402-1-w1,1,0.3281109419010017,0.17346631797163584,official_model_generator_bus_assignment
52879-1,solar,4.0,5281,C003-Z001,6,1122-1742-1::+1,1122-1742-1,1,0.05051336017689687,0.028394466973708076,official_model_generator_bus_assignment
52879-1,solar,4.0,5281,C003-Z001,6,3082-3122-1::-1,3082-3122-1,-1,0.05411898222063588,0.035823298047097676,official_model_generator_bus_assignment
52879-1,solar,4.0,5281,C003-Z001,6,2561-3781-1::+1,2561-3781-1,1,0.9999999999619891,0.012039979995803373,official_model_generator_bus_assignment
52971-1,solar,50.0,5291,C003-Z001,3,1122-1742-1::+1,1122-1742-1,1,0.7055365185459135,0.39659474848714366,official_model_generator_bus_assignment
52971-1,solar,50.0,5291,C003-Z001,3,3082-3122-1::-1,3082-3122-1,-1,0.4545803138326804,0.3009030362467147,official_model_generator_bus_assignment
52971-1,solar,50.0,5291,C003-Z001,3,2561-3781-1::+1,2561-3781-1,1,0.9999999999600047,0.01203997999577948,official_model_generator_bus_assignment
52972-1,solar,105.0,5291,C003-Z001,3,1122-1742-1::+1,1122-1742-1,1,0.7055365185459135,0.39659474848714366,official_model_generator_bus_assignment
52972-1,solar,105.0,5291,C003-Z001,3,3082-3122-1::-1,3082-3122-1,-1,0.4545803138326804,0.3009030362467147,official_model_generator_bus_assignment
52972-1,solar,105.0,5291,C003-Z001,3,2561-3781-1::+1,2561-3781-1,1,0.9999999999600047,0.01203997999577948,official_model_generator_bus_assignment
53205-1,solar,4.0,5321,C003-Z001,1,2561-3781-1::+1,2561-3781-1,1,0.9999999999691579,0.012039979995889686,official_model_generator_bus_assignment
53205-2,solar,1.8,5321,C003-Z001,1,2561-3781-1::+1,2561-3781-1,1,0.9999999999691579,0.012039979995889686,official_model_generator_bus_assignment
53271-1,solar,4.0,5321,C003-Z001,1,2561-3781-1::+1,2561-3781-1,1,0.9999999999691579,0.012039979995889686,official_model_generator_bus_assignment
53272-1,solar,14.0,5321,C003-Z001,1,2561-3781-1::+1,2561-3781-1,1,0.9999999999691579,0.012039979995889686,official_model_generator_bus_assignment
53471-1,wind,5.94,5341,C003-Z001,4,3581-89516-1::+1,3581-89516-1,1,0.14912016975064066,0.07656283192330368,official_model_generator_bus_assignment
53471-1,wind,5.94,5341,C003-Z001,4,T89510-89515-1::-1,T89510-89515-1,-1,0.09700449026024824,0.07656283192329345,official_model_generator_bus_assignment
53471-1,wind,5.94,5341,C003-Z001,4,T89515-89516-1::-1,T89515-89516-1,-1,0.10526700555298202,0.07656283192326038,official_model_generator_bus_assignment
53471-1,wind,5.94,5341,C003-Z001,4,2561-3781-1::+1,2561-3781-1,1,0.9999999999586626,0.012039979995763323,official_model_generator_bus_assignment
53472-1,wind,3.6,5341,C003-Z001,4,3581-89516-1::+1,3581-89516-1,1,0.14912016975064066,0.07656283192330368,official_model_generator_bus_assignment
53472-1,wind,3.6,5341,C003-Z001,4,T89510-89515-1::-1,T89510-89515-1,-1,0.09700449026024824,0.07656283192329345,official_model_generator_bus_assignment
53472-1,wind,3.6,5341,C003-Z001,4,T89515-89516-1::-1,T89515-89516-1,-1,0.10526700555298202,0.07656283192326038,official_model_generator_bus_assignment
53472-1,wind,3.6,5341,C003-Z001,4,2561-3781-1::+1,2561-3781-1,1,0.9999999999586626,0.012039979995763323,official_model_generator_bus_assignment
53473-1,wind,2.5,5341,C003-Z001,4,3581-89516-1::+1,3581-89516-1,1,0.14912016975064066,0.07656283192330368,official_model_generator_bus_assignment
53473-1,wind,2.5,5341,C003-Z001,4,T89510-89515-1::-1,T89510-89515-1,-1,0.09700449026024824,0.07656283192329345,official_model_generator_bus_assignment
53473-1,wind,2.5,5341,C003-Z001,4,T89515-89516-1::-1,T89515-89516-1,-1,0.10526700555298202,0.07656283192326038,official_model_generator_bus_assignment
53473-1,wind,2.5,5341,C003-Z001,4,2561-3781-1::+1,2561-3781-1,1,0.9999999999586626,0.012039979995763323,official_model_generator_bus_assignment
53571-1,solar,66.56,5351,C003-Z001,6,T3464-3462-34641-1-w1::+1,T3464-3462-34641-1-w1,1,0.12510697228685524,0.06559731574820478,official_model_generator_bus_assignment
53571-1,solar,66.56,5351,C003-Z001,6,T3464-3462-34641-1-w2::-1,T3464-3462-34641-1-w2,-1,0.3115209214398165,0.06559731574809524,official_model_generator_bus_assignment
53571-1,solar,66.56,5351,C003-Z001,6,T3934-3942-39402-1-w1::+1,T3934-3942-39402-1-w1,1,0.11977552796719237,0.06332315435504872,official_model_generator_bus_assignment
53571-1,solar,66.56,5351,C003-Z001,6,1122-1742-1::+1,1122-1742-1,1,0.08915272928707145,0.05011435031232559,official_model_generator_bus_assignment
53571-1,solar,66.56,5351,C003-Z001,6,3082-3122-1::-1,3082-3122-1,-1,0.06429661448527564,0.042560238378745764,official_model_generator_bus_assignment
53571-1,solar,66.56,5351,C003-Z001,6,2561-3781-1::+1,2561-3781-1,1,0.9999999999687944,0.01203997999588531,official_model_generator_bus_assignment
53571-2,solar,90.0,5351,C003-Z001,6,T3464-3462-34641-1-w1::+1,T3464-3462-34641-1-w1,1,0.12510697228685524,0.06559731574820478,official_model_generator_bus_assignment
53571-2,solar,90.0,5351,C003-Z001,6,T3464-3462-34641-1-w2::-1,T3464-3462-34641-1-w2,-1,0.3115209214398165,0.06559731574809524,official_model_generator_bus_assignment
53571-2,solar,90.0,5351,C003-Z001,6,T3934-3942-39402-1-w1::+1,T3934-3942-39402-1-w1,1,0.11977552796719237,0.06332315435504872,official_model_generator_bus_assignment
53571-2,solar,90.0,5351,C003-Z001,6,1122-1742-1::+1,1122-1742-1,1,0.08915272928707145,0.05011435031232559,official_model_generator_bus_assignment
53571-2,solar,90.0,5351,C003-Z001,6,3082-3122-1::-1,3082-3122-1,-1,0.06429661448527564,0.042560238378745764,official_model_generator_bus_assignment
53571-2,solar,90.0,5351,C003-Z001,6,2561-3781-1::+1,2561-3781-1,1,0.9999999999687944,0.01203997999588531,official_model_generator_bus_assignment
53671-1,wind,5.0,5361,C003-Z001,4,3581-89516-1::+1,3581-89516-1,1,0.999999999999827,0.5134304236061367,official_model_generator_bus_assignment
53671-1,wind,5.0,5361,C003-Z001,4,T89510-89515-1::-1,T89510-89515-1,-1,0.6505122038314263,0.5134304236059314,official_model_generator_bus_assignment
53671-1,wind,5.0,5361,C003-Z001,4,T89515-89516-1::-1,T89515-89516-1,-1,0.7059206392346176,0.5134304236067395,official_model_generator_bus_assignment
53671-1,wind,5.0,5361,C003-Z001,4,2561-3781-1::+1,2561-3781-1,1,0.9999999999776186,0.012039979995991552,official_model_generator_bus_assignment
53672-2,wind,4.8,5361,C003-Z001,4,3581-89516-1::+1,3581-89516-1,1,0.999999999999827,0.5134304236061367,official_model_generator_bus_assignment
53672-2,wind,4.8,5361,C003-Z001,4,T89510-89515-1::-1,T89510-89515-1,-1,0.6505122038314263,0.5134304236059314,official_model_generator_bus_assignment
53672-2,wind,4.8,5361,C003-Z001,4,T89515-89516-1::-1,T89515-89516-1,-1,0.7059206392346176,0.5134304236067395,official_model_generator_bus_assignment
53672-2,wind,4.8,5361,C003-Z001,4,2561-3781-1::+1,2561-3781-1,1,0.9999999999776186,0.012039979995991552,official_model_generator_bus_assignment
53673-3,wind,14.0,5361,C003-Z001,4,3581-89516-1::+1,3581-89516-1,1,0.999999999999827,0.5134304236061367,official_model_generator_bus_assignment
53673-3,wind,14.0,5361,C003-Z001,4,T89510-89515-1::-1,T89510-89515-1,-1,0.6505122038314263,0.5134304236059314,official_model_generator_bus_assignment
53673-3,wind,14.0,5361,C003-Z001,4,T89515-89516-1::-1,T89515-89516-1,-1,0.7059206392346176,0.5134304236067395,official_model_generator_bus_assignment
53673-3,wind,14.0,5361,C003-Z001,4,2561-3781-1::+1,2561-3781-1,1,0.9999999999776186,0.012039979995991552,official_model_generator_bus_assignment
53674-4,wind,9.99,5361,C003-Z001,4,3581-89516-1::+1,3581-89516-1,1,0.999999999999827,0.5134304236061367,official_model_generator_bus_assignment
53674-4,wind,9.99,5361,C003-Z001,4,T89510-89515-1::-1,T89510-89515-1,-1,0.6505122038314263,0.5134304236059314,official_model_generator_bus_assignment
53674-4,wind,9.99,5361,C003-Z001,4,T89515-89516-1::-1,T89515-89516-1,-1,0.7059206392346176,0.5134304236067395,official_model_generator_bus_assignment
53674-4,wind,9.99,5361,C003-Z001,4,2561-3781-1::+1,2561-3781-1,1,0.9999999999776186,0.012039979995991552,official_model_generator_bus_assignment
53871-1,wind,3.0,5381,C003-Z001,6,T3464-3462-34641-1-w1::+1,T3464-3462-34641-1-w1,1,0.1957469866973596,0.10263598149993325,official_model_generator_bus_assignment
53871-1,wind,3.0,5381,C003-Z001,6,T3464-3462-34641-1-w2::-1,T3464-3462-34641-1-w2,-1,0.4874171323182801,0.10263598149985033,official_model_generator_bus_assignment
53871-1,wind,3.0,5381,C003-Z001,6,T3934-3942-39402-1-w1::+1,T3934-3942-39402-1-w1,1,0.18589872997057286,0.09828129478634803,official_model_generator_bus_assignment
53871-1,wind,3.0,5381,C003-Z001,6,1122-1742-1::+1,1122-1742-1,1,0.14041184933385592,0.07892802230272003,official_model_generator_bus_assignment
53871-1,wind,3.0,5381,C003-Z001,6,3082-3122-1::-1,3082-3122-1,-1,0.10277657157961628,0.06803150400991045,official_model_generator_bus_assignment
53871-1,wind,3.0,5381,C003-Z001,6,2561-3781-1::+1,2561-3781-1,1,0.9999999999671569,0.012039979995865594,official_model_generator_bus_assignment
53871-2,wind,1.6,5381,C003-Z001,6,T3464-3462-34641-1-w1::+1,T3464-3462-34641-1-w1,1,0.1957469866973596,0.10263598149993325,official_model_generator_bus_assignment
53871-2,wind,1.6,5381,C003-Z001,6,T3464-3462-34641-1-w2::-1,T3464-3462-34641-1-w2,-1,0.4874171323182801,0.10263598149985033,official_model_generator_bus_assignment
53871-2,wind,1.6,5381,C003-Z001,6,T3934-3942-39402-1-w1::+1,T3934-3942-39402-1-w1,1,0.18589872997057286,0.09828129478634803,official_model_generator_bus_assignment
53871-2,wind,1.6,5381,C003-Z001,6,1122-1742-1::+1,1122-1742-1,1,0.14041184933385592,0.07892802230272003,official_model_generator_bus_assignment
53871-2,wind,1.6,5381,C003-Z001,6,3082-3122-1::-1,3082-3122-1,-1,0.10277657157961628,0.06803150400991045,official_model_generator_bus_assignment
53871-2,wind,1.6,5381,C003-Z001,6,2561-3781-1::+1,2561-3781-1,1,0.9999999999671569,0.012039979995865594,official_model_generator_bus_assignment
53872-1,solar,4.0,5381,C003-Z001,6,T3464-3462-34641-1-w1::+1,T3464-3462-34641-1-w1,1,0.1957469866973596,0.10263598149993325,official_model_generator_bus_assignment
53872-1,solar,4.0,5381,C003-Z001,6,T3464-3462-34641-1-w2::-1,T3464-3462-34641-1-w2,-1,0.4874171323182801,0.10263598149985033,official_model_generator_bus_assignment
53872-1,solar,4.0,5381,C003-Z001,6,T3934-3942-39402-1-w1::+1,T3934-3942-39402-1-w1,1,0.18589872997057286,0.09828129478634803,official_model_generator_bus_assignment
53872-1,solar,4.0,5381,C003-Z001,6,1122-1742-1::+1,1122-1742-1,1,0.14041184933385592,0.07892802230272003,official_model_generator_bus_assignment
53872-1,solar,4.0,5381,C003-Z001,6,3082-3122-1::-1,3082-3122-1,-1,0.10277657157961628,0.06803150400991045,official_model_generator_bus_assignment
53872-1,solar,4.0,5381,C003-Z001,6,2561-3781-1::+1,2561-3781-1,1,0.9999999999671569,0.012039979995865594,official_model_generator_bus_assignment
54471-1,wind,4.25,5441,C003-Z001,6,T3464-3462-34641-1-w1::+1,T3464-3462-34641-1-w1,1,0.07872055522001838,0.04127553422683295,official_model_generator_bus_assignment
54471-1,wind,4.25,5441,C003-Z001,6,T3464-3462-34641-1-w2::-1,T3464-3462-34641-1-w2,-1,0.19601705204863593,0.041275534226773575,official_model_generator_bus_assignment
54471-1,wind,4.25,5441,C003-Z001,6,T3934-3942-39402-1-w1::+1,T3934-3942-39402-1-w1,1,0.07370032817223278,0.03896402993227764,official_model_generator_bus_assignment
54471-1,wind,4.25,5441,C003-Z001,6,1122-1742-1::+1,1122-1742-1,1,0.3463525673576706,0.19469099859237537,official_model_generator_bus_assignment
54471-1,wind,4.25,5441,C003-Z001,6,3082-3122-1::-1,3082-3122-1,-1,0.23173428349216432,0.1533932451173301,official_model_generator_bus_assignment
54471-1,wind,4.25,5441,C003-Z001,6,2561-3781-1::+1,2561-3781-1,1,0.9999999999612047,0.01203997999579393,official_model_generator_bus_assignment
54472-1,wind,6.0,5441,C003-Z001,6,T3464-3462-34641-1-w1::+1,T3464-3462-34641-1-w1,1,0.07872055522001838,0.04127553422683295,official_model_generator_bus_assignment
54472-1,wind,6.0,5441,C003-Z001,6,T3464-3462-34641-1-w2::-1,T3464-3462-34641-1-w2,-1,0.19601705204863593,0.041275534226773575,official_model_generator_bus_assignment
54472-1,wind,6.0,5441,C003-Z001,6,T3934-3942-39402-1-w1::+1,T3934-3942-39402-1-w1,1,0.07370032817223278,0.03896402993227764,official_model_generator_bus_assignment
54472-1,wind,6.0,5441,C003-Z001,6,1122-1742-1::+1,1122-1742-1,1,0.3463525673576706,0.19469099859237537,official_model_generator_bus_assignment
54472-1,wind,6.0,5441,C003-Z001,6,3082-3122-1::-1,3082-3122-1,-1,0.23173428349216432,0.1533932451173301,official_model_generator_bus_assignment
54472-1,wind,6.0,5441,C003-Z001,6,2561-3781-1::+1,2561-3781-1,1,0.9999999999612047,0.01203997999579393,official_model_generator_bus_assignment
54473-1,solar,3.99,5441,C003-Z001,6,T3464-3462-34641-1-w1::+1,T3464-3462-34641-1-w1,1,0.07872055522001838,0.04127553422683295,official_model_generator_bus_assignment
54473-1,solar,3.99,5441,C003-Z001,6,T3464-3462-34641-1-w2::-1,T3464-3462-34641-1-w2,-1,0.19601705204863593,0.041275534226773575,official_model_generator_bus_assignment
54473-1,solar,3.99,5441,C003-Z001,6,T3934-3942-39402-1-w1::+1,T3934-3942-39402-1-w1,1,0.07370032817223278,0.03896402993227764,official_model_generator_bus_assignment
54473-1,solar,3.99,5441,C003-Z001,6,1122-1742-1::+1,1122-1742-1,1,0.3463525673576706,0.19469099859237537,official_model_generator_bus_assignment
54473-1,solar,3.99,5441,C003-Z001,6,3082-3122-1::-1,3082-3122-1,-1,0.23173428349216432,0.1533932451173301,official_model_generator_bus_assignment
54473-1,solar,3.99,5441,C003-Z001,6,2561-3781-1::+1,2561-3781-1,1,0.9999999999612047,0.01203997999579393,official_model_generator_bus_assignment
54474-1,solar,6.0,5441,C003-Z001,6,T3464-3462-34641-1-w1::+1,T3464-3462-34641-1-w1,1,0.07872055522001838,0.04127553422683295,official_model_generator_bus_assignment
54474-1,solar,6.0,5441,C003-Z001,6,T3464-3462-34641-1-w2::-1,T3464-3462-34641-1-w2,-1,0.19601705204863593,0.041275534226773575,official_model_generator_bus_assignment
54474-1,solar,6.0,5441,C003-Z001,6,T3934-3942-39402-1-w1::+1,T3934-3942-39402-1-w1,1,0.07370032817223278,0.03896402993227764,official_model_generator_bus_assignment
54474-1,solar,6.0,5441,C003-Z001,6,1122-1742-1::+1,1122-1742-1,1,0.3463525673576706,0.19469099859237537,official_model_generator_bus_assignment
54474-1,solar,6.0,5441,C003-Z001,6,3082-3122-1::-1,3082-3122-1,-1,0.23173428349216432,0.1533932451173301,official_model_generator_bus_assignment
54474-1,solar,6.0,5441,C003-Z001,6,2561-3781-1::+1,2561-3781-1,1,0.9999999999612047,0.01203997999579393,official_model_generator_bus_assignment
54571-1,solar,95.0,5451,C003-Z001,4,T3464-3462-34641-1-w2::-1,T3464-3462-34641-1-w2,-1,0.11635412038387297,0.024500819842648493,official_model_generator_bus_assignment
54571-1,solar,95.0,5451,C003-Z001,4,1122-1742-1::+1,1122-1742-1,1,0.4705282201120066,0.2644923631961949,official_model_generator_bus_assignment
54571-1,solar,95.0,5451,C003-Z001,4,3082-3122-1::-1,3082-3122-1,-1,0.30535131827506706,0.20212300443948342,official_model_generator_bus_assignment
54571-1,solar,95.0,5451,C003-Z001,4,2561-3781-1::+1,2561-3781-1,1,0.9999999999584931,0.012039979995761282,official_model_generator_bus_assignment
55071-1,wind,11.9,5501,C003-Z001,4,T3464-3462-34641-1-w2::-1,T3464-3462-34641-1-w2,-1,0.08867100162396285,0.018671553950031172,official_model_generator_bus_assignment
55071-1,wind,11.9,5501,C003-Z001,4,1122-1742-1::+1,1122-1742-1,1,0.5469907592015874,0.3074733296831157,official_model_generator_bus_assignment
55071-1,wind,11.9,5501,C003-Z001,4,3082-3122-1::-1,3082-3122-1,-1,0.35006386917977894,0.23171984776102625,official_model_generator_bus_assignment
55071-1,wind,11.9,5501,C003-Z001,4,2561-3781-1::+1,2561-3781-1,1,0.9999999999569641,0.012039979995742873,official_model_generator_bus_assignment
55072-2,wind,20.25,5501,C003-Z001,4,T3464-3462-34641-1-w2::-1,T3464-3462-34641-1-w2,-1,0.08867100162396285,0.018671553950031172,official_model_generator_bus_assignment
55072-2,wind,20.25,5501,C003-Z001,4,1122-1742-1::+1,1122-1742-1,1,0.5469907592015874,0.3074733296831157,official_model_generator_bus_assignment
55072-2,wind,20.25,5501,C003-Z001,4,3082-3122-1::-1,3082-3122-1,-1,0.35006386917977894,0.23171984776102625,official_model_generator_bus_assignment
55072-2,wind,20.25,5501,C003-Z001,4,2561-3781-1::+1,2561-3781-1,1,0.9999999999569641,0.012039979995742873,official_model_generator_bus_assignment
55073-3,wind,6.75,5501,C003-Z001,4,T3464-3462-34641-1-w2::-1,T3464-3462-34641-1-w2,-1,0.08867100162396285,0.018671553950031172,official_model_generator_bus_assignment
55073-3,wind,6.75,5501,C003-Z001,4,1122-1742-1::+1,1122-1742-1,1,0.5469907592015874,0.3074733296831157,official_model_generator_bus_assignment
55073-3,wind,6.75,5501,C003-Z001,4,3082-3122-1::-1,3082-3122-1,-1,0.35006386917977894,0.23171984776102625,official_model_generator_bus_assignment
55073-3,wind,6.75,5501,C003-Z001,4,2561-3781-1::+1,2561-3781-1,1,0.9999999999569641,0.012039979995742873,official_model_generator_bus_assignment
55074-1,solar,7.98,5501,C003-Z001,4,T3464-3462-34641-1-w2::-1,T3464-3462-34641-1-w2,-1,0.08867100162396285,0.018671553950031172,official_model_generator_bus_assignment
55074-1,solar,7.98,5501,C003-Z001,4,1122-1742-1::+1,1122-1742-1,1,0.5469907592015874,0.3074733296831157,official_model_generator_bus_assignment
55074-1,solar,7.98,5501,C003-Z001,4,3082-3122-1::-1,3082-3122-1,-1,0.35006386917977894,0.23171984776102625,official_model_generator_bus_assignment
55074-1,solar,7.98,5501,C003-Z001,4,2561-3781-1::+1,2561-3781-1,1,0.9999999999569641,0.012039979995742873,official_model_generator_bus_assignment
55076-1,solar,4.95,5501,C003-Z001,4,T3464-3462-34641-1-w2::-1,T3464-3462-34641-1-w2,-1,0.08867100162396285,0.018671553950031172,official_model_generator_bus_assignment
55076-1,solar,4.95,5501,C003-Z001,4,1122-1742-1::+1,1122-1742-1,1,0.5469907592015874,0.3074733296831157,official_model_generator_bus_assignment
55076-1,solar,4.95,5501,C003-Z001,4,3082-3122-1::-1,3082-3122-1,-1,0.35006386917977894,0.23171984776102625,official_model_generator_bus_assignment
55076-1,solar,4.95,5501,C003-Z001,4,2561-3781-1::+1,2561-3781-1,1,0.9999999999569641,0.012039979995742873,official_model_generator_bus_assignment
66095-1,wind,58.0,66094,C003-Z001,5,3581-89516-1::+1,3581-89516-1,1,0.09259219738748618,0.04753965112728827,official_model_generator_bus_assignment
66095-1,wind,58.0,66094,C003-Z001,5,T89510-89515-1::-1,T89510-89515-1,-1,0.060232354380128694,0.047539651127261544,official_model_generator_bus_assignment
66095-1,wind,58.0,66094,C003-Z001,5,T89515-89516-1::-1,T89515-89516-1,-1,0.06536274316799177,0.04753965112739379,official_model_generator_bus_assignment
66095-1,wind,58.0,66094,C003-Z001,5,T3464-3462-34641-1-w2::-1,T3464-3462-34641-1-w2,-1,0.054156145863005566,0.011403721404829606,official_model_generator_bus_assignment
66095-1,wind,58.0,66094,C003-Z001,5,2561-3781-1::+1,2561-3781-1,1,0.99999999996479,0.012039979995837098,official_model_generator_bus_assignment
66171-2,wind,160.0,66123,C003-Z001,1,2561-3781-1::+1,2561-3781-1,1,0.9999999999591829,0.012039979995769588,official_model_generator_bus_assignment
66171-OS,wind,210.0,66123,C003-Z001,1,2561-3781-1::+1,2561-3781-1,1,0.9999999999591829,0.012039979995769588,official_model_generator_bus_assignment
67025-1,wind,89.0,14013,C003-Z001,6,3581-89516-1::+1,3581-89516-1,1,0.1273010513369557,0.06536023271345102,official_model_generator_bus_assignment
67025-1,wind,89.0,14013,C003-Z001,6,T89510-89515-1::-1,T89510-89515-1,-1,0.08281088745535888,0.06536023271349116,official_model_generator_bus_assignment
67025-1,wind,89.0,14013,C003-Z001,6,T89515-89516-1::-1,T89515-89516-1,-1,0.08986443953463971,0.06536023271323795,official_model_generator_bus_assignment
67025-1,wind,89.0,14013,C003-Z001,6,T3464-3462-34641-1-w2::-1,T3464-3462-34641-1-w2,-1,0.10134150523986067,0.021339596348397036,official_model_generator_bus_assignment
67025-1,wind,89.0,14013,C003-Z001,6,3691-4041-1::+1,3691-4041-1,1,0.9915712952487042,0.5550766902016951,official_model_generator_bus_assignment
67025-1,wind,89.0,14013,C003-Z001,6,2561-3781-1::+1,2561-3781-1,1,0.9999999999536503,0.012039979995702974,official_model_generator_bus_assignment
67026-2,wind,83.0,14013,C003-Z001,6,3581-89516-1::+1,3581-89516-1,1,0.1273010513369557,0.06536023271345102,official_model_generator_bus_assignment
67026-2,wind,83.0,14013,C003-Z001,6,T89510-89515-1::-1,T89510-89515-1,-1,0.08281088745535888,0.06536023271349116,official_model_generator_bus_assignment
67026-2,wind,83.0,14013,C003-Z001,6,T89515-89516-1::-1,T89515-89516-1,-1,0.08986443953463971,0.06536023271323795,official_model_generator_bus_assignment
67026-2,wind,83.0,14013,C003-Z001,6,T3464-3462-34641-1-w2::-1,T3464-3462-34641-1-w2,-1,0.10134150523986067,0.021339596348397036,official_model_generator_bus_assignment
67026-2,wind,83.0,14013,C003-Z001,6,3691-4041-1::+1,3691-4041-1,1,0.9915712952487042,0.5550766902016951,official_model_generator_bus_assignment
67026-2,wind,83.0,14013,C003-Z001,6,2561-3781-1::+1,2561-3781-1,1,0.9999999999536503,0.012039979995702974,official_model_generator_bus_assignment
67030-1,wind,36.98,1251,C003-Z001,4,T3464-3462-34641-1-w1::+1,T3464-3462-34641-1-w1,1,0.273261231269172,0.14327901108666227,official_model_generator_bus_assignment
67030-1,wind,36.98,1251,C003-Z001,4,T3464-3462-34641-1-w2::-1,T3464-3462-34641-1-w2,-1,0.6804304268803594,0.1432790110865963,official_model_generator_bus_assignment
67030-1,wind,36.98,1251,C003-Z001,4,T3934-3942-39402-1-w1::+1,T3934-3942-39402-1-w1,1,0.28180756288334335,0.14898655932261842,official_model_generator_bus_assignment
67030-1,wind,36.98,1251,C003-Z001,4,2561-3781-1::+1,2561-3781-1,1,0.9999999999628071,0.012039979995813223,official_model_generator_bus_assignment
67031-1,wind,10.0,1881,C003-Z001,6,T3464-3462-34641-1-w1::+1,T3464-3462-34641-1-w1,1,0.24610005070205868,0.1290375942800137,official_model_generator_bus_assignment
67031-1,wind,10.0,1881,C003-Z001,6,T3464-3462-34641-1-w2::-1,T3464-3462-34641-1-w2,-1,0.6127980971784626,0.12903759427988687,official_model_generator_bus_assignment
67031-1,wind,10.0,1881,C003-Z001,6,T3934-3942-39402-1-w1::+1,T3934-3942-39402-1-w1,1,0.23340354292607818,0.1233962298189295,official_model_generator_bus_assignment
67031-1,wind,10.0,1881,C003-Z001,6,1122-1742-1::+1,1122-1742-1,1,0.10257290522299001,0.057658072231820366,official_model_generator_bus_assignment
67031-1,wind,10.0,1881,C003-Z001,6,3082-3122-1::-1,3082-3122-1,-1,0.08098356708929694,0.05360593162912086,official_model_generator_bus_assignment
67031-1,wind,10.0,1881,C003-Z001,6,2561-3781-1::+1,2561-3781-1,1,0.9999999999677169,0.012039979995872337,official_model_generator_bus_assignment
67031-2,wind,24.0,1881,C003-Z001,6,T3464-3462-34641-1-w1::+1,T3464-3462-34641-1-w1,1,0.24610005070205868,0.1290375942800137,official_model_generator_bus_assignment
67031-2,wind,24.0,1881,C003-Z001,6,T3464-3462-34641-1-w2::-1,T3464-3462-34641-1-w2,-1,0.6127980971784626,0.12903759427988687,official_model_generator_bus_assignment
67031-2,wind,24.0,1881,C003-Z001,6,T3934-3942-39402-1-w1::+1,T3934-3942-39402-1-w1,1,0.23340354292607818,0.1233962298189295,official_model_generator_bus_assignment
67031-2,wind,24.0,1881,C003-Z001,6,1122-1742-1::+1,1122-1742-1,1,0.10257290522299001,0.057658072231820366,official_model_generator_bus_assignment
67031-2,wind,24.0,1881,C003-Z001,6,3082-3122-1::-1,3082-3122-1,-1,0.08098356708929694,0.05360593162912086,official_model_generator_bus_assignment
67031-2,wind,24.0,1881,C003-Z001,6,2561-3781-1::+1,2561-3781-1,1,0.9999999999677169,0.012039979995872337,official_model_generator_bus_assignment
67033-1,wind,32.9,1401,C003-Z001,6,3581-89516-1::+1,3581-89516-1,1,0.1273010513369163,0.06536023271343079,official_model_generator_bus_assignment
67033-1,wind,32.9,1401,C003-Z001,6,T89510-89515-1::-1,T89510-89515-1,-1,0.08281088745533732,0.06536023271347416,official_model_generator_bus_assignment
67033-1,wind,32.9,1401,C003-Z001,6,T89515-89516-1::-1,T89515-89516-1,-1,0.08986443953462425,0.0653602327132267,official_model_generator_bus_assignment
67033-1,wind,32.9,1401,C003-Z001,6,T3464-3462-34641-1-w2::-1,T3464-3462-34641-1-w2,-1,0.10134150523988057,0.021339596348401227,official_model_generator_bus_assignment
67033-1,wind,32.9,1401,C003-Z001,6,3691-4041-1::+1,3691-4041-1,1,0.9915712952487129,0.5550766902017,official_model_generator_bus_assignment
67033-1,wind,32.9,1401,C003-Z001,6,2561-3781-1::+1,2561-3781-1,1,0.9999999999538915,0.01203997999570588,official_model_generator_bus_assignment
67034-1,wind,114.2,6201,C003-Z001,6,T3464-3462-34641-1-w1::+1,T3464-3462-34641-1-w1,1,0.3087132069796851,0.16186753898459585,official_model_generator_bus_assignment
67034-1,wind,114.2,6201,C003-Z001,6,T3464-3462-34641-1-w2::-1,T3464-3462-34641-1-w2,-1,0.7687071387080684,0.16186753898450368,official_model_generator_bus_assignment
67034-1,wind,114.2,6201,C003-Z001,6,T3934-3942-39402-1-w1::+1,T3934-3942-39402-1-w1,1,0.2898780804708963,0.15325329593898077,official_model_generator_bus_assignment
67034-1,wind,114.2,6201,C003-Z001,6,1122-1742-1::+1,1122-1742-1,1,0.092764931136256,0.052144833846777705,official_model_generator_bus_assignment
67034-1,wind,114.2,6201,C003-Z001,6,3082-3122-1::-1,3082-3122-1,-1,0.07908003071281303,0.05234591253489123,official_model_generator_bus_assignment
67034-1,wind,114.2,6201,C003-Z001,6,2561-3781-1::+1,2561-3781-1,1,0.999999999960527,0.01203997999578577,official_model_generator_bus_assignment
67044-1,wind,54.3,3891,C003-Z001,6,T3464-3462-34641-1-w1::+1,T3464-3462-34641-1-w1,1,0.25999452408074186,0.1363228809488229,official_model_generator_bus_assignment
67044-1,wind,54.3,3891,C003-Z001,6,T3464-3462-34641-1-w2::-1,T3464-3462-34641-1-w2,-1,0.6473958423780027,0.13632288094871448,official_model_generator_bus_assignment
67044-1,wind,54.3,3891,C003-Z001,6,T3934-3942-39402-1-w1::+1,T3934-3942-39402-1-w1,1,0.2445973179853265,0.12931417614671883,official_model_generator_bus_assignment
67044-1,wind,54.3,3891,C003-Z001,6,1122-1742-1::+1,1122-1742-1,1,0.1285443157834269,0.0722570685535147,official_model_generator_bus_assignment
67044-1,wind,54.3,3891,C003-Z001,6,3082-3122-1::-1,3082-3122-1,-1,0.09921011355465521,0.06567073735173913,official_model_generator_bus_assignment
67044-1,wind,54.3,3891,C003-Z001,6,2561-3781-1::+1,2561-3781-1,1,0.9999999999707717,0.012039979995909117,official_model_generator_bus_assignment
67044-2,wind,13.6,3891,C003-Z001,6,T3464-3462-34641-1-w1::+1,T3464-3462-34641-1-w1,1,0.25999452408074186,0.1363228809488229,official_model_generator_bus_assignment
67044-2,wind,13.6,3891,C003-Z001,6,T3464-3462-34641-1-w2::-1,T3464-3462-34641-1-w2,-1,0.6473958423780027,0.13632288094871448,official_model_generator_bus_assignment
67044-2,wind,13.6,3891,C003-Z001,6,T3934-3942-39402-1-w1::+1,T3934-3942-39402-1-w1,1,0.2445973179853265,0.12931417614671883,official_model_generator_bus_assignment
67044-2,wind,13.6,3891,C003-Z001,6,1122-1742-1::+1,1122-1742-1,1,0.1285443157834269,0.0722570685535147,official_model_generator_bus_assignment
67044-2,wind,13.6,3891,C003-Z001,6,3082-3122-1::-1,3082-3122-1,-1,0.09921011355465521,0.06567073735173913,official_model_generator_bus_assignment
67044-2,wind,13.6,3891,C003-Z001,6,2561-3781-1::+1,2561-3781-1,1,0.9999999999707717,0.012039979995909117,official_model_generator_bus_assignment
67045-1,wind,35.2,1121,C003-Z001,3,1122-1742-1::+1,1122-1742-1,1,0.8325405977811493,0.46798602241432286,official_model_generator_bus_assignment
67045-1,wind,35.2,1121,C003-Z001,3,3082-3122-1::-1,3082-3122-1,-1,0.5641047573259386,0.373401199030076,official_model_generator_bus_assignment
67045-1,wind,35.2,1121,C003-Z001,3,2561-3781-1::+1,2561-3781-1,1,0.9999999999593902,0.012039979995772082,official_model_generator_bus_assignment
67058-1,wind,108.0,2111,C003-Z001,5,T3464-3462-34641-1-w1::+1,T3464-3462-34641-1-w1,1,0.09729479882712104,0.051014563958009684,official_model_generator_bus_assignment
67058-1,wind,108.0,2111,C003-Z001,5,T3464-3462-34641-1-w2::-1,T3464-3462-34641-1-w2,-1,0.24226759570561213,0.05101456395795605,official_model_generator_bus_assignment
67058-1,wind,108.0,2111,C003-Z001,5,T3934-3942-39402-1-w1::+1,T3934-3942-39402-1-w1,1,0.09822454196142162,0.05192953800863851,official_model_generator_bus_assignment
67058-1,wind,108.0,2111,C003-Z001,5,3691-4041-1::+1,3691-4041-1,1,0.09192584573869991,0.05145963224341919,official_model_generator_bus_assignment
67058-1,wind,108.0,2111,C003-Z001,5,2561-3781-1::+1,2561-3781-1,1,0.9999999999598013,0.012039979995777033,official_model_generator_bus_assignment
67059-1,wind,19.2,5241,C003-Z001,5,3581-89516-1::+1,3581-89516-1,1,0.15627235764812789,0.08023498278522187,official_model_generator_bus_assignment
67059-1,wind,19.2,5241,C003-Z001,5,T89510-89515-1::-1,T89510-89515-1,-1,0.1016570757716934,0.08023498278523661,official_model_generator_bus_assignment
67059-1,wind,19.2,5241,C003-Z001,5,T89515-89516-1::-1,T89515-89516-1,-1,0.11031588260537854,0.08023498278509224,official_model_generator_bus_assignment
67059-1,wind,19.2,5241,C003-Z001,5,T3464-3462-34641-1-w2::-1,T3464-3462-34641-1-w2,-1,0.059663429509845656,0.012563396403948032,official_model_generator_bus_assignment
67059-1,wind,19.2,5241,C003-Z001,5,2561-3781-1::+1,2561-3781-1,1,0.9999999999572544,0.012039979995746368,official_model_generator_bus_assignment
67062-1,wind,91.2,20900,C003-Z001,6,2781-4951-1::-1,2781-4951-1,-1,0.9999999999996111,0.8112009327694878,official_model_generator_bus_assignment
67062-1,wind,91.2,20900,C003-Z001,6,T3464-3462-34641-1-w1::+1,T3464-3462-34641-1-w1,1,0.09729479882732912,0.05101456395811879,official_model_generator_bus_assignment
67062-1,wind,91.2,20900,C003-Z001,6,T3464-3462-34641-1-w2::-1,T3464-3462-34641-1-w2,-1,0.24226759570605522,0.05101456395804935,official_model_generator_bus_assignment
67062-1,wind,91.2,20900,C003-Z001,6,T3934-3942-39402-1-w1::+1,T3934-3942-39402-1-w1,1,0.09822454196159745,0.05192953800873147,official_model_generator_bus_assignment
67062-1,wind,91.2,20900,C003-Z001,6,3691-4041-1::+1,3691-4041-1,1,0.09192584573873804,0.05145963224344053,official_model_generator_bus_assignment
67062-1,wind,91.2,20900,C003-Z001,6,2561-3781-1::+1,2561-3781-1,1,0.9999999999600898,0.012039979995780506,official_model_generator_bus_assignment
67062-2,wind,18.0,20900,C003-Z001,6,2781-4951-1::-1,2781-4951-1,-1,0.9999999999996111,0.8112009327694878,official_model_generator_bus_assignment
67062-2,wind,18.0,20900,C003-Z001,6,T3464-3462-34641-1-w1::+1,T3464-3462-34641-1-w1,1,0.09729479882732912,0.05101456395811879,official_model_generator_bus_assignment
67062-2,wind,18.0,20900,C003-Z001,6,T3464-3462-34641-1-w2::-1,T3464-3462-34641-1-w2,-1,0.24226759570605522,0.05101456395804935,official_model_generator_bus_assignment
67062-2,wind,18.0,20900,C003-Z001,6,T3934-3942-39402-1-w1::+1,T3934-3942-39402-1-w1,1,0.09822454196159745,0.05192953800873147,official_model_generator_bus_assignment
67062-2,wind,18.0,20900,C003-Z001,6,3691-4041-1::+1,3691-4041-1,1,0.09192584573873804,0.05145963224344053,official_model_generator_bus_assignment
67062-2,wind,18.0,20900,C003-Z001,6,2561-3781-1::+1,2561-3781-1,1,0.9999999999600898,0.012039979995780506,official_model_generator_bus_assignment
67066-1,wind,79.2,2401,C003-Z001,1,2561-3781-1::+1,2561-3781-1,1,0.9999999999683387,0.012039979995879822,official_model_generator_bus_assignment
67069-1,wind,36.0,2391,C003-Z001,6,T3464-3462-34641-1-w1::+1,T3464-3462-34641-1-w1,1,0.1584751770178696,0.08309326039205951,official_model_generator_bus_assignment
67069-1,wind,36.0,2391,C003-Z001,6,T3464-3462-34641-1-w2::-1,T3464-3462-34641-1-w2,-1,0.39460896757034086,0.08309326039195851,official_model_generator_bus_assignment
67069-1,wind,36.0,2391,C003-Z001,6,T3934-3942-39402-1-w1::+1,T3934-3942-39402-1-w1,1,0.15053368420406016,0.0795844350032741,official_model_generator_bus_assignment
67069-1,wind,36.0,2391,C003-Z001,6,1122-1742-1::+1,1122-1742-1,1,0.14781847352289904,0.08309141878210607,official_model_generator_bus_assignment
67069-1,wind,36.0,2391,C003-Z001,6,3082-3122-1::-1,3082-3122-1,-1,0.10526507268498125,0.06967873226754072,official_model_generator_bus_assignment
67069-1,wind,36.0,2391,C003-Z001,6,2561-3781-1::+1,2561-3781-1,1,0.9999999999694236,0.012039979995892885,official_model_generator_bus_assignment
67071-5,wind,50.0,14016,C003-Z001,6,3581-89516-1::+1,3581-89516-1,1,0.12730105133666497,0.06536023271330176,official_model_generator_bus_assignment
67071-5,wind,50.0,14016,C003-Z001,6,T89510-89515-1::-1,T89510-89515-1,-1,0.08281088745520573,0.0653602327133703,official_model_generator_bus_assignment
67071-5,wind,50.0,14016,C003-Z001,6,T89515-89516-1::-1,T89515-89516-1,-1,0.08986443953451372,0.06536023271314631,official_model_generator_bus_assignment
67071-5,wind,50.0,14016,C003-Z001,6,T3464-3462-34641-1-w2::-1,T3464-3462-34641-1-w2,-1,0.10134150524000224,0.021339596348426845,official_model_generator_bus_assignment
67071-5,wind,50.0,14016,C003-Z001,6,3691-4041-1::+1,3691-4041-1,1,0.9915712952487665,0.55507669020173,official_model_generator_bus_assignment
67071-5,wind,50.0,14016,C003-Z001,6,2561-3781-1::+1,2561-3781-1,1,0.99999999995527,0.012039979995722476,official_model_generator_bus_assignment
67073-1,wind,24.0,1251,C003-Z001,4,T3464-3462-34641-1-w1::+1,T3464-3462-34641-1-w1,1,0.273261231269172,0.14327901108666227,official_model_generator_bus_assignment
67073-1,wind,24.0,1251,C003-Z001,4,T3464-3462-34641-1-w2::-1,T3464-3462-34641-1-w2,-1,0.6804304268803594,0.1432790110865963,official_model_generator_bus_assignment
67073-1,wind,24.0,1251,C003-Z001,4,T3934-3942-39402-1-w1::+1,T3934-3942-39402-1-w1,1,0.28180756288334335,0.14898655932261842,official_model_generator_bus_assignment
67073-1,wind,24.0,1251,C003-Z001,4,2561-3781-1::+1,2561-3781-1,1,0.9999999999628071,0.012039979995813223,official_model_generator_bus_assignment
67073-2,wind,8.0,1251,C003-Z001,4,T3464-3462-34641-1-w1::+1,T3464-3462-34641-1-w1,1,0.273261231269172,0.14327901108666227,official_model_generator_bus_assignment
67073-2,wind,8.0,1251,C003-Z001,4,T3464-3462-34641-1-w2::-1,T3464-3462-34641-1-w2,-1,0.6804304268803594,0.1432790110865963,official_model_generator_bus_assignment
67073-2,wind,8.0,1251,C003-Z001,4,T3934-3942-39402-1-w1::+1,T3934-3942-39402-1-w1,1,0.28180756288334335,0.14898655932261842,official_model_generator_bus_assignment
67073-2,wind,8.0,1251,C003-Z001,4,2561-3781-1::+1,2561-3781-1,1,0.9999999999628071,0.012039979995813223,official_model_generator_bus_assignment
67083-1,wind,13.8,1651,C003-Z001,5,T3464-3462-34641-1-w1::+1,T3464-3462-34641-1-w1,1,0.3535458639055287,0.18537463773727267,official_model_generator_bus_assignment
67083-1,wind,13.8,1651,C003-Z001,5,T3464-3462-34641-1-w2::-1,T3464-3462-34641-1-w2,-1,0.8803420887099754,0.18537463773713964,official_model_generator_bus_assignment
67083-1,wind,13.8,1651,C003-Z001,5,T3934-3942-39402-1-w1::+1,T3934-3942-39402-1-w1,1,0.3322592732637816,0.17565946570105476,official_model_generator_bus_assignment
67083-1,wind,13.8,1651,C003-Z001,5,3082-3122-1::-1,3082-3122-1,-1,0.05184513016656785,0.0343181537057685,official_model_generator_bus_assignment
67083-1,wind,13.8,1651,C003-Z001,5,2561-3781-1::+1,2561-3781-1,1,0.9999999999616042,0.01203997999579874,official_model_generator_bus_assignment
67084-1,wind,39.6,3621,C003-Z001,7,T3464-3462-34641-1-w1::+1,T3464-3462-34641-1-w1,1,0.14365917877808537,0.07532479076247288,official_model_generator_bus_assignment
67084-1,wind,39.6,3621,C003-Z001,7,T3464-3462-34641-1-w2::-1,T3464-3462-34641-1-w2,-1,0.3577165918749364,0.07532479076236306,official_model_generator_bus_assignment
67084-1,wind,39.6,3621,C003-Z001,7,T3934-3942-39402-1-w1::+1,T3934-3942-39402-1-w1,1,0.13687658780530984,0.07236417525591797,official_model_generator_bus_assignment
67084-1,wind,39.6,3621,C003-Z001,7,1122-1742-1::+1,1122-1742-1,1,0.12176997704737658,0.06844909108308167,official_model_generator_bus_assignment
67084-1,wind,39.6,3621,C003-Z001,7,3621-5301-1::+1,3621-5301-1,1,0.9999999999999996,1.000000000000474,official_model_generator_bus_assignment
67084-1,wind,39.6,3621,C003-Z001,7,3082-3122-1::-1,3082-3122-1,-1,0.08707444452669401,0.05763770216240001,official_model_generator_bus_assignment
67084-1,wind,39.6,3621,C003-Z001,7,2561-3781-1::+1,2561-3781-1,1,0.999999999970665,0.012039979995907831,official_model_generator_bus_assignment
67144-1,wind,33.1,3561,C003-Z001,1,2561-3781-1::+1,2561-3781-1,1,0.9999999999526865,0.01203997999569137,official_model_generator_bus_assignment
67213-1,wind,11.5,5301,C003-Z001,6,T3464-3462-34641-1-w1::+1,T3464-3462-34641-1-w1,1,0.1436591787781328,0.07532479076249775,official_model_generator_bus_assignment
67213-1,wind,11.5,5301,C003-Z001,6,T3464-3462-34641-1-w2::-1,T3464-3462-34641-1-w2,-1,0.35771659187505594,0.07532479076238824,official_model_generator_bus_assignment
67213-1,wind,11.5,5301,C003-Z001,6,T3934-3942-39402-1-w1::+1,T3934-3942-39402-1-w1,1,0.13687658780535697,0.0723641752559429,official_model_generator_bus_assignment
67213-1,wind,11.5,5301,C003-Z001,6,1122-1742-1::+1,1122-1742-1,1,0.12176997704745365,0.068449091083125,official_model_generator_bus_assignment
67213-1,wind,11.5,5301,C003-Z001,6,3082-3122-1::-1,3082-3122-1,-1,0.08707444452676036,0.05763770216244393,official_model_generator_bus_assignment
67213-1,wind,11.5,5301,C003-Z001,6,2561-3781-1::+1,2561-3781-1,1,0.9999999999699777,0.012039979995899557,official_model_generator_bus_assignment
68087-1,wind,7.65,4981,C003-Z001,4,3581-89516-1::+1,3581-89516-1,1,0.2490188855301857,0.12785387188371342,official_model_generator_bus_assignment
68087-1,wind,7.65,4981,C003-Z001,4,T89510-89515-1::-1,T89510-89515-1,-1,0.16198982402191453,0.1278538718836621,official_model_generator_bus_assignment
68087-1,wind,7.65,4981,C003-Z001,4,T89515-89516-1::-1,T89515-89516-1,-1,0.17578757085499813,0.1278538718838686,official_model_generator_bus_assignment
68087-1,wind,7.65,4981,C003-Z001,4,2561-3781-1::+1,2561-3781-1,1,0.9999999999643504,0.012039979995831803,official_model_generator_bus_assignment
68092-1,wind,66.0,2111,C003-Z001,5,T3464-3462-34641-1-w1::+1,T3464-3462-34641-1-w1,1,0.09729479882712104,0.051014563958009684,official_model_generator_bus_assignment
68092-1,wind,66.0,2111,C003-Z001,5,T3464-3462-34641-1-w2::-1,T3464-3462-34641-1-w2,-1,0.24226759570561213,0.05101456395795605,official_model_generator_bus_assignment
68092-1,wind,66.0,2111,C003-Z001,5,T3934-3942-39402-1-w1::+1,T3934-3942-39402-1-w1,1,0.09822454196142162,0.05192953800863851,official_model_generator_bus_assignment
68092-1,wind,66.0,2111,C003-Z001,5,3691-4041-1::+1,3691-4041-1,1,0.09192584573869991,0.05145963224341919,official_model_generator_bus_assignment
68092-1,wind,66.0,2111,C003-Z001,5,2561-3781-1::+1,2561-3781-1,1,0.9999999999598013,0.012039979995777033,official_model_generator_bus_assignment
68093-1,wind,4.7,1881,C003-Z001,6,T3464-3462-34641-1-w1::+1,T3464-3462-34641-1-w1,1,0.24610005070205868,0.1290375942800137,official_model_generator_bus_assignment
68093-1,wind,4.7,1881,C003-Z001,6,T3464-3462-34641-1-w2::-1,T3464-3462-34641-1-w2,-1,0.6127980971784626,0.12903759427988687,official_model_generator_bus_assignment
68093-1,wind,4.7,1881,C003-Z001,6,T3934-3942-39402-1-w1::+1,T3934-3942-39402-1-w1,1,0.23340354292607818,0.1233962298189295,official_model_generator_bus_assignment
68093-1,wind,4.7,1881,C003-Z001,6,1122-1742-1::+1,1122-1742-1,1,0.10257290522299001,0.057658072231820366,official_model_generator_bus_assignment
68093-1,wind,4.7,1881,C003-Z001,6,3082-3122-1::-1,3082-3122-1,-1,0.08098356708929694,0.05360593162912086,official_model_generator_bus_assignment
68093-1,wind,4.7,1881,C003-Z001,6,2561-3781-1::+1,2561-3781-1,1,0.9999999999677169,0.012039979995872337,official_model_generator_bus_assignment
68094-1,wind,13.8,4951,C003-Z001,6,2781-4951-1::-1,2781-4951-1,-1,0.9999999999991948,0.8112009327691501,official_model_generator_bus_assignment
68094-1,wind,13.8,4951,C003-Z001,6,T3464-3462-34641-1-w1::+1,T3464-3462-34641-1-w1,1,0.09729479882713336,0.05101456395801615,official_model_generator_bus_assignment
68094-1,wind,13.8,4951,C003-Z001,6,T3464-3462-34641-1-w2::-1,T3464-3462-34641-1-w2,-1,0.24226759570565523,0.05101456395796512,official_model_generator_bus_assignment
68094-1,wind,13.8,4951,C003-Z001,6,T3934-3942-39402-1-w1::+1,T3934-3942-39402-1-w1,1,0.0982245419614351,0.05192953800864563,official_model_generator_bus_assignment
68094-1,wind,13.8,4951,C003-Z001,6,3691-4041-1::+1,3691-4041-1,1,0.09192584573872532,0.05145963224343342,official_model_generator_bus_assignment
68094-1,wind,13.8,4951,C003-Z001,6,2561-3781-1::+1,2561-3781-1,1,0.9999999999602016,0.012039979995781852,official_model_generator_bus_assignment
68095-1,wind,34.0,68090,C003-Z001,6,T3464-3462-34641-1-w1::+1,T3464-3462-34641-1-w1,1,0.1611687615078805,0.08450558705184455,official_model_generator_bus_assignment
68095-1,wind,34.0,68090,C003-Z001,6,T3464-3462-34641-1-w2::-1,T3464-3462-34641-1-w2,-1,0.4013160911380699,0.08450558705175497,official_model_generator_bus_assignment
68095-1,wind,34.0,68090,C003-Z001,6,T3934-3942-39402-1-w1::+1,T3934-3942-39402-1-w1,1,0.15165477358252089,0.08017713467208724,official_model_generator_bus_assignment
68095-1,wind,34.0,68090,C003-Z001,6,1122-1742-1::+1,1122-1742-1,1,0.23849869571394045,0.1340644002894751,official_model_generator_bus_assignment
68095-1,wind,34.0,68090,C003-Z001,6,3082-3122-1::-1,3082-3122-1,-1,0.1654160925666147,0.10949485268665332,official_model_generator_bus_assignment
68095-1,wind,34.0,68090,C003-Z001,6,2561-3781-1::+1,2561-3781-1,1,0.9999999999660953,0.012039979995852813,official_model_generator_bus_assignment
68096-1,wind,84.0,66096,C003-Z001,6,T3464-3462-34641-1-w1::+1,T3464-3462-34641-1-w1,1,0.25386264441801937,0.1331077536140863,official_model_generator_bus_assignment
68096-1,wind,84.0,66096,C003-Z001,6,T3464-3462-34641-1-w2::-1,T3464-3462-34641-1-w2,-1,0.6321272384964091,0.13310775361400995,official_model_generator_bus_assignment
68096-1,wind,84.0,66096,C003-Z001,6,T3934-3942-39402-1-w1::+1,T3934-3942-39402-1-w1,1,0.2418416193039382,0.1278572881169257,official_model_generator_bus_assignment
68096-1,wind,84.0,66096,C003-Z001,6,1122-1742-1::+1,1122-1742-1,1,0.07118994015415257,0.0400171439296145,official_model_generator_bus_assignment
68096-1,wind,84.0,66096,C003-Z001,6,3082-3122-1::-1,3082-3122-1,-1,0.06074440213797925,0.040208901446262636,official_model_generator_bus_assignment
68096-1,wind,84.0,66096,C003-Z001,6,2561-3781-1::+1,2561-3781-1,1,0.9999999999653855,0.012039979995844266,official_model_generator_bus_assignment
68101-1,wind,6.0,4981,C003-Z001,4,3581-89516-1::+1,3581-89516-1,1,0.2490188855301857,0.12785387188371342,official_model_generator_bus_assignment
68101-1,wind,6.0,4981,C003-Z001,4,T89510-89515-1::-1,T89510-89515-1,-1,0.16198982402191453,0.1278538718836621,official_model_generator_bus_assignment
68101-1,wind,6.0,4981,C003-Z001,4,T89515-89516-1::-1,T89515-89516-1,-1,0.17578757085499813,0.1278538718838686,official_model_generator_bus_assignment
68101-1,wind,6.0,4981,C003-Z001,4,2561-3781-1::+1,2561-3781-1,1,0.9999999999643504,0.012039979995831803,official_model_generator_bus_assignment
68104-1,solar,6.0,1121,C003-Z001,3,1122-1742-1::+1,1122-1742-1,1,0.8325405977811493,0.46798602241432286,official_model_generator_bus_assignment
68104-1,solar,6.0,1121,C003-Z001,3,3082-3122-1::-1,3082-3122-1,-1,0.5641047573259386,0.373401199030076,official_model_generator_bus_assignment
68104-1,solar,6.0,1121,C003-Z001,3,2561-3781-1::+1,2561-3781-1,1,0.9999999999593902,0.012039979995772082,official_model_generator_bus_assignment
68108-1,wind,8.0,4951,C003-Z001,6,2781-4951-1::-1,2781-4951-1,-1,0.9999999999991948,0.8112009327691501,official_model_generator_bus_assignment
68108-1,wind,8.0,4951,C003-Z001,6,T3464-3462-34641-1-w1::+1,T3464-3462-34641-1-w1,1,0.09729479882713336,0.05101456395801615,official_model_generator_bus_assignment
68108-1,wind,8.0,4951,C003-Z001,6,T3464-3462-34641-1-w2::-1,T3464-3462-34641-1-w2,-1,0.24226759570565523,0.05101456395796512,official_model_generator_bus_assignment
68108-1,wind,8.0,4951,C003-Z001,6,T3934-3942-39402-1-w1::+1,T3934-3942-39402-1-w1,1,0.0982245419614351,0.05192953800864563,official_model_generator_bus_assignment
68108-1,wind,8.0,4951,C003-Z001,6,3691-4041-1::+1,3691-4041-1,1,0.09192584573872532,0.05145963224343342,official_model_generator_bus_assignment
68108-1,wind,8.0,4951,C003-Z001,6,2561-3781-1::+1,2561-3781-1,1,0.9999999999602016,0.012039979995781852,official_model_generator_bus_assignment
68115-1,wind,4.45,1881,C003-Z001,6,T3464-3462-34641-1-w1::+1,T3464-3462-34641-1-w1,1,0.24610005070205868,0.1290375942800137,official_model_generator_bus_assignment
68115-1,wind,4.45,1881,C003-Z001,6,T3464-3462-34641-1-w2::-1,T3464-3462-34641-1-w2,-1,0.6127980971784626,0.12903759427988687,official_model_generator_bus_assignment
68115-1,wind,4.45,1881,C003-Z001,6,T3934-3942-39402-1-w1::+1,T3934-3942-39402-1-w1,1,0.23340354292607818,0.1233962298189295,official_model_generator_bus_assignment
68115-1,wind,4.45,1881,C003-Z001,6,1122-1742-1::+1,1122-1742-1,1,0.10257290522299001,0.057658072231820366,official_model_generator_bus_assignment
68115-1,wind,4.45,1881,C003-Z001,6,3082-3122-1::-1,3082-3122-1,-1,0.08098356708929694,0.05360593162912086,official_model_generator_bus_assignment
68115-1,wind,4.45,1881,C003-Z001,6,2561-3781-1::+1,2561-3781-1,1,0.9999999999677169,0.012039979995872337,official_model_generator_bus_assignment
68123-1,wind,4.45,1881,C003-Z001,6,T3464-3462-34641-1-w1::+1,T3464-3462-34641-1-w1,1,0.24610005070205868,0.1290375942800137,official_model_generator_bus_assignment
68123-1,wind,4.45,1881,C003-Z001,6,T3464-3462-34641-1-w2::-1,T3464-3462-34641-1-w2,-1,0.6127980971784626,0.12903759427988687,official_model_generator_bus_assignment
68123-1,wind,4.45,1881,C003-Z001,6,T3934-3942-39402-1-w1::+1,T3934-3942-39402-1-w1,1,0.23340354292607818,0.1233962298189295,official_model_generator_bus_assignment
68123-1,wind,4.45,1881,C003-Z001,6,1122-1742-1::+1,1122-1742-1,1,0.10257290522299001,0.057658072231820366,official_model_generator_bus_assignment
68123-1,wind,4.45,1881,C003-Z001,6,3082-3122-1::-1,3082-3122-1,-1,0.08098356708929694,0.05360593162912086,official_model_generator_bus_assignment
68123-1,wind,4.45,1881,C003-Z001,6,2561-3781-1::+1,2561-3781-1,1,0.9999999999677169,0.012039979995872337,official_model_generator_bus_assignment
68128-1,wind,4.6,5221,C003-Z001,4,T3464-3462-34641-1-w1::+1,T3464-3462-34641-1-w1,1,0.31253572034471305,0.1638717967135939,official_model_generator_bus_assignment
68128-1,wind,4.6,5221,C003-Z001,4,T3464-3462-34641-1-w2::-1,T3464-3462-34641-1-w2,-1,0.7782253363267219,0.1638717967135121,official_model_generator_bus_assignment
68128-1,wind,4.6,5221,C003-Z001,4,T3934-3942-39402-1-w1::+1,T3934-3942-39402-1-w1,1,0.32865370628029217,0.17375326767790342,official_model_generator_bus_assignment
68128-1,wind,4.6,5221,C003-Z001,4,2561-3781-1::+1,2561-3781-1,1,0.9999999999624566,0.012039979995809002,official_model_generator_bus_assignment
68131-1,wind,13.8,5301,C003-Z001,6,T3464-3462-34641-1-w1::+1,T3464-3462-34641-1-w1,1,0.1436591787781328,0.07532479076249775,official_model_generator_bus_assignment
68131-1,wind,13.8,5301,C003-Z001,6,T3464-3462-34641-1-w2::-1,T3464-3462-34641-1-w2,-1,0.35771659187505594,0.07532479076238824,official_model_generator_bus_assignment
68131-1,wind,13.8,5301,C003-Z001,6,T3934-3942-39402-1-w1::+1,T3934-3942-39402-1-w1,1,0.13687658780535697,0.0723641752559429,official_model_generator_bus_assignment
68131-1,wind,13.8,5301,C003-Z001,6,1122-1742-1::+1,1122-1742-1,1,0.12176997704745365,0.068449091083125,official_model_generator_bus_assignment
68131-1,wind,13.8,5301,C003-Z001,6,3082-3122-1::-1,3082-3122-1,-1,0.08707444452676036,0.05763770216244393,official_model_generator_bus_assignment
68131-1,wind,13.8,5301,C003-Z001,6,2561-3781-1::+1,2561-3781-1,1,0.9999999999699777,0.012039979995899557,official_model_generator_bus_assignment
68134-1,wind,32.4,1461,C003-Z001,6,T3464-3462-34641-1-w1::+1,T3464-3462-34641-1-w1,1,0.20806754435554278,0.10909601722875506,official_model_generator_bus_assignment
68134-1,wind,32.4,1461,C003-Z001,6,T3464-3462-34641-1-w2::-1,T3464-3462-34641-1-w2,-1,0.5180957700006313,0.10909601722865256,official_model_generator_bus_assignment
68134-1,wind,32.4,1461,C003-Z001,6,T3934-3942-39402-1-w1::+1,T3934-3942-39402-1-w1,1,0.1962988028486867,0.103779625132635,official_model_generator_bus_assignment
68134-1,wind,32.4,1461,C003-Z001,6,1122-1742-1::+1,1122-1742-1,1,0.16132649817973763,0.09068452204539013,official_model_generator_bus_assignment
68134-1,wind,32.4,1461,C003-Z001,6,3082-3122-1::-1,3082-3122-1,-1,0.11734361216605897,0.0776739513579562,official_model_generator_bus_assignment
68134-1,wind,32.4,1461,C003-Z001,6,2561-3781-1::+1,2561-3781-1,1,0.9999999999698547,0.012039979995898075,official_model_generator_bus_assignment
68136-1,wind,35.95,3101,C003-Z001,6,T3464-3462-34641-1-w1::+1,T3464-3462-34641-1-w1,1,0.12575114612336177,0.06593507529731418,official_model_generator_bus_assignment
68136-1,wind,35.95,3101,C003-Z001,6,T3464-3462-34641-1-w2::-1,T3464-3462-34641-1-w2,-1,0.3131249377743785,0.0659350752972037,official_model_generator_bus_assignment
68136-1,wind,35.95,3101,C003-Z001,6,T3934-3942-39402-1-w1::+1,T3934-3942-39402-1-w1,1,0.12036931476713283,0.06363707869188753,official_model_generator_bus_assignment
68136-1,wind,35.95,3101,C003-Z001,6,1122-1742-1::+1,1122-1742-1,1,0.09028527261209275,0.05075097325576064,official_model_generator_bus_assignment
68136-1,wind,35.95,3101,C003-Z001,6,3082-3122-1::-1,3082-3122-1,-1,0.06508751136172486,0.04308376142679665,official_model_generator_bus_assignment
68136-1,wind,35.95,3101,C003-Z001,6,2561-3781-1::+1,2561-3781-1,1,0.9999999999688605,0.012039979995886105,official_model_generator_bus_assignment
68143-1,wind,2.55,1401,C003-Z001,6,3581-89516-1::+1,3581-89516-1,1,0.1273010513369163,0.06536023271343079,official_model_generator_bus_assignment
68143-1,wind,2.55,1401,C003-Z001,6,T89510-89515-1::-1,T89510-89515-1,-1,0.08281088745533732,0.06536023271347416,official_model_generator_bus_assignment
68143-1,wind,2.55,1401,C003-Z001,6,T89515-89516-1::-1,T89515-89516-1,-1,0.08986443953462425,0.0653602327132267,official_model_generator_bus_assignment
68143-1,wind,2.55,1401,C003-Z001,6,T3464-3462-34641-1-w2::-1,T3464-3462-34641-1-w2,-1,0.10134150523988057,0.021339596348401227,official_model_generator_bus_assignment
68143-1,wind,2.55,1401,C003-Z001,6,3691-4041-1::+1,3691-4041-1,1,0.9915712952487129,0.5550766902017,official_model_generator_bus_assignment
68143-1,wind,2.55,1401,C003-Z001,6,2561-3781-1::+1,2561-3781-1,1,0.9999999999538915,0.01203997999570588,official_model_generator_bus_assignment
68145-2,solar,8.0,2161,C003-Z001,6,T3464-3462-34641-1-w1::+1,T3464-3462-34641-1-w1,1,0.14727261574255102,0.07721942350085298,official_model_generator_bus_assignment
68145-2,solar,8.0,2161,C003-Z001,6,T3464-3462-34641-1-w2::-1,T3464-3462-34641-1-w2,-1,0.3667141816348075,0.07721942350074279,official_model_generator_bus_assignment
68145-2,solar,8.0,2161,C003-Z001,6,T3934-3942-39402-1-w1::+1,T3934-3942-39402-1-w1,1,0.1393108983278231,0.07365115118147973,official_model_generator_bus_assignment
68145-2,solar,8.0,2161,C003-Z001,6,1122-1742-1::+1,1122-1742-1,1,0.217834911405041,0.1224489160085615,official_model_generator_bus_assignment
68145-2,solar,8.0,2161,C003-Z001,6,3082-3122-1::-1,3082-3122-1,-1,0.15088244089657504,0.09987450666155745,official_model_generator_bus_assignment
68145-2,solar,8.0,2161,C003-Z001,6,2561-3781-1::+1,2561-3781-1,1,0.99999999996687,0.012039979995862139,official_model_generator_bus_assignment
68148-1,wind,6.0,1251,C003-Z001,4,T3464-3462-34641-1-w1::+1,T3464-3462-34641-1-w1,1,0.273261231269172,0.14327901108666227,official_model_generator_bus_assignment
68148-1,wind,6.0,1251,C003-Z001,4,T3464-3462-34641-1-w2::-1,T3464-3462-34641-1-w2,-1,0.6804304268803594,0.1432790110865963,official_model_generator_bus_assignment
68148-1,wind,6.0,1251,C003-Z001,4,T3934-3942-39402-1-w1::+1,T3934-3942-39402-1-w1,1,0.28180756288334335,0.14898655932261842,official_model_generator_bus_assignment
68148-1,wind,6.0,1251,C003-Z001,4,2561-3781-1::+1,2561-3781-1,1,0.9999999999628071,0.012039979995813223,official_model_generator_bus_assignment
68154-1,wind,4.6,5301,C003-Z001,6,T3464-3462-34641-1-w1::+1,T3464-3462-34641-1-w1,1,0.1436591787781328,0.07532479076249775,official_model_generator_bus_assignment
68154-1,wind,4.6,5301,C003-Z001,6,T3464-3462-34641-1-w2::-1,T3464-3462-34641-1-w2,-1,0.35771659187505594,0.07532479076238824,official_model_generator_bus_assignment
68154-1,wind,4.6,5301,C003-Z001,6,T3934-3942-39402-1-w1::+1,T3934-3942-39402-1-w1,1,0.13687658780535697,0.0723641752559429,official_model_generator_bus_assignment
68154-1,wind,4.6,5301,C003-Z001,6,1122-1742-1::+1,1122-1742-1,1,0.12176997704745365,0.068449091083125,official_model_generator_bus_assignment
68154-1,wind,4.6,5301,C003-Z001,6,3082-3122-1::-1,3082-3122-1,-1,0.08707444452676036,0.05763770216244393,official_model_generator_bus_assignment
68154-1,wind,4.6,5301,C003-Z001,6,2561-3781-1::+1,2561-3781-1,1,0.9999999999699777,0.012039979995899557,official_model_generator_bus_assignment
68157-1,wind,9.6,5301,C003-Z001,6,T3464-3462-34641-1-w1::+1,T3464-3462-34641-1-w1,1,0.1436591787781328,0.07532479076249775,official_model_generator_bus_assignment
68157-1,wind,9.6,5301,C003-Z001,6,T3464-3462-34641-1-w2::-1,T3464-3462-34641-1-w2,-1,0.35771659187505594,0.07532479076238824,official_model_generator_bus_assignment
68157-1,wind,9.6,5301,C003-Z001,6,T3934-3942-39402-1-w1::+1,T3934-3942-39402-1-w1,1,0.13687658780535697,0.0723641752559429,official_model_generator_bus_assignment
68157-1,wind,9.6,5301,C003-Z001,6,1122-1742-1::+1,1122-1742-1,1,0.12176997704745365,0.068449091083125,official_model_generator_bus_assignment
68157-1,wind,9.6,5301,C003-Z001,6,3082-3122-1::-1,3082-3122-1,-1,0.08707444452676036,0.05763770216244393,official_model_generator_bus_assignment
68157-1,wind,9.6,5301,C003-Z001,6,2561-3781-1::+1,2561-3781-1,1,0.9999999999699777,0.012039979995899557,official_model_generator_bus_assignment
68158-1,wind,2.3,5301,C003-Z001,6,T3464-3462-34641-1-w1::+1,T3464-3462-34641-1-w1,1,0.1436591787781328,0.07532479076249775,official_model_generator_bus_assignment
68158-1,wind,2.3,5301,C003-Z001,6,T3464-3462-34641-1-w2::-1,T3464-3462-34641-1-w2,-1,0.35771659187505594,0.07532479076238824,official_model_generator_bus_assignment
68158-1,wind,2.3,5301,C003-Z001,6,T3934-3942-39402-1-w1::+1,T3934-3942-39402-1-w1,1,0.13687658780535697,0.0723641752559429,official_model_generator_bus_assignment
68158-1,wind,2.3,5301,C003-Z001,6,1122-1742-1::+1,1122-1742-1,1,0.12176997704745365,0.068449091083125,official_model_generator_bus_assignment
68158-1,wind,2.3,5301,C003-Z001,6,3082-3122-1::-1,3082-3122-1,-1,0.08707444452676036,0.05763770216244393,official_model_generator_bus_assignment
68158-1,wind,2.3,5301,C003-Z001,6,2561-3781-1::+1,2561-3781-1,1,0.9999999999699777,0.012039979995899557,official_model_generator_bus_assignment
68165-1,wind,18.0,3461,C003-Z001,4,T3464-3462-34641-1-w1::+1,T3464-3462-34641-1-w1,1,0.36282080801904043,0.19023776747688434,official_model_generator_bus_assignment
68165-1,wind,18.0,3461,C003-Z001,4,T3464-3462-34641-1-w2::-1,T3464-3462-34641-1-w2,-1,0.9034370376464725,0.19023776747677806,official_model_generator_bus_assignment
68165-1,wind,18.0,3461,C003-Z001,4,T3934-3942-39402-1-w1::+1,T3934-3942-39402-1-w1,1,0.3409561714339818,0.180257358397404,official_model_generator_bus_assignment
68165-1,wind,18.0,3461,C003-Z001,4,2561-3781-1::+1,2561-3781-1,1,0.999999999963466,0.012039979995821156,official_model_generator_bus_assignment
68175-1,wind,23.06,3821,C003-Z001,1,2561-3781-1::+1,2561-3781-1,1,0.999999999959413,0.012039979995772358,official_model_generator_bus_assignment
68181-1,wind,33.0,5274,C003-Z001,6,T3464-3462-34641-1-w1::+1,T3464-3462-34641-1-w1,1,0.2137797804226081,0.11209111291423299,official_model_generator_bus_assignment
68181-1,wind,33.0,5274,C003-Z001,6,T3464-3462-34641-1-w2::-1,T3464-3462-34641-1-w2,-1,0.5323194460323046,0.11209111291415548,official_model_generator_bus_assignment
68181-1,wind,33.0,5274,C003-Z001,6,T3934-3942-39402-1-w1::+1,T3934-3942-39402-1-w1,1,0.2032564238617083,0.10745799346737678,official_model_generator_bus_assignment
68181-1,wind,33.0,5274,C003-Z001,6,1122-1742-1::+1,1122-1742-1,1,0.11893640789362431,0.06685629097094944,official_model_generator_bus_assignment
68181-1,wind,33.0,5274,C003-Z001,6,3082-3122-1::-1,3082-3122-1,-1,0.08973633249651676,0.05939970141290668,official_model_generator_bus_assignment
68181-1,wind,33.0,5274,C003-Z001,6,2561-3781-1::+1,2561-3781-1,1,0.9999999999666301,0.012039979995859252,official_model_generator_bus_assignment
68190-1,wind,4.99,2141,C003-Z001,6,T3464-3462-34641-1-w1::+1,T3464-3462-34641-1-w1,1,0.14799116304651336,0.07759617927646206,official_model_generator_bus_assignment
68190-1,wind,4.99,2141,C003-Z001,6,T3464-3462-34641-1-w2::-1,T3464-3462-34641-1-w2,-1,0.36850339061452164,0.07759617927637152,official_model_generator_bus_assignment
68190-1,wind,4.99,2141,C003-Z001,6,T3934-3942-39402-1-w1::+1,T3934-3942-39402-1-w1,1,0.1392083570379518,0.07359693945696066,official_model_generator_bus_assignment
68190-1,wind,4.99,2141,C003-Z001,6,1122-1742-1::+1,1122-1742-1,1,0.2553749315065757,0.1435508355251508,official_model_generator_bus_assignment
68190-1,wind,4.99,2141,C003-Z001,6,3082-3122-1::-1,3082-3122-1,-1,0.17574520183705375,0.11633206108882625,official_model_generator_bus_assignment
68190-1,wind,4.99,2141,C003-Z001,6,2561-3781-1::+1,2561-3781-1,1,0.9999999999649263,0.012039979995838737,official_model_generator_bus_assignment
68190-2,wind,3.99,2141,C003-Z001,6,T3464-3462-34641-1-w1::+1,T3464-3462-34641-1-w1,1,0.14799116304651336,0.07759617927646206,official_model_generator_bus_assignment
68190-2,wind,3.99,2141,C003-Z001,6,T3464-3462-34641-1-w2::-1,T3464-3462-34641-1-w2,-1,0.36850339061452164,0.07759617927637152,official_model_generator_bus_assignment
68190-2,wind,3.99,2141,C003-Z001,6,T3934-3942-39402-1-w1::+1,T3934-3942-39402-1-w1,1,0.1392083570379518,0.07359693945696066,official_model_generator_bus_assignment
68190-2,wind,3.99,2141,C003-Z001,6,1122-1742-1::+1,1122-1742-1,1,0.2553749315065757,0.1435508355251508,official_model_generator_bus_assignment
68190-2,wind,3.99,2141,C003-Z001,6,3082-3122-1::-1,3082-3122-1,-1,0.17574520183705375,0.11633206108882625,official_model_generator_bus_assignment
68190-2,wind,3.99,2141,C003-Z001,6,2561-3781-1::+1,2561-3781-1,1,0.9999999999649263,0.012039979995838737,official_model_generator_bus_assignment
68195-1,wind,4.0,5361,C003-Z001,4,3581-89516-1::+1,3581-89516-1,1,0.999999999999827,0.5134304236061367,official_model_generator_bus_assignment
68195-1,wind,4.0,5361,C003-Z001,4,T89510-89515-1::-1,T89510-89515-1,-1,0.6505122038314263,0.5134304236059314,official_model_generator_bus_assignment
68195-1,wind,4.0,5361,C003-Z001,4,T89515-89516-1::-1,T89515-89516-1,-1,0.7059206392346176,0.5134304236067395,official_model_generator_bus_assignment
68195-1,wind,4.0,5361,C003-Z001,4,2561-3781-1::+1,2561-3781-1,1,0.9999999999776186,0.012039979995991552,official_model_generator_bus_assignment
68204-1,wind,20.0,3581,C003-Z001,4,3581-89516-1::+1,3581-89516-1,1,0.9999999999999528,0.5134304236062013,official_model_generator_bus_assignment
68204-1,wind,20.0,3581,C003-Z001,4,T89510-89515-1::-1,T89510-89515-1,-1,0.6505122038315564,0.5134304236060341,official_model_generator_bus_assignment
68204-1,wind,20.0,3581,C003-Z001,4,T89515-89516-1::-1,T89515-89516-1,-1,0.7059206392345869,0.5134304236067172,official_model_generator_bus_assignment
68204-1,wind,20.0,3581,C003-Z001,4,2561-3781-1::+1,2561-3781-1,1,0.9999999999762282,0.012039979995974812,official_model_generator_bus_assignment
68209-1,wind,18.0,1121,C003-Z001,3,1122-1742-1::+1,1122-1742-1,1,0.8325405977811493,0.46798602241432286,official_model_generator_bus_assignment
68209-1,wind,18.0,1121,C003-Z001,3,3082-3122-1::-1,3082-3122-1,-1,0.5641047573259386,0.373401199030076,official_model_generator_bus_assignment
68209-1,wind,18.0,1121,C003-Z001,3,2561-3781-1::+1,2561-3781-1,1,0.9999999999593902,0.012039979995772082,official_model_generator_bus_assignment
68219-1,wind,4.5,5261,C003-Z001,5,T3464-3462-34641-1-w1::+1,T3464-3462-34641-1-w1,1,0.3566003328163886,0.18697618685900616,official_model_generator_bus_assignment
68219-1,wind,4.5,5261,C003-Z001,5,T3464-3462-34641-1-w2::-1,T3464-3462-34641-1-w2,-1,0.887947827640684,0.18697618685887868,official_model_generator_bus_assignment
68219-1,wind,4.5,5261,C003-Z001,5,T3934-3942-39402-1-w1::+1,T3934-3942-39402-1-w1,1,0.3351233773227081,0.17717366569240858,official_model_generator_bus_assignment
68219-1,wind,4.5,5261,C003-Z001,5,3082-3122-1::-1,3082-3122-1,-1,0.0502752100401737,0.033278967189498236,official_model_generator_bus_assignment
68219-1,wind,4.5,5261,C003-Z001,5,2561-3781-1::+1,2561-3781-1,1,0.9999999999622445,0.012039979995806449,official_model_generator_bus_assignment
68222-1,wind,17.5,1281,C003-Z001,6,T3464-3462-34641-1-w1::+1,T3464-3462-34641-1-w1,1,0.25999452408044027,0.13632288094866477,official_model_generator_bus_assignment
68222-1,wind,17.5,1281,C003-Z001,6,T3464-3462-34641-1-w2::-1,T3464-3462-34641-1-w2,-1,0.6473958423772626,0.1363228809485586,official_model_generator_bus_assignment
68222-1,wind,17.5,1281,C003-Z001,6,T3934-3942-39402-1-w1::+1,T3934-3942-39402-1-w1,1,0.24459731798503972,0.12931417614656723,official_model_generator_bus_assignment
68222-1,wind,17.5,1281,C003-Z001,6,1122-1742-1::+1,1122-1742-1,1,0.1285443157833539,0.07225706855347366,official_model_generator_bus_assignment
68222-1,wind,17.5,1281,C003-Z001,6,3082-3122-1::-1,3082-3122-1,-1,0.09921011355455416,0.06567073735167224,official_model_generator_bus_assignment
68222-1,wind,17.5,1281,C003-Z001,6,2561-3781-1::+1,2561-3781-1,1,0.9999999999706236,0.012039979995907333,official_model_generator_bus_assignment
68223-1,wind,0.5,1341,C003-Z001,4,3581-89516-1::+1,3581-89516-1,1,0.702451179758894,0.36065980678630183,official_model_generator_bus_assignment
68223-1,wind,0.5,1341,C003-Z001,4,T89510-89515-1::-1,T89510-89515-1,-1,0.4569530650289756,0.36065980678612053,official_model_generator_bus_assignment
68223-1,wind,0.5,1341,C003-Z001,4,T89515-89516-1::-1,T89515-89516-1,-1,0.49587478584675937,0.36065980678684445,official_model_generator_bus_assignment
68223-1,wind,0.5,1341,C003-Z001,4,2561-3781-1::+1,2561-3781-1,1,0.9999999999828167,0.012039979996054138,official_model_generator_bus_assignment
68224-1,wind,18.3,1881,C003-Z001,6,T3464-3462-34641-1-w1::+1,T3464-3462-34641-1-w1,1,0.24610005070205868,0.1290375942800137,official_model_generator_bus_assignment
68224-1,wind,18.3,1881,C003-Z001,6,T3464-3462-34641-1-w2::-1,T3464-3462-34641-1-w2,-1,0.6127980971784626,0.12903759427988687,official_model_generator_bus_assignment
68224-1,wind,18.3,1881,C003-Z001,6,T3934-3942-39402-1-w1::+1,T3934-3942-39402-1-w1,1,0.23340354292607818,0.1233962298189295,official_model_generator_bus_assignment
68224-1,wind,18.3,1881,C003-Z001,6,1122-1742-1::+1,1122-1742-1,1,0.10257290522299001,0.057658072231820366,official_model_generator_bus_assignment
68224-1,wind,18.3,1881,C003-Z001,6,3082-3122-1::-1,3082-3122-1,-1,0.08098356708929694,0.05360593162912086,official_model_generator_bus_assignment
68224-1,wind,18.3,1881,C003-Z001,6,2561-3781-1::+1,2561-3781-1,1,0.9999999999677169,0.012039979995872337,official_model_generator_bus_assignment
68233-1,wind,4.6,5261,C003-Z001,5,T3464-3462-34641-1-w1::+1,T3464-3462-34641-1-w1,1,0.3566003328163886,0.18697618685900616,official_model_generator_bus_assignment
68233-1,wind,4.6,5261,C003-Z001,5,T3464-3462-34641-1-w2::-1,T3464-3462-34641-1-w2,-1,0.887947827640684,0.18697618685887868,official_model_generator_bus_assignment
68233-1,wind,4.6,5261,C003-Z001,5,T3934-3942-39402-1-w1::+1,T3934-3942-39402-1-w1,1,0.3351233773227081,0.17717366569240858,official_model_generator_bus_assignment
68233-1,wind,4.6,5261,C003-Z001,5,3082-3122-1::-1,3082-3122-1,-1,0.0502752100401737,0.033278967189498236,official_model_generator_bus_assignment
68233-1,wind,4.6,5261,C003-Z001,5,2561-3781-1::+1,2561-3781-1,1,0.9999999999622445,0.012039979995806449,official_model_generator_bus_assignment
68233-2,wind,4.4,5261,C003-Z001,5,T3464-3462-34641-1-w1::+1,T3464-3462-34641-1-w1,1,0.3566003328163886,0.18697618685900616,official_model_generator_bus_assignment
68233-2,wind,4.4,5261,C003-Z001,5,T3464-3462-34641-1-w2::-1,T3464-3462-34641-1-w2,-1,0.887947827640684,0.18697618685887868,official_model_generator_bus_assignment
68233-2,wind,4.4,5261,C003-Z001,5,T3934-3942-39402-1-w1::+1,T3934-3942-39402-1-w1,1,0.3351233773227081,0.17717366569240858,official_model_generator_bus_assignment
68233-2,wind,4.4,5261,C003-Z001,5,3082-3122-1::-1,3082-3122-1,-1,0.0502752100401737,0.033278967189498236,official_model_generator_bus_assignment
68233-2,wind,4.4,5261,C003-Z001,5,2561-3781-1::+1,2561-3781-1,1,0.9999999999622445,0.012039979995806449,official_model_generator_bus_assignment
68240-1,wind,2.638,3821,C003-Z001,1,2561-3781-1::+1,2561-3781-1,1,0.999999999959413,0.012039979995772358,official_model_generator_bus_assignment
68241-1,wind,2.3,2181,C003-Z001,1,2561-3781-1::+1,2561-3781-1,1,0.9999999999597992,0.012039979995777007,official_model_generator_bus_assignment
68244-1,wind,1.9,1341,C003-Z001,4,3581-89516-1::+1,3581-89516-1,1,0.702451179758894,0.36065980678630183,official_model_generator_bus_assignment
68244-1,wind,1.9,1341,C003-Z001,4,T89510-89515-1::-1,T89510-89515-1,-1,0.4569530650289756,0.36065980678612053,official_model_generator_bus_assignment
68244-1,wind,1.9,1341,C003-Z001,4,T89515-89516-1::-1,T89515-89516-1,-1,0.49587478584675937,0.36065980678684445,official_model_generator_bus_assignment
68244-1,wind,1.9,1341,C003-Z001,4,2561-3781-1::+1,2561-3781-1,1,0.9999999999828167,0.012039979996054138,official_model_generator_bus_assignment
68247-1,wind,33.9,14010,C003-Z001,6,3581-89516-1::+1,3581-89516-1,1,0.12730105133691555,0.0653602327134304,official_model_generator_bus_assignment
68247-1,wind,33.9,14010,C003-Z001,6,T89510-89515-1::-1,T89510-89515-1,-1,0.08281088745533709,0.06536023271347396,official_model_generator_bus_assignment
68247-1,wind,33.9,14010,C003-Z001,6,T89515-89516-1::-1,T89515-89516-1,-1,0.08986443953462384,0.0653602327132264,official_model_generator_bus_assignment
68247-1,wind,33.9,14010,C003-Z001,6,T3464-3462-34641-1-w2::-1,T3464-3462-34641-1-w2,-1,0.10134150523988215,0.02133959634840156,official_model_generator_bus_assignment
68247-1,wind,33.9,14010,C003-Z001,6,3691-4041-1::+1,3691-4041-1,1,0.9915712952487131,0.5550766902017001,official_model_generator_bus_assignment
68247-1,wind,33.9,14010,C003-Z001,6,2561-3781-1::+1,2561-3781-1,1,0.9999999999539068,0.012039979995706062,official_model_generator_bus_assignment
68254-1,wind,2.65,4371,C003-Z001,4,3581-89516-1::+1,3581-89516-1,1,0.1802268622281783,0.09253395421903442,official_model_generator_bus_assignment
68254-1,wind,2.65,4371,C003-Z001,4,T89510-89515-1::-1,T89510-89515-1,-1,0.11723977333773987,0.09253395421903254,official_model_generator_bus_assignment
68254-1,wind,2.65,4371,C003-Z001,4,T89515-89516-1::-1,T89515-89516-1,-1,0.1272258617911656,0.09253395421898204,official_model_generator_bus_assignment
68254-1,wind,2.65,4371,C003-Z001,4,2561-3781-1::+1,2561-3781-1,1,0.9999999999589521,0.012039979995766809,official_model_generator_bus_assignment
68260-1,wind,17.96,1571,C003-Z001,4,3581-89516-1::+1,3581-89516-1,1,0.8031079921996259,0.41234007663659916,official_model_generator_bus_assignment
68260-1,wind,17.96,1571,C003-Z001,4,T89510-89515-1::-1,T89510-89515-1,-1,0.5224315499204739,0.41234007663641303,official_model_generator_bus_assignment
68260-1,wind,17.96,1571,C003-Z001,4,T89515-89516-1::-1,T89515-89516-1,-1,0.5669305072282758,0.41234007663721967,official_model_generator_bus_assignment
68260-1,wind,17.96,1571,C003-Z001,4,2561-3781-1::+1,2561-3781-1,1,1.0,0.012039979996261024,official_model_generator_bus_assignment
68262-1,wind,25.3,3251,C003-Z001,6,T3464-3462-34641-1-w1::+1,T3464-3462-34641-1-w1,1,0.3491218105475304,0.18305497465449808,official_model_generator_bus_assignment
68262-1,wind,25.3,3251,C003-Z001,6,T3464-3462-34641-1-w2::-1,T3464-3462-34641-1-w2,-1,0.8693260345813217,0.18305497465436654,official_model_generator_bus_assignment
68262-1,wind,25.3,3251,C003-Z001,6,T3934-3942-39402-1-w1::+1,T3934-3942-39402-1-w1,1,0.32811094190100465,0.1734663179716374,official_model_generator_bus_assignment
68262-1,wind,25.3,3251,C003-Z001,6,1122-1742-1::+1,1122-1742-1,1,0.050513360176895214,0.028394466973707143,official_model_generator_bus_assignment
68262-1,wind,25.3,3251,C003-Z001,6,3082-3122-1::-1,3082-3122-1,-1,0.05411898222063367,0.03582329804709621,official_model_generator_bus_assignment
68262-1,wind,25.3,3251,C003-Z001,6,2561-3781-1::+1,2561-3781-1,1,0.9999999999619925,0.012039979995803415,official_model_generator_bus_assignment
68265-1,wind,9.0,3821,C003-Z001,1,2561-3781-1::+1,2561-3781-1,1,0.999999999959413,0.012039979995772358,official_model_generator_bus_assignment
68267-1,wind,4.99,1251,C003-Z001,4,T3464-3462-34641-1-w1::+1,T3464-3462-34641-1-w1,1,0.273261231269172,0.14327901108666227,official_model_generator_bus_assignment
68267-1,wind,4.99,1251,C003-Z001,4,T3464-3462-34641-1-w2::-1,T3464-3462-34641-1-w2,-1,0.6804304268803594,0.1432790110865963,official_model_generator_bus_assignment
68267-1,wind,4.99,1251,C003-Z001,4,T3934-3942-39402-1-w1::+1,T3934-3942-39402-1-w1,1,0.28180756288334335,0.14898655932261842,official_model_generator_bus_assignment
68267-1,wind,4.99,1251,C003-Z001,4,2561-3781-1::+1,2561-3781-1,1,0.9999999999628071,0.012039979995813223,official_model_generator_bus_assignment
68268-1,wind,4.2,1341,C003-Z001,4,3581-89516-1::+1,3581-89516-1,1,0.702451179758894,0.36065980678630183,official_model_generator_bus_assignment
68268-1,wind,4.2,1341,C003-Z001,4,T89510-89515-1::-1,T89510-89515-1,-1,0.4569530650289756,0.36065980678612053,official_model_generator_bus_assignment
68268-1,wind,4.2,1341,C003-Z001,4,T89515-89516-1::-1,T89515-89516-1,-1,0.49587478584675937,0.36065980678684445,official_model_generator_bus_assignment
68268-1,wind,4.2,1341,C003-Z001,4,2561-3781-1::+1,2561-3781-1,1,0.9999999999828167,0.012039979996054138,official_model_generator_bus_assignment
68269-1,wind,20.0,1341,C003-Z001,4,3581-89516-1::+1,3581-89516-1,1,0.702451179758894,0.36065980678630183,official_model_generator_bus_assignment
68269-1,wind,20.0,1341,C003-Z001,4,T89510-89515-1::-1,T89510-89515-1,-1,0.4569530650289756,0.36065980678612053,official_model_generator_bus_assignment
68269-1,wind,20.0,1341,C003-Z001,4,T89515-89516-1::-1,T89515-89516-1,-1,0.49587478584675937,0.36065980678684445,official_model_generator_bus_assignment
68269-1,wind,20.0,1341,C003-Z001,4,2561-3781-1::+1,2561-3781-1,1,0.9999999999828167,0.012039979996054138,official_model_generator_bus_assignment
68269-2,wind,3.6,1341,C003-Z001,4,3581-89516-1::+1,3581-89516-1,1,0.702451179758894,0.36065980678630183,official_model_generator_bus_assignment
68269-2,wind,3.6,1341,C003-Z001,4,T89510-89515-1::-1,T89510-89515-1,-1,0.4569530650289756,0.36065980678612053,official_model_generator_bus_assignment
68269-2,wind,3.6,1341,C003-Z001,4,T89515-89516-1::-1,T89515-89516-1,-1,0.49587478584675937,0.36065980678684445,official_model_generator_bus_assignment
68269-2,wind,3.6,1341,C003-Z001,4,2561-3781-1::+1,2561-3781-1,1,0.9999999999828167,0.012039979996054138,official_model_generator_bus_assignment
68272-1,wind,89.85,1311,C003-Z001,6,T3464-3462-34641-1-w1::+1,T3464-3462-34641-1-w1,1,0.331793206268798,0.17396907076305576,official_model_generator_bus_assignment
68272-1,wind,89.85,1311,C003-Z001,6,T3464-3462-34641-1-w2::-1,T3464-3462-34641-1-w2,-1,0.826177178258701,0.17396907076296136,official_model_generator_bus_assignment
68272-1,wind,89.85,1311,C003-Z001,6,T3934-3942-39402-1-w1::+1,T3934-3942-39402-1-w1,1,0.31136038349653383,0.16461060083658038,official_model_generator_bus_assignment
68272-1,wind,89.85,1311,C003-Z001,6,1122-1742-1::+1,1122-1742-1,1,0.0752155994438873,0.04228003931708179,official_model_generator_bus_assignment
68272-1,wind,89.85,1311,C003-Z001,6,3082-3122-1::-1,3082-3122-1,-1,0.06915991971682588,0.04577943477999299,official_model_generator_bus_assignment
68272-1,wind,89.85,1311,C003-Z001,6,2561-3781-1::+1,2561-3781-1,1,0.9999999999626686,0.012039979995811556,official_model_generator_bus_assignment
68282-1,wind,5.82,1281,C003-Z001,6,T3464-3462-34641-1-w1::+1,T3464-3462-34641-1-w1,1,0.25999452408044027,0.13632288094866477,official_model_generator_bus_assignment
68282-1,wind,5.82,1281,C003-Z001,6,T3464-3462-34641-1-w2::-1,T3464-3462-34641-1-w2,-1,0.6473958423772626,0.1363228809485586,official_model_generator_bus_assignment
68282-1,wind,5.82,1281,C003-Z001,6,T3934-3942-39402-1-w1::+1,T3934-3942-39402-1-w1,1,0.24459731798503972,0.12931417614656723,official_model_generator_bus_assignment
68282-1,wind,5.82,1281,C003-Z001,6,1122-1742-1::+1,1122-1742-1,1,0.1285443157833539,0.07225706855347366,official_model_generator_bus_assignment
68282-1,wind,5.82,1281,C003-Z001,6,3082-3122-1::-1,3082-3122-1,-1,0.09921011355455416,0.06567073735167224,official_model_generator_bus_assignment
68282-1,wind,5.82,1281,C003-Z001,6,2561-3781-1::+1,2561-3781-1,1,0.9999999999706236,0.012039979995907333,official_model_generator_bus_assignment
68284-1,wind,6.9,5361,C003-Z001,4,3581-89516-1::+1,3581-89516-1,1,0.999999999999827,0.5134304236061367,official_model_generator_bus_assignment
68284-1,wind,6.9,5361,C003-Z001,4,T89510-89515-1::-1,T89510-89515-1,-1,0.6505122038314263,0.5134304236059314,official_model_generator_bus_assignment
68284-1,wind,6.9,5361,C003-Z001,4,T89515-89516-1::-1,T89515-89516-1,-1,0.7059206392346176,0.5134304236067395,official_model_generator_bus_assignment
68284-1,wind,6.9,5361,C003-Z001,4,2561-3781-1::+1,2561-3781-1,1,0.9999999999776186,0.012039979995991552,official_model_generator_bus_assignment
68285-1,wind,9.2,4481,C003-Z001,1,2561-3781-1::+1,2561-3781-1,1,0.9999999999638004,0.012039979995825182,official_model_generator_bus_assignment
68294-1,wind,11.5,3821,C003-Z001,1,2561-3781-1::+1,2561-3781-1,1,0.999999999959413,0.012039979995772358,official_model_generator_bus_assignment
68297-1,wind,42.64,6201,C003-Z001,6,T3464-3462-34641-1-w1::+1,T3464-3462-34641-1-w1,1,0.3087132069796851,0.16186753898459585,official_model_generator_bus_assignment
68297-1,wind,42.64,6201,C003-Z001,6,T3464-3462-34641-1-w2::-1,T3464-3462-34641-1-w2,-1,0.7687071387080684,0.16186753898450368,official_model_generator_bus_assignment
68297-1,wind,42.64,6201,C003-Z001,6,T3934-3942-39402-1-w1::+1,T3934-3942-39402-1-w1,1,0.2898780804708963,0.15325329593898077,official_model_generator_bus_assignment
68297-1,wind,42.64,6201,C003-Z001,6,1122-1742-1::+1,1122-1742-1,1,0.092764931136256,0.052144833846777705,official_model_generator_bus_assignment
68297-1,wind,42.64,6201,C003-Z001,6,3082-3122-1::-1,3082-3122-1,-1,0.07908003071281303,0.05234591253489123,official_model_generator_bus_assignment
68297-1,wind,42.64,6201,C003-Z001,6,2561-3781-1::+1,2561-3781-1,1,0.999999999960527,0.01203997999578577,official_model_generator_bus_assignment
68303-1,wind,4.799,1881,C003-Z001,6,T3464-3462-34641-1-w1::+1,T3464-3462-34641-1-w1,1,0.24610005070205868,0.1290375942800137,official_model_generator_bus_assignment
68303-1,wind,4.799,1881,C003-Z001,6,T3464-3462-34641-1-w2::-1,T3464-3462-34641-1-w2,-1,0.6127980971784626,0.12903759427988687,official_model_generator_bus_assignment
68303-1,wind,4.799,1881,C003-Z001,6,T3934-3942-39402-1-w1::+1,T3934-3942-39402-1-w1,1,0.23340354292607818,0.1233962298189295,official_model_generator_bus_assignment
68303-1,wind,4.799,1881,C003-Z001,6,1122-1742-1::+1,1122-1742-1,1,0.10257290522299001,0.057658072231820366,official_model_generator_bus_assignment
68303-1,wind,4.799,1881,C003-Z001,6,3082-3122-1::-1,3082-3122-1,-1,0.08098356708929694,0.05360593162912086,official_model_generator_bus_assignment
68303-1,wind,4.799,1881,C003-Z001,6,2561-3781-1::+1,2561-3781-1,1,0.9999999999677169,0.012039979995872337,official_model_generator_bus_assignment
68306-1,wind,9.762,36411,C003-Z001,3,1122-1742-1::+1,1122-1742-1,1,0.6784610989665394,0.3813751688679394,official_model_generator_bus_assignment
68306-1,wind,9.762,36411,C003-Z001,3,3082-3122-1::-1,3082-3122-1,-1,0.42046616558613464,0.2783216562925127,official_model_generator_bus_assignment
68306-1,wind,9.762,36411,C003-Z001,3,2561-3781-1::+1,2561-3781-1,1,0.9999999999593662,0.012039979995771794,official_model_generator_bus_assignment
68307-1,wind,3.95,36411,C003-Z001,3,1122-1742-1::+1,1122-1742-1,1,0.6784610989665394,0.3813751688679394,official_model_generator_bus_assignment
68307-1,wind,3.95,36411,C003-Z001,3,3082-3122-1::-1,3082-3122-1,-1,0.42046616558613464,0.2783216562925127,official_model_generator_bus_assignment
68307-1,wind,3.95,36411,C003-Z001,3,2561-3781-1::+1,2561-3781-1,1,0.9999999999593662,0.012039979995771794,official_model_generator_bus_assignment
68308-1,wind,5.4,4091,C003-Z001,4,3581-89516-1::+1,3581-89516-1,1,0.7405799756439374,0.3802362906091549,official_model_generator_bus_assignment
68308-1,wind,5.4,4091,C003-Z001,4,T89510-89515-1::-1,T89510-89515-1,-1,0.4817563120695783,0.38023629060895026,official_model_generator_bus_assignment
68308-1,wind,5.4,4091,C003-Z001,4,T89515-89516-1::-1,T89515-89516-1,-1,0.5227906898111411,0.38023629060969216,official_model_generator_bus_assignment
68308-1,wind,5.4,4091,C003-Z001,4,2561-3781-1::+1,2561-3781-1,1,0.9999999999779453,0.012039979995995487,official_model_generator_bus_assignment
68311-1,wind,13.8,5221,C003-Z001,4,T3464-3462-34641-1-w1::+1,T3464-3462-34641-1-w1,1,0.31253572034471305,0.1638717967135939,official_model_generator_bus_assignment
68311-1,wind,13.8,5221,C003-Z001,4,T3464-3462-34641-1-w2::-1,T3464-3462-34641-1-w2,-1,0.7782253363267219,0.1638717967135121,official_model_generator_bus_assignment
68311-1,wind,13.8,5221,C003-Z001,4,T3934-3942-39402-1-w1::+1,T3934-3942-39402-1-w1,1,0.32865370628029217,0.17375326767790342,official_model_generator_bus_assignment
68311-1,wind,13.8,5221,C003-Z001,4,2561-3781-1::+1,2561-3781-1,1,0.9999999999624566,0.012039979995809002,official_model_generator_bus_assignment
68312-1,wind,12.5,4371,C003-Z001,4,3581-89516-1::+1,3581-89516-1,1,0.1802268622281783,0.09253395421903442,official_model_generator_bus_assignment
68312-1,wind,12.5,4371,C003-Z001,4,T89510-89515-1::-1,T89510-89515-1,-1,0.11723977333773987,0.09253395421903254,official_model_generator_bus_assignment
68312-1,wind,12.5,4371,C003-Z001,4,T89515-89516-1::-1,T89515-89516-1,-1,0.1272258617911656,0.09253395421898204,official_model_generator_bus_assignment
68312-1,wind,12.5,4371,C003-Z001,4,2561-3781-1::+1,2561-3781-1,1,0.9999999999589521,0.012039979995766809,official_model_generator_bus_assignment
68323-1,wind,0.6,36411,C003-Z001,3,1122-1742-1::+1,1122-1742-1,1,0.6784610989665394,0.3813751688679394,official_model_generator_bus_assignment
68323-1,wind,0.6,36411,C003-Z001,3,3082-3122-1::-1,3082-3122-1,-1,0.42046616558613464,0.2783216562925127,official_model_generator_bus_assignment
68323-1,wind,0.6,36411,C003-Z001,3,2561-3781-1::+1,2561-3781-1,1,0.9999999999593662,0.012039979995771794,official_model_generator_bus_assignment
68402-1,wind,29.9,5191,C003-Z001,4,3581-89516-1::+1,3581-89516-1,1,0.8031079922002828,0.41234007663693645,official_model_generator_bus_assignment
68402-1,wind,29.9,5191,C003-Z001,4,T89510-89515-1::-1,T89510-89515-1,-1,0.5224315499209005,0.4123400766367497,official_model_generator_bus_assignment
68402-1,wind,29.9,5191,C003-Z001,4,T89515-89516-1::-1,T89515-89516-1,-1,0.5669305072286837,0.4123400766375163,official_model_generator_bus_assignment
68402-1,wind,29.9,5191,C003-Z001,4,2561-3781-1::+1,2561-3781-1,1,0.999999999986651,0.012039979996100302,official_model_generator_bus_assignment
68404-1,wind,16.1,2101,C003-Z001,1,2561-3781-1::+1,2561-3781-1,1,0.9999999999586678,0.012039979995763386,official_model_generator_bus_assignment
68407-1,wind,9.4,1341,C003-Z001,4,3581-89516-1::+1,3581-89516-1,1,0.702451179758894,0.36065980678630183,official_model_generator_bus_assignment
68407-1,wind,9.4,1341,C003-Z001,4,T89510-89515-1::-1,T89510-89515-1,-1,0.4569530650289756,0.36065980678612053,official_model_generator_bus_assignment
68407-1,wind,9.4,1341,C003-Z001,4,T89515-89516-1::-1,T89515-89516-1,-1,0.49587478584675937,0.36065980678684445,official_model_generator_bus_assignment
68407-1,wind,9.4,1341,C003-Z001,4,2561-3781-1::+1,2561-3781-1,1,0.9999999999828167,0.012039979996054138,official_model_generator_bus_assignment
68408-1,wind,8.28,5441,C003-Z001,6,T3464-3462-34641-1-w1::+1,T3464-3462-34641-1-w1,1,0.07872055522001838,0.04127553422683295,official_model_generator_bus_assignment
68408-1,wind,8.28,5441,C003-Z001,6,T3464-3462-34641-1-w2::-1,T3464-3462-34641-1-w2,-1,0.19601705204863593,0.041275534226773575,official_model_generator_bus_assignment
68408-1,wind,8.28,5441,C003-Z001,6,T3934-3942-39402-1-w1::+1,T3934-3942-39402-1-w1,1,0.07370032817223278,0.03896402993227764,official_model_generator_bus_assignment
68408-1,wind,8.28,5441,C003-Z001,6,1122-1742-1::+1,1122-1742-1,1,0.3463525673576706,0.19469099859237537,official_model_generator_bus_assignment
68408-1,wind,8.28,5441,C003-Z001,6,3082-3122-1::-1,3082-3122-1,-1,0.23173428349216432,0.1533932451173301,official_model_generator_bus_assignment
68408-1,wind,8.28,5441,C003-Z001,6,2561-3781-1::+1,2561-3781-1,1,0.9999999999612047,0.01203997999579393,official_model_generator_bus_assignment
68410-1,wind,13.18,5271,C003-Z001,6,T3464-3462-34641-1-w1::+1,T3464-3462-34641-1-w1,1,0.2138219131182277,0.112113204342771,official_model_generator_bus_assignment
68410-1,wind,13.18,5271,C003-Z001,6,T3464-3462-34641-1-w2::-1,T3464-3462-34641-1-w2,-1,0.5324243579802348,0.1121132043426936,official_model_generator_bus_assignment
68410-1,wind,13.18,5271,C003-Z001,6,T3934-3942-39402-1-w1::+1,T3934-3942-39402-1-w1,1,0.2032969792212668,0.10747943435214541,official_model_generator_bus_assignment
68410-1,wind,13.18,5271,C003-Z001,6,1122-1742-1::+1,1122-1742-1,1,0.11888623162857695,0.06682808599120227,official_model_generator_bus_assignment
68410-1,wind,13.18,5271,C003-Z001,6,3082-3122-1::-1,3082-3122-1,-1,0.08970586464819154,0.059379533649829425,official_model_generator_bus_assignment
68410-1,wind,13.18,5271,C003-Z001,6,2561-3781-1::+1,2561-3781-1,1,0.999999999966637,0.012039979995859335,official_model_generator_bus_assignment
69197-1,wind,17.5,17010,C003-Z001,4,3581-89516-1::+1,3581-89516-1,1,0.5574749844622874,0.2862246174223462,official_model_generator_bus_assignment
69197-1,wind,17.5,17010,C003-Z001,4,T89510-89515-1::-1,T89510-89515-1,-1,0.36264428072347693,0.2862246174222014,official_model_generator_bus_assignment
69197-1,wind,17.5,17010,C003-Z001,4,T89515-89516-1::-1,T89515-89516-1,-1,0.39353309738915887,0.2862246174228018,official_model_generator_bus_assignment
69197-1,wind,17.5,17010,C003-Z001,4,2561-3781-1::+1,2561-3781-1,1,0.99999999997543,0.012039979995965202,official_model_generator_bus_assignment
69335-1,wind,20.0,6931,C003-Z001,6,T3464-3462-34641-1-w1::+1,T3464-3462-34641-1-w1,1,0.16116876150787748,0.08450558705184297,official_model_generator_bus_assignment
69335-1,wind,20.0,6931,C003-Z001,6,T3464-3462-34641-1-w2::-1,T3464-3462-34641-1-w2,-1,0.4013160911380618,0.08450558705175328,official_model_generator_bus_assignment
69335-1,wind,20.0,6931,C003-Z001,6,T3934-3942-39402-1-w1::+1,T3934-3942-39402-1-w1,1,0.15165477358251733,0.08017713467208536,official_model_generator_bus_assignment
69335-1,wind,20.0,6931,C003-Z001,6,1122-1742-1::+1,1122-1742-1,1,0.23849869571393098,0.13406440028946978,official_model_generator_bus_assignment
69335-1,wind,20.0,6931,C003-Z001,6,3082-3122-1::-1,3082-3122-1,-1,0.1654160925666094,0.10949485268664984,official_model_generator_bus_assignment
69335-1,wind,20.0,6931,C003-Z001,6,2561-3781-1::+1,2561-3781-1,1,0.9999999999660711,0.012039979995852521,official_model_generator_bus_assignment
70091-SN,wind,13.5,70010,C003-Z001,1,2561-3781-1::+1,2561-3781-1,1,0.9999999999591235,0.012039979995768871,official_model_generator_bus_assignment
70093-S1,wind,27.0,70010,C003-Z001,1,2561-3781-1::+1,2561-3781-1,1,0.9999999999591235,0.012039979995768871,official_model_generator_bus_assignment
70094-S2,wind,27.0,70010,C003-Z001,1,2561-3781-1::+1,2561-3781-1,1,0.9999999999591235,0.012039979995768871,official_model_generator_bus_assignment
70095-MM,wind,15.0,70010,C003-Z001,1,2561-3781-1::+1,2561-3781-1,1,0.9999999999591235,0.012039979995768871,official_model_generator_bus_assignment
70390-CR,solar,1.7,70311,C003-Z001,1,2561-3781-1::+1,2561-3781-1,1,0.9999999999552328,0.012039979995722028,official_model_generator_bus_assignment
70390-DP,solar,7.052,70311,C003-Z001,1,2561-3781-1::+1,2561-3781-1,1,0.9999999999552328,0.012039979995722028,official_model_generator_bus_assignment
70390-DR,solar,25.0,70311,C003-Z001,1,2561-3781-1::+1,2561-3781-1,1,0.9999999999552328,0.012039979995722028,official_model_generator_bus_assignment
70390-SR,solar,20.0,70311,C003-Z001,1,2561-3781-1::+1,2561-3781-1,1,0.9999999999552328,0.012039979995722028,official_model_generator_bus_assignment
70394-MF,solar,7.62,70311,C003-Z001,1,2561-3781-1::+1,2561-3781-1,1,0.9999999999552328,0.012039979995722028,official_model_generator_bus_assignment
71037-EL,wind,23.0,71011,C003-Z001,1,2561-3781-1::+1,2561-3781-1,1,0.9999999999550223,0.012039979995719494,official_model_generator_bus_assignment
71038-RS,wind,21.15,71011,C003-Z001,1,2561-3781-1::+1,2561-3781-1,1,0.9999999999550223,0.012039979995719494,official_model_generator_bus_assignment
71091-CG,wind,6.0,71011,C003-Z001,1,2561-3781-1::+1,2561-3781-1,1,0.9999999999550223,0.012039979995719494,official_model_generator_bus_assignment
71093-BR,solar,6.0,71011,C003-Z001,1,2561-3781-1::+1,2561-3781-1,1,0.9999999999550223,0.012039979995719494,official_model_generator_bus_assignment
73501-BR,wind,47.5,73500,C003-Z001,1,2561-3781-1::+1,2561-3781-1,1,0.9999999999557095,0.012039979995727769,official_model_generator_bus_assignment
74091-CH,wind,13.8,74011,C003-Z001,1,2561-3781-1::+1,2561-3781-1,1,0.9999999999544307,0.012039979995712371,official_model_generator_bus_assignment
75092-GR,wind,25.0,75010,C003-Z001,1,2561-3781-1::+1,2561-3781-1,1,0.9999999999569344,0.012039979995742515,official_model_generator_bus_assignment
75093-GA,wind,15.0,75010,C003-Z001,1,2561-3781-1::+1,2561-3781-1,1,0.9999999999569344,0.012039979995742515,official_model_generator_bus_assignment
75094-DM,wind,21.0,75010,C003-Z001,1,2561-3781-1::+1,2561-3781-1,1,0.9999999999569344,0.012039979995742515,official_model_generator_bus_assignment
75095-DB,wind,42.0,75010,C003-Z001,1,2561-3781-1::+1,2561-3781-1,1,0.9999999999569344,0.012039979995742515,official_model_generator_bus_assignment
77232-PT,wind,51.6,77212,C003-Z001,1,2561-3781-1::+1,2561-3781-1,1,0.9999999999583815,0.012039979995759939,official_model_generator_bus_assignment
77291-CA,wind,25.0,77210,C003-Z001,1,2561-3781-1::+1,2561-3781-1,1,0.9999999999583951,0.012039979995760102,official_model_generator_bus_assignment
77292-CO,wind,36.0,77210,C003-Z001,1,2561-3781-1::+1,2561-3781-1,1,0.9999999999583951,0.012039979995760102,official_model_generator_bus_assignment
77294-SG,wind,6.9,77210,C003-Z001,1,2561-3781-1::+1,2561-3781-1,1,0.9999999999583951,0.012039979995760102,official_model_generator_bus_assignment
77591-CR,wind,17.5,77511,C003-Z001,1,2561-3781-1::+1,2561-3781-1,1,0.9999999999562181,0.012039979995733892,official_model_generator_bus_assignment
79091-CA,wind,16.9,79010,C003-Z001,1,2561-3781-1::+1,2561-3781-1,1,0.9999999999594332,0.0120399799957726,official_model_generator_bus_assignment
80700-SS,wind,16.1,80710,C003-Z001,1,2561-3781-1::+1,2561-3781-1,1,0.9999999999581268,0.012039979995756872,official_model_generator_bus_assignment
80701-CV,wind,7.5,80710,C003-Z001,1,2561-3781-1::+1,2561-3781-1,1,0.9999999999581268,0.012039979995756872,official_model_generator_bus_assignment
80702-TG,wind,11.0,80710,C003-Z001,1,2561-3781-1::+1,2561-3781-1,1,0.9999999999581268,0.012039979995756872,official_model_generator_bus_assignment
80797-S2,wind,18.8,80710,C003-Z001,1,2561-3781-1::+1,2561-3781-1,1,0.9999999999581268,0.012039979995756872,official_model_generator_bus_assignment
80798-AL,wind,14.1,80710,C003-Z001,1,2561-3781-1::+1,2561-3781-1,1,0.9999999999581268,0.012039979995756872,official_model_generator_bus_assignment
81530-CG,solar,23.1,81510,C003-Z001,1,2561-3781-1::+1,2561-3781-1,1,0.9999999999552666,0.012039979995722434,official_model_generator_bus_assignment
81832-CA,wind,20.7,81810,C003-Z001,1,2561-3781-1::+1,2561-3781-1,1,0.9999999999596019,0.012039979995774632,official_model_generator_bus_assignment
81833-BH,wind,24.0,81810,C003-Z001,1,2561-3781-1::+1,2561-3781-1,1,0.9999999999596019,0.012039979995774632,official_model_generator_bus_assignment
81834-BC,wind,29.0,81810,C003-Z001,1,2561-3781-1::+1,2561-3781-1,1,0.9999999999596019,0.012039979995774632,official_model_generator_bus_assignment
83091-EH,wind,5.0,83011,C003-Z001,1,2561-3781-1::+1,2561-3781-1,1,0.9999999999546177,0.012039979995714623,official_model_generator_bus_assignment
83091-WB,wind,10.0,83011,C003-Z001,1,2561-3781-1::+1,2561-3781-1,1,0.9999999999546177,0.012039979995714623,official_model_generator_bus_assignment
83591-A1,wind,26.0,83510,C003-Z001,1,2561-3781-1::+1,2561-3781-1,1,0.9999999999580194,0.012039979995755578,official_model_generator_bus_assignment
83592-A2,wind,11.7,83510,C003-Z001,1,2561-3781-1::+1,2561-3781-1,1,0.9999999999580194,0.012039979995755578,official_model_generator_bus_assignment
84095-BA,solar,16.95,84011,C003-Z001,1,2561-3781-1::+1,2561-3781-1,1,0.9999999999549958,0.012039979995719175,official_model_generator_bus_assignment
84096-LR,solar,21.2,84011,C003-Z001,1,2561-3781-1::+1,2561-3781-1,1,0.9999999999549958,0.012039979995719175,official_model_generator_bus_assignment
84097-MR,solar,20.7,84011,C003-Z001,1,2561-3781-1::+1,2561-3781-1,1,0.9999999999549958,0.012039979995719175,official_model_generator_bus_assignment
84491-CU,wind,15.0,84412,C003-Z001,1,2561-3781-1::+1,2561-3781-1,1,0.9999999999581463,0.012039979995757106,official_model_generator_bus_assignment
85591-CH,wind,18.4,85510,C003-Z001,1,2561-3781-1::+1,2561-3781-1,1,0.9999999999577532,0.012039979995752374,official_model_generator_bus_assignment
85592-CR,wind,32.2,85510,C003-Z001,1,2561-3781-1::+1,2561-3781-1,1,0.9999999999577532,0.012039979995752374,official_model_generator_bus_assignment
85593-TH,wind,20.0,85510,C003-Z001,1,2561-3781-1::+1,2561-3781-1,1,0.9999999999577532,0.012039979995752374,official_model_generator_bus_assignment
86332-BY,solar,4.99,86312,C003-Z001,1,2561-3781-1::+1,2561-3781-1,1,0.9999999999543076,0.012039979995710888,official_model_generator_bus_assignment
87591-T1,wind,19.5,87510,C003-Z001,1,2561-3781-1::+1,2561-3781-1,1,0.9999999999587539,0.012039979995764422,official_model_generator_bus_assignment
87591-T2,wind,9.0,87510,C003-Z001,1,2561-3781-1::+1,2561-3781-1,1,0.9999999999587539,0.012039979995764422,official_model_generator_bus_assignment
87592-HH,wind,20.0,87510,C003-Z001,1,2561-3781-1::+1,2561-3781-1,1,0.9999999999587539,0.012039979995764422,official_model_generator_bus_assignment
87593-B1,wind,5.0,87510,C003-Z001,1,2561-3781-1::+1,2561-3781-1,1,0.9999999999587539,0.012039979995764422,official_model_generator_bus_assignment
87593-B2,wind,9.0,87510,C003-Z001,1,2561-3781-1::+1,2561-3781-1,1,0.9999999999587539,0.012039979995764422,official_model_generator_bus_assignment
87594-LE,wind,13.2,87510,C003-Z001,1,2561-3781-1::+1,2561-3781-1,1,0.9999999999587539,0.012039979995764422,official_model_generator_bus_assignment
87596-SC,wind,20.0,87510,C003-Z001,1,2561-3781-1::+1,2561-3781-1,1,0.9999999999587539,0.012039979995764422,official_model_generator_bus_assignment
87991-BR,solar,29.81,87900,C003-Z001,1,2561-3781-1::+1,2561-3781-1,1,0.9999999999558434,0.01203997999572938,official_model_generator_bus_assignment
87992-AV,wind,18.0,87900,C003-Z001,1,2561-3781-1::+1,2561-3781-1,1,0.9999999999558434,0.01203997999572938,official_model_generator_bus_assignment
87993-G1,wind,9.2,87900,C003-Z001,1,2561-3781-1::+1,2561-3781-1,1,0.9999999999558434,0.01203997999572938,official_model_generator_bus_assignment
87994-LM,wind,27.6,87900,C003-Z001,1,2561-3781-1::+1,2561-3781-1,1,0.9999999999558434,0.01203997999572938,official_model_generator_bus_assignment
87995-FR,solar,5.209,87900,C003-Z001,1,2561-3781-1::+1,2561-3781-1,1,0.9999999999558434,0.01203997999572938,official_model_generator_bus_assignment
87996-CE,wind,21.5,87900,C003-Z001,1,2561-3781-1::+1,2561-3781-1,1,0.9999999999558434,0.01203997999572938,official_model_generator_bus_assignment
89202-S2,wind,27.6,89210,C003-Z001,1,2561-3781-1::+1,2561-3781-1,1,0.999999999960617,0.012039979995786853,official_model_generator_bus_assignment
89591-O1,wind,5.5,89510,C003-Z001,1,2561-3781-1::+1,2561-3781-1,1,0.9999999999609976,0.012039979995791436,official_model_generator_bus_assignment
89591-O2,wind,5.1,89510,C003-Z001,1,2561-3781-1::+1,2561-3781-1,1,0.9999999999609976,0.012039979995791436,official_model_generator_bus_assignment
89592-BM,wind,9.0,89510,C003-Z001,1,2561-3781-1::+1,2561-3781-1,1,0.9999999999609976,0.012039979995791436,official_model_generator_bus_assignment
89593-LH,wind,8.5,89510,C003-Z001,1,2561-3781-1::+1,2561-3781-1,1,0.9999999999609976,0.012039979995791436,official_model_generator_bus_assignment
90231-CC,wind,13.8,90210,C003-Z001,1,2561-3781-1::+1,2561-3781-1,1,0.9999999999574949,0.012039979995749264,official_model_generator_bus_assignment
90232-CD,wind,12.5,90210,C003-Z001,1,2561-3781-1::+1,2561-3781-1,1,0.9999999999574949,0.012039979995749264,official_model_generator_bus_assignment
90233-GO,wind,15.0,90210,C003-Z001,1,2561-3781-1::+1,2561-3781-1,1,0.9999999999574949,0.012039979995749264,official_model_generator_bus_assignment
90234-IN,wind,13.8,90210,C003-Z001,1,2561-3781-1::+1,2561-3781-1,1,0.9999999999574949,0.012039979995749264,official_model_generator_bus_assignment
90235-EM,wind,7.05,90210,C003-Z001,1,2561-3781-1::+1,2561-3781-1,1,0.9999999999574949,0.012039979995749264,official_model_generator_bus_assignment
90236-CL,wind,12.85,90210,C003-Z001,1,2561-3781-1::+1,2561-3781-1,1,0.9999999999574949,0.012039979995749264,official_model_generator_bus_assignment
90237-CR,wind,15.0,90210,C003-Z001,1,2561-3781-1::+1,2561-3781-1,1,0.9999999999574949,0.012039979995749264,official_model_generator_bus_assignment
90540-LH,solar,9.0,90511,C003-Z001,1,2561-3781-1::+1,2561-3781-1,1,0.9999999999557538,0.012039979995728301,official_model_generator_bus_assignment
