scenario,snapshot,generator,bus,priority_status,available_mw,dispatched_mw,dispatch_down_mw,duration_h,dispatch_down_mwh
network_neutral_static,2030-01-14 06:00:00,Moy wind,Moy,non_priority,2.593172695583545,2.593172695583545,0.0,1.0,0.0
network_neutral_static,2030-01-14 07:00:00,Moy wind,Moy,non_priority,6.114057821370654,6.114057821370654,0.0,1.0,0.0
network_neutral_static,2030-01-14 08:00:00,Moy wind,Moy,non_priority,5.270951042751047,5.270951042751047,0.0,1.0,0.0
network_neutral_static,2030-01-14 09:00:00,Moy wind,Moy,non_priority,11.047560087227543,11.047560087227543,0.0,1.0,0.0
network_neutral_static,2030-01-14 10:00:00,Moy wind,Moy,non_priority,12.148773043499407,12.148773043499407,0.0,1.0,0.0
network_neutral_static,2030-01-14 11:00:00,Moy wind,Moy,non_priority,17.131255387700786,17.131255387700786,0.0,1.0,0.0
network_neutral_static,2030-01-14 12:00:00,Moy wind,Moy,non_priority,4.658483868443723,4.658483868443723,0.0,1.0,0.0
network_neutral_static,2030-01-14 13:00:00,Moy wind,Moy,non_priority,3.8256639721185137,3.8256639721185137,0.0,1.0,0.0
network_neutral_static,2030-01-14 14:00:00,Moy wind,Moy,non_priority,3.3605464756831065,3.3605464756831065,0.0,1.0,0.0
network_neutral_static,2030-01-14 15:00:00,Moy wind,Moy,non_priority,11.730051014997986,11.730051014997986,0.0,1.0,0.0
network_neutral_static,2030-01-14 16:00:00,Moy wind,Moy,non_priority,11.795881522163766,11.795881522163766,0.0,1.0,0.0
network_neutral_static,2030-01-14 17:00:00,Moy wind,Moy,non_priority,17.165011510422797,17.165011510422797,0.0,1.0,0.0
network_neutral_static,2030-01-14 18:00:00,Moy wind,Moy,non_priority,12.582531697636798,12.582531697636798,0.0,1.0,0.0
network_neutral_static,2030-01-14 19:00:00,Moy wind,Moy,non_priority,10.434839390200098,10.434839390200098,0.0,1.0,0.0
network_neutral_static,2030-01-14 20:00:00,Moy wind,Moy,non_priority,7.535971975801032,7.535971975801032,0.0,1.0,0.0
network_neutral_static,2030-01-14 21:00:00,Moy wind,Moy,non_priority,6.48874475138805,6.48874475138805,0.0,1.0,0.0
network_neutral_static,2030-01-14 22:00:00,Moy wind,Moy,non_priority,6.056832557293562,6.056832557293562,0.0,1.0,0.0
network_neutral_static,2030-01-14 23:00:00,Moy wind,Moy,non_priority,11.844557453997908,11.844557453997908,0.0,1.0,0.0
network_neutral_static,2030-01-15 00:00:00,Moy wind,Moy,non_priority,16.84478027321001,16.84478027321001,0.0,1.0,0.0
network_neutral_static,2030-01-15 01:00:00,Moy wind,Moy,non_priority,17.031689988566228,17.031689988566228,0.0,1.0,0.0
network_neutral_static,2030-01-15 02:00:00,Moy wind,Moy,non_priority,19.69017615595648,19.69017615595648,0.0,1.0,0.0
network_neutral_static,2030-01-15 03:00:00,Moy wind,Moy,non_priority,25.24151902397247,25.24151902397247,0.0,1.0,0.0
network_neutral_static,2030-01-15 04:00:00,Moy wind,Moy,non_priority,26.654513720062518,26.654513720062518,0.0,1.0,0.0
network_neutral_static,2030-01-15 05:00:00,Moy wind,Moy,non_priority,24.845417841943814,24.845417841943814,0.0,1.0,0.0
network_neutral_static,2030-01-14 06:00:00,Corderry wind,Corderry,non_priority,109.18998553324215,109.18998553324215,0.0,1.0,0.0
network_neutral_static,2030-01-14 07:00:00,Corderry wind,Corderry,non_priority,124.04904390361418,124.04904390361418,0.0,1.0,0.0
network_neutral_static,2030-01-14 08:00:00,Corderry wind,Corderry,non_priority,127.16807522007277,127.16807522007277,0.0,1.0,0.0
network_neutral_static,2030-01-14 09:00:00,Corderry wind,Corderry,non_priority,139.4926359507872,139.4926359507872,0.0,1.0,0.0
network_neutral_static,2030-01-14 10:00:00,Corderry wind,Corderry,non_priority,135.01007430737516,135.01007430737516,0.0,1.0,0.0
network_neutral_static,2030-01-14 11:00:00,Corderry wind,Corderry,non_priority,141.64410029188454,141.64410029188454,0.0,1.0,0.0
network_neutral_static,2030-01-14 12:00:00,Corderry wind,Corderry,non_priority,70.91670372649402,70.91670372649402,0.0,1.0,0.0
network_neutral_static,2030-01-14 13:00:00,Corderry wind,Corderry,non_priority,77.36105898757765,77.36105898757765,0.0,1.0,0.0
network_neutral_static,2030-01-14 14:00:00,Corderry wind,Corderry,non_priority,58.399078749559884,58.399078749559884,0.0,1.0,0.0
network_neutral_static,2030-01-14 15:00:00,Corderry wind,Corderry,non_priority,114.3265881204338,114.3265881204338,0.0,1.0,0.0
network_neutral_static,2030-01-14 16:00:00,Corderry wind,Corderry,non_priority,114.32190495874521,114.32190495874521,0.0,1.0,0.0
network_neutral_static,2030-01-14 17:00:00,Corderry wind,Corderry,non_priority,130.68539278848567,130.68539278848567,0.0,1.0,0.0
network_neutral_static,2030-01-14 18:00:00,Corderry wind,Corderry,non_priority,123.62496426693043,123.62496426693043,0.0,1.0,0.0
network_neutral_static,2030-01-14 19:00:00,Corderry wind,Corderry,non_priority,129.38811014672575,129.38811014672575,0.0,1.0,0.0
network_neutral_static,2030-01-14 20:00:00,Corderry wind,Corderry,non_priority,107.15736714810981,107.15736714810981,0.0,1.0,0.0
network_neutral_static,2030-01-14 21:00:00,Corderry wind,Corderry,non_priority,103.20897745243617,103.20897745243617,0.0,1.0,0.0
network_neutral_static,2030-01-14 22:00:00,Corderry wind,Corderry,non_priority,93.69717539953162,93.69717539953162,0.0,1.0,0.0
network_neutral_static,2030-01-14 23:00:00,Corderry wind,Corderry,non_priority,133.85053269089317,133.85053269089317,0.0,1.0,0.0
network_neutral_static,2030-01-15 00:00:00,Corderry wind,Corderry,non_priority,141.14300495181024,141.14300495181024,0.0,1.0,0.0
network_neutral_static,2030-01-15 01:00:00,Corderry wind,Corderry,non_priority,140.56431956534695,140.56431956534695,0.0,1.0,0.0
network_neutral_static,2030-01-15 02:00:00,Corderry wind,Corderry,non_priority,141.13824325194327,141.13824325194327,0.0,1.0,0.0
network_neutral_static,2030-01-15 03:00:00,Corderry wind,Corderry,non_priority,144.37255644843933,144.37255644843933,0.0,1.0,0.0
network_neutral_static,2030-01-15 04:00:00,Corderry wind,Corderry,non_priority,145.18409530000204,145.18409530000204,0.0,1.0,0.0
network_neutral_static,2030-01-15 05:00:00,Corderry wind,Corderry,non_priority,144.8058468775338,144.8058468775338,0.0,1.0,0.0
network_neutral_static,2030-01-14 06:00:00,Clogher wind,Clogher,non_priority,42.777412940048,42.777412940048,0.0,1.0,0.0
network_neutral_static,2030-01-14 07:00:00,Clogher wind,Clogher,non_priority,60.76288343715855,60.76288343715855,0.0,1.0,0.0
network_neutral_static,2030-01-14 08:00:00,Clogher wind,Clogher,non_priority,67.18412702270814,67.18412702270814,0.0,1.0,0.0
network_neutral_static,2030-01-14 09:00:00,Clogher wind,Clogher,non_priority,81.33879457250146,81.33879457250146,0.0,1.0,0.0
network_neutral_static,2030-01-14 10:00:00,Clogher wind,Clogher,non_priority,77.21405426402154,77.21405426402154,0.0,1.0,0.0
network_neutral_static,2030-01-14 11:00:00,Clogher wind,Clogher,non_priority,85.21729061690063,9.215326823180163,76.00196379372046,1.0,76.00196379372046
network_neutral_static,2030-01-14 12:00:00,Clogher wind,Clogher,non_priority,49.48052213951951,49.48052213951951,0.0,1.0,0.0
network_neutral_static,2030-01-14 13:00:00,Clogher wind,Clogher,non_priority,51.638035750903455,51.638035750903455,0.0,1.0,0.0
network_neutral_static,2030-01-14 14:00:00,Clogher wind,Clogher,non_priority,37.187172638582894,37.187172638582894,0.0,1.0,0.0
network_neutral_static,2030-01-14 15:00:00,Clogher wind,Clogher,non_priority,69.26540585480646,69.26540585480646,0.0,1.0,0.0
network_neutral_static,2030-01-14 16:00:00,Clogher wind,Clogher,non_priority,55.39880037978344,55.39880037978344,0.0,1.0,0.0
network_neutral_static,2030-01-14 17:00:00,Clogher wind,Clogher,non_priority,62.19490758124122,62.19490758124122,0.0,1.0,0.0
network_neutral_static,2030-01-14 18:00:00,Clogher wind,Clogher,non_priority,43.34487533972401,43.34487533972401,0.0,1.0,0.0
network_neutral_static,2030-01-14 19:00:00,Clogher wind,Clogher,non_priority,48.39564432179324,48.39564432179324,0.0,1.0,0.0
network_neutral_static,2030-01-14 20:00:00,Clogher wind,Clogher,non_priority,31.966564719302507,31.966564719302507,0.0,1.0,0.0
network_neutral_static,2030-01-14 21:00:00,Clogher wind,Clogher,non_priority,38.889675348853174,38.889675348853174,0.0,1.0,0.0
network_neutral_static,2030-01-14 22:00:00,Clogher wind,Clogher,non_priority,35.58434633299686,35.58434633299686,0.0,1.0,0.0
network_neutral_static,2030-01-14 23:00:00,Clogher wind,Clogher,non_priority,58.87107002137579,58.87107002137579,0.0,1.0,0.0
network_neutral_static,2030-01-15 00:00:00,Clogher wind,Clogher,non_priority,75.50391688974878,31.427008233924667,44.07690865582411,1.0,44.07690865582411
network_neutral_static,2030-01-15 01:00:00,Clogher wind,Clogher,non_priority,80.0748115958686,-0.0,80.0748115958686,1.0,80.0748115958686
network_neutral_static,2030-01-15 02:00:00,Clogher wind,Clogher,non_priority,77.65583005667271,77.65583005667271,0.0,1.0,0.0
network_neutral_static,2030-01-15 03:00:00,Clogher wind,Clogher,non_priority,85.71073476382608,32.03894519766537,53.67178956616071,1.0,53.67178956616071
network_neutral_static,2030-01-15 04:00:00,Clogher wind,Clogher,non_priority,86.25240884037296,86.25240884037296,0.0,1.0,0.0
network_neutral_static,2030-01-15 05:00:00,Clogher wind,Clogher,non_priority,84.9218479777445,51.21327054021734,33.70857743752717,1.0,33.70857743752717
network_neutral_static,2030-01-14 06:00:00,Croaghonagh wind,Croaghonagh,priority,60.60677741735044,60.60677741735044,0.0,1.0,0.0
network_neutral_static,2030-01-14 07:00:00,Croaghonagh wind,Croaghonagh,priority,86.08848218272233,86.08848218272233,0.0,1.0,0.0
network_neutral_static,2030-01-14 08:00:00,Croaghonagh wind,Croaghonagh,priority,95.1860608810277,95.1860608810277,0.0,1.0,0.0
network_neutral_static,2030-01-14 09:00:00,Croaghonagh wind,Croaghonagh,priority,115.24030742485701,115.24030742485701,0.0,1.0,0.0
network_neutral_static,2030-01-14 10:00:00,Croaghonagh wind,Croaghonagh,priority,109.39640054505645,109.39640054505645,0.0,1.0,0.0
network_neutral_static,2030-01-14 11:00:00,Croaghonagh wind,Croaghonagh,priority,120.73533693508975,120.73533693508975,0.0,1.0,0.0
network_neutral_static,2030-01-14 12:00:00,Croaghonagh wind,Croaghonagh,priority,70.10370159614367,70.10370159614367,0.0,1.0,0.0
network_neutral_static,2030-01-14 13:00:00,Croaghonagh wind,Croaghonagh,priority,73.1604537050968,73.1604537050968,0.0,1.0,0.0
network_neutral_static,2030-01-14 14:00:00,Croaghonagh wind,Croaghonagh,priority,52.68655909710675,52.68655909710675,0.0,1.0,0.0
network_neutral_static,2030-01-14 15:00:00,Croaghonagh wind,Croaghonagh,priority,98.13480402024487,98.13480402024487,0.0,1.0,0.0
network_neutral_static,2030-01-14 16:00:00,Croaghonagh wind,Croaghonagh,priority,78.48868206479241,78.48868206479241,0.0,1.0,0.0
network_neutral_static,2030-01-14 17:00:00,Croaghonagh wind,Croaghonagh,priority,88.11736524487304,88.11736524487304,0.0,1.0,0.0
network_neutral_static,2030-01-14 18:00:00,Croaghonagh wind,Croaghonagh,priority,61.410754679792184,61.410754679792184,0.0,1.0,0.0
network_neutral_static,2030-01-14 19:00:00,Croaghonagh wind,Croaghonagh,priority,68.56665332919714,68.56665332919714,0.0,1.0,0.0
network_neutral_static,2030-01-14 20:00:00,Croaghonagh wind,Croaghonagh,priority,45.29003367864538,45.29003367864538,0.0,1.0,0.0
network_neutral_static,2030-01-14 21:00:00,Croaghonagh wind,Croaghonagh,priority,55.09865454005457,55.09865454005457,0.0,1.0,0.0
network_neutral_static,2030-01-14 22:00:00,Croaghonagh wind,Croaghonagh,priority,50.41568457560471,50.41568457560471,0.0,1.0,0.0
network_neutral_static,2030-01-14 23:00:00,Croaghonagh wind,Croaghonagh,priority,83.40817248830035,83.40817248830035,0.0,1.0,0.0
network_neutral_static,2030-01-15 00:00:00,Croaghonagh wind,Croaghonagh,priority,106.97348835677384,106.97348835677384,0.0,1.0,0.0
network_neutral_static,2030-01-15 01:00:00,Croaghonagh wind,Croaghonagh,priority,113.4495040625436,112.1793265787902,1.2701774837534003,1.0,1.2701774837534003
network_neutral_static,2030-01-15 02:00:00,Croaghonagh wind,Croaghonagh,priority,110.0223057902172,110.0223057902172,0.0,1.0,0.0
network_neutral_static,2030-01-15 03:00:00,Croaghonagh wind,Croaghonagh,priority,121.43444558905436,121.43444558905436,0.0,1.0,0.0
network_neutral_static,2030-01-15 04:00:00,Croaghonagh wind,Croaghonagh,priority,122.20188611277268,122.20188611277268,0.0,1.0,0.0
network_neutral_static,2030-01-15 05:00:00,Croaghonagh wind,Croaghonagh,priority,120.31675560816319,120.31675560816319,0.0,1.0,0.0
network_neutral_static,2030-01-14 06:00:00,Cathaleen's Fall wind,Cathaleen's Fall,non_priority,17.06558185622301,17.06558185622301,0.0,1.0,0.0
network_neutral_static,2030-01-14 07:00:00,Cathaleen's Fall wind,Cathaleen's Fall,non_priority,26.304759535586047,26.304759535586047,0.0,1.0,0.0
network_neutral_static,2030-01-14 08:00:00,Cathaleen's Fall wind,Cathaleen's Fall,non_priority,24.23859938806136,24.23859938806136,0.0,1.0,0.0
network_neutral_static,2030-01-14 09:00:00,Cathaleen's Fall wind,Cathaleen's Fall,non_priority,36.34494154341771,36.34494154341771,0.0,1.0,0.0
network_neutral_static,2030-01-14 10:00:00,Cathaleen's Fall wind,Cathaleen's Fall,non_priority,29.489785468172506,29.489785468172506,0.0,1.0,0.0
network_neutral_static,2030-01-14 11:00:00,Cathaleen's Fall wind,Cathaleen's Fall,non_priority,39.321313680305025,39.321313680305025,0.0,1.0,0.0
network_neutral_static,2030-01-14 12:00:00,Cathaleen's Fall wind,Cathaleen's Fall,non_priority,15.706680713950725,15.706680713950725,0.0,1.0,0.0
network_neutral_static,2030-01-14 13:00:00,Cathaleen's Fall wind,Cathaleen's Fall,non_priority,14.539649719899293,14.539649719899293,0.0,1.0,0.0
network_neutral_static,2030-01-14 14:00:00,Cathaleen's Fall wind,Cathaleen's Fall,non_priority,10.564756953698785,10.564756953698785,0.0,1.0,0.0
network_neutral_static,2030-01-14 15:00:00,Cathaleen's Fall wind,Cathaleen's Fall,non_priority,27.739610281089035,27.739610281089035,0.0,1.0,0.0
network_neutral_static,2030-01-14 16:00:00,Cathaleen's Fall wind,Cathaleen's Fall,non_priority,22.419011738394744,22.419011738394744,0.0,1.0,0.0
network_neutral_static,2030-01-14 17:00:00,Cathaleen's Fall wind,Cathaleen's Fall,non_priority,27.211724313121177,27.211724313121177,0.0,1.0,0.0
network_neutral_static,2030-01-14 18:00:00,Cathaleen's Fall wind,Cathaleen's Fall,non_priority,17.750736656380095,17.750736656380095,0.0,1.0,0.0
network_neutral_static,2030-01-14 19:00:00,Cathaleen's Fall wind,Cathaleen's Fall,non_priority,17.284857015848406,17.284857015848406,0.0,1.0,0.0
network_neutral_static,2030-01-14 20:00:00,Cathaleen's Fall wind,Cathaleen's Fall,non_priority,9.507682135137717,9.507682135137717,0.0,1.0,0.0
network_neutral_static,2030-01-14 21:00:00,Cathaleen's Fall wind,Cathaleen's Fall,non_priority,11.369642214530684,11.369642214530684,0.0,1.0,0.0
network_neutral_static,2030-01-14 22:00:00,Cathaleen's Fall wind,Cathaleen's Fall,non_priority,9.743806337172176,9.743806337172176,0.0,1.0,0.0
network_neutral_static,2030-01-14 23:00:00,Cathaleen's Fall wind,Cathaleen's Fall,non_priority,21.307781543056603,21.307781543056603,0.0,1.0,0.0
network_neutral_static,2030-01-15 00:00:00,Cathaleen's Fall wind,Cathaleen's Fall,non_priority,32.19113877114846,32.19113877114846,0.0,1.0,0.0
network_neutral_static,2030-01-15 01:00:00,Cathaleen's Fall wind,Cathaleen's Fall,non_priority,38.42894162702094,38.42894162702094,0.0,1.0,0.0
network_neutral_static,2030-01-15 02:00:00,Cathaleen's Fall wind,Cathaleen's Fall,non_priority,35.846927229215495,35.846927229215495,0.0,1.0,0.0
network_neutral_static,2030-01-15 03:00:00,Cathaleen's Fall wind,Cathaleen's Fall,non_priority,41.546809570875624,41.546809570875624,0.0,1.0,0.0
network_neutral_static,2030-01-15 04:00:00,Cathaleen's Fall wind,Cathaleen's Fall,non_priority,47.323157797847365,47.323157797847365,0.0,1.0,0.0
network_neutral_static,2030-01-15 05:00:00,Cathaleen's Fall wind,Cathaleen's Fall,non_priority,43.17287437069037,43.17287437069037,0.0,1.0,0.0
network_neutral_static,2030-01-14 06:00:00,Binbane wind,Binbane,priority,27.333477679526855,27.333477679526855,0.0,1.0,0.0
network_neutral_static,2030-01-14 07:00:00,Binbane wind,Binbane,priority,40.469785835837996,40.469785835837996,0.0,1.0,0.0
network_neutral_static,2030-01-14 08:00:00,Binbane wind,Binbane,priority,36.70707660023346,36.70707660023346,0.0,1.0,0.0
network_neutral_static,2030-01-14 09:00:00,Binbane wind,Binbane,priority,51.186830544962504,51.186830544962504,0.0,1.0,0.0
network_neutral_static,2030-01-14 10:00:00,Binbane wind,Binbane,priority,42.91659071428766,42.91659071428766,0.0,1.0,0.0
network_neutral_static,2030-01-14 11:00:00,Binbane wind,Binbane,priority,63.98673960527397,63.98673960527397,0.0,1.0,0.0
network_neutral_static,2030-01-14 12:00:00,Binbane wind,Binbane,priority,23.011907571189607,23.011907571189607,0.0,1.0,0.0
network_neutral_static,2030-01-14 13:00:00,Binbane wind,Binbane,priority,21.688537448160083,21.688537448160083,0.0,1.0,0.0
network_neutral_static,2030-01-14 14:00:00,Binbane wind,Binbane,priority,16.284695479956607,16.284695479956607,0.0,1.0,0.0
network_neutral_static,2030-01-14 15:00:00,Binbane wind,Binbane,priority,39.94938853608373,39.94938853608373,0.0,1.0,0.0
network_neutral_static,2030-01-14 16:00:00,Binbane wind,Binbane,priority,28.084089579661878,28.084089579661878,0.0,1.0,0.0
network_neutral_static,2030-01-14 17:00:00,Binbane wind,Binbane,priority,41.393664095373595,41.393664095373595,0.0,1.0,0.0
network_neutral_static,2030-01-14 18:00:00,Binbane wind,Binbane,priority,29.074289475122907,29.074289475122907,0.0,1.0,0.0
network_neutral_static,2030-01-14 19:00:00,Binbane wind,Binbane,priority,29.04238105857128,29.04238105857128,0.0,1.0,0.0
network_neutral_static,2030-01-14 20:00:00,Binbane wind,Binbane,priority,19.413518451735037,19.413518451735037,0.0,1.0,0.0
network_neutral_static,2030-01-14 21:00:00,Binbane wind,Binbane,priority,26.696061520537143,26.696061520537143,0.0,1.0,0.0
network_neutral_static,2030-01-14 22:00:00,Binbane wind,Binbane,priority,17.749052184528963,17.749052184528963,0.0,1.0,0.0
network_neutral_static,2030-01-14 23:00:00,Binbane wind,Binbane,priority,32.72658015748152,32.72658015748152,0.0,1.0,0.0
network_neutral_static,2030-01-15 00:00:00,Binbane wind,Binbane,priority,50.90798289996044,50.90798289996044,0.0,1.0,0.0
network_neutral_static,2030-01-15 01:00:00,Binbane wind,Binbane,priority,57.86229967351554,57.86229967351554,0.0,1.0,0.0
network_neutral_static,2030-01-15 02:00:00,Binbane wind,Binbane,priority,60.96108599102347,60.96108599102347,0.0,1.0,0.0
network_neutral_static,2030-01-15 03:00:00,Binbane wind,Binbane,priority,73.4863184329048,73.4863184329048,0.0,1.0,0.0
network_neutral_static,2030-01-15 04:00:00,Binbane wind,Binbane,priority,73.9618363594108,73.9618363594108,0.0,1.0,0.0
network_neutral_static,2030-01-15 05:00:00,Binbane wind,Binbane,priority,67.17722828811425,67.17722828811425,0.0,1.0,0.0
network_neutral_static,2030-01-14 06:00:00,Letterkenny wind,Letterkenny,non_priority,41.830722718593194,41.830722718593194,0.0,1.0,0.0
network_neutral_static,2030-01-14 07:00:00,Letterkenny wind,Letterkenny,non_priority,63.57712569629948,63.57712569629948,0.0,1.0,0.0
network_neutral_static,2030-01-14 08:00:00,Letterkenny wind,Letterkenny,non_priority,64.66630719678498,64.66630719678498,0.0,1.0,0.0
network_neutral_static,2030-01-14 09:00:00,Letterkenny wind,Letterkenny,non_priority,70.40660848889743,70.40660848889743,0.0,1.0,0.0
network_neutral_static,2030-01-14 10:00:00,Letterkenny wind,Letterkenny,non_priority,66.90938286861449,66.90938286861449,0.0,1.0,0.0
network_neutral_static,2030-01-14 11:00:00,Letterkenny wind,Letterkenny,non_priority,72.9178849325516,72.9178849325516,0.0,1.0,0.0
network_neutral_static,2030-01-14 12:00:00,Letterkenny wind,Letterkenny,non_priority,45.80196408108124,45.80196408108124,0.0,1.0,0.0
network_neutral_static,2030-01-14 13:00:00,Letterkenny wind,Letterkenny,non_priority,38.75208102584755,38.75208102584755,0.0,1.0,0.0
network_neutral_static,2030-01-14 14:00:00,Letterkenny wind,Letterkenny,non_priority,27.804403633009798,27.804403633009798,0.0,1.0,0.0
network_neutral_static,2030-01-14 15:00:00,Letterkenny wind,Letterkenny,non_priority,53.218544472903446,53.218544472903446,0.0,1.0,0.0
network_neutral_static,2030-01-14 16:00:00,Letterkenny wind,Letterkenny,non_priority,44.314804914683855,44.314804914683855,0.0,1.0,0.0
network_neutral_static,2030-01-14 17:00:00,Letterkenny wind,Letterkenny,non_priority,50.45340837765898,50.45340837765898,0.0,1.0,0.0
network_neutral_static,2030-01-14 18:00:00,Letterkenny wind,Letterkenny,non_priority,42.00655042792764,42.00655042792764,0.0,1.0,0.0
network_neutral_static,2030-01-14 19:00:00,Letterkenny wind,Letterkenny,non_priority,48.328192035092485,48.328192035092485,0.0,1.0,0.0
network_neutral_static,2030-01-14 20:00:00,Letterkenny wind,Letterkenny,non_priority,33.13878633764136,33.13878633764136,0.0,1.0,0.0
network_neutral_static,2030-01-14 21:00:00,Letterkenny wind,Letterkenny,non_priority,34.82535731465508,34.82535731465508,0.0,1.0,0.0
network_neutral_static,2030-01-14 22:00:00,Letterkenny wind,Letterkenny,non_priority,29.77431323852741,29.77431323852741,0.0,1.0,0.0
network_neutral_static,2030-01-14 23:00:00,Letterkenny wind,Letterkenny,non_priority,51.553512231645605,51.553512231645605,0.0,1.0,0.0
network_neutral_static,2030-01-15 00:00:00,Letterkenny wind,Letterkenny,non_priority,70.85855889896892,70.85855889896892,0.0,1.0,0.0
network_neutral_static,2030-01-15 01:00:00,Letterkenny wind,Letterkenny,non_priority,75.1384254918753,75.1384254918753,0.0,1.0,0.0
network_neutral_static,2030-01-15 02:00:00,Letterkenny wind,Letterkenny,non_priority,75.13788026194989,70.93280565197608,4.205074609973806,1.0,4.205074609973806
network_neutral_static,2030-01-15 03:00:00,Letterkenny wind,Letterkenny,non_priority,80.17408608066965,80.17408608066965,0.0,1.0,0.0
network_neutral_static,2030-01-15 04:00:00,Letterkenny wind,Letterkenny,non_priority,79.52967447348547,9.777763990551527,69.75191048293394,1.0,69.75191048293394
network_neutral_static,2030-01-15 05:00:00,Letterkenny wind,Letterkenny,non_priority,77.21798476078645,77.21798476078645,0.0,1.0,0.0
network_neutral_static,2030-01-14 06:00:00,Drumkeen wind,Drumkeen,priority,34.55542716559042,34.55542716559042,0.0,1.0,0.0
network_neutral_static,2030-01-14 07:00:00,Drumkeen wind,Drumkeen,priority,50.975069607586114,50.975069607586114,0.0,1.0,0.0
network_neutral_static,2030-01-14 08:00:00,Drumkeen wind,Drumkeen,priority,51.11248966928623,51.11248966928623,0.0,1.0,0.0
network_neutral_static,2030-01-14 09:00:00,Drumkeen wind,Drumkeen,priority,60.53250673787193,18.860139612419218,41.67236712545271,1.0,41.67236712545271
network_neutral_static,2030-01-14 10:00:00,Drumkeen wind,Drumkeen,priority,56.04454036594005,56.04454036594005,0.0,1.0,0.0
network_neutral_static,2030-01-14 11:00:00,Drumkeen wind,Drumkeen,priority,64.6895731803692,64.6895731803692,0.0,1.0,0.0
network_neutral_static,2030-01-14 12:00:00,Drumkeen wind,Drumkeen,priority,33.79557917796294,33.79557917796294,0.0,1.0,0.0
network_neutral_static,2030-01-14 13:00:00,Drumkeen wind,Drumkeen,priority,30.68441183088882,30.68441183088882,0.0,1.0,0.0
network_neutral_static,2030-01-14 14:00:00,Drumkeen wind,Drumkeen,priority,26.81721823025692,26.81721823025692,0.0,1.0,0.0
network_neutral_static,2030-01-14 15:00:00,Drumkeen wind,Drumkeen,priority,57.38530526180425,57.38530526180425,0.0,1.0,0.0
network_neutral_static,2030-01-14 16:00:00,Drumkeen wind,Drumkeen,priority,47.52733071606942,47.52733071606942,0.0,1.0,0.0
network_neutral_static,2030-01-14 17:00:00,Drumkeen wind,Drumkeen,priority,54.65476115411948,54.65476115411948,0.0,1.0,0.0
network_neutral_static,2030-01-14 18:00:00,Drumkeen wind,Drumkeen,priority,44.28009416682733,44.28009416682733,0.0,1.0,0.0
network_neutral_static,2030-01-14 19:00:00,Drumkeen wind,Drumkeen,priority,46.02952584477828,46.02952584477828,0.0,1.0,0.0
network_neutral_static,2030-01-14 20:00:00,Drumkeen wind,Drumkeen,priority,29.723393519850315,29.723393519850315,0.0,1.0,0.0
network_neutral_static,2030-01-14 21:00:00,Drumkeen wind,Drumkeen,priority,34.56779472137786,34.56779472137786,0.0,1.0,0.0
network_neutral_static,2030-01-14 22:00:00,Drumkeen wind,Drumkeen,priority,29.900882784608402,29.900882784608402,0.0,1.0,0.0
network_neutral_static,2030-01-14 23:00:00,Drumkeen wind,Drumkeen,priority,49.62574893232017,49.62574893232017,0.0,1.0,0.0
network_neutral_static,2030-01-15 00:00:00,Drumkeen wind,Drumkeen,priority,67.32561827012364,67.32561827012364,0.0,1.0,0.0
network_neutral_static,2030-01-15 01:00:00,Drumkeen wind,Drumkeen,priority,68.02099150640097,68.02099150640097,0.0,1.0,0.0
network_neutral_static,2030-01-15 02:00:00,Drumkeen wind,Drumkeen,priority,68.7080190460109,-0.0,68.7080190460109,1.0,68.7080190460109
network_neutral_static,2030-01-15 03:00:00,Drumkeen wind,Drumkeen,priority,75.21292299628776,-0.0,75.21292299628776,1.0,75.21292299628776
network_neutral_static,2030-01-15 04:00:00,Drumkeen wind,Drumkeen,priority,74.79907029289112,-0.0,74.79907029289112,1.0,74.79907029289112
network_neutral_static,2030-01-15 05:00:00,Drumkeen wind,Drumkeen,priority,73.21976048416526,-0.0,73.21976048416526,1.0,73.21976048416526
network_neutral_static,2030-01-14 06:00:00,Glenree wind,Glenree,non_priority,13.03427761797363,13.03427761797363,0.0,1.0,0.0
network_neutral_static,2030-01-14 07:00:00,Glenree wind,Glenree,non_priority,17.533290698316616,17.533290698316616,0.0,1.0,0.0
network_neutral_static,2030-01-14 08:00:00,Glenree wind,Glenree,non_priority,16.188019592378055,16.188019592378055,0.0,1.0,0.0
network_neutral_static,2030-01-14 09:00:00,Glenree wind,Glenree,non_priority,36.09724325985801,36.09724325985801,0.0,1.0,0.0
network_neutral_static,2030-01-14 10:00:00,Glenree wind,Glenree,non_priority,35.57474970744608,35.57474970744608,0.0,1.0,0.0
network_neutral_static,2030-01-14 11:00:00,Glenree wind,Glenree,non_priority,38.00765352741275,38.00765352741275,0.0,1.0,0.0
network_neutral_static,2030-01-14 12:00:00,Glenree wind,Glenree,non_priority,11.558273600923668,11.558273600923668,0.0,1.0,0.0
network_neutral_static,2030-01-14 13:00:00,Glenree wind,Glenree,non_priority,8.556135615272925,8.556135615272925,0.0,1.0,0.0
network_neutral_static,2030-01-14 14:00:00,Glenree wind,Glenree,non_priority,7.203218688453863,7.203218688453863,0.0,1.0,0.0
network_neutral_static,2030-01-14 15:00:00,Glenree wind,Glenree,non_priority,18.87446621236314,18.87446621236314,0.0,1.0,0.0
network_neutral_static,2030-01-14 16:00:00,Glenree wind,Glenree,non_priority,18.251840272306442,18.251840272306442,0.0,1.0,0.0
network_neutral_static,2030-01-14 17:00:00,Glenree wind,Glenree,non_priority,28.26602346706999,28.26602346706999,0.0,1.0,0.0
network_neutral_static,2030-01-14 18:00:00,Glenree wind,Glenree,non_priority,23.141273938529515,23.141273938529515,0.0,1.0,0.0
network_neutral_static,2030-01-14 19:00:00,Glenree wind,Glenree,non_priority,22.082604665052486,22.082604665052486,0.0,1.0,0.0
network_neutral_static,2030-01-14 20:00:00,Glenree wind,Glenree,non_priority,15.23860497137327,15.23860497137327,0.0,1.0,0.0
network_neutral_static,2030-01-14 21:00:00,Glenree wind,Glenree,non_priority,11.634409264720908,11.634409264720908,0.0,1.0,0.0
network_neutral_static,2030-01-14 22:00:00,Glenree wind,Glenree,non_priority,9.1416749782349,9.1416749782349,0.0,1.0,0.0
network_neutral_static,2030-01-14 23:00:00,Glenree wind,Glenree,non_priority,15.468327883513929,15.468327883513929,0.0,1.0,0.0
network_neutral_static,2030-01-15 00:00:00,Glenree wind,Glenree,non_priority,21.637593736295372,21.637593736295372,0.0,1.0,0.0
network_neutral_static,2030-01-15 01:00:00,Glenree wind,Glenree,non_priority,23.282034318691757,23.282034318691757,0.0,1.0,0.0
network_neutral_static,2030-01-15 02:00:00,Glenree wind,Glenree,non_priority,29.980153284540872,29.980153284540872,0.0,1.0,0.0
network_neutral_static,2030-01-15 03:00:00,Glenree wind,Glenree,non_priority,38.594225330690804,38.594225330690804,0.0,1.0,0.0
network_neutral_static,2030-01-15 04:00:00,Glenree wind,Glenree,non_priority,44.24904576132181,44.24904576132181,0.0,1.0,0.0
network_neutral_static,2030-01-15 05:00:00,Glenree wind,Glenree,non_priority,35.347954349225596,35.347954349225596,0.0,1.0,0.0
network_neutral_static,2030-01-14 06:00:00,Sorne Hill wind,Sorne Hill,non_priority,14.10332549394124,14.10332549394124,0.0,1.0,0.0
network_neutral_static,2030-01-14 07:00:00,Sorne Hill wind,Sorne Hill,non_priority,27.65927622121897,27.65927622121897,0.0,1.0,0.0
network_neutral_static,2030-01-14 08:00:00,Sorne Hill wind,Sorne Hill,non_priority,31.57292471203537,31.57292471203537,0.0,1.0,0.0
network_neutral_static,2030-01-14 09:00:00,Sorne Hill wind,Sorne Hill,non_priority,30.856659273453886,30.856659273453886,0.0,1.0,0.0
network_neutral_static,2030-01-14 10:00:00,Sorne Hill wind,Sorne Hill,non_priority,22.562850613697613,22.562850613697613,0.0,1.0,0.0
network_neutral_static,2030-01-14 11:00:00,Sorne Hill wind,Sorne Hill,non_priority,29.46775743584074,29.46775743584074,0.0,1.0,0.0
network_neutral_static,2030-01-14 12:00:00,Sorne Hill wind,Sorne Hill,non_priority,13.911591944996564,13.911591944996564,0.0,1.0,0.0
network_neutral_static,2030-01-14 13:00:00,Sorne Hill wind,Sorne Hill,non_priority,12.225090131852161,12.225090131852161,0.0,1.0,0.0
network_neutral_static,2030-01-14 14:00:00,Sorne Hill wind,Sorne Hill,non_priority,9.100715189151563,9.100715189151563,0.0,1.0,0.0
network_neutral_static,2030-01-14 15:00:00,Sorne Hill wind,Sorne Hill,non_priority,17.35269141104657,17.35269141104657,0.0,1.0,0.0
network_neutral_static,2030-01-14 16:00:00,Sorne Hill wind,Sorne Hill,non_priority,12.735443310024104,12.735443310024104,0.0,1.0,0.0
network_neutral_static,2030-01-14 17:00:00,Sorne Hill wind,Sorne Hill,non_priority,12.829685132860396,12.829685132860396,0.0,1.0,0.0
network_neutral_static,2030-01-14 18:00:00,Sorne Hill wind,Sorne Hill,non_priority,10.921434353595691,10.921434353595691,0.0,1.0,0.0
network_neutral_static,2030-01-14 19:00:00,Sorne Hill wind,Sorne Hill,non_priority,13.985471597453586,13.985471597453586,0.0,1.0,0.0
network_neutral_static,2030-01-14 20:00:00,Sorne Hill wind,Sorne Hill,non_priority,9.789263877525505,9.789263877525505,0.0,1.0,0.0
network_neutral_static,2030-01-14 21:00:00,Sorne Hill wind,Sorne Hill,non_priority,13.246118494741266,13.246118494741266,0.0,1.0,0.0
network_neutral_static,2030-01-14 22:00:00,Sorne Hill wind,Sorne Hill,non_priority,11.107911409982277,11.107911409982277,0.0,1.0,0.0
network_neutral_static,2030-01-14 23:00:00,Sorne Hill wind,Sorne Hill,non_priority,20.197918411359524,20.197918411359524,0.0,1.0,0.0
network_neutral_static,2030-01-15 00:00:00,Sorne Hill wind,Sorne Hill,non_priority,28.63996917653709,28.63996917653709,0.0,1.0,0.0
network_neutral_static,2030-01-15 01:00:00,Sorne Hill wind,Sorne Hill,non_priority,28.277885843965812,28.277885843965812,0.0,1.0,0.0
network_neutral_static,2030-01-15 02:00:00,Sorne Hill wind,Sorne Hill,non_priority,25.648240392411775,25.648240392411775,0.0,1.0,0.0
network_neutral_static,2030-01-15 03:00:00,Sorne Hill wind,Sorne Hill,non_priority,26.372122088212148,26.372122088212148,0.0,1.0,0.0
network_neutral_static,2030-01-15 04:00:00,Sorne Hill wind,Sorne Hill,non_priority,28.727813786240404,28.727813786240404,0.0,1.0,0.0
network_neutral_static,2030-01-15 05:00:00,Sorne Hill wind,Sorne Hill,non_priority,22.818123238147724,22.818123238147724,0.0,1.0,0.0
network_neutral_static,2030-01-14 06:00:00,Sligo wind,Sligo,non_priority,15.38615557862624,15.38615557862624,0.0,1.0,0.0
network_neutral_static,2030-01-14 07:00:00,Sligo wind,Sligo,non_priority,18.963381098953494,18.963381098953494,0.0,1.0,0.0
network_neutral_static,2030-01-14 08:00:00,Sligo wind,Sligo,non_priority,17.338909776037852,17.338909776037852,0.0,1.0,0.0
network_neutral_static,2030-01-14 09:00:00,Sligo wind,Sligo,non_priority,28.095248018194017,28.095248018194017,0.0,1.0,0.0
network_neutral_static,2030-01-14 10:00:00,Sligo wind,Sligo,non_priority,27.456797752993715,27.456797752993715,0.0,1.0,0.0
network_neutral_static,2030-01-14 11:00:00,Sligo wind,Sligo,non_priority,28.827532476372713,28.827532476372713,0.0,1.0,0.0
network_neutral_static,2030-01-14 12:00:00,Sligo wind,Sligo,non_priority,8.929375862022011,8.929375862022011,0.0,1.0,0.0
network_neutral_static,2030-01-14 13:00:00,Sligo wind,Sligo,non_priority,7.568624661157955,7.568624661157955,0.0,1.0,0.0
network_neutral_static,2030-01-14 14:00:00,Sligo wind,Sligo,non_priority,5.661926867589395,5.661926867589395,0.0,1.0,0.0
network_neutral_static,2030-01-14 15:00:00,Sligo wind,Sligo,non_priority,14.722572594976858,14.722572594976858,0.0,1.0,0.0
network_neutral_static,2030-01-14 16:00:00,Sligo wind,Sligo,non_priority,15.851110952974626,15.851110952974626,0.0,1.0,0.0
network_neutral_static,2030-01-14 17:00:00,Sligo wind,Sligo,non_priority,22.990937252059087,22.990937252059087,0.0,1.0,0.0
network_neutral_static,2030-01-14 18:00:00,Sligo wind,Sligo,non_priority,18.14116087033879,18.14116087033879,0.0,1.0,0.0
network_neutral_static,2030-01-14 19:00:00,Sligo wind,Sligo,non_priority,17.226133745601267,17.226133745601267,0.0,1.0,0.0
network_neutral_static,2030-01-14 20:00:00,Sligo wind,Sligo,non_priority,9.592058067111365,9.592058067111365,0.0,1.0,0.0
network_neutral_static,2030-01-14 21:00:00,Sligo wind,Sligo,non_priority,7.062277502012783,7.062277502012783,0.0,1.0,0.0
network_neutral_static,2030-01-14 22:00:00,Sligo wind,Sligo,non_priority,7.899750358484654,7.899750358484654,0.0,1.0,0.0
network_neutral_static,2030-01-14 23:00:00,Sligo wind,Sligo,non_priority,14.982180517477701,14.982180517477701,0.0,1.0,0.0
network_neutral_static,2030-01-15 00:00:00,Sligo wind,Sligo,non_priority,17.36594389469885,17.36594389469885,0.0,1.0,0.0
network_neutral_static,2030-01-15 01:00:00,Sligo wind,Sligo,non_priority,18.816862901567028,18.816862901567028,0.0,1.0,0.0
network_neutral_static,2030-01-15 02:00:00,Sligo wind,Sligo,non_priority,25.22719762530992,25.22719762530992,0.0,1.0,0.0
network_neutral_static,2030-01-15 03:00:00,Sligo wind,Sligo,non_priority,33.567470746615925,33.567470746615925,0.0,1.0,0.0
network_neutral_static,2030-01-15 04:00:00,Sligo wind,Sligo,non_priority,36.330800980491304,36.330800980491304,0.0,1.0,0.0
network_neutral_static,2030-01-15 05:00:00,Sligo wind,Sligo,non_priority,34.49056465103515,34.49056465103515,0.0,1.0,0.0
network_neutral_static,2030-01-14 06:00:00,Trillick wind,Trillick,non_priority,9.964863499197378,9.964863499197378,0.0,1.0,0.0
network_neutral_static,2030-01-14 07:00:00,Trillick wind,Trillick,non_priority,19.54297319092927,19.54297319092927,0.0,1.0,0.0
network_neutral_static,2030-01-14 08:00:00,Trillick wind,Trillick,non_priority,22.30820561866974,22.30820561866974,0.0,1.0,0.0
network_neutral_static,2030-01-14 09:00:00,Trillick wind,Trillick,non_priority,21.802120204437223,21.802120204437223,0.0,1.0,0.0
network_neutral_static,2030-01-14 10:00:00,Trillick wind,Trillick,non_priority,15.942036267607056,15.942036267607056,0.0,1.0,0.0
network_neutral_static,2030-01-14 11:00:00,Trillick wind,Trillick,non_priority,20.820775965339486,20.820775965339486,0.0,1.0,0.0
network_neutral_static,2030-01-14 12:00:00,Trillick wind,Trillick,non_priority,9.82939200034619,9.82939200034619,0.0,1.0,0.0
network_neutral_static,2030-01-14 13:00:00,Trillick wind,Trillick,non_priority,8.637775146126057,8.637775146126057,0.0,1.0,0.0
network_neutral_static,2030-01-14 14:00:00,Trillick wind,Trillick,non_priority,6.4302128348329415,6.4302128348329415,0.0,1.0,0.0
network_neutral_static,2030-01-14 15:00:00,Trillick wind,Trillick,non_priority,12.260739591457257,12.260739591457257,0.0,1.0,0.0
network_neutral_static,2030-01-14 16:00:00,Trillick wind,Trillick,non_priority,8.99837093320122,8.99837093320122,0.0,1.0,0.0
network_neutral_static,2030-01-14 17:00:00,Trillick wind,Trillick,non_priority,9.064958554743576,9.064958554743576,0.0,1.0,0.0
network_neutral_static,2030-01-14 18:00:00,Trillick wind,Trillick,non_priority,7.716662470548481,7.716662470548481,0.0,1.0,0.0
network_neutral_static,2030-01-14 19:00:00,Trillick wind,Trillick,non_priority,9.881592501030843,9.881592501030843,0.0,1.0,0.0
network_neutral_static,2030-01-14 20:00:00,Trillick wind,Trillick,non_priority,6.916714666982054,6.916714666982054,0.0,1.0,0.0
network_neutral_static,2030-01-14 21:00:00,Trillick wind,Trillick,non_priority,9.359194237628257,9.359194237628257,0.0,1.0,0.0
network_neutral_static,2030-01-14 22:00:00,Trillick wind,Trillick,non_priority,7.848419935369296,7.848419935369296,0.0,1.0,0.0
network_neutral_static,2030-01-14 23:00:00,Trillick wind,Trillick,non_priority,14.271066779504459,14.271066779504459,0.0,1.0,0.0
network_neutral_static,2030-01-15 00:00:00,Trillick wind,Trillick,non_priority,20.23589284584099,20.23589284584099,0.0,1.0,0.0
network_neutral_static,2030-01-15 01:00:00,Trillick wind,Trillick,non_priority,19.980058788408414,19.980058788408414,0.0,1.0,0.0
network_neutral_static,2030-01-15 02:00:00,Trillick wind,Trillick,non_priority,18.12205317212462,18.12205317212462,0.0,1.0,0.0
network_neutral_static,2030-01-15 03:00:00,Trillick wind,Trillick,non_priority,18.633519938690924,18.633519938690924,0.0,1.0,0.0
network_neutral_static,2030-01-15 04:00:00,Trillick wind,Trillick,non_priority,20.29796044438077,20.29796044438077,0.0,1.0,0.0
network_neutral_static,2030-01-15 05:00:00,Trillick wind,Trillick,non_priority,16.12240201601299,16.12240201601299,0.0,1.0,0.0
network_neutral_static,2030-01-14 06:00:00,Tievebrack wind,Tievebrack,non_priority,22.908401330875424,22.908401330875424,0.0,1.0,0.0
network_neutral_static,2030-01-14 07:00:00,Tievebrack wind,Tievebrack,non_priority,24.632119683754777,24.632119683754777,0.0,1.0,0.0
network_neutral_static,2030-01-14 08:00:00,Tievebrack wind,Tievebrack,non_priority,25.01808194518203,25.01808194518203,0.0,1.0,0.0
network_neutral_static,2030-01-14 09:00:00,Tievebrack wind,Tievebrack,non_priority,26.78235155267537,26.78235155267537,0.0,1.0,0.0
network_neutral_static,2030-01-14 10:00:00,Tievebrack wind,Tievebrack,non_priority,26.752202754374046,26.752202754374046,0.0,1.0,0.0
network_neutral_static,2030-01-14 11:00:00,Tievebrack wind,Tievebrack,non_priority,26.90314095334458,26.90314095334458,0.0,1.0,0.0
network_neutral_static,2030-01-14 12:00:00,Tievebrack wind,Tievebrack,non_priority,24.109784007653495,24.109784007653495,0.0,1.0,0.0
network_neutral_static,2030-01-14 13:00:00,Tievebrack wind,Tievebrack,non_priority,24.029552855336576,24.029552855336576,0.0,1.0,0.0
network_neutral_static,2030-01-14 14:00:00,Tievebrack wind,Tievebrack,non_priority,19.378318284957874,19.378318284957874,0.0,1.0,0.0
network_neutral_static,2030-01-14 15:00:00,Tievebrack wind,Tievebrack,non_priority,26.183943377833355,26.183943377833355,0.0,1.0,0.0
network_neutral_static,2030-01-14 16:00:00,Tievebrack wind,Tievebrack,non_priority,23.17530116883002,23.17530116883002,0.0,1.0,0.0
network_neutral_static,2030-01-14 17:00:00,Tievebrack wind,Tievebrack,non_priority,26.009972239751125,26.009972239751125,0.0,1.0,0.0
network_neutral_static,2030-01-14 18:00:00,Tievebrack wind,Tievebrack,non_priority,22.584455632003788,22.584455632003788,0.0,1.0,0.0
network_neutral_static,2030-01-14 19:00:00,Tievebrack wind,Tievebrack,non_priority,22.960275733843226,22.960275733843226,0.0,1.0,0.0
network_neutral_static,2030-01-14 20:00:00,Tievebrack wind,Tievebrack,non_priority,16.318130280025226,16.318130280025226,0.0,1.0,0.0
network_neutral_static,2030-01-14 21:00:00,Tievebrack wind,Tievebrack,non_priority,17.893693138183508,17.893693138183508,0.0,1.0,0.0
network_neutral_static,2030-01-14 22:00:00,Tievebrack wind,Tievebrack,non_priority,13.534487156275423,13.534487156275423,0.0,1.0,0.0
network_neutral_static,2030-01-14 23:00:00,Tievebrack wind,Tievebrack,non_priority,20.332279045054594,20.332279045054594,0.0,1.0,0.0
network_neutral_static,2030-01-15 00:00:00,Tievebrack wind,Tievebrack,non_priority,23.277638304624805,23.277638304624805,0.0,1.0,0.0
network_neutral_static,2030-01-15 01:00:00,Tievebrack wind,Tievebrack,non_priority,26.03254988925109,26.03254988925109,0.0,1.0,0.0
network_neutral_static,2030-01-15 02:00:00,Tievebrack wind,Tievebrack,non_priority,25.821671463898564,25.821671463898564,0.0,1.0,0.0
network_neutral_static,2030-01-15 03:00:00,Tievebrack wind,Tievebrack,non_priority,26.85090877560257,26.85090877560257,0.0,1.0,0.0
network_neutral_static,2030-01-15 04:00:00,Tievebrack wind,Tievebrack,non_priority,26.877928225406777,26.877928225406777,0.0,1.0,0.0
network_neutral_static,2030-01-15 05:00:00,Tievebrack wind,Tievebrack,non_priority,26.733296306950407,26.733296306950407,0.0,1.0,0.0
network_neutral_static,2030-01-14 06:00:00,Ardnagappary wind,Ardnagappary,priority,6.537031392376762,6.537031392376762,0.0,1.0,0.0
network_neutral_static,2030-01-14 07:00:00,Ardnagappary wind,Ardnagappary,priority,8.72360521011195,8.72360521011195,0.0,1.0,0.0
network_neutral_static,2030-01-14 08:00:00,Ardnagappary wind,Ardnagappary,priority,10.149300961964267,10.149300961964267,0.0,1.0,0.0
network_neutral_static,2030-01-14 09:00:00,Ardnagappary wind,Ardnagappary,priority,15.264254859517026,15.264254859517026,0.0,1.0,0.0
network_neutral_static,2030-01-14 10:00:00,Ardnagappary wind,Ardnagappary,priority,15.59986947017423,15.59986947017423,0.0,1.0,0.0
network_neutral_static,2030-01-14 11:00:00,Ardnagappary wind,Ardnagappary,priority,18.949626838774176,18.949626838774176,0.0,1.0,0.0
network_neutral_static,2030-01-14 12:00:00,Ardnagappary wind,Ardnagappary,priority,8.926854703258773,8.926854703258773,0.0,1.0,0.0
network_neutral_static,2030-01-14 13:00:00,Ardnagappary wind,Ardnagappary,priority,8.171915846519298,8.171915846519298,0.0,1.0,0.0
network_neutral_static,2030-01-14 14:00:00,Ardnagappary wind,Ardnagappary,priority,6.721109657901389,6.721109657901389,0.0,1.0,0.0
network_neutral_static,2030-01-14 15:00:00,Ardnagappary wind,Ardnagappary,priority,10.974512710872498,10.974512710872498,0.0,1.0,0.0
network_neutral_static,2030-01-14 16:00:00,Ardnagappary wind,Ardnagappary,priority,7.24027131493665,7.24027131493665,0.0,1.0,0.0
network_neutral_static,2030-01-14 17:00:00,Ardnagappary wind,Ardnagappary,priority,9.922983052024193,9.922983052024193,0.0,1.0,0.0
network_neutral_static,2030-01-14 18:00:00,Ardnagappary wind,Ardnagappary,priority,7.226284570827453,7.226284570827453,0.0,1.0,0.0
network_neutral_static,2030-01-14 19:00:00,Ardnagappary wind,Ardnagappary,priority,9.083114545348463,9.083114545348463,0.0,1.0,0.0
network_neutral_static,2030-01-14 20:00:00,Ardnagappary wind,Ardnagappary,priority,6.102653435855914,6.102653435855914,0.0,1.0,0.0
network_neutral_static,2030-01-14 21:00:00,Ardnagappary wind,Ardnagappary,priority,10.648010494049585,10.648010494049585,0.0,1.0,0.0
network_neutral_static,2030-01-14 22:00:00,Ardnagappary wind,Ardnagappary,priority,7.553182610698592,7.553182610698592,0.0,1.0,0.0
network_neutral_static,2030-01-14 23:00:00,Ardnagappary wind,Ardnagappary,priority,10.54871531246997,10.54871531246997,0.0,1.0,0.0
network_neutral_static,2030-01-15 00:00:00,Ardnagappary wind,Ardnagappary,priority,13.773518746655606,13.773518746655606,0.0,1.0,0.0
network_neutral_static,2030-01-15 01:00:00,Ardnagappary wind,Ardnagappary,priority,16.503804883752125,16.503804883752125,0.0,1.0,0.0
network_neutral_static,2030-01-15 02:00:00,Ardnagappary wind,Ardnagappary,priority,15.28901105438842,15.28901105438842,0.0,1.0,0.0
network_neutral_static,2030-01-15 03:00:00,Ardnagappary wind,Ardnagappary,priority,18.700598387726814,18.700598387726814,0.0,1.0,0.0
network_neutral_static,2030-01-15 04:00:00,Ardnagappary wind,Ardnagappary,priority,18.428029316015525,18.428029316015525,0.0,1.0,0.0
network_neutral_static,2030-01-15 05:00:00,Ardnagappary wind,Ardnagappary,priority,16.590172413371633,16.590172413371633,0.0,1.0,0.0
network_priority_static,2030-01-14 06:00:00,Moy wind,Moy,non_priority,2.593172695583545,2.593172695583545,0.0,1.0,0.0
network_priority_static,2030-01-14 07:00:00,Moy wind,Moy,non_priority,6.114057821370654,6.114057821370654,0.0,1.0,0.0
network_priority_static,2030-01-14 08:00:00,Moy wind,Moy,non_priority,5.270951042751047,5.270951042751047,0.0,1.0,0.0
network_priority_static,2030-01-14 09:00:00,Moy wind,Moy,non_priority,11.047560087227543,11.047560087227543,0.0,1.0,0.0
network_priority_static,2030-01-14 10:00:00,Moy wind,Moy,non_priority,12.148773043499407,12.148773043499407,0.0,1.0,0.0
network_priority_static,2030-01-14 11:00:00,Moy wind,Moy,non_priority,17.131255387700786,17.131255387700786,0.0,1.0,0.0
network_priority_static,2030-01-14 12:00:00,Moy wind,Moy,non_priority,4.658483868443723,4.658483868443723,0.0,1.0,0.0
network_priority_static,2030-01-14 13:00:00,Moy wind,Moy,non_priority,3.8256639721185137,3.8256639721185137,0.0,1.0,0.0
network_priority_static,2030-01-14 14:00:00,Moy wind,Moy,non_priority,3.3605464756831065,3.3605464756831065,0.0,1.0,0.0
network_priority_static,2030-01-14 15:00:00,Moy wind,Moy,non_priority,11.730051014997986,11.730051014997986,0.0,1.0,0.0
network_priority_static,2030-01-14 16:00:00,Moy wind,Moy,non_priority,11.795881522163766,11.795881522163766,0.0,1.0,0.0
network_priority_static,2030-01-14 17:00:00,Moy wind,Moy,non_priority,17.165011510422797,17.165011510422797,0.0,1.0,0.0
network_priority_static,2030-01-14 18:00:00,Moy wind,Moy,non_priority,12.582531697636798,12.582531697636798,0.0,1.0,0.0
network_priority_static,2030-01-14 19:00:00,Moy wind,Moy,non_priority,10.434839390200098,10.434839390200098,0.0,1.0,0.0
network_priority_static,2030-01-14 20:00:00,Moy wind,Moy,non_priority,7.535971975801032,7.535971975801032,0.0,1.0,0.0
network_priority_static,2030-01-14 21:00:00,Moy wind,Moy,non_priority,6.48874475138805,6.48874475138805,0.0,1.0,0.0
network_priority_static,2030-01-14 22:00:00,Moy wind,Moy,non_priority,6.056832557293562,6.056832557293562,0.0,1.0,0.0
network_priority_static,2030-01-14 23:00:00,Moy wind,Moy,non_priority,11.844557453997908,11.844557453997908,0.0,1.0,0.0
network_priority_static,2030-01-15 00:00:00,Moy wind,Moy,non_priority,16.84478027321001,16.84478027321001,0.0,1.0,0.0
network_priority_static,2030-01-15 01:00:00,Moy wind,Moy,non_priority,17.031689988566228,17.031689988566228,0.0,1.0,0.0
network_priority_static,2030-01-15 02:00:00,Moy wind,Moy,non_priority,19.69017615595648,19.69017615595648,0.0,1.0,0.0
network_priority_static,2030-01-15 03:00:00,Moy wind,Moy,non_priority,25.24151902397247,25.24151902397247,0.0,1.0,0.0
network_priority_static,2030-01-15 04:00:00,Moy wind,Moy,non_priority,26.654513720062518,26.654513720062518,0.0,1.0,0.0
network_priority_static,2030-01-15 05:00:00,Moy wind,Moy,non_priority,24.845417841943814,24.845417841943814,0.0,1.0,0.0
network_priority_static,2030-01-14 06:00:00,Corderry wind,Corderry,non_priority,109.18998553324215,109.18998553324215,0.0,1.0,0.0
network_priority_static,2030-01-14 07:00:00,Corderry wind,Corderry,non_priority,124.04904390361418,124.04904390361418,0.0,1.0,0.0
network_priority_static,2030-01-14 08:00:00,Corderry wind,Corderry,non_priority,127.16807522007277,127.16807522007277,0.0,1.0,0.0
network_priority_static,2030-01-14 09:00:00,Corderry wind,Corderry,non_priority,139.4926359507872,139.4926359507872,0.0,1.0,0.0
network_priority_static,2030-01-14 10:00:00,Corderry wind,Corderry,non_priority,135.01007430737516,135.01007430737516,0.0,1.0,0.0
network_priority_static,2030-01-14 11:00:00,Corderry wind,Corderry,non_priority,141.64410029188454,141.64410029188454,0.0,1.0,0.0
network_priority_static,2030-01-14 12:00:00,Corderry wind,Corderry,non_priority,70.91670372649402,70.91670372649402,0.0,1.0,0.0
network_priority_static,2030-01-14 13:00:00,Corderry wind,Corderry,non_priority,77.36105898757765,77.36105898757765,0.0,1.0,0.0
network_priority_static,2030-01-14 14:00:00,Corderry wind,Corderry,non_priority,58.399078749559884,58.399078749559884,0.0,1.0,0.0
network_priority_static,2030-01-14 15:00:00,Corderry wind,Corderry,non_priority,114.3265881204338,114.3265881204338,0.0,1.0,0.0
network_priority_static,2030-01-14 16:00:00,Corderry wind,Corderry,non_priority,114.32190495874521,114.32190495874521,0.0,1.0,0.0
network_priority_static,2030-01-14 17:00:00,Corderry wind,Corderry,non_priority,130.68539278848567,130.68539278848567,0.0,1.0,0.0
network_priority_static,2030-01-14 18:00:00,Corderry wind,Corderry,non_priority,123.62496426693043,123.62496426693043,0.0,1.0,0.0
network_priority_static,2030-01-14 19:00:00,Corderry wind,Corderry,non_priority,129.38811014672575,129.38811014672575,0.0,1.0,0.0
network_priority_static,2030-01-14 20:00:00,Corderry wind,Corderry,non_priority,107.15736714810981,107.15736714810981,0.0,1.0,0.0
network_priority_static,2030-01-14 21:00:00,Corderry wind,Corderry,non_priority,103.20897745243617,103.20897745243617,0.0,1.0,0.0
network_priority_static,2030-01-14 22:00:00,Corderry wind,Corderry,non_priority,93.69717539953162,93.69717539953162,0.0,1.0,0.0
network_priority_static,2030-01-14 23:00:00,Corderry wind,Corderry,non_priority,133.85053269089317,133.85053269089317,0.0,1.0,0.0
network_priority_static,2030-01-15 00:00:00,Corderry wind,Corderry,non_priority,141.14300495181024,141.14300495181024,0.0,1.0,0.0
network_priority_static,2030-01-15 01:00:00,Corderry wind,Corderry,non_priority,140.56431956534695,140.56431956534695,0.0,1.0,0.0
network_priority_static,2030-01-15 02:00:00,Corderry wind,Corderry,non_priority,141.13824325194327,141.13824325194327,0.0,1.0,0.0
network_priority_static,2030-01-15 03:00:00,Corderry wind,Corderry,non_priority,144.37255644843933,144.37255644843933,0.0,1.0,0.0
network_priority_static,2030-01-15 04:00:00,Corderry wind,Corderry,non_priority,145.18409530000204,139.79512611159868,5.388969188403365,1.0,5.388969188403365
network_priority_static,2030-01-15 05:00:00,Corderry wind,Corderry,non_priority,144.8058468775338,144.8058468775338,0.0,1.0,0.0
network_priority_static,2030-01-14 06:00:00,Clogher wind,Clogher,non_priority,42.777412940048,42.777412940048,0.0,1.0,0.0
network_priority_static,2030-01-14 07:00:00,Clogher wind,Clogher,non_priority,60.76288343715855,60.76288343715855,0.0,1.0,0.0
network_priority_static,2030-01-14 08:00:00,Clogher wind,Clogher,non_priority,67.18412702270814,67.18412702270814,0.0,1.0,0.0
network_priority_static,2030-01-14 09:00:00,Clogher wind,Clogher,non_priority,81.33879457250146,39.66642744704876,41.672367125452695,1.0,41.672367125452695
network_priority_static,2030-01-14 10:00:00,Clogher wind,Clogher,non_priority,77.21405426402154,77.21405426402154,0.0,1.0,0.0
network_priority_static,2030-01-14 11:00:00,Clogher wind,Clogher,non_priority,85.21729061690063,9.215326823180163,76.00196379372046,1.0,76.00196379372046
network_priority_static,2030-01-14 12:00:00,Clogher wind,Clogher,non_priority,49.48052213951951,49.48052213951951,0.0,1.0,0.0
network_priority_static,2030-01-14 13:00:00,Clogher wind,Clogher,non_priority,51.638035750903455,51.638035750903455,0.0,1.0,0.0
network_priority_static,2030-01-14 14:00:00,Clogher wind,Clogher,non_priority,37.187172638582894,37.187172638582894,0.0,1.0,0.0
network_priority_static,2030-01-14 15:00:00,Clogher wind,Clogher,non_priority,69.26540585480646,69.26540585480646,0.0,1.0,0.0
network_priority_static,2030-01-14 16:00:00,Clogher wind,Clogher,non_priority,55.39880037978344,55.39880037978344,0.0,1.0,0.0
network_priority_static,2030-01-14 17:00:00,Clogher wind,Clogher,non_priority,62.19490758124122,62.19490758124122,0.0,1.0,0.0
network_priority_static,2030-01-14 18:00:00,Clogher wind,Clogher,non_priority,43.34487533972401,43.34487533972401,0.0,1.0,0.0
network_priority_static,2030-01-14 19:00:00,Clogher wind,Clogher,non_priority,48.39564432179324,48.39564432179324,0.0,1.0,0.0
network_priority_static,2030-01-14 20:00:00,Clogher wind,Clogher,non_priority,31.966564719302507,31.966564719302507,0.0,1.0,0.0
network_priority_static,2030-01-14 21:00:00,Clogher wind,Clogher,non_priority,38.889675348853174,38.889675348853174,0.0,1.0,0.0
network_priority_static,2030-01-14 22:00:00,Clogher wind,Clogher,non_priority,35.58434633299686,35.58434633299686,0.0,1.0,0.0
network_priority_static,2030-01-14 23:00:00,Clogher wind,Clogher,non_priority,58.87107002137579,58.87107002137579,0.0,1.0,0.0
network_priority_static,2030-01-15 00:00:00,Clogher wind,Clogher,non_priority,75.50391688974878,75.50391688974878,0.0,1.0,0.0
network_priority_static,2030-01-15 01:00:00,Clogher wind,Clogher,non_priority,80.0748115958686,-0.0,80.0748115958686,1.0,80.0748115958686
network_priority_static,2030-01-15 02:00:00,Clogher wind,Clogher,non_priority,77.65583005667271,77.65583005667271,0.0,1.0,0.0
network_priority_static,2030-01-15 03:00:00,Clogher wind,Clogher,non_priority,85.71073476382608,-0.0,85.71073476382608,1.0,85.71073476382608
network_priority_static,2030-01-15 04:00:00,Clogher wind,Clogher,non_priority,86.25240884037296,-0.0,86.25240884037296,1.0,86.25240884037296
network_priority_static,2030-01-15 05:00:00,Clogher wind,Clogher,non_priority,84.9218479777445,-0.0,84.9218479777445,1.0,84.9218479777445
network_priority_static,2030-01-14 06:00:00,Croaghonagh wind,Croaghonagh,priority,60.60677741735044,60.60677741735044,0.0,1.0,0.0
network_priority_static,2030-01-14 07:00:00,Croaghonagh wind,Croaghonagh,priority,86.08848218272233,86.08848218272233,0.0,1.0,0.0
network_priority_static,2030-01-14 08:00:00,Croaghonagh wind,Croaghonagh,priority,95.1860608810277,95.1860608810277,0.0,1.0,0.0
network_priority_static,2030-01-14 09:00:00,Croaghonagh wind,Croaghonagh,priority,115.24030742485701,115.24030742485701,0.0,1.0,0.0
network_priority_static,2030-01-14 10:00:00,Croaghonagh wind,Croaghonagh,priority,109.39640054505645,109.39640054505645,0.0,1.0,0.0
network_priority_static,2030-01-14 11:00:00,Croaghonagh wind,Croaghonagh,priority,120.73533693508975,120.73533693508975,0.0,1.0,0.0
network_priority_static,2030-01-14 12:00:00,Croaghonagh wind,Croaghonagh,priority,70.10370159614367,70.10370159614367,0.0,1.0,0.0
network_priority_static,2030-01-14 13:00:00,Croaghonagh wind,Croaghonagh,priority,73.1604537050968,73.1604537050968,0.0,1.0,0.0
network_priority_static,2030-01-14 14:00:00,Croaghonagh wind,Croaghonagh,priority,52.68655909710675,52.68655909710675,0.0,1.0,0.0
network_priority_static,2030-01-14 15:00:00,Croaghonagh wind,Croaghonagh,priority,98.13480402024487,98.13480402024487,0.0,1.0,0.0
network_priority_static,2030-01-14 16:00:00,Croaghonagh wind,Croaghonagh,priority,78.48868206479241,78.48868206479241,0.0,1.0,0.0
network_priority_static,2030-01-14 17:00:00,Croaghonagh wind,Croaghonagh,priority,88.11736524487304,88.11736524487304,0.0,1.0,0.0
network_priority_static,2030-01-14 18:00:00,Croaghonagh wind,Croaghonagh,priority,61.410754679792184,61.410754679792184,0.0,1.0,0.0
network_priority_static,2030-01-14 19:00:00,Croaghonagh wind,Croaghonagh,priority,68.56665332919714,68.56665332919714,0.0,1.0,0.0
network_priority_static,2030-01-14 20:00:00,Croaghonagh wind,Croaghonagh,priority,45.29003367864538,45.29003367864538,0.0,1.0,0.0
network_priority_static,2030-01-14 21:00:00,Croaghonagh wind,Croaghonagh,priority,55.09865454005457,55.09865454005457,0.0,1.0,0.0
network_priority_static,2030-01-14 22:00:00,Croaghonagh wind,Croaghonagh,priority,50.41568457560471,50.41568457560471,0.0,1.0,0.0
network_priority_static,2030-01-14 23:00:00,Croaghonagh wind,Croaghonagh,priority,83.40817248830035,83.40817248830035,0.0,1.0,0.0
network_priority_static,2030-01-15 00:00:00,Croaghonagh wind,Croaghonagh,priority,106.97348835677384,106.97348835677384,0.0,1.0,0.0
network_priority_static,2030-01-15 01:00:00,Croaghonagh wind,Croaghonagh,priority,113.4495040625436,113.44949406254337,1.0000000230547812e-05,1.0,1.0000000230547812e-05
network_priority_static,2030-01-15 02:00:00,Croaghonagh wind,Croaghonagh,priority,110.0223057902172,110.0223057902172,0.0,1.0,0.0
network_priority_static,2030-01-15 03:00:00,Croaghonagh wind,Croaghonagh,priority,121.43444558905436,121.43444558905436,0.0,1.0,0.0
network_priority_static,2030-01-15 04:00:00,Croaghonagh wind,Croaghonagh,priority,122.20188611277268,122.20188611277268,0.0,1.0,0.0
network_priority_static,2030-01-15 05:00:00,Croaghonagh wind,Croaghonagh,priority,120.31675560816319,120.31675560816319,0.0,1.0,0.0
network_priority_static,2030-01-14 06:00:00,Cathaleen's Fall wind,Cathaleen's Fall,non_priority,17.06558185622301,17.06558185622301,0.0,1.0,0.0
network_priority_static,2030-01-14 07:00:00,Cathaleen's Fall wind,Cathaleen's Fall,non_priority,26.304759535586047,26.304759535586047,0.0,1.0,0.0
network_priority_static,2030-01-14 08:00:00,Cathaleen's Fall wind,Cathaleen's Fall,non_priority,24.23859938806136,24.23859938806136,0.0,1.0,0.0
network_priority_static,2030-01-14 09:00:00,Cathaleen's Fall wind,Cathaleen's Fall,non_priority,36.34494154341771,36.34494154341771,0.0,1.0,0.0
network_priority_static,2030-01-14 10:00:00,Cathaleen's Fall wind,Cathaleen's Fall,non_priority,29.489785468172506,29.489785468172506,0.0,1.0,0.0
network_priority_static,2030-01-14 11:00:00,Cathaleen's Fall wind,Cathaleen's Fall,non_priority,39.321313680305025,39.321313680305025,0.0,1.0,0.0
network_priority_static,2030-01-14 12:00:00,Cathaleen's Fall wind,Cathaleen's Fall,non_priority,15.706680713950725,15.706680713950725,0.0,1.0,0.0
network_priority_static,2030-01-14 13:00:00,Cathaleen's Fall wind,Cathaleen's Fall,non_priority,14.539649719899293,14.539649719899293,0.0,1.0,0.0
network_priority_static,2030-01-14 14:00:00,Cathaleen's Fall wind,Cathaleen's Fall,non_priority,10.564756953698785,10.564756953698785,0.0,1.0,0.0
network_priority_static,2030-01-14 15:00:00,Cathaleen's Fall wind,Cathaleen's Fall,non_priority,27.739610281089035,27.739610281089035,0.0,1.0,0.0
network_priority_static,2030-01-14 16:00:00,Cathaleen's Fall wind,Cathaleen's Fall,non_priority,22.419011738394744,22.419011738394744,0.0,1.0,0.0
network_priority_static,2030-01-14 17:00:00,Cathaleen's Fall wind,Cathaleen's Fall,non_priority,27.211724313121177,27.211724313121177,0.0,1.0,0.0
network_priority_static,2030-01-14 18:00:00,Cathaleen's Fall wind,Cathaleen's Fall,non_priority,17.750736656380095,17.750736656380095,0.0,1.0,0.0
network_priority_static,2030-01-14 19:00:00,Cathaleen's Fall wind,Cathaleen's Fall,non_priority,17.284857015848406,17.284857015848406,0.0,1.0,0.0
network_priority_static,2030-01-14 20:00:00,Cathaleen's Fall wind,Cathaleen's Fall,non_priority,9.507682135137717,9.507682135137717,0.0,1.0,0.0
network_priority_static,2030-01-14 21:00:00,Cathaleen's Fall wind,Cathaleen's Fall,non_priority,11.369642214530684,11.369642214530684,0.0,1.0,0.0
network_priority_static,2030-01-14 22:00:00,Cathaleen's Fall wind,Cathaleen's Fall,non_priority,9.743806337172176,9.743806337172176,0.0,1.0,0.0
network_priority_static,2030-01-14 23:00:00,Cathaleen's Fall wind,Cathaleen's Fall,non_priority,21.307781543056603,21.307781543056603,0.0,1.0,0.0
network_priority_static,2030-01-15 00:00:00,Cathaleen's Fall wind,Cathaleen's Fall,non_priority,32.19113877114846,32.19113877114846,0.0,1.0,0.0
network_priority_static,2030-01-15 01:00:00,Cathaleen's Fall wind,Cathaleen's Fall,non_priority,38.42894162702094,38.42894162702094,0.0,1.0,0.0
network_priority_static,2030-01-15 02:00:00,Cathaleen's Fall wind,Cathaleen's Fall,non_priority,35.846927229215495,35.846927229215495,0.0,1.0,0.0
network_priority_static,2030-01-15 03:00:00,Cathaleen's Fall wind,Cathaleen's Fall,non_priority,41.546809570875624,41.546809570875624,0.0,1.0,0.0
network_priority_static,2030-01-15 04:00:00,Cathaleen's Fall wind,Cathaleen's Fall,non_priority,47.323157797847365,47.323157797847365,0.0,1.0,0.0
network_priority_static,2030-01-15 05:00:00,Cathaleen's Fall wind,Cathaleen's Fall,non_priority,43.17287437069037,43.17287437069037,0.0,1.0,0.0
network_priority_static,2030-01-14 06:00:00,Binbane wind,Binbane,priority,27.333477679526855,27.333477679526855,0.0,1.0,0.0
network_priority_static,2030-01-14 07:00:00,Binbane wind,Binbane,priority,40.469785835837996,40.469785835837996,0.0,1.0,0.0
network_priority_static,2030-01-14 08:00:00,Binbane wind,Binbane,priority,36.70707660023346,36.70707660023346,0.0,1.0,0.0
network_priority_static,2030-01-14 09:00:00,Binbane wind,Binbane,priority,51.186830544962504,51.186830544962504,0.0,1.0,0.0
network_priority_static,2030-01-14 10:00:00,Binbane wind,Binbane,priority,42.91659071428766,42.91659071428766,0.0,1.0,0.0
network_priority_static,2030-01-14 11:00:00,Binbane wind,Binbane,priority,63.98673960527397,63.98673960527397,0.0,1.0,0.0
network_priority_static,2030-01-14 12:00:00,Binbane wind,Binbane,priority,23.011907571189607,23.011907571189607,0.0,1.0,0.0
network_priority_static,2030-01-14 13:00:00,Binbane wind,Binbane,priority,21.688537448160083,21.688537448160083,0.0,1.0,0.0
network_priority_static,2030-01-14 14:00:00,Binbane wind,Binbane,priority,16.284695479956607,16.284695479956607,0.0,1.0,0.0
network_priority_static,2030-01-14 15:00:00,Binbane wind,Binbane,priority,39.94938853608373,39.94938853608373,0.0,1.0,0.0
network_priority_static,2030-01-14 16:00:00,Binbane wind,Binbane,priority,28.084089579661878,28.084089579661878,0.0,1.0,0.0
network_priority_static,2030-01-14 17:00:00,Binbane wind,Binbane,priority,41.393664095373595,41.393664095373595,0.0,1.0,0.0
network_priority_static,2030-01-14 18:00:00,Binbane wind,Binbane,priority,29.074289475122907,29.074289475122907,0.0,1.0,0.0
network_priority_static,2030-01-14 19:00:00,Binbane wind,Binbane,priority,29.04238105857128,29.04238105857128,0.0,1.0,0.0
network_priority_static,2030-01-14 20:00:00,Binbane wind,Binbane,priority,19.413518451735037,19.413518451735037,0.0,1.0,0.0
network_priority_static,2030-01-14 21:00:00,Binbane wind,Binbane,priority,26.696061520537143,26.696061520537143,0.0,1.0,0.0
network_priority_static,2030-01-14 22:00:00,Binbane wind,Binbane,priority,17.749052184528963,17.749052184528963,0.0,1.0,0.0
network_priority_static,2030-01-14 23:00:00,Binbane wind,Binbane,priority,32.72658015748152,32.72658015748152,0.0,1.0,0.0
network_priority_static,2030-01-15 00:00:00,Binbane wind,Binbane,priority,50.90798289996044,50.90798289996044,0.0,1.0,0.0
network_priority_static,2030-01-15 01:00:00,Binbane wind,Binbane,priority,57.86229967351554,57.86229967351554,0.0,1.0,0.0
network_priority_static,2030-01-15 02:00:00,Binbane wind,Binbane,priority,60.96108599102347,60.96108599102347,0.0,1.0,0.0
network_priority_static,2030-01-15 03:00:00,Binbane wind,Binbane,priority,73.4863184329048,73.4863184329048,0.0,1.0,0.0
network_priority_static,2030-01-15 04:00:00,Binbane wind,Binbane,priority,73.9618363594108,73.9618363594108,0.0,1.0,0.0
network_priority_static,2030-01-15 05:00:00,Binbane wind,Binbane,priority,67.17722828811425,67.17722828811425,0.0,1.0,0.0
network_priority_static,2030-01-14 06:00:00,Letterkenny wind,Letterkenny,non_priority,41.830722718593194,41.830722718593194,0.0,1.0,0.0
network_priority_static,2030-01-14 07:00:00,Letterkenny wind,Letterkenny,non_priority,63.57712569629948,63.57712569629948,0.0,1.0,0.0
network_priority_static,2030-01-14 08:00:00,Letterkenny wind,Letterkenny,non_priority,64.66630719678498,64.66630719678498,0.0,1.0,0.0
network_priority_static,2030-01-14 09:00:00,Letterkenny wind,Letterkenny,non_priority,70.40660848889743,70.40660848889743,0.0,1.0,0.0
network_priority_static,2030-01-14 10:00:00,Letterkenny wind,Letterkenny,non_priority,66.90938286861449,66.90938286861449,0.0,1.0,0.0
network_priority_static,2030-01-14 11:00:00,Letterkenny wind,Letterkenny,non_priority,72.9178849325516,72.9178849325516,0.0,1.0,0.0
network_priority_static,2030-01-14 12:00:00,Letterkenny wind,Letterkenny,non_priority,45.80196408108124,45.80196408108124,0.0,1.0,0.0
network_priority_static,2030-01-14 13:00:00,Letterkenny wind,Letterkenny,non_priority,38.75208102584755,38.75208102584755,0.0,1.0,0.0
network_priority_static,2030-01-14 14:00:00,Letterkenny wind,Letterkenny,non_priority,27.804403633009798,27.804403633009798,0.0,1.0,0.0
network_priority_static,2030-01-14 15:00:00,Letterkenny wind,Letterkenny,non_priority,53.218544472903446,53.218544472903446,0.0,1.0,0.0
network_priority_static,2030-01-14 16:00:00,Letterkenny wind,Letterkenny,non_priority,44.314804914683855,44.314804914683855,0.0,1.0,0.0
network_priority_static,2030-01-14 17:00:00,Letterkenny wind,Letterkenny,non_priority,50.45340837765898,50.45340837765898,0.0,1.0,0.0
network_priority_static,2030-01-14 18:00:00,Letterkenny wind,Letterkenny,non_priority,42.00655042792764,42.00655042792764,0.0,1.0,0.0
network_priority_static,2030-01-14 19:00:00,Letterkenny wind,Letterkenny,non_priority,48.328192035092485,48.328192035092485,0.0,1.0,0.0
network_priority_static,2030-01-14 20:00:00,Letterkenny wind,Letterkenny,non_priority,33.13878633764136,33.13878633764136,0.0,1.0,0.0
network_priority_static,2030-01-14 21:00:00,Letterkenny wind,Letterkenny,non_priority,34.82535731465508,34.82535731465508,0.0,1.0,0.0
network_priority_static,2030-01-14 22:00:00,Letterkenny wind,Letterkenny,non_priority,29.77431323852741,29.77431323852741,0.0,1.0,0.0
network_priority_static,2030-01-14 23:00:00,Letterkenny wind,Letterkenny,non_priority,51.553512231645605,51.553512231645605,0.0,1.0,0.0
network_priority_static,2030-01-15 00:00:00,Letterkenny wind,Letterkenny,non_priority,70.85855889896892,26.781650243144803,44.07690865582412,1.0,44.07690865582412
network_priority_static,2030-01-15 01:00:00,Letterkenny wind,Letterkenny,non_priority,75.1384254918753,73.86825800812214,1.2701674837531556,1.0,1.2701674837531556
network_priority_static,2030-01-15 02:00:00,Letterkenny wind,Letterkenny,non_priority,75.13788026194989,2.224786605965157,72.91309365598474,1.0,72.91309365598474
network_priority_static,2030-01-15 03:00:00,Letterkenny wind,Letterkenny,non_priority,80.17408608066965,37.000108282047286,43.17397779862237,1.0,43.17397779862237
network_priority_static,2030-01-15 04:00:00,Letterkenny wind,Letterkenny,non_priority,79.52967447348547,26.62007172643684,52.90960274704863,1.0,52.90960274704863
network_priority_static,2030-01-15 05:00:00,Letterkenny wind,Letterkenny,non_priority,77.21798476078645,55.211494816838496,22.006489943947955,1.0,22.006489943947955
network_priority_static,2030-01-14 06:00:00,Drumkeen wind,Drumkeen,priority,34.55542716559042,34.55542716559042,0.0,1.0,0.0
network_priority_static,2030-01-14 07:00:00,Drumkeen wind,Drumkeen,priority,50.975069607586114,50.975069607586114,0.0,1.0,0.0
network_priority_static,2030-01-14 08:00:00,Drumkeen wind,Drumkeen,priority,51.11248966928623,51.11248966928623,0.0,1.0,0.0
network_priority_static,2030-01-14 09:00:00,Drumkeen wind,Drumkeen,priority,60.53250673787193,60.53250673787193,0.0,1.0,0.0
network_priority_static,2030-01-14 10:00:00,Drumkeen wind,Drumkeen,priority,56.04454036594005,56.04454036594005,0.0,1.0,0.0
network_priority_static,2030-01-14 11:00:00,Drumkeen wind,Drumkeen,priority,64.6895731803692,64.6895731803692,0.0,1.0,0.0
network_priority_static,2030-01-14 12:00:00,Drumkeen wind,Drumkeen,priority,33.79557917796294,33.79557917796294,0.0,1.0,0.0
network_priority_static,2030-01-14 13:00:00,Drumkeen wind,Drumkeen,priority,30.68441183088882,30.68441183088882,0.0,1.0,0.0
network_priority_static,2030-01-14 14:00:00,Drumkeen wind,Drumkeen,priority,26.81721823025692,26.81721823025692,0.0,1.0,0.0
network_priority_static,2030-01-14 15:00:00,Drumkeen wind,Drumkeen,priority,57.38530526180425,57.38530526180425,0.0,1.0,0.0
network_priority_static,2030-01-14 16:00:00,Drumkeen wind,Drumkeen,priority,47.52733071606942,47.52733071606942,0.0,1.0,0.0
network_priority_static,2030-01-14 17:00:00,Drumkeen wind,Drumkeen,priority,54.65476115411948,54.65476115411948,0.0,1.0,0.0
network_priority_static,2030-01-14 18:00:00,Drumkeen wind,Drumkeen,priority,44.28009416682733,44.28009416682733,0.0,1.0,0.0
network_priority_static,2030-01-14 19:00:00,Drumkeen wind,Drumkeen,priority,46.02952584477828,46.02952584477828,0.0,1.0,0.0
network_priority_static,2030-01-14 20:00:00,Drumkeen wind,Drumkeen,priority,29.723393519850315,29.723393519850315,0.0,1.0,0.0
network_priority_static,2030-01-14 21:00:00,Drumkeen wind,Drumkeen,priority,34.56779472137786,34.56779472137786,0.0,1.0,0.0
network_priority_static,2030-01-14 22:00:00,Drumkeen wind,Drumkeen,priority,29.900882784608402,29.900882784608402,0.0,1.0,0.0
network_priority_static,2030-01-14 23:00:00,Drumkeen wind,Drumkeen,priority,49.62574893232017,49.62574893232017,0.0,1.0,0.0
network_priority_static,2030-01-15 00:00:00,Drumkeen wind,Drumkeen,priority,67.32561827012364,67.32561827012364,0.0,1.0,0.0
network_priority_static,2030-01-15 01:00:00,Drumkeen wind,Drumkeen,priority,68.02099150640097,68.02099150640097,0.0,1.0,0.0
network_priority_static,2030-01-15 02:00:00,Drumkeen wind,Drumkeen,priority,68.7080190460109,68.7080190460109,0.0,1.0,0.0
network_priority_static,2030-01-15 03:00:00,Drumkeen wind,Drumkeen,priority,75.21292299628776,75.21292299628776,0.0,1.0,0.0
network_priority_static,2030-01-15 04:00:00,Drumkeen wind,Drumkeen,priority,74.79907029289112,74.79907029289112,0.0,1.0,0.0
network_priority_static,2030-01-15 05:00:00,Drumkeen wind,Drumkeen,priority,73.21976048416526,73.21976048416526,0.0,1.0,0.0
network_priority_static,2030-01-14 06:00:00,Glenree wind,Glenree,non_priority,13.03427761797363,13.03427761797363,0.0,1.0,0.0
network_priority_static,2030-01-14 07:00:00,Glenree wind,Glenree,non_priority,17.533290698316616,17.533290698316616,0.0,1.0,0.0
network_priority_static,2030-01-14 08:00:00,Glenree wind,Glenree,non_priority,16.188019592378055,16.188019592378055,0.0,1.0,0.0
network_priority_static,2030-01-14 09:00:00,Glenree wind,Glenree,non_priority,36.09724325985801,36.09724325985801,0.0,1.0,0.0
network_priority_static,2030-01-14 10:00:00,Glenree wind,Glenree,non_priority,35.57474970744608,35.57474970744608,0.0,1.0,0.0
network_priority_static,2030-01-14 11:00:00,Glenree wind,Glenree,non_priority,38.00765352741275,38.00765352741275,0.0,1.0,0.0
network_priority_static,2030-01-14 12:00:00,Glenree wind,Glenree,non_priority,11.558273600923668,11.558273600923668,0.0,1.0,0.0
network_priority_static,2030-01-14 13:00:00,Glenree wind,Glenree,non_priority,8.556135615272925,8.556135615272925,0.0,1.0,0.0
network_priority_static,2030-01-14 14:00:00,Glenree wind,Glenree,non_priority,7.203218688453863,7.203218688453863,0.0,1.0,0.0
network_priority_static,2030-01-14 15:00:00,Glenree wind,Glenree,non_priority,18.87446621236314,18.87446621236314,0.0,1.0,0.0
network_priority_static,2030-01-14 16:00:00,Glenree wind,Glenree,non_priority,18.251840272306442,18.251840272306442,0.0,1.0,0.0
network_priority_static,2030-01-14 17:00:00,Glenree wind,Glenree,non_priority,28.26602346706999,28.26602346706999,0.0,1.0,0.0
network_priority_static,2030-01-14 18:00:00,Glenree wind,Glenree,non_priority,23.141273938529515,23.141273938529515,0.0,1.0,0.0
network_priority_static,2030-01-14 19:00:00,Glenree wind,Glenree,non_priority,22.082604665052486,22.082604665052486,0.0,1.0,0.0
network_priority_static,2030-01-14 20:00:00,Glenree wind,Glenree,non_priority,15.23860497137327,15.23860497137327,0.0,1.0,0.0
network_priority_static,2030-01-14 21:00:00,Glenree wind,Glenree,non_priority,11.634409264720908,11.634409264720908,0.0,1.0,0.0
network_priority_static,2030-01-14 22:00:00,Glenree wind,Glenree,non_priority,9.1416749782349,9.1416749782349,0.0,1.0,0.0
network_priority_static,2030-01-14 23:00:00,Glenree wind,Glenree,non_priority,15.468327883513929,15.468327883513929,0.0,1.0,0.0
network_priority_static,2030-01-15 00:00:00,Glenree wind,Glenree,non_priority,21.637593736295372,21.637593736295372,0.0,1.0,0.0
network_priority_static,2030-01-15 01:00:00,Glenree wind,Glenree,non_priority,23.282034318691757,23.282034318691757,0.0,1.0,0.0
network_priority_static,2030-01-15 02:00:00,Glenree wind,Glenree,non_priority,29.980153284540872,29.980153284540872,0.0,1.0,0.0
network_priority_static,2030-01-15 03:00:00,Glenree wind,Glenree,non_priority,38.594225330690804,38.594225330690804,0.0,1.0,0.0
network_priority_static,2030-01-15 04:00:00,Glenree wind,Glenree,non_priority,44.24904576132181,44.24904576132181,0.0,1.0,0.0
network_priority_static,2030-01-15 05:00:00,Glenree wind,Glenree,non_priority,35.347954349225596,35.347954349225596,0.0,1.0,0.0
network_priority_static,2030-01-14 06:00:00,Sorne Hill wind,Sorne Hill,non_priority,14.10332549394124,14.10332549394124,0.0,1.0,0.0
network_priority_static,2030-01-14 07:00:00,Sorne Hill wind,Sorne Hill,non_priority,27.65927622121897,27.65927622121897,0.0,1.0,0.0
network_priority_static,2030-01-14 08:00:00,Sorne Hill wind,Sorne Hill,non_priority,31.57292471203537,31.57292471203537,0.0,1.0,0.0
network_priority_static,2030-01-14 09:00:00,Sorne Hill wind,Sorne Hill,non_priority,30.856659273453886,30.856659273453886,0.0,1.0,0.0
network_priority_static,2030-01-14 10:00:00,Sorne Hill wind,Sorne Hill,non_priority,22.562850613697613,22.562850613697613,0.0,1.0,0.0
network_priority_static,2030-01-14 11:00:00,Sorne Hill wind,Sorne Hill,non_priority,29.46775743584074,29.46775743584074,0.0,1.0,0.0
network_priority_static,2030-01-14 12:00:00,Sorne Hill wind,Sorne Hill,non_priority,13.911591944996564,13.911591944996564,0.0,1.0,0.0
network_priority_static,2030-01-14 13:00:00,Sorne Hill wind,Sorne Hill,non_priority,12.225090131852161,12.225090131852161,0.0,1.0,0.0
network_priority_static,2030-01-14 14:00:00,Sorne Hill wind,Sorne Hill,non_priority,9.100715189151563,9.100715189151563,0.0,1.0,0.0
network_priority_static,2030-01-14 15:00:00,Sorne Hill wind,Sorne Hill,non_priority,17.35269141104657,17.35269141104657,0.0,1.0,0.0
network_priority_static,2030-01-14 16:00:00,Sorne Hill wind,Sorne Hill,non_priority,12.735443310024104,12.735443310024104,0.0,1.0,0.0
network_priority_static,2030-01-14 17:00:00,Sorne Hill wind,Sorne Hill,non_priority,12.829685132860396,12.829685132860396,0.0,1.0,0.0
network_priority_static,2030-01-14 18:00:00,Sorne Hill wind,Sorne Hill,non_priority,10.921434353595691,10.921434353595691,0.0,1.0,0.0
network_priority_static,2030-01-14 19:00:00,Sorne Hill wind,Sorne Hill,non_priority,13.985471597453586,13.985471597453586,0.0,1.0,0.0
network_priority_static,2030-01-14 20:00:00,Sorne Hill wind,Sorne Hill,non_priority,9.789263877525505,9.789263877525505,0.0,1.0,0.0
network_priority_static,2030-01-14 21:00:00,Sorne Hill wind,Sorne Hill,non_priority,13.246118494741266,13.246118494741266,0.0,1.0,0.0
network_priority_static,2030-01-14 22:00:00,Sorne Hill wind,Sorne Hill,non_priority,11.107911409982277,11.107911409982277,0.0,1.0,0.0
network_priority_static,2030-01-14 23:00:00,Sorne Hill wind,Sorne Hill,non_priority,20.197918411359524,20.197918411359524,0.0,1.0,0.0
network_priority_static,2030-01-15 00:00:00,Sorne Hill wind,Sorne Hill,non_priority,28.63996917653709,28.63996917653709,0.0,1.0,0.0
network_priority_static,2030-01-15 01:00:00,Sorne Hill wind,Sorne Hill,non_priority,28.277885843965812,28.277885843965812,0.0,1.0,0.0
network_priority_static,2030-01-15 02:00:00,Sorne Hill wind,Sorne Hill,non_priority,25.648240392411775,25.648240392411775,0.0,1.0,0.0
network_priority_static,2030-01-15 03:00:00,Sorne Hill wind,Sorne Hill,non_priority,26.372122088212148,26.372122088212148,0.0,1.0,0.0
network_priority_static,2030-01-15 04:00:00,Sorne Hill wind,Sorne Hill,non_priority,28.727813786240404,28.727813786240404,0.0,1.0,0.0
network_priority_static,2030-01-15 05:00:00,Sorne Hill wind,Sorne Hill,non_priority,22.818123238147724,22.818123238147724,0.0,1.0,0.0
network_priority_static,2030-01-14 06:00:00,Sligo wind,Sligo,non_priority,15.38615557862624,15.38615557862624,0.0,1.0,0.0
network_priority_static,2030-01-14 07:00:00,Sligo wind,Sligo,non_priority,18.963381098953494,18.963381098953494,0.0,1.0,0.0
network_priority_static,2030-01-14 08:00:00,Sligo wind,Sligo,non_priority,17.338909776037852,17.338909776037852,0.0,1.0,0.0
network_priority_static,2030-01-14 09:00:00,Sligo wind,Sligo,non_priority,28.095248018194017,28.095248018194017,0.0,1.0,0.0
network_priority_static,2030-01-14 10:00:00,Sligo wind,Sligo,non_priority,27.456797752993715,27.456797752993715,0.0,1.0,0.0
network_priority_static,2030-01-14 11:00:00,Sligo wind,Sligo,non_priority,28.827532476372713,28.827532476372713,0.0,1.0,0.0
network_priority_static,2030-01-14 12:00:00,Sligo wind,Sligo,non_priority,8.929375862022011,8.929375862022011,0.0,1.0,0.0
network_priority_static,2030-01-14 13:00:00,Sligo wind,Sligo,non_priority,7.568624661157955,7.568624661157955,0.0,1.0,0.0
network_priority_static,2030-01-14 14:00:00,Sligo wind,Sligo,non_priority,5.661926867589395,5.661926867589395,0.0,1.0,0.0
network_priority_static,2030-01-14 15:00:00,Sligo wind,Sligo,non_priority,14.722572594976858,14.722572594976858,0.0,1.0,0.0
network_priority_static,2030-01-14 16:00:00,Sligo wind,Sligo,non_priority,15.851110952974626,15.851110952974626,0.0,1.0,0.0
network_priority_static,2030-01-14 17:00:00,Sligo wind,Sligo,non_priority,22.990937252059087,22.990937252059087,0.0,1.0,0.0
network_priority_static,2030-01-14 18:00:00,Sligo wind,Sligo,non_priority,18.14116087033879,18.14116087033879,0.0,1.0,0.0
network_priority_static,2030-01-14 19:00:00,Sligo wind,Sligo,non_priority,17.226133745601267,17.226133745601267,0.0,1.0,0.0
network_priority_static,2030-01-14 20:00:00,Sligo wind,Sligo,non_priority,9.592058067111365,9.592058067111365,0.0,1.0,0.0
network_priority_static,2030-01-14 21:00:00,Sligo wind,Sligo,non_priority,7.062277502012783,7.062277502012783,0.0,1.0,0.0
network_priority_static,2030-01-14 22:00:00,Sligo wind,Sligo,non_priority,7.899750358484654,7.899750358484654,0.0,1.0,0.0
network_priority_static,2030-01-14 23:00:00,Sligo wind,Sligo,non_priority,14.982180517477701,14.982180517477701,0.0,1.0,0.0
network_priority_static,2030-01-15 00:00:00,Sligo wind,Sligo,non_priority,17.36594389469885,17.36594389469885,0.0,1.0,0.0
network_priority_static,2030-01-15 01:00:00,Sligo wind,Sligo,non_priority,18.816862901567028,18.816862901567028,0.0,1.0,0.0
network_priority_static,2030-01-15 02:00:00,Sligo wind,Sligo,non_priority,25.22719762530992,25.22719762530992,0.0,1.0,0.0
network_priority_static,2030-01-15 03:00:00,Sligo wind,Sligo,non_priority,33.567470746615925,33.567470746615925,0.0,1.0,0.0
network_priority_static,2030-01-15 04:00:00,Sligo wind,Sligo,non_priority,36.330800980491304,36.330800980491304,0.0,1.0,0.0
network_priority_static,2030-01-15 05:00:00,Sligo wind,Sligo,non_priority,34.49056465103515,34.49056465103515,0.0,1.0,0.0
network_priority_static,2030-01-14 06:00:00,Trillick wind,Trillick,non_priority,9.964863499197378,9.964863499197378,0.0,1.0,0.0
network_priority_static,2030-01-14 07:00:00,Trillick wind,Trillick,non_priority,19.54297319092927,19.54297319092927,0.0,1.0,0.0
network_priority_static,2030-01-14 08:00:00,Trillick wind,Trillick,non_priority,22.30820561866974,22.30820561866974,0.0,1.0,0.0
network_priority_static,2030-01-14 09:00:00,Trillick wind,Trillick,non_priority,21.802120204437223,21.802120204437223,0.0,1.0,0.0
network_priority_static,2030-01-14 10:00:00,Trillick wind,Trillick,non_priority,15.942036267607056,15.942036267607056,0.0,1.0,0.0
network_priority_static,2030-01-14 11:00:00,Trillick wind,Trillick,non_priority,20.820775965339486,20.820775965339486,0.0,1.0,0.0
network_priority_static,2030-01-14 12:00:00,Trillick wind,Trillick,non_priority,9.82939200034619,9.82939200034619,0.0,1.0,0.0
network_priority_static,2030-01-14 13:00:00,Trillick wind,Trillick,non_priority,8.637775146126057,8.637775146126057,0.0,1.0,0.0
network_priority_static,2030-01-14 14:00:00,Trillick wind,Trillick,non_priority,6.4302128348329415,6.4302128348329415,0.0,1.0,0.0
network_priority_static,2030-01-14 15:00:00,Trillick wind,Trillick,non_priority,12.260739591457257,12.260739591457257,0.0,1.0,0.0
network_priority_static,2030-01-14 16:00:00,Trillick wind,Trillick,non_priority,8.99837093320122,8.99837093320122,0.0,1.0,0.0
network_priority_static,2030-01-14 17:00:00,Trillick wind,Trillick,non_priority,9.064958554743576,9.064958554743576,0.0,1.0,0.0
network_priority_static,2030-01-14 18:00:00,Trillick wind,Trillick,non_priority,7.716662470548481,7.716662470548481,0.0,1.0,0.0
network_priority_static,2030-01-14 19:00:00,Trillick wind,Trillick,non_priority,9.881592501030843,9.881592501030843,0.0,1.0,0.0
network_priority_static,2030-01-14 20:00:00,Trillick wind,Trillick,non_priority,6.916714666982054,6.916714666982054,0.0,1.0,0.0
network_priority_static,2030-01-14 21:00:00,Trillick wind,Trillick,non_priority,9.359194237628257,9.359194237628257,0.0,1.0,0.0
network_priority_static,2030-01-14 22:00:00,Trillick wind,Trillick,non_priority,7.848419935369296,7.848419935369296,0.0,1.0,0.0
network_priority_static,2030-01-14 23:00:00,Trillick wind,Trillick,non_priority,14.271066779504459,14.271066779504459,0.0,1.0,0.0
network_priority_static,2030-01-15 00:00:00,Trillick wind,Trillick,non_priority,20.23589284584099,20.23589284584099,0.0,1.0,0.0
network_priority_static,2030-01-15 01:00:00,Trillick wind,Trillick,non_priority,19.980058788408414,19.980058788408414,0.0,1.0,0.0
network_priority_static,2030-01-15 02:00:00,Trillick wind,Trillick,non_priority,18.12205317212462,18.12205317212462,0.0,1.0,0.0
network_priority_static,2030-01-15 03:00:00,Trillick wind,Trillick,non_priority,18.633519938690924,18.633519938690924,0.0,1.0,0.0
network_priority_static,2030-01-15 04:00:00,Trillick wind,Trillick,non_priority,20.29796044438077,20.29796044438077,0.0,1.0,0.0
network_priority_static,2030-01-15 05:00:00,Trillick wind,Trillick,non_priority,16.12240201601299,16.12240201601299,0.0,1.0,0.0
network_priority_static,2030-01-14 06:00:00,Tievebrack wind,Tievebrack,non_priority,22.908401330875424,22.908401330875424,0.0,1.0,0.0
network_priority_static,2030-01-14 07:00:00,Tievebrack wind,Tievebrack,non_priority,24.632119683754777,24.632119683754777,0.0,1.0,0.0
network_priority_static,2030-01-14 08:00:00,Tievebrack wind,Tievebrack,non_priority,25.01808194518203,25.01808194518203,0.0,1.0,0.0
network_priority_static,2030-01-14 09:00:00,Tievebrack wind,Tievebrack,non_priority,26.78235155267537,26.78235155267537,0.0,1.0,0.0
network_priority_static,2030-01-14 10:00:00,Tievebrack wind,Tievebrack,non_priority,26.752202754374046,26.752202754374046,0.0,1.0,0.0
network_priority_static,2030-01-14 11:00:00,Tievebrack wind,Tievebrack,non_priority,26.90314095334458,26.90314095334458,0.0,1.0,0.0
network_priority_static,2030-01-14 12:00:00,Tievebrack wind,Tievebrack,non_priority,24.109784007653495,24.109784007653495,0.0,1.0,0.0
network_priority_static,2030-01-14 13:00:00,Tievebrack wind,Tievebrack,non_priority,24.029552855336576,24.029552855336576,0.0,1.0,0.0
network_priority_static,2030-01-14 14:00:00,Tievebrack wind,Tievebrack,non_priority,19.378318284957874,19.378318284957874,0.0,1.0,0.0
network_priority_static,2030-01-14 15:00:00,Tievebrack wind,Tievebrack,non_priority,26.183943377833355,26.183943377833355,0.0,1.0,0.0
network_priority_static,2030-01-14 16:00:00,Tievebrack wind,Tievebrack,non_priority,23.17530116883002,23.17530116883002,0.0,1.0,0.0
network_priority_static,2030-01-14 17:00:00,Tievebrack wind,Tievebrack,non_priority,26.009972239751125,26.009972239751125,0.0,1.0,0.0
network_priority_static,2030-01-14 18:00:00,Tievebrack wind,Tievebrack,non_priority,22.584455632003788,22.584455632003788,0.0,1.0,0.0
network_priority_static,2030-01-14 19:00:00,Tievebrack wind,Tievebrack,non_priority,22.960275733843226,22.960275733843226,0.0,1.0,0.0
network_priority_static,2030-01-14 20:00:00,Tievebrack wind,Tievebrack,non_priority,16.318130280025226,16.318130280025226,0.0,1.0,0.0
network_priority_static,2030-01-14 21:00:00,Tievebrack wind,Tievebrack,non_priority,17.893693138183508,17.893693138183508,0.0,1.0,0.0
network_priority_static,2030-01-14 22:00:00,Tievebrack wind,Tievebrack,non_priority,13.534487156275423,13.534487156275423,0.0,1.0,0.0
network_priority_static,2030-01-14 23:00:00,Tievebrack wind,Tievebrack,non_priority,20.332279045054594,20.332279045054594,0.0,1.0,0.0
network_priority_static,2030-01-15 00:00:00,Tievebrack wind,Tievebrack,non_priority,23.277638304624805,23.277638304624805,0.0,1.0,0.0
network_priority_static,2030-01-15 01:00:00,Tievebrack wind,Tievebrack,non_priority,26.03254988925109,26.03254988925109,0.0,1.0,0.0
network_priority_static,2030-01-15 02:00:00,Tievebrack wind,Tievebrack,non_priority,25.821671463898564,25.821671463898564,0.0,1.0,0.0
network_priority_static,2030-01-15 03:00:00,Tievebrack wind,Tievebrack,non_priority,26.85090877560257,26.85090877560257,0.0,1.0,0.0
network_priority_static,2030-01-15 04:00:00,Tievebrack wind,Tievebrack,non_priority,26.877928225406777,26.877928225406777,0.0,1.0,0.0
network_priority_static,2030-01-15 05:00:00,Tievebrack wind,Tievebrack,non_priority,26.733296306950407,26.733296306950407,0.0,1.0,0.0
network_priority_static,2030-01-14 06:00:00,Ardnagappary wind,Ardnagappary,priority,6.537031392376762,6.537031392376762,0.0,1.0,0.0
network_priority_static,2030-01-14 07:00:00,Ardnagappary wind,Ardnagappary,priority,8.72360521011195,8.72360521011195,0.0,1.0,0.0
network_priority_static,2030-01-14 08:00:00,Ardnagappary wind,Ardnagappary,priority,10.149300961964267,10.149300961964267,0.0,1.0,0.0
network_priority_static,2030-01-14 09:00:00,Ardnagappary wind,Ardnagappary,priority,15.264254859517026,15.264254859517026,0.0,1.0,0.0
network_priority_static,2030-01-14 10:00:00,Ardnagappary wind,Ardnagappary,priority,15.59986947017423,15.59986947017423,0.0,1.0,0.0
network_priority_static,2030-01-14 11:00:00,Ardnagappary wind,Ardnagappary,priority,18.949626838774176,18.949626838774176,0.0,1.0,0.0
network_priority_static,2030-01-14 12:00:00,Ardnagappary wind,Ardnagappary,priority,8.926854703258773,8.926854703258773,0.0,1.0,0.0
network_priority_static,2030-01-14 13:00:00,Ardnagappary wind,Ardnagappary,priority,8.171915846519298,8.171915846519298,0.0,1.0,0.0
network_priority_static,2030-01-14 14:00:00,Ardnagappary wind,Ardnagappary,priority,6.721109657901389,6.721109657901389,0.0,1.0,0.0
network_priority_static,2030-01-14 15:00:00,Ardnagappary wind,Ardnagappary,priority,10.974512710872498,10.974512710872498,0.0,1.0,0.0
network_priority_static,2030-01-14 16:00:00,Ardnagappary wind,Ardnagappary,priority,7.24027131493665,7.24027131493665,0.0,1.0,0.0
network_priority_static,2030-01-14 17:00:00,Ardnagappary wind,Ardnagappary,priority,9.922983052024193,9.922983052024193,0.0,1.0,0.0
network_priority_static,2030-01-14 18:00:00,Ardnagappary wind,Ardnagappary,priority,7.226284570827453,7.226284570827453,0.0,1.0,0.0
network_priority_static,2030-01-14 19:00:00,Ardnagappary wind,Ardnagappary,priority,9.083114545348463,9.083114545348463,0.0,1.0,0.0
network_priority_static,2030-01-14 20:00:00,Ardnagappary wind,Ardnagappary,priority,6.102653435855914,6.102653435855914,0.0,1.0,0.0
network_priority_static,2030-01-14 21:00:00,Ardnagappary wind,Ardnagappary,priority,10.648010494049585,10.648010494049585,0.0,1.0,0.0
network_priority_static,2030-01-14 22:00:00,Ardnagappary wind,Ardnagappary,priority,7.553182610698592,7.553182610698592,0.0,1.0,0.0
network_priority_static,2030-01-14 23:00:00,Ardnagappary wind,Ardnagappary,priority,10.54871531246997,10.54871531246997,0.0,1.0,0.0
network_priority_static,2030-01-15 00:00:00,Ardnagappary wind,Ardnagappary,priority,13.773518746655606,13.773518746655606,0.0,1.0,0.0
network_priority_static,2030-01-15 01:00:00,Ardnagappary wind,Ardnagappary,priority,16.503804883752125,16.503804883752125,0.0,1.0,0.0
network_priority_static,2030-01-15 02:00:00,Ardnagappary wind,Ardnagappary,priority,15.28901105438842,15.28901105438842,0.0,1.0,0.0
network_priority_static,2030-01-15 03:00:00,Ardnagappary wind,Ardnagappary,priority,18.700598387726814,18.700598387726814,0.0,1.0,0.0
network_priority_static,2030-01-15 04:00:00,Ardnagappary wind,Ardnagappary,priority,18.428029316015525,18.428029316015525,0.0,1.0,0.0
network_priority_static,2030-01-15 05:00:00,Ardnagappary wind,Ardnagappary,priority,16.590172413371633,16.590172413371633,0.0,1.0,0.0
copperplate_neutral,2030-01-14 06:00:00,Moy wind,Moy,non_priority,2.593172695583545,2.593172695583545,0.0,1.0,0.0
copperplate_neutral,2030-01-14 07:00:00,Moy wind,Moy,non_priority,6.114057821370654,6.114057821370654,0.0,1.0,0.0
copperplate_neutral,2030-01-14 08:00:00,Moy wind,Moy,non_priority,5.270951042751047,5.270951042751047,0.0,1.0,0.0
copperplate_neutral,2030-01-14 09:00:00,Moy wind,Moy,non_priority,11.047560087227543,11.047560087227543,0.0,1.0,0.0
copperplate_neutral,2030-01-14 10:00:00,Moy wind,Moy,non_priority,12.148773043499407,12.148773043499407,0.0,1.0,0.0
copperplate_neutral,2030-01-14 11:00:00,Moy wind,Moy,non_priority,17.131255387700786,17.131255387700786,0.0,1.0,0.0
copperplate_neutral,2030-01-14 12:00:00,Moy wind,Moy,non_priority,4.658483868443723,4.658483868443723,0.0,1.0,0.0
copperplate_neutral,2030-01-14 13:00:00,Moy wind,Moy,non_priority,3.8256639721185137,3.8256639721185137,0.0,1.0,0.0
copperplate_neutral,2030-01-14 14:00:00,Moy wind,Moy,non_priority,3.3605464756831065,3.3605464756831065,0.0,1.0,0.0
copperplate_neutral,2030-01-14 15:00:00,Moy wind,Moy,non_priority,11.730051014997986,11.730051014997986,0.0,1.0,0.0
copperplate_neutral,2030-01-14 16:00:00,Moy wind,Moy,non_priority,11.795881522163766,11.795881522163766,0.0,1.0,0.0
copperplate_neutral,2030-01-14 17:00:00,Moy wind,Moy,non_priority,17.165011510422797,17.165011510422797,0.0,1.0,0.0
copperplate_neutral,2030-01-14 18:00:00,Moy wind,Moy,non_priority,12.582531697636798,12.582531697636798,0.0,1.0,0.0
copperplate_neutral,2030-01-14 19:00:00,Moy wind,Moy,non_priority,10.434839390200098,10.434839390200098,0.0,1.0,0.0
copperplate_neutral,2030-01-14 20:00:00,Moy wind,Moy,non_priority,7.535971975801032,7.535971975801032,0.0,1.0,0.0
copperplate_neutral,2030-01-14 21:00:00,Moy wind,Moy,non_priority,6.48874475138805,6.48874475138805,0.0,1.0,0.0
copperplate_neutral,2030-01-14 22:00:00,Moy wind,Moy,non_priority,6.056832557293562,6.056832557293562,0.0,1.0,0.0
copperplate_neutral,2030-01-14 23:00:00,Moy wind,Moy,non_priority,11.844557453997908,11.844557453997908,0.0,1.0,0.0
copperplate_neutral,2030-01-15 00:00:00,Moy wind,Moy,non_priority,16.84478027321001,16.84478027321001,0.0,1.0,0.0
copperplate_neutral,2030-01-15 01:00:00,Moy wind,Moy,non_priority,17.031689988566228,17.031689988566228,0.0,1.0,0.0
copperplate_neutral,2030-01-15 02:00:00,Moy wind,Moy,non_priority,19.69017615595648,19.69017615595648,0.0,1.0,0.0
copperplate_neutral,2030-01-15 03:00:00,Moy wind,Moy,non_priority,25.24151902397247,25.24151902397247,0.0,1.0,0.0
copperplate_neutral,2030-01-15 04:00:00,Moy wind,Moy,non_priority,26.654513720062518,26.654513720062518,0.0,1.0,0.0
copperplate_neutral,2030-01-15 05:00:00,Moy wind,Moy,non_priority,24.845417841943814,24.845417841943814,0.0,1.0,0.0
copperplate_neutral,2030-01-14 06:00:00,Corderry wind,Corderry,non_priority,109.18998553324215,109.18998553324215,0.0,1.0,0.0
copperplate_neutral,2030-01-14 07:00:00,Corderry wind,Corderry,non_priority,124.04904390361418,124.04904390361418,0.0,1.0,0.0
copperplate_neutral,2030-01-14 08:00:00,Corderry wind,Corderry,non_priority,127.16807522007277,127.16807522007277,0.0,1.0,0.0
copperplate_neutral,2030-01-14 09:00:00,Corderry wind,Corderry,non_priority,139.4926359507872,126.39090103050412,13.101734920283064,1.0,13.101734920283064
copperplate_neutral,2030-01-14 10:00:00,Corderry wind,Corderry,non_priority,135.01007430737516,135.01007430737516,0.0,1.0,0.0
copperplate_neutral,2030-01-14 11:00:00,Corderry wind,Corderry,non_priority,141.64410029188454,88.9756195036023,52.66848078828224,1.0,52.66848078828224
copperplate_neutral,2030-01-14 12:00:00,Corderry wind,Corderry,non_priority,70.91670372649402,70.91670372649402,0.0,1.0,0.0
copperplate_neutral,2030-01-14 13:00:00,Corderry wind,Corderry,non_priority,77.36105898757765,77.36105898757765,0.0,1.0,0.0
copperplate_neutral,2030-01-14 14:00:00,Corderry wind,Corderry,non_priority,58.399078749559884,58.399078749559884,0.0,1.0,0.0
copperplate_neutral,2030-01-14 15:00:00,Corderry wind,Corderry,non_priority,114.3265881204338,114.3265881204338,0.0,1.0,0.0
copperplate_neutral,2030-01-14 16:00:00,Corderry wind,Corderry,non_priority,114.32190495874521,114.32190495874521,0.0,1.0,0.0
copperplate_neutral,2030-01-14 17:00:00,Corderry wind,Corderry,non_priority,130.68539278848567,130.68539278848567,0.0,1.0,0.0
copperplate_neutral,2030-01-14 18:00:00,Corderry wind,Corderry,non_priority,123.62496426693043,123.62496426693043,0.0,1.0,0.0
copperplate_neutral,2030-01-14 19:00:00,Corderry wind,Corderry,non_priority,129.38811014672575,129.38811014672575,0.0,1.0,0.0
copperplate_neutral,2030-01-14 20:00:00,Corderry wind,Corderry,non_priority,107.15736714810981,107.15736714810981,0.0,1.0,0.0
copperplate_neutral,2030-01-14 21:00:00,Corderry wind,Corderry,non_priority,103.20897745243617,103.20897745243617,0.0,1.0,0.0
copperplate_neutral,2030-01-14 22:00:00,Corderry wind,Corderry,non_priority,93.69717539953162,93.69717539953162,0.0,1.0,0.0
copperplate_neutral,2030-01-14 23:00:00,Corderry wind,Corderry,non_priority,133.85053269089317,133.85053269089317,0.0,1.0,0.0
copperplate_neutral,2030-01-15 00:00:00,Corderry wind,Corderry,non_priority,141.14300495181024,139.91946344352573,1.2235415082845122,1.0,1.2235415082845122
copperplate_neutral,2030-01-15 01:00:00,Corderry wind,Corderry,non_priority,140.56431956534695,98.24355499199706,42.32076457334989,1.0,42.32076457334989
copperplate_neutral,2030-01-15 02:00:00,Corderry wind,Corderry,non_priority,141.13824325194327,92.69201776706501,48.446225484878255,1.0,48.446225484878255
copperplate_neutral,2030-01-15 03:00:00,Corderry wind,Corderry,non_priority,144.37255644843933,19.32856421365664,125.04399223478268,1.0,125.04399223478268
copperplate_neutral,2030-01-15 04:00:00,Corderry wind,Corderry,non_priority,145.18409530000204,0.6331145241770173,144.55098077582502,1.0,144.55098077582502
copperplate_neutral,2030-01-15 05:00:00,Corderry wind,Corderry,non_priority,144.8058468775338,44.48309489043601,100.3227519870978,1.0,100.3227519870978
copperplate_neutral,2030-01-14 06:00:00,Clogher wind,Clogher,non_priority,42.777412940048,42.777412940048,0.0,1.0,0.0
copperplate_neutral,2030-01-14 07:00:00,Clogher wind,Clogher,non_priority,60.76288343715855,60.76288343715855,0.0,1.0,0.0
copperplate_neutral,2030-01-14 08:00:00,Clogher wind,Clogher,non_priority,67.18412702270814,67.18412702270814,0.0,1.0,0.0
copperplate_neutral,2030-01-14 09:00:00,Clogher wind,Clogher,non_priority,81.33879457250146,81.33879457250146,0.0,1.0,0.0
copperplate_neutral,2030-01-14 10:00:00,Clogher wind,Clogher,non_priority,77.21405426402154,77.21405426402154,0.0,1.0,0.0
copperplate_neutral,2030-01-14 11:00:00,Clogher wind,Clogher,non_priority,85.21729061690063,85.21729061690063,0.0,1.0,0.0
copperplate_neutral,2030-01-14 12:00:00,Clogher wind,Clogher,non_priority,49.48052213951951,49.48052213951951,0.0,1.0,0.0
copperplate_neutral,2030-01-14 13:00:00,Clogher wind,Clogher,non_priority,51.638035750903455,51.638035750903455,0.0,1.0,0.0
copperplate_neutral,2030-01-14 14:00:00,Clogher wind,Clogher,non_priority,37.187172638582894,37.187172638582894,0.0,1.0,0.0
copperplate_neutral,2030-01-14 15:00:00,Clogher wind,Clogher,non_priority,69.26540585480646,69.26540585480646,0.0,1.0,0.0
copperplate_neutral,2030-01-14 16:00:00,Clogher wind,Clogher,non_priority,55.39880037978344,55.39880037978344,0.0,1.0,0.0
copperplate_neutral,2030-01-14 17:00:00,Clogher wind,Clogher,non_priority,62.19490758124122,62.19490758124122,0.0,1.0,0.0
copperplate_neutral,2030-01-14 18:00:00,Clogher wind,Clogher,non_priority,43.34487533972401,43.34487533972401,0.0,1.0,0.0
copperplate_neutral,2030-01-14 19:00:00,Clogher wind,Clogher,non_priority,48.39564432179324,48.39564432179324,0.0,1.0,0.0
copperplate_neutral,2030-01-14 20:00:00,Clogher wind,Clogher,non_priority,31.966564719302507,31.966564719302507,0.0,1.0,0.0
copperplate_neutral,2030-01-14 21:00:00,Clogher wind,Clogher,non_priority,38.889675348853174,38.889675348853174,0.0,1.0,0.0
copperplate_neutral,2030-01-14 22:00:00,Clogher wind,Clogher,non_priority,35.58434633299686,35.58434633299686,0.0,1.0,0.0
copperplate_neutral,2030-01-14 23:00:00,Clogher wind,Clogher,non_priority,58.87107002137579,58.87107002137579,0.0,1.0,0.0
copperplate_neutral,2030-01-15 00:00:00,Clogher wind,Clogher,non_priority,75.50391688974878,75.50391688974878,0.0,1.0,0.0
copperplate_neutral,2030-01-15 01:00:00,Clogher wind,Clogher,non_priority,80.0748115958686,80.0748115958686,0.0,1.0,0.0
copperplate_neutral,2030-01-15 02:00:00,Clogher wind,Clogher,non_priority,77.65583005667271,77.65583005667271,0.0,1.0,0.0
copperplate_neutral,2030-01-15 03:00:00,Clogher wind,Clogher,non_priority,85.71073476382608,85.71073476382608,0.0,1.0,0.0
copperplate_neutral,2030-01-15 04:00:00,Clogher wind,Clogher,non_priority,86.25240884037296,86.25240884037296,0.0,1.0,0.0
copperplate_neutral,2030-01-15 05:00:00,Clogher wind,Clogher,non_priority,84.9218479777445,84.9218479777445,0.0,1.0,0.0
copperplate_neutral,2030-01-14 06:00:00,Croaghonagh wind,Croaghonagh,priority,60.60677741735044,60.60677741735044,0.0,1.0,0.0
copperplate_neutral,2030-01-14 07:00:00,Croaghonagh wind,Croaghonagh,priority,86.08848218272233,86.08848218272233,0.0,1.0,0.0
copperplate_neutral,2030-01-14 08:00:00,Croaghonagh wind,Croaghonagh,priority,95.1860608810277,95.1860608810277,0.0,1.0,0.0
copperplate_neutral,2030-01-14 09:00:00,Croaghonagh wind,Croaghonagh,priority,115.24030742485701,115.24030742485701,0.0,1.0,0.0
copperplate_neutral,2030-01-14 10:00:00,Croaghonagh wind,Croaghonagh,priority,109.39640054505645,109.39640054505645,0.0,1.0,0.0
copperplate_neutral,2030-01-14 11:00:00,Croaghonagh wind,Croaghonagh,priority,120.73533693508975,120.73533693508975,0.0,1.0,0.0
copperplate_neutral,2030-01-14 12:00:00,Croaghonagh wind,Croaghonagh,priority,70.10370159614367,70.10370159614367,0.0,1.0,0.0
copperplate_neutral,2030-01-14 13:00:00,Croaghonagh wind,Croaghonagh,priority,73.1604537050968,73.1604537050968,0.0,1.0,0.0
copperplate_neutral,2030-01-14 14:00:00,Croaghonagh wind,Croaghonagh,priority,52.68655909710675,52.68655909710675,0.0,1.0,0.0
copperplate_neutral,2030-01-14 15:00:00,Croaghonagh wind,Croaghonagh,priority,98.13480402024487,98.13480402024487,0.0,1.0,0.0
copperplate_neutral,2030-01-14 16:00:00,Croaghonagh wind,Croaghonagh,priority,78.48868206479241,78.48868206479241,0.0,1.0,0.0
copperplate_neutral,2030-01-14 17:00:00,Croaghonagh wind,Croaghonagh,priority,88.11736524487304,88.11736524487304,0.0,1.0,0.0
copperplate_neutral,2030-01-14 18:00:00,Croaghonagh wind,Croaghonagh,priority,61.410754679792184,61.410754679792184,0.0,1.0,0.0
copperplate_neutral,2030-01-14 19:00:00,Croaghonagh wind,Croaghonagh,priority,68.56665332919714,68.56665332919714,0.0,1.0,0.0
copperplate_neutral,2030-01-14 20:00:00,Croaghonagh wind,Croaghonagh,priority,45.29003367864538,45.29003367864538,0.0,1.0,0.0
copperplate_neutral,2030-01-14 21:00:00,Croaghonagh wind,Croaghonagh,priority,55.09865454005457,55.09865454005457,0.0,1.0,0.0
copperplate_neutral,2030-01-14 22:00:00,Croaghonagh wind,Croaghonagh,priority,50.41568457560471,50.41568457560471,0.0,1.0,0.0
copperplate_neutral,2030-01-14 23:00:00,Croaghonagh wind,Croaghonagh,priority,83.40817248830035,83.40817248830035,0.0,1.0,0.0
copperplate_neutral,2030-01-15 00:00:00,Croaghonagh wind,Croaghonagh,priority,106.97348835677384,106.97348835677384,0.0,1.0,0.0
copperplate_neutral,2030-01-15 01:00:00,Croaghonagh wind,Croaghonagh,priority,113.4495040625436,113.4495040625436,0.0,1.0,0.0
copperplate_neutral,2030-01-15 02:00:00,Croaghonagh wind,Croaghonagh,priority,110.0223057902172,110.0223057902172,0.0,1.0,0.0
copperplate_neutral,2030-01-15 03:00:00,Croaghonagh wind,Croaghonagh,priority,121.43444558905436,121.43444558905436,0.0,1.0,0.0
copperplate_neutral,2030-01-15 04:00:00,Croaghonagh wind,Croaghonagh,priority,122.20188611277268,122.20188611277268,0.0,1.0,0.0
copperplate_neutral,2030-01-15 05:00:00,Croaghonagh wind,Croaghonagh,priority,120.31675560816319,120.31675560816319,0.0,1.0,0.0
copperplate_neutral,2030-01-14 06:00:00,Cathaleen's Fall wind,Cathaleen's Fall,non_priority,17.06558185622301,17.06558185622301,0.0,1.0,0.0
copperplate_neutral,2030-01-14 07:00:00,Cathaleen's Fall wind,Cathaleen's Fall,non_priority,26.304759535586047,26.304759535586047,0.0,1.0,0.0
copperplate_neutral,2030-01-14 08:00:00,Cathaleen's Fall wind,Cathaleen's Fall,non_priority,24.23859938806136,24.23859938806136,0.0,1.0,0.0
copperplate_neutral,2030-01-14 09:00:00,Cathaleen's Fall wind,Cathaleen's Fall,non_priority,36.34494154341771,36.34494154341771,0.0,1.0,0.0
copperplate_neutral,2030-01-14 10:00:00,Cathaleen's Fall wind,Cathaleen's Fall,non_priority,29.489785468172506,29.489785468172506,0.0,1.0,0.0
copperplate_neutral,2030-01-14 11:00:00,Cathaleen's Fall wind,Cathaleen's Fall,non_priority,39.321313680305025,39.321313680305025,0.0,1.0,0.0
copperplate_neutral,2030-01-14 12:00:00,Cathaleen's Fall wind,Cathaleen's Fall,non_priority,15.706680713950725,15.706680713950725,0.0,1.0,0.0
copperplate_neutral,2030-01-14 13:00:00,Cathaleen's Fall wind,Cathaleen's Fall,non_priority,14.539649719899293,14.539649719899293,0.0,1.0,0.0
copperplate_neutral,2030-01-14 14:00:00,Cathaleen's Fall wind,Cathaleen's Fall,non_priority,10.564756953698785,10.564756953698785,0.0,1.0,0.0
copperplate_neutral,2030-01-14 15:00:00,Cathaleen's Fall wind,Cathaleen's Fall,non_priority,27.739610281089035,27.739610281089035,0.0,1.0,0.0
copperplate_neutral,2030-01-14 16:00:00,Cathaleen's Fall wind,Cathaleen's Fall,non_priority,22.419011738394744,22.419011738394744,0.0,1.0,0.0
copperplate_neutral,2030-01-14 17:00:00,Cathaleen's Fall wind,Cathaleen's Fall,non_priority,27.211724313121177,27.211724313121177,0.0,1.0,0.0
copperplate_neutral,2030-01-14 18:00:00,Cathaleen's Fall wind,Cathaleen's Fall,non_priority,17.750736656380095,17.750736656380095,0.0,1.0,0.0
copperplate_neutral,2030-01-14 19:00:00,Cathaleen's Fall wind,Cathaleen's Fall,non_priority,17.284857015848406,17.284857015848406,0.0,1.0,0.0
copperplate_neutral,2030-01-14 20:00:00,Cathaleen's Fall wind,Cathaleen's Fall,non_priority,9.507682135137717,9.507682135137717,0.0,1.0,0.0
copperplate_neutral,2030-01-14 21:00:00,Cathaleen's Fall wind,Cathaleen's Fall,non_priority,11.369642214530684,11.369642214530684,0.0,1.0,0.0
copperplate_neutral,2030-01-14 22:00:00,Cathaleen's Fall wind,Cathaleen's Fall,non_priority,9.743806337172176,9.743806337172176,0.0,1.0,0.0
copperplate_neutral,2030-01-14 23:00:00,Cathaleen's Fall wind,Cathaleen's Fall,non_priority,21.307781543056603,21.307781543056603,0.0,1.0,0.0
copperplate_neutral,2030-01-15 00:00:00,Cathaleen's Fall wind,Cathaleen's Fall,non_priority,32.19113877114846,32.19113877114846,0.0,1.0,0.0
copperplate_neutral,2030-01-15 01:00:00,Cathaleen's Fall wind,Cathaleen's Fall,non_priority,38.42894162702094,38.42894162702094,0.0,1.0,0.0
copperplate_neutral,2030-01-15 02:00:00,Cathaleen's Fall wind,Cathaleen's Fall,non_priority,35.846927229215495,35.846927229215495,0.0,1.0,0.0
copperplate_neutral,2030-01-15 03:00:00,Cathaleen's Fall wind,Cathaleen's Fall,non_priority,41.546809570875624,41.546809570875624,0.0,1.0,0.0
copperplate_neutral,2030-01-15 04:00:00,Cathaleen's Fall wind,Cathaleen's Fall,non_priority,47.323157797847365,47.323157797847365,0.0,1.0,0.0
copperplate_neutral,2030-01-15 05:00:00,Cathaleen's Fall wind,Cathaleen's Fall,non_priority,43.17287437069037,43.17287437069037,0.0,1.0,0.0
copperplate_neutral,2030-01-14 06:00:00,Binbane wind,Binbane,priority,27.333477679526855,27.333477679526855,0.0,1.0,0.0
copperplate_neutral,2030-01-14 07:00:00,Binbane wind,Binbane,priority,40.469785835837996,40.469785835837996,0.0,1.0,0.0
copperplate_neutral,2030-01-14 08:00:00,Binbane wind,Binbane,priority,36.70707660023346,36.70707660023346,0.0,1.0,0.0
copperplate_neutral,2030-01-14 09:00:00,Binbane wind,Binbane,priority,51.186830544962504,51.186830544962504,0.0,1.0,0.0
copperplate_neutral,2030-01-14 10:00:00,Binbane wind,Binbane,priority,42.91659071428766,42.91659071428766,0.0,1.0,0.0
copperplate_neutral,2030-01-14 11:00:00,Binbane wind,Binbane,priority,63.98673960527397,63.98673960527397,0.0,1.0,0.0
copperplate_neutral,2030-01-14 12:00:00,Binbane wind,Binbane,priority,23.011907571189607,23.011907571189607,0.0,1.0,0.0
copperplate_neutral,2030-01-14 13:00:00,Binbane wind,Binbane,priority,21.688537448160083,21.688537448160083,0.0,1.0,0.0
copperplate_neutral,2030-01-14 14:00:00,Binbane wind,Binbane,priority,16.284695479956607,16.284695479956607,0.0,1.0,0.0
copperplate_neutral,2030-01-14 15:00:00,Binbane wind,Binbane,priority,39.94938853608373,39.94938853608373,0.0,1.0,0.0
copperplate_neutral,2030-01-14 16:00:00,Binbane wind,Binbane,priority,28.084089579661878,28.084089579661878,0.0,1.0,0.0
copperplate_neutral,2030-01-14 17:00:00,Binbane wind,Binbane,priority,41.393664095373595,41.393664095373595,0.0,1.0,0.0
copperplate_neutral,2030-01-14 18:00:00,Binbane wind,Binbane,priority,29.074289475122907,29.074289475122907,0.0,1.0,0.0
copperplate_neutral,2030-01-14 19:00:00,Binbane wind,Binbane,priority,29.04238105857128,29.04238105857128,0.0,1.0,0.0
copperplate_neutral,2030-01-14 20:00:00,Binbane wind,Binbane,priority,19.413518451735037,19.413518451735037,0.0,1.0,0.0
copperplate_neutral,2030-01-14 21:00:00,Binbane wind,Binbane,priority,26.696061520537143,26.696061520537143,0.0,1.0,0.0
copperplate_neutral,2030-01-14 22:00:00,Binbane wind,Binbane,priority,17.749052184528963,17.749052184528963,0.0,1.0,0.0
copperplate_neutral,2030-01-14 23:00:00,Binbane wind,Binbane,priority,32.72658015748152,32.72658015748152,0.0,1.0,0.0
copperplate_neutral,2030-01-15 00:00:00,Binbane wind,Binbane,priority,50.90798289996044,50.90798289996044,0.0,1.0,0.0
copperplate_neutral,2030-01-15 01:00:00,Binbane wind,Binbane,priority,57.86229967351554,57.86229967351554,0.0,1.0,0.0
copperplate_neutral,2030-01-15 02:00:00,Binbane wind,Binbane,priority,60.96108599102347,60.96108599102347,0.0,1.0,0.0
copperplate_neutral,2030-01-15 03:00:00,Binbane wind,Binbane,priority,73.4863184329048,73.4863184329048,0.0,1.0,0.0
copperplate_neutral,2030-01-15 04:00:00,Binbane wind,Binbane,priority,73.9618363594108,73.9618363594108,0.0,1.0,0.0
copperplate_neutral,2030-01-15 05:00:00,Binbane wind,Binbane,priority,67.17722828811425,67.17722828811425,0.0,1.0,0.0
copperplate_neutral,2030-01-14 06:00:00,Letterkenny wind,Letterkenny,non_priority,41.830722718593194,41.830722718593194,0.0,1.0,0.0
copperplate_neutral,2030-01-14 07:00:00,Letterkenny wind,Letterkenny,non_priority,63.57712569629948,63.57712569629948,0.0,1.0,0.0
copperplate_neutral,2030-01-14 08:00:00,Letterkenny wind,Letterkenny,non_priority,64.66630719678498,64.66630719678498,0.0,1.0,0.0
copperplate_neutral,2030-01-14 09:00:00,Letterkenny wind,Letterkenny,non_priority,70.40660848889743,70.40660848889743,0.0,1.0,0.0
copperplate_neutral,2030-01-14 10:00:00,Letterkenny wind,Letterkenny,non_priority,66.90938286861449,66.90938286861449,0.0,1.0,0.0
copperplate_neutral,2030-01-14 11:00:00,Letterkenny wind,Letterkenny,non_priority,72.9178849325516,72.9178849325516,0.0,1.0,0.0
copperplate_neutral,2030-01-14 12:00:00,Letterkenny wind,Letterkenny,non_priority,45.80196408108124,45.80196408108124,0.0,1.0,0.0
copperplate_neutral,2030-01-14 13:00:00,Letterkenny wind,Letterkenny,non_priority,38.75208102584755,38.75208102584755,0.0,1.0,0.0
copperplate_neutral,2030-01-14 14:00:00,Letterkenny wind,Letterkenny,non_priority,27.804403633009798,27.804403633009798,0.0,1.0,0.0
copperplate_neutral,2030-01-14 15:00:00,Letterkenny wind,Letterkenny,non_priority,53.218544472903446,53.218544472903446,0.0,1.0,0.0
copperplate_neutral,2030-01-14 16:00:00,Letterkenny wind,Letterkenny,non_priority,44.314804914683855,44.314804914683855,0.0,1.0,0.0
copperplate_neutral,2030-01-14 17:00:00,Letterkenny wind,Letterkenny,non_priority,50.45340837765898,50.45340837765898,0.0,1.0,0.0
copperplate_neutral,2030-01-14 18:00:00,Letterkenny wind,Letterkenny,non_priority,42.00655042792764,42.00655042792764,0.0,1.0,0.0
copperplate_neutral,2030-01-14 19:00:00,Letterkenny wind,Letterkenny,non_priority,48.328192035092485,48.328192035092485,0.0,1.0,0.0
copperplate_neutral,2030-01-14 20:00:00,Letterkenny wind,Letterkenny,non_priority,33.13878633764136,33.13878633764136,0.0,1.0,0.0
copperplate_neutral,2030-01-14 21:00:00,Letterkenny wind,Letterkenny,non_priority,34.82535731465508,34.82535731465508,0.0,1.0,0.0
copperplate_neutral,2030-01-14 22:00:00,Letterkenny wind,Letterkenny,non_priority,29.77431323852741,29.77431323852741,0.0,1.0,0.0
copperplate_neutral,2030-01-14 23:00:00,Letterkenny wind,Letterkenny,non_priority,51.553512231645605,51.553512231645605,0.0,1.0,0.0
copperplate_neutral,2030-01-15 00:00:00,Letterkenny wind,Letterkenny,non_priority,70.85855889896892,70.85855889896892,0.0,1.0,0.0
copperplate_neutral,2030-01-15 01:00:00,Letterkenny wind,Letterkenny,non_priority,75.1384254918753,75.1384254918753,0.0,1.0,0.0
copperplate_neutral,2030-01-15 02:00:00,Letterkenny wind,Letterkenny,non_priority,75.13788026194989,75.13788026194989,0.0,1.0,0.0
copperplate_neutral,2030-01-15 03:00:00,Letterkenny wind,Letterkenny,non_priority,80.17408608066965,80.17408608066965,0.0,1.0,0.0
copperplate_neutral,2030-01-15 04:00:00,Letterkenny wind,Letterkenny,non_priority,79.52967447348547,79.52967447348547,0.0,1.0,0.0
copperplate_neutral,2030-01-15 05:00:00,Letterkenny wind,Letterkenny,non_priority,77.21798476078645,77.21798476078645,0.0,1.0,0.0
copperplate_neutral,2030-01-14 06:00:00,Drumkeen wind,Drumkeen,priority,34.55542716559042,34.55542716559042,0.0,1.0,0.0
copperplate_neutral,2030-01-14 07:00:00,Drumkeen wind,Drumkeen,priority,50.975069607586114,50.975069607586114,0.0,1.0,0.0
copperplate_neutral,2030-01-14 08:00:00,Drumkeen wind,Drumkeen,priority,51.11248966928623,51.11248966928623,0.0,1.0,0.0
copperplate_neutral,2030-01-14 09:00:00,Drumkeen wind,Drumkeen,priority,60.53250673787193,60.53250673787193,0.0,1.0,0.0
copperplate_neutral,2030-01-14 10:00:00,Drumkeen wind,Drumkeen,priority,56.04454036594005,56.04454036594005,0.0,1.0,0.0
copperplate_neutral,2030-01-14 11:00:00,Drumkeen wind,Drumkeen,priority,64.6895731803692,64.6895731803692,0.0,1.0,0.0
copperplate_neutral,2030-01-14 12:00:00,Drumkeen wind,Drumkeen,priority,33.79557917796294,33.79557917796294,0.0,1.0,0.0
copperplate_neutral,2030-01-14 13:00:00,Drumkeen wind,Drumkeen,priority,30.68441183088882,30.68441183088882,0.0,1.0,0.0
copperplate_neutral,2030-01-14 14:00:00,Drumkeen wind,Drumkeen,priority,26.81721823025692,26.81721823025692,0.0,1.0,0.0
copperplate_neutral,2030-01-14 15:00:00,Drumkeen wind,Drumkeen,priority,57.38530526180425,57.38530526180425,0.0,1.0,0.0
copperplate_neutral,2030-01-14 16:00:00,Drumkeen wind,Drumkeen,priority,47.52733071606942,47.52733071606942,0.0,1.0,0.0
copperplate_neutral,2030-01-14 17:00:00,Drumkeen wind,Drumkeen,priority,54.65476115411948,54.65476115411948,0.0,1.0,0.0
copperplate_neutral,2030-01-14 18:00:00,Drumkeen wind,Drumkeen,priority,44.28009416682733,44.28009416682733,0.0,1.0,0.0
copperplate_neutral,2030-01-14 19:00:00,Drumkeen wind,Drumkeen,priority,46.02952584477828,46.02952584477828,0.0,1.0,0.0
copperplate_neutral,2030-01-14 20:00:00,Drumkeen wind,Drumkeen,priority,29.723393519850315,29.723393519850315,0.0,1.0,0.0
copperplate_neutral,2030-01-14 21:00:00,Drumkeen wind,Drumkeen,priority,34.56779472137786,34.56779472137786,0.0,1.0,0.0
copperplate_neutral,2030-01-14 22:00:00,Drumkeen wind,Drumkeen,priority,29.900882784608402,29.900882784608402,0.0,1.0,0.0
copperplate_neutral,2030-01-14 23:00:00,Drumkeen wind,Drumkeen,priority,49.62574893232017,49.62574893232017,0.0,1.0,0.0
copperplate_neutral,2030-01-15 00:00:00,Drumkeen wind,Drumkeen,priority,67.32561827012364,67.32561827012364,0.0,1.0,0.0
copperplate_neutral,2030-01-15 01:00:00,Drumkeen wind,Drumkeen,priority,68.02099150640097,68.02099150640097,0.0,1.0,0.0
copperplate_neutral,2030-01-15 02:00:00,Drumkeen wind,Drumkeen,priority,68.7080190460109,68.7080190460109,0.0,1.0,0.0
copperplate_neutral,2030-01-15 03:00:00,Drumkeen wind,Drumkeen,priority,75.21292299628776,75.21292299628776,0.0,1.0,0.0
copperplate_neutral,2030-01-15 04:00:00,Drumkeen wind,Drumkeen,priority,74.79907029289112,74.79907029289112,0.0,1.0,0.0
copperplate_neutral,2030-01-15 05:00:00,Drumkeen wind,Drumkeen,priority,73.21976048416526,73.21976048416526,0.0,1.0,0.0
copperplate_neutral,2030-01-14 06:00:00,Glenree wind,Glenree,non_priority,13.03427761797363,13.03427761797363,0.0,1.0,0.0
copperplate_neutral,2030-01-14 07:00:00,Glenree wind,Glenree,non_priority,17.533290698316616,17.533290698316616,0.0,1.0,0.0
copperplate_neutral,2030-01-14 08:00:00,Glenree wind,Glenree,non_priority,16.188019592378055,16.188019592378055,0.0,1.0,0.0
copperplate_neutral,2030-01-14 09:00:00,Glenree wind,Glenree,non_priority,36.09724325985801,36.09724325985801,0.0,1.0,0.0
copperplate_neutral,2030-01-14 10:00:00,Glenree wind,Glenree,non_priority,35.57474970744608,35.57474970744608,0.0,1.0,0.0
copperplate_neutral,2030-01-14 11:00:00,Glenree wind,Glenree,non_priority,38.00765352741275,38.00765352741275,0.0,1.0,0.0
copperplate_neutral,2030-01-14 12:00:00,Glenree wind,Glenree,non_priority,11.558273600923668,11.558273600923668,0.0,1.0,0.0
copperplate_neutral,2030-01-14 13:00:00,Glenree wind,Glenree,non_priority,8.556135615272925,8.556135615272925,0.0,1.0,0.0
copperplate_neutral,2030-01-14 14:00:00,Glenree wind,Glenree,non_priority,7.203218688453863,7.203218688453863,0.0,1.0,0.0
copperplate_neutral,2030-01-14 15:00:00,Glenree wind,Glenree,non_priority,18.87446621236314,18.87446621236314,0.0,1.0,0.0
copperplate_neutral,2030-01-14 16:00:00,Glenree wind,Glenree,non_priority,18.251840272306442,18.251840272306442,0.0,1.0,0.0
copperplate_neutral,2030-01-14 17:00:00,Glenree wind,Glenree,non_priority,28.26602346706999,28.26602346706999,0.0,1.0,0.0
copperplate_neutral,2030-01-14 18:00:00,Glenree wind,Glenree,non_priority,23.141273938529515,23.141273938529515,0.0,1.0,0.0
copperplate_neutral,2030-01-14 19:00:00,Glenree wind,Glenree,non_priority,22.082604665052486,22.082604665052486,0.0,1.0,0.0
copperplate_neutral,2030-01-14 20:00:00,Glenree wind,Glenree,non_priority,15.23860497137327,15.23860497137327,0.0,1.0,0.0
copperplate_neutral,2030-01-14 21:00:00,Glenree wind,Glenree,non_priority,11.634409264720908,11.634409264720908,0.0,1.0,0.0
copperplate_neutral,2030-01-14 22:00:00,Glenree wind,Glenree,non_priority,9.1416749782349,9.1416749782349,0.0,1.0,0.0
copperplate_neutral,2030-01-14 23:00:00,Glenree wind,Glenree,non_priority,15.468327883513929,15.468327883513929,0.0,1.0,0.0
copperplate_neutral,2030-01-15 00:00:00,Glenree wind,Glenree,non_priority,21.637593736295372,21.637593736295372,0.0,1.0,0.0
copperplate_neutral,2030-01-15 01:00:00,Glenree wind,Glenree,non_priority,23.282034318691757,23.282034318691757,0.0,1.0,0.0
copperplate_neutral,2030-01-15 02:00:00,Glenree wind,Glenree,non_priority,29.980153284540872,29.980153284540872,0.0,1.0,0.0
copperplate_neutral,2030-01-15 03:00:00,Glenree wind,Glenree,non_priority,38.594225330690804,38.594225330690804,0.0,1.0,0.0
copperplate_neutral,2030-01-15 04:00:00,Glenree wind,Glenree,non_priority,44.24904576132181,44.24904576132181,0.0,1.0,0.0
copperplate_neutral,2030-01-15 05:00:00,Glenree wind,Glenree,non_priority,35.347954349225596,35.347954349225596,0.0,1.0,0.0
copperplate_neutral,2030-01-14 06:00:00,Sorne Hill wind,Sorne Hill,non_priority,14.10332549394124,14.10332549394124,0.0,1.0,0.0
copperplate_neutral,2030-01-14 07:00:00,Sorne Hill wind,Sorne Hill,non_priority,27.65927622121897,27.65927622121897,0.0,1.0,0.0
copperplate_neutral,2030-01-14 08:00:00,Sorne Hill wind,Sorne Hill,non_priority,31.57292471203537,31.57292471203537,0.0,1.0,0.0
copperplate_neutral,2030-01-14 09:00:00,Sorne Hill wind,Sorne Hill,non_priority,30.856659273453886,30.856659273453886,0.0,1.0,0.0
copperplate_neutral,2030-01-14 10:00:00,Sorne Hill wind,Sorne Hill,non_priority,22.562850613697613,22.562850613697613,0.0,1.0,0.0
copperplate_neutral,2030-01-14 11:00:00,Sorne Hill wind,Sorne Hill,non_priority,29.46775743584074,29.46775743584074,0.0,1.0,0.0
copperplate_neutral,2030-01-14 12:00:00,Sorne Hill wind,Sorne Hill,non_priority,13.911591944996564,13.911591944996564,0.0,1.0,0.0
copperplate_neutral,2030-01-14 13:00:00,Sorne Hill wind,Sorne Hill,non_priority,12.225090131852161,12.225090131852161,0.0,1.0,0.0
copperplate_neutral,2030-01-14 14:00:00,Sorne Hill wind,Sorne Hill,non_priority,9.100715189151563,9.100715189151563,0.0,1.0,0.0
copperplate_neutral,2030-01-14 15:00:00,Sorne Hill wind,Sorne Hill,non_priority,17.35269141104657,17.35269141104657,0.0,1.0,0.0
copperplate_neutral,2030-01-14 16:00:00,Sorne Hill wind,Sorne Hill,non_priority,12.735443310024104,12.735443310024104,0.0,1.0,0.0
copperplate_neutral,2030-01-14 17:00:00,Sorne Hill wind,Sorne Hill,non_priority,12.829685132860396,12.829685132860396,0.0,1.0,0.0
copperplate_neutral,2030-01-14 18:00:00,Sorne Hill wind,Sorne Hill,non_priority,10.921434353595691,10.921434353595691,0.0,1.0,0.0
copperplate_neutral,2030-01-14 19:00:00,Sorne Hill wind,Sorne Hill,non_priority,13.985471597453586,13.985471597453586,0.0,1.0,0.0
copperplate_neutral,2030-01-14 20:00:00,Sorne Hill wind,Sorne Hill,non_priority,9.789263877525505,9.789263877525505,0.0,1.0,0.0
copperplate_neutral,2030-01-14 21:00:00,Sorne Hill wind,Sorne Hill,non_priority,13.246118494741266,13.246118494741266,0.0,1.0,0.0
copperplate_neutral,2030-01-14 22:00:00,Sorne Hill wind,Sorne Hill,non_priority,11.107911409982277,11.107911409982277,0.0,1.0,0.0
copperplate_neutral,2030-01-14 23:00:00,Sorne Hill wind,Sorne Hill,non_priority,20.197918411359524,20.197918411359524,0.0,1.0,0.0
copperplate_neutral,2030-01-15 00:00:00,Sorne Hill wind,Sorne Hill,non_priority,28.63996917653709,28.63996917653709,0.0,1.0,0.0
copperplate_neutral,2030-01-15 01:00:00,Sorne Hill wind,Sorne Hill,non_priority,28.277885843965812,28.277885843965812,0.0,1.0,0.0
copperplate_neutral,2030-01-15 02:00:00,Sorne Hill wind,Sorne Hill,non_priority,25.648240392411775,25.648240392411775,0.0,1.0,0.0
copperplate_neutral,2030-01-15 03:00:00,Sorne Hill wind,Sorne Hill,non_priority,26.372122088212148,26.372122088212148,0.0,1.0,0.0
copperplate_neutral,2030-01-15 04:00:00,Sorne Hill wind,Sorne Hill,non_priority,28.727813786240404,28.727813786240404,0.0,1.0,0.0
copperplate_neutral,2030-01-15 05:00:00,Sorne Hill wind,Sorne Hill,non_priority,22.818123238147724,22.818123238147724,0.0,1.0,0.0
copperplate_neutral,2030-01-14 06:00:00,Sligo wind,Sligo,non_priority,15.38615557862624,15.38615557862624,0.0,1.0,0.0
copperplate_neutral,2030-01-14 07:00:00,Sligo wind,Sligo,non_priority,18.963381098953494,18.963381098953494,0.0,1.0,0.0
copperplate_neutral,2030-01-14 08:00:00,Sligo wind,Sligo,non_priority,17.338909776037852,17.338909776037852,0.0,1.0,0.0
copperplate_neutral,2030-01-14 09:00:00,Sligo wind,Sligo,non_priority,28.095248018194017,28.095248018194017,0.0,1.0,0.0
copperplate_neutral,2030-01-14 10:00:00,Sligo wind,Sligo,non_priority,27.456797752993715,27.456797752993715,0.0,1.0,0.0
copperplate_neutral,2030-01-14 11:00:00,Sligo wind,Sligo,non_priority,28.827532476372713,28.827532476372713,0.0,1.0,0.0
copperplate_neutral,2030-01-14 12:00:00,Sligo wind,Sligo,non_priority,8.929375862022011,8.929375862022011,0.0,1.0,0.0
copperplate_neutral,2030-01-14 13:00:00,Sligo wind,Sligo,non_priority,7.568624661157955,7.568624661157955,0.0,1.0,0.0
copperplate_neutral,2030-01-14 14:00:00,Sligo wind,Sligo,non_priority,5.661926867589395,5.661926867589395,0.0,1.0,0.0
copperplate_neutral,2030-01-14 15:00:00,Sligo wind,Sligo,non_priority,14.722572594976858,14.722572594976858,0.0,1.0,0.0
copperplate_neutral,2030-01-14 16:00:00,Sligo wind,Sligo,non_priority,15.851110952974626,15.851110952974626,0.0,1.0,0.0
copperplate_neutral,2030-01-14 17:00:00,Sligo wind,Sligo,non_priority,22.990937252059087,22.990937252059087,0.0,1.0,0.0
copperplate_neutral,2030-01-14 18:00:00,Sligo wind,Sligo,non_priority,18.14116087033879,18.14116087033879,0.0,1.0,0.0
copperplate_neutral,2030-01-14 19:00:00,Sligo wind,Sligo,non_priority,17.226133745601267,17.226133745601267,0.0,1.0,0.0
copperplate_neutral,2030-01-14 20:00:00,Sligo wind,Sligo,non_priority,9.592058067111365,9.592058067111365,0.0,1.0,0.0
copperplate_neutral,2030-01-14 21:00:00,Sligo wind,Sligo,non_priority,7.062277502012783,7.062277502012783,0.0,1.0,0.0
copperplate_neutral,2030-01-14 22:00:00,Sligo wind,Sligo,non_priority,7.899750358484654,7.899750358484654,0.0,1.0,0.0
copperplate_neutral,2030-01-14 23:00:00,Sligo wind,Sligo,non_priority,14.982180517477701,14.982180517477701,0.0,1.0,0.0
copperplate_neutral,2030-01-15 00:00:00,Sligo wind,Sligo,non_priority,17.36594389469885,17.36594389469885,0.0,1.0,0.0
copperplate_neutral,2030-01-15 01:00:00,Sligo wind,Sligo,non_priority,18.816862901567028,18.816862901567028,0.0,1.0,0.0
copperplate_neutral,2030-01-15 02:00:00,Sligo wind,Sligo,non_priority,25.22719762530992,25.22719762530992,0.0,1.0,0.0
copperplate_neutral,2030-01-15 03:00:00,Sligo wind,Sligo,non_priority,33.567470746615925,33.567470746615925,0.0,1.0,0.0
copperplate_neutral,2030-01-15 04:00:00,Sligo wind,Sligo,non_priority,36.330800980491304,36.330800980491304,0.0,1.0,0.0
copperplate_neutral,2030-01-15 05:00:00,Sligo wind,Sligo,non_priority,34.49056465103515,34.49056465103515,0.0,1.0,0.0
copperplate_neutral,2030-01-14 06:00:00,Trillick wind,Trillick,non_priority,9.964863499197378,9.964863499197378,0.0,1.0,0.0
copperplate_neutral,2030-01-14 07:00:00,Trillick wind,Trillick,non_priority,19.54297319092927,19.54297319092927,0.0,1.0,0.0
copperplate_neutral,2030-01-14 08:00:00,Trillick wind,Trillick,non_priority,22.30820561866974,22.30820561866974,0.0,1.0,0.0
copperplate_neutral,2030-01-14 09:00:00,Trillick wind,Trillick,non_priority,21.802120204437223,21.802120204437223,0.0,1.0,0.0
copperplate_neutral,2030-01-14 10:00:00,Trillick wind,Trillick,non_priority,15.942036267607056,15.942036267607056,0.0,1.0,0.0
copperplate_neutral,2030-01-14 11:00:00,Trillick wind,Trillick,non_priority,20.820775965339486,20.820775965339486,0.0,1.0,0.0
copperplate_neutral,2030-01-14 12:00:00,Trillick wind,Trillick,non_priority,9.82939200034619,9.82939200034619,0.0,1.0,0.0
copperplate_neutral,2030-01-14 13:00:00,Trillick wind,Trillick,non_priority,8.637775146126057,8.637775146126057,0.0,1.0,0.0
copperplate_neutral,2030-01-14 14:00:00,Trillick wind,Trillick,non_priority,6.4302128348329415,6.4302128348329415,0.0,1.0,0.0
copperplate_neutral,2030-01-14 15:00:00,Trillick wind,Trillick,non_priority,12.260739591457257,12.260739591457257,0.0,1.0,0.0
copperplate_neutral,2030-01-14 16:00:00,Trillick wind,Trillick,non_priority,8.99837093320122,8.99837093320122,0.0,1.0,0.0
copperplate_neutral,2030-01-14 17:00:00,Trillick wind,Trillick,non_priority,9.064958554743576,9.064958554743576,0.0,1.0,0.0
copperplate_neutral,2030-01-14 18:00:00,Trillick wind,Trillick,non_priority,7.716662470548481,7.716662470548481,0.0,1.0,0.0
copperplate_neutral,2030-01-14 19:00:00,Trillick wind,Trillick,non_priority,9.881592501030843,9.881592501030843,0.0,1.0,0.0
copperplate_neutral,2030-01-14 20:00:00,Trillick wind,Trillick,non_priority,6.916714666982054,6.916714666982054,0.0,1.0,0.0
copperplate_neutral,2030-01-14 21:00:00,Trillick wind,Trillick,non_priority,9.359194237628257,9.359194237628257,0.0,1.0,0.0
copperplate_neutral,2030-01-14 22:00:00,Trillick wind,Trillick,non_priority,7.848419935369296,7.848419935369296,0.0,1.0,0.0
copperplate_neutral,2030-01-14 23:00:00,Trillick wind,Trillick,non_priority,14.271066779504459,14.271066779504459,0.0,1.0,0.0
copperplate_neutral,2030-01-15 00:00:00,Trillick wind,Trillick,non_priority,20.23589284584099,20.23589284584099,0.0,1.0,0.0
copperplate_neutral,2030-01-15 01:00:00,Trillick wind,Trillick,non_priority,19.980058788408414,19.980058788408414,0.0,1.0,0.0
copperplate_neutral,2030-01-15 02:00:00,Trillick wind,Trillick,non_priority,18.12205317212462,18.12205317212462,0.0,1.0,0.0
copperplate_neutral,2030-01-15 03:00:00,Trillick wind,Trillick,non_priority,18.633519938690924,18.633519938690924,0.0,1.0,0.0
copperplate_neutral,2030-01-15 04:00:00,Trillick wind,Trillick,non_priority,20.29796044438077,20.29796044438077,0.0,1.0,0.0
copperplate_neutral,2030-01-15 05:00:00,Trillick wind,Trillick,non_priority,16.12240201601299,16.12240201601299,0.0,1.0,0.0
copperplate_neutral,2030-01-14 06:00:00,Tievebrack wind,Tievebrack,non_priority,22.908401330875424,22.908401330875424,0.0,1.0,0.0
copperplate_neutral,2030-01-14 07:00:00,Tievebrack wind,Tievebrack,non_priority,24.632119683754777,24.632119683754777,0.0,1.0,0.0
copperplate_neutral,2030-01-14 08:00:00,Tievebrack wind,Tievebrack,non_priority,25.01808194518203,25.01808194518203,0.0,1.0,0.0
copperplate_neutral,2030-01-14 09:00:00,Tievebrack wind,Tievebrack,non_priority,26.78235155267537,26.78235155267537,0.0,1.0,0.0
copperplate_neutral,2030-01-14 10:00:00,Tievebrack wind,Tievebrack,non_priority,26.752202754374046,26.752202754374046,0.0,1.0,0.0
copperplate_neutral,2030-01-14 11:00:00,Tievebrack wind,Tievebrack,non_priority,26.90314095334458,26.90314095334458,0.0,1.0,0.0
copperplate_neutral,2030-01-14 12:00:00,Tievebrack wind,Tievebrack,non_priority,24.109784007653495,24.109784007653495,0.0,1.0,0.0
copperplate_neutral,2030-01-14 13:00:00,Tievebrack wind,Tievebrack,non_priority,24.029552855336576,24.029552855336576,0.0,1.0,0.0
copperplate_neutral,2030-01-14 14:00:00,Tievebrack wind,Tievebrack,non_priority,19.378318284957874,19.378318284957874,0.0,1.0,0.0
copperplate_neutral,2030-01-14 15:00:00,Tievebrack wind,Tievebrack,non_priority,26.183943377833355,26.183943377833355,0.0,1.0,0.0
copperplate_neutral,2030-01-14 16:00:00,Tievebrack wind,Tievebrack,non_priority,23.17530116883002,23.17530116883002,0.0,1.0,0.0
copperplate_neutral,2030-01-14 17:00:00,Tievebrack wind,Tievebrack,non_priority,26.009972239751125,26.009972239751125,0.0,1.0,0.0
copperplate_neutral,2030-01-14 18:00:00,Tievebrack wind,Tievebrack,non_priority,22.584455632003788,22.584455632003788,0.0,1.0,0.0
copperplate_neutral,2030-01-14 19:00:00,Tievebrack wind,Tievebrack,non_priority,22.960275733843226,22.960275733843226,0.0,1.0,0.0
copperplate_neutral,2030-01-14 20:00:00,Tievebrack wind,Tievebrack,non_priority,16.318130280025226,16.318130280025226,0.0,1.0,0.0
copperplate_neutral,2030-01-14 21:00:00,Tievebrack wind,Tievebrack,non_priority,17.893693138183508,17.893693138183508,0.0,1.0,0.0
copperplate_neutral,2030-01-14 22:00:00,Tievebrack wind,Tievebrack,non_priority,13.534487156275423,13.534487156275423,0.0,1.0,0.0
copperplate_neutral,2030-01-14 23:00:00,Tievebrack wind,Tievebrack,non_priority,20.332279045054594,20.332279045054594,0.0,1.0,0.0
copperplate_neutral,2030-01-15 00:00:00,Tievebrack wind,Tievebrack,non_priority,23.277638304624805,23.277638304624805,0.0,1.0,0.0
copperplate_neutral,2030-01-15 01:00:00,Tievebrack wind,Tievebrack,non_priority,26.03254988925109,26.03254988925109,0.0,1.0,0.0
copperplate_neutral,2030-01-15 02:00:00,Tievebrack wind,Tievebrack,non_priority,25.821671463898564,25.821671463898564,0.0,1.0,0.0
copperplate_neutral,2030-01-15 03:00:00,Tievebrack wind,Tievebrack,non_priority,26.85090877560257,26.85090877560257,0.0,1.0,0.0
copperplate_neutral,2030-01-15 04:00:00,Tievebrack wind,Tievebrack,non_priority,26.877928225406777,26.877928225406777,0.0,1.0,0.0
copperplate_neutral,2030-01-15 05:00:00,Tievebrack wind,Tievebrack,non_priority,26.733296306950407,26.733296306950407,0.0,1.0,0.0
copperplate_neutral,2030-01-14 06:00:00,Ardnagappary wind,Ardnagappary,priority,6.537031392376762,6.537031392376762,0.0,1.0,0.0
copperplate_neutral,2030-01-14 07:00:00,Ardnagappary wind,Ardnagappary,priority,8.72360521011195,8.72360521011195,0.0,1.0,0.0
copperplate_neutral,2030-01-14 08:00:00,Ardnagappary wind,Ardnagappary,priority,10.149300961964267,10.149300961964267,0.0,1.0,0.0
copperplate_neutral,2030-01-14 09:00:00,Ardnagappary wind,Ardnagappary,priority,15.264254859517026,15.264254859517026,0.0,1.0,0.0
copperplate_neutral,2030-01-14 10:00:00,Ardnagappary wind,Ardnagappary,priority,15.59986947017423,15.59986947017423,0.0,1.0,0.0
copperplate_neutral,2030-01-14 11:00:00,Ardnagappary wind,Ardnagappary,priority,18.949626838774176,18.949626838774176,0.0,1.0,0.0
copperplate_neutral,2030-01-14 12:00:00,Ardnagappary wind,Ardnagappary,priority,8.926854703258773,8.926854703258773,0.0,1.0,0.0
copperplate_neutral,2030-01-14 13:00:00,Ardnagappary wind,Ardnagappary,priority,8.171915846519298,8.171915846519298,0.0,1.0,0.0
copperplate_neutral,2030-01-14 14:00:00,Ardnagappary wind,Ardnagappary,priority,6.721109657901389,6.721109657901389,0.0,1.0,0.0
copperplate_neutral,2030-01-14 15:00:00,Ardnagappary wind,Ardnagappary,priority,10.974512710872498,10.974512710872498,0.0,1.0,0.0
copperplate_neutral,2030-01-14 16:00:00,Ardnagappary wind,Ardnagappary,priority,7.24027131493665,7.24027131493665,0.0,1.0,0.0
copperplate_neutral,2030-01-14 17:00:00,Ardnagappary wind,Ardnagappary,priority,9.922983052024193,9.922983052024193,0.0,1.0,0.0
copperplate_neutral,2030-01-14 18:00:00,Ardnagappary wind,Ardnagappary,priority,7.226284570827453,7.226284570827453,0.0,1.0,0.0
copperplate_neutral,2030-01-14 19:00:00,Ardnagappary wind,Ardnagappary,priority,9.083114545348463,9.083114545348463,0.0,1.0,0.0
copperplate_neutral,2030-01-14 20:00:00,Ardnagappary wind,Ardnagappary,priority,6.102653435855914,6.102653435855914,0.0,1.0,0.0
copperplate_neutral,2030-01-14 21:00:00,Ardnagappary wind,Ardnagappary,priority,10.648010494049585,10.648010494049585,0.0,1.0,0.0
copperplate_neutral,2030-01-14 22:00:00,Ardnagappary wind,Ardnagappary,priority,7.553182610698592,7.553182610698592,0.0,1.0,0.0
copperplate_neutral,2030-01-14 23:00:00,Ardnagappary wind,Ardnagappary,priority,10.54871531246997,10.54871531246997,0.0,1.0,0.0
copperplate_neutral,2030-01-15 00:00:00,Ardnagappary wind,Ardnagappary,priority,13.773518746655606,13.773518746655606,0.0,1.0,0.0
copperplate_neutral,2030-01-15 01:00:00,Ardnagappary wind,Ardnagappary,priority,16.503804883752125,16.503804883752125,0.0,1.0,0.0
copperplate_neutral,2030-01-15 02:00:00,Ardnagappary wind,Ardnagappary,priority,15.28901105438842,15.28901105438842,0.0,1.0,0.0
copperplate_neutral,2030-01-15 03:00:00,Ardnagappary wind,Ardnagappary,priority,18.700598387726814,18.700598387726814,0.0,1.0,0.0
copperplate_neutral,2030-01-15 04:00:00,Ardnagappary wind,Ardnagappary,priority,18.428029316015525,18.428029316015525,0.0,1.0,0.0
copperplate_neutral,2030-01-15 05:00:00,Ardnagappary wind,Ardnagappary,priority,16.590172413371633,16.590172413371633,0.0,1.0,0.0
copperplate_priority,2030-01-14 06:00:00,Moy wind,Moy,non_priority,2.593172695583545,2.593172695583545,0.0,1.0,0.0
copperplate_priority,2030-01-14 07:00:00,Moy wind,Moy,non_priority,6.114057821370654,6.114057821370654,0.0,1.0,0.0
copperplate_priority,2030-01-14 08:00:00,Moy wind,Moy,non_priority,5.270951042751047,5.270951042751047,0.0,1.0,0.0
copperplate_priority,2030-01-14 09:00:00,Moy wind,Moy,non_priority,11.047560087227543,11.047560087227543,0.0,1.0,0.0
copperplate_priority,2030-01-14 10:00:00,Moy wind,Moy,non_priority,12.148773043499407,12.148773043499407,0.0,1.0,0.0
copperplate_priority,2030-01-14 11:00:00,Moy wind,Moy,non_priority,17.131255387700786,17.131255387700786,0.0,1.0,0.0
copperplate_priority,2030-01-14 12:00:00,Moy wind,Moy,non_priority,4.658483868443723,4.658483868443723,0.0,1.0,0.0
copperplate_priority,2030-01-14 13:00:00,Moy wind,Moy,non_priority,3.8256639721185137,3.8256639721185137,0.0,1.0,0.0
copperplate_priority,2030-01-14 14:00:00,Moy wind,Moy,non_priority,3.3605464756831065,3.3605464756831065,0.0,1.0,0.0
copperplate_priority,2030-01-14 15:00:00,Moy wind,Moy,non_priority,11.730051014997986,11.730051014997986,0.0,1.0,0.0
copperplate_priority,2030-01-14 16:00:00,Moy wind,Moy,non_priority,11.795881522163766,11.795881522163766,0.0,1.0,0.0
copperplate_priority,2030-01-14 17:00:00,Moy wind,Moy,non_priority,17.165011510422797,17.165011510422797,0.0,1.0,0.0
copperplate_priority,2030-01-14 18:00:00,Moy wind,Moy,non_priority,12.582531697636798,12.582531697636798,0.0,1.0,0.0
copperplate_priority,2030-01-14 19:00:00,Moy wind,Moy,non_priority,10.434839390200098,10.434839390200098,0.0,1.0,0.0
copperplate_priority,2030-01-14 20:00:00,Moy wind,Moy,non_priority,7.535971975801032,7.535971975801032,0.0,1.0,0.0
copperplate_priority,2030-01-14 21:00:00,Moy wind,Moy,non_priority,6.48874475138805,6.48874475138805,0.0,1.0,0.0
copperplate_priority,2030-01-14 22:00:00,Moy wind,Moy,non_priority,6.056832557293562,6.056832557293562,0.0,1.0,0.0
copperplate_priority,2030-01-14 23:00:00,Moy wind,Moy,non_priority,11.844557453997908,11.844557453997908,0.0,1.0,0.0
copperplate_priority,2030-01-15 00:00:00,Moy wind,Moy,non_priority,16.84478027321001,16.84478027321001,0.0,1.0,0.0
copperplate_priority,2030-01-15 01:00:00,Moy wind,Moy,non_priority,17.031689988566228,17.031689988566228,0.0,1.0,0.0
copperplate_priority,2030-01-15 02:00:00,Moy wind,Moy,non_priority,19.69017615595648,19.69017615595648,0.0,1.0,0.0
copperplate_priority,2030-01-15 03:00:00,Moy wind,Moy,non_priority,25.24151902397247,25.24151902397247,0.0,1.0,0.0
copperplate_priority,2030-01-15 04:00:00,Moy wind,Moy,non_priority,26.654513720062518,26.654513720062518,0.0,1.0,0.0
copperplate_priority,2030-01-15 05:00:00,Moy wind,Moy,non_priority,24.845417841943814,24.845417841943814,0.0,1.0,0.0
copperplate_priority,2030-01-14 06:00:00,Corderry wind,Corderry,non_priority,109.18998553324215,109.18998553324215,0.0,1.0,0.0
copperplate_priority,2030-01-14 07:00:00,Corderry wind,Corderry,non_priority,124.04904390361418,124.04904390361418,0.0,1.0,0.0
copperplate_priority,2030-01-14 08:00:00,Corderry wind,Corderry,non_priority,127.16807522007277,127.16807522007277,0.0,1.0,0.0
copperplate_priority,2030-01-14 09:00:00,Corderry wind,Corderry,non_priority,139.4926359507872,126.39090103050412,13.101734920283064,1.0,13.101734920283064
copperplate_priority,2030-01-14 10:00:00,Corderry wind,Corderry,non_priority,135.01007430737516,135.01007430737516,0.0,1.0,0.0
copperplate_priority,2030-01-14 11:00:00,Corderry wind,Corderry,non_priority,141.64410029188454,88.9756195036023,52.66848078828224,1.0,52.66848078828224
copperplate_priority,2030-01-14 12:00:00,Corderry wind,Corderry,non_priority,70.91670372649402,70.91670372649402,0.0,1.0,0.0
copperplate_priority,2030-01-14 13:00:00,Corderry wind,Corderry,non_priority,77.36105898757765,77.36105898757765,0.0,1.0,0.0
copperplate_priority,2030-01-14 14:00:00,Corderry wind,Corderry,non_priority,58.399078749559884,58.399078749559884,0.0,1.0,0.0
copperplate_priority,2030-01-14 15:00:00,Corderry wind,Corderry,non_priority,114.3265881204338,114.3265881204338,0.0,1.0,0.0
copperplate_priority,2030-01-14 16:00:00,Corderry wind,Corderry,non_priority,114.32190495874521,114.32190495874521,0.0,1.0,0.0
copperplate_priority,2030-01-14 17:00:00,Corderry wind,Corderry,non_priority,130.68539278848567,130.68539278848567,0.0,1.0,0.0
copperplate_priority,2030-01-14 18:00:00,Corderry wind,Corderry,non_priority,123.62496426693043,123.62496426693043,0.0,1.0,0.0
copperplate_priority,2030-01-14 19:00:00,Corderry wind,Corderry,non_priority,129.38811014672575,129.38811014672575,0.0,1.0,0.0
copperplate_priority,2030-01-14 20:00:00,Corderry wind,Corderry,non_priority,107.15736714810981,107.15736714810981,0.0,1.0,0.0
copperplate_priority,2030-01-14 21:00:00,Corderry wind,Corderry,non_priority,103.20897745243617,103.20897745243617,0.0,1.0,0.0
copperplate_priority,2030-01-14 22:00:00,Corderry wind,Corderry,non_priority,93.69717539953162,93.69717539953162,0.0,1.0,0.0
copperplate_priority,2030-01-14 23:00:00,Corderry wind,Corderry,non_priority,133.85053269089317,133.85053269089317,0.0,1.0,0.0
copperplate_priority,2030-01-15 00:00:00,Corderry wind,Corderry,non_priority,141.14300495181024,139.91946344352573,1.2235415082845122,1.0,1.2235415082845122
copperplate_priority,2030-01-15 01:00:00,Corderry wind,Corderry,non_priority,140.56431956534695,98.24355499199706,42.32076457334989,1.0,42.32076457334989
copperplate_priority,2030-01-15 02:00:00,Corderry wind,Corderry,non_priority,141.13824325194327,92.69201776706501,48.446225484878255,1.0,48.446225484878255
copperplate_priority,2030-01-15 03:00:00,Corderry wind,Corderry,non_priority,144.37255644843933,19.32856421365664,125.04399223478268,1.0,125.04399223478268
copperplate_priority,2030-01-15 04:00:00,Corderry wind,Corderry,non_priority,145.18409530000204,0.6331145241770173,144.55098077582502,1.0,144.55098077582502
copperplate_priority,2030-01-15 05:00:00,Corderry wind,Corderry,non_priority,144.8058468775338,44.48310489043615,100.32274198709766,1.0,100.32274198709766
copperplate_priority,2030-01-14 06:00:00,Clogher wind,Clogher,non_priority,42.777412940048,42.777412940048,0.0,1.0,0.0
copperplate_priority,2030-01-14 07:00:00,Clogher wind,Clogher,non_priority,60.76288343715855,60.76288343715855,0.0,1.0,0.0
copperplate_priority,2030-01-14 08:00:00,Clogher wind,Clogher,non_priority,67.18412702270814,67.18412702270814,0.0,1.0,0.0
copperplate_priority,2030-01-14 09:00:00,Clogher wind,Clogher,non_priority,81.33879457250146,81.33879457250146,0.0,1.0,0.0
copperplate_priority,2030-01-14 10:00:00,Clogher wind,Clogher,non_priority,77.21405426402154,77.21405426402154,0.0,1.0,0.0
copperplate_priority,2030-01-14 11:00:00,Clogher wind,Clogher,non_priority,85.21729061690063,85.21729061690063,0.0,1.0,0.0
copperplate_priority,2030-01-14 12:00:00,Clogher wind,Clogher,non_priority,49.48052213951951,49.48052213951951,0.0,1.0,0.0
copperplate_priority,2030-01-14 13:00:00,Clogher wind,Clogher,non_priority,51.638035750903455,51.638035750903455,0.0,1.0,0.0
copperplate_priority,2030-01-14 14:00:00,Clogher wind,Clogher,non_priority,37.187172638582894,37.187172638582894,0.0,1.0,0.0
copperplate_priority,2030-01-14 15:00:00,Clogher wind,Clogher,non_priority,69.26540585480646,69.26540585480646,0.0,1.0,0.0
copperplate_priority,2030-01-14 16:00:00,Clogher wind,Clogher,non_priority,55.39880037978344,55.39880037978344,0.0,1.0,0.0
copperplate_priority,2030-01-14 17:00:00,Clogher wind,Clogher,non_priority,62.19490758124122,62.19490758124122,0.0,1.0,0.0
copperplate_priority,2030-01-14 18:00:00,Clogher wind,Clogher,non_priority,43.34487533972401,43.34487533972401,0.0,1.0,0.0
copperplate_priority,2030-01-14 19:00:00,Clogher wind,Clogher,non_priority,48.39564432179324,48.39564432179324,0.0,1.0,0.0
copperplate_priority,2030-01-14 20:00:00,Clogher wind,Clogher,non_priority,31.966564719302507,31.966564719302507,0.0,1.0,0.0
copperplate_priority,2030-01-14 21:00:00,Clogher wind,Clogher,non_priority,38.889675348853174,38.889675348853174,0.0,1.0,0.0
copperplate_priority,2030-01-14 22:00:00,Clogher wind,Clogher,non_priority,35.58434633299686,35.58434633299686,0.0,1.0,0.0
copperplate_priority,2030-01-14 23:00:00,Clogher wind,Clogher,non_priority,58.87107002137579,58.87107002137579,0.0,1.0,0.0
copperplate_priority,2030-01-15 00:00:00,Clogher wind,Clogher,non_priority,75.50391688974878,75.50391688974878,0.0,1.0,0.0
copperplate_priority,2030-01-15 01:00:00,Clogher wind,Clogher,non_priority,80.0748115958686,80.0748115958686,0.0,1.0,0.0
copperplate_priority,2030-01-15 02:00:00,Clogher wind,Clogher,non_priority,77.65583005667271,77.65583005667271,0.0,1.0,0.0
copperplate_priority,2030-01-15 03:00:00,Clogher wind,Clogher,non_priority,85.71073476382608,85.71073476382608,0.0,1.0,0.0
copperplate_priority,2030-01-15 04:00:00,Clogher wind,Clogher,non_priority,86.25240884037296,86.25240884037296,0.0,1.0,0.0
copperplate_priority,2030-01-15 05:00:00,Clogher wind,Clogher,non_priority,84.9218479777445,84.9218479777445,0.0,1.0,0.0
copperplate_priority,2030-01-14 06:00:00,Croaghonagh wind,Croaghonagh,priority,60.60677741735044,60.60677741735044,0.0,1.0,0.0
copperplate_priority,2030-01-14 07:00:00,Croaghonagh wind,Croaghonagh,priority,86.08848218272233,86.08848218272233,0.0,1.0,0.0
copperplate_priority,2030-01-14 08:00:00,Croaghonagh wind,Croaghonagh,priority,95.1860608810277,95.1860608810277,0.0,1.0,0.0
copperplate_priority,2030-01-14 09:00:00,Croaghonagh wind,Croaghonagh,priority,115.24030742485701,115.24030742485701,0.0,1.0,0.0
copperplate_priority,2030-01-14 10:00:00,Croaghonagh wind,Croaghonagh,priority,109.39640054505645,109.39640054505645,0.0,1.0,0.0
copperplate_priority,2030-01-14 11:00:00,Croaghonagh wind,Croaghonagh,priority,120.73533693508975,120.73533693508975,0.0,1.0,0.0
copperplate_priority,2030-01-14 12:00:00,Croaghonagh wind,Croaghonagh,priority,70.10370159614367,70.10370159614367,0.0,1.0,0.0
copperplate_priority,2030-01-14 13:00:00,Croaghonagh wind,Croaghonagh,priority,73.1604537050968,73.1604537050968,0.0,1.0,0.0
copperplate_priority,2030-01-14 14:00:00,Croaghonagh wind,Croaghonagh,priority,52.68655909710675,52.68655909710675,0.0,1.0,0.0
copperplate_priority,2030-01-14 15:00:00,Croaghonagh wind,Croaghonagh,priority,98.13480402024487,98.13480402024487,0.0,1.0,0.0
copperplate_priority,2030-01-14 16:00:00,Croaghonagh wind,Croaghonagh,priority,78.48868206479241,78.48868206479241,0.0,1.0,0.0
copperplate_priority,2030-01-14 17:00:00,Croaghonagh wind,Croaghonagh,priority,88.11736524487304,88.11736524487304,0.0,1.0,0.0
copperplate_priority,2030-01-14 18:00:00,Croaghonagh wind,Croaghonagh,priority,61.410754679792184,61.410754679792184,0.0,1.0,0.0
copperplate_priority,2030-01-14 19:00:00,Croaghonagh wind,Croaghonagh,priority,68.56665332919714,68.56665332919714,0.0,1.0,0.0
copperplate_priority,2030-01-14 20:00:00,Croaghonagh wind,Croaghonagh,priority,45.29003367864538,45.29003367864538,0.0,1.0,0.0
copperplate_priority,2030-01-14 21:00:00,Croaghonagh wind,Croaghonagh,priority,55.09865454005457,55.09865454005457,0.0,1.0,0.0
copperplate_priority,2030-01-14 22:00:00,Croaghonagh wind,Croaghonagh,priority,50.41568457560471,50.41568457560471,0.0,1.0,0.0
copperplate_priority,2030-01-14 23:00:00,Croaghonagh wind,Croaghonagh,priority,83.40817248830035,83.40817248830035,0.0,1.0,0.0
copperplate_priority,2030-01-15 00:00:00,Croaghonagh wind,Croaghonagh,priority,106.97348835677384,106.97348835677384,0.0,1.0,0.0
copperplate_priority,2030-01-15 01:00:00,Croaghonagh wind,Croaghonagh,priority,113.4495040625436,113.4495040625436,0.0,1.0,0.0
copperplate_priority,2030-01-15 02:00:00,Croaghonagh wind,Croaghonagh,priority,110.0223057902172,110.0223057902172,0.0,1.0,0.0
copperplate_priority,2030-01-15 03:00:00,Croaghonagh wind,Croaghonagh,priority,121.43444558905436,121.43444558905436,0.0,1.0,0.0
copperplate_priority,2030-01-15 04:00:00,Croaghonagh wind,Croaghonagh,priority,122.20188611277268,122.20188611277268,0.0,1.0,0.0
copperplate_priority,2030-01-15 05:00:00,Croaghonagh wind,Croaghonagh,priority,120.31675560816319,120.31674560816306,1.0000000131071829e-05,1.0,1.0000000131071829e-05
copperplate_priority,2030-01-14 06:00:00,Cathaleen's Fall wind,Cathaleen's Fall,non_priority,17.06558185622301,17.06558185622301,0.0,1.0,0.0
copperplate_priority,2030-01-14 07:00:00,Cathaleen's Fall wind,Cathaleen's Fall,non_priority,26.304759535586047,26.304759535586047,0.0,1.0,0.0
copperplate_priority,2030-01-14 08:00:00,Cathaleen's Fall wind,Cathaleen's Fall,non_priority,24.23859938806136,24.23859938806136,0.0,1.0,0.0
copperplate_priority,2030-01-14 09:00:00,Cathaleen's Fall wind,Cathaleen's Fall,non_priority,36.34494154341771,36.34494154341771,0.0,1.0,0.0
copperplate_priority,2030-01-14 10:00:00,Cathaleen's Fall wind,Cathaleen's Fall,non_priority,29.489785468172506,29.489785468172506,0.0,1.0,0.0
copperplate_priority,2030-01-14 11:00:00,Cathaleen's Fall wind,Cathaleen's Fall,non_priority,39.321313680305025,39.321313680305025,0.0,1.0,0.0
copperplate_priority,2030-01-14 12:00:00,Cathaleen's Fall wind,Cathaleen's Fall,non_priority,15.706680713950725,15.706680713950725,0.0,1.0,0.0
copperplate_priority,2030-01-14 13:00:00,Cathaleen's Fall wind,Cathaleen's Fall,non_priority,14.539649719899293,14.539649719899293,0.0,1.0,0.0
copperplate_priority,2030-01-14 14:00:00,Cathaleen's Fall wind,Cathaleen's Fall,non_priority,10.564756953698785,10.564756953698785,0.0,1.0,0.0
copperplate_priority,2030-01-14 15:00:00,Cathaleen's Fall wind,Cathaleen's Fall,non_priority,27.739610281089035,27.739610281089035,0.0,1.0,0.0
copperplate_priority,2030-01-14 16:00:00,Cathaleen's Fall wind,Cathaleen's Fall,non_priority,22.419011738394744,22.419011738394744,0.0,1.0,0.0
copperplate_priority,2030-01-14 17:00:00,Cathaleen's Fall wind,Cathaleen's Fall,non_priority,27.211724313121177,27.211724313121177,0.0,1.0,0.0
copperplate_priority,2030-01-14 18:00:00,Cathaleen's Fall wind,Cathaleen's Fall,non_priority,17.750736656380095,17.750736656380095,0.0,1.0,0.0
copperplate_priority,2030-01-14 19:00:00,Cathaleen's Fall wind,Cathaleen's Fall,non_priority,17.284857015848406,17.284857015848406,0.0,1.0,0.0
copperplate_priority,2030-01-14 20:00:00,Cathaleen's Fall wind,Cathaleen's Fall,non_priority,9.507682135137717,9.507682135137717,0.0,1.0,0.0
copperplate_priority,2030-01-14 21:00:00,Cathaleen's Fall wind,Cathaleen's Fall,non_priority,11.369642214530684,11.369642214530684,0.0,1.0,0.0
copperplate_priority,2030-01-14 22:00:00,Cathaleen's Fall wind,Cathaleen's Fall,non_priority,9.743806337172176,9.743806337172176,0.0,1.0,0.0
copperplate_priority,2030-01-14 23:00:00,Cathaleen's Fall wind,Cathaleen's Fall,non_priority,21.307781543056603,21.307781543056603,0.0,1.0,0.0
copperplate_priority,2030-01-15 00:00:00,Cathaleen's Fall wind,Cathaleen's Fall,non_priority,32.19113877114846,32.19113877114846,0.0,1.0,0.0
copperplate_priority,2030-01-15 01:00:00,Cathaleen's Fall wind,Cathaleen's Fall,non_priority,38.42894162702094,38.42894162702094,0.0,1.0,0.0
copperplate_priority,2030-01-15 02:00:00,Cathaleen's Fall wind,Cathaleen's Fall,non_priority,35.846927229215495,35.846927229215495,0.0,1.0,0.0
copperplate_priority,2030-01-15 03:00:00,Cathaleen's Fall wind,Cathaleen's Fall,non_priority,41.546809570875624,41.546809570875624,0.0,1.0,0.0
copperplate_priority,2030-01-15 04:00:00,Cathaleen's Fall wind,Cathaleen's Fall,non_priority,47.323157797847365,47.323157797847365,0.0,1.0,0.0
copperplate_priority,2030-01-15 05:00:00,Cathaleen's Fall wind,Cathaleen's Fall,non_priority,43.17287437069037,43.17287437069037,0.0,1.0,0.0
copperplate_priority,2030-01-14 06:00:00,Binbane wind,Binbane,priority,27.333477679526855,27.333477679526855,0.0,1.0,0.0
copperplate_priority,2030-01-14 07:00:00,Binbane wind,Binbane,priority,40.469785835837996,40.469785835837996,0.0,1.0,0.0
copperplate_priority,2030-01-14 08:00:00,Binbane wind,Binbane,priority,36.70707660023346,36.70707660023346,0.0,1.0,0.0
copperplate_priority,2030-01-14 09:00:00,Binbane wind,Binbane,priority,51.186830544962504,51.186830544962504,0.0,1.0,0.0
copperplate_priority,2030-01-14 10:00:00,Binbane wind,Binbane,priority,42.91659071428766,42.91659071428766,0.0,1.0,0.0
copperplate_priority,2030-01-14 11:00:00,Binbane wind,Binbane,priority,63.98673960527397,63.98673960527397,0.0,1.0,0.0
copperplate_priority,2030-01-14 12:00:00,Binbane wind,Binbane,priority,23.011907571189607,23.011907571189607,0.0,1.0,0.0
copperplate_priority,2030-01-14 13:00:00,Binbane wind,Binbane,priority,21.688537448160083,21.688537448160083,0.0,1.0,0.0
copperplate_priority,2030-01-14 14:00:00,Binbane wind,Binbane,priority,16.284695479956607,16.284695479956607,0.0,1.0,0.0
copperplate_priority,2030-01-14 15:00:00,Binbane wind,Binbane,priority,39.94938853608373,39.94938853608373,0.0,1.0,0.0
copperplate_priority,2030-01-14 16:00:00,Binbane wind,Binbane,priority,28.084089579661878,28.084089579661878,0.0,1.0,0.0
copperplate_priority,2030-01-14 17:00:00,Binbane wind,Binbane,priority,41.393664095373595,41.393664095373595,0.0,1.0,0.0
copperplate_priority,2030-01-14 18:00:00,Binbane wind,Binbane,priority,29.074289475122907,29.074289475122907,0.0,1.0,0.0
copperplate_priority,2030-01-14 19:00:00,Binbane wind,Binbane,priority,29.04238105857128,29.04238105857128,0.0,1.0,0.0
copperplate_priority,2030-01-14 20:00:00,Binbane wind,Binbane,priority,19.413518451735037,19.413518451735037,0.0,1.0,0.0
copperplate_priority,2030-01-14 21:00:00,Binbane wind,Binbane,priority,26.696061520537143,26.696061520537143,0.0,1.0,0.0
copperplate_priority,2030-01-14 22:00:00,Binbane wind,Binbane,priority,17.749052184528963,17.749052184528963,0.0,1.0,0.0
copperplate_priority,2030-01-14 23:00:00,Binbane wind,Binbane,priority,32.72658015748152,32.72658015748152,0.0,1.0,0.0
copperplate_priority,2030-01-15 00:00:00,Binbane wind,Binbane,priority,50.90798289996044,50.90798289996044,0.0,1.0,0.0
copperplate_priority,2030-01-15 01:00:00,Binbane wind,Binbane,priority,57.86229967351554,57.86229967351554,0.0,1.0,0.0
copperplate_priority,2030-01-15 02:00:00,Binbane wind,Binbane,priority,60.96108599102347,60.96108599102347,0.0,1.0,0.0
copperplate_priority,2030-01-15 03:00:00,Binbane wind,Binbane,priority,73.4863184329048,73.4863184329048,0.0,1.0,0.0
copperplate_priority,2030-01-15 04:00:00,Binbane wind,Binbane,priority,73.9618363594108,73.9618363594108,0.0,1.0,0.0
copperplate_priority,2030-01-15 05:00:00,Binbane wind,Binbane,priority,67.17722828811425,67.17722828811425,0.0,1.0,0.0
copperplate_priority,2030-01-14 06:00:00,Letterkenny wind,Letterkenny,non_priority,41.830722718593194,41.830722718593194,0.0,1.0,0.0
copperplate_priority,2030-01-14 07:00:00,Letterkenny wind,Letterkenny,non_priority,63.57712569629948,63.57712569629948,0.0,1.0,0.0
copperplate_priority,2030-01-14 08:00:00,Letterkenny wind,Letterkenny,non_priority,64.66630719678498,64.66630719678498,0.0,1.0,0.0
copperplate_priority,2030-01-14 09:00:00,Letterkenny wind,Letterkenny,non_priority,70.40660848889743,70.40660848889743,0.0,1.0,0.0
copperplate_priority,2030-01-14 10:00:00,Letterkenny wind,Letterkenny,non_priority,66.90938286861449,66.90938286861449,0.0,1.0,0.0
copperplate_priority,2030-01-14 11:00:00,Letterkenny wind,Letterkenny,non_priority,72.9178849325516,72.9178849325516,0.0,1.0,0.0
copperplate_priority,2030-01-14 12:00:00,Letterkenny wind,Letterkenny,non_priority,45.80196408108124,45.80196408108124,0.0,1.0,0.0
copperplate_priority,2030-01-14 13:00:00,Letterkenny wind,Letterkenny,non_priority,38.75208102584755,38.75208102584755,0.0,1.0,0.0
copperplate_priority,2030-01-14 14:00:00,Letterkenny wind,Letterkenny,non_priority,27.804403633009798,27.804403633009798,0.0,1.0,0.0
copperplate_priority,2030-01-14 15:00:00,Letterkenny wind,Letterkenny,non_priority,53.218544472903446,53.218544472903446,0.0,1.0,0.0
copperplate_priority,2030-01-14 16:00:00,Letterkenny wind,Letterkenny,non_priority,44.314804914683855,44.314804914683855,0.0,1.0,0.0
copperplate_priority,2030-01-14 17:00:00,Letterkenny wind,Letterkenny,non_priority,50.45340837765898,50.45340837765898,0.0,1.0,0.0
copperplate_priority,2030-01-14 18:00:00,Letterkenny wind,Letterkenny,non_priority,42.00655042792764,42.00655042792764,0.0,1.0,0.0
copperplate_priority,2030-01-14 19:00:00,Letterkenny wind,Letterkenny,non_priority,48.328192035092485,48.328192035092485,0.0,1.0,0.0
copperplate_priority,2030-01-14 20:00:00,Letterkenny wind,Letterkenny,non_priority,33.13878633764136,33.13878633764136,0.0,1.0,0.0
copperplate_priority,2030-01-14 21:00:00,Letterkenny wind,Letterkenny,non_priority,34.82535731465508,34.82535731465508,0.0,1.0,0.0
copperplate_priority,2030-01-14 22:00:00,Letterkenny wind,Letterkenny,non_priority,29.77431323852741,29.77431323852741,0.0,1.0,0.0
copperplate_priority,2030-01-14 23:00:00,Letterkenny wind,Letterkenny,non_priority,51.553512231645605,51.553512231645605,0.0,1.0,0.0
copperplate_priority,2030-01-15 00:00:00,Letterkenny wind,Letterkenny,non_priority,70.85855889896892,70.85855889896892,0.0,1.0,0.0
copperplate_priority,2030-01-15 01:00:00,Letterkenny wind,Letterkenny,non_priority,75.1384254918753,75.1384254918753,0.0,1.0,0.0
copperplate_priority,2030-01-15 02:00:00,Letterkenny wind,Letterkenny,non_priority,75.13788026194989,75.13788026194989,0.0,1.0,0.0
copperplate_priority,2030-01-15 03:00:00,Letterkenny wind,Letterkenny,non_priority,80.17408608066965,80.17408608066965,0.0,1.0,0.0
copperplate_priority,2030-01-15 04:00:00,Letterkenny wind,Letterkenny,non_priority,79.52967447348547,79.52967447348547,0.0,1.0,0.0
copperplate_priority,2030-01-15 05:00:00,Letterkenny wind,Letterkenny,non_priority,77.21798476078645,77.21798476078645,0.0,1.0,0.0
copperplate_priority,2030-01-14 06:00:00,Drumkeen wind,Drumkeen,priority,34.55542716559042,34.55542716559042,0.0,1.0,0.0
copperplate_priority,2030-01-14 07:00:00,Drumkeen wind,Drumkeen,priority,50.975069607586114,50.975069607586114,0.0,1.0,0.0
copperplate_priority,2030-01-14 08:00:00,Drumkeen wind,Drumkeen,priority,51.11248966928623,51.11248966928623,0.0,1.0,0.0
copperplate_priority,2030-01-14 09:00:00,Drumkeen wind,Drumkeen,priority,60.53250673787193,60.53250673787193,0.0,1.0,0.0
copperplate_priority,2030-01-14 10:00:00,Drumkeen wind,Drumkeen,priority,56.04454036594005,56.04454036594005,0.0,1.0,0.0
copperplate_priority,2030-01-14 11:00:00,Drumkeen wind,Drumkeen,priority,64.6895731803692,64.6895731803692,0.0,1.0,0.0
copperplate_priority,2030-01-14 12:00:00,Drumkeen wind,Drumkeen,priority,33.79557917796294,33.79557917796294,0.0,1.0,0.0
copperplate_priority,2030-01-14 13:00:00,Drumkeen wind,Drumkeen,priority,30.68441183088882,30.68441183088882,0.0,1.0,0.0
copperplate_priority,2030-01-14 14:00:00,Drumkeen wind,Drumkeen,priority,26.81721823025692,26.81721823025692,0.0,1.0,0.0
copperplate_priority,2030-01-14 15:00:00,Drumkeen wind,Drumkeen,priority,57.38530526180425,57.38530526180425,0.0,1.0,0.0
copperplate_priority,2030-01-14 16:00:00,Drumkeen wind,Drumkeen,priority,47.52733071606942,47.52733071606942,0.0,1.0,0.0
copperplate_priority,2030-01-14 17:00:00,Drumkeen wind,Drumkeen,priority,54.65476115411948,54.65476115411948,0.0,1.0,0.0
copperplate_priority,2030-01-14 18:00:00,Drumkeen wind,Drumkeen,priority,44.28009416682733,44.28009416682733,0.0,1.0,0.0
copperplate_priority,2030-01-14 19:00:00,Drumkeen wind,Drumkeen,priority,46.02952584477828,46.02952584477828,0.0,1.0,0.0
copperplate_priority,2030-01-14 20:00:00,Drumkeen wind,Drumkeen,priority,29.723393519850315,29.723393519850315,0.0,1.0,0.0
copperplate_priority,2030-01-14 21:00:00,Drumkeen wind,Drumkeen,priority,34.56779472137786,34.56779472137786,0.0,1.0,0.0
copperplate_priority,2030-01-14 22:00:00,Drumkeen wind,Drumkeen,priority,29.900882784608402,29.900882784608402,0.0,1.0,0.0
copperplate_priority,2030-01-14 23:00:00,Drumkeen wind,Drumkeen,priority,49.62574893232017,49.62574893232017,0.0,1.0,0.0
copperplate_priority,2030-01-15 00:00:00,Drumkeen wind,Drumkeen,priority,67.32561827012364,67.32561827012364,0.0,1.0,0.0
copperplate_priority,2030-01-15 01:00:00,Drumkeen wind,Drumkeen,priority,68.02099150640097,68.02099150640097,0.0,1.0,0.0
copperplate_priority,2030-01-15 02:00:00,Drumkeen wind,Drumkeen,priority,68.7080190460109,68.7080190460109,0.0,1.0,0.0
copperplate_priority,2030-01-15 03:00:00,Drumkeen wind,Drumkeen,priority,75.21292299628776,75.21292299628776,0.0,1.0,0.0
copperplate_priority,2030-01-15 04:00:00,Drumkeen wind,Drumkeen,priority,74.79907029289112,74.79907029289112,0.0,1.0,0.0
copperplate_priority,2030-01-15 05:00:00,Drumkeen wind,Drumkeen,priority,73.21976048416526,73.21976048416526,0.0,1.0,0.0
copperplate_priority,2030-01-14 06:00:00,Glenree wind,Glenree,non_priority,13.03427761797363,13.03427761797363,0.0,1.0,0.0
copperplate_priority,2030-01-14 07:00:00,Glenree wind,Glenree,non_priority,17.533290698316616,17.533290698316616,0.0,1.0,0.0
copperplate_priority,2030-01-14 08:00:00,Glenree wind,Glenree,non_priority,16.188019592378055,16.188019592378055,0.0,1.0,0.0
copperplate_priority,2030-01-14 09:00:00,Glenree wind,Glenree,non_priority,36.09724325985801,36.09724325985801,0.0,1.0,0.0
copperplate_priority,2030-01-14 10:00:00,Glenree wind,Glenree,non_priority,35.57474970744608,35.57474970744608,0.0,1.0,0.0
copperplate_priority,2030-01-14 11:00:00,Glenree wind,Glenree,non_priority,38.00765352741275,38.00765352741275,0.0,1.0,0.0
copperplate_priority,2030-01-14 12:00:00,Glenree wind,Glenree,non_priority,11.558273600923668,11.558273600923668,0.0,1.0,0.0
copperplate_priority,2030-01-14 13:00:00,Glenree wind,Glenree,non_priority,8.556135615272925,8.556135615272925,0.0,1.0,0.0
copperplate_priority,2030-01-14 14:00:00,Glenree wind,Glenree,non_priority,7.203218688453863,7.203218688453863,0.0,1.0,0.0
copperplate_priority,2030-01-14 15:00:00,Glenree wind,Glenree,non_priority,18.87446621236314,18.87446621236314,0.0,1.0,0.0
copperplate_priority,2030-01-14 16:00:00,Glenree wind,Glenree,non_priority,18.251840272306442,18.251840272306442,0.0,1.0,0.0
copperplate_priority,2030-01-14 17:00:00,Glenree wind,Glenree,non_priority,28.26602346706999,28.26602346706999,0.0,1.0,0.0
copperplate_priority,2030-01-14 18:00:00,Glenree wind,Glenree,non_priority,23.141273938529515,23.141273938529515,0.0,1.0,0.0
copperplate_priority,2030-01-14 19:00:00,Glenree wind,Glenree,non_priority,22.082604665052486,22.082604665052486,0.0,1.0,0.0
copperplate_priority,2030-01-14 20:00:00,Glenree wind,Glenree,non_priority,15.23860497137327,15.23860497137327,0.0,1.0,0.0
copperplate_priority,2030-01-14 21:00:00,Glenree wind,Glenree,non_priority,11.634409264720908,11.634409264720908,0.0,1.0,0.0
copperplate_priority,2030-01-14 22:00:00,Glenree wind,Glenree,non_priority,9.1416749782349,9.1416749782349,0.0,1.0,0.0
copperplate_priority,2030-01-14 23:00:00,Glenree wind,Glenree,non_priority,15.468327883513929,15.468327883513929,0.0,1.0,0.0
copperplate_priority,2030-01-15 00:00:00,Glenree wind,Glenree,non_priority,21.637593736295372,21.637593736295372,0.0,1.0,0.0
copperplate_priority,2030-01-15 01:00:00,Glenree wind,Glenree,non_priority,23.282034318691757,23.282034318691757,0.0,1.0,0.0
copperplate_priority,2030-01-15 02:00:00,Glenree wind,Glenree,non_priority,29.980153284540872,29.980153284540872,0.0,1.0,0.0
copperplate_priority,2030-01-15 03:00:00,Glenree wind,Glenree,non_priority,38.594225330690804,38.594225330690804,0.0,1.0,0.0
copperplate_priority,2030-01-15 04:00:00,Glenree wind,Glenree,non_priority,44.24904576132181,44.24904576132181,0.0,1.0,0.0
copperplate_priority,2030-01-15 05:00:00,Glenree wind,Glenree,non_priority,35.347954349225596,35.347954349225596,0.0,1.0,0.0
copperplate_priority,2030-01-14 06:00:00,Sorne Hill wind,Sorne Hill,non_priority,14.10332549394124,14.10332549394124,0.0,1.0,0.0
copperplate_priority,2030-01-14 07:00:00,Sorne Hill wind,Sorne Hill,non_priority,27.65927622121897,27.65927622121897,0.0,1.0,0.0
copperplate_priority,2030-01-14 08:00:00,Sorne Hill wind,Sorne Hill,non_priority,31.57292471203537,31.57292471203537,0.0,1.0,0.0
copperplate_priority,2030-01-14 09:00:00,Sorne Hill wind,Sorne Hill,non_priority,30.856659273453886,30.856659273453886,0.0,1.0,0.0
copperplate_priority,2030-01-14 10:00:00,Sorne Hill wind,Sorne Hill,non_priority,22.562850613697613,22.562850613697613,0.0,1.0,0.0
copperplate_priority,2030-01-14 11:00:00,Sorne Hill wind,Sorne Hill,non_priority,29.46775743584074,29.46775743584074,0.0,1.0,0.0
copperplate_priority,2030-01-14 12:00:00,Sorne Hill wind,Sorne Hill,non_priority,13.911591944996564,13.911591944996564,0.0,1.0,0.0
copperplate_priority,2030-01-14 13:00:00,Sorne Hill wind,Sorne Hill,non_priority,12.225090131852161,12.225090131852161,0.0,1.0,0.0
copperplate_priority,2030-01-14 14:00:00,Sorne Hill wind,Sorne Hill,non_priority,9.100715189151563,9.100715189151563,0.0,1.0,0.0
copperplate_priority,2030-01-14 15:00:00,Sorne Hill wind,Sorne Hill,non_priority,17.35269141104657,17.35269141104657,0.0,1.0,0.0
copperplate_priority,2030-01-14 16:00:00,Sorne Hill wind,Sorne Hill,non_priority,12.735443310024104,12.735443310024104,0.0,1.0,0.0
copperplate_priority,2030-01-14 17:00:00,Sorne Hill wind,Sorne Hill,non_priority,12.829685132860396,12.829685132860396,0.0,1.0,0.0
copperplate_priority,2030-01-14 18:00:00,Sorne Hill wind,Sorne Hill,non_priority,10.921434353595691,10.921434353595691,0.0,1.0,0.0
copperplate_priority,2030-01-14 19:00:00,Sorne Hill wind,Sorne Hill,non_priority,13.985471597453586,13.985471597453586,0.0,1.0,0.0
copperplate_priority,2030-01-14 20:00:00,Sorne Hill wind,Sorne Hill,non_priority,9.789263877525505,9.789263877525505,0.0,1.0,0.0
copperplate_priority,2030-01-14 21:00:00,Sorne Hill wind,Sorne Hill,non_priority,13.246118494741266,13.246118494741266,0.0,1.0,0.0
copperplate_priority,2030-01-14 22:00:00,Sorne Hill wind,Sorne Hill,non_priority,11.107911409982277,11.107911409982277,0.0,1.0,0.0
copperplate_priority,2030-01-14 23:00:00,Sorne Hill wind,Sorne Hill,non_priority,20.197918411359524,20.197918411359524,0.0,1.0,0.0
copperplate_priority,2030-01-15 00:00:00,Sorne Hill wind,Sorne Hill,non_priority,28.63996917653709,28.63996917653709,0.0,1.0,0.0
copperplate_priority,2030-01-15 01:00:00,Sorne Hill wind,Sorne Hill,non_priority,28.277885843965812,28.277885843965812,0.0,1.0,0.0
copperplate_priority,2030-01-15 02:00:00,Sorne Hill wind,Sorne Hill,non_priority,25.648240392411775,25.648240392411775,0.0,1.0,0.0
copperplate_priority,2030-01-15 03:00:00,Sorne Hill wind,Sorne Hill,non_priority,26.372122088212148,26.372122088212148,0.0,1.0,0.0
copperplate_priority,2030-01-15 04:00:00,Sorne Hill wind,Sorne Hill,non_priority,28.727813786240404,28.727813786240404,0.0,1.0,0.0
copperplate_priority,2030-01-15 05:00:00,Sorne Hill wind,Sorne Hill,non_priority,22.818123238147724,22.818123238147724,0.0,1.0,0.0
copperplate_priority,2030-01-14 06:00:00,Sligo wind,Sligo,non_priority,15.38615557862624,15.38615557862624,0.0,1.0,0.0
copperplate_priority,2030-01-14 07:00:00,Sligo wind,Sligo,non_priority,18.963381098953494,18.963381098953494,0.0,1.0,0.0
copperplate_priority,2030-01-14 08:00:00,Sligo wind,Sligo,non_priority,17.338909776037852,17.338909776037852,0.0,1.0,0.0
copperplate_priority,2030-01-14 09:00:00,Sligo wind,Sligo,non_priority,28.095248018194017,28.095248018194017,0.0,1.0,0.0
copperplate_priority,2030-01-14 10:00:00,Sligo wind,Sligo,non_priority,27.456797752993715,27.456797752993715,0.0,1.0,0.0
copperplate_priority,2030-01-14 11:00:00,Sligo wind,Sligo,non_priority,28.827532476372713,28.827532476372713,0.0,1.0,0.0
copperplate_priority,2030-01-14 12:00:00,Sligo wind,Sligo,non_priority,8.929375862022011,8.929375862022011,0.0,1.0,0.0
copperplate_priority,2030-01-14 13:00:00,Sligo wind,Sligo,non_priority,7.568624661157955,7.568624661157955,0.0,1.0,0.0
copperplate_priority,2030-01-14 14:00:00,Sligo wind,Sligo,non_priority,5.661926867589395,5.661926867589395,0.0,1.0,0.0
copperplate_priority,2030-01-14 15:00:00,Sligo wind,Sligo,non_priority,14.722572594976858,14.722572594976858,0.0,1.0,0.0
copperplate_priority,2030-01-14 16:00:00,Sligo wind,Sligo,non_priority,15.851110952974626,15.851110952974626,0.0,1.0,0.0
copperplate_priority,2030-01-14 17:00:00,Sligo wind,Sligo,non_priority,22.990937252059087,22.990937252059087,0.0,1.0,0.0
copperplate_priority,2030-01-14 18:00:00,Sligo wind,Sligo,non_priority,18.14116087033879,18.14116087033879,0.0,1.0,0.0
copperplate_priority,2030-01-14 19:00:00,Sligo wind,Sligo,non_priority,17.226133745601267,17.226133745601267,0.0,1.0,0.0
copperplate_priority,2030-01-14 20:00:00,Sligo wind,Sligo,non_priority,9.592058067111365,9.592058067111365,0.0,1.0,0.0
copperplate_priority,2030-01-14 21:00:00,Sligo wind,Sligo,non_priority,7.062277502012783,7.062277502012783,0.0,1.0,0.0
copperplate_priority,2030-01-14 22:00:00,Sligo wind,Sligo,non_priority,7.899750358484654,7.899750358484654,0.0,1.0,0.0
copperplate_priority,2030-01-14 23:00:00,Sligo wind,Sligo,non_priority,14.982180517477701,14.982180517477701,0.0,1.0,0.0
copperplate_priority,2030-01-15 00:00:00,Sligo wind,Sligo,non_priority,17.36594389469885,17.36594389469885,0.0,1.0,0.0
copperplate_priority,2030-01-15 01:00:00,Sligo wind,Sligo,non_priority,18.816862901567028,18.816862901567028,0.0,1.0,0.0
copperplate_priority,2030-01-15 02:00:00,Sligo wind,Sligo,non_priority,25.22719762530992,25.22719762530992,0.0,1.0,0.0
copperplate_priority,2030-01-15 03:00:00,Sligo wind,Sligo,non_priority,33.567470746615925,33.567470746615925,0.0,1.0,0.0
copperplate_priority,2030-01-15 04:00:00,Sligo wind,Sligo,non_priority,36.330800980491304,36.330800980491304,0.0,1.0,0.0
copperplate_priority,2030-01-15 05:00:00,Sligo wind,Sligo,non_priority,34.49056465103515,34.49056465103515,0.0,1.0,0.0
copperplate_priority,2030-01-14 06:00:00,Trillick wind,Trillick,non_priority,9.964863499197378,9.964863499197378,0.0,1.0,0.0
copperplate_priority,2030-01-14 07:00:00,Trillick wind,Trillick,non_priority,19.54297319092927,19.54297319092927,0.0,1.0,0.0
copperplate_priority,2030-01-14 08:00:00,Trillick wind,Trillick,non_priority,22.30820561866974,22.30820561866974,0.0,1.0,0.0
copperplate_priority,2030-01-14 09:00:00,Trillick wind,Trillick,non_priority,21.802120204437223,21.802120204437223,0.0,1.0,0.0
copperplate_priority,2030-01-14 10:00:00,Trillick wind,Trillick,non_priority,15.942036267607056,15.942036267607056,0.0,1.0,0.0
copperplate_priority,2030-01-14 11:00:00,Trillick wind,Trillick,non_priority,20.820775965339486,20.820775965339486,0.0,1.0,0.0
copperplate_priority,2030-01-14 12:00:00,Trillick wind,Trillick,non_priority,9.82939200034619,9.82939200034619,0.0,1.0,0.0
copperplate_priority,2030-01-14 13:00:00,Trillick wind,Trillick,non_priority,8.637775146126057,8.637775146126057,0.0,1.0,0.0
copperplate_priority,2030-01-14 14:00:00,Trillick wind,Trillick,non_priority,6.4302128348329415,6.4302128348329415,0.0,1.0,0.0
copperplate_priority,2030-01-14 15:00:00,Trillick wind,Trillick,non_priority,12.260739591457257,12.260739591457257,0.0,1.0,0.0
copperplate_priority,2030-01-14 16:00:00,Trillick wind,Trillick,non_priority,8.99837093320122,8.99837093320122,0.0,1.0,0.0
copperplate_priority,2030-01-14 17:00:00,Trillick wind,Trillick,non_priority,9.064958554743576,9.064958554743576,0.0,1.0,0.0
copperplate_priority,2030-01-14 18:00:00,Trillick wind,Trillick,non_priority,7.716662470548481,7.716662470548481,0.0,1.0,0.0
copperplate_priority,2030-01-14 19:00:00,Trillick wind,Trillick,non_priority,9.881592501030843,9.881592501030843,0.0,1.0,0.0
copperplate_priority,2030-01-14 20:00:00,Trillick wind,Trillick,non_priority,6.916714666982054,6.916714666982054,0.0,1.0,0.0
copperplate_priority,2030-01-14 21:00:00,Trillick wind,Trillick,non_priority,9.359194237628257,9.359194237628257,0.0,1.0,0.0
copperplate_priority,2030-01-14 22:00:00,Trillick wind,Trillick,non_priority,7.848419935369296,7.848419935369296,0.0,1.0,0.0
copperplate_priority,2030-01-14 23:00:00,Trillick wind,Trillick,non_priority,14.271066779504459,14.271066779504459,0.0,1.0,0.0
copperplate_priority,2030-01-15 00:00:00,Trillick wind,Trillick,non_priority,20.23589284584099,20.23589284584099,0.0,1.0,0.0
copperplate_priority,2030-01-15 01:00:00,Trillick wind,Trillick,non_priority,19.980058788408414,19.980058788408414,0.0,1.0,0.0
copperplate_priority,2030-01-15 02:00:00,Trillick wind,Trillick,non_priority,18.12205317212462,18.12205317212462,0.0,1.0,0.0
copperplate_priority,2030-01-15 03:00:00,Trillick wind,Trillick,non_priority,18.633519938690924,18.633519938690924,0.0,1.0,0.0
copperplate_priority,2030-01-15 04:00:00,Trillick wind,Trillick,non_priority,20.29796044438077,20.29796044438077,0.0,1.0,0.0
copperplate_priority,2030-01-15 05:00:00,Trillick wind,Trillick,non_priority,16.12240201601299,16.12240201601299,0.0,1.0,0.0
copperplate_priority,2030-01-14 06:00:00,Tievebrack wind,Tievebrack,non_priority,22.908401330875424,22.908401330875424,0.0,1.0,0.0
copperplate_priority,2030-01-14 07:00:00,Tievebrack wind,Tievebrack,non_priority,24.632119683754777,24.632119683754777,0.0,1.0,0.0
copperplate_priority,2030-01-14 08:00:00,Tievebrack wind,Tievebrack,non_priority,25.01808194518203,25.01808194518203,0.0,1.0,0.0
copperplate_priority,2030-01-14 09:00:00,Tievebrack wind,Tievebrack,non_priority,26.78235155267537,26.78235155267537,0.0,1.0,0.0
copperplate_priority,2030-01-14 10:00:00,Tievebrack wind,Tievebrack,non_priority,26.752202754374046,26.752202754374046,0.0,1.0,0.0
copperplate_priority,2030-01-14 11:00:00,Tievebrack wind,Tievebrack,non_priority,26.90314095334458,26.90314095334458,0.0,1.0,0.0
copperplate_priority,2030-01-14 12:00:00,Tievebrack wind,Tievebrack,non_priority,24.109784007653495,24.109784007653495,0.0,1.0,0.0
copperplate_priority,2030-01-14 13:00:00,Tievebrack wind,Tievebrack,non_priority,24.029552855336576,24.029552855336576,0.0,1.0,0.0
copperplate_priority,2030-01-14 14:00:00,Tievebrack wind,Tievebrack,non_priority,19.378318284957874,19.378318284957874,0.0,1.0,0.0
copperplate_priority,2030-01-14 15:00:00,Tievebrack wind,Tievebrack,non_priority,26.183943377833355,26.183943377833355,0.0,1.0,0.0
copperplate_priority,2030-01-14 16:00:00,Tievebrack wind,Tievebrack,non_priority,23.17530116883002,23.17530116883002,0.0,1.0,0.0
copperplate_priority,2030-01-14 17:00:00,Tievebrack wind,Tievebrack,non_priority,26.009972239751125,26.009972239751125,0.0,1.0,0.0
copperplate_priority,2030-01-14 18:00:00,Tievebrack wind,Tievebrack,non_priority,22.584455632003788,22.584455632003788,0.0,1.0,0.0
copperplate_priority,2030-01-14 19:00:00,Tievebrack wind,Tievebrack,non_priority,22.960275733843226,22.960275733843226,0.0,1.0,0.0
copperplate_priority,2030-01-14 20:00:00,Tievebrack wind,Tievebrack,non_priority,16.318130280025226,16.318130280025226,0.0,1.0,0.0
copperplate_priority,2030-01-14 21:00:00,Tievebrack wind,Tievebrack,non_priority,17.893693138183508,17.893693138183508,0.0,1.0,0.0
copperplate_priority,2030-01-14 22:00:00,Tievebrack wind,Tievebrack,non_priority,13.534487156275423,13.534487156275423,0.0,1.0,0.0
copperplate_priority,2030-01-14 23:00:00,Tievebrack wind,Tievebrack,non_priority,20.332279045054594,20.332279045054594,0.0,1.0,0.0
copperplate_priority,2030-01-15 00:00:00,Tievebrack wind,Tievebrack,non_priority,23.277638304624805,23.277638304624805,0.0,1.0,0.0
copperplate_priority,2030-01-15 01:00:00,Tievebrack wind,Tievebrack,non_priority,26.03254988925109,26.03254988925109,0.0,1.0,0.0
copperplate_priority,2030-01-15 02:00:00,Tievebrack wind,Tievebrack,non_priority,25.821671463898564,25.821671463898564,0.0,1.0,0.0
copperplate_priority,2030-01-15 03:00:00,Tievebrack wind,Tievebrack,non_priority,26.85090877560257,26.85090877560257,0.0,1.0,0.0
copperplate_priority,2030-01-15 04:00:00,Tievebrack wind,Tievebrack,non_priority,26.877928225406777,26.877928225406777,0.0,1.0,0.0
copperplate_priority,2030-01-15 05:00:00,Tievebrack wind,Tievebrack,non_priority,26.733296306950407,26.733296306950407,0.0,1.0,0.0
copperplate_priority,2030-01-14 06:00:00,Ardnagappary wind,Ardnagappary,priority,6.537031392376762,6.537031392376762,0.0,1.0,0.0
copperplate_priority,2030-01-14 07:00:00,Ardnagappary wind,Ardnagappary,priority,8.72360521011195,8.72360521011195,0.0,1.0,0.0
copperplate_priority,2030-01-14 08:00:00,Ardnagappary wind,Ardnagappary,priority,10.149300961964267,10.149300961964267,0.0,1.0,0.0
copperplate_priority,2030-01-14 09:00:00,Ardnagappary wind,Ardnagappary,priority,15.264254859517026,15.264254859517026,0.0,1.0,0.0
copperplate_priority,2030-01-14 10:00:00,Ardnagappary wind,Ardnagappary,priority,15.59986947017423,15.59986947017423,0.0,1.0,0.0
copperplate_priority,2030-01-14 11:00:00,Ardnagappary wind,Ardnagappary,priority,18.949626838774176,18.949626838774176,0.0,1.0,0.0
copperplate_priority,2030-01-14 12:00:00,Ardnagappary wind,Ardnagappary,priority,8.926854703258773,8.926854703258773,0.0,1.0,0.0
copperplate_priority,2030-01-14 13:00:00,Ardnagappary wind,Ardnagappary,priority,8.171915846519298,8.171915846519298,0.0,1.0,0.0
copperplate_priority,2030-01-14 14:00:00,Ardnagappary wind,Ardnagappary,priority,6.721109657901389,6.721109657901389,0.0,1.0,0.0
copperplate_priority,2030-01-14 15:00:00,Ardnagappary wind,Ardnagappary,priority,10.974512710872498,10.974512710872498,0.0,1.0,0.0
copperplate_priority,2030-01-14 16:00:00,Ardnagappary wind,Ardnagappary,priority,7.24027131493665,7.24027131493665,0.0,1.0,0.0
copperplate_priority,2030-01-14 17:00:00,Ardnagappary wind,Ardnagappary,priority,9.922983052024193,9.922983052024193,0.0,1.0,0.0
copperplate_priority,2030-01-14 18:00:00,Ardnagappary wind,Ardnagappary,priority,7.226284570827453,7.226284570827453,0.0,1.0,0.0
copperplate_priority,2030-01-14 19:00:00,Ardnagappary wind,Ardnagappary,priority,9.083114545348463,9.083114545348463,0.0,1.0,0.0
copperplate_priority,2030-01-14 20:00:00,Ardnagappary wind,Ardnagappary,priority,6.102653435855914,6.102653435855914,0.0,1.0,0.0
copperplate_priority,2030-01-14 21:00:00,Ardnagappary wind,Ardnagappary,priority,10.648010494049585,10.648010494049585,0.0,1.0,0.0
copperplate_priority,2030-01-14 22:00:00,Ardnagappary wind,Ardnagappary,priority,7.553182610698592,7.553182610698592,0.0,1.0,0.0
copperplate_priority,2030-01-14 23:00:00,Ardnagappary wind,Ardnagappary,priority,10.54871531246997,10.54871531246997,0.0,1.0,0.0
copperplate_priority,2030-01-15 00:00:00,Ardnagappary wind,Ardnagappary,priority,13.773518746655606,13.773518746655606,0.0,1.0,0.0
copperplate_priority,2030-01-15 01:00:00,Ardnagappary wind,Ardnagappary,priority,16.503804883752125,16.503804883752125,0.0,1.0,0.0
copperplate_priority,2030-01-15 02:00:00,Ardnagappary wind,Ardnagappary,priority,15.28901105438842,15.28901105438842,0.0,1.0,0.0
copperplate_priority,2030-01-15 03:00:00,Ardnagappary wind,Ardnagappary,priority,18.700598387726814,18.700598387726814,0.0,1.0,0.0
copperplate_priority,2030-01-15 04:00:00,Ardnagappary wind,Ardnagappary,priority,18.428029316015525,18.428029316015525,0.0,1.0,0.0
copperplate_priority,2030-01-15 05:00:00,Ardnagappary wind,Ardnagappary,priority,16.590172413371633,16.590172413371633,0.0,1.0,0.0
status_swapped,2030-01-14 06:00:00,Moy wind,Moy,priority,2.593172695583545,2.593172695583545,0.0,1.0,0.0
status_swapped,2030-01-14 07:00:00,Moy wind,Moy,priority,6.114057821370654,6.114057821370654,0.0,1.0,0.0
status_swapped,2030-01-14 08:00:00,Moy wind,Moy,priority,5.270951042751047,5.270951042751047,0.0,1.0,0.0
status_swapped,2030-01-14 09:00:00,Moy wind,Moy,priority,11.047560087227543,11.047560087227543,0.0,1.0,0.0
status_swapped,2030-01-14 10:00:00,Moy wind,Moy,priority,12.148773043499407,12.148773043499407,0.0,1.0,0.0
status_swapped,2030-01-14 11:00:00,Moy wind,Moy,priority,17.131255387700786,17.131255387700786,0.0,1.0,0.0
status_swapped,2030-01-14 12:00:00,Moy wind,Moy,priority,4.658483868443723,4.658483868443723,0.0,1.0,0.0
status_swapped,2030-01-14 13:00:00,Moy wind,Moy,priority,3.8256639721185137,3.8256639721185137,0.0,1.0,0.0
status_swapped,2030-01-14 14:00:00,Moy wind,Moy,priority,3.3605464756831065,3.3605464756831065,0.0,1.0,0.0
status_swapped,2030-01-14 15:00:00,Moy wind,Moy,priority,11.730051014997986,11.730051014997986,0.0,1.0,0.0
status_swapped,2030-01-14 16:00:00,Moy wind,Moy,priority,11.795881522163766,11.795881522163766,0.0,1.0,0.0
status_swapped,2030-01-14 17:00:00,Moy wind,Moy,priority,17.165011510422797,17.165011510422797,0.0,1.0,0.0
status_swapped,2030-01-14 18:00:00,Moy wind,Moy,priority,12.582531697636798,12.582531697636798,0.0,1.0,0.0
status_swapped,2030-01-14 19:00:00,Moy wind,Moy,priority,10.434839390200098,10.434839390200098,0.0,1.0,0.0
status_swapped,2030-01-14 20:00:00,Moy wind,Moy,priority,7.535971975801032,7.535971975801032,0.0,1.0,0.0
status_swapped,2030-01-14 21:00:00,Moy wind,Moy,priority,6.48874475138805,6.48874475138805,0.0,1.0,0.0
status_swapped,2030-01-14 22:00:00,Moy wind,Moy,priority,6.056832557293562,6.056832557293562,0.0,1.0,0.0
status_swapped,2030-01-14 23:00:00,Moy wind,Moy,priority,11.844557453997908,11.844557453997908,0.0,1.0,0.0
status_swapped,2030-01-15 00:00:00,Moy wind,Moy,priority,16.84478027321001,16.84478027321001,0.0,1.0,0.0
status_swapped,2030-01-15 01:00:00,Moy wind,Moy,priority,17.031689988566228,17.031689988566228,0.0,1.0,0.0
status_swapped,2030-01-15 02:00:00,Moy wind,Moy,priority,19.69017615595648,19.69017615595648,0.0,1.0,0.0
status_swapped,2030-01-15 03:00:00,Moy wind,Moy,priority,25.24151902397247,25.24151902397247,0.0,1.0,0.0
status_swapped,2030-01-15 04:00:00,Moy wind,Moy,priority,26.654513720062518,26.654513720062518,0.0,1.0,0.0
status_swapped,2030-01-15 05:00:00,Moy wind,Moy,priority,24.845417841943814,24.845417841943814,0.0,1.0,0.0
status_swapped,2030-01-14 06:00:00,Corderry wind,Corderry,priority,109.18998553324215,109.18998553324215,0.0,1.0,0.0
status_swapped,2030-01-14 07:00:00,Corderry wind,Corderry,priority,124.04904390361418,124.04904390361418,0.0,1.0,0.0
status_swapped,2030-01-14 08:00:00,Corderry wind,Corderry,priority,127.16807522007277,127.16807522007277,0.0,1.0,0.0
status_swapped,2030-01-14 09:00:00,Corderry wind,Corderry,priority,139.4926359507872,139.4926359507872,0.0,1.0,0.0
status_swapped,2030-01-14 10:00:00,Corderry wind,Corderry,priority,135.01007430737516,135.01007430737516,0.0,1.0,0.0
status_swapped,2030-01-14 11:00:00,Corderry wind,Corderry,priority,141.64410029188454,141.64410029188454,0.0,1.0,0.0
status_swapped,2030-01-14 12:00:00,Corderry wind,Corderry,priority,70.91670372649402,70.91670372649402,0.0,1.0,0.0
status_swapped,2030-01-14 13:00:00,Corderry wind,Corderry,priority,77.36105898757765,77.36105898757765,0.0,1.0,0.0
status_swapped,2030-01-14 14:00:00,Corderry wind,Corderry,priority,58.399078749559884,58.399078749559884,0.0,1.0,0.0
status_swapped,2030-01-14 15:00:00,Corderry wind,Corderry,priority,114.3265881204338,114.3265881204338,0.0,1.0,0.0
status_swapped,2030-01-14 16:00:00,Corderry wind,Corderry,priority,114.32190495874521,114.32190495874521,0.0,1.0,0.0
status_swapped,2030-01-14 17:00:00,Corderry wind,Corderry,priority,130.68539278848567,130.68539278848567,0.0,1.0,0.0
status_swapped,2030-01-14 18:00:00,Corderry wind,Corderry,priority,123.62496426693043,123.62496426693043,0.0,1.0,0.0
status_swapped,2030-01-14 19:00:00,Corderry wind,Corderry,priority,129.38811014672575,129.38811014672575,0.0,1.0,0.0
status_swapped,2030-01-14 20:00:00,Corderry wind,Corderry,priority,107.15736714810981,107.15736714810981,0.0,1.0,0.0
status_swapped,2030-01-14 21:00:00,Corderry wind,Corderry,priority,103.20897745243617,103.20897745243617,0.0,1.0,0.0
status_swapped,2030-01-14 22:00:00,Corderry wind,Corderry,priority,93.69717539953162,93.69717539953162,0.0,1.0,0.0
status_swapped,2030-01-14 23:00:00,Corderry wind,Corderry,priority,133.85053269089317,133.85053269089317,0.0,1.0,0.0
status_swapped,2030-01-15 00:00:00,Corderry wind,Corderry,priority,141.14300495181024,141.14300495181024,0.0,1.0,0.0
status_swapped,2030-01-15 01:00:00,Corderry wind,Corderry,priority,140.56431956534695,140.56431956534695,0.0,1.0,0.0
status_swapped,2030-01-15 02:00:00,Corderry wind,Corderry,priority,141.13824325194327,141.13824325194327,0.0,1.0,0.0
status_swapped,2030-01-15 03:00:00,Corderry wind,Corderry,priority,144.37255644843933,144.37255644843933,0.0,1.0,0.0
status_swapped,2030-01-15 04:00:00,Corderry wind,Corderry,priority,145.18409530000204,145.18409530000204,0.0,1.0,0.0
status_swapped,2030-01-15 05:00:00,Corderry wind,Corderry,priority,144.8058468775338,144.8058468775338,0.0,1.0,0.0
status_swapped,2030-01-14 06:00:00,Clogher wind,Clogher,priority,42.777412940048,42.777412940048,0.0,1.0,0.0
status_swapped,2030-01-14 07:00:00,Clogher wind,Clogher,priority,60.76288343715855,60.76288343715855,0.0,1.0,0.0
status_swapped,2030-01-14 08:00:00,Clogher wind,Clogher,priority,67.18412702270814,67.18412702270814,0.0,1.0,0.0
status_swapped,2030-01-14 09:00:00,Clogher wind,Clogher,priority,81.33879457250146,81.33879457250146,0.0,1.0,0.0
status_swapped,2030-01-14 10:00:00,Clogher wind,Clogher,priority,77.21405426402154,77.21405426402154,0.0,1.0,0.0
status_swapped,2030-01-14 11:00:00,Clogher wind,Clogher,priority,85.21729061690063,85.21729061690063,0.0,1.0,0.0
status_swapped,2030-01-14 12:00:00,Clogher wind,Clogher,priority,49.48052213951951,49.48052213951951,0.0,1.0,0.0
status_swapped,2030-01-14 13:00:00,Clogher wind,Clogher,priority,51.638035750903455,51.638035750903455,0.0,1.0,0.0
status_swapped,2030-01-14 14:00:00,Clogher wind,Clogher,priority,37.187172638582894,37.187172638582894,0.0,1.0,0.0
status_swapped,2030-01-14 15:00:00,Clogher wind,Clogher,priority,69.26540585480646,69.26540585480646,0.0,1.0,0.0
status_swapped,2030-01-14 16:00:00,Clogher wind,Clogher,priority,55.39880037978344,55.39880037978344,0.0,1.0,0.0
status_swapped,2030-01-14 17:00:00,Clogher wind,Clogher,priority,62.19490758124122,62.19490758124122,0.0,1.0,0.0
status_swapped,2030-01-14 18:00:00,Clogher wind,Clogher,priority,43.34487533972401,43.34487533972401,0.0,1.0,0.0
status_swapped,2030-01-14 19:00:00,Clogher wind,Clogher,priority,48.39564432179324,48.39564432179324,0.0,1.0,0.0
status_swapped,2030-01-14 20:00:00,Clogher wind,Clogher,priority,31.966564719302507,31.966564719302507,0.0,1.0,0.0
status_swapped,2030-01-14 21:00:00,Clogher wind,Clogher,priority,38.889675348853174,38.889675348853174,0.0,1.0,0.0
status_swapped,2030-01-14 22:00:00,Clogher wind,Clogher,priority,35.58434633299686,35.58434633299686,0.0,1.0,0.0
status_swapped,2030-01-14 23:00:00,Clogher wind,Clogher,priority,58.87107002137579,58.87107002137579,0.0,1.0,0.0
status_swapped,2030-01-15 00:00:00,Clogher wind,Clogher,priority,75.50391688974878,75.50391688974878,0.0,1.0,0.0
status_swapped,2030-01-15 01:00:00,Clogher wind,Clogher,priority,80.0748115958686,80.0748115958686,0.0,1.0,0.0
status_swapped,2030-01-15 02:00:00,Clogher wind,Clogher,priority,77.65583005667271,77.65582005667467,9.999998042076186e-06,1.0,9.999998042076186e-06
status_swapped,2030-01-15 03:00:00,Clogher wind,Clogher,priority,85.71073476382608,85.71073476382608,0.0,1.0,0.0
status_swapped,2030-01-15 04:00:00,Clogher wind,Clogher,priority,86.25240884037296,86.25240884037296,0.0,1.0,0.0
status_swapped,2030-01-15 05:00:00,Clogher wind,Clogher,priority,84.9218479777445,84.9218479777445,0.0,1.0,0.0
status_swapped,2030-01-14 06:00:00,Croaghonagh wind,Croaghonagh,non_priority,60.60677741735044,60.60677741735044,0.0,1.0,0.0
status_swapped,2030-01-14 07:00:00,Croaghonagh wind,Croaghonagh,non_priority,86.08848218272233,86.08848218272233,0.0,1.0,0.0
status_swapped,2030-01-14 08:00:00,Croaghonagh wind,Croaghonagh,non_priority,95.1860608810277,95.1860608810277,0.0,1.0,0.0
status_swapped,2030-01-14 09:00:00,Croaghonagh wind,Croaghonagh,non_priority,115.24030742485701,115.24030742485701,0.0,1.0,0.0
status_swapped,2030-01-14 10:00:00,Croaghonagh wind,Croaghonagh,non_priority,109.39640054505645,109.39640054505645,0.0,1.0,0.0
status_swapped,2030-01-14 11:00:00,Croaghonagh wind,Croaghonagh,non_priority,120.73533693508975,120.73533693508975,0.0,1.0,0.0
status_swapped,2030-01-14 12:00:00,Croaghonagh wind,Croaghonagh,non_priority,70.10370159614367,70.10370159614367,0.0,1.0,0.0
status_swapped,2030-01-14 13:00:00,Croaghonagh wind,Croaghonagh,non_priority,73.1604537050968,73.1604537050968,0.0,1.0,0.0
status_swapped,2030-01-14 14:00:00,Croaghonagh wind,Croaghonagh,non_priority,52.68655909710675,52.68655909710675,0.0,1.0,0.0
status_swapped,2030-01-14 15:00:00,Croaghonagh wind,Croaghonagh,non_priority,98.13480402024487,98.13480402024487,0.0,1.0,0.0
status_swapped,2030-01-14 16:00:00,Croaghonagh wind,Croaghonagh,non_priority,78.48868206479241,78.48868206479241,0.0,1.0,0.0
status_swapped,2030-01-14 17:00:00,Croaghonagh wind,Croaghonagh,non_priority,88.11736524487304,88.11736524487304,0.0,1.0,0.0
status_swapped,2030-01-14 18:00:00,Croaghonagh wind,Croaghonagh,non_priority,61.410754679792184,61.410754679792184,0.0,1.0,0.0
status_swapped,2030-01-14 19:00:00,Croaghonagh wind,Croaghonagh,non_priority,68.56665332919714,68.56665332919714,0.0,1.0,0.0
status_swapped,2030-01-14 20:00:00,Croaghonagh wind,Croaghonagh,non_priority,45.29003367864538,45.29003367864538,0.0,1.0,0.0
status_swapped,2030-01-14 21:00:00,Croaghonagh wind,Croaghonagh,non_priority,55.09865454005457,55.09865454005457,0.0,1.0,0.0
status_swapped,2030-01-14 22:00:00,Croaghonagh wind,Croaghonagh,non_priority,50.41568457560471,50.41568457560471,0.0,1.0,0.0
status_swapped,2030-01-14 23:00:00,Croaghonagh wind,Croaghonagh,non_priority,83.40817248830035,83.40817248830035,0.0,1.0,0.0
status_swapped,2030-01-15 00:00:00,Croaghonagh wind,Croaghonagh,non_priority,106.97348835677384,106.97348835677384,0.0,1.0,0.0
status_swapped,2030-01-15 01:00:00,Croaghonagh wind,Croaghonagh,non_priority,113.4495040625436,113.4495040625436,0.0,1.0,0.0
status_swapped,2030-01-15 02:00:00,Croaghonagh wind,Croaghonagh,non_priority,110.0223057902172,110.0223057902172,0.0,1.0,0.0
status_swapped,2030-01-15 03:00:00,Croaghonagh wind,Croaghonagh,non_priority,121.43444558905436,121.43444558905436,0.0,1.0,0.0
status_swapped,2030-01-15 04:00:00,Croaghonagh wind,Croaghonagh,non_priority,122.20188611277268,122.20188611277268,0.0,1.0,0.0
status_swapped,2030-01-15 05:00:00,Croaghonagh wind,Croaghonagh,non_priority,120.31675560816319,120.31675560816319,0.0,1.0,0.0
status_swapped,2030-01-14 06:00:00,Cathaleen's Fall wind,Cathaleen's Fall,priority,17.06558185622301,17.06558185622301,0.0,1.0,0.0
status_swapped,2030-01-14 07:00:00,Cathaleen's Fall wind,Cathaleen's Fall,priority,26.304759535586047,26.304759535586047,0.0,1.0,0.0
status_swapped,2030-01-14 08:00:00,Cathaleen's Fall wind,Cathaleen's Fall,priority,24.23859938806136,24.23859938806136,0.0,1.0,0.0
status_swapped,2030-01-14 09:00:00,Cathaleen's Fall wind,Cathaleen's Fall,priority,36.34494154341771,36.34494154341771,0.0,1.0,0.0
status_swapped,2030-01-14 10:00:00,Cathaleen's Fall wind,Cathaleen's Fall,priority,29.489785468172506,29.489785468172506,0.0,1.0,0.0
status_swapped,2030-01-14 11:00:00,Cathaleen's Fall wind,Cathaleen's Fall,priority,39.321313680305025,39.321313680305025,0.0,1.0,0.0
status_swapped,2030-01-14 12:00:00,Cathaleen's Fall wind,Cathaleen's Fall,priority,15.706680713950725,15.706680713950725,0.0,1.0,0.0
status_swapped,2030-01-14 13:00:00,Cathaleen's Fall wind,Cathaleen's Fall,priority,14.539649719899293,14.539649719899293,0.0,1.0,0.0
status_swapped,2030-01-14 14:00:00,Cathaleen's Fall wind,Cathaleen's Fall,priority,10.564756953698785,10.564756953698785,0.0,1.0,0.0
status_swapped,2030-01-14 15:00:00,Cathaleen's Fall wind,Cathaleen's Fall,priority,27.739610281089035,27.739610281089035,0.0,1.0,0.0
status_swapped,2030-01-14 16:00:00,Cathaleen's Fall wind,Cathaleen's Fall,priority,22.419011738394744,22.419011738394744,0.0,1.0,0.0
status_swapped,2030-01-14 17:00:00,Cathaleen's Fall wind,Cathaleen's Fall,priority,27.211724313121177,27.211724313121177,0.0,1.0,0.0
status_swapped,2030-01-14 18:00:00,Cathaleen's Fall wind,Cathaleen's Fall,priority,17.750736656380095,17.750736656380095,0.0,1.0,0.0
status_swapped,2030-01-14 19:00:00,Cathaleen's Fall wind,Cathaleen's Fall,priority,17.284857015848406,17.284857015848406,0.0,1.0,0.0
status_swapped,2030-01-14 20:00:00,Cathaleen's Fall wind,Cathaleen's Fall,priority,9.507682135137717,9.507682135137717,0.0,1.0,0.0
status_swapped,2030-01-14 21:00:00,Cathaleen's Fall wind,Cathaleen's Fall,priority,11.369642214530684,11.369642214530684,0.0,1.0,0.0
status_swapped,2030-01-14 22:00:00,Cathaleen's Fall wind,Cathaleen's Fall,priority,9.743806337172176,9.743806337172176,0.0,1.0,0.0
status_swapped,2030-01-14 23:00:00,Cathaleen's Fall wind,Cathaleen's Fall,priority,21.307781543056603,21.307781543056603,0.0,1.0,0.0
status_swapped,2030-01-15 00:00:00,Cathaleen's Fall wind,Cathaleen's Fall,priority,32.19113877114846,32.19113877114846,0.0,1.0,0.0
status_swapped,2030-01-15 01:00:00,Cathaleen's Fall wind,Cathaleen's Fall,priority,38.42894162702094,38.42894162702094,0.0,1.0,0.0
status_swapped,2030-01-15 02:00:00,Cathaleen's Fall wind,Cathaleen's Fall,priority,35.846927229215495,35.846927229215495,0.0,1.0,0.0
status_swapped,2030-01-15 03:00:00,Cathaleen's Fall wind,Cathaleen's Fall,priority,41.546809570875624,41.546809570875624,0.0,1.0,0.0
status_swapped,2030-01-15 04:00:00,Cathaleen's Fall wind,Cathaleen's Fall,priority,47.323157797847365,47.323157797847365,0.0,1.0,0.0
status_swapped,2030-01-15 05:00:00,Cathaleen's Fall wind,Cathaleen's Fall,priority,43.17287437069037,43.17287437069037,0.0,1.0,0.0
status_swapped,2030-01-14 06:00:00,Binbane wind,Binbane,non_priority,27.333477679526855,27.333477679526855,0.0,1.0,0.0
status_swapped,2030-01-14 07:00:00,Binbane wind,Binbane,non_priority,40.469785835837996,40.469785835837996,0.0,1.0,0.0
status_swapped,2030-01-14 08:00:00,Binbane wind,Binbane,non_priority,36.70707660023346,36.70707660023346,0.0,1.0,0.0
status_swapped,2030-01-14 09:00:00,Binbane wind,Binbane,non_priority,51.186830544962504,51.186830544962504,0.0,1.0,0.0
status_swapped,2030-01-14 10:00:00,Binbane wind,Binbane,non_priority,42.91659071428766,42.91659071428766,0.0,1.0,0.0
status_swapped,2030-01-14 11:00:00,Binbane wind,Binbane,non_priority,63.98673960527397,52.67434899192267,11.312390613351297,1.0,11.312390613351297
status_swapped,2030-01-14 12:00:00,Binbane wind,Binbane,non_priority,23.011907571189607,23.011907571189607,0.0,1.0,0.0
status_swapped,2030-01-14 13:00:00,Binbane wind,Binbane,non_priority,21.688537448160083,21.688537448160083,0.0,1.0,0.0
status_swapped,2030-01-14 14:00:00,Binbane wind,Binbane,non_priority,16.284695479956607,16.284695479956607,0.0,1.0,0.0
status_swapped,2030-01-14 15:00:00,Binbane wind,Binbane,non_priority,39.94938853608373,39.94938853608373,0.0,1.0,0.0
status_swapped,2030-01-14 16:00:00,Binbane wind,Binbane,non_priority,28.084089579661878,28.084089579661878,0.0,1.0,0.0
status_swapped,2030-01-14 17:00:00,Binbane wind,Binbane,non_priority,41.393664095373595,41.393664095373595,0.0,1.0,0.0
status_swapped,2030-01-14 18:00:00,Binbane wind,Binbane,non_priority,29.074289475122907,29.074289475122907,0.0,1.0,0.0
status_swapped,2030-01-14 19:00:00,Binbane wind,Binbane,non_priority,29.04238105857128,29.04238105857128,0.0,1.0,0.0
status_swapped,2030-01-14 20:00:00,Binbane wind,Binbane,non_priority,19.413518451735037,19.413518451735037,0.0,1.0,0.0
status_swapped,2030-01-14 21:00:00,Binbane wind,Binbane,non_priority,26.696061520537143,26.696061520537143,0.0,1.0,0.0
status_swapped,2030-01-14 22:00:00,Binbane wind,Binbane,non_priority,17.749052184528963,17.749052184528963,0.0,1.0,0.0
status_swapped,2030-01-14 23:00:00,Binbane wind,Binbane,non_priority,32.72658015748152,32.72658015748152,0.0,1.0,0.0
status_swapped,2030-01-15 00:00:00,Binbane wind,Binbane,non_priority,50.90798289996044,50.90798289996044,0.0,1.0,0.0
status_swapped,2030-01-15 01:00:00,Binbane wind,Binbane,non_priority,57.86229967351554,44.53830210029446,13.323997573221078,1.0,13.323997573221078
status_swapped,2030-01-15 02:00:00,Binbane wind,Binbane,non_priority,60.96108599102347,56.75602138104767,4.2050646099758,1.0,4.2050646099758
status_swapped,2030-01-15 03:00:00,Binbane wind,Binbane,non_priority,73.4863184329048,19.814528866744055,53.67178956616074,1.0,53.67178956616074
status_swapped,2030-01-15 04:00:00,Binbane wind,Binbane,non_priority,73.9618363594108,4.20992587647693,69.75191048293387,1.0,69.75191048293387
status_swapped,2030-01-15 05:00:00,Binbane wind,Binbane,non_priority,67.17722828811425,33.46865085058703,33.70857743752722,1.0,33.70857743752722
status_swapped,2030-01-14 06:00:00,Letterkenny wind,Letterkenny,priority,41.830722718593194,41.830722718593194,0.0,1.0,0.0
status_swapped,2030-01-14 07:00:00,Letterkenny wind,Letterkenny,priority,63.57712569629948,63.57712569629948,0.0,1.0,0.0
status_swapped,2030-01-14 08:00:00,Letterkenny wind,Letterkenny,priority,64.66630719678498,64.66630719678498,0.0,1.0,0.0
status_swapped,2030-01-14 09:00:00,Letterkenny wind,Letterkenny,priority,70.40660848889743,70.40660848889743,0.0,1.0,0.0
status_swapped,2030-01-14 10:00:00,Letterkenny wind,Letterkenny,priority,66.90938286861449,66.90938286861449,0.0,1.0,0.0
status_swapped,2030-01-14 11:00:00,Letterkenny wind,Letterkenny,priority,72.9178849325516,72.9178849325516,0.0,1.0,0.0
status_swapped,2030-01-14 12:00:00,Letterkenny wind,Letterkenny,priority,45.80196408108124,45.80196408108124,0.0,1.0,0.0
status_swapped,2030-01-14 13:00:00,Letterkenny wind,Letterkenny,priority,38.75208102584755,38.75208102584755,0.0,1.0,0.0
status_swapped,2030-01-14 14:00:00,Letterkenny wind,Letterkenny,priority,27.804403633009798,27.804403633009798,0.0,1.0,0.0
status_swapped,2030-01-14 15:00:00,Letterkenny wind,Letterkenny,priority,53.218544472903446,53.218544472903446,0.0,1.0,0.0
status_swapped,2030-01-14 16:00:00,Letterkenny wind,Letterkenny,priority,44.314804914683855,44.314804914683855,0.0,1.0,0.0
status_swapped,2030-01-14 17:00:00,Letterkenny wind,Letterkenny,priority,50.45340837765898,50.45340837765898,0.0,1.0,0.0
status_swapped,2030-01-14 18:00:00,Letterkenny wind,Letterkenny,priority,42.00655042792764,42.00655042792764,0.0,1.0,0.0
status_swapped,2030-01-14 19:00:00,Letterkenny wind,Letterkenny,priority,48.328192035092485,48.328192035092485,0.0,1.0,0.0
status_swapped,2030-01-14 20:00:00,Letterkenny wind,Letterkenny,priority,33.13878633764136,33.13878633764136,0.0,1.0,0.0
status_swapped,2030-01-14 21:00:00,Letterkenny wind,Letterkenny,priority,34.82535731465508,34.82535731465508,0.0,1.0,0.0
status_swapped,2030-01-14 22:00:00,Letterkenny wind,Letterkenny,priority,29.77431323852741,29.77431323852741,0.0,1.0,0.0
status_swapped,2030-01-14 23:00:00,Letterkenny wind,Letterkenny,priority,51.553512231645605,51.553512231645605,0.0,1.0,0.0
status_swapped,2030-01-15 00:00:00,Letterkenny wind,Letterkenny,priority,70.85855889896892,70.85855889896892,0.0,1.0,0.0
status_swapped,2030-01-15 01:00:00,Letterkenny wind,Letterkenny,priority,75.1384254918753,75.1384254918753,0.0,1.0,0.0
status_swapped,2030-01-15 02:00:00,Letterkenny wind,Letterkenny,priority,75.13788026194989,75.13788026194989,0.0,1.0,0.0
status_swapped,2030-01-15 03:00:00,Letterkenny wind,Letterkenny,priority,80.17408608066965,80.17408608066965,0.0,1.0,0.0
status_swapped,2030-01-15 04:00:00,Letterkenny wind,Letterkenny,priority,79.52967447348547,79.52967447348547,0.0,1.0,0.0
status_swapped,2030-01-15 05:00:00,Letterkenny wind,Letterkenny,priority,77.21798476078645,77.21798476078645,0.0,1.0,0.0
status_swapped,2030-01-14 06:00:00,Drumkeen wind,Drumkeen,non_priority,34.55542716559042,34.55542716559042,0.0,1.0,0.0
status_swapped,2030-01-14 07:00:00,Drumkeen wind,Drumkeen,non_priority,50.975069607586114,50.975069607586114,0.0,1.0,0.0
status_swapped,2030-01-14 08:00:00,Drumkeen wind,Drumkeen,non_priority,51.11248966928623,51.11248966928623,0.0,1.0,0.0
status_swapped,2030-01-14 09:00:00,Drumkeen wind,Drumkeen,non_priority,60.53250673787193,18.860139612419218,41.67236712545271,1.0,41.67236712545271
status_swapped,2030-01-14 10:00:00,Drumkeen wind,Drumkeen,non_priority,56.04454036594005,56.04454036594005,0.0,1.0,0.0
status_swapped,2030-01-14 11:00:00,Drumkeen wind,Drumkeen,non_priority,64.6895731803692,-0.0,64.6895731803692,1.0,64.6895731803692
status_swapped,2030-01-14 12:00:00,Drumkeen wind,Drumkeen,non_priority,33.79557917796294,33.79557917796294,0.0,1.0,0.0
status_swapped,2030-01-14 13:00:00,Drumkeen wind,Drumkeen,non_priority,30.68441183088882,30.68441183088882,0.0,1.0,0.0
status_swapped,2030-01-14 14:00:00,Drumkeen wind,Drumkeen,non_priority,26.81721823025692,26.81721823025692,0.0,1.0,0.0
status_swapped,2030-01-14 15:00:00,Drumkeen wind,Drumkeen,non_priority,57.38530526180425,57.38530526180425,0.0,1.0,0.0
status_swapped,2030-01-14 16:00:00,Drumkeen wind,Drumkeen,non_priority,47.52733071606942,47.52733071606942,0.0,1.0,0.0
status_swapped,2030-01-14 17:00:00,Drumkeen wind,Drumkeen,non_priority,54.65476115411948,54.65476115411948,0.0,1.0,0.0
status_swapped,2030-01-14 18:00:00,Drumkeen wind,Drumkeen,non_priority,44.28009416682733,44.28009416682733,0.0,1.0,0.0
status_swapped,2030-01-14 19:00:00,Drumkeen wind,Drumkeen,non_priority,46.02952584477828,46.02952584477828,0.0,1.0,0.0
status_swapped,2030-01-14 20:00:00,Drumkeen wind,Drumkeen,non_priority,29.723393519850315,29.723393519850315,0.0,1.0,0.0
status_swapped,2030-01-14 21:00:00,Drumkeen wind,Drumkeen,non_priority,34.56779472137786,34.56779472137786,0.0,1.0,0.0
status_swapped,2030-01-14 22:00:00,Drumkeen wind,Drumkeen,non_priority,29.900882784608402,29.900882784608402,0.0,1.0,0.0
status_swapped,2030-01-14 23:00:00,Drumkeen wind,Drumkeen,non_priority,49.62574893232017,49.62574893232017,0.0,1.0,0.0
status_swapped,2030-01-15 00:00:00,Drumkeen wind,Drumkeen,non_priority,67.32561827012364,23.24870961429953,44.07690865582411,1.0,44.07690865582411
status_swapped,2030-01-15 01:00:00,Drumkeen wind,Drumkeen,non_priority,68.02099150640097,-0.0,68.02099150640097,1.0,68.02099150640097
status_swapped,2030-01-15 02:00:00,Drumkeen wind,Drumkeen,non_priority,68.7080190460109,-0.0,68.7080190460109,1.0,68.7080190460109
status_swapped,2030-01-15 03:00:00,Drumkeen wind,Drumkeen,non_priority,75.21292299628776,-0.0,75.21292299628776,1.0,75.21292299628776
status_swapped,2030-01-15 04:00:00,Drumkeen wind,Drumkeen,non_priority,74.79907029289112,-0.0,74.79907029289112,1.0,74.79907029289112
status_swapped,2030-01-15 05:00:00,Drumkeen wind,Drumkeen,non_priority,73.21976048416526,-0.0,73.21976048416526,1.0,73.21976048416526
status_swapped,2030-01-14 06:00:00,Glenree wind,Glenree,priority,13.03427761797363,13.03427761797363,0.0,1.0,0.0
status_swapped,2030-01-14 07:00:00,Glenree wind,Glenree,priority,17.533290698316616,17.533290698316616,0.0,1.0,0.0
status_swapped,2030-01-14 08:00:00,Glenree wind,Glenree,priority,16.188019592378055,16.188019592378055,0.0,1.0,0.0
status_swapped,2030-01-14 09:00:00,Glenree wind,Glenree,priority,36.09724325985801,36.09724325985801,0.0,1.0,0.0
status_swapped,2030-01-14 10:00:00,Glenree wind,Glenree,priority,35.57474970744608,35.57474970744608,0.0,1.0,0.0
status_swapped,2030-01-14 11:00:00,Glenree wind,Glenree,priority,38.00765352741275,38.00765352741275,0.0,1.0,0.0
status_swapped,2030-01-14 12:00:00,Glenree wind,Glenree,priority,11.558273600923668,11.558273600923668,0.0,1.0,0.0
status_swapped,2030-01-14 13:00:00,Glenree wind,Glenree,priority,8.556135615272925,8.556135615272925,0.0,1.0,0.0
status_swapped,2030-01-14 14:00:00,Glenree wind,Glenree,priority,7.203218688453863,7.203218688453863,0.0,1.0,0.0
status_swapped,2030-01-14 15:00:00,Glenree wind,Glenree,priority,18.87446621236314,18.87446621236314,0.0,1.0,0.0
status_swapped,2030-01-14 16:00:00,Glenree wind,Glenree,priority,18.251840272306442,18.251840272306442,0.0,1.0,0.0
status_swapped,2030-01-14 17:00:00,Glenree wind,Glenree,priority,28.26602346706999,28.26602346706999,0.0,1.0,0.0
status_swapped,2030-01-14 18:00:00,Glenree wind,Glenree,priority,23.141273938529515,23.141273938529515,0.0,1.0,0.0
status_swapped,2030-01-14 19:00:00,Glenree wind,Glenree,priority,22.082604665052486,22.082604665052486,0.0,1.0,0.0
status_swapped,2030-01-14 20:00:00,Glenree wind,Glenree,priority,15.23860497137327,15.23860497137327,0.0,1.0,0.0
status_swapped,2030-01-14 21:00:00,Glenree wind,Glenree,priority,11.634409264720908,11.634409264720908,0.0,1.0,0.0
status_swapped,2030-01-14 22:00:00,Glenree wind,Glenree,priority,9.1416749782349,9.1416749782349,0.0,1.0,0.0
status_swapped,2030-01-14 23:00:00,Glenree wind,Glenree,priority,15.468327883513929,15.468327883513929,0.0,1.0,0.0
status_swapped,2030-01-15 00:00:00,Glenree wind,Glenree,priority,21.637593736295372,21.637593736295372,0.0,1.0,0.0
status_swapped,2030-01-15 01:00:00,Glenree wind,Glenree,priority,23.282034318691757,23.282034318691757,0.0,1.0,0.0
status_swapped,2030-01-15 02:00:00,Glenree wind,Glenree,priority,29.980153284540872,29.980153284540872,0.0,1.0,0.0
status_swapped,2030-01-15 03:00:00,Glenree wind,Glenree,priority,38.594225330690804,38.594225330690804,0.0,1.0,0.0
status_swapped,2030-01-15 04:00:00,Glenree wind,Glenree,priority,44.24904576132181,44.24904576132181,0.0,1.0,0.0
status_swapped,2030-01-15 05:00:00,Glenree wind,Glenree,priority,35.347954349225596,35.347954349225596,0.0,1.0,0.0
status_swapped,2030-01-14 06:00:00,Sorne Hill wind,Sorne Hill,priority,14.10332549394124,14.10332549394124,0.0,1.0,0.0
status_swapped,2030-01-14 07:00:00,Sorne Hill wind,Sorne Hill,priority,27.65927622121897,27.65927622121897,0.0,1.0,0.0
status_swapped,2030-01-14 08:00:00,Sorne Hill wind,Sorne Hill,priority,31.57292471203537,31.57292471203537,0.0,1.0,0.0
status_swapped,2030-01-14 09:00:00,Sorne Hill wind,Sorne Hill,priority,30.856659273453886,30.856659273453886,0.0,1.0,0.0
status_swapped,2030-01-14 10:00:00,Sorne Hill wind,Sorne Hill,priority,22.562850613697613,22.562850613697613,0.0,1.0,0.0
status_swapped,2030-01-14 11:00:00,Sorne Hill wind,Sorne Hill,priority,29.46775743584074,29.46775743584074,0.0,1.0,0.0
status_swapped,2030-01-14 12:00:00,Sorne Hill wind,Sorne Hill,priority,13.911591944996564,13.911591944996564,0.0,1.0,0.0
status_swapped,2030-01-14 13:00:00,Sorne Hill wind,Sorne Hill,priority,12.225090131852161,12.225090131852161,0.0,1.0,0.0
status_swapped,2030-01-14 14:00:00,Sorne Hill wind,Sorne Hill,priority,9.100715189151563,9.100715189151563,0.0,1.0,0.0
status_swapped,2030-01-14 15:00:00,Sorne Hill wind,Sorne Hill,priority,17.35269141104657,17.35269141104657,0.0,1.0,0.0
status_swapped,2030-01-14 16:00:00,Sorne Hill wind,Sorne Hill,priority,12.735443310024104,12.735443310024104,0.0,1.0,0.0
status_swapped,2030-01-14 17:00:00,Sorne Hill wind,Sorne Hill,priority,12.829685132860396,12.829685132860396,0.0,1.0,0.0
status_swapped,2030-01-14 18:00:00,Sorne Hill wind,Sorne Hill,priority,10.921434353595691,10.921434353595691,0.0,1.0,0.0
status_swapped,2030-01-14 19:00:00,Sorne Hill wind,Sorne Hill,priority,13.985471597453586,13.985471597453586,0.0,1.0,0.0
status_swapped,2030-01-14 20:00:00,Sorne Hill wind,Sorne Hill,priority,9.789263877525505,9.789263877525505,0.0,1.0,0.0
status_swapped,2030-01-14 21:00:00,Sorne Hill wind,Sorne Hill,priority,13.246118494741266,13.246118494741266,0.0,1.0,0.0
status_swapped,2030-01-14 22:00:00,Sorne Hill wind,Sorne Hill,priority,11.107911409982277,11.107911409982277,0.0,1.0,0.0
status_swapped,2030-01-14 23:00:00,Sorne Hill wind,Sorne Hill,priority,20.197918411359524,20.197918411359524,0.0,1.0,0.0
status_swapped,2030-01-15 00:00:00,Sorne Hill wind,Sorne Hill,priority,28.63996917653709,28.63996917653709,0.0,1.0,0.0
status_swapped,2030-01-15 01:00:00,Sorne Hill wind,Sorne Hill,priority,28.277885843965812,28.277885843965812,0.0,1.0,0.0
status_swapped,2030-01-15 02:00:00,Sorne Hill wind,Sorne Hill,priority,25.648240392411775,25.648240392411775,0.0,1.0,0.0
status_swapped,2030-01-15 03:00:00,Sorne Hill wind,Sorne Hill,priority,26.372122088212148,26.372122088212148,0.0,1.0,0.0
status_swapped,2030-01-15 04:00:00,Sorne Hill wind,Sorne Hill,priority,28.727813786240404,28.727813786240404,0.0,1.0,0.0
status_swapped,2030-01-15 05:00:00,Sorne Hill wind,Sorne Hill,priority,22.818123238147724,22.818123238147724,0.0,1.0,0.0
status_swapped,2030-01-14 06:00:00,Sligo wind,Sligo,priority,15.38615557862624,15.38615557862624,0.0,1.0,0.0
status_swapped,2030-01-14 07:00:00,Sligo wind,Sligo,priority,18.963381098953494,18.963381098953494,0.0,1.0,0.0
status_swapped,2030-01-14 08:00:00,Sligo wind,Sligo,priority,17.338909776037852,17.338909776037852,0.0,1.0,0.0
status_swapped,2030-01-14 09:00:00,Sligo wind,Sligo,priority,28.095248018194017,28.095248018194017,0.0,1.0,0.0
status_swapped,2030-01-14 10:00:00,Sligo wind,Sligo,priority,27.456797752993715,27.456797752993715,0.0,1.0,0.0
status_swapped,2030-01-14 11:00:00,Sligo wind,Sligo,priority,28.827532476372713,28.827532476372713,0.0,1.0,0.0
status_swapped,2030-01-14 12:00:00,Sligo wind,Sligo,priority,8.929375862022011,8.929375862022011,0.0,1.0,0.0
status_swapped,2030-01-14 13:00:00,Sligo wind,Sligo,priority,7.568624661157955,7.568624661157955,0.0,1.0,0.0
status_swapped,2030-01-14 14:00:00,Sligo wind,Sligo,priority,5.661926867589395,5.661926867589395,0.0,1.0,0.0
status_swapped,2030-01-14 15:00:00,Sligo wind,Sligo,priority,14.722572594976858,14.722572594976858,0.0,1.0,0.0
status_swapped,2030-01-14 16:00:00,Sligo wind,Sligo,priority,15.851110952974626,15.851110952974626,0.0,1.0,0.0
status_swapped,2030-01-14 17:00:00,Sligo wind,Sligo,priority,22.990937252059087,22.990937252059087,0.0,1.0,0.0
status_swapped,2030-01-14 18:00:00,Sligo wind,Sligo,priority,18.14116087033879,18.14116087033879,0.0,1.0,0.0
status_swapped,2030-01-14 19:00:00,Sligo wind,Sligo,priority,17.226133745601267,17.226133745601267,0.0,1.0,0.0
status_swapped,2030-01-14 20:00:00,Sligo wind,Sligo,priority,9.592058067111365,9.592058067111365,0.0,1.0,0.0
status_swapped,2030-01-14 21:00:00,Sligo wind,Sligo,priority,7.062277502012783,7.062277502012783,0.0,1.0,0.0
status_swapped,2030-01-14 22:00:00,Sligo wind,Sligo,priority,7.899750358484654,7.899750358484654,0.0,1.0,0.0
status_swapped,2030-01-14 23:00:00,Sligo wind,Sligo,priority,14.982180517477701,14.982180517477701,0.0,1.0,0.0
status_swapped,2030-01-15 00:00:00,Sligo wind,Sligo,priority,17.36594389469885,17.36594389469885,0.0,1.0,0.0
status_swapped,2030-01-15 01:00:00,Sligo wind,Sligo,priority,18.816862901567028,18.816862901567028,0.0,1.0,0.0
status_swapped,2030-01-15 02:00:00,Sligo wind,Sligo,priority,25.22719762530992,25.22719762530992,0.0,1.0,0.0
status_swapped,2030-01-15 03:00:00,Sligo wind,Sligo,priority,33.567470746615925,33.567470746615925,0.0,1.0,0.0
status_swapped,2030-01-15 04:00:00,Sligo wind,Sligo,priority,36.330800980491304,36.330800980491304,0.0,1.0,0.0
status_swapped,2030-01-15 05:00:00,Sligo wind,Sligo,priority,34.49056465103515,34.49056465103515,0.0,1.0,0.0
status_swapped,2030-01-14 06:00:00,Trillick wind,Trillick,priority,9.964863499197378,9.964863499197378,0.0,1.0,0.0
status_swapped,2030-01-14 07:00:00,Trillick wind,Trillick,priority,19.54297319092927,19.54297319092927,0.0,1.0,0.0
status_swapped,2030-01-14 08:00:00,Trillick wind,Trillick,priority,22.30820561866974,22.30820561866974,0.0,1.0,0.0
status_swapped,2030-01-14 09:00:00,Trillick wind,Trillick,priority,21.802120204437223,21.802120204437223,0.0,1.0,0.0
status_swapped,2030-01-14 10:00:00,Trillick wind,Trillick,priority,15.942036267607056,15.942036267607056,0.0,1.0,0.0
status_swapped,2030-01-14 11:00:00,Trillick wind,Trillick,priority,20.820775965339486,20.820775965339486,0.0,1.0,0.0
status_swapped,2030-01-14 12:00:00,Trillick wind,Trillick,priority,9.82939200034619,9.82939200034619,0.0,1.0,0.0
status_swapped,2030-01-14 13:00:00,Trillick wind,Trillick,priority,8.637775146126057,8.637775146126057,0.0,1.0,0.0
status_swapped,2030-01-14 14:00:00,Trillick wind,Trillick,priority,6.4302128348329415,6.4302128348329415,0.0,1.0,0.0
status_swapped,2030-01-14 15:00:00,Trillick wind,Trillick,priority,12.260739591457257,12.260739591457257,0.0,1.0,0.0
status_swapped,2030-01-14 16:00:00,Trillick wind,Trillick,priority,8.99837093320122,8.99837093320122,0.0,1.0,0.0
status_swapped,2030-01-14 17:00:00,Trillick wind,Trillick,priority,9.064958554743576,9.064958554743576,0.0,1.0,0.0
status_swapped,2030-01-14 18:00:00,Trillick wind,Trillick,priority,7.716662470548481,7.716662470548481,0.0,1.0,0.0
status_swapped,2030-01-14 19:00:00,Trillick wind,Trillick,priority,9.881592501030843,9.881592501030843,0.0,1.0,0.0
status_swapped,2030-01-14 20:00:00,Trillick wind,Trillick,priority,6.916714666982054,6.916714666982054,0.0,1.0,0.0
status_swapped,2030-01-14 21:00:00,Trillick wind,Trillick,priority,9.359194237628257,9.359194237628257,0.0,1.0,0.0
status_swapped,2030-01-14 22:00:00,Trillick wind,Trillick,priority,7.848419935369296,7.848419935369296,0.0,1.0,0.0
status_swapped,2030-01-14 23:00:00,Trillick wind,Trillick,priority,14.271066779504459,14.271066779504459,0.0,1.0,0.0
status_swapped,2030-01-15 00:00:00,Trillick wind,Trillick,priority,20.23589284584099,20.23589284584099,0.0,1.0,0.0
status_swapped,2030-01-15 01:00:00,Trillick wind,Trillick,priority,19.980058788408414,19.980058788408414,0.0,1.0,0.0
status_swapped,2030-01-15 02:00:00,Trillick wind,Trillick,priority,18.12205317212462,18.12205317212462,0.0,1.0,0.0
status_swapped,2030-01-15 03:00:00,Trillick wind,Trillick,priority,18.633519938690924,18.633519938690924,0.0,1.0,0.0
status_swapped,2030-01-15 04:00:00,Trillick wind,Trillick,priority,20.29796044438077,20.29796044438077,0.0,1.0,0.0
status_swapped,2030-01-15 05:00:00,Trillick wind,Trillick,priority,16.12240201601299,16.12240201601299,0.0,1.0,0.0
status_swapped,2030-01-14 06:00:00,Tievebrack wind,Tievebrack,priority,22.908401330875424,22.908401330875424,0.0,1.0,0.0
status_swapped,2030-01-14 07:00:00,Tievebrack wind,Tievebrack,priority,24.632119683754777,24.632119683754777,0.0,1.0,0.0
status_swapped,2030-01-14 08:00:00,Tievebrack wind,Tievebrack,priority,25.01808194518203,25.01808194518203,0.0,1.0,0.0
status_swapped,2030-01-14 09:00:00,Tievebrack wind,Tievebrack,priority,26.78235155267537,26.78235155267537,0.0,1.0,0.0
status_swapped,2030-01-14 10:00:00,Tievebrack wind,Tievebrack,priority,26.752202754374046,26.752202754374046,0.0,1.0,0.0
status_swapped,2030-01-14 11:00:00,Tievebrack wind,Tievebrack,priority,26.90314095334458,26.90314095334458,0.0,1.0,0.0
status_swapped,2030-01-14 12:00:00,Tievebrack wind,Tievebrack,priority,24.109784007653495,24.109784007653495,0.0,1.0,0.0
status_swapped,2030-01-14 13:00:00,Tievebrack wind,Tievebrack,priority,24.029552855336576,24.029552855336576,0.0,1.0,0.0
status_swapped,2030-01-14 14:00:00,Tievebrack wind,Tievebrack,priority,19.378318284957874,19.378318284957874,0.0,1.0,0.0
status_swapped,2030-01-14 15:00:00,Tievebrack wind,Tievebrack,priority,26.183943377833355,26.183943377833355,0.0,1.0,0.0
status_swapped,2030-01-14 16:00:00,Tievebrack wind,Tievebrack,priority,23.17530116883002,23.17530116883002,0.0,1.0,0.0
status_swapped,2030-01-14 17:00:00,Tievebrack wind,Tievebrack,priority,26.009972239751125,26.009972239751125,0.0,1.0,0.0
status_swapped,2030-01-14 18:00:00,Tievebrack wind,Tievebrack,priority,22.584455632003788,22.584455632003788,0.0,1.0,0.0
status_swapped,2030-01-14 19:00:00,Tievebrack wind,Tievebrack,priority,22.960275733843226,22.960275733843226,0.0,1.0,0.0
status_swapped,2030-01-14 20:00:00,Tievebrack wind,Tievebrack,priority,16.318130280025226,16.318130280025226,0.0,1.0,0.0
status_swapped,2030-01-14 21:00:00,Tievebrack wind,Tievebrack,priority,17.893693138183508,17.893693138183508,0.0,1.0,0.0
status_swapped,2030-01-14 22:00:00,Tievebrack wind,Tievebrack,priority,13.534487156275423,13.534487156275423,0.0,1.0,0.0
status_swapped,2030-01-14 23:00:00,Tievebrack wind,Tievebrack,priority,20.332279045054594,20.332279045054594,0.0,1.0,0.0
status_swapped,2030-01-15 00:00:00,Tievebrack wind,Tievebrack,priority,23.277638304624805,23.277638304624805,0.0,1.0,0.0
status_swapped,2030-01-15 01:00:00,Tievebrack wind,Tievebrack,priority,26.03254988925109,26.03254988925109,0.0,1.0,0.0
status_swapped,2030-01-15 02:00:00,Tievebrack wind,Tievebrack,priority,25.821671463898564,25.821671463898564,0.0,1.0,0.0
status_swapped,2030-01-15 03:00:00,Tievebrack wind,Tievebrack,priority,26.85090877560257,26.85090877560257,0.0,1.0,0.0
status_swapped,2030-01-15 04:00:00,Tievebrack wind,Tievebrack,priority,26.877928225406777,26.877928225406777,0.0,1.0,0.0
status_swapped,2030-01-15 05:00:00,Tievebrack wind,Tievebrack,priority,26.733296306950407,26.733296306950407,0.0,1.0,0.0
status_swapped,2030-01-14 06:00:00,Ardnagappary wind,Ardnagappary,non_priority,6.537031392376762,6.537031392376762,0.0,1.0,0.0
status_swapped,2030-01-14 07:00:00,Ardnagappary wind,Ardnagappary,non_priority,8.72360521011195,8.72360521011195,0.0,1.0,0.0
status_swapped,2030-01-14 08:00:00,Ardnagappary wind,Ardnagappary,non_priority,10.149300961964267,10.149300961964267,0.0,1.0,0.0
status_swapped,2030-01-14 09:00:00,Ardnagappary wind,Ardnagappary,non_priority,15.264254859517026,15.264254859517026,0.0,1.0,0.0
status_swapped,2030-01-14 10:00:00,Ardnagappary wind,Ardnagappary,non_priority,15.59986947017423,15.59986947017423,0.0,1.0,0.0
status_swapped,2030-01-14 11:00:00,Ardnagappary wind,Ardnagappary,non_priority,18.949626838774176,18.949626838774176,0.0,1.0,0.0
status_swapped,2030-01-14 12:00:00,Ardnagappary wind,Ardnagappary,non_priority,8.926854703258773,8.926854703258773,0.0,1.0,0.0
status_swapped,2030-01-14 13:00:00,Ardnagappary wind,Ardnagappary,non_priority,8.171915846519298,8.171915846519298,0.0,1.0,0.0
status_swapped,2030-01-14 14:00:00,Ardnagappary wind,Ardnagappary,non_priority,6.721109657901389,6.721109657901389,0.0,1.0,0.0
status_swapped,2030-01-14 15:00:00,Ardnagappary wind,Ardnagappary,non_priority,10.974512710872498,10.974512710872498,0.0,1.0,0.0
status_swapped,2030-01-14 16:00:00,Ardnagappary wind,Ardnagappary,non_priority,7.24027131493665,7.24027131493665,0.0,1.0,0.0
status_swapped,2030-01-14 17:00:00,Ardnagappary wind,Ardnagappary,non_priority,9.922983052024193,9.922983052024193,0.0,1.0,0.0
status_swapped,2030-01-14 18:00:00,Ardnagappary wind,Ardnagappary,non_priority,7.226284570827453,7.226284570827453,0.0,1.0,0.0
status_swapped,2030-01-14 19:00:00,Ardnagappary wind,Ardnagappary,non_priority,9.083114545348463,9.083114545348463,0.0,1.0,0.0
status_swapped,2030-01-14 20:00:00,Ardnagappary wind,Ardnagappary,non_priority,6.102653435855914,6.102653435855914,0.0,1.0,0.0
status_swapped,2030-01-14 21:00:00,Ardnagappary wind,Ardnagappary,non_priority,10.648010494049585,10.648010494049585,0.0,1.0,0.0
status_swapped,2030-01-14 22:00:00,Ardnagappary wind,Ardnagappary,non_priority,7.553182610698592,7.553182610698592,0.0,1.0,0.0
status_swapped,2030-01-14 23:00:00,Ardnagappary wind,Ardnagappary,non_priority,10.54871531246997,10.54871531246997,0.0,1.0,0.0
status_swapped,2030-01-15 00:00:00,Ardnagappary wind,Ardnagappary,non_priority,13.773518746655606,13.773518746655606,0.0,1.0,0.0
status_swapped,2030-01-15 01:00:00,Ardnagappary wind,Ardnagappary,non_priority,16.503804883752125,16.503804883752125,0.0,1.0,0.0
status_swapped,2030-01-15 02:00:00,Ardnagappary wind,Ardnagappary,non_priority,15.28901105438842,15.28901105438842,0.0,1.0,0.0
status_swapped,2030-01-15 03:00:00,Ardnagappary wind,Ardnagappary,non_priority,18.700598387726814,18.700598387726814,0.0,1.0,0.0
status_swapped,2030-01-15 04:00:00,Ardnagappary wind,Ardnagappary,non_priority,18.428029316015525,18.428029316015525,0.0,1.0,0.0
status_swapped,2030-01-15 05:00:00,Ardnagappary wind,Ardnagappary,non_priority,16.590172413371633,16.590172413371633,0.0,1.0,0.0
network_neutral_dlr,2030-01-14 06:00:00,Moy wind,Moy,non_priority,2.593172695583545,2.593172695583545,0.0,1.0,0.0
network_neutral_dlr,2030-01-14 07:00:00,Moy wind,Moy,non_priority,6.114057821370654,6.114057821370654,0.0,1.0,0.0
network_neutral_dlr,2030-01-14 08:00:00,Moy wind,Moy,non_priority,5.270951042751047,5.270951042751047,0.0,1.0,0.0
network_neutral_dlr,2030-01-14 09:00:00,Moy wind,Moy,non_priority,11.047560087227543,11.047560087227543,0.0,1.0,0.0
network_neutral_dlr,2030-01-14 10:00:00,Moy wind,Moy,non_priority,12.148773043499407,12.148773043499407,0.0,1.0,0.0
network_neutral_dlr,2030-01-14 11:00:00,Moy wind,Moy,non_priority,17.131255387700786,17.131255387700786,0.0,1.0,0.0
network_neutral_dlr,2030-01-14 12:00:00,Moy wind,Moy,non_priority,4.658483868443723,4.658483868443723,0.0,1.0,0.0
network_neutral_dlr,2030-01-14 13:00:00,Moy wind,Moy,non_priority,3.8256639721185137,3.8256639721185137,0.0,1.0,0.0
network_neutral_dlr,2030-01-14 14:00:00,Moy wind,Moy,non_priority,3.3605464756831065,3.3605464756831065,0.0,1.0,0.0
network_neutral_dlr,2030-01-14 15:00:00,Moy wind,Moy,non_priority,11.730051014997986,11.730051014997986,0.0,1.0,0.0
network_neutral_dlr,2030-01-14 16:00:00,Moy wind,Moy,non_priority,11.795881522163766,11.795881522163766,0.0,1.0,0.0
network_neutral_dlr,2030-01-14 17:00:00,Moy wind,Moy,non_priority,17.165011510422797,17.165011510422797,0.0,1.0,0.0
network_neutral_dlr,2030-01-14 18:00:00,Moy wind,Moy,non_priority,12.582531697636798,12.582531697636798,0.0,1.0,0.0
network_neutral_dlr,2030-01-14 19:00:00,Moy wind,Moy,non_priority,10.434839390200098,10.434839390200098,0.0,1.0,0.0
network_neutral_dlr,2030-01-14 20:00:00,Moy wind,Moy,non_priority,7.535971975801032,7.535971975801032,0.0,1.0,0.0
network_neutral_dlr,2030-01-14 21:00:00,Moy wind,Moy,non_priority,6.48874475138805,6.48874475138805,0.0,1.0,0.0
network_neutral_dlr,2030-01-14 22:00:00,Moy wind,Moy,non_priority,6.056832557293562,6.056832557293562,0.0,1.0,0.0
network_neutral_dlr,2030-01-14 23:00:00,Moy wind,Moy,non_priority,11.844557453997908,11.844557453997908,0.0,1.0,0.0
network_neutral_dlr,2030-01-15 00:00:00,Moy wind,Moy,non_priority,16.84478027321001,16.84478027321001,0.0,1.0,0.0
network_neutral_dlr,2030-01-15 01:00:00,Moy wind,Moy,non_priority,17.031689988566228,17.031689988566228,0.0,1.0,0.0
network_neutral_dlr,2030-01-15 02:00:00,Moy wind,Moy,non_priority,19.69017615595648,19.69017615595648,0.0,1.0,0.0
network_neutral_dlr,2030-01-15 03:00:00,Moy wind,Moy,non_priority,25.24151902397247,25.24151902397247,0.0,1.0,0.0
network_neutral_dlr,2030-01-15 04:00:00,Moy wind,Moy,non_priority,26.654513720062518,26.654513720062518,0.0,1.0,0.0
network_neutral_dlr,2030-01-15 05:00:00,Moy wind,Moy,non_priority,24.845417841943814,24.845417841943814,0.0,1.0,0.0
network_neutral_dlr,2030-01-14 06:00:00,Corderry wind,Corderry,non_priority,109.18998553324215,109.18998553324215,0.0,1.0,0.0
network_neutral_dlr,2030-01-14 07:00:00,Corderry wind,Corderry,non_priority,124.04904390361418,124.04904390361418,0.0,1.0,0.0
network_neutral_dlr,2030-01-14 08:00:00,Corderry wind,Corderry,non_priority,127.16807522007277,127.16807522007277,0.0,1.0,0.0
network_neutral_dlr,2030-01-14 09:00:00,Corderry wind,Corderry,non_priority,139.4926359507872,139.4926359507872,0.0,1.0,0.0
network_neutral_dlr,2030-01-14 10:00:00,Corderry wind,Corderry,non_priority,135.01007430737516,135.01007430737516,0.0,1.0,0.0
network_neutral_dlr,2030-01-14 11:00:00,Corderry wind,Corderry,non_priority,141.64410029188454,141.64410029188454,0.0,1.0,0.0
network_neutral_dlr,2030-01-14 12:00:00,Corderry wind,Corderry,non_priority,70.91670372649402,70.91670372649402,0.0,1.0,0.0
network_neutral_dlr,2030-01-14 13:00:00,Corderry wind,Corderry,non_priority,77.36105898757765,77.36105898757765,0.0,1.0,0.0
network_neutral_dlr,2030-01-14 14:00:00,Corderry wind,Corderry,non_priority,58.399078749559884,58.399078749559884,0.0,1.0,0.0
network_neutral_dlr,2030-01-14 15:00:00,Corderry wind,Corderry,non_priority,114.3265881204338,114.3265881204338,0.0,1.0,0.0
network_neutral_dlr,2030-01-14 16:00:00,Corderry wind,Corderry,non_priority,114.32190495874521,114.32190495874521,0.0,1.0,0.0
network_neutral_dlr,2030-01-14 17:00:00,Corderry wind,Corderry,non_priority,130.68539278848567,130.68539278848567,0.0,1.0,0.0
network_neutral_dlr,2030-01-14 18:00:00,Corderry wind,Corderry,non_priority,123.62496426693043,123.62496426693043,0.0,1.0,0.0
network_neutral_dlr,2030-01-14 19:00:00,Corderry wind,Corderry,non_priority,129.38811014672575,129.38811014672575,0.0,1.0,0.0
network_neutral_dlr,2030-01-14 20:00:00,Corderry wind,Corderry,non_priority,107.15736714810981,107.15736714810981,0.0,1.0,0.0
network_neutral_dlr,2030-01-14 21:00:00,Corderry wind,Corderry,non_priority,103.20897745243617,103.20897745243617,0.0,1.0,0.0
network_neutral_dlr,2030-01-14 22:00:00,Corderry wind,Corderry,non_priority,93.69717539953162,93.69717539953162,0.0,1.0,0.0
network_neutral_dlr,2030-01-14 23:00:00,Corderry wind,Corderry,non_priority,133.85053269089317,133.85053269089317,0.0,1.0,0.0
network_neutral_dlr,2030-01-15 00:00:00,Corderry wind,Corderry,non_priority,141.14300495181024,141.14300495181024,0.0,1.0,0.0
network_neutral_dlr,2030-01-15 01:00:00,Corderry wind,Corderry,non_priority,140.56431956534695,140.56431956534695,0.0,1.0,0.0
network_neutral_dlr,2030-01-15 02:00:00,Corderry wind,Corderry,non_priority,141.13824325194327,141.13824325194327,0.0,1.0,0.0
network_neutral_dlr,2030-01-15 03:00:00,Corderry wind,Corderry,non_priority,144.37255644843933,144.37255644843933,0.0,1.0,0.0
network_neutral_dlr,2030-01-15 04:00:00,Corderry wind,Corderry,non_priority,145.18409530000204,145.18409530000204,0.0,1.0,0.0
network_neutral_dlr,2030-01-15 05:00:00,Corderry wind,Corderry,non_priority,144.8058468775338,144.8058468775338,0.0,1.0,0.0
network_neutral_dlr,2030-01-14 06:00:00,Clogher wind,Clogher,non_priority,42.777412940048,42.777412940048,0.0,1.0,0.0
network_neutral_dlr,2030-01-14 07:00:00,Clogher wind,Clogher,non_priority,60.76288343715855,60.76288343715855,0.0,1.0,0.0
network_neutral_dlr,2030-01-14 08:00:00,Clogher wind,Clogher,non_priority,67.18412702270814,67.18412702270814,0.0,1.0,0.0
network_neutral_dlr,2030-01-14 09:00:00,Clogher wind,Clogher,non_priority,81.33879457250146,81.33879457250146,0.0,1.0,0.0
network_neutral_dlr,2030-01-14 10:00:00,Clogher wind,Clogher,non_priority,77.21405426402154,77.21405426402154,0.0,1.0,0.0
network_neutral_dlr,2030-01-14 11:00:00,Clogher wind,Clogher,non_priority,85.21729061690063,32.548809828618374,52.66848078828225,1.0,52.66848078828225
network_neutral_dlr,2030-01-14 12:00:00,Clogher wind,Clogher,non_priority,49.48052213951951,49.48052213951951,0.0,1.0,0.0
network_neutral_dlr,2030-01-14 13:00:00,Clogher wind,Clogher,non_priority,51.638035750903455,51.638035750903455,0.0,1.0,0.0
network_neutral_dlr,2030-01-14 14:00:00,Clogher wind,Clogher,non_priority,37.187172638582894,37.187172638582894,0.0,1.0,0.0
network_neutral_dlr,2030-01-14 15:00:00,Clogher wind,Clogher,non_priority,69.26540585480646,69.26540585480646,0.0,1.0,0.0
network_neutral_dlr,2030-01-14 16:00:00,Clogher wind,Clogher,non_priority,55.39880037978344,55.39880037978344,0.0,1.0,0.0
network_neutral_dlr,2030-01-14 17:00:00,Clogher wind,Clogher,non_priority,62.19490758124122,62.19490758124122,0.0,1.0,0.0
network_neutral_dlr,2030-01-14 18:00:00,Clogher wind,Clogher,non_priority,43.34487533972401,43.34487533972401,0.0,1.0,0.0
network_neutral_dlr,2030-01-14 19:00:00,Clogher wind,Clogher,non_priority,48.39564432179324,48.39564432179324,0.0,1.0,0.0
network_neutral_dlr,2030-01-14 20:00:00,Clogher wind,Clogher,non_priority,31.966564719302507,31.966564719302507,0.0,1.0,0.0
network_neutral_dlr,2030-01-14 21:00:00,Clogher wind,Clogher,non_priority,38.889675348853174,38.889675348853174,0.0,1.0,0.0
network_neutral_dlr,2030-01-14 22:00:00,Clogher wind,Clogher,non_priority,35.58434633299686,35.58434633299686,0.0,1.0,0.0
network_neutral_dlr,2030-01-14 23:00:00,Clogher wind,Clogher,non_priority,58.87107002137579,58.87107002137579,0.0,1.0,0.0
network_neutral_dlr,2030-01-15 00:00:00,Clogher wind,Clogher,non_priority,75.50391688974878,75.50391688974878,0.0,1.0,0.0
network_neutral_dlr,2030-01-15 01:00:00,Clogher wind,Clogher,non_priority,80.0748115958686,80.0748115958686,0.0,1.0,0.0
network_neutral_dlr,2030-01-15 02:00:00,Clogher wind,Clogher,non_priority,77.65583005667271,77.65583005667271,0.0,1.0,0.0
network_neutral_dlr,2030-01-15 03:00:00,Clogher wind,Clogher,non_priority,85.71073476382608,85.71073476382608,0.0,1.0,0.0
network_neutral_dlr,2030-01-15 04:00:00,Clogher wind,Clogher,non_priority,86.25240884037296,16.500498357439028,69.75191048293394,1.0,69.75191048293394
network_neutral_dlr,2030-01-15 05:00:00,Clogher wind,Clogher,non_priority,84.9218479777445,57.81885647481192,27.102991502932582,1.0,27.102991502932582
network_neutral_dlr,2030-01-14 06:00:00,Croaghonagh wind,Croaghonagh,priority,60.60677741735044,60.60677741735044,0.0,1.0,0.0
network_neutral_dlr,2030-01-14 07:00:00,Croaghonagh wind,Croaghonagh,priority,86.08848218272233,86.08848218272233,0.0,1.0,0.0
network_neutral_dlr,2030-01-14 08:00:00,Croaghonagh wind,Croaghonagh,priority,95.1860608810277,95.1860608810277,0.0,1.0,0.0
network_neutral_dlr,2030-01-14 09:00:00,Croaghonagh wind,Croaghonagh,priority,115.24030742485701,115.24030742485701,0.0,1.0,0.0
network_neutral_dlr,2030-01-14 10:00:00,Croaghonagh wind,Croaghonagh,priority,109.39640054505645,109.39640054505645,0.0,1.0,0.0
network_neutral_dlr,2030-01-14 11:00:00,Croaghonagh wind,Croaghonagh,priority,120.73533693508975,120.73533693508975,0.0,1.0,0.0
network_neutral_dlr,2030-01-14 12:00:00,Croaghonagh wind,Croaghonagh,priority,70.10370159614367,70.10370159614367,0.0,1.0,0.0
network_neutral_dlr,2030-01-14 13:00:00,Croaghonagh wind,Croaghonagh,priority,73.1604537050968,73.1604537050968,0.0,1.0,0.0
network_neutral_dlr,2030-01-14 14:00:00,Croaghonagh wind,Croaghonagh,priority,52.68655909710675,52.68655909710675,0.0,1.0,0.0
network_neutral_dlr,2030-01-14 15:00:00,Croaghonagh wind,Croaghonagh,priority,98.13480402024487,98.13480402024487,0.0,1.0,0.0
network_neutral_dlr,2030-01-14 16:00:00,Croaghonagh wind,Croaghonagh,priority,78.48868206479241,78.48868206479241,0.0,1.0,0.0
network_neutral_dlr,2030-01-14 17:00:00,Croaghonagh wind,Croaghonagh,priority,88.11736524487304,88.11736524487304,0.0,1.0,0.0
network_neutral_dlr,2030-01-14 18:00:00,Croaghonagh wind,Croaghonagh,priority,61.410754679792184,61.410754679792184,0.0,1.0,0.0
network_neutral_dlr,2030-01-14 19:00:00,Croaghonagh wind,Croaghonagh,priority,68.56665332919714,68.56665332919714,0.0,1.0,0.0
network_neutral_dlr,2030-01-14 20:00:00,Croaghonagh wind,Croaghonagh,priority,45.29003367864538,45.29003367864538,0.0,1.0,0.0
network_neutral_dlr,2030-01-14 21:00:00,Croaghonagh wind,Croaghonagh,priority,55.09865454005457,55.09865454005457,0.0,1.0,0.0
network_neutral_dlr,2030-01-14 22:00:00,Croaghonagh wind,Croaghonagh,priority,50.41568457560471,50.41568457560471,0.0,1.0,0.0
network_neutral_dlr,2030-01-14 23:00:00,Croaghonagh wind,Croaghonagh,priority,83.40817248830035,83.40817248830035,0.0,1.0,0.0
network_neutral_dlr,2030-01-15 00:00:00,Croaghonagh wind,Croaghonagh,priority,106.97348835677384,106.97348835677384,0.0,1.0,0.0
network_neutral_dlr,2030-01-15 01:00:00,Croaghonagh wind,Croaghonagh,priority,113.4495040625436,113.4495040625436,0.0,1.0,0.0
network_neutral_dlr,2030-01-15 02:00:00,Croaghonagh wind,Croaghonagh,priority,110.0223057902172,110.0223057902172,0.0,1.0,0.0
network_neutral_dlr,2030-01-15 03:00:00,Croaghonagh wind,Croaghonagh,priority,121.43444558905436,121.43444558905436,0.0,1.0,0.0
network_neutral_dlr,2030-01-15 04:00:00,Croaghonagh wind,Croaghonagh,priority,122.20188611277268,122.20188611277268,0.0,1.0,0.0
network_neutral_dlr,2030-01-15 05:00:00,Croaghonagh wind,Croaghonagh,priority,120.31675560816319,120.31675560816319,0.0,1.0,0.0
network_neutral_dlr,2030-01-14 06:00:00,Cathaleen's Fall wind,Cathaleen's Fall,non_priority,17.06558185622301,17.06558185622301,0.0,1.0,0.0
network_neutral_dlr,2030-01-14 07:00:00,Cathaleen's Fall wind,Cathaleen's Fall,non_priority,26.304759535586047,26.304759535586047,0.0,1.0,0.0
network_neutral_dlr,2030-01-14 08:00:00,Cathaleen's Fall wind,Cathaleen's Fall,non_priority,24.23859938806136,24.23859938806136,0.0,1.0,0.0
network_neutral_dlr,2030-01-14 09:00:00,Cathaleen's Fall wind,Cathaleen's Fall,non_priority,36.34494154341771,36.34494154341771,0.0,1.0,0.0
network_neutral_dlr,2030-01-14 10:00:00,Cathaleen's Fall wind,Cathaleen's Fall,non_priority,29.489785468172506,29.489785468172506,0.0,1.0,0.0
network_neutral_dlr,2030-01-14 11:00:00,Cathaleen's Fall wind,Cathaleen's Fall,non_priority,39.321313680305025,39.321313680305025,0.0,1.0,0.0
network_neutral_dlr,2030-01-14 12:00:00,Cathaleen's Fall wind,Cathaleen's Fall,non_priority,15.706680713950725,15.706680713950725,0.0,1.0,0.0
network_neutral_dlr,2030-01-14 13:00:00,Cathaleen's Fall wind,Cathaleen's Fall,non_priority,14.539649719899293,14.539649719899293,0.0,1.0,0.0
network_neutral_dlr,2030-01-14 14:00:00,Cathaleen's Fall wind,Cathaleen's Fall,non_priority,10.564756953698785,10.564756953698785,0.0,1.0,0.0
network_neutral_dlr,2030-01-14 15:00:00,Cathaleen's Fall wind,Cathaleen's Fall,non_priority,27.739610281089035,27.739610281089035,0.0,1.0,0.0
network_neutral_dlr,2030-01-14 16:00:00,Cathaleen's Fall wind,Cathaleen's Fall,non_priority,22.419011738394744,22.419011738394744,0.0,1.0,0.0
network_neutral_dlr,2030-01-14 17:00:00,Cathaleen's Fall wind,Cathaleen's Fall,non_priority,27.211724313121177,27.211724313121177,0.0,1.0,0.0
network_neutral_dlr,2030-01-14 18:00:00,Cathaleen's Fall wind,Cathaleen's Fall,non_priority,17.750736656380095,17.750736656380095,0.0,1.0,0.0
network_neutral_dlr,2030-01-14 19:00:00,Cathaleen's Fall wind,Cathaleen's Fall,non_priority,17.284857015848406,17.284857015848406,0.0,1.0,0.0
network_neutral_dlr,2030-01-14 20:00:00,Cathaleen's Fall wind,Cathaleen's Fall,non_priority,9.507682135137717,9.507682135137717,0.0,1.0,0.0
network_neutral_dlr,2030-01-14 21:00:00,Cathaleen's Fall wind,Cathaleen's Fall,non_priority,11.369642214530684,11.369642214530684,0.0,1.0,0.0
network_neutral_dlr,2030-01-14 22:00:00,Cathaleen's Fall wind,Cathaleen's Fall,non_priority,9.743806337172176,9.743806337172176,0.0,1.0,0.0
network_neutral_dlr,2030-01-14 23:00:00,Cathaleen's Fall wind,Cathaleen's Fall,non_priority,21.307781543056603,21.307781543056603,0.0,1.0,0.0
network_neutral_dlr,2030-01-15 00:00:00,Cathaleen's Fall wind,Cathaleen's Fall,non_priority,32.19113877114846,32.19113877114846,0.0,1.0,0.0
network_neutral_dlr,2030-01-15 01:00:00,Cathaleen's Fall wind,Cathaleen's Fall,non_priority,38.42894162702094,38.42894162702094,0.0,1.0,0.0
network_neutral_dlr,2030-01-15 02:00:00,Cathaleen's Fall wind,Cathaleen's Fall,non_priority,35.846927229215495,35.846927229215495,0.0,1.0,0.0
network_neutral_dlr,2030-01-15 03:00:00,Cathaleen's Fall wind,Cathaleen's Fall,non_priority,41.546809570875624,41.546809570875624,0.0,1.0,0.0
network_neutral_dlr,2030-01-15 04:00:00,Cathaleen's Fall wind,Cathaleen's Fall,non_priority,47.323157797847365,47.323157797847365,0.0,1.0,0.0
network_neutral_dlr,2030-01-15 05:00:00,Cathaleen's Fall wind,Cathaleen's Fall,non_priority,43.17287437069037,43.17287437069037,0.0,1.0,0.0
network_neutral_dlr,2030-01-14 06:00:00,Binbane wind,Binbane,priority,27.333477679526855,27.333477679526855,0.0,1.0,0.0
network_neutral_dlr,2030-01-14 07:00:00,Binbane wind,Binbane,priority,40.469785835837996,40.469785835837996,0.0,1.0,0.0
network_neutral_dlr,2030-01-14 08:00:00,Binbane wind,Binbane,priority,36.70707660023346,36.70707660023346,0.0,1.0,0.0
network_neutral_dlr,2030-01-14 09:00:00,Binbane wind,Binbane,priority,51.186830544962504,51.186830544962504,0.0,1.0,0.0
network_neutral_dlr,2030-01-14 10:00:00,Binbane wind,Binbane,priority,42.91659071428766,42.91659071428766,0.0,1.0,0.0
network_neutral_dlr,2030-01-14 11:00:00,Binbane wind,Binbane,priority,63.98673960527397,63.98673960527397,0.0,1.0,0.0
network_neutral_dlr,2030-01-14 12:00:00,Binbane wind,Binbane,priority,23.011907571189607,23.011907571189607,0.0,1.0,0.0
network_neutral_dlr,2030-01-14 13:00:00,Binbane wind,Binbane,priority,21.688537448160083,21.688537448160083,0.0,1.0,0.0
network_neutral_dlr,2030-01-14 14:00:00,Binbane wind,Binbane,priority,16.284695479956607,16.284695479956607,0.0,1.0,0.0
network_neutral_dlr,2030-01-14 15:00:00,Binbane wind,Binbane,priority,39.94938853608373,39.94938853608373,0.0,1.0,0.0
network_neutral_dlr,2030-01-14 16:00:00,Binbane wind,Binbane,priority,28.084089579661878,28.084089579661878,0.0,1.0,0.0
network_neutral_dlr,2030-01-14 17:00:00,Binbane wind,Binbane,priority,41.393664095373595,41.393664095373595,0.0,1.0,0.0
network_neutral_dlr,2030-01-14 18:00:00,Binbane wind,Binbane,priority,29.074289475122907,29.074289475122907,0.0,1.0,0.0
network_neutral_dlr,2030-01-14 19:00:00,Binbane wind,Binbane,priority,29.04238105857128,29.04238105857128,0.0,1.0,0.0
network_neutral_dlr,2030-01-14 20:00:00,Binbane wind,Binbane,priority,19.413518451735037,19.413518451735037,0.0,1.0,0.0
network_neutral_dlr,2030-01-14 21:00:00,Binbane wind,Binbane,priority,26.696061520537143,26.696061520537143,0.0,1.0,0.0
network_neutral_dlr,2030-01-14 22:00:00,Binbane wind,Binbane,priority,17.749052184528963,17.749052184528963,0.0,1.0,0.0
network_neutral_dlr,2030-01-14 23:00:00,Binbane wind,Binbane,priority,32.72658015748152,32.72658015748152,0.0,1.0,0.0
network_neutral_dlr,2030-01-15 00:00:00,Binbane wind,Binbane,priority,50.90798289996044,50.90798289996044,0.0,1.0,0.0
network_neutral_dlr,2030-01-15 01:00:00,Binbane wind,Binbane,priority,57.86229967351554,57.86229967351554,0.0,1.0,0.0
network_neutral_dlr,2030-01-15 02:00:00,Binbane wind,Binbane,priority,60.96108599102347,60.96108599102347,0.0,1.0,0.0
network_neutral_dlr,2030-01-15 03:00:00,Binbane wind,Binbane,priority,73.4863184329048,73.4863184329048,0.0,1.0,0.0
network_neutral_dlr,2030-01-15 04:00:00,Binbane wind,Binbane,priority,73.9618363594108,73.9618363594108,0.0,1.0,0.0
network_neutral_dlr,2030-01-15 05:00:00,Binbane wind,Binbane,priority,67.17722828811425,67.17722828811425,0.0,1.0,0.0
network_neutral_dlr,2030-01-14 06:00:00,Letterkenny wind,Letterkenny,non_priority,41.830722718593194,41.830722718593194,0.0,1.0,0.0
network_neutral_dlr,2030-01-14 07:00:00,Letterkenny wind,Letterkenny,non_priority,63.57712569629948,63.57712569629948,0.0,1.0,0.0
network_neutral_dlr,2030-01-14 08:00:00,Letterkenny wind,Letterkenny,non_priority,64.66630719678498,64.66630719678498,0.0,1.0,0.0
network_neutral_dlr,2030-01-14 09:00:00,Letterkenny wind,Letterkenny,non_priority,70.40660848889743,70.40660848889743,0.0,1.0,0.0
network_neutral_dlr,2030-01-14 10:00:00,Letterkenny wind,Letterkenny,non_priority,66.90938286861449,66.90938286861449,0.0,1.0,0.0
network_neutral_dlr,2030-01-14 11:00:00,Letterkenny wind,Letterkenny,non_priority,72.9178849325516,72.9178849325516,0.0,1.0,0.0
network_neutral_dlr,2030-01-14 12:00:00,Letterkenny wind,Letterkenny,non_priority,45.80196408108124,45.80196408108124,0.0,1.0,0.0
network_neutral_dlr,2030-01-14 13:00:00,Letterkenny wind,Letterkenny,non_priority,38.75208102584755,38.75208102584755,0.0,1.0,0.0
network_neutral_dlr,2030-01-14 14:00:00,Letterkenny wind,Letterkenny,non_priority,27.804403633009798,27.804403633009798,0.0,1.0,0.0
network_neutral_dlr,2030-01-14 15:00:00,Letterkenny wind,Letterkenny,non_priority,53.218544472903446,53.218544472903446,0.0,1.0,0.0
network_neutral_dlr,2030-01-14 16:00:00,Letterkenny wind,Letterkenny,non_priority,44.314804914683855,44.314804914683855,0.0,1.0,0.0
network_neutral_dlr,2030-01-14 17:00:00,Letterkenny wind,Letterkenny,non_priority,50.45340837765898,50.45340837765898,0.0,1.0,0.0
network_neutral_dlr,2030-01-14 18:00:00,Letterkenny wind,Letterkenny,non_priority,42.00655042792764,42.00655042792764,0.0,1.0,0.0
network_neutral_dlr,2030-01-14 19:00:00,Letterkenny wind,Letterkenny,non_priority,48.328192035092485,48.328192035092485,0.0,1.0,0.0
network_neutral_dlr,2030-01-14 20:00:00,Letterkenny wind,Letterkenny,non_priority,33.13878633764136,33.13878633764136,0.0,1.0,0.0
network_neutral_dlr,2030-01-14 21:00:00,Letterkenny wind,Letterkenny,non_priority,34.82535731465508,34.82535731465508,0.0,1.0,0.0
network_neutral_dlr,2030-01-14 22:00:00,Letterkenny wind,Letterkenny,non_priority,29.77431323852741,29.77431323852741,0.0,1.0,0.0
network_neutral_dlr,2030-01-14 23:00:00,Letterkenny wind,Letterkenny,non_priority,51.553512231645605,51.553512231645605,0.0,1.0,0.0
network_neutral_dlr,2030-01-15 00:00:00,Letterkenny wind,Letterkenny,non_priority,70.85855889896892,70.85855889896892,0.0,1.0,0.0
network_neutral_dlr,2030-01-15 01:00:00,Letterkenny wind,Letterkenny,non_priority,75.1384254918753,75.1384254918753,0.0,1.0,0.0
network_neutral_dlr,2030-01-15 02:00:00,Letterkenny wind,Letterkenny,non_priority,75.13788026194989,75.13788026194989,0.0,1.0,0.0
network_neutral_dlr,2030-01-15 03:00:00,Letterkenny wind,Letterkenny,non_priority,80.17408608066965,30.343016842174684,49.83106923849497,1.0,49.83106923849497
network_neutral_dlr,2030-01-15 04:00:00,Letterkenny wind,Letterkenny,non_priority,79.52967447348547,79.52967447348547,0.0,1.0,0.0
network_neutral_dlr,2030-01-15 05:00:00,Letterkenny wind,Letterkenny,non_priority,77.21798476078645,77.21798476078645,0.0,1.0,0.0
network_neutral_dlr,2030-01-14 06:00:00,Drumkeen wind,Drumkeen,priority,34.55542716559042,34.55542716559042,0.0,1.0,0.0
network_neutral_dlr,2030-01-14 07:00:00,Drumkeen wind,Drumkeen,priority,50.975069607586114,50.975069607586114,0.0,1.0,0.0
network_neutral_dlr,2030-01-14 08:00:00,Drumkeen wind,Drumkeen,priority,51.11248966928623,51.11248966928623,0.0,1.0,0.0
network_neutral_dlr,2030-01-14 09:00:00,Drumkeen wind,Drumkeen,priority,60.53250673787193,47.43077181758877,13.101734920283157,1.0,13.101734920283157
network_neutral_dlr,2030-01-14 10:00:00,Drumkeen wind,Drumkeen,priority,56.04454036594005,56.04454036594005,0.0,1.0,0.0
network_neutral_dlr,2030-01-14 11:00:00,Drumkeen wind,Drumkeen,priority,64.6895731803692,64.6895731803692,0.0,1.0,0.0
network_neutral_dlr,2030-01-14 12:00:00,Drumkeen wind,Drumkeen,priority,33.79557917796294,33.79557917796294,0.0,1.0,0.0
network_neutral_dlr,2030-01-14 13:00:00,Drumkeen wind,Drumkeen,priority,30.68441183088882,30.68441183088882,0.0,1.0,0.0
network_neutral_dlr,2030-01-14 14:00:00,Drumkeen wind,Drumkeen,priority,26.81721823025692,26.81721823025692,0.0,1.0,0.0
network_neutral_dlr,2030-01-14 15:00:00,Drumkeen wind,Drumkeen,priority,57.38530526180425,57.38530526180425,0.0,1.0,0.0
network_neutral_dlr,2030-01-14 16:00:00,Drumkeen wind,Drumkeen,priority,47.52733071606942,47.52733071606942,0.0,1.0,0.0
network_neutral_dlr,2030-01-14 17:00:00,Drumkeen wind,Drumkeen,priority,54.65476115411948,54.65476115411948,0.0,1.0,0.0
network_neutral_dlr,2030-01-14 18:00:00,Drumkeen wind,Drumkeen,priority,44.28009416682733,44.28009416682733,0.0,1.0,0.0
network_neutral_dlr,2030-01-14 19:00:00,Drumkeen wind,Drumkeen,priority,46.02952584477828,46.02952584477828,0.0,1.0,0.0
network_neutral_dlr,2030-01-14 20:00:00,Drumkeen wind,Drumkeen,priority,29.723393519850315,29.723393519850315,0.0,1.0,0.0
network_neutral_dlr,2030-01-14 21:00:00,Drumkeen wind,Drumkeen,priority,34.56779472137786,34.56779472137786,0.0,1.0,0.0
network_neutral_dlr,2030-01-14 22:00:00,Drumkeen wind,Drumkeen,priority,29.900882784608402,29.900882784608402,0.0,1.0,0.0
network_neutral_dlr,2030-01-14 23:00:00,Drumkeen wind,Drumkeen,priority,49.62574893232017,49.62574893232017,0.0,1.0,0.0
network_neutral_dlr,2030-01-15 00:00:00,Drumkeen wind,Drumkeen,priority,67.32561827012364,66.10207676183899,1.2235415082846544,1.0,1.2235415082846544
network_neutral_dlr,2030-01-15 01:00:00,Drumkeen wind,Drumkeen,priority,68.02099150640097,25.700226933051155,42.32076457334982,1.0,42.32076457334982
network_neutral_dlr,2030-01-15 02:00:00,Drumkeen wind,Drumkeen,priority,68.7080190460109,20.261793561132645,48.446225484878255,1.0,48.446225484878255
network_neutral_dlr,2030-01-15 03:00:00,Drumkeen wind,Drumkeen,priority,75.21292299628776,-0.0,75.21292299628776,1.0,75.21292299628776
network_neutral_dlr,2030-01-15 04:00:00,Drumkeen wind,Drumkeen,priority,74.79907029289112,-0.0,74.79907029289112,1.0,74.79907029289112
network_neutral_dlr,2030-01-15 05:00:00,Drumkeen wind,Drumkeen,priority,73.21976048416526,-0.0,73.21976048416526,1.0,73.21976048416526
network_neutral_dlr,2030-01-14 06:00:00,Glenree wind,Glenree,non_priority,13.03427761797363,13.03427761797363,0.0,1.0,0.0
network_neutral_dlr,2030-01-14 07:00:00,Glenree wind,Glenree,non_priority,17.533290698316616,17.533290698316616,0.0,1.0,0.0
network_neutral_dlr,2030-01-14 08:00:00,Glenree wind,Glenree,non_priority,16.188019592378055,16.188019592378055,0.0,1.0,0.0
network_neutral_dlr,2030-01-14 09:00:00,Glenree wind,Glenree,non_priority,36.09724325985801,36.09724325985801,0.0,1.0,0.0
network_neutral_dlr,2030-01-14 10:00:00,Glenree wind,Glenree,non_priority,35.57474970744608,35.57474970744608,0.0,1.0,0.0
network_neutral_dlr,2030-01-14 11:00:00,Glenree wind,Glenree,non_priority,38.00765352741275,38.00765352741275,0.0,1.0,0.0
network_neutral_dlr,2030-01-14 12:00:00,Glenree wind,Glenree,non_priority,11.558273600923668,11.558273600923668,0.0,1.0,0.0
network_neutral_dlr,2030-01-14 13:00:00,Glenree wind,Glenree,non_priority,8.556135615272925,8.556135615272925,0.0,1.0,0.0
network_neutral_dlr,2030-01-14 14:00:00,Glenree wind,Glenree,non_priority,7.203218688453863,7.203218688453863,0.0,1.0,0.0
network_neutral_dlr,2030-01-14 15:00:00,Glenree wind,Glenree,non_priority,18.87446621236314,18.87446621236314,0.0,1.0,0.0
network_neutral_dlr,2030-01-14 16:00:00,Glenree wind,Glenree,non_priority,18.251840272306442,18.251840272306442,0.0,1.0,0.0
network_neutral_dlr,2030-01-14 17:00:00,Glenree wind,Glenree,non_priority,28.26602346706999,28.26602346706999,0.0,1.0,0.0
network_neutral_dlr,2030-01-14 18:00:00,Glenree wind,Glenree,non_priority,23.141273938529515,23.141273938529515,0.0,1.0,0.0
network_neutral_dlr,2030-01-14 19:00:00,Glenree wind,Glenree,non_priority,22.082604665052486,22.082604665052486,0.0,1.0,0.0
network_neutral_dlr,2030-01-14 20:00:00,Glenree wind,Glenree,non_priority,15.23860497137327,15.23860497137327,0.0,1.0,0.0
network_neutral_dlr,2030-01-14 21:00:00,Glenree wind,Glenree,non_priority,11.634409264720908,11.634409264720908,0.0,1.0,0.0
network_neutral_dlr,2030-01-14 22:00:00,Glenree wind,Glenree,non_priority,9.1416749782349,9.1416749782349,0.0,1.0,0.0
network_neutral_dlr,2030-01-14 23:00:00,Glenree wind,Glenree,non_priority,15.468327883513929,15.468327883513929,0.0,1.0,0.0
network_neutral_dlr,2030-01-15 00:00:00,Glenree wind,Glenree,non_priority,21.637593736295372,21.637593736295372,0.0,1.0,0.0
network_neutral_dlr,2030-01-15 01:00:00,Glenree wind,Glenree,non_priority,23.282034318691757,23.282034318691757,0.0,1.0,0.0
network_neutral_dlr,2030-01-15 02:00:00,Glenree wind,Glenree,non_priority,29.980153284540872,29.980153284540872,0.0,1.0,0.0
network_neutral_dlr,2030-01-15 03:00:00,Glenree wind,Glenree,non_priority,38.594225330690804,38.594225330690804,0.0,1.0,0.0
network_neutral_dlr,2030-01-15 04:00:00,Glenree wind,Glenree,non_priority,44.24904576132181,44.24904576132181,0.0,1.0,0.0
network_neutral_dlr,2030-01-15 05:00:00,Glenree wind,Glenree,non_priority,35.347954349225596,35.347954349225596,0.0,1.0,0.0
network_neutral_dlr,2030-01-14 06:00:00,Sorne Hill wind,Sorne Hill,non_priority,14.10332549394124,14.10332549394124,0.0,1.0,0.0
network_neutral_dlr,2030-01-14 07:00:00,Sorne Hill wind,Sorne Hill,non_priority,27.65927622121897,27.65927622121897,0.0,1.0,0.0
network_neutral_dlr,2030-01-14 08:00:00,Sorne Hill wind,Sorne Hill,non_priority,31.57292471203537,31.57292471203537,0.0,1.0,0.0
network_neutral_dlr,2030-01-14 09:00:00,Sorne Hill wind,Sorne Hill,non_priority,30.856659273453886,30.856659273453886,0.0,1.0,0.0
network_neutral_dlr,2030-01-14 10:00:00,Sorne Hill wind,Sorne Hill,non_priority,22.562850613697613,22.562850613697613,0.0,1.0,0.0
network_neutral_dlr,2030-01-14 11:00:00,Sorne Hill wind,Sorne Hill,non_priority,29.46775743584074,29.46775743584074,0.0,1.0,0.0
network_neutral_dlr,2030-01-14 12:00:00,Sorne Hill wind,Sorne Hill,non_priority,13.911591944996564,13.911591944996564,0.0,1.0,0.0
network_neutral_dlr,2030-01-14 13:00:00,Sorne Hill wind,Sorne Hill,non_priority,12.225090131852161,12.225090131852161,0.0,1.0,0.0
network_neutral_dlr,2030-01-14 14:00:00,Sorne Hill wind,Sorne Hill,non_priority,9.100715189151563,9.100715189151563,0.0,1.0,0.0
network_neutral_dlr,2030-01-14 15:00:00,Sorne Hill wind,Sorne Hill,non_priority,17.35269141104657,17.35269141104657,0.0,1.0,0.0
network_neutral_dlr,2030-01-14 16:00:00,Sorne Hill wind,Sorne Hill,non_priority,12.735443310024104,12.735443310024104,0.0,1.0,0.0
network_neutral_dlr,2030-01-14 17:00:00,Sorne Hill wind,Sorne Hill,non_priority,12.829685132860396,12.829685132860396,0.0,1.0,0.0
network_neutral_dlr,2030-01-14 18:00:00,Sorne Hill wind,Sorne Hill,non_priority,10.921434353595691,10.921434353595691,0.0,1.0,0.0
network_neutral_dlr,2030-01-14 19:00:00,Sorne Hill wind,Sorne Hill,non_priority,13.985471597453586,13.985471597453586,0.0,1.0,0.0
network_neutral_dlr,2030-01-14 20:00:00,Sorne Hill wind,Sorne Hill,non_priority,9.789263877525505,9.789263877525505,0.0,1.0,0.0
network_neutral_dlr,2030-01-14 21:00:00,Sorne Hill wind,Sorne Hill,non_priority,13.246118494741266,13.246118494741266,0.0,1.0,0.0
network_neutral_dlr,2030-01-14 22:00:00,Sorne Hill wind,Sorne Hill,non_priority,11.107911409982277,11.107911409982277,0.0,1.0,0.0
network_neutral_dlr,2030-01-14 23:00:00,Sorne Hill wind,Sorne Hill,non_priority,20.197918411359524,20.197918411359524,0.0,1.0,0.0
network_neutral_dlr,2030-01-15 00:00:00,Sorne Hill wind,Sorne Hill,non_priority,28.63996917653709,28.63996917653709,0.0,1.0,0.0
network_neutral_dlr,2030-01-15 01:00:00,Sorne Hill wind,Sorne Hill,non_priority,28.277885843965812,28.277885843965812,0.0,1.0,0.0
network_neutral_dlr,2030-01-15 02:00:00,Sorne Hill wind,Sorne Hill,non_priority,25.648240392411775,25.648240392411775,0.0,1.0,0.0
network_neutral_dlr,2030-01-15 03:00:00,Sorne Hill wind,Sorne Hill,non_priority,26.372122088212148,26.372122088212148,0.0,1.0,0.0
network_neutral_dlr,2030-01-15 04:00:00,Sorne Hill wind,Sorne Hill,non_priority,28.727813786240404,28.727813786240404,0.0,1.0,0.0
network_neutral_dlr,2030-01-15 05:00:00,Sorne Hill wind,Sorne Hill,non_priority,22.818123238147724,22.818123238147724,0.0,1.0,0.0
network_neutral_dlr,2030-01-14 06:00:00,Sligo wind,Sligo,non_priority,15.38615557862624,15.38615557862624,0.0,1.0,0.0
network_neutral_dlr,2030-01-14 07:00:00,Sligo wind,Sligo,non_priority,18.963381098953494,18.963381098953494,0.0,1.0,0.0
network_neutral_dlr,2030-01-14 08:00:00,Sligo wind,Sligo,non_priority,17.338909776037852,17.338909776037852,0.0,1.0,0.0
network_neutral_dlr,2030-01-14 09:00:00,Sligo wind,Sligo,non_priority,28.095248018194017,28.095248018194017,0.0,1.0,0.0
network_neutral_dlr,2030-01-14 10:00:00,Sligo wind,Sligo,non_priority,27.456797752993715,27.456797752993715,0.0,1.0,0.0
network_neutral_dlr,2030-01-14 11:00:00,Sligo wind,Sligo,non_priority,28.827532476372713,28.827532476372713,0.0,1.0,0.0
network_neutral_dlr,2030-01-14 12:00:00,Sligo wind,Sligo,non_priority,8.929375862022011,8.929375862022011,0.0,1.0,0.0
network_neutral_dlr,2030-01-14 13:00:00,Sligo wind,Sligo,non_priority,7.568624661157955,7.568624661157955,0.0,1.0,0.0
network_neutral_dlr,2030-01-14 14:00:00,Sligo wind,Sligo,non_priority,5.661926867589395,5.661926867589395,0.0,1.0,0.0
network_neutral_dlr,2030-01-14 15:00:00,Sligo wind,Sligo,non_priority,14.722572594976858,14.722572594976858,0.0,1.0,0.0
network_neutral_dlr,2030-01-14 16:00:00,Sligo wind,Sligo,non_priority,15.851110952974626,15.851110952974626,0.0,1.0,0.0
network_neutral_dlr,2030-01-14 17:00:00,Sligo wind,Sligo,non_priority,22.990937252059087,22.990937252059087,0.0,1.0,0.0
network_neutral_dlr,2030-01-14 18:00:00,Sligo wind,Sligo,non_priority,18.14116087033879,18.14116087033879,0.0,1.0,0.0
network_neutral_dlr,2030-01-14 19:00:00,Sligo wind,Sligo,non_priority,17.226133745601267,17.226133745601267,0.0,1.0,0.0
network_neutral_dlr,2030-01-14 20:00:00,Sligo wind,Sligo,non_priority,9.592058067111365,9.592058067111365,0.0,1.0,0.0
network_neutral_dlr,2030-01-14 21:00:00,Sligo wind,Sligo,non_priority,7.062277502012783,7.062277502012783,0.0,1.0,0.0
network_neutral_dlr,2030-01-14 22:00:00,Sligo wind,Sligo,non_priority,7.899750358484654,7.899750358484654,0.0,1.0,0.0
network_neutral_dlr,2030-01-14 23:00:00,Sligo wind,Sligo,non_priority,14.982180517477701,14.982180517477701,0.0,1.0,0.0
network_neutral_dlr,2030-01-15 00:00:00,Sligo wind,Sligo,non_priority,17.36594389469885,17.36594389469885,0.0,1.0,0.0
network_neutral_dlr,2030-01-15 01:00:00,Sligo wind,Sligo,non_priority,18.816862901567028,18.816862901567028,0.0,1.0,0.0
network_neutral_dlr,2030-01-15 02:00:00,Sligo wind,Sligo,non_priority,25.22719762530992,25.22719762530992,0.0,1.0,0.0
network_neutral_dlr,2030-01-15 03:00:00,Sligo wind,Sligo,non_priority,33.567470746615925,33.567470746615925,0.0,1.0,0.0
network_neutral_dlr,2030-01-15 04:00:00,Sligo wind,Sligo,non_priority,36.330800980491304,36.330800980491304,0.0,1.0,0.0
network_neutral_dlr,2030-01-15 05:00:00,Sligo wind,Sligo,non_priority,34.49056465103515,34.49056465103515,0.0,1.0,0.0
network_neutral_dlr,2030-01-14 06:00:00,Trillick wind,Trillick,non_priority,9.964863499197378,9.964863499197378,0.0,1.0,0.0
network_neutral_dlr,2030-01-14 07:00:00,Trillick wind,Trillick,non_priority,19.54297319092927,19.54297319092927,0.0,1.0,0.0
network_neutral_dlr,2030-01-14 08:00:00,Trillick wind,Trillick,non_priority,22.30820561866974,22.30820561866974,0.0,1.0,0.0
network_neutral_dlr,2030-01-14 09:00:00,Trillick wind,Trillick,non_priority,21.802120204437223,21.802120204437223,0.0,1.0,0.0
network_neutral_dlr,2030-01-14 10:00:00,Trillick wind,Trillick,non_priority,15.942036267607056,15.942036267607056,0.0,1.0,0.0
network_neutral_dlr,2030-01-14 11:00:00,Trillick wind,Trillick,non_priority,20.820775965339486,20.820775965339486,0.0,1.0,0.0
network_neutral_dlr,2030-01-14 12:00:00,Trillick wind,Trillick,non_priority,9.82939200034619,9.82939200034619,0.0,1.0,0.0
network_neutral_dlr,2030-01-14 13:00:00,Trillick wind,Trillick,non_priority,8.637775146126057,8.637775146126057,0.0,1.0,0.0
network_neutral_dlr,2030-01-14 14:00:00,Trillick wind,Trillick,non_priority,6.4302128348329415,6.4302128348329415,0.0,1.0,0.0
network_neutral_dlr,2030-01-14 15:00:00,Trillick wind,Trillick,non_priority,12.260739591457257,12.260739591457257,0.0,1.0,0.0
network_neutral_dlr,2030-01-14 16:00:00,Trillick wind,Trillick,non_priority,8.99837093320122,8.99837093320122,0.0,1.0,0.0
network_neutral_dlr,2030-01-14 17:00:00,Trillick wind,Trillick,non_priority,9.064958554743576,9.064958554743576,0.0,1.0,0.0
network_neutral_dlr,2030-01-14 18:00:00,Trillick wind,Trillick,non_priority,7.716662470548481,7.716662470548481,0.0,1.0,0.0
network_neutral_dlr,2030-01-14 19:00:00,Trillick wind,Trillick,non_priority,9.881592501030843,9.881592501030843,0.0,1.0,0.0
network_neutral_dlr,2030-01-14 20:00:00,Trillick wind,Trillick,non_priority,6.916714666982054,6.916714666982054,0.0,1.0,0.0
network_neutral_dlr,2030-01-14 21:00:00,Trillick wind,Trillick,non_priority,9.359194237628257,9.359194237628257,0.0,1.0,0.0
network_neutral_dlr,2030-01-14 22:00:00,Trillick wind,Trillick,non_priority,7.848419935369296,7.848419935369296,0.0,1.0,0.0
network_neutral_dlr,2030-01-14 23:00:00,Trillick wind,Trillick,non_priority,14.271066779504459,14.271066779504459,0.0,1.0,0.0
network_neutral_dlr,2030-01-15 00:00:00,Trillick wind,Trillick,non_priority,20.23589284584099,20.23589284584099,0.0,1.0,0.0
network_neutral_dlr,2030-01-15 01:00:00,Trillick wind,Trillick,non_priority,19.980058788408414,19.980058788408414,0.0,1.0,0.0
network_neutral_dlr,2030-01-15 02:00:00,Trillick wind,Trillick,non_priority,18.12205317212462,18.12205317212462,0.0,1.0,0.0
network_neutral_dlr,2030-01-15 03:00:00,Trillick wind,Trillick,non_priority,18.633519938690924,18.633519938690924,0.0,1.0,0.0
network_neutral_dlr,2030-01-15 04:00:00,Trillick wind,Trillick,non_priority,20.29796044438077,20.29796044438077,0.0,1.0,0.0
network_neutral_dlr,2030-01-15 05:00:00,Trillick wind,Trillick,non_priority,16.12240201601299,16.12240201601299,0.0,1.0,0.0
network_neutral_dlr,2030-01-14 06:00:00,Tievebrack wind,Tievebrack,non_priority,22.908401330875424,22.908401330875424,0.0,1.0,0.0
network_neutral_dlr,2030-01-14 07:00:00,Tievebrack wind,Tievebrack,non_priority,24.632119683754777,24.632119683754777,0.0,1.0,0.0
network_neutral_dlr,2030-01-14 08:00:00,Tievebrack wind,Tievebrack,non_priority,25.01808194518203,25.01808194518203,0.0,1.0,0.0
network_neutral_dlr,2030-01-14 09:00:00,Tievebrack wind,Tievebrack,non_priority,26.78235155267537,26.78235155267537,0.0,1.0,0.0
network_neutral_dlr,2030-01-14 10:00:00,Tievebrack wind,Tievebrack,non_priority,26.752202754374046,26.752202754374046,0.0,1.0,0.0
network_neutral_dlr,2030-01-14 11:00:00,Tievebrack wind,Tievebrack,non_priority,26.90314095334458,26.90314095334458,0.0,1.0,0.0
network_neutral_dlr,2030-01-14 12:00:00,Tievebrack wind,Tievebrack,non_priority,24.109784007653495,24.109784007653495,0.0,1.0,0.0
network_neutral_dlr,2030-01-14 13:00:00,Tievebrack wind,Tievebrack,non_priority,24.029552855336576,24.029552855336576,0.0,1.0,0.0
network_neutral_dlr,2030-01-14 14:00:00,Tievebrack wind,Tievebrack,non_priority,19.378318284957874,19.378318284957874,0.0,1.0,0.0
network_neutral_dlr,2030-01-14 15:00:00,Tievebrack wind,Tievebrack,non_priority,26.183943377833355,26.183943377833355,0.0,1.0,0.0
network_neutral_dlr,2030-01-14 16:00:00,Tievebrack wind,Tievebrack,non_priority,23.17530116883002,23.17530116883002,0.0,1.0,0.0
network_neutral_dlr,2030-01-14 17:00:00,Tievebrack wind,Tievebrack,non_priority,26.009972239751125,26.009972239751125,0.0,1.0,0.0
network_neutral_dlr,2030-01-14 18:00:00,Tievebrack wind,Tievebrack,non_priority,22.584455632003788,22.584455632003788,0.0,1.0,0.0
network_neutral_dlr,2030-01-14 19:00:00,Tievebrack wind,Tievebrack,non_priority,22.960275733843226,22.960275733843226,0.0,1.0,0.0
network_neutral_dlr,2030-01-14 20:00:00,Tievebrack wind,Tievebrack,non_priority,16.318130280025226,16.318130280025226,0.0,1.0,0.0
network_neutral_dlr,2030-01-14 21:00:00,Tievebrack wind,Tievebrack,non_priority,17.893693138183508,17.893693138183508,0.0,1.0,0.0
network_neutral_dlr,2030-01-14 22:00:00,Tievebrack wind,Tievebrack,non_priority,13.534487156275423,13.534487156275423,0.0,1.0,0.0
network_neutral_dlr,2030-01-14 23:00:00,Tievebrack wind,Tievebrack,non_priority,20.332279045054594,20.332279045054594,0.0,1.0,0.0
network_neutral_dlr,2030-01-15 00:00:00,Tievebrack wind,Tievebrack,non_priority,23.277638304624805,23.277638304624805,0.0,1.0,0.0
network_neutral_dlr,2030-01-15 01:00:00,Tievebrack wind,Tievebrack,non_priority,26.03254988925109,26.03254988925109,0.0,1.0,0.0
network_neutral_dlr,2030-01-15 02:00:00,Tievebrack wind,Tievebrack,non_priority,25.821671463898564,25.821671463898564,0.0,1.0,0.0
network_neutral_dlr,2030-01-15 03:00:00,Tievebrack wind,Tievebrack,non_priority,26.85090877560257,26.85090877560257,0.0,1.0,0.0
network_neutral_dlr,2030-01-15 04:00:00,Tievebrack wind,Tievebrack,non_priority,26.877928225406777,26.877928225406777,0.0,1.0,0.0
network_neutral_dlr,2030-01-15 05:00:00,Tievebrack wind,Tievebrack,non_priority,26.733296306950407,26.733296306950407,0.0,1.0,0.0
network_neutral_dlr,2030-01-14 06:00:00,Ardnagappary wind,Ardnagappary,priority,6.537031392376762,6.537031392376762,0.0,1.0,0.0
network_neutral_dlr,2030-01-14 07:00:00,Ardnagappary wind,Ardnagappary,priority,8.72360521011195,8.72360521011195,0.0,1.0,0.0
network_neutral_dlr,2030-01-14 08:00:00,Ardnagappary wind,Ardnagappary,priority,10.149300961964267,10.149300961964267,0.0,1.0,0.0
network_neutral_dlr,2030-01-14 09:00:00,Ardnagappary wind,Ardnagappary,priority,15.264254859517026,15.264254859517026,0.0,1.0,0.0
network_neutral_dlr,2030-01-14 10:00:00,Ardnagappary wind,Ardnagappary,priority,15.59986947017423,15.59986947017423,0.0,1.0,0.0
network_neutral_dlr,2030-01-14 11:00:00,Ardnagappary wind,Ardnagappary,priority,18.949626838774176,18.949626838774176,0.0,1.0,0.0
network_neutral_dlr,2030-01-14 12:00:00,Ardnagappary wind,Ardnagappary,priority,8.926854703258773,8.926854703258773,0.0,1.0,0.0
network_neutral_dlr,2030-01-14 13:00:00,Ardnagappary wind,Ardnagappary,priority,8.171915846519298,8.171915846519298,0.0,1.0,0.0
network_neutral_dlr,2030-01-14 14:00:00,Ardnagappary wind,Ardnagappary,priority,6.721109657901389,6.721109657901389,0.0,1.0,0.0
network_neutral_dlr,2030-01-14 15:00:00,Ardnagappary wind,Ardnagappary,priority,10.974512710872498,10.974512710872498,0.0,1.0,0.0
network_neutral_dlr,2030-01-14 16:00:00,Ardnagappary wind,Ardnagappary,priority,7.24027131493665,7.24027131493665,0.0,1.0,0.0
network_neutral_dlr,2030-01-14 17:00:00,Ardnagappary wind,Ardnagappary,priority,9.922983052024193,9.922983052024193,0.0,1.0,0.0
network_neutral_dlr,2030-01-14 18:00:00,Ardnagappary wind,Ardnagappary,priority,7.226284570827453,7.226284570827453,0.0,1.0,0.0
network_neutral_dlr,2030-01-14 19:00:00,Ardnagappary wind,Ardnagappary,priority,9.083114545348463,9.083114545348463,0.0,1.0,0.0
network_neutral_dlr,2030-01-14 20:00:00,Ardnagappary wind,Ardnagappary,priority,6.102653435855914,6.102653435855914,0.0,1.0,0.0
network_neutral_dlr,2030-01-14 21:00:00,Ardnagappary wind,Ardnagappary,priority,10.648010494049585,10.648010494049585,0.0,1.0,0.0
network_neutral_dlr,2030-01-14 22:00:00,Ardnagappary wind,Ardnagappary,priority,7.553182610698592,7.553182610698592,0.0,1.0,0.0
network_neutral_dlr,2030-01-14 23:00:00,Ardnagappary wind,Ardnagappary,priority,10.54871531246997,10.54871531246997,0.0,1.0,0.0
network_neutral_dlr,2030-01-15 00:00:00,Ardnagappary wind,Ardnagappary,priority,13.773518746655606,13.773518746655606,0.0,1.0,0.0
network_neutral_dlr,2030-01-15 01:00:00,Ardnagappary wind,Ardnagappary,priority,16.503804883752125,16.503804883752125,0.0,1.0,0.0
network_neutral_dlr,2030-01-15 02:00:00,Ardnagappary wind,Ardnagappary,priority,15.28901105438842,15.28901105438842,0.0,1.0,0.0
network_neutral_dlr,2030-01-15 03:00:00,Ardnagappary wind,Ardnagappary,priority,18.700598387726814,18.700598387726814,0.0,1.0,0.0
network_neutral_dlr,2030-01-15 04:00:00,Ardnagappary wind,Ardnagappary,priority,18.428029316015525,18.428029316015525,0.0,1.0,0.0
network_neutral_dlr,2030-01-15 05:00:00,Ardnagappary wind,Ardnagappary,priority,16.590172413371633,16.590172413371633,0.0,1.0,0.0
network_priority_dlr,2030-01-14 06:00:00,Moy wind,Moy,non_priority,2.593172695583545,2.593172695583545,0.0,1.0,0.0
network_priority_dlr,2030-01-14 07:00:00,Moy wind,Moy,non_priority,6.114057821370654,6.114057821370654,0.0,1.0,0.0
network_priority_dlr,2030-01-14 08:00:00,Moy wind,Moy,non_priority,5.270951042751047,5.270951042751047,0.0,1.0,0.0
network_priority_dlr,2030-01-14 09:00:00,Moy wind,Moy,non_priority,11.047560087227543,11.047560087227543,0.0,1.0,0.0
network_priority_dlr,2030-01-14 10:00:00,Moy wind,Moy,non_priority,12.148773043499407,12.148773043499407,0.0,1.0,0.0
network_priority_dlr,2030-01-14 11:00:00,Moy wind,Moy,non_priority,17.131255387700786,17.131255387700786,0.0,1.0,0.0
network_priority_dlr,2030-01-14 12:00:00,Moy wind,Moy,non_priority,4.658483868443723,4.658483868443723,0.0,1.0,0.0
network_priority_dlr,2030-01-14 13:00:00,Moy wind,Moy,non_priority,3.8256639721185137,3.8256639721185137,0.0,1.0,0.0
network_priority_dlr,2030-01-14 14:00:00,Moy wind,Moy,non_priority,3.3605464756831065,3.3605464756831065,0.0,1.0,0.0
network_priority_dlr,2030-01-14 15:00:00,Moy wind,Moy,non_priority,11.730051014997986,11.730051014997986,0.0,1.0,0.0
network_priority_dlr,2030-01-14 16:00:00,Moy wind,Moy,non_priority,11.795881522163766,11.795881522163766,0.0,1.0,0.0
network_priority_dlr,2030-01-14 17:00:00,Moy wind,Moy,non_priority,17.165011510422797,17.165011510422797,0.0,1.0,0.0
network_priority_dlr,2030-01-14 18:00:00,Moy wind,Moy,non_priority,12.582531697636798,12.582531697636798,0.0,1.0,0.0
network_priority_dlr,2030-01-14 19:00:00,Moy wind,Moy,non_priority,10.434839390200098,10.434839390200098,0.0,1.0,0.0
network_priority_dlr,2030-01-14 20:00:00,Moy wind,Moy,non_priority,7.535971975801032,7.535971975801032,0.0,1.0,0.0
network_priority_dlr,2030-01-14 21:00:00,Moy wind,Moy,non_priority,6.48874475138805,6.48874475138805,0.0,1.0,0.0
network_priority_dlr,2030-01-14 22:00:00,Moy wind,Moy,non_priority,6.056832557293562,6.056832557293562,0.0,1.0,0.0
network_priority_dlr,2030-01-14 23:00:00,Moy wind,Moy,non_priority,11.844557453997908,11.844557453997908,0.0,1.0,0.0
network_priority_dlr,2030-01-15 00:00:00,Moy wind,Moy,non_priority,16.84478027321001,16.84478027321001,0.0,1.0,0.0
network_priority_dlr,2030-01-15 01:00:00,Moy wind,Moy,non_priority,17.031689988566228,17.031689988566228,0.0,1.0,0.0
network_priority_dlr,2030-01-15 02:00:00,Moy wind,Moy,non_priority,19.69017615595648,19.69017615595648,0.0,1.0,0.0
network_priority_dlr,2030-01-15 03:00:00,Moy wind,Moy,non_priority,25.24151902397247,25.24151902397247,0.0,1.0,0.0
network_priority_dlr,2030-01-15 04:00:00,Moy wind,Moy,non_priority,26.654513720062518,26.654513720062518,0.0,1.0,0.0
network_priority_dlr,2030-01-15 05:00:00,Moy wind,Moy,non_priority,24.845417841943814,24.845417841943814,0.0,1.0,0.0
network_priority_dlr,2030-01-14 06:00:00,Corderry wind,Corderry,non_priority,109.18998553324215,109.18998553324215,0.0,1.0,0.0
network_priority_dlr,2030-01-14 07:00:00,Corderry wind,Corderry,non_priority,124.04904390361418,124.04904390361418,0.0,1.0,0.0
network_priority_dlr,2030-01-14 08:00:00,Corderry wind,Corderry,non_priority,127.16807522007277,127.16807522007277,0.0,1.0,0.0
network_priority_dlr,2030-01-14 09:00:00,Corderry wind,Corderry,non_priority,139.4926359507872,139.4926359507872,0.0,1.0,0.0
network_priority_dlr,2030-01-14 10:00:00,Corderry wind,Corderry,non_priority,135.01007430737516,135.01007430737516,0.0,1.0,0.0
network_priority_dlr,2030-01-14 11:00:00,Corderry wind,Corderry,non_priority,141.64410029188454,141.64410029188454,0.0,1.0,0.0
network_priority_dlr,2030-01-14 12:00:00,Corderry wind,Corderry,non_priority,70.91670372649402,70.91670372649402,0.0,1.0,0.0
network_priority_dlr,2030-01-14 13:00:00,Corderry wind,Corderry,non_priority,77.36105898757765,77.36105898757765,0.0,1.0,0.0
network_priority_dlr,2030-01-14 14:00:00,Corderry wind,Corderry,non_priority,58.399078749559884,58.399078749559884,0.0,1.0,0.0
network_priority_dlr,2030-01-14 15:00:00,Corderry wind,Corderry,non_priority,114.3265881204338,114.3265881204338,0.0,1.0,0.0
network_priority_dlr,2030-01-14 16:00:00,Corderry wind,Corderry,non_priority,114.32190495874521,114.32190495874521,0.0,1.0,0.0
network_priority_dlr,2030-01-14 17:00:00,Corderry wind,Corderry,non_priority,130.68539278848567,130.68539278848567,0.0,1.0,0.0
network_priority_dlr,2030-01-14 18:00:00,Corderry wind,Corderry,non_priority,123.62496426693043,123.62496426693043,0.0,1.0,0.0
network_priority_dlr,2030-01-14 19:00:00,Corderry wind,Corderry,non_priority,129.38811014672575,129.38811014672575,0.0,1.0,0.0
network_priority_dlr,2030-01-14 20:00:00,Corderry wind,Corderry,non_priority,107.15736714810981,107.15736714810981,0.0,1.0,0.0
network_priority_dlr,2030-01-14 21:00:00,Corderry wind,Corderry,non_priority,103.20897745243617,103.20897745243617,0.0,1.0,0.0
network_priority_dlr,2030-01-14 22:00:00,Corderry wind,Corderry,non_priority,93.69717539953162,93.69717539953162,0.0,1.0,0.0
network_priority_dlr,2030-01-14 23:00:00,Corderry wind,Corderry,non_priority,133.85053269089317,133.85053269089317,0.0,1.0,0.0
network_priority_dlr,2030-01-15 00:00:00,Corderry wind,Corderry,non_priority,141.14300495181024,141.14300495181024,0.0,1.0,0.0
network_priority_dlr,2030-01-15 01:00:00,Corderry wind,Corderry,non_priority,140.56431956534695,125.2183374693407,15.345982096006253,1.0,15.345982096006253
network_priority_dlr,2030-01-15 02:00:00,Corderry wind,Corderry,non_priority,141.13824325194327,141.13824325194327,0.0,1.0,0.0
network_priority_dlr,2030-01-15 03:00:00,Corderry wind,Corderry,non_priority,144.37255644843933,144.37255644843933,0.0,1.0,0.0
network_priority_dlr,2030-01-15 04:00:00,Corderry wind,Corderry,non_priority,145.18409530000204,145.18409530000204,0.0,1.0,0.0
network_priority_dlr,2030-01-15 05:00:00,Corderry wind,Corderry,non_priority,144.8058468775338,144.8058468775338,0.0,1.0,0.0
network_priority_dlr,2030-01-14 06:00:00,Clogher wind,Clogher,non_priority,42.777412940048,42.777412940048,0.0,1.0,0.0
network_priority_dlr,2030-01-14 07:00:00,Clogher wind,Clogher,non_priority,60.76288343715855,60.76288343715855,0.0,1.0,0.0
network_priority_dlr,2030-01-14 08:00:00,Clogher wind,Clogher,non_priority,67.18412702270814,67.18412702270814,0.0,1.0,0.0
network_priority_dlr,2030-01-14 09:00:00,Clogher wind,Clogher,non_priority,81.33879457250146,68.2370596522183,13.10173492028315,1.0,13.10173492028315
network_priority_dlr,2030-01-14 10:00:00,Clogher wind,Clogher,non_priority,77.21405426402154,77.21405426402154,0.0,1.0,0.0
network_priority_dlr,2030-01-14 11:00:00,Clogher wind,Clogher,non_priority,85.21729061690063,32.548809828618374,52.66848078828225,1.0,52.66848078828225
network_priority_dlr,2030-01-14 12:00:00,Clogher wind,Clogher,non_priority,49.48052213951951,49.48052213951951,0.0,1.0,0.0
network_priority_dlr,2030-01-14 13:00:00,Clogher wind,Clogher,non_priority,51.638035750903455,51.638035750903455,0.0,1.0,0.0
network_priority_dlr,2030-01-14 14:00:00,Clogher wind,Clogher,non_priority,37.187172638582894,37.187172638582894,0.0,1.0,0.0
network_priority_dlr,2030-01-14 15:00:00,Clogher wind,Clogher,non_priority,69.26540585480646,69.26540585480646,0.0,1.0,0.0
network_priority_dlr,2030-01-14 16:00:00,Clogher wind,Clogher,non_priority,55.39880037978344,55.39880037978344,0.0,1.0,0.0
network_priority_dlr,2030-01-14 17:00:00,Clogher wind,Clogher,non_priority,62.19490758124122,62.19490758124122,0.0,1.0,0.0
network_priority_dlr,2030-01-14 18:00:00,Clogher wind,Clogher,non_priority,43.34487533972401,43.34487533972401,0.0,1.0,0.0
network_priority_dlr,2030-01-14 19:00:00,Clogher wind,Clogher,non_priority,48.39564432179324,48.39564432179324,0.0,1.0,0.0
network_priority_dlr,2030-01-14 20:00:00,Clogher wind,Clogher,non_priority,31.966564719302507,31.966564719302507,0.0,1.0,0.0
network_priority_dlr,2030-01-14 21:00:00,Clogher wind,Clogher,non_priority,38.889675348853174,38.889675348853174,0.0,1.0,0.0
network_priority_dlr,2030-01-14 22:00:00,Clogher wind,Clogher,non_priority,35.58434633299686,35.58434633299686,0.0,1.0,0.0
network_priority_dlr,2030-01-14 23:00:00,Clogher wind,Clogher,non_priority,58.87107002137579,58.87107002137579,0.0,1.0,0.0
network_priority_dlr,2030-01-15 00:00:00,Clogher wind,Clogher,non_priority,75.50391688974878,74.28037538146411,1.2235415082846686,1.0,1.2235415082846686
network_priority_dlr,2030-01-15 01:00:00,Clogher wind,Clogher,non_priority,80.0748115958686,53.100029118525,26.974782477343595,1.0,26.974782477343595
network_priority_dlr,2030-01-15 02:00:00,Clogher wind,Clogher,non_priority,77.65583005667271,29.209604571794372,48.44622548487834,1.0,48.44622548487834
network_priority_dlr,2030-01-15 03:00:00,Clogher wind,Clogher,non_priority,85.71073476382608,-0.0,85.71073476382608,1.0,85.71073476382608
network_priority_dlr,2030-01-15 04:00:00,Clogher wind,Clogher,non_priority,86.25240884037296,-0.0,86.25240884037296,1.0,86.25240884037296
network_priority_dlr,2030-01-15 05:00:00,Clogher wind,Clogher,non_priority,84.9218479777445,-0.0,84.9218479777445,1.0,84.9218479777445
network_priority_dlr,2030-01-14 06:00:00,Croaghonagh wind,Croaghonagh,priority,60.60677741735044,60.60677741735044,0.0,1.0,0.0
network_priority_dlr,2030-01-14 07:00:00,Croaghonagh wind,Croaghonagh,priority,86.08848218272233,86.08848218272233,0.0,1.0,0.0
network_priority_dlr,2030-01-14 08:00:00,Croaghonagh wind,Croaghonagh,priority,95.1860608810277,95.1860608810277,0.0,1.0,0.0
network_priority_dlr,2030-01-14 09:00:00,Croaghonagh wind,Croaghonagh,priority,115.24030742485701,115.24030742485701,0.0,1.0,0.0
network_priority_dlr,2030-01-14 10:00:00,Croaghonagh wind,Croaghonagh,priority,109.39640054505645,109.39640054505645,0.0,1.0,0.0
network_priority_dlr,2030-01-14 11:00:00,Croaghonagh wind,Croaghonagh,priority,120.73533693508975,120.73533693508975,0.0,1.0,0.0
network_priority_dlr,2030-01-14 12:00:00,Croaghonagh wind,Croaghonagh,priority,70.10370159614367,70.10370159614367,0.0,1.0,0.0
network_priority_dlr,2030-01-14 13:00:00,Croaghonagh wind,Croaghonagh,priority,73.1604537050968,73.1604537050968,0.0,1.0,0.0
network_priority_dlr,2030-01-14 14:00:00,Croaghonagh wind,Croaghonagh,priority,52.68655909710675,52.68655909710675,0.0,1.0,0.0
network_priority_dlr,2030-01-14 15:00:00,Croaghonagh wind,Croaghonagh,priority,98.13480402024487,98.13480402024487,0.0,1.0,0.0
network_priority_dlr,2030-01-14 16:00:00,Croaghonagh wind,Croaghonagh,priority,78.48868206479241,78.48868206479241,0.0,1.0,0.0
network_priority_dlr,2030-01-14 17:00:00,Croaghonagh wind,Croaghonagh,priority,88.11736524487304,88.11736524487304,0.0,1.0,0.0
network_priority_dlr,2030-01-14 18:00:00,Croaghonagh wind,Croaghonagh,priority,61.410754679792184,61.410754679792184,0.0,1.0,0.0
network_priority_dlr,2030-01-14 19:00:00,Croaghonagh wind,Croaghonagh,priority,68.56665332919714,68.56665332919714,0.0,1.0,0.0
network_priority_dlr,2030-01-14 20:00:00,Croaghonagh wind,Croaghonagh,priority,45.29003367864538,45.29003367864538,0.0,1.0,0.0
network_priority_dlr,2030-01-14 21:00:00,Croaghonagh wind,Croaghonagh,priority,55.09865454005457,55.09865454005457,0.0,1.0,0.0
network_priority_dlr,2030-01-14 22:00:00,Croaghonagh wind,Croaghonagh,priority,50.41568457560471,50.41568457560471,0.0,1.0,0.0
network_priority_dlr,2030-01-14 23:00:00,Croaghonagh wind,Croaghonagh,priority,83.40817248830035,83.40817248830035,0.0,1.0,0.0
network_priority_dlr,2030-01-15 00:00:00,Croaghonagh wind,Croaghonagh,priority,106.97348835677384,106.97348835677384,0.0,1.0,0.0
network_priority_dlr,2030-01-15 01:00:00,Croaghonagh wind,Croaghonagh,priority,113.4495040625436,113.4495040625436,0.0,1.0,0.0
network_priority_dlr,2030-01-15 02:00:00,Croaghonagh wind,Croaghonagh,priority,110.0223057902172,110.0223057902172,0.0,1.0,0.0
network_priority_dlr,2030-01-15 03:00:00,Croaghonagh wind,Croaghonagh,priority,121.43444558905436,121.43444558905436,0.0,1.0,0.0
network_priority_dlr,2030-01-15 04:00:00,Croaghonagh wind,Croaghonagh,priority,122.20188611277268,122.20188611277268,0.0,1.0,0.0
network_priority_dlr,2030-01-15 05:00:00,Croaghonagh wind,Croaghonagh,priority,120.31675560816319,120.31675560816319,0.0,1.0,0.0
network_priority_dlr,2030-01-14 06:00:00,Cathaleen's Fall wind,Cathaleen's Fall,non_priority,17.06558185622301,17.06558185622301,0.0,1.0,0.0
network_priority_dlr,2030-01-14 07:00:00,Cathaleen's Fall wind,Cathaleen's Fall,non_priority,26.304759535586047,26.304759535586047,0.0,1.0,0.0
network_priority_dlr,2030-01-14 08:00:00,Cathaleen's Fall wind,Cathaleen's Fall,non_priority,24.23859938806136,24.23859938806136,0.0,1.0,0.0
network_priority_dlr,2030-01-14 09:00:00,Cathaleen's Fall wind,Cathaleen's Fall,non_priority,36.34494154341771,36.34494154341771,0.0,1.0,0.0
network_priority_dlr,2030-01-14 10:00:00,Cathaleen's Fall wind,Cathaleen's Fall,non_priority,29.489785468172506,29.489785468172506,0.0,1.0,0.0
network_priority_dlr,2030-01-14 11:00:00,Cathaleen's Fall wind,Cathaleen's Fall,non_priority,39.321313680305025,39.321313680305025,0.0,1.0,0.0
network_priority_dlr,2030-01-14 12:00:00,Cathaleen's Fall wind,Cathaleen's Fall,non_priority,15.706680713950725,15.706680713950725,0.0,1.0,0.0
network_priority_dlr,2030-01-14 13:00:00,Cathaleen's Fall wind,Cathaleen's Fall,non_priority,14.539649719899293,14.539649719899293,0.0,1.0,0.0
network_priority_dlr,2030-01-14 14:00:00,Cathaleen's Fall wind,Cathaleen's Fall,non_priority,10.564756953698785,10.564756953698785,0.0,1.0,0.0
network_priority_dlr,2030-01-14 15:00:00,Cathaleen's Fall wind,Cathaleen's Fall,non_priority,27.739610281089035,27.739610281089035,0.0,1.0,0.0
network_priority_dlr,2030-01-14 16:00:00,Cathaleen's Fall wind,Cathaleen's Fall,non_priority,22.419011738394744,22.419011738394744,0.0,1.0,0.0
network_priority_dlr,2030-01-14 17:00:00,Cathaleen's Fall wind,Cathaleen's Fall,non_priority,27.211724313121177,27.211724313121177,0.0,1.0,0.0
network_priority_dlr,2030-01-14 18:00:00,Cathaleen's Fall wind,Cathaleen's Fall,non_priority,17.750736656380095,17.750736656380095,0.0,1.0,0.0
network_priority_dlr,2030-01-14 19:00:00,Cathaleen's Fall wind,Cathaleen's Fall,non_priority,17.284857015848406,17.284857015848406,0.0,1.0,0.0
network_priority_dlr,2030-01-14 20:00:00,Cathaleen's Fall wind,Cathaleen's Fall,non_priority,9.507682135137717,9.507682135137717,0.0,1.0,0.0
network_priority_dlr,2030-01-14 21:00:00,Cathaleen's Fall wind,Cathaleen's Fall,non_priority,11.369642214530684,11.369642214530684,0.0,1.0,0.0
network_priority_dlr,2030-01-14 22:00:00,Cathaleen's Fall wind,Cathaleen's Fall,non_priority,9.743806337172176,9.743806337172176,0.0,1.0,0.0
network_priority_dlr,2030-01-14 23:00:00,Cathaleen's Fall wind,Cathaleen's Fall,non_priority,21.307781543056603,21.307781543056603,0.0,1.0,0.0
network_priority_dlr,2030-01-15 00:00:00,Cathaleen's Fall wind,Cathaleen's Fall,non_priority,32.19113877114846,32.19113877114846,0.0,1.0,0.0
network_priority_dlr,2030-01-15 01:00:00,Cathaleen's Fall wind,Cathaleen's Fall,non_priority,38.42894162702094,38.42894162702094,0.0,1.0,0.0
network_priority_dlr,2030-01-15 02:00:00,Cathaleen's Fall wind,Cathaleen's Fall,non_priority,35.846927229215495,35.846927229215495,0.0,1.0,0.0
network_priority_dlr,2030-01-15 03:00:00,Cathaleen's Fall wind,Cathaleen's Fall,non_priority,41.546809570875624,41.546809570875624,0.0,1.0,0.0
network_priority_dlr,2030-01-15 04:00:00,Cathaleen's Fall wind,Cathaleen's Fall,non_priority,47.323157797847365,47.323157797847365,0.0,1.0,0.0
network_priority_dlr,2030-01-15 05:00:00,Cathaleen's Fall wind,Cathaleen's Fall,non_priority,43.17287437069037,43.17287437069037,0.0,1.0,0.0
network_priority_dlr,2030-01-14 06:00:00,Binbane wind,Binbane,priority,27.333477679526855,27.333477679526855,0.0,1.0,0.0
network_priority_dlr,2030-01-14 07:00:00,Binbane wind,Binbane,priority,40.469785835837996,40.469785835837996,0.0,1.0,0.0
network_priority_dlr,2030-01-14 08:00:00,Binbane wind,Binbane,priority,36.70707660023346,36.70707660023346,0.0,1.0,0.0
network_priority_dlr,2030-01-14 09:00:00,Binbane wind,Binbane,priority,51.186830544962504,51.186830544962504,0.0,1.0,0.0
network_priority_dlr,2030-01-14 10:00:00,Binbane wind,Binbane,priority,42.91659071428766,42.91659071428766,0.0,1.0,0.0
network_priority_dlr,2030-01-14 11:00:00,Binbane wind,Binbane,priority,63.98673960527397,63.98673960527397,0.0,1.0,0.0
network_priority_dlr,2030-01-14 12:00:00,Binbane wind,Binbane,priority,23.011907571189607,23.011907571189607,0.0,1.0,0.0
network_priority_dlr,2030-01-14 13:00:00,Binbane wind,Binbane,priority,21.688537448160083,21.688537448160083,0.0,1.0,0.0
network_priority_dlr,2030-01-14 14:00:00,Binbane wind,Binbane,priority,16.284695479956607,16.284695479956607,0.0,1.0,0.0
network_priority_dlr,2030-01-14 15:00:00,Binbane wind,Binbane,priority,39.94938853608373,39.94938853608373,0.0,1.0,0.0
network_priority_dlr,2030-01-14 16:00:00,Binbane wind,Binbane,priority,28.084089579661878,28.084089579661878,0.0,1.0,0.0
network_priority_dlr,2030-01-14 17:00:00,Binbane wind,Binbane,priority,41.393664095373595,41.393664095373595,0.0,1.0,0.0
network_priority_dlr,2030-01-14 18:00:00,Binbane wind,Binbane,priority,29.074289475122907,29.074289475122907,0.0,1.0,0.0
network_priority_dlr,2030-01-14 19:00:00,Binbane wind,Binbane,priority,29.04238105857128,29.04238105857128,0.0,1.0,0.0
network_priority_dlr,2030-01-14 20:00:00,Binbane wind,Binbane,priority,19.413518451735037,19.413518451735037,0.0,1.0,0.0
network_priority_dlr,2030-01-14 21:00:00,Binbane wind,Binbane,priority,26.696061520537143,26.696061520537143,0.0,1.0,0.0
network_priority_dlr,2030-01-14 22:00:00,Binbane wind,Binbane,priority,17.749052184528963,17.749052184528963,0.0,1.0,0.0
network_priority_dlr,2030-01-14 23:00:00,Binbane wind,Binbane,priority,32.72658015748152,32.72658015748152,0.0,1.0,0.0
network_priority_dlr,2030-01-15 00:00:00,Binbane wind,Binbane,priority,50.90798289996044,50.90798289996044,0.0,1.0,0.0
network_priority_dlr,2030-01-15 01:00:00,Binbane wind,Binbane,priority,57.86229967351554,57.86229967351554,0.0,1.0,0.0
network_priority_dlr,2030-01-15 02:00:00,Binbane wind,Binbane,priority,60.96108599102347,60.96108599102347,0.0,1.0,0.0
network_priority_dlr,2030-01-15 03:00:00,Binbane wind,Binbane,priority,73.4863184329048,73.4863184329048,0.0,1.0,0.0
network_priority_dlr,2030-01-15 04:00:00,Binbane wind,Binbane,priority,73.9618363594108,73.9618363594108,0.0,1.0,0.0
network_priority_dlr,2030-01-15 05:00:00,Binbane wind,Binbane,priority,67.17722828811425,67.17722828811425,0.0,1.0,0.0
network_priority_dlr,2030-01-14 06:00:00,Letterkenny wind,Letterkenny,non_priority,41.830722718593194,41.830722718593194,0.0,1.0,0.0
network_priority_dlr,2030-01-14 07:00:00,Letterkenny wind,Letterkenny,non_priority,63.57712569629948,63.57712569629948,0.0,1.0,0.0
network_priority_dlr,2030-01-14 08:00:00,Letterkenny wind,Letterkenny,non_priority,64.66630719678498,64.66630719678498,0.0,1.0,0.0
network_priority_dlr,2030-01-14 09:00:00,Letterkenny wind,Letterkenny,non_priority,70.40660848889743,70.40660848889743,0.0,1.0,0.0
network_priority_dlr,2030-01-14 10:00:00,Letterkenny wind,Letterkenny,non_priority,66.90938286861449,66.90938286861449,0.0,1.0,0.0
network_priority_dlr,2030-01-14 11:00:00,Letterkenny wind,Letterkenny,non_priority,72.9178849325516,72.9178849325516,0.0,1.0,0.0
network_priority_dlr,2030-01-14 12:00:00,Letterkenny wind,Letterkenny,non_priority,45.80196408108124,45.80196408108124,0.0,1.0,0.0
network_priority_dlr,2030-01-14 13:00:00,Letterkenny wind,Letterkenny,non_priority,38.75208102584755,38.75208102584755,0.0,1.0,0.0
network_priority_dlr,2030-01-14 14:00:00,Letterkenny wind,Letterkenny,non_priority,27.804403633009798,27.804403633009798,0.0,1.0,0.0
network_priority_dlr,2030-01-14 15:00:00,Letterkenny wind,Letterkenny,non_priority,53.218544472903446,53.218544472903446,0.0,1.0,0.0
network_priority_dlr,2030-01-14 16:00:00,Letterkenny wind,Letterkenny,non_priority,44.314804914683855,44.314804914683855,0.0,1.0,0.0
network_priority_dlr,2030-01-14 17:00:00,Letterkenny wind,Letterkenny,non_priority,50.45340837765898,50.45340837765898,0.0,1.0,0.0
network_priority_dlr,2030-01-14 18:00:00,Letterkenny wind,Letterkenny,non_priority,42.00655042792764,42.00655042792764,0.0,1.0,0.0
network_priority_dlr,2030-01-14 19:00:00,Letterkenny wind,Letterkenny,non_priority,48.328192035092485,48.328192035092485,0.0,1.0,0.0
network_priority_dlr,2030-01-14 20:00:00,Letterkenny wind,Letterkenny,non_priority,33.13878633764136,33.13878633764136,0.0,1.0,0.0
network_priority_dlr,2030-01-14 21:00:00,Letterkenny wind,Letterkenny,non_priority,34.82535731465508,34.82535731465508,0.0,1.0,0.0
network_priority_dlr,2030-01-14 22:00:00,Letterkenny wind,Letterkenny,non_priority,29.77431323852741,29.77431323852741,0.0,1.0,0.0
network_priority_dlr,2030-01-14 23:00:00,Letterkenny wind,Letterkenny,non_priority,51.553512231645605,51.553512231645605,0.0,1.0,0.0
network_priority_dlr,2030-01-15 00:00:00,Letterkenny wind,Letterkenny,non_priority,70.85855889896892,70.85855889896892,0.0,1.0,0.0
network_priority_dlr,2030-01-15 01:00:00,Letterkenny wind,Letterkenny,non_priority,75.1384254918753,75.1384254918753,0.0,1.0,0.0
network_priority_dlr,2030-01-15 02:00:00,Letterkenny wind,Letterkenny,non_priority,75.13788026194989,75.13788026194989,0.0,1.0,0.0
network_priority_dlr,2030-01-15 03:00:00,Letterkenny wind,Letterkenny,non_priority,80.17408608066965,40.840828609713064,39.33325747095659,1.0,39.33325747095659
network_priority_dlr,2030-01-15 04:00:00,Letterkenny wind,Letterkenny,non_priority,79.52967447348547,21.231112538033535,58.298561935451936,1.0,58.298561935451936
network_priority_dlr,2030-01-15 05:00:00,Letterkenny wind,Letterkenny,non_priority,77.21798476078645,61.81708075143311,15.40090400935334,1.0,15.40090400935334
network_priority_dlr,2030-01-14 06:00:00,Drumkeen wind,Drumkeen,priority,34.55542716559042,34.55542716559042,0.0,1.0,0.0
network_priority_dlr,2030-01-14 07:00:00,Drumkeen wind,Drumkeen,priority,50.975069607586114,50.975069607586114,0.0,1.0,0.0
network_priority_dlr,2030-01-14 08:00:00,Drumkeen wind,Drumkeen,priority,51.11248966928623,51.11248966928623,0.0,1.0,0.0
network_priority_dlr,2030-01-14 09:00:00,Drumkeen wind,Drumkeen,priority,60.53250673787193,60.53250673787193,0.0,1.0,0.0
network_priority_dlr,2030-01-14 10:00:00,Drumkeen wind,Drumkeen,priority,56.04454036594005,56.04454036594005,0.0,1.0,0.0
network_priority_dlr,2030-01-14 11:00:00,Drumkeen wind,Drumkeen,priority,64.6895731803692,64.6895731803692,0.0,1.0,0.0
network_priority_dlr,2030-01-14 12:00:00,Drumkeen wind,Drumkeen,priority,33.79557917796294,33.79557917796294,0.0,1.0,0.0
network_priority_dlr,2030-01-14 13:00:00,Drumkeen wind,Drumkeen,priority,30.68441183088882,30.68441183088882,0.0,1.0,0.0
network_priority_dlr,2030-01-14 14:00:00,Drumkeen wind,Drumkeen,priority,26.81721823025692,26.81721823025692,0.0,1.0,0.0
network_priority_dlr,2030-01-14 15:00:00,Drumkeen wind,Drumkeen,priority,57.38530526180425,57.38530526180425,0.0,1.0,0.0
network_priority_dlr,2030-01-14 16:00:00,Drumkeen wind,Drumkeen,priority,47.52733071606942,47.52733071606942,0.0,1.0,0.0
network_priority_dlr,2030-01-14 17:00:00,Drumkeen wind,Drumkeen,priority,54.65476115411948,54.65476115411948,0.0,1.0,0.0
network_priority_dlr,2030-01-14 18:00:00,Drumkeen wind,Drumkeen,priority,44.28009416682733,44.28009416682733,0.0,1.0,0.0
network_priority_dlr,2030-01-14 19:00:00,Drumkeen wind,Drumkeen,priority,46.02952584477828,46.02952584477828,0.0,1.0,0.0
network_priority_dlr,2030-01-14 20:00:00,Drumkeen wind,Drumkeen,priority,29.723393519850315,29.723393519850315,0.0,1.0,0.0
network_priority_dlr,2030-01-14 21:00:00,Drumkeen wind,Drumkeen,priority,34.56779472137786,34.56779472137786,0.0,1.0,0.0
network_priority_dlr,2030-01-14 22:00:00,Drumkeen wind,Drumkeen,priority,29.900882784608402,29.900882784608402,0.0,1.0,0.0
network_priority_dlr,2030-01-14 23:00:00,Drumkeen wind,Drumkeen,priority,49.62574893232017,49.62574893232017,0.0,1.0,0.0
network_priority_dlr,2030-01-15 00:00:00,Drumkeen wind,Drumkeen,priority,67.32561827012364,67.32561827012364,0.0,1.0,0.0
network_priority_dlr,2030-01-15 01:00:00,Drumkeen wind,Drumkeen,priority,68.02099150640097,68.02099150640097,0.0,1.0,0.0
network_priority_dlr,2030-01-15 02:00:00,Drumkeen wind,Drumkeen,priority,68.7080190460109,68.7080190460109,0.0,1.0,0.0
network_priority_dlr,2030-01-15 03:00:00,Drumkeen wind,Drumkeen,priority,75.21292299628776,75.21292299628776,0.0,1.0,0.0
network_priority_dlr,2030-01-15 04:00:00,Drumkeen wind,Drumkeen,priority,74.79907029289112,74.79906029289094,1.0000000173704393e-05,1.0,1.0000000173704393e-05
network_priority_dlr,2030-01-15 05:00:00,Drumkeen wind,Drumkeen,priority,73.21976048416526,73.21976048416526,0.0,1.0,0.0
network_priority_dlr,2030-01-14 06:00:00,Glenree wind,Glenree,non_priority,13.03427761797363,13.03427761797363,0.0,1.0,0.0
network_priority_dlr,2030-01-14 07:00:00,Glenree wind,Glenree,non_priority,17.533290698316616,17.533290698316616,0.0,1.0,0.0
network_priority_dlr,2030-01-14 08:00:00,Glenree wind,Glenree,non_priority,16.188019592378055,16.188019592378055,0.0,1.0,0.0
network_priority_dlr,2030-01-14 09:00:00,Glenree wind,Glenree,non_priority,36.09724325985801,36.09724325985801,0.0,1.0,0.0
network_priority_dlr,2030-01-14 10:00:00,Glenree wind,Glenree,non_priority,35.57474970744608,35.57474970744608,0.0,1.0,0.0
network_priority_dlr,2030-01-14 11:00:00,Glenree wind,Glenree,non_priority,38.00765352741275,38.00765352741275,0.0,1.0,0.0
network_priority_dlr,2030-01-14 12:00:00,Glenree wind,Glenree,non_priority,11.558273600923668,11.558273600923668,0.0,1.0,0.0
network_priority_dlr,2030-01-14 13:00:00,Glenree wind,Glenree,non_priority,8.556135615272925,8.556135615272925,0.0,1.0,0.0
network_priority_dlr,2030-01-14 14:00:00,Glenree wind,Glenree,non_priority,7.203218688453863,7.203218688453863,0.0,1.0,0.0
network_priority_dlr,2030-01-14 15:00:00,Glenree wind,Glenree,non_priority,18.87446621236314,18.87446621236314,0.0,1.0,0.0
network_priority_dlr,2030-01-14 16:00:00,Glenree wind,Glenree,non_priority,18.251840272306442,18.251840272306442,0.0,1.0,0.0
network_priority_dlr,2030-01-14 17:00:00,Glenree wind,Glenree,non_priority,28.26602346706999,28.26602346706999,0.0,1.0,0.0
network_priority_dlr,2030-01-14 18:00:00,Glenree wind,Glenree,non_priority,23.141273938529515,23.141273938529515,0.0,1.0,0.0
network_priority_dlr,2030-01-14 19:00:00,Glenree wind,Glenree,non_priority,22.082604665052486,22.082604665052486,0.0,1.0,0.0
network_priority_dlr,2030-01-14 20:00:00,Glenree wind,Glenree,non_priority,15.23860497137327,15.23860497137327,0.0,1.0,0.0
network_priority_dlr,2030-01-14 21:00:00,Glenree wind,Glenree,non_priority,11.634409264720908,11.634409264720908,0.0,1.0,0.0
network_priority_dlr,2030-01-14 22:00:00,Glenree wind,Glenree,non_priority,9.1416749782349,9.1416749782349,0.0,1.0,0.0
network_priority_dlr,2030-01-14 23:00:00,Glenree wind,Glenree,non_priority,15.468327883513929,15.468327883513929,0.0,1.0,0.0
network_priority_dlr,2030-01-15 00:00:00,Glenree wind,Glenree,non_priority,21.637593736295372,21.637593736295372,0.0,1.0,0.0
network_priority_dlr,2030-01-15 01:00:00,Glenree wind,Glenree,non_priority,23.282034318691757,23.282034318691757,0.0,1.0,0.0
network_priority_dlr,2030-01-15 02:00:00,Glenree wind,Glenree,non_priority,29.980153284540872,29.980153284540872,0.0,1.0,0.0
network_priority_dlr,2030-01-15 03:00:00,Glenree wind,Glenree,non_priority,38.594225330690804,38.594225330690804,0.0,1.0,0.0
network_priority_dlr,2030-01-15 04:00:00,Glenree wind,Glenree,non_priority,44.24904576132181,44.24904576132181,0.0,1.0,0.0
network_priority_dlr,2030-01-15 05:00:00,Glenree wind,Glenree,non_priority,35.347954349225596,35.347954349225596,0.0,1.0,0.0
network_priority_dlr,2030-01-14 06:00:00,Sorne Hill wind,Sorne Hill,non_priority,14.10332549394124,14.10332549394124,0.0,1.0,0.0
network_priority_dlr,2030-01-14 07:00:00,Sorne Hill wind,Sorne Hill,non_priority,27.65927622121897,27.65927622121897,0.0,1.0,0.0
network_priority_dlr,2030-01-14 08:00:00,Sorne Hill wind,Sorne Hill,non_priority,31.57292471203537,31.57292471203537,0.0,1.0,0.0
network_priority_dlr,2030-01-14 09:00:00,Sorne Hill wind,Sorne Hill,non_priority,30.856659273453886,30.856659273453886,0.0,1.0,0.0
network_priority_dlr,2030-01-14 10:00:00,Sorne Hill wind,Sorne Hill,non_priority,22.562850613697613,22.562850613697613,0.0,1.0,0.0
network_priority_dlr,2030-01-14 11:00:00,Sorne Hill wind,Sorne Hill,non_priority,29.46775743584074,29.46775743584074,0.0,1.0,0.0
network_priority_dlr,2030-01-14 12:00:00,Sorne Hill wind,Sorne Hill,non_priority,13.911591944996564,13.911591944996564,0.0,1.0,0.0
network_priority_dlr,2030-01-14 13:00:00,Sorne Hill wind,Sorne Hill,non_priority,12.225090131852161,12.225090131852161,0.0,1.0,0.0
network_priority_dlr,2030-01-14 14:00:00,Sorne Hill wind,Sorne Hill,non_priority,9.100715189151563,9.100715189151563,0.0,1.0,0.0
network_priority_dlr,2030-01-14 15:00:00,Sorne Hill wind,Sorne Hill,non_priority,17.35269141104657,17.35269141104657,0.0,1.0,0.0
network_priority_dlr,2030-01-14 16:00:00,Sorne Hill wind,Sorne Hill,non_priority,12.735443310024104,12.735443310024104,0.0,1.0,0.0
network_priority_dlr,2030-01-14 17:00:00,Sorne Hill wind,Sorne Hill,non_priority,12.829685132860396,12.829685132860396,0.0,1.0,0.0
network_priority_dlr,2030-01-14 18:00:00,Sorne Hill wind,Sorne Hill,non_priority,10.921434353595691,10.921434353595691,0.0,1.0,0.0
network_priority_dlr,2030-01-14 19:00:00,Sorne Hill wind,Sorne Hill,non_priority,13.985471597453586,13.985471597453586,0.0,1.0,0.0
network_priority_dlr,2030-01-14 20:00:00,Sorne Hill wind,Sorne Hill,non_priority,9.789263877525505,9.789263877525505,0.0,1.0,0.0
network_priority_dlr,2030-01-14 21:00:00,Sorne Hill wind,Sorne Hill,non_priority,13.246118494741266,13.246118494741266,0.0,1.0,0.0
network_priority_dlr,2030-01-14 22:00:00,Sorne Hill wind,Sorne Hill,non_priority,11.107911409982277,11.107911409982277,0.0,1.0,0.0
network_priority_dlr,2030-01-14 23:00:00,Sorne Hill wind,Sorne Hill,non_priority,20.197918411359524,20.197918411359524,0.0,1.0,0.0
network_priority_dlr,2030-01-15 00:00:00,Sorne Hill wind,Sorne Hill,non_priority,28.63996917653709,28.63996917653709,0.0,1.0,0.0
network_priority_dlr,2030-01-15 01:00:00,Sorne Hill wind,Sorne Hill,non_priority,28.277885843965812,28.277885843965812,0.0,1.0,0.0
network_priority_dlr,2030-01-15 02:00:00,Sorne Hill wind,Sorne Hill,non_priority,25.648240392411775,25.648240392411775,0.0,1.0,0.0
network_priority_dlr,2030-01-15 03:00:00,Sorne Hill wind,Sorne Hill,non_priority,26.372122088212148,26.372122088212148,0.0,1.0,0.0
network_priority_dlr,2030-01-15 04:00:00,Sorne Hill wind,Sorne Hill,non_priority,28.727813786240404,28.727813786240404,0.0,1.0,0.0
network_priority_dlr,2030-01-15 05:00:00,Sorne Hill wind,Sorne Hill,non_priority,22.818123238147724,22.818123238147724,0.0,1.0,0.0
network_priority_dlr,2030-01-14 06:00:00,Sligo wind,Sligo,non_priority,15.38615557862624,15.38615557862624,0.0,1.0,0.0
network_priority_dlr,2030-01-14 07:00:00,Sligo wind,Sligo,non_priority,18.963381098953494,18.963381098953494,0.0,1.0,0.0
network_priority_dlr,2030-01-14 08:00:00,Sligo wind,Sligo,non_priority,17.338909776037852,17.338909776037852,0.0,1.0,0.0
network_priority_dlr,2030-01-14 09:00:00,Sligo wind,Sligo,non_priority,28.095248018194017,28.095248018194017,0.0,1.0,0.0
network_priority_dlr,2030-01-14 10:00:00,Sligo wind,Sligo,non_priority,27.456797752993715,27.456797752993715,0.0,1.0,0.0
network_priority_dlr,2030-01-14 11:00:00,Sligo wind,Sligo,non_priority,28.827532476372713,28.827532476372713,0.0,1.0,0.0
network_priority_dlr,2030-01-14 12:00:00,Sligo wind,Sligo,non_priority,8.929375862022011,8.929375862022011,0.0,1.0,0.0
network_priority_dlr,2030-01-14 13:00:00,Sligo wind,Sligo,non_priority,7.568624661157955,7.568624661157955,0.0,1.0,0.0
network_priority_dlr,2030-01-14 14:00:00,Sligo wind,Sligo,non_priority,5.661926867589395,5.661926867589395,0.0,1.0,0.0
network_priority_dlr,2030-01-14 15:00:00,Sligo wind,Sligo,non_priority,14.722572594976858,14.722572594976858,0.0,1.0,0.0
network_priority_dlr,2030-01-14 16:00:00,Sligo wind,Sligo,non_priority,15.851110952974626,15.851110952974626,0.0,1.0,0.0
network_priority_dlr,2030-01-14 17:00:00,Sligo wind,Sligo,non_priority,22.990937252059087,22.990937252059087,0.0,1.0,0.0
network_priority_dlr,2030-01-14 18:00:00,Sligo wind,Sligo,non_priority,18.14116087033879,18.14116087033879,0.0,1.0,0.0
network_priority_dlr,2030-01-14 19:00:00,Sligo wind,Sligo,non_priority,17.226133745601267,17.226133745601267,0.0,1.0,0.0
network_priority_dlr,2030-01-14 20:00:00,Sligo wind,Sligo,non_priority,9.592058067111365,9.592058067111365,0.0,1.0,0.0
network_priority_dlr,2030-01-14 21:00:00,Sligo wind,Sligo,non_priority,7.062277502012783,7.062277502012783,0.0,1.0,0.0
network_priority_dlr,2030-01-14 22:00:00,Sligo wind,Sligo,non_priority,7.899750358484654,7.899750358484654,0.0,1.0,0.0
network_priority_dlr,2030-01-14 23:00:00,Sligo wind,Sligo,non_priority,14.982180517477701,14.982180517477701,0.0,1.0,0.0
network_priority_dlr,2030-01-15 00:00:00,Sligo wind,Sligo,non_priority,17.36594389469885,17.36594389469885,0.0,1.0,0.0
network_priority_dlr,2030-01-15 01:00:00,Sligo wind,Sligo,non_priority,18.816862901567028,18.816862901567028,0.0,1.0,0.0
network_priority_dlr,2030-01-15 02:00:00,Sligo wind,Sligo,non_priority,25.22719762530992,25.22719762530992,0.0,1.0,0.0
network_priority_dlr,2030-01-15 03:00:00,Sligo wind,Sligo,non_priority,33.567470746615925,33.567470746615925,0.0,1.0,0.0
network_priority_dlr,2030-01-15 04:00:00,Sligo wind,Sligo,non_priority,36.330800980491304,36.330800980491304,0.0,1.0,0.0
network_priority_dlr,2030-01-15 05:00:00,Sligo wind,Sligo,non_priority,34.49056465103515,34.49056465103515,0.0,1.0,0.0
network_priority_dlr,2030-01-14 06:00:00,Trillick wind,Trillick,non_priority,9.964863499197378,9.964863499197378,0.0,1.0,0.0
network_priority_dlr,2030-01-14 07:00:00,Trillick wind,Trillick,non_priority,19.54297319092927,19.54297319092927,0.0,1.0,0.0
network_priority_dlr,2030-01-14 08:00:00,Trillick wind,Trillick,non_priority,22.30820561866974,22.30820561866974,0.0,1.0,0.0
network_priority_dlr,2030-01-14 09:00:00,Trillick wind,Trillick,non_priority,21.802120204437223,21.802120204437223,0.0,1.0,0.0
network_priority_dlr,2030-01-14 10:00:00,Trillick wind,Trillick,non_priority,15.942036267607056,15.942036267607056,0.0,1.0,0.0
network_priority_dlr,2030-01-14 11:00:00,Trillick wind,Trillick,non_priority,20.820775965339486,20.820775965339486,0.0,1.0,0.0
network_priority_dlr,2030-01-14 12:00:00,Trillick wind,Trillick,non_priority,9.82939200034619,9.82939200034619,0.0,1.0,0.0
network_priority_dlr,2030-01-14 13:00:00,Trillick wind,Trillick,non_priority,8.637775146126057,8.637775146126057,0.0,1.0,0.0
network_priority_dlr,2030-01-14 14:00:00,Trillick wind,Trillick,non_priority,6.4302128348329415,6.4302128348329415,0.0,1.0,0.0
network_priority_dlr,2030-01-14 15:00:00,Trillick wind,Trillick,non_priority,12.260739591457257,12.260739591457257,0.0,1.0,0.0
network_priority_dlr,2030-01-14 16:00:00,Trillick wind,Trillick,non_priority,8.99837093320122,8.99837093320122,0.0,1.0,0.0
network_priority_dlr,2030-01-14 17:00:00,Trillick wind,Trillick,non_priority,9.064958554743576,9.064958554743576,0.0,1.0,0.0
network_priority_dlr,2030-01-14 18:00:00,Trillick wind,Trillick,non_priority,7.716662470548481,7.716662470548481,0.0,1.0,0.0
network_priority_dlr,2030-01-14 19:00:00,Trillick wind,Trillick,non_priority,9.881592501030843,9.881592501030843,0.0,1.0,0.0
network_priority_dlr,2030-01-14 20:00:00,Trillick wind,Trillick,non_priority,6.916714666982054,6.916714666982054,0.0,1.0,0.0
network_priority_dlr,2030-01-14 21:00:00,Trillick wind,Trillick,non_priority,9.359194237628257,9.359194237628257,0.0,1.0,0.0
network_priority_dlr,2030-01-14 22:00:00,Trillick wind,Trillick,non_priority,7.848419935369296,7.848419935369296,0.0,1.0,0.0
network_priority_dlr,2030-01-14 23:00:00,Trillick wind,Trillick,non_priority,14.271066779504459,14.271066779504459,0.0,1.0,0.0
network_priority_dlr,2030-01-15 00:00:00,Trillick wind,Trillick,non_priority,20.23589284584099,20.23589284584099,0.0,1.0,0.0
network_priority_dlr,2030-01-15 01:00:00,Trillick wind,Trillick,non_priority,19.980058788408414,19.980058788408414,0.0,1.0,0.0
network_priority_dlr,2030-01-15 02:00:00,Trillick wind,Trillick,non_priority,18.12205317212462,18.12205317212462,0.0,1.0,0.0
network_priority_dlr,2030-01-15 03:00:00,Trillick wind,Trillick,non_priority,18.633519938690924,18.633519938690924,0.0,1.0,0.0
network_priority_dlr,2030-01-15 04:00:00,Trillick wind,Trillick,non_priority,20.29796044438077,20.29796044438077,0.0,1.0,0.0
network_priority_dlr,2030-01-15 05:00:00,Trillick wind,Trillick,non_priority,16.12240201601299,16.12240201601299,0.0,1.0,0.0
network_priority_dlr,2030-01-14 06:00:00,Tievebrack wind,Tievebrack,non_priority,22.908401330875424,22.908401330875424,0.0,1.0,0.0
network_priority_dlr,2030-01-14 07:00:00,Tievebrack wind,Tievebrack,non_priority,24.632119683754777,24.632119683754777,0.0,1.0,0.0
network_priority_dlr,2030-01-14 08:00:00,Tievebrack wind,Tievebrack,non_priority,25.01808194518203,25.01808194518203,0.0,1.0,0.0
network_priority_dlr,2030-01-14 09:00:00,Tievebrack wind,Tievebrack,non_priority,26.78235155267537,26.78235155267537,0.0,1.0,0.0
network_priority_dlr,2030-01-14 10:00:00,Tievebrack wind,Tievebrack,non_priority,26.752202754374046,26.752202754374046,0.0,1.0,0.0
network_priority_dlr,2030-01-14 11:00:00,Tievebrack wind,Tievebrack,non_priority,26.90314095334458,26.90314095334458,0.0,1.0,0.0
network_priority_dlr,2030-01-14 12:00:00,Tievebrack wind,Tievebrack,non_priority,24.109784007653495,24.109784007653495,0.0,1.0,0.0
network_priority_dlr,2030-01-14 13:00:00,Tievebrack wind,Tievebrack,non_priority,24.029552855336576,24.029552855336576,0.0,1.0,0.0
network_priority_dlr,2030-01-14 14:00:00,Tievebrack wind,Tievebrack,non_priority,19.378318284957874,19.378318284957874,0.0,1.0,0.0
network_priority_dlr,2030-01-14 15:00:00,Tievebrack wind,Tievebrack,non_priority,26.183943377833355,26.183943377833355,0.0,1.0,0.0
network_priority_dlr,2030-01-14 16:00:00,Tievebrack wind,Tievebrack,non_priority,23.17530116883002,23.17530116883002,0.0,1.0,0.0
network_priority_dlr,2030-01-14 17:00:00,Tievebrack wind,Tievebrack,non_priority,26.009972239751125,26.009972239751125,0.0,1.0,0.0
network_priority_dlr,2030-01-14 18:00:00,Tievebrack wind,Tievebrack,non_priority,22.584455632003788,22.584455632003788,0.0,1.0,0.0
network_priority_dlr,2030-01-14 19:00:00,Tievebrack wind,Tievebrack,non_priority,22.960275733843226,22.960275733843226,0.0,1.0,0.0
network_priority_dlr,2030-01-14 20:00:00,Tievebrack wind,Tievebrack,non_priority,16.318130280025226,16.318130280025226,0.0,1.0,0.0
network_priority_dlr,2030-01-14 21:00:00,Tievebrack wind,Tievebrack,non_priority,17.893693138183508,17.893693138183508,0.0,1.0,0.0
network_priority_dlr,2030-01-14 22:00:00,Tievebrack wind,Tievebrack,non_priority,13.534487156275423,13.534487156275423,0.0,1.0,0.0
network_priority_dlr,2030-01-14 23:00:00,Tievebrack wind,Tievebrack,non_priority,20.332279045054594,20.332279045054594,0.0,1.0,0.0
network_priority_dlr,2030-01-15 00:00:00,Tievebrack wind,Tievebrack,non_priority,23.277638304624805,23.277638304624805,0.0,1.0,0.0
network_priority_dlr,2030-01-15 01:00:00,Tievebrack wind,Tievebrack,non_priority,26.03254988925109,26.03254988925109,0.0,1.0,0.0
network_priority_dlr,2030-01-15 02:00:00,Tievebrack wind,Tievebrack,non_priority,25.821671463898564,25.821671463898564,0.0,1.0,0.0
network_priority_dlr,2030-01-15 03:00:00,Tievebrack wind,Tievebrack,non_priority,26.85090877560257,26.85090877560257,0.0,1.0,0.0
network_priority_dlr,2030-01-15 04:00:00,Tievebrack wind,Tievebrack,non_priority,26.877928225406777,26.877928225406777,0.0,1.0,0.0
network_priority_dlr,2030-01-15 05:00:00,Tievebrack wind,Tievebrack,non_priority,26.733296306950407,26.733296306950407,0.0,1.0,0.0
network_priority_dlr,2030-01-14 06:00:00,Ardnagappary wind,Ardnagappary,priority,6.537031392376762,6.537031392376762,0.0,1.0,0.0
network_priority_dlr,2030-01-14 07:00:00,Ardnagappary wind,Ardnagappary,priority,8.72360521011195,8.72360521011195,0.0,1.0,0.0
network_priority_dlr,2030-01-14 08:00:00,Ardnagappary wind,Ardnagappary,priority,10.149300961964267,10.149300961964267,0.0,1.0,0.0
network_priority_dlr,2030-01-14 09:00:00,Ardnagappary wind,Ardnagappary,priority,15.264254859517026,15.264254859517026,0.0,1.0,0.0
network_priority_dlr,2030-01-14 10:00:00,Ardnagappary wind,Ardnagappary,priority,15.59986947017423,15.59986947017423,0.0,1.0,0.0
network_priority_dlr,2030-01-14 11:00:00,Ardnagappary wind,Ardnagappary,priority,18.949626838774176,18.949626838774176,0.0,1.0,0.0
network_priority_dlr,2030-01-14 12:00:00,Ardnagappary wind,Ardnagappary,priority,8.926854703258773,8.926854703258773,0.0,1.0,0.0
network_priority_dlr,2030-01-14 13:00:00,Ardnagappary wind,Ardnagappary,priority,8.171915846519298,8.171915846519298,0.0,1.0,0.0
network_priority_dlr,2030-01-14 14:00:00,Ardnagappary wind,Ardnagappary,priority,6.721109657901389,6.721109657901389,0.0,1.0,0.0
network_priority_dlr,2030-01-14 15:00:00,Ardnagappary wind,Ardnagappary,priority,10.974512710872498,10.974512710872498,0.0,1.0,0.0
network_priority_dlr,2030-01-14 16:00:00,Ardnagappary wind,Ardnagappary,priority,7.24027131493665,7.24027131493665,0.0,1.0,0.0
network_priority_dlr,2030-01-14 17:00:00,Ardnagappary wind,Ardnagappary,priority,9.922983052024193,9.922983052024193,0.0,1.0,0.0
network_priority_dlr,2030-01-14 18:00:00,Ardnagappary wind,Ardnagappary,priority,7.226284570827453,7.226284570827453,0.0,1.0,0.0
network_priority_dlr,2030-01-14 19:00:00,Ardnagappary wind,Ardnagappary,priority,9.083114545348463,9.083114545348463,0.0,1.0,0.0
network_priority_dlr,2030-01-14 20:00:00,Ardnagappary wind,Ardnagappary,priority,6.102653435855914,6.102653435855914,0.0,1.0,0.0
network_priority_dlr,2030-01-14 21:00:00,Ardnagappary wind,Ardnagappary,priority,10.648010494049585,10.648010494049585,0.0,1.0,0.0
network_priority_dlr,2030-01-14 22:00:00,Ardnagappary wind,Ardnagappary,priority,7.553182610698592,7.553182610698592,0.0,1.0,0.0
network_priority_dlr,2030-01-14 23:00:00,Ardnagappary wind,Ardnagappary,priority,10.54871531246997,10.54871531246997,0.0,1.0,0.0
network_priority_dlr,2030-01-15 00:00:00,Ardnagappary wind,Ardnagappary,priority,13.773518746655606,13.773518746655606,0.0,1.0,0.0
network_priority_dlr,2030-01-15 01:00:00,Ardnagappary wind,Ardnagappary,priority,16.503804883752125,16.503804883752125,0.0,1.0,0.0
network_priority_dlr,2030-01-15 02:00:00,Ardnagappary wind,Ardnagappary,priority,15.28901105438842,15.28901105438842,0.0,1.0,0.0
network_priority_dlr,2030-01-15 03:00:00,Ardnagappary wind,Ardnagappary,priority,18.700598387726814,18.700598387726814,0.0,1.0,0.0
network_priority_dlr,2030-01-15 04:00:00,Ardnagappary wind,Ardnagappary,priority,18.428029316015525,18.428029316015525,0.0,1.0,0.0
network_priority_dlr,2030-01-15 05:00:00,Ardnagappary wind,Ardnagappary,priority,16.590172413371633,16.590172413371633,0.0,1.0,0.0
