scenario,snapshot,component,branch,bus0,bus1,flow_mw_bus0_to_bus1,rating_mva,loading_pu,binding,flow_direction_sign
network_neutral_static,2030-01-14 06:00:00,Line,1571-5191-1,Ardnagappary,Tievebrack,-1.4648813879999105,91.0,0.016097597670328687,False,-1
network_neutral_static,2030-01-14 07:00:00,Line,1571-5191-1,Ardnagappary,Tievebrack,0.010492436474759614,91.0,0.00011530149972263312,False,1
network_neutral_static,2030-01-14 08:00:00,Line,1571-5191-1,Ardnagappary,Tievebrack,0.8830326380133382,91.0,0.009703655362783937,False,1
network_neutral_static,2030-01-14 09:00:00,Line,1571-5191-1,Ardnagappary,Tievebrack,5.8399420926193155,91.0,0.06417518783098149,False,1
network_neutral_static,2030-01-14 10:00:00,Line,1571-5191-1,Ardnagappary,Tievebrack,6.17555670327652,91.0,0.06786326047556615,False,1
network_neutral_static,2030-01-14 11:00:00,Line,1571-5191-1,Ardnagappary,Tievebrack,9.604336293349858,91.0,0.10554215706977867,False,1
network_neutral_static,2030-01-14 12:00:00,Line,1571-5191-1,Ardnagappary,Tievebrack,-0.33941362069215586,91.0,0.0037298200076061085,False,-1
network_neutral_static,2030-01-14 13:00:00,Line,1571-5191-1,Ardnagappary,Tievebrack,-1.0153302559582382,91.0,0.01115747534020042,False,-1
network_neutral_static,2030-01-14 14:00:00,Line,1571-5191-1,Ardnagappary,Tievebrack,-2.3871142231027562,91.0,0.02623202442970062,False,-1
network_neutral_static,2030-01-14 15:00:00,Line,1571-5191-1,Ardnagappary,Tievebrack,1.7872666083949618,91.0,0.019640292399944633,False,1
network_neutral_static,2030-01-14 16:00:00,Line,1571-5191-1,Ardnagappary,Tievebrack,-2.3420858949078402,91.0,0.025737207636349894,False,-1
network_neutral_static,2030-01-14 17:00:00,Line,1571-5191-1,Ardnagappary,Tievebrack,-0.13350748666064405,91.0,0.0014671152380290554,False,-1
network_neutral_static,2030-01-14 18:00:00,Line,1571-5191-1,Ardnagappary,Tievebrack,-2.8302059678573848,91.0,0.031101164481949283,False,-1
network_neutral_static,2030-01-14 19:00:00,Line,1571-5191-1,Ardnagappary,Tievebrack,-0.6572871074428104,91.0,0.00722293524662429,False,-1
network_neutral_static,2030-01-14 20:00:00,Line,1571-5191-1,Ardnagappary,Tievebrack,-3.2426371095684035,91.0,0.03563337483042202,False,-1
network_neutral_static,2030-01-14 21:00:00,Line,1571-5191-1,Ardnagappary,Tievebrack,1.6978310559922214,91.0,0.018657484131782653,False,1
network_neutral_static,2030-01-14 22:00:00,Line,1571-5191-1,Ardnagappary,Tievebrack,-1.001885719991817,91.0,0.011009733186723263,False,-1
network_neutral_static,2030-01-14 23:00:00,Line,1571-5191-1,Ardnagappary,Tievebrack,2.388758089146515,91.0,0.02625008889171995,False,1
network_neutral_static,2030-01-15 00:00:00,Line,1571-5191-1,Ardnagappary,Tievebrack,6.000298748841333,91.0,0.06593734888836629,False,1
network_neutral_static,2030-01-15 01:00:00,Line,1571-5191-1,Ardnagappary,Tievebrack,8.964707869540707,91.0,0.09851327329165611,False,1
network_neutral_static,2030-01-15 02:00:00,Line,1571-5191-1,Ardnagappary,Tievebrack,7.905996029245571,91.0,0.08687907724445683,False,1
network_neutral_static,2030-01-15 03:00:00,Line,1571-5191-1,Ardnagappary,Tievebrack,11.395624357118251,91.0,0.12522664128701375,False,1
network_neutral_static,2030-01-15 04:00:00,Line,1571-5191-1,Ardnagappary,Tievebrack,11.123055285406963,91.0,0.12223137676271388,False,1
network_neutral_static,2030-01-15 05:00:00,Line,1571-5191-1,Ardnagappary,Tievebrack,9.129116393694499,91.0,0.10031996037026922,False,1
network_neutral_static,2030-01-14 06:00:00,Line,1341-1701-1,Binbane,Cathaleen's Fall,29.14052978727532,210.0,0.1387644275584539,False,1
network_neutral_static,2030-01-14 07:00:00,Line,1341-1701-1,Binbane,Cathaleen's Fall,48.296775920025,210.0,0.22998464723821427,False,1
network_neutral_static,2030-01-14 08:00:00,Line,1341-1701-1,Binbane,Cathaleen's Fall,47.927982503887264,210.0,0.22822848811374888,False,1
network_neutral_static,2030-01-14 09:00:00,Line,1341-1701-1,Binbane,Cathaleen's Fall,59.03317623244731,210.0,0.2811103630116539,False,1
network_neutral_static,2030-01-14 10:00:00,Line,1341-1701-1,Binbane,Cathaleen's Fall,55.9077333278249,210.0,0.26622730156107094,False,1
network_neutral_static,2030-01-14 11:00:00,Line,1341-1701-1,Binbane,Cathaleen's Fall,73.86420786933712,210.0,0.3517343231873196,False,1
network_neutral_static,2030-01-14 12:00:00,Line,1341-1701-1,Binbane,Cathaleen's Fall,25.064809028480127,210.0,0.11935623346895298,False,1
network_neutral_static,2030-01-14 13:00:00,Line,1341-1701-1,Binbane,Cathaleen's Fall,21.253717885634092,210.0,0.10120818040778139,False,1
network_neutral_static,2030-01-14 14:00:00,Line,1341-1701-1,Binbane,Cathaleen's Fall,5.4610429159157015,210.0,0.026004966266265243,False,1
network_neutral_static,2030-01-14 15:00:00,Line,1341-1701-1,Binbane,Cathaleen's Fall,44.280660475930986,210.0,0.21086028798062376,False,1
network_neutral_static,2030-01-14 16:00:00,Line,1341-1701-1,Binbane,Cathaleen's Fall,29.741616440329498,210.0,0.14162674495395,False,1
network_neutral_static,2030-01-14 17:00:00,Line,1341-1701-1,Binbane,Cathaleen's Fall,41.56932727303924,210.0,0.19794917749066307,False,1
network_neutral_static,2030-01-14 18:00:00,Line,1341-1701-1,Binbane,Cathaleen's Fall,22.78513120290487,210.0,0.10850062477573748,False,1
network_neutral_static,2030-01-14 19:00:00,Line,1341-1701-1,Binbane,Cathaleen's Fall,30.06303043948856,210.0,0.1431572878070884,False,1
network_neutral_static,2030-01-14 20:00:00,Line,1341-1701-1,Binbane,Cathaleen's Fall,5.7431215847239585,210.0,0.02734819802249504,False,1
network_neutral_static,2030-01-14 21:00:00,Line,1341-1701-1,Binbane,Cathaleen's Fall,20.897612721273322,210.0,0.09951244152987296,False,1
network_neutral_static,2030-01-14 22:00:00,Line,1341-1701-1,Binbane,Cathaleen's Fall,7.901990520507066,210.0,0.037628526288128884,False,1
network_neutral_static,2030-01-14 23:00:00,Line,1341-1701-1,Binbane,Cathaleen's Fall,41.52659105722584,210.0,0.19774567170107543,False,1
network_neutral_static,2030-01-15 00:00:00,Line,1341-1701-1,Binbane,Cathaleen's Fall,67.00001242548858,210.0,0.3190476782166123,False,1
network_neutral_static,2030-01-15 01:00:00,Line,1341-1701-1,Binbane,Cathaleen's Fall,74.24468162784244,210.0,0.3535461029897259,False,1
network_neutral_static,2030-01-15 02:00:00,Line,1341-1701-1,Binbane,Cathaleen's Fall,66.91755664822405,210.0,0.31865503165820974,False,1
network_neutral_static,2030-01-15 03:00:00,Line,1341-1701-1,Binbane,Cathaleen's Fall,77.73899107124116,210.0,0.370185671767815,False,1
network_neutral_static,2030-01-15 04:00:00,Line,1341-1701-1,Binbane,Cathaleen's Fall,66.51949710311362,210.0,0.3167595100148268,False,1
network_neutral_static,2030-01-15 05:00:00,Line,1341-1701-1,Binbane,Cathaleen's Fall,70.90108798324736,210.0,0.33762422849165413,False,1
network_neutral_static,2030-01-14 06:00:00,Line,1341-5191-1,Binbane,Tievebrack,-12.995100601626703,159.0,0.08173019246306103,False,-1
network_neutral_static,2030-01-14 07:00:00,Line,1341-5191-1,Binbane,Tievebrack,-24.69159694439453,159.0,0.1552930625433618,False,-1
network_neutral_static,2030-01-14 08:00:00,Line,1341-5191-1,Binbane,Tievebrack,-29.15616927100635,159.0,0.18337213377991415,False,-1
network_neutral_static,2030-01-14 09:00:00,Line,1341-5191-1,Binbane,Tievebrack,-26.087510914021628,159.0,0.1640723956856706,False,-1
network_neutral_static,2030-01-14 10:00:00,Line,1341-5191-1,Binbane,Tievebrack,-31.232307840074064,159.0,0.19642960905706958,False,-1
network_neutral_static,2030-01-14 11:00:00,Line,1341-5191-1,Binbane,Tievebrack,-27.965682561007824,159.0,0.17588479598118129,False,-1
network_neutral_static,2030-01-14 12:00:00,Line,1341-5191-1,Binbane,Tievebrack,-15.688164824643057,159.0,0.09866770329964186,False,-1
network_neutral_static,2030-01-14 13:00:00,Line,1341-5191-1,Binbane,Tievebrack,-13.047492875234393,159.0,0.08205970361782637,False,-1
network_neutral_static,2030-01-14 14:00:00,Line,1341-5191-1,Binbane,Tievebrack,-2.5057089441273384,159.0,0.015759175749228544,False,-1
network_neutral_static,2030-01-14 15:00:00,Line,1341-5191-1,Binbane,Tievebrack,-22.113584377607637,159.0,0.13907914702897886,False,-1
network_neutral_static,2030-01-14 16:00:00,Line,1341-5191-1,Binbane,Tievebrack,-15.904593946388722,159.0,0.10002889274458315,False,-1
network_neutral_static,2030-01-14 17:00:00,Line,1341-5191-1,Binbane,Tievebrack,-15.340435840939612,159.0,0.09648072855936864,False,-1
network_neutral_static,2030-01-14 18:00:00,Line,1341-5191-1,Binbane,Tievebrack,-8.87561439105593,159.0,0.05582147415758446,False,-1
network_neutral_static,2030-01-14 19:00:00,Line,1341-5191-1,Binbane,Tievebrack,-15.573618325822675,159.0,0.09794728506806714,False,-1
network_neutral_static,2030-01-14 20:00:00,Line,1341-5191-1,Binbane,Tievebrack,-0.11781742993359501,159.0,0.0007409901253685221,False,-1
network_neutral_static,2030-01-14 21:00:00,Line,1341-5191-1,Binbane,Tievebrack,-7.225010849720139,159.0,0.04544031980956062,False,-1
network_neutral_static,2030-01-14 22:00:00,Line,1341-5191-1,Binbane,Tievebrack,-2.411643337001344,159.0,0.015167568157241157,False,-1
network_neutral_static,2030-01-14 23:00:00,Line,1341-5191-1,Binbane,Tievebrack,-20.29396125280685,159.0,0.1276349764327475,False,-1
network_neutral_static,2030-01-15 00:00:00,Line,1341-5191-1,Binbane,Tievebrack,-31.137433241371234,159.0,0.19583291346774362,False,-1
network_neutral_static,2030-01-15 01:00:00,Line,1341-5191-1,Binbane,Tievebrack,-30.974630503012357,159.0,0.19480899687429154,False,-1
network_neutral_static,2030-01-15 02:00:00,Line,1341-5191-1,Binbane,Tievebrack,-20.24661576111427,159.0,0.12733720604474383,False,-1
network_neutral_static,2030-01-15 03:00:00,Line,1341-5191-1,Binbane,Tievebrack,-18.39176601986417,159.0,0.11567148440166146,False,-1
network_neutral_static,2030-01-15 04:00:00,Line,1341-5191-1,Binbane,Tievebrack,-6.696754125230633,159.0,0.04211795047314864,False,-1
network_neutral_static,2030-01-15 05:00:00,Line,1341-5191-1,Binbane,Tievebrack,-18.16505652143269,159.0,0.11424563849957665,False,-1
network_neutral_static,2030-01-14 06:00:00,Line,2870-17010-1,Clogher,Cathaleen's Fall,65.75525594494457,209.0,0.3146184494973424,False,1
network_neutral_static,2030-01-14 07:00:00,Line,2870-17010-1,Clogher,Cathaleen's Fall,80.72090125686388,209.0,0.3862244079275784,False,1
network_neutral_static,2030-01-14 08:00:00,Line,2870-17010-1,Clogher,Cathaleen's Fall,88.36501291936234,209.0,0.4227991048773318,False,1
network_neutral_static,2030-01-14 09:00:00,Line,2870-17010-1,Clogher,Cathaleen's Fall,95.79290149893788,209.0,0.45833924162171236,False,1
network_neutral_static,2030-01-14 10:00:00,Line,2870-17010-1,Clogher,Cathaleen's Fall,98.1555536162751,209.0,0.4696437972070579,False,1
network_neutral_static,2030-01-14 11:00:00,Line,2870-17010-1,Clogher,Cathaleen's Fall,86.81956400804376,209.0,0.41540461247867827,False,1
network_neutral_static,2030-01-14 12:00:00,Line,2870-17010-1,Clogher,Cathaleen's Fall,69.47996096419595,209.0,0.33244000461337775,False,1
network_neutral_static,2030-01-14 13:00:00,Line,2870-17010-1,Clogher,Cathaleen's Fall,66.86191505443793,209.0,0.3199134691599901,False,1
network_neutral_static,2030-01-14 14:00:00,Line,2870-17010-1,Clogher,Cathaleen's Fall,41.9376584513396,209.0,0.20065865287722298,False,1
network_neutral_static,2030-01-14 15:00:00,Line,2870-17010-1,Clogher,Cathaleen's Fall,81.06718450745026,209.0,0.3878812655858864,False,1
network_neutral_static,2030-01-14 16:00:00,Line,2870-17010-1,Clogher,Cathaleen's Fall,78.76493480006872,209.0,0.37686571674674024,False,1
network_neutral_static,2030-01-14 17:00:00,Line,2870-17010-1,Clogher,Cathaleen's Fall,76.89851942583464,209.0,0.3679354996451418,False,1
network_neutral_static,2030-01-14 18:00:00,Line,2870-17010-1,Clogher,Cathaleen's Fall,60.73554922879709,209.0,0.2906007140133832,False,1
network_neutral_static,2030-01-14 19:00:00,Line,2870-17010-1,Clogher,Cathaleen's Fall,72.82284557399284,209.0,0.3484346678181475,False,1
network_neutral_static,2030-01-14 20:00:00,Line,2870-17010-1,Clogher,Cathaleen's Fall,38.516555299250186,209.0,0.18428973827392434,False,1
network_neutral_static,2030-01-14 21:00:00,Line,2870-17010-1,Clogher,Cathaleen's Fall,54.56271144988166,209.0,0.26106560502335724,False,1
network_neutral_static,2030-01-14 22:00:00,Line,2870-17010-1,Clogher,Cathaleen's Fall,44.5230340571681,209.0,0.2130288710869287,False,1
network_neutral_static,2030-01-14 23:00:00,Line,2870-17010-1,Clogher,Cathaleen's Fall,78.20060442264024,209.0,0.3741655714001925,False,1
network_neutral_static,2030-01-15 00:00:00,Line,2870-17010-1,Clogher,Cathaleen's Fall,92.43141629866895,209.0,0.44225558037640644,False,1
network_neutral_static,2030-01-15 01:00:00,Line,2870-17010-1,Clogher,Cathaleen's Fall,85.48386747461295,209.0,0.40901371997422464,False,1
network_neutral_static,2030-01-15 02:00:00,Line,2870-17010-1,Clogher,Cathaleen's Fall,90.30089530002964,209.0,0.4320617000001418,False,1
network_neutral_static,2030-01-15 03:00:00,Line,2870-17010-1,Clogher,Cathaleen's Fall,81.97146598604338,209.0,0.39220797122508794,False,1
network_neutral_static,2030-01-15 04:00:00,Line,2870-17010-1,Clogher,Cathaleen's Fall,81.99855426241955,209.0,0.39233758020296433,False,1
network_neutral_static,2030-01-15 05:00:00,Line,2870-17010-1,Clogher,Cathaleen's Fall,84.71492699342815,209.0,0.40533457891592417,False,1
network_neutral_static,2030-01-14 06:00:00,Line,1701-28712-2,Cathaleen's Fall,Clogher,-65.75525594494457,210.0,0.3131202664044979,False,-1
network_neutral_static,2030-01-14 07:00:00,Line,1701-28712-2,Cathaleen's Fall,Clogher,-80.72090125686388,210.0,0.3843852440803042,False,-1
network_neutral_static,2030-01-14 08:00:00,Line,1701-28712-2,Cathaleen's Fall,Clogher,-88.36501291936234,210.0,0.42078577580648735,False,-1
network_neutral_static,2030-01-14 09:00:00,Line,1701-28712-2,Cathaleen's Fall,Clogher,-95.79290149893788,210.0,0.4561566738044661,False,-1
network_neutral_static,2030-01-14 10:00:00,Line,1701-28712-2,Cathaleen's Fall,Clogher,-98.15555361627509,210.0,0.4674073981727385,False,-1
network_neutral_static,2030-01-14 11:00:00,Line,1701-28712-2,Cathaleen's Fall,Clogher,-86.81956400804374,210.0,0.41342649527639874,False,-1
network_neutral_static,2030-01-14 12:00:00,Line,1701-28712-2,Cathaleen's Fall,Clogher,-69.47996096419595,210.0,0.33085695697236167,False,-1
network_neutral_static,2030-01-14 13:00:00,Line,1701-28712-2,Cathaleen's Fall,Clogher,-66.86191505443793,210.0,0.31839007168779965,False,-1
network_neutral_static,2030-01-14 14:00:00,Line,1701-28712-2,Cathaleen's Fall,Clogher,-41.9376584513396,210.0,0.19970313548256952,False,-1
network_neutral_static,2030-01-14 15:00:00,Line,1701-28712-2,Cathaleen's Fall,Clogher,-81.06718450745026,210.0,0.38603421194023935,False,-1
network_neutral_static,2030-01-14 16:00:00,Line,1701-28712-2,Cathaleen's Fall,Clogher,-78.76493480006872,210.0,0.3750711180955653,False,-1
network_neutral_static,2030-01-14 17:00:00,Line,1701-28712-2,Cathaleen's Fall,Clogher,-76.89851942583462,210.0,0.36618342583730773,False,-1
network_neutral_static,2030-01-14 18:00:00,Line,1701-28712-2,Cathaleen's Fall,Clogher,-60.73554922879709,210.0,0.28921690108951,False,-1
network_neutral_static,2030-01-14 19:00:00,Line,1701-28712-2,Cathaleen's Fall,Clogher,-72.82284557399284,210.0,0.3467754551142516,False,-1
network_neutral_static,2030-01-14 20:00:00,Line,1701-28712-2,Cathaleen's Fall,Clogher,-38.516555299250186,210.0,0.18341216809166755,False,-1
network_neutral_static,2030-01-14 21:00:00,Line,1701-28712-2,Cathaleen's Fall,Clogher,-54.56271144988166,210.0,0.25982243547562694,False,-1
network_neutral_static,2030-01-14 22:00:00,Line,1701-28712-2,Cathaleen's Fall,Clogher,-44.5230340571681,210.0,0.21201444789127666,False,-1
network_neutral_static,2030-01-14 23:00:00,Line,1701-28712-2,Cathaleen's Fall,Clogher,-78.20060442264023,210.0,0.3723838305840011,False,-1
network_neutral_static,2030-01-15 00:00:00,Line,1701-28712-2,Cathaleen's Fall,Clogher,-92.43141629866894,210.0,0.440149601422233,False,-1
network_neutral_static,2030-01-15 01:00:00,Line,1701-28712-2,Cathaleen's Fall,Clogher,-85.48386747461292,210.0,0.4070660355933949,False,-1
network_neutral_static,2030-01-15 02:00:00,Line,1701-28712-2,Cathaleen's Fall,Clogher,-90.30089530002962,210.0,0.4300042633334744,False,-1
network_neutral_static,2030-01-15 03:00:00,Line,1701-28712-2,Cathaleen's Fall,Clogher,-81.97146598604337,210.0,0.39034031421925414,False,-1
network_neutral_static,2030-01-15 04:00:00,Line,1701-28712-2,Cathaleen's Fall,Clogher,-81.99855426241955,210.0,0.39046930601152163,False,-1
network_neutral_static,2030-01-15 05:00:00,Line,1701-28712-2,Cathaleen's Fall,Clogher,-84.71492699342812,210.0,0.40340441425441964,False,-1
network_neutral_static,2030-01-14 06:00:00,Line,1701-5041-1,Cathaleen's Fall,Srananagh 220,39.437800571412815,191.0,0.20648063126394145,False,1
network_neutral_static,2030-01-14 07:00:00,Line,1701-5041-1,Cathaleen's Fall,Srananagh 220,46.97677672076105,191.0,0.24595171057990078,False,1
network_neutral_static,2030-01-14 08:00:00,Line,1701-5041-1,Cathaleen's Fall,Srananagh 220,46.97677672076105,191.0,0.24595171057990078,False,1
network_neutral_static,2030-01-14 09:00:00,Line,1701-5041-1,Cathaleen's Fall,Srananagh 220,46.97677672076105,191.0,0.24595171057990078,False,1
network_neutral_static,2030-01-14 10:00:00,Line,1701-5041-1,Cathaleen's Fall,Srananagh 220,46.97677672076105,191.0,0.24595171057990078,False,1
network_neutral_static,2030-01-14 11:00:00,Line,1701-5041-1,Cathaleen's Fall,Srananagh 220,46.97677672076105,191.0,0.24595171057990078,False,1
network_neutral_static,2030-01-14 12:00:00,Line,1701-5041-1,Cathaleen's Fall,Srananagh 220,39.39876223209679,191.0,0.2062762420528628,False,1
network_neutral_static,2030-01-14 13:00:00,Line,1701-5041-1,Cathaleen's Fall,Srananagh 220,37.55700694974908,191.0,0.19663354423952398,False,1
network_neutral_static,2030-01-14 14:00:00,Line,1701-5041-1,Cathaleen's Fall,Srananagh 220,24.85626169253712,191.0,0.13013749577244565,False,1
network_neutral_static,2030-01-14 15:00:00,Line,1701-5041-1,Cathaleen's Fall,Srananagh 220,46.97677672076105,191.0,0.24595171057990078,False,1
network_neutral_static,2030-01-14 16:00:00,Line,1701-5041-1,Cathaleen's Fall,Srananagh 220,44.77361075619821,191.0,0.23441681024187544,False,1
network_neutral_static,2030-01-14 17:00:00,Line,1701-5041-1,Cathaleen's Fall,Srananagh 220,46.97677672076105,191.0,0.24595171057990078,False,1
network_neutral_static,2030-01-14 18:00:00,Line,1701-5041-1,Cathaleen's Fall,Srananagh 220,35.90404007169281,191.0,0.18797926739106186,False,1
network_neutral_static,2030-01-14 19:00:00,Line,1701-5041-1,Cathaleen's Fall,Srananagh 220,41.67040244650273,191.0,0.21816964631676822,False,1
network_neutral_static,2030-01-14 20:00:00,Line,1701-5041-1,Cathaleen's Fall,Srananagh 220,23.387416293124065,191.0,0.12244720572316264,False,1
network_neutral_static,2030-01-14 21:00:00,Line,1701-5041-1,Cathaleen's Fall,Srananagh 220,32.492067736139965,191.0,0.17011553788554956,False,1
network_neutral_static,2030-01-14 22:00:00,Line,1701-5041-1,Cathaleen's Fall,Srananagh 220,26.275864871069587,191.0,0.13756997314696118,False,1
network_neutral_static,2030-01-14 23:00:00,Line,1701-5041-1,Cathaleen's Fall,Srananagh 220,46.97677672076105,191.0,0.24595171057990078,False,1
network_neutral_static,2030-01-15 00:00:00,Line,1701-5041-1,Cathaleen's Fall,Srananagh 220,46.97677672076105,191.0,0.24595171057990078,False,1
network_neutral_static,2030-01-15 01:00:00,Line,1701-5041-1,Cathaleen's Fall,Srananagh 220,46.97677672076105,191.0,0.24595171057990078,False,1
network_neutral_static,2030-01-15 02:00:00,Line,1701-5041-1,Cathaleen's Fall,Srananagh 220,46.97677672076105,191.0,0.24595171057990078,False,1
network_neutral_static,2030-01-15 03:00:00,Line,1701-5041-1,Cathaleen's Fall,Srananagh 220,46.97677672076105,191.0,0.24595171057990078,False,1
network_neutral_static,2030-01-15 04:00:00,Line,1701-5041-1,Cathaleen's Fall,Srananagh 220,45.99164333419914,191.0,0.24079394415811067,False,1
network_neutral_static,2030-01-15 05:00:00,Line,1701-5041-1,Cathaleen's Fall,Srananagh 220,46.97677672076105,191.0,0.24595171057990078,False,1
network_neutral_static,2030-01-14 06:00:00,Line,5041-17010-2,Srananagh 220,Cathaleen's Fall,-176.29856065319498,210.0,0.8395169554914047,False,-1
network_neutral_static,2030-01-14 07:00:00,Line,5041-17010-2,Srananagh 220,Cathaleen's Fall,-210.0,210.0,1.0,True,-1
network_neutral_static,2030-01-14 08:00:00,Line,5041-17010-2,Srananagh 220,Cathaleen's Fall,-210.0,210.0,1.0,True,-1
network_neutral_static,2030-01-14 09:00:00,Line,5041-17010-2,Srananagh 220,Cathaleen's Fall,-210.0,210.0,1.0,True,-1
network_neutral_static,2030-01-14 10:00:00,Line,5041-17010-2,Srananagh 220,Cathaleen's Fall,-210.0,210.0,1.0,True,-1
network_neutral_static,2030-01-14 11:00:00,Line,5041-17010-2,Srananagh 220,Cathaleen's Fall,-210.0,210.0,1.0,True,-1
network_neutral_static,2030-01-14 12:00:00,Line,5041-17010-2,Srananagh 220,Cathaleen's Fall,-176.1240478017685,210.0,0.8386859419131834,False,-1
network_neutral_static,2030-01-14 13:00:00,Line,5041-17010-2,Srananagh 220,Cathaleen's Fall,-167.89086033571382,210.0,0.799480287312923,False,-1
network_neutral_static,2030-01-14 14:00:00,Line,5041-17010-2,Srananagh 220,Cathaleen's Fall,-111.11479585882135,210.0,0.5291180755181969,False,-1
network_neutral_static,2030-01-14 15:00:00,Line,5041-17010-2,Srananagh 220,Cathaleen's Fall,-210.0,210.0,1.0,True,-1
network_neutral_static,2030-01-14 16:00:00,Line,5041-17010-2,Srananagh 220,Cathaleen's Fall,-200.1512005536615,210.0,0.9531009550174357,False,-1
network_neutral_static,2030-01-14 17:00:00,Line,5041-17010-2,Srananagh 220,Cathaleen's Fall,-210.0,210.0,1.0,True,-1
network_neutral_static,2030-01-14 18:00:00,Line,5041-17010-2,Srananagh 220,Cathaleen's Fall,-160.5016125281177,210.0,0.7642933929910367,False,-1
network_neutral_static,2030-01-14 19:00:00,Line,5041-17010-2,Srananagh 220,Cathaleen's Fall,-186.27894727179577,210.0,0.8870426060561704,False,-1
network_neutral_static,2030-01-14 20:00:00,Line,5041-17010-2,Srananagh 220,Cathaleen's Fall,-104.54862518026943,210.0,0.49785059609652105,False,-1
network_neutral_static,2030-01-14 21:00:00,Line,5041-17010-2,Srananagh 220,Cathaleen's Fall,-145.24909329451435,210.0,0.6916623490214969,False,-1
network_neutral_static,2030-01-14 22:00:00,Line,5041-17010-2,Srananagh 220,Cathaleen's Fall,-117.46083933608843,210.0,0.5593373301718496,False,-1
network_neutral_static,2030-01-14 23:00:00,Line,5041-17010-2,Srananagh 220,Cathaleen's Fall,-210.0,210.0,1.0,True,-1
network_neutral_static,2030-01-15 00:00:00,Line,5041-17010-2,Srananagh 220,Cathaleen's Fall,-210.0,210.0,1.0,True,-1
network_neutral_static,2030-01-15 01:00:00,Line,5041-17010-2,Srananagh 220,Cathaleen's Fall,-210.0,210.0,1.0,True,-1
network_neutral_static,2030-01-15 02:00:00,Line,5041-17010-2,Srananagh 220,Cathaleen's Fall,-210.0,210.0,1.0,True,-1
network_neutral_static,2030-01-15 03:00:00,Line,5041-17010-2,Srananagh 220,Cathaleen's Fall,-210.0,210.0,1.0,True,-1
network_neutral_static,2030-01-15 04:00:00,Line,5041-17010-2,Srananagh 220,Cathaleen's Fall,-205.59616419815848,210.0,0.9790293533245642,False,-1
network_neutral_static,2030-01-15 05:00:00,Line,5041-17010-2,Srananagh 220,Cathaleen's Fall,-210.0,210.0,1.0,True,-1
network_neutral_static,2030-01-14 06:00:00,Line,28710-51911-1,Clogher,Croaghonagh,-60.60677741735044,183.0,0.3311845760510953,False,-1
network_neutral_static,2030-01-14 07:00:00,Line,28710-51911-1,Clogher,Croaghonagh,-86.08848218272233,183.0,0.4704288643864608,False,-1
network_neutral_static,2030-01-14 08:00:00,Line,28710-51911-1,Clogher,Croaghonagh,-95.1860608810277,183.0,0.5201424091859437,False,-1
network_neutral_static,2030-01-14 09:00:00,Line,28710-51911-1,Clogher,Croaghonagh,-115.24030742485701,183.0,0.6297284558735355,False,-1
network_neutral_static,2030-01-14 10:00:00,Line,28710-51911-1,Clogher,Croaghonagh,-109.39640054505645,183.0,0.5977945384975762,False,-1
network_neutral_static,2030-01-14 11:00:00,Line,28710-51911-1,Clogher,Croaghonagh,-120.73533693508975,183.0,0.6597559395360095,False,-1
network_neutral_static,2030-01-14 12:00:00,Line,28710-51911-1,Clogher,Croaghonagh,-70.10370159614367,183.0,0.383080336590949,False,-1
network_neutral_static,2030-01-14 13:00:00,Line,28710-51911-1,Clogher,Croaghonagh,-73.1604537050968,183.0,0.39978390002785136,False,-1
network_neutral_static,2030-01-14 14:00:00,Line,28710-51911-1,Clogher,Croaghonagh,-52.68655909710675,183.0,0.287904694519709,False,-1
network_neutral_static,2030-01-14 15:00:00,Line,28710-51911-1,Clogher,Croaghonagh,-98.13480402024487,183.0,0.5362557596734693,False,-1
network_neutral_static,2030-01-14 16:00:00,Line,28710-51911-1,Clogher,Croaghonagh,-78.48868206479241,183.0,0.42889990199340117,False,-1
network_neutral_static,2030-01-14 17:00:00,Line,28710-51911-1,Clogher,Croaghonagh,-88.11736524487304,183.0,0.48151565707580896,False,-1
network_neutral_static,2030-01-14 18:00:00,Line,28710-51911-1,Clogher,Croaghonagh,-61.410754679792184,183.0,0.3355778944250939,False,-1
network_neutral_static,2030-01-14 19:00:00,Line,28710-51911-1,Clogher,Croaghonagh,-68.56665332919714,183.0,0.37468116573331767,False,-1
network_neutral_static,2030-01-14 20:00:00,Line,28710-51911-1,Clogher,Croaghonagh,-45.29003367864538,183.0,0.24748652283412775,False,-1
network_neutral_static,2030-01-14 21:00:00,Line,28710-51911-1,Clogher,Croaghonagh,-55.09865454005457,183.0,0.3010855439347244,False,-1
network_neutral_static,2030-01-14 22:00:00,Line,28710-51911-1,Clogher,Croaghonagh,-50.41568457560471,183.0,0.27549554412898747,False,-1
network_neutral_static,2030-01-14 23:00:00,Line,28710-51911-1,Clogher,Croaghonagh,-83.40817248830035,183.0,0.45578236332404565,False,-1
network_neutral_static,2030-01-15 00:00:00,Line,28710-51911-1,Clogher,Croaghonagh,-106.97348835677384,183.0,0.5845545811845565,False,-1
network_neutral_static,2030-01-15 01:00:00,Line,28710-51911-1,Clogher,Croaghonagh,-112.1793265787902,183.0,0.613001784583553,False,-1
network_neutral_static,2030-01-15 02:00:00,Line,28710-51911-1,Clogher,Croaghonagh,-110.0223057902172,183.0,0.6012147857388919,False,-1
network_neutral_static,2030-01-15 03:00:00,Line,28710-51911-1,Clogher,Croaghonagh,-121.43444558905436,183.0,0.6635762054046687,False,-1
network_neutral_static,2030-01-15 04:00:00,Line,28710-51911-1,Clogher,Croaghonagh,-122.20188611277268,183.0,0.6677698694687032,False,-1
network_neutral_static,2030-01-15 05:00:00,Line,28710-51911-1,Clogher,Croaghonagh,-120.31675560816319,183.0,0.6574686098806731,False,-1
network_neutral_static,2030-01-14 06:00:00,Line,2321-28710-1,Drumkeen,Clogher,-12.95820190545353,123.0,0.10535123500368723,False,-1
network_neutral_static,2030-01-14 07:00:00,Line,2321-28710-1,Drumkeen,Clogher,13.30273257256949,123.0,0.10815229733796333,False,1
network_neutral_static,2030-01-14 08:00:00,Line,2321-28710-1,Drumkeen,Clogher,13.196558924897364,123.0,0.10728909695038508,False,1
network_neutral_static,2030-01-14 09:00:00,Line,2321-28710-1,Drumkeen,Clogher,-0.5460947422197263,123.0,0.004439794652192897,False,-1
network_neutral_static,2030-01-14 10:00:00,Line,2321-28710-1,Drumkeen,Clogher,11.2892250021147,123.0,0.09178231709036341,False,1
network_neutral_static,2030-01-14 11:00:00,Line,2321-28710-1,Drumkeen,Clogher,30.127285550207873,123.0,0.24493728089599898,False,1
network_neutral_static,2030-01-14 12:00:00,Line,2321-28710-1,Drumkeen,Clogher,-17.64654191333516,123.0,0.1434678204336192,False,-1
network_neutral_static,2030-01-14 13:00:00,Line,2321-28710-1,Drumkeen,Clogher,-23.488746115749883,123.0,0.1909654155752023,False,-1
network_neutral_static,2030-01-14 14:00:00,Line,2321-28710-1,Drumkeen,Clogher,-31.768237380524145,123.0,0.2582783526871882,False,-1
network_neutral_static,2030-01-14 15:00:00,Line,2321-28710-1,Drumkeen,Clogher,3.5619742824068483,123.0,0.02895914050737275,False,1
network_neutral_static,2030-01-14 16:00:00,Line,2321-28710-1,Drumkeen,Clogher,-13.886075659994349,123.0,0.11289492406499471,False,-1
network_neutral_static,2030-01-14 17:00:00,Line,2321-28710-1,Drumkeen,Clogher,-5.307419807482148,123.0,0.04314975453237519,False,-1
network_neutral_static,2030-01-14 18:00:00,Line,2321-28710-1,Drumkeen,Clogher,-17.8892992984586,123.0,0.14544145771104552,False,-1
network_neutral_static,2030-01-14 19:00:00,Line,2321-28710-1,Drumkeen,Clogher,-11.398842472928958,123.0,0.09267351604007283,False,-1
network_neutral_static,2030-01-14 20:00:00,Line,2321-28710-1,Drumkeen,Clogher,-28.40881780591535,123.0,0.23096599842207602,False,-1
network_neutral_static,2030-01-14 21:00:00,Line,2321-28710-1,Drumkeen,Clogher,-19.791633048626064,123.0,0.16090758576118752,False,-1
network_neutral_static,2030-01-14 22:00:00,Line,2321-28710-1,Drumkeen,Clogher,-26.668841019072843,123.0,0.21681984568351906,False,-1
network_neutral_static,2030-01-14 23:00:00,Line,2321-28710-1,Drumkeen,Clogher,3.314016688024992,123.0,0.026943225105894246,False,1
network_neutral_static,2030-01-15 00:00:00,Line,2321-28710-1,Drumkeen,Clogher,31.877770822587593,123.0,0.25916886847632187,False,1
network_neutral_static,2030-01-15 01:00:00,Line,2321-28710-1,Drumkeen,Clogher,38.44035948471013,123.0,0.31252324784317176,False,1
network_neutral_static,2030-01-15 02:00:00,Line,2321-28710-1,Drumkeen,Clogher,-3.723498738436282,123.0,0.030272347466961644,False,-1
network_neutral_static,2030-01-15 03:00:00,Line,2321-28710-1,Drumkeen,Clogher,5.508962894819268,123.0,0.04478831621804283,False,1
network_neutral_static,2030-01-15 04:00:00,Line,2321-28710-1,Drumkeen,Clogher,-23.39290577355115,123.0,0.19018622580122885,False,-1
network_neutral_static,2030-01-15 05:00:00,Line,2321-28710-1,Drumkeen,Clogher,-1.1050885903902028,123.0,0.008984460084473194,False,-1
network_neutral_static,2030-01-14 06:00:00,Line,3581-28019-1,Letterkenny,Clogher,-18.91547656205577,121.0,0.15632625257897328,False,-1
network_neutral_static,2030-01-14 07:00:00,Line,3581-28019-1,Letterkenny,Clogher,1.287704321277414,121.0,0.010642184473367058,False,1
network_neutral_static,2030-01-14 08:00:00,Line,3581-28019-1,Letterkenny,Clogher,1.1632790100914738,121.0,0.009613876116458461,False,1
network_neutral_static,2030-01-14 09:00:00,Line,3581-28019-1,Letterkenny,Clogher,-4.447204257262977,121.0,0.03675375419225601,False,-1
network_neutral_static,2030-01-14 10:00:00,Line,3581-28019-1,Letterkenny,Clogher,-1.5885725786425058,121.0,0.013128698997045503,False,-1
network_neutral_static,2030-01-14 11:00:00,Line,3581-28019-1,Letterkenny,Clogher,13.561178707609749,121.0,0.11207585708768388,False,1
network_neutral_static,2030-01-14 12:00:00,Line,3581-28019-1,Letterkenny,Clogher,-22.97775989393612,121.0,0.18989884209864563,False,-1
network_neutral_static,2030-01-14 13:00:00,Line,3581-28019-1,Letterkenny,Clogher,-27.58591323137456,121.0,0.22798275397830214,False,-1
network_neutral_static,2030-01-14 14:00:00,Line,3581-28019-1,Letterkenny,Clogher,-34.23017745248633,121.0,0.2828940285329449,False,-1
network_neutral_static,2030-01-14 15:00:00,Line,3581-28019-1,Letterkenny,Clogher,-8.82781514255764,121.0,0.0729571499384929,False,-1
network_neutral_static,2030-01-14 16:00:00,Line,3581-28019-1,Letterkenny,Clogher,-22.471537184444113,121.0,0.18571518334251333,False,-1
network_neutral_static,2030-01-14 17:00:00,Line,3581-28019-1,Letterkenny,Clogher,-16.241646314896137,121.0,0.1342284819412904,False,-1
network_neutral_static,2030-01-14 18:00:00,Line,3581-28019-1,Letterkenny,Clogher,-25.395232263463363,121.0,0.20987795259060632,False,-1
network_neutral_static,2030-01-14 19:00:00,Line,3581-28019-1,Letterkenny,Clogher,-19.91776403007569,121.0,0.16460962008327018,False,-1
network_neutral_static,2030-01-14 20:00:00,Line,3581-28019-1,Letterkenny,Clogher,-31.814669993532192,121.0,0.26293115697134045,False,-1
network_neutral_static,2030-01-14 21:00:00,Line,3581-28019-1,Letterkenny,Clogher,-25.07127394051836,121.0,0.20720061107866414,False,-1
network_neutral_static,2030-01-14 22:00:00,Line,3581-28019-1,Letterkenny,Clogher,-30.285121775192437,121.0,0.2502902626048962,False,-1
network_neutral_static,2030-01-14 23:00:00,Line,3581-28019-1,Letterkenny,Clogher,-7.423705873868349,121.0,0.06135294110634999,False,-1
network_neutral_static,2030-01-15 00:00:00,Line,3581-28019-1,Letterkenny,Clogher,14.584565184051806,121.0,0.12053359656241162,False,1
network_neutral_static,2030-01-15 01:00:00,Line,3581-28019-1,Letterkenny,Clogher,20.34804888572555,121.0,0.1681656932704591,False,1
network_neutral_static,2030-01-15 02:00:00,Line,3581-28019-1,Letterkenny,Clogher,-3.3528465083943724,121.0,0.027709475275986547,False,-1
network_neutral_static,2030-01-15 03:00:00,Line,3581-28019-1,Letterkenny,Clogher,4.960578290547745,121.0,0.040996514797915246,False,1
network_neutral_static,2030-01-15 04:00:00,Line,3581-28019-1,Letterkenny,Clogher,-21.064280654755404,121.0,0.17408496408888763,False,-1
network_neutral_static,2030-01-15 05:00:00,Line,3581-28019-1,Letterkenny,Clogher,-0.9950835711340351,121.0,0.008223831166396984,False,-1
network_neutral_static,2030-01-14 06:00:00,Line,1631-5041-1,Corderry,Srananagh 220,116.07126329044209,210.0,0.5527203013830576,False,1
network_neutral_static,2030-01-14 07:00:00,Line,1631-5041-1,Corderry,Srananagh 220,130.93032166081412,210.0,0.6234777221943529,False,1
network_neutral_static,2030-01-14 08:00:00,Line,1631-5041-1,Corderry,Srananagh 220,134.0493529772727,210.0,0.6383302522727271,False,1
network_neutral_static,2030-01-14 09:00:00,Line,1631-5041-1,Corderry,Srananagh 220,146.37391370798713,210.0,0.6970186367047007,False,1
network_neutral_static,2030-01-14 10:00:00,Line,1631-5041-1,Corderry,Srananagh 220,141.8913520645751,210.0,0.6756731050694053,False,1
network_neutral_static,2030-01-14 11:00:00,Line,1631-5041-1,Corderry,Srananagh 220,148.52537804908448,210.0,0.7072637049956404,False,1
network_neutral_static,2030-01-14 12:00:00,Line,1631-5041-1,Corderry,Srananagh 220,77.79798148369396,210.0,0.3704665784937808,False,1
network_neutral_static,2030-01-14 13:00:00,Line,1631-5041-1,Corderry,Srananagh 220,84.24233674477759,210.0,0.4011539844989409,False,1
network_neutral_static,2030-01-14 14:00:00,Line,1631-5041-1,Corderry,Srananagh 220,65.28035650675983,210.0,0.31085884050838014,False,1
network_neutral_static,2030-01-14 15:00:00,Line,1631-5041-1,Corderry,Srananagh 220,121.20786587763374,210.0,0.5771803137030178,False,1
network_neutral_static,2030-01-14 16:00:00,Line,1631-5041-1,Corderry,Srananagh 220,121.20318271594515,210.0,0.5771580129330721,False,1
network_neutral_static,2030-01-14 17:00:00,Line,1631-5041-1,Corderry,Srananagh 220,137.5666705456856,210.0,0.6550793835508839,False,1
network_neutral_static,2030-01-14 18:00:00,Line,1631-5041-1,Corderry,Srananagh 220,130.50624202413036,210.0,0.6214582953530017,False,1
network_neutral_static,2030-01-14 19:00:00,Line,1631-5041-1,Corderry,Srananagh 220,136.2693879039257,210.0,0.6489018471615509,False,1
network_neutral_static,2030-01-14 20:00:00,Line,1631-5041-1,Corderry,Srananagh 220,114.03864490530975,210.0,0.5430411662157607,False,1
network_neutral_static,2030-01-14 21:00:00,Line,1631-5041-1,Corderry,Srananagh 220,110.09025520963611,210.0,0.5242393105220767,False,1
network_neutral_static,2030-01-14 22:00:00,Line,1631-5041-1,Corderry,Srananagh 220,100.57845315673156,210.0,0.478945015032055,False,1
network_neutral_static,2030-01-14 23:00:00,Line,1631-5041-1,Corderry,Srananagh 220,140.7318104480931,210.0,0.6701514783242529,False,1
network_neutral_static,2030-01-15 00:00:00,Line,1631-5041-1,Corderry,Srananagh 220,148.02428270901018,210.0,0.7048775367095723,False,1
network_neutral_static,2030-01-15 01:00:00,Line,1631-5041-1,Corderry,Srananagh 220,147.4455973225469,210.0,0.702121892012128,False,1
network_neutral_static,2030-01-15 02:00:00,Line,1631-5041-1,Corderry,Srananagh 220,148.0195210091432,210.0,0.7048548619483009,False,1
network_neutral_static,2030-01-15 03:00:00,Line,1631-5041-1,Corderry,Srananagh 220,151.25383420563927,210.0,0.720256353360187,False,1
network_neutral_static,2030-01-15 04:00:00,Line,1631-5041-1,Corderry,Srananagh 220,152.06537305720198,210.0,0.7241208240819142,False,1
network_neutral_static,2030-01-15 05:00:00,Line,1631-5041-1,Corderry,Srananagh 220,151.68712463473375,210.0,0.7223196411177798,False,1
network_neutral_static,2030-01-14 06:00:00,Line,2321-3581-1,Drumkeen,Letterkenny,47.51362907104395,123.0,0.3862896672442598,False,1
network_neutral_static,2030-01-14 07:00:00,Line,2321-3581-1,Drumkeen,Letterkenny,37.672337035016625,123.0,0.306279162886314,False,1
network_neutral_static,2030-01-14 08:00:00,Line,2321-3581-1,Drumkeen,Letterkenny,37.91593074438886,123.0,0.3082595995478769,False,1
network_neutral_static,2030-01-14 09:00:00,Line,2321-3581-1,Drumkeen,Letterkenny,19.406234354638944,123.0,0.15777426304584508,False,1
network_neutral_static,2030-01-14 10:00:00,Line,2321-3581-1,Drumkeen,Letterkenny,44.75531536382535,123.0,0.36386435255142563,False,1
network_neutral_static,2030-01-14 11:00:00,Line,2321-3581-1,Drumkeen,Letterkenny,34.56228763016132,123.0,0.2809942083752953,False,1
network_neutral_static,2030-01-14 12:00:00,Line,2321-3581-1,Drumkeen,Letterkenny,51.442121091298105,123.0,0.4182286267585212,False,1
network_neutral_static,2030-01-14 13:00:00,Line,2321-3581-1,Drumkeen,Letterkenny,54.1731579466387,123.0,0.44043217842795696,False,1
network_neutral_static,2030-01-14 14:00:00,Line,2321-3581-1,Drumkeen,Letterkenny,58.58545561078107,123.0,0.47630451716082167,False,1
network_neutral_static,2030-01-14 15:00:00,Line,2321-3581-1,Drumkeen,Letterkenny,53.8233309793974,123.0,0.4375880567430683,False,1
network_neutral_static,2030-01-14 16:00:00,Line,2321-3581-1,Drumkeen,Letterkenny,61.41340637606377,123.0,0.4992959867972664,False,1
network_neutral_static,2030-01-14 17:00:00,Line,2321-3581-1,Drumkeen,Letterkenny,59.962180961601625,123.0,0.48749740619188314,False,1
network_neutral_static,2030-01-14 18:00:00,Line,2321-3581-1,Drumkeen,Letterkenny,62.169393465285935,123.0,0.5054422232950077,False,1
network_neutral_static,2030-01-14 19:00:00,Line,2321-3581-1,Drumkeen,Letterkenny,57.42836831770724,123.0,0.46689730339599383,False,1
network_neutral_static,2030-01-14 20:00:00,Line,2321-3581-1,Drumkeen,Letterkenny,58.13221132576567,123.0,0.4726196042745176,False,1
network_neutral_static,2030-01-14 21:00:00,Line,2321-3581-1,Drumkeen,Letterkenny,54.35942777000392,123.0,0.4419465672358042,False,1
network_neutral_static,2030-01-14 22:00:00,Line,2321-3581-1,Drumkeen,Letterkenny,56.56972380368124,123.0,0.4599164536884654,False,1
network_neutral_static,2030-01-14 23:00:00,Line,2321-3581-1,Drumkeen,Letterkenny,46.31173224429518,123.0,0.37651814832760305,False,1
network_neutral_static,2030-01-15 00:00:00,Line,2321-3581-1,Drumkeen,Letterkenny,35.44784744753605,123.0,0.28819388168728494,False,1
network_neutral_static,2030-01-15 01:00:00,Line,2321-3581-1,Drumkeen,Letterkenny,29.58063202169085,123.0,0.24049294326577927,False,1
network_neutral_static,2030-01-15 02:00:00,Line,2321-3581-1,Drumkeen,Letterkenny,3.723498738436282,123.0,0.030272347466961644,False,1
network_neutral_static,2030-01-15 03:00:00,Line,2321-3581-1,Drumkeen,Letterkenny,-5.508962894819268,123.0,0.04478831621804283,False,-1
network_neutral_static,2030-01-15 04:00:00,Line,2321-3581-1,Drumkeen,Letterkenny,23.39290577355115,123.0,0.19018622580122885,False,1
network_neutral_static,2030-01-15 05:00:00,Line,2321-3581-1,Drumkeen,Letterkenny,1.1050885903902028,123.0,0.008984460084473194,False,1
network_neutral_static,2030-01-14 06:00:00,Line,1931-4371-1,Sligo,Glenree,-72.52939698172028,210.0,0.34537808086533467,False,-1
network_neutral_static,2030-01-14 07:00:00,Line,1931-4371-1,Sligo,Glenree,-77.02841006206326,210.0,0.3668019526764917,False,-1
network_neutral_static,2030-01-14 08:00:00,Line,1931-4371-1,Sligo,Glenree,-75.68313895612471,210.0,0.36039589979107006,False,-1
network_neutral_static,2030-01-14 09:00:00,Line,1931-4371-1,Sligo,Glenree,-95.59236262360466,210.0,0.4552017267790698,False,-1
network_neutral_static,2030-01-14 10:00:00,Line,1931-4371-1,Sligo,Glenree,-95.06986907119273,210.0,0.4527136622437749,False,-1
network_neutral_static,2030-01-14 11:00:00,Line,1931-4371-1,Sligo,Glenree,-97.5027728911594,210.0,0.4642989185293305,False,-1
network_neutral_static,2030-01-14 12:00:00,Line,1931-4371-1,Sligo,Glenree,-71.05339296467031,210.0,0.33834949030795386,False,-1
network_neutral_static,2030-01-14 13:00:00,Line,1931-4371-1,Sligo,Glenree,-68.05125497901957,210.0,0.32405359513818843,False,-1
network_neutral_static,2030-01-14 14:00:00,Line,1931-4371-1,Sligo,Glenree,-66.69833805220051,210.0,0.3176111335819072,False,-1
network_neutral_static,2030-01-14 15:00:00,Line,1931-4371-1,Sligo,Glenree,-78.36958557610978,210.0,0.37318850274337995,False,-1
network_neutral_static,2030-01-14 16:00:00,Line,1931-4371-1,Sligo,Glenree,-77.74695963605309,210.0,0.3702236173145385,False,-1
network_neutral_static,2030-01-14 17:00:00,Line,1931-4371-1,Sligo,Glenree,-87.76114283081664,210.0,0.4179102039562697,False,-1
network_neutral_static,2030-01-14 18:00:00,Line,1931-4371-1,Sligo,Glenree,-82.63639330227616,210.0,0.3935066347727436,False,-1
network_neutral_static,2030-01-14 19:00:00,Line,1931-4371-1,Sligo,Glenree,-81.57772402879914,210.0,0.3884653525180911,False,-1
network_neutral_static,2030-01-14 20:00:00,Line,1931-4371-1,Sligo,Glenree,-74.73372433511992,210.0,0.3558748777862853,False,-1
network_neutral_static,2030-01-14 21:00:00,Line,1931-4371-1,Sligo,Glenree,-71.12952862846755,210.0,0.33871204108794073,False,-1
network_neutral_static,2030-01-14 22:00:00,Line,1931-4371-1,Sligo,Glenree,-68.63679434198154,210.0,0.32684187781895974,False,-1
network_neutral_static,2030-01-14 23:00:00,Line,1931-4371-1,Sligo,Glenree,-74.96344724726058,210.0,0.35696879641552653,False,-1
network_neutral_static,2030-01-15 00:00:00,Line,1931-4371-1,Sligo,Glenree,-81.13271310004203,210.0,0.386346252857343,False,-1
network_neutral_static,2030-01-15 01:00:00,Line,1931-4371-1,Sligo,Glenree,-82.77715368243841,210.0,0.39417692229732576,False,-1
network_neutral_static,2030-01-15 02:00:00,Line,1931-4371-1,Sligo,Glenree,-89.47527264828751,210.0,0.4260727268966072,False,-1
network_neutral_static,2030-01-15 03:00:00,Line,1931-4371-1,Sligo,Glenree,-98.08934469443744,210.0,0.46709211759255925,False,-1
network_neutral_static,2030-01-15 04:00:00,Line,1931-4371-1,Sligo,Glenree,-103.74416512506846,210.0,0.4940198339288974,False,-1
network_neutral_static,2030-01-15 05:00:00,Line,1931-4371-1,Sligo,Glenree,-94.84307371297224,210.0,0.45163368434748685,False,-1
network_neutral_static,2030-01-14 06:00:00,Line,3591-5191-1,Letterkenny,Tievebrack,-8.448419341248812,159.0,0.053134712838042844,False,-1
network_neutral_static,2030-01-14 07:00:00,Line,3591-5191-1,Letterkenny,Tievebrack,0.04898482416499239,159.0,0.0003080806551257383,False,1
network_neutral_static,2030-01-14 08:00:00,Line,3591-5191-1,Letterkenny,Tievebrack,3.255054687810981,159.0,0.020472042061704283,False,1
network_neutral_static,2030-01-14 09:00:00,Line,3591-5191-1,Letterkenny,Tievebrack,-6.534782731273054,159.0,0.04109926246083682,False,-1
network_neutral_static,2030-01-14 10:00:00,Line,3591-5191-1,Letterkenny,Tievebrack,-1.695451617576502,159.0,0.010663217720606931,False,-1
network_neutral_static,2030-01-14 11:00:00,Line,3591-5191-1,Letterkenny,Tievebrack,-8.541794685686611,159.0,0.0537219791552617,False,-1
network_neutral_static,2030-01-14 12:00:00,Line,3591-5191-1,Letterkenny,Tievebrack,-8.082205562318283,159.0,0.05083148152401436,False,-1
network_neutral_static,2030-01-14 13:00:00,Line,3591-5191-1,Letterkenny,Tievebrack,-9.966729724143942,159.0,0.06268383474304366,False,-1
network_neutral_static,2030-01-14 14:00:00,Line,3591-5191-1,Letterkenny,Tievebrack,-14.48549511772778,159.0,0.09110374287879107,False,-1
network_neutral_static,2030-01-14 15:00:00,Line,3591-5191-1,Letterkenny,Tievebrack,-5.85762560862068,159.0,0.03684041263283446,False,-1
network_neutral_static,2030-01-14 16:00:00,Line,3591-5191-1,Letterkenny,Tievebrack,-4.92862132753346,159.0,0.030997618412160123,False,-1
network_neutral_static,2030-01-14 17:00:00,Line,3591-5191-1,Letterkenny,Tievebrack,-10.536028912150869,159.0,0.06626433278082307,False,-1
network_neutral_static,2030-01-14 18:00:00,Line,3591-5191-1,Letterkenny,Tievebrack,-10.878635273090474,159.0,0.06841908976786462,False,-1
network_neutral_static,2030-01-14 19:00:00,Line,3591-5191-1,Letterkenny,Tievebrack,-6.729370300577738,159.0,0.042323083651432315,False,-1
network_neutral_static,2030-01-14 20:00:00,Line,3591-5191-1,Letterkenny,Tievebrack,-12.957675740523229,159.0,0.08149481597813352,False,-1
network_neutral_static,2030-01-14 21:00:00,Line,3591-5191-1,Letterkenny,Tievebrack,-12.36651334445559,159.0,0.07777681348714208,False,-1
network_neutral_static,2030-01-14 22:00:00,Line,3591-5191-1,Letterkenny,Tievebrack,-10.120958099282262,159.0,0.06365382452378782,False,-1
network_neutral_static,2030-01-14 23:00:00,Line,3591-5191-1,Letterkenny,Tievebrack,-2.427075881394263,159.0,0.015264628184869577,False,-1
network_neutral_static,2030-01-15 00:00:00,Line,3591-5191-1,Letterkenny,Tievebrack,1.8594961879050942,159.0,0.011694944578019461,False,1
network_neutral_static,2030-01-15 01:00:00,Line,3591-5191-1,Letterkenny,Tievebrack,-4.02262725577944,159.0,0.02529954248917887,False,-1
network_neutral_static,2030-01-15 02:00:00,Line,3591-5191-1,Letterkenny,Tievebrack,-13.481051732029869,159.0,0.084786488880691,False,-1
network_neutral_static,2030-01-15 03:00:00,Line,3591-5191-1,Letterkenny,Tievebrack,-19.85476711285665,159.0,0.1248727491374632,False,-1
network_neutral_static,2030-01-15 04:00:00,Line,3591-5191-1,Letterkenny,Tievebrack,-31.304229385583106,159.0,0.1968819458212774,False,-1
network_neutral_static,2030-01-15 05:00:00,Line,3591-5191-1,Letterkenny,Tievebrack,-17.69735617921222,159.0,0.11130412691328441,False,-1
network_neutral_static,2030-01-14 06:00:00,Line,3581-5361-1,Letterkenny,Trillick,-7.452799195947643,123.0,0.06059186338168815,False,-1
network_neutral_static,2030-01-14 07:00:00,Line,3581-5361-1,Letterkenny,Trillick,-29.110104564494588,123.0,0.23666751678450884,False,-1
network_neutral_static,2030-01-14 08:00:00,Line,3581-5361-1,Letterkenny,Trillick,-34.64039822158048,123.0,0.2816292538339877,False,-1
network_neutral_static,2030-01-14 09:00:00,Line,3581-5361-1,Letterkenny,Trillick,-33.089879579774774,123.0,0.2690234112176811,False,-1
network_neutral_static,2030-01-14 10:00:00,Line,3581-5361-1,Letterkenny,Trillick,-18.935986983188336,123.0,0.15395111368445802,False,-1
network_neutral_static,2030-01-14 11:00:00,Line,3581-5361-1,Letterkenny,Trillick,-30.883717397559746,123.0,0.25108713331349386,False,-1
network_neutral_static,2030-01-14 12:00:00,Line,3581-5361-1,Letterkenny,Trillick,-4.5002518362181245,123.0,0.03658741330258638,False,-1
network_neutral_static,2030-01-14 13:00:00,Line,3581-5361-1,Letterkenny,Trillick,-1.786217063349449,123.0,0.01452208994593048,False,-1
network_neutral_static,2030-01-14 14:00:00,Line,3581-5361-1,Letterkenny,Trillick,3.3816362961484145,123.0,0.027492978017466786,False,1
network_neutral_static,2030-01-14 15:00:00,Line,3581-5361-1,Letterkenny,Trillick,-10.53678278787506,123.0,0.08566490071443138,False,-1
network_neutral_static,2030-01-14 16:00:00,Line,3581-5361-1,Letterkenny,Trillick,-1.836746556117287,123.0,0.014932898830221846,False,-1
network_neutral_static,2030-01-14 17:00:00,Line,3581-5361-1,Letterkenny,Trillick,-1.0130726335208156,123.0,0.008236362874152973,False,-1
network_neutral_static,2030-01-14 18:00:00,Line,3581-5361-1,Letterkenny,Trillick,2.2434742299389843,123.0,0.0182396278856828,False,1
network_neutral_static,2030-01-14 19:00:00,Line,3581-5361-1,Letterkenny,Trillick,-3.641828622384681,123.0,0.029608362783615293,False,-1
network_neutral_static,2030-01-14 20:00:00,Line,3581-5361-1,Letterkenny,Trillick,2.6988374591129194,123.0,0.021941767960267637,False,1
network_neutral_static,2030-01-14 21:00:00,Line,3581-5361-1,Letterkenny,Trillick,-4.02091620122831,123.0,0.03269037561974236,False,-1
network_neutral_static,2030-01-14 22:00:00,Line,3581-5361-1,Letterkenny,Trillick,-1.1923542866896266,123.0,0.009693937290159566,False,-1
network_neutral_static,2030-01-14 23:00:00,Line,3581-5361-1,Letterkenny,Trillick,-17.5254276046813,123.0,0.14248315125757155,False,-1
network_neutral_static,2030-01-15 00:00:00,Line,3581-5361-1,Letterkenny,Trillick,-32.735336152146786,123.0,0.2661409443263966,False,-1
network_neutral_static,2030-01-15 01:00:00,Line,3581-5361-1,Letterkenny,Trillick,-32.60355810654849,123.0,0.26506957810202025,False,-1
network_neutral_static,2030-01-15 02:00:00,Line,3581-5361-1,Letterkenny,Trillick,-28.43999993498103,123.0,0.23121951166651245,False,-1
network_neutral_static,2030-01-15 03:00:00,Line,3581-5361-1,Letterkenny,Trillick,-29.837394845482898,123.0,0.24258044589823494,False,-1
network_neutral_static,2030-01-15 04:00:00,Line,3581-5361-1,Letterkenny,Trillick,-33.857527049200996,123.0,0.27526444755447965,False,-1
network_neutral_static,2030-01-15 05:00:00,Line,3581-5361-1,Letterkenny,Trillick,-23.448185176470165,123.0,0.19063565184122086,False,-1
network_neutral_static,2030-01-14 06:00:00,Line,4981-5041-1,Sligo,Srananagh 220,27.029387411092866,123.0,0.21975111716335663,False,1
network_neutral_static,2030-01-14 07:00:00,Line,4981-5041-1,Sligo,Srananagh 220,29.10392003864122,123.0,0.236617236086514,False,1
network_neutral_static,2030-01-14 08:00:00,Line,4981-5041-1,Sligo,Srananagh 220,26.02424245139236,123.0,0.2115792069218891,False,1
network_neutral_static,2030-01-14 09:00:00,Line,4981-5041-1,Sligo,Srananagh 220,41.13154681785314,123.0,0.33440281965734264,False,1
network_neutral_static,2030-01-14 10:00:00,Line,4981-5041-1,Sligo,Srananagh 220,40.54259523972848,123.0,0.329614595444947,False,1
network_neutral_static,2030-01-14 11:00:00,Line,4981-5041-1,Sligo,Srananagh 220,42.696927449988856,123.0,0.347129491463324,False,1
network_neutral_static,2030-01-14 12:00:00,Line,4981-5041-1,Sligo,Srananagh 220,19.4093620743809,123.0,0.15779969166163335,False,1
network_neutral_static,2030-01-14 13:00:00,Line,4981-5041-1,Sligo,Srananagh 220,17.420781146783778,123.0,0.1416323670470226,False,1
network_neutral_static,2030-01-14 14:00:00,Line,4981-5041-1,Sligo,Srananagh 220,15.99189589788595,123.0,0.13001541380395082,False,1
network_neutral_static,2030-01-14 15:00:00,Line,4981-5041-1,Sligo,Srananagh 220,26.284539976541126,123.0,0.21369544696374898,False,1
network_neutral_static,2030-01-14 16:00:00,Line,4981-5041-1,Sligo,Srananagh 220,25.417537838179143,123.0,0.20664664909088734,False,1
network_neutral_static,2030-01-14 17:00:00,Line,4981-5041-1,Sligo,Srananagh 220,32.77145316625599,123.0,0.26643457858744707,False,1
network_neutral_static,2030-01-14 18:00:00,Line,4981-5041-1,Sligo,Srananagh 220,27.7113351081954,123.0,0.22529540738370243,False,1
network_neutral_static,2030-01-14 19:00:00,Line,4981-5041-1,Sligo,Srananagh 220,27.608993672543466,123.0,0.2244633631914103,False,1
network_neutral_static,2030-01-14 20:00:00,Line,4981-5041-1,Sligo,Srananagh 220,21.38786002270477,123.0,0.17388504083499814,False,1
network_neutral_static,2030-01-14 21:00:00,Line,4981-5041-1,Sligo,Srananagh 220,19.399722198045005,123.0,0.15772131868329273,False,1
network_neutral_static,2030-01-14 22:00:00,Line,4981-5041-1,Sligo,Srananagh 220,19.683654850866603,123.0,0.16002971423468781,False,1
network_neutral_static,2030-01-14 23:00:00,Line,4981-5041-1,Sligo,Srananagh 220,27.609791483525296,123.0,0.22446984945955525,False,1
network_neutral_static,2030-01-15 00:00:00,Line,4981-5041-1,Sligo,Srananagh 220,33.04861759291805,123.0,0.26868794790990286,False,1
network_neutral_static,2030-01-15 01:00:00,Line,4981-5041-1,Sligo,Srananagh 220,35.28472689782257,123.0,0.28686769835628106,False,1
network_neutral_static,2030-01-15 02:00:00,Line,4981-5041-1,Sligo,Srananagh 220,42.37857984835845,123.0,0.34454129958015,False,1
network_neutral_static,2030-01-15 03:00:00,Line,4981-5041-1,Sligo,Srananagh 220,51.20152916460393,123.0,0.41627259483417833,False,1
network_neutral_static,2030-01-15 04:00:00,Line,4981-5041-1,Sligo,Srananagh 220,55.47209165310519,123.0,0.45099261506589583,False,1
network_neutral_static,2030-01-15 05:00:00,Line,4981-5041-1,Sligo,Srananagh 220,49.57909144114984,123.0,0.40308204423699057,False,1
network_neutral_static,2030-01-14 06:00:00,Line,4981-5041-2,Sligo,Srananagh 220,26.25105426574726,123.0,0.21342320541257936,False,1
network_neutral_static,2030-01-14 07:00:00,Line,4981-5041-2,Sligo,Srananagh 220,28.265849042764117,123.0,0.2298036507541798,False,1
network_neutral_static,2030-01-14 08:00:00,Line,4981-5041-2,Sligo,Srananagh 220,25.27485327085489,123.0,0.20548661195816983,False,1
network_neutral_static,2030-01-14 09:00:00,Line,4981-5041-2,Sligo,Srananagh 220,39.947130548229104,123.0,0.32477341909129354,False,1
network_neutral_static,2030-01-14 10:00:00,Line,4981-5041-2,Sligo,Srananagh 220,39.37513830874153,123.0,0.3201230756808255,False,1
network_neutral_static,2030-01-14 11:00:00,Line,4981-5041-2,Sligo,Srananagh 220,41.4674347747274,123.0,0.33713361605469433,False,1
network_neutral_static,2030-01-14 12:00:00,Line,4981-5041-2,Sligo,Srananagh 220,18.850453742396112,123.0,0.15325572148289524,False,1
network_neutral_static,2030-01-14 13:00:00,Line,4981-5041-2,Sligo,Srananagh 220,16.919135616379013,123.0,0.13755394810064236,False,1
network_neutral_static,2030-01-14 14:00:00,Line,4981-5041-2,Sligo,Srananagh 220,15.531396277789764,123.0,0.12627151445357532,False,1
network_neutral_static,2030-01-14 15:00:00,Line,4981-5041-2,Sligo,Srananagh 220,25.52765531753078,123.0,0.20754191315065673,False,1
network_neutral_static,2030-01-14 16:00:00,Line,4981-5041-2,Sligo,Srananagh 220,24.68561920933105,123.0,0.20069609113277279,False,1
network_neutral_static,2030-01-14 17:00:00,Line,4981-5041-2,Sligo,Srananagh 220,31.827772577698873,123.0,0.25876237868047863,False,1
network_neutral_static,2030-01-14 18:00:00,Line,4981-5041-2,Sligo,Srananagh 220,26.91336472549868,123.0,0.21880784329673725,False,1
network_neutral_static,2030-01-14 19:00:00,Line,4981-5041-2,Sligo,Srananagh 220,26.81397029453829,123.0,0.21799975849218123,False,1
network_neutral_static,2030-01-14 20:00:00,Line,4981-5041-2,Sligo,Srananagh 220,20.771979236710656,123.0,0.16887787997325737,False,1
network_neutral_static,2030-01-14 21:00:00,Line,4981-5041-2,Sligo,Srananagh 220,18.84109145412225,123.0,0.15317960531806707,False,1
network_neutral_static,2030-01-14 22:00:00,Line,4981-5041-2,Sligo,Srananagh 220,19.116848035789296,123.0,0.15542152874625445,False,1
network_neutral_static,2030-01-14 23:00:00,Line,4981-5041-2,Sligo,Srananagh 220,26.814745131905465,123.0,0.21800605798297126,False,1
network_neutral_static,2030-01-15 00:00:00,Line,4981-5041-2,Sligo,Srananagh 220,32.096955829771204,123.0,0.26095086040464394,False,1
network_neutral_static,2030-01-15 01:00:00,Line,4981-5041-2,Sligo,Srananagh 220,34.268674552597325,123.0,0.2786071101837181,False,1
network_neutral_static,2030-01-15 02:00:00,Line,4981-5041-2,Sligo,Srananagh 220,41.158254250630854,123.0,0.33461995325716143,False,1
network_neutral_static,2030-01-15 03:00:00,Line,4981-5041-2,Sligo,Srananagh 220,49.72713958133,123.0,0.4042856876530894,False,1
network_neutral_static,2030-01-15 04:00:00,Line,4981-5041-2,Sligo,Srananagh 220,53.874727757335144,123.0,0.43800591672630196,False,1
network_neutral_static,2030-01-15 05:00:00,Line,4981-5041-2,Sligo,Srananagh 220,48.151421268760714,123.0,0.39147496966472123,False,1
network_neutral_static,2030-01-14 06:00:00,Line,4991-5361-1,Sorne Hill,Trillick,14.10332549394124,123.0,0.11466118287757106,False,1
network_neutral_static,2030-01-14 07:00:00,Line,4991-5361-1,Sorne Hill,Trillick,27.65927622121897,123.0,0.22487216440015423,False,1
network_neutral_static,2030-01-14 08:00:00,Line,4991-5361-1,Sorne Hill,Trillick,31.57292471203537,123.0,0.25669044481329567,False,1
network_neutral_static,2030-01-14 09:00:00,Line,4991-5361-1,Sorne Hill,Trillick,30.856659273453886,123.0,0.25086714856466574,False,1
network_neutral_static,2030-01-14 10:00:00,Line,4991-5361-1,Sorne Hill,Trillick,22.562850613697613,123.0,0.18343780986746028,False,1
network_neutral_static,2030-01-14 11:00:00,Line,4991-5361-1,Sorne Hill,Trillick,29.46775743584074,123.0,0.23957526370602225,False,1
network_neutral_static,2030-01-14 12:00:00,Line,4991-5361-1,Sorne Hill,Trillick,13.911591944996564,123.0,0.11310237353655743,False,1
network_neutral_static,2030-01-14 13:00:00,Line,4991-5361-1,Sorne Hill,Trillick,12.225090131852161,123.0,0.09939097668172489,False,1
network_neutral_static,2030-01-14 14:00:00,Line,4991-5361-1,Sorne Hill,Trillick,9.100715189151563,123.0,0.07398955438334603,False,1
network_neutral_static,2030-01-14 15:00:00,Line,4991-5361-1,Sorne Hill,Trillick,17.35269141104657,123.0,0.14107879195972822,False,1
network_neutral_static,2030-01-14 16:00:00,Line,4991-5361-1,Sorne Hill,Trillick,12.735443310024104,123.0,0.10354018951239109,False,1
network_neutral_static,2030-01-14 17:00:00,Line,4991-5361-1,Sorne Hill,Trillick,12.829685132860396,123.0,0.10430638319398695,False,1
network_neutral_static,2030-01-14 18:00:00,Line,4991-5361-1,Sorne Hill,Trillick,10.921434353595691,123.0,0.08879214921622514,False,1
network_neutral_static,2030-01-14 19:00:00,Line,4991-5361-1,Sorne Hill,Trillick,13.985471597453586,123.0,0.11370302111750882,False,1
network_neutral_static,2030-01-14 20:00:00,Line,4991-5361-1,Sorne Hill,Trillick,9.789263877525505,123.0,0.07958751119939435,False,1
network_neutral_static,2030-01-14 21:00:00,Line,4991-5361-1,Sorne Hill,Trillick,13.246118494741266,123.0,0.10769202028244931,False,1
network_neutral_static,2030-01-14 22:00:00,Line,4991-5361-1,Sorne Hill,Trillick,11.107911409982277,123.0,0.09030822284538437,False,1
network_neutral_static,2030-01-14 23:00:00,Line,4991-5361-1,Sorne Hill,Trillick,20.197918411359524,123.0,0.16421071879154084,False,1
network_neutral_static,2030-01-15 00:00:00,Line,4991-5361-1,Sorne Hill,Trillick,28.63996917653709,123.0,0.2328452778580251,False,1
network_neutral_static,2030-01-15 01:00:00,Line,4991-5361-1,Sorne Hill,Trillick,28.277885843965812,123.0,0.2299015109265513,False,1
network_neutral_static,2030-01-15 02:00:00,Line,4991-5361-1,Sorne Hill,Trillick,25.648240392411775,123.0,0.20852227961310388,False,1
network_neutral_static,2030-01-15 03:00:00,Line,4991-5361-1,Sorne Hill,Trillick,26.372122088212148,123.0,0.2144074966521313,False,1
network_neutral_static,2030-01-15 04:00:00,Line,4991-5361-1,Sorne Hill,Trillick,28.727813786240404,123.0,0.23355946167675126,False,1
network_neutral_static,2030-01-15 05:00:00,Line,4991-5361-1,Sorne Hill,Trillick,22.818123238147724,123.0,0.18551319705811156,False,1
network_priority_static,2030-01-14 06:00:00,Line,1571-5191-1,Ardnagappary,Tievebrack,-1.4648813879999105,91.0,0.016097597670328687,False,-1
network_priority_static,2030-01-14 07:00:00,Line,1571-5191-1,Ardnagappary,Tievebrack,0.010492436474759614,91.0,0.00011530149972263312,False,1
network_priority_static,2030-01-14 08:00:00,Line,1571-5191-1,Ardnagappary,Tievebrack,0.8830326380133382,91.0,0.009703655362783937,False,1
network_priority_static,2030-01-14 09:00:00,Line,1571-5191-1,Ardnagappary,Tievebrack,5.8399420926193155,91.0,0.06417518783098149,False,1
network_priority_static,2030-01-14 10:00:00,Line,1571-5191-1,Ardnagappary,Tievebrack,6.17555670327652,91.0,0.06786326047556615,False,1
network_priority_static,2030-01-14 11:00:00,Line,1571-5191-1,Ardnagappary,Tievebrack,9.604336293349858,91.0,0.10554215706977867,False,1
network_priority_static,2030-01-14 12:00:00,Line,1571-5191-1,Ardnagappary,Tievebrack,-0.33941362069215586,91.0,0.0037298200076061085,False,-1
network_priority_static,2030-01-14 13:00:00,Line,1571-5191-1,Ardnagappary,Tievebrack,-1.0153302559582382,91.0,0.01115747534020042,False,-1
network_priority_static,2030-01-14 14:00:00,Line,1571-5191-1,Ardnagappary,Tievebrack,-2.3871142231027562,91.0,0.02623202442970062,False,-1
network_priority_static,2030-01-14 15:00:00,Line,1571-5191-1,Ardnagappary,Tievebrack,1.7872666083949618,91.0,0.019640292399944633,False,1
network_priority_static,2030-01-14 16:00:00,Line,1571-5191-1,Ardnagappary,Tievebrack,-2.3420858949078402,91.0,0.025737207636349894,False,-1
network_priority_static,2030-01-14 17:00:00,Line,1571-5191-1,Ardnagappary,Tievebrack,-0.13350748666064405,91.0,0.0014671152380290554,False,-1
network_priority_static,2030-01-14 18:00:00,Line,1571-5191-1,Ardnagappary,Tievebrack,-2.8302059678573848,91.0,0.031101164481949283,False,-1
network_priority_static,2030-01-14 19:00:00,Line,1571-5191-1,Ardnagappary,Tievebrack,-0.6572871074428104,91.0,0.00722293524662429,False,-1
network_priority_static,2030-01-14 20:00:00,Line,1571-5191-1,Ardnagappary,Tievebrack,-3.2426371095684035,91.0,0.03563337483042202,False,-1
network_priority_static,2030-01-14 21:00:00,Line,1571-5191-1,Ardnagappary,Tievebrack,1.6978310559922214,91.0,0.018657484131782653,False,1
network_priority_static,2030-01-14 22:00:00,Line,1571-5191-1,Ardnagappary,Tievebrack,-1.001885719991817,91.0,0.011009733186723263,False,-1
network_priority_static,2030-01-14 23:00:00,Line,1571-5191-1,Ardnagappary,Tievebrack,2.388758089146515,91.0,0.02625008889171995,False,1
network_priority_static,2030-01-15 00:00:00,Line,1571-5191-1,Ardnagappary,Tievebrack,6.000298748841333,91.0,0.06593734888836629,False,1
network_priority_static,2030-01-15 01:00:00,Line,1571-5191-1,Ardnagappary,Tievebrack,8.964707869540707,91.0,0.09851327329165611,False,1
network_priority_static,2030-01-15 02:00:00,Line,1571-5191-1,Ardnagappary,Tievebrack,7.905996029245571,91.0,0.08687907724445683,False,1
network_priority_static,2030-01-15 03:00:00,Line,1571-5191-1,Ardnagappary,Tievebrack,11.395624357118251,91.0,0.12522664128701375,False,1
network_priority_static,2030-01-15 04:00:00,Line,1571-5191-1,Ardnagappary,Tievebrack,11.123055285406963,91.0,0.12223137676271388,False,1
network_priority_static,2030-01-15 05:00:00,Line,1571-5191-1,Ardnagappary,Tievebrack,9.129116393694499,91.0,0.10031996037026922,False,1
network_priority_static,2030-01-14 06:00:00,Line,1341-1701-1,Binbane,Cathaleen's Fall,29.14052978727532,210.0,0.1387644275584539,False,1
network_priority_static,2030-01-14 07:00:00,Line,1341-1701-1,Binbane,Cathaleen's Fall,48.296775920025,210.0,0.22998464723821427,False,1
network_priority_static,2030-01-14 08:00:00,Line,1341-1701-1,Binbane,Cathaleen's Fall,47.927982503887264,210.0,0.22822848811374888,False,1
network_priority_static,2030-01-14 09:00:00,Line,1341-1701-1,Binbane,Cathaleen's Fall,63.9421935932804,210.0,0.3044866361584781,False,1
network_priority_static,2030-01-14 10:00:00,Line,1341-1701-1,Binbane,Cathaleen's Fall,55.9077333278249,210.0,0.26622730156107094,False,1
network_priority_static,2030-01-14 11:00:00,Line,1341-1701-1,Binbane,Cathaleen's Fall,73.86420786933712,210.0,0.3517343231873196,False,1
network_priority_static,2030-01-14 12:00:00,Line,1341-1701-1,Binbane,Cathaleen's Fall,25.064809028480127,210.0,0.11935623346895298,False,1
network_priority_static,2030-01-14 13:00:00,Line,1341-1701-1,Binbane,Cathaleen's Fall,21.253717885634092,210.0,0.10120818040778139,False,1
network_priority_static,2030-01-14 14:00:00,Line,1341-1701-1,Binbane,Cathaleen's Fall,5.4610429159157015,210.0,0.026004966266265243,False,1
network_priority_static,2030-01-14 15:00:00,Line,1341-1701-1,Binbane,Cathaleen's Fall,44.280660475930986,210.0,0.21086028798062376,False,1
network_priority_static,2030-01-14 16:00:00,Line,1341-1701-1,Binbane,Cathaleen's Fall,29.741616440329498,210.0,0.14162674495395,False,1
network_priority_static,2030-01-14 17:00:00,Line,1341-1701-1,Binbane,Cathaleen's Fall,41.56932727303924,210.0,0.19794917749066307,False,1
network_priority_static,2030-01-14 18:00:00,Line,1341-1701-1,Binbane,Cathaleen's Fall,22.78513120290487,210.0,0.10850062477573748,False,1
network_priority_static,2030-01-14 19:00:00,Line,1341-1701-1,Binbane,Cathaleen's Fall,30.06303043948856,210.0,0.1431572878070884,False,1
network_priority_static,2030-01-14 20:00:00,Line,1341-1701-1,Binbane,Cathaleen's Fall,5.7431215847239585,210.0,0.02734819802249504,False,1
network_priority_static,2030-01-14 21:00:00,Line,1341-1701-1,Binbane,Cathaleen's Fall,20.897612721273322,210.0,0.09951244152987296,False,1
network_priority_static,2030-01-14 22:00:00,Line,1341-1701-1,Binbane,Cathaleen's Fall,7.901990520507066,210.0,0.037628526288128884,False,1
network_priority_static,2030-01-14 23:00:00,Line,1341-1701-1,Binbane,Cathaleen's Fall,41.52659105722584,210.0,0.19774567170107543,False,1
network_priority_static,2030-01-15 00:00:00,Line,1341-1701-1,Binbane,Cathaleen's Fall,60.231207591545875,210.0,0.28681527424545655,False,1
network_priority_static,2030-01-15 01:00:00,Line,1341-1701-1,Binbane,Cathaleen's Fall,74.04962448644719,210.0,0.3526172594592723,False,1
network_priority_static,2030-01-15 02:00:00,Line,1341-1701-1,Binbane,Cathaleen's Fall,64.46002554150498,210.0,0.30695250257859513,False,1
network_priority_static,2030-01-15 03:00:00,Line,1341-1701-1,Binbane,Cathaleen's Fall,79.96895248075558,210.0,0.3808045356226456,False,1
network_priority_static,2030-01-15 04:00:00,Line,1341-1701-1,Binbane,Cathaleen's Fall,78.50363380755667,210.0,0.3738268276550317,False,1
network_priority_static,2030-01-15 05:00:00,Line,1341-1701-1,Binbane,Cathaleen's Fall,76.14690404593253,210.0,0.3626043049806311,False,1
network_priority_static,2030-01-14 06:00:00,Line,1341-5191-1,Binbane,Tievebrack,-12.995100601626703,159.0,0.08173019246306103,False,-1
network_priority_static,2030-01-14 07:00:00,Line,1341-5191-1,Binbane,Tievebrack,-24.69159694439453,159.0,0.1552930625433618,False,-1
network_priority_static,2030-01-14 08:00:00,Line,1341-5191-1,Binbane,Tievebrack,-29.15616927100635,159.0,0.18337213377991415,False,-1
network_priority_static,2030-01-14 09:00:00,Line,1341-5191-1,Binbane,Tievebrack,-30.996528274854718,159.0,0.1949467187097781,False,-1
network_priority_static,2030-01-14 10:00:00,Line,1341-5191-1,Binbane,Tievebrack,-31.232307840074064,159.0,0.19642960905706958,False,-1
network_priority_static,2030-01-14 11:00:00,Line,1341-5191-1,Binbane,Tievebrack,-27.965682561007824,159.0,0.17588479598118129,False,-1
network_priority_static,2030-01-14 12:00:00,Line,1341-5191-1,Binbane,Tievebrack,-15.688164824643057,159.0,0.09866770329964186,False,-1
network_priority_static,2030-01-14 13:00:00,Line,1341-5191-1,Binbane,Tievebrack,-13.047492875234393,159.0,0.08205970361782637,False,-1
network_priority_static,2030-01-14 14:00:00,Line,1341-5191-1,Binbane,Tievebrack,-2.5057089441273384,159.0,0.015759175749228544,False,-1
network_priority_static,2030-01-14 15:00:00,Line,1341-5191-1,Binbane,Tievebrack,-22.113584377607637,159.0,0.13907914702897886,False,-1
network_priority_static,2030-01-14 16:00:00,Line,1341-5191-1,Binbane,Tievebrack,-15.904593946388722,159.0,0.10002889274458315,False,-1
network_priority_static,2030-01-14 17:00:00,Line,1341-5191-1,Binbane,Tievebrack,-15.340435840939612,159.0,0.09648072855936864,False,-1
network_priority_static,2030-01-14 18:00:00,Line,1341-5191-1,Binbane,Tievebrack,-8.87561439105593,159.0,0.05582147415758446,False,-1
network_priority_static,2030-01-14 19:00:00,Line,1341-5191-1,Binbane,Tievebrack,-15.573618325822675,159.0,0.09794728506806714,False,-1
network_priority_static,2030-01-14 20:00:00,Line,1341-5191-1,Binbane,Tievebrack,-0.11781742993359501,159.0,0.0007409901253685221,False,-1
network_priority_static,2030-01-14 21:00:00,Line,1341-5191-1,Binbane,Tievebrack,-7.225010849720139,159.0,0.04544031980956062,False,-1
network_priority_static,2030-01-14 22:00:00,Line,1341-5191-1,Binbane,Tievebrack,-2.411643337001344,159.0,0.015167568157241157,False,-1
network_priority_static,2030-01-14 23:00:00,Line,1341-5191-1,Binbane,Tievebrack,-20.29396125280685,159.0,0.1276349764327475,False,-1
network_priority_static,2030-01-15 00:00:00,Line,1341-5191-1,Binbane,Tievebrack,-24.36862840742853,159.0,0.15326181388319832,False,-1
network_priority_static,2030-01-15 01:00:00,Line,1341-5191-1,Binbane,Tievebrack,-30.779573361617103,159.0,0.19358222240010756,False,-1
network_priority_static,2030-01-15 02:00:00,Line,1341-5191-1,Binbane,Tievebrack,-17.789084654395197,159.0,0.11188103556223394,False,-1
network_priority_static,2030-01-15 03:00:00,Line,1341-5191-1,Binbane,Tievebrack,-20.621727429378588,159.0,0.12969639892690935,False,-1
network_priority_static,2030-01-15 04:00:00,Line,1341-5191-1,Binbane,Tievebrack,-18.68089082967368,159.0,0.11748987943190993,False,-1
network_priority_static,2030-01-15 05:00:00,Line,1341-5191-1,Binbane,Tievebrack,-23.410872584117854,159.0,0.14723819235294247,False,-1
network_priority_static,2030-01-14 06:00:00,Line,2870-17010-1,Clogher,Cathaleen's Fall,65.75525594494457,209.0,0.3146184494973424,False,1
network_priority_static,2030-01-14 07:00:00,Line,2870-17010-1,Clogher,Cathaleen's Fall,80.72090125686388,209.0,0.3862244079275784,False,1
network_priority_static,2030-01-14 08:00:00,Line,2870-17010-1,Clogher,Cathaleen's Fall,88.36501291936234,209.0,0.4227991048773318,False,1
network_priority_static,2030-01-14 09:00:00,Line,2870-17010-1,Clogher,Cathaleen's Fall,93.33839281852134,209.0,0.4465951809498629,False,1
network_priority_static,2030-01-14 10:00:00,Line,2870-17010-1,Clogher,Cathaleen's Fall,98.1555536162751,209.0,0.4696437972070579,False,1
network_priority_static,2030-01-14 11:00:00,Line,2870-17010-1,Clogher,Cathaleen's Fall,86.81956400804376,209.0,0.41540461247867827,False,1
network_priority_static,2030-01-14 12:00:00,Line,2870-17010-1,Clogher,Cathaleen's Fall,69.47996096419595,209.0,0.33244000461337775,False,1
network_priority_static,2030-01-14 13:00:00,Line,2870-17010-1,Clogher,Cathaleen's Fall,66.86191505443793,209.0,0.3199134691599901,False,1
network_priority_static,2030-01-14 14:00:00,Line,2870-17010-1,Clogher,Cathaleen's Fall,41.9376584513396,209.0,0.20065865287722298,False,1
network_priority_static,2030-01-14 15:00:00,Line,2870-17010-1,Clogher,Cathaleen's Fall,81.06718450745026,209.0,0.3878812655858864,False,1
network_priority_static,2030-01-14 16:00:00,Line,2870-17010-1,Clogher,Cathaleen's Fall,78.76493480006872,209.0,0.37686571674674024,False,1
network_priority_static,2030-01-14 17:00:00,Line,2870-17010-1,Clogher,Cathaleen's Fall,76.89851942583464,209.0,0.3679354996451418,False,1
network_priority_static,2030-01-14 18:00:00,Line,2870-17010-1,Clogher,Cathaleen's Fall,60.73554922879709,209.0,0.2906007140133832,False,1
network_priority_static,2030-01-14 19:00:00,Line,2870-17010-1,Clogher,Cathaleen's Fall,72.82284557399284,209.0,0.3484346678181475,False,1
network_priority_static,2030-01-14 20:00:00,Line,2870-17010-1,Clogher,Cathaleen's Fall,38.516555299250186,209.0,0.18428973827392434,False,1
network_priority_static,2030-01-14 21:00:00,Line,2870-17010-1,Clogher,Cathaleen's Fall,54.56271144988166,209.0,0.26106560502335724,False,1
network_priority_static,2030-01-14 22:00:00,Line,2870-17010-1,Clogher,Cathaleen's Fall,44.5230340571681,209.0,0.2130288710869287,False,1
network_priority_static,2030-01-14 23:00:00,Line,2870-17010-1,Clogher,Cathaleen's Fall,78.20060442264024,209.0,0.3741655714001925,False,1
network_priority_static,2030-01-15 00:00:00,Line,2870-17010-1,Clogher,Cathaleen's Fall,95.81581871564029,209.0,0.4584488933762693,False,1
network_priority_static,2030-01-15 01:00:00,Line,2870-17010-1,Clogher,Cathaleen's Fall,85.58139604531057,209.0,0.4094803638531606,False,1
network_priority_static,2030-01-15 02:00:00,Line,2870-17010-1,Clogher,Cathaleen's Fall,91.52966085338916,209.0,0.4379409610210008,False,1
network_priority_static,2030-01-15 03:00:00,Line,2870-17010-1,Clogher,Cathaleen's Fall,80.85648528128618,209.0,0.3868731353171588,False,1
network_priority_static,2030-01-15 04:00:00,Line,2870-17010-1,Clogher,Cathaleen's Fall,78.70097050439975,209.0,0.3765596674851663,False,1
network_priority_static,2030-01-15 05:00:00,Line,2870-17010-1,Clogher,Cathaleen's Fall,82.09201896208556,209.0,0.39278477972289744,False,1
network_priority_static,2030-01-14 06:00:00,Line,1701-28712-2,Cathaleen's Fall,Clogher,-65.75525594494457,210.0,0.3131202664044979,False,-1
network_priority_static,2030-01-14 07:00:00,Line,1701-28712-2,Cathaleen's Fall,Clogher,-80.72090125686388,210.0,0.3843852440803042,False,-1
network_priority_static,2030-01-14 08:00:00,Line,1701-28712-2,Cathaleen's Fall,Clogher,-88.36501291936234,210.0,0.42078577580648735,False,-1
network_priority_static,2030-01-14 09:00:00,Line,1701-28712-2,Cathaleen's Fall,Clogher,-93.33839281852131,210.0,0.4444685372310539,False,-1
network_priority_static,2030-01-14 10:00:00,Line,1701-28712-2,Cathaleen's Fall,Clogher,-98.15555361627509,210.0,0.4674073981727385,False,-1
network_priority_static,2030-01-14 11:00:00,Line,1701-28712-2,Cathaleen's Fall,Clogher,-86.81956400804374,210.0,0.41342649527639874,False,-1
network_priority_static,2030-01-14 12:00:00,Line,1701-28712-2,Cathaleen's Fall,Clogher,-69.47996096419595,210.0,0.33085695697236167,False,-1
network_priority_static,2030-01-14 13:00:00,Line,1701-28712-2,Cathaleen's Fall,Clogher,-66.86191505443793,210.0,0.31839007168779965,False,-1
network_priority_static,2030-01-14 14:00:00,Line,1701-28712-2,Cathaleen's Fall,Clogher,-41.9376584513396,210.0,0.19970313548256952,False,-1
network_priority_static,2030-01-14 15:00:00,Line,1701-28712-2,Cathaleen's Fall,Clogher,-81.06718450745026,210.0,0.38603421194023935,False,-1
network_priority_static,2030-01-14 16:00:00,Line,1701-28712-2,Cathaleen's Fall,Clogher,-78.76493480006872,210.0,0.3750711180955653,False,-1
network_priority_static,2030-01-14 17:00:00,Line,1701-28712-2,Cathaleen's Fall,Clogher,-76.89851942583462,210.0,0.36618342583730773,False,-1
network_priority_static,2030-01-14 18:00:00,Line,1701-28712-2,Cathaleen's Fall,Clogher,-60.73554922879709,210.0,0.28921690108951,False,-1
network_priority_static,2030-01-14 19:00:00,Line,1701-28712-2,Cathaleen's Fall,Clogher,-72.82284557399284,210.0,0.3467754551142516,False,-1
network_priority_static,2030-01-14 20:00:00,Line,1701-28712-2,Cathaleen's Fall,Clogher,-38.516555299250186,210.0,0.18341216809166755,False,-1
network_priority_static,2030-01-14 21:00:00,Line,1701-28712-2,Cathaleen's Fall,Clogher,-54.56271144988166,210.0,0.25982243547562694,False,-1
network_priority_static,2030-01-14 22:00:00,Line,1701-28712-2,Cathaleen's Fall,Clogher,-44.5230340571681,210.0,0.21201444789127666,False,-1
network_priority_static,2030-01-14 23:00:00,Line,1701-28712-2,Cathaleen's Fall,Clogher,-78.20060442264023,210.0,0.3723838305840011,False,-1
network_priority_static,2030-01-15 00:00:00,Line,1701-28712-2,Cathaleen's Fall,Clogher,-95.8158187156403,210.0,0.456265803407811,False,-1
network_priority_static,2030-01-15 01:00:00,Line,1701-28712-2,Cathaleen's Fall,Clogher,-85.58139604531056,210.0,0.4075304573586217,False,-1
network_priority_static,2030-01-15 02:00:00,Line,1701-28712-2,Cathaleen's Fall,Clogher,-91.52966085338916,210.0,0.4358555278732817,False,-1
network_priority_static,2030-01-15 03:00:00,Line,1701-28712-2,Cathaleen's Fall,Clogher,-80.85648528128618,210.0,0.38503088229183896,False,-1
network_priority_static,2030-01-15 04:00:00,Line,1701-28712-2,Cathaleen's Fall,Clogher,-78.70097050439975,210.0,0.37476652621142736,False,-1
network_priority_static,2030-01-15 05:00:00,Line,1701-28712-2,Cathaleen's Fall,Clogher,-82.09201896208555,210.0,0.3909143760099312,False,-1
network_priority_static,2030-01-14 06:00:00,Line,1701-5041-1,Cathaleen's Fall,Srananagh 220,39.437800571412815,191.0,0.20648063126394145,False,1
network_priority_static,2030-01-14 07:00:00,Line,1701-5041-1,Cathaleen's Fall,Srananagh 220,46.97677672076105,191.0,0.24595171057990078,False,1
network_priority_static,2030-01-14 08:00:00,Line,1701-5041-1,Cathaleen's Fall,Srananagh 220,46.97677672076105,191.0,0.24595171057990078,False,1
network_priority_static,2030-01-14 09:00:00,Line,1701-5041-1,Cathaleen's Fall,Srananagh 220,46.97677672076105,191.0,0.24595171057990078,False,1
network_priority_static,2030-01-14 10:00:00,Line,1701-5041-1,Cathaleen's Fall,Srananagh 220,46.97677672076105,191.0,0.24595171057990078,False,1
network_priority_static,2030-01-14 11:00:00,Line,1701-5041-1,Cathaleen's Fall,Srananagh 220,46.97677672076105,191.0,0.24595171057990078,False,1
network_priority_static,2030-01-14 12:00:00,Line,1701-5041-1,Cathaleen's Fall,Srananagh 220,39.39876223209679,191.0,0.2062762420528628,False,1
network_priority_static,2030-01-14 13:00:00,Line,1701-5041-1,Cathaleen's Fall,Srananagh 220,37.55700694974908,191.0,0.19663354423952398,False,1
network_priority_static,2030-01-14 14:00:00,Line,1701-5041-1,Cathaleen's Fall,Srananagh 220,24.85626169253712,191.0,0.13013749577244565,False,1
network_priority_static,2030-01-14 15:00:00,Line,1701-5041-1,Cathaleen's Fall,Srananagh 220,46.97677672076105,191.0,0.24595171057990078,False,1
network_priority_static,2030-01-14 16:00:00,Line,1701-5041-1,Cathaleen's Fall,Srananagh 220,44.77361075619821,191.0,0.23441681024187544,False,1
network_priority_static,2030-01-14 17:00:00,Line,1701-5041-1,Cathaleen's Fall,Srananagh 220,46.97677672076105,191.0,0.24595171057990078,False,1
network_priority_static,2030-01-14 18:00:00,Line,1701-5041-1,Cathaleen's Fall,Srananagh 220,35.90404007169281,191.0,0.18797926739106186,False,1
network_priority_static,2030-01-14 19:00:00,Line,1701-5041-1,Cathaleen's Fall,Srananagh 220,41.67040244650273,191.0,0.21816964631676822,False,1
network_priority_static,2030-01-14 20:00:00,Line,1701-5041-1,Cathaleen's Fall,Srananagh 220,23.387416293124065,191.0,0.12244720572316264,False,1
network_priority_static,2030-01-14 21:00:00,Line,1701-5041-1,Cathaleen's Fall,Srananagh 220,32.492067736139965,191.0,0.17011553788554956,False,1
network_priority_static,2030-01-14 22:00:00,Line,1701-5041-1,Cathaleen's Fall,Srananagh 220,26.275864871069587,191.0,0.13756997314696118,False,1
network_priority_static,2030-01-14 23:00:00,Line,1701-5041-1,Cathaleen's Fall,Srananagh 220,46.97677672076105,191.0,0.24595171057990078,False,1
network_priority_static,2030-01-15 00:00:00,Line,1701-5041-1,Cathaleen's Fall,Srananagh 220,46.97677672076105,191.0,0.24595171057990078,False,1
network_priority_static,2030-01-15 01:00:00,Line,1701-5041-1,Cathaleen's Fall,Srananagh 220,46.97677672076105,191.0,0.24595171057990078,False,1
network_priority_static,2030-01-15 02:00:00,Line,1701-5041-1,Cathaleen's Fall,Srananagh 220,46.97677672076105,191.0,0.24595171057990078,False,1
network_priority_static,2030-01-15 03:00:00,Line,1701-5041-1,Cathaleen's Fall,Srananagh 220,46.97677672076105,191.0,0.24595171057990078,False,1
network_priority_static,2030-01-15 04:00:00,Line,1701-5041-1,Cathaleen's Fall,Srananagh 220,46.97677672076105,191.0,0.24595171057990078,False,1
network_priority_static,2030-01-15 05:00:00,Line,1701-5041-1,Cathaleen's Fall,Srananagh 220,46.97677672076105,191.0,0.24595171057990078,False,1
network_priority_static,2030-01-14 06:00:00,Line,5041-17010-2,Srananagh 220,Cathaleen's Fall,-176.29856065319498,210.0,0.8395169554914047,False,-1
network_priority_static,2030-01-14 07:00:00,Line,5041-17010-2,Srananagh 220,Cathaleen's Fall,-210.0,210.0,1.0,True,-1
network_priority_static,2030-01-14 08:00:00,Line,5041-17010-2,Srananagh 220,Cathaleen's Fall,-210.0,210.0,1.0,True,-1
network_priority_static,2030-01-14 09:00:00,Line,5041-17010-2,Srananagh 220,Cathaleen's Fall,-210.0,210.0,1.0,True,-1
network_priority_static,2030-01-14 10:00:00,Line,5041-17010-2,Srananagh 220,Cathaleen's Fall,-210.0,210.0,1.0,True,-1
network_priority_static,2030-01-14 11:00:00,Line,5041-17010-2,Srananagh 220,Cathaleen's Fall,-210.0,210.0,1.0,True,-1
network_priority_static,2030-01-14 12:00:00,Line,5041-17010-2,Srananagh 220,Cathaleen's Fall,-176.1240478017685,210.0,0.8386859419131834,False,-1
network_priority_static,2030-01-14 13:00:00,Line,5041-17010-2,Srananagh 220,Cathaleen's Fall,-167.89086033571382,210.0,0.799480287312923,False,-1
network_priority_static,2030-01-14 14:00:00,Line,5041-17010-2,Srananagh 220,Cathaleen's Fall,-111.11479585882135,210.0,0.5291180755181969,False,-1
network_priority_static,2030-01-14 15:00:00,Line,5041-17010-2,Srananagh 220,Cathaleen's Fall,-210.0,210.0,1.0,True,-1
network_priority_static,2030-01-14 16:00:00,Line,5041-17010-2,Srananagh 220,Cathaleen's Fall,-200.1512005536615,210.0,0.9531009550174357,False,-1
network_priority_static,2030-01-14 17:00:00,Line,5041-17010-2,Srananagh 220,Cathaleen's Fall,-210.0,210.0,1.0,True,-1
network_priority_static,2030-01-14 18:00:00,Line,5041-17010-2,Srananagh 220,Cathaleen's Fall,-160.5016125281177,210.0,0.7642933929910367,False,-1
network_priority_static,2030-01-14 19:00:00,Line,5041-17010-2,Srananagh 220,Cathaleen's Fall,-186.27894727179577,210.0,0.8870426060561704,False,-1
network_priority_static,2030-01-14 20:00:00,Line,5041-17010-2,Srananagh 220,Cathaleen's Fall,-104.54862518026943,210.0,0.49785059609652105,False,-1
network_priority_static,2030-01-14 21:00:00,Line,5041-17010-2,Srananagh 220,Cathaleen's Fall,-145.24909329451435,210.0,0.6916623490214969,False,-1
network_priority_static,2030-01-14 22:00:00,Line,5041-17010-2,Srananagh 220,Cathaleen's Fall,-117.46083933608843,210.0,0.5593373301718496,False,-1
network_priority_static,2030-01-14 23:00:00,Line,5041-17010-2,Srananagh 220,Cathaleen's Fall,-210.0,210.0,1.0,True,-1
network_priority_static,2030-01-15 00:00:00,Line,5041-17010-2,Srananagh 220,Cathaleen's Fall,-210.0,210.0,1.0,True,-1
network_priority_static,2030-01-15 01:00:00,Line,5041-17010-2,Srananagh 220,Cathaleen's Fall,-210.0,210.0,1.0,True,-1
network_priority_static,2030-01-15 02:00:00,Line,5041-17010-2,Srananagh 220,Cathaleen's Fall,-210.0,210.0,1.0,True,-1
network_priority_static,2030-01-15 03:00:00,Line,5041-17010-2,Srananagh 220,Cathaleen's Fall,-210.0,210.0,1.0,True,-1
network_priority_static,2030-01-15 04:00:00,Line,5041-17010-2,Srananagh 220,Cathaleen's Fall,-210.0,210.0,1.0,True,-1
network_priority_static,2030-01-15 05:00:00,Line,5041-17010-2,Srananagh 220,Cathaleen's Fall,-210.0,210.0,1.0,True,-1
network_priority_static,2030-01-14 06:00:00,Line,28710-51911-1,Clogher,Croaghonagh,-60.60677741735044,183.0,0.3311845760510953,False,-1
network_priority_static,2030-01-14 07:00:00,Line,28710-51911-1,Clogher,Croaghonagh,-86.08848218272233,183.0,0.4704288643864608,False,-1
network_priority_static,2030-01-14 08:00:00,Line,28710-51911-1,Clogher,Croaghonagh,-95.1860608810277,183.0,0.5201424091859437,False,-1
network_priority_static,2030-01-14 09:00:00,Line,28710-51911-1,Clogher,Croaghonagh,-115.24030742485701,183.0,0.6297284558735355,False,-1
network_priority_static,2030-01-14 10:00:00,Line,28710-51911-1,Clogher,Croaghonagh,-109.39640054505645,183.0,0.5977945384975762,False,-1
network_priority_static,2030-01-14 11:00:00,Line,28710-51911-1,Clogher,Croaghonagh,-120.73533693508975,183.0,0.6597559395360095,False,-1
network_priority_static,2030-01-14 12:00:00,Line,28710-51911-1,Clogher,Croaghonagh,-70.10370159614367,183.0,0.383080336590949,False,-1
network_priority_static,2030-01-14 13:00:00,Line,28710-51911-1,Clogher,Croaghonagh,-73.1604537050968,183.0,0.39978390002785136,False,-1
network_priority_static,2030-01-14 14:00:00,Line,28710-51911-1,Clogher,Croaghonagh,-52.68655909710675,183.0,0.287904694519709,False,-1
network_priority_static,2030-01-14 15:00:00,Line,28710-51911-1,Clogher,Croaghonagh,-98.13480402024487,183.0,0.5362557596734693,False,-1
network_priority_static,2030-01-14 16:00:00,Line,28710-51911-1,Clogher,Croaghonagh,-78.48868206479241,183.0,0.42889990199340117,False,-1
network_priority_static,2030-01-14 17:00:00,Line,28710-51911-1,Clogher,Croaghonagh,-88.11736524487304,183.0,0.48151565707580896,False,-1
network_priority_static,2030-01-14 18:00:00,Line,28710-51911-1,Clogher,Croaghonagh,-61.410754679792184,183.0,0.3355778944250939,False,-1
network_priority_static,2030-01-14 19:00:00,Line,28710-51911-1,Clogher,Croaghonagh,-68.56665332919714,183.0,0.37468116573331767,False,-1
network_priority_static,2030-01-14 20:00:00,Line,28710-51911-1,Clogher,Croaghonagh,-45.29003367864538,183.0,0.24748652283412775,False,-1
network_priority_static,2030-01-14 21:00:00,Line,28710-51911-1,Clogher,Croaghonagh,-55.09865454005457,183.0,0.3010855439347244,False,-1
network_priority_static,2030-01-14 22:00:00,Line,28710-51911-1,Clogher,Croaghonagh,-50.41568457560471,183.0,0.27549554412898747,False,-1
network_priority_static,2030-01-14 23:00:00,Line,28710-51911-1,Clogher,Croaghonagh,-83.40817248830035,183.0,0.45578236332404565,False,-1
network_priority_static,2030-01-15 00:00:00,Line,28710-51911-1,Clogher,Croaghonagh,-106.97348835677384,183.0,0.5845545811845565,False,-1
network_priority_static,2030-01-15 01:00:00,Line,28710-51911-1,Clogher,Croaghonagh,-113.44949406254337,183.0,0.6199425905057014,False,-1
network_priority_static,2030-01-15 02:00:00,Line,28710-51911-1,Clogher,Croaghonagh,-110.0223057902172,183.0,0.6012147857388919,False,-1
network_priority_static,2030-01-15 03:00:00,Line,28710-51911-1,Clogher,Croaghonagh,-121.43444558905436,183.0,0.6635762054046687,False,-1
network_priority_static,2030-01-15 04:00:00,Line,28710-51911-1,Clogher,Croaghonagh,-122.20188611277268,183.0,0.6677698694687032,False,-1
network_priority_static,2030-01-15 05:00:00,Line,28710-51911-1,Clogher,Croaghonagh,-120.31675560816319,183.0,0.6574686098806731,False,-1
network_priority_static,2030-01-14 06:00:00,Line,2321-28710-1,Drumkeen,Clogher,-12.95820190545353,123.0,0.10535123500368723,False,-1
network_priority_static,2030-01-14 07:00:00,Line,2321-28710-1,Drumkeen,Clogher,13.30273257256949,123.0,0.10815229733796333,False,1
network_priority_static,2030-01-14 08:00:00,Line,2321-28710-1,Drumkeen,Clogher,13.196558924897364,123.0,0.10728909695038508,False,1
network_priority_static,2030-01-14 09:00:00,Line,2321-28710-1,Drumkeen,Clogher,23.397184592792016,123.0,0.1902210129495286,False,1
network_priority_static,2030-01-14 10:00:00,Line,2321-28710-1,Drumkeen,Clogher,11.2892250021147,123.0,0.09178231709036341,False,1
network_priority_static,2030-01-14 11:00:00,Line,2321-28710-1,Drumkeen,Clogher,30.127285550207873,123.0,0.24493728089599898,False,1
network_priority_static,2030-01-14 12:00:00,Line,2321-28710-1,Drumkeen,Clogher,-17.64654191333516,123.0,0.1434678204336192,False,-1
network_priority_static,2030-01-14 13:00:00,Line,2321-28710-1,Drumkeen,Clogher,-23.488746115749883,123.0,0.1909654155752023,False,-1
network_priority_static,2030-01-14 14:00:00,Line,2321-28710-1,Drumkeen,Clogher,-31.768237380524145,123.0,0.2582783526871882,False,-1
network_priority_static,2030-01-14 15:00:00,Line,2321-28710-1,Drumkeen,Clogher,3.5619742824068483,123.0,0.02895914050737275,False,1
network_priority_static,2030-01-14 16:00:00,Line,2321-28710-1,Drumkeen,Clogher,-13.886075659994349,123.0,0.11289492406499471,False,-1
network_priority_static,2030-01-14 17:00:00,Line,2321-28710-1,Drumkeen,Clogher,-5.307419807482148,123.0,0.04314975453237519,False,-1
network_priority_static,2030-01-14 18:00:00,Line,2321-28710-1,Drumkeen,Clogher,-17.8892992984586,123.0,0.14544145771104552,False,-1
network_priority_static,2030-01-14 19:00:00,Line,2321-28710-1,Drumkeen,Clogher,-11.398842472928958,123.0,0.09267351604007283,False,-1
network_priority_static,2030-01-14 20:00:00,Line,2321-28710-1,Drumkeen,Clogher,-28.40881780591535,123.0,0.23096599842207602,False,-1
network_priority_static,2030-01-14 21:00:00,Line,2321-28710-1,Drumkeen,Clogher,-19.791633048626064,123.0,0.16090758576118752,False,-1
network_priority_static,2030-01-14 22:00:00,Line,2321-28710-1,Drumkeen,Clogher,-26.668841019072843,123.0,0.21681984568351906,False,-1
network_priority_static,2030-01-14 23:00:00,Line,2321-28710-1,Drumkeen,Clogher,3.314016688024992,123.0,0.026943225105894246,False,1
network_priority_static,2030-01-15 00:00:00,Line,2321-28710-1,Drumkeen,Clogher,12.24663742410861,123.0,0.09956615791958219,False,1
network_priority_static,2030-01-15 01:00:00,Line,2321-28710-1,Drumkeen,Clogher,37.87464768521272,123.0,0.3079239649204286,False,1
network_priority_static,2030-01-15 02:00:00,Line,2321-28710-1,Drumkeen,Clogher,5.151960755022851,123.0,0.04188585979693375,False,1
network_priority_static,2030-01-15 03:00:00,Line,2321-28710-1,Drumkeen,Clogher,29.494324515044028,123.0,0.23979125621987013,False,1
network_priority_static,2030-01-15 04:00:00,Line,2321-28710-1,Drumkeen,Clogher,26.776415691327166,123.0,0.217694436514855,False,1
network_priority_static,2030-01-15 05:00:00,Line,2321-28710-1,Drumkeen,Clogher,31.162733875048392,123.0,0.253355559959743,False,1
network_priority_static,2030-01-14 06:00:00,Line,3581-28019-1,Letterkenny,Clogher,-18.91547656205577,121.0,0.15632625257897328,False,-1
network_priority_static,2030-01-14 07:00:00,Line,3581-28019-1,Letterkenny,Clogher,1.287704321277414,121.0,0.010642184473367058,False,1
network_priority_static,2030-01-14 08:00:00,Line,3581-28019-1,Letterkenny,Clogher,1.1632790100914738,121.0,0.009613876116458461,False,1
network_priority_static,2030-01-14 09:00:00,Line,3581-28019-1,Letterkenny,Clogher,8.372866172344898,121.0,0.06919724109375948,False,1
network_priority_static,2030-01-14 10:00:00,Line,3581-28019-1,Letterkenny,Clogher,-1.5885725786425058,121.0,0.013128698997045503,False,-1
network_priority_static,2030-01-14 11:00:00,Line,3581-28019-1,Letterkenny,Clogher,13.561178707609749,121.0,0.11207585708768388,False,1
network_priority_static,2030-01-14 12:00:00,Line,3581-28019-1,Letterkenny,Clogher,-22.97775989393612,121.0,0.18989884209864563,False,-1
network_priority_static,2030-01-14 13:00:00,Line,3581-28019-1,Letterkenny,Clogher,-27.58591323137456,121.0,0.22798275397830214,False,-1
network_priority_static,2030-01-14 14:00:00,Line,3581-28019-1,Letterkenny,Clogher,-34.23017745248633,121.0,0.2828940285329449,False,-1
network_priority_static,2030-01-14 15:00:00,Line,3581-28019-1,Letterkenny,Clogher,-8.82781514255764,121.0,0.0729571499384929,False,-1
network_priority_static,2030-01-14 16:00:00,Line,3581-28019-1,Letterkenny,Clogher,-22.471537184444113,121.0,0.18571518334251333,False,-1
network_priority_static,2030-01-14 17:00:00,Line,3581-28019-1,Letterkenny,Clogher,-16.241646314896137,121.0,0.1342284819412904,False,-1
network_priority_static,2030-01-14 18:00:00,Line,3581-28019-1,Letterkenny,Clogher,-25.395232263463363,121.0,0.20987795259060632,False,-1
network_priority_static,2030-01-14 19:00:00,Line,3581-28019-1,Letterkenny,Clogher,-19.91776403007569,121.0,0.16460962008327018,False,-1
network_priority_static,2030-01-14 20:00:00,Line,3581-28019-1,Letterkenny,Clogher,-31.814669993532192,121.0,0.26293115697134045,False,-1
network_priority_static,2030-01-14 21:00:00,Line,3581-28019-1,Letterkenny,Clogher,-25.07127394051836,121.0,0.20720061107866414,False,-1
network_priority_static,2030-01-14 22:00:00,Line,3581-28019-1,Letterkenny,Clogher,-30.285121775192437,121.0,0.2502902626048962,False,-1
network_priority_static,2030-01-14 23:00:00,Line,3581-28019-1,Letterkenny,Clogher,-7.423705873868349,121.0,0.06135294110634999,False,-1
network_priority_static,2030-01-15 00:00:00,Line,3581-28019-1,Letterkenny,Clogher,-3.0924052393506263,121.0,0.02555706809380683,False,-1
network_priority_static,2030-01-15 01:00:00,Line,3581-28019-1,Letterkenny,Clogher,19.838650342865048,121.0,0.16395578795756238,False,1
network_priority_static,2030-01-15 02:00:00,Line,3581-28019-1,Letterkenny,Clogher,-9.770774895134444,121.0,0.08075020574491276,False,-1
network_priority_static,2030-01-15 03:00:00,Line,3581-28019-1,Letterkenny,Clogher,10.784200458473974,121.0,0.08912562362375184,False,1
network_priority_static,2030-01-15 04:00:00,Line,3581-28019-1,Letterkenny,Clogher,8.42363920469965,121.0,0.06961685293140207,False,1
network_priority_static,2030-01-15 05:00:00,Line,3581-28019-1,Letterkenny,Clogher,12.704548440959522,121.0,0.10499626810710348,False,1
network_priority_static,2030-01-14 06:00:00,Line,1631-5041-1,Corderry,Srananagh 220,116.07126329044209,210.0,0.5527203013830576,False,1
network_priority_static,2030-01-14 07:00:00,Line,1631-5041-1,Corderry,Srananagh 220,130.93032166081412,210.0,0.6234777221943529,False,1
network_priority_static,2030-01-14 08:00:00,Line,1631-5041-1,Corderry,Srananagh 220,134.0493529772727,210.0,0.6383302522727271,False,1
network_priority_static,2030-01-14 09:00:00,Line,1631-5041-1,Corderry,Srananagh 220,146.37391370798713,210.0,0.6970186367047007,False,1
network_priority_static,2030-01-14 10:00:00,Line,1631-5041-1,Corderry,Srananagh 220,141.8913520645751,210.0,0.6756731050694053,False,1
network_priority_static,2030-01-14 11:00:00,Line,1631-5041-1,Corderry,Srananagh 220,148.52537804908448,210.0,0.7072637049956404,False,1
network_priority_static,2030-01-14 12:00:00,Line,1631-5041-1,Corderry,Srananagh 220,77.79798148369396,210.0,0.3704665784937808,False,1
network_priority_static,2030-01-14 13:00:00,Line,1631-5041-1,Corderry,Srananagh 220,84.24233674477759,210.0,0.4011539844989409,False,1
network_priority_static,2030-01-14 14:00:00,Line,1631-5041-1,Corderry,Srananagh 220,65.28035650675983,210.0,0.31085884050838014,False,1
network_priority_static,2030-01-14 15:00:00,Line,1631-5041-1,Corderry,Srananagh 220,121.20786587763374,210.0,0.5771803137030178,False,1
network_priority_static,2030-01-14 16:00:00,Line,1631-5041-1,Corderry,Srananagh 220,121.20318271594515,210.0,0.5771580129330721,False,1
network_priority_static,2030-01-14 17:00:00,Line,1631-5041-1,Corderry,Srananagh 220,137.5666705456856,210.0,0.6550793835508839,False,1
network_priority_static,2030-01-14 18:00:00,Line,1631-5041-1,Corderry,Srananagh 220,130.50624202413036,210.0,0.6214582953530017,False,1
network_priority_static,2030-01-14 19:00:00,Line,1631-5041-1,Corderry,Srananagh 220,136.2693879039257,210.0,0.6489018471615509,False,1
network_priority_static,2030-01-14 20:00:00,Line,1631-5041-1,Corderry,Srananagh 220,114.03864490530975,210.0,0.5430411662157607,False,1
network_priority_static,2030-01-14 21:00:00,Line,1631-5041-1,Corderry,Srananagh 220,110.09025520963611,210.0,0.5242393105220767,False,1
network_priority_static,2030-01-14 22:00:00,Line,1631-5041-1,Corderry,Srananagh 220,100.57845315673156,210.0,0.478945015032055,False,1
network_priority_static,2030-01-14 23:00:00,Line,1631-5041-1,Corderry,Srananagh 220,140.7318104480931,210.0,0.6701514783242529,False,1
network_priority_static,2030-01-15 00:00:00,Line,1631-5041-1,Corderry,Srananagh 220,148.02428270901018,210.0,0.7048775367095723,False,1
network_priority_static,2030-01-15 01:00:00,Line,1631-5041-1,Corderry,Srananagh 220,147.4455973225469,210.0,0.702121892012128,False,1
network_priority_static,2030-01-15 02:00:00,Line,1631-5041-1,Corderry,Srananagh 220,148.0195210091432,210.0,0.7048548619483009,False,1
network_priority_static,2030-01-15 03:00:00,Line,1631-5041-1,Corderry,Srananagh 220,151.25383420563927,210.0,0.720256353360187,False,1
network_priority_static,2030-01-15 04:00:00,Line,1631-5041-1,Corderry,Srananagh 220,146.67640386879862,210.0,0.6984590660418982,False,1
network_priority_static,2030-01-15 05:00:00,Line,1631-5041-1,Corderry,Srananagh 220,151.68712463473375,210.0,0.7223196411177798,False,1
network_priority_static,2030-01-14 06:00:00,Line,2321-3581-1,Drumkeen,Letterkenny,47.51362907104395,123.0,0.3862896672442598,False,1
network_priority_static,2030-01-14 07:00:00,Line,2321-3581-1,Drumkeen,Letterkenny,37.672337035016625,123.0,0.306279162886314,False,1
network_priority_static,2030-01-14 08:00:00,Line,2321-3581-1,Drumkeen,Letterkenny,37.91593074438886,123.0,0.3082595995478769,False,1
network_priority_static,2030-01-14 09:00:00,Line,2321-3581-1,Drumkeen,Letterkenny,37.13532214507991,123.0,0.3019131881713814,False,1
network_priority_static,2030-01-14 10:00:00,Line,2321-3581-1,Drumkeen,Letterkenny,44.75531536382535,123.0,0.36386435255142563,False,1
network_priority_static,2030-01-14 11:00:00,Line,2321-3581-1,Drumkeen,Letterkenny,34.56228763016132,123.0,0.2809942083752953,False,1
network_priority_static,2030-01-14 12:00:00,Line,2321-3581-1,Drumkeen,Letterkenny,51.442121091298105,123.0,0.4182286267585212,False,1
network_priority_static,2030-01-14 13:00:00,Line,2321-3581-1,Drumkeen,Letterkenny,54.1731579466387,123.0,0.44043217842795696,False,1
network_priority_static,2030-01-14 14:00:00,Line,2321-3581-1,Drumkeen,Letterkenny,58.58545561078107,123.0,0.47630451716082167,False,1
network_priority_static,2030-01-14 15:00:00,Line,2321-3581-1,Drumkeen,Letterkenny,53.8233309793974,123.0,0.4375880567430683,False,1
network_priority_static,2030-01-14 16:00:00,Line,2321-3581-1,Drumkeen,Letterkenny,61.41340637606377,123.0,0.4992959867972664,False,1
network_priority_static,2030-01-14 17:00:00,Line,2321-3581-1,Drumkeen,Letterkenny,59.962180961601625,123.0,0.48749740619188314,False,1
network_priority_static,2030-01-14 18:00:00,Line,2321-3581-1,Drumkeen,Letterkenny,62.169393465285935,123.0,0.5054422232950077,False,1
network_priority_static,2030-01-14 19:00:00,Line,2321-3581-1,Drumkeen,Letterkenny,57.42836831770724,123.0,0.46689730339599383,False,1
network_priority_static,2030-01-14 20:00:00,Line,2321-3581-1,Drumkeen,Letterkenny,58.13221132576567,123.0,0.4726196042745176,False,1
network_priority_static,2030-01-14 21:00:00,Line,2321-3581-1,Drumkeen,Letterkenny,54.35942777000392,123.0,0.4419465672358042,False,1
network_priority_static,2030-01-14 22:00:00,Line,2321-3581-1,Drumkeen,Letterkenny,56.56972380368124,123.0,0.4599164536884654,False,1
network_priority_static,2030-01-14 23:00:00,Line,2321-3581-1,Drumkeen,Letterkenny,46.31173224429518,123.0,0.37651814832760305,False,1
network_priority_static,2030-01-15 00:00:00,Line,2321-3581-1,Drumkeen,Letterkenny,55.07898084601503,123.0,0.4477965922440246,False,1
network_priority_static,2030-01-15 01:00:00,Line,2321-3581-1,Drumkeen,Letterkenny,30.146343821188253,123.0,0.2450922261885224,False,1
network_priority_static,2030-01-15 02:00:00,Line,2321-3581-1,Drumkeen,Letterkenny,63.556058290988055,123.0,0.5167159210649436,False,1
network_priority_static,2030-01-15 03:00:00,Line,2321-3581-1,Drumkeen,Letterkenny,45.71859848124373,123.0,0.3716959226117377,False,1
network_priority_static,2030-01-15 04:00:00,Line,2321-3581-1,Drumkeen,Letterkenny,48.02265460156395,123.0,0.3904280861915768,False,1
network_priority_static,2030-01-15 05:00:00,Line,2321-3581-1,Drumkeen,Letterkenny,42.057026609116875,123.0,0.3419270456025762,False,1
network_priority_static,2030-01-14 06:00:00,Line,1931-4371-1,Sligo,Glenree,-72.52939698172028,210.0,0.34537808086533467,False,-1
network_priority_static,2030-01-14 07:00:00,Line,1931-4371-1,Sligo,Glenree,-77.02841006206326,210.0,0.3668019526764917,False,-1
network_priority_static,2030-01-14 08:00:00,Line,1931-4371-1,Sligo,Glenree,-75.68313895612471,210.0,0.36039589979107006,False,-1
network_priority_static,2030-01-14 09:00:00,Line,1931-4371-1,Sligo,Glenree,-95.59236262360466,210.0,0.4552017267790698,False,-1
network_priority_static,2030-01-14 10:00:00,Line,1931-4371-1,Sligo,Glenree,-95.06986907119273,210.0,0.4527136622437749,False,-1
network_priority_static,2030-01-14 11:00:00,Line,1931-4371-1,Sligo,Glenree,-97.5027728911594,210.0,0.4642989185293305,False,-1
network_priority_static,2030-01-14 12:00:00,Line,1931-4371-1,Sligo,Glenree,-71.05339296467031,210.0,0.33834949030795386,False,-1
network_priority_static,2030-01-14 13:00:00,Line,1931-4371-1,Sligo,Glenree,-68.05125497901957,210.0,0.32405359513818843,False,-1
network_priority_static,2030-01-14 14:00:00,Line,1931-4371-1,Sligo,Glenree,-66.69833805220051,210.0,0.3176111335819072,False,-1
network_priority_static,2030-01-14 15:00:00,Line,1931-4371-1,Sligo,Glenree,-78.36958557610978,210.0,0.37318850274337995,False,-1
network_priority_static,2030-01-14 16:00:00,Line,1931-4371-1,Sligo,Glenree,-77.74695963605309,210.0,0.3702236173145385,False,-1
network_priority_static,2030-01-14 17:00:00,Line,1931-4371-1,Sligo,Glenree,-87.76114283081664,210.0,0.4179102039562697,False,-1
network_priority_static,2030-01-14 18:00:00,Line,1931-4371-1,Sligo,Glenree,-82.63639330227616,210.0,0.3935066347727436,False,-1
network_priority_static,2030-01-14 19:00:00,Line,1931-4371-1,Sligo,Glenree,-81.57772402879914,210.0,0.3884653525180911,False,-1
network_priority_static,2030-01-14 20:00:00,Line,1931-4371-1,Sligo,Glenree,-74.73372433511992,210.0,0.3558748777862853,False,-1
network_priority_static,2030-01-14 21:00:00,Line,1931-4371-1,Sligo,Glenree,-71.12952862846755,210.0,0.33871204108794073,False,-1
network_priority_static,2030-01-14 22:00:00,Line,1931-4371-1,Sligo,Glenree,-68.63679434198154,210.0,0.32684187781895974,False,-1
network_priority_static,2030-01-14 23:00:00,Line,1931-4371-1,Sligo,Glenree,-74.96344724726058,210.0,0.35696879641552653,False,-1
network_priority_static,2030-01-15 00:00:00,Line,1931-4371-1,Sligo,Glenree,-81.13271310004203,210.0,0.386346252857343,False,-1
network_priority_static,2030-01-15 01:00:00,Line,1931-4371-1,Sligo,Glenree,-82.77715368243841,210.0,0.39417692229732576,False,-1
network_priority_static,2030-01-15 02:00:00,Line,1931-4371-1,Sligo,Glenree,-89.47527264828751,210.0,0.4260727268966072,False,-1
network_priority_static,2030-01-15 03:00:00,Line,1931-4371-1,Sligo,Glenree,-98.08934469443744,210.0,0.46709211759255925,False,-1
network_priority_static,2030-01-15 04:00:00,Line,1931-4371-1,Sligo,Glenree,-103.74416512506846,210.0,0.4940198339288974,False,-1
network_priority_static,2030-01-15 05:00:00,Line,1931-4371-1,Sligo,Glenree,-94.84307371297224,210.0,0.45163368434748685,False,-1
network_priority_static,2030-01-14 06:00:00,Line,3591-5191-1,Letterkenny,Tievebrack,-8.448419341248812,159.0,0.053134712838042844,False,-1
network_priority_static,2030-01-14 07:00:00,Line,3591-5191-1,Letterkenny,Tievebrack,0.04898482416499239,159.0,0.0003080806551257383,False,1
network_priority_static,2030-01-14 08:00:00,Line,3591-5191-1,Letterkenny,Tievebrack,3.255054687810981,159.0,0.020472042061704283,False,1
network_priority_static,2030-01-14 09:00:00,Line,3591-5191-1,Letterkenny,Tievebrack,-1.6257653704399644,159.0,0.010224939436729336,False,-1
network_priority_static,2030-01-14 10:00:00,Line,3591-5191-1,Letterkenny,Tievebrack,-1.695451617576502,159.0,0.010663217720606931,False,-1
network_priority_static,2030-01-14 11:00:00,Line,3591-5191-1,Letterkenny,Tievebrack,-8.541794685686611,159.0,0.0537219791552617,False,-1
network_priority_static,2030-01-14 12:00:00,Line,3591-5191-1,Letterkenny,Tievebrack,-8.082205562318283,159.0,0.05083148152401436,False,-1
network_priority_static,2030-01-14 13:00:00,Line,3591-5191-1,Letterkenny,Tievebrack,-9.966729724143942,159.0,0.06268383474304366,False,-1
network_priority_static,2030-01-14 14:00:00,Line,3591-5191-1,Letterkenny,Tievebrack,-14.48549511772778,159.0,0.09110374287879107,False,-1
network_priority_static,2030-01-14 15:00:00,Line,3591-5191-1,Letterkenny,Tievebrack,-5.85762560862068,159.0,0.03684041263283446,False,-1
network_priority_static,2030-01-14 16:00:00,Line,3591-5191-1,Letterkenny,Tievebrack,-4.92862132753346,159.0,0.030997618412160123,False,-1
network_priority_static,2030-01-14 17:00:00,Line,3591-5191-1,Letterkenny,Tievebrack,-10.536028912150869,159.0,0.06626433278082307,False,-1
network_priority_static,2030-01-14 18:00:00,Line,3591-5191-1,Letterkenny,Tievebrack,-10.878635273090474,159.0,0.06841908976786462,False,-1
network_priority_static,2030-01-14 19:00:00,Line,3591-5191-1,Letterkenny,Tievebrack,-6.729370300577738,159.0,0.042323083651432315,False,-1
network_priority_static,2030-01-14 20:00:00,Line,3591-5191-1,Letterkenny,Tievebrack,-12.957675740523229,159.0,0.08149481597813352,False,-1
network_priority_static,2030-01-14 21:00:00,Line,3591-5191-1,Letterkenny,Tievebrack,-12.36651334445559,159.0,0.07777681348714208,False,-1
network_priority_static,2030-01-14 22:00:00,Line,3591-5191-1,Letterkenny,Tievebrack,-10.120958099282262,159.0,0.06365382452378782,False,-1
network_priority_static,2030-01-14 23:00:00,Line,3591-5191-1,Letterkenny,Tievebrack,-2.427075881394263,159.0,0.015264628184869577,False,-1
network_priority_static,2030-01-15 00:00:00,Line,3591-5191-1,Letterkenny,Tievebrack,-4.9093086460376085,159.0,0.03087615500652584,False,-1
network_priority_static,2030-01-15 01:00:00,Line,3591-5191-1,Letterkenny,Tievebrack,-4.217684397174693,159.0,0.026526316963362852,False,-1
network_priority_static,2030-01-15 02:00:00,Line,3591-5191-1,Letterkenny,Tievebrack,-15.938582838748943,159.0,0.1002426593632009,False,-1
network_priority_static,2030-01-15 03:00:00,Line,3591-5191-1,Letterkenny,Tievebrack,-17.624805703342233,159.0,0.1108478346122153,False,-1
network_priority_static,2030-01-15 04:00:00,Line,3591-5191-1,Letterkenny,Tievebrack,-19.32009268114006,159.0,0.1215100168625161,False,-1
network_priority_static,2030-01-15 05:00:00,Line,3591-5191-1,Letterkenny,Tievebrack,-12.451540116527056,159.0,0.0783115730599186,False,-1
network_priority_static,2030-01-14 06:00:00,Line,3581-5361-1,Letterkenny,Trillick,-7.452799195947643,123.0,0.06059186338168815,False,-1
network_priority_static,2030-01-14 07:00:00,Line,3581-5361-1,Letterkenny,Trillick,-29.110104564494588,123.0,0.23666751678450884,False,-1
network_priority_static,2030-01-14 08:00:00,Line,3581-5361-1,Letterkenny,Trillick,-34.64039822158048,123.0,0.2816292538339877,False,-1
network_priority_static,2030-01-14 09:00:00,Line,3581-5361-1,Letterkenny,Trillick,-33.089879579774774,123.0,0.2690234112176811,False,-1
network_priority_static,2030-01-14 10:00:00,Line,3581-5361-1,Letterkenny,Trillick,-18.935986983188336,123.0,0.15395111368445802,False,-1
network_priority_static,2030-01-14 11:00:00,Line,3581-5361-1,Letterkenny,Trillick,-30.883717397559746,123.0,0.25108713331349386,False,-1
network_priority_static,2030-01-14 12:00:00,Line,3581-5361-1,Letterkenny,Trillick,-4.5002518362181245,123.0,0.03658741330258638,False,-1
network_priority_static,2030-01-14 13:00:00,Line,3581-5361-1,Letterkenny,Trillick,-1.786217063349449,123.0,0.01452208994593048,False,-1
network_priority_static,2030-01-14 14:00:00,Line,3581-5361-1,Letterkenny,Trillick,3.3816362961484145,123.0,0.027492978017466786,False,1
network_priority_static,2030-01-14 15:00:00,Line,3581-5361-1,Letterkenny,Trillick,-10.53678278787506,123.0,0.08566490071443138,False,-1
network_priority_static,2030-01-14 16:00:00,Line,3581-5361-1,Letterkenny,Trillick,-1.836746556117287,123.0,0.014932898830221846,False,-1
network_priority_static,2030-01-14 17:00:00,Line,3581-5361-1,Letterkenny,Trillick,-1.0130726335208156,123.0,0.008236362874152973,False,-1
network_priority_static,2030-01-14 18:00:00,Line,3581-5361-1,Letterkenny,Trillick,2.2434742299389843,123.0,0.0182396278856828,False,1
network_priority_static,2030-01-14 19:00:00,Line,3581-5361-1,Letterkenny,Trillick,-3.641828622384681,123.0,0.029608362783615293,False,-1
network_priority_static,2030-01-14 20:00:00,Line,3581-5361-1,Letterkenny,Trillick,2.6988374591129194,123.0,0.021941767960267637,False,1
network_priority_static,2030-01-14 21:00:00,Line,3581-5361-1,Letterkenny,Trillick,-4.02091620122831,123.0,0.03269037561974236,False,-1
network_priority_static,2030-01-14 22:00:00,Line,3581-5361-1,Letterkenny,Trillick,-1.1923542866896266,123.0,0.009693937290159566,False,-1
network_priority_static,2030-01-14 23:00:00,Line,3581-5361-1,Letterkenny,Trillick,-17.5254276046813,123.0,0.14248315125757155,False,-1
network_priority_static,2030-01-15 00:00:00,Line,3581-5361-1,Letterkenny,Trillick,-32.735336152146786,123.0,0.2661409443263966,False,-1
network_priority_static,2030-01-15 01:00:00,Line,3581-5361-1,Letterkenny,Trillick,-32.60355810654849,123.0,0.26506957810202025,False,-1
network_priority_static,2030-01-15 02:00:00,Line,3581-5361-1,Letterkenny,Trillick,-28.43999993498103,123.0,0.23121951166651245,False,-1
network_priority_static,2030-01-15 03:00:00,Line,3581-5361-1,Letterkenny,Trillick,-29.837394845482898,123.0,0.24258044589823494,False,-1
network_priority_static,2030-01-15 04:00:00,Line,3581-5361-1,Letterkenny,Trillick,-33.857527049200996,123.0,0.27526444755447965,False,-1
network_priority_static,2030-01-15 05:00:00,Line,3581-5361-1,Letterkenny,Trillick,-23.448185176470165,123.0,0.19063565184122086,False,-1
network_priority_static,2030-01-14 06:00:00,Line,4981-5041-1,Sligo,Srananagh 220,27.029387411092866,123.0,0.21975111716335663,False,1
network_priority_static,2030-01-14 07:00:00,Line,4981-5041-1,Sligo,Srananagh 220,29.10392003864122,123.0,0.236617236086514,False,1
network_priority_static,2030-01-14 08:00:00,Line,4981-5041-1,Sligo,Srananagh 220,26.02424245139236,123.0,0.2115792069218891,False,1
network_priority_static,2030-01-14 09:00:00,Line,4981-5041-1,Sligo,Srananagh 220,41.13154681785314,123.0,0.33440281965734264,False,1
network_priority_static,2030-01-14 10:00:00,Line,4981-5041-1,Sligo,Srananagh 220,40.54259523972848,123.0,0.329614595444947,False,1
network_priority_static,2030-01-14 11:00:00,Line,4981-5041-1,Sligo,Srananagh 220,42.696927449988856,123.0,0.347129491463324,False,1
network_priority_static,2030-01-14 12:00:00,Line,4981-5041-1,Sligo,Srananagh 220,19.4093620743809,123.0,0.15779969166163335,False,1
network_priority_static,2030-01-14 13:00:00,Line,4981-5041-1,Sligo,Srananagh 220,17.420781146783778,123.0,0.1416323670470226,False,1
network_priority_static,2030-01-14 14:00:00,Line,4981-5041-1,Sligo,Srananagh 220,15.99189589788595,123.0,0.13001541380395082,False,1
network_priority_static,2030-01-14 15:00:00,Line,4981-5041-1,Sligo,Srananagh 220,26.284539976541126,123.0,0.21369544696374898,False,1
network_priority_static,2030-01-14 16:00:00,Line,4981-5041-1,Sligo,Srananagh 220,25.417537838179143,123.0,0.20664664909088734,False,1
network_priority_static,2030-01-14 17:00:00,Line,4981-5041-1,Sligo,Srananagh 220,32.77145316625599,123.0,0.26643457858744707,False,1
network_priority_static,2030-01-14 18:00:00,Line,4981-5041-1,Sligo,Srananagh 220,27.7113351081954,123.0,0.22529540738370243,False,1
network_priority_static,2030-01-14 19:00:00,Line,4981-5041-1,Sligo,Srananagh 220,27.608993672543466,123.0,0.2244633631914103,False,1
network_priority_static,2030-01-14 20:00:00,Line,4981-5041-1,Sligo,Srananagh 220,21.38786002270477,123.0,0.17388504083499814,False,1
network_priority_static,2030-01-14 21:00:00,Line,4981-5041-1,Sligo,Srananagh 220,19.399722198045005,123.0,0.15772131868329273,False,1
network_priority_static,2030-01-14 22:00:00,Line,4981-5041-1,Sligo,Srananagh 220,19.683654850866603,123.0,0.16002971423468781,False,1
network_priority_static,2030-01-14 23:00:00,Line,4981-5041-1,Sligo,Srananagh 220,27.609791483525296,123.0,0.22446984945955525,False,1
network_priority_static,2030-01-15 00:00:00,Line,4981-5041-1,Sligo,Srananagh 220,33.04861759291805,123.0,0.26868794790990286,False,1
network_priority_static,2030-01-15 01:00:00,Line,4981-5041-1,Sligo,Srananagh 220,35.28472689782257,123.0,0.28686769835628106,False,1
network_priority_static,2030-01-15 02:00:00,Line,4981-5041-1,Sligo,Srananagh 220,42.37857984835845,123.0,0.34454129958015,False,1
network_priority_static,2030-01-15 03:00:00,Line,4981-5041-1,Sligo,Srananagh 220,51.20152916460393,123.0,0.41627259483417833,False,1
network_priority_static,2030-01-15 04:00:00,Line,4981-5041-1,Sligo,Srananagh 220,55.47209165310518,123.0,0.4509926150658958,False,1
network_priority_static,2030-01-15 05:00:00,Line,4981-5041-1,Sligo,Srananagh 220,49.57909144114984,123.0,0.40308204423699057,False,1
network_priority_static,2030-01-14 06:00:00,Line,4981-5041-2,Sligo,Srananagh 220,26.25105426574726,123.0,0.21342320541257936,False,1
network_priority_static,2030-01-14 07:00:00,Line,4981-5041-2,Sligo,Srananagh 220,28.265849042764117,123.0,0.2298036507541798,False,1
network_priority_static,2030-01-14 08:00:00,Line,4981-5041-2,Sligo,Srananagh 220,25.27485327085489,123.0,0.20548661195816983,False,1
network_priority_static,2030-01-14 09:00:00,Line,4981-5041-2,Sligo,Srananagh 220,39.947130548229104,123.0,0.32477341909129354,False,1
network_priority_static,2030-01-14 10:00:00,Line,4981-5041-2,Sligo,Srananagh 220,39.37513830874153,123.0,0.3201230756808255,False,1
network_priority_static,2030-01-14 11:00:00,Line,4981-5041-2,Sligo,Srananagh 220,41.4674347747274,123.0,0.33713361605469433,False,1
network_priority_static,2030-01-14 12:00:00,Line,4981-5041-2,Sligo,Srananagh 220,18.850453742396112,123.0,0.15325572148289524,False,1
network_priority_static,2030-01-14 13:00:00,Line,4981-5041-2,Sligo,Srananagh 220,16.919135616379013,123.0,0.13755394810064236,False,1
network_priority_static,2030-01-14 14:00:00,Line,4981-5041-2,Sligo,Srananagh 220,15.531396277789764,123.0,0.12627151445357532,False,1
network_priority_static,2030-01-14 15:00:00,Line,4981-5041-2,Sligo,Srananagh 220,25.52765531753078,123.0,0.20754191315065673,False,1
network_priority_static,2030-01-14 16:00:00,Line,4981-5041-2,Sligo,Srananagh 220,24.68561920933105,123.0,0.20069609113277279,False,1
network_priority_static,2030-01-14 17:00:00,Line,4981-5041-2,Sligo,Srananagh 220,31.827772577698873,123.0,0.25876237868047863,False,1
network_priority_static,2030-01-14 18:00:00,Line,4981-5041-2,Sligo,Srananagh 220,26.91336472549868,123.0,0.21880784329673725,False,1
network_priority_static,2030-01-14 19:00:00,Line,4981-5041-2,Sligo,Srananagh 220,26.81397029453829,123.0,0.21799975849218123,False,1
network_priority_static,2030-01-14 20:00:00,Line,4981-5041-2,Sligo,Srananagh 220,20.771979236710656,123.0,0.16887787997325737,False,1
network_priority_static,2030-01-14 21:00:00,Line,4981-5041-2,Sligo,Srananagh 220,18.84109145412225,123.0,0.15317960531806707,False,1
network_priority_static,2030-01-14 22:00:00,Line,4981-5041-2,Sligo,Srananagh 220,19.116848035789296,123.0,0.15542152874625445,False,1
network_priority_static,2030-01-14 23:00:00,Line,4981-5041-2,Sligo,Srananagh 220,26.814745131905465,123.0,0.21800605798297126,False,1
network_priority_static,2030-01-15 00:00:00,Line,4981-5041-2,Sligo,Srananagh 220,32.096955829771204,123.0,0.26095086040464394,False,1
network_priority_static,2030-01-15 01:00:00,Line,4981-5041-2,Sligo,Srananagh 220,34.268674552597325,123.0,0.2786071101837181,False,1
network_priority_static,2030-01-15 02:00:00,Line,4981-5041-2,Sligo,Srananagh 220,41.158254250630854,123.0,0.33461995325716143,False,1
network_priority_static,2030-01-15 03:00:00,Line,4981-5041-2,Sligo,Srananagh 220,49.72713958133,123.0,0.4042856876530894,False,1
network_priority_static,2030-01-15 04:00:00,Line,4981-5041-2,Sligo,Srananagh 220,53.87472775733515,123.0,0.438005916726302,False,1
network_priority_static,2030-01-15 05:00:00,Line,4981-5041-2,Sligo,Srananagh 220,48.151421268760714,123.0,0.39147496966472123,False,1
network_priority_static,2030-01-14 06:00:00,Line,4991-5361-1,Sorne Hill,Trillick,14.10332549394124,123.0,0.11466118287757106,False,1
network_priority_static,2030-01-14 07:00:00,Line,4991-5361-1,Sorne Hill,Trillick,27.65927622121897,123.0,0.22487216440015423,False,1
network_priority_static,2030-01-14 08:00:00,Line,4991-5361-1,Sorne Hill,Trillick,31.57292471203537,123.0,0.25669044481329567,False,1
network_priority_static,2030-01-14 09:00:00,Line,4991-5361-1,Sorne Hill,Trillick,30.856659273453886,123.0,0.25086714856466574,False,1
network_priority_static,2030-01-14 10:00:00,Line,4991-5361-1,Sorne Hill,Trillick,22.562850613697613,123.0,0.18343780986746028,False,1
network_priority_static,2030-01-14 11:00:00,Line,4991-5361-1,Sorne Hill,Trillick,29.46775743584074,123.0,0.23957526370602225,False,1
network_priority_static,2030-01-14 12:00:00,Line,4991-5361-1,Sorne Hill,Trillick,13.911591944996564,123.0,0.11310237353655743,False,1
network_priority_static,2030-01-14 13:00:00,Line,4991-5361-1,Sorne Hill,Trillick,12.225090131852161,123.0,0.09939097668172489,False,1
network_priority_static,2030-01-14 14:00:00,Line,4991-5361-1,Sorne Hill,Trillick,9.100715189151563,123.0,0.07398955438334603,False,1
network_priority_static,2030-01-14 15:00:00,Line,4991-5361-1,Sorne Hill,Trillick,17.35269141104657,123.0,0.14107879195972822,False,1
network_priority_static,2030-01-14 16:00:00,Line,4991-5361-1,Sorne Hill,Trillick,12.735443310024104,123.0,0.10354018951239109,False,1
network_priority_static,2030-01-14 17:00:00,Line,4991-5361-1,Sorne Hill,Trillick,12.829685132860396,123.0,0.10430638319398695,False,1
network_priority_static,2030-01-14 18:00:00,Line,4991-5361-1,Sorne Hill,Trillick,10.921434353595691,123.0,0.08879214921622514,False,1
network_priority_static,2030-01-14 19:00:00,Line,4991-5361-1,Sorne Hill,Trillick,13.985471597453586,123.0,0.11370302111750882,False,1
network_priority_static,2030-01-14 20:00:00,Line,4991-5361-1,Sorne Hill,Trillick,9.789263877525505,123.0,0.07958751119939435,False,1
network_priority_static,2030-01-14 21:00:00,Line,4991-5361-1,Sorne Hill,Trillick,13.246118494741266,123.0,0.10769202028244931,False,1
network_priority_static,2030-01-14 22:00:00,Line,4991-5361-1,Sorne Hill,Trillick,11.107911409982277,123.0,0.09030822284538437,False,1
network_priority_static,2030-01-14 23:00:00,Line,4991-5361-1,Sorne Hill,Trillick,20.197918411359524,123.0,0.16421071879154084,False,1
network_priority_static,2030-01-15 00:00:00,Line,4991-5361-1,Sorne Hill,Trillick,28.63996917653709,123.0,0.2328452778580251,False,1
network_priority_static,2030-01-15 01:00:00,Line,4991-5361-1,Sorne Hill,Trillick,28.277885843965812,123.0,0.2299015109265513,False,1
network_priority_static,2030-01-15 02:00:00,Line,4991-5361-1,Sorne Hill,Trillick,25.648240392411775,123.0,0.20852227961310388,False,1
network_priority_static,2030-01-15 03:00:00,Line,4991-5361-1,Sorne Hill,Trillick,26.372122088212148,123.0,0.2144074966521313,False,1
network_priority_static,2030-01-15 04:00:00,Line,4991-5361-1,Sorne Hill,Trillick,28.727813786240404,123.0,0.23355946167675126,False,1
network_priority_static,2030-01-15 05:00:00,Line,4991-5361-1,Sorne Hill,Trillick,22.818123238147724,123.0,0.18551319705811156,False,1
copperplate_neutral,2030-01-14 06:00:00,Line,1571-5191-1,Ardnagappary,Tievebrack,-1.4648813879999105,91000.0,1.6097597670328686e-05,False,-1
copperplate_neutral,2030-01-14 07:00:00,Line,1571-5191-1,Ardnagappary,Tievebrack,0.010492436474759614,91000.0,1.1530149972263313e-07,False,1
copperplate_neutral,2030-01-14 08:00:00,Line,1571-5191-1,Ardnagappary,Tievebrack,0.8830326380133382,91000.0,9.703655362783937e-06,False,1
copperplate_neutral,2030-01-14 09:00:00,Line,1571-5191-1,Ardnagappary,Tievebrack,5.8399420926193155,91000.0,6.417518783098148e-05,False,1
copperplate_neutral,2030-01-14 10:00:00,Line,1571-5191-1,Ardnagappary,Tievebrack,6.17555670327652,91000.0,6.786326047556615e-05,False,1
copperplate_neutral,2030-01-14 11:00:00,Line,1571-5191-1,Ardnagappary,Tievebrack,9.604336293349858,91000.0,0.00010554215706977867,False,1
copperplate_neutral,2030-01-14 12:00:00,Line,1571-5191-1,Ardnagappary,Tievebrack,-0.33941362069215586,91000.0,3.7298200076061085e-06,False,-1
copperplate_neutral,2030-01-14 13:00:00,Line,1571-5191-1,Ardnagappary,Tievebrack,-1.0153302559582382,91000.0,1.115747534020042e-05,False,-1
copperplate_neutral,2030-01-14 14:00:00,Line,1571-5191-1,Ardnagappary,Tievebrack,-2.3871142231027562,91000.0,2.623202442970062e-05,False,-1
copperplate_neutral,2030-01-14 15:00:00,Line,1571-5191-1,Ardnagappary,Tievebrack,1.7872666083949618,91000.0,1.9640292399944635e-05,False,1
copperplate_neutral,2030-01-14 16:00:00,Line,1571-5191-1,Ardnagappary,Tievebrack,-2.3420858949078402,91000.0,2.5737207636349894e-05,False,-1
copperplate_neutral,2030-01-14 17:00:00,Line,1571-5191-1,Ardnagappary,Tievebrack,-0.13350748666064405,91000.0,1.4671152380290555e-06,False,-1
copperplate_neutral,2030-01-14 18:00:00,Line,1571-5191-1,Ardnagappary,Tievebrack,-2.8302059678573848,91000.0,3.110116448194928e-05,False,-1
copperplate_neutral,2030-01-14 19:00:00,Line,1571-5191-1,Ardnagappary,Tievebrack,-0.6572871074428104,91000.0,7.22293524662429e-06,False,-1
copperplate_neutral,2030-01-14 20:00:00,Line,1571-5191-1,Ardnagappary,Tievebrack,-3.2426371095684035,91000.0,3.5633374830422013e-05,False,-1
copperplate_neutral,2030-01-14 21:00:00,Line,1571-5191-1,Ardnagappary,Tievebrack,1.6978310559922214,91000.0,1.865748413178265e-05,False,1
copperplate_neutral,2030-01-14 22:00:00,Line,1571-5191-1,Ardnagappary,Tievebrack,-1.001885719991817,91000.0,1.1009733186723264e-05,False,-1
copperplate_neutral,2030-01-14 23:00:00,Line,1571-5191-1,Ardnagappary,Tievebrack,2.388758089146515,91000.0,2.6250088891719948e-05,False,1
copperplate_neutral,2030-01-15 00:00:00,Line,1571-5191-1,Ardnagappary,Tievebrack,6.000298748841333,91000.0,6.593734888836629e-05,False,1
copperplate_neutral,2030-01-15 01:00:00,Line,1571-5191-1,Ardnagappary,Tievebrack,8.964707869540707,91000.0,9.851327329165612e-05,False,1
copperplate_neutral,2030-01-15 02:00:00,Line,1571-5191-1,Ardnagappary,Tievebrack,7.905996029245571,91000.0,8.687907724445682e-05,False,1
copperplate_neutral,2030-01-15 03:00:00,Line,1571-5191-1,Ardnagappary,Tievebrack,11.395624357118251,91000.0,0.00012522664128701374,False,1
copperplate_neutral,2030-01-15 04:00:00,Line,1571-5191-1,Ardnagappary,Tievebrack,11.123055285406963,91000.0,0.00012223137676271387,False,1
copperplate_neutral,2030-01-15 05:00:00,Line,1571-5191-1,Ardnagappary,Tievebrack,9.129116393694499,91000.0,0.00010031996037026922,False,1
copperplate_neutral,2030-01-14 06:00:00,Line,1341-1701-1,Binbane,Cathaleen's Fall,29.14052978727532,210000.0,0.0001387644275584539,False,1
copperplate_neutral,2030-01-14 07:00:00,Line,1341-1701-1,Binbane,Cathaleen's Fall,56.59398626189263,210000.0,0.0002694951726756792,False,1
copperplate_neutral,2030-01-14 08:00:00,Line,1341-1701-1,Binbane,Cathaleen's Fall,55.25392562743406,210000.0,0.0002631139315592098,False,1
copperplate_neutral,2030-01-14 09:00:00,Line,1341-1701-1,Binbane,Cathaleen's Fall,68.4763295470338,210000.0,0.00032607775974778,False,1
copperplate_neutral,2030-01-14 10:00:00,Line,1341-1701-1,Binbane,Cathaleen's Fall,55.9077333278249,210000.0,0.00026622730156107094,False,1
copperplate_neutral,2030-01-14 11:00:00,Line,1341-1701-1,Binbane,Cathaleen's Fall,82.13355420993639,210000.0,0.000391112162904459,False,1
copperplate_neutral,2030-01-14 12:00:00,Line,1341-1701-1,Binbane,Cathaleen's Fall,25.064809028480127,210000.0,0.00011935623346895299,False,1
copperplate_neutral,2030-01-14 13:00:00,Line,1341-1701-1,Binbane,Cathaleen's Fall,21.253717885634092,210000.0,0.00010120818040778139,False,1
copperplate_neutral,2030-01-14 14:00:00,Line,1341-1701-1,Binbane,Cathaleen's Fall,5.4610429159157015,210000.0,2.6004966266265244e-05,False,1
copperplate_neutral,2030-01-14 15:00:00,Line,1341-1701-1,Binbane,Cathaleen's Fall,53.928103276047764,210000.0,0.00025680049179070365,False,1
copperplate_neutral,2030-01-14 16:00:00,Line,1341-1701-1,Binbane,Cathaleen's Fall,29.741616440329498,210000.0,0.00014162674495394998,False,1
copperplate_neutral,2030-01-14 17:00:00,Line,1341-1701-1,Binbane,Cathaleen's Fall,45.373799391115725,210000.0,0.00021606571138626536,False,1
copperplate_neutral,2030-01-14 18:00:00,Line,1341-1701-1,Binbane,Cathaleen's Fall,22.78513120290487,210000.0,0.00010850062477573749,False,1
copperplate_neutral,2030-01-14 19:00:00,Line,1341-1701-1,Binbane,Cathaleen's Fall,30.06303043948856,210000.0,0.0001431572878070884,False,1
copperplate_neutral,2030-01-14 20:00:00,Line,1341-1701-1,Binbane,Cathaleen's Fall,5.7431215847239585,210000.0,2.734819802249504e-05,False,1
copperplate_neutral,2030-01-14 21:00:00,Line,1341-1701-1,Binbane,Cathaleen's Fall,20.897612721273322,210000.0,9.951244152987296e-05,False,1
copperplate_neutral,2030-01-14 22:00:00,Line,1341-1701-1,Binbane,Cathaleen's Fall,7.901990520507066,210000.0,3.762852628812889e-05,False,1
copperplate_neutral,2030-01-14 23:00:00,Line,1341-1701-1,Binbane,Cathaleen's Fall,46.07116976711367,210000.0,0.00021938652270054131,False,1
copperplate_neutral,2030-01-15 00:00:00,Line,1341-1701-1,Binbane,Cathaleen's Fall,71.79577302303359,210000.0,0.0003418846334430171,False,1
copperplate_neutral,2030-01-15 01:00:00,Line,1341-1701-1,Binbane,Cathaleen's Fall,83.09537250732257,210000.0,0.00039569225003486933,False,1
copperplate_neutral,2030-01-15 02:00:00,Line,1341-1701-1,Binbane,Cathaleen's Fall,83.59041077294316,210000.0,0.0003980495751092531,False,1
copperplate_neutral,2030-01-15 03:00:00,Line,1341-1701-1,Binbane,Cathaleen's Fall,100.62231687309864,210000.0,0.0004791538898718983,False,1
copperplate_neutral,2030-01-15 04:00:00,Line,1341-1701-1,Binbane,Cathaleen's Fall,101.77029424171039,210000.0,0.00048462044877004945,False,1
copperplate_neutral,2030-01-15 05:00:00,Line,1341-1701-1,Binbane,Cathaleen's Fall,91.16066897313996,210000.0,0.00043409842368161887,False,1
copperplate_neutral,2030-01-14 06:00:00,Line,1341-5191-1,Binbane,Tievebrack,-12.995100601626703,159000.0,8.173019246306102e-05,False,-1
copperplate_neutral,2030-01-14 07:00:00,Line,1341-5191-1,Binbane,Tievebrack,-28.688807286262165,159000.0,0.00018043275022806393,False,-1
copperplate_neutral,2030-01-14 08:00:00,Line,1341-5191-1,Binbane,Tievebrack,-32.18211239455314,159000.0,0.00020240322260725244,False,-1
copperplate_neutral,2030-01-14 09:00:00,Line,1341-5191-1,Binbane,Tievebrack,-35.53066422860812,159000.0,0.0002234632970352712,False,-1
copperplate_neutral,2030-01-14 10:00:00,Line,1341-5191-1,Binbane,Tievebrack,-31.232307840074064,159000.0,0.0001964296090570696,False,-1
copperplate_neutral,2030-01-14 11:00:00,Line,1341-5191-1,Binbane,Tievebrack,-36.2350289016071,159000.0,0.00022789326353212013,False,-1
copperplate_neutral,2030-01-14 12:00:00,Line,1341-5191-1,Binbane,Tievebrack,-15.688164824643057,159000.0,9.866770329964187e-05,False,-1
copperplate_neutral,2030-01-14 13:00:00,Line,1341-5191-1,Binbane,Tievebrack,-13.047492875234393,159000.0,8.205970361782638e-05,False,-1
copperplate_neutral,2030-01-14 14:00:00,Line,1341-5191-1,Binbane,Tievebrack,-2.5057089441273384,159000.0,1.5759175749228545e-05,False,-1
copperplate_neutral,2030-01-14 15:00:00,Line,1341-5191-1,Binbane,Tievebrack,-27.461027177724418,159000.0,0.00017271086275298376,False,-1
copperplate_neutral,2030-01-14 16:00:00,Line,1341-5191-1,Binbane,Tievebrack,-15.904593946388722,159000.0,0.00010002889274458316,False,-1
copperplate_neutral,2030-01-14 17:00:00,Line,1341-5191-1,Binbane,Tievebrack,-19.1449079590161,159000.0,0.00012040822615733395,False,-1
copperplate_neutral,2030-01-14 18:00:00,Line,1341-5191-1,Binbane,Tievebrack,-8.87561439105593,159000.0,5.5821474157584466e-05,False,-1
copperplate_neutral,2030-01-14 19:00:00,Line,1341-5191-1,Binbane,Tievebrack,-15.573618325822675,159000.0,9.794728506806714e-05,False,-1
copperplate_neutral,2030-01-14 20:00:00,Line,1341-5191-1,Binbane,Tievebrack,-0.11781742993359501,159000.0,7.409901253685221e-07,False,-1
copperplate_neutral,2030-01-14 21:00:00,Line,1341-5191-1,Binbane,Tievebrack,-7.225010849720139,159000.0,4.544031980956062e-05,False,-1
copperplate_neutral,2030-01-14 22:00:00,Line,1341-5191-1,Binbane,Tievebrack,-2.411643337001344,159000.0,1.5167568157241156e-05,False,-1
copperplate_neutral,2030-01-14 23:00:00,Line,1341-5191-1,Binbane,Tievebrack,-24.838539962694675,159000.0,0.00015621723246977783,False,-1
copperplate_neutral,2030-01-15 00:00:00,Line,1341-5191-1,Binbane,Tievebrack,-35.933193838916246,159000.0,0.0002259949298045047,False,-1
copperplate_neutral,2030-01-15 01:00:00,Line,1341-5191-1,Binbane,Tievebrack,-39.82532138249248,159000.0,0.0002504737193867452,False,-1
copperplate_neutral,2030-01-15 02:00:00,Line,1341-5191-1,Binbane,Tievebrack,-36.91946988583339,159000.0,0.00023219792381027287,False,-1
copperplate_neutral,2030-01-15 03:00:00,Line,1341-5191-1,Binbane,Tievebrack,-41.275091821721645,159000.0,0.00025959177246365813,False,-1
copperplate_neutral,2030-01-15 04:00:00,Line,1341-5191-1,Binbane,Tievebrack,-41.94755126382741,159000.0,0.00026382107713099,False,-1
copperplate_neutral,2030-01-15 05:00:00,Line,1341-5191-1,Binbane,Tievebrack,-38.42463751132529,159000.0,0.00024166438686368106,False,-1
copperplate_neutral,2030-01-14 06:00:00,Line,2870-17010-1,Clogher,Cathaleen's Fall,65.75525594494457,209000.0,0.0003146184494973424,False,1
copperplate_neutral,2030-01-14 07:00:00,Line,2870-17010-1,Clogher,Cathaleen's Fall,102.5174333205908,209000.0,0.0004905140350267502,False,1
copperplate_neutral,2030-01-14 08:00:00,Line,2870-17010-1,Clogher,Cathaleen's Fall,106.18381396097108,209000.0,0.0005080565261290482,False,1
copperplate_neutral,2030-01-14 09:00:00,Line,2870-17010-1,Clogher,Cathaleen's Fall,111.90750840437099,209000.0,0.0005354426239443588,False,1
copperplate_neutral,2030-01-14 10:00:00,Line,2870-17010-1,Clogher,Cathaleen's Fall,98.1555536162751,209000.0,0.0004696437972070579,False,1
copperplate_neutral,2030-01-14 11:00:00,Line,2870-17010-1,Clogher,Cathaleen's Fall,120.68587273460432,209000.0,0.0005774443671512169,False,1
copperplate_neutral,2030-01-14 12:00:00,Line,2870-17010-1,Clogher,Cathaleen's Fall,69.47996096419595,209000.0,0.00033244000461337775,False,1
copperplate_neutral,2030-01-14 13:00:00,Line,2870-17010-1,Clogher,Cathaleen's Fall,66.86191505443793,209000.0,0.0003199134691599901,False,1
copperplate_neutral,2030-01-14 14:00:00,Line,2870-17010-1,Clogher,Cathaleen's Fall,41.9376584513396,209000.0,0.00020065865287722298,False,1
copperplate_neutral,2030-01-14 15:00:00,Line,2870-17010-1,Clogher,Cathaleen's Fall,108.3934631073919,209000.0,0.0005186290100832148,False,1
copperplate_neutral,2030-01-14 16:00:00,Line,2870-17010-1,Clogher,Cathaleen's Fall,78.76493480006872,209000.0,0.0003768657167467403,False,1
copperplate_neutral,2030-01-14 17:00:00,Line,2870-17010-1,Clogher,Cathaleen's Fall,92.47936729282979,209000.0,0.00044248501097047746,False,1
copperplate_neutral,2030-01-14 18:00:00,Line,2870-17010-1,Clogher,Cathaleen's Fall,60.73554922879709,209000.0,0.0002906007140133832,False,1
copperplate_neutral,2030-01-14 19:00:00,Line,2870-17010-1,Clogher,Cathaleen's Fall,72.82284557399284,209000.0,0.0003484346678181475,False,1
copperplate_neutral,2030-01-14 20:00:00,Line,2870-17010-1,Clogher,Cathaleen's Fall,38.516555299250186,209000.0,0.00018428973827392433,False,1
copperplate_neutral,2030-01-14 21:00:00,Line,2870-17010-1,Clogher,Cathaleen's Fall,54.56271144988166,209000.0,0.00026106560502335726,False,1
copperplate_neutral,2030-01-14 22:00:00,Line,2870-17010-1,Clogher,Cathaleen's Fall,44.5230340571681,209000.0,0.0002130288710869287,False,1
copperplate_neutral,2030-01-14 23:00:00,Line,2870-17010-1,Clogher,Cathaleen's Fall,96.8124873069725,209000.0,0.0004632176426170933,False,1
copperplate_neutral,2030-01-15 00:00:00,Line,2870-17010-1,Clogher,Cathaleen's Fall,112.07199032780849,209000.0,0.000536229618793342,False,1
copperplate_neutral,2030-01-15 01:00:00,Line,2870-17010-1,Clogher,Cathaleen's Fall,121.73101657468389,209000.0,0.0005824450553812626,False,1
copperplate_neutral,2030-01-15 02:00:00,Line,2870-17010-1,Clogher,Cathaleen's Fall,118.42101506566242,209000.0,0.0005666077275869015,False,1
copperplate_neutral,2030-01-15 03:00:00,Line,2870-17010-1,Clogher,Cathaleen's Fall,134.97215936633884,209000.0,0.0006457998055805686,False,1
copperplate_neutral,2030-01-15 04:00:00,Line,2870-17010-1,Clogher,Cathaleen's Fall,136.6486460810337,209000.0,0.0006538212731149937,False,1
copperplate_neutral,2030-01-15 05:00:00,Line,2870-17010-1,Clogher,Cathaleen's Fall,128.04930545932805,209000.0,0.0006126761026762108,False,1
copperplate_neutral,2030-01-14 06:00:00,Line,1701-28712-2,Cathaleen's Fall,Clogher,-65.75525594494457,210000.0,0.0003131202664044979,False,-1
copperplate_neutral,2030-01-14 07:00:00,Line,1701-28712-2,Cathaleen's Fall,Clogher,-102.5174333205908,210000.0,0.0004881782539075752,False,-1
copperplate_neutral,2030-01-14 08:00:00,Line,1701-28712-2,Cathaleen's Fall,Clogher,-106.18381396097108,210000.0,0.0005056372093379575,False,-1
copperplate_neutral,2030-01-14 09:00:00,Line,1701-28712-2,Cathaleen's Fall,Clogher,-111.90750840437099,210000.0,0.0005328928971636713,False,-1
copperplate_neutral,2030-01-14 10:00:00,Line,1701-28712-2,Cathaleen's Fall,Clogher,-98.15555361627509,210000.0,0.0004674073981727385,False,-1
copperplate_neutral,2030-01-14 11:00:00,Line,1701-28712-2,Cathaleen's Fall,Clogher,-120.68587273460432,210000.0,0.0005746946320695443,False,-1
copperplate_neutral,2030-01-14 12:00:00,Line,1701-28712-2,Cathaleen's Fall,Clogher,-69.47996096419595,210000.0,0.0003308569569723617,False,-1
copperplate_neutral,2030-01-14 13:00:00,Line,1701-28712-2,Cathaleen's Fall,Clogher,-66.86191505443793,210000.0,0.0003183900716877997,False,-1
copperplate_neutral,2030-01-14 14:00:00,Line,1701-28712-2,Cathaleen's Fall,Clogher,-41.9376584513396,210000.0,0.00019970313548256952,False,-1
copperplate_neutral,2030-01-14 15:00:00,Line,1701-28712-2,Cathaleen's Fall,Clogher,-108.3934631073919,210000.0,0.0005161593481304376,False,-1
copperplate_neutral,2030-01-14 16:00:00,Line,1701-28712-2,Cathaleen's Fall,Clogher,-78.76493480006872,210000.0,0.0003750711180955653,False,-1
copperplate_neutral,2030-01-14 17:00:00,Line,1701-28712-2,Cathaleen's Fall,Clogher,-92.47936729282979,210000.0,0.0004403779394896657,False,-1
copperplate_neutral,2030-01-14 18:00:00,Line,1701-28712-2,Cathaleen's Fall,Clogher,-60.73554922879709,210000.0,0.00028921690108950994,False,-1
copperplate_neutral,2030-01-14 19:00:00,Line,1701-28712-2,Cathaleen's Fall,Clogher,-72.82284557399284,210000.0,0.0003467754551142516,False,-1
copperplate_neutral,2030-01-14 20:00:00,Line,1701-28712-2,Cathaleen's Fall,Clogher,-38.516555299250186,210000.0,0.00018341216809166755,False,-1
copperplate_neutral,2030-01-14 21:00:00,Line,1701-28712-2,Cathaleen's Fall,Clogher,-54.56271144988166,210000.0,0.00025982243547562696,False,-1
copperplate_neutral,2030-01-14 22:00:00,Line,1701-28712-2,Cathaleen's Fall,Clogher,-44.5230340571681,210000.0,0.00021201444789127665,False,-1
copperplate_neutral,2030-01-14 23:00:00,Line,1701-28712-2,Cathaleen's Fall,Clogher,-96.8124873069725,210000.0,0.00046101184431891664,False,-1
copperplate_neutral,2030-01-15 00:00:00,Line,1701-28712-2,Cathaleen's Fall,Clogher,-112.07199032780849,210000.0,0.0005336761444181357,False,-1
copperplate_neutral,2030-01-15 01:00:00,Line,1701-28712-2,Cathaleen's Fall,Clogher,-121.73101657468389,210000.0,0.0005796715074984948,False,-1
copperplate_neutral,2030-01-15 02:00:00,Line,1701-28712-2,Cathaleen's Fall,Clogher,-118.42101506566242,210000.0,0.0005639095955507734,False,-1
copperplate_neutral,2030-01-15 03:00:00,Line,1701-28712-2,Cathaleen's Fall,Clogher,-134.97215936633884,210000.0,0.0006427245684111374,False,-1
copperplate_neutral,2030-01-15 04:00:00,Line,1701-28712-2,Cathaleen's Fall,Clogher,-136.6486460810337,210000.0,0.0006507078384811128,False,-1
copperplate_neutral,2030-01-15 05:00:00,Line,1701-28712-2,Cathaleen's Fall,Clogher,-128.04930545932805,210000.0,0.0006097585974253717,False,-1
copperplate_neutral,2030-01-14 06:00:00,Line,1701-5041-1,Cathaleen's Fall,Srananagh 220,39.437800571412815,191000.0,0.00020648063126394144,False,1
copperplate_neutral,2030-01-14 07:00:00,Line,1701-5041-1,Cathaleen's Fall,Srananagh 220,59.35694008267877,191000.0,0.0003107693198046009,False,1
copperplate_neutral,2030-01-14 08:00:00,Line,1701-5041-1,Cathaleen's Fall,Srananagh 220,59.89651658048105,191000.0,0.00031359432764649765,False,1
copperplate_neutral,2030-01-14 09:00:00,Line,1701-5041-1,Cathaleen's Fall,Srananagh 220,54.594716018074294,191000.0,0.00028583620951871356,False,1
copperplate_neutral,2030-01-14 10:00:00,Line,1701-5041-1,Cathaleen's Fall,Srananagh 220,53.23131040410893,191000.0,0.0002786979602309368,False,1
copperplate_neutral,2030-01-14 11:00:00,Line,1701-5041-1,Cathaleen's Fall,Srananagh 220,60.87035624587356,191000.0,0.00031869296463808147,False,1
copperplate_neutral,2030-01-14 12:00:00,Line,1701-5041-1,Cathaleen's Fall,Srananagh 220,39.398762232096786,191000.0,0.00020627624205286275,False,1
copperplate_neutral,2030-01-14 13:00:00,Line,1701-5041-1,Cathaleen's Fall,Srananagh 220,37.55700694974908,191000.0,0.00019663354423952398,False,1
copperplate_neutral,2030-01-14 14:00:00,Line,1701-5041-1,Cathaleen's Fall,Srananagh 220,24.85626169253712,191000.0,0.00013013749577244567,False,1
copperplate_neutral,2030-01-14 15:00:00,Line,1701-5041-1,Cathaleen's Fall,Srananagh 220,61.127484810725484,191000.0,0.00032003918749070936,False,1
copperplate_neutral,2030-01-14 16:00:00,Line,1701-5041-1,Cathaleen's Fall,Srananagh 220,44.7736107561982,191000.0,0.0002344168102418754,False,1
copperplate_neutral,2030-01-14 17:00:00,Line,1701-5041-1,Cathaleen's Fall,Srananagh 220,53.368785683314485,191000.0,0.00027941772609065175,False,1
copperplate_neutral,2030-01-14 18:00:00,Line,1701-5041-1,Cathaleen's Fall,Srananagh 220,35.90404007169281,191000.0,0.00018797926739106183,False,1
copperplate_neutral,2030-01-14 19:00:00,Line,1701-5041-1,Cathaleen's Fall,Srananagh 220,41.67040244650273,191000.0,0.00021816964631676822,False,1
copperplate_neutral,2030-01-14 20:00:00,Line,1701-5041-1,Cathaleen's Fall,Srananagh 220,23.387416293124065,191000.0,0.00012244720572316266,False,1
copperplate_neutral,2030-01-14 21:00:00,Line,1701-5041-1,Cathaleen's Fall,Srananagh 220,32.492067736139965,191000.0,0.00017011553788554956,False,1
copperplate_neutral,2030-01-14 22:00:00,Line,1701-5041-1,Cathaleen's Fall,Srananagh 220,26.275864871069583,191000.0,0.00013756997314696116,False,1
copperplate_neutral,2030-01-14 23:00:00,Line,1701-5041-1,Cathaleen's Fall,Srananagh 220,54.61226120929487,191000.0,0.0002859280691586119,False,1
copperplate_neutral,2030-01-15 00:00:00,Line,1701-5041-1,Cathaleen's Fall,Srananagh 220,55.03427951493766,191000.0,0.00028813758908344326,False,1
copperplate_neutral,2030-01-15 01:00:00,Line,1701-5041-1,Cathaleen's Fall,Srananagh 220,61.84709083283556,191000.0,0.00032380675828709717,False,1
copperplate_neutral,2030-01-15 02:00:00,Line,1701-5041-1,Cathaleen's Fall,Srananagh 220,60.305693692970905,191000.0,0.0003157366161935649,False,1
copperplate_neutral,2030-01-15 03:00:00,Line,1701-5041-1,Cathaleen's Fall,Srananagh 220,70.5376153382705,191000.0,0.0003693068865878037,False,1
copperplate_neutral,2030-01-15 04:00:00,Line,1701-5041-1,Cathaleen's Fall,Srananagh 220,72.41636246767854,191000.0,0.00037914325899308135,False,1
copperplate_neutral,2030-01-15 05:00:00,Line,1701-5041-1,Cathaleen's Fall,Srananagh 220,66.52386856216796,191000.0,0.0003482925055610888,False,1
copperplate_neutral,2030-01-14 06:00:00,Line,5041-17010-2,Srananagh 220,Cathaleen's Fall,-176.29856065319498,210000.0,0.0008395169554914046,False,-1
copperplate_neutral,2030-01-14 07:00:00,Line,5041-17010-2,Srananagh 220,Cathaleen's Fall,-265.3429691751018,210000.0,0.0012635379484528658,False,-1
copperplate_neutral,2030-01-14 08:00:00,Line,5041-17010-2,Srananagh 220,Cathaleen's Fall,-267.75503471999906,210000.0,0.0012750239748571383,False,-1
copperplate_neutral,2030-01-14 09:00:00,Line,5041-17010-2,Srananagh 220,Cathaleen's Fall,-244.05442782813944,210000.0,0.0011621639420387592,False,-1
copperplate_neutral,2030-01-14 10:00:00,Line,5041-17010-2,Srananagh 220,Cathaleen's Fall,-237.95960398284592,210000.0,0.0011331409713468852,False,-1
copperplate_neutral,2030-01-14 11:00:00,Line,5041-17010-2,Srananagh 220,Cathaleen's Fall,-272.10838426860795,210000.0,0.001295754210802895,False,-1
copperplate_neutral,2030-01-14 12:00:00,Line,5041-17010-2,Srananagh 220,Cathaleen's Fall,-176.12404780176848,210000.0,0.0008386859419131832,False,-1
copperplate_neutral,2030-01-14 13:00:00,Line,5041-17010-2,Srananagh 220,Cathaleen's Fall,-167.89086033571382,210000.0,0.000799480287312923,False,-1
copperplate_neutral,2030-01-14 14:00:00,Line,5041-17010-2,Srananagh 220,Cathaleen's Fall,-111.11479585882134,210000.0,0.0005291180755181968,False,-1
copperplate_neutral,2030-01-14 15:00:00,Line,5041-17010-2,Srananagh 220,Cathaleen's Fall,-273.2578245322487,210000.0,0.001301227735867851,False,-1
copperplate_neutral,2030-01-14 16:00:00,Line,5041-17010-2,Srananagh 220,Cathaleen's Fall,-200.1512005536615,210000.0,0.0009531009550174358,False,-1
copperplate_neutral,2030-01-14 17:00:00,Line,5041-17010-2,Srananagh 220,Cathaleen's Fall,-238.57415888951337,210000.0,0.001136067423283397,False,-1
copperplate_neutral,2030-01-14 18:00:00,Line,5041-17010-2,Srananagh 220,Cathaleen's Fall,-160.5016125281177,210000.0,0.0007642933929910367,False,-1
copperplate_neutral,2030-01-14 19:00:00,Line,5041-17010-2,Srananagh 220,Cathaleen's Fall,-186.27894727179577,210000.0,0.0008870426060561703,False,-1
copperplate_neutral,2030-01-14 20:00:00,Line,5041-17010-2,Srananagh 220,Cathaleen's Fall,-104.54862518026941,210000.0,0.000497850596096521,False,-1
copperplate_neutral,2030-01-14 21:00:00,Line,5041-17010-2,Srananagh 220,Cathaleen's Fall,-145.24909329451435,210000.0,0.0006916623490214969,False,-1
copperplate_neutral,2030-01-14 22:00:00,Line,5041-17010-2,Srananagh 220,Cathaleen's Fall,-117.46083933608841,210000.0,0.0005593373301718496,False,-1
copperplate_neutral,2030-01-14 23:00:00,Line,5041-17010-2,Srananagh 220,Cathaleen's Fall,-244.13285999001855,210000.0,0.0011625374285238977,False,-1
copperplate_neutral,2030-01-15 00:00:00,Line,5041-17010-2,Srananagh 220,Cathaleen's Fall,-246.01940586164747,210000.0,0.0011715209802935593,False,-1
copperplate_neutral,2030-01-15 01:00:00,Line,5041-17010-2,Srananagh 220,Cathaleen's Fall,-276.47467496754757,210000.0,0.001316546071274036,False,-1
copperplate_neutral,2030-01-15 02:00:00,Line,5041-17010-2,Srananagh 220,Cathaleen's Fall,-269.58417668377484,210000.0,0.001283734174684642,False,-1
copperplate_neutral,2030-01-15 03:00:00,Line,5041-17010-2,Srananagh 220,Cathaleen's Fall,-315.323873944939,210000.0,0.001501542256880662,False,-1
copperplate_neutral,2030-01-15 04:00:00,Line,5041-17010-2,Srananagh 220,Cathaleen's Fall,-323.7224258405042,210000.0,0.001541535361145258,False,-1
copperplate_neutral,2030-01-15 05:00:00,Line,5041-17010-2,Srananagh 220,Cathaleen's Fall,-297.3812460802855,210000.0,0.0014161011718108834,False,-1
copperplate_neutral,2030-01-14 06:00:00,Line,28710-51911-1,Clogher,Croaghonagh,-60.60677741735044,183000.0,0.0003311845760510953,False,-1
copperplate_neutral,2030-01-14 07:00:00,Line,28710-51911-1,Clogher,Croaghonagh,-86.08848218272233,183000.0,0.00047042886438646085,False,-1
copperplate_neutral,2030-01-14 08:00:00,Line,28710-51911-1,Clogher,Croaghonagh,-95.1860608810277,183000.0,0.0005201424091859437,False,-1
copperplate_neutral,2030-01-14 09:00:00,Line,28710-51911-1,Clogher,Croaghonagh,-115.24030742485701,183000.0,0.0006297284558735356,False,-1
copperplate_neutral,2030-01-14 10:00:00,Line,28710-51911-1,Clogher,Croaghonagh,-109.39640054505645,183000.0,0.0005977945384975762,False,-1
copperplate_neutral,2030-01-14 11:00:00,Line,28710-51911-1,Clogher,Croaghonagh,-120.73533693508975,183000.0,0.0006597559395360096,False,-1
copperplate_neutral,2030-01-14 12:00:00,Line,28710-51911-1,Clogher,Croaghonagh,-70.10370159614367,183000.0,0.000383080336590949,False,-1
copperplate_neutral,2030-01-14 13:00:00,Line,28710-51911-1,Clogher,Croaghonagh,-73.1604537050968,183000.0,0.00039978390002785136,False,-1
copperplate_neutral,2030-01-14 14:00:00,Line,28710-51911-1,Clogher,Croaghonagh,-52.68655909710675,183000.0,0.000287904694519709,False,-1
copperplate_neutral,2030-01-14 15:00:00,Line,28710-51911-1,Clogher,Croaghonagh,-98.13480402024487,183000.0,0.0005362557596734692,False,-1
copperplate_neutral,2030-01-14 16:00:00,Line,28710-51911-1,Clogher,Croaghonagh,-78.48868206479241,183000.0,0.0004288999019934012,False,-1
copperplate_neutral,2030-01-14 17:00:00,Line,28710-51911-1,Clogher,Croaghonagh,-88.11736524487304,183000.0,0.000481515657075809,False,-1
copperplate_neutral,2030-01-14 18:00:00,Line,28710-51911-1,Clogher,Croaghonagh,-61.410754679792184,183000.0,0.00033557789442509393,False,-1
copperplate_neutral,2030-01-14 19:00:00,Line,28710-51911-1,Clogher,Croaghonagh,-68.56665332919714,183000.0,0.00037468116573331767,False,-1
copperplate_neutral,2030-01-14 20:00:00,Line,28710-51911-1,Clogher,Croaghonagh,-45.29003367864538,183000.0,0.00024748652283412777,False,-1
copperplate_neutral,2030-01-14 21:00:00,Line,28710-51911-1,Clogher,Croaghonagh,-55.09865454005457,183000.0,0.0003010855439347244,False,-1
copperplate_neutral,2030-01-14 22:00:00,Line,28710-51911-1,Clogher,Croaghonagh,-50.41568457560471,183000.0,0.0002754955441289875,False,-1
copperplate_neutral,2030-01-14 23:00:00,Line,28710-51911-1,Clogher,Croaghonagh,-83.40817248830035,183000.0,0.00045578236332404566,False,-1
copperplate_neutral,2030-01-15 00:00:00,Line,28710-51911-1,Clogher,Croaghonagh,-106.97348835677384,183000.0,0.0005845545811845565,False,-1
copperplate_neutral,2030-01-15 01:00:00,Line,28710-51911-1,Clogher,Croaghonagh,-113.4495040625436,183000.0,0.0006199426451505114,False,-1
copperplate_neutral,2030-01-15 02:00:00,Line,28710-51911-1,Clogher,Croaghonagh,-110.0223057902172,183000.0,0.0006012147857388918,False,-1
copperplate_neutral,2030-01-15 03:00:00,Line,28710-51911-1,Clogher,Croaghonagh,-121.43444558905436,183000.0,0.0006635762054046687,False,-1
copperplate_neutral,2030-01-15 04:00:00,Line,28710-51911-1,Clogher,Croaghonagh,-122.20188611277268,183000.0,0.0006677698694687032,False,-1
copperplate_neutral,2030-01-15 05:00:00,Line,28710-51911-1,Clogher,Croaghonagh,-120.31675560816319,183000.0,0.0006574686098806732,False,-1
copperplate_neutral,2030-01-14 06:00:00,Line,2321-28710-1,Drumkeen,Clogher,-12.95820190545353,123000.0,0.00010535123500368723,False,-1
copperplate_neutral,2030-01-14 07:00:00,Line,2321-28710-1,Drumkeen,Clogher,11.199442364693518,123000.0,9.105237694872779e-05,False,1
copperplate_neutral,2030-01-14 08:00:00,Line,2321-28710-1,Drumkeen,Clogher,11.604339352491301,123000.0,9.434422237797806e-05,False,1
copperplate_neutral,2030-01-14 09:00:00,Line,2321-28710-1,Drumkeen,Clogher,21.01136975267227,123000.0,0.00017082414433066887,False,1
copperplate_neutral,2030-01-14 10:00:00,Line,2321-28710-1,Drumkeen,Clogher,11.2892250021147,123000.0,9.178231709036342e-05,False,1
copperplate_neutral,2030-01-14 11:00:00,Line,2321-28710-1,Drumkeen,Clogher,25.77604213388294,123000.0,0.00020956131816164992,False,1
copperplate_neutral,2030-01-14 12:00:00,Line,2321-28710-1,Drumkeen,Clogher,-17.64654191333516,123000.0,0.0001434678204336192,False,-1
copperplate_neutral,2030-01-14 13:00:00,Line,2321-28710-1,Drumkeen,Clogher,-23.488746115749883,123000.0,0.00019096541557520231,False,-1
copperplate_neutral,2030-01-14 14:00:00,Line,2321-28710-1,Drumkeen,Clogher,-31.768237380524145,123000.0,0.0002582783526871882,False,-1
copperplate_neutral,2030-01-14 15:00:00,Line,2321-28710-1,Drumkeen,Clogher,0.7482058997784294,123000.0,6.082974794946581e-06,False,1
copperplate_neutral,2030-01-14 16:00:00,Line,2321-28710-1,Drumkeen,Clogher,-13.886075659994349,123000.0,0.00011289492406499471,False,-1
copperplate_neutral,2030-01-14 17:00:00,Line,2321-28710-1,Drumkeen,Clogher,-7.309293181088165,123000.0,5.942514781372492e-05,False,-1
copperplate_neutral,2030-01-14 18:00:00,Line,2321-28710-1,Drumkeen,Clogher,-17.8892992984586,123000.0,0.00014544145771104553,False,-1
copperplate_neutral,2030-01-14 19:00:00,Line,2321-28710-1,Drumkeen,Clogher,-11.398842472928958,123000.0,9.267351604007283e-05,False,-1
copperplate_neutral,2030-01-14 20:00:00,Line,2321-28710-1,Drumkeen,Clogher,-28.40881780591535,123000.0,0.00023096599842207602,False,-1
copperplate_neutral,2030-01-14 21:00:00,Line,2321-28710-1,Drumkeen,Clogher,-19.791633048626064,123000.0,0.0001609075857611875,False,-1
copperplate_neutral,2030-01-14 22:00:00,Line,2321-28710-1,Drumkeen,Clogher,-26.668841019072843,123000.0,0.00021681984568351905,False,-1
copperplate_neutral,2030-01-14 23:00:00,Line,2321-28710-1,Drumkeen,Clogher,0.9227069790236435,123000.0,7.501682756289785e-06,False,1
copperplate_neutral,2030-01-15 00:00:00,Line,2321-28710-1,Drumkeen,Clogher,29.35429183563468,123000.0,0.00023865277915150146,False,1
copperplate_neutral,2030-01-15 01:00:00,Line,2321-28710-1,Drumkeen,Clogher,33.783218662080834,123000.0,0.00027466031432586045,False,1
copperplate_neutral,2030-01-15 02:00:00,Line,2321-28710-1,Drumkeen,Clogher,33.45185851060191,123000.0,0.00027196632935448705,False,1
copperplate_neutral,2030-01-15 03:00:00,Line,2321-28710-1,Drumkeen,Clogher,41.344435367768355,123000.0,0.0003361336208761655,False,1
copperplate_neutral,2030-01-15 04:00:00,Line,2321-28710-1,Drumkeen,Clogher,42.37422140255055,123000.0,0.0003445058650613866,False,1
copperplate_neutral,2030-01-15 05:00:00,Line,2321-28710-1,Drumkeen,Clogher,34.842232524400856,123000.0,0.0002832701831252102,False,1
copperplate_neutral,2030-01-14 06:00:00,Line,3581-28019-1,Letterkenny,Clogher,-18.91547656205577,121000.0,0.0001563262525789733,False,-1
copperplate_neutral,2030-01-14 07:00:00,Line,3581-28019-1,Letterkenny,Clogher,-0.6062158127142455,121000.0,5.010048038960707e-06,False,-1
copperplate_neutral,2030-01-14 08:00:00,Line,3581-28019-1,Letterkenny,Clogher,-0.2704445410492461,121000.0,2.235078851646662e-06,False,-1
copperplate_neutral,2030-01-14 09:00:00,Line,3581-28019-1,Letterkenny,Clogher,6.2245450587112465,121000.0,5.144252114637394e-05,False,1
copperplate_neutral,2030-01-14 10:00:00,Line,3581-28019-1,Letterkenny,Clogher,-1.5885725786425058,121000.0,1.3128698997045502e-05,False,-1
copperplate_neutral,2030-01-14 11:00:00,Line,3581-28019-1,Letterkenny,Clogher,9.643075783335407,121000.0,7.969484118459014e-05,False,1
copperplate_neutral,2030-01-14 12:00:00,Line,3581-28019-1,Letterkenny,Clogher,-22.97775989393612,121000.0,0.00018989884209864562,False,-1
copperplate_neutral,2030-01-14 13:00:00,Line,3581-28019-1,Letterkenny,Clogher,-27.58591323137456,121000.0,0.00022798275397830213,False,-1
copperplate_neutral,2030-01-14 14:00:00,Line,3581-28019-1,Letterkenny,Clogher,-34.23017745248633,121000.0,0.0002828940285329449,False,-1
copperplate_neutral,2030-01-14 15:00:00,Line,3581-28019-1,Letterkenny,Clogher,-11.361489560045994,121000.0,9.389660793426441e-05,False,-1
copperplate_neutral,2030-01-14 16:00:00,Line,3581-28019-1,Letterkenny,Clogher,-22.471537184444113,121000.0,0.00018571518334251332,False,-1
copperplate_neutral,2030-01-14 17:00:00,Line,3581-28019-1,Letterkenny,Clogher,-18.044245059366606,121000.0,0.0001491259922261703,False,-1
copperplate_neutral,2030-01-14 18:00:00,Line,3581-28019-1,Letterkenny,Clogher,-25.395232263463363,121000.0,0.0002098779525906063,False,-1
copperplate_neutral,2030-01-14 19:00:00,Line,3581-28019-1,Letterkenny,Clogher,-19.91776403007569,121000.0,0.00016460962008327018,False,-1
copperplate_neutral,2030-01-14 20:00:00,Line,3581-28019-1,Letterkenny,Clogher,-31.814669993532192,121000.0,0.00026293115697134043,False,-1
copperplate_neutral,2030-01-14 21:00:00,Line,3581-28019-1,Letterkenny,Clogher,-25.07127394051836,121000.0,0.00020720061107866412,False,-1
copperplate_neutral,2030-01-14 22:00:00,Line,3581-28019-1,Letterkenny,Clogher,-30.285121775192437,121000.0,0.0002502902626048962,False,-1
copperplate_neutral,2030-01-14 23:00:00,Line,3581-28019-1,Letterkenny,Clogher,-9.576974874754823,121000.0,7.914855268392416e-05,False,-1
copperplate_neutral,2030-01-15 00:00:00,Line,3581-28019-1,Letterkenny,Clogher,12.312283573459709,121000.0,0.00010175440969801412,False,1
copperplate_neutral,2030-01-15 01:00:00,Line,3581-28019-1,Letterkenny,Clogher,16.154498828874715,121000.0,0.00013350825478408856,False,1
copperplate_neutral,2030-01-15 02:00:00,Line,3581-28019-1,Letterkenny,Clogher,15.712035773833032,121000.0,0.00012985153532093415,False,1
copperplate_neutral,2030-01-15 03:00:00,Line,3581-28019-1,Letterkenny,Clogher,21.45470301202894,121000.0,0.00017731159514073504,False,1
copperplate_neutral,2030-01-15 04:00:00,Line,3581-28019-1,Letterkenny,Clogher,22.46877580637118,121000.0,0.00018569236203612547,False,1
copperplate_neutral,2030-01-15 05:00:00,Line,3581-28019-1,Letterkenny,Clogher,16.017774808347575,121000.0,0.00013237830420121963,False,1
copperplate_neutral,2030-01-14 06:00:00,Line,1631-5041-1,Corderry,Srananagh 220,116.07126329044209,210000.0,0.0005527203013830575,False,1
copperplate_neutral,2030-01-14 07:00:00,Line,1631-5041-1,Corderry,Srananagh 220,130.93032166081412,210000.0,0.0006234777221943529,False,1
copperplate_neutral,2030-01-14 08:00:00,Line,1631-5041-1,Corderry,Srananagh 220,134.0493529772727,210000.0,0.0006383302522727271,False,1
copperplate_neutral,2030-01-14 09:00:00,Line,1631-5041-1,Corderry,Srananagh 220,133.27217878770406,210000.0,0.0006346294227985908,False,1
copperplate_neutral,2030-01-14 10:00:00,Line,1631-5041-1,Corderry,Srananagh 220,141.8913520645751,210000.0,0.0006756731050694052,False,1
copperplate_neutral,2030-01-14 11:00:00,Line,1631-5041-1,Corderry,Srananagh 220,95.85689726080224,210000.0,0.00045646141552762974,False,1
copperplate_neutral,2030-01-14 12:00:00,Line,1631-5041-1,Corderry,Srananagh 220,77.79798148369396,210000.0,0.0003704665784937808,False,1
copperplate_neutral,2030-01-14 13:00:00,Line,1631-5041-1,Corderry,Srananagh 220,84.24233674477759,210000.0,0.0004011539844989409,False,1
copperplate_neutral,2030-01-14 14:00:00,Line,1631-5041-1,Corderry,Srananagh 220,65.28035650675983,210000.0,0.00031085884050838014,False,1
copperplate_neutral,2030-01-14 15:00:00,Line,1631-5041-1,Corderry,Srananagh 220,121.20786587763374,210000.0,0.0005771803137030178,False,1
copperplate_neutral,2030-01-14 16:00:00,Line,1631-5041-1,Corderry,Srananagh 220,121.20318271594515,210000.0,0.0005771580129330722,False,1
copperplate_neutral,2030-01-14 17:00:00,Line,1631-5041-1,Corderry,Srananagh 220,137.5666705456856,210000.0,0.0006550793835508839,False,1
copperplate_neutral,2030-01-14 18:00:00,Line,1631-5041-1,Corderry,Srananagh 220,130.50624202413036,210000.0,0.0006214582953530017,False,1
copperplate_neutral,2030-01-14 19:00:00,Line,1631-5041-1,Corderry,Srananagh 220,136.2693879039257,210000.0,0.0006489018471615509,False,1
copperplate_neutral,2030-01-14 20:00:00,Line,1631-5041-1,Corderry,Srananagh 220,114.03864490530975,210000.0,0.0005430411662157607,False,1
copperplate_neutral,2030-01-14 21:00:00,Line,1631-5041-1,Corderry,Srananagh 220,110.09025520963611,210000.0,0.0005242393105220767,False,1
copperplate_neutral,2030-01-14 22:00:00,Line,1631-5041-1,Corderry,Srananagh 220,100.57845315673156,210000.0,0.000478945015032055,False,1
copperplate_neutral,2030-01-14 23:00:00,Line,1631-5041-1,Corderry,Srananagh 220,140.7318104480931,210000.0,0.0006701514783242529,False,1
copperplate_neutral,2030-01-15 00:00:00,Line,1631-5041-1,Corderry,Srananagh 220,146.80074120072567,210000.0,0.0006990511485748842,False,1
copperplate_neutral,2030-01-15 01:00:00,Line,1631-5041-1,Corderry,Srananagh 220,105.124832749197,210000.0,0.0005005944416628428,False,1
copperplate_neutral,2030-01-15 02:00:00,Line,1631-5041-1,Corderry,Srananagh 220,99.57329552426495,210000.0,0.0004741585501155474,False,1
copperplate_neutral,2030-01-15 03:00:00,Line,1631-5041-1,Corderry,Srananagh 220,26.20984197085658,210000.0,0.00012480877128979322,False,1
copperplate_neutral,2030-01-15 04:00:00,Line,1631-5041-1,Corderry,Srananagh 220,7.514392281376956,210000.0,3.5782820387509313e-05,False,1
copperplate_neutral,2030-01-15 05:00:00,Line,1631-5041-1,Corderry,Srananagh 220,51.364372647635946,210000.0,0.0002445922507030283,False,1
copperplate_neutral,2030-01-14 06:00:00,Line,2321-3581-1,Drumkeen,Letterkenny,47.51362907104395,123000.0,0.0003862896672442598,False,1
copperplate_neutral,2030-01-14 07:00:00,Line,2321-3581-1,Drumkeen,Letterkenny,39.7756272428926,123000.0,0.0003233790832755496,False,1
copperplate_neutral,2030-01-14 08:00:00,Line,2321-3581-1,Drumkeen,Letterkenny,39.508150316794925,123000.0,0.00032120447412028395,False,1
copperplate_neutral,2030-01-14 09:00:00,Line,2321-3581-1,Drumkeen,Letterkenny,39.52113698519966,123000.0,0.00032131005679024113,False,1
copperplate_neutral,2030-01-14 10:00:00,Line,2321-3581-1,Drumkeen,Letterkenny,44.75531536382535,123000.0,0.00036386435255142565,False,1
copperplate_neutral,2030-01-14 11:00:00,Line,2321-3581-1,Drumkeen,Letterkenny,38.913531046486256,123000.0,0.00031637017110964437,False,1
copperplate_neutral,2030-01-14 12:00:00,Line,2321-3581-1,Drumkeen,Letterkenny,51.442121091298105,123000.0,0.0004182286267585212,False,1
copperplate_neutral,2030-01-14 13:00:00,Line,2321-3581-1,Drumkeen,Letterkenny,54.1731579466387,123000.0,0.0004404321784279569,False,1
copperplate_neutral,2030-01-14 14:00:00,Line,2321-3581-1,Drumkeen,Letterkenny,58.58545561078107,123000.0,0.0004763045171608217,False,1
copperplate_neutral,2030-01-14 15:00:00,Line,2321-3581-1,Drumkeen,Letterkenny,56.63709936202582,123000.0,0.0004604642224554945,False,1
copperplate_neutral,2030-01-14 16:00:00,Line,2321-3581-1,Drumkeen,Letterkenny,61.41340637606377,123000.0,0.0004992959867972664,False,1
copperplate_neutral,2030-01-14 17:00:00,Line,2321-3581-1,Drumkeen,Letterkenny,61.96405433520764,123000.0,0.0005037727994732328,False,1
copperplate_neutral,2030-01-14 18:00:00,Line,2321-3581-1,Drumkeen,Letterkenny,62.169393465285935,123000.0,0.0005054422232950076,False,1
copperplate_neutral,2030-01-14 19:00:00,Line,2321-3581-1,Drumkeen,Letterkenny,57.42836831770724,123000.0,0.0004668973033959938,False,1
copperplate_neutral,2030-01-14 20:00:00,Line,2321-3581-1,Drumkeen,Letterkenny,58.13221132576567,123000.0,0.0004726196042745176,False,1
copperplate_neutral,2030-01-14 21:00:00,Line,2321-3581-1,Drumkeen,Letterkenny,54.35942777000392,123000.0,0.0004419465672358042,False,1
copperplate_neutral,2030-01-14 22:00:00,Line,2321-3581-1,Drumkeen,Letterkenny,56.56972380368124,123000.0,0.00045991645368846537,False,1
copperplate_neutral,2030-01-14 23:00:00,Line,2321-3581-1,Drumkeen,Letterkenny,48.70304195329653,123000.0,0.0003959596906772075,False,1
copperplate_neutral,2030-01-15 00:00:00,Line,2321-3581-1,Drumkeen,Letterkenny,37.97132643448896,123000.0,0.00030870997101210536,False,1
copperplate_neutral,2030-01-15 01:00:00,Line,2321-3581-1,Drumkeen,Letterkenny,34.23777284432014,123000.0,0.00027835587678309056,False,1
copperplate_neutral,2030-01-15 02:00:00,Line,2321-3581-1,Drumkeen,Letterkenny,35.256160535408995,123000.0,0.0002866354515073902,False,1
copperplate_neutral,2030-01-15 03:00:00,Line,2321-3581-1,Drumkeen,Letterkenny,33.868487628519404,123000.0,0.0002753535579554423,False,1
copperplate_neutral,2030-01-15 04:00:00,Line,2321-3581-1,Drumkeen,Letterkenny,32.42484889034056,123000.0,0.00026361665764504524,False,1
copperplate_neutral,2030-01-15 05:00:00,Line,2321-3581-1,Drumkeen,Letterkenny,38.37752795976441,123000.0,0.000312012422437109,False,1
copperplate_neutral,2030-01-14 06:00:00,Line,1931-4371-1,Sligo,Glenree,-72.52939698172028,210000.0,0.0003453780808653347,False,-1
copperplate_neutral,2030-01-14 07:00:00,Line,1931-4371-1,Sligo,Glenree,-77.02841006206326,210000.0,0.0003668019526764917,False,-1
copperplate_neutral,2030-01-14 08:00:00,Line,1931-4371-1,Sligo,Glenree,-75.68313895612471,210000.0,0.00036039589979107006,False,-1
copperplate_neutral,2030-01-14 09:00:00,Line,1931-4371-1,Sligo,Glenree,-95.59236262360466,210000.0,0.0004552017267790698,False,-1
copperplate_neutral,2030-01-14 10:00:00,Line,1931-4371-1,Sligo,Glenree,-95.06986907119273,210000.0,0.0004527136622437749,False,-1
copperplate_neutral,2030-01-14 11:00:00,Line,1931-4371-1,Sligo,Glenree,-97.5027728911594,210000.0,0.00046429891852933043,False,-1
copperplate_neutral,2030-01-14 12:00:00,Line,1931-4371-1,Sligo,Glenree,-71.05339296467031,210000.0,0.00033834949030795385,False,-1
copperplate_neutral,2030-01-14 13:00:00,Line,1931-4371-1,Sligo,Glenree,-68.05125497901957,210000.0,0.00032405359513818844,False,-1
copperplate_neutral,2030-01-14 14:00:00,Line,1931-4371-1,Sligo,Glenree,-66.69833805220051,210000.0,0.0003176111335819072,False,-1
copperplate_neutral,2030-01-14 15:00:00,Line,1931-4371-1,Sligo,Glenree,-78.36958557610978,210000.0,0.0003731885027433799,False,-1
copperplate_neutral,2030-01-14 16:00:00,Line,1931-4371-1,Sligo,Glenree,-77.74695963605309,210000.0,0.00037022361731453855,False,-1
copperplate_neutral,2030-01-14 17:00:00,Line,1931-4371-1,Sligo,Glenree,-87.76114283081664,210000.0,0.0004179102039562697,False,-1
copperplate_neutral,2030-01-14 18:00:00,Line,1931-4371-1,Sligo,Glenree,-82.63639330227616,210000.0,0.0003935066347727436,False,-1
copperplate_neutral,2030-01-14 19:00:00,Line,1931-4371-1,Sligo,Glenree,-81.57772402879914,210000.0,0.00038846535251809116,False,-1
copperplate_neutral,2030-01-14 20:00:00,Line,1931-4371-1,Sligo,Glenree,-74.73372433511992,210000.0,0.00035587487778628534,False,-1
copperplate_neutral,2030-01-14 21:00:00,Line,1931-4371-1,Sligo,Glenree,-71.12952862846755,210000.0,0.00033871204108794074,False,-1
copperplate_neutral,2030-01-14 22:00:00,Line,1931-4371-1,Sligo,Glenree,-68.63679434198154,210000.0,0.00032684187781895974,False,-1
copperplate_neutral,2030-01-14 23:00:00,Line,1931-4371-1,Sligo,Glenree,-74.96344724726058,210000.0,0.00035696879641552656,False,-1
copperplate_neutral,2030-01-15 00:00:00,Line,1931-4371-1,Sligo,Glenree,-81.13271310004203,210000.0,0.00038634625285734295,False,-1
copperplate_neutral,2030-01-15 01:00:00,Line,1931-4371-1,Sligo,Glenree,-82.77715368243841,210000.0,0.00039417692229732574,False,-1
copperplate_neutral,2030-01-15 02:00:00,Line,1931-4371-1,Sligo,Glenree,-89.47527264828751,210000.0,0.0004260727268966072,False,-1
copperplate_neutral,2030-01-15 03:00:00,Line,1931-4371-1,Sligo,Glenree,-98.08934469443744,210000.0,0.00046709211759255923,False,-1
copperplate_neutral,2030-01-15 04:00:00,Line,1931-4371-1,Sligo,Glenree,-103.74416512506846,210000.0,0.0004940198339288975,False,-1
copperplate_neutral,2030-01-15 05:00:00,Line,1931-4371-1,Sligo,Glenree,-94.84307371297224,210000.0,0.0004516336843474869,False,-1
copperplate_neutral,2030-01-14 06:00:00,Line,3591-5191-1,Letterkenny,Tievebrack,-8.448419341248812,159000.0,5.313471283804284e-05,False,-1
copperplate_neutral,2030-01-14 07:00:00,Line,3591-5191-1,Letterkenny,Tievebrack,4.0461951660326285,159000.0,2.5447768339827853e-05,False,1
copperplate_neutral,2030-01-14 08:00:00,Line,3591-5191-1,Letterkenny,Tievebrack,6.280997811357771,159000.0,3.950313088904259e-05,False,1
copperplate_neutral,2030-01-14 09:00:00,Line,3591-5191-1,Letterkenny,Tievebrack,2.908370583313438,159000.0,1.829163888876376e-05,False,1
copperplate_neutral,2030-01-14 10:00:00,Line,3591-5191-1,Letterkenny,Tievebrack,-1.695451617576502,159000.0,1.066321772060693e-05,False,-1
copperplate_neutral,2030-01-14 11:00:00,Line,3591-5191-1,Letterkenny,Tievebrack,-0.27244834508733184,159000.0,1.7135116043228419e-06,False,-1
copperplate_neutral,2030-01-14 12:00:00,Line,3591-5191-1,Letterkenny,Tievebrack,-8.082205562318283,159000.0,5.0831481524014355e-05,False,-1
copperplate_neutral,2030-01-14 13:00:00,Line,3591-5191-1,Letterkenny,Tievebrack,-9.966729724143942,159000.0,6.268383474304366e-05,False,-1
copperplate_neutral,2030-01-14 14:00:00,Line,3591-5191-1,Letterkenny,Tievebrack,-14.48549511772778,159000.0,9.110374287879107e-05,False,-1
copperplate_neutral,2030-01-14 15:00:00,Line,3591-5191-1,Letterkenny,Tievebrack,-0.5101828085039006,159000.0,3.208696908829564e-06,False,-1
copperplate_neutral,2030-01-14 16:00:00,Line,3591-5191-1,Letterkenny,Tievebrack,-4.92862132753346,159000.0,3.0997618412160125e-05,False,-1
copperplate_neutral,2030-01-14 17:00:00,Line,3591-5191-1,Letterkenny,Tievebrack,-6.731556794074383,159000.0,4.233683518285775e-05,False,-1
copperplate_neutral,2030-01-14 18:00:00,Line,3591-5191-1,Letterkenny,Tievebrack,-10.878635273090474,159000.0,6.841908976786462e-05,False,-1
copperplate_neutral,2030-01-14 19:00:00,Line,3591-5191-1,Letterkenny,Tievebrack,-6.729370300577738,159000.0,4.232308365143231e-05,False,-1
copperplate_neutral,2030-01-14 20:00:00,Line,3591-5191-1,Letterkenny,Tievebrack,-12.957675740523229,159000.0,8.149481597813351e-05,False,-1
copperplate_neutral,2030-01-14 21:00:00,Line,3591-5191-1,Letterkenny,Tievebrack,-12.36651334445559,159000.0,7.777681348714208e-05,False,-1
copperplate_neutral,2030-01-14 22:00:00,Line,3591-5191-1,Letterkenny,Tievebrack,-10.120958099282262,159000.0,6.365382452378781e-05,False,-1
copperplate_neutral,2030-01-14 23:00:00,Line,3591-5191-1,Letterkenny,Tievebrack,2.1175028284935618,159000.0,1.3317627852160766e-05,False,1
copperplate_neutral,2030-01-15 00:00:00,Line,3591-5191-1,Letterkenny,Tievebrack,6.655256785450106,159000.0,4.1856960914780546e-05,False,1
copperplate_neutral,2030-01-15 01:00:00,Line,3591-5191-1,Letterkenny,Tievebrack,4.828063623700686,159000.0,3.0365180023274755e-05,False,1
copperplate_neutral,2030-01-15 02:00:00,Line,3591-5191-1,Letterkenny,Tievebrack,3.1918023926892456,159000.0,2.007422888483802e-05,False,1
copperplate_neutral,2030-01-15 03:00:00,Line,3591-5191-1,Letterkenny,Tievebrack,3.0285586890008283,159000.0,1.904753892453351e-05,False,1
copperplate_neutral,2030-01-15 04:00:00,Line,3591-5191-1,Letterkenny,Tievebrack,3.946567753013664,159000.0,2.4821180836563922e-05,False,1
copperplate_neutral,2030-01-15 05:00:00,Line,3591-5191-1,Letterkenny,Tievebrack,2.562224810680373,159000.0,1.6114621450819958e-05,False,1
copperplate_neutral,2030-01-14 06:00:00,Line,3581-5361-1,Letterkenny,Trillick,-7.452799195947643,123000.0,6.0591863381688154e-05,False,-1
copperplate_neutral,2030-01-14 07:00:00,Line,3581-5361-1,Letterkenny,Trillick,-29.110104564494588,123000.0,0.00023666751678450885,False,-1
copperplate_neutral,2030-01-14 08:00:00,Line,3581-5361-1,Letterkenny,Trillick,-34.64039822158048,123000.0,0.00028162925383398767,False,-1
copperplate_neutral,2030-01-14 09:00:00,Line,3581-5361-1,Letterkenny,Trillick,-33.089879579774774,123000.0,0.00026902341121768107,False,-1
copperplate_neutral,2030-01-14 10:00:00,Line,3581-5361-1,Letterkenny,Trillick,-18.935986983188336,123000.0,0.00015395111368445802,False,-1
copperplate_neutral,2030-01-14 11:00:00,Line,3581-5361-1,Letterkenny,Trillick,-30.883717397559746,123000.0,0.00025108713331349386,False,-1
copperplate_neutral,2030-01-14 12:00:00,Line,3581-5361-1,Letterkenny,Trillick,-4.5002518362181245,123000.0,3.6587413302586376e-05,False,-1
copperplate_neutral,2030-01-14 13:00:00,Line,3581-5361-1,Letterkenny,Trillick,-1.786217063349449,123000.0,1.4522089945930479e-05,False,-1
copperplate_neutral,2030-01-14 14:00:00,Line,3581-5361-1,Letterkenny,Trillick,3.3816362961484145,123000.0,2.7492978017466784e-05,False,1
copperplate_neutral,2030-01-14 15:00:00,Line,3581-5361-1,Letterkenny,Trillick,-10.53678278787506,123000.0,8.566490071443138e-05,False,-1
copperplate_neutral,2030-01-14 16:00:00,Line,3581-5361-1,Letterkenny,Trillick,-1.836746556117287,123000.0,1.4932898830221846e-05,False,-1
copperplate_neutral,2030-01-14 17:00:00,Line,3581-5361-1,Letterkenny,Trillick,-1.0130726335208156,123000.0,8.236362874152973e-06,False,-1
copperplate_neutral,2030-01-14 18:00:00,Line,3581-5361-1,Letterkenny,Trillick,2.2434742299389843,123000.0,1.8239627885682798e-05,False,1
copperplate_neutral,2030-01-14 19:00:00,Line,3581-5361-1,Letterkenny,Trillick,-3.641828622384681,123000.0,2.960836278361529e-05,False,-1
copperplate_neutral,2030-01-14 20:00:00,Line,3581-5361-1,Letterkenny,Trillick,2.6988374591129194,123000.0,2.1941767960267636e-05,False,1
copperplate_neutral,2030-01-14 21:00:00,Line,3581-5361-1,Letterkenny,Trillick,-4.02091620122831,123000.0,3.269037561974236e-05,False,-1
copperplate_neutral,2030-01-14 22:00:00,Line,3581-5361-1,Letterkenny,Trillick,-1.1923542866896266,123000.0,9.693937290159566e-06,False,-1
copperplate_neutral,2030-01-14 23:00:00,Line,3581-5361-1,Letterkenny,Trillick,-17.5254276046813,123000.0,0.00014248315125757154,False,-1
copperplate_neutral,2030-01-15 00:00:00,Line,3581-5361-1,Letterkenny,Trillick,-32.735336152146786,123000.0,0.00026614094432639664,False,-1
copperplate_neutral,2030-01-15 01:00:00,Line,3581-5361-1,Letterkenny,Trillick,-32.60355810654849,123000.0,0.00026506957810202024,False,-1
copperplate_neutral,2030-01-15 02:00:00,Line,3581-5361-1,Letterkenny,Trillick,-28.43999993498103,123000.0,0.00023121951166651245,False,-1
copperplate_neutral,2030-01-15 03:00:00,Line,3581-5361-1,Letterkenny,Trillick,-29.837394845482898,123000.0,0.00024258044589823495,False,-1
copperplate_neutral,2030-01-15 04:00:00,Line,3581-5361-1,Letterkenny,Trillick,-33.857527049200996,123000.0,0.00027526444755447964,False,-1
copperplate_neutral,2030-01-15 05:00:00,Line,3581-5361-1,Letterkenny,Trillick,-23.448185176470165,123000.0,0.00019063565184122085,False,-1
copperplate_neutral,2030-01-14 06:00:00,Line,4981-5041-1,Sligo,Srananagh 220,27.029387411092866,123000.0,0.00021975111716335664,False,1
copperplate_neutral,2030-01-14 07:00:00,Line,4981-5041-1,Sligo,Srananagh 220,29.10392003864122,123000.0,0.000236617236086514,False,1
copperplate_neutral,2030-01-14 08:00:00,Line,4981-5041-1,Sligo,Srananagh 220,26.02424245139236,123000.0,0.00021157920692188912,False,1
copperplate_neutral,2030-01-14 09:00:00,Line,4981-5041-1,Sligo,Srananagh 220,41.13154681785314,123000.0,0.0003344028196573426,False,1
copperplate_neutral,2030-01-14 10:00:00,Line,4981-5041-1,Sligo,Srananagh 220,40.54259523972848,123000.0,0.000329614595444947,False,1
copperplate_neutral,2030-01-14 11:00:00,Line,4981-5041-1,Sligo,Srananagh 220,42.696927449988856,123000.0,0.00034712949146332403,False,1
copperplate_neutral,2030-01-14 12:00:00,Line,4981-5041-1,Sligo,Srananagh 220,19.4093620743809,123000.0,0.00015779969166163335,False,1
copperplate_neutral,2030-01-14 13:00:00,Line,4981-5041-1,Sligo,Srananagh 220,17.42078114678378,123000.0,0.00014163236704702262,False,1
copperplate_neutral,2030-01-14 14:00:00,Line,4981-5041-1,Sligo,Srananagh 220,15.99189589788595,123000.0,0.0001300154138039508,False,1
copperplate_neutral,2030-01-14 15:00:00,Line,4981-5041-1,Sligo,Srananagh 220,26.284539976541122,123000.0,0.00021369544696374896,False,1
copperplate_neutral,2030-01-14 16:00:00,Line,4981-5041-1,Sligo,Srananagh 220,25.41753783817914,123000.0,0.00020664664909088732,False,1
copperplate_neutral,2030-01-14 17:00:00,Line,4981-5041-1,Sligo,Srananagh 220,32.77145316625598,123000.0,0.000266434578587447,False,1
copperplate_neutral,2030-01-14 18:00:00,Line,4981-5041-1,Sligo,Srananagh 220,27.7113351081954,123000.0,0.00022529540738370243,False,1
copperplate_neutral,2030-01-14 19:00:00,Line,4981-5041-1,Sligo,Srananagh 220,27.608993672543466,123000.0,0.0002244633631914103,False,1
copperplate_neutral,2030-01-14 20:00:00,Line,4981-5041-1,Sligo,Srananagh 220,21.38786002270477,123000.0,0.00017388504083499815,False,1
copperplate_neutral,2030-01-14 21:00:00,Line,4981-5041-1,Sligo,Srananagh 220,19.399722198045005,123000.0,0.00015772131868329272,False,1
copperplate_neutral,2030-01-14 22:00:00,Line,4981-5041-1,Sligo,Srananagh 220,19.683654850866603,123000.0,0.00016002971423468781,False,1
copperplate_neutral,2030-01-14 23:00:00,Line,4981-5041-1,Sligo,Srananagh 220,27.609791483525296,123000.0,0.00022446984945955525,False,1
copperplate_neutral,2030-01-15 00:00:00,Line,4981-5041-1,Sligo,Srananagh 220,33.04861759291805,123000.0,0.00026868794790990284,False,1
copperplate_neutral,2030-01-15 01:00:00,Line,4981-5041-1,Sligo,Srananagh 220,35.28472689782257,123000.0,0.00028686769835628106,False,1
copperplate_neutral,2030-01-15 02:00:00,Line,4981-5041-1,Sligo,Srananagh 220,42.37857984835845,123000.0,0.00034454129958015,False,1
copperplate_neutral,2030-01-15 03:00:00,Line,4981-5041-1,Sligo,Srananagh 220,51.20152916460393,123000.0,0.0004162725948341783,False,1
copperplate_neutral,2030-01-15 04:00:00,Line,4981-5041-1,Sligo,Srananagh 220,55.47209165310518,123000.0,0.0004509926150658958,False,1
copperplate_neutral,2030-01-15 05:00:00,Line,4981-5041-1,Sligo,Srananagh 220,49.57909144114984,123000.0,0.00040308204423699056,False,1
copperplate_neutral,2030-01-14 06:00:00,Line,4981-5041-2,Sligo,Srananagh 220,26.25105426574726,123000.0,0.00021342320541257935,False,1
copperplate_neutral,2030-01-14 07:00:00,Line,4981-5041-2,Sligo,Srananagh 220,28.265849042764117,123000.0,0.0002298036507541798,False,1
copperplate_neutral,2030-01-14 08:00:00,Line,4981-5041-2,Sligo,Srananagh 220,25.27485327085489,123000.0,0.00020548661195816985,False,1
copperplate_neutral,2030-01-14 09:00:00,Line,4981-5041-2,Sligo,Srananagh 220,39.947130548229104,123000.0,0.00032477341909129356,False,1
copperplate_neutral,2030-01-14 10:00:00,Line,4981-5041-2,Sligo,Srananagh 220,39.37513830874153,123000.0,0.0003201230756808255,False,1
copperplate_neutral,2030-01-14 11:00:00,Line,4981-5041-2,Sligo,Srananagh 220,41.4674347747274,123000.0,0.00033713361605469433,False,1
copperplate_neutral,2030-01-14 12:00:00,Line,4981-5041-2,Sligo,Srananagh 220,18.850453742396112,123000.0,0.00015325572148289522,False,1
copperplate_neutral,2030-01-14 13:00:00,Line,4981-5041-2,Sligo,Srananagh 220,16.919135616379013,123000.0,0.00013755394810064238,False,1
copperplate_neutral,2030-01-14 14:00:00,Line,4981-5041-2,Sligo,Srananagh 220,15.53139627778976,123000.0,0.0001262715144535753,False,1
copperplate_neutral,2030-01-14 15:00:00,Line,4981-5041-2,Sligo,Srananagh 220,25.52765531753078,123000.0,0.00020754191315065676,False,1
copperplate_neutral,2030-01-14 16:00:00,Line,4981-5041-2,Sligo,Srananagh 220,24.68561920933105,123000.0,0.0002006960911327728,False,1
copperplate_neutral,2030-01-14 17:00:00,Line,4981-5041-2,Sligo,Srananagh 220,31.827772577698877,123000.0,0.0002587623786804787,False,1
copperplate_neutral,2030-01-14 18:00:00,Line,4981-5041-2,Sligo,Srananagh 220,26.913364725498678,123000.0,0.00021880784329673722,False,1
copperplate_neutral,2030-01-14 19:00:00,Line,4981-5041-2,Sligo,Srananagh 220,26.81397029453829,123000.0,0.00021799975849218122,False,1
copperplate_neutral,2030-01-14 20:00:00,Line,4981-5041-2,Sligo,Srananagh 220,20.771979236710656,123000.0,0.00016887787997325738,False,1
copperplate_neutral,2030-01-14 21:00:00,Line,4981-5041-2,Sligo,Srananagh 220,18.841091454122246,123000.0,0.00015317960531806705,False,1
copperplate_neutral,2030-01-14 22:00:00,Line,4981-5041-2,Sligo,Srananagh 220,19.116848035789296,123000.0,0.00015542152874625445,False,1
copperplate_neutral,2030-01-14 23:00:00,Line,4981-5041-2,Sligo,Srananagh 220,26.81474513190546,123000.0,0.00021800605798297123,False,1
copperplate_neutral,2030-01-15 00:00:00,Line,4981-5041-2,Sligo,Srananagh 220,32.0969558297712,123000.0,0.0002609508604046439,False,1
copperplate_neutral,2030-01-15 01:00:00,Line,4981-5041-2,Sligo,Srananagh 220,34.268674552597325,123000.0,0.0002786071101837181,False,1
copperplate_neutral,2030-01-15 02:00:00,Line,4981-5041-2,Sligo,Srananagh 220,41.158254250630854,123000.0,0.00033461995325716144,False,1
copperplate_neutral,2030-01-15 03:00:00,Line,4981-5041-2,Sligo,Srananagh 220,49.72713958133,123000.0,0.0004042856876530894,False,1
copperplate_neutral,2030-01-15 04:00:00,Line,4981-5041-2,Sligo,Srananagh 220,53.87472775733515,123000.0,0.00043800591672630207,False,1
copperplate_neutral,2030-01-15 05:00:00,Line,4981-5041-2,Sligo,Srananagh 220,48.151421268760714,123000.0,0.00039147496966472124,False,1
copperplate_neutral,2030-01-14 06:00:00,Line,4991-5361-1,Sorne Hill,Trillick,14.10332549394124,123000.0,0.00011466118287757106,False,1
copperplate_neutral,2030-01-14 07:00:00,Line,4991-5361-1,Sorne Hill,Trillick,27.65927622121897,123000.0,0.00022487216440015423,False,1
copperplate_neutral,2030-01-14 08:00:00,Line,4991-5361-1,Sorne Hill,Trillick,31.57292471203537,123000.0,0.0002566904448132957,False,1
copperplate_neutral,2030-01-14 09:00:00,Line,4991-5361-1,Sorne Hill,Trillick,30.856659273453886,123000.0,0.0002508671485646657,False,1
copperplate_neutral,2030-01-14 10:00:00,Line,4991-5361-1,Sorne Hill,Trillick,22.562850613697613,123000.0,0.00018343780986746026,False,1
copperplate_neutral,2030-01-14 11:00:00,Line,4991-5361-1,Sorne Hill,Trillick,29.46775743584074,123000.0,0.00023957526370602225,False,1
copperplate_neutral,2030-01-14 12:00:00,Line,4991-5361-1,Sorne Hill,Trillick,13.911591944996564,123000.0,0.00011310237353655743,False,1
copperplate_neutral,2030-01-14 13:00:00,Line,4991-5361-1,Sorne Hill,Trillick,12.225090131852161,123000.0,9.939097668172488e-05,False,1
copperplate_neutral,2030-01-14 14:00:00,Line,4991-5361-1,Sorne Hill,Trillick,9.100715189151563,123000.0,7.398955438334605e-05,False,1
copperplate_neutral,2030-01-14 15:00:00,Line,4991-5361-1,Sorne Hill,Trillick,17.35269141104657,123000.0,0.00014107879195972823,False,1
copperplate_neutral,2030-01-14 16:00:00,Line,4991-5361-1,Sorne Hill,Trillick,12.735443310024104,123000.0,0.00010354018951239109,False,1
copperplate_neutral,2030-01-14 17:00:00,Line,4991-5361-1,Sorne Hill,Trillick,12.829685132860396,123000.0,0.00010430638319398696,False,1
copperplate_neutral,2030-01-14 18:00:00,Line,4991-5361-1,Sorne Hill,Trillick,10.921434353595691,123000.0,8.879214921622514e-05,False,1
copperplate_neutral,2030-01-14 19:00:00,Line,4991-5361-1,Sorne Hill,Trillick,13.985471597453586,123000.0,0.00011370302111750883,False,1
copperplate_neutral,2030-01-14 20:00:00,Line,4991-5361-1,Sorne Hill,Trillick,9.789263877525505,123000.0,7.958751119939435e-05,False,1
copperplate_neutral,2030-01-14 21:00:00,Line,4991-5361-1,Sorne Hill,Trillick,13.246118494741266,123000.0,0.00010769202028244932,False,1
copperplate_neutral,2030-01-14 22:00:00,Line,4991-5361-1,Sorne Hill,Trillick,11.107911409982277,123000.0,9.030822284538436e-05,False,1
copperplate_neutral,2030-01-14 23:00:00,Line,4991-5361-1,Sorne Hill,Trillick,20.197918411359524,123000.0,0.00016421071879154086,False,1
copperplate_neutral,2030-01-15 00:00:00,Line,4991-5361-1,Sorne Hill,Trillick,28.63996917653709,123000.0,0.0002328452778580251,False,1
copperplate_neutral,2030-01-15 01:00:00,Line,4991-5361-1,Sorne Hill,Trillick,28.277885843965812,123000.0,0.00022990151092655133,False,1
copperplate_neutral,2030-01-15 02:00:00,Line,4991-5361-1,Sorne Hill,Trillick,25.648240392411775,123000.0,0.00020852227961310388,False,1
copperplate_neutral,2030-01-15 03:00:00,Line,4991-5361-1,Sorne Hill,Trillick,26.372122088212148,123000.0,0.0002144074966521313,False,1
copperplate_neutral,2030-01-15 04:00:00,Line,4991-5361-1,Sorne Hill,Trillick,28.727813786240404,123000.0,0.00023355946167675126,False,1
copperplate_neutral,2030-01-15 05:00:00,Line,4991-5361-1,Sorne Hill,Trillick,22.818123238147724,123000.0,0.00018551319705811158,False,1
copperplate_priority,2030-01-14 06:00:00,Line,1571-5191-1,Ardnagappary,Tievebrack,-1.4648813879999105,91000.0,1.6097597670328686e-05,False,-1
copperplate_priority,2030-01-14 07:00:00,Line,1571-5191-1,Ardnagappary,Tievebrack,0.010492436474759614,91000.0,1.1530149972263313e-07,False,1
copperplate_priority,2030-01-14 08:00:00,Line,1571-5191-1,Ardnagappary,Tievebrack,0.8830326380133382,91000.0,9.703655362783937e-06,False,1
copperplate_priority,2030-01-14 09:00:00,Line,1571-5191-1,Ardnagappary,Tievebrack,5.8399420926193155,91000.0,6.417518783098148e-05,False,1
copperplate_priority,2030-01-14 10:00:00,Line,1571-5191-1,Ardnagappary,Tievebrack,6.17555670327652,91000.0,6.786326047556615e-05,False,1
copperplate_priority,2030-01-14 11:00:00,Line,1571-5191-1,Ardnagappary,Tievebrack,9.604336293349858,91000.0,0.00010554215706977867,False,1
copperplate_priority,2030-01-14 12:00:00,Line,1571-5191-1,Ardnagappary,Tievebrack,-0.33941362069215586,91000.0,3.7298200076061085e-06,False,-1
copperplate_priority,2030-01-14 13:00:00,Line,1571-5191-1,Ardnagappary,Tievebrack,-1.0153302559582382,91000.0,1.115747534020042e-05,False,-1
copperplate_priority,2030-01-14 14:00:00,Line,1571-5191-1,Ardnagappary,Tievebrack,-2.3871142231027562,91000.0,2.623202442970062e-05,False,-1
copperplate_priority,2030-01-14 15:00:00,Line,1571-5191-1,Ardnagappary,Tievebrack,1.7872666083949618,91000.0,1.9640292399944635e-05,False,1
copperplate_priority,2030-01-14 16:00:00,Line,1571-5191-1,Ardnagappary,Tievebrack,-2.3420858949078402,91000.0,2.5737207636349894e-05,False,-1
copperplate_priority,2030-01-14 17:00:00,Line,1571-5191-1,Ardnagappary,Tievebrack,-0.13350748666064405,91000.0,1.4671152380290555e-06,False,-1
copperplate_priority,2030-01-14 18:00:00,Line,1571-5191-1,Ardnagappary,Tievebrack,-2.8302059678573848,91000.0,3.110116448194928e-05,False,-1
copperplate_priority,2030-01-14 19:00:00,Line,1571-5191-1,Ardnagappary,Tievebrack,-0.6572871074428104,91000.0,7.22293524662429e-06,False,-1
copperplate_priority,2030-01-14 20:00:00,Line,1571-5191-1,Ardnagappary,Tievebrack,-3.2426371095684035,91000.0,3.5633374830422013e-05,False,-1
copperplate_priority,2030-01-14 21:00:00,Line,1571-5191-1,Ardnagappary,Tievebrack,1.6978310559922214,91000.0,1.865748413178265e-05,False,1
copperplate_priority,2030-01-14 22:00:00,Line,1571-5191-1,Ardnagappary,Tievebrack,-1.001885719991817,91000.0,1.1009733186723264e-05,False,-1
copperplate_priority,2030-01-14 23:00:00,Line,1571-5191-1,Ardnagappary,Tievebrack,2.388758089146515,91000.0,2.6250088891719948e-05,False,1
copperplate_priority,2030-01-15 00:00:00,Line,1571-5191-1,Ardnagappary,Tievebrack,6.000298748841333,91000.0,6.593734888836629e-05,False,1
copperplate_priority,2030-01-15 01:00:00,Line,1571-5191-1,Ardnagappary,Tievebrack,8.964707869540707,91000.0,9.851327329165612e-05,False,1
copperplate_priority,2030-01-15 02:00:00,Line,1571-5191-1,Ardnagappary,Tievebrack,7.905996029245571,91000.0,8.687907724445682e-05,False,1
copperplate_priority,2030-01-15 03:00:00,Line,1571-5191-1,Ardnagappary,Tievebrack,11.395624357118251,91000.0,0.00012522664128701374,False,1
copperplate_priority,2030-01-15 04:00:00,Line,1571-5191-1,Ardnagappary,Tievebrack,11.123055285406963,91000.0,0.00012223137676271387,False,1
copperplate_priority,2030-01-15 05:00:00,Line,1571-5191-1,Ardnagappary,Tievebrack,9.129116393694499,91000.0,0.00010031996037026922,False,1
copperplate_priority,2030-01-14 06:00:00,Line,1341-1701-1,Binbane,Cathaleen's Fall,29.14052978727532,210000.0,0.0001387644275584539,False,1
copperplate_priority,2030-01-14 07:00:00,Line,1341-1701-1,Binbane,Cathaleen's Fall,56.59398626189263,210000.0,0.0002694951726756792,False,1
copperplate_priority,2030-01-14 08:00:00,Line,1341-1701-1,Binbane,Cathaleen's Fall,55.25392562743406,210000.0,0.0002631139315592098,False,1
copperplate_priority,2030-01-14 09:00:00,Line,1341-1701-1,Binbane,Cathaleen's Fall,68.4763295470338,210000.0,0.00032607775974778,False,1
copperplate_priority,2030-01-14 10:00:00,Line,1341-1701-1,Binbane,Cathaleen's Fall,55.9077333278249,210000.0,0.00026622730156107094,False,1
copperplate_priority,2030-01-14 11:00:00,Line,1341-1701-1,Binbane,Cathaleen's Fall,82.13355420993639,210000.0,0.000391112162904459,False,1
copperplate_priority,2030-01-14 12:00:00,Line,1341-1701-1,Binbane,Cathaleen's Fall,25.064809028480127,210000.0,0.00011935623346895299,False,1
copperplate_priority,2030-01-14 13:00:00,Line,1341-1701-1,Binbane,Cathaleen's Fall,21.253717885634092,210000.0,0.00010120818040778139,False,1
copperplate_priority,2030-01-14 14:00:00,Line,1341-1701-1,Binbane,Cathaleen's Fall,5.4610429159157015,210000.0,2.6004966266265244e-05,False,1
copperplate_priority,2030-01-14 15:00:00,Line,1341-1701-1,Binbane,Cathaleen's Fall,53.928103276047764,210000.0,0.00025680049179070365,False,1
copperplate_priority,2030-01-14 16:00:00,Line,1341-1701-1,Binbane,Cathaleen's Fall,29.741616440329498,210000.0,0.00014162674495394998,False,1
copperplate_priority,2030-01-14 17:00:00,Line,1341-1701-1,Binbane,Cathaleen's Fall,45.373799391115725,210000.0,0.00021606571138626536,False,1
copperplate_priority,2030-01-14 18:00:00,Line,1341-1701-1,Binbane,Cathaleen's Fall,22.78513120290487,210000.0,0.00010850062477573749,False,1
copperplate_priority,2030-01-14 19:00:00,Line,1341-1701-1,Binbane,Cathaleen's Fall,30.06303043948856,210000.0,0.0001431572878070884,False,1
copperplate_priority,2030-01-14 20:00:00,Line,1341-1701-1,Binbane,Cathaleen's Fall,5.7431215847239585,210000.0,2.734819802249504e-05,False,1
copperplate_priority,2030-01-14 21:00:00,Line,1341-1701-1,Binbane,Cathaleen's Fall,20.897612721273322,210000.0,9.951244152987296e-05,False,1
copperplate_priority,2030-01-14 22:00:00,Line,1341-1701-1,Binbane,Cathaleen's Fall,7.901990520507066,210000.0,3.762852628812889e-05,False,1
copperplate_priority,2030-01-14 23:00:00,Line,1341-1701-1,Binbane,Cathaleen's Fall,46.07116976711367,210000.0,0.00021938652270054131,False,1
copperplate_priority,2030-01-15 00:00:00,Line,1341-1701-1,Binbane,Cathaleen's Fall,71.79577302303359,210000.0,0.0003418846334430171,False,1
copperplate_priority,2030-01-15 01:00:00,Line,1341-1701-1,Binbane,Cathaleen's Fall,83.09537250732257,210000.0,0.00039569225003486933,False,1
copperplate_priority,2030-01-15 02:00:00,Line,1341-1701-1,Binbane,Cathaleen's Fall,83.59041077294316,210000.0,0.0003980495751092531,False,1
copperplate_priority,2030-01-15 03:00:00,Line,1341-1701-1,Binbane,Cathaleen's Fall,100.62231687309864,210000.0,0.0004791538898718983,False,1
copperplate_priority,2030-01-15 04:00:00,Line,1341-1701-1,Binbane,Cathaleen's Fall,101.77029424171039,210000.0,0.00048462044877004945,False,1
copperplate_priority,2030-01-15 05:00:00,Line,1341-1701-1,Binbane,Cathaleen's Fall,91.16066788509617,210000.0,0.000434098418500458,False,1
copperplate_priority,2030-01-14 06:00:00,Line,1341-5191-1,Binbane,Tievebrack,-12.995100601626703,159000.0,8.173019246306102e-05,False,-1
copperplate_priority,2030-01-14 07:00:00,Line,1341-5191-1,Binbane,Tievebrack,-28.688807286262165,159000.0,0.00018043275022806393,False,-1
copperplate_priority,2030-01-14 08:00:00,Line,1341-5191-1,Binbane,Tievebrack,-32.18211239455314,159000.0,0.00020240322260725244,False,-1
copperplate_priority,2030-01-14 09:00:00,Line,1341-5191-1,Binbane,Tievebrack,-35.53066422860812,159000.0,0.0002234632970352712,False,-1
copperplate_priority,2030-01-14 10:00:00,Line,1341-5191-1,Binbane,Tievebrack,-31.232307840074064,159000.0,0.0001964296090570696,False,-1
copperplate_priority,2030-01-14 11:00:00,Line,1341-5191-1,Binbane,Tievebrack,-36.2350289016071,159000.0,0.00022789326353212013,False,-1
copperplate_priority,2030-01-14 12:00:00,Line,1341-5191-1,Binbane,Tievebrack,-15.688164824643057,159000.0,9.866770329964187e-05,False,-1
copperplate_priority,2030-01-14 13:00:00,Line,1341-5191-1,Binbane,Tievebrack,-13.047492875234393,159000.0,8.205970361782638e-05,False,-1
copperplate_priority,2030-01-14 14:00:00,Line,1341-5191-1,Binbane,Tievebrack,-2.5057089441273384,159000.0,1.5759175749228545e-05,False,-1
copperplate_priority,2030-01-14 15:00:00,Line,1341-5191-1,Binbane,Tievebrack,-27.461027177724418,159000.0,0.00017271086275298376,False,-1
copperplate_priority,2030-01-14 16:00:00,Line,1341-5191-1,Binbane,Tievebrack,-15.904593946388722,159000.0,0.00010002889274458316,False,-1
copperplate_priority,2030-01-14 17:00:00,Line,1341-5191-1,Binbane,Tievebrack,-19.1449079590161,159000.0,0.00012040822615733395,False,-1
copperplate_priority,2030-01-14 18:00:00,Line,1341-5191-1,Binbane,Tievebrack,-8.87561439105593,159000.0,5.5821474157584466e-05,False,-1
copperplate_priority,2030-01-14 19:00:00,Line,1341-5191-1,Binbane,Tievebrack,-15.573618325822675,159000.0,9.794728506806714e-05,False,-1
copperplate_priority,2030-01-14 20:00:00,Line,1341-5191-1,Binbane,Tievebrack,-0.11781742993359501,159000.0,7.409901253685221e-07,False,-1
copperplate_priority,2030-01-14 21:00:00,Line,1341-5191-1,Binbane,Tievebrack,-7.225010849720139,159000.0,4.544031980956062e-05,False,-1
copperplate_priority,2030-01-14 22:00:00,Line,1341-5191-1,Binbane,Tievebrack,-2.411643337001344,159000.0,1.5167568157241156e-05,False,-1
copperplate_priority,2030-01-14 23:00:00,Line,1341-5191-1,Binbane,Tievebrack,-24.838539962694675,159000.0,0.00015621723246977783,False,-1
copperplate_priority,2030-01-15 00:00:00,Line,1341-5191-1,Binbane,Tievebrack,-35.933193838916246,159000.0,0.0002259949298045047,False,-1
copperplate_priority,2030-01-15 01:00:00,Line,1341-5191-1,Binbane,Tievebrack,-39.82532138249248,159000.0,0.0002504737193867452,False,-1
copperplate_priority,2030-01-15 02:00:00,Line,1341-5191-1,Binbane,Tievebrack,-36.91946988583339,159000.0,0.00023219792381027287,False,-1
copperplate_priority,2030-01-15 03:00:00,Line,1341-5191-1,Binbane,Tievebrack,-41.275091821721645,159000.0,0.00025959177246365813,False,-1
copperplate_priority,2030-01-15 04:00:00,Line,1341-5191-1,Binbane,Tievebrack,-41.94755126382741,159000.0,0.00026382107713099,False,-1
copperplate_priority,2030-01-15 05:00:00,Line,1341-5191-1,Binbane,Tievebrack,-38.4246364232815,159000.0,0.00024166438002063835,False,-1
copperplate_priority,2030-01-14 06:00:00,Line,2870-17010-1,Clogher,Cathaleen's Fall,65.75525594494457,209000.0,0.0003146184494973424,False,1
copperplate_priority,2030-01-14 07:00:00,Line,2870-17010-1,Clogher,Cathaleen's Fall,102.5174333205908,209000.0,0.0004905140350267502,False,1
copperplate_priority,2030-01-14 08:00:00,Line,2870-17010-1,Clogher,Cathaleen's Fall,106.18381396097108,209000.0,0.0005080565261290482,False,1
copperplate_priority,2030-01-14 09:00:00,Line,2870-17010-1,Clogher,Cathaleen's Fall,111.90750840437099,209000.0,0.0005354426239443588,False,1
copperplate_priority,2030-01-14 10:00:00,Line,2870-17010-1,Clogher,Cathaleen's Fall,98.1555536162751,209000.0,0.0004696437972070579,False,1
copperplate_priority,2030-01-14 11:00:00,Line,2870-17010-1,Clogher,Cathaleen's Fall,120.68587273460432,209000.0,0.0005774443671512169,False,1
copperplate_priority,2030-01-14 12:00:00,Line,2870-17010-1,Clogher,Cathaleen's Fall,69.47996096419595,209000.0,0.00033244000461337775,False,1
copperplate_priority,2030-01-14 13:00:00,Line,2870-17010-1,Clogher,Cathaleen's Fall,66.86191505443793,209000.0,0.0003199134691599901,False,1
copperplate_priority,2030-01-14 14:00:00,Line,2870-17010-1,Clogher,Cathaleen's Fall,41.9376584513396,209000.0,0.00020065865287722298,False,1
copperplate_priority,2030-01-14 15:00:00,Line,2870-17010-1,Clogher,Cathaleen's Fall,108.3934631073919,209000.0,0.0005186290100832148,False,1
copperplate_priority,2030-01-14 16:00:00,Line,2870-17010-1,Clogher,Cathaleen's Fall,78.76493480006872,209000.0,0.0003768657167467403,False,1
copperplate_priority,2030-01-14 17:00:00,Line,2870-17010-1,Clogher,Cathaleen's Fall,92.47936729282979,209000.0,0.00044248501097047746,False,1
copperplate_priority,2030-01-14 18:00:00,Line,2870-17010-1,Clogher,Cathaleen's Fall,60.73554922879709,209000.0,0.0002906007140133832,False,1
copperplate_priority,2030-01-14 19:00:00,Line,2870-17010-1,Clogher,Cathaleen's Fall,72.82284557399284,209000.0,0.0003484346678181475,False,1
copperplate_priority,2030-01-14 20:00:00,Line,2870-17010-1,Clogher,Cathaleen's Fall,38.516555299250186,209000.0,0.00018428973827392433,False,1
copperplate_priority,2030-01-14 21:00:00,Line,2870-17010-1,Clogher,Cathaleen's Fall,54.56271144988166,209000.0,0.00026106560502335726,False,1
copperplate_priority,2030-01-14 22:00:00,Line,2870-17010-1,Clogher,Cathaleen's Fall,44.5230340571681,209000.0,0.0002130288710869287,False,1
copperplate_priority,2030-01-14 23:00:00,Line,2870-17010-1,Clogher,Cathaleen's Fall,96.8124873069725,209000.0,0.0004632176426170933,False,1
copperplate_priority,2030-01-15 00:00:00,Line,2870-17010-1,Clogher,Cathaleen's Fall,112.07199032780849,209000.0,0.000536229618793342,False,1
copperplate_priority,2030-01-15 01:00:00,Line,2870-17010-1,Clogher,Cathaleen's Fall,121.73101657468389,209000.0,0.0005824450553812626,False,1
copperplate_priority,2030-01-15 02:00:00,Line,2870-17010-1,Clogher,Cathaleen's Fall,118.42101506566242,209000.0,0.0005666077275869015,False,1
copperplate_priority,2030-01-15 03:00:00,Line,2870-17010-1,Clogher,Cathaleen's Fall,134.97215936633884,209000.0,0.0006457998055805686,False,1
copperplate_priority,2030-01-15 04:00:00,Line,2870-17010-1,Clogher,Cathaleen's Fall,136.6486460810337,209000.0,0.0006538212731149937,False,1
copperplate_priority,2030-01-15 05:00:00,Line,2870-17010-1,Clogher,Cathaleen's Fall,128.04930100334988,209000.0,0.0006126760813557411,False,1
copperplate_priority,2030-01-14 06:00:00,Line,1701-28712-2,Cathaleen's Fall,Clogher,-65.75525594494457,210000.0,0.0003131202664044979,False,-1
copperplate_priority,2030-01-14 07:00:00,Line,1701-28712-2,Cathaleen's Fall,Clogher,-102.5174333205908,210000.0,0.0004881782539075752,False,-1
copperplate_priority,2030-01-14 08:00:00,Line,1701-28712-2,Cathaleen's Fall,Clogher,-106.18381396097108,210000.0,0.0005056372093379575,False,-1
copperplate_priority,2030-01-14 09:00:00,Line,1701-28712-2,Cathaleen's Fall,Clogher,-111.90750840437099,210000.0,0.0005328928971636713,False,-1
copperplate_priority,2030-01-14 10:00:00,Line,1701-28712-2,Cathaleen's Fall,Clogher,-98.15555361627509,210000.0,0.0004674073981727385,False,-1
copperplate_priority,2030-01-14 11:00:00,Line,1701-28712-2,Cathaleen's Fall,Clogher,-120.68587273460432,210000.0,0.0005746946320695443,False,-1
copperplate_priority,2030-01-14 12:00:00,Line,1701-28712-2,Cathaleen's Fall,Clogher,-69.47996096419595,210000.0,0.0003308569569723617,False,-1
copperplate_priority,2030-01-14 13:00:00,Line,1701-28712-2,Cathaleen's Fall,Clogher,-66.86191505443793,210000.0,0.0003183900716877997,False,-1
copperplate_priority,2030-01-14 14:00:00,Line,1701-28712-2,Cathaleen's Fall,Clogher,-41.9376584513396,210000.0,0.00019970313548256952,False,-1
copperplate_priority,2030-01-14 15:00:00,Line,1701-28712-2,Cathaleen's Fall,Clogher,-108.3934631073919,210000.0,0.0005161593481304376,False,-1
copperplate_priority,2030-01-14 16:00:00,Line,1701-28712-2,Cathaleen's Fall,Clogher,-78.76493480006872,210000.0,0.0003750711180955653,False,-1
copperplate_priority,2030-01-14 17:00:00,Line,1701-28712-2,Cathaleen's Fall,Clogher,-92.47936729282979,210000.0,0.0004403779394896657,False,-1
copperplate_priority,2030-01-14 18:00:00,Line,1701-28712-2,Cathaleen's Fall,Clogher,-60.73554922879709,210000.0,0.00028921690108950994,False,-1
copperplate_priority,2030-01-14 19:00:00,Line,1701-28712-2,Cathaleen's Fall,Clogher,-72.82284557399284,210000.0,0.0003467754551142516,False,-1
copperplate_priority,2030-01-14 20:00:00,Line,1701-28712-2,Cathaleen's Fall,Clogher,-38.516555299250186,210000.0,0.00018341216809166755,False,-1
copperplate_priority,2030-01-14 21:00:00,Line,1701-28712-2,Cathaleen's Fall,Clogher,-54.56271144988166,210000.0,0.00025982243547562696,False,-1
copperplate_priority,2030-01-14 22:00:00,Line,1701-28712-2,Cathaleen's Fall,Clogher,-44.5230340571681,210000.0,0.00021201444789127665,False,-1
copperplate_priority,2030-01-14 23:00:00,Line,1701-28712-2,Cathaleen's Fall,Clogher,-96.8124873069725,210000.0,0.00046101184431891664,False,-1
copperplate_priority,2030-01-15 00:00:00,Line,1701-28712-2,Cathaleen's Fall,Clogher,-112.07199032780849,210000.0,0.0005336761444181357,False,-1
copperplate_priority,2030-01-15 01:00:00,Line,1701-28712-2,Cathaleen's Fall,Clogher,-121.73101657468389,210000.0,0.0005796715074984948,False,-1
copperplate_priority,2030-01-15 02:00:00,Line,1701-28712-2,Cathaleen's Fall,Clogher,-118.42101506566242,210000.0,0.0005639095955507734,False,-1
copperplate_priority,2030-01-15 03:00:00,Line,1701-28712-2,Cathaleen's Fall,Clogher,-134.97215936633884,210000.0,0.0006427245684111374,False,-1
copperplate_priority,2030-01-15 04:00:00,Line,1701-28712-2,Cathaleen's Fall,Clogher,-136.6486460810337,210000.0,0.0006507078384811128,False,-1
copperplate_priority,2030-01-15 05:00:00,Line,1701-28712-2,Cathaleen's Fall,Clogher,-128.04930100334988,210000.0,0.000609758576206428,False,-1
copperplate_priority,2030-01-14 06:00:00,Line,1701-5041-1,Cathaleen's Fall,Srananagh 220,39.437800571412815,191000.0,0.00020648063126394144,False,1
copperplate_priority,2030-01-14 07:00:00,Line,1701-5041-1,Cathaleen's Fall,Srananagh 220,59.35694008267877,191000.0,0.0003107693198046009,False,1
copperplate_priority,2030-01-14 08:00:00,Line,1701-5041-1,Cathaleen's Fall,Srananagh 220,59.89651658048105,191000.0,0.00031359432764649765,False,1
copperplate_priority,2030-01-14 09:00:00,Line,1701-5041-1,Cathaleen's Fall,Srananagh 220,54.594716018074294,191000.0,0.00028583620951871356,False,1
copperplate_priority,2030-01-14 10:00:00,Line,1701-5041-1,Cathaleen's Fall,Srananagh 220,53.23131040410893,191000.0,0.0002786979602309368,False,1
copperplate_priority,2030-01-14 11:00:00,Line,1701-5041-1,Cathaleen's Fall,Srananagh 220,60.87035624587356,191000.0,0.00031869296463808147,False,1
copperplate_priority,2030-01-14 12:00:00,Line,1701-5041-1,Cathaleen's Fall,Srananagh 220,39.398762232096786,191000.0,0.00020627624205286275,False,1
copperplate_priority,2030-01-14 13:00:00,Line,1701-5041-1,Cathaleen's Fall,Srananagh 220,37.55700694974908,191000.0,0.00019663354423952398,False,1
copperplate_priority,2030-01-14 14:00:00,Line,1701-5041-1,Cathaleen's Fall,Srananagh 220,24.85626169253712,191000.0,0.00013013749577244567,False,1
copperplate_priority,2030-01-14 15:00:00,Line,1701-5041-1,Cathaleen's Fall,Srananagh 220,61.127484810725484,191000.0,0.00032003918749070936,False,1
copperplate_priority,2030-01-14 16:00:00,Line,1701-5041-1,Cathaleen's Fall,Srananagh 220,44.7736107561982,191000.0,0.0002344168102418754,False,1
copperplate_priority,2030-01-14 17:00:00,Line,1701-5041-1,Cathaleen's Fall,Srananagh 220,53.368785683314485,191000.0,0.00027941772609065175,False,1
copperplate_priority,2030-01-14 18:00:00,Line,1701-5041-1,Cathaleen's Fall,Srananagh 220,35.90404007169281,191000.0,0.00018797926739106183,False,1
copperplate_priority,2030-01-14 19:00:00,Line,1701-5041-1,Cathaleen's Fall,Srananagh 220,41.67040244650273,191000.0,0.00021816964631676822,False,1
copperplate_priority,2030-01-14 20:00:00,Line,1701-5041-1,Cathaleen's Fall,Srananagh 220,23.387416293124065,191000.0,0.00012244720572316266,False,1
copperplate_priority,2030-01-14 21:00:00,Line,1701-5041-1,Cathaleen's Fall,Srananagh 220,32.492067736139965,191000.0,0.00017011553788554956,False,1
copperplate_priority,2030-01-14 22:00:00,Line,1701-5041-1,Cathaleen's Fall,Srananagh 220,26.275864871069583,191000.0,0.00013756997314696116,False,1
copperplate_priority,2030-01-14 23:00:00,Line,1701-5041-1,Cathaleen's Fall,Srananagh 220,54.61226120929487,191000.0,0.0002859280691586119,False,1
copperplate_priority,2030-01-15 00:00:00,Line,1701-5041-1,Cathaleen's Fall,Srananagh 220,55.03427951493766,191000.0,0.00028813758908344326,False,1
copperplate_priority,2030-01-15 01:00:00,Line,1701-5041-1,Cathaleen's Fall,Srananagh 220,61.84709083283556,191000.0,0.00032380675828709717,False,1
copperplate_priority,2030-01-15 02:00:00,Line,1701-5041-1,Cathaleen's Fall,Srananagh 220,60.305693692970905,191000.0,0.0003157366161935649,False,1
copperplate_priority,2030-01-15 03:00:00,Line,1701-5041-1,Cathaleen's Fall,Srananagh 220,70.5376153382705,191000.0,0.0003693068865878037,False,1
copperplate_priority,2030-01-15 04:00:00,Line,1701-5041-1,Cathaleen's Fall,Srananagh 220,72.41636246767854,191000.0,0.00037914325899308135,False,1
copperplate_priority,2030-01-15 05:00:00,Line,1701-5041-1,Cathaleen's Fall,Srananagh 220,66.5238667341126,191000.0,0.0003482924959901183,False,1
copperplate_priority,2030-01-14 06:00:00,Line,5041-17010-2,Srananagh 220,Cathaleen's Fall,-176.29856065319498,210000.0,0.0008395169554914046,False,-1
copperplate_priority,2030-01-14 07:00:00,Line,5041-17010-2,Srananagh 220,Cathaleen's Fall,-265.3429691751018,210000.0,0.0012635379484528658,False,-1
copperplate_priority,2030-01-14 08:00:00,Line,5041-17010-2,Srananagh 220,Cathaleen's Fall,-267.75503471999906,210000.0,0.0012750239748571383,False,-1
copperplate_priority,2030-01-14 09:00:00,Line,5041-17010-2,Srananagh 220,Cathaleen's Fall,-244.05442782813944,210000.0,0.0011621639420387592,False,-1
copperplate_priority,2030-01-14 10:00:00,Line,5041-17010-2,Srananagh 220,Cathaleen's Fall,-237.95960398284592,210000.0,0.0011331409713468852,False,-1
copperplate_priority,2030-01-14 11:00:00,Line,5041-17010-2,Srananagh 220,Cathaleen's Fall,-272.10838426860795,210000.0,0.001295754210802895,False,-1
copperplate_priority,2030-01-14 12:00:00,Line,5041-17010-2,Srananagh 220,Cathaleen's Fall,-176.12404780176848,210000.0,0.0008386859419131832,False,-1
copperplate_priority,2030-01-14 13:00:00,Line,5041-17010-2,Srananagh 220,Cathaleen's Fall,-167.89086033571382,210000.0,0.000799480287312923,False,-1
copperplate_priority,2030-01-14 14:00:00,Line,5041-17010-2,Srananagh 220,Cathaleen's Fall,-111.11479585882134,210000.0,0.0005291180755181968,False,-1
copperplate_priority,2030-01-14 15:00:00,Line,5041-17010-2,Srananagh 220,Cathaleen's Fall,-273.2578245322487,210000.0,0.001301227735867851,False,-1
copperplate_priority,2030-01-14 16:00:00,Line,5041-17010-2,Srananagh 220,Cathaleen's Fall,-200.1512005536615,210000.0,0.0009531009550174358,False,-1
copperplate_priority,2030-01-14 17:00:00,Line,5041-17010-2,Srananagh 220,Cathaleen's Fall,-238.57415888951337,210000.0,0.001136067423283397,False,-1
copperplate_priority,2030-01-14 18:00:00,Line,5041-17010-2,Srananagh 220,Cathaleen's Fall,-160.5016125281177,210000.0,0.0007642933929910367,False,-1
copperplate_priority,2030-01-14 19:00:00,Line,5041-17010-2,Srananagh 220,Cathaleen's Fall,-186.27894727179577,210000.0,0.0008870426060561703,False,-1
copperplate_priority,2030-01-14 20:00:00,Line,5041-17010-2,Srananagh 220,Cathaleen's Fall,-104.54862518026941,210000.0,0.000497850596096521,False,-1
copperplate_priority,2030-01-14 21:00:00,Line,5041-17010-2,Srananagh 220,Cathaleen's Fall,-145.24909329451435,210000.0,0.0006916623490214969,False,-1
copperplate_priority,2030-01-14 22:00:00,Line,5041-17010-2,Srananagh 220,Cathaleen's Fall,-117.46083933608841,210000.0,0.0005593373301718496,False,-1
copperplate_priority,2030-01-14 23:00:00,Line,5041-17010-2,Srananagh 220,Cathaleen's Fall,-244.13285999001855,210000.0,0.0011625374285238977,False,-1
copperplate_priority,2030-01-15 00:00:00,Line,5041-17010-2,Srananagh 220,Cathaleen's Fall,-246.01940586164747,210000.0,0.0011715209802935593,False,-1
copperplate_priority,2030-01-15 01:00:00,Line,5041-17010-2,Srananagh 220,Cathaleen's Fall,-276.47467496754757,210000.0,0.001316546071274036,False,-1
copperplate_priority,2030-01-15 02:00:00,Line,5041-17010-2,Srananagh 220,Cathaleen's Fall,-269.58417668377484,210000.0,0.001283734174684642,False,-1
copperplate_priority,2030-01-15 03:00:00,Line,5041-17010-2,Srananagh 220,Cathaleen's Fall,-315.323873944939,210000.0,0.001501542256880662,False,-1
copperplate_priority,2030-01-15 04:00:00,Line,5041-17010-2,Srananagh 220,Cathaleen's Fall,-323.7224258405042,210000.0,0.001541535361145258,False,-1
copperplate_priority,2030-01-15 05:00:00,Line,5041-17010-2,Srananagh 220,Cathaleen's Fall,-297.3812379083407,210000.0,0.0014161011328968605,False,-1
copperplate_priority,2030-01-14 06:00:00,Line,28710-51911-1,Clogher,Croaghonagh,-60.60677741735044,183000.0,0.0003311845760510953,False,-1
copperplate_priority,2030-01-14 07:00:00,Line,28710-51911-1,Clogher,Croaghonagh,-86.08848218272233,183000.0,0.00047042886438646085,False,-1
copperplate_priority,2030-01-14 08:00:00,Line,28710-51911-1,Clogher,Croaghonagh,-95.1860608810277,183000.0,0.0005201424091859437,False,-1
copperplate_priority,2030-01-14 09:00:00,Line,28710-51911-1,Clogher,Croaghonagh,-115.24030742485701,183000.0,0.0006297284558735356,False,-1
copperplate_priority,2030-01-14 10:00:00,Line,28710-51911-1,Clogher,Croaghonagh,-109.39640054505645,183000.0,0.0005977945384975762,False,-1
copperplate_priority,2030-01-14 11:00:00,Line,28710-51911-1,Clogher,Croaghonagh,-120.73533693508975,183000.0,0.0006597559395360096,False,-1
copperplate_priority,2030-01-14 12:00:00,Line,28710-51911-1,Clogher,Croaghonagh,-70.10370159614367,183000.0,0.000383080336590949,False,-1
copperplate_priority,2030-01-14 13:00:00,Line,28710-51911-1,Clogher,Croaghonagh,-73.1604537050968,183000.0,0.00039978390002785136,False,-1
copperplate_priority,2030-01-14 14:00:00,Line,28710-51911-1,Clogher,Croaghonagh,-52.68655909710675,183000.0,0.000287904694519709,False,-1
copperplate_priority,2030-01-14 15:00:00,Line,28710-51911-1,Clogher,Croaghonagh,-98.13480402024487,183000.0,0.0005362557596734692,False,-1
copperplate_priority,2030-01-14 16:00:00,Line,28710-51911-1,Clogher,Croaghonagh,-78.48868206479241,183000.0,0.0004288999019934012,False,-1
copperplate_priority,2030-01-14 17:00:00,Line,28710-51911-1,Clogher,Croaghonagh,-88.11736524487304,183000.0,0.000481515657075809,False,-1
copperplate_priority,2030-01-14 18:00:00,Line,28710-51911-1,Clogher,Croaghonagh,-61.410754679792184,183000.0,0.00033557789442509393,False,-1
copperplate_priority,2030-01-14 19:00:00,Line,28710-51911-1,Clogher,Croaghonagh,-68.56665332919714,183000.0,0.00037468116573331767,False,-1
copperplate_priority,2030-01-14 20:00:00,Line,28710-51911-1,Clogher,Croaghonagh,-45.29003367864538,183000.0,0.00024748652283412777,False,-1
copperplate_priority,2030-01-14 21:00:00,Line,28710-51911-1,Clogher,Croaghonagh,-55.09865454005457,183000.0,0.0003010855439347244,False,-1
copperplate_priority,2030-01-14 22:00:00,Line,28710-51911-1,Clogher,Croaghonagh,-50.41568457560471,183000.0,0.0002754955441289875,False,-1
copperplate_priority,2030-01-14 23:00:00,Line,28710-51911-1,Clogher,Croaghonagh,-83.40817248830035,183000.0,0.00045578236332404566,False,-1
copperplate_priority,2030-01-15 00:00:00,Line,28710-51911-1,Clogher,Croaghonagh,-106.97348835677384,183000.0,0.0005845545811845565,False,-1
copperplate_priority,2030-01-15 01:00:00,Line,28710-51911-1,Clogher,Croaghonagh,-113.4495040625436,183000.0,0.0006199426451505114,False,-1
copperplate_priority,2030-01-15 02:00:00,Line,28710-51911-1,Clogher,Croaghonagh,-110.0223057902172,183000.0,0.0006012147857388918,False,-1
copperplate_priority,2030-01-15 03:00:00,Line,28710-51911-1,Clogher,Croaghonagh,-121.43444558905436,183000.0,0.0006635762054046687,False,-1
copperplate_priority,2030-01-15 04:00:00,Line,28710-51911-1,Clogher,Croaghonagh,-122.20188611277268,183000.0,0.0006677698694687032,False,-1
copperplate_priority,2030-01-15 05:00:00,Line,28710-51911-1,Clogher,Croaghonagh,-120.31674560816306,183000.0,0.0006574685552358637,False,-1
copperplate_priority,2030-01-14 06:00:00,Line,2321-28710-1,Drumkeen,Clogher,-12.95820190545353,123000.0,0.00010535123500368723,False,-1
copperplate_priority,2030-01-14 07:00:00,Line,2321-28710-1,Drumkeen,Clogher,11.199442364693518,123000.0,9.105237694872779e-05,False,1
copperplate_priority,2030-01-14 08:00:00,Line,2321-28710-1,Drumkeen,Clogher,11.604339352491301,123000.0,9.434422237797806e-05,False,1
copperplate_priority,2030-01-14 09:00:00,Line,2321-28710-1,Drumkeen,Clogher,21.01136975267227,123000.0,0.00017082414433066887,False,1
copperplate_priority,2030-01-14 10:00:00,Line,2321-28710-1,Drumkeen,Clogher,11.2892250021147,123000.0,9.178231709036342e-05,False,1
copperplate_priority,2030-01-14 11:00:00,Line,2321-28710-1,Drumkeen,Clogher,25.77604213388294,123000.0,0.00020956131816164992,False,1
copperplate_priority,2030-01-14 12:00:00,Line,2321-28710-1,Drumkeen,Clogher,-17.64654191333516,123000.0,0.0001434678204336192,False,-1
copperplate_priority,2030-01-14 13:00:00,Line,2321-28710-1,Drumkeen,Clogher,-23.488746115749883,123000.0,0.00019096541557520231,False,-1
copperplate_priority,2030-01-14 14:00:00,Line,2321-28710-1,Drumkeen,Clogher,-31.768237380524145,123000.0,0.0002582783526871882,False,-1
copperplate_priority,2030-01-14 15:00:00,Line,2321-28710-1,Drumkeen,Clogher,0.7482058997784294,123000.0,6.082974794946581e-06,False,1
copperplate_priority,2030-01-14 16:00:00,Line,2321-28710-1,Drumkeen,Clogher,-13.886075659994349,123000.0,0.00011289492406499471,False,-1
copperplate_priority,2030-01-14 17:00:00,Line,2321-28710-1,Drumkeen,Clogher,-7.309293181088165,123000.0,5.942514781372492e-05,False,-1
copperplate_priority,2030-01-14 18:00:00,Line,2321-28710-1,Drumkeen,Clogher,-17.8892992984586,123000.0,0.00014544145771104553,False,-1
copperplate_priority,2030-01-14 19:00:00,Line,2321-28710-1,Drumkeen,Clogher,-11.398842472928958,123000.0,9.267351604007283e-05,False,-1
copperplate_priority,2030-01-14 20:00:00,Line,2321-28710-1,Drumkeen,Clogher,-28.40881780591535,123000.0,0.00023096599842207602,False,-1
copperplate_priority,2030-01-14 21:00:00,Line,2321-28710-1,Drumkeen,Clogher,-19.791633048626064,123000.0,0.0001609075857611875,False,-1
copperplate_priority,2030-01-14 22:00:00,Line,2321-28710-1,Drumkeen,Clogher,-26.668841019072843,123000.0,0.00021681984568351905,False,-1
copperplate_priority,2030-01-14 23:00:00,Line,2321-28710-1,Drumkeen,Clogher,0.9227069790236435,123000.0,7.501682756289785e-06,False,1
copperplate_priority,2030-01-15 00:00:00,Line,2321-28710-1,Drumkeen,Clogher,29.35429183563468,123000.0,0.00023865277915150146,False,1
copperplate_priority,2030-01-15 01:00:00,Line,2321-28710-1,Drumkeen,Clogher,33.783218662080834,123000.0,0.00027466031432586045,False,1
copperplate_priority,2030-01-15 02:00:00,Line,2321-28710-1,Drumkeen,Clogher,33.45185851060191,123000.0,0.00027196632935448705,False,1
copperplate_priority,2030-01-15 03:00:00,Line,2321-28710-1,Drumkeen,Clogher,41.344435367768355,123000.0,0.0003361336208761655,False,1
copperplate_priority,2030-01-15 04:00:00,Line,2321-28710-1,Drumkeen,Clogher,42.37422140255055,123000.0,0.0003445058650613866,False,1
copperplate_priority,2030-01-15 05:00:00,Line,2321-28710-1,Drumkeen,Clogher,34.84223309691809,123000.0,0.0002832701877798219,False,1
copperplate_priority,2030-01-14 06:00:00,Line,3581-28019-1,Letterkenny,Clogher,-18.91547656205577,121000.0,0.0001563262525789733,False,-1
copperplate_priority,2030-01-14 07:00:00,Line,3581-28019-1,Letterkenny,Clogher,-0.6062158127142455,121000.0,5.010048038960707e-06,False,-1
copperplate_priority,2030-01-14 08:00:00,Line,3581-28019-1,Letterkenny,Clogher,-0.2704445410492461,121000.0,2.235078851646662e-06,False,-1
copperplate_priority,2030-01-14 09:00:00,Line,3581-28019-1,Letterkenny,Clogher,6.2245450587112465,121000.0,5.144252114637394e-05,False,1
copperplate_priority,2030-01-14 10:00:00,Line,3581-28019-1,Letterkenny,Clogher,-1.5885725786425058,121000.0,1.3128698997045502e-05,False,-1
copperplate_priority,2030-01-14 11:00:00,Line,3581-28019-1,Letterkenny,Clogher,9.643075783335407,121000.0,7.969484118459014e-05,False,1
copperplate_priority,2030-01-14 12:00:00,Line,3581-28019-1,Letterkenny,Clogher,-22.97775989393612,121000.0,0.00018989884209864562,False,-1
copperplate_priority,2030-01-14 13:00:00,Line,3581-28019-1,Letterkenny,Clogher,-27.58591323137456,121000.0,0.00022798275397830213,False,-1
copperplate_priority,2030-01-14 14:00:00,Line,3581-28019-1,Letterkenny,Clogher,-34.23017745248633,121000.0,0.0002828940285329449,False,-1
copperplate_priority,2030-01-14 15:00:00,Line,3581-28019-1,Letterkenny,Clogher,-11.361489560045994,121000.0,9.389660793426441e-05,False,-1
copperplate_priority,2030-01-14 16:00:00,Line,3581-28019-1,Letterkenny,Clogher,-22.471537184444113,121000.0,0.00018571518334251332,False,-1
copperplate_priority,2030-01-14 17:00:00,Line,3581-28019-1,Letterkenny,Clogher,-18.044245059366606,121000.0,0.0001491259922261703,False,-1
copperplate_priority,2030-01-14 18:00:00,Line,3581-28019-1,Letterkenny,Clogher,-25.395232263463363,121000.0,0.0002098779525906063,False,-1
copperplate_priority,2030-01-14 19:00:00,Line,3581-28019-1,Letterkenny,Clogher,-19.91776403007569,121000.0,0.00016460962008327018,False,-1
copperplate_priority,2030-01-14 20:00:00,Line,3581-28019-1,Letterkenny,Clogher,-31.814669993532192,121000.0,0.00026293115697134043,False,-1
copperplate_priority,2030-01-14 21:00:00,Line,3581-28019-1,Letterkenny,Clogher,-25.07127394051836,121000.0,0.00020720061107866412,False,-1
copperplate_priority,2030-01-14 22:00:00,Line,3581-28019-1,Letterkenny,Clogher,-30.285121775192437,121000.0,0.0002502902626048962,False,-1
copperplate_priority,2030-01-14 23:00:00,Line,3581-28019-1,Letterkenny,Clogher,-9.576974874754823,121000.0,7.914855268392416e-05,False,-1
copperplate_priority,2030-01-15 00:00:00,Line,3581-28019-1,Letterkenny,Clogher,12.312283573459709,121000.0,0.00010175440969801412,False,1
copperplate_priority,2030-01-15 01:00:00,Line,3581-28019-1,Letterkenny,Clogher,16.154498828874715,121000.0,0.00013350825478408856,False,1
copperplate_priority,2030-01-15 02:00:00,Line,3581-28019-1,Letterkenny,Clogher,15.712035773833032,121000.0,0.00012985153532093415,False,1
copperplate_priority,2030-01-15 03:00:00,Line,3581-28019-1,Letterkenny,Clogher,21.45470301202894,121000.0,0.00017731159514073504,False,1
copperplate_priority,2030-01-15 04:00:00,Line,3581-28019-1,Letterkenny,Clogher,22.46877580637118,121000.0,0.00018569236203612547,False,1
copperplate_priority,2030-01-15 05:00:00,Line,3581-28019-1,Letterkenny,Clogher,16.017775323874123,121000.0,0.0001323783084617696,False,1
copperplate_priority,2030-01-14 06:00:00,Line,1631-5041-1,Corderry,Srananagh 220,116.07126329044209,210000.0,0.0005527203013830575,False,1
copperplate_priority,2030-01-14 07:00:00,Line,1631-5041-1,Corderry,Srananagh 220,130.93032166081412,210000.0,0.0006234777221943529,False,1
copperplate_priority,2030-01-14 08:00:00,Line,1631-5041-1,Corderry,Srananagh 220,134.0493529772727,210000.0,0.0006383302522727271,False,1
copperplate_priority,2030-01-14 09:00:00,Line,1631-5041-1,Corderry,Srananagh 220,133.27217878770406,210000.0,0.0006346294227985908,False,1
copperplate_priority,2030-01-14 10:00:00,Line,1631-5041-1,Corderry,Srananagh 220,141.8913520645751,210000.0,0.0006756731050694052,False,1
copperplate_priority,2030-01-14 11:00:00,Line,1631-5041-1,Corderry,Srananagh 220,95.85689726080224,210000.0,0.00045646141552762974,False,1
copperplate_priority,2030-01-14 12:00:00,Line,1631-5041-1,Corderry,Srananagh 220,77.79798148369396,210000.0,0.0003704665784937808,False,1
copperplate_priority,2030-01-14 13:00:00,Line,1631-5041-1,Corderry,Srananagh 220,84.24233674477759,210000.0,0.0004011539844989409,False,1
copperplate_priority,2030-01-14 14:00:00,Line,1631-5041-1,Corderry,Srananagh 220,65.28035650675983,210000.0,0.00031085884050838014,False,1
copperplate_priority,2030-01-14 15:00:00,Line,1631-5041-1,Corderry,Srananagh 220,121.20786587763374,210000.0,0.0005771803137030178,False,1
copperplate_priority,2030-01-14 16:00:00,Line,1631-5041-1,Corderry,Srananagh 220,121.20318271594515,210000.0,0.0005771580129330722,False,1
copperplate_priority,2030-01-14 17:00:00,Line,1631-5041-1,Corderry,Srananagh 220,137.5666705456856,210000.0,0.0006550793835508839,False,1
copperplate_priority,2030-01-14 18:00:00,Line,1631-5041-1,Corderry,Srananagh 220,130.50624202413036,210000.0,0.0006214582953530017,False,1
copperplate_priority,2030-01-14 19:00:00,Line,1631-5041-1,Corderry,Srananagh 220,136.2693879039257,210000.0,0.0006489018471615509,False,1
copperplate_priority,2030-01-14 20:00:00,Line,1631-5041-1,Corderry,Srananagh 220,114.03864490530975,210000.0,0.0005430411662157607,False,1
copperplate_priority,2030-01-14 21:00:00,Line,1631-5041-1,Corderry,Srananagh 220,110.09025520963611,210000.0,0.0005242393105220767,False,1
copperplate_priority,2030-01-14 22:00:00,Line,1631-5041-1,Corderry,Srananagh 220,100.57845315673156,210000.0,0.000478945015032055,False,1
copperplate_priority,2030-01-14 23:00:00,Line,1631-5041-1,Corderry,Srananagh 220,140.7318104480931,210000.0,0.0006701514783242529,False,1
copperplate_priority,2030-01-15 00:00:00,Line,1631-5041-1,Corderry,Srananagh 220,146.80074120072567,210000.0,0.0006990511485748842,False,1
copperplate_priority,2030-01-15 01:00:00,Line,1631-5041-1,Corderry,Srananagh 220,105.124832749197,210000.0,0.0005005944416628428,False,1
copperplate_priority,2030-01-15 02:00:00,Line,1631-5041-1,Corderry,Srananagh 220,99.57329552426495,210000.0,0.0004741585501155474,False,1
copperplate_priority,2030-01-15 03:00:00,Line,1631-5041-1,Corderry,Srananagh 220,26.20984197085658,210000.0,0.00012480877128979322,False,1
copperplate_priority,2030-01-15 04:00:00,Line,1631-5041-1,Corderry,Srananagh 220,7.514392281376956,210000.0,3.5782820387509313e-05,False,1
copperplate_priority,2030-01-15 05:00:00,Line,1631-5041-1,Corderry,Srananagh 220,51.36438264763609,210000.0,0.00024459229832207664,False,1
copperplate_priority,2030-01-14 06:00:00,Line,2321-3581-1,Drumkeen,Letterkenny,47.51362907104395,123000.0,0.0003862896672442598,False,1
copperplate_priority,2030-01-14 07:00:00,Line,2321-3581-1,Drumkeen,Letterkenny,39.7756272428926,123000.0,0.0003233790832755496,False,1
copperplate_priority,2030-01-14 08:00:00,Line,2321-3581-1,Drumkeen,Letterkenny,39.508150316794925,123000.0,0.00032120447412028395,False,1
copperplate_priority,2030-01-14 09:00:00,Line,2321-3581-1,Drumkeen,Letterkenny,39.52113698519966,123000.0,0.00032131005679024113,False,1
copperplate_priority,2030-01-14 10:00:00,Line,2321-3581-1,Drumkeen,Letterkenny,44.75531536382535,123000.0,0.00036386435255142565,False,1
copperplate_priority,2030-01-14 11:00:00,Line,2321-3581-1,Drumkeen,Letterkenny,38.913531046486256,123000.0,0.00031637017110964437,False,1
copperplate_priority,2030-01-14 12:00:00,Line,2321-3581-1,Drumkeen,Letterkenny,51.442121091298105,123000.0,0.0004182286267585212,False,1
copperplate_priority,2030-01-14 13:00:00,Line,2321-3581-1,Drumkeen,Letterkenny,54.1731579466387,123000.0,0.0004404321784279569,False,1
copperplate_priority,2030-01-14 14:00:00,Line,2321-3581-1,Drumkeen,Letterkenny,58.58545561078107,123000.0,0.0004763045171608217,False,1
copperplate_priority,2030-01-14 15:00:00,Line,2321-3581-1,Drumkeen,Letterkenny,56.63709936202582,123000.0,0.0004604642224554945,False,1
copperplate_priority,2030-01-14 16:00:00,Line,2321-3581-1,Drumkeen,Letterkenny,61.41340637606377,123000.0,0.0004992959867972664,False,1
copperplate_priority,2030-01-14 17:00:00,Line,2321-3581-1,Drumkeen,Letterkenny,61.96405433520764,123000.0,0.0005037727994732328,False,1
copperplate_priority,2030-01-14 18:00:00,Line,2321-3581-1,Drumkeen,Letterkenny,62.169393465285935,123000.0,0.0005054422232950076,False,1
copperplate_priority,2030-01-14 19:00:00,Line,2321-3581-1,Drumkeen,Letterkenny,57.42836831770724,123000.0,0.0004668973033959938,False,1
copperplate_priority,2030-01-14 20:00:00,Line,2321-3581-1,Drumkeen,Letterkenny,58.13221132576567,123000.0,0.0004726196042745176,False,1
copperplate_priority,2030-01-14 21:00:00,Line,2321-3581-1,Drumkeen,Letterkenny,54.35942777000392,123000.0,0.0004419465672358042,False,1
copperplate_priority,2030-01-14 22:00:00,Line,2321-3581-1,Drumkeen,Letterkenny,56.56972380368124,123000.0,0.00045991645368846537,False,1
copperplate_priority,2030-01-14 23:00:00,Line,2321-3581-1,Drumkeen,Letterkenny,48.70304195329653,123000.0,0.0003959596906772075,False,1
copperplate_priority,2030-01-15 00:00:00,Line,2321-3581-1,Drumkeen,Letterkenny,37.97132643448896,123000.0,0.00030870997101210536,False,1
copperplate_priority,2030-01-15 01:00:00,Line,2321-3581-1,Drumkeen,Letterkenny,34.23777284432014,123000.0,0.00027835587678309056,False,1
copperplate_priority,2030-01-15 02:00:00,Line,2321-3581-1,Drumkeen,Letterkenny,35.256160535408995,123000.0,0.0002866354515073902,False,1
copperplate_priority,2030-01-15 03:00:00,Line,2321-3581-1,Drumkeen,Letterkenny,33.868487628519404,123000.0,0.0002753535579554423,False,1
copperplate_priority,2030-01-15 04:00:00,Line,2321-3581-1,Drumkeen,Letterkenny,32.42484889034056,123000.0,0.00026361665764504524,False,1
copperplate_priority,2030-01-15 05:00:00,Line,2321-3581-1,Drumkeen,Letterkenny,38.37752738724717,123000.0,0.0003120124177824973,False,1
copperplate_priority,2030-01-14 06:00:00,Line,1931-4371-1,Sligo,Glenree,-72.52939698172028,210000.0,0.0003453780808653347,False,-1
copperplate_priority,2030-01-14 07:00:00,Line,1931-4371-1,Sligo,Glenree,-77.02841006206326,210000.0,0.0003668019526764917,False,-1
copperplate_priority,2030-01-14 08:00:00,Line,1931-4371-1,Sligo,Glenree,-75.68313895612471,210000.0,0.00036039589979107006,False,-1
copperplate_priority,2030-01-14 09:00:00,Line,1931-4371-1,Sligo,Glenree,-95.59236262360466,210000.0,0.0004552017267790698,False,-1
copperplate_priority,2030-01-14 10:00:00,Line,1931-4371-1,Sligo,Glenree,-95.06986907119273,210000.0,0.0004527136622437749,False,-1
copperplate_priority,2030-01-14 11:00:00,Line,1931-4371-1,Sligo,Glenree,-97.5027728911594,210000.0,0.00046429891852933043,False,-1
copperplate_priority,2030-01-14 12:00:00,Line,1931-4371-1,Sligo,Glenree,-71.05339296467031,210000.0,0.00033834949030795385,False,-1
copperplate_priority,2030-01-14 13:00:00,Line,1931-4371-1,Sligo,Glenree,-68.05125497901957,210000.0,0.00032405359513818844,False,-1
copperplate_priority,2030-01-14 14:00:00,Line,1931-4371-1,Sligo,Glenree,-66.69833805220051,210000.0,0.0003176111335819072,False,-1
copperplate_priority,2030-01-14 15:00:00,Line,1931-4371-1,Sligo,Glenree,-78.36958557610978,210000.0,0.0003731885027433799,False,-1
copperplate_priority,2030-01-14 16:00:00,Line,1931-4371-1,Sligo,Glenree,-77.74695963605309,210000.0,0.00037022361731453855,False,-1
copperplate_priority,2030-01-14 17:00:00,Line,1931-4371-1,Sligo,Glenree,-87.76114283081664,210000.0,0.0004179102039562697,False,-1
copperplate_priority,2030-01-14 18:00:00,Line,1931-4371-1,Sligo,Glenree,-82.63639330227616,210000.0,0.0003935066347727436,False,-1
copperplate_priority,2030-01-14 19:00:00,Line,1931-4371-1,Sligo,Glenree,-81.57772402879914,210000.0,0.00038846535251809116,False,-1
copperplate_priority,2030-01-14 20:00:00,Line,1931-4371-1,Sligo,Glenree,-74.73372433511992,210000.0,0.00035587487778628534,False,-1
copperplate_priority,2030-01-14 21:00:00,Line,1931-4371-1,Sligo,Glenree,-71.12952862846755,210000.0,0.00033871204108794074,False,-1
copperplate_priority,2030-01-14 22:00:00,Line,1931-4371-1,Sligo,Glenree,-68.63679434198154,210000.0,0.00032684187781895974,False,-1
copperplate_priority,2030-01-14 23:00:00,Line,1931-4371-1,Sligo,Glenree,-74.96344724726058,210000.0,0.00035696879641552656,False,-1
copperplate_priority,2030-01-15 00:00:00,Line,1931-4371-1,Sligo,Glenree,-81.13271310004203,210000.0,0.00038634625285734295,False,-1
copperplate_priority,2030-01-15 01:00:00,Line,1931-4371-1,Sligo,Glenree,-82.77715368243841,210000.0,0.00039417692229732574,False,-1
copperplate_priority,2030-01-15 02:00:00,Line,1931-4371-1,Sligo,Glenree,-89.47527264828751,210000.0,0.0004260727268966072,False,-1
copperplate_priority,2030-01-15 03:00:00,Line,1931-4371-1,Sligo,Glenree,-98.08934469443744,210000.0,0.00046709211759255923,False,-1
copperplate_priority,2030-01-15 04:00:00,Line,1931-4371-1,Sligo,Glenree,-103.74416512506846,210000.0,0.0004940198339288975,False,-1
copperplate_priority,2030-01-15 05:00:00,Line,1931-4371-1,Sligo,Glenree,-94.84307371297224,210000.0,0.0004516336843474869,False,-1
copperplate_priority,2030-01-14 06:00:00,Line,3591-5191-1,Letterkenny,Tievebrack,-8.448419341248812,159000.0,5.313471283804284e-05,False,-1
copperplate_priority,2030-01-14 07:00:00,Line,3591-5191-1,Letterkenny,Tievebrack,4.0461951660326285,159000.0,2.5447768339827853e-05,False,1
copperplate_priority,2030-01-14 08:00:00,Line,3591-5191-1,Letterkenny,Tievebrack,6.280997811357771,159000.0,3.950313088904259e-05,False,1
copperplate_priority,2030-01-14 09:00:00,Line,3591-5191-1,Letterkenny,Tievebrack,2.908370583313438,159000.0,1.829163888876376e-05,False,1
copperplate_priority,2030-01-14 10:00:00,Line,3591-5191-1,Letterkenny,Tievebrack,-1.695451617576502,159000.0,1.066321772060693e-05,False,-1
copperplate_priority,2030-01-14 11:00:00,Line,3591-5191-1,Letterkenny,Tievebrack,-0.27244834508733184,159000.0,1.7135116043228419e-06,False,-1
copperplate_priority,2030-01-14 12:00:00,Line,3591-5191-1,Letterkenny,Tievebrack,-8.082205562318283,159000.0,5.0831481524014355e-05,False,-1
copperplate_priority,2030-01-14 13:00:00,Line,3591-5191-1,Letterkenny,Tievebrack,-9.966729724143942,159000.0,6.268383474304366e-05,False,-1
copperplate_priority,2030-01-14 14:00:00,Line,3591-5191-1,Letterkenny,Tievebrack,-14.48549511772778,159000.0,9.110374287879107e-05,False,-1
copperplate_priority,2030-01-14 15:00:00,Line,3591-5191-1,Letterkenny,Tievebrack,-0.5101828085039006,159000.0,3.208696908829564e-06,False,-1
copperplate_priority,2030-01-14 16:00:00,Line,3591-5191-1,Letterkenny,Tievebrack,-4.92862132753346,159000.0,3.0997618412160125e-05,False,-1
copperplate_priority,2030-01-14 17:00:00,Line,3591-5191-1,Letterkenny,Tievebrack,-6.731556794074383,159000.0,4.233683518285775e-05,False,-1
copperplate_priority,2030-01-14 18:00:00,Line,3591-5191-1,Letterkenny,Tievebrack,-10.878635273090474,159000.0,6.841908976786462e-05,False,-1
copperplate_priority,2030-01-14 19:00:00,Line,3591-5191-1,Letterkenny,Tievebrack,-6.729370300577738,159000.0,4.232308365143231e-05,False,-1
copperplate_priority,2030-01-14 20:00:00,Line,3591-5191-1,Letterkenny,Tievebrack,-12.957675740523229,159000.0,8.149481597813351e-05,False,-1
copperplate_priority,2030-01-14 21:00:00,Line,3591-5191-1,Letterkenny,Tievebrack,-12.36651334445559,159000.0,7.777681348714208e-05,False,-1
copperplate_priority,2030-01-14 22:00:00,Line,3591-5191-1,Letterkenny,Tievebrack,-10.120958099282262,159000.0,6.365382452378781e-05,False,-1
copperplate_priority,2030-01-14 23:00:00,Line,3591-5191-1,Letterkenny,Tievebrack,2.1175028284935618,159000.0,1.3317627852160766e-05,False,1
copperplate_priority,2030-01-15 00:00:00,Line,3591-5191-1,Letterkenny,Tievebrack,6.655256785450106,159000.0,4.1856960914780546e-05,False,1
copperplate_priority,2030-01-15 01:00:00,Line,3591-5191-1,Letterkenny,Tievebrack,4.828063623700686,159000.0,3.0365180023274755e-05,False,1
copperplate_priority,2030-01-15 02:00:00,Line,3591-5191-1,Letterkenny,Tievebrack,3.1918023926892456,159000.0,2.007422888483802e-05,False,1
copperplate_priority,2030-01-15 03:00:00,Line,3591-5191-1,Letterkenny,Tievebrack,3.0285586890008283,159000.0,1.904753892453351e-05,False,1
copperplate_priority,2030-01-15 04:00:00,Line,3591-5191-1,Letterkenny,Tievebrack,3.946567753013664,159000.0,2.4821180836563922e-05,False,1
copperplate_priority,2030-01-15 05:00:00,Line,3591-5191-1,Letterkenny,Tievebrack,2.5622237226365883,159000.0,1.6114614607777285e-05,False,1
copperplate_priority,2030-01-14 06:00:00,Line,3581-5361-1,Letterkenny,Trillick,-7.452799195947643,123000.0,6.0591863381688154e-05,False,-1
copperplate_priority,2030-01-14 07:00:00,Line,3581-5361-1,Letterkenny,Trillick,-29.110104564494588,123000.0,0.00023666751678450885,False,-1
copperplate_priority,2030-01-14 08:00:00,Line,3581-5361-1,Letterkenny,Trillick,-34.64039822158048,123000.0,0.00028162925383398767,False,-1
copperplate_priority,2030-01-14 09:00:00,Line,3581-5361-1,Letterkenny,Trillick,-33.089879579774774,123000.0,0.00026902341121768107,False,-1
copperplate_priority,2030-01-14 10:00:00,Line,3581-5361-1,Letterkenny,Trillick,-18.935986983188336,123000.0,0.00015395111368445802,False,-1
copperplate_priority,2030-01-14 11:00:00,Line,3581-5361-1,Letterkenny,Trillick,-30.883717397559746,123000.0,0.00025108713331349386,False,-1
copperplate_priority,2030-01-14 12:00:00,Line,3581-5361-1,Letterkenny,Trillick,-4.5002518362181245,123000.0,3.6587413302586376e-05,False,-1
copperplate_priority,2030-01-14 13:00:00,Line,3581-5361-1,Letterkenny,Trillick,-1.786217063349449,123000.0,1.4522089945930479e-05,False,-1
copperplate_priority,2030-01-14 14:00:00,Line,3581-5361-1,Letterkenny,Trillick,3.3816362961484145,123000.0,2.7492978017466784e-05,False,1
copperplate_priority,2030-01-14 15:00:00,Line,3581-5361-1,Letterkenny,Trillick,-10.53678278787506,123000.0,8.566490071443138e-05,False,-1
copperplate_priority,2030-01-14 16:00:00,Line,3581-5361-1,Letterkenny,Trillick,-1.836746556117287,123000.0,1.4932898830221846e-05,False,-1
copperplate_priority,2030-01-14 17:00:00,Line,3581-5361-1,Letterkenny,Trillick,-1.0130726335208156,123000.0,8.236362874152973e-06,False,-1
copperplate_priority,2030-01-14 18:00:00,Line,3581-5361-1,Letterkenny,Trillick,2.2434742299389843,123000.0,1.8239627885682798e-05,False,1
copperplate_priority,2030-01-14 19:00:00,Line,3581-5361-1,Letterkenny,Trillick,-3.641828622384681,123000.0,2.960836278361529e-05,False,-1
copperplate_priority,2030-01-14 20:00:00,Line,3581-5361-1,Letterkenny,Trillick,2.6988374591129194,123000.0,2.1941767960267636e-05,False,1
copperplate_priority,2030-01-14 21:00:00,Line,3581-5361-1,Letterkenny,Trillick,-4.02091620122831,123000.0,3.269037561974236e-05,False,-1
copperplate_priority,2030-01-14 22:00:00,Line,3581-5361-1,Letterkenny,Trillick,-1.1923542866896266,123000.0,9.693937290159566e-06,False,-1
copperplate_priority,2030-01-14 23:00:00,Line,3581-5361-1,Letterkenny,Trillick,-17.5254276046813,123000.0,0.00014248315125757154,False,-1
copperplate_priority,2030-01-15 00:00:00,Line,3581-5361-1,Letterkenny,Trillick,-32.735336152146786,123000.0,0.00026614094432639664,False,-1
copperplate_priority,2030-01-15 01:00:00,Line,3581-5361-1,Letterkenny,Trillick,-32.60355810654849,123000.0,0.00026506957810202024,False,-1
copperplate_priority,2030-01-15 02:00:00,Line,3581-5361-1,Letterkenny,Trillick,-28.43999993498103,123000.0,0.00023121951166651245,False,-1
copperplate_priority,2030-01-15 03:00:00,Line,3581-5361-1,Letterkenny,Trillick,-29.837394845482898,123000.0,0.00024258044589823495,False,-1
copperplate_priority,2030-01-15 04:00:00,Line,3581-5361-1,Letterkenny,Trillick,-33.857527049200996,123000.0,0.00027526444755447964,False,-1
copperplate_priority,2030-01-15 05:00:00,Line,3581-5361-1,Letterkenny,Trillick,-23.448185176470165,123000.0,0.00019063565184122085,False,-1
copperplate_priority,2030-01-14 06:00:00,Line,4981-5041-1,Sligo,Srananagh 220,27.029387411092866,123000.0,0.00021975111716335664,False,1
copperplate_priority,2030-01-14 07:00:00,Line,4981-5041-1,Sligo,Srananagh 220,29.10392003864122,123000.0,0.000236617236086514,False,1
copperplate_priority,2030-01-14 08:00:00,Line,4981-5041-1,Sligo,Srananagh 220,26.02424245139236,123000.0,0.00021157920692188912,False,1
copperplate_priority,2030-01-14 09:00:00,Line,4981-5041-1,Sligo,Srananagh 220,41.13154681785314,123000.0,0.0003344028196573426,False,1
copperplate_priority,2030-01-14 10:00:00,Line,4981-5041-1,Sligo,Srananagh 220,40.54259523972848,123000.0,0.000329614595444947,False,1
copperplate_priority,2030-01-14 11:00:00,Line,4981-5041-1,Sligo,Srananagh 220,42.696927449988856,123000.0,0.00034712949146332403,False,1
copperplate_priority,2030-01-14 12:00:00,Line,4981-5041-1,Sligo,Srananagh 220,19.4093620743809,123000.0,0.00015779969166163335,False,1
copperplate_priority,2030-01-14 13:00:00,Line,4981-5041-1,Sligo,Srananagh 220,17.42078114678378,123000.0,0.00014163236704702262,False,1
copperplate_priority,2030-01-14 14:00:00,Line,4981-5041-1,Sligo,Srananagh 220,15.99189589788595,123000.0,0.0001300154138039508,False,1
copperplate_priority,2030-01-14 15:00:00,Line,4981-5041-1,Sligo,Srananagh 220,26.284539976541122,123000.0,0.00021369544696374896,False,1
copperplate_priority,2030-01-14 16:00:00,Line,4981-5041-1,Sligo,Srananagh 220,25.41753783817914,123000.0,0.00020664664909088732,False,1
copperplate_priority,2030-01-14 17:00:00,Line,4981-5041-1,Sligo,Srananagh 220,32.77145316625598,123000.0,0.000266434578587447,False,1
copperplate_priority,2030-01-14 18:00:00,Line,4981-5041-1,Sligo,Srananagh 220,27.7113351081954,123000.0,0.00022529540738370243,False,1
copperplate_priority,2030-01-14 19:00:00,Line,4981-5041-1,Sligo,Srananagh 220,27.608993672543466,123000.0,0.0002244633631914103,False,1
copperplate_priority,2030-01-14 20:00:00,Line,4981-5041-1,Sligo,Srananagh 220,21.38786002270477,123000.0,0.00017388504083499815,False,1
copperplate_priority,2030-01-14 21:00:00,Line,4981-5041-1,Sligo,Srananagh 220,19.399722198045005,123000.0,0.00015772131868329272,False,1
copperplate_priority,2030-01-14 22:00:00,Line,4981-5041-1,Sligo,Srananagh 220,19.683654850866603,123000.0,0.00016002971423468781,False,1
copperplate_priority,2030-01-14 23:00:00,Line,4981-5041-1,Sligo,Srananagh 220,27.609791483525296,123000.0,0.00022446984945955525,False,1
copperplate_priority,2030-01-15 00:00:00,Line,4981-5041-1,Sligo,Srananagh 220,33.04861759291805,123000.0,0.00026868794790990284,False,1
copperplate_priority,2030-01-15 01:00:00,Line,4981-5041-1,Sligo,Srananagh 220,35.28472689782257,123000.0,0.00028686769835628106,False,1
copperplate_priority,2030-01-15 02:00:00,Line,4981-5041-1,Sligo,Srananagh 220,42.37857984835845,123000.0,0.00034454129958015,False,1
copperplate_priority,2030-01-15 03:00:00,Line,4981-5041-1,Sligo,Srananagh 220,51.20152916460393,123000.0,0.0004162725948341783,False,1
copperplate_priority,2030-01-15 04:00:00,Line,4981-5041-1,Sligo,Srananagh 220,55.47209165310518,123000.0,0.0004509926150658958,False,1
copperplate_priority,2030-01-15 05:00:00,Line,4981-5041-1,Sligo,Srananagh 220,49.57909144114984,123000.0,0.00040308204423699056,False,1
copperplate_priority,2030-01-14 06:00:00,Line,4981-5041-2,Sligo,Srananagh 220,26.25105426574726,123000.0,0.00021342320541257935,False,1
copperplate_priority,2030-01-14 07:00:00,Line,4981-5041-2,Sligo,Srananagh 220,28.265849042764117,123000.0,0.0002298036507541798,False,1
copperplate_priority,2030-01-14 08:00:00,Line,4981-5041-2,Sligo,Srananagh 220,25.27485327085489,123000.0,0.00020548661195816985,False,1
copperplate_priority,2030-01-14 09:00:00,Line,4981-5041-2,Sligo,Srananagh 220,39.947130548229104,123000.0,0.00032477341909129356,False,1
copperplate_priority,2030-01-14 10:00:00,Line,4981-5041-2,Sligo,Srananagh 220,39.37513830874153,123000.0,0.0003201230756808255,False,1
copperplate_priority,2030-01-14 11:00:00,Line,4981-5041-2,Sligo,Srananagh 220,41.4674347747274,123000.0,0.00033713361605469433,False,1
copperplate_priority,2030-01-14 12:00:00,Line,4981-5041-2,Sligo,Srananagh 220,18.850453742396112,123000.0,0.00015325572148289522,False,1
copperplate_priority,2030-01-14 13:00:00,Line,4981-5041-2,Sligo,Srananagh 220,16.919135616379013,123000.0,0.00013755394810064238,False,1
copperplate_priority,2030-01-14 14:00:00,Line,4981-5041-2,Sligo,Srananagh 220,15.53139627778976,123000.0,0.0001262715144535753,False,1
copperplate_priority,2030-01-14 15:00:00,Line,4981-5041-2,Sligo,Srananagh 220,25.52765531753078,123000.0,0.00020754191315065676,False,1
copperplate_priority,2030-01-14 16:00:00,Line,4981-5041-2,Sligo,Srananagh 220,24.68561920933105,123000.0,0.0002006960911327728,False,1
copperplate_priority,2030-01-14 17:00:00,Line,4981-5041-2,Sligo,Srananagh 220,31.827772577698877,123000.0,0.0002587623786804787,False,1
copperplate_priority,2030-01-14 18:00:00,Line,4981-5041-2,Sligo,Srananagh 220,26.913364725498678,123000.0,0.00021880784329673722,False,1
copperplate_priority,2030-01-14 19:00:00,Line,4981-5041-2,Sligo,Srananagh 220,26.81397029453829,123000.0,0.00021799975849218122,False,1
copperplate_priority,2030-01-14 20:00:00,Line,4981-5041-2,Sligo,Srananagh 220,20.771979236710656,123000.0,0.00016887787997325738,False,1
copperplate_priority,2030-01-14 21:00:00,Line,4981-5041-2,Sligo,Srananagh 220,18.841091454122246,123000.0,0.00015317960531806705,False,1
copperplate_priority,2030-01-14 22:00:00,Line,4981-5041-2,Sligo,Srananagh 220,19.116848035789296,123000.0,0.00015542152874625445,False,1
copperplate_priority,2030-01-14 23:00:00,Line,4981-5041-2,Sligo,Srananagh 220,26.81474513190546,123000.0,0.00021800605798297123,False,1
copperplate_priority,2030-01-15 00:00:00,Line,4981-5041-2,Sligo,Srananagh 220,32.0969558297712,123000.0,0.0002609508604046439,False,1
copperplate_priority,2030-01-15 01:00:00,Line,4981-5041-2,Sligo,Srananagh 220,34.268674552597325,123000.0,0.0002786071101837181,False,1
copperplate_priority,2030-01-15 02:00:00,Line,4981-5041-2,Sligo,Srananagh 220,41.158254250630854,123000.0,0.00033461995325716144,False,1
copperplate_priority,2030-01-15 03:00:00,Line,4981-5041-2,Sligo,Srananagh 220,49.72713958133,123000.0,0.0004042856876530894,False,1
copperplate_priority,2030-01-15 04:00:00,Line,4981-5041-2,Sligo,Srananagh 220,53.87472775733515,123000.0,0.00043800591672630207,False,1
copperplate_priority,2030-01-15 05:00:00,Line,4981-5041-2,Sligo,Srananagh 220,48.151421268760714,123000.0,0.00039147496966472124,False,1
copperplate_priority,2030-01-14 06:00:00,Line,4991-5361-1,Sorne Hill,Trillick,14.10332549394124,123000.0,0.00011466118287757106,False,1
copperplate_priority,2030-01-14 07:00:00,Line,4991-5361-1,Sorne Hill,Trillick,27.65927622121897,123000.0,0.00022487216440015423,False,1
copperplate_priority,2030-01-14 08:00:00,Line,4991-5361-1,Sorne Hill,Trillick,31.57292471203537,123000.0,0.0002566904448132957,False,1
copperplate_priority,2030-01-14 09:00:00,Line,4991-5361-1,Sorne Hill,Trillick,30.856659273453886,123000.0,0.0002508671485646657,False,1
copperplate_priority,2030-01-14 10:00:00,Line,4991-5361-1,Sorne Hill,Trillick,22.562850613697613,123000.0,0.00018343780986746026,False,1
copperplate_priority,2030-01-14 11:00:00,Line,4991-5361-1,Sorne Hill,Trillick,29.46775743584074,123000.0,0.00023957526370602225,False,1
copperplate_priority,2030-01-14 12:00:00,Line,4991-5361-1,Sorne Hill,Trillick,13.911591944996564,123000.0,0.00011310237353655743,False,1
copperplate_priority,2030-01-14 13:00:00,Line,4991-5361-1,Sorne Hill,Trillick,12.225090131852161,123000.0,9.939097668172488e-05,False,1
copperplate_priority,2030-01-14 14:00:00,Line,4991-5361-1,Sorne Hill,Trillick,9.100715189151563,123000.0,7.398955438334605e-05,False,1
copperplate_priority,2030-01-14 15:00:00,Line,4991-5361-1,Sorne Hill,Trillick,17.35269141104657,123000.0,0.00014107879195972823,False,1
copperplate_priority,2030-01-14 16:00:00,Line,4991-5361-1,Sorne Hill,Trillick,12.735443310024104,123000.0,0.00010354018951239109,False,1
copperplate_priority,2030-01-14 17:00:00,Line,4991-5361-1,Sorne Hill,Trillick,12.829685132860396,123000.0,0.00010430638319398696,False,1
copperplate_priority,2030-01-14 18:00:00,Line,4991-5361-1,Sorne Hill,Trillick,10.921434353595691,123000.0,8.879214921622514e-05,False,1
copperplate_priority,2030-01-14 19:00:00,Line,4991-5361-1,Sorne Hill,Trillick,13.985471597453586,123000.0,0.00011370302111750883,False,1
copperplate_priority,2030-01-14 20:00:00,Line,4991-5361-1,Sorne Hill,Trillick,9.789263877525505,123000.0,7.958751119939435e-05,False,1
copperplate_priority,2030-01-14 21:00:00,Line,4991-5361-1,Sorne Hill,Trillick,13.246118494741266,123000.0,0.00010769202028244932,False,1
copperplate_priority,2030-01-14 22:00:00,Line,4991-5361-1,Sorne Hill,Trillick,11.107911409982277,123000.0,9.030822284538436e-05,False,1
copperplate_priority,2030-01-14 23:00:00,Line,4991-5361-1,Sorne Hill,Trillick,20.197918411359524,123000.0,0.00016421071879154086,False,1
copperplate_priority,2030-01-15 00:00:00,Line,4991-5361-1,Sorne Hill,Trillick,28.63996917653709,123000.0,0.0002328452778580251,False,1
copperplate_priority,2030-01-15 01:00:00,Line,4991-5361-1,Sorne Hill,Trillick,28.277885843965812,123000.0,0.00022990151092655133,False,1
copperplate_priority,2030-01-15 02:00:00,Line,4991-5361-1,Sorne Hill,Trillick,25.648240392411775,123000.0,0.00020852227961310388,False,1
copperplate_priority,2030-01-15 03:00:00,Line,4991-5361-1,Sorne Hill,Trillick,26.372122088212148,123000.0,0.0002144074966521313,False,1
copperplate_priority,2030-01-15 04:00:00,Line,4991-5361-1,Sorne Hill,Trillick,28.727813786240404,123000.0,0.00023355946167675126,False,1
copperplate_priority,2030-01-15 05:00:00,Line,4991-5361-1,Sorne Hill,Trillick,22.818123238147724,123000.0,0.00018551319705811158,False,1
status_swapped,2030-01-14 06:00:00,Line,1571-5191-1,Ardnagappary,Tievebrack,-1.4648813879999105,91.0,0.016097597670328687,False,-1
status_swapped,2030-01-14 07:00:00,Line,1571-5191-1,Ardnagappary,Tievebrack,0.010492436474759614,91.0,0.00011530149972263312,False,1
status_swapped,2030-01-14 08:00:00,Line,1571-5191-1,Ardnagappary,Tievebrack,0.8830326380133382,91.0,0.009703655362783937,False,1
status_swapped,2030-01-14 09:00:00,Line,1571-5191-1,Ardnagappary,Tievebrack,5.8399420926193155,91.0,0.06417518783098149,False,1
status_swapped,2030-01-14 10:00:00,Line,1571-5191-1,Ardnagappary,Tievebrack,6.17555670327652,91.0,0.06786326047556615,False,1
status_swapped,2030-01-14 11:00:00,Line,1571-5191-1,Ardnagappary,Tievebrack,9.604336293349858,91.0,0.10554215706977867,False,1
status_swapped,2030-01-14 12:00:00,Line,1571-5191-1,Ardnagappary,Tievebrack,-0.33941362069215586,91.0,0.0037298200076061085,False,-1
status_swapped,2030-01-14 13:00:00,Line,1571-5191-1,Ardnagappary,Tievebrack,-1.0153302559582382,91.0,0.01115747534020042,False,-1
status_swapped,2030-01-14 14:00:00,Line,1571-5191-1,Ardnagappary,Tievebrack,-2.3871142231027562,91.0,0.02623202442970062,False,-1
status_swapped,2030-01-14 15:00:00,Line,1571-5191-1,Ardnagappary,Tievebrack,1.7872666083949618,91.0,0.019640292399944633,False,1
status_swapped,2030-01-14 16:00:00,Line,1571-5191-1,Ardnagappary,Tievebrack,-2.3420858949078402,91.0,0.025737207636349894,False,-1
status_swapped,2030-01-14 17:00:00,Line,1571-5191-1,Ardnagappary,Tievebrack,-0.13350748666064405,91.0,0.0014671152380290554,False,-1
status_swapped,2030-01-14 18:00:00,Line,1571-5191-1,Ardnagappary,Tievebrack,-2.8302059678573848,91.0,0.031101164481949283,False,-1
status_swapped,2030-01-14 19:00:00,Line,1571-5191-1,Ardnagappary,Tievebrack,-0.6572871074428104,91.0,0.00722293524662429,False,-1
status_swapped,2030-01-14 20:00:00,Line,1571-5191-1,Ardnagappary,Tievebrack,-3.2426371095684035,91.0,0.03563337483042202,False,-1
status_swapped,2030-01-14 21:00:00,Line,1571-5191-1,Ardnagappary,Tievebrack,1.6978310559922214,91.0,0.018657484131782653,False,1
status_swapped,2030-01-14 22:00:00,Line,1571-5191-1,Ardnagappary,Tievebrack,-1.001885719991817,91.0,0.011009733186723263,False,-1
status_swapped,2030-01-14 23:00:00,Line,1571-5191-1,Ardnagappary,Tievebrack,2.388758089146515,91.0,0.02625008889171995,False,1
status_swapped,2030-01-15 00:00:00,Line,1571-5191-1,Ardnagappary,Tievebrack,6.000298748841333,91.0,0.06593734888836629,False,1
status_swapped,2030-01-15 01:00:00,Line,1571-5191-1,Ardnagappary,Tievebrack,8.964707869540707,91.0,0.09851327329165611,False,1
status_swapped,2030-01-15 02:00:00,Line,1571-5191-1,Ardnagappary,Tievebrack,7.905996029245571,91.0,0.08687907724445683,False,1
status_swapped,2030-01-15 03:00:00,Line,1571-5191-1,Ardnagappary,Tievebrack,11.395624357118251,91.0,0.12522664128701375,False,1
status_swapped,2030-01-15 04:00:00,Line,1571-5191-1,Ardnagappary,Tievebrack,11.123055285406963,91.0,0.12223137676271388,False,1
status_swapped,2030-01-15 05:00:00,Line,1571-5191-1,Ardnagappary,Tievebrack,9.129116393694499,91.0,0.10031996037026922,False,1
status_swapped,2030-01-14 06:00:00,Line,1341-1701-1,Binbane,Cathaleen's Fall,29.14052978727532,210.0,0.1387644275584539,False,1
status_swapped,2030-01-14 07:00:00,Line,1341-1701-1,Binbane,Cathaleen's Fall,48.296775920025,210.0,0.22998464723821427,False,1
status_swapped,2030-01-14 08:00:00,Line,1341-1701-1,Binbane,Cathaleen's Fall,47.927982503887264,210.0,0.22822848811374888,False,1
status_swapped,2030-01-14 09:00:00,Line,1341-1701-1,Binbane,Cathaleen's Fall,59.03317623244731,210.0,0.2811103630116539,False,1
status_swapped,2030-01-14 10:00:00,Line,1341-1701-1,Binbane,Cathaleen's Fall,55.9077333278249,210.0,0.26622730156107094,False,1
status_swapped,2030-01-14 11:00:00,Line,1341-1701-1,Binbane,Cathaleen's Fall,59.268690986257326,210.0,0.2822318618393206,False,1
status_swapped,2030-01-14 12:00:00,Line,1341-1701-1,Binbane,Cathaleen's Fall,25.064809028480127,210.0,0.11935623346895298,False,1
status_swapped,2030-01-14 13:00:00,Line,1341-1701-1,Binbane,Cathaleen's Fall,21.253717885634092,210.0,0.10120818040778139,False,1
status_swapped,2030-01-14 14:00:00,Line,1341-1701-1,Binbane,Cathaleen's Fall,5.4610429159157015,210.0,0.026004966266265243,False,1
status_swapped,2030-01-14 15:00:00,Line,1341-1701-1,Binbane,Cathaleen's Fall,44.280660475930986,210.0,0.21086028798062376,False,1
status_swapped,2030-01-14 16:00:00,Line,1341-1701-1,Binbane,Cathaleen's Fall,29.741616440329498,210.0,0.14162674495395,False,1
status_swapped,2030-01-14 17:00:00,Line,1341-1701-1,Binbane,Cathaleen's Fall,41.56932727303924,210.0,0.19794917749066307,False,1
status_swapped,2030-01-14 18:00:00,Line,1341-1701-1,Binbane,Cathaleen's Fall,22.78513120290487,210.0,0.10850062477573748,False,1
status_swapped,2030-01-14 19:00:00,Line,1341-1701-1,Binbane,Cathaleen's Fall,30.06303043948856,210.0,0.1431572878070884,False,1
status_swapped,2030-01-14 20:00:00,Line,1341-1701-1,Binbane,Cathaleen's Fall,5.7431215847239585,210.0,0.02734819802249504,False,1
status_swapped,2030-01-14 21:00:00,Line,1341-1701-1,Binbane,Cathaleen's Fall,20.897612721273322,210.0,0.09951244152987296,False,1
status_swapped,2030-01-14 22:00:00,Line,1341-1701-1,Binbane,Cathaleen's Fall,7.901990520507066,210.0,0.037628526288128884,False,1
status_swapped,2030-01-14 23:00:00,Line,1341-1701-1,Binbane,Cathaleen's Fall,41.52659105722584,210.0,0.19774567170107543,False,1
status_swapped,2030-01-15 00:00:00,Line,1341-1701-1,Binbane,Cathaleen's Fall,61.807739350337584,210.0,0.29432256833494086,False,1
status_swapped,2030-01-15 01:00:00,Line,1341-1701-1,Binbane,Cathaleen's Fall,58.01639325491877,210.0,0.276268539309137,False,1
status_swapped,2030-01-15 02:00:00,Line,1341-1701-1,Binbane,Cathaleen's Fall,64.97053627242708,210.0,0.3093835060591766,False,1
status_swapped,2030-01-15 03:00:00,Line,1341-1701-1,Binbane,Cathaleen's Fall,44.645697773694735,210.0,0.21259856082711778,False,1
status_swapped,2030-01-15 04:00:00,Line,1341-1701-1,Binbane,Cathaleen's Fall,34.22308535346271,210.0,0.16296707311172717,False,1
status_swapped,2030-01-15 05:00:00,Line,1341-1701-1,Binbane,Cathaleen's Fall,50.116838961551466,210.0,0.23865161410262603,False,1
status_swapped,2030-01-14 06:00:00,Line,1341-5191-1,Binbane,Tievebrack,-12.995100601626703,159.0,0.08173019246306103,False,-1
status_swapped,2030-01-14 07:00:00,Line,1341-5191-1,Binbane,Tievebrack,-24.69159694439453,159.0,0.1552930625433618,False,-1
status_swapped,2030-01-14 08:00:00,Line,1341-5191-1,Binbane,Tievebrack,-29.15616927100635,159.0,0.18337213377991415,False,-1
status_swapped,2030-01-14 09:00:00,Line,1341-5191-1,Binbane,Tievebrack,-26.087510914021628,159.0,0.1640723956856706,False,-1
status_swapped,2030-01-14 10:00:00,Line,1341-5191-1,Binbane,Tievebrack,-31.232307840074064,159.0,0.19642960905706958,False,-1
status_swapped,2030-01-14 11:00:00,Line,1341-5191-1,Binbane,Tievebrack,-24.68255629127933,159.0,0.1552362030898071,False,-1
status_swapped,2030-01-14 12:00:00,Line,1341-5191-1,Binbane,Tievebrack,-15.688164824643057,159.0,0.09866770329964186,False,-1
status_swapped,2030-01-14 13:00:00,Line,1341-5191-1,Binbane,Tievebrack,-13.047492875234393,159.0,0.08205970361782637,False,-1
status_swapped,2030-01-14 14:00:00,Line,1341-5191-1,Binbane,Tievebrack,-2.5057089441273384,159.0,0.015759175749228544,False,-1
status_swapped,2030-01-14 15:00:00,Line,1341-5191-1,Binbane,Tievebrack,-22.113584377607637,159.0,0.13907914702897886,False,-1
status_swapped,2030-01-14 16:00:00,Line,1341-5191-1,Binbane,Tievebrack,-15.904593946388722,159.0,0.10002889274458315,False,-1
status_swapped,2030-01-14 17:00:00,Line,1341-5191-1,Binbane,Tievebrack,-15.340435840939612,159.0,0.09648072855936864,False,-1
status_swapped,2030-01-14 18:00:00,Line,1341-5191-1,Binbane,Tievebrack,-8.87561439105593,159.0,0.05582147415758446,False,-1
status_swapped,2030-01-14 19:00:00,Line,1341-5191-1,Binbane,Tievebrack,-15.573618325822675,159.0,0.09794728506806714,False,-1
status_swapped,2030-01-14 20:00:00,Line,1341-5191-1,Binbane,Tievebrack,-0.11781742993359501,159.0,0.0007409901253685221,False,-1
status_swapped,2030-01-14 21:00:00,Line,1341-5191-1,Binbane,Tievebrack,-7.225010849720139,159.0,0.04544031980956062,False,-1
status_swapped,2030-01-14 22:00:00,Line,1341-5191-1,Binbane,Tievebrack,-2.411643337001344,159.0,0.015167568157241157,False,-1
status_swapped,2030-01-14 23:00:00,Line,1341-5191-1,Binbane,Tievebrack,-20.29396125280685,159.0,0.1276349764327475,False,-1
status_swapped,2030-01-15 00:00:00,Line,1341-5191-1,Binbane,Tievebrack,-25.94516016622024,159.0,0.16317710796364931,False,-1
status_swapped,2030-01-15 01:00:00,Line,1341-5191-1,Binbane,Tievebrack,-28.07033970330977,159.0,0.17654301700194824,False,-1
status_swapped,2030-01-15 02:00:00,Line,1341-5191-1,Binbane,Tievebrack,-22.504659995293103,159.0,0.14153874210876166,False,-1
status_swapped,2030-01-15 03:00:00,Line,1341-5191-1,Binbane,Tievebrack,-38.97026228847849,159.0,0.24509598923571377,False,-1
status_swapped,2030-01-15 04:00:00,Line,1341-5191-1,Binbane,Tievebrack,-44.152252858513584,159.0,0.27768712489631187,False,-1
status_swapped,2030-01-15 05:00:00,Line,1341-5191-1,Binbane,Tievebrack,-31.089384937264008,159.0,0.19553072287587425,False,-1
status_swapped,2030-01-14 06:00:00,Line,2870-17010-1,Clogher,Cathaleen's Fall,65.75525594494457,209.0,0.3146184494973424,False,1
status_swapped,2030-01-14 07:00:00,Line,2870-17010-1,Clogher,Cathaleen's Fall,80.72090125686388,209.0,0.3862244079275784,False,1
status_swapped,2030-01-14 08:00:00,Line,2870-17010-1,Clogher,Cathaleen's Fall,88.36501291936234,209.0,0.4227991048773318,False,1
status_swapped,2030-01-14 09:00:00,Line,2870-17010-1,Clogher,Cathaleen's Fall,95.79290149893788,209.0,0.45833924162171236,False,1
status_swapped,2030-01-14 10:00:00,Line,2870-17010-1,Clogher,Cathaleen's Fall,98.1555536162751,209.0,0.4696437972070579,False,1
status_swapped,2030-01-14 11:00:00,Line,2870-17010-1,Clogher,Cathaleen's Fall,94.11732244958364,209.0,0.45032211698365376,False,1
status_swapped,2030-01-14 12:00:00,Line,2870-17010-1,Clogher,Cathaleen's Fall,69.47996096419595,209.0,0.33244000461337775,False,1
status_swapped,2030-01-14 13:00:00,Line,2870-17010-1,Clogher,Cathaleen's Fall,66.86191505443793,209.0,0.3199134691599901,False,1
status_swapped,2030-01-14 14:00:00,Line,2870-17010-1,Clogher,Cathaleen's Fall,41.9376584513396,209.0,0.20065865287722298,False,1
status_swapped,2030-01-14 15:00:00,Line,2870-17010-1,Clogher,Cathaleen's Fall,81.06718450745026,209.0,0.3878812655858864,False,1
status_swapped,2030-01-14 16:00:00,Line,2870-17010-1,Clogher,Cathaleen's Fall,78.76493480006872,209.0,0.37686571674674024,False,1
status_swapped,2030-01-14 17:00:00,Line,2870-17010-1,Clogher,Cathaleen's Fall,76.89851942583464,209.0,0.3679354996451418,False,1
status_swapped,2030-01-14 18:00:00,Line,2870-17010-1,Clogher,Cathaleen's Fall,60.73554922879709,209.0,0.2906007140133832,False,1
status_swapped,2030-01-14 19:00:00,Line,2870-17010-1,Clogher,Cathaleen's Fall,72.82284557399284,209.0,0.3484346678181475,False,1
status_swapped,2030-01-14 20:00:00,Line,2870-17010-1,Clogher,Cathaleen's Fall,38.516555299250186,209.0,0.18428973827392434,False,1
status_swapped,2030-01-14 21:00:00,Line,2870-17010-1,Clogher,Cathaleen's Fall,54.56271144988166,209.0,0.26106560502335724,False,1
status_swapped,2030-01-14 22:00:00,Line,2870-17010-1,Clogher,Cathaleen's Fall,44.5230340571681,209.0,0.2130288710869287,False,1
status_swapped,2030-01-14 23:00:00,Line,2870-17010-1,Clogher,Cathaleen's Fall,78.20060442264024,209.0,0.3741655714001925,False,1
status_swapped,2030-01-15 00:00:00,Line,2870-17010-1,Clogher,Cathaleen's Fall,95.02755283624444,209.0,0.4546772862978203,False,1
status_swapped,2030-01-15 01:00:00,Line,2870-17010-1,Clogher,Cathaleen's Fall,93.59801166107476,209.0,0.4478373763687788,False,1
status_swapped,2030-01-15 02:00:00,Line,2870-17010-1,Clogher,Cathaleen's Fall,91.27440548792809,209.0,0.43671964348290954,False,1
status_swapped,2030-01-15 03:00:00,Line,2870-17010-1,Clogher,Cathaleen's Fall,98.51811263481659,209.0,0.4713785293531894,False,1
status_swapped,2030-01-15 04:00:00,Line,2870-17010-1,Clogher,Cathaleen's Fall,98.14676013724504,209.0,0.4696017231447131,False,1
status_swapped,2030-01-15 05:00:00,Line,2870-17010-1,Clogher,Cathaleen's Fall,95.10705150427607,209.0,0.4550576626998855,False,1
status_swapped,2030-01-14 06:00:00,Line,1701-28712-2,Cathaleen's Fall,Clogher,-65.75525594494457,210.0,0.3131202664044979,False,-1
status_swapped,2030-01-14 07:00:00,Line,1701-28712-2,Cathaleen's Fall,Clogher,-80.72090125686388,210.0,0.3843852440803042,False,-1
status_swapped,2030-01-14 08:00:00,Line,1701-28712-2,Cathaleen's Fall,Clogher,-88.36501291936234,210.0,0.42078577580648735,False,-1
status_swapped,2030-01-14 09:00:00,Line,1701-28712-2,Cathaleen's Fall,Clogher,-95.79290149893788,210.0,0.4561566738044661,False,-1
status_swapped,2030-01-14 10:00:00,Line,1701-28712-2,Cathaleen's Fall,Clogher,-98.15555361627509,210.0,0.4674073981727385,False,-1
status_swapped,2030-01-14 11:00:00,Line,1701-28712-2,Cathaleen's Fall,Clogher,-94.11732244958364,210.0,0.4481777259503983,False,-1
status_swapped,2030-01-14 12:00:00,Line,1701-28712-2,Cathaleen's Fall,Clogher,-69.47996096419595,210.0,0.33085695697236167,False,-1
status_swapped,2030-01-14 13:00:00,Line,1701-28712-2,Cathaleen's Fall,Clogher,-66.86191505443793,210.0,0.31839007168779965,False,-1
status_swapped,2030-01-14 14:00:00,Line,1701-28712-2,Cathaleen's Fall,Clogher,-41.9376584513396,210.0,0.19970313548256952,False,-1
status_swapped,2030-01-14 15:00:00,Line,1701-28712-2,Cathaleen's Fall,Clogher,-81.06718450745026,210.0,0.38603421194023935,False,-1
status_swapped,2030-01-14 16:00:00,Line,1701-28712-2,Cathaleen's Fall,Clogher,-78.76493480006872,210.0,0.3750711180955653,False,-1
status_swapped,2030-01-14 17:00:00,Line,1701-28712-2,Cathaleen's Fall,Clogher,-76.89851942583462,210.0,0.36618342583730773,False,-1
status_swapped,2030-01-14 18:00:00,Line,1701-28712-2,Cathaleen's Fall,Clogher,-60.73554922879709,210.0,0.28921690108951,False,-1
status_swapped,2030-01-14 19:00:00,Line,1701-28712-2,Cathaleen's Fall,Clogher,-72.82284557399284,210.0,0.3467754551142516,False,-1
status_swapped,2030-01-14 20:00:00,Line,1701-28712-2,Cathaleen's Fall,Clogher,-38.516555299250186,210.0,0.18341216809166755,False,-1
status_swapped,2030-01-14 21:00:00,Line,1701-28712-2,Cathaleen's Fall,Clogher,-54.56271144988166,210.0,0.25982243547562694,False,-1
status_swapped,2030-01-14 22:00:00,Line,1701-28712-2,Cathaleen's Fall,Clogher,-44.5230340571681,210.0,0.21201444789127666,False,-1
status_swapped,2030-01-14 23:00:00,Line,1701-28712-2,Cathaleen's Fall,Clogher,-78.20060442264023,210.0,0.3723838305840011,False,-1
status_swapped,2030-01-15 00:00:00,Line,1701-28712-2,Cathaleen's Fall,Clogher,-95.02755283624444,210.0,0.45251215636306874,False,-1
status_swapped,2030-01-15 01:00:00,Line,1701-28712-2,Cathaleen's Fall,Clogher,-93.59801166107475,210.0,0.4457048174336893,False,-1
status_swapped,2030-01-15 02:00:00,Line,1701-28712-2,Cathaleen's Fall,Clogher,-91.27440548792809,210.0,0.4346400261329909,False,-1
status_swapped,2030-01-15 03:00:00,Line,1701-28712-2,Cathaleen's Fall,Clogher,-98.51811263481657,210.0,0.46913386968960274,False,-1
status_swapped,2030-01-15 04:00:00,Line,1701-28712-2,Cathaleen's Fall,Clogher,-98.14676013724504,210.0,0.4673655244630716,False,-1
status_swapped,2030-01-15 05:00:00,Line,1701-28712-2,Cathaleen's Fall,Clogher,-95.10705150427607,210.0,0.45289072144893366,False,-1
status_swapped,2030-01-14 06:00:00,Line,1701-5041-1,Cathaleen's Fall,Srananagh 220,39.437800571412815,191.0,0.20648063126394145,False,1
status_swapped,2030-01-14 07:00:00,Line,1701-5041-1,Cathaleen's Fall,Srananagh 220,46.97677672076105,191.0,0.24595171057990078,False,1
status_swapped,2030-01-14 08:00:00,Line,1701-5041-1,Cathaleen's Fall,Srananagh 220,46.97677672076105,191.0,0.24595171057990078,False,1
status_swapped,2030-01-14 09:00:00,Line,1701-5041-1,Cathaleen's Fall,Srananagh 220,46.97677672076105,191.0,0.24595171057990078,False,1
status_swapped,2030-01-14 10:00:00,Line,1701-5041-1,Cathaleen's Fall,Srananagh 220,46.97677672076105,191.0,0.24595171057990078,False,1
status_swapped,2030-01-14 11:00:00,Line,1701-5041-1,Cathaleen's Fall,Srananagh 220,46.97677672076105,191.0,0.24595171057990078,False,1
status_swapped,2030-01-14 12:00:00,Line,1701-5041-1,Cathaleen's Fall,Srananagh 220,39.39876223209679,191.0,0.2062762420528628,False,1
status_swapped,2030-01-14 13:00:00,Line,1701-5041-1,Cathaleen's Fall,Srananagh 220,37.55700694974908,191.0,0.19663354423952398,False,1
status_swapped,2030-01-14 14:00:00,Line,1701-5041-1,Cathaleen's Fall,Srananagh 220,24.85626169253712,191.0,0.13013749577244565,False,1
status_swapped,2030-01-14 15:00:00,Line,1701-5041-1,Cathaleen's Fall,Srananagh 220,46.97677672076105,191.0,0.24595171057990078,False,1
status_swapped,2030-01-14 16:00:00,Line,1701-5041-1,Cathaleen's Fall,Srananagh 220,44.77361075619821,191.0,0.23441681024187544,False,1
status_swapped,2030-01-14 17:00:00,Line,1701-5041-1,Cathaleen's Fall,Srananagh 220,46.97677672076105,191.0,0.24595171057990078,False,1
status_swapped,2030-01-14 18:00:00,Line,1701-5041-1,Cathaleen's Fall,Srananagh 220,35.90404007169281,191.0,0.18797926739106186,False,1
status_swapped,2030-01-14 19:00:00,Line,1701-5041-1,Cathaleen's Fall,Srananagh 220,41.67040244650273,191.0,0.21816964631676822,False,1
status_swapped,2030-01-14 20:00:00,Line,1701-5041-1,Cathaleen's Fall,Srananagh 220,23.387416293124065,191.0,0.12244720572316264,False,1
status_swapped,2030-01-14 21:00:00,Line,1701-5041-1,Cathaleen's Fall,Srananagh 220,32.492067736139965,191.0,0.17011553788554956,False,1
status_swapped,2030-01-14 22:00:00,Line,1701-5041-1,Cathaleen's Fall,Srananagh 220,26.275864871069587,191.0,0.13756997314696118,False,1
status_swapped,2030-01-14 23:00:00,Line,1701-5041-1,Cathaleen's Fall,Srananagh 220,46.97677672076105,191.0,0.24595171057990078,False,1
status_swapped,2030-01-15 00:00:00,Line,1701-5041-1,Cathaleen's Fall,Srananagh 220,46.97677672076105,191.0,0.24595171057990078,False,1
status_swapped,2030-01-15 01:00:00,Line,1701-5041-1,Cathaleen's Fall,Srananagh 220,46.97677672076105,191.0,0.24595171057990078,False,1
status_swapped,2030-01-15 02:00:00,Line,1701-5041-1,Cathaleen's Fall,Srananagh 220,46.97677672076105,191.0,0.24595171057990078,False,1
status_swapped,2030-01-15 03:00:00,Line,1701-5041-1,Cathaleen's Fall,Srananagh 220,46.97677672076105,191.0,0.24595171057990078,False,1
status_swapped,2030-01-15 04:00:00,Line,1701-5041-1,Cathaleen's Fall,Srananagh 220,45.991643334199125,191.0,0.2407939441581106,False,1
status_swapped,2030-01-15 05:00:00,Line,1701-5041-1,Cathaleen's Fall,Srananagh 220,46.97677672076105,191.0,0.24595171057990078,False,1
status_swapped,2030-01-14 06:00:00,Line,5041-17010-2,Srananagh 220,Cathaleen's Fall,-176.29856065319498,210.0,0.8395169554914047,False,-1
status_swapped,2030-01-14 07:00:00,Line,5041-17010-2,Srananagh 220,Cathaleen's Fall,-210.0,210.0,1.0,True,-1
status_swapped,2030-01-14 08:00:00,Line,5041-17010-2,Srananagh 220,Cathaleen's Fall,-210.0,210.0,1.0,True,-1
status_swapped,2030-01-14 09:00:00,Line,5041-17010-2,Srananagh 220,Cathaleen's Fall,-210.0,210.0,1.0,True,-1
status_swapped,2030-01-14 10:00:00,Line,5041-17010-2,Srananagh 220,Cathaleen's Fall,-210.0,210.0,1.0,True,-1
status_swapped,2030-01-14 11:00:00,Line,5041-17010-2,Srananagh 220,Cathaleen's Fall,-210.0,210.0,1.0,True,-1
status_swapped,2030-01-14 12:00:00,Line,5041-17010-2,Srananagh 220,Cathaleen's Fall,-176.1240478017685,210.0,0.8386859419131834,False,-1
status_swapped,2030-01-14 13:00:00,Line,5041-17010-2,Srananagh 220,Cathaleen's Fall,-167.89086033571382,210.0,0.799480287312923,False,-1
status_swapped,2030-01-14 14:00:00,Line,5041-17010-2,Srananagh 220,Cathaleen's Fall,-111.11479585882135,210.0,0.5291180755181969,False,-1
status_swapped,2030-01-14 15:00:00,Line,5041-17010-2,Srananagh 220,Cathaleen's Fall,-210.0,210.0,1.0,True,-1
status_swapped,2030-01-14 16:00:00,Line,5041-17010-2,Srananagh 220,Cathaleen's Fall,-200.1512005536615,210.0,0.9531009550174357,False,-1
status_swapped,2030-01-14 17:00:00,Line,5041-17010-2,Srananagh 220,Cathaleen's Fall,-210.0,210.0,1.0,True,-1
status_swapped,2030-01-14 18:00:00,Line,5041-17010-2,Srananagh 220,Cathaleen's Fall,-160.5016125281177,210.0,0.7642933929910367,False,-1
status_swapped,2030-01-14 19:00:00,Line,5041-17010-2,Srananagh 220,Cathaleen's Fall,-186.27894727179577,210.0,0.8870426060561704,False,-1
status_swapped,2030-01-14 20:00:00,Line,5041-17010-2,Srananagh 220,Cathaleen's Fall,-104.54862518026943,210.0,0.49785059609652105,False,-1
status_swapped,2030-01-14 21:00:00,Line,5041-17010-2,Srananagh 220,Cathaleen's Fall,-145.24909329451435,210.0,0.6916623490214969,False,-1
status_swapped,2030-01-14 22:00:00,Line,5041-17010-2,Srananagh 220,Cathaleen's Fall,-117.46083933608843,210.0,0.5593373301718496,False,-1
status_swapped,2030-01-14 23:00:00,Line,5041-17010-2,Srananagh 220,Cathaleen's Fall,-210.0,210.0,1.0,True,-1
status_swapped,2030-01-15 00:00:00,Line,5041-17010-2,Srananagh 220,Cathaleen's Fall,-210.0,210.0,1.0,True,-1
status_swapped,2030-01-15 01:00:00,Line,5041-17010-2,Srananagh 220,Cathaleen's Fall,-210.0,210.0,1.0,True,-1
status_swapped,2030-01-15 02:00:00,Line,5041-17010-2,Srananagh 220,Cathaleen's Fall,-210.0,210.0,1.0,True,-1
status_swapped,2030-01-15 03:00:00,Line,5041-17010-2,Srananagh 220,Cathaleen's Fall,-210.0,210.0,1.0,True,-1
status_swapped,2030-01-15 04:00:00,Line,5041-17010-2,Srananagh 220,Cathaleen's Fall,-205.59616419815853,210.0,0.9790293533245644,False,-1
status_swapped,2030-01-15 05:00:00,Line,5041-17010-2,Srananagh 220,Cathaleen's Fall,-210.0,210.0,1.0,True,-1
status_swapped,2030-01-14 06:00:00,Line,28710-51911-1,Clogher,Croaghonagh,-60.60677741735044,183.0,0.3311845760510953,False,-1
status_swapped,2030-01-14 07:00:00,Line,28710-51911-1,Clogher,Croaghonagh,-86.08848218272233,183.0,0.4704288643864608,False,-1
status_swapped,2030-01-14 08:00:00,Line,28710-51911-1,Clogher,Croaghonagh,-95.1860608810277,183.0,0.5201424091859437,False,-1
status_swapped,2030-01-14 09:00:00,Line,28710-51911-1,Clogher,Croaghonagh,-115.24030742485701,183.0,0.6297284558735355,False,-1
status_swapped,2030-01-14 10:00:00,Line,28710-51911-1,Clogher,Croaghonagh,-109.39640054505645,183.0,0.5977945384975762,False,-1
status_swapped,2030-01-14 11:00:00,Line,28710-51911-1,Clogher,Croaghonagh,-120.73533693508975,183.0,0.6597559395360095,False,-1
status_swapped,2030-01-14 12:00:00,Line,28710-51911-1,Clogher,Croaghonagh,-70.10370159614367,183.0,0.383080336590949,False,-1
status_swapped,2030-01-14 13:00:00,Line,28710-51911-1,Clogher,Croaghonagh,-73.1604537050968,183.0,0.39978390002785136,False,-1
status_swapped,2030-01-14 14:00:00,Line,28710-51911-1,Clogher,Croaghonagh,-52.68655909710675,183.0,0.287904694519709,False,-1
status_swapped,2030-01-14 15:00:00,Line,28710-51911-1,Clogher,Croaghonagh,-98.13480402024487,183.0,0.5362557596734693,False,-1
status_swapped,2030-01-14 16:00:00,Line,28710-51911-1,Clogher,Croaghonagh,-78.48868206479241,183.0,0.42889990199340117,False,-1
status_swapped,2030-01-14 17:00:00,Line,28710-51911-1,Clogher,Croaghonagh,-88.11736524487304,183.0,0.48151565707580896,False,-1
status_swapped,2030-01-14 18:00:00,Line,28710-51911-1,Clogher,Croaghonagh,-61.410754679792184,183.0,0.3355778944250939,False,-1
status_swapped,2030-01-14 19:00:00,Line,28710-51911-1,Clogher,Croaghonagh,-68.56665332919714,183.0,0.37468116573331767,False,-1
status_swapped,2030-01-14 20:00:00,Line,28710-51911-1,Clogher,Croaghonagh,-45.29003367864538,183.0,0.24748652283412775,False,-1
status_swapped,2030-01-14 21:00:00,Line,28710-51911-1,Clogher,Croaghonagh,-55.09865454005457,183.0,0.3010855439347244,False,-1
status_swapped,2030-01-14 22:00:00,Line,28710-51911-1,Clogher,Croaghonagh,-50.41568457560471,183.0,0.27549554412898747,False,-1
status_swapped,2030-01-14 23:00:00,Line,28710-51911-1,Clogher,Croaghonagh,-83.40817248830035,183.0,0.45578236332404565,False,-1
status_swapped,2030-01-15 00:00:00,Line,28710-51911-1,Clogher,Croaghonagh,-106.97348835677384,183.0,0.5845545811845565,False,-1
status_swapped,2030-01-15 01:00:00,Line,28710-51911-1,Clogher,Croaghonagh,-113.4495040625436,183.0,0.6199426451505115,False,-1
status_swapped,2030-01-15 02:00:00,Line,28710-51911-1,Clogher,Croaghonagh,-110.0223057902172,183.0,0.6012147857388919,False,-1
status_swapped,2030-01-15 03:00:00,Line,28710-51911-1,Clogher,Croaghonagh,-121.43444558905436,183.0,0.6635762054046687,False,-1
status_swapped,2030-01-15 04:00:00,Line,28710-51911-1,Clogher,Croaghonagh,-122.20188611277268,183.0,0.6677698694687032,False,-1
status_swapped,2030-01-15 05:00:00,Line,28710-51911-1,Clogher,Croaghonagh,-120.31675560816319,183.0,0.6574686098806731,False,-1
status_swapped,2030-01-14 06:00:00,Line,2321-28710-1,Drumkeen,Clogher,-12.95820190545353,123.0,0.10535123500368723,False,-1
status_swapped,2030-01-14 07:00:00,Line,2321-28710-1,Drumkeen,Clogher,13.30273257256949,123.0,0.10815229733796333,False,1
status_swapped,2030-01-14 08:00:00,Line,2321-28710-1,Drumkeen,Clogher,13.196558924897364,123.0,0.10728909695038508,False,1
status_swapped,2030-01-14 09:00:00,Line,2321-28710-1,Drumkeen,Clogher,-0.5460947422197263,123.0,0.004439794652192897,False,-1
status_swapped,2030-01-14 10:00:00,Line,2321-28710-1,Drumkeen,Clogher,11.2892250021147,123.0,0.09178231709036341,False,1
status_swapped,2030-01-14 11:00:00,Line,2321-28710-1,Drumkeen,Clogher,-9.323016861701385,123.0,0.0757968850544828,False,-1
status_swapped,2030-01-14 12:00:00,Line,2321-28710-1,Drumkeen,Clogher,-17.64654191333516,123.0,0.1434678204336192,False,-1
status_swapped,2030-01-14 13:00:00,Line,2321-28710-1,Drumkeen,Clogher,-23.488746115749883,123.0,0.1909654155752023,False,-1
status_swapped,2030-01-14 14:00:00,Line,2321-28710-1,Drumkeen,Clogher,-31.768237380524145,123.0,0.2582783526871882,False,-1
status_swapped,2030-01-14 15:00:00,Line,2321-28710-1,Drumkeen,Clogher,3.5619742824068483,123.0,0.02895914050737275,False,1
status_swapped,2030-01-14 16:00:00,Line,2321-28710-1,Drumkeen,Clogher,-13.886075659994349,123.0,0.11289492406499471,False,-1
status_swapped,2030-01-14 17:00:00,Line,2321-28710-1,Drumkeen,Clogher,-5.307419807482148,123.0,0.04314975453237519,False,-1
status_swapped,2030-01-14 18:00:00,Line,2321-28710-1,Drumkeen,Clogher,-17.8892992984586,123.0,0.14544145771104552,False,-1
status_swapped,2030-01-14 19:00:00,Line,2321-28710-1,Drumkeen,Clogher,-11.398842472928958,123.0,0.09267351604007283,False,-1
status_swapped,2030-01-14 20:00:00,Line,2321-28710-1,Drumkeen,Clogher,-28.40881780591535,123.0,0.23096599842207602,False,-1
status_swapped,2030-01-14 21:00:00,Line,2321-28710-1,Drumkeen,Clogher,-19.791633048626064,123.0,0.16090758576118752,False,-1
status_swapped,2030-01-14 22:00:00,Line,2321-28710-1,Drumkeen,Clogher,-26.668841019072843,123.0,0.21681984568351906,False,-1
status_swapped,2030-01-14 23:00:00,Line,2321-28710-1,Drumkeen,Clogher,3.314016688024992,123.0,0.026943225105894246,False,1
status_swapped,2030-01-15 00:00:00,Line,2321-28710-1,Drumkeen,Clogher,6.55293787049912,123.0,0.05327591764633431,False,1
status_swapped,2030-01-15 01:00:00,Line,2321-28710-1,Drumkeen,Clogher,-3.329881133355351,123.0,0.027072204336222365,False,-1
status_swapped,2030-01-15 02:00:00,Line,2321-28710-1,Drumkeen,Clogher,-2.698991751412619,123.0,0.021943022369208285,False,-1
status_swapped,2030-01-15 03:00:00,Line,2321-28710-1,Drumkeen,Clogher,-5.319226265315253,123.0,0.04324574199443295,False,-1
status_swapped,2030-01-15 04:00:00,Line,2321-28710-1,Drumkeen,Clogher,-6.39887224194751,123.0,0.05202335156054886,False,-1
status_swapped,2030-01-15 05:00:00,Line,2321-28710-1,Drumkeen,Clogher,-7.905734809995967,123.0,0.0642742667479347,False,-1
status_swapped,2030-01-14 06:00:00,Line,3581-28019-1,Letterkenny,Clogher,-18.91547656205577,121.0,0.15632625257897328,False,-1
status_swapped,2030-01-14 07:00:00,Line,3581-28019-1,Letterkenny,Clogher,1.287704321277414,121.0,0.010642184473367058,False,1
status_swapped,2030-01-14 08:00:00,Line,3581-28019-1,Letterkenny,Clogher,1.1632790100914738,121.0,0.009613876116458461,False,1
status_swapped,2030-01-14 09:00:00,Line,3581-28019-1,Letterkenny,Clogher,-4.447204257262977,121.0,0.03675375419225601,False,-1
status_swapped,2030-01-14 10:00:00,Line,3581-28019-1,Letterkenny,Clogher,-1.5885725786425058,121.0,0.013128698997045503,False,-1
status_swapped,2030-01-14 11:00:00,Line,3581-28019-1,Letterkenny,Clogher,-8.394965791121688,121.0,0.06937988257125362,False,-1
status_swapped,2030-01-14 12:00:00,Line,3581-28019-1,Letterkenny,Clogher,-22.97775989393612,121.0,0.18989884209864563,False,-1
status_swapped,2030-01-14 13:00:00,Line,3581-28019-1,Letterkenny,Clogher,-27.58591323137456,121.0,0.22798275397830214,False,-1
status_swapped,2030-01-14 14:00:00,Line,3581-28019-1,Letterkenny,Clogher,-34.23017745248633,121.0,0.2828940285329449,False,-1
status_swapped,2030-01-14 15:00:00,Line,3581-28019-1,Letterkenny,Clogher,-8.82781514255764,121.0,0.0729571499384929,False,-1
status_swapped,2030-01-14 16:00:00,Line,3581-28019-1,Letterkenny,Clogher,-22.471537184444113,121.0,0.18571518334251333,False,-1
status_swapped,2030-01-14 17:00:00,Line,3581-28019-1,Letterkenny,Clogher,-16.241646314896137,121.0,0.1342284819412904,False,-1
status_swapped,2030-01-14 18:00:00,Line,3581-28019-1,Letterkenny,Clogher,-25.395232263463363,121.0,0.20987795259060632,False,-1
status_swapped,2030-01-14 19:00:00,Line,3581-28019-1,Letterkenny,Clogher,-19.91776403007569,121.0,0.16460962008327018,False,-1
status_swapped,2030-01-14 20:00:00,Line,3581-28019-1,Letterkenny,Clogher,-31.814669993532192,121.0,0.26293115697134045,False,-1
status_swapped,2030-01-14 21:00:00,Line,3581-28019-1,Letterkenny,Clogher,-25.07127394051836,121.0,0.20720061107866414,False,-1
status_swapped,2030-01-14 22:00:00,Line,3581-28019-1,Letterkenny,Clogher,-30.285121775192437,121.0,0.2502902626048962,False,-1
status_swapped,2030-01-14 23:00:00,Line,3581-28019-1,Letterkenny,Clogher,-7.423705873868349,121.0,0.06135294110634999,False,-1
status_swapped,2030-01-15 00:00:00,Line,3581-28019-1,Letterkenny,Clogher,1.0247625554671638,121.0,0.008469112028654247,False,1
status_swapped,2030-01-15 01:00:00,Line,3581-28019-1,Letterkenny,Clogher,-2.9984112029073637,121.0,0.02478025787526747,False,-1
status_swapped,2030-01-15 02:00:00,Line,3581-28019-1,Letterkenny,Clogher,-2.4303231196230652,121.0,0.020085315038207152,False,-1
status_swapped,2030-01-15 03:00:00,Line,3581-28019-1,Letterkenny,Clogher,-4.7897288179320485,121.0,0.03958453568538883,False,-1
status_swapped,2030-01-15 04:00:00,Line,3581-28019-1,Letterkenny,Clogher,-5.761902436708055,121.0,0.04761902840254591,False,-1
status_swapped,2030-01-15 05:00:00,Line,3581-28019-1,Letterkenny,Clogher,-7.118765767359589,121.0,0.058832774936856104,False,-1
status_swapped,2030-01-14 06:00:00,Line,1631-5041-1,Corderry,Srananagh 220,116.07126329044209,210.0,0.5527203013830576,False,1
status_swapped,2030-01-14 07:00:00,Line,1631-5041-1,Corderry,Srananagh 220,130.93032166081412,210.0,0.6234777221943529,False,1
status_swapped,2030-01-14 08:00:00,Line,1631-5041-1,Corderry,Srananagh 220,134.0493529772727,210.0,0.6383302522727271,False,1
status_swapped,2030-01-14 09:00:00,Line,1631-5041-1,Corderry,Srananagh 220,146.37391370798713,210.0,0.6970186367047007,False,1
status_swapped,2030-01-14 10:00:00,Line,1631-5041-1,Corderry,Srananagh 220,141.8913520645751,210.0,0.6756731050694053,False,1
status_swapped,2030-01-14 11:00:00,Line,1631-5041-1,Corderry,Srananagh 220,148.52537804908448,210.0,0.7072637049956404,False,1
status_swapped,2030-01-14 12:00:00,Line,1631-5041-1,Corderry,Srananagh 220,77.79798148369396,210.0,0.3704665784937808,False,1
status_swapped,2030-01-14 13:00:00,Line,1631-5041-1,Corderry,Srananagh 220,84.24233674477759,210.0,0.4011539844989409,False,1
status_swapped,2030-01-14 14:00:00,Line,1631-5041-1,Corderry,Srananagh 220,65.28035650675983,210.0,0.31085884050838014,False,1
status_swapped,2030-01-14 15:00:00,Line,1631-5041-1,Corderry,Srananagh 220,121.20786587763374,210.0,0.5771803137030178,False,1
status_swapped,2030-01-14 16:00:00,Line,1631-5041-1,Corderry,Srananagh 220,121.20318271594515,210.0,0.5771580129330721,False,1
status_swapped,2030-01-14 17:00:00,Line,1631-5041-1,Corderry,Srananagh 220,137.5666705456856,210.0,0.6550793835508839,False,1
status_swapped,2030-01-14 18:00:00,Line,1631-5041-1,Corderry,Srananagh 220,130.50624202413036,210.0,0.6214582953530017,False,1
status_swapped,2030-01-14 19:00:00,Line,1631-5041-1,Corderry,Srananagh 220,136.2693879039257,210.0,0.6489018471615509,False,1
status_swapped,2030-01-14 20:00:00,Line,1631-5041-1,Corderry,Srananagh 220,114.03864490530975,210.0,0.5430411662157607,False,1
status_swapped,2030-01-14 21:00:00,Line,1631-5041-1,Corderry,Srananagh 220,110.09025520963611,210.0,0.5242393105220767,False,1
status_swapped,2030-01-14 22:00:00,Line,1631-5041-1,Corderry,Srananagh 220,100.57845315673156,210.0,0.478945015032055,False,1
status_swapped,2030-01-14 23:00:00,Line,1631-5041-1,Corderry,Srananagh 220,140.7318104480931,210.0,0.6701514783242529,False,1
status_swapped,2030-01-15 00:00:00,Line,1631-5041-1,Corderry,Srananagh 220,148.02428270901018,210.0,0.7048775367095723,False,1
status_swapped,2030-01-15 01:00:00,Line,1631-5041-1,Corderry,Srananagh 220,147.4455973225469,210.0,0.702121892012128,False,1
status_swapped,2030-01-15 02:00:00,Line,1631-5041-1,Corderry,Srananagh 220,148.0195210091432,210.0,0.7048548619483009,False,1
status_swapped,2030-01-15 03:00:00,Line,1631-5041-1,Corderry,Srananagh 220,151.25383420563927,210.0,0.720256353360187,False,1
status_swapped,2030-01-15 04:00:00,Line,1631-5041-1,Corderry,Srananagh 220,152.06537305720198,210.0,0.7241208240819142,False,1
status_swapped,2030-01-15 05:00:00,Line,1631-5041-1,Corderry,Srananagh 220,151.68712463473375,210.0,0.7223196411177798,False,1
status_swapped,2030-01-14 06:00:00,Line,2321-3581-1,Drumkeen,Letterkenny,47.51362907104395,123.0,0.3862896672442598,False,1
status_swapped,2030-01-14 07:00:00,Line,2321-3581-1,Drumkeen,Letterkenny,37.672337035016625,123.0,0.306279162886314,False,1
status_swapped,2030-01-14 08:00:00,Line,2321-3581-1,Drumkeen,Letterkenny,37.91593074438886,123.0,0.3082595995478769,False,1
status_swapped,2030-01-14 09:00:00,Line,2321-3581-1,Drumkeen,Letterkenny,19.406234354638944,123.0,0.15777426304584508,False,1
status_swapped,2030-01-14 10:00:00,Line,2321-3581-1,Drumkeen,Letterkenny,44.75531536382535,123.0,0.36386435255142563,False,1
status_swapped,2030-01-14 11:00:00,Line,2321-3581-1,Drumkeen,Letterkenny,9.323016861701385,123.0,0.0757968850544828,False,1
status_swapped,2030-01-14 12:00:00,Line,2321-3581-1,Drumkeen,Letterkenny,51.442121091298105,123.0,0.4182286267585212,False,1
status_swapped,2030-01-14 13:00:00,Line,2321-3581-1,Drumkeen,Letterkenny,54.1731579466387,123.0,0.44043217842795696,False,1
status_swapped,2030-01-14 14:00:00,Line,2321-3581-1,Drumkeen,Letterkenny,58.58545561078107,123.0,0.47630451716082167,False,1
status_swapped,2030-01-14 15:00:00,Line,2321-3581-1,Drumkeen,Letterkenny,53.8233309793974,123.0,0.4375880567430683,False,1
status_swapped,2030-01-14 16:00:00,Line,2321-3581-1,Drumkeen,Letterkenny,61.41340637606377,123.0,0.4992959867972664,False,1
status_swapped,2030-01-14 17:00:00,Line,2321-3581-1,Drumkeen,Letterkenny,59.962180961601625,123.0,0.48749740619188314,False,1
status_swapped,2030-01-14 18:00:00,Line,2321-3581-1,Drumkeen,Letterkenny,62.169393465285935,123.0,0.5054422232950077,False,1
status_swapped,2030-01-14 19:00:00,Line,2321-3581-1,Drumkeen,Letterkenny,57.42836831770724,123.0,0.46689730339599383,False,1
status_swapped,2030-01-14 20:00:00,Line,2321-3581-1,Drumkeen,Letterkenny,58.13221132576567,123.0,0.4726196042745176,False,1
status_swapped,2030-01-14 21:00:00,Line,2321-3581-1,Drumkeen,Letterkenny,54.35942777000392,123.0,0.4419465672358042,False,1
status_swapped,2030-01-14 22:00:00,Line,2321-3581-1,Drumkeen,Letterkenny,56.56972380368124,123.0,0.4599164536884654,False,1
status_swapped,2030-01-14 23:00:00,Line,2321-3581-1,Drumkeen,Letterkenny,46.31173224429518,123.0,0.37651814832760305,False,1
status_swapped,2030-01-15 00:00:00,Line,2321-3581-1,Drumkeen,Letterkenny,16.695771743800407,123.0,0.13573798165691386,False,1
status_swapped,2030-01-15 01:00:00,Line,2321-3581-1,Drumkeen,Letterkenny,3.329881133355351,123.0,0.027072204336222365,False,1
status_swapped,2030-01-15 02:00:00,Line,2321-3581-1,Drumkeen,Letterkenny,2.698991751412619,123.0,0.021943022369208285,False,1
status_swapped,2030-01-15 03:00:00,Line,2321-3581-1,Drumkeen,Letterkenny,5.319226265315252,123.0,0.04324574199443294,False,1
status_swapped,2030-01-15 04:00:00,Line,2321-3581-1,Drumkeen,Letterkenny,6.39887224194751,123.0,0.05202335156054886,False,1
status_swapped,2030-01-15 05:00:00,Line,2321-3581-1,Drumkeen,Letterkenny,7.905734809995967,123.0,0.0642742667479347,False,1
status_swapped,2030-01-14 06:00:00,Line,1931-4371-1,Sligo,Glenree,-72.52939698172028,210.0,0.34537808086533467,False,-1
status_swapped,2030-01-14 07:00:00,Line,1931-4371-1,Sligo,Glenree,-77.02841006206326,210.0,0.3668019526764917,False,-1
status_swapped,2030-01-14 08:00:00,Line,1931-4371-1,Sligo,Glenree,-75.68313895612471,210.0,0.36039589979107006,False,-1
status_swapped,2030-01-14 09:00:00,Line,1931-4371-1,Sligo,Glenree,-95.59236262360466,210.0,0.4552017267790698,False,-1
status_swapped,2030-01-14 10:00:00,Line,1931-4371-1,Sligo,Glenree,-95.06986907119273,210.0,0.4527136622437749,False,-1
status_swapped,2030-01-14 11:00:00,Line,1931-4371-1,Sligo,Glenree,-97.5027728911594,210.0,0.4642989185293305,False,-1
status_swapped,2030-01-14 12:00:00,Line,1931-4371-1,Sligo,Glenree,-71.05339296467031,210.0,0.33834949030795386,False,-1
status_swapped,2030-01-14 13:00:00,Line,1931-4371-1,Sligo,Glenree,-68.05125497901957,210.0,0.32405359513818843,False,-1
status_swapped,2030-01-14 14:00:00,Line,1931-4371-1,Sligo,Glenree,-66.69833805220051,210.0,0.3176111335819072,False,-1
status_swapped,2030-01-14 15:00:00,Line,1931-4371-1,Sligo,Glenree,-78.36958557610978,210.0,0.37318850274337995,False,-1
status_swapped,2030-01-14 16:00:00,Line,1931-4371-1,Sligo,Glenree,-77.74695963605309,210.0,0.3702236173145385,False,-1
status_swapped,2030-01-14 17:00:00,Line,1931-4371-1,Sligo,Glenree,-87.76114283081664,210.0,0.4179102039562697,False,-1
status_swapped,2030-01-14 18:00:00,Line,1931-4371-1,Sligo,Glenree,-82.63639330227616,210.0,0.3935066347727436,False,-1
status_swapped,2030-01-14 19:00:00,Line,1931-4371-1,Sligo,Glenree,-81.57772402879914,210.0,0.3884653525180911,False,-1
status_swapped,2030-01-14 20:00:00,Line,1931-4371-1,Sligo,Glenree,-74.73372433511992,210.0,0.3558748777862853,False,-1
status_swapped,2030-01-14 21:00:00,Line,1931-4371-1,Sligo,Glenree,-71.12952862846755,210.0,0.33871204108794073,False,-1
status_swapped,2030-01-14 22:00:00,Line,1931-4371-1,Sligo,Glenree,-68.63679434198154,210.0,0.32684187781895974,False,-1
status_swapped,2030-01-14 23:00:00,Line,1931-4371-1,Sligo,Glenree,-74.96344724726058,210.0,0.35696879641552653,False,-1
status_swapped,2030-01-15 00:00:00,Line,1931-4371-1,Sligo,Glenree,-81.13271310004203,210.0,0.386346252857343,False,-1
status_swapped,2030-01-15 01:00:00,Line,1931-4371-1,Sligo,Glenree,-82.77715368243841,210.0,0.39417692229732576,False,-1
status_swapped,2030-01-15 02:00:00,Line,1931-4371-1,Sligo,Glenree,-89.47527264828751,210.0,0.4260727268966072,False,-1
status_swapped,2030-01-15 03:00:00,Line,1931-4371-1,Sligo,Glenree,-98.08934469443744,210.0,0.46709211759255925,False,-1
status_swapped,2030-01-15 04:00:00,Line,1931-4371-1,Sligo,Glenree,-103.74416512506846,210.0,0.4940198339288974,False,-1
status_swapped,2030-01-15 05:00:00,Line,1931-4371-1,Sligo,Glenree,-94.84307371297224,210.0,0.45163368434748685,False,-1
status_swapped,2030-01-14 06:00:00,Line,3591-5191-1,Letterkenny,Tievebrack,-8.448419341248812,159.0,0.053134712838042844,False,-1
status_swapped,2030-01-14 07:00:00,Line,3591-5191-1,Letterkenny,Tievebrack,0.04898482416499239,159.0,0.0003080806551257383,False,1
status_swapped,2030-01-14 08:00:00,Line,3591-5191-1,Letterkenny,Tievebrack,3.255054687810981,159.0,0.020472042061704283,False,1
status_swapped,2030-01-14 09:00:00,Line,3591-5191-1,Letterkenny,Tievebrack,-6.534782731273054,159.0,0.04109926246083682,False,-1
status_swapped,2030-01-14 10:00:00,Line,3591-5191-1,Letterkenny,Tievebrack,-1.695451617576502,159.0,0.010663217720606931,False,-1
status_swapped,2030-01-14 11:00:00,Line,3591-5191-1,Letterkenny,Tievebrack,-11.824920955415106,159.0,0.07437057204663589,False,-1
status_swapped,2030-01-14 12:00:00,Line,3591-5191-1,Letterkenny,Tievebrack,-8.082205562318283,159.0,0.05083148152401436,False,-1
status_swapped,2030-01-14 13:00:00,Line,3591-5191-1,Letterkenny,Tievebrack,-9.966729724143942,159.0,0.06268383474304366,False,-1
status_swapped,2030-01-14 14:00:00,Line,3591-5191-1,Letterkenny,Tievebrack,-14.48549511772778,159.0,0.09110374287879107,False,-1
status_swapped,2030-01-14 15:00:00,Line,3591-5191-1,Letterkenny,Tievebrack,-5.85762560862068,159.0,0.03684041263283446,False,-1
status_swapped,2030-01-14 16:00:00,Line,3591-5191-1,Letterkenny,Tievebrack,-4.92862132753346,159.0,0.030997618412160123,False,-1
status_swapped,2030-01-14 17:00:00,Line,3591-5191-1,Letterkenny,Tievebrack,-10.536028912150869,159.0,0.06626433278082307,False,-1
status_swapped,2030-01-14 18:00:00,Line,3591-5191-1,Letterkenny,Tievebrack,-10.878635273090474,159.0,0.06841908976786462,False,-1
status_swapped,2030-01-14 19:00:00,Line,3591-5191-1,Letterkenny,Tievebrack,-6.729370300577738,159.0,0.042323083651432315,False,-1
status_swapped,2030-01-14 20:00:00,Line,3591-5191-1,Letterkenny,Tievebrack,-12.957675740523229,159.0,0.08149481597813352,False,-1
status_swapped,2030-01-14 21:00:00,Line,3591-5191-1,Letterkenny,Tievebrack,-12.36651334445559,159.0,0.07777681348714208,False,-1
status_swapped,2030-01-14 22:00:00,Line,3591-5191-1,Letterkenny,Tievebrack,-10.120958099282262,159.0,0.06365382452378782,False,-1
status_swapped,2030-01-14 23:00:00,Line,3591-5191-1,Letterkenny,Tievebrack,-2.427075881394263,159.0,0.015264628184869577,False,-1
status_swapped,2030-01-15 00:00:00,Line,3591-5191-1,Letterkenny,Tievebrack,-3.332776887245899,159.0,0.020960860926074836,False,-1
status_swapped,2030-01-15 01:00:00,Line,3591-5191-1,Letterkenny,Tievebrack,-6.926918055482026,159.0,0.043565522361522176,False,-1
status_swapped,2030-01-15 02:00:00,Line,3591-5191-1,Letterkenny,Tievebrack,-11.223007497851034,159.0,0.07058495281667317,False,-1
status_swapped,2030-01-15 03:00:00,Line,3591-5191-1,Letterkenny,Tievebrack,0.723729155757665,159.0,0.004551755696589089,False,1
status_swapped,2030-01-15 04:00:00,Line,3591-5191-1,Letterkenny,Tievebrack,6.151269347699846,159.0,0.03868722860188582,False,1
status_swapped,2030-01-15 05:00:00,Line,3591-5191-1,Letterkenny,Tievebrack,-4.773027763380904,159.0,0.03001904253698682,False,-1
status_swapped,2030-01-14 06:00:00,Line,3581-5361-1,Letterkenny,Trillick,-7.452799195947643,123.0,0.06059186338168815,False,-1
status_swapped,2030-01-14 07:00:00,Line,3581-5361-1,Letterkenny,Trillick,-29.110104564494588,123.0,0.23666751678450884,False,-1
status_swapped,2030-01-14 08:00:00,Line,3581-5361-1,Letterkenny,Trillick,-34.64039822158048,123.0,0.2816292538339877,False,-1
status_swapped,2030-01-14 09:00:00,Line,3581-5361-1,Letterkenny,Trillick,-33.089879579774774,123.0,0.2690234112176811,False,-1
status_swapped,2030-01-14 10:00:00,Line,3581-5361-1,Letterkenny,Trillick,-18.935986983188336,123.0,0.15395111368445802,False,-1
status_swapped,2030-01-14 11:00:00,Line,3581-5361-1,Letterkenny,Trillick,-30.883717397559746,123.0,0.25108713331349386,False,-1
status_swapped,2030-01-14 12:00:00,Line,3581-5361-1,Letterkenny,Trillick,-4.5002518362181245,123.0,0.03658741330258638,False,-1
status_swapped,2030-01-14 13:00:00,Line,3581-5361-1,Letterkenny,Trillick,-1.786217063349449,123.0,0.01452208994593048,False,-1
status_swapped,2030-01-14 14:00:00,Line,3581-5361-1,Letterkenny,Trillick,3.3816362961484145,123.0,0.027492978017466786,False,1
status_swapped,2030-01-14 15:00:00,Line,3581-5361-1,Letterkenny,Trillick,-10.53678278787506,123.0,0.08566490071443138,False,-1
status_swapped,2030-01-14 16:00:00,Line,3581-5361-1,Letterkenny,Trillick,-1.836746556117287,123.0,0.014932898830221846,False,-1
status_swapped,2030-01-14 17:00:00,Line,3581-5361-1,Letterkenny,Trillick,-1.0130726335208156,123.0,0.008236362874152973,False,-1
status_swapped,2030-01-14 18:00:00,Line,3581-5361-1,Letterkenny,Trillick,2.2434742299389843,123.0,0.0182396278856828,False,1
status_swapped,2030-01-14 19:00:00,Line,3581-5361-1,Letterkenny,Trillick,-3.641828622384681,123.0,0.029608362783615293,False,-1
status_swapped,2030-01-14 20:00:00,Line,3581-5361-1,Letterkenny,Trillick,2.6988374591129194,123.0,0.021941767960267637,False,1
status_swapped,2030-01-14 21:00:00,Line,3581-5361-1,Letterkenny,Trillick,-4.02091620122831,123.0,0.03269037561974236,False,-1
status_swapped,2030-01-14 22:00:00,Line,3581-5361-1,Letterkenny,Trillick,-1.1923542866896266,123.0,0.009693937290159566,False,-1
status_swapped,2030-01-14 23:00:00,Line,3581-5361-1,Letterkenny,Trillick,-17.5254276046813,123.0,0.14248315125757155,False,-1
status_swapped,2030-01-15 00:00:00,Line,3581-5361-1,Letterkenny,Trillick,-32.735336152146786,123.0,0.2661409443263966,False,-1
status_swapped,2030-01-15 01:00:00,Line,3581-5361-1,Letterkenny,Trillick,-32.60355810654849,123.0,0.26506957810202025,False,-1
status_swapped,2030-01-15 02:00:00,Line,3581-5361-1,Letterkenny,Trillick,-28.43999993498103,123.0,0.23121951166651245,False,-1
status_swapped,2030-01-15 03:00:00,Line,3581-5361-1,Letterkenny,Trillick,-29.837394845482898,123.0,0.24258044589823494,False,-1
status_swapped,2030-01-15 04:00:00,Line,3581-5361-1,Letterkenny,Trillick,-33.857527049200996,123.0,0.27526444755447965,False,-1
status_swapped,2030-01-15 05:00:00,Line,3581-5361-1,Letterkenny,Trillick,-23.448185176470165,123.0,0.19063565184122086,False,-1
status_swapped,2030-01-14 06:00:00,Line,4981-5041-1,Sligo,Srananagh 220,27.029387411092866,123.0,0.21975111716335663,False,1
status_swapped,2030-01-14 07:00:00,Line,4981-5041-1,Sligo,Srananagh 220,29.10392003864122,123.0,0.236617236086514,False,1
status_swapped,2030-01-14 08:00:00,Line,4981-5041-1,Sligo,Srananagh 220,26.02424245139236,123.0,0.2115792069218891,False,1
status_swapped,2030-01-14 09:00:00,Line,4981-5041-1,Sligo,Srananagh 220,41.13154681785314,123.0,0.33440281965734264,False,1
status_swapped,2030-01-14 10:00:00,Line,4981-5041-1,Sligo,Srananagh 220,40.54259523972848,123.0,0.329614595444947,False,1
status_swapped,2030-01-14 11:00:00,Line,4981-5041-1,Sligo,Srananagh 220,42.696927449988856,123.0,0.347129491463324,False,1
status_swapped,2030-01-14 12:00:00,Line,4981-5041-1,Sligo,Srananagh 220,19.4093620743809,123.0,0.15779969166163335,False,1
status_swapped,2030-01-14 13:00:00,Line,4981-5041-1,Sligo,Srananagh 220,17.420781146783778,123.0,0.1416323670470226,False,1
status_swapped,2030-01-14 14:00:00,Line,4981-5041-1,Sligo,Srananagh 220,15.99189589788595,123.0,0.13001541380395082,False,1
status_swapped,2030-01-14 15:00:00,Line,4981-5041-1,Sligo,Srananagh 220,26.284539976541126,123.0,0.21369544696374898,False,1
status_swapped,2030-01-14 16:00:00,Line,4981-5041-1,Sligo,Srananagh 220,25.417537838179143,123.0,0.20664664909088734,False,1
status_swapped,2030-01-14 17:00:00,Line,4981-5041-1,Sligo,Srananagh 220,32.77145316625599,123.0,0.26643457858744707,False,1
status_swapped,2030-01-14 18:00:00,Line,4981-5041-1,Sligo,Srananagh 220,27.7113351081954,123.0,0.22529540738370243,False,1
status_swapped,2030-01-14 19:00:00,Line,4981-5041-1,Sligo,Srananagh 220,27.608993672543466,123.0,0.2244633631914103,False,1
status_swapped,2030-01-14 20:00:00,Line,4981-5041-1,Sligo,Srananagh 220,21.38786002270477,123.0,0.17388504083499814,False,1
status_swapped,2030-01-14 21:00:00,Line,4981-5041-1,Sligo,Srananagh 220,19.399722198045005,123.0,0.15772131868329273,False,1
status_swapped,2030-01-14 22:00:00,Line,4981-5041-1,Sligo,Srananagh 220,19.683654850866603,123.0,0.16002971423468781,False,1
status_swapped,2030-01-14 23:00:00,Line,4981-5041-1,Sligo,Srananagh 220,27.609791483525296,123.0,0.22446984945955525,False,1
status_swapped,2030-01-15 00:00:00,Line,4981-5041-1,Sligo,Srananagh 220,33.04861759291805,123.0,0.26868794790990286,False,1
status_swapped,2030-01-15 01:00:00,Line,4981-5041-1,Sligo,Srananagh 220,35.28472689782257,123.0,0.28686769835628106,False,1
status_swapped,2030-01-15 02:00:00,Line,4981-5041-1,Sligo,Srananagh 220,42.37857984835845,123.0,0.34454129958015,False,1
status_swapped,2030-01-15 03:00:00,Line,4981-5041-1,Sligo,Srananagh 220,51.20152916460393,123.0,0.41627259483417833,False,1
status_swapped,2030-01-15 04:00:00,Line,4981-5041-1,Sligo,Srananagh 220,55.47209165310519,123.0,0.45099261506589583,False,1
status_swapped,2030-01-15 05:00:00,Line,4981-5041-1,Sligo,Srananagh 220,49.57909144114984,123.0,0.40308204423699057,False,1
status_swapped,2030-01-14 06:00:00,Line,4981-5041-2,Sligo,Srananagh 220,26.25105426574726,123.0,0.21342320541257936,False,1
status_swapped,2030-01-14 07:00:00,Line,4981-5041-2,Sligo,Srananagh 220,28.265849042764117,123.0,0.2298036507541798,False,1
status_swapped,2030-01-14 08:00:00,Line,4981-5041-2,Sligo,Srananagh 220,25.27485327085489,123.0,0.20548661195816983,False,1
status_swapped,2030-01-14 09:00:00,Line,4981-5041-2,Sligo,Srananagh 220,39.947130548229104,123.0,0.32477341909129354,False,1
status_swapped,2030-01-14 10:00:00,Line,4981-5041-2,Sligo,Srananagh 220,39.37513830874153,123.0,0.3201230756808255,False,1
status_swapped,2030-01-14 11:00:00,Line,4981-5041-2,Sligo,Srananagh 220,41.4674347747274,123.0,0.33713361605469433,False,1
status_swapped,2030-01-14 12:00:00,Line,4981-5041-2,Sligo,Srananagh 220,18.850453742396112,123.0,0.15325572148289524,False,1
status_swapped,2030-01-14 13:00:00,Line,4981-5041-2,Sligo,Srananagh 220,16.919135616379013,123.0,0.13755394810064236,False,1
status_swapped,2030-01-14 14:00:00,Line,4981-5041-2,Sligo,Srananagh 220,15.531396277789764,123.0,0.12627151445357532,False,1
status_swapped,2030-01-14 15:00:00,Line,4981-5041-2,Sligo,Srananagh 220,25.52765531753078,123.0,0.20754191315065673,False,1
status_swapped,2030-01-14 16:00:00,Line,4981-5041-2,Sligo,Srananagh 220,24.68561920933105,123.0,0.20069609113277279,False,1
status_swapped,2030-01-14 17:00:00,Line,4981-5041-2,Sligo,Srananagh 220,31.827772577698873,123.0,0.25876237868047863,False,1
status_swapped,2030-01-14 18:00:00,Line,4981-5041-2,Sligo,Srananagh 220,26.91336472549868,123.0,0.21880784329673725,False,1
status_swapped,2030-01-14 19:00:00,Line,4981-5041-2,Sligo,Srananagh 220,26.81397029453829,123.0,0.21799975849218123,False,1
status_swapped,2030-01-14 20:00:00,Line,4981-5041-2,Sligo,Srananagh 220,20.771979236710656,123.0,0.16887787997325737,False,1
status_swapped,2030-01-14 21:00:00,Line,4981-5041-2,Sligo,Srananagh 220,18.84109145412225,123.0,0.15317960531806707,False,1
status_swapped,2030-01-14 22:00:00,Line,4981-5041-2,Sligo,Srananagh 220,19.116848035789296,123.0,0.15542152874625445,False,1
status_swapped,2030-01-14 23:00:00,Line,4981-5041-2,Sligo,Srananagh 220,26.814745131905465,123.0,0.21800605798297126,False,1
status_swapped,2030-01-15 00:00:00,Line,4981-5041-2,Sligo,Srananagh 220,32.096955829771204,123.0,0.26095086040464394,False,1
status_swapped,2030-01-15 01:00:00,Line,4981-5041-2,Sligo,Srananagh 220,34.268674552597325,123.0,0.2786071101837181,False,1
status_swapped,2030-01-15 02:00:00,Line,4981-5041-2,Sligo,Srananagh 220,41.158254250630854,123.0,0.33461995325716143,False,1
status_swapped,2030-01-15 03:00:00,Line,4981-5041-2,Sligo,Srananagh 220,49.72713958133,123.0,0.4042856876530894,False,1
status_swapped,2030-01-15 04:00:00,Line,4981-5041-2,Sligo,Srananagh 220,53.874727757335144,123.0,0.43800591672630196,False,1
status_swapped,2030-01-15 05:00:00,Line,4981-5041-2,Sligo,Srananagh 220,48.151421268760714,123.0,0.39147496966472123,False,1
status_swapped,2030-01-14 06:00:00,Line,4991-5361-1,Sorne Hill,Trillick,14.10332549394124,123.0,0.11466118287757106,False,1
status_swapped,2030-01-14 07:00:00,Line,4991-5361-1,Sorne Hill,Trillick,27.65927622121897,123.0,0.22487216440015423,False,1
status_swapped,2030-01-14 08:00:00,Line,4991-5361-1,Sorne Hill,Trillick,31.57292471203537,123.0,0.25669044481329567,False,1
status_swapped,2030-01-14 09:00:00,Line,4991-5361-1,Sorne Hill,Trillick,30.856659273453886,123.0,0.25086714856466574,False,1
status_swapped,2030-01-14 10:00:00,Line,4991-5361-1,Sorne Hill,Trillick,22.562850613697613,123.0,0.18343780986746028,False,1
status_swapped,2030-01-14 11:00:00,Line,4991-5361-1,Sorne Hill,Trillick,29.46775743584074,123.0,0.23957526370602225,False,1
status_swapped,2030-01-14 12:00:00,Line,4991-5361-1,Sorne Hill,Trillick,13.911591944996564,123.0,0.11310237353655743,False,1
status_swapped,2030-01-14 13:00:00,Line,4991-5361-1,Sorne Hill,Trillick,12.225090131852161,123.0,0.09939097668172489,False,1
status_swapped,2030-01-14 14:00:00,Line,4991-5361-1,Sorne Hill,Trillick,9.100715189151563,123.0,0.07398955438334603,False,1
status_swapped,2030-01-14 15:00:00,Line,4991-5361-1,Sorne Hill,Trillick,17.35269141104657,123.0,0.14107879195972822,False,1
status_swapped,2030-01-14 16:00:00,Line,4991-5361-1,Sorne Hill,Trillick,12.735443310024104,123.0,0.10354018951239109,False,1
status_swapped,2030-01-14 17:00:00,Line,4991-5361-1,Sorne Hill,Trillick,12.829685132860396,123.0,0.10430638319398695,False,1
status_swapped,2030-01-14 18:00:00,Line,4991-5361-1,Sorne Hill,Trillick,10.921434353595691,123.0,0.08879214921622514,False,1
status_swapped,2030-01-14 19:00:00,Line,4991-5361-1,Sorne Hill,Trillick,13.985471597453586,123.0,0.11370302111750882,False,1
status_swapped,2030-01-14 20:00:00,Line,4991-5361-1,Sorne Hill,Trillick,9.789263877525505,123.0,0.07958751119939435,False,1
status_swapped,2030-01-14 21:00:00,Line,4991-5361-1,Sorne Hill,Trillick,13.246118494741266,123.0,0.10769202028244931,False,1
status_swapped,2030-01-14 22:00:00,Line,4991-5361-1,Sorne Hill,Trillick,11.107911409982277,123.0,0.09030822284538437,False,1
status_swapped,2030-01-14 23:00:00,Line,4991-5361-1,Sorne Hill,Trillick,20.197918411359524,123.0,0.16421071879154084,False,1
status_swapped,2030-01-15 00:00:00,Line,4991-5361-1,Sorne Hill,Trillick,28.63996917653709,123.0,0.2328452778580251,False,1
status_swapped,2030-01-15 01:00:00,Line,4991-5361-1,Sorne Hill,Trillick,28.277885843965812,123.0,0.2299015109265513,False,1
status_swapped,2030-01-15 02:00:00,Line,4991-5361-1,Sorne Hill,Trillick,25.648240392411775,123.0,0.20852227961310388,False,1
status_swapped,2030-01-15 03:00:00,Line,4991-5361-1,Sorne Hill,Trillick,26.372122088212148,123.0,0.2144074966521313,False,1
status_swapped,2030-01-15 04:00:00,Line,4991-5361-1,Sorne Hill,Trillick,28.727813786240404,123.0,0.23355946167675126,False,1
status_swapped,2030-01-15 05:00:00,Line,4991-5361-1,Sorne Hill,Trillick,22.818123238147724,123.0,0.18551319705811156,False,1
network_neutral_dlr,2030-01-14 06:00:00,Line,1571-5191-1,Ardnagappary,Tievebrack,-1.4648813879999105,91.0,0.016097597670328687,False,-1
network_neutral_dlr,2030-01-14 07:00:00,Line,1571-5191-1,Ardnagappary,Tievebrack,0.010492436474759614,91.0,0.00011530149972263312,False,1
network_neutral_dlr,2030-01-14 08:00:00,Line,1571-5191-1,Ardnagappary,Tievebrack,0.8830326380133382,91.0,0.009703655362783937,False,1
network_neutral_dlr,2030-01-14 09:00:00,Line,1571-5191-1,Ardnagappary,Tievebrack,5.8399420926193155,91.0,0.06417518783098149,False,1
network_neutral_dlr,2030-01-14 10:00:00,Line,1571-5191-1,Ardnagappary,Tievebrack,6.17555670327652,91.0,0.06786326047556615,False,1
network_neutral_dlr,2030-01-14 11:00:00,Line,1571-5191-1,Ardnagappary,Tievebrack,9.604336293349858,91.0,0.10554215706977867,False,1
network_neutral_dlr,2030-01-14 12:00:00,Line,1571-5191-1,Ardnagappary,Tievebrack,-0.33941362069215586,91.0,0.0037298200076061085,False,-1
network_neutral_dlr,2030-01-14 13:00:00,Line,1571-5191-1,Ardnagappary,Tievebrack,-1.0153302559582382,91.0,0.01115747534020042,False,-1
network_neutral_dlr,2030-01-14 14:00:00,Line,1571-5191-1,Ardnagappary,Tievebrack,-2.3871142231027562,91.0,0.02623202442970062,False,-1
network_neutral_dlr,2030-01-14 15:00:00,Line,1571-5191-1,Ardnagappary,Tievebrack,1.7872666083949618,91.0,0.019640292399944633,False,1
network_neutral_dlr,2030-01-14 16:00:00,Line,1571-5191-1,Ardnagappary,Tievebrack,-2.3420858949078402,91.0,0.025737207636349894,False,-1
network_neutral_dlr,2030-01-14 17:00:00,Line,1571-5191-1,Ardnagappary,Tievebrack,-0.13350748666064405,91.0,0.0014671152380290554,False,-1
network_neutral_dlr,2030-01-14 18:00:00,Line,1571-5191-1,Ardnagappary,Tievebrack,-2.8302059678573848,91.0,0.031101164481949283,False,-1
network_neutral_dlr,2030-01-14 19:00:00,Line,1571-5191-1,Ardnagappary,Tievebrack,-0.6572871074428104,91.0,0.00722293524662429,False,-1
network_neutral_dlr,2030-01-14 20:00:00,Line,1571-5191-1,Ardnagappary,Tievebrack,-3.2426371095684035,91.0,0.03563337483042202,False,-1
network_neutral_dlr,2030-01-14 21:00:00,Line,1571-5191-1,Ardnagappary,Tievebrack,1.6978310559922214,91.0,0.018657484131782653,False,1
network_neutral_dlr,2030-01-14 22:00:00,Line,1571-5191-1,Ardnagappary,Tievebrack,-1.001885719991817,91.0,0.011009733186723263,False,-1
network_neutral_dlr,2030-01-14 23:00:00,Line,1571-5191-1,Ardnagappary,Tievebrack,2.388758089146515,91.0,0.02625008889171995,False,1
network_neutral_dlr,2030-01-15 00:00:00,Line,1571-5191-1,Ardnagappary,Tievebrack,6.000298748841333,91.0,0.06593734888836629,False,1
network_neutral_dlr,2030-01-15 01:00:00,Line,1571-5191-1,Ardnagappary,Tievebrack,8.964707869540707,91.0,0.09851327329165611,False,1
network_neutral_dlr,2030-01-15 02:00:00,Line,1571-5191-1,Ardnagappary,Tievebrack,7.905996029245571,91.0,0.08687907724445683,False,1
network_neutral_dlr,2030-01-15 03:00:00,Line,1571-5191-1,Ardnagappary,Tievebrack,11.395624357118251,91.0,0.12522664128701375,False,1
network_neutral_dlr,2030-01-15 04:00:00,Line,1571-5191-1,Ardnagappary,Tievebrack,11.123055285406963,91.0,0.12223137676271388,False,1
network_neutral_dlr,2030-01-15 05:00:00,Line,1571-5191-1,Ardnagappary,Tievebrack,9.129116393694499,91.0,0.10031996037026922,False,1
network_neutral_dlr,2030-01-14 06:00:00,Line,1341-1701-1,Binbane,Cathaleen's Fall,29.14052978727532,210.0,0.1387644275584539,False,1
network_neutral_dlr,2030-01-14 07:00:00,Line,1341-1701-1,Binbane,Cathaleen's Fall,53.45739192874612,210.0,0.25455900918450536,False,1
network_neutral_dlr,2030-01-14 08:00:00,Line,1341-1701-1,Binbane,Cathaleen's Fall,51.88451290586847,210.0,0.24706910907556415,False,1
network_neutral_dlr,2030-01-14 09:00:00,Line,1341-1701-1,Binbane,Cathaleen's Fall,65.50741513027299,210.0,0.311940072048919,False,1
network_neutral_dlr,2030-01-14 10:00:00,Line,1341-1701-1,Binbane,Cathaleen's Fall,55.9077333278249,210.0,0.26622730156107094,False,1
network_neutral_dlr,2030-01-14 11:00:00,Line,1341-1701-1,Binbane,Cathaleen's Fall,76.40299295689296,210.0,0.36382377598520454,False,1
network_neutral_dlr,2030-01-14 12:00:00,Line,1341-1701-1,Binbane,Cathaleen's Fall,25.064809028480127,210.0,0.11935623346895298,False,1
network_neutral_dlr,2030-01-14 13:00:00,Line,1341-1701-1,Binbane,Cathaleen's Fall,21.253717885634092,210.0,0.10120818040778139,False,1
network_neutral_dlr,2030-01-14 14:00:00,Line,1341-1701-1,Binbane,Cathaleen's Fall,5.4610429159157015,210.0,0.026004966266265243,False,1
network_neutral_dlr,2030-01-14 15:00:00,Line,1341-1701-1,Binbane,Cathaleen's Fall,49.79714597010981,210.0,0.23712926652433242,False,1
network_neutral_dlr,2030-01-14 16:00:00,Line,1341-1701-1,Binbane,Cathaleen's Fall,29.741616440329498,210.0,0.14162674495395,False,1
network_neutral_dlr,2030-01-14 17:00:00,Line,1341-1701-1,Binbane,Cathaleen's Fall,45.373799391115725,210.0,0.21606571138626535,False,1
network_neutral_dlr,2030-01-14 18:00:00,Line,1341-1701-1,Binbane,Cathaleen's Fall,22.78513120290487,210.0,0.10850062477573748,False,1
network_neutral_dlr,2030-01-14 19:00:00,Line,1341-1701-1,Binbane,Cathaleen's Fall,30.06303043948856,210.0,0.1431572878070884,False,1
network_neutral_dlr,2030-01-14 20:00:00,Line,1341-1701-1,Binbane,Cathaleen's Fall,5.7431215847239585,210.0,0.02734819802249504,False,1
network_neutral_dlr,2030-01-14 21:00:00,Line,1341-1701-1,Binbane,Cathaleen's Fall,20.897612721273322,210.0,0.09951244152987296,False,1
network_neutral_dlr,2030-01-14 22:00:00,Line,1341-1701-1,Binbane,Cathaleen's Fall,7.901990520507066,210.0,0.037628526288128884,False,1
network_neutral_dlr,2030-01-14 23:00:00,Line,1341-1701-1,Binbane,Cathaleen's Fall,45.353089746741844,210.0,0.215967094032104,False,1
network_neutral_dlr,2030-01-15 00:00:00,Line,1341-1701-1,Binbane,Cathaleen's Fall,71.51851279409797,210.0,0.3405643466385618,False,1
network_neutral_dlr,2030-01-15 01:00:00,Line,1341-1701-1,Binbane,Cathaleen's Fall,73.50528929814078,210.0,0.3500251871340037,False,1
network_neutral_dlr,2030-01-15 02:00:00,Line,1341-1701-1,Binbane,Cathaleen's Fall,72.61226946915076,210.0,0.3457727117578608,False,1
network_neutral_dlr,2030-01-15 03:00:00,Line,1341-1701-1,Binbane,Cathaleen's Fall,70.50441821091617,210.0,0.3357353248138865,False,1
network_neutral_dlr,2030-01-15 04:00:00,Line,1341-1701-1,Binbane,Cathaleen's Fall,77.23116185574678,210.0,0.36776743740831797,False,1
network_neutral_dlr,2030-01-15 05:00:00,Line,1341-1701-1,Binbane,Cathaleen's Fall,71.61980464725372,210.0,0.3410466887964463,False,1
network_neutral_dlr,2030-01-14 06:00:00,Line,1341-5191-1,Binbane,Tievebrack,-12.995100601626703,159.0,0.08173019246306103,False,-1
network_neutral_dlr,2030-01-14 07:00:00,Line,1341-5191-1,Binbane,Tievebrack,-25.552212953115653,159.0,0.16070574184349468,False,-1
network_neutral_dlr,2030-01-14 08:00:00,Line,1341-5191-1,Binbane,Tievebrack,-28.81269967298755,159.0,0.1812119476288525,False,-1
network_neutral_dlr,2030-01-14 09:00:00,Line,1341-5191-1,Binbane,Tievebrack,-32.56174981184731,159.0,0.2047908793197944,False,-1
network_neutral_dlr,2030-01-14 10:00:00,Line,1341-5191-1,Binbane,Tievebrack,-31.232307840074064,159.0,0.19642960905706958,False,-1
network_neutral_dlr,2030-01-14 11:00:00,Line,1341-5191-1,Binbane,Tievebrack,-30.50446764856366,159.0,0.19185199778970857,False,-1
network_neutral_dlr,2030-01-14 12:00:00,Line,1341-5191-1,Binbane,Tievebrack,-15.688164824643057,159.0,0.09866770329964186,False,-1
network_neutral_dlr,2030-01-14 13:00:00,Line,1341-5191-1,Binbane,Tievebrack,-13.047492875234393,159.0,0.08205970361782637,False,-1
network_neutral_dlr,2030-01-14 14:00:00,Line,1341-5191-1,Binbane,Tievebrack,-2.5057089441273384,159.0,0.015759175749228544,False,-1
network_neutral_dlr,2030-01-14 15:00:00,Line,1341-5191-1,Binbane,Tievebrack,-23.330069871786463,159.0,0.14672999919362556,False,-1
network_neutral_dlr,2030-01-14 16:00:00,Line,1341-5191-1,Binbane,Tievebrack,-15.904593946388722,159.0,0.10002889274458315,False,-1
network_neutral_dlr,2030-01-14 17:00:00,Line,1341-5191-1,Binbane,Tievebrack,-19.1449079590161,159.0,0.12040822615733396,False,-1
network_neutral_dlr,2030-01-14 18:00:00,Line,1341-5191-1,Binbane,Tievebrack,-8.87561439105593,159.0,0.05582147415758446,False,-1
network_neutral_dlr,2030-01-14 19:00:00,Line,1341-5191-1,Binbane,Tievebrack,-15.573618325822675,159.0,0.09794728506806714,False,-1
network_neutral_dlr,2030-01-14 20:00:00,Line,1341-5191-1,Binbane,Tievebrack,-0.11781742993359501,159.0,0.0007409901253685221,False,-1
network_neutral_dlr,2030-01-14 21:00:00,Line,1341-5191-1,Binbane,Tievebrack,-7.225010849720139,159.0,0.04544031980956062,False,-1
network_neutral_dlr,2030-01-14 22:00:00,Line,1341-5191-1,Binbane,Tievebrack,-2.411643337001344,159.0,0.015167568157241157,False,-1
network_neutral_dlr,2030-01-14 23:00:00,Line,1341-5191-1,Binbane,Tievebrack,-24.12045994232285,159.0,0.1517010059265588,False,-1
network_neutral_dlr,2030-01-15 00:00:00,Line,1341-5191-1,Binbane,Tievebrack,-35.65593360998063,159.0,0.22425115477975238,False,-1
network_neutral_dlr,2030-01-15 01:00:00,Line,1341-5191-1,Binbane,Tievebrack,-30.235238173310698,159.0,0.1901587306497528,False,-1
network_neutral_dlr,2030-01-15 02:00:00,Line,1341-5191-1,Binbane,Tievebrack,-25.94132858204098,159.0,0.16315300994994328,False,-1
network_neutral_dlr,2030-01-15 03:00:00,Line,1341-5191-1,Binbane,Tievebrack,-11.157193159539183,159.0,0.07017102616062379,False,-1
network_neutral_dlr,2030-01-15 04:00:00,Line,1341-5191-1,Binbane,Tievebrack,-17.408418877863788,159.0,0.10948691118153325,False,-1
network_neutral_dlr,2030-01-15 05:00:00,Line,1341-5191-1,Binbane,Tievebrack,-18.88377318543904,159.0,0.11876586909081158,False,-1
network_neutral_dlr,2030-01-14 06:00:00,Line,2870-17010-1,Clogher,Cathaleen's Fall,65.75525594494457,209.0,0.3146184494973424,False,1
network_neutral_dlr,2030-01-14 07:00:00,Line,2870-17010-1,Clogher,Cathaleen's Fall,89.67181437308139,209.0,0.4290517434118727,False,1
network_neutral_dlr,2030-01-14 08:00:00,Line,2870-17010-1,Clogher,Cathaleen's Fall,92.3847098049984,209.0,0.44203210433013584,False,1
network_neutral_dlr,2030-01-14 09:00:00,Line,2870-17010-1,Clogher,Cathaleen's Fall,106.84109815260982,209.0,0.5112014265675111,False,1
network_neutral_dlr,2030-01-14 10:00:00,Line,2870-17010-1,Clogher,Cathaleen's Fall,98.1555536162751,209.0,0.4696437972070579,False,1
network_neutral_dlr,2030-01-14 11:00:00,Line,2870-17010-1,Clogher,Cathaleen's Fall,97.21691296698495,209.0,0.46515269362193756,False,1
network_neutral_dlr,2030-01-14 12:00:00,Line,2870-17010-1,Clogher,Cathaleen's Fall,69.47996096419595,209.0,0.33244000461337775,False,1
network_neutral_dlr,2030-01-14 13:00:00,Line,2870-17010-1,Clogher,Cathaleen's Fall,66.86191505443793,209.0,0.3199134691599901,False,1
network_neutral_dlr,2030-01-14 14:00:00,Line,2870-17010-1,Clogher,Cathaleen's Fall,41.9376584513396,209.0,0.20065865287722298,False,1
network_neutral_dlr,2030-01-14 15:00:00,Line,2870-17010-1,Clogher,Cathaleen's Fall,91.47552670747598,209.0,0.43768194596878457,False,1
network_neutral_dlr,2030-01-14 16:00:00,Line,2870-17010-1,Clogher,Cathaleen's Fall,78.76493480006872,209.0,0.37686571674674024,False,1
network_neutral_dlr,2030-01-14 17:00:00,Line,2870-17010-1,Clogher,Cathaleen's Fall,92.47936729282979,209.0,0.4424850109704775,False,1
network_neutral_dlr,2030-01-14 18:00:00,Line,2870-17010-1,Clogher,Cathaleen's Fall,60.73554922879709,209.0,0.2906007140133832,False,1
network_neutral_dlr,2030-01-14 19:00:00,Line,2870-17010-1,Clogher,Cathaleen's Fall,72.82284557399284,209.0,0.3484346678181475,False,1
network_neutral_dlr,2030-01-14 20:00:00,Line,2870-17010-1,Clogher,Cathaleen's Fall,38.516555299250186,209.0,0.18428973827392434,False,1
network_neutral_dlr,2030-01-14 21:00:00,Line,2870-17010-1,Clogher,Cathaleen's Fall,54.56271144988166,209.0,0.26106560502335724,False,1
network_neutral_dlr,2030-01-14 22:00:00,Line,2870-17010-1,Clogher,Cathaleen's Fall,44.5230340571681,209.0,0.2130288710869287,False,1
network_neutral_dlr,2030-01-14 23:00:00,Line,2870-17010-1,Clogher,Cathaleen's Fall,93.87165998415357,209.0,0.44914669848877303,False,1
network_neutral_dlr,2030-01-15 00:00:00,Line,2870-17010-1,Clogher,Cathaleen's Fall,111.59884968813398,209.0,0.5339657879815023,False,1
network_neutral_dlr,2030-01-15 01:00:00,Line,2870-17010-1,Clogher,Cathaleen's Fall,105.36567589259987,209.0,0.5041419899167457,False,1
network_neutral_dlr,2030-01-15 02:00:00,Line,2870-17010-1,Clogher,Cathaleen's Fall,99.6869729751195,209.0,0.4769711625603804,False,1
network_neutral_dlr,2030-01-15 03:00:00,Line,2870-17010-1,Clogher,Cathaleen's Fall,87.50911258003875,209.0,0.41870388794276914,False,1
network_neutral_dlr,2030-01-15 04:00:00,Line,2870-17010-1,Clogher,Cathaleen's Fall,76.64272188610298,209.0,0.36671158797178455,False,1
network_neutral_dlr,2030-01-15 05:00:00,Line,2870-17010-1,Clogher,Cathaleen's Fall,87.65836162872226,209.0,0.41941799822355147,False,1
network_neutral_dlr,2030-01-14 06:00:00,Line,1701-28712-2,Cathaleen's Fall,Clogher,-65.75525594494457,210.0,0.3131202664044979,False,-1
network_neutral_dlr,2030-01-14 07:00:00,Line,1701-28712-2,Cathaleen's Fall,Clogher,-89.67181437308138,210.0,0.4270086398718161,False,-1
network_neutral_dlr,2030-01-14 08:00:00,Line,1701-28712-2,Cathaleen's Fall,Clogher,-92.38470980499837,210.0,0.4399271895476113,False,-1
network_neutral_dlr,2030-01-14 09:00:00,Line,1701-28712-2,Cathaleen's Fall,Clogher,-106.84109815260982,210.0,0.5087671340600467,False,-1
network_neutral_dlr,2030-01-14 10:00:00,Line,1701-28712-2,Cathaleen's Fall,Clogher,-98.15555361627509,210.0,0.4674073981727385,False,-1
network_neutral_dlr,2030-01-14 11:00:00,Line,1701-28712-2,Cathaleen's Fall,Clogher,-97.21691296698495,210.0,0.46293768079516645,False,-1
network_neutral_dlr,2030-01-14 12:00:00,Line,1701-28712-2,Cathaleen's Fall,Clogher,-69.47996096419595,210.0,0.33085695697236167,False,-1
network_neutral_dlr,2030-01-14 13:00:00,Line,1701-28712-2,Cathaleen's Fall,Clogher,-66.86191505443793,210.0,0.31839007168779965,False,-1
network_neutral_dlr,2030-01-14 14:00:00,Line,1701-28712-2,Cathaleen's Fall,Clogher,-41.9376584513396,210.0,0.19970313548256952,False,-1
network_neutral_dlr,2030-01-14 15:00:00,Line,1701-28712-2,Cathaleen's Fall,Clogher,-91.47552670747596,210.0,0.435597746226076,False,-1
network_neutral_dlr,2030-01-14 16:00:00,Line,1701-28712-2,Cathaleen's Fall,Clogher,-78.76493480006872,210.0,0.3750711180955653,False,-1
network_neutral_dlr,2030-01-14 17:00:00,Line,1701-28712-2,Cathaleen's Fall,Clogher,-92.47936729282979,210.0,0.4403779394896657,False,-1
network_neutral_dlr,2030-01-14 18:00:00,Line,1701-28712-2,Cathaleen's Fall,Clogher,-60.73554922879709,210.0,0.28921690108951,False,-1
network_neutral_dlr,2030-01-14 19:00:00,Line,1701-28712-2,Cathaleen's Fall,Clogher,-72.82284557399284,210.0,0.3467754551142516,False,-1
network_neutral_dlr,2030-01-14 20:00:00,Line,1701-28712-2,Cathaleen's Fall,Clogher,-38.516555299250186,210.0,0.18341216809166755,False,-1
network_neutral_dlr,2030-01-14 21:00:00,Line,1701-28712-2,Cathaleen's Fall,Clogher,-54.56271144988166,210.0,0.25982243547562694,False,-1
network_neutral_dlr,2030-01-14 22:00:00,Line,1701-28712-2,Cathaleen's Fall,Clogher,-44.5230340571681,210.0,0.21201444789127666,False,-1
network_neutral_dlr,2030-01-14 23:00:00,Line,1701-28712-2,Cathaleen's Fall,Clogher,-93.87165998415354,210.0,0.4470079046864454,False,-1
network_neutral_dlr,2030-01-15 00:00:00,Line,1701-28712-2,Cathaleen's Fall,Clogher,-111.59884968813398,210.0,0.531423093753019,False,-1
network_neutral_dlr,2030-01-15 01:00:00,Line,1701-28712-2,Cathaleen's Fall,Clogher,-105.36567589259988,210.0,0.5017413137742851,False,-1
network_neutral_dlr,2030-01-15 02:00:00,Line,1701-28712-2,Cathaleen's Fall,Clogher,-99.6869729751195,210.0,0.4746998713100929,False,-1
network_neutral_dlr,2030-01-15 03:00:00,Line,1701-28712-2,Cathaleen's Fall,Clogher,-87.50911258003875,210.0,0.4167100599049464,False,-1
network_neutral_dlr,2030-01-15 04:00:00,Line,1701-28712-2,Cathaleen's Fall,Clogher,-76.64272188610298,210.0,0.36496534231477606,False,-1
network_neutral_dlr,2030-01-15 05:00:00,Line,1701-28712-2,Cathaleen's Fall,Clogher,-87.65836162872226,210.0,0.41742076966058217,False,-1
network_neutral_dlr,2030-01-14 06:00:00,Line,1701-5041-1,Cathaleen's Fall,Srananagh 220,39.437800571412815,191.0,0.20648063126394145,False,1
network_neutral_dlr,2030-01-14 07:00:00,Line,1701-5041-1,Cathaleen's Fall,Srananagh 220,54.087052837584864,191.0,0.28317828710777415,False,1
network_neutral_dlr,2030-01-14 08:00:00,Line,1701-5041-1,Cathaleen's Fall,Srananagh 220,54.23546410162154,191.0,0.2839553094325735,False,1
network_neutral_dlr,2030-01-14 09:00:00,Line,1701-5041-1,Cathaleen's Fall,Srananagh 220,52.199646378479855,191.0,0.27329657789780026,False,1
network_neutral_dlr,2030-01-14 10:00:00,Line,1701-5041-1,Cathaleen's Fall,Srananagh 220,53.23131040410893,191.0,0.2786979602309368,False,1
network_neutral_dlr,2030-01-14 11:00:00,Line,1701-5041-1,Cathaleen's Fall,Srananagh 220,51.24226652591662,191.0,0.26828411793673623,False,1
network_neutral_dlr,2030-01-14 12:00:00,Line,1701-5041-1,Cathaleen's Fall,Srananagh 220,39.39876223209679,191.0,0.2062762420528628,False,1
network_neutral_dlr,2030-01-14 13:00:00,Line,1701-5041-1,Cathaleen's Fall,Srananagh 220,37.55700694974908,191.0,0.19663354423952398,False,1
network_neutral_dlr,2030-01-14 14:00:00,Line,1701-5041-1,Cathaleen's Fall,Srananagh 220,24.85626169253712,191.0,0.13013749577244565,False,1
network_neutral_dlr,2030-01-14 15:00:00,Line,1701-5041-1,Cathaleen's Fall,Srananagh 220,54.18693818455355,191.0,0.28370124703954736,False,1
network_neutral_dlr,2030-01-14 16:00:00,Line,1701-5041-1,Cathaleen's Fall,Srananagh 220,44.77361075619821,191.0,0.23441681024187544,False,1
network_neutral_dlr,2030-01-14 17:00:00,Line,1701-5041-1,Cathaleen's Fall,Srananagh 220,53.368785683314485,191.0,0.27941772609065174,False,1
network_neutral_dlr,2030-01-14 18:00:00,Line,1701-5041-1,Cathaleen's Fall,Srananagh 220,35.90404007169281,191.0,0.18797926739106186,False,1
network_neutral_dlr,2030-01-14 19:00:00,Line,1701-5041-1,Cathaleen's Fall,Srananagh 220,41.67040244650273,191.0,0.21816964631676822,False,1
network_neutral_dlr,2030-01-14 20:00:00,Line,1701-5041-1,Cathaleen's Fall,Srananagh 220,23.387416293124065,191.0,0.12244720572316264,False,1
network_neutral_dlr,2030-01-14 21:00:00,Line,1701-5041-1,Cathaleen's Fall,Srananagh 220,32.492067736139965,191.0,0.17011553788554956,False,1
network_neutral_dlr,2030-01-14 22:00:00,Line,1701-5041-1,Cathaleen's Fall,Srananagh 220,26.275864871069587,191.0,0.13756997314696118,False,1
network_neutral_dlr,2030-01-14 23:00:00,Line,1701-5041-1,Cathaleen's Fall,Srananagh 220,53.405793193866764,191.0,0.2796114826904019,False,1
network_neutral_dlr,2030-01-15 00:00:00,Line,1701-5041-1,Cathaleen's Fall,Srananagh 220,54.81060935696951,191.0,0.28696654113596604,False,1
network_neutral_dlr,2030-01-15 01:00:00,Line,1701-5041-1,Cathaleen's Fall,Srananagh 220,54.110620894252435,191.0,0.2833016800746201,False,1
network_neutral_dlr,2030-01-15 02:00:00,Line,1701-5041-1,Cathaleen's Fall,Srananagh 220,51.44945560559006,191.0,0.26936887751617833,False,1
network_neutral_dlr,2030-01-15 03:00:00,Line,1701-5041-1,Cathaleen's Fall,Srananagh 220,47.678881648614905,191.0,0.24962765261054923,False,1
network_neutral_dlr,2030-01-15 04:00:00,Line,1701-5041-1,Cathaleen's Fall,Srananagh 220,45.99164333419914,191.0,0.24079394415811067,False,1
network_neutral_dlr,2030-01-15 05:00:00,Line,1701-5041-1,Cathaleen's Fall,Srananagh 220,48.18431438046344,191.0,0.2522738972799133,False,1
network_neutral_dlr,2030-01-14 06:00:00,Line,5041-17010-2,Srananagh 220,Cathaleen's Fall,-176.29856065319498,229.64560967151573,0.7676983718755688,False,-1
network_neutral_dlr,2030-01-14 07:00:00,Line,5041-17010-2,Srananagh 220,Cathaleen's Fall,-241.78502419203036,241.78502419203036,1.0,True,-1
network_neutral_dlr,2030-01-14 08:00:00,Line,5041-17010-2,Srananagh 220,Cathaleen's Fall,-242.44846616534755,242.44846616534755,1.0,True,-1
network_neutral_dlr,2030-01-14 09:00:00,Line,5041-17010-2,Srananagh 220,Cathaleen's Fall,-233.3477625474508,254.50703063857847,0.916861754121144,False,-1
network_neutral_dlr,2030-01-14 10:00:00,Line,5041-17010-2,Srananagh 220,Cathaleen's Fall,-237.95960398284592,250.18427929212484,0.9511373162859489,False,-1
network_neutral_dlr,2030-01-14 11:00:00,Line,5041-17010-2,Srananagh 220,Cathaleen's Fall,-229.06799320028267,258.21165347136315,0.8871326685713949,False,-1
network_neutral_dlr,2030-01-14 12:00:00,Line,5041-17010-2,Srananagh 220,Cathaleen's Fall,-176.1240478017685,225.75042293251883,0.7801715076051724,False,-1
network_neutral_dlr,2030-01-14 13:00:00,Line,5041-17010-2,Srananagh 220,Cathaleen's Fall,-167.89086033571382,225.41071448472013,0.7448220051096756,False,-1
network_neutral_dlr,2030-01-14 14:00:00,Line,5041-17010-2,Srananagh 220,Cathaleen's Fall,-111.11479585882135,217.33994748010187,0.5112488391900171,False,-1
network_neutral_dlr,2030-01-14 15:00:00,Line,5041-17010-2,Srananagh 220,Cathaleen's Fall,-242.23154105265087,242.23154105265087,1.0,True,-1
network_neutral_dlr,2030-01-14 16:00:00,Line,5041-17010-2,Srananagh 220,Cathaleen's Fall,-200.1512005536615,235.52985599207463,0.8497912067691172,False,-1
network_neutral_dlr,2030-01-14 17:00:00,Line,5041-17010-2,Srananagh 220,Cathaleen's Fall,-238.5741588895134,243.68765057744108,0.9790162050649232,False,-1
network_neutral_dlr,2030-01-14 18:00:00,Line,5041-17010-2,Srananagh 220,Cathaleen's Fall,-160.5016125281177,233.30246251694183,0.6879550725550635,False,-1
network_neutral_dlr,2030-01-14 19:00:00,Line,5041-17010-2,Srananagh 220,Cathaleen's Fall,-186.27894727179577,235.27576151850968,0.7917472929192529,False,-1
network_neutral_dlr,2030-01-14 20:00:00,Line,5041-17010-2,Srananagh 220,Cathaleen's Fall,-104.54862518026943,222.88576645814086,0.4690681995608913,False,-1
network_neutral_dlr,2030-01-14 21:00:00,Line,5041-17010-2,Srananagh 220,Cathaleen's Fall,-145.24909329451435,225.10909895444502,0.6452386596949962,False,-1
network_neutral_dlr,2030-01-14 22:00:00,Line,5041-17010-2,Srananagh 220,Cathaleen's Fall,-117.46083933608843,221.04765799253371,0.5313824195326055,False,-1
network_neutral_dlr,2030-01-14 23:00:00,Line,5041-17010-2,Srananagh 220,Cathaleen's Fall,-238.73959333943688,238.73959333943688,1.0,True,-1
network_neutral_dlr,2030-01-15 00:00:00,Line,5041-17010-2,Srananagh 220,Cathaleen's Fall,-245.01953451133102,250.67745861853422,0.9774294659823679,False,-1
network_neutral_dlr,2030-01-15 01:00:00,Line,5041-17010-2,Srananagh 220,Cathaleen's Fall,-241.89038033278084,254.43103198731976,0.950710997960485,False,-1
network_neutral_dlr,2030-01-15 02:00:00,Line,5041-17010-2,Srananagh 220,Cathaleen's Fall,-229.99418928627745,254.96035575154116,0.9020782411772549,False,-1
network_neutral_dlr,2030-01-15 03:00:00,Line,5041-17010-2,Srananagh 220,Cathaleen's Fall,-213.13861539981193,261.8749485654023,0.8138946339366301,False,-1
network_neutral_dlr,2030-01-15 04:00:00,Line,5041-17010-2,Srananagh 220,Cathaleen's Fall,-205.59616419815848,263.9655427691874,0.7788750078563574,False,-1
network_neutral_dlr,2030-01-15 05:00:00,Line,5041-17010-2,Srananagh 220,Cathaleen's Fall,-215.3980482748922,260.9453823192299,0.8254526152579433,False,-1
network_neutral_dlr,2030-01-14 06:00:00,Line,28710-51911-1,Clogher,Croaghonagh,-60.60677741735044,183.0,0.3311845760510953,False,-1
network_neutral_dlr,2030-01-14 07:00:00,Line,28710-51911-1,Clogher,Croaghonagh,-86.08848218272233,183.0,0.4704288643864608,False,-1
network_neutral_dlr,2030-01-14 08:00:00,Line,28710-51911-1,Clogher,Croaghonagh,-95.1860608810277,183.0,0.5201424091859437,False,-1
network_neutral_dlr,2030-01-14 09:00:00,Line,28710-51911-1,Clogher,Croaghonagh,-115.24030742485701,183.0,0.6297284558735355,False,-1
network_neutral_dlr,2030-01-14 10:00:00,Line,28710-51911-1,Clogher,Croaghonagh,-109.39640054505645,183.0,0.5977945384975762,False,-1
network_neutral_dlr,2030-01-14 11:00:00,Line,28710-51911-1,Clogher,Croaghonagh,-120.73533693508975,183.0,0.6597559395360095,False,-1
network_neutral_dlr,2030-01-14 12:00:00,Line,28710-51911-1,Clogher,Croaghonagh,-70.10370159614367,183.0,0.383080336590949,False,-1
network_neutral_dlr,2030-01-14 13:00:00,Line,28710-51911-1,Clogher,Croaghonagh,-73.1604537050968,183.0,0.39978390002785136,False,-1
network_neutral_dlr,2030-01-14 14:00:00,Line,28710-51911-1,Clogher,Croaghonagh,-52.68655909710675,183.0,0.287904694519709,False,-1
network_neutral_dlr,2030-01-14 15:00:00,Line,28710-51911-1,Clogher,Croaghonagh,-98.13480402024487,183.0,0.5362557596734693,False,-1
network_neutral_dlr,2030-01-14 16:00:00,Line,28710-51911-1,Clogher,Croaghonagh,-78.48868206479241,183.0,0.42889990199340117,False,-1
network_neutral_dlr,2030-01-14 17:00:00,Line,28710-51911-1,Clogher,Croaghonagh,-88.11736524487304,183.0,0.48151565707580896,False,-1
network_neutral_dlr,2030-01-14 18:00:00,Line,28710-51911-1,Clogher,Croaghonagh,-61.410754679792184,183.0,0.3355778944250939,False,-1
network_neutral_dlr,2030-01-14 19:00:00,Line,28710-51911-1,Clogher,Croaghonagh,-68.56665332919714,183.0,0.37468116573331767,False,-1
network_neutral_dlr,2030-01-14 20:00:00,Line,28710-51911-1,Clogher,Croaghonagh,-45.29003367864538,183.0,0.24748652283412775,False,-1
network_neutral_dlr,2030-01-14 21:00:00,Line,28710-51911-1,Clogher,Croaghonagh,-55.09865454005457,183.0,0.3010855439347244,False,-1
network_neutral_dlr,2030-01-14 22:00:00,Line,28710-51911-1,Clogher,Croaghonagh,-50.41568457560471,183.0,0.27549554412898747,False,-1
network_neutral_dlr,2030-01-14 23:00:00,Line,28710-51911-1,Clogher,Croaghonagh,-83.40817248830035,183.0,0.45578236332404565,False,-1
network_neutral_dlr,2030-01-15 00:00:00,Line,28710-51911-1,Clogher,Croaghonagh,-106.97348835677384,183.0,0.5845545811845565,False,-1
network_neutral_dlr,2030-01-15 01:00:00,Line,28710-51911-1,Clogher,Croaghonagh,-113.4495040625436,183.0,0.6199426451505115,False,-1
network_neutral_dlr,2030-01-15 02:00:00,Line,28710-51911-1,Clogher,Croaghonagh,-110.0223057902172,183.0,0.6012147857388919,False,-1
network_neutral_dlr,2030-01-15 03:00:00,Line,28710-51911-1,Clogher,Croaghonagh,-121.43444558905436,183.0,0.6635762054046687,False,-1
network_neutral_dlr,2030-01-15 04:00:00,Line,28710-51911-1,Clogher,Croaghonagh,-122.20188611277268,183.0,0.6677698694687032,False,-1
network_neutral_dlr,2030-01-15 05:00:00,Line,28710-51911-1,Clogher,Croaghonagh,-120.31675560816319,183.0,0.6574686098806731,False,-1
network_neutral_dlr,2030-01-14 06:00:00,Line,2321-28710-1,Drumkeen,Clogher,-12.95820190545353,123.0,0.10535123500368723,False,-1
network_neutral_dlr,2030-01-14 07:00:00,Line,2321-28710-1,Drumkeen,Clogher,12.849885444429944,123.0,0.10447061336934914,False,1
network_neutral_dlr,2030-01-14 08:00:00,Line,2321-28710-1,Drumkeen,Clogher,13.377289029252715,123.0,0.1087584473922985,False,1
network_neutral_dlr,2030-01-14 09:00:00,Line,2321-28710-1,Drumkeen,Clogher,14.233732559296202,123.0,0.11572140292110733,False,1
network_neutral_dlr,2030-01-14 10:00:00,Line,2321-28710-1,Drumkeen,Clogher,11.2892250021147,123.0,0.09178231709036341,False,1
network_neutral_dlr,2030-01-14 11:00:00,Line,2321-28710-1,Drumkeen,Clogher,28.79140343296538,123.0,0.2340764506745153,False,1
network_neutral_dlr,2030-01-14 12:00:00,Line,2321-28710-1,Drumkeen,Clogher,-17.64654191333516,123.0,0.1434678204336192,False,-1
network_neutral_dlr,2030-01-14 13:00:00,Line,2321-28710-1,Drumkeen,Clogher,-23.488746115749883,123.0,0.1909654155752023,False,-1
network_neutral_dlr,2030-01-14 14:00:00,Line,2321-28710-1,Drumkeen,Clogher,-31.768237380524145,123.0,0.2582783526871882,False,-1
network_neutral_dlr,2030-01-14 15:00:00,Line,2321-28710-1,Drumkeen,Clogher,2.9218723590404636,123.0,0.023755059829597264,False,1
network_neutral_dlr,2030-01-14 16:00:00,Line,2321-28710-1,Drumkeen,Clogher,-13.886075659994349,123.0,0.11289492406499471,False,-1
network_neutral_dlr,2030-01-14 17:00:00,Line,2321-28710-1,Drumkeen,Clogher,-7.309293181088165,123.0,0.05942514781372492,False,-1
network_neutral_dlr,2030-01-14 18:00:00,Line,2321-28710-1,Drumkeen,Clogher,-17.8892992984586,123.0,0.14544145771104552,False,-1
network_neutral_dlr,2030-01-14 19:00:00,Line,2321-28710-1,Drumkeen,Clogher,-11.398842472928958,123.0,0.09267351604007283,False,-1
network_neutral_dlr,2030-01-14 20:00:00,Line,2321-28710-1,Drumkeen,Clogher,-28.40881780591535,123.0,0.23096599842207602,False,-1
network_neutral_dlr,2030-01-14 21:00:00,Line,2321-28710-1,Drumkeen,Clogher,-19.791633048626064,123.0,0.16090758576118752,False,-1
network_neutral_dlr,2030-01-14 22:00:00,Line,2321-28710-1,Drumkeen,Clogher,-26.668841019072843,123.0,0.21681984568351906,False,-1
network_neutral_dlr,2030-01-14 23:00:00,Line,2321-28710-1,Drumkeen,Clogher,1.3005531632736762,123.0,0.010573602953444523,False,1
network_neutral_dlr,2030-01-15 00:00:00,Line,2321-28710-1,Drumkeen,Clogher,28.72134356697819,123.0,0.23350685826811537,False,1
network_neutral_dlr,2030-01-15 01:00:00,Line,2321-28710-1,Drumkeen,Clogher,11.890332737454814,123.0,0.09666937184922614,False,1
network_neutral_dlr,2030-01-15 02:00:00,Line,2321-28710-1,Drumkeen,Clogher,8.39022035940824,123.0,0.06821317365372552,False,1
network_neutral_dlr,2030-01-15 03:00:00,Line,2321-28710-1,Drumkeen,Clogher,-16.904867266584848,123.0,0.13743794525678737,False,-1
network_neutral_dlr,2030-01-15 04:00:00,Line,2321-28710-1,Drumkeen,Clogher,7.673453035355622,123.0,0.06238579703541156,False,1
network_neutral_dlr,2030-01-15 05:00:00,Line,2321-28710-1,Drumkeen,Clogher,-1.4832697698513615,123.0,0.012059103819929768,False,-1
network_neutral_dlr,2030-01-14 06:00:00,Line,3581-28019-1,Letterkenny,Clogher,-18.91547656205577,121.0,0.15632625257897328,False,-1
network_neutral_dlr,2030-01-14 07:00:00,Line,3581-28019-1,Letterkenny,Clogher,0.8799354406958368,121.0,0.007272193724758983,False,1
network_neutral_dlr,2030-01-14 08:00:00,Line,3581-28019-1,Letterkenny,Clogher,1.3260185037549208,121.0,0.0109588306095448,False,1
network_neutral_dlr,2030-01-14 09:00:00,Line,3581-28019-1,Letterkenny,Clogher,2.8693617485649687,121.0,0.02371373345921462,False,1
network_neutral_dlr,2030-01-14 10:00:00,Line,3581-28019-1,Letterkenny,Clogher,-1.5885725786425058,121.0,0.013128698997045503,False,-1
network_neutral_dlr,2030-01-14 11:00:00,Line,3581-28019-1,Letterkenny,Clogher,12.358275737296408,121.0,0.10213451022559014,False,1
network_neutral_dlr,2030-01-14 12:00:00,Line,3581-28019-1,Letterkenny,Clogher,-22.97775989393612,121.0,0.18989884209864563,False,-1
network_neutral_dlr,2030-01-14 13:00:00,Line,3581-28019-1,Letterkenny,Clogher,-27.58591323137456,121.0,0.22798275397830214,False,-1
network_neutral_dlr,2030-01-14 14:00:00,Line,3581-28019-1,Letterkenny,Clogher,-34.23017745248633,121.0,0.2828940285329449,False,-1
network_neutral_dlr,2030-01-14 15:00:00,Line,3581-28019-1,Letterkenny,Clogher,-9.404198713370075,121.0,0.07772065052371963,False,-1
network_neutral_dlr,2030-01-14 16:00:00,Line,3581-28019-1,Letterkenny,Clogher,-22.471537184444113,121.0,0.18571518334251333,False,-1
network_neutral_dlr,2030-01-14 17:00:00,Line,3581-28019-1,Letterkenny,Clogher,-18.044245059366606,121.0,0.1491259922261703,False,-1
network_neutral_dlr,2030-01-14 18:00:00,Line,3581-28019-1,Letterkenny,Clogher,-25.395232263463363,121.0,0.20987795259060632,False,-1
network_neutral_dlr,2030-01-14 19:00:00,Line,3581-28019-1,Letterkenny,Clogher,-19.91776403007569,121.0,0.16460962008327018,False,-1
network_neutral_dlr,2030-01-14 20:00:00,Line,3581-28019-1,Letterkenny,Clogher,-31.814669993532192,121.0,0.26293115697134045,False,-1
network_neutral_dlr,2030-01-14 21:00:00,Line,3581-28019-1,Letterkenny,Clogher,-25.07127394051836,121.0,0.20720061107866414,False,-1
network_neutral_dlr,2030-01-14 22:00:00,Line,3581-28019-1,Letterkenny,Clogher,-30.285121775192437,121.0,0.2502902626048962,False,-1
network_neutral_dlr,2030-01-14 23:00:00,Line,3581-28019-1,Letterkenny,Clogher,-9.236741038633028,121.0,0.07633670279862007,False,-1
network_neutral_dlr,2030-01-15 00:00:00,Line,3581-28019-1,Letterkenny,Clogher,11.99895056276717,121.0,0.09916488068402621,False,1
network_neutral_dlr,2030-01-15 01:00:00,Line,3581-28019-1,Letterkenny,Clogher,5.316703389332702,121.0,0.043939697432501666,False,1
network_neutral_dlr,2030-01-15 02:00:00,Line,3581-28019-1,Letterkenny,Clogher,3.3055897439408457,121.0,0.027318923503643355,False,1
network_neutral_dlr,2030-01-15 03:00:00,Line,3581-28019-1,Letterkenny,Clogher,-15.222087926218117,121.0,0.12580237955552162,False,-1
network_neutral_dlr,2030-01-15 04:00:00,Line,3581-28019-1,Letterkenny,Clogher,6.90960626663861,121.0,0.0571041840218067,False,1
network_neutral_dlr,2030-01-15 05:00:00,Line,3581-28019-1,Letterkenny,Clogher,-1.3356190556792273,121.0,0.011038174013877912,False,-1
network_neutral_dlr,2030-01-14 06:00:00,Line,1631-5041-1,Corderry,Srananagh 220,116.07126329044209,210.0,0.5527203013830576,False,1
network_neutral_dlr,2030-01-14 07:00:00,Line,1631-5041-1,Corderry,Srananagh 220,130.93032166081412,210.0,0.6234777221943529,False,1
network_neutral_dlr,2030-01-14 08:00:00,Line,1631-5041-1,Corderry,Srananagh 220,134.0493529772727,210.0,0.6383302522727271,False,1
network_neutral_dlr,2030-01-14 09:00:00,Line,1631-5041-1,Corderry,Srananagh 220,146.37391370798713,210.0,0.6970186367047007,False,1
network_neutral_dlr,2030-01-14 10:00:00,Line,1631-5041-1,Corderry,Srananagh 220,141.8913520645751,210.0,0.6756731050694053,False,1
network_neutral_dlr,2030-01-14 11:00:00,Line,1631-5041-1,Corderry,Srananagh 220,148.52537804908448,210.0,0.7072637049956404,False,1
network_neutral_dlr,2030-01-14 12:00:00,Line,1631-5041-1,Corderry,Srananagh 220,77.79798148369396,210.0,0.3704665784937808,False,1
network_neutral_dlr,2030-01-14 13:00:00,Line,1631-5041-1,Corderry,Srananagh 220,84.24233674477759,210.0,0.4011539844989409,False,1
network_neutral_dlr,2030-01-14 14:00:00,Line,1631-5041-1,Corderry,Srananagh 220,65.28035650675983,210.0,0.31085884050838014,False,1
network_neutral_dlr,2030-01-14 15:00:00,Line,1631-5041-1,Corderry,Srananagh 220,121.20786587763374,210.0,0.5771803137030178,False,1
network_neutral_dlr,2030-01-14 16:00:00,Line,1631-5041-1,Corderry,Srananagh 220,121.20318271594515,210.0,0.5771580129330721,False,1
network_neutral_dlr,2030-01-14 17:00:00,Line,1631-5041-1,Corderry,Srananagh 220,137.5666705456856,210.0,0.6550793835508839,False,1
network_neutral_dlr,2030-01-14 18:00:00,Line,1631-5041-1,Corderry,Srananagh 220,130.50624202413036,210.0,0.6214582953530017,False,1
network_neutral_dlr,2030-01-14 19:00:00,Line,1631-5041-1,Corderry,Srananagh 220,136.2693879039257,210.0,0.6489018471615509,False,1
network_neutral_dlr,2030-01-14 20:00:00,Line,1631-5041-1,Corderry,Srananagh 220,114.03864490530975,210.0,0.5430411662157607,False,1
network_neutral_dlr,2030-01-14 21:00:00,Line,1631-5041-1,Corderry,Srananagh 220,110.09025520963611,210.0,0.5242393105220767,False,1
network_neutral_dlr,2030-01-14 22:00:00,Line,1631-5041-1,Corderry,Srananagh 220,100.57845315673156,210.0,0.478945015032055,False,1
network_neutral_dlr,2030-01-14 23:00:00,Line,1631-5041-1,Corderry,Srananagh 220,140.7318104480931,210.0,0.6701514783242529,False,1
network_neutral_dlr,2030-01-15 00:00:00,Line,1631-5041-1,Corderry,Srananagh 220,148.02428270901018,210.0,0.7048775367095723,False,1
network_neutral_dlr,2030-01-15 01:00:00,Line,1631-5041-1,Corderry,Srananagh 220,147.4455973225469,210.0,0.702121892012128,False,1
network_neutral_dlr,2030-01-15 02:00:00,Line,1631-5041-1,Corderry,Srananagh 220,148.0195210091432,210.0,0.7048548619483009,False,1
network_neutral_dlr,2030-01-15 03:00:00,Line,1631-5041-1,Corderry,Srananagh 220,151.25383420563927,210.0,0.720256353360187,False,1
network_neutral_dlr,2030-01-15 04:00:00,Line,1631-5041-1,Corderry,Srananagh 220,152.06537305720198,210.0,0.7241208240819142,False,1
network_neutral_dlr,2030-01-15 05:00:00,Line,1631-5041-1,Corderry,Srananagh 220,151.68712463473375,210.0,0.7223196411177798,False,1
network_neutral_dlr,2030-01-14 06:00:00,Line,2321-3581-1,Drumkeen,Letterkenny,47.51362907104395,123.0,0.3862896672442598,False,1
network_neutral_dlr,2030-01-14 07:00:00,Line,2321-3581-1,Drumkeen,Letterkenny,38.12518416315617,123.0,0.3099608468549282,False,1
network_neutral_dlr,2030-01-14 08:00:00,Line,2321-3581-1,Drumkeen,Letterkenny,37.73520064003351,123.0,0.30679024910596353,False,1
network_neutral_dlr,2030-01-14 09:00:00,Line,2321-3581-1,Drumkeen,Letterkenny,33.19703925829257,123.0,0.26989462811619974,False,1
network_neutral_dlr,2030-01-14 10:00:00,Line,2321-3581-1,Drumkeen,Letterkenny,44.75531536382535,123.0,0.36386435255142563,False,1
network_neutral_dlr,2030-01-14 11:00:00,Line,2321-3581-1,Drumkeen,Letterkenny,35.89816974740381,123.0,0.29185503859677897,False,1
network_neutral_dlr,2030-01-14 12:00:00,Line,2321-3581-1,Drumkeen,Letterkenny,51.442121091298105,123.0,0.4182286267585212,False,1
network_neutral_dlr,2030-01-14 13:00:00,Line,2321-3581-1,Drumkeen,Letterkenny,54.1731579466387,123.0,0.44043217842795696,False,1
network_neutral_dlr,2030-01-14 14:00:00,Line,2321-3581-1,Drumkeen,Letterkenny,58.58545561078107,123.0,0.47630451716082167,False,1
network_neutral_dlr,2030-01-14 15:00:00,Line,2321-3581-1,Drumkeen,Letterkenny,54.463432902763785,123.0,0.4427921374208438,False,1
network_neutral_dlr,2030-01-14 16:00:00,Line,2321-3581-1,Drumkeen,Letterkenny,61.41340637606377,123.0,0.4992959867972664,False,1
network_neutral_dlr,2030-01-14 17:00:00,Line,2321-3581-1,Drumkeen,Letterkenny,61.96405433520764,123.0,0.5037727994732328,False,1
network_neutral_dlr,2030-01-14 18:00:00,Line,2321-3581-1,Drumkeen,Letterkenny,62.169393465285935,123.0,0.5054422232950077,False,1
network_neutral_dlr,2030-01-14 19:00:00,Line,2321-3581-1,Drumkeen,Letterkenny,57.42836831770724,123.0,0.46689730339599383,False,1
network_neutral_dlr,2030-01-14 20:00:00,Line,2321-3581-1,Drumkeen,Letterkenny,58.13221132576567,123.0,0.4726196042745176,False,1
network_neutral_dlr,2030-01-14 21:00:00,Line,2321-3581-1,Drumkeen,Letterkenny,54.35942777000392,123.0,0.4419465672358042,False,1
network_neutral_dlr,2030-01-14 22:00:00,Line,2321-3581-1,Drumkeen,Letterkenny,56.56972380368124,123.0,0.4599164536884654,False,1
network_neutral_dlr,2030-01-14 23:00:00,Line,2321-3581-1,Drumkeen,Letterkenny,48.325195769046495,123.0,0.3928877704800528,False,1
network_neutral_dlr,2030-01-15 00:00:00,Line,2321-3581-1,Drumkeen,Letterkenny,37.3807331948608,123.0,0.3039083999582179,False,1
network_neutral_dlr,2030-01-15 01:00:00,Line,2321-3581-1,Drumkeen,Letterkenny,13.809894195596343,123.0,0.11227556256582392,False,1
network_neutral_dlr,2030-01-15 02:00:00,Line,2321-3581-1,Drumkeen,Letterkenny,11.871573201724406,123.0,0.0965168552985724,False,1
network_neutral_dlr,2030-01-15 03:00:00,Line,2321-3581-1,Drumkeen,Letterkenny,16.904867266584848,123.0,0.13743794525678737,False,1
network_neutral_dlr,2030-01-15 04:00:00,Line,2321-3581-1,Drumkeen,Letterkenny,-7.673453035355622,123.0,0.06238579703541156,False,-1
network_neutral_dlr,2030-01-15 05:00:00,Line,2321-3581-1,Drumkeen,Letterkenny,1.4832697698513615,123.0,0.012059103819929768,False,1
network_neutral_dlr,2030-01-14 06:00:00,Line,1931-4371-1,Sligo,Glenree,-72.52939698172028,210.0,0.34537808086533467,False,-1
network_neutral_dlr,2030-01-14 07:00:00,Line,1931-4371-1,Sligo,Glenree,-77.02841006206326,210.0,0.3668019526764917,False,-1
network_neutral_dlr,2030-01-14 08:00:00,Line,1931-4371-1,Sligo,Glenree,-75.68313895612471,210.0,0.36039589979107006,False,-1
network_neutral_dlr,2030-01-14 09:00:00,Line,1931-4371-1,Sligo,Glenree,-95.59236262360466,210.0,0.4552017267790698,False,-1
network_neutral_dlr,2030-01-14 10:00:00,Line,1931-4371-1,Sligo,Glenree,-95.06986907119273,210.0,0.4527136622437749,False,-1
network_neutral_dlr,2030-01-14 11:00:00,Line,1931-4371-1,Sligo,Glenree,-97.5027728911594,210.0,0.4642989185293305,False,-1
network_neutral_dlr,2030-01-14 12:00:00,Line,1931-4371-1,Sligo,Glenree,-71.05339296467031,210.0,0.33834949030795386,False,-1
network_neutral_dlr,2030-01-14 13:00:00,Line,1931-4371-1,Sligo,Glenree,-68.05125497901957,210.0,0.32405359513818843,False,-1
network_neutral_dlr,2030-01-14 14:00:00,Line,1931-4371-1,Sligo,Glenree,-66.69833805220051,210.0,0.3176111335819072,False,-1
network_neutral_dlr,2030-01-14 15:00:00,Line,1931-4371-1,Sligo,Glenree,-78.36958557610978,210.0,0.37318850274337995,False,-1
network_neutral_dlr,2030-01-14 16:00:00,Line,1931-4371-1,Sligo,Glenree,-77.74695963605309,210.0,0.3702236173145385,False,-1
network_neutral_dlr,2030-01-14 17:00:00,Line,1931-4371-1,Sligo,Glenree,-87.76114283081664,210.0,0.4179102039562697,False,-1
network_neutral_dlr,2030-01-14 18:00:00,Line,1931-4371-1,Sligo,Glenree,-82.63639330227616,210.0,0.3935066347727436,False,-1
network_neutral_dlr,2030-01-14 19:00:00,Line,1931-4371-1,Sligo,Glenree,-81.57772402879914,210.0,0.3884653525180911,False,-1
network_neutral_dlr,2030-01-14 20:00:00,Line,1931-4371-1,Sligo,Glenree,-74.73372433511992,210.0,0.3558748777862853,False,-1
network_neutral_dlr,2030-01-14 21:00:00,Line,1931-4371-1,Sligo,Glenree,-71.12952862846755,210.0,0.33871204108794073,False,-1
network_neutral_dlr,2030-01-14 22:00:00,Line,1931-4371-1,Sligo,Glenree,-68.63679434198154,210.0,0.32684187781895974,False,-1
network_neutral_dlr,2030-01-14 23:00:00,Line,1931-4371-1,Sligo,Glenree,-74.96344724726058,210.0,0.35696879641552653,False,-1
network_neutral_dlr,2030-01-15 00:00:00,Line,1931-4371-1,Sligo,Glenree,-81.13271310004203,210.0,0.386346252857343,False,-1
network_neutral_dlr,2030-01-15 01:00:00,Line,1931-4371-1,Sligo,Glenree,-82.77715368243841,210.0,0.39417692229732576,False,-1
network_neutral_dlr,2030-01-15 02:00:00,Line,1931-4371-1,Sligo,Glenree,-89.47527264828751,210.0,0.4260727268966072,False,-1
network_neutral_dlr,2030-01-15 03:00:00,Line,1931-4371-1,Sligo,Glenree,-98.08934469443744,210.0,0.46709211759255925,False,-1
network_neutral_dlr,2030-01-15 04:00:00,Line,1931-4371-1,Sligo,Glenree,-103.74416512506846,210.0,0.4940198339288974,False,-1
network_neutral_dlr,2030-01-15 05:00:00,Line,1931-4371-1,Sligo,Glenree,-94.84307371297224,210.0,0.45163368434748685,False,-1
network_neutral_dlr,2030-01-14 06:00:00,Line,3591-5191-1,Letterkenny,Tievebrack,-8.448419341248812,159.0,0.053134712838042844,False,-1
network_neutral_dlr,2030-01-14 07:00:00,Line,3591-5191-1,Letterkenny,Tievebrack,0.9096008328861167,159.0,0.005720759955258596,False,1
network_neutral_dlr,2030-01-14 08:00:00,Line,3591-5191-1,Letterkenny,Tievebrack,2.911585089792183,159.0,0.01831185591064266,False,1
network_neutral_dlr,2030-01-14 09:00:00,Line,3591-5191-1,Letterkenny,Tievebrack,-0.060543833447376016,159.0,0.0003807788267130567,False,-1
network_neutral_dlr,2030-01-14 10:00:00,Line,3591-5191-1,Letterkenny,Tievebrack,-1.695451617576502,159.0,0.010663217720606931,False,-1
network_neutral_dlr,2030-01-14 11:00:00,Line,3591-5191-1,Letterkenny,Tievebrack,-6.003009598130774,159.0,0.03775477734673443,False,-1
network_neutral_dlr,2030-01-14 12:00:00,Line,3591-5191-1,Letterkenny,Tievebrack,-8.082205562318283,159.0,0.05083148152401436,False,-1
network_neutral_dlr,2030-01-14 13:00:00,Line,3591-5191-1,Letterkenny,Tievebrack,-9.966729724143942,159.0,0.06268383474304366,False,-1
network_neutral_dlr,2030-01-14 14:00:00,Line,3591-5191-1,Letterkenny,Tievebrack,-14.48549511772778,159.0,0.09110374287879107,False,-1
network_neutral_dlr,2030-01-14 15:00:00,Line,3591-5191-1,Letterkenny,Tievebrack,-4.641140114441853,159.0,0.029189560468187756,False,-1
network_neutral_dlr,2030-01-14 16:00:00,Line,3591-5191-1,Letterkenny,Tievebrack,-4.92862132753346,159.0,0.030997618412160123,False,-1
network_neutral_dlr,2030-01-14 17:00:00,Line,3591-5191-1,Letterkenny,Tievebrack,-6.731556794074383,159.0,0.04233683518285775,False,-1
network_neutral_dlr,2030-01-14 18:00:00,Line,3591-5191-1,Letterkenny,Tievebrack,-10.878635273090474,159.0,0.06841908976786462,False,-1
network_neutral_dlr,2030-01-14 19:00:00,Line,3591-5191-1,Letterkenny,Tievebrack,-6.729370300577738,159.0,0.042323083651432315,False,-1
network_neutral_dlr,2030-01-14 20:00:00,Line,3591-5191-1,Letterkenny,Tievebrack,-12.957675740523229,159.0,0.08149481597813352,False,-1
network_neutral_dlr,2030-01-14 21:00:00,Line,3591-5191-1,Letterkenny,Tievebrack,-12.36651334445559,159.0,0.07777681348714208,False,-1
network_neutral_dlr,2030-01-14 22:00:00,Line,3591-5191-1,Letterkenny,Tievebrack,-10.120958099282262,159.0,0.06365382452378782,False,-1
network_neutral_dlr,2030-01-14 23:00:00,Line,3591-5191-1,Letterkenny,Tievebrack,1.399422808121738,159.0,0.008801401308941748,False,1
network_neutral_dlr,2030-01-15 00:00:00,Line,3591-5191-1,Letterkenny,Tievebrack,6.377996556514489,159.0,0.040113185890028234,False,1
network_neutral_dlr,2030-01-15 01:00:00,Line,3591-5191-1,Letterkenny,Tievebrack,-4.762019585481099,159.0,0.0299498087137176,False,-1
network_neutral_dlr,2030-01-15 02:00:00,Line,3591-5191-1,Letterkenny,Tievebrack,-7.786338911103158,159.0,0.04897068497549156,False,-1
network_neutral_dlr,2030-01-15 03:00:00,Line,3591-5191-1,Letterkenny,Tievebrack,-27.089339973181637,159.0,0.17037320737850087,False,-1
network_neutral_dlr,2030-01-15 04:00:00,Line,3591-5191-1,Letterkenny,Tievebrack,-20.59256463294995,159.0,0.12951298511289278,False,-1
network_neutral_dlr,2030-01-15 05:00:00,Line,3591-5191-1,Letterkenny,Tievebrack,-16.97863951520587,159.0,0.1067838963220495,False,-1
network_neutral_dlr,2030-01-14 06:00:00,Line,3581-5361-1,Letterkenny,Trillick,-7.452799195947643,123.0,0.06059186338168815,False,-1
network_neutral_dlr,2030-01-14 07:00:00,Line,3581-5361-1,Letterkenny,Trillick,-29.110104564494588,123.0,0.23666751678450884,False,-1
network_neutral_dlr,2030-01-14 08:00:00,Line,3581-5361-1,Letterkenny,Trillick,-34.64039822158048,123.0,0.2816292538339877,False,-1
network_neutral_dlr,2030-01-14 09:00:00,Line,3581-5361-1,Letterkenny,Trillick,-33.089879579774774,123.0,0.2690234112176811,False,-1
network_neutral_dlr,2030-01-14 10:00:00,Line,3581-5361-1,Letterkenny,Trillick,-18.935986983188336,123.0,0.15395111368445802,False,-1
network_neutral_dlr,2030-01-14 11:00:00,Line,3581-5361-1,Letterkenny,Trillick,-30.883717397559746,123.0,0.25108713331349386,False,-1
network_neutral_dlr,2030-01-14 12:00:00,Line,3581-5361-1,Letterkenny,Trillick,-4.5002518362181245,123.0,0.03658741330258638,False,-1
network_neutral_dlr,2030-01-14 13:00:00,Line,3581-5361-1,Letterkenny,Trillick,-1.786217063349449,123.0,0.01452208994593048,False,-1
network_neutral_dlr,2030-01-14 14:00:00,Line,3581-5361-1,Letterkenny,Trillick,3.3816362961484145,123.0,0.027492978017466786,False,1
network_neutral_dlr,2030-01-14 15:00:00,Line,3581-5361-1,Letterkenny,Trillick,-10.53678278787506,123.0,0.08566490071443138,False,-1
network_neutral_dlr,2030-01-14 16:00:00,Line,3581-5361-1,Letterkenny,Trillick,-1.836746556117287,123.0,0.014932898830221846,False,-1
network_neutral_dlr,2030-01-14 17:00:00,Line,3581-5361-1,Letterkenny,Trillick,-1.0130726335208156,123.0,0.008236362874152973,False,-1
network_neutral_dlr,2030-01-14 18:00:00,Line,3581-5361-1,Letterkenny,Trillick,2.2434742299389843,123.0,0.0182396278856828,False,1
network_neutral_dlr,2030-01-14 19:00:00,Line,3581-5361-1,Letterkenny,Trillick,-3.641828622384681,123.0,0.029608362783615293,False,-1
network_neutral_dlr,2030-01-14 20:00:00,Line,3581-5361-1,Letterkenny,Trillick,2.6988374591129194,123.0,0.021941767960267637,False,1
network_neutral_dlr,2030-01-14 21:00:00,Line,3581-5361-1,Letterkenny,Trillick,-4.02091620122831,123.0,0.03269037561974236,False,-1
network_neutral_dlr,2030-01-14 22:00:00,Line,3581-5361-1,Letterkenny,Trillick,-1.1923542866896266,123.0,0.009693937290159566,False,-1
network_neutral_dlr,2030-01-14 23:00:00,Line,3581-5361-1,Letterkenny,Trillick,-17.5254276046813,123.0,0.14248315125757155,False,-1
network_neutral_dlr,2030-01-15 00:00:00,Line,3581-5361-1,Letterkenny,Trillick,-32.735336152146786,123.0,0.2661409443263966,False,-1
network_neutral_dlr,2030-01-15 01:00:00,Line,3581-5361-1,Letterkenny,Trillick,-32.60355810654849,123.0,0.26506957810202025,False,-1
network_neutral_dlr,2030-01-15 02:00:00,Line,3581-5361-1,Letterkenny,Trillick,-28.43999993498103,123.0,0.23121951166651245,False,-1
network_neutral_dlr,2030-01-15 03:00:00,Line,3581-5361-1,Letterkenny,Trillick,-29.837394845482898,123.0,0.24258044589823494,False,-1
network_neutral_dlr,2030-01-15 04:00:00,Line,3581-5361-1,Letterkenny,Trillick,-33.857527049200996,123.0,0.27526444755447965,False,-1
network_neutral_dlr,2030-01-15 05:00:00,Line,3581-5361-1,Letterkenny,Trillick,-23.448185176470165,123.0,0.19063565184122086,False,-1
network_neutral_dlr,2030-01-14 06:00:00,Line,4981-5041-1,Sligo,Srananagh 220,27.029387411092866,123.0,0.21975111716335663,False,1
network_neutral_dlr,2030-01-14 07:00:00,Line,4981-5041-1,Sligo,Srananagh 220,29.10392003864122,123.0,0.236617236086514,False,1
network_neutral_dlr,2030-01-14 08:00:00,Line,4981-5041-1,Sligo,Srananagh 220,26.02424245139236,123.0,0.2115792069218891,False,1
network_neutral_dlr,2030-01-14 09:00:00,Line,4981-5041-1,Sligo,Srananagh 220,41.13154681785314,123.0,0.33440281965734264,False,1
network_neutral_dlr,2030-01-14 10:00:00,Line,4981-5041-1,Sligo,Srananagh 220,40.54259523972848,123.0,0.329614595444947,False,1
network_neutral_dlr,2030-01-14 11:00:00,Line,4981-5041-1,Sligo,Srananagh 220,42.696927449988856,123.0,0.347129491463324,False,1
network_neutral_dlr,2030-01-14 12:00:00,Line,4981-5041-1,Sligo,Srananagh 220,19.4093620743809,123.0,0.15779969166163335,False,1
network_neutral_dlr,2030-01-14 13:00:00,Line,4981-5041-1,Sligo,Srananagh 220,17.420781146783778,123.0,0.1416323670470226,False,1
network_neutral_dlr,2030-01-14 14:00:00,Line,4981-5041-1,Sligo,Srananagh 220,15.99189589788595,123.0,0.13001541380395082,False,1
network_neutral_dlr,2030-01-14 15:00:00,Line,4981-5041-1,Sligo,Srananagh 220,26.284539976541126,123.0,0.21369544696374898,False,1
network_neutral_dlr,2030-01-14 16:00:00,Line,4981-5041-1,Sligo,Srananagh 220,25.417537838179143,123.0,0.20664664909088734,False,1
network_neutral_dlr,2030-01-14 17:00:00,Line,4981-5041-1,Sligo,Srananagh 220,32.77145316625599,123.0,0.26643457858744707,False,1
network_neutral_dlr,2030-01-14 18:00:00,Line,4981-5041-1,Sligo,Srananagh 220,27.7113351081954,123.0,0.22529540738370243,False,1
network_neutral_dlr,2030-01-14 19:00:00,Line,4981-5041-1,Sligo,Srananagh 220,27.608993672543466,123.0,0.2244633631914103,False,1
network_neutral_dlr,2030-01-14 20:00:00,Line,4981-5041-1,Sligo,Srananagh 220,21.38786002270477,123.0,0.17388504083499814,False,1
network_neutral_dlr,2030-01-14 21:00:00,Line,4981-5041-1,Sligo,Srananagh 220,19.399722198045005,123.0,0.15772131868329273,False,1
network_neutral_dlr,2030-01-14 22:00:00,Line,4981-5041-1,Sligo,Srananagh 220,19.683654850866603,123.0,0.16002971423468781,False,1
network_neutral_dlr,2030-01-14 23:00:00,Line,4981-5041-1,Sligo,Srananagh 220,27.609791483525296,123.0,0.22446984945955525,False,1
network_neutral_dlr,2030-01-15 00:00:00,Line,4981-5041-1,Sligo,Srananagh 220,33.04861759291805,123.0,0.26868794790990286,False,1
network_neutral_dlr,2030-01-15 01:00:00,Line,4981-5041-1,Sligo,Srananagh 220,35.28472689782257,123.0,0.28686769835628106,False,1
network_neutral_dlr,2030-01-15 02:00:00,Line,4981-5041-1,Sligo,Srananagh 220,42.37857984835845,123.0,0.34454129958015,False,1
network_neutral_dlr,2030-01-15 03:00:00,Line,4981-5041-1,Sligo,Srananagh 220,51.201529164603926,123.0,0.4162725948341783,False,1
network_neutral_dlr,2030-01-15 04:00:00,Line,4981-5041-1,Sligo,Srananagh 220,55.47209165310519,123.0,0.45099261506589583,False,1
network_neutral_dlr,2030-01-15 05:00:00,Line,4981-5041-1,Sligo,Srananagh 220,49.57909144114984,123.0,0.40308204423699057,False,1
network_neutral_dlr,2030-01-14 06:00:00,Line,4981-5041-2,Sligo,Srananagh 220,26.25105426574726,123.0,0.21342320541257936,False,1
network_neutral_dlr,2030-01-14 07:00:00,Line,4981-5041-2,Sligo,Srananagh 220,28.265849042764117,123.0,0.2298036507541798,False,1
network_neutral_dlr,2030-01-14 08:00:00,Line,4981-5041-2,Sligo,Srananagh 220,25.27485327085489,123.0,0.20548661195816983,False,1
network_neutral_dlr,2030-01-14 09:00:00,Line,4981-5041-2,Sligo,Srananagh 220,39.947130548229104,123.0,0.32477341909129354,False,1
network_neutral_dlr,2030-01-14 10:00:00,Line,4981-5041-2,Sligo,Srananagh 220,39.37513830874153,123.0,0.3201230756808255,False,1
network_neutral_dlr,2030-01-14 11:00:00,Line,4981-5041-2,Sligo,Srananagh 220,41.4674347747274,123.0,0.33713361605469433,False,1
network_neutral_dlr,2030-01-14 12:00:00,Line,4981-5041-2,Sligo,Srananagh 220,18.850453742396112,123.0,0.15325572148289524,False,1
network_neutral_dlr,2030-01-14 13:00:00,Line,4981-5041-2,Sligo,Srananagh 220,16.919135616379013,123.0,0.13755394810064236,False,1
network_neutral_dlr,2030-01-14 14:00:00,Line,4981-5041-2,Sligo,Srananagh 220,15.531396277789764,123.0,0.12627151445357532,False,1
network_neutral_dlr,2030-01-14 15:00:00,Line,4981-5041-2,Sligo,Srananagh 220,25.52765531753078,123.0,0.20754191315065673,False,1
network_neutral_dlr,2030-01-14 16:00:00,Line,4981-5041-2,Sligo,Srananagh 220,24.68561920933105,123.0,0.20069609113277279,False,1
network_neutral_dlr,2030-01-14 17:00:00,Line,4981-5041-2,Sligo,Srananagh 220,31.827772577698873,123.0,0.25876237868047863,False,1
network_neutral_dlr,2030-01-14 18:00:00,Line,4981-5041-2,Sligo,Srananagh 220,26.91336472549868,123.0,0.21880784329673725,False,1
network_neutral_dlr,2030-01-14 19:00:00,Line,4981-5041-2,Sligo,Srananagh 220,26.81397029453829,123.0,0.21799975849218123,False,1
network_neutral_dlr,2030-01-14 20:00:00,Line,4981-5041-2,Sligo,Srananagh 220,20.771979236710656,123.0,0.16887787997325737,False,1
network_neutral_dlr,2030-01-14 21:00:00,Line,4981-5041-2,Sligo,Srananagh 220,18.84109145412225,123.0,0.15317960531806707,False,1
network_neutral_dlr,2030-01-14 22:00:00,Line,4981-5041-2,Sligo,Srananagh 220,19.116848035789296,123.0,0.15542152874625445,False,1
network_neutral_dlr,2030-01-14 23:00:00,Line,4981-5041-2,Sligo,Srananagh 220,26.814745131905465,123.0,0.21800605798297126,False,1
network_neutral_dlr,2030-01-15 00:00:00,Line,4981-5041-2,Sligo,Srananagh 220,32.0969558297712,123.0,0.2609508604046439,False,1
network_neutral_dlr,2030-01-15 01:00:00,Line,4981-5041-2,Sligo,Srananagh 220,34.26867455259732,123.0,0.27860711018371803,False,1
network_neutral_dlr,2030-01-15 02:00:00,Line,4981-5041-2,Sligo,Srananagh 220,41.158254250630854,123.0,0.33461995325716143,False,1
network_neutral_dlr,2030-01-15 03:00:00,Line,4981-5041-2,Sligo,Srananagh 220,49.72713958133001,123.0,0.4042856876530895,False,1
network_neutral_dlr,2030-01-15 04:00:00,Line,4981-5041-2,Sligo,Srananagh 220,53.874727757335144,123.0,0.43800591672630196,False,1
network_neutral_dlr,2030-01-15 05:00:00,Line,4981-5041-2,Sligo,Srananagh 220,48.151421268760714,123.0,0.39147496966472123,False,1
network_neutral_dlr,2030-01-14 06:00:00,Line,4991-5361-1,Sorne Hill,Trillick,14.10332549394124,123.0,0.11466118287757106,False,1
network_neutral_dlr,2030-01-14 07:00:00,Line,4991-5361-1,Sorne Hill,Trillick,27.65927622121897,123.0,0.22487216440015423,False,1
network_neutral_dlr,2030-01-14 08:00:00,Line,4991-5361-1,Sorne Hill,Trillick,31.57292471203537,123.0,0.25669044481329567,False,1
network_neutral_dlr,2030-01-14 09:00:00,Line,4991-5361-1,Sorne Hill,Trillick,30.856659273453886,123.0,0.25086714856466574,False,1
network_neutral_dlr,2030-01-14 10:00:00,Line,4991-5361-1,Sorne Hill,Trillick,22.562850613697613,123.0,0.18343780986746028,False,1
network_neutral_dlr,2030-01-14 11:00:00,Line,4991-5361-1,Sorne Hill,Trillick,29.46775743584074,123.0,0.23957526370602225,False,1
network_neutral_dlr,2030-01-14 12:00:00,Line,4991-5361-1,Sorne Hill,Trillick,13.911591944996564,123.0,0.11310237353655743,False,1
network_neutral_dlr,2030-01-14 13:00:00,Line,4991-5361-1,Sorne Hill,Trillick,12.225090131852161,123.0,0.09939097668172489,False,1
network_neutral_dlr,2030-01-14 14:00:00,Line,4991-5361-1,Sorne Hill,Trillick,9.100715189151563,123.0,0.07398955438334603,False,1
network_neutral_dlr,2030-01-14 15:00:00,Line,4991-5361-1,Sorne Hill,Trillick,17.35269141104657,123.0,0.14107879195972822,False,1
network_neutral_dlr,2030-01-14 16:00:00,Line,4991-5361-1,Sorne Hill,Trillick,12.735443310024104,123.0,0.10354018951239109,False,1
network_neutral_dlr,2030-01-14 17:00:00,Line,4991-5361-1,Sorne Hill,Trillick,12.829685132860396,123.0,0.10430638319398695,False,1
network_neutral_dlr,2030-01-14 18:00:00,Line,4991-5361-1,Sorne Hill,Trillick,10.921434353595691,123.0,0.08879214921622514,False,1
network_neutral_dlr,2030-01-14 19:00:00,Line,4991-5361-1,Sorne Hill,Trillick,13.985471597453586,123.0,0.11370302111750882,False,1
network_neutral_dlr,2030-01-14 20:00:00,Line,4991-5361-1,Sorne Hill,Trillick,9.789263877525505,123.0,0.07958751119939435,False,1
network_neutral_dlr,2030-01-14 21:00:00,Line,4991-5361-1,Sorne Hill,Trillick,13.246118494741266,123.0,0.10769202028244931,False,1
network_neutral_dlr,2030-01-14 22:00:00,Line,4991-5361-1,Sorne Hill,Trillick,11.107911409982277,123.0,0.09030822284538437,False,1
network_neutral_dlr,2030-01-14 23:00:00,Line,4991-5361-1,Sorne Hill,Trillick,20.197918411359524,123.0,0.16421071879154084,False,1
network_neutral_dlr,2030-01-15 00:00:00,Line,4991-5361-1,Sorne Hill,Trillick,28.63996917653709,123.0,0.2328452778580251,False,1
network_neutral_dlr,2030-01-15 01:00:00,Line,4991-5361-1,Sorne Hill,Trillick,28.277885843965812,123.0,0.2299015109265513,False,1
network_neutral_dlr,2030-01-15 02:00:00,Line,4991-5361-1,Sorne Hill,Trillick,25.648240392411775,123.0,0.20852227961310388,False,1
network_neutral_dlr,2030-01-15 03:00:00,Line,4991-5361-1,Sorne Hill,Trillick,26.372122088212148,123.0,0.2144074966521313,False,1
network_neutral_dlr,2030-01-15 04:00:00,Line,4991-5361-1,Sorne Hill,Trillick,28.727813786240404,123.0,0.23355946167675126,False,1
network_neutral_dlr,2030-01-15 05:00:00,Line,4991-5361-1,Sorne Hill,Trillick,22.818123238147724,123.0,0.18551319705811156,False,1
network_priority_dlr,2030-01-14 06:00:00,Line,1571-5191-1,Ardnagappary,Tievebrack,-1.4648813879999105,91.0,0.016097597670328687,False,-1
network_priority_dlr,2030-01-14 07:00:00,Line,1571-5191-1,Ardnagappary,Tievebrack,0.010492436474759614,91.0,0.00011530149972263312,False,1
network_priority_dlr,2030-01-14 08:00:00,Line,1571-5191-1,Ardnagappary,Tievebrack,0.8830326380133382,91.0,0.009703655362783937,False,1
network_priority_dlr,2030-01-14 09:00:00,Line,1571-5191-1,Ardnagappary,Tievebrack,5.8399420926193155,91.0,0.06417518783098149,False,1
network_priority_dlr,2030-01-14 10:00:00,Line,1571-5191-1,Ardnagappary,Tievebrack,6.17555670327652,91.0,0.06786326047556615,False,1
network_priority_dlr,2030-01-14 11:00:00,Line,1571-5191-1,Ardnagappary,Tievebrack,9.604336293349858,91.0,0.10554215706977867,False,1
network_priority_dlr,2030-01-14 12:00:00,Line,1571-5191-1,Ardnagappary,Tievebrack,-0.33941362069215586,91.0,0.0037298200076061085,False,-1
network_priority_dlr,2030-01-14 13:00:00,Line,1571-5191-1,Ardnagappary,Tievebrack,-1.0153302559582382,91.0,0.01115747534020042,False,-1
network_priority_dlr,2030-01-14 14:00:00,Line,1571-5191-1,Ardnagappary,Tievebrack,-2.3871142231027562,91.0,0.02623202442970062,False,-1
network_priority_dlr,2030-01-14 15:00:00,Line,1571-5191-1,Ardnagappary,Tievebrack,1.7872666083949618,91.0,0.019640292399944633,False,1
network_priority_dlr,2030-01-14 16:00:00,Line,1571-5191-1,Ardnagappary,Tievebrack,-2.3420858949078402,91.0,0.025737207636349894,False,-1
network_priority_dlr,2030-01-14 17:00:00,Line,1571-5191-1,Ardnagappary,Tievebrack,-0.13350748666064405,91.0,0.0014671152380290554,False,-1
network_priority_dlr,2030-01-14 18:00:00,Line,1571-5191-1,Ardnagappary,Tievebrack,-2.8302059678573848,91.0,0.031101164481949283,False,-1
network_priority_dlr,2030-01-14 19:00:00,Line,1571-5191-1,Ardnagappary,Tievebrack,-0.6572871074428104,91.0,0.00722293524662429,False,-1
network_priority_dlr,2030-01-14 20:00:00,Line,1571-5191-1,Ardnagappary,Tievebrack,-3.2426371095684035,91.0,0.03563337483042202,False,-1
network_priority_dlr,2030-01-14 21:00:00,Line,1571-5191-1,Ardnagappary,Tievebrack,1.6978310559922214,91.0,0.018657484131782653,False,1
network_priority_dlr,2030-01-14 22:00:00,Line,1571-5191-1,Ardnagappary,Tievebrack,-1.001885719991817,91.0,0.011009733186723263,False,-1
network_priority_dlr,2030-01-14 23:00:00,Line,1571-5191-1,Ardnagappary,Tievebrack,2.388758089146515,91.0,0.02625008889171995,False,1
network_priority_dlr,2030-01-15 00:00:00,Line,1571-5191-1,Ardnagappary,Tievebrack,6.000298748841333,91.0,0.06593734888836629,False,1
network_priority_dlr,2030-01-15 01:00:00,Line,1571-5191-1,Ardnagappary,Tievebrack,8.964707869540707,91.0,0.09851327329165611,False,1
network_priority_dlr,2030-01-15 02:00:00,Line,1571-5191-1,Ardnagappary,Tievebrack,7.905996029245571,91.0,0.08687907724445683,False,1
network_priority_dlr,2030-01-15 03:00:00,Line,1571-5191-1,Ardnagappary,Tievebrack,11.395624357118251,91.0,0.12522664128701375,False,1
network_priority_dlr,2030-01-15 04:00:00,Line,1571-5191-1,Ardnagappary,Tievebrack,11.123055285406963,91.0,0.12223137676271388,False,1
network_priority_dlr,2030-01-15 05:00:00,Line,1571-5191-1,Ardnagappary,Tievebrack,9.129116393694499,91.0,0.10031996037026922,False,1
network_priority_dlr,2030-01-14 06:00:00,Line,1341-1701-1,Binbane,Cathaleen's Fall,29.14052978727532,210.0,0.1387644275584539,False,1
network_priority_dlr,2030-01-14 07:00:00,Line,1341-1701-1,Binbane,Cathaleen's Fall,53.45739192874612,210.0,0.25455900918450536,False,1
network_priority_dlr,2030-01-14 08:00:00,Line,1341-1701-1,Binbane,Cathaleen's Fall,51.88451290586847,210.0,0.24706910907556415,False,1
network_priority_dlr,2030-01-14 09:00:00,Line,1341-1701-1,Binbane,Cathaleen's Fall,67.05080343809533,210.0,0.3192895401814063,False,1
network_priority_dlr,2030-01-14 10:00:00,Line,1341-1701-1,Binbane,Cathaleen's Fall,55.9077333278249,210.0,0.26622730156107094,False,1
network_priority_dlr,2030-01-14 11:00:00,Line,1341-1701-1,Binbane,Cathaleen's Fall,76.40299295689296,210.0,0.36382377598520454,False,1
network_priority_dlr,2030-01-14 12:00:00,Line,1341-1701-1,Binbane,Cathaleen's Fall,25.064809028480127,210.0,0.11935623346895298,False,1
network_priority_dlr,2030-01-14 13:00:00,Line,1341-1701-1,Binbane,Cathaleen's Fall,21.253717885634092,210.0,0.10120818040778139,False,1
network_priority_dlr,2030-01-14 14:00:00,Line,1341-1701-1,Binbane,Cathaleen's Fall,5.4610429159157015,210.0,0.026004966266265243,False,1
network_priority_dlr,2030-01-14 15:00:00,Line,1341-1701-1,Binbane,Cathaleen's Fall,49.79714597010981,210.0,0.23712926652433242,False,1
network_priority_dlr,2030-01-14 16:00:00,Line,1341-1701-1,Binbane,Cathaleen's Fall,29.741616440329498,210.0,0.14162674495395,False,1
network_priority_dlr,2030-01-14 17:00:00,Line,1341-1701-1,Binbane,Cathaleen's Fall,45.373799391115725,210.0,0.21606571138626535,False,1
network_priority_dlr,2030-01-14 18:00:00,Line,1341-1701-1,Binbane,Cathaleen's Fall,22.78513120290487,210.0,0.10850062477573748,False,1
network_priority_dlr,2030-01-14 19:00:00,Line,1341-1701-1,Binbane,Cathaleen's Fall,30.06303043948856,210.0,0.1431572878070884,False,1
network_priority_dlr,2030-01-14 20:00:00,Line,1341-1701-1,Binbane,Cathaleen's Fall,5.7431215847239585,210.0,0.02734819802249504,False,1
network_priority_dlr,2030-01-14 21:00:00,Line,1341-1701-1,Binbane,Cathaleen's Fall,20.897612721273322,210.0,0.09951244152987296,False,1
network_priority_dlr,2030-01-14 22:00:00,Line,1341-1701-1,Binbane,Cathaleen's Fall,7.901990520507066,210.0,0.037628526288128884,False,1
network_priority_dlr,2030-01-14 23:00:00,Line,1341-1701-1,Binbane,Cathaleen's Fall,45.353089746741844,210.0,0.215967094032104,False,1
network_priority_dlr,2030-01-15 00:00:00,Line,1341-1701-1,Binbane,Cathaleen's Fall,71.6626463511812,210.0,0.3412506969103866,False,1
network_priority_dlr,2030-01-15 01:00:00,Line,1341-1701-1,Binbane,Cathaleen's Fall,80.1603980983335,210.0,0.38171618142063574,False,1
network_priority_dlr,2030-01-15 02:00:00,Line,1341-1701-1,Binbane,Cathaleen's Fall,78.31924937879079,210.0,0.3729488065656704,False,1
network_priority_dlr,2030-01-15 03:00:00,Line,1341-1701-1,Binbane,Cathaleen's Fall,80.97665158869805,210.0,0.38560310280332405,False,1
network_priority_dlr,2030-01-15 04:00:00,Line,1341-1701-1,Binbane,Cathaleen's Fall,77.08971724846035,210.0,0.367093891659335,False,1
network_priority_dlr,2030-01-15 05:00:00,Line,1341-1701-1,Binbane,Cathaleen's Fall,77.88002764927852,210.0,0.37085727452037387,False,1
network_priority_dlr,2030-01-14 06:00:00,Line,1341-5191-1,Binbane,Tievebrack,-12.995100601626703,159.0,0.08173019246306103,False,-1
network_priority_dlr,2030-01-14 07:00:00,Line,1341-5191-1,Binbane,Tievebrack,-25.552212953115653,159.0,0.16070574184349468,False,-1
network_priority_dlr,2030-01-14 08:00:00,Line,1341-5191-1,Binbane,Tievebrack,-28.81269967298755,159.0,0.1812119476288525,False,-1
network_priority_dlr,2030-01-14 09:00:00,Line,1341-5191-1,Binbane,Tievebrack,-34.10513811966965,159.0,0.21449772402307954,False,-1
network_priority_dlr,2030-01-14 10:00:00,Line,1341-5191-1,Binbane,Tievebrack,-31.232307840074064,159.0,0.19642960905706958,False,-1
network_priority_dlr,2030-01-14 11:00:00,Line,1341-5191-1,Binbane,Tievebrack,-30.50446764856366,159.0,0.19185199778970857,False,-1
network_priority_dlr,2030-01-14 12:00:00,Line,1341-5191-1,Binbane,Tievebrack,-15.688164824643057,159.0,0.09866770329964186,False,-1
network_priority_dlr,2030-01-14 13:00:00,Line,1341-5191-1,Binbane,Tievebrack,-13.047492875234393,159.0,0.08205970361782637,False,-1
network_priority_dlr,2030-01-14 14:00:00,Line,1341-5191-1,Binbane,Tievebrack,-2.5057089441273384,159.0,0.015759175749228544,False,-1
network_priority_dlr,2030-01-14 15:00:00,Line,1341-5191-1,Binbane,Tievebrack,-23.330069871786463,159.0,0.14672999919362556,False,-1
network_priority_dlr,2030-01-14 16:00:00,Line,1341-5191-1,Binbane,Tievebrack,-15.904593946388722,159.0,0.10002889274458315,False,-1
network_priority_dlr,2030-01-14 17:00:00,Line,1341-5191-1,Binbane,Tievebrack,-19.1449079590161,159.0,0.12040822615733396,False,-1
network_priority_dlr,2030-01-14 18:00:00,Line,1341-5191-1,Binbane,Tievebrack,-8.87561439105593,159.0,0.05582147415758446,False,-1
network_priority_dlr,2030-01-14 19:00:00,Line,1341-5191-1,Binbane,Tievebrack,-15.573618325822675,159.0,0.09794728506806714,False,-1
network_priority_dlr,2030-01-14 20:00:00,Line,1341-5191-1,Binbane,Tievebrack,-0.11781742993359501,159.0,0.0007409901253685221,False,-1
network_priority_dlr,2030-01-14 21:00:00,Line,1341-5191-1,Binbane,Tievebrack,-7.225010849720139,159.0,0.04544031980956062,False,-1
network_priority_dlr,2030-01-14 22:00:00,Line,1341-5191-1,Binbane,Tievebrack,-2.411643337001344,159.0,0.015167568157241157,False,-1
network_priority_dlr,2030-01-14 23:00:00,Line,1341-5191-1,Binbane,Tievebrack,-24.12045994232285,159.0,0.1517010059265588,False,-1
network_priority_dlr,2030-01-15 00:00:00,Line,1341-5191-1,Binbane,Tievebrack,-35.80006716706385,159.0,0.22515765513876637,False,-1
network_priority_dlr,2030-01-15 01:00:00,Line,1341-5191-1,Binbane,Tievebrack,-36.89034697350342,159.0,0.23201476083964415,False,-1
network_priority_dlr,2030-01-15 02:00:00,Line,1341-5191-1,Binbane,Tievebrack,-31.648308491681007,159.0,0.19904596535648433,False,-1
network_priority_dlr,2030-01-15 03:00:00,Line,1341-5191-1,Binbane,Tievebrack,-21.62942653732106,159.0,0.13603412916554125,False,-1
network_priority_dlr,2030-01-15 04:00:00,Line,1341-5191-1,Binbane,Tievebrack,-17.266974270577357,159.0,0.10859732245646136,False,-1
network_priority_dlr,2030-01-15 05:00:00,Line,1341-5191-1,Binbane,Tievebrack,-25.14399618746384,159.0,0.15813834080165937,False,-1
network_priority_dlr,2030-01-14 06:00:00,Line,2870-17010-1,Clogher,Cathaleen's Fall,65.75525594494457,209.0,0.3146184494973424,False,1
network_priority_dlr,2030-01-14 07:00:00,Line,2870-17010-1,Clogher,Cathaleen's Fall,89.67181437308139,209.0,0.4290517434118727,False,1
network_priority_dlr,2030-01-14 08:00:00,Line,2870-17010-1,Clogher,Cathaleen's Fall,92.3847098049984,209.0,0.44203210433013584,False,1
network_priority_dlr,2030-01-14 09:00:00,Line,2870-17010-1,Clogher,Cathaleen's Fall,106.06940399869865,209.0,0.5075091100416204,False,1
network_priority_dlr,2030-01-14 10:00:00,Line,2870-17010-1,Clogher,Cathaleen's Fall,98.1555536162751,209.0,0.4696437972070579,False,1
network_priority_dlr,2030-01-14 11:00:00,Line,2870-17010-1,Clogher,Cathaleen's Fall,97.21691296698495,209.0,0.46515269362193756,False,1
network_priority_dlr,2030-01-14 12:00:00,Line,2870-17010-1,Clogher,Cathaleen's Fall,69.47996096419595,209.0,0.33244000461337775,False,1
network_priority_dlr,2030-01-14 13:00:00,Line,2870-17010-1,Clogher,Cathaleen's Fall,66.86191505443793,209.0,0.3199134691599901,False,1
network_priority_dlr,2030-01-14 14:00:00,Line,2870-17010-1,Clogher,Cathaleen's Fall,41.9376584513396,209.0,0.20065865287722298,False,1
network_priority_dlr,2030-01-14 15:00:00,Line,2870-17010-1,Clogher,Cathaleen's Fall,91.47552670747598,209.0,0.43768194596878457,False,1
network_priority_dlr,2030-01-14 16:00:00,Line,2870-17010-1,Clogher,Cathaleen's Fall,78.76493480006872,209.0,0.37686571674674024,False,1
network_priority_dlr,2030-01-14 17:00:00,Line,2870-17010-1,Clogher,Cathaleen's Fall,92.47936729282979,209.0,0.4424850109704775,False,1
network_priority_dlr,2030-01-14 18:00:00,Line,2870-17010-1,Clogher,Cathaleen's Fall,60.73554922879709,209.0,0.2906007140133832,False,1
network_priority_dlr,2030-01-14 19:00:00,Line,2870-17010-1,Clogher,Cathaleen's Fall,72.82284557399284,209.0,0.3484346678181475,False,1
network_priority_dlr,2030-01-14 20:00:00,Line,2870-17010-1,Clogher,Cathaleen's Fall,38.516555299250186,209.0,0.18428973827392434,False,1
network_priority_dlr,2030-01-14 21:00:00,Line,2870-17010-1,Clogher,Cathaleen's Fall,54.56271144988166,209.0,0.26106560502335724,False,1
network_priority_dlr,2030-01-14 22:00:00,Line,2870-17010-1,Clogher,Cathaleen's Fall,44.5230340571681,209.0,0.2130288710869287,False,1
network_priority_dlr,2030-01-14 23:00:00,Line,2870-17010-1,Clogher,Cathaleen's Fall,93.87165998415357,209.0,0.44914669848877303,False,1
network_priority_dlr,2030-01-15 00:00:00,Line,2870-17010-1,Clogher,Cathaleen's Fall,111.52678290959237,209.0,0.5336209708592936,False,1
network_priority_dlr,2030-01-15 01:00:00,Line,2870-17010-1,Clogher,Cathaleen's Fall,109.71111254050662,209.0,0.5249335528253906,False,1
network_priority_dlr,2030-01-15 02:00:00,Line,2870-17010-1,Clogher,Cathaleen's Fall,96.83348302029944,209.0,0.4633181005755954,False,1
network_priority_dlr,2030-01-15 03:00:00,Line,2870-17010-1,Clogher,Cathaleen's Fall,82.27299589114783,209.0,0.3936506980437695,False,1
network_priority_dlr,2030-01-15 04:00:00,Line,2870-17010-1,Clogher,Cathaleen's Fall,76.71344418974618,209.0,0.3670499721997425,False,1
network_priority_dlr,2030-01-15 05:00:00,Line,2870-17010-1,Clogher,Cathaleen's Fall,84.52825012770985,209.0,0.40444138817086056,False,1
network_priority_dlr,2030-01-14 06:00:00,Line,1701-28712-2,Cathaleen's Fall,Clogher,-65.75525594494457,210.0,0.3131202664044979,False,-1
network_priority_dlr,2030-01-14 07:00:00,Line,1701-28712-2,Cathaleen's Fall,Clogher,-89.67181437308138,210.0,0.4270086398718161,False,-1
network_priority_dlr,2030-01-14 08:00:00,Line,1701-28712-2,Cathaleen's Fall,Clogher,-92.38470980499837,210.0,0.4399271895476113,False,-1
network_priority_dlr,2030-01-14 09:00:00,Line,1701-28712-2,Cathaleen's Fall,Clogher,-106.06940399869865,210.0,0.5050923999938031,False,-1
network_priority_dlr,2030-01-14 10:00:00,Line,1701-28712-2,Cathaleen's Fall,Clogher,-98.15555361627509,210.0,0.4674073981727385,False,-1
network_priority_dlr,2030-01-14 11:00:00,Line,1701-28712-2,Cathaleen's Fall,Clogher,-97.21691296698495,210.0,0.46293768079516645,False,-1
network_priority_dlr,2030-01-14 12:00:00,Line,1701-28712-2,Cathaleen's Fall,Clogher,-69.47996096419595,210.0,0.33085695697236167,False,-1
network_priority_dlr,2030-01-14 13:00:00,Line,1701-28712-2,Cathaleen's Fall,Clogher,-66.86191505443793,210.0,0.31839007168779965,False,-1
network_priority_dlr,2030-01-14 14:00:00,Line,1701-28712-2,Cathaleen's Fall,Clogher,-41.9376584513396,210.0,0.19970313548256952,False,-1
network_priority_dlr,2030-01-14 15:00:00,Line,1701-28712-2,Cathaleen's Fall,Clogher,-91.47552670747596,210.0,0.435597746226076,False,-1
network_priority_dlr,2030-01-14 16:00:00,Line,1701-28712-2,Cathaleen's Fall,Clogher,-78.76493480006872,210.0,0.3750711180955653,False,-1
network_priority_dlr,2030-01-14 17:00:00,Line,1701-28712-2,Cathaleen's Fall,Clogher,-92.47936729282979,210.0,0.4403779394896657,False,-1
network_priority_dlr,2030-01-14 18:00:00,Line,1701-28712-2,Cathaleen's Fall,Clogher,-60.73554922879709,210.0,0.28921690108951,False,-1
network_priority_dlr,2030-01-14 19:00:00,Line,1701-28712-2,Cathaleen's Fall,Clogher,-72.82284557399284,210.0,0.3467754551142516,False,-1
network_priority_dlr,2030-01-14 20:00:00,Line,1701-28712-2,Cathaleen's Fall,Clogher,-38.516555299250186,210.0,0.18341216809166755,False,-1
network_priority_dlr,2030-01-14 21:00:00,Line,1701-28712-2,Cathaleen's Fall,Clogher,-54.56271144988166,210.0,0.25982243547562694,False,-1
network_priority_dlr,2030-01-14 22:00:00,Line,1701-28712-2,Cathaleen's Fall,Clogher,-44.5230340571681,210.0,0.21201444789127666,False,-1
network_priority_dlr,2030-01-14 23:00:00,Line,1701-28712-2,Cathaleen's Fall,Clogher,-93.87165998415354,210.0,0.4470079046864454,False,-1
network_priority_dlr,2030-01-15 00:00:00,Line,1701-28712-2,Cathaleen's Fall,Clogher,-111.52678290959237,210.0,0.5310799186171066,False,-1
network_priority_dlr,2030-01-15 01:00:00,Line,1701-28712-2,Cathaleen's Fall,Clogher,-109.71111254050659,210.0,0.5224338692405076,False,-1
network_priority_dlr,2030-01-15 02:00:00,Line,1701-28712-2,Cathaleen's Fall,Clogher,-96.83348302029943,210.0,0.46111182390618777,False,-1
network_priority_dlr,2030-01-15 03:00:00,Line,1701-28712-2,Cathaleen's Fall,Clogher,-82.27299589114783,210.0,0.39177617091022776,False,-1
network_priority_dlr,2030-01-15 04:00:00,Line,1701-28712-2,Cathaleen's Fall,Clogher,-76.71344418974618,210.0,0.36530211518926753,False,-1
network_priority_dlr,2030-01-15 05:00:00,Line,1701-28712-2,Cathaleen's Fall,Clogher,-84.52825012770985,210.0,0.4025154767986183,False,-1
network_priority_dlr,2030-01-14 06:00:00,Line,1701-5041-1,Cathaleen's Fall,Srananagh 220,39.437800571412815,191.0,0.20648063126394145,False,1
network_priority_dlr,2030-01-14 07:00:00,Line,1701-5041-1,Cathaleen's Fall,Srananagh 220,54.087052837584864,191.0,0.28317828710777415,False,1
network_priority_dlr,2030-01-14 08:00:00,Line,1701-5041-1,Cathaleen's Fall,Srananagh 220,54.23546410162154,191.0,0.2839553094325735,False,1
network_priority_dlr,2030-01-14 09:00:00,Line,1701-5041-1,Cathaleen's Fall,Srananagh 220,52.199646378479834,191.0,0.27329657789780015,False,1
network_priority_dlr,2030-01-14 10:00:00,Line,1701-5041-1,Cathaleen's Fall,Srananagh 220,53.23131040410893,191.0,0.2786979602309368,False,1
network_priority_dlr,2030-01-14 11:00:00,Line,1701-5041-1,Cathaleen's Fall,Srananagh 220,51.24226652591662,191.0,0.26828411793673623,False,1
network_priority_dlr,2030-01-14 12:00:00,Line,1701-5041-1,Cathaleen's Fall,Srananagh 220,39.39876223209679,191.0,0.2062762420528628,False,1
network_priority_dlr,2030-01-14 13:00:00,Line,1701-5041-1,Cathaleen's Fall,Srananagh 220,37.55700694974908,191.0,0.19663354423952398,False,1
network_priority_dlr,2030-01-14 14:00:00,Line,1701-5041-1,Cathaleen's Fall,Srananagh 220,24.85626169253712,191.0,0.13013749577244565,False,1
network_priority_dlr,2030-01-14 15:00:00,Line,1701-5041-1,Cathaleen's Fall,Srananagh 220,54.18693818455355,191.0,0.28370124703954736,False,1
network_priority_dlr,2030-01-14 16:00:00,Line,1701-5041-1,Cathaleen's Fall,Srananagh 220,44.77361075619821,191.0,0.23441681024187544,False,1
network_priority_dlr,2030-01-14 17:00:00,Line,1701-5041-1,Cathaleen's Fall,Srananagh 220,53.368785683314485,191.0,0.27941772609065174,False,1
network_priority_dlr,2030-01-14 18:00:00,Line,1701-5041-1,Cathaleen's Fall,Srananagh 220,35.90404007169281,191.0,0.18797926739106186,False,1
network_priority_dlr,2030-01-14 19:00:00,Line,1701-5041-1,Cathaleen's Fall,Srananagh 220,41.67040244650273,191.0,0.21816964631676822,False,1
network_priority_dlr,2030-01-14 20:00:00,Line,1701-5041-1,Cathaleen's Fall,Srananagh 220,23.387416293124065,191.0,0.12244720572316264,False,1
network_priority_dlr,2030-01-14 21:00:00,Line,1701-5041-1,Cathaleen's Fall,Srananagh 220,32.492067736139965,191.0,0.17011553788554956,False,1
network_priority_dlr,2030-01-14 22:00:00,Line,1701-5041-1,Cathaleen's Fall,Srananagh 220,26.275864871069587,191.0,0.13756997314696118,False,1
network_priority_dlr,2030-01-14 23:00:00,Line,1701-5041-1,Cathaleen's Fall,Srananagh 220,53.405793193866764,191.0,0.2796114826904019,False,1
network_priority_dlr,2030-01-15 00:00:00,Line,1701-5041-1,Cathaleen's Fall,Srananagh 220,54.81060935696954,191.0,0.2869665411359662,False,1
network_priority_dlr,2030-01-15 01:00:00,Line,1701-5041-1,Cathaleen's Fall,Srananagh 220,56.91595133571969,191.0,0.2979892740090036,False,1
network_priority_dlr,2030-01-15 02:00:00,Line,1701-5041-1,Cathaleen's Fall,Srananagh 220,51.44945560559004,191.0,0.2693688775161782,False,1
network_priority_dlr,2030-01-15 03:00:00,Line,1701-5041-1,Cathaleen's Fall,Srananagh 220,47.678881648614905,191.0,0.24962765261054923,False,1
network_priority_dlr,2030-01-15 04:00:00,Line,1701-5041-1,Cathaleen's Fall,Srananagh 220,45.99164333419914,191.0,0.24079394415811067,False,1
network_priority_dlr,2030-01-15 05:00:00,Line,1701-5041-1,Cathaleen's Fall,Srananagh 220,48.18431438046344,191.0,0.2522738972799133,False,1
network_priority_dlr,2030-01-14 06:00:00,Line,5041-17010-2,Srananagh 220,Cathaleen's Fall,-176.29856065319498,229.64560967151573,0.7676983718755688,False,-1
network_priority_dlr,2030-01-14 07:00:00,Line,5041-17010-2,Srananagh 220,Cathaleen's Fall,-241.78502419203036,241.78502419203036,1.0,True,-1
network_priority_dlr,2030-01-14 08:00:00,Line,5041-17010-2,Srananagh 220,Cathaleen's Fall,-242.44846616534755,242.44846616534755,1.0,True,-1
network_priority_dlr,2030-01-14 09:00:00,Line,5041-17010-2,Srananagh 220,Cathaleen's Fall,-233.3477625474508,254.50703063857847,0.916861754121144,False,-1
network_priority_dlr,2030-01-14 10:00:00,Line,5041-17010-2,Srananagh 220,Cathaleen's Fall,-237.95960398284592,250.18427929212484,0.9511373162859489,False,-1
network_priority_dlr,2030-01-14 11:00:00,Line,5041-17010-2,Srananagh 220,Cathaleen's Fall,-229.06799320028267,258.21165347136315,0.8871326685713949,False,-1
network_priority_dlr,2030-01-14 12:00:00,Line,5041-17010-2,Srananagh 220,Cathaleen's Fall,-176.1240478017685,225.75042293251883,0.7801715076051724,False,-1
network_priority_dlr,2030-01-14 13:00:00,Line,5041-17010-2,Srananagh 220,Cathaleen's Fall,-167.89086033571382,225.41071448472013,0.7448220051096756,False,-1
network_priority_dlr,2030-01-14 14:00:00,Line,5041-17010-2,Srananagh 220,Cathaleen's Fall,-111.11479585882135,217.33994748010187,0.5112488391900171,False,-1
network_priority_dlr,2030-01-14 15:00:00,Line,5041-17010-2,Srananagh 220,Cathaleen's Fall,-242.23154105265087,242.23154105265087,1.0,True,-1
network_priority_dlr,2030-01-14 16:00:00,Line,5041-17010-2,Srananagh 220,Cathaleen's Fall,-200.1512005536615,235.52985599207463,0.8497912067691172,False,-1
network_priority_dlr,2030-01-14 17:00:00,Line,5041-17010-2,Srananagh 220,Cathaleen's Fall,-238.5741588895134,243.68765057744108,0.9790162050649232,False,-1
network_priority_dlr,2030-01-14 18:00:00,Line,5041-17010-2,Srananagh 220,Cathaleen's Fall,-160.5016125281177,233.30246251694183,0.6879550725550635,False,-1
network_priority_dlr,2030-01-14 19:00:00,Line,5041-17010-2,Srananagh 220,Cathaleen's Fall,-186.27894727179577,235.27576151850968,0.7917472929192529,False,-1
network_priority_dlr,2030-01-14 20:00:00,Line,5041-17010-2,Srananagh 220,Cathaleen's Fall,-104.54862518026943,222.88576645814086,0.4690681995608913,False,-1
network_priority_dlr,2030-01-14 21:00:00,Line,5041-17010-2,Srananagh 220,Cathaleen's Fall,-145.24909329451435,225.10909895444502,0.6452386596949962,False,-1
network_priority_dlr,2030-01-14 22:00:00,Line,5041-17010-2,Srananagh 220,Cathaleen's Fall,-117.46083933608843,221.04765799253371,0.5313824195326055,False,-1
network_priority_dlr,2030-01-14 23:00:00,Line,5041-17010-2,Srananagh 220,Cathaleen's Fall,-238.73959333943688,238.73959333943688,1.0,True,-1
network_priority_dlr,2030-01-15 00:00:00,Line,5041-17010-2,Srananagh 220,Cathaleen's Fall,-245.019534511331,250.67745861853422,0.9774294659823678,False,-1
network_priority_dlr,2030-01-15 01:00:00,Line,5041-17010-2,Srananagh 220,Cathaleen's Fall,-254.43103198731976,254.43103198731976,1.0,True,-1
network_priority_dlr,2030-01-15 02:00:00,Line,5041-17010-2,Srananagh 220,Cathaleen's Fall,-229.9941892862774,254.96035575154116,0.9020782411772547,False,-1
network_priority_dlr,2030-01-15 03:00:00,Line,5041-17010-2,Srananagh 220,Cathaleen's Fall,-213.13861539981193,261.8749485654023,0.8138946339366301,False,-1
network_priority_dlr,2030-01-15 04:00:00,Line,5041-17010-2,Srananagh 220,Cathaleen's Fall,-205.59616419815848,263.9655427691874,0.7788750078563574,False,-1
network_priority_dlr,2030-01-15 05:00:00,Line,5041-17010-2,Srananagh 220,Cathaleen's Fall,-215.3980482748922,260.9453823192299,0.8254526152579433,False,-1
network_priority_dlr,2030-01-14 06:00:00,Line,28710-51911-1,Clogher,Croaghonagh,-60.60677741735044,183.0,0.3311845760510953,False,-1
network_priority_dlr,2030-01-14 07:00:00,Line,28710-51911-1,Clogher,Croaghonagh,-86.08848218272233,183.0,0.4704288643864608,False,-1
network_priority_dlr,2030-01-14 08:00:00,Line,28710-51911-1,Clogher,Croaghonagh,-95.1860608810277,183.0,0.5201424091859437,False,-1
network_priority_dlr,2030-01-14 09:00:00,Line,28710-51911-1,Clogher,Croaghonagh,-115.24030742485701,183.0,0.6297284558735355,False,-1
network_priority_dlr,2030-01-14 10:00:00,Line,28710-51911-1,Clogher,Croaghonagh,-109.39640054505645,183.0,0.5977945384975762,False,-1
network_priority_dlr,2030-01-14 11:00:00,Line,28710-51911-1,Clogher,Croaghonagh,-120.73533693508975,183.0,0.6597559395360095,False,-1
network_priority_dlr,2030-01-14 12:00:00,Line,28710-51911-1,Clogher,Croaghonagh,-70.10370159614367,183.0,0.383080336590949,False,-1
network_priority_dlr,2030-01-14 13:00:00,Line,28710-51911-1,Clogher,Croaghonagh,-73.1604537050968,183.0,0.39978390002785136,False,-1
network_priority_dlr,2030-01-14 14:00:00,Line,28710-51911-1,Clogher,Croaghonagh,-52.68655909710675,183.0,0.287904694519709,False,-1
network_priority_dlr,2030-01-14 15:00:00,Line,28710-51911-1,Clogher,Croaghonagh,-98.13480402024487,183.0,0.5362557596734693,False,-1
network_priority_dlr,2030-01-14 16:00:00,Line,28710-51911-1,Clogher,Croaghonagh,-78.48868206479241,183.0,0.42889990199340117,False,-1
network_priority_dlr,2030-01-14 17:00:00,Line,28710-51911-1,Clogher,Croaghonagh,-88.11736524487304,183.0,0.48151565707580896,False,-1
network_priority_dlr,2030-01-14 18:00:00,Line,28710-51911-1,Clogher,Croaghonagh,-61.410754679792184,183.0,0.3355778944250939,False,-1
network_priority_dlr,2030-01-14 19:00:00,Line,28710-51911-1,Clogher,Croaghonagh,-68.56665332919714,183.0,0.37468116573331767,False,-1
network_priority_dlr,2030-01-14 20:00:00,Line,28710-51911-1,Clogher,Croaghonagh,-45.29003367864538,183.0,0.24748652283412775,False,-1
network_priority_dlr,2030-01-14 21:00:00,Line,28710-51911-1,Clogher,Croaghonagh,-55.09865454005457,183.0,0.3010855439347244,False,-1
network_priority_dlr,2030-01-14 22:00:00,Line,28710-51911-1,Clogher,Croaghonagh,-50.41568457560471,183.0,0.27549554412898747,False,-1
network_priority_dlr,2030-01-14 23:00:00,Line,28710-51911-1,Clogher,Croaghonagh,-83.40817248830035,183.0,0.45578236332404565,False,-1
network_priority_dlr,2030-01-15 00:00:00,Line,28710-51911-1,Clogher,Croaghonagh,-106.97348835677384,183.0,0.5845545811845565,False,-1
network_priority_dlr,2030-01-15 01:00:00,Line,28710-51911-1,Clogher,Croaghonagh,-113.4495040625436,183.0,0.6199426451505115,False,-1
network_priority_dlr,2030-01-15 02:00:00,Line,28710-51911-1,Clogher,Croaghonagh,-110.0223057902172,183.0,0.6012147857388919,False,-1
network_priority_dlr,2030-01-15 03:00:00,Line,28710-51911-1,Clogher,Croaghonagh,-121.43444558905436,183.0,0.6635762054046687,False,-1
network_priority_dlr,2030-01-15 04:00:00,Line,28710-51911-1,Clogher,Croaghonagh,-122.20188611277268,183.0,0.6677698694687032,False,-1
network_priority_dlr,2030-01-15 05:00:00,Line,28710-51911-1,Clogher,Croaghonagh,-120.31675560816319,183.0,0.6574686098806731,False,-1
network_priority_dlr,2030-01-14 06:00:00,Line,2321-28710-1,Drumkeen,Clogher,-12.95820190545353,123.0,0.10535123500368723,False,-1
network_priority_dlr,2030-01-14 07:00:00,Line,2321-28710-1,Drumkeen,Clogher,12.849885444429944,123.0,0.10447061336934914,False,1
network_priority_dlr,2030-01-14 08:00:00,Line,2321-28710-1,Drumkeen,Clogher,13.377289029252715,123.0,0.1087584473922985,False,1
network_priority_dlr,2030-01-14 09:00:00,Line,2321-28710-1,Drumkeen,Clogher,21.76146665765549,123.0,0.17692249315167063,False,1
network_priority_dlr,2030-01-14 10:00:00,Line,2321-28710-1,Drumkeen,Clogher,11.2892250021147,123.0,0.09178231709036341,False,1
network_priority_dlr,2030-01-14 11:00:00,Line,2321-28710-1,Drumkeen,Clogher,28.79140343296538,123.0,0.2340764506745153,False,1
network_priority_dlr,2030-01-14 12:00:00,Line,2321-28710-1,Drumkeen,Clogher,-17.64654191333516,123.0,0.1434678204336192,False,-1
network_priority_dlr,2030-01-14 13:00:00,Line,2321-28710-1,Drumkeen,Clogher,-23.488746115749883,123.0,0.1909654155752023,False,-1
network_priority_dlr,2030-01-14 14:00:00,Line,2321-28710-1,Drumkeen,Clogher,-31.768237380524145,123.0,0.2582783526871882,False,-1
network_priority_dlr,2030-01-14 15:00:00,Line,2321-28710-1,Drumkeen,Clogher,2.9218723590404636,123.0,0.023755059829597264,False,1
network_priority_dlr,2030-01-14 16:00:00,Line,2321-28710-1,Drumkeen,Clogher,-13.886075659994349,123.0,0.11289492406499471,False,-1
network_priority_dlr,2030-01-14 17:00:00,Line,2321-28710-1,Drumkeen,Clogher,-7.309293181088165,123.0,0.05942514781372492,False,-1
network_priority_dlr,2030-01-14 18:00:00,Line,2321-28710-1,Drumkeen,Clogher,-17.8892992984586,123.0,0.14544145771104552,False,-1
network_priority_dlr,2030-01-14 19:00:00,Line,2321-28710-1,Drumkeen,Clogher,-11.398842472928958,123.0,0.09267351604007283,False,-1
network_priority_dlr,2030-01-14 20:00:00,Line,2321-28710-1,Drumkeen,Clogher,-28.40881780591535,123.0,0.23096599842207602,False,-1
network_priority_dlr,2030-01-14 21:00:00,Line,2321-28710-1,Drumkeen,Clogher,-19.791633048626064,123.0,0.16090758576118752,False,-1
network_priority_dlr,2030-01-14 22:00:00,Line,2321-28710-1,Drumkeen,Clogher,-26.668841019072843,123.0,0.21681984568351906,False,-1
network_priority_dlr,2030-01-14 23:00:00,Line,2321-28710-1,Drumkeen,Clogher,1.3005531632736762,123.0,0.010573602953444523,False,1
network_priority_dlr,2030-01-15 00:00:00,Line,2321-28710-1,Drumkeen,Clogher,29.42434169575374,123.0,0.23922229020938,False,1
network_priority_dlr,2030-01-15 01:00:00,Line,2321-28710-1,Drumkeen,Clogher,35.327571449857565,123.0,0.2872160280476225,False,1
network_priority_dlr,2030-01-15 02:00:00,Line,2321-28710-1,Drumkeen,Clogher,36.22548841652136,123.0,0.29451616598797853,False,1
network_priority_dlr,2030-01-15 03:00:00,Line,2321-28710-1,Drumkeen,Clogher,30.98503060267132,123.0,0.2519108179078969,False,1
network_priority_dlr,2030-01-15 04:00:00,Line,2321-28710-1,Drumkeen,Clogher,24.684783536121948,123.0,0.20068929704164185,False,1
network_priority_dlr,2030-01-15 05:00:00,Line,2321-28710-1,Drumkeen,Clogher,33.72657251076337,123.0,0.2741997765102713,False,1
network_priority_dlr,2030-01-14 06:00:00,Line,3581-28019-1,Letterkenny,Clogher,-18.91547656205577,121.0,0.15632625257897328,False,-1
network_priority_dlr,2030-01-14 07:00:00,Line,3581-28019-1,Letterkenny,Clogher,0.8799354406958368,121.0,0.007272193724758983,False,1
network_priority_dlr,2030-01-14 08:00:00,Line,3581-28019-1,Letterkenny,Clogher,1.3260185037549208,121.0,0.0109588306095448,False,1
network_priority_dlr,2030-01-14 09:00:00,Line,3581-28019-1,Letterkenny,Clogher,6.899974262666493,121.0,0.05702458068319416,False,1
network_priority_dlr,2030-01-14 10:00:00,Line,3581-28019-1,Letterkenny,Clogher,-1.5885725786425058,121.0,0.013128698997045503,False,-1
network_priority_dlr,2030-01-14 11:00:00,Line,3581-28019-1,Letterkenny,Clogher,12.358275737296408,121.0,0.10213451022559014,False,1
network_priority_dlr,2030-01-14 12:00:00,Line,3581-28019-1,Letterkenny,Clogher,-22.97775989393612,121.0,0.18989884209864563,False,-1
network_priority_dlr,2030-01-14 13:00:00,Line,3581-28019-1,Letterkenny,Clogher,-27.58591323137456,121.0,0.22798275397830214,False,-1
network_priority_dlr,2030-01-14 14:00:00,Line,3581-28019-1,Letterkenny,Clogher,-34.23017745248633,121.0,0.2828940285329449,False,-1
network_priority_dlr,2030-01-14 15:00:00,Line,3581-28019-1,Letterkenny,Clogher,-9.404198713370075,121.0,0.07772065052371963,False,-1
network_priority_dlr,2030-01-14 16:00:00,Line,3581-28019-1,Letterkenny,Clogher,-22.471537184444113,121.0,0.18571518334251333,False,-1
network_priority_dlr,2030-01-14 17:00:00,Line,3581-28019-1,Letterkenny,Clogher,-18.044245059366606,121.0,0.1491259922261703,False,-1
network_priority_dlr,2030-01-14 18:00:00,Line,3581-28019-1,Letterkenny,Clogher,-25.395232263463363,121.0,0.20987795259060632,False,-1
network_priority_dlr,2030-01-14 19:00:00,Line,3581-28019-1,Letterkenny,Clogher,-19.91776403007569,121.0,0.16460962008327018,False,-1
network_priority_dlr,2030-01-14 20:00:00,Line,3581-28019-1,Letterkenny,Clogher,-31.814669993532192,121.0,0.26293115697134045,False,-1
network_priority_dlr,2030-01-14 21:00:00,Line,3581-28019-1,Letterkenny,Clogher,-25.07127394051836,121.0,0.20720061107866414,False,-1
network_priority_dlr,2030-01-14 22:00:00,Line,3581-28019-1,Letterkenny,Clogher,-30.285121775192437,121.0,0.2502902626048962,False,-1
network_priority_dlr,2030-01-14 23:00:00,Line,3581-28019-1,Letterkenny,Clogher,-9.236741038633028,121.0,0.07633670279862007,False,-1
network_priority_dlr,2030-01-15 00:00:00,Line,3581-28019-1,Letterkenny,Clogher,12.37536038519305,121.0,0.10227570566275247,False,1
network_priority_dlr,2030-01-15 01:00:00,Line,3581-28019-1,Letterkenny,Clogher,17.54512045008704,121.0,0.1450009954552648,False,1
network_priority_dlr,2030-01-15 02:00:00,Line,3581-28019-1,Letterkenny,Clogher,18.209567262065956,121.0,0.1504922914220327,False,1
network_priority_dlr,2030-01-15 03:00:00,Line,3581-28019-1,Letterkenny,Clogher,12.126515590569975,121.0,0.10021913711214855,False,1
network_priority_dlr,2030-01-15 04:00:00,Line,3581-28019-1,Letterkenny,Clogher,6.540218730597727,121.0,0.05405139446774981,False,1
network_priority_dlr,2030-01-15 05:00:00,Line,3581-28019-1,Letterkenny,Clogher,15.013172136493145,121.0,0.12407580278093508,False,1
network_priority_dlr,2030-01-14 06:00:00,Line,1631-5041-1,Corderry,Srananagh 220,116.07126329044209,210.0,0.5527203013830576,False,1
network_priority_dlr,2030-01-14 07:00:00,Line,1631-5041-1,Corderry,Srananagh 220,130.93032166081412,210.0,0.6234777221943529,False,1
network_priority_dlr,2030-01-14 08:00:00,Line,1631-5041-1,Corderry,Srananagh 220,134.0493529772727,210.0,0.6383302522727271,False,1
network_priority_dlr,2030-01-14 09:00:00,Line,1631-5041-1,Corderry,Srananagh 220,146.37391370798713,210.0,0.6970186367047007,False,1
network_priority_dlr,2030-01-14 10:00:00,Line,1631-5041-1,Corderry,Srananagh 220,141.8913520645751,210.0,0.6756731050694053,False,1
network_priority_dlr,2030-01-14 11:00:00,Line,1631-5041-1,Corderry,Srananagh 220,148.52537804908448,210.0,0.7072637049956404,False,1
network_priority_dlr,2030-01-14 12:00:00,Line,1631-5041-1,Corderry,Srananagh 220,77.79798148369396,210.0,0.3704665784937808,False,1
network_priority_dlr,2030-01-14 13:00:00,Line,1631-5041-1,Corderry,Srananagh 220,84.24233674477759,210.0,0.4011539844989409,False,1
network_priority_dlr,2030-01-14 14:00:00,Line,1631-5041-1,Corderry,Srananagh 220,65.28035650675983,210.0,0.31085884050838014,False,1
network_priority_dlr,2030-01-14 15:00:00,Line,1631-5041-1,Corderry,Srananagh 220,121.20786587763374,210.0,0.5771803137030178,False,1
network_priority_dlr,2030-01-14 16:00:00,Line,1631-5041-1,Corderry,Srananagh 220,121.20318271594515,210.0,0.5771580129330721,False,1
network_priority_dlr,2030-01-14 17:00:00,Line,1631-5041-1,Corderry,Srananagh 220,137.5666705456856,210.0,0.6550793835508839,False,1
network_priority_dlr,2030-01-14 18:00:00,Line,1631-5041-1,Corderry,Srananagh 220,130.50624202413036,210.0,0.6214582953530017,False,1
network_priority_dlr,2030-01-14 19:00:00,Line,1631-5041-1,Corderry,Srananagh 220,136.2693879039257,210.0,0.6489018471615509,False,1
network_priority_dlr,2030-01-14 20:00:00,Line,1631-5041-1,Corderry,Srananagh 220,114.03864490530975,210.0,0.5430411662157607,False,1
network_priority_dlr,2030-01-14 21:00:00,Line,1631-5041-1,Corderry,Srananagh 220,110.09025520963611,210.0,0.5242393105220767,False,1
network_priority_dlr,2030-01-14 22:00:00,Line,1631-5041-1,Corderry,Srananagh 220,100.57845315673156,210.0,0.478945015032055,False,1
network_priority_dlr,2030-01-14 23:00:00,Line,1631-5041-1,Corderry,Srananagh 220,140.7318104480931,210.0,0.6701514783242529,False,1
network_priority_dlr,2030-01-15 00:00:00,Line,1631-5041-1,Corderry,Srananagh 220,148.02428270901018,210.0,0.7048775367095723,False,1
network_priority_dlr,2030-01-15 01:00:00,Line,1631-5041-1,Corderry,Srananagh 220,132.09961522654064,210.0,0.6290457867930507,False,1
network_priority_dlr,2030-01-15 02:00:00,Line,1631-5041-1,Corderry,Srananagh 220,148.0195210091432,210.0,0.7048548619483009,False,1
network_priority_dlr,2030-01-15 03:00:00,Line,1631-5041-1,Corderry,Srananagh 220,151.25383420563927,210.0,0.720256353360187,False,1
network_priority_dlr,2030-01-15 04:00:00,Line,1631-5041-1,Corderry,Srananagh 220,152.06537305720198,210.0,0.7241208240819142,False,1
network_priority_dlr,2030-01-15 05:00:00,Line,1631-5041-1,Corderry,Srananagh 220,151.68712463473375,210.0,0.7223196411177798,False,1
network_priority_dlr,2030-01-14 06:00:00,Line,2321-3581-1,Drumkeen,Letterkenny,47.51362907104395,123.0,0.3862896672442598,False,1
network_priority_dlr,2030-01-14 07:00:00,Line,2321-3581-1,Drumkeen,Letterkenny,38.12518416315617,123.0,0.3099608468549282,False,1
network_priority_dlr,2030-01-14 08:00:00,Line,2321-3581-1,Drumkeen,Letterkenny,37.73520064003351,123.0,0.30679024910596353,False,1
network_priority_dlr,2030-01-14 09:00:00,Line,2321-3581-1,Drumkeen,Letterkenny,38.77104008021644,123.0,0.3152117079692393,False,1
network_priority_dlr,2030-01-14 10:00:00,Line,2321-3581-1,Drumkeen,Letterkenny,44.75531536382535,123.0,0.36386435255142563,False,1
network_priority_dlr,2030-01-14 11:00:00,Line,2321-3581-1,Drumkeen,Letterkenny,35.89816974740381,123.0,0.29185503859677897,False,1
network_priority_dlr,2030-01-14 12:00:00,Line,2321-3581-1,Drumkeen,Letterkenny,51.442121091298105,123.0,0.4182286267585212,False,1
network_priority_dlr,2030-01-14 13:00:00,Line,2321-3581-1,Drumkeen,Letterkenny,54.1731579466387,123.0,0.44043217842795696,False,1
network_priority_dlr,2030-01-14 14:00:00,Line,2321-3581-1,Drumkeen,Letterkenny,58.58545561078107,123.0,0.47630451716082167,False,1
network_priority_dlr,2030-01-14 15:00:00,Line,2321-3581-1,Drumkeen,Letterkenny,54.463432902763785,123.0,0.4427921374208438,False,1
network_priority_dlr,2030-01-14 16:00:00,Line,2321-3581-1,Drumkeen,Letterkenny,61.41340637606377,123.0,0.4992959867972664,False,1
network_priority_dlr,2030-01-14 17:00:00,Line,2321-3581-1,Drumkeen,Letterkenny,61.96405433520764,123.0,0.5037727994732328,False,1
network_priority_dlr,2030-01-14 18:00:00,Line,2321-3581-1,Drumkeen,Letterkenny,62.169393465285935,123.0,0.5054422232950077,False,1
network_priority_dlr,2030-01-14 19:00:00,Line,2321-3581-1,Drumkeen,Letterkenny,57.42836831770724,123.0,0.46689730339599383,False,1
network_priority_dlr,2030-01-14 20:00:00,Line,2321-3581-1,Drumkeen,Letterkenny,58.13221132576567,123.0,0.4726196042745176,False,1
network_priority_dlr,2030-01-14 21:00:00,Line,2321-3581-1,Drumkeen,Letterkenny,54.35942777000392,123.0,0.4419465672358042,False,1
network_priority_dlr,2030-01-14 22:00:00,Line,2321-3581-1,Drumkeen,Letterkenny,56.56972380368124,123.0,0.4599164536884654,False,1
network_priority_dlr,2030-01-14 23:00:00,Line,2321-3581-1,Drumkeen,Letterkenny,48.325195769046495,123.0,0.3928877704800528,False,1
network_priority_dlr,2030-01-15 00:00:00,Line,2321-3581-1,Drumkeen,Letterkenny,37.9012765743699,123.0,0.30814045995422684,False,1
network_priority_dlr,2030-01-15 01:00:00,Line,2321-3581-1,Drumkeen,Letterkenny,32.69342005654341,123.0,0.26580016306132853,False,1
network_priority_dlr,2030-01-15 02:00:00,Line,2321-3581-1,Drumkeen,Letterkenny,32.482530629489546,123.0,0.26408561487389876,False,1
network_priority_dlr,2030-01-15 03:00:00,Line,2321-3581-1,Drumkeen,Letterkenny,44.22789239361644,123.0,0.3595763609237109,False,1
network_priority_dlr,2030-01-15 04:00:00,Line,2321-3581-1,Drumkeen,Letterkenny,50.114276756768994,123.0,0.40743314436397554,False,1
network_priority_dlr,2030-01-15 05:00:00,Line,2321-3581-1,Drumkeen,Letterkenny,39.493187973401895,123.0,0.32108282905204794,False,1
network_priority_dlr,2030-01-14 06:00:00,Line,1931-4371-1,Sligo,Glenree,-72.52939698172028,210.0,0.34537808086533467,False,-1
network_priority_dlr,2030-01-14 07:00:00,Line,1931-4371-1,Sligo,Glenree,-77.02841006206326,210.0,0.3668019526764917,False,-1
network_priority_dlr,2030-01-14 08:00:00,Line,1931-4371-1,Sligo,Glenree,-75.68313895612471,210.0,0.36039589979107006,False,-1
network_priority_dlr,2030-01-14 09:00:00,Line,1931-4371-1,Sligo,Glenree,-95.59236262360466,210.0,0.4552017267790698,False,-1
network_priority_dlr,2030-01-14 10:00:00,Line,1931-4371-1,Sligo,Glenree,-95.06986907119273,210.0,0.4527136622437749,False,-1
network_priority_dlr,2030-01-14 11:00:00,Line,1931-4371-1,Sligo,Glenree,-97.5027728911594,210.0,0.4642989185293305,False,-1
network_priority_dlr,2030-01-14 12:00:00,Line,1931-4371-1,Sligo,Glenree,-71.05339296467031,210.0,0.33834949030795386,False,-1
network_priority_dlr,2030-01-14 13:00:00,Line,1931-4371-1,Sligo,Glenree,-68.05125497901957,210.0,0.32405359513818843,False,-1
network_priority_dlr,2030-01-14 14:00:00,Line,1931-4371-1,Sligo,Glenree,-66.69833805220051,210.0,0.3176111335819072,False,-1
network_priority_dlr,2030-01-14 15:00:00,Line,1931-4371-1,Sligo,Glenree,-78.36958557610978,210.0,0.37318850274337995,False,-1
network_priority_dlr,2030-01-14 16:00:00,Line,1931-4371-1,Sligo,Glenree,-77.74695963605309,210.0,0.3702236173145385,False,-1
network_priority_dlr,2030-01-14 17:00:00,Line,1931-4371-1,Sligo,Glenree,-87.76114283081664,210.0,0.4179102039562697,False,-1
network_priority_dlr,2030-01-14 18:00:00,Line,1931-4371-1,Sligo,Glenree,-82.63639330227616,210.0,0.3935066347727436,False,-1
network_priority_dlr,2030-01-14 19:00:00,Line,1931-4371-1,Sligo,Glenree,-81.57772402879914,210.0,0.3884653525180911,False,-1
network_priority_dlr,2030-01-14 20:00:00,Line,1931-4371-1,Sligo,Glenree,-74.73372433511992,210.0,0.3558748777862853,False,-1
network_priority_dlr,2030-01-14 21:00:00,Line,1931-4371-1,Sligo,Glenree,-71.12952862846755,210.0,0.33871204108794073,False,-1
network_priority_dlr,2030-01-14 22:00:00,Line,1931-4371-1,Sligo,Glenree,-68.63679434198154,210.0,0.32684187781895974,False,-1
network_priority_dlr,2030-01-14 23:00:00,Line,1931-4371-1,Sligo,Glenree,-74.96344724726058,210.0,0.35696879641552653,False,-1
network_priority_dlr,2030-01-15 00:00:00,Line,1931-4371-1,Sligo,Glenree,-81.13271310004203,210.0,0.386346252857343,False,-1
network_priority_dlr,2030-01-15 01:00:00,Line,1931-4371-1,Sligo,Glenree,-82.77715368243841,210.0,0.39417692229732576,False,-1
network_priority_dlr,2030-01-15 02:00:00,Line,1931-4371-1,Sligo,Glenree,-89.47527264828751,210.0,0.4260727268966072,False,-1
network_priority_dlr,2030-01-15 03:00:00,Line,1931-4371-1,Sligo,Glenree,-98.08934469443744,210.0,0.46709211759255925,False,-1
network_priority_dlr,2030-01-15 04:00:00,Line,1931-4371-1,Sligo,Glenree,-103.74416512506846,210.0,0.4940198339288974,False,-1
network_priority_dlr,2030-01-15 05:00:00,Line,1931-4371-1,Sligo,Glenree,-94.84307371297224,210.0,0.45163368434748685,False,-1
network_priority_dlr,2030-01-14 06:00:00,Line,3591-5191-1,Letterkenny,Tievebrack,-8.448419341248812,159.0,0.053134712838042844,False,-1
network_priority_dlr,2030-01-14 07:00:00,Line,3591-5191-1,Letterkenny,Tievebrack,0.9096008328861167,159.0,0.005720759955258596,False,1
network_priority_dlr,2030-01-14 08:00:00,Line,3591-5191-1,Letterkenny,Tievebrack,2.911585089792183,159.0,0.01831185591064266,False,1
network_priority_dlr,2030-01-14 09:00:00,Line,3591-5191-1,Letterkenny,Tievebrack,1.4828444743749642,159.0,0.009326065876572103,False,1
network_priority_dlr,2030-01-14 10:00:00,Line,3591-5191-1,Letterkenny,Tievebrack,-1.695451617576502,159.0,0.010663217720606931,False,-1
network_priority_dlr,2030-01-14 11:00:00,Line,3591-5191-1,Letterkenny,Tievebrack,-6.003009598130774,159.0,0.03775477734673443,False,-1
network_priority_dlr,2030-01-14 12:00:00,Line,3591-5191-1,Letterkenny,Tievebrack,-8.082205562318283,159.0,0.05083148152401436,False,-1
network_priority_dlr,2030-01-14 13:00:00,Line,3591-5191-1,Letterkenny,Tievebrack,-9.966729724143942,159.0,0.06268383474304366,False,-1
network_priority_dlr,2030-01-14 14:00:00,Line,3591-5191-1,Letterkenny,Tievebrack,-14.48549511772778,159.0,0.09110374287879107,False,-1
network_priority_dlr,2030-01-14 15:00:00,Line,3591-5191-1,Letterkenny,Tievebrack,-4.641140114441853,159.0,0.029189560468187756,False,-1
network_priority_dlr,2030-01-14 16:00:00,Line,3591-5191-1,Letterkenny,Tievebrack,-4.92862132753346,159.0,0.030997618412160123,False,-1
network_priority_dlr,2030-01-14 17:00:00,Line,3591-5191-1,Letterkenny,Tievebrack,-6.731556794074383,159.0,0.04233683518285775,False,-1
network_priority_dlr,2030-01-14 18:00:00,Line,3591-5191-1,Letterkenny,Tievebrack,-10.878635273090474,159.0,0.06841908976786462,False,-1
network_priority_dlr,2030-01-14 19:00:00,Line,3591-5191-1,Letterkenny,Tievebrack,-6.729370300577738,159.0,0.042323083651432315,False,-1
network_priority_dlr,2030-01-14 20:00:00,Line,3591-5191-1,Letterkenny,Tievebrack,-12.957675740523229,159.0,0.08149481597813352,False,-1
network_priority_dlr,2030-01-14 21:00:00,Line,3591-5191-1,Letterkenny,Tievebrack,-12.36651334445559,159.0,0.07777681348714208,False,-1
network_priority_dlr,2030-01-14 22:00:00,Line,3591-5191-1,Letterkenny,Tievebrack,-10.120958099282262,159.0,0.06365382452378782,False,-1
network_priority_dlr,2030-01-14 23:00:00,Line,3591-5191-1,Letterkenny,Tievebrack,1.399422808121738,159.0,0.008801401308941748,False,1
network_priority_dlr,2030-01-15 00:00:00,Line,3591-5191-1,Letterkenny,Tievebrack,6.522130113597711,159.0,0.04101968624904221,False,1
network_priority_dlr,2030-01-15 01:00:00,Line,3591-5191-1,Letterkenny,Tievebrack,1.8930892147116225,159.0,0.011906221476173727,False,1
network_priority_dlr,2030-01-15 02:00:00,Line,3591-5191-1,Letterkenny,Tievebrack,-2.079359001463132,159.0,0.013077729568950517,False,-1
network_priority_dlr,2030-01-15 03:00:00,Line,3591-5191-1,Letterkenny,Tievebrack,-16.61710659539976,159.0,0.1045101043735834,False,-1
network_priority_dlr,2030-01-15 04:00:00,Line,3591-5191-1,Letterkenny,Tievebrack,-20.734009240236382,159.0,0.13040257383796466,False,-1
network_priority_dlr,2030-01-15 05:00:00,Line,3591-5191-1,Letterkenny,Tievebrack,-10.718416513181069,159.0,0.06741142461120168,False,-1
network_priority_dlr,2030-01-14 06:00:00,Line,3581-5361-1,Letterkenny,Trillick,-7.452799195947643,123.0,0.06059186338168815,False,-1
network_priority_dlr,2030-01-14 07:00:00,Line,3581-5361-1,Letterkenny,Trillick,-29.110104564494588,123.0,0.23666751678450884,False,-1
network_priority_dlr,2030-01-14 08:00:00,Line,3581-5361-1,Letterkenny,Trillick,-34.64039822158048,123.0,0.2816292538339877,False,-1
network_priority_dlr,2030-01-14 09:00:00,Line,3581-5361-1,Letterkenny,Trillick,-33.089879579774774,123.0,0.2690234112176811,False,-1
network_priority_dlr,2030-01-14 10:00:00,Line,3581-5361-1,Letterkenny,Trillick,-18.935986983188336,123.0,0.15395111368445802,False,-1
network_priority_dlr,2030-01-14 11:00:00,Line,3581-5361-1,Letterkenny,Trillick,-30.883717397559746,123.0,0.25108713331349386,False,-1
network_priority_dlr,2030-01-14 12:00:00,Line,3581-5361-1,Letterkenny,Trillick,-4.5002518362181245,123.0,0.03658741330258638,False,-1
network_priority_dlr,2030-01-14 13:00:00,Line,3581-5361-1,Letterkenny,Trillick,-1.786217063349449,123.0,0.01452208994593048,False,-1
network_priority_dlr,2030-01-14 14:00:00,Line,3581-5361-1,Letterkenny,Trillick,3.3816362961484145,123.0,0.027492978017466786,False,1
network_priority_dlr,2030-01-14 15:00:00,Line,3581-5361-1,Letterkenny,Trillick,-10.53678278787506,123.0,0.08566490071443138,False,-1
network_priority_dlr,2030-01-14 16:00:00,Line,3581-5361-1,Letterkenny,Trillick,-1.836746556117287,123.0,0.014932898830221846,False,-1
network_priority_dlr,2030-01-14 17:00:00,Line,3581-5361-1,Letterkenny,Trillick,-1.0130726335208156,123.0,0.008236362874152973,False,-1
network_priority_dlr,2030-01-14 18:00:00,Line,3581-5361-1,Letterkenny,Trillick,2.2434742299389843,123.0,0.0182396278856828,False,1
network_priority_dlr,2030-01-14 19:00:00,Line,3581-5361-1,Letterkenny,Trillick,-3.641828622384681,123.0,0.029608362783615293,False,-1
network_priority_dlr,2030-01-14 20:00:00,Line,3581-5361-1,Letterkenny,Trillick,2.6988374591129194,123.0,0.021941767960267637,False,1
network_priority_dlr,2030-01-14 21:00:00,Line,3581-5361-1,Letterkenny,Trillick,-4.02091620122831,123.0,0.03269037561974236,False,-1
network_priority_dlr,2030-01-14 22:00:00,Line,3581-5361-1,Letterkenny,Trillick,-1.1923542866896266,123.0,0.009693937290159566,False,-1
network_priority_dlr,2030-01-14 23:00:00,Line,3581-5361-1,Letterkenny,Trillick,-17.5254276046813,123.0,0.14248315125757155,False,-1
network_priority_dlr,2030-01-15 00:00:00,Line,3581-5361-1,Letterkenny,Trillick,-32.735336152146786,123.0,0.2661409443263966,False,-1
network_priority_dlr,2030-01-15 01:00:00,Line,3581-5361-1,Letterkenny,Trillick,-32.60355810654849,123.0,0.26506957810202025,False,-1
network_priority_dlr,2030-01-15 02:00:00,Line,3581-5361-1,Letterkenny,Trillick,-28.43999993498103,123.0,0.23121951166651245,False,-1
network_priority_dlr,2030-01-15 03:00:00,Line,3581-5361-1,Letterkenny,Trillick,-29.837394845482898,123.0,0.24258044589823494,False,-1
network_priority_dlr,2030-01-15 04:00:00,Line,3581-5361-1,Letterkenny,Trillick,-33.857527049200996,123.0,0.27526444755447965,False,-1
network_priority_dlr,2030-01-15 05:00:00,Line,3581-5361-1,Letterkenny,Trillick,-23.448185176470165,123.0,0.19063565184122086,False,-1
network_priority_dlr,2030-01-14 06:00:00,Line,4981-5041-1,Sligo,Srananagh 220,27.029387411092866,123.0,0.21975111716335663,False,1
network_priority_dlr,2030-01-14 07:00:00,Line,4981-5041-1,Sligo,Srananagh 220,29.10392003864122,123.0,0.236617236086514,False,1
network_priority_dlr,2030-01-14 08:00:00,Line,4981-5041-1,Sligo,Srananagh 220,26.02424245139236,123.0,0.2115792069218891,False,1
network_priority_dlr,2030-01-14 09:00:00,Line,4981-5041-1,Sligo,Srananagh 220,41.13154681785314,123.0,0.33440281965734264,False,1
network_priority_dlr,2030-01-14 10:00:00,Line,4981-5041-1,Sligo,Srananagh 220,40.54259523972848,123.0,0.329614595444947,False,1
network_priority_dlr,2030-01-14 11:00:00,Line,4981-5041-1,Sligo,Srananagh 220,42.696927449988856,123.0,0.347129491463324,False,1
network_priority_dlr,2030-01-14 12:00:00,Line,4981-5041-1,Sligo,Srananagh 220,19.4093620743809,123.0,0.15779969166163335,False,1
network_priority_dlr,2030-01-14 13:00:00,Line,4981-5041-1,Sligo,Srananagh 220,17.420781146783778,123.0,0.1416323670470226,False,1
network_priority_dlr,2030-01-14 14:00:00,Line,4981-5041-1,Sligo,Srananagh 220,15.99189589788595,123.0,0.13001541380395082,False,1
network_priority_dlr,2030-01-14 15:00:00,Line,4981-5041-1,Sligo,Srananagh 220,26.284539976541126,123.0,0.21369544696374898,False,1
network_priority_dlr,2030-01-14 16:00:00,Line,4981-5041-1,Sligo,Srananagh 220,25.417537838179143,123.0,0.20664664909088734,False,1
network_priority_dlr,2030-01-14 17:00:00,Line,4981-5041-1,Sligo,Srananagh 220,32.77145316625599,123.0,0.26643457858744707,False,1
network_priority_dlr,2030-01-14 18:00:00,Line,4981-5041-1,Sligo,Srananagh 220,27.7113351081954,123.0,0.22529540738370243,False,1
network_priority_dlr,2030-01-14 19:00:00,Line,4981-5041-1,Sligo,Srananagh 220,27.608993672543466,123.0,0.2244633631914103,False,1
network_priority_dlr,2030-01-14 20:00:00,Line,4981-5041-1,Sligo,Srananagh 220,21.38786002270477,123.0,0.17388504083499814,False,1
network_priority_dlr,2030-01-14 21:00:00,Line,4981-5041-1,Sligo,Srananagh 220,19.399722198045005,123.0,0.15772131868329273,False,1
network_priority_dlr,2030-01-14 22:00:00,Line,4981-5041-1,Sligo,Srananagh 220,19.683654850866603,123.0,0.16002971423468781,False,1
network_priority_dlr,2030-01-14 23:00:00,Line,4981-5041-1,Sligo,Srananagh 220,27.609791483525296,123.0,0.22446984945955525,False,1
network_priority_dlr,2030-01-15 00:00:00,Line,4981-5041-1,Sligo,Srananagh 220,33.048617592918056,123.0,0.2686879479099029,False,1
network_priority_dlr,2030-01-15 01:00:00,Line,4981-5041-1,Sligo,Srananagh 220,35.28472689782257,123.0,0.28686769835628106,False,1
network_priority_dlr,2030-01-15 02:00:00,Line,4981-5041-1,Sligo,Srananagh 220,42.37857984835845,123.0,0.34454129958015,False,1
network_priority_dlr,2030-01-15 03:00:00,Line,4981-5041-1,Sligo,Srananagh 220,51.201529164603926,123.0,0.4162725948341783,False,1
network_priority_dlr,2030-01-15 04:00:00,Line,4981-5041-1,Sligo,Srananagh 220,55.47209165310519,123.0,0.45099261506589583,False,1
network_priority_dlr,2030-01-15 05:00:00,Line,4981-5041-1,Sligo,Srananagh 220,49.57909144114984,123.0,0.40308204423699057,False,1
network_priority_dlr,2030-01-14 06:00:00,Line,4981-5041-2,Sligo,Srananagh 220,26.25105426574726,123.0,0.21342320541257936,False,1
network_priority_dlr,2030-01-14 07:00:00,Line,4981-5041-2,Sligo,Srananagh 220,28.265849042764117,123.0,0.2298036507541798,False,1
network_priority_dlr,2030-01-14 08:00:00,Line,4981-5041-2,Sligo,Srananagh 220,25.27485327085489,123.0,0.20548661195816983,False,1
network_priority_dlr,2030-01-14 09:00:00,Line,4981-5041-2,Sligo,Srananagh 220,39.947130548229104,123.0,0.32477341909129354,False,1
network_priority_dlr,2030-01-14 10:00:00,Line,4981-5041-2,Sligo,Srananagh 220,39.37513830874153,123.0,0.3201230756808255,False,1
network_priority_dlr,2030-01-14 11:00:00,Line,4981-5041-2,Sligo,Srananagh 220,41.4674347747274,123.0,0.33713361605469433,False,1
network_priority_dlr,2030-01-14 12:00:00,Line,4981-5041-2,Sligo,Srananagh 220,18.850453742396112,123.0,0.15325572148289524,False,1
network_priority_dlr,2030-01-14 13:00:00,Line,4981-5041-2,Sligo,Srananagh 220,16.919135616379013,123.0,0.13755394810064236,False,1
network_priority_dlr,2030-01-14 14:00:00,Line,4981-5041-2,Sligo,Srananagh 220,15.531396277789764,123.0,0.12627151445357532,False,1
network_priority_dlr,2030-01-14 15:00:00,Line,4981-5041-2,Sligo,Srananagh 220,25.52765531753078,123.0,0.20754191315065673,False,1
network_priority_dlr,2030-01-14 16:00:00,Line,4981-5041-2,Sligo,Srananagh 220,24.68561920933105,123.0,0.20069609113277279,False,1
network_priority_dlr,2030-01-14 17:00:00,Line,4981-5041-2,Sligo,Srananagh 220,31.827772577698873,123.0,0.25876237868047863,False,1
network_priority_dlr,2030-01-14 18:00:00,Line,4981-5041-2,Sligo,Srananagh 220,26.91336472549868,123.0,0.21880784329673725,False,1
network_priority_dlr,2030-01-14 19:00:00,Line,4981-5041-2,Sligo,Srananagh 220,26.81397029453829,123.0,0.21799975849218123,False,1
network_priority_dlr,2030-01-14 20:00:00,Line,4981-5041-2,Sligo,Srananagh 220,20.771979236710656,123.0,0.16887787997325737,False,1
network_priority_dlr,2030-01-14 21:00:00,Line,4981-5041-2,Sligo,Srananagh 220,18.84109145412225,123.0,0.15317960531806707,False,1
network_priority_dlr,2030-01-14 22:00:00,Line,4981-5041-2,Sligo,Srananagh 220,19.116848035789296,123.0,0.15542152874625445,False,1
network_priority_dlr,2030-01-14 23:00:00,Line,4981-5041-2,Sligo,Srananagh 220,26.814745131905465,123.0,0.21800605798297126,False,1
network_priority_dlr,2030-01-15 00:00:00,Line,4981-5041-2,Sligo,Srananagh 220,32.0969558297712,123.0,0.2609508604046439,False,1
network_priority_dlr,2030-01-15 01:00:00,Line,4981-5041-2,Sligo,Srananagh 220,34.268674552597325,123.0,0.2786071101837181,False,1
network_priority_dlr,2030-01-15 02:00:00,Line,4981-5041-2,Sligo,Srananagh 220,41.158254250630854,123.0,0.33461995325716143,False,1
network_priority_dlr,2030-01-15 03:00:00,Line,4981-5041-2,Sligo,Srananagh 220,49.72713958133001,123.0,0.4042856876530895,False,1
network_priority_dlr,2030-01-15 04:00:00,Line,4981-5041-2,Sligo,Srananagh 220,53.874727757335144,123.0,0.43800591672630196,False,1
network_priority_dlr,2030-01-15 05:00:00,Line,4981-5041-2,Sligo,Srananagh 220,48.151421268760714,123.0,0.39147496966472123,False,1
network_priority_dlr,2030-01-14 06:00:00,Line,4991-5361-1,Sorne Hill,Trillick,14.10332549394124,123.0,0.11466118287757106,False,1
network_priority_dlr,2030-01-14 07:00:00,Line,4991-5361-1,Sorne Hill,Trillick,27.65927622121897,123.0,0.22487216440015423,False,1
network_priority_dlr,2030-01-14 08:00:00,Line,4991-5361-1,Sorne Hill,Trillick,31.57292471203537,123.0,0.25669044481329567,False,1
network_priority_dlr,2030-01-14 09:00:00,Line,4991-5361-1,Sorne Hill,Trillick,30.856659273453886,123.0,0.25086714856466574,False,1
network_priority_dlr,2030-01-14 10:00:00,Line,4991-5361-1,Sorne Hill,Trillick,22.562850613697613,123.0,0.18343780986746028,False,1
network_priority_dlr,2030-01-14 11:00:00,Line,4991-5361-1,Sorne Hill,Trillick,29.46775743584074,123.0,0.23957526370602225,False,1
network_priority_dlr,2030-01-14 12:00:00,Line,4991-5361-1,Sorne Hill,Trillick,13.911591944996564,123.0,0.11310237353655743,False,1
network_priority_dlr,2030-01-14 13:00:00,Line,4991-5361-1,Sorne Hill,Trillick,12.225090131852161,123.0,0.09939097668172489,False,1
network_priority_dlr,2030-01-14 14:00:00,Line,4991-5361-1,Sorne Hill,Trillick,9.100715189151563,123.0,0.07398955438334603,False,1
network_priority_dlr,2030-01-14 15:00:00,Line,4991-5361-1,Sorne Hill,Trillick,17.35269141104657,123.0,0.14107879195972822,False,1
network_priority_dlr,2030-01-14 16:00:00,Line,4991-5361-1,Sorne Hill,Trillick,12.735443310024104,123.0,0.10354018951239109,False,1
network_priority_dlr,2030-01-14 17:00:00,Line,4991-5361-1,Sorne Hill,Trillick,12.829685132860396,123.0,0.10430638319398695,False,1
network_priority_dlr,2030-01-14 18:00:00,Line,4991-5361-1,Sorne Hill,Trillick,10.921434353595691,123.0,0.08879214921622514,False,1
network_priority_dlr,2030-01-14 19:00:00,Line,4991-5361-1,Sorne Hill,Trillick,13.985471597453586,123.0,0.11370302111750882,False,1
network_priority_dlr,2030-01-14 20:00:00,Line,4991-5361-1,Sorne Hill,Trillick,9.789263877525505,123.0,0.07958751119939435,False,1
network_priority_dlr,2030-01-14 21:00:00,Line,4991-5361-1,Sorne Hill,Trillick,13.246118494741266,123.0,0.10769202028244931,False,1
network_priority_dlr,2030-01-14 22:00:00,Line,4991-5361-1,Sorne Hill,Trillick,11.107911409982277,123.0,0.09030822284538437,False,1
network_priority_dlr,2030-01-14 23:00:00,Line,4991-5361-1,Sorne Hill,Trillick,20.197918411359524,123.0,0.16421071879154084,False,1
network_priority_dlr,2030-01-15 00:00:00,Line,4991-5361-1,Sorne Hill,Trillick,28.63996917653709,123.0,0.2328452778580251,False,1
network_priority_dlr,2030-01-15 01:00:00,Line,4991-5361-1,Sorne Hill,Trillick,28.277885843965812,123.0,0.2299015109265513,False,1
network_priority_dlr,2030-01-15 02:00:00,Line,4991-5361-1,Sorne Hill,Trillick,25.648240392411775,123.0,0.20852227961310388,False,1
network_priority_dlr,2030-01-15 03:00:00,Line,4991-5361-1,Sorne Hill,Trillick,26.372122088212148,123.0,0.2144074966521313,False,1
network_priority_dlr,2030-01-15 04:00:00,Line,4991-5361-1,Sorne Hill,Trillick,28.727813786240404,123.0,0.23355946167675126,False,1
network_priority_dlr,2030-01-15 05:00:00,Line,4991-5361-1,Sorne Hill,Trillick,22.818123238147724,123.0,0.18551319705811156,False,1
