trial_key,scenario,scope,target_label,target_lines,site_count,sites,allocations,model,soc_min_pct,soc_max_pct,round_trip_efficiency_pct,state_of_health_pct,power_mw,nameplate_energy_mwh,usable_energy_mwh,nameplate_duration_hours,usable_duration_hours,solve_ok,error,objective,total_dispatch_down_mwh,dispatch_down_saved_mwh,affected_generator_gain_mwh,total_recovery_fraction,affected_recovery_fraction,target_recovery_fraction,target_recovery_pct,unserved_mwh,target_binding_hours,target_binding_line_hours,target_max_loading_pct,target_mean_max_loading_pct,charge_mwh,discharge_mwh,throughput_mwh,equivalent_full_cycles_nameplate,equivalent_full_cycles_usable,simultaneous_charge_discharge_hours,simultaneous_charge_discharge_mwh,average_absolute_power_mw,average_power_utilisation_pct,active_hours,idle_hours,observed_physical_soc_min_pct,observed_physical_soc_mean_pct,observed_physical_soc_max_pct,unserved_ok,benchmark_available,benchmark_success,headroom_success,success,effective_success_mode,renewable_capacity_mw,peak_load_mw,is_target_endpoint,site,site_pair
ef6983f7ad04eca103d302ee,WP2033,north-west,5041-17010-2,5041-17010-2,1,Croaghonagh,1.0,theoretical,0.0,100.0,100.0,100.0,10.0,5.0,5.0,0.5,0.5,True,,-3940468.355103613,3625.5902728027454,34.999999999999545,386.8979332531053,0.0594617287851714,0.4782868059068116,0.0594617287851714,5.946172878517145,0.0,53.0,53.0,100.0,61.97088564849304,77.8834054181016,77.8834054181016,155.7668108362032,15.57668108362032,15.57668108362032,0,0.0,0.9271833978345428,9.271833978345429,32,136,0.0,22.16168060754063,100.0,True,True,False,False,False,benchmark,,,,,
0e3dbf8035144677170f8d80,WP2033,north-west,5041-17010-2,5041-17010-2,1,Croaghonagh,1.0,theoretical,0.0,100.0,100.0,100.0,10.0,10.0,10.0,1.0,1.0,True,,-3945414.581243968,3596.7364850756685,63.853787727077815,405.7517209801808,0.1084816173638131,0.5015940327906752,0.1084816173638131,10.848161736381314,0.0,53.0,53.0,100.0,62.08670119082216,143.13870016329474,143.13870016329474,286.2774003265895,14.313870016329474,14.313870016329474,0,0.0,1.704032144801128,17.04032144801128,32,136,0.0,22.28606409273576,100.0,True,True,False,False,False,benchmark,,,,,
09299f4f470b6a31836fa3a0,WP2033,north-west,5041-17010-2,5041-17010-2,1,Croaghonagh,1.0,theoretical,0.0,100.0,100.0,100.0,10.0,15.0,15.0,1.5,1.5,True,,-3948225.0519528254,3576.9917798208617,83.59849298188465,420.4964262349895,0.1420260261867985,0.5198215738919255,0.1420260261867985,14.202602618679853,0.0,53.0,53.0,100.0,62.16384890581666,176.18969291761633,176.18969291761633,352.37938583523265,11.745979527841088,11.745979527841088,0,0.0,2.0974963442573373,20.974963442573376,46,122,0.0,23.136553936128468,100.0,True,True,False,False,False,benchmark,,,,,
fcc8e0463b7c88d3e15dcab2,WP2033,north-west,5041-17010-2,5041-17010-2,1,Croaghonagh,1.0,theoretical,0.0,100.0,100.0,100.0,10.0,20.0,20.0,2.0,2.0,True,,-3950902.5519528254,3561.9917798208617,98.59849298188465,430.4964262349895,0.1675096242375866,0.5321836664439661,0.1675096242375866,16.750962423758665,0.0,53.0,53.0,100.0,62.23333823121416,201.1896929176164,201.1896929176164,402.3793858352327,10.059484645880817,10.059484645880817,0,0.0,2.395115391876385,23.951153918763847,44,124,0.0,22.85836783304873,100.0,True,True,False,False,False,benchmark,,,,,
06495f78d74eb046bca54e1b,WP2033,north-west,5041-17010-2,5041-17010-2,1,Croaghonagh,1.0,theoretical,0.0,100.0,100.0,100.0,10.0,30.0,30.0,3.0,3.0,True,,-3955457.5519528254,3531.9917798208617,128.59849298188465,450.4964262349895,0.2184768203391628,0.5569078515480473,0.2184768203391628,21.84768203391628,0.0,53.0,53.0,100.0,62.32599066507745,251.1896929176164,251.1896929176164,502.3793858352327,8.372989763920545,8.372989763920545,0,0.0,2.99035348711448,29.903534871144803,54,114,0.0,23.28943896570444,100.0,True,True,False,False,False,benchmark,,,,,
4c6a13196e6421812edac1c1,WP2033,north-west,5041-17010-2,5041-17010-2,1,Croaghonagh,1.0,theoretical,0.0,100.0,100.0,100.0,10.0,40.0,40.0,4.0,4.0,True,,-3959614.321126704,3501.9917798208617,158.59849298188465,460.4964262349895,0.269444016440739,0.5692699441000879,0.269444016440739,26.9444016440739,0.0,53.0,53.0,100.0,62.39547999047491,297.6513451624668,297.6513451624668,595.3026903249336,7.44128362906167,7.44128362906167,0,0.0,3.543468394791271,35.43468394791271,62,106,0.0,23.45232054758068,100.0,True,True,False,False,False,benchmark,,,,,
8bf6bb14991c6d9295c161db,WP2033,north-west,5041-17010-2,5041-17010-2,1,Croaghonagh,1.0,theoretical,0.0,100.0,100.0,100.0,10.0,50.0,50.0,5.0,5.0,True,,-3963184.321126704,3471.9917798208617,188.59849298188465,470.4964262349895,0.3204112125423152,0.5816320366521285,0.3204112125423152,32.04112125423152,0.0,53.0,53.0,100.0,62.45703175525801,337.6513451624668,337.6513451624668,675.3026903249336,6.753026903249336,6.753026903249336,0,0.0,4.019658870981748,40.19658870981748,70,98,0.0,25.24433622795728,100.0,True,True,False,False,False,benchmark,,,,,
9063b7db727e2b874a9e8d20,WP2033,north-west,5041-17010-2,5041-17010-2,1,Croaghonagh,1.0,theoretical,0.0,100.0,100.0,100.0,10.0,60.0,60.0,6.0,6.0,True,,-3965510.1352534215,3441.9917798208617,218.59849298188465,490.4964262349895,0.3713784086438914,0.6063562217562097,0.3713784086438914,37.13784086438914,0.0,53.0,53.0,100.0,62.50335797218965,373.3062874995147,373.3062874995147,746.6125749990294,6.221771458325246,6.221771458325246,0,0.0,4.444122470232318,44.44122470232318,77,91,0.0,26.70470364903281,100.0,True,True,False,False,False,benchmark,,,,,
97cd67084e1e07fb2b822aa2,WP2033,north-west,5041-17010-2,5041-17010-2,1,Croaghonagh,1.0,theoretical,0.0,100.0,100.0,100.0,10.0,80.0,80.0,8.0,8.0,True,,-3969480.1352534215,3411.9917798208617,248.59849298188465,510.4964262349895,0.4223456047454676,0.631080406860291,0.4223456047454676,42.23456047454676,0.0,54.0,54.0,100.0,62.54968418912132,413.3062874995147,413.3062874995147,826.6125749990294,5.166328593743934,5.166328593743934,0,0.0,4.920312946422794,49.20312946422794,86,82,0.0,27.002166744272483,100.0,True,True,False,False,False,benchmark,,,,,
860a7843059bac904603b0a9,WP2033,north-west,5041-17010-2,5041-17010-2,1,Croaghonagh,1.0,theoretical,0.0,100.0,100.0,100.0,10.0,100.0,100.0,10.0,10.0,True,,-3972265.135253421,3391.9917798208617,268.59849298188465,530.4964262349895,0.4563237354798517,0.6558045919643721,0.4563237354798517,45.632373547985175,0.0,54.0,54.0,100.0,62.64233662298461,443.3062874995147,443.3062874995147,886.6125749990294,4.433062874995147,4.433062874995147,0,0.0,5.277455803565651,52.77455803565651,92,76,0.0,27.59667668216708,100.0,True,True,False,False,False,benchmark,,,,,
625b19ce98e959680a7ff7f6,WP2033,north-west,5041-17010-2,5041-17010-2,1,Croaghonagh,1.0,theoretical,0.0,100.0,100.0,100.0,10.0,120.0,120.0,12.0,12.0,True,,-3975045.135253422,3371.9917798208617,288.59849298188465,550.4964262349895,0.4903018662142358,0.6805287770684534,0.4903018662142358,49.03018662142358,0.0,54.0,54.0,100.0,62.73498905684791,483.3062874995147,483.3062874995147,966.6125749990294,4.027552395829289,4.027552395829289,0,0.0,5.753646279756127,57.53646279756127,100,68,0.0,29.6088517641228,100.0,True,True,False,False,False,benchmark,,,,,
503cbb3ccb43c8f1bc03a8ba,WP2033,north-west,5041-17010-2,5041-17010-2,1,Croaghonagh,1.0,theoretical,0.0,100.0,100.0,100.0,10.0,160.0,160.0,16.0,16.0,True,,-3979025.135253422,3331.9917798208617,328.59849298188465,570.4964262349895,0.5582581276830041,0.7052529621725345,0.5582581276830041,55.82581276830041,0.0,54.0,54.0,100.0,62.78131527377956,523.3062874995147,523.3062874995147,1046.6125749990294,3.270664296871967,3.270664296871967,0,0.0,6.229836755946604,62.29836755946603,108,60,0.0,36.2371377490765,100.0,True,True,False,False,False,benchmark,,,,,
f512f4f92dbc7556d9ad6373,WP2033,north-west,5041-17010-2,5041-17010-2,1,Croaghonagh,1.0,theoretical,0.0,100.0,100.0,100.0,10.0,200.0,200.0,20.0,20.0,True,,-3982980.135253422,3321.9917798208617,338.59849298188465,580.4964262349895,0.5752471930501962,0.7176150547245752,0.5752471930501962,57.52471930501962,0.0,54.0,54.0,100.0,62.82764149071121,553.3062874995147,553.3062874995147,1106.6125749990294,2.766531437497574,2.766531437497574,0,0.0,6.586979613089461,65.86979613089461,114,54,0.0,39.333893980318855,100.0,True,True,False,False,False,benchmark,,,,,
2a20755d8906913a930194eb,WP2033,north-west,5041-17010-2,5041-17010-2,1,Croaghonagh,1.0,theoretical,0.0,100.0,100.0,100.0,10.0,230.0,230.0,23.0,23.0,True,,-3984180.135253422,3321.9917798208617,338.59849298188465,580.4964262349895,0.5752471930501962,0.7176150547245752,0.5752471930501962,57.52471930501962,0.0,54.0,54.0,100.0,62.89713081610867,553.3062874995147,553.3062874995147,1106.6125749990294,2.405679510867455,2.405679510867455,0,0.0,6.586979613089461,65.86979613089461,113,55,0.0,39.77123414206806,100.0,True,True,False,False,False,benchmark,,,,,
ab570629250b4305a673e195,WP2033,north-west,5041-17010-2,5041-17010-2,1,Croaghonagh,1.0,theoretical,0.0,100.0,100.0,100.0,10.0,240.0,240.0,24.0,24.0,True,,-3984580.135253422,3321.9917798208617,338.59849298188465,580.4964262349895,0.5752471930501962,0.7176150547245752,0.5752471930501962,57.52471930501962,0.0,54.0,54.0,100.0,62.9202939245745,553.3062874995147,553.3062874995147,1106.6125749990294,2.305442864581311,2.305442864581311,0,0.0,6.586979613089461,65.86979613089461,114,54,0.0,40.30209021000253,100.0,True,True,False,False,False,benchmark,,,,,
650711ddf879122828a44c03,WP2033,north-west,5041-17010-2,5041-17010-2,1,Croaghonagh,1.0,theoretical,0.0,100.0,100.0,100.0,10.0,340.0,340.0,34.0,34.0,True,,-3988543.366079544,3321.9917798208617,338.59849298188465,580.4964262349895,0.5752471930501962,0.7176150547245752,0.5752471930501962,57.52471930501962,0.0,54.0,54.0,100.0,63.15192500923275,626.8446352546642,626.8446352546642,1253.6892705093285,1.843660691925483,1.843660691925483,0,0.0,7.462436133984098,74.62436133984099,129,39,0.0,43.54079162537781,100.0,True,True,False,False,False,benchmark,,,,,
39fba945439fb3bd7046c198,WP2033,north-west,5041-17010-2,5041-17010-2,1,Croaghonagh,1.0,theoretical,0.0,100.0,100.0,100.0,10.0,460.0,460.0,46.0,46.0,True,,-3989193.601343216,3321.9917798208617,338.59849298188465,580.4964262349895,0.5752471930501962,0.7176150547245752,0.5752471930501962,57.52471930501962,0.0,54.0,54.0,100.0,63.19005531288016,643.3062874995147,643.3062874995147,1286.6125749990294,1.3984919293467712,1.3984919293467712,0,0.0,7.658408184518032,76.58408184518032,131,37,0.0,34.424738690262885,77.49166353148924,True,True,False,False,False,benchmark,,,,,
c003c59b309dad774064ec60,WP2033,north-west,5041-17010-2,5041-17010-2,1,Croaghonagh,1.0,theoretical,0.0,100.0,100.0,100.0,10.0,570.0,570.0,57.0,57.0,True,,-3989193.601343216,3321.9917798208617,338.59849298188465,580.4964262349895,0.5752471930501962,0.7176150547245752,0.5752471930501962,57.52471930501962,0.0,54.0,54.0,100.0,63.19005531288016,643.3062874995147,643.3062874995147,1286.6125749990294,1.1286075219289733,1.1286075219289733,0,0.0,7.658408184518032,76.58408184518032,131,37,0.0,27.78136806582619,62.53713197278079,True,True,False,False,False,benchmark,,,,,
064605e2f2d78e20fa50a317,WP2033,north-west,5041-17010-2,5041-17010-2,1,Croaghonagh,1.0,theoretical,0.0,100.0,100.0,100.0,10.0,680.0,680.0,68.0,68.0,True,,-3989193.601343216,3321.9917798208617,338.59849298188465,580.4964262349895,0.5752471930501962,0.7176150547245752,0.5752471930501962,57.52471930501962,0.0,54.0,54.0,100.0,63.19005531288016,643.3062874995147,643.3062874995147,1286.6125749990294,0.9460386580875216,0.9460386580875216,0,0.0,7.658408184518032,76.58408184518032,131,37,0.0,23.287323231648426,52.420831212478014,True,True,False,False,False,benchmark,,,,,
8dffd85e954d86d2571f9ef2,WP2033,north-west,5041-17010-2,5041-17010-2,1,Croaghonagh,1.0,theoretical,0.0,100.0,100.0,100.0,10.0,850.0,850.0,85.0,85.0,True,,-3989193.601343216,3321.9917798208617,338.59849298188465,580.4964262349895,0.5752471930501962,0.7176150547245752,0.5752471930501962,57.52471930501962,0.0,54.0,54.0,100.0,63.19005531288016,643.3062874995147,643.3062874995147,1286.6125749990294,0.7568309264700174,0.7568309264700174,0,0.0,7.658408184518032,76.58408184518032,131,37,0.0,18.629858585318736,41.93666496998241,True,True,False,False,False,benchmark,,,,,
13681a839c80bcad87f786a4,WP2033,north-west,5041-17010-2,5041-17010-2,1,Croaghonagh,1.0,theoretical,0.0,100.0,100.0,100.0,10.0,1130.0,1130.0,113.0,113.0,True,,-3989193.601343216,3321.9917798208617,338.59849298188465,580.4964262349895,0.5752471930501962,0.7176150547245752,0.5752471930501962,57.52471930501962,0.0,54.0,54.0,100.0,63.19005531288016,643.3062874995147,643.3062874995147,1286.6125749990294,0.5692975995570927,0.5692975995570927,0,0.0,7.658408184518032,76.58408184518032,131,37,0.0,14.013610440284006,31.54527895972128,True,True,False,False,False,benchmark,,,,,
0859d8709401515ac5ca3586,WP2033,north-west,5041-17010-2,5041-17010-2,1,Croaghonagh,1.0,theoretical,0.0,100.0,100.0,100.0,25.0,12.5,12.5,0.5,0.5,True,,-3947868.1338776993,3584.2364850756685,76.35378772707782,308.33990439077024,0.1297179490728032,0.3811726435566053,0.1297179490728032,12.971794907280325,0.0,54.0,54.0,100.0,62.14357117460834,175.19066557419615,175.19066557419615,350.3813311483923,14.01525324593569,14.01525324593569,0,0.0,2.085603161597573,8.342412646390292,33,135,0.0,21.80023204173153,100.0,True,True,False,False,False,benchmark,,,,,
81d45c5f881d7138c4c6ee1b,WP2033,north-west,5041-17010-2,5041-17010-2,1,Croaghonagh,1.0,theoretical,0.0,100.0,100.0,100.0,25.0,25.0,25.0,1.0,1.0,True,,-3957612.718026611,3521.736485075669,138.85378772707736,351.4425109295844,0.2358996076177528,0.4344564846833064,0.2358996076177528,23.589960761775288,0.0,55.0,55.0,100.0,62.38765288485042,303.6853854039296,303.6853854039296,607.3707708078591,12.147415416157182,12.147415416157182,0,0.0,3.6153022071896377,14.46120882875855,38,130,0.0,21.874840112847643,100.0,True,True,False,False,False,benchmark,,,,,
8c57fc32ef82470ef80ed1a9,WP2033,north-west,5041-17010-2,5041-17010-2,1,Croaghonagh,1.0,theoretical,0.0,100.0,100.0,100.0,25.0,37.5,37.5,1.5,1.5,True,,-3964806.4680266106,3471.7364850756685,188.85378772707784,358.22610665033426,0.3208449344537139,0.44284242849686,0.3208449344537139,32.08449344537139,0.0,55.0,55.0,100.0,62.59033008392637,391.1853854039296,391.1853854039296,782.3707708078591,10.43161027743812,10.43161027743812,0,0.0,4.656968873856305,18.62787549542522,47,121,0.0,21.96351790647319,100.0,True,True,False,False,False,benchmark,,,,,
de34336aca7740b547d5c7a4,WP2033,north-west,5041-17010-2,5041-17010-2,1,Croaghonagh,1.0,theoretical,0.0,100.0,100.0,100.0,25.0,50.0,50.0,2.0,2.0,True,,-3971521.537745508,3426.9917798208617,233.59849298188465,370.7261066503343,0.3968620066946795,0.4582950441869108,0.3968620066946795,39.68620066946795,0.0,55.0,55.0,100.0,62.76509118479844,461.378125247835,461.378125247835,922.75625049567,9.2275625049567,9.2275625049567,0,0.0,5.492596729140892,21.97038691656357,48,120,0.0,22.291400974496856,100.0,True,True,False,False,False,benchmark,,,,,
837451e0ef8900100d5fc024,WP2033,north-west,5041-17010-2,5041-17010-2,1,Croaghonagh,1.0,theoretical,0.0,100.0,100.0,100.0,25.0,75.0,75.0,3.0,3.0,True,,-3982716.963674837,3351.9917798208617,308.59849298188465,379.1407409122039,0.5242799969486199,0.4686972929405912,0.4686972929405912,46.86972929405913,0.0,56.0,56.0,100.0,62.98549723920964,582.8397774926855,582.8397774926855,1165.679554985371,7.771197033235806,7.771197033235806,0,0.0,6.938568779674827,27.754275118699308,58,110,0.0,22.909563389340427,100.0,True,True,False,False,False,benchmark,,,,,
2c89cada5745deb47bac05ba,WP2033,north-west,5041-17010-2,5041-17010-2,1,Croaghonagh,1.0,theoretical,0.0,100.0,100.0,100.0,25.0,100.0,100.0,4.0,4.0,True,,-3991855.556193882,3276.991779820861,383.5984929818851,429.1407409122039,0.6516979872025612,0.5305077557007942,0.5305077557007942,53.05077557007942,0.0,56.0,56.0,100.0,63.15922055270333,686.4909316643897,686.4909316643896,1372.9818633287791,6.864909316643896,6.864909316643896,0,0.0,8.172511091242734,32.69004436497094,67,101,0.0,25.36581951693152,100.0,True,True,False,False,False,benchmark,,,,,
64659c3f5ce9653ec889da4e,WP2033,north-west,5041-17010-2,5041-17010-2,1,Croaghonagh,1.0,theoretical,0.0,100.0,100.0,100.0,25.0,125.0,125.0,5.0,5.0,True,,-4000482.720396964,3201.9917798208617,458.5984929818847,472.2433474510217,0.779115977456501,0.5837915968274999,0.5837915968274999,58.37915968274999,0.0,56.0,56.0,100.0,63.332943866197,807.8397774926855,807.8397774926855,1615.679554985371,6.462718219941483,6.462718219941483,0,0.0,9.617140208246257,38.46856083298502,73,95,0.0,26.94484459294375,100.0,True,True,False,False,False,benchmark,,,,,
075426efac3579ec283d5d5c,WP2033,north-west,5041-17010-2,5041-17010-2,1,Croaghonagh,1.0,theoretical,0.0,100.0,100.0,100.0,25.0,150.0,150.0,6.0,6.0,True,,-4006568.012008467,3126.9917798208617,533.5984929818846,498.41842550154615,0.9065339677104416,0.6161494705692468,0.6161494705692468,61.61494705692469,0.0,56.0,56.0,100.0,63.448759408526136,901.6054460653856,901.6054460653856,1803.2108921307715,6.010702973769238,6.010702973769238,0,0.0,10.733398167445069,42.93359266978027,80,88,0.0,28.502990826146167,100.0,True,True,False,False,False,benchmark,,,,,
e8527deb98a8a4ae4a3a03d9,WP2033,north-west,5041-17010-2,5041-17010-2,1,Croaghonagh,1.0,theoretical,0.0,100.0,100.0,100.0,25.0,200.0,200.0,8.0,8.0,True,,-4016458.587286029,3058.8891732820475,601.7010995206988,566.5210320403639,1.022233931126849,0.7003385430760539,0.7003385430760539,70.0338543076054,0.0,57.0,57.0,100.0,63.67245293256999,1001.1348934332916,1001.1348934332916,2002.2697868665832,5.005674467166458,5.005674467166458,0,0.0,11.918272540872518,47.67309016349007,88,80,0.0,28.377903744178443,100.0,True,True,False,False,False,benchmark,,,,,
d1620645b05fe66a9251eefa,WP2033,north-west,5041-17010-2,5041-17010-2,1,Croaghonagh,1.0,theoretical,0.0,100.0,100.0,100.0,25.0,230.0,230.0,9.2,9.2,True,,-4020635.625383187,3028.8891732820475,631.7010995206988,596.5210320403639,1.0732011272284252,0.7374248207321757,0.7374248207321757,73.74248207321757,0.0,57.0,57.0,100.0,63.70924475655498,1047.058699115271,1047.058699115271,2094.1173982305427,4.5524291265881365,4.5524291265881365,0,0.0,12.46498451327704,49.85993805310816,93,75,0.0,28.08334319691284,100.0,True,True,False,False,False,benchmark,,,,,
88f0f735c6302f782d65f6dc,WP2033,north-west,5041-17010-2,5041-17010-2,1,Croaghonagh,1.0,theoretical,0.0,100.0,100.0,100.0,25.0,250.0,250.0,10.0,10.0,True,,-4023415.625383187,3008.8891732820475,651.7010995206988,616.5210320403639,1.1071792579628092,0.762149005836257,0.762149005836257,76.2149005836257,0.0,57.0,57.0,100.0,63.80189719041829,1087.058699115271,1087.058699115271,2174.1173982305427,4.348234796461085,4.348234796461085,0,0.0,12.941174989467516,51.764699957870064,95,73,0.0,28.432603373319,100.0,True,True,False,False,False,benchmark,,,,,
afaa1e329ed395fb9961ae95,WP2033,north-west,5041-17010-2,5041-17010-2,1,Croaghonagh,1.0,theoretical,0.0,100.0,100.0,100.0,25.0,300.0,300.0,12.0,12.0,True,,-4029464.499870312,2958.8891732820475,701.7010995206988,666.5210320403603,1.1921245847987696,0.8239594685964555,0.8239594685964555,82.39594685964555,0.0,57.0,57.0,100.0,63.980685571289065,1164.2453949918486,1164.2453949918486,2328.490789983697,3.880817983306162,3.880817983306162,0,0.0,13.860064226093437,55.44025690437374,101,67,0.0,30.70451375685188,100.0,True,True,False,False,False,benchmark,,,,,
6cc597f2d85ccf831e7f443f,WP2033,north-west,5041-17010-2,5041-17010-2,1,Croaghonagh,1.0,theoretical,0.0,100.0,100.0,100.0,25.0,340.0,340.0,13.6,13.6,True,,-4033444.499870312,2918.8891732820475,741.7010995206988,670.4523992439754,1.260080846267538,0.8288194611191702,0.8288194611191702,82.88194611191702,0.0,57.0,57.0,100.0,64.07333800515235,1204.2453949918486,1204.2453949918486,2408.490789983697,3.5418982205642604,3.5418982205642604,0,0.0,14.336254702283911,57.345018809135645,104,64,0.0,33.604038940028744,100.0,True,True,False,False,False,benchmark,,,,,
a15f2265170a9378a63fe4ec,WP2033,north-west,5041-17010-2,5041-17010-2,1,Croaghonagh,1.0,theoretical,0.0,100.0,100.0,100.0,25.0,400.0,400.0,16.0,16.0,True,,-4039414.499870312,2858.8891732820475,801.7010995206988,670.4523992439754,1.3620152384706905,0.8288194611191702,0.8288194611191702,82.88194611191702,0.0,57.0,57.0,100.0,64.13491734958254,1264.2453949918486,1264.2453949918486,2528.490789983697,3.160613487479621,3.160613487479621,0,0.0,15.050540416569628,60.202161666278506,108,60,0.0,37.40917869870234,100.0,True,True,False,False,False,benchmark,,,,,
7a973a69ff55fbcf88091ab8,WP2033,north-west,5041-17010-2,5041-17010-2,1,Croaghonagh,1.0,theoretical,0.0,100.0,100.0,100.0,25.0,460.0,460.0,18.4,18.4,True,,-4045348.79787384,2857.765592668421,802.8246801343253,670.4523992439754,1.3639240969197113,0.8288194611191702,0.8288194611191702,82.88194611191702,0.0,57.0,57.0,100.0,64.27389600037749,1277.896549163553,1277.896549163553,2555.7930983271053,2.778035976442506,2.778035976442506,0,0.0,15.21305415670896,60.85221662683584,111,57,0.0,38.85328100564638,100.0,True,True,False,False,False,benchmark,,,,,
972006cdbbf69c71094939d6,WP2033,north-west,5041-17010-2,5041-17010-2,1,Croaghonagh,1.0,theoretical,0.0,100.0,100.0,100.0,25.0,500.0,500.0,20.0,20.0,True,,-4049288.79787384,2857.765592668421,802.8246801343253,670.4523992439754,1.3639240969197113,0.8288194611191702,0.8288194611191702,82.88194611191702,0.0,57.0,57.0,100.0,64.36654843424078,1317.896549163553,1317.896549163553,2635.7930983271053,2.635793098327105,2.635793098327105,0,0.0,15.68924463289944,62.75697853159776,113,55,0.0,40.45777603022853,100.0,True,True,False,False,False,benchmark,,,,,
9b9c0220403b445e8472b55e,WP2033,north-west,5041-17010-2,5041-17010-2,1,Croaghonagh,1.0,theoretical,0.0,100.0,100.0,100.0,25.0,570.0,570.0,22.8,22.8,True,,-4053337.7053547953,2857.765592668421,802.8246801343253,670.4523992439754,1.3639240969197113,0.8288194611191702,0.8288194611191702,82.88194611191702,0.0,57.0,57.0,100.0,64.52869019350155,1339.2453949918486,1339.2453949918486,2678.490789983697,2.3495533245471028,2.3495533245471028,0,0.0,15.943397559426767,63.77359023770708,113,55,0.0,41.36910776569918,100.0,True,True,False,False,False,benchmark,,,,,
3597be9c368ff88b2b97b82c,WP2033,north-west,5041-17010-2,5041-17010-2,1,Croaghonagh,1.0,theoretical,0.0,100.0,100.0,100.0,25.0,600.0,600.0,24.0,24.0,True,,-4054537.7053547935,2857.765592668421,802.8246801343253,670.4523992439754,1.3639240969197113,0.8288194611191702,0.8288194611191702,82.88194611191702,0.0,57.0,57.0,100.0,64.59817951889903,1339.2453949918486,1339.2453949918486,2678.490789983697,2.232075658319748,2.232075658319748,0,0.0,15.943397559426767,63.77359023770708,114,54,0.0,41.47637562185332,100.0,True,True,False,False,False,benchmark,,,,,
051d7ecaff06ca9b51ac0bae,WP2033,north-west,5041-17010-2,5041-17010-2,1,Croaghonagh,1.0,theoretical,0.0,100.0,100.0,100.0,25.0,680.0,680.0,27.2,27.2,True,,-4057732.9509728616,2857.765592668421,802.8246801343253,670.4523992439754,1.3639240969197113,0.8288194611191702,0.8288194611191702,82.88194611191702,0.0,57.0,57.0,100.0,64.78348438662562,1348.7541588576005,1348.7541588576005,2697.508317715201,1.9834619983200008,1.9834619983200008,0,0.0,16.05659712925715,64.2263885170286,113,55,0.0,42.97399073041491,100.0,True,True,False,False,False,benchmark,,,,,
d3839536b996285cf488388e,WP2033,north-west,5041-17010-2,5041-17010-2,1,Croaghonagh,1.0,theoretical,0.0,100.0,100.0,100.0,25.0,850.0,850.0,34.0,34.0,True,,-4064447.950972861,2857.765592668421,802.8246801343253,670.4523992439754,1.3639240969197113,0.8288194611191702,0.8288194611191702,82.88194611191702,0.0,57.0,57.0,100.0,65.06144168821551,1518.7541588576005,1518.7541588576007,3037.508317715201,1.7867695986560006,1.7867695986560006,0,0.0,18.08040665306667,72.32162661226668,127,41,0.0,43.15777727465846,100.0,True,True,False,False,False,benchmark,,,,,
1d376dfe80452edf87d834aa,WP2033,north-west,5041-17010-2,5041-17010-2,1,Croaghonagh,1.0,theoretical,0.0,100.0,100.0,100.0,25.0,1130.0,1130.0,45.2,45.2,True,,-4067064.4908656455,2857.765592668421,802.8246801343253,670.4523992439754,1.3639240969197113,0.8288194611191702,0.8288194611191702,82.88194611191702,0.0,57.0,57.0,100.0,65.21487763085274,1584.9956751306063,1584.995675130606,3169.9913502612126,1.4026510399385896,1.4026510399385896,0,0.0,18.868996132507217,75.47598453002887,132,36,0.0,36.2856891446879,81.08332002415979,True,True,False,False,False,benchmark,,,,,
f403a2f86e83d62863ed4555,WP2033,north-west,5041-17010-2,5041-17010-2,1,Croaghonagh,1.0,theoretical,0.0,100.0,100.0,100.0,40.0,20.0,20.0,0.5,0.5,True,,-3954177.460599016,3546.736485075668,113.85378772707828,487.3328570473459,0.1934269441997742,0.6024453882469664,0.1934269441997742,19.342694419977423,0.0,54.0,54.0,100.0,62.29500045098712,257.6126088638663,257.6126088638663,515.2252177277326,12.880630443193317,12.880630443193317,0,0.0,3.066816772188884,7.667041930472211,36,132,0.0,26.06672531529168,100.0,True,True,False,False,False,benchmark,,,,,
ff48d9c38369a615a203189b,WP2033,north-west,5041-17010-2,5041-17010-2,1,Croaghonagh,1.0,theoretical,0.0,100.0,100.0,100.0,40.0,40.0,40.0,1.0,1.0,True,,-3967063.032369104,3450.014661626268,210.57561117647856,534.3502836485095,0.3577482823013614,0.6605687661672024,0.3577482823013614,35.774828230136144,0.0,56.0,56.0,100.0,62.66561018644031,427.33653957563376,427.33653957563376,854.6730791512675,10.683413489390844,10.683413489390844,0,0.0,5.087339756852783,12.71834939213196,40,128,0.0,25.4083803244138,100.0,True,True,False,False,False,benchmark,,,,,
fb5fcf88ba4ca27420705e34,WP2033,north-west,5041-17010-2,5041-17010-2,1,Croaghonagh,1.0,theoretical,0.0,100.0,100.0,100.0,40.0,60.0,60.0,1.5,1.5,True,,-3978573.032369104,3370.0146616262687,290.57561117647765,584.3375514027612,0.4936608052388964,0.7223634892073718,0.4936608052388964,49.36608052388964,0.0,57.0,57.0,100.0,62.89724127109855,567.3365395756337,567.3365395756338,1134.6730791512673,9.455608992927228,9.455608992927228,0,0.0,6.754006423519449,16.885016058798623,49,119,0.0,26.55264696430746,100.0,True,True,False,False,False,benchmark,,,,,
8cd93b384b363234bbf2326b,WP2033,north-west,5041-17010-2,5041-17010-2,1,Croaghonagh,1.0,theoretical,0.0,100.0,100.0,100.0,40.0,80.0,80.0,2.0,2.0,True,,-3988920.2850435176,3295.269956371462,365.3203164312845,659.0822566575698,0.6206450735814382,0.8147635856208658,0.6206450735814382,62.06450735814381,0.0,57.0,57.0,100.0,63.1003067580866,681.8643249345852,681.864324934585,1363.72864986917,8.523304061682314,8.523304061682314,0,0.0,8.117432439697444,20.29358109924361,49,119,0.0,27.44323127008045,100.0,True,True,False,False,False,benchmark,,,,,
dfef212d96e04e47aea1dceb,WP2033,north-west,5041-17010-2,5041-17010-2,1,Croaghonagh,1.0,theoretical,0.0,100.0,100.0,100.0,40.0,120.0,120.0,3.0,3.0,True,,-4006047.273653662,3175.2699563714614,485.32031643128494,747.9071786070417,0.8245138579877437,0.9245697762275812,0.8245138579877437,82.45138579877437,0.0,58.0,58.0,100.0,63.42423555092803,873.3917060181526,873.3917060181526,1746.7834120363052,7.278264216817939,7.278264216817939,0,0.0,10.397520309739912,25.99380077434978,59,109,0.0,24.52758686161668,100.0,True,True,False,False,False,benchmark,,,,,
4e70dd07bcc60e9a3a596991,WP2033,north-west,5041-17010-2,5041-17010-2,1,Croaghonagh,1.0,theoretical,0.0,100.0,100.0,100.0,40.0,160.0,160.0,4.0,4.0,True,,-4020319.132095168,3055.2699563714614,605.3203164312849,787.9071786070417,1.0283826423940483,0.9740181464357436,0.9740181464357436,97.40181464357435,0.0,59.0,59.0,100.0,63.702192852517925,1049.6748230077314,1049.6748230077314,2099.349646015463,6.560467643798321,6.560467643798321,0,0.0,12.496128845330135,31.240322113325345,67,101,0.0,25.9144098005282,100.0,True,True,False,False,False,benchmark,,,,,
5bc2d20570a2f8668664f52d,WP2033,north-west,5041-17010-2,5041-17010-2,1,Croaghonagh,1.0,theoretical,0.0,100.0,100.0,100.0,40.0,200.0,200.0,5.0,5.0,True,,-4032935.633254165,2935.269956371462,725.3203164312845,845.7582590843485,1.2322514268003524,1.0455341875453452,1.0455341875453452,104.55341875453452,0.0,59.0,59.0,100.0,63.98015015410782,1249.6748230077314,1249.6748230077314,2499.349646015463,6.248374115038657,6.248374115038657,0,0.0,14.877081226282517,37.19270306570629,75,93,0.0,27.73000557190075,100.0,True,True,True,False,True,benchmark,,,,,
28736720dbc2b93fb128ef14,WP2033,north-west,5041-17010-2,5041-17010-2,1,Croaghonagh,1.0,theoretical,0.0,100.0,100.0,100.0,40.0,230.0,230.0,5.75,5.75,True,,-4039917.072978775,2845.269956371462,815.3203164312845,919.277223061432,1.385153015105081,1.1364190112468298,1.1364190112468298,113.64190112468296,0.0,59.0,59.0,100.0,64.041729498538,1356.7079806933375,1356.7079806933375,2713.415961386675,5.898730350840598,5.898730350840598,0,0.0,16.151285484444493,40.37821371111123,82,86,0.0,28.390187563481987,100.0,True,True,True,False,True,benchmark,,,,,
519b749dd0b91786825c60bf,WP2033,north-west,5041-17010-2,5041-17010-2,1,Croaghonagh,1.0,theoretical,0.0,100.0,100.0,100.0,40.0,240.0,240.0,6.0,6.0,True,,-4041907.157797112,2825.1003196955894,835.4899531071569,929.4468597373052,1.419419342696972,1.148990810227607,1.148990810227607,114.8990810227607,0.0,59.0,59.0,100.0,64.08805571546965,1376.8776173692097,1376.87761736921,2753.75523473842,5.736990072371708,5.736990072371708,0,0.0,16.391400206776307,40.97850051694077,81,87,0.0,28.41693222486019,100.0,True,True,True,False,True,benchmark,,,,,
a368b721dc74f9f48662ffcc,WP2033,north-west,5041-17010-2,5041-17010-2,1,Croaghonagh,1.0,theoretical,0.0,100.0,100.0,100.0,40.0,320.0,320.0,8.0,8.0,True,,-4057737.733074674,2726.9977131567744,933.592559645972,992.1648637293838,1.5860865022149575,1.2265233872305397,1.2265233872305397,122.65233872305396,0.0,59.0,59.0,100.0,64.45072789030846,1536.407064737116,1536.407064737116,3072.814129474232,4.801272077303487,4.801272077303487,0,0.0,18.29056029448948,45.72640073622368,89,79,0.0,28.350991123575007,100.0,True,True,True,False,True,benchmark,,,,,
a6e9d100e1fb225d46b40ecf,WP2033,north-west,5041-17010-2,5041-17010-2,1,Croaghonagh,1.0,theoretical,0.0,100.0,100.0,100.0,40.0,340.0,340.0,8.5,8.5,True,,-4060524.771171833,2706.997713156775,953.5925596459716,1012.1648637293838,1.6200646329493409,1.2512475723346208,1.2512475723346208,125.12475723346208,0.0,59.0,59.0,100.0,64.54338032417175,1562.3308704190954,1562.3308704190956,3124.661740838191,4.595090795350281,4.595090795350281,0,0.0,18.59917702879876,46.49794257199689,92,76,0.0,28.623602790323112,100.0,True,True,True,False,True,benchmark,,,,,
56fd1a46ff363caeef579cd6,WP2033,north-west,5041-17010-2,5041-17010-2,1,Croaghonagh,1.0,theoretical,0.0,100.0,100.0,100.0,40.0,400.0,400.0,10.0,10.0,True,,-4068864.771171833,2646.997713156775,1013.5925596459716,1072.1648637293838,1.721999025152493,1.3254201276468645,1.3254201276468645,132.54201276468643,0.0,59.0,59.0,100.0,64.82133762576166,1682.3308704190954,1682.3308704190956,3364.661740838191,4.205827176047738,4.205827176047738,0,0.0,20.027748457370187,50.06937114342547,97,71,0.0,29.01080404753413,100.0,True,True,True,False,True,benchmark,,,,,
974574c716a932510833ffff,WP2033,north-west,5041-17010-2,5041-17010-2,1,Croaghonagh,1.0,theoretical,0.0,100.0,100.0,100.0,40.0,460.0,460.0,11.5,11.5,True,,-4075674.065395399,2586.997713156775,1073.5925596459715,1131.3111968038647,1.8239334173556456,1.39853737200492,1.39853737200492,139.853737200492,0.0,60.0,60.0,100.0,65.00953314525327,1763.578825446069,1763.5788254460688,3527.157650892138,3.83386701183928,3.83386701183928,0,0.0,20.9949860172151,52.48746504303775,102,66,0.0,29.990075291086555,100.0,True,True,True,False,True,benchmark,,,,,
4b7b1ef1fa77c4031a70769a,WP2033,north-west,5041-17010-2,5041-17010-2,1,Croaghonagh,1.0,theoretical,0.0,100.0,100.0,100.0,40.0,480.0,480.0,12.0,12.0,True,,-4077664.065395399,2566.997713156775,1093.5925596459715,1131.3111968038647,1.8579115480900297,1.39853737200492,1.39853737200492,139.853737200492,0.0,60.0,60.0,100.0,65.05585936218493,1783.578825446069,1783.5788254460688,3567.157650892138,3.7157892196793103,3.7157892196793103,0,0.0,21.23308125531034,53.082703138275846,102,66,0.0,30.61104897694772,100.0,True,True,True,False,True,benchmark,,,,,
5ffff459aca0f408b29c2fb5,WP2033,north-west,5041-17010-2,5041-17010-2,1,Croaghonagh,1.0,theoretical,0.0,100.0,100.0,100.0,40.0,570.0,570.0,14.25,14.25,True,,-4086619.065395399,2476.997713156775,1183.5925596459715,1162.1648637293838,2.0108131363947583,1.43667896061523,1.43667896061523,143.66789606152298,0.0,60.0,60.0,100.0,65.26432733837734,1873.578825446069,1873.5788254460688,3747.157650892138,3.2869803955194192,3.2869803955194192,0,0.0,22.304509826738915,55.76127456684728,107,61,0.0,35.52261615378204,100.0,True,True,True,False,True,benchmark,,,,,
c015eee84071e72c6c1f3c15,WP2033,north-west,5041-17010-2,5041-17010-2,1,Croaghonagh,1.0,theoretical,0.0,100.0,100.0,100.0,40.0,640.0,640.0,16.0,16.0,True,,-4093564.734668642,2445.6591666722848,1214.9311061304616,1171.3111968038647,2.0640543978685373,1.4479857422130824,1.4479857422130824,144.79857422130823,0.0,60.0,60.0,100.0,65.42646909763812,1904.9173719305588,1904.9173719305584,3809.834743861117,2.9764333936414977,2.9764333936414977,0,0.0,22.67758776107808,56.6939694026952,108,60,0.0,38.10633861105157,100.0,True,True,True,False,True,benchmark,,,,,
e64fc2f9c6366bcd9f2c590b,WP2033,north-west,5041-17010-2,5041-17010-2,1,Croaghonagh,1.0,theoretical,0.0,100.0,100.0,100.0,40.0,680.0,680.0,17.0,17.0,True,,-4097524.734668642,2445.6591666722848,1214.9311061304616,1171.3111968038647,2.0640543978685373,1.4479857422130824,1.4479857422130824,144.79857422130823,0.0,60.0,60.0,100.0,65.51912153150141,1904.917371930559,1904.9173719305588,3809.834743861118,2.8013490763684694,2.8013490763684694,0,0.0,22.67758776107808,56.6939694026952,109,59,0.0,39.27464906327474,100.0,True,True,True,False,True,benchmark,,,,,
bdf932fcfb8c937d1cdb259f,WP2033,north-west,5041-17010-2,5041-17010-2,1,Croaghonagh,1.0,theoretical,0.0,100.0,100.0,100.0,40.0,800.0,800.0,20.0,20.0,True,,-4109348.630318715,2445.6591666722848,1214.9311061304616,1171.3111968038647,2.0640543978685373,1.4479857422130824,1.4479857422130824,144.79857422130823,0.0,61.0,61.0,100.0,65.69489200628136,2017.1260717806176,2017.1260717806176,4034.2521435612352,2.521407589725772,2.521407589725772,0,0.0,24.013405616435925,60.033514041089816,115,53,0.0,40.86498983780916,100.0,True,True,True,False,True,benchmark,,,,,
ca2b3b0121880f08d0874efd,WP2033,north-west,5041-17010-2,5041-17010-2,1,Croaghonagh,1.0,theoretical,0.0,100.0,100.0,100.0,40.0,850.0,850.0,21.25,21.25,True,,-4114273.6303187134,2445.6591666722848,1214.9311061304616,1171.3111968038647,2.0640543978685373,1.4479857422130824,1.4479857422130824,144.79857422130823,0.0,61.0,61.0,100.0,65.81070754861047,2067.1260717806176,2067.1260717806176,4134.252143561235,2.431913025624256,2.431913025624256,0,0.0,24.60864371167402,61.52160927918506,117,51,0.0,41.83946901132476,100.0,True,True,True,False,True,benchmark,,,,,
2e67536f2453bc9c4f0d06a3,WP2033,north-west,5041-17010-2,5041-17010-2,1,Croaghonagh,1.0,theoretical,0.0,100.0,100.0,100.0,40.0,960.0,960.0,24.0,24.0,True,,-4119019.568917067,2445.6591666722848,1214.9311061304616,1171.3111968038647,2.0640543978685373,1.4479857422130824,1.4479857422130824,144.79857422130823,0.0,61.0,61.0,100.0,66.06550174173455,2073.039552094324,2073.039552094324,4146.079104188648,2.159416200098254,2.159416200098254,0,0.0,24.679042286837188,61.69760571709297,115,53,0.0,41.47295532404017,100.0,True,True,True,False,True,benchmark,,,,,
c333af22f8df76ec56d58aab,WP2033,north-west,5041-17010-2,5041-17010-2,1,Croaghonagh,1.0,theoretical,0.0,100.0,100.0,100.0,40.0,1130.0,1130.0,28.25,28.25,True,,-4125788.4363838346,2445.6591666722848,1214.9311061304616,1171.3111968038647,2.0640543978685373,1.4479857422130824,1.4479857422130824,144.79857422130823,0.0,61.0,61.0,100.0,66.45927458565356,2135.304618558557,2135.3046185585576,4270.609237117114,1.8896501049190773,1.8896501049190773,0,0.0,25.420293078078068,63.550732695195165,116,52,0.0,42.28705524803173,100.0,True,True,True,False,True,benchmark,,,,,
ab1ee75f17f94c48cdd9c293,WP2033,north-west,5041-17010-2,5041-17010-2,1,Croaghonagh,1.0,theoretical,0.0,100.0,100.0,100.0,50.0,25.0,25.0,0.5,0.5,True,,-3957612.7180266096,3521.7364850756685,138.85378772707782,636.8960282337939,0.2358996076177536,0.7873367647053227,0.2358996076177536,23.58996076177536,0.0,54.0,54.0,100.0,62.38765288485042,303.6853854039296,303.6853854039296,607.3707708078591,12.147415416157182,12.147415416157182,0,0.0,3.6153022071896377,7.230604414379275,36,132,0.0,25.49313165195828,100.0,True,True,False,False,False,benchmark,,,,,
e3fe868fc793992d5308763e,WP2033,north-west,5041-17010-2,5041-17010-2,1,Croaghonagh,1.0,theoretical,0.0,100.0,100.0,100.0,50.0,50.0,50.0,1.0,1.0,True,,-3973115.4045367776,3410.014661626268,250.5756111764781,714.9092742456705,0.4257045437701289,0.8837774614537158,0.4257045437701289,42.57045437701289,0.0,56.0,56.0,100.0,62.84519008183922,504.864948883855,504.864948883855,1009.72989776771,10.0972989776771,10.0972989776771,0,0.0,6.010297010522083,12.020594021044166,39,129,0.0,25.68340393667045,100.0,True,True,False,False,False,benchmark,,,,,
78703d0f4a33907bb62af67e,WP2033,north-west,5041-17010-2,5041-17010-2,1,Croaghonagh,1.0,theoretical,0.0,100.0,100.0,100.0,50.0,75.0,75.0,1.5,1.5,True,,-3987420.5155332047,3310.0146616262687,350.57561117647765,789.9092742456705,0.5955951974420488,0.9764931555940204,0.5955951974420488,59.55951974420488,0.0,56.0,56.0,100.0,63.24571312448185,677.7791513250203,677.7791513250203,1355.5583026500406,9.037055351000271,9.037055351000271,0,0.0,8.068799420535957,16.137598841071913,48,120,0.0,24.54578714154037,100.0,True,True,False,False,False,benchmark,,,,,
a595de0e4195673e6f04de6e,WP2033,north-west,5041-17010-2,5041-17010-2,1,Croaghonagh,1.0,theoretical,0.0,100.0,100.0,100.0,50.0,100.0,100.0,2.0,2.0,True,,-3999392.702442689,3223.5975892460087,436.9926835567376,851.3263466259305,0.7424097265930092,1.0524175088980352,0.7424097265930092,74.24097265930092,0.0,57.0,57.0,100.0,63.5107324766057,809.3927342428065,809.3927342428065,1618.785468485613,8.093927342428065,8.093927342428065,0,0.0,9.635627788604838,19.27125557720968,50,118,0.0,23.68824745883164,100.0,True,True,False,False,False,benchmark,,,,,
38adf5cccefe1416c6b97b5d,WP2033,north-west,5041-17010-2,5041-17010-2,1,Croaghonagh,1.0,theoretical,0.0,100.0,100.0,100.0,50.0,150.0,150.0,3.0,3.0,True,,-4019689.6910528312,3073.5975892460096,586.9926835567367,927.9216139197888,0.9972457071008886,1.147105287231532,0.9972457071008886,99.72457071008886,0.0,60.0,60.0,100.0,63.87304992576441,1040.920115326374,1040.920115326374,2081.840230652748,6.939467435509159,6.939467435509159,0,0.0,12.391906134837784,24.78381226967557,61,107,0.0,25.8486909680147,100.0,True,True,True,False,True,benchmark,,,,,
7fd670b67486cbdf3c63d6a2,WP2033,north-west,5041-17010-2,5041-17010-2,1,Croaghonagh,1.0,theoretical,0.0,100.0,100.0,100.0,50.0,200.0,200.0,4.0,4.0,True,,-4037521.549494337,2923.597589246009,736.9926835567371,977.9216139197888,1.2520816876087704,1.208915749991735,1.208915749991735,120.89157499917349,0.0,62.0,62.0,100.0,64.22049655275178,1277.2032323159528,1277.2032323159526,2554.4064646319057,6.386016161579764,6.386016161579764,0,0.0,15.204800384713725,30.40960076942745,70,98,0.0,25.97970598253384,100.0,True,True,True,False,True,benchmark,,,,,
a3d8f602f68337eedee0b9e0,WP2033,north-west,5041-17010-2,5041-17010-2,1,Croaghonagh,1.0,theoretical,0.0,100.0,100.0,100.0,50.0,230.0,230.0,4.6,4.6,True,,-4046573.0506533375,2833.597589246009,826.9926835567371,977.9216139197888,1.4049832759134988,1.208915749991735,1.208915749991735,120.89157499917349,0.0,62.0,62.0,100.0,64.30318666257196,1427.2032323159524,1427.2032323159524,2854.406464631905,6.205231444851967,6.205231444851967,0,0.0,16.990514670428006,33.98102934085601,74,94,0.0,27.663943015771164,100.0,True,True,True,False,True,benchmark,,,,,
6acc897a348b3af8262a7bc2,WP2033,north-west,5041-17010-2,5041-17010-2,1,Croaghonagh,1.0,theoretical,0.0,100.0,100.0,100.0,50.0,250.0,250.0,5.0,5.0,True,,-4052523.050653337,2773.5975892460087,886.9926835567376,997.1992985091274,1.506917668116652,1.23274700209998,1.23274700209998,123.274700209998,0.0,62.0,62.0,100.0,64.42183801757734,1527.2032323159528,1527.2032323159526,3054.4064646319057,6.108812929263811,6.108812929263811,0,0.0,18.1809908609042,36.3619817218084,77,91,0.0,28.87554767000109,100.0,True,True,True,False,True,benchmark,,,,,
a8b9fd89ed16fcefdcb2b413,WP2033,north-west,5041-17010-2,5041-17010-2,1,Croaghonagh,1.0,theoretical,0.0,100.0,100.0,100.0,50.0,300.0,300.0,6.0,6.0,True,,-4062899.5751962815,2643.4279525701368,1017.1623202326095,1072.78529262327,1.7280637147476552,1.3261871075876823,1.3261871075876823,132.61871075876826,0.0,62.0,62.0,100.0,64.65346910223559,1664.406026677431,1664.406026677431,3328.8120533548627,5.548020088924771,5.548020088924771,0,0.0,19.81435746044561,39.62871492089122,82,86,0.0,29.33516483238448,100.0,True,True,True,False,True,benchmark,,,,,
b9dad1ecae0d82087be2c5f0,WP2033,north-west,5041-17010-2,5041-17010-2,1,Croaghonagh,1.0,theoretical,0.0,100.0,100.0,100.0,50.0,340.0,340.0,6.8,6.8,True,,-4070831.754711477,2591.248437375498,1069.3418354272485,1120.3494103646444,1.8167118341946664,1.3849863101551854,1.3849863101551854,138.49863101551853,0.0,62.0,62.0,100.0,64.83877396996218,1744.406026677431,1744.406026677431,3488.8120533548627,5.130605960815974,5.130605960815974,0,0.0,20.76673841282656,41.533476825653125,86,82,0.0,28.69097795385533,100.0,True,True,True,False,True,benchmark,,,,,
3cf410384df3d50e9e61d63c,WP2033,north-west,5041-17010-2,5041-17010-2,1,Croaghonagh,1.0,theoretical,0.0,100.0,100.0,100.0,50.0,400.0,400.0,8.0,8.0,True,,-4082555.1994405184,2531.248437375498,1129.3418354272485,1161.7557560249552,1.9186462263978188,1.43617321788464,1.43617321788464,143.617321788464,0.0,62.0,62.0,100.0,65.11673127155207,1861.72986819952,1861.72986819952,3723.459736399039,4.654324670498799,4.654324670498799,0,0.0,22.163450811899043,44.326901623798086,90,78,0.0,28.19502240493105,100.0,True,True,True,False,True,benchmark,,,,,
cdf2b8e4b52096ccb2a22cc2,WP2033,north-west,5041-17010-2,5041-17010-2,1,Croaghonagh,1.0,theoretical,0.0,100.0,100.0,100.0,50.0,460.0,460.0,9.2,9.2,True,,-4090901.134734755,2471.248437375498,1189.3418354272485,1162.645358485308,2.020580618600971,1.4372729526795804,1.4372729526795804,143.72729526795806,0.0,63.0,63.0,100.0,65.39468857314196,1969.8592797273168,1969.8592797273168,3939.7185594546336,4.282302782015906,4.282302782015906,0,0.0,23.45070571103949,46.90141142207897,96,72,0.0,28.847748677915146,100.0,True,True,True,False,True,benchmark,,,,,
f06a1fb3e1b50f9fd98dd30e,WP2033,north-west,5041-17010-2,5041-17010-2,1,Croaghonagh,1.0,theoretical,0.0,100.0,100.0,100.0,50.0,500.0,500.0,10.0,10.0,True,,-4096461.134734755,2431.248437375498,1229.3418354272485,1176.4030714793737,2.08853688006974,1.4542803648132854,1.4542803648132854,145.42803648132855,0.0,63.0,63.0,100.0,65.57999344086856,2049.859279727317,2049.859279727317,4099.718559454634,4.099718559454634,4.099718559454634,0,0.0,24.40308666342044,48.80617332684088,97,71,0.0,29.115706691598955,100.0,True,True,True,False,True,benchmark,,,,,
59d3a9efbde3db61fab3e82e,WP2033,north-west,5041-17010-2,5041-17010-2,1,Croaghonagh,1.0,theoretical,0.0,100.0,100.0,100.0,50.0,570.0,570.0,11.4,11.4,True,,-4103581.857054551,2361.248437375498,1299.3418354272485,1176.9557502141615,2.207460337640084,1.454963591380385,1.454963591380385,145.49635913803849,0.0,63.0,63.0,100.0,65.75126687856981,2123.8016169373395,2123.801616937339,4247.603233874679,3.725967749012877,3.725967749012877,0,0.0,25.28335258258737,50.56670516517474,101,67,0.0,30.35760178938048,100.0,True,True,True,False,True,benchmark,,,,,
7d39fa255686ce609e87a07b,WP2033,north-west,5041-17010-2,5041-17010-2,1,Croaghonagh,1.0,theoretical,0.0,100.0,100.0,100.0,50.0,600.0,600.0,12.0,12.0,True,,-4106566.857054551,2331.248437375498,1329.3418354272485,1176.9557502141615,2.25842753374166,1.454963591380385,1.454963591380385,145.49635913803849,0.0,63.0,63.0,100.0,65.82075620396726,2153.8016169373395,2153.801616937339,4307.603233874679,3.5896693615622324,3.5896693615622324,0,0.0,25.640495439730227,51.28099087946045,102,66,0.0,31.3648024107348,100.0,True,True,True,False,True,benchmark,,,,,
15698c5d4172a212f31ed81e,WP2033,north-west,5041-17010-2,5041-17010-2,1,Croaghonagh,1.0,theoretical,0.0,100.0,100.0,100.0,50.0,680.0,680.0,13.6,13.6,True,,-4114526.857054551,2251.2484373754983,1409.341835427248,1176.9557502141615,2.394340056679196,1.454963591380385,1.454963591380385,145.49635913803849,0.0,63.0,63.0,100.0,66.00606107169385,2233.801616937339,2233.8016169373386,4467.603233874677,3.285002377849028,3.285002377849028,0,0.0,26.59287639211118,53.18575278422236,105,63,0.0,34.50342799716057,100.0,True,True,True,False,True,benchmark,,,,,
bca1409c470e87e458260245,WP2033,north-west,5041-17010-2,5041-17010-2,1,Croaghonagh,1.0,theoretical,0.0,100.0,100.0,100.0,50.0,800.0,800.0,16.0,16.0,True,,-4126425.5938395103,2213.774867455561,1446.8154053471849,1176.9557502141615,2.458004149570381,1.454963591380385,1.454963591380385,145.49635913803849,0.0,63.0,63.0,100.0,66.28401837328376,2271.275186857276,2271.275186857276,4542.550373714552,2.839093983571595,2.839093983571595,0,0.0,27.038990319729475,54.07798063945895,107,61,0.0,37.42334663953262,100.0,True,True,True,False,True,benchmark,,,,,
5259f3556228e7f29aa4951e,WP2033,north-west,5041-17010-2,5041-17010-2,1,Croaghonagh,1.0,theoretical,0.0,100.0,100.0,100.0,50.0,850.0,850.0,17.0,17.0,True,,-4131367.557001304,2213.774867455561,1446.8154053471849,1176.9557502141615,2.458004149570381,1.454963591380385,1.454963591380385,145.49635913803849,0.0,63.0,63.0,100.0,66.32243460924812,2287.348863271888,2287.348863271888,4574.697726543776,2.690998662672809,2.690998662672809,0,0.0,27.23034361037962,54.46068722075924,109,59,0.0,37.97044573820482,100.0,True,True,True,False,True,benchmark,,,,,
650c2cfd9cabbce17a4d280a,WP2033,north-west,5041-17010-2,5041-17010-2,1,Croaghonagh,1.0,theoretical,0.0,100.0,100.0,100.0,50.0,1000.0,1000.0,20.0,20.0,True,,-4146142.557001304,2213.774867455561,1446.8154053471849,1176.9557502141615,2.458004149570381,1.454963591380385,1.454963591380385,145.49635913803849,0.0,63.0,63.0,100.0,66.56769440942553,2437.348863271888,2437.348863271888,4874.697726543776,2.4373488632718883,2.4373488632718883,0,0.0,29.016057896093905,58.0321157921878,113,55,0.0,39.79533510252248,100.0,True,True,True,False,True,benchmark,,,,,
fd14d728ee85ec9c5ccbd638,WP2033,north-west,5041-17010-2,5041-17010-2,1,Croaghonagh,1.0,theoretical,0.0,100.0,100.0,100.0,50.0,1130.0,1130.0,22.6,22.6,True,,-4155502.059063635,2213.774867455561,1446.8154053471849,1176.9557502141615,2.458004149570381,1.454963591380385,1.454963591380385,145.49635913803849,0.0,63.0,63.0,100.0,66.86881481948124,2508.451462627977,2508.451462627978,5016.902925255956,2.2198685509982106,2.2198685509982106,0,0.0,29.86251741223783,59.725034824475664,114,54,0.0,42.11107596790279,100.0,True,True,True,False,True,benchmark,,,,,
946f08905c1e275198b9cc7a,WP2033,north-west,5041-17010-2,5041-17010-2,1,Croaghonagh,1.0,theoretical,0.0,100.0,100.0,100.0,50.0,1200.0,1200.0,24.0,24.0,True,,-4158302.059063635,2213.774867455561,1446.8154053471849,1176.9557502141615,2.458004149570381,1.454963591380385,1.454963591380385,145.49635913803849,0.0,63.0,63.0,100.0,67.03095657874202,2508.451462627977,2508.451462627978,5016.902925255956,2.0903762188566484,2.0903762188566484,0,0.0,29.86251741223783,59.725034824475664,115,53,0.0,42.53901085436996,100.0,True,True,True,False,True,benchmark,,,,,
d4e98a2deda68c330dd9112b,WP2033,north-west,5041-17010-2,5041-17010-2,1,Croaghonagh,1.0,theoretical,0.0,100.0,100.0,100.0,60.0,30.0,30.0,0.5,0.5,True,,-3960906.310545655,3496.7364850756685,163.85378772707782,479.9628680997048,0.2783722710357338,0.5933345396991407,0.2783722710357338,27.83722710357338,0.0,56.0,56.0,100.0,62.4803053187137,347.33653957563376,347.33653957563376,694.6730791512675,11.577884652521126,11.577884652521126,0,0.0,4.134958804471831,6.891598007453052,37,131,0.0,21.58158107350036,100.0,True,True,False,False,False,benchmark,,,,,
ac15c49225a8ff2cacf24f11,WP2033,north-west,5041-17010-2,5041-17010-2,1,Croaghonagh,1.0,theoretical,0.0,100.0,100.0,100.0,60.0,60.0,60.0,1.0,1.0,True,,-3978870.4045367776,3370.014661626269,290.5756111764772,539.9628680997048,0.4936608052388956,0.6675070950113844,0.4936608052388956,49.36608052388956,0.0,59.0,59.0,100.0,63.00733184109999,574.864948883855,574.864948883855,1149.72989776771,9.581082481397583,9.581082481397583,0,0.0,6.843630343855417,11.406050573092362,41,127,0.0,21.30974012016755,100.0,True,True,False,False,False,benchmark,,,,,
233e7e67caa58880ff4cf17a,WP2033,north-west,5041-17010-2,5041-17010-2,1,Croaghonagh,1.0,theoretical,0.0,100.0,100.0,100.0,60.0,90.0,90.0,1.5,1.5,True,,-3995357.3370552473,3250.014661626268,410.5756111764781,599.9628680996975,0.697529589645202,0.741679650323619,0.697529589645202,69.75295896452019,0.0,61.0,61.0,100.0,63.44055824322508,777.7791513250204,777.7791513250204,1555.5583026500408,8.641990570278004,8.641990570278004,0,0.0,9.259275611012146,15.432126018353578,50,118,0.0,22.516746741106925,100.0,True,True,False,False,False,benchmark,,,,,
6df59a925e92a3ba4cc49be3,WP2033,north-west,5041-17010-2,5041-17010-2,1,Croaghonagh,1.0,theoretical,0.0,100.0,100.0,100.0,60.0,120.0,120.0,2.0,2.0,True,,-4009296.653313148,3153.5975892460087,506.9926835567376,665.6576250693033,0.8613331841633536,0.8228921169078272,0.8228921169078272,82.28921169078272,0.0,61.0,61.0,100.0,63.73407127496946,929.2395917228228,929.2395917228228,1858.4791834456453,7.743663264356857,7.743663264356857,0,0.0,11.062376091938368,18.437293486563945,53,115,0.0,22.31161693754803,100.0,True,True,False,False,False,benchmark,,,,,
396420200e631f1e128dc83f,WP2033,north-west,5041-17010-2,5041-17010-2,1,Croaghonagh,1.0,theoretical,0.0,100.0,100.0,100.0,60.0,180.0,180.0,3.0,3.0,True,,-4032769.691052832,2973.5975892460087,686.9926835567376,729.362609524178,1.167136360772811,0.901644808293574,0.901644808293574,90.1644808293574,0.0,61.0,61.0,100.0,64.1510072273543,1200.920115326374,1200.920115326374,2401.840230652748,6.671778418479855,6.671778418479855,0,0.0,14.29666803959969,23.827780065999484,61,107,0.0,23.28152964752537,100.0,True,True,False,False,False,benchmark,,,,,
a9e2cd72bd8f5d8a7e0be12b,WP2033,north-west,5041-17010-2,5041-17010-2,1,Croaghonagh,1.0,theoretical,0.0,100.0,100.0,100.0,60.0,230.0,230.0,3.8333333333333335,3.8333333333333335,True,,-4050596.549494337,2823.5975892460087,836.9926835567376,782.4898035279366,1.4219723412806915,0.967321137224042,0.967321137224042,96.7321137224042,0.0,62.0,62.0,100.0,64.49845385434168,1447.2032323159528,1447.2032323159526,2894.4064646319057,6.292187966591099,6.292187966591099,0,0.0,17.228609908523246,28.714349847538745,70,98,0.0,24.91186096894261,100.0,True,True,False,False,False,benchmark,,,,,
61e81939c05e270d54bb41c6,WP2033,north-west,5041-17010-2,5041-17010-2,1,Croaghonagh,1.0,theoretical,0.0,100.0,100.0,100.0,60.0,240.0,240.0,4.0,4.0,True,,-4053698.050653336,2793.5975892460083,866.992683556738,802.4898035279366,1.472939537382269,0.9920453223281234,0.9920453223281234,99.20453223281234,0.0,62.0,62.0,100.0,64.56794317973915,1497.2032323159528,1497.2032323159526,2994.4064646319057,6.23834680131647,6.23834680131647,0,0.0,17.823848003761345,29.706413339602243,70,98,0.0,25.419466962788626,100.0,True,True,True,False,True,benchmark,,,,,
8ddbd37014b4b6b96a5cafc7,WP2033,north-west,5041-17010-2,5041-17010-2,1,Croaghonagh,1.0,theoretical,0.0,100.0,100.0,100.0,60.0,300.0,300.0,5.0,5.0,True,,-4071374.490377944,2613.5975892460083,1046.992683556738,926.4541777545746,1.7787427139917258,1.1452912290626729,1.1452912290626729,114.52912290626728,0.0,62.0,62.0,100.0,64.98487913212398,1794.2363900015584,1794.236390001559,3588.4727800031174,5.980787966671862,5.980787966671862,0,0.0,21.35995702382808,35.5999283730468,77,91,0.0,27.65925385628456,100.0,True,True,True,False,True,benchmark,,,,,
aa481d6316f0cd362f361390,WP2033,north-west,5041-17010-2,5041-17010-2,1,Croaghonagh,1.0,theoretical,0.0,100.0,100.0,100.0,60.0,340.0,340.0,5.666666666666667,5.666666666666667,True,,-4079349.575196282,2503.427952570136,1157.1623202326105,1006.4541777545746,1.9659106298883453,1.2441879694789977,1.2441879694789977,124.41879694789976,0.0,62.0,62.0,100.0,65.17018399985058,1904.406026677432,1904.406026677432,3808.812053354863,5.601194196110092,5.601194196110092,0,0.0,22.671500317588464,37.78583386264744,81,87,0.0,28.40875638428908,100.0,True,True,True,False,True,benchmark,,,,,
18912579cef20d63c508c6e5,WP2033,north-west,5041-17010-2,5041-17010-2,1,Croaghonagh,1.0,theoretical,0.0,100.0,100.0,100.0,60.0,360.0,360.0,6.0,6.0,True,,-4083329.575196282,2463.427952570136,1197.1623202326105,1046.4541777545746,2.0338668913571136,1.2936363396871602,1.2936363396871602,129.36363396871602,0.0,62.0,62.0,100.0,65.26283643371387,1944.406026677432,1944.406026677432,3888.812053354863,5.401127851881753,5.401127851881753,0,0.0,23.14769079377894,38.57948465629823,81,87,0.0,28.45086251108783,100.0,True,True,True,False,True,benchmark,,,,,
219f5750895727aec5d8ade3,WP2033,north-west,5041-17010-2,5041-17010-2,1,Croaghonagh,1.0,theoretical,0.0,100.0,100.0,100.0,60.0,460.0,460.0,7.666666666666667,7.666666666666667,True,,-4103131.7547114766,2361.248437375498,1299.3418354272485,1100.562274680131,2.207460337640084,1.3605252698880113,1.3605252698880113,136.05252698880113,0.0,62.0,62.0,100.0,65.72609860303037,2144.406026677432,2144.406026677432,4288.812053354863,4.661752231907459,4.661752231907459,0,0.0,25.52864317473132,42.5477386245522,88,80,0.0,27.91346955226307,100.0,True,True,True,False,True,benchmark,,,,,
0dd4356c76e52f28ba287c57,WP2033,north-west,5041-17010-2,5041-17010-2,1,Croaghonagh,1.0,theoretical,0.0,100.0,100.0,100.0,60.0,480.0,480.0,8.0,8.0,True,,-4106350.19944052,2341.248437375498,1319.3418354272485,1101.4518771404837,2.241438468374468,1.3616250046829517,1.3616250046829517,136.16250046829518,0.0,64.0,64.0,100.0,65.81875103689366,2171.7298681995194,2171.7298681995194,4343.459736399039,4.5244372254156655,4.5244372254156655,0,0.0,25.85392700237523,43.08987833729205,91,77,0.0,28.126462707705297,100.0,True,True,True,False,True,benchmark,,,,,
9a362941b5035925580e7e29,WP2033,north-west,5041-17010-2,5041-17010-2,1,Croaghonagh,1.0,theoretical,0.0,100.0,100.0,100.0,60.0,570.0,570.0,9.5,9.5,True,,-4118861.134734756,2251.248437375498,1409.3418354272485,1174.3199876741928,2.3943400566791966,1.4517052373339554,1.4517052373339554,145.17052373339553,0.0,64.0,64.0,100.0,66.08958182711669,2349.859279727317,2349.859279727317,4699.718559454634,4.122560139872485,4.122560139872485,0,0.0,27.974515234849008,46.62419205808168,97,71,0.0,29.43199524656596,100.0,True,True,True,False,True,benchmark,,,,,
6171d020271927cdcf10bd69,WP2033,north-west,5041-17010-2,5041-17010-2,1,Croaghonagh,1.0,theoretical,0.0,100.0,100.0,100.0,60.0,600.0,600.0,10.0,10.0,True,,-4122062.248977245,2221.248437375498,1439.3418354272485,1204.3199876741928,2.445307252780773,1.4887915149900772,1.4887915149900772,148.87915149900772,0.0,64.0,64.0,100.0,66.17174426046306,2385.330526372637,2385.330526372637,4770.661052745274,3.975550877287728,3.975550877287728,0,0.0,28.39679198062663,47.32798663437772,97,71,0.0,29.99243787165556,100.0,True,True,True,False,True,benchmark,,,,,
6f1d3a312da8e94c8d61c20e,WP2033,north-west,5041-17010-2,5041-17010-2,1,Croaghonagh,1.0,theoretical,0.0,100.0,100.0,100.0,60.0,680.0,680.0,11.333333333333334,11.333333333333334,True,,-4130022.248977245,2141.248437375498,1519.3418354272485,1283.7673089394011,2.581219775718309,1.587005028839298,1.587005028839298,158.7005028839298,0.0,64.0,64.0,100.0,66.35704912818964,2465.330526372637,2465.330526372637,4930.661052745274,3.625486068195056,3.625486068195056,0,0.0,29.349172933007583,48.91528822167931,101,67,0.0,32.258115468640575,100.0,True,True,True,False,True,benchmark,,,,,
b039d83024b9aeca41723a7b,WP2033,north-west,5041-17010-2,5041-17010-2,1,Croaghonagh,1.0,theoretical,0.0,100.0,100.0,100.0,60.0,720.0,720.0,12.0,12.0,True,,-4134002.248977245,2101.248437375498,1559.3418354272485,1323.7673089394011,2.6491760371870776,1.6364533990474606,1.6364533990474606,163.64533990474607,0.0,64.0,64.0,100.0,66.44970156205294,2505.330526372637,2505.330526372637,5010.661052745274,3.479625731073107,3.479625731073107,0,0.0,29.82536340919805,49.708939015330095,101,67,0.0,32.91950238145679,100.0,True,True,True,False,True,benchmark,,,,,
155878312d728f5595ac0bf0,WP2033,north-west,5041-17010-2,5041-17010-2,1,Croaghonagh,1.0,theoretical,0.0,100.0,100.0,100.0,60.0,850.0,850.0,14.166666666666666,14.166666666666666,True,,-4146920.985762205,2003.774867455561,1656.815405347185,1370.780033836898,2.814774522281415,1.6945709646781084,1.6945709646781084,169.45709646781083,0.0,64.0,64.0,100.0,66.75082197210868,2602.8040962925743,2602.8040962925743,5205.608192585149,3.062122466226558,3.062122466226558,0,0.0,30.98576305110208,51.64293841850346,106,62,0.0,36.04926165521583,100.0,True,True,True,False,True,benchmark,,,,,
f66dbdf89e294c6d74e4c731,WP2033,north-west,5041-17010-2,5041-17010-2,1,Croaghonagh,1.0,theoretical,0.0,100.0,100.0,100.0,60.0,960.0,960.0,16.0,16.0,True,,-4157810.985762205,2003.774867455561,1656.815405347185,1370.780033836898,2.814774522281415,1.6945709646781084,1.6945709646781084,169.45709646781083,0.0,64.0,64.0,100.0,67.00561616523274,2602.8040962925743,2602.8040962925743,5205.608192585149,2.7112542669714315,2.7112542669714315,0,0.0,30.98576305110208,51.64293841850346,106,62,0.0,38.179280966048346,100.0,True,True,True,False,True,benchmark,,,,,
f5a88d1838d9b350f783d0e7,WP2033,north-west,5041-17010-2,5041-17010-2,1,Croaghonagh,1.0,theoretical,0.0,100.0,100.0,100.0,60.0,1130.0,1130.0,18.83333333333333,18.83333333333333,True,,-4174557.948923998,2003.774867455561,1656.815405347185,1370.780033836898,2.814774522281415,1.6945709646781084,1.6945709646781084,169.45709646781083,0.0,64.0,64.0,100.0,67.29720218234179,2768.8777727071856,2768.877772707186,5537.755545414371,2.4503343121302525,2.4503343121302525,0,0.0,32.96283062746651,54.93805104577752,111,57,0.0,39.76159157908191,100.0,True,True,True,False,True,benchmark,,,,,
64a7ec93685af6e28a8abc62,WP2033,north-west,5041-17010-2,5041-17010-2,1,Croaghonagh,1.0,theoretical,0.0,100.0,100.0,100.0,60.0,1200.0,1200.0,20.0,20.0,True,,-4181452.9489239966,2003.774867455561,1656.815405347185,1370.780033836898,2.814774522281415,1.6945709646781084,1.6945709646781084,169.45709646781083,0.0,64.0,64.0,100.0,67.45934394160258,2838.8777727071856,2838.877772707186,5677.755545414371,2.365731477255988,2.365731477255988,0,0.0,33.79616396079984,56.32693993466639,112,56,0.0,40.8462671161751,100.0,True,True,True,False,True,benchmark,,,,,
ed0a51716a23537998bd6835,WP2033,north-west,5041-17010-2,5041-17010-2,1,Croaghonagh,1.0,theoretical,0.0,100.0,100.0,100.0,60.0,1440.0,1440.0,24.0,24.0,True,,-4195797.450986327,2003.774867455561,1656.815405347185,1370.780033836898,2.814774522281415,1.6945709646781084,1.6945709646781084,169.45709646781083,0.0,64.0,64.0,100.0,67.9378592384176,2919.980372063276,2919.980372063276,5839.960744126551,2.027764147266164,2.027764147266164,0,0.0,34.76167109599138,57.93611849331897,113,55,0.0,41.71746337845641,100.0,True,True,True,False,True,benchmark,,,,,
e05df67528916d2d060b2ad5,WP2033,north-west,5041-17010-2,5041-17010-2,1,Croaghonagh,1.0,theoretical,0.0,100.0,100.0,100.0,75.0,37.5,37.5,0.5,0.5,True,,-3965525.532369105,3460.0146616262687,200.57561117647765,811.1960603760017,0.3407592169341678,1.002808077621885,0.3407592169341678,34.07592169341678,0.0,56.0,56.0,100.0,62.619283969508665,407.33653957563376,407.33653957563376,814.6730791512675,10.8623077220169,10.8623077220169,0,0.0,4.849244518757545,6.465659358343394,39,129,0.0,24.952787256969632,100.0,True,True,False,False,False,benchmark,,,,,
42a0db2aa8790a6660d75115,WP2033,north-west,5041-17010-2,5041-17010-2,1,Croaghonagh,1.0,theoretical,0.0,100.0,100.0,100.0,75.0,75.0,75.0,1.0,1.0,True,,-3987502.90453678,3310.0146616262687,350.57561117647765,940.8423442036074,0.5955951974420488,1.1630780135923835,0.5955951974420488,59.55951974420488,0.0,59.0,59.0,100.0,63.25054447999116,679.864948883855,679.864948883855,1359.72989776771,9.064865985118068,9.064865985118068,0,0.0,8.093630343855418,10.791507125140557,42,126,0.0,23.52049210651124,100.0,True,True,False,False,False,benchmark,,,,,
aa2674838da3c1bc9f8c59fa,WP2033,north-west,5041-17010-2,5041-17010-2,1,Croaghonagh,1.0,theoretical,0.0,100.0,100.0,100.0,75.0,112.5,112.5,1.5,1.5,True,,-4007084.366259128,3161.097589246009,499.4926835567371,1089.7594165838673,0.8485913851379587,1.347170676726754,0.8485913851379587,84.85913851379587,0.0,62.0,62.0,100.0,63.73442600064957,926.0651013682592,926.0651013682592,1852.1302027365184,8.23168978994008,8.23168978994008,0,0.0,11.024584540098322,14.69944605346443,54,114,0.0,23.819613351978266,100.0,True,True,False,False,False,benchmark,,,,,
371b6c540ccc7ca048de1a1f,WP2033,north-west,5041-17010-2,5041-17010-2,1,Croaghonagh,1.0,theoretical,0.0,100.0,100.0,100.0,75.0,150.0,150.0,2.0,2.0,True,,-4023563.345915768,3048.597589246009,611.9926835567371,1169.4273840121896,1.0397183705188695,1.4456569554049417,1.0397183705188695,103.97183705188696,0.0,64.0,64.0,100.0,63.997651259488045,1105.854386487657,1105.854386487657,2211.708772975314,7.372362576584379,7.372362576584379,0,0.0,13.164933172472107,17.55324422996281,56,112,0.0,23.675633044324567,100.0,True,True,True,False,True,benchmark,,,,,
15629eed800a6496d70c6074,WP2033,north-west,5041-17010-2,5041-17010-2,1,Croaghonagh,1.0,theoretical,0.0,100.0,100.0,100.0,75.0,225.0,225.0,3.0,3.0,True,,-4052384.049494338,2823.597589246009,836.9926835567371,1265.7555944460291,1.421972341280691,1.5647387806804984,1.421972341280691,142.1972341280691,0.0,65.0,65.0,100.0,64.42183801757734,1452.2032323159528,1452.2032323159524,2904.406464631905,6.4542365880709,6.4542365880709,0,0.0,17.288133718047057,23.05084495739608,66,102,0.0,25.92837262914723,100.0,True,True,True,False,True,benchmark,,,,,
b798d2a315d2aee06d41744d,WP2033,north-west,5041-17010-2,5041-17010-2,1,Croaghonagh,1.0,theoretical,0.0,100.0,100.0,100.0,75.0,230.0,230.0,3.066666666666667,3.066666666666667,True,,-4054166.549494338,2808.597589246009,851.9926835567371,1275.7555944460291,1.447455939331479,1.5771008732325391,1.447455939331479,144.7455939331479,0.0,65.0,65.0,100.0,64.45658268027607,1477.2032323159528,1477.2032323159528,2954.4064646319057,6.422622749199795,6.422622749199795,0,0.0,17.585752765666104,23.447670354221472,68,100,0.0,25.931137244994964,100.00000000000004,True,True,True,False,True,benchmark,,,,,
2569c22d9db421e783235c01,WP2033,north-west,5041-17010-2,5041-17010-2,1,Croaghonagh,1.0,theoretical,0.0,100.0,100.0,100.0,75.0,300.0,300.0,4.0,4.0,True,,-4077156.188263372,2598.5975892460087,1061.9926835567376,1415.7555944460291,1.8042263120425133,1.7501701689611076,1.7501701689611076,175.01701689611076,0.0,66.0,66.0,100.0,64.9430079580584,1827.2032323159528,1827.2032323159528,3654.4064646319057,6.0906774410531765,6.0906774410531765,0,0.0,21.75241943233277,29.00322590977703,75,93,0.0,26.919239393998488,100.0,True,True,True,False,True,benchmark,,,,,
52cc634b86140e0899b827d8,WP2033,north-west,5041-17010-2,5041-17010-2,1,Croaghonagh,1.0,theoretical,0.0,100.0,100.0,100.0,75.0,340.0,340.0,4.533333333333333,4.533333333333333,True,,-4088918.067764957,2478.5975892460087,1181.9926835567376,1493.2897736958112,2.008095096448818,1.8460186389443387,1.8460186389443387,184.60186389443388,0.0,66.0,66.0,100.0,65.2209652596483,2024.8421981550168,2024.842198155017,4049.6843963100337,5.955418229867696,5.955418229867696,0,0.0,24.105264263750204,32.14035235166694,81,87,0.0,28.32542554668367,100.0,True,True,True,False,True,benchmark,,,,,
432a0d386249a16ddae87ec2,WP2033,north-west,5041-17010-2,5041-17010-2,1,Croaghonagh,1.0,theoretical,0.0,100.0,100.0,100.0,75.0,375.0,375.0,5.0,5.0,True,,-4097283.067764957,2373.5975892460087,1286.9926835567376,1528.2897736958112,2.1864802828043346,1.8892859628764809,1.8892859628764809,188.92859628764808,0.0,67.0,67.0,100.0,65.46417789853943,2164.842198155017,2164.8421981550173,4329.684396310035,5.77291252841338,5.77291252841338,0,0.0,25.77193093041687,34.36257457388916,83,85,0.0,29.50622856034524,100.0,True,True,True,False,True,benchmark,,,,,
6b9ff010bd9c22e1eb14418f,WP2033,north-west,5041-17010-2,5041-17010-2,1,Croaghonagh,1.0,theoretical,0.0,100.0,100.0,100.0,75.0,450.0,450.0,6.0,6.0,True,,-4112208.245192145,2208.335343719513,1452.2549290832335,1626.5912122032169,2.467245392002193,2.0108071109592087,2.0108071109592087,201.0807110959209,0.0,67.0,67.0,100.0,65.8116245255268,2345.0118348308897,2345.0118348308897,4690.023669661779,5.211137410735311,5.211137410735311,0,0.0,27.91680755751059,37.22241007668079,87,81,0.0,29.52061742041565,100.0,True,True,True,False,True,benchmark,,,,,
5cf205f5141f3d372dfc32ea,WP2033,north-west,5041-17010-2,5041-17010-2,1,Croaghonagh,1.0,theoretical,0.0,100.0,100.0,100.0,75.0,460.0,460.0,6.133333333333334,6.133333333333334,True,,-4114188.245192145,2198.335343719513,1462.2549290832335,1626.5912122032169,2.484234457369385,2.0108071109592087,2.0108071109592087,201.0807110959209,0.0,67.0,67.0,100.0,65.85795074245846,2365.0118348308897,2365.0118348308897,4730.023669661779,5.141330075719326,5.141330075719326,0,0.0,28.154902795605828,37.539870394141104,88,80,0.0,29.357643335706825,100.00000000000004,True,True,True,False,True,benchmark,,,,,
e4e81d5f13fc23d1658ca78f,WP2033,north-west,5041-17010-2,5041-17010-2,1,Croaghonagh,1.0,theoretical,0.0,100.0,100.0,100.0,75.0,570.0,570.0,7.6,7.6,True,,-4135968.245192144,2088.335343719513,1572.2549290832335,1626.5912122032169,2.671114176408498,2.0108071109592087,2.0108071109592087,201.0807110959209,0.0,67.0,67.0,100.0,66.36753912870658,2585.0118348308897,2585.0118348308897,5170.023669661779,4.535108482159456,4.535108482159456,0,0.0,30.77395041465345,41.0319338862046,93,75,0.0,28.720592504430243,100.0,True,True,True,False,True,benchmark,,,,,
08ea27e4fe88c65d06a50715,WP2033,north-west,5041-17010-2,5041-17010-2,1,Croaghonagh,1.0,theoretical,0.0,100.0,100.0,100.0,75.0,600.0,600.0,8.0,8.0,True,,-4140282.625215421,2058.3353437195133,1602.254929083233,1630.244654853508,2.722081372510073,2.015323530576856,2.015323530576856,201.5323530576856,0.0,67.0,67.0,100.0,66.50651777950154,2630.465087880775,2630.465087880775,5260.93017576155,4.384108479801292,4.384108479801292,0,0.0,31.31506057000923,41.75341409334564,97,71,0.0,28.62254940870352,100.0,True,True,True,False,True,benchmark,,,,,
a667e52fdbf809c1c0a4c73d,WP2033,north-west,5041-17010-2,5041-17010-2,1,Croaghonagh,1.0,theoretical,0.0,100.0,100.0,100.0,75.0,680.0,680.0,9.066666666666666,9.066666666666666,True,,-4150851.2988606873,1978.3353437195128,1682.2549290832335,1701.5912122032169,2.8579938954476103,2.103522805099513,2.103522805099513,210.35228050995133,0.0,68.0,68.0,100.0,66.84479730696808,2776.5074586470464,2776.507458647046,5553.014917294093,4.083099203892715,4.083099203892715,0,0.0,33.05366022198865,44.07154696265153,100,68,0.0,29.04576606860215,100.0,True,True,True,False,True,benchmark,,,,,
dc03f3acf056b4472dd6ae47,WP2033,north-west,5041-17010-2,5041-17010-2,1,Croaghonagh,1.0,theoretical,0.0,100.0,100.0,100.0,75.0,750.0,750.0,10.0,10.0,True,,-4157816.2988606873,1908.335343719513,1752.2549290832333,1701.5912122032169,2.9769173530179547,2.103522805099513,2.103522805099513,210.35228050995133,0.0,68.0,68.0,100.0,66.95781708645879,2846.5074586470464,2846.507458647046,5693.014917294093,3.7953432781960617,3.7953432781960617,0,0.0,33.88699355532198,45.18265807376264,103,65,0.0,30.205183882615863,100.0,True,True,True,False,True,benchmark,,,,,
bcffc6da44e577abe10deb0b,WP2033,north-west,5041-17010-2,5041-17010-2,1,Croaghonagh,1.0,theoretical,0.0,100.0,100.0,100.0,75.0,850.0,850.0,11.333333333333334,11.333333333333334,True,,-4167766.2988606873,1808.335343719513,1852.2549290832333,1701.5912122032169,3.146808006689876,2.103522805099513,2.103522805099513,210.35228050995133,0.0,68.0,68.0,100.0,67.16117084452232,2946.5074586470464,2946.5074586470464,5893.014917294093,3.466479363114172,3.466479363114172,0,0.0,35.07746974579817,46.76995966106423,105,63,0.0,32.467115086407546,100.0,True,True,True,False,True,benchmark,,,,,
fe64bd1ebc99bbccf2b0857e,WP2033,north-west,5041-17010-2,5041-17010-2,1,Croaghonagh,1.0,theoretical,0.0,100.0,100.0,100.0,75.0,900.0,900.0,12.0,12.0,True,,-4172741.2988606873,1758.3353437195128,1902.2549290832333,1701.5912122032169,3.231753333525836,2.103522805099513,2.103522805099513,210.35228050995133,0.0,68.0,68.0,100.0,67.27698638685145,2996.5074586470464,2996.5074586470464,5993.014917294093,3.3294527318300515,3.3294527318300515,0,0.0,35.672707841036264,47.56361045471502,107,61,0.0,34.12997929192197,100.0,True,True,True,False,True,benchmark,,,,,
88129b84c24f3182798f6f15,WP2033,north-west,5041-17010-2,5041-17010-2,1,Croaghonagh,1.0,theoretical,0.0,100.0,100.0,100.0,75.0,1130.0,1130.0,15.066666666666666,15.066666666666666,True,,-4195545.035645645,1690.8617737995762,1969.72849900317,1723.7834256132264,3.3463846225185967,2.1309570247104306,2.1309570247104306,213.09570247104307,0.0,68.0,68.0,100.0,67.8097378815654,3063.981028566983,3063.981028566983,6127.962057133966,2.7114876358999846,2.7114876358999846,0,0.0,36.47596462579742,48.63461950106322,110,58,0.0,38.373320492439454,100.0,True,True,True,False,True,benchmark,,,,,
bf270c2f14807875d4a35346,WP2033,north-west,5041-17010-2,5041-17010-2,1,Croaghonagh,1.0,theoretical,0.0,100.0,100.0,100.0,75.0,1200.0,1200.0,16.0,16.0,True,,-4202454.49880744,1690.8617737995762,1969.72849900317,1723.7834256132264,3.3463846225185967,2.1309570247104306,2.1309570247104306,213.09570247104307,0.0,68.0,68.0,100.0,67.97187964082619,3105.054704981595,3105.054704981595,6210.10940996319,2.5875455874846627,2.5875455874846627,0,0.0,36.96493696406661,49.28658261875548,112,56,0.0,39.05307964436348,100.0,True,True,True,False,True,benchmark,,,,,
c4b55972097699c716b6b9d9,WP2033,north-west,5041-17010-2,5041-17010-2,1,Croaghonagh,1.0,theoretical,0.0,100.0,100.0,100.0,75.0,1500.0,1500.0,20.0,20.0,True,,-4232004.49880744,1690.8617737995762,1969.72849900317,1723.7834256132264,3.3463846225185967,2.1309570247104306,2.1309570247104306,213.09570247104307,0.0,68.0,68.0,100.0,68.56458606799096,3405.054704981595,3405.054704981595,6810.10940996319,2.2700364699877302,2.2700364699877302,0,0.0,40.53636553549518,54.04848738066024,117,51,0.0,40.58376642751488,100.0,True,True,True,False,True,benchmark,,,,,
1c8ac49eb89cc5ecf4ef2cc6,WP2033,north-west,5041-17010-2,5041-17010-2,1,Croaghonagh,1.0,theoretical,0.0,100.0,100.0,100.0,75.0,1800.0,1800.0,24.0,24.0,True,,-4249626.5008697705,1690.861773799576,1969.7284990031703,1723.7834256132264,3.346384622518597,2.1309570247104306,2.1309570247104306,213.09570247104307,0.0,68.0,68.0,100.0,69.2594793219657,3501.1573043376848,3501.1573043376848,7002.3146086753695,1.9450873912987137,1.9450873912987137,0,0.0,41.68044409925815,55.57392546567754,115,53,0.0,42.62041159705402,100.0,True,True,True,False,True,benchmark,,,,,
bab146a212a77f91fb8d8005,WP2033,north-west,5041-17010-2,5041-17010-2,1,Croaghonagh,1.0,theoretical,0.0,100.0,100.0,100.0,80.0,40.0,40.0,0.5,0.5,True,,-3967063.032369104,3450.014661626268,210.5756111764781,504.0430732649656,0.3577482823013606,0.6231027121916488,0.3577482823013606,35.774828230136066,0.0,55.0,55.0,100.0,62.66561018644031,427.33653957563376,427.33653957563376,854.6730791512675,10.683413489390844,10.683413489390844,0,0.0,5.087339756852783,6.359174696065979,39,129,0.0,27.500176781472792,100.0,True,True,False,False,False,benchmark,,,,,
0fd174ad12aac6038bf2db1b,WP2033,north-west,5041-17010-2,5041-17010-2,1,Croaghonagh,1.0,theoretical,0.0,100.0,100.0,100.0,80.0,80.0,80.0,1.0,1.0,True,,-3990282.226058821,3290.014661626268,370.5756111764781,585.0869282921303,0.6295733281764336,0.723289875853646,0.6295733281764336,62.95733281764336,0.0,59.0,59.0,100.0,63.325930062786725,714.864948883855,714.864948883855,1429.72989776771,8.935811861048188,8.935811861048188,0,0.0,8.510297010522084,10.637871263152606,46,122,0.0,25.80748384607037,100.0,True,True,False,False,False,benchmark,,,,,
088498dbabde7b5ba269c1fc,WP2033,north-west,5041-17010-2,5041-17010-2,1,Croaghonagh,1.0,theoretical,0.0,100.0,100.0,100.0,80.0,120.0,120.0,1.5,1.5,True,,-4010627.40754018,3137.5956254522885,522.9946473504579,695.8092437027917,0.8885190250528491,0.8601658269219288,0.8601658269219288,86.01658269219288,0.0,59.0,59.0,100.0,63.81910693502456,962.5244591465804,962.5244591465804,1925.048918293161,8.021037159554838,8.021037159554838,0,0.0,11.458624513649768,14.32328064206221,53,115,0.0,25.339990421033978,100.0,True,True,False,False,False,benchmark,,,,,
6017a96fa3d971abd1bf57bc,WP2033,north-west,5041-17010-2,5041-17010-2,1,Croaghonagh,1.0,theoretical,0.0,100.0,100.0,100.0,80.0,160.0,160.0,2.0,2.0,True,,-4028025.975374344,3017.595625452288,642.9946473504583,736.9333561039457,1.0923878094591546,0.9110038352842874,0.9110038352842874,91.10038352842874,0.0,60.0,60.0,100.0,64.14204691567527,1158.986111391431,1158.986111391431,2317.972222782862,7.243663196196444,7.243663196196444,0,0.0,13.797453707040845,17.246817133801052,56,112,0.0,26.21803968659232,100.0,True,True,False,False,False,benchmark,,,,,
f278d6ba5b73b235088e953f,WP2033,north-west,5041-17010-2,5041-17010-2,1,Croaghonagh,1.0,theoretical,0.0,100.0,100.0,100.0,80.0,230.0,230.0,2.875,2.875,True,,-4055064.178952915,2807.595625452288,852.9946473504583,859.5708180890906,1.449158182170188,1.0626094008250595,1.0626094008250595,106.26094008250595,0.0,61.0,61.0,100.0,64.62847219345758,1480.334957219727,1480.334957219727,2960.6699144394534,6.436238944433594,6.436238944433594,0,0.0,17.623035204996746,22.02879400624593,61,107,0.0,27.81091644600875,100.0,True,True,True,False,True,benchmark,,,,,
743133a2d71cdcb48d48dcc9,WP2033,north-west,5041-17010-2,5041-17010-2,1,Croaghonagh,1.0,theoretical,0.0,100.0,100.0,100.0,80.0,240.0,240.0,3.0,3.0,True,,-4058629.178952915,2777.595625452288,882.9946473504583,880.6146731162553,1.500125378271764,1.0886240091748132,1.0886240091748132,108.86240091748132,0.0,61.0,61.0,100.0,64.69796151885505,1530.334957219727,1530.334957219727,3060.6699144394534,6.376395655082194,6.376395655082194,0,0.0,18.21827330023484,22.77284162529355,62,106,0.0,28.11754443351335,100.0,True,True,True,False,True,benchmark,,,,,
4ccee182adabc69a4464c086,WP2033,north-west,5041-17010-2,5041-17010-2,1,Croaghonagh,1.0,theoretical,0.0,100.0,100.0,100.0,80.0,320.0,320.0,4.0,4.0,True,,-4084593.817721949,2537.5956254522885,1122.994647350458,1050.1597426906735,1.9078629470843729,1.2982171933569255,1.2982171933569255,129.82171933569256,0.0,63.0,63.0,100.0,65.25387612203484,1930.334957219727,1930.334957219727,3860.669914439453,6.0322967413116455,6.0322967413116455,0,0.0,22.980178062139604,28.725222577674504,70,98,0.0,27.81409142630236,100.0,True,True,True,False,True,benchmark,,,,,
b6b97a129b1a7b1b7c46a1dd,WP2033,north-west,5041-17010-2,5041-17010-2,1,Croaghonagh,1.0,theoretical,0.0,100.0,100.0,100.0,80.0,340.0,340.0,4.25,4.25,True,,-4090543.817721949,2477.595625452288,1182.9946473504583,1070.1597426906735,2.009797339287526,1.322941378461007,1.322941378461007,132.29413784610068,0.0,64.0,64.0,100.0,65.3849172122154,2030.334957219727,2030.334957219727,4060.669914439453,5.971573403587431,5.971573403587431,0,0.0,24.1706542526158,30.213317815769745,76,92,0.0,27.97615942054672,100.0,True,True,True,False,True,benchmark,,,,,
5400119ff8c2d4909fd85cdb,WP2033,north-west,5041-17010-2,5041-17010-2,1,Croaghonagh,1.0,theoretical,0.0,100.0,100.0,100.0,80.0,400.0,400.0,5.0,5.0,True,,-4105237.009062975,2297.5956254522885,1362.994647350458,1218.8366766592007,2.3156005158969823,1.5067371802682628,1.5067371802682628,150.67371802682626,0.0,66.0,66.0,100.0,65.80185316460023,2276.3724160406764,2276.3724160406764,4552.744832081353,5.690931040101691,5.690931040101691,0,0.0,27.09967161953186,33.87458952441482,80,88,0.0,28.705860828851407,100.0,True,True,True,False,True,benchmark,,,,,
bde42262a32eb49a7fbf8358,WP2033,north-west,5041-17010-2,5041-17010-2,1,Croaghonagh,1.0,theoretical,0.0,100.0,100.0,100.0,80.0,460.0,460.0,5.75,5.75,True,,-4117187.186490163,2152.3333799257925,1508.2568928769538,1273.9292855098247,2.5623874943604568,1.5748431732227413,1.5748431732227413,157.48431732227414,0.0,66.0,66.0,100.0,66.07981046619012,2426.542052716549,2426.542052716549,4853.084105433098,5.275091418949019,5.275091418949019,0,0.0,28.887405389482723,36.1092567368534,82,86,0.0,29.16215495581772,100.0,True,True,True,False,True,benchmark,,,,,
7f648b1a9f9b59cee11080d7,WP2033,north-west,5041-17010-2,5041-17010-2,1,Croaghonagh,1.0,theoretical,0.0,100.0,100.0,100.0,80.0,480.0,480.0,6.0,6.0,True,,-4121147.186490163,2132.3333799257925,1528.2568928769538,1274.9731405369894,2.596365625094841,1.5761335964684136,1.5761335964684136,157.61335964684136,0.0,66.0,66.0,100.0,66.17246290005342,2466.542052716549,2466.542052716549,4933.084105433098,5.13862927649281,5.13862927649281,0,0.0,29.3635958656732,36.7044948320915,84,84,0.0,29.08806861808725,100.0,True,True,True,False,True,benchmark,,,,,
39f6aa806765222f9182787b,WP2033,north-west,5041-17010-2,5041-17010-2,1,Croaghonagh,1.0,theoretical,0.0,100.0,100.0,100.0,80.0,570.0,570.0,7.125,7.125,True,,-4138967.186490162,2042.3333799257928,1618.2568928769535,1364.9731405369894,2.749267213399569,1.687392429436779,1.687392429436779,168.7392429436779,0.0,66.0,66.0,100.0,66.58939885243828,2646.542052716549,2646.542052716549,5293.084105433098,4.6430562328360505,4.6430562328360505,0,0.0,31.506453008530343,39.38306626066293,89,79,0.0,29.40082432594602,100.0,True,True,True,False,True,benchmark,,,,,
71a096a97006097eca6c0f7a,WP2033,north-west,5041-17010-2,5041-17010-2,1,Croaghonagh,1.0,theoretical,0.0,100.0,100.0,100.0,80.0,640.0,640.0,8.0,8.0,True,,-4150906.56651344,1972.333379925793,1688.256892876953,1434.9731405369894,2.868190670969913,1.7739270773010631,1.7739270773010631,177.3927077301063,0.0,67.0,67.0,100.0,66.91368237095982,2771.9953057664347,2771.9953057664347,5543.9906115328695,4.331242665260055,4.331242665260055,0,0.0,32.99994411626708,41.24993014533385,92,76,0.0,29.941306815654343,100.0,True,True,True,False,True,benchmark,,,,,
a3909fc3477a75fd930c5644,WP2033,north-west,5041-17010-2,5041-17010-2,1,Croaghonagh,1.0,theoretical,0.0,100.0,100.0,100.0,80.0,680.0,680.0,8.5,8.5,True,,-4156466.56651344,1932.3333799257928,1728.256892876953,1474.9731405369894,2.936146932438681,1.8233754475092256,1.8233754475092256,182.33754475092252,0.0,67.0,67.0,100.0,67.09898723868642,2851.9953057664347,2851.9953057664343,5703.990611532869,4.194110743774168,4.194110743774168,0,0.0,33.95232506864803,42.44040633581004,95,73,0.0,30.215217392931446,100.0,True,True,True,False,True,benchmark,,,,,
334fcee2616e08dded8e9cbc,WP2033,north-west,5041-17010-2,5041-17010-2,1,Croaghonagh,1.0,theoretical,0.0,100.0,100.0,100.0,80.0,800.0,800.0,10.0,10.0,True,,-4169112.409939889,1812.333379925793,1848.256892876953,1546.0383413767704,3.140015716844986,1.9112269065102985,1.9112269065102985,191.1226906510298,0.0,69.0,69.0,100.0,67.34093644365011,2989.864759600599,2989.8647596005985,5979.729519201197,3.737330949500748,3.737330949500748,0,0.0,35.59362809048332,44.49203511310415,100,68,0.0,31.34945780699836,100.0,True,True,True,False,True,benchmark,,,,,
6a6588da0267d268ad7c894f,WP2033,north-west,5041-17010-2,5041-17010-2,1,Croaghonagh,1.0,theoretical,0.0,100.0,100.0,100.0,80.0,850.0,850.0,10.625,10.625,True,,-4174087.409939889,1762.3333799257923,1898.256892876953,1568.0148606686123,3.224961043680948,1.938394483056044,1.938394483056044,193.83944830560444,0.0,69.0,69.0,100.0,67.45675198597925,3039.8647596005994,3039.8647596005994,6079.729519201199,3.5763114818830584,3.5763114818830584,0,0.0,36.18886618572142,45.23608273215178,100,68,0.0,32.862994960992985,100.0,True,True,True,False,True,benchmark,,,,,
1eabfc8b7507ad541c9195c1,WP2033,north-west,5041-17010-2,5041-17010-2,1,Croaghonagh,1.0,theoretical,0.0,100.0,100.0,100.0,80.0,960.0,960.0,12.0,12.0,True,,-4185032.40993989,1652.3333799257923,2008.256892876953,1678.0148606686123,3.41184076272006,2.074377501128491,2.074377501128491,207.43775011284907,0.0,69.0,69.0,100.0,67.71154617910331,3149.8647596005994,3149.8647596005994,6299.729519201199,3.2811091245839576,3.2811091245839576,0,0.0,37.49838999524523,46.87298749405655,103,65,0.0,35.56483961887549,100.0,True,True,True,False,True,benchmark,,,,,
6b9bcc7ba065c3cb022b27ec,WP2033,north-west,5041-17010-2,5041-17010-2,1,Croaghonagh,1.0,theoretical,0.0,100.0,100.0,100.0,80.0,1130.0,1130.0,14.125,14.125,True,,-4201890.624797333,1595.9036650330202,2064.686607769726,1721.2334849678157,3.507709574216592,2.1278047644843525,2.1278047644843525,212.78047644843525,0.0,69.0,69.0,100.0,68.10531902302233,3206.294474493371,3206.294474493372,6412.588948986742,2.837428738489709,2.837428738489709,0,0.0,38.17017231539728,47.71271539424659,105,63,0.0,38.17213352923413,100.0,True,True,True,False,True,benchmark,,,,,
53625b8dafc4e539efffb243,WP2033,north-west,5041-17010-2,5041-17010-2,1,Croaghonagh,1.0,theoretical,0.0,100.0,100.0,100.0,80.0,1280.0,1280.0,16.0,16.0,True,,-4216712.066031613,1595.9036650330202,2064.686607769726,1721.2334849678157,3.507709574216592,2.1278047644843525,2.1278047644843525,212.78047644843525,0.0,69.0,69.0,100.0,68.4527656500097,3263.412005935148,3263.412005935148,6526.824011870295,2.549540629636834,2.549540629636834,0,0.0,38.85014292779938,48.56267865974923,108,60,0.0,39.15315119724701,100.0,True,True,True,False,True,benchmark,,,,,
10bb1ce99b5a830321c53d75,WP2033,north-west,5041-17010-2,5041-17010-2,1,Croaghonagh,1.0,theoretical,0.0,100.0,100.0,100.0,80.0,1600.0,1600.0,20.0,20.0,True,,-4248232.066031613,1595.9036650330202,2064.686607769726,1721.2334849678157,3.507709574216592,2.1278047644843525,2.1278047644843525,212.78047644843525,0.0,69.0,69.0,100.0,69.09179829410613,3583.412005935148,3583.412005935148,7166.824011870296,2.239632503709468,2.239632503709468,0,0.0,42.65966673732319,53.32458342165398,112,56,0.0,41.03772052352164,100.0,True,True,True,False,True,benchmark,,,,,
60d46e24049bf133be54fad2,WP2033,north-west,5041-17010-2,5041-17010-2,1,Croaghonagh,1.0,theoretical,0.0,100.0,100.0,100.0,80.0,1920.0,1920.0,24.0,24.0,True,,-4266946.568093943,1595.9036650330202,2064.686607769726,1721.2334849678157,3.507709574216592,2.1278047644843525,2.1278047644843525,212.78047644843525,0.0,69.0,69.0,100.0,69.68691260285071,3684.514605291238,3684.514605291238,7369.029210582476,1.9190180235891865,1.9190180235891865,0,0.0,43.86326911060998,54.82908638826248,112,56,0.0,42.82982804015762,100.0,True,True,True,False,True,benchmark,,,,,
c03eef8cdbf217b467f7c077,WP2033,north-west,5041-17010-2,5041-17010-2,1,Croaghonagh,1.0,theoretical,0.0,100.0,100.0,100.0,95.0,47.5,47.5,0.5,0.5,True,,-3971675.532369104,3420.0146616262687,240.57561117647765,778.6376601968004,0.408715478402936,0.9625590819857188,0.408715478402936,40.8715478402936,0.0,56.0,56.0,100.0,62.80458883723525,487.33653957563376,487.33653957563376,974.6730791512676,10.25971662264492,10.25971662264492,0,0.0,5.801625471138498,6.106974180145787,40,128,0.0,23.04912614456609,100.0,True,True,False,False,False,benchmark,,,,,
c7239713f4064dd52b5d69da,WP2033,north-west,5041-17010-2,5041-17010-2,1,Croaghonagh,1.0,theoretical,0.0,100.0,100.0,100.0,95.0,95.0,95.0,1.0,1.0,True,,-3998314.7260588207,3230.014661626268,430.5756111764781,905.0938051696356,0.7315077203795861,1.1188853387785644,0.7315077203795861,73.15077203795862,0.0,60.0,60.0,100.0,63.53439803897915,819.864948883855,819.864948883855,1639.72989776771,8.630157356672159,8.630157356672159,0,0.0,9.760297010522084,10.273996853181142,46,122,0.0,23.19037526562403,100.0,True,True,False,False,False,benchmark,,,,,
4c0cd3dcea88a97da56b26f9,WP2033,north-west,5041-17010-2,5041-17010-2,1,Croaghonagh,1.0,theoretical,0.0,100.0,100.0,100.0,95.0,142.5,142.5,1.5,1.5,True,,-4020754.4962172126,3070.0956254522885,590.4946473504579,956.6109799541518,1.0031952162813955,1.1825713470491486,1.0031952162813955,100.31952162813955,0.0,63.0,63.0,100.0,64.02044059622968,1071.9444256537442,1071.9444256537442,2143.8888513074885,7.522417022131538,7.522417022131538,0,0.0,12.761243162544575,13.432887539520609,53,115,0.0,22.89136233349615,100.0,True,True,True,False,True,benchmark,,,,,
9b5d795ecc556ad55c09ad9c,WP2033,north-west,5041-17010-2,5041-17010-2,1,Croaghonagh,1.0,theoretical,0.0,100.0,100.0,100.0,95.0,190.0,190.0,2.0,2.0,True,,-4040490.975374344,2927.595625452288,732.9946473504583,996.8094177875972,1.2452893977638833,1.232265027943599,1.232265027943599,123.22650279435987,0.0,64.0,64.0,100.0,64.35051489186768,1308.9861113914308,1308.9861113914312,2617.972222782862,6.889400586270689,6.889400586270689,0,0.0,15.583167992755127,16.403334729215924,56,112,0.0,23.85417880056089,100.0,True,True,True,False,True,benchmark,,,,,
7a2362b39b3dfe8de53cfa84,WP2033,north-west,5041-17010-2,5041-17010-2,1,Croaghonagh,1.0,theoretical,0.0,100.0,100.0,100.0,95.0,230.0,230.0,2.421052631578948,2.421052631578948,True,,-4056586.051673257,2807.595625452289,852.9946473504574,1018.1830746184132,1.4491581821701864,1.2586873403354089,1.2586873403354089,125.86873403354087,0.0,64.0,64.0,100.0,64.62847219345757,1500.0130566719645,1500.0130566719645,3000.026113343929,6.521795898573759,6.521795898573759,0,0.0,17.857298293713864,18.797156098646173,60,108,0.0,24.54332821326692,100.0,True,True,True,False,True,benchmark,,,,,
5b0609ddc468045ef6c3d162,WP2033,north-west,5041-17010-2,5041-17010-2,1,Croaghonagh,1.0,theoretical,0.0,100.0,100.0,100.0,95.0,285.0,285.0,3.0,3.0,True,,-4076203.390722984,2642.595625452289,1017.9946473504574,1075.7191269811374,1.7294777607288554,1.329813940774114,1.329813940774114,132.9813940774114,0.0,65.0,65.0,100.0,65.01066348314367,1755.334957219727,1755.334957219727,3510.6699144394534,6.159070025332374,6.159070025332374,0,0.0,20.89684472880627,21.99667866190133,67,101,0.0,24.567926630133528,100.0,True,True,True,False,True,benchmark,,,,,
110326ae1d807f286e068abe,WP2033,north-west,5041-17010-2,5041-17010-2,1,Croaghonagh,1.0,theoretical,0.0,100.0,100.0,100.0,95.0,340.0,340.0,3.5789473684210527,3.5789473684210527,True,,-4093845.529492015,2477.5956254522885,1182.994647350458,1147.887709201983,2.009797339287525,1.4190294100504786,1.4190294100504786,141.90294100504786,0.0,65.0,65.0,100.0,65.39285477282979,2030.334957219727,2030.334957219727,4060.669914439453,5.971573403587431,5.971573403587431,0,0.0,24.1706542526158,25.44279395012189,69,99,0.0,25.876147469255947,100.0,True,True,True,False,True,benchmark,,,,,
df9bf3e2b56f9a0d2f6f1499,WP2033,north-west,5041-17010-2,5041-17010-2,1,Croaghonagh,1.0,theoretical,0.0,100.0,100.0,100.0,95.0,380.0,380.0,4.0,4.0,True,,-4104636.220833041,2357.595625452288,1302.9946473504583,1121.8891147378165,2.21366612369383,1.3868897069515786,1.3868897069515786,138.68897069515788,0.0,65.0,65.0,100.0,65.67081207441967,2211.3724160406764,2211.3724160406764,4422.744832081353,5.819401094843886,5.819401094843886,0,0.0,26.32586209572234,27.71143378497089,74,94,0.0,26.75126081152717,100.0,True,True,True,False,True,benchmark,,,,,
a7661603103d37711d6c4c74,WP2033,north-west,5041-17010-2,5041-17010-2,1,Croaghonagh,1.0,theoretical,0.0,100.0,100.0,100.0,95.0,460.0,460.0,4.842105263157895,4.842105263157895,True,,-4123222.745993999,2117.595625452289,1542.9946473504574,1334.4974980989357,2.621403692506439,1.6497181581965672,1.6497181581965672,164.9718158196567,0.0,67.0,67.0,100.0,66.10995742377496,2517.866723913012,2517.866723913012,5035.733447826024,5.473623312854373,5.473623312854373,0,0.0,29.974603856107283,31.55221458537609,80,88,0.0,28.164621196247406,100.0,True,True,True,False,True,benchmark,,,,,
487e06ab5f0dbfdb4aee7dac,WP2033,north-west,5041-17010-2,5041-17010-2,1,Croaghonagh,1.0,theoretical,0.0,100.0,100.0,100.0,95.0,475.0,475.0,5.0,5.0,True,,-4126215.245993999,2072.5956254522885,1587.994647350458,1376.9726070488614,2.697854486658804,1.7022262809962665,1.7022262809962665,170.22262809962663,0.0,67.0,67.0,100.0,66.11882745966922,2562.866723913012,2562.866723913012,5125.733447826024,5.395508892448446,5.395508892448446,0,0.0,30.510318141821568,32.116124359812176,80,88,0.0,28.475427761335474,100.0,True,True,True,False,True,benchmark,,,,,
7cf2977d37c083d42dfc97c5,WP2033,north-west,5041-17010-2,5041-17010-2,1,Croaghonagh,1.0,theoretical,0.0,100.0,100.0,100.0,95.0,570.0,570.0,6.0,6.0,True,,-4145055.893987353,1942.7372366744669,1717.8530361282797,1411.8309958266836,2.918471752201269,1.7453185438249117,1.7453185438249117,174.53185438249116,0.0,67.0,67.0,100.0,66.55892652051989,2761.2875147605887,2761.287514760588,5522.5750295211765,4.844364060983488,4.844364060983488,0,0.0,32.87247041381653,34.602600435596344,84,84,0.0,28.64986629554977,100.0,True,True,True,False,True,benchmark,,,,,
516ed0139870990061cfc0bd,WP2033,north-west,5041-17010-2,5041-17010-2,1,Croaghonagh,1.0,theoretical,0.0,100.0,100.0,100.0,95.0,680.0,680.0,7.157894736842105,7.157894736842105,True,,-4166835.893987352,1832.7372366744669,1827.85303612828,1479.2811965141518,3.105351471240382,1.828701106180131,1.828701106180131,182.87011061801311,0.0,67.0,67.0,100.0,66.99111560040326,2981.287514760588,2981.287514760588,5962.5750295211765,4.384246345236159,4.384246345236159,0,0.0,35.49151803286414,37.359492666172784,89,79,0.0,28.420092590270592,100.0,True,True,True,False,True,benchmark,,,,,
c067947ba73da9e406dffec2,WP2033,north-west,5041-17010-2,5041-17010-2,1,Croaghonagh,1.0,theoretical,0.0,100.0,100.0,100.0,95.0,760.0,760.0,8.0,8.0,True,,-4179451.5277964193,1752.7372366744662,1907.85303612828,1499.583898836696,3.2412639941779195,1.853799494696913,1.853799494696913,185.3799494696913,0.0,67.0,67.0,100.0,67.35378777524205,3126.7407678104746,3126.7407678104737,6253.481535620948,4.114132589224308,4.114132589224308,0,0.0,37.22310437869613,39.18221513546961,93,75,0.0,28.261572151608647,100.0,True,True,True,False,True,benchmark,,,,,
457f760a7f51c0e404643148,WP2033,north-west,5041-17010-2,5041-17010-2,1,Croaghonagh,1.0,theoretical,0.0,100.0,100.0,100.0,95.0,850.0,850.0,8.947368421052632,8.947368421052632,True,,-4190633.346061912,1662.7372366744664,1997.85303612828,1505.8990760887243,3.3941655824826475,1.861606375264125,1.861606375264125,186.1606375264125,0.0,68.0,68.0,100.0,67.69283811350354,3273.115913772303,3273.1159137723034,6546.231827544607,3.850724604438004,3.850724604438004,0,0.0,38.96566564014647,41.0164901475226,96,72,0.0,28.556463005087046,100.0,True,True,True,False,True,benchmark,,,,,
82179b2846a6aba48e89ec35,WP2033,north-west,5041-17010-2,5041-17010-2,1,Croaghonagh,1.0,theoretical,0.0,100.0,100.0,100.0,95.0,950.0,950.0,10.0,10.0,True,,-4200583.34606191,1562.7372366744664,2097.85303612828,1575.120599616399,3.5640562361545687,1.9471786633083616,1.9471786633083616,194.71786633083616,0.0,68.0,68.0,100.0,67.92446919816177,3373.1159137723034,3373.1159137723034,6746.231827544607,3.550648330286635,3.550648330286635,0,0.0,40.15614183062266,42.2696229796028,99,69,0.0,30.559975692459687,100.0,True,True,True,False,True,benchmark,,,,,
6f1544d0af20ad8dbf53e305,WP2033,north-west,5041-17010-2,5041-17010-2,1,Croaghonagh,1.0,theoretical,0.0,100.0,100.0,100.0,95.0,1130.0,1130.0,11.894736842105264,11.894736842105264,True,,-4218493.346061911,1382.7372366744669,2277.85303612828,1627.097118908241,3.869859412764025,2.011432517510229,2.011432517510229,201.1432517510229,0.0,68.0,68.0,100.0,68.34140515054662,3553.115913772303,3553.1159137723034,7106.231827544607,3.14435036617018,3.14435036617018,0,0.0,42.2989989734798,44.52526207734715,103,65,0.0,34.585640286717805,100.0,True,True,True,False,True,benchmark,,,,,
900b6aa671988647735c70c5,WP2033,north-west,5041-17010-2,5041-17010-2,1,Croaghonagh,1.0,theoretical,0.0,100.0,100.0,100.0,95.0,1140.0,1140.0,12.0,12.0,True,,-4219488.346061911,1372.7372366744664,2287.85303612828,1627.097118908241,3.886848478131218,2.011432517510229,2.011432517510229,201.1432517510229,0.0,68.0,68.0,100.0,68.36456825901244,3563.115913772303,3563.1159137723034,7126.231827544607,3.125540275238863,3.125540275238863,0,0.0,42.41804659252742,44.65057536055517,104,64,0.0,34.81363913844056,100.0,True,True,True,False,True,benchmark,,,,,
de4675dd5b40fdebb7a25cd3,WP2033,north-west,5041-17010-2,5041-17010-2,1,Croaghonagh,1.0,theoretical,0.0,100.0,100.0,100.0,95.0,1520.0,1520.0,16.0,16.0,True,,-4257054.8422351405,1353.1124091432148,2307.4778636595315,1627.097118908241,3.920189225906048,2.011432517510229,2.011432517510229,201.1432517510229,0.0,70.0,70.0,100.0,69.24476638071377,3709.373222376965,3709.373222376964,7418.74644475393,2.4403771199848454,2.4403771199848454,0,0.0,44.15920502829719,46.48337371399703,108,60,0.0,39.45724246660397,100.0,True,True,True,False,True,benchmark,,,,,
99e66e815fa0066c437984c1,WP2033,north-west,5041-17010-2,5041-17010-2,1,Croaghonagh,1.0,theoretical,0.0,100.0,100.0,100.0,95.0,1900.0,1900.0,20.0,20.0,True,,-4294484.8422351405,1353.1124091432148,2307.4778636595315,1627.097118908241,3.920189225906048,2.011432517510229,2.011432517510229,201.1432517510229,0.0,70.0,70.0,100.0,70.02277767560517,4089.373222376965,4089.373222376964,8178.746444753929,2.152301695987876,2.152301695987876,0,0.0,48.68301455210672,51.245278475901806,113,55,0.0,42.08523986830918,100.0,True,True,True,False,True,benchmark,,,,,
a525b9ac89bb60042b395302,WP2033,north-west,5041-17010-2,5041-17010-2,1,Croaghonagh,1.0,theoretical,0.0,100.0,100.0,100.0,95.0,2280.0,2280.0,24.0,24.0,True,,-4315269.542601526,1353.1124091432148,2307.4778636595315,1627.097118908241,3.920189225906048,2.011432517510229,2.011432517510229,201.1432517510229,0.0,73.0,73.0,100.0,70.90297579730648,4184.838185904864,4184.838185904864,8369.676371809728,1.835455344695116,1.835455344695116,0,0.0,49.81950221315314,52.44158127700331,113,55,0.0,43.95838371556946,100.0,True,True,True,False,True,benchmark,,,,,
5bac03af8de03763f7ad6518,WP2033,north-west,5041-17010-2,5041-17010-2,1,Croaghonagh,1.0,theoretical,0.0,100.0,100.0,100.0,100.0,50.0,50.0,0.5,0.5,True,,-3973115.40453678,3410.0146616262687,250.57561117647765,84.09991562926007,0.4257045437701281,0.1039650940627719,0.1039650940627719,10.396509406277191,0.0,56.0,56.0,100.0,62.84519008183922,504.8649488838551,504.8649488838551,1009.72989776771,10.0972989776771,10.0972989776771,0,0.0,6.010297010522084,6.010297010522084,40,128,0.0,29.243337209843123,100.0,True,True,False,False,False,benchmark,,,,,
179dcbc333aa77ecdec29862,WP2033,north-west,5041-17010-2,5041-17010-2,1,Croaghonagh,1.0,theoretical,0.0,100.0,100.0,100.0,100.0,100.0,100.0,1.0,1.0,True,,-4000992.2260588217,3210.014661626268,450.5756111764781,246.51895180323845,0.7654858511139702,0.3047490098023671,0.3047490098023671,30.474900980236708,0.0,61.0,61.0,100.0,63.60388736437661,854.864948883855,854.864948883855,1709.72989776771,8.548649488838551,8.548649488838551,0,0.0,10.17696367718875,10.17696367718875,47,121,0.0,27.245207068735887,100.0,True,True,False,False,False,benchmark,,,,,
773420b70a98d8a4d63b2593,WP2033,north-west,5041-17010-2,5041-17010-2,1,Croaghonagh,1.0,theoretical,0.0,100.0,100.0,100.0,100.0,150.0,150.0,1.5,1.5,True,,-4023870.975374344,3047.595625452288,612.9946473504583,346.51895180323845,1.0414206133575783,0.4283699353227731,0.4283699353227731,42.83699353227731,0.0,62.0,62.0,100.0,64.0725575902778,1108.986111391431,1108.9861113914308,2217.972222782861,7.393240742609539,7.393240742609539,0,0.0,13.20221561180275,13.20221561180275,52,116,0.0,26.81569935074959,100.0,True,True,False,False,False,benchmark,,,,,
665a8dccc04187046007548e,WP2033,north-west,5041-17010-2,5041-17010-2,1,Croaghonagh,1.0,theoretical,0.0,100.0,100.0,100.0,100.0,200.0,200.0,2.0,2.0,True,,-4044645.9753743447,2897.595625452289,762.9946473504574,446.5189518032421,1.2962565938654578,0.5519908608431837,0.5519908608431837,55.19908608431837,0.0,62.0,62.0,100.0,64.42000421726516,1358.9861113914308,1358.9861113914308,2717.972222782861,6.794930556957154,6.794930556957154,0,0.0,16.178406087993224,16.178406087993224,53,115,0.0,26.97427221010169,100.0,True,True,False,False,False,benchmark,,,,,
e728f47bd9bc7832583e70cd,WP2033,north-west,5041-17010-2,5041-17010-2,1,Croaghonagh,1.0,theoretical,0.0,100.0,100.0,100.0,100.0,230.0,230.0,2.3,2.3,True,,-4056878.551673257,2807.595625452289,852.9946473504574,524.3503695823965,1.4491581821701864,0.6482067798474282,0.6482067798474282,64.82067798474283,0.0,62.0,62.0,100.0,64.62847219345757,1505.0130566719645,1505.0130566719645,3010.026113343929,6.543535029008541,6.543535029008541,0,0.0,17.91682210323767,17.91682210323767,60,108,0.0,27.222112773762504,100.0,True,True,False,False,False,benchmark,,,,,
136bd6239c78225f4ee4afee,WP2033,north-west,5041-17010-2,5041-17010-2,1,Croaghonagh,1.0,theoretical,0.0,100.0,100.0,100.0,100.0,300.0,300.0,3.0,3.0,True,,-4081845.890722984,2597.5956254522885,1062.994647350458,729.071054232074,1.8059285548812205,0.9012843849430712,0.9012843849430712,90.12843849430712,0.0,64.0,64.0,100.0,65.11489747123989,1830.334957219727,1830.334957219727,3660.669914439453,6.101116524065755,6.101116524065755,0,0.0,21.78970187166341,21.78970187166341,65,103,0.0,26.99804509399312,100.0,True,True,False,False,False,benchmark,,,,,
b541fbb2ce4e9a4faea00a2d,WP2033,north-west,5041-17010-2,5041-17010-2,1,Croaghonagh,1.0,theoretical,0.0,100.0,100.0,100.0,100.0,340.0,340.0,3.4,3.4,True,,-4094730.529492017,2477.5956254522885,1182.994647350458,809.071054232074,2.009797339287525,1.0001811253593962,1.0001811253593962,100.01811253593962,0.0,64.0,64.0,100.0,65.39285477282979,2030.334957219727,2030.334957219727,4060.669914439453,5.971573403587431,5.971573403587431,0,0.0,24.1706542526158,24.1706542526158,68,100,0.0,27.49953471862504,100.0,True,True,True,False,True,benchmark,,,,,
788a01068fa1beeb1336c325,WP2033,north-west,5041-17010-2,5041-17010-2,1,Croaghonagh,1.0,theoretical,0.0,100.0,100.0,100.0,100.0,400.0,400.0,4.0,4.0,True,,-4110593.720833042,2297.595625452288,1362.9946473504583,856.6855010812724,2.3156005158969832,1.059042545235797,1.059042545235797,105.9042545235797,0.0,66.0,66.0,100.0,65.80979072521463,2296.3724160406764,2296.3724160406764,4592.744832081353,5.740931040101691,5.740931040101691,0,0.0,27.3377668576271,27.3377668576271,74,94,0.0,28.611849167404795,100.0,True,True,True,False,True,benchmark,,,,,
a8376c97b41b2c2ca8ae8950,WP2033,north-west,5041-17010-2,5041-17010-2,1,Croaghonagh,1.0,theoretical,0.0,100.0,100.0,100.0,100.0,460.0,460.0,4.6,4.6,True,,-4124933.720833043,2117.595625452288,1542.9946473504583,927.1349769957452,2.621403692506441,1.1461328393855437,1.1461328393855437,114.61328393855436,0.0,66.0,66.0,100.0,66.1245398507895,2536.3724160406764,2536.3724160406764,5072.744832081353,5.513853078349297,5.513853078349297,0,0.0,30.19490971476996,30.19490971476996,79,89,0.0,30.64463932994381,100.0,True,True,True,False,True,benchmark,,,,,
90ca7041ddff1cc838ee1d60,WP2033,north-west,5041-17010-2,5041-17010-2,1,Croaghonagh,1.0,theoretical,0.0,100.0,100.0,100.0,100.0,500.0,500.0,5.0,5.0,True,,-4132971.956389424,1999.1748346047111,1661.4154381980352,968.570156482412,2.8225895481608467,1.197355391758003,1.197355391758003,119.73553917580033,0.0,67.0,67.0,100.0,66.31330600004893,2656.2875147605887,2656.287514760588,5312.5750295211765,5.312575029521176,5.312575029521176,0,0.0,31.62247041381653,31.62247041381653,80,88,0.0,30.912285340355496,100.0,True,True,True,False,True,benchmark,,,,,
064e6bc82692c169447e0962,WP2033,north-west,5041-17010-2,5041-17010-2,1,Croaghonagh,1.0,theoretical,0.0,100.0,100.0,100.0,100.0,570.0,570.0,5.7,5.7,True,,-4146848.3939873534,1912.7372366744664,1747.85303612828,997.4714677788144,2.9694389483028463,1.233083460270149,1.233083460270149,123.3083460270149,0.0,68.0,68.0,100.0,66.49148435640868,2796.2875147605887,2796.287514760588,5592.5750295211765,4.905767569755418,4.905767569755418,0,0.0,33.2891370804832,33.2891370804832,84,84,0.0,30.315097061329624,100.0,True,True,True,False,True,benchmark,,,,,
a6249c703104c74eabfb1e42,WP2033,north-west,5041-17010-2,5041-17010-2,1,Croaghonagh,1.0,theoretical,0.0,100.0,100.0,100.0,100.0,600.0,600.0,6.0,6.0,True,,-4152788.393987353,1882.7372366744664,1777.85303612828,1027.4714677788145,3.0204061444044226,1.2701697379262709,1.2701697379262709,127.01697379262708,0.0,68.0,68.0,100.0,66.63046300720362,2856.2875147605887,2856.287514760588,5712.5750295211765,4.760479191267647,4.760479191267647,0,0.0,34.00342279476892,34.00342279476892,84,84,0.0,30.138627922548864,100.0,True,True,True,False,True,benchmark,,,,,
51f09d240b4881a2c1e825ca,WP2033,north-west,5041-17010-2,5041-17010-2,1,Croaghonagh,1.0,theoretical,0.0,100.0,100.0,100.0,100.0,680.0,680.0,6.8,6.8,True,,-4168628.393987353,1802.7372366744669,1857.85303612828,1107.4714677788145,3.1563186673419583,1.3690664783425956,1.3690664783425956,136.90664783425956,0.0,68.0,68.0,100.0,66.99313518204242,3016.287514760588,3016.287514760588,6032.5750295211765,4.435716933471453,4.435716933471453,0,0.0,35.908184699530814,35.908184699530814,90,78,0.0,30.112131026847205,100.0,True,True,True,False,True,benchmark,,,,,
18e136ee43ab5f1d1d277ddc,WP2033,north-west,5041-17010-2,5041-17010-2,1,Croaghonagh,1.0,theoretical,0.0,100.0,100.0,100.0,100.0,800.0,800.0,8.0,8.0,True,,-4188574.02779642,1682.7372366744664,1977.85303612828,1227.4714677788145,3.3601874517482635,1.517411588967083,1.517411588967083,151.7411588967083,0.0,68.0,68.0,100.0,67.54904978522221,3241.7407678104746,3241.7407678104737,6483.481535620948,4.052175959763093,4.052175959763093,0,0.0,38.59215199774374,38.59215199774374,93,75,0.0,30.29680261662702,100.0,True,True,True,False,True,benchmark,,,,,
c08291d6ea747836678d5714,WP2033,north-west,5041-17010-2,5041-17010-2,1,Croaghonagh,1.0,theoretical,0.0,100.0,100.0,100.0,100.0,850.0,850.0,8.5,8.5,True,,-4195524.0277964175,1632.7372366744662,2027.85303612828,1277.4714677788145,3.4451327785842243,1.579222051727286,1.579222051727286,157.92220517272858,0.0,68.0,68.0,100.0,67.78068086988046,3341.7407678104746,3341.740767810474,6683.481535620949,3.9314597268358527,3.9314597268358527,0,0.0,39.78262818821994,39.78262818821994,96,72,0.0,30.221704758758023,100.0,True,True,True,False,True,benchmark,,,,,
405ef6acbe411584c1c24adb,WP2033,north-west,5041-17010-2,5041-17010-2,1,Croaghonagh,1.0,theoretical,0.0,100.0,100.0,100.0,100.0,1000.0,1000.0,10.0,10.0,True,,-4210700.846061909,1482.7372366744664,2177.85303612828,1350.338957052605,3.699968759092105,1.6693015163710287,1.6693015163710287,166.93015163710288,0.0,68.0,68.0,100.0,68.14289431660777,3498.1159137723034,3498.115913772303,6996.231827544607,3.4981159137723035,3.4981159137723035,0,0.0,41.6442370687179,41.6442370687179,101,67,0.0,31.681043654151424,100.0,True,True,True,False,True,benchmark,,,,,
fa562c3261be72cb4cdb3085,WP2033,north-west,5041-17010-2,5041-17010-2,1,Croaghonagh,1.0,theoretical,0.0,100.0,100.0,100.0,100.0,1130.0,1130.0,11.3,11.3,True,,-4223635.846061909,1352.7372366744669,2307.85303612828,1406.4239769125634,3.9208266088656014,1.7386343370002126,1.7386343370002126,173.86343370002126,0.0,68.0,68.0,100.0,68.44401472666347,3628.115913772304,3628.115913772303,7256.231827544607,3.2107220475861094,3.2107220475861094,0,0.0,43.191856116336936,43.191856116336936,104,64,0.0,33.65727491814472,100.0,True,True,True,False,True,benchmark,,,,,
bbd55ed58d2e55cc35006a9a,WP2033,north-west,5041-17010-2,5041-17010-2,1,Croaghonagh,1.0,theoretical,0.0,100.0,100.0,100.0,100.0,1200.0,1200.0,12.0,12.0,True,,-4230600.846061909,1282.7372366744669,2377.853036128279,1454.2317635025538,4.0397500664359445,1.7977347652535791,1.7977347652535791,179.77347652535792,0.0,68.0,68.0,100.0,68.60615648592425,3698.115913772304,3698.115913772303,7396.231827544606,3.08176326147692,3.08176326147692,0,0.0,44.02518944967027,44.02518944967027,105,63,0.0,35.17324873951998,100.0,True,True,True,False,True,benchmark,,,,,
a3a4c9d4962077c9dbb364aa,WP2033,north-west,5041-17010-2,5041-17010-2,1,Croaghonagh,1.0,theoretical,0.0,100.0,100.0,100.0,100.0,1600.0,1600.0,16.0,16.0,True,,-4270132.34223514,1273.1124091432148,2387.4778636595315,1463.8565910338075,4.056101748843584,1.809633066127458,1.809633066127458,180.9633066127458,0.0,69.0,69.0,100.0,69.53268082455723,3854.373222376965,3854.373222376964,7708.74644475393,2.408983263985603,2.408983263985603,0,0.0,45.88539550448768,45.88539550448768,110,58,0.0,38.433271013622765,100.0,True,True,True,False,True,benchmark,,,,,
ca93e87c7eeb81117efc179f,WP2033,north-west,5041-17010-2,5041-17010-2,1,Croaghonagh,1.0,theoretical,0.0,100.0,100.0,100.0,100.0,2000.0,2000.0,20.0,20.0,True,,-4309532.342235142,1273.1124091432148,2387.4778636595315,1463.8565910338075,4.056101748843584,1.809633066127458,1.809633066127458,180.9633066127458,0.0,69.0,69.0,100.0,70.38180585682544,4254.373222376964,4254.373222376965,8508.746444753928,2.127186611188482,2.127186611188482,0,0.0,50.64730026639244,50.64730026639243,114,54,0.0,41.23693699954569,100.0,True,True,True,False,True,benchmark,,,,,
5f3b7e67e0fdd461525cb1d4,WP2033,north-west,5041-17010-2,5041-17010-2,1,Croaghonagh,1.0,theoretical,0.0,100.0,100.0,100.0,100.0,2400.0,2400.0,24.0,24.0,True,,-4330532.042601526,1273.1124091432146,2387.477863659532,1463.8565910338002,4.056101748843585,1.809633066127449,1.809633066127449,180.9633066127449,0.0,70.0,70.0,100.0,71.30833019545841,4339.838185904864,4339.838185904863,8679.676371809728,1.8082659107936927,1.8082659107936927,0,0.0,51.66474030839123,51.66474030839123,115,53,0.0,43.42070682520797,100.0,True,True,True,False,True,benchmark,,,,,
65497fd7c3b4dfdb44eac82d,WP2033,north-west,5041-17010-2,5041-17010-2,1,Croaghonagh,1.0,theoretical,0.0,100.0,100.0,100.0,115.0,57.5,57.5,0.5,0.5,True,,-3977431.6545367786,3380.014661626268,280.5756111764781,886.023927993323,0.4766717398717051,1.095310980117602,0.4766717398717051,47.66717398717051,0.0,57.0,57.0,100.0,62.9667964012848,557.364948883855,557.364948883855,1114.72989776771,9.693303458849654,9.693303458849654,0,0.0,6.635297010522084,5.769823487410508,42,126,0.0,29.93863556761428,100.0,True,True,False,False,False,benchmark,,,,,
c12f260d46c41ed235882df6,WP2033,north-west,5041-17010-2,5041-17010-2,1,Croaghonagh,1.0,theoretical,0.0,100.0,100.0,100.0,115.0,115.0,115.0,1.0,1.0,True,,-4008348.570374721,3152.595625452288,507.9946473504583,979.9410003735902,0.8630354270020617,1.211412134215758,0.8630354270020617,86.30354270020617,0.0,59.0,59.0,100.0,63.7727807180929,940.1987900657538,940.1987900657538,1880.3975801315075,8.175641652745686,8.175641652745686,0,0.0,11.19284273887802,9.732906729459147,47,121,0.0,26.46839760400834,100.0,True,True,False,False,False,benchmark,,,,,
3f2b75ba068a582b0c4cc2d8,WP2033,north-west,5041-17010-2,5041-17010-2,1,Croaghonagh,1.0,theoretical,0.0,100.0,100.0,100.0,115.0,172.5,172.5,1.5,1.5,True,,-4033219.725374344,2980.0956254522885,680.4946473504579,979.9410003735902,1.156096804586124,1.211412134215758,1.156096804586124,115.6096804586124,0.0,61.0,61.0,100.0,64.2289085724221,1221.4861113914308,1221.4861113914308,2442.972222782861,7.08107890661699,7.08107890661699,0,0.0,14.54150132608846,12.644783761816054,52,116,0.0,23.556419186615425,100.0,True,True,True,False,True,benchmark,,,,,
eea3eec2aac225e5851030a9,WP2033,north-west,5041-17010-2,5041-17010-2,1,Croaghonagh,1.0,theoretical,0.0,100.0,100.0,100.0,115.0,230.0,230.0,2.0,2.0,True,,-4057110.9753743447,2807.5956254522885,852.9946473504579,1029.5116617835374,1.449158182170187,1.2726918446373214,1.2726918446373214,127.26918446373216,0.0,63.0,63.0,100.0,64.62847219345757,1508.9861113914312,1508.986111391431,3017.9722227828624,6.560809179962744,6.560809179962744,0,0.0,17.96412037370751,15.620974238006529,57,111,0.0,22.905676856064616,100.0,True,True,True,False,True,benchmark,,,,,
514142d2f775c122b4924508,WP2033,north-west,5041-17010-2,5041-17010-2,1,Croaghonagh,1.0,theoretical,0.0,100.0,100.0,100.0,115.0,340.0,340.0,2.9565217391304346,2.9565217391304346,True,,-4096494.3656979306,2477.595625452288,1182.9946473504583,1188.3977083263962,2.009797339287526,1.4691082458963869,1.4691082458963869,146.91082458963868,0.0,65.0,65.0,100.0,65.24674961066799,2030.3349572197271,2030.334957219727,4060.669914439454,5.971573403587432,5.971573403587432,0,0.0,24.1706542526158,21.01796021966591,65,103,0.0,27.28385733947052,100.0,True,True,True,False,True,benchmark,,,,,
13de9313021f043b74e9ce63,WP2033,north-west,5041-17010-2,5041-17010-2,1,Croaghonagh,1.0,theoretical,0.0,100.0,100.0,100.0,115.0,345.0,345.0,3.0,3.0,True,,-4098168.3741273647,2462.595625452288,1197.9946473504583,1198.3977083263962,2.0352809373383143,1.4814703384484271,1.4814703384484271,148.14703384484272,0.0,65.0,65.0,100.0,65.28149427336672,2055.3349572197267,2055.3349572197267,4110.669914439453,5.957492629622396,5.957492629622396,0,0.0,24.46827330023484,21.27675939150856,65,103,0.0,27.47179442567471,100.0,True,True,True,False,True,benchmark,,,,,
8f7c5866e78a4dfbccf21432,WP2033,north-west,5041-17010-2,5041-17010-2,1,Croaghonagh,1.0,theoretical,0.0,100.0,100.0,100.0,115.0,460.0,460.0,4.0,4.0,True,,-4127265.59214018,2117.595625452288,1542.9946473504583,1350.2675505484367,2.621403692506441,1.669213242989694,1.669213242989694,166.9213242989694,0.0,70.0,70.0,100.0,66.08062151543766,2542.8942394900764,2542.8942394900764,5085.788478980153,5.528030955413209,5.528030955413209,0,0.0,30.27255047011996,26.32395693053909,77,91,0.0,29.14851588528056,100.0,True,True,True,False,True,benchmark,,,,,
157a5d1718db5559c388dfdd,WP2033,north-west,5041-17010-2,5041-17010-2,1,Croaghonagh,1.0,theoretical,0.0,100.0,100.0,100.0,115.0,570.0,570.0,4.956521739130435,4.956521739130435,True,,-4150942.609361119,1840.9431699140569,1819.6471028886888,1494.617182154303,3.091410357619761,1.8476595935661624,1.8476595935661624,184.76595935661624,0.0,71.0,71.0,100.0,66.6858910715745,2880.9151395623085,2880.9151395623085,5761.830279124617,5.054237086951418,5.054237086951418,0,0.0,34.296608804313195,29.82313809070713,82,86,0.0,29.73729337954047,100.0,True,True,True,False,True,benchmark,,,,,
d6bb8d0f24b45a00bfdd61b8,WP2033,north-west,5041-17010-2,5041-17010-2,1,Croaghonagh,1.0,theoretical,0.0,100.0,100.0,100.0,115.0,575.0,575.0,5.0,5.0,True,,-4151932.609361118,1835.9431699140573,1824.647102888689,1494.617182154303,3.0999048903033564,1.8476595935661624,1.8476595935661624,184.76595935661624,0.0,71.0,71.0,100.0,66.70905418004033,2890.9151395623085,2890.9151395623085,5781.830279124617,5.027678503586624,5.027678503586624,0,0.0,34.415656423360815,29.926657759444183,82,86,0.0,29.654691656571384,100.0,True,True,True,False,True,benchmark,,,,,
ea1acf59835eaf20d1843d68,WP2033,north-west,5041-17010-2,5041-17010-2,1,Croaghonagh,1.0,theoretical,0.0,100.0,100.0,100.0,115.0,680.0,680.0,5.913043478260869,5.913043478260869,True,,-4172722.609361118,1730.943169914057,1929.6471028886888,1508.1361461313936,3.278290076658873,1.864371861955412,1.864371861955412,186.4371861955412,0.0,71.0,71.0,100.0,67.19547945782264,3100.9151395623085,3100.9151395623085,6201.830279124617,4.560169322885748,4.560169322885748,0,0.0,36.915656423360815,32.10057080292245,86,82,0.0,28.579378525631093,100.0,True,True,True,False,True,benchmark,,,,,
a69b8c60cd4f3c4ecfdd32cc,WP2033,north-west,5041-17010-2,5041-17010-2,1,Croaghonagh,1.0,theoretical,0.0,100.0,100.0,100.0,115.0,690.0,690.0,6.0,6.0,True,,-4174702.609361118,1720.943169914057,1939.6471028886888,1508.1361461313936,3.2952791420260654,1.864371861955412,1.864371861955412,186.4371861955412,0.0,71.0,71.0,100.0,67.24180567475429,3120.9151395623085,3120.9151395623085,6241.830279124617,4.523065419655519,4.523065419655519,0,0.0,37.153751661456056,32.30761014039657,86,82,0.0,28.54475675265784,100.0,True,True,True,False,True,benchmark,,,,,
112e9a143a06b961ea62b45e,WP2033,north-west,5041-17010-2,5041-17010-2,1,Croaghonagh,1.0,theoretical,0.0,100.0,100.0,100.0,115.0,850.0,850.0,7.391304347826087,7.391304347826087,True,,-4204861.980780881,1560.9431699140569,2099.647102888689,1601.106743309232,3.5671041879011387,1.979302974648505,1.979302974648505,197.93029746485047,0.0,71.0,71.0,100.0,67.98302514566068,3426.3683926121944,3426.368392612194,6852.736785224388,4.031021638367287,4.031021638367287,0,0.0,40.790099912049925,35.46965209743472,92,76,0.0,28.79585161223968,100.0,True,True,True,False,True,benchmark,,,,,
4e0fa896d857a5e2038a4c08,WP2033,north-west,5041-17010-2,5041-17010-2,1,Croaghonagh,1.0,theoretical,0.0,100.0,100.0,100.0,115.0,920.0,920.0,8.0,8.0,True,,-4214591.980780881,1490.943169914057,2169.647102888689,1671.106743309232,3.686027645471482,2.065837622512789,2.065837622512789,206.5837622512789,0.0,71.0,71.0,100.0,68.30730866418223,3566.368392612195,3566.368392612194,7132.736785224389,3.876487383274125,3.876487383274125,0,0.0,42.4567665787166,36.91892745975356,94,74,0.0,28.740222717354385,100.0,True,True,True,False,True,benchmark,,,,,
3f6154872fce4ca20e6c407d,WP2033,north-west,5041-17010-2,5041-17010-2,1,Croaghonagh,1.0,theoretical,0.0,100.0,100.0,100.0,115.0,1130.0,1130.0,9.826086956521738,9.826086956521738,True,,-4237172.27134785,1280.9431699140569,2379.647102888689,1749.8205158372948,4.042798018182516,2.163144316624007,2.163144316624007,216.3144316624007,0.0,71.0,71.0,100.0,68.89256069689905,3819.033976586096,3819.033976586096,7638.067953172189,3.37967608547442,3.37967608547442,0,0.0,45.46469019745351,39.534513215176965,101,67,0.0,31.94390092444615,100.0,True,True,True,False,True,benchmark,,,,,
a94f1d89a009508032b6650a,WP2033,north-west,5041-17010-2,5041-17010-2,1,Croaghonagh,1.0,theoretical,0.0,100.0,100.0,100.0,115.0,1150.0,1150.0,10.0,10.0,True,,-4239162.27134785,1260.943169914057,2399.647102888689,1749.8205158372948,4.0767761489169,2.163144316624007,2.163144316624007,216.3144316624007,0.0,71.0,71.0,100.0,68.9388869138307,3839.033976586096,3839.033976586094,7678.067953172189,3.338290414422691,3.338290414422691,0,0.0,45.70278543554874,39.74155255265108,101,67,0.0,32.4131995419092,100.0,True,True,True,False,True,benchmark,,,,,
9091e751e70d4b834edf4567,WP2033,north-west,5041-17010-2,5041-17010-2,1,Croaghonagh,1.0,theoretical,0.0,100.0,100.0,100.0,115.0,1380.0,1380.0,12.0,12.0,True,,-4262039.78821783,1045.9094299552996,2614.680842847447,1772.0127292473117,4.442098375348012,2.1905785362349337,2.1905785362349337,219.05785362349337,0.0,72.0,72.0,100.0,69.39423910217991,4054.067716544852,4054.067716544852,8108.135433089703,2.937730229380328,2.937730229380328,0,0.0,48.26271091124824,41.96757470543324,106,62,0.0,36.45094047839488,100.0,True,True,True,False,True,benchmark,,,,,
b89ed7306b5481f409c8e67b,WP2033,north-west,5041-17010-2,5041-17010-2,1,Croaghonagh,1.0,theoretical,0.0,100.0,100.0,100.0,115.0,1840.0,1840.0,16.0,16.0,True,,-4307478.317137123,1045.9094299553,2614.6808428474465,1772.0127292473117,4.442098375348011,2.1905785362349337,2.1905785362349337,219.05785362349337,0.0,72.0,72.0,100.0,70.45974209160784,4257.009877961299,4257.009877961299,8514.019755922598,2.3135923249789667,2.3135923249789667,0,0.0,50.6786890233488,44.068425237694605,110,58,0.0,39.62185362334812,100.0,True,True,True,False,True,benchmark,,,,,
49d6c8a140d56d5e1c2a7823,WP2033,north-west,5041-17010-2,5041-17010-2,1,Croaghonagh,1.0,theoretical,0.0,100.0,100.0,100.0,115.0,2300.0,2300.0,20.0,20.0,True,,-4352788.317137124,1045.9094299553,2614.6808428474465,1772.0127292473117,4.442098375348011,2.1905785362349337,2.1905785362349337,219.05785362349337,0.0,72.0,72.0,100.0,71.52524508103578,4717.0098779613,4717.009877961299,9434.0197559226,2.0508738599831737,2.0508738599831737,0,0.0,56.15487949953928,48.83032999959938,115,53,0.0,42.90376959717352,100.0,True,True,True,False,True,benchmark,,,,,
40abe1d9c092678fb11c175c,WP2033,north-west,5041-17010-2,5041-17010-2,1,Croaghonagh,1.0,theoretical,0.0,100.0,100.0,100.0,115.0,2760.0,2760.0,24.0,24.0,True,,-4374181.246903408,1045.9094299553,2614.6808428474465,1772.0127292473117,4.442098375348011,2.1905785362349337,2.1905785362349337,219.05785362349337,0.0,72.0,72.0,100.0,72.48856124365372,4768.171070547339,4768.171070547338,9536.342141094676,1.7275982139664268,1.7275982139664268,0,0.0,56.76394131603973,49.35994897046933,115,53,0.0,43.765098306885335,100.0,True,True,True,False,True,benchmark,,,,,
76a2ba08c71252dde4839fc6,WP2033,north-west,5041-17010-2,5041-17010-2,1,Croaghonagh,1.0,theoretical,0.0,100.0,100.0,100.0,145.0,72.5,72.5,0.5,0.5,True,,-3986064.154536781,3320.0146616262687,340.57561117647765,793.3139672978359,0.5786061320748567,0.980702068656236,0.5786061320748567,57.86061320748567,0.0,61.0,61.0,100.0,63.202071479561575,662.364948883855,662.3649488838549,1324.72989776771,9.136068260466969,9.136068260466969,0,0.0,7.885297010522084,5.438135869325576,44,124,0.0,24.875003852028755,100.0,True,True,False,False,False,benchmark,,,,,
1820c8b750ad6cbfa8ceb2f5,WP2033,north-west,5041-17010-2,5041-17010-2,1,Croaghonagh,1.0,theoretical,0.0,100.0,100.0,100.0,145.0,145.0,145.0,1.0,1.0,True,,-4021793.475374345,3062.5956254522885,597.9946473504579,872.9015856926562,1.0159370153067897,1.079089019115562,1.0159370153067897,101.59370153067894,0.0,65.0,65.0,100.0,64.02987536696466,1083.986111391431,1083.986111391431,2167.972222782862,7.475766285458144,7.475766285458144,0,0.0,12.904596564183702,8.899721768402554,50,118,0.0,22.864944206817743,100.0,True,True,True,False,True,benchmark,,,,,
5e234bf834479beb1621ec69,WP2033,north-west,5041-17010-2,5041-17010-2,1,Croaghonagh,1.0,theoretical,0.0,100.0,100.0,100.0,145.0,217.5,217.5,1.5,1.5,True,,-4051917.2253743457,2845.0956254522885,815.4946473504579,1031.8362933894896,1.3854491870432168,1.2755655757435391,1.2755655757435391,127.55655757435392,0.0,66.0,66.0,100.0,64.4829317661365,1446.4861113914308,1446.486111391431,2892.972222782861,6.650510856972096,6.650510856972096,0,0.0,17.22007275465989,11.875912244593026,57,111,0.0,23.82587274549873,100.0,True,True,True,False,True,benchmark,,,,,
c98dc2cd5593accc19fc9585,WP2033,north-west,5041-17010-2,5041-17010-2,1,Croaghonagh,1.0,theoretical,0.0,100.0,100.0,100.0,145.0,230.0,230.0,1.5862068965517242,1.5862068965517242,True,,-4057110.9753743457,2807.5956254522885,852.9946473504579,1069.3362933894896,1.449158182170187,1.3219234228136916,1.3219234228136916,132.19234228136915,0.0,67.0,67.0,100.0,64.51188565171879,1508.9861113914308,1508.986111391431,3017.972222782861,6.560809179962742,6.560809179962742,0,0.0,17.96412037370751,12.389048533591383,59,109,0.0,24.542781996222423,100.0,True,True,True,False,True,benchmark,,,,,
b3edd4a4f38dba1706a0d067,WP2033,north-west,5041-17010-2,5041-17010-2,1,Croaghonagh,1.0,theoretical,0.0,100.0,100.0,100.0,145.0,290.0,290.0,2.0,2.0,True,,-4078669.3656979296,2627.5956254522885,1032.994647350458,1232.6232030806932,1.7549613587796444,1.5237802118276271,1.5237802118276271,152.37802118276272,0.0,67.0,67.0,100.0,64.89136542306623,1780.334957219727,1780.334957219727,3560.6699144394534,6.139086059378368,6.139086059378368,0,0.0,21.19446377642532,14.616871569948495,63,105,0.0,27.06506344291414,100.0,True,True,True,False,True,benchmark,,,,,
c4de451a797f2b14cfbb4ad6,WP2033,north-west,5041-17010-2,5041-17010-2,1,Croaghonagh,1.0,theoretical,0.0,100.0,100.0,100.0,145.0,340.0,340.0,2.3448275862068964,2.3448275862068964,True,,-4096494.36569793,2477.595625452288,1182.9946473504583,1282.8462180877905,2.009797339287526,1.585866367803653,1.585866367803653,158.5866367803653,0.0,67.0,67.0,100.0,65.2388120500536,2030.3349572197264,2030.334957219727,4060.669914439453,5.97157340358743,5.97157340358743,0,0.0,24.170654252615787,16.66941672594192,65,103,0.0,27.99351488500522,99.99999999999996,True,True,True,False,True,benchmark,,,,,
001f2f99f8e87f3627caa99c,WP2033,north-west,5041-17010-2,5041-17010-2,1,Croaghonagh,1.0,theoretical,0.0,100.0,100.0,100.0,145.0,435.0,435.0,3.0,3.0,True,,-4123060.5921401815,2192.595625452288,1467.9946473504583,1350.4342090527134,2.4939857022525,1.6694192677751394,1.6694192677751394,166.94192677751394,0.0,70.0,70.0,100.0,65.8989606413296,2442.894239490077,2442.8942394900764,4885.788478980154,5.61584882641397,5.61584882641397,0,0.0,29.082074279643766,20.05660295147846,70,98,0.0,28.78173083962377,100.0,True,True,True,False,True,benchmark,,,,,
819126df9fc4975bf51fc26c,WP2033,north-west,5041-17010-2,5041-17010-2,1,Croaghonagh,1.0,theoretical,0.0,100.0,100.0,100.0,145.0,460.0,460.0,3.1724137931034484,3.1724137931034484,True,,-4129035.592140181,2117.5956254522885,1542.994647350458,1410.847388451577,2.62140369250644,1.7441025992843178,1.7441025992843178,174.41025992843177,0.0,70.0,70.0,100.0,66.07268395482328,2542.8942394900764,2542.894239490076,5085.788478980152,5.528030955413208,5.528030955413208,0,0.0,30.27255047011996,20.87762101387583,71,97,0.0,29.366651016702164,100.0,True,True,True,False,True,benchmark,,,,,
4e38c88855ac42f036710d53,WP2033,north-west,5041-17010-2,5041-17010-2,1,Croaghonagh,1.0,theoretical,0.0,100.0,100.0,100.0,145.0,570.0,570.0,3.931034482758621,3.931034482758621,True,,-4153539.435114888,1787.595625452288,1872.9946473504583,1622.5398022171576,3.1820428496237785,2.005798720437816,2.005798720437816,200.5798720437816,0.0,72.0,72.0,100.0,66.7323248913756,2937.6750742927848,2937.675074292785,5875.35014858557,5.153815919811904,5.153815919811904,0,0.0,34.97232231300935,24.118842974489205,76,92,0.0,30.512193744540863,100.0,True,True,True,False,True,benchmark,,,,,
ff841a5bd8c11e9e302d6c80,WP2033,north-west,5041-17010-2,5041-17010-2,1,Croaghonagh,1.0,theoretical,0.0,100.0,100.0,100.0,145.0,580.0,580.0,4.0,4.0,True,,-4155534.435114888,1757.5956254522885,1902.9946473504576,1622.5398022171576,3.233010045725354,2.005798720437816,2.005798720437816,200.5798720437816,0.0,72.0,72.0,100.0,66.77865110830726,2967.6750742927848,2967.675074292785,5935.35014858557,5.116681162573768,5.116681162573768,0,0.0,35.329465170152204,24.36514839320841,76,92,0.0,30.488995001818893,100.0,True,True,True,False,True,benchmark,,,,,
f0fe4d32a2be7fc224698e33,WP2033,north-west,5041-17010-2,5041-17010-2,1,Croaghonagh,1.0,theoretical,0.0,100.0,100.0,100.0,145.0,680.0,680.0,4.689655172413793,4.689655172413793,True,,-4175357.88000392,1627.5074765757838,2033.0827962269625,1636.0587661942482,3.454017652201349,2.0225109888270656,2.0225109888270656,202.25109888270657,0.0,73.0,73.0,100.0,67.24191327762374,3180.9615939790783,3180.9615939790783,6361.923187958157,4.677884697028056,4.677884697028056,0,0.0,37.86859040451284,26.11626924449161,80,88,0.0,29.590839961266315,99.99999999999996,True,True,True,False,True,benchmark,,,,,
8dab8c1e3f5ae9026a09af5d,WP2033,north-west,5041-17010-2,5041-17010-2,1,Croaghonagh,1.0,theoretical,0.0,100.0,100.0,100.0,145.0,725.0,725.0,5.0,5.0,True,,-4184267.88000392,1582.5074765757836,2078.0827962269627,1636.0587661942482,3.530468446353713,2.0225109888270656,2.0225109888270656,202.25109888270657,0.0,73.0,73.0,100.0,67.45038125381616,3270.9615939790783,3270.9615939790783,6541.923187958157,4.511671164109074,4.511671164109074,0,0.0,38.94001897594141,26.85518550064925,80,88,0.0,29.5265432636598,100.0,True,True,True,False,True,benchmark,,,,,
3fcf873e15b06dc80166681a,WP2033,north-west,5041-17010-2,5041-17010-2,1,Croaghonagh,1.0,theoretical,0.0,100.0,100.0,100.0,145.0,850.0,850.0,5.862068965517241,5.862068965517241,True,,-4209017.880003917,1457.507476575783,2203.082796226963,1671.4433687409835,3.7428317634436152,2.066253761987057,2.066253761987057,206.6253761987057,0.0,73.0,73.0,100.0,68.02945896546177,3520.961593979079,3520.9615939790788,7041.923187958158,4.142307757622446,4.142307757622446,0,0.0,41.91620945213189,28.90773065664268,84,84,0.0,29.270233715598703,100.0,True,True,True,False,True,benchmark,,,,,
72e7ed3dea8a0f161522f0cf,WP2033,north-west,5041-17010-2,5041-17010-2,1,Croaghonagh,1.0,theoretical,0.0,100.0,100.0,100.0,145.0,870.0,870.0,6.0,6.0,True,,-4212977.880003917,1437.5074765757831,2223.082796226963,1671.4433687409835,3.7768098941779993,2.066253761987057,2.066253761987057,206.6253761987057,0.0,73.0,73.0,100.0,68.12211139932506,3560.961593979079,3560.9615939790788,7121.923187958158,4.093059303424229,4.093059303424229,0,0.0,42.39239992832237,29.236137881601632,85,83,0.0,29.249071938415074,100.0,True,True,True,False,True,benchmark,,,,,
25ef6334a308194d23c3cf35,WP2033,north-west,5041-17010-2,5041-17010-2,1,Croaghonagh,1.0,theoretical,0.0,100.0,100.0,100.0,145.0,1130.0,1130.0,7.793103448275862,7.793103448275862,True,,-4255132.323949383,1177.507476575784,2483.0827962269623,1840.1870442953727,4.218525593724992,2.274856255464545,2.274856255464545,227.4856255464545,0.0,73.0,73.0,100.0,69.32659303954793,4066.414847028964,4066.414847028964,8132.829694057928,3.598597209760145,3.598597209760145,0,0.0,48.40970055986863,33.386000386116294,94,74,0.0,30.697783337747,100.0,True,True,True,False,True,benchmark,,,,,
a1ffccd2f7ebe366479a6bd3,WP2033,north-west,5041-17010-2,5041-17010-2,1,Croaghonagh,1.0,theoretical,0.0,100.0,100.0,100.0,145.0,1160.0,1160.0,8.0,8.0,True,,-4259302.323949383,1147.507476575784,2513.0827962269623,1840.1870442953727,4.269492789826567,2.274856255464545,2.274856255464545,227.4856255464545,0.0,73.0,73.0,100.0,69.46557169034287,4126.414847028964,4126.414847028964,8252.829694057928,3.5572541784732445,3.5572541784732445,0,0.0,49.12398627415433,33.878611223554714,94,74,0.0,30.9228167544064,100.0,True,True,True,False,True,benchmark,,,,,
7ed352d65d0a2d85676ecb7c,WP2033,north-west,5041-17010-2,5041-17010-2,1,Croaghonagh,1.0,theoretical,0.0,100.0,100.0,100.0,145.0,1450.0,1450.0,10.0,10.0,True,,-4288657.614516352,857.5074765757838,2803.0827962269623,1843.975313119132,4.762175685475137,2.279539348445676,2.279539348445676,227.9539348445676,0.0,73.0,73.0,100.0,70.06445243857888,4429.080431002865,4429.080431002864,8858.16086200573,3.054538228277838,3.054538228277838,0,0.0,52.72714798812935,36.36355033664093,99,69,0.0,35.59080669705278,100.0,True,True,True,False,True,benchmark,,,,,
0ad5f5b64f0c5a8918c0a7cf,WP2033,north-west,5041-17010-2,5041-17010-2,1,Croaghonagh,1.0,theoretical,0.0,100.0,100.0,100.0,145.0,1740.0,1740.0,12.0,12.0,True,,-4317451.155406655,690.4256959695349,2970.1645768332114,1961.3352821536248,5.046032014713779,2.424620828356578,2.424620828356578,242.4620828356578,0.0,73.0,73.0,100.0,70.7361825840878,4596.162211609113,4596.162211609113,9192.324423218226,2.6414725354075363,2.6414725354075363,0,0.0,54.71621680487039,37.735321934393376,103,65,0.0,39.025371906293415,100.0,True,True,True,False,True,benchmark,,,,,
227fbe2cc56bf32f65fd683a,WP2033,north-west,5041-17010-2,5041-17010-2,1,Croaghonagh,1.0,theoretical,0.0,100.0,100.0,100.0,145.0,2320.0,2320.0,16.0,16.0,True,,-4374685.708346273,690.4256959695349,2970.1645768332114,1961.3352821536248,5.046032014713779,2.424620828356578,2.424620828356578,242.4620828356578,0.0,74.0,74.0,100.0,72.07964287510562,4967.05633237807,4967.056332378069,9934.11266475614,2.140972557059513,2.140972557059513,0,0.0,59.13162300450083,40.78042965827644,108,60,0.0,41.569889224583,100.0,True,True,True,False,True,benchmark,,,,,
e642da8ca07bd345b1a09b9b,WP2033,north-west,5041-17010-2,5041-17010-2,1,Croaghonagh,1.0,theoretical,0.0,100.0,100.0,100.0,145.0,2900.0,2900.0,20.0,20.0,True,,-4426234.824018473,690.4256959695349,2970.1645768332114,1961.3352821536248,5.046032014713779,2.424620828356578,2.424620828356578,242.4620828356578,0.0,74.0,74.0,100.0,73.42310316612344,5451.656600278891,5451.656600278891,10903.313200557785,1.879881586303066,1.879881586303066,0,0.0,64.90067381284395,44.759085388168245,113,55,0.0,43.9833911072339,100.0,True,True,True,False,True,benchmark,,,,,
5d325c4983b517ff554d36f0,WP2033,north-west,5041-17010-2,5041-17010-2,1,Croaghonagh,1.0,theoretical,0.0,100.0,100.0,100.0,145.0,3480.0,3480.0,24.0,24.0,True,,-4449316.491995035,690.4256959695349,2970.1645768332114,1961.3352821536248,5.046032014713779,2.424620828356578,2.424620828356578,242.4620828356578,0.0,74.0,74.0,100.0,74.68916415077649,5688.320647156597,5688.320647156596,11376.641294313196,1.6345748986082176,1.6345748986082176,0,0.0,67.71810294234044,46.70213996023478,111,57,0.0,42.66809273068912,100.0,True,True,True,False,True,benchmark,,,,,
fcfe62e4896486e8fa595108,WP2033,north-west,5041-17010-2,5041-17010-2,1,Croaghonagh,1.0,theoretical,0.0,100.0,100.0,100.0,150.0,75.0,75.0,0.5,0.5,True,,-3987502.90453678,3310.0146616262687,350.57561117647765,528.529069688957,0.5955951974420488,0.6533725275938804,0.5955951974420488,59.55951974420488,0.0,59.0,59.0,100.0,63.25054447999116,679.8649488838549,679.864948883855,1359.72989776771,9.064865985118068,9.064865985118068,0,0.0,8.093630343855418,5.395753562570278,42,126,0.0,21.852179703207234,100.0,True,True,False,False,False,benchmark,,,,,
5727d5ca7ee22596d2015718,WP2033,north-west,5041-17010-2,5041-17010-2,1,Croaghonagh,1.0,theoretical,0.0,100.0,100.0,100.0,150.0,150.0,150.0,1.0,1.0,True,,-4023870.9753743457,3047.5956254522885,612.9946473504579,736.7871997270122,1.0414206133575776,0.9108231554184152,0.9108231554184152,91.08231554184152,0.0,65.0,65.0,100.0,64.0725575902778,1108.986111391431,1108.986111391431,2217.972222782862,7.39324074260954,7.39324074260954,0,0.0,13.20221561180275,8.801477074535166,49,119,0.0,21.80419854319297,100.0,True,True,False,False,False,benchmark,,,,,
237cf2018022da1e60f4be8e,WP2033,north-west,5041-17010-2,5041-17010-2,1,Croaghonagh,1.0,theoretical,0.0,100.0,100.0,100.0,150.0,225.0,225.0,1.5,1.5,True,,-4055033.4753743457,2822.5956254522885,837.9946473504579,961.7871997270122,1.4236745841193992,1.1889702378393288,1.1889702378393288,118.89702378393288,0.0,67.0,67.0,100.0,64.59372753075884,1483.9861113914308,1483.9861113914308,2967.972222782861,6.595493828406359,6.595493828406359,0,0.0,17.666501326088465,11.777667550725642,56,112,0.0,23.092878343426715,100.0,True,True,True,False,True,benchmark,,,,,
59d1234ea6528052720d043e,WP2033,north-west,5041-17010-2,5041-17010-2,1,Croaghonagh,1.0,theoretical,0.0,100.0,100.0,100.0,150.0,230.0,230.0,1.5333333333333334,1.5333333333333334,True,,-4057110.9753743457,2807.595625452289,852.9946473504574,976.7871997270122,1.4491581821701864,1.2075133766673896,1.2075133766673896,120.75133766673896,0.0,67.0,67.0,100.0,64.62847219345757,1508.986111391431,1508.986111391431,3017.972222782862,6.560809179962743,6.560809179962743,0,0.0,17.964120373707516,11.976080249138343,57,111,0.0,23.165620403389312,100.00000000000004,True,True,True,False,True,benchmark,,,,,
9b5177ff92af6853dc749791,WP2033,north-west,5041-17010-2,5041-17010-2,1,Croaghonagh,1.0,theoretical,0.0,100.0,100.0,100.0,150.0,300.0,300.0,2.0,2.0,True,,-4082234.36569793,2597.5956254522885,1062.994647350458,1161.4386977478937,1.8059285548812205,1.4357812675080972,1.4357812675080972,143.57812675080973,0.0,68.0,68.0,100.0,65.11489747123989,1830.334957219727,1830.334957219727,3660.669914439453,6.101116524065755,6.101116524065755,0,0.0,21.78970187166341,14.526467914442277,61,107,0.0,23.80130489567372,100.0,True,True,True,False,True,benchmark,,,,,
3e3e084a2d4c6acc5f6ad66f,WP2033,north-west,5041-17010-2,5041-17010-2,1,Croaghonagh,1.0,theoretical,0.0,100.0,100.0,100.0,150.0,340.0,340.0,2.2666666666666666,2.2666666666666666,True,,-4096494.365697931,2477.5956254522885,1182.994647350458,1241.4386977478937,2.009797339287525,1.5346780079244222,1.5346780079244222,153.46780079244223,0.0,68.0,68.0,100.0,65.39285477282979,2030.334957219727,2030.334957219727,4060.669914439453,5.971573403587431,5.971573403587431,0,0.0,24.1706542526158,16.113769501743864,64,104,0.0,24.41045282139917,100.0,True,True,True,False,True,benchmark,,,,,
2f6d5240cb7f225934303813,WP2033,north-west,5041-17010-2,5041-17010-2,1,Croaghonagh,1.0,theoretical,0.0,100.0,100.0,100.0,150.0,450.0,450.0,3.0,3.0,True,,-4126692.90800401,2147.5956254522885,1512.994647350458,1414.6892224433905,2.5704364964048634,1.748851910021955,1.748851910021955,174.8851910021955,0.0,69.0,69.0,100.0,66.15723735220197,2502.8942394900764,2502.8942394900764,5005.788478980153,5.561987198866836,5.561987198866836,0,0.0,29.79635999392948,19.86423999595299,72,96,0.0,27.104529522034788,100.0,True,True,True,False,True,benchmark,,,,,
5d6a6b592529fe4215014fa0,WP2033,north-west,5041-17010-2,5041-17010-2,1,Croaghonagh,1.0,theoretical,0.0,100.0,100.0,100.0,150.0,460.0,460.0,3.066666666666667,3.066666666666667,True,,-4129082.90800401,2117.595625452288,1542.9946473504583,1414.6892224433905,2.621403692506441,1.748851910021955,1.748851910021955,174.8851910021955,0.0,69.0,69.0,100.0,66.22672667759947,2542.8942394900764,2542.8942394900764,5085.788478980153,5.528030955413209,5.528030955413209,0,0.0,30.27255047011996,20.1817003134133,73,95,0.0,27.33051801068621,100.00000000000004,True,True,True,False,True,benchmark,,,,,
504e9f059a60e92abd967fbd,WP2033,north-west,5041-17010-2,5041-17010-2,1,Croaghonagh,1.0,theoretical,0.0,100.0,100.0,100.0,150.0,570.0,570.0,3.8,3.8,True,,-4153586.750978716,1787.5956254522885,1872.9946473504576,1499.9854934154064,3.1820428496237776,1.8542959496319549,1.8542959496319549,185.42959496319543,0.0,70.0,70.0,100.0,66.88636761415178,2937.675074292785,2937.675074292785,5875.35014858557,5.153815919811904,5.153815919811904,0,0.0,34.97232231300935,23.31488154200624,76,92,0.0,29.52636792246544,100.0,True,True,True,False,True,benchmark,,,,,
9bfde0de9fd1289b58e63b64,WP2033,north-west,5041-17010-2,5041-17010-2,1,Croaghonagh,1.0,theoretical,0.0,100.0,100.0,100.0,150.0,600.0,600.0,4.0,4.0,True,,-4159568.5526079065,1700.7939962620771,1959.7962765406687,1533.7592938318849,3.3295107048529045,1.89604743429022,1.89604743429022,189.604743429022,0.0,70.0,70.0,100.0,67.02534626494673,3027.675074292785,3027.6750742927848,6055.35014858557,5.046125123821309,5.046125123821309,0,0.0,36.04375088443791,24.02916725629194,77,91,0.0,29.728011038988942,100.0,True,True,True,False,True,benchmark,,,,,
27eb9c270d05bd843e656708,WP2033,north-west,5041-17010-2,5041-17010-2,1,Croaghonagh,1.0,theoretical,0.0,100.0,100.0,100.0,150.0,680.0,680.0,4.533333333333333,4.533333333333333,True,,-4175410.195867749,1617.507476575783,2043.082796226964,1540.3060865826992,3.4710067175685424,1.90414064008068,1.90414064008068,190.414064008068,0.0,70.0,70.0,100.0,67.38801843978554,3190.9615939790783,3190.9615939790783,6381.923187958157,4.692590579380997,4.692590579380997,0,0.0,37.98763802356046,25.32509201570697,80,88,0.0,29.252400102574388,100.0,True,True,True,False,True,benchmark,,,,,
f917b364f98ad3a0abe4cea0,WP2033,north-west,5041-17010-2,5041-17010-2,1,Croaghonagh,1.0,theoretical,0.0,100.0,100.0,100.0,150.0,750.0,750.0,5.0,5.0,True,,-4189270.195867749,1547.5074765757836,2113.0827962269627,1540.3060865826992,3.589930175138886,1.90414064008068,1.90414064008068,190.414064008068,0.0,70.0,70.0,100.0,67.71230195830708,3330.9615939790788,3330.9615939790788,6661.9231879581575,4.441282125305438,4.441282125305438,0,0.0,39.65430469022713,26.43620312681809,80,88,0.0,29.09118391903459,100.0,True,True,True,False,True,benchmark,,,,,
f7aff0d2d8daa2521ed554ce,WP2033,north-west,5041-17010-2,5041-17010-2,1,Croaghonagh,1.0,theoretical,0.0,100.0,100.0,100.0,150.0,850.0,850.0,5.666666666666667,5.666666666666667,True,,-4209070.195867747,1447.5074765757834,2213.082796226963,1561.349941609864,3.759820828810808,1.9301552484304327,1.9301552484304327,193.01552484304327,0.0,70.0,70.0,100.0,68.17556412762357,3530.9615939790783,3530.9615939790783,7061.923187958157,4.154072463504798,4.154072463504798,0,0.0,42.0352570711795,28.023504714119667,83,85,0.0,29.452396862197308,100.0,True,True,True,False,True,benchmark,,,,,
0984078311ee8d83a44a7818,WP2033,north-west,5041-17010-2,5041-17010-2,1,Croaghonagh,1.0,theoretical,0.0,100.0,100.0,100.0,150.0,900.0,900.0,6.0,6.0,True,,-4218970.195867747,1397.5074765757834,2263.082796226963,1611.349941609864,3.844766155646768,1.991965711190636,1.991965711190636,199.1965711190636,0.0,70.0,70.0,100.0,68.40719521228182,3630.9615939790783,3630.9615939790783,7261.923187958157,4.034401771087865,4.034401771087865,0,0.0,43.22573326165569,28.81715550777045,85,83,0.0,29.602312184637785,100.0,True,True,True,False,True,benchmark,,,,,
71b9c5d140205d46c088ee02,WP2033,north-west,5041-17010-2,5041-17010-2,1,Croaghonagh,1.0,theoretical,0.0,100.0,100.0,100.0,150.0,1130.0,1130.0,7.533333333333333,7.533333333333333,True,,-4256364.639813215,1167.5074765757834,2493.082796226963,1792.9678211844366,4.2355146590921855,2.21648341483126,2.21648341483126,221.648341483126,0.0,72.0,72.0,100.0,69.47269820170975,4076.4148470289647,4076.414847028964,8152.829694057929,3.6074467672822697,3.6074467672822697,0,0.0,48.52874817891624,32.35249878594416,94,74,0.0,30.29840980257205,100.0,True,True,True,False,True,benchmark,,,,,
d89517469eeb1d8f21f58900,WP2033,north-west,5041-17010-2,5041-17010-2,1,Croaghonagh,1.0,theoretical,0.0,100.0,100.0,100.0,150.0,1200.0,1200.0,8.0,8.0,True,,-4266094.639813215,1097.5074765757838,2563.0827962269623,1797.7995311779523,4.354438116662528,2.2224564194437053,2.2224564194437053,222.24564194437053,0.0,72.0,72.0,100.0,69.79698172023129,4216.414847028964,4216.414847028964,8432.829694057928,3.513679039190804,3.513679039190804,0,0.0,50.1954148455829,33.463609897055264,95,73,0.0,31.21100887562313,100.0,True,True,True,False,True,benchmark,,,,,
a5a83c189147cccad65c4843,WP2033,north-west,5041-17010-2,5041-17010-2,1,Croaghonagh,1.0,theoretical,0.0,100.0,100.0,100.0,150.0,1500.0,1500.0,10.0,10.0,True,,-4296247.430380182,797.5074765757836,2863.0827962269627,2017.533950806086,4.864110077678291,2.4940941426748973,2.4940941426748973,249.40941426748967,0.0,73.0,73.0,100.0,70.50963084951015,4524.080431002865,4524.080431002864,9048.16086200573,3.016053620668577,3.016053620668577,0,0.0,53.85810036908172,35.905400246054484,100,68,0.0,34.02308612909629,100.0,True,True,True,False,True,benchmark,,,,,
d93db0af744ee5fc8199e8c1,WP2033,north-west,5041-17010-2,5041-17010-2,1,Croaghonagh,1.0,theoretical,0.0,100.0,100.0,100.0,150.0,1800.0,1800.0,12.0,12.0,True,,-4326025.971270487,640.4256959695348,3020.1645768332114,2060.4879773916546,5.130977341549739,2.547194307888258,2.547194307888258,254.71943078882583,0.0,73.0,73.0,100.0,71.20452410348489,4681.162211609113,4681.162211609113,9362.324423218226,2.600645673116174,2.600645673116174,0,0.0,55.728121566775165,37.15208104451678,104,64,0.0,37.60122322489819,100.0,True,True,True,False,True,benchmark,,,,,
323ffb320f34378008e733d0,WP2033,north-west,5041-17010-2,5041-17010-2,1,Croaghonagh,1.0,theoretical,0.0,100.0,100.0,100.0,150.0,2400.0,2400.0,16.0,16.0,True,,-4385225.524210103,640.4256959695349,3020.1645768332114,2060.4879773916546,5.130977341549739,2.547194307888258,2.547194307888258,254.71943078882583,0.0,75.0,75.0,100.0,72.59431061143437,5082.05633237807,5082.056332378069,10164.11266475614,2.1175234718241955,2.1175234718241955,0,0.0,60.50067062354844,40.33378041569896,107,61,0.0,41.8381766186818,100.0,True,True,True,False,True,benchmark,,,,,
24eaf0bb923a75e9f6d6d41c,WP2033,north-west,5041-17010-2,5041-17010-2,1,Croaghonagh,1.0,theoretical,0.0,100.0,100.0,100.0,150.0,3000.0,3000.0,20.0,20.0,True,,-4437209.374363216,640.4256959695348,3020.1645768332114,2060.4879773916546,5.130977341549739,2.547194307888258,2.547194307888258,254.71943078882583,0.0,75.0,75.0,100.0,73.73580513041207,5560.412745251727,5560.412745251728,11120.825490503456,1.8534709150839093,1.8534709150839093,0,0.0,66.19538982442532,44.13025988295021,111,57,0.0,43.42928676812885,100.0,True,True,True,False,True,benchmark,,,,,
d742577ca6df3ba546ebd03e,WP2033,north-west,5041-17010-2,5041-17010-2,1,Croaghonagh,1.0,theoretical,0.0,100.0,100.0,100.0,150.0,3600.0,3600.0,24.0,24.0,True,,-4461067.920412264,640.4256959695348,3020.1645768332114,2060.4879773916546,5.130977341549739,2.547194307888258,2.547194307888258,254.71943078882583,0.0,76.0,76.0,100.0,75.12559163836154,5843.320647156597,5843.320647156596,11686.641294313196,1.623144624210166,1.623144624210166,0,0.0,69.56334103757852,46.375560691719016,113,55,0.0,43.65654089331154,100.0,True,True,True,False,True,benchmark,,,,,
73b47c7e2bbea0245272074d,WP2033,north-west,5041-17010-2,5041-17010-2,1,Croaghonagh,1.0,theoretical,0.0,100.0,100.0,100.0,190.0,95.0,95.0,0.5,0.5,True,,-3998314.7260588207,3230.014661626268,430.5756111764781,813.7394184182194,0.7315077203795861,1.0059522003729724,0.7315077203795861,73.15077203795862,0.0,59.0,59.0,100.0,63.53439803897915,819.864948883855,819.8649488838549,1639.72989776771,8.630157356672159,8.630157356672159,0,0.0,9.760297010522084,5.136998426590571,47,121,0.0,28.95493011683647,100.0,True,True,False,False,False,benchmark,,,,,
642a075829f6f5bfd4e7adb1,WP2033,north-west,5041-17010-2,5041-17010-2,1,Croaghonagh,1.0,theoretical,0.0,100.0,100.0,100.0,190.0,190.0,190.0,1.0,1.0,True,,-4040490.975374345,2927.5956254522885,732.9946473504579,889.9408919519337,1.2452893977638824,1.1001531672155374,1.1001531672155374,110.01531672155372,0.0,63.0,63.0,100.0,64.256942763918,1308.986111391431,1308.986111391431,2617.972222782862,6.889400586270689,6.889400586270689,0,0.0,15.583167992755133,8.201667364607964,55,113,0.0,26.805366870059856,100.0,True,True,True,False,True,benchmark,,,,,
3d7dd052658a32f3e1757d3a,WP2033,north-west,5041-17010-2,5041-17010-2,1,Croaghonagh,1.0,theoretical,0.0,100.0,100.0,100.0,190.0,230.0,230.0,1.2105263157894737,1.2105263157894737,True,,-4057110.975374346,2807.5956254522885,852.9946473504579,948.3558713336024,1.449158182170187,1.1723663053697104,1.1723663053697104,117.23663053697103,0.0,64.0,64.0,100.0,64.52628536664761,1508.986111391431,1508.986111391431,3017.972222782862,6.560809179962743,6.560809179962743,0,0.0,17.964120373707512,9.454800196688163,56,112,0.0,26.764166914293963,100.0,True,True,True,False,True,benchmark,,,,,
37a532d9778576668bb3f817,WP2033,north-west,5041-17010-2,5041-17010-2,1,Croaghonagh,1.0,theoretical,0.0,100.0,100.0,100.0,190.0,285.0,285.0,1.5,1.5,True,,-4076886.865697929,2642.595625452288,1017.9946473504584,1096.6095861360957,1.729477760728857,1.3556389197269356,1.3556389197269356,135.56389197269357,0.0,64.0,64.0,100.0,64.90847665633372,1755.334957219727,1755.334957219727,3510.6699144394534,6.159070025332374,6.159070025332374,0,0.0,20.89684472880627,10.998339330950667,57,111,0.0,27.733590142129497,100.0,True,True,True,False,True,benchmark,,,,,
0e89b94bb90496c24be6aaeb,WP2033,north-west,5041-17010-2,5041-17010-2,1,Croaghonagh,1.0,theoretical,0.0,100.0,100.0,100.0,190.0,340.0,340.0,1.7894736842105263,1.7894736842105263,True,,-4096494.3656979296,2477.5956254522885,1182.994647350458,1168.3558713336024,2.009797339287525,1.4443323415146037,1.4443323415146037,144.43323415146037,0.0,65.0,65.0,100.0,65.29066794601984,2030.334957219727,2030.334957219727,4060.669914439454,5.971573403587432,5.971573403587432,0,0.0,24.1706542526158,12.721396975060944,61,107,0.0,28.976146149793315,100.0,True,True,True,False,True,benchmark,,,,,
a385597fee3e9347786a239d,WP2033,north-west,5041-17010-2,5041-17010-2,1,Croaghonagh,1.0,theoretical,0.0,100.0,100.0,100.0,190.0,380.0,380.0,2.0,2.0,True,,-4109962.9080040106,2357.5956254522885,1302.994647350458,1248.3558713336024,2.21366612369383,1.543229081930929,1.543229081930929,154.32290819309287,0.0,66.0,66.0,100.0,65.56862524760972,2222.894239490077,2222.8942394900764,4445.788478980154,5.849721682868624,5.849721682868624,0,0.0,26.46302666059616,13.927908768734817,64,104,0.0,29.835315979698983,100.0,True,True,True,False,True,benchmark,,,,,
bd1a35422aa877ac7d4d0a9b,WP2033,north-west,5041-17010-2,5041-17010-2,1,Croaghonagh,1.0,theoretical,0.0,100.0,100.0,100.0,190.0,460.0,460.0,2.421052631578948,2.421052631578948,True,,-4129082.9080040096,2117.595625452288,1542.9946473504583,1345.0405375365517,2.621403692506441,1.6627515611273298,1.6627515611273298,166.275156112733,0.0,67.0,67.0,100.0,66.12453985078952,2542.8942394900764,2542.894239490076,5085.788478980152,5.528030955413208,5.528030955413208,0,0.0,30.272550470119963,15.93292130006314,69,99,0.0,31.45924153994466,100.0,True,True,True,False,True,benchmark,,,,,
a07113008f1028d65073663c,WP2033,north-west,5041-17010-2,5041-17010-2,1,Croaghonagh,1.0,theoretical,0.0,100.0,100.0,100.0,190.0,570.0,570.0,3.0,3.0,True,,-4153586.7509787166,1787.595625452288,1872.9946473504583,1495.8163656574834,3.1820428496237785,1.849142035311482,1.849142035311482,184.9142035311482,0.0,68.0,68.0,100.0,66.78418078734182,2937.675074292785,2937.6750742927848,5875.35014858557,5.153815919811904,5.153815919811904,0,0.0,34.97232231300935,18.406485427899657,73,95,0.0,33.058230988395735,100.0,True,True,True,False,True,benchmark,,,,,
661095358598a57a92d484f4,WP2033,north-west,5041-17010-2,5041-17010-2,1,Croaghonagh,1.0,theoretical,0.0,100.0,100.0,100.0,190.0,680.0,680.0,3.5789473684210527,3.5789473684210527,True,,-4175418.219773417,1601.4596652435123,2059.130607559234,1625.3477353740673,3.498270449140973,2.009269913394382,2.009269913394382,200.92699133943825,0.0,70.0,70.0,100.0,67.29376917358996,3207.00940531135,3207.0094053113494,6414.0188106227,4.716190301928456,4.716190301928456,0,0.0,38.17868339656369,20.09404389292826,78,90,0.0,32.7966449689561,100.0,True,True,True,False,True,benchmark,,,,,
af1a951295e50b953c58f6a2,WP2033,north-west,5041-17010-2,5041-17010-2,1,Croaghonagh,1.0,theoretical,0.0,100.0,100.0,100.0,190.0,760.0,760.0,4.0,4.0,True,,-4191258.219773416,1521.459665243512,2139.1306075592342,1658.352095110029,3.634182972078511,2.050070208362062,2.050070208362062,205.0070208362062,0.0,71.0,71.0,100.0,67.66437890904317,3367.00940531135,3367.00940531135,6734.0188106227,4.430275533304408,4.430275533304408,0,0.0,40.0834453013256,21.09655015859241,80,88,0.0,32.99044020911875,100.0,True,True,True,False,True,benchmark,,,,,
d78516b29df335b35fa3af5b,WP2033,north-west,5041-17010-2,5041-17010-2,1,Croaghonagh,1.0,theoretical,0.0,100.0,100.0,100.0,190.0,850.0,850.0,4.473684210526316,4.473684210526316,True,,-4209078.219773416,1431.459665243512,2229.1306075592342,1658.352095110029,3.787084560383239,2.050070208362062,2.050070208362062,205.0070208362062,0.0,72.0,72.0,100.0,68.081314861428,3547.00940531135,3547.00940531135,7094.0188106227,4.172952241542765,4.172952241542765,0,0.0,42.226302444182735,22.2243697074646,83,85,0.0,32.84169739491048,100.0,True,True,True,False,True,benchmark,,,,,
30042c5dad8219e921678492,WP2033,north-west,5041-17010-2,5041-17010-2,1,Croaghonagh,1.0,theoretical,0.0,100.0,100.0,100.0,190.0,950.0,950.0,5.0,5.0,True,,-4228878.219773416,1331.459665243512,2329.1306075592342,1658.352095110029,3.95697521405516,2.050070208362062,2.050070208362062,205.0070208362062,0.0,72.0,72.0,100.0,68.54457703074449,3747.00940531135,3747.00940531135,7494.0188106227,3.9442204266435263,3.9442204266435263,0,0.0,44.60725482513512,23.4775025395448,84,84,0.0,32.29915680242921,100.0,True,True,True,False,True,benchmark,,,,,
c918e41e046dc79f42db02c3,WP2033,north-west,5041-17010-2,5041-17010-2,1,Croaghonagh,1.0,theoretical,0.0,100.0,100.0,100.0,190.0,1130.0,1130.0,5.947368421052632,5.947368421052632,True,,-4262737.19001196,1151.4596652435118,2509.1306075592347,1767.9554885789548,4.262778390664618,2.1855629377701207,2.1855629377701207,218.5562937770121,0.0,72.0,72.0,100.0,69.37051137489979,4092.462658361236,4092.4626583612353,8184.925316722471,3.6216483702311817,3.6216483702311817,0,0.0,48.719793551919466,25.6419966062734,88,80,0.0,31.530330417203903,100.0,True,True,True,False,True,benchmark,,,,,
b7a371f8e984be9cc14d20d3,WP2033,north-west,5041-17010-2,5041-17010-2,1,Croaghonagh,1.0,theoretical,0.0,100.0,100.0,100.0,190.0,1140.0,1140.0,6.0,6.0,True,,-4264127.19001196,1141.459665243512,2519.1306075592342,1767.9554885789548,4.279767456031809,2.1855629377701207,2.1855629377701207,218.5562937770121,0.0,72.0,72.0,100.0,69.41683759183144,4112.462658361235,4112.462658361235,8224.92531672247,3.6074233845274,3.6074233845274,0,0.0,48.95788879001471,25.767309889481425,88,80,0.0,31.46260404345232,100.0,True,True,True,False,True,benchmark,,,,,
1b2879e9422122654423e970,WP2033,north-west,5041-17010-2,5041-17010-2,1,Croaghonagh,1.0,theoretical,0.0,100.0,100.0,100.0,190.0,1520.0,1520.0,8.0,8.0,True,,-4309208.5067238575,761.4596652435129,2899.1306075592333,1936.6991641333443,4.925351939985106,2.394165431247608,2.394165431247608,239.4165431247608,0.0,73.0,73.0,100.0,70.6460320975149,4676.546625751024,4676.546625751024,9353.093251502049,3.076675411678305,3.076675411678305,0,0.0,55.67317411608362,29.30167058741243,98,70,0.0,32.60779677121553,100.0,True,True,True,False,True,benchmark,,,,,
dfee358d3c484bf654d0c53c,WP2033,north-west,5041-17010-2,5041-17010-2,1,Croaghonagh,1.0,theoretical,0.0,100.0,100.0,100.0,190.0,1900.0,1900.0,10.0,10.0,True,,-4347018.506723858,381.4596652435125,3279.130607559234,2149.4340266318686,5.570936423938405,2.657150237172847,2.657150237172847,265.7150237172847,0.0,73.0,73.0,100.0,71.52623021921623,5056.546625751025,5056.546625751024,10113.09325150205,2.6613403293426448,2.6613403293426448,0,0.0,60.19698363989316,31.68262296836481,102,66,0.0,37.81879383856219,100.0,True,True,True,False,True,benchmark,,,,,
de386cbc82e27db68b892221,WP2033,north-west,5041-17010-2,5041-17010-2,1,Croaghonagh,1.0,theoretical,0.0,100.0,100.0,100.0,190.0,2280.0,2280.0,12.0,12.0,True,,-4384697.94313222,262.5868485213808,3398.0034242813654,2246.1146299439934,5.772890229305859,2.776667693786008,2.776667693786008,277.6667693786008,0.0,73.0,73.0,100.0,72.40642834091756,5175.419442473156,5175.419442473157,10350.838884946312,2.269920808102261,2.269920808102261,0,0.0,61.61213621991853,32.42744011574659,104,64,0.0,39.9467778358983,100.0,True,True,True,False,True,benchmark,,,,,
ac997e0161bedb7b029d20b3,WP2033,north-west,5041-17010-2,5041-17010-2,1,Croaghonagh,1.0,theoretical,0.0,100.0,100.0,100.0,190.0,3040.0,3040.0,16.0,16.0,True,,-4459606.415495562,262.5868485213808,3398.0034242813654,2246.1146299439934,5.772890229305859,2.776667693786008,2.776667693786008,277.6667693786008,0.0,73.0,73.0,100.0,74.16682458432022,5838.474715793956,5838.474715793957,11676.949431587913,1.9205508933532751,1.9205508933532751,0,0.0,69.50565137849951,36.58192177815764,111,57,0.0,42.11613390207504,100.0,True,True,True,False,True,benchmark,,,,,
762a89306bc399a9c86b5114,WP2033,north-west,5041-17010-2,5041-17010-2,1,Croaghonagh,1.0,theoretical,0.0,100.0,100.0,100.0,190.0,3800.0,3800.0,20.0,20.0,True,,-4510158.338771143,262.58684852138066,3398.003424281366,2246.1146299439934,5.772890229305859,2.776667693786008,2.776667693786008,277.6667693786008,0.0,73.0,73.0,100.0,75.78111566556109,6182.952036744022,6182.952036744024,12365.904073488044,1.627092641248427,1.627092641248427,0,0.0,73.60657186600027,38.7403009821054,111,57,0.0,44.01047932086462,100.0,True,True,True,False,True,benchmark,,,,,
671db07b1e74e17ac3808e95,WP2033,north-west,5041-17010-2,5041-17010-2,1,Croaghonagh,1.0,theoretical,0.0,100.0,100.0,100.0,190.0,4560.0,4560.0,24.0,24.0,True,,-4540189.945274229,262.58684852138066,3398.003424281366,2246.1146299439934,5.772890229305859,2.776667693786008,2.776667693786008,277.6667693786008,0.0,76.0,76.0,100.0,77.54151190896376,6919.739030572484,6919.739030572486,13839.47806114497,1.51748662951151,1.51748662951151,0,0.0,82.37784560205338,43.356760843186,117,51,0.0,43.11953860401509,100.0,True,True,True,False,True,benchmark,,,,,
0a2be3dc8237cfa0f915a275,WP2033,north-west,5041-17010-2,5041-17010-2,1,Croaghonagh,1.0,theoretical,0.0,100.0,100.0,100.0,240.0,120.0,120.0,0.5,0.5,True,,-4010627.40754018,3137.5956254522885,522.9946473504579,856.1584545922015,0.8885190250528491,1.0583910054880847,0.8885190250528491,88.85190250528491,0.0,59.0,59.0,100.0,63.81910693502455,962.5244591465804,962.5244591465804,1925.048918293161,8.021037159554838,8.021037159554838,0,0.0,11.45862451364977,4.774426880687404,47,121,0.0,28.263278923624647,100.0,True,True,False,False,False,benchmark,,,,,
f43b32b9f2b741aa92a62c73,WP2033,north-west,5041-17010-2,5041-17010-2,1,Croaghonagh,1.0,theoretical,0.0,100.0,100.0,100.0,240.0,230.0,230.0,0.9583333333333334,0.9583333333333334,True,,-4057110.975374346,2807.5956254522885,852.9946473504579,1002.0276608997592,1.449158182170187,1.238715868374758,1.238715868374758,123.87158683747582,0.0,64.0,64.0,100.0,64.52628536664761,1508.986111391431,1508.986111391431,3017.972222782862,6.560809179962743,6.560809179962743,0,0.0,17.964120373707512,7.485050155711463,56,112,0.0,26.764166914293963,100.0,True,True,True,False,True,benchmark,,,,,
35e4fd6a3736d9633ec67a51,WP2033,north-west,5041-17010-2,5041-17010-2,1,Croaghonagh,1.0,theoretical,0.0,100.0,100.0,100.0,240.0,240.0,240.0,1.0,1.0,True,,-4060833.734487399,2777.5956254522885,882.9946473504579,1022.0276608997592,1.5001253782717634,1.2634400534788397,1.2634400534788397,126.34400534788396,0.0,64.0,64.0,100.0,64.5957746920451,1551.5973782812252,1551.5973782812252,3103.1947565624505,6.464989076171772,6.464989076171772,0,0.0,18.471397360490773,7.696415566871155,56,112,0.0,26.90202537069141,100.0,True,True,True,False,True,benchmark,,,,,
6a452bba4927e46892054848,WP2033,north-west,5041-17010-2,5041-17010-2,1,Croaghonagh,1.0,theoretical,0.0,100.0,100.0,100.0,240.0,340.0,340.0,1.4166666666666667,1.4166666666666667,True,,-4096494.3656979296,2477.5956254522885,1182.994647350458,1168.3558713336024,2.009797339287525,1.4443323415146037,1.4443323415146037,144.43323415146037,0.0,65.0,65.0,100.0,65.29066794601984,2030.334957219727,2030.334957219727,4060.669914439454,5.971573403587432,5.971573403587432,0,0.0,24.1706542526158,10.071105938589914,61,107,0.0,28.976146149793315,100.0,True,True,True,False,True,benchmark,,,,,
f9e2530bd4efa6fbc53f0378,WP2033,north-west,5041-17010-2,5041-17010-2,1,Croaghonagh,1.0,theoretical,0.0,100.0,100.0,100.0,240.0,360.0,360.0,1.5,1.5,True,,-4103624.3656979306,2417.5956254522885,1242.994647350458,1208.3558713336024,2.1117317314906776,1.4937807117227662,1.4937807117227662,149.3780711722766,0.0,65.0,65.0,100.0,65.42964659681478,2130.3349572197267,2130.3349572197267,4260.669914439453,5.91759710338813,5.91759710338813,0,0.0,25.361130443091984,10.56713768462166,64,104,0.0,29.472888217146544,100.0,True,True,True,False,True,benchmark,,,,,
f9160161b238bebbb00e0e49,WP2033,north-west,5041-17010-2,5041-17010-2,1,Croaghonagh,1.0,theoretical,0.0,100.0,100.0,100.0,240.0,460.0,460.0,1.9166666666666667,1.9166666666666667,True,,-4129082.9080040096,2117.5956254522885,1542.994647350458,1361.4251960903202,2.62140369250644,1.6830064276748569,1.6830064276748569,168.3006427674857,0.0,67.0,67.0,100.0,66.12453985078952,2542.8942394900764,2542.894239490076,5085.788478980152,5.528030955413208,5.528030955413208,0,0.0,30.27255047011996,12.613562695883314,68,100,0.0,31.434487214991165,100.0,True,True,True,False,True,benchmark,,,,,
f133ee0cb706b698fd30b670,WP2033,north-west,5041-17010-2,5041-17010-2,1,Croaghonagh,1.0,theoretical,0.0,100.0,100.0,100.0,240.0,480.0,480.0,2.0,2.0,True,,-4133862.9080040096,2057.595625452288,1602.9946473504583,1381.4251960903202,2.7233380847095927,1.707730612778938,1.707730612778938,170.7730612778938,0.0,67.0,67.0,100.0,66.26351850158446,2622.8942394900764,2622.894239490076,5245.788478980152,5.464362998937658,5.464362998937658,0,0.0,31.22493142250091,13.010388092708713,69,99,0.0,31.87151784262204,100.0,True,True,True,False,True,benchmark,,,,,
ecc96faa3b0bcb82198fa69a,WP2033,north-west,5041-17010-2,5041-17010-2,1,Croaghonagh,1.0,theoretical,0.0,100.0,100.0,100.0,240.0,570.0,570.0,2.375,2.375,True,,-4153586.7509787166,1787.595625452288,1872.9946473504583,1543.224033681101,3.1820428496237785,1.90774783328992,1.90774783328992,190.774783328992,0.0,68.0,68.0,100.0,66.78418078734182,2937.675074292785,2937.6750742927848,5875.35014858557,5.153815919811904,5.153815919811904,0,0.0,34.97232231300935,14.571800963753896,73,95,0.0,33.05619082548561,100.0,True,True,True,False,True,benchmark,,,,,
eb2552a0063d942ccd7c642d,WP2033,north-west,5041-17010-2,5041-17010-2,1,Croaghonagh,1.0,theoretical,0.0,100.0,100.0,100.0,240.0,680.0,680.0,2.833333333333333,2.833333333333333,True,,-4175418.219773416,1601.4596652435123,2059.130607559234,1625.4654435242992,3.498270449140973,2.009415425299112,2.009415425299112,200.9415425299112,0.0,70.0,70.0,100.0,67.29376917358995,3207.00940531135,3207.0094053113494,6414.0188106227,4.716190301928456,4.716190301928456,0,0.0,38.17868339656368,15.9077847485682,76,92,0.0,32.71684347362121,100.0,True,True,True,False,True,benchmark,,,,,
9c1f165f91584a3d46c96cbb,WP2033,north-west,5041-17010-2,5041-17010-2,1,Croaghonagh,1.0,theoretical,0.0,100.0,100.0,100.0,240.0,720.0,720.0,3.0,3.0,True,,-4183338.219773416,1561.4596652435123,2099.130607559234,1665.4654435242992,3.5662267106097416,2.058863795507274,2.058863795507274,205.88637955072736,0.0,71.0,71.0,100.0,67.47907404131655,3287.00940531135,3287.00940531135,6574.0188106227,4.565290840710208,4.565290840710208,0,0.0,39.13106434894463,16.304610145393596,77,91,0.0,32.78620421921331,100.0,True,True,True,False,True,benchmark,,,,,
eb644a0dcc3de02be0823921,WP2033,north-west,5041-17010-2,5041-17010-2,1,Croaghonagh,1.0,theoretical,0.0,100.0,100.0,100.0,240.0,850.0,850.0,3.5416666666666665,3.5416666666666665,True,,-4209078.219773417,1431.4596652435123,2229.130607559234,1746.340506733119,3.787084560383239,2.15884229716123,2.15884229716123,215.88422971612303,0.0,72.0,72.0,100.0,68.081314861428,3547.00940531135,3547.00940531135,7094.0188106227,4.172952241542765,4.172952241542765,0,0.0,42.226302444182735,17.59429268507614,81,87,0.0,32.70211802355851,100.0,True,True,True,False,True,benchmark,,,,,
a88ab9e4928b36aaf050993b,WP2033,north-west,5041-17010-2,5041-17010-2,1,Croaghonagh,1.0,theoretical,0.0,100.0,100.0,100.0,240.0,960.0,960.0,4.0,4.0,True,,-4230858.219773417,1321.4596652435123,2339.130607559234,1746.340506733119,3.973964279422351,2.15884229716123,2.15884229716123,215.88422971612303,0.0,72.0,72.0,100.0,68.59090324767614,3767.009405311349,3767.00940531135,7534.0188106227,3.923968130532656,3.923968130532656,0,0.0,44.84535006323036,18.68556252634598,82,86,0.0,32.05246121259556,100.0,True,True,True,False,True,benchmark,,,,,
4615653b6e4746fc09ea72e7,WP2033,north-west,5041-17010-2,5041-17010-2,1,Croaghonagh,1.0,theoretical,0.0,100.0,100.0,100.0,240.0,1130.0,1130.0,4.708333333333333,4.708333333333333,True,,-4264518.219773417,1151.4596652435123,2509.130607559234,1793.125995653856,4.262778390664616,2.2166789515742926,2.2166789515742926,221.66789515742929,0.0,72.0,72.0,100.0,69.37051137489979,4107.00940531135,4107.00940531135,8214.0188106227,3.634521597620664,3.634521597620664,0,0.0,48.8929691108494,20.37207046285392,86,82,0.0,31.329421271566325,100.0,True,True,True,False,True,benchmark,,,,,
980f03e753cb13dcb92387b0,WP2033,north-west,5041-17010-2,5041-17010-2,1,Croaghonagh,1.0,theoretical,0.0,100.0,100.0,100.0,240.0,1200.0,1200.0,5.0,5.0,True,,-4274416.295918918,1081.4596652435123,2579.130607559234,1855.9439002020445,4.381701848234961,2.2943350265692883,2.2943350265692883,229.4335026569288,0.0,72.0,72.0,100.0,69.69479489342133,4232.462658361235,4232.462658361235,8464.92531672247,3.5270522153010293,3.5270522153010293,0,0.0,50.38646021858614,20.99435842441089,87,81,0.0,30.731336402058453,100.0,True,True,True,False,True,benchmark,,,,,
87ded0eb67c63391b0b83b08,WP2033,north-west,5041-17010-2,5041-17010-2,1,Croaghonagh,1.0,theoretical,0.0,100.0,100.0,100.0,240.0,1440.0,1440.0,6.0,6.0,True,,-4303197.612630815,841.4596652435126,2819.130607559234,2024.5877605272544,4.7894394170475705,2.502814127536654,2.502814127536654,250.2814127536654,0.0,73.0,73.0,100.0,70.4607272297883,4596.546625751024,4596.546625751024,9193.093251502049,3.192046267882656,3.192046267882656,0,0.0,54.72079316370268,22.80033048487612,95,73,0.0,30.340802893873736,100.0,True,True,True,False,True,benchmark,,,,,
76b969291bf00dfa3891a243,WP2033,north-west,5041-17010-2,5041-17010-2,1,Croaghonagh,1.0,theoretical,0.0,100.0,100.0,100.0,240.0,1920.0,1920.0,8.0,8.0,True,,-4350957.612630816,361.45966524351263,3299.130607559234,2129.875472317224,5.604914554672789,2.632971771310672,2.632971771310672,263.2971771310672,0.0,73.0,73.0,100.0,71.57255643614788,5076.546625751025,5076.546625751024,10153.09325150205,2.6440347009119924,2.6440347009119924,0,0.0,60.4350788779884,25.1812828658285,101,67,0.0,36.83295328619332,100.0,True,True,True,False,True,benchmark,,,,,
1c971eb967c7c1f0a2aa9d16,WP2033,north-west,5041-17010-2,5041-17010-2,1,Croaghonagh,1.0,theoretical,0.0,100.0,100.0,100.0,240.0,2400.0,2400.0,10.0,10.0,True,,-4398657.292232896,2.100461081530113,3658.489811721216,2467.0424630692,6.215432255653793,3.049780725827566,3.049780725827566,304.9780725827566,0.0,73.0,73.0,100.0,72.68438564250745,5435.905829913007,5435.905829913007,10871.811659826011,2.264960762463753,2.264960762463753,0,0.0,64.7131646418215,26.96381860075896,106,62,0.0,40.27738998345517,100.0,True,True,True,False,True,benchmark,,,,,
a51beb5e93fe84276f786764,WP2033,north-west,5041-17010-2,5041-17010-2,1,Croaghonagh,1.0,theoretical,0.0,100.0,100.0,100.0,240.0,2880.0,2880.0,12.0,12.0,True,,-4446056.00778996,2.100461081530085,3658.489811721216,2467.0424630692,6.215432255653793,3.049780725827566,3.049780725827566,304.9780725827566,0.0,73.0,73.0,100.0,73.79621484886704,5678.474715793958,5678.474715793957,11356.949431587916,1.97169260965068,1.97169260965068,0,0.0,67.6008894737376,28.167037280724,109,59,0.0,41.78758342682113,100.0,True,True,True,False,True,benchmark,,,,,
4929c55d9c3d07e4b3edef9f,WP2033,north-west,5041-17010-2,5041-17010-2,1,Croaghonagh,1.0,theoretical,0.0,100.0,100.0,100.0,240.0,3840.0,3840.0,16.0,16.0,True,,-4540616.007789962,2.100461081530113,3658.489811721216,2467.0424630692,6.215432255653793,3.049780725827566,3.049780725827566,304.9780725827566,0.0,74.0,74.0,100.0,75.87376809942438,6638.474715793957,6638.474715793958,13276.949431587916,1.72876945723801,1.72876945723801,0,0.0,79.02946090230903,32.92894204262876,115,53,0.0,44.78224880646341,100.0,True,True,True,False,True,benchmark,,,,,
bdc47d2b563161fb4946ebf3,WP2033,north-west,5041-17010-2,5041-17010-2,1,Croaghonagh,1.0,theoretical,0.0,100.0,100.0,100.0,240.0,4800.0,4800.0,20.0,20.0,True,,-4581783.571966829,2.100461081530085,3658.489811721216,2467.0424630692,6.215432255653793,3.049780725827566,3.049780725827566,304.9780725827566,0.0,77.0,77.0,100.0,78.09742651214354,7159.739030572484,7159.739030572486,14319.47806114497,1.4916122980359343,1.4916122980359343,0,0.0,85.23498845919623,35.5145785246651,117,51,0.0,44.29574747858612,100.0,True,True,True,False,True,benchmark,,,,,
11af4e8b7a2362aabd66b0c3,WP2033,north-west,5041-17010-2,5041-17010-2,1,Croaghonagh,1.0,theoretical,0.0,100.0,100.0,100.0,240.0,5760.0,5760.0,24.0,24.0,True,,-4619703.571966829,2.100461081530085,3658.489811721216,2467.0424630692,6.215432255653793,3.049780725827566,3.049780725827566,304.9780725827566,0.0,78.0,78.0,100.0,80.32108492486269,8119.739030572483,8119.739030572484,16239.478061144968,1.409676915029945,1.409676915029945,0,0.0,96.66355988776766,40.27648328656986,128,40,0.0,46.44093602648999,100.0,True,True,True,False,True,benchmark,,,,,
a3d26674563b196028468da6,WP2033,north-west,5041-17010-2,5041-17010-2,1,Croaghonagh,1.0,theoretical,0.0,100.0,100.0,100.0,250.0,125.0,125.0,0.5,0.5,True,,-4012904.90754018,3122.5956254522885,537.9946473504579,861.1584545922015,0.9140026231036372,1.064572051764105,0.9140026231036372,91.40026231036371,0.0,60.0,60.0,100.0,63.8654331519562,987.5244591465804,987.5244591465804,1975.048918293161,7.900195673172644,7.900195673172644,0,0.0,11.756243561268818,4.702497424507527,48,120,0.0,28.023278425435883,100.0,True,True,False,False,False,benchmark,,,,,
b907b94fe077939995c2bdbf,WP2033,north-west,5041-17010-2,5041-17010-2,1,Croaghonagh,1.0,theoretical,0.0,100.0,100.0,100.0,250.0,230.0,230.0,0.92,0.92,True,,-4057110.975374346,2807.5956254522885,852.9946473504579,1002.0276608997592,1.449158182170187,1.238715868374758,1.238715868374758,123.87158683747582,0.0,64.0,64.0,100.0,64.52628536664761,1508.986111391431,1508.986111391431,3017.972222782862,6.560809179962743,6.560809179962743,0,0.0,17.964120373707512,7.185648149483005,56,112,0.0,26.764166914293963,100.0,True,True,True,False,True,benchmark,,,,,
dac9ca2ad518b3bc4cbfcbb9,WP2033,north-west,5041-17010-2,5041-17010-2,1,Croaghonagh,1.0,theoretical,0.0,100.0,100.0,100.0,250.0,250.0,250.0,1.0,1.0,True,,-4064403.734487399,2747.595625452288,912.9946473504584,988.3558713336024,1.5510925743733404,1.221814675577873,1.221814675577873,122.1814675577873,0.0,64.0,64.0,100.0,64.66526401744257,1591.5973782812252,1591.5973782812252,3183.1947565624505,6.366389513124901,6.366389513124901,0,0.0,18.94758783668125,7.5790351346725,56,112,0.0,27.032089507830467,100.0,True,True,True,False,True,benchmark,,,,,
2057431dcd86dd8575c47986,WP2033,north-west,5041-17010-2,5041-17010-2,1,Croaghonagh,1.0,theoretical,0.0,100.0,100.0,100.0,250.0,340.0,340.0,1.36,1.36,True,,-4096494.3656979296,2477.5956254522885,1182.994647350458,1168.3558713336024,2.009797339287525,1.4443323415146037,1.4443323415146037,144.43323415146037,0.0,65.0,65.0,100.0,65.29066794601984,2030.334957219727,2030.334957219727,4060.669914439454,5.971573403587432,5.971573403587432,0,0.0,24.1706542526158,9.66826170104632,61,107,0.0,28.976146149793315,100.0,True,True,True,False,True,benchmark,,,,,
3780df773baed220db873a9c,WP2033,north-west,5041-17010-2,5041-17010-2,1,Croaghonagh,1.0,theoretical,0.0,100.0,100.0,100.0,250.0,375.0,375.0,1.5,1.5,True,,-4108767.908004011,2372.5956254522885,1287.994647350458,1238.3558713336024,2.188182525643042,1.530866989378888,1.530866989378888,153.0866989378888,0.0,66.0,66.0,100.0,65.533880584911,2202.894239490077,2202.8942394900764,4405.788478980154,5.874384638640205,5.874384638640205,0,0.0,26.22493142250091,10.489972569000363,65,103,0.0,29.764107017629108,100.0,True,True,True,False,True,benchmark,,,,,
aadce46173afeb535b56e6b5,WP2033,north-west,5041-17010-2,5041-17010-2,1,Croaghonagh,1.0,theoretical,0.0,100.0,100.0,100.0,250.0,460.0,460.0,1.84,1.84,True,,-4129082.9080040096,2117.5956254522885,1542.994647350458,1361.4251960903202,2.62140369250644,1.6830064276748569,1.6830064276748569,168.3006427674857,0.0,67.0,67.0,100.0,66.12453985078952,2542.8942394900764,2542.894239490076,5085.788478980152,5.528030955413208,5.528030955413208,0,0.0,30.27255047011996,12.109020188047982,68,100,0.0,31.434487214991165,100.0,True,True,True,False,True,benchmark,,,,,
d7c7311439331bd8379253ec,WP2033,north-west,5041-17010-2,5041-17010-2,1,Croaghonagh,1.0,theoretical,0.0,100.0,100.0,100.0,250.0,500.0,500.0,2.0,2.0,True,,-4138642.9080040096,1997.595625452288,1662.994647350458,1420.499313146713,2.825272476912745,1.756034397922977,1.756034397922977,175.6034397922977,0.0,67.0,67.0,100.0,66.4024971523794,2702.894239490077,2702.8942394900764,5405.788478980154,5.405788478980154,5.405788478980154,0,0.0,32.177312374881865,12.870924949952746,71,97,0.0,32.273481509449375,100.0,True,True,True,False,True,benchmark,,,,,
47e62f1bd0324363ca5a2e2d,WP2033,north-west,5041-17010-2,5041-17010-2,1,Croaghonagh,1.0,theoretical,0.0,100.0,100.0,100.0,250.0,570.0,570.0,2.28,2.28,True,,-4153586.7509787166,1787.595625452288,1872.9946473504583,1543.224033681101,3.1820428496237785,1.90774783328992,1.90774783328992,190.774783328992,0.0,68.0,68.0,100.0,66.78418078734182,2937.675074292785,2937.6750742927848,5875.35014858557,5.153815919811904,5.153815919811904,0,0.0,34.97232231300935,13.98892892520374,73,95,0.0,33.05619082548561,100.0,True,True,True,False,True,benchmark,,,,,
ef97b0d089677eaaefa89e01,WP2033,north-west,5041-17010-2,5041-17010-2,1,Croaghonagh,1.0,theoretical,0.0,100.0,100.0,100.0,250.0,680.0,680.0,2.72,2.72,True,,-4175418.219773416,1601.4596652435123,2059.130607559234,1625.4654435242992,3.498270449140973,2.009415425299112,2.009415425299112,200.9415425299112,0.0,70.0,70.0,100.0,67.29376917358995,3207.00940531135,3207.0094053113494,6414.0188106227,4.716190301928456,4.716190301928456,0,0.0,38.17868339656368,15.271473358625473,76,92,0.0,32.71684347362121,100.0,True,True,True,False,True,benchmark,,,,,
d5d7a0a612db546595e0222b,WP2033,north-west,5041-17010-2,5041-17010-2,1,Croaghonagh,1.0,theoretical,0.0,100.0,100.0,100.0,250.0,750.0,750.0,3.0,3.0,True,,-4189278.219773416,1531.4596652435123,2129.130607559234,1695.4654435242992,3.617193906711318,2.095950073163396,2.095950073163396,209.5950073163396,0.0,71.0,71.0,100.0,67.6180526921115,3347.00940531135,3347.00940531135,6694.0188106227,4.4626792070818,4.4626792070818,0,0.0,39.84535006323035,15.93814002529214,78,90,0.0,32.77881719081891,100.0,True,True,True,False,True,benchmark,,,,,
8a9da0b5acd55fe2cea25473,WP2033,north-west,5041-17010-2,5041-17010-2,1,Croaghonagh,1.0,theoretical,0.0,100.0,100.0,100.0,250.0,850.0,850.0,3.4,3.4,True,,-4209078.219773417,1431.4596652435123,2229.130607559234,1746.340506733119,3.787084560383239,2.15884229716123,2.15884229716123,215.88422971612303,0.0,72.0,72.0,100.0,68.081314861428,3547.00940531135,3547.00940531135,7094.0188106227,4.172952241542765,4.172952241542765,0,0.0,42.226302444182735,16.890520977673095,81,87,0.0,32.70211802355851,100.0,True,True,True,False,True,benchmark,,,,,
81304c68fc61979f91946627,WP2033,north-west,5041-17010-2,5041-17010-2,1,Croaghonagh,1.0,theoretical,0.0,100.0,100.0,100.0,250.0,1000.0,1000.0,4.0,4.0,True,,-4238778.219773416,1281.4596652435123,2379.130607559234,1746.340506733119,4.04192054089112,2.15884229716123,2.15884229716123,215.88422971612303,0.0,72.0,72.0,100.0,68.77620811540274,3847.00940531135,3847.00940531135,7694.0188106227,3.8470094053113497,3.8470094053113497,0,0.0,45.797731015611305,18.31909240624452,84,84,0.0,31.899262196255204,100.0,True,True,True,False,True,benchmark,,,,,
4f23761838b5075814c848f2,WP2033,north-west,5041-17010-2,5041-17010-2,1,Croaghonagh,1.0,theoretical,0.0,100.0,100.0,100.0,250.0,1130.0,1130.0,4.52,4.52,True,,-4264518.219773417,1151.4596652435123,2509.130607559234,1793.125995653856,4.262778390664616,2.2166789515742926,2.2166789515742926,221.66789515742929,0.0,72.0,72.0,100.0,69.37051137489979,4107.00940531135,4107.00940531135,8214.0188106227,3.634521597620664,3.634521597620664,0,0.0,48.8929691108494,19.55718764433976,86,82,0.0,31.329421271566325,100.0,True,True,True,False,True,benchmark,,,,,
8cbdd2be2f2f5f83a65928be,WP2033,north-west,5041-17010-2,5041-17010-2,1,Croaghonagh,1.0,theoretical,0.0,100.0,100.0,100.0,250.0,1250.0,1250.0,5.0,5.0,True,,-4281366.295918918,1031.4596652435123,2629.130607559234,1855.9439002020445,4.466647175070921,2.2943350265692883,2.2943350265692883,229.4335026569288,0.0,72.0,72.0,100.0,69.92642597807958,4332.462658361235,4332.462658361235,8664.92531672247,3.465970126688988,3.465970126688988,0,0.0,51.57693640906233,20.63077456362493,89,79,0.0,30.435967055547174,100.0,True,True,True,False,True,benchmark,,,,,
0b2613850753d899213a4a73,WP2033,north-west,5041-17010-2,5041-17010-2,1,Croaghonagh,1.0,theoretical,0.0,100.0,100.0,100.0,250.0,1500.0,1500.0,6.0,6.0,True,,-4309167.612630815,781.4596652435123,2879.130607559234,2054.4959982111177,4.891373809250722,2.5397869677682885,2.5397869677682885,253.97869677682883,0.0,73.0,73.0,100.0,70.59970588058326,4656.546625751025,4656.546625751024,9313.09325150205,3.1043644171673503,3.1043644171673503,0,0.0,55.4350788779884,22.17403155119536,96,72,0.0,31.02938002039456,100.0,True,True,True,False,True,benchmark,,,,,
f6b8b0b4d758509e8310cb0e,WP2033,north-west,5041-17010-2,5041-17010-2,1,Croaghonagh,1.0,theoretical,0.0,100.0,100.0,100.0,250.0,2000.0,2000.0,8.0,8.0,True,,-4358917.612630816,281.45966524351263,3379.130607559234,2209.875472317224,5.740827077610326,2.731868511726997,2.731868511726997,273.18685117269973,0.0,73.0,73.0,100.0,71.75786130387448,5156.546625751025,5156.546625751024,10313.09325150205,2.5782733128755124,2.5782733128755124,0,0.0,61.38745983036935,24.55498393214774,102,66,0.0,37.45063468013316,100.0,True,True,True,False,True,benchmark,,,,,
b0288c38ba458b53e535544e,WP2033,north-west,5041-17010-2,5041-17010-2,1,Croaghonagh,1.0,theoretical,0.0,100.0,100.0,100.0,250.0,2500.0,2500.0,10.0,10.0,True,,-4408558.342463438,0.0,3660.5902728027454,2469.1429241507285,6.219000742715329,3.052377335256748,3.052377335256748,305.2377335256748,0.0,73.0,73.0,100.0,72.9160167271657,5438.006290994537,5438.006290994536,10876.012581989076,2.175202516397815,2.175202516397815,0,0.0,64.73817013088735,25.895268052354943,106,62,0.0,40.61093084328051,100.0,True,True,True,False,True,benchmark,,,,,
eff46a3b6d9b8a40decfbaab,WP2033,north-west,5041-17010-2,5041-17010-2,1,Croaghonagh,1.0,theoretical,0.0,100.0,100.0,100.0,250.0,3000.0,3000.0,12.0,12.0,True,,-4457878.108251042,0.0,3660.5902728027454,2469.1429241507285,6.219000742715329,3.052377335256748,3.052377335256748,305.2377335256748,0.0,73.0,73.0,100.0,74.07417215045693,5798.474715793957,5798.474715793958,11596.949431587916,1.932824905264653,1.932824905264653,0,0.0,69.02946090230903,27.61178436092361,110,58,0.0,41.95922025451017,100.0,True,True,True,False,True,benchmark,,,,,
16175107ec2deebdb41178b9,WP2033,north-west,5041-17010-2,5041-17010-2,1,Croaghonagh,1.0,theoretical,0.0,100.0,100.0,100.0,250.0,4000.0,4000.0,16.0,16.0,True,,-4555660.897941939,0.0,3660.5902728027454,2469.1429241507285,6.219000742715329,3.052377335256748,3.052377335256748,305.2377335256748,0.0,74.0,74.0,100.0,76.24437783487757,6786.214710510102,6786.214710510103,13572.429421020206,1.6965536776275258,1.6965536776275258,0,0.0,80.7882703632155,32.3153081452862,116,52,0.0,45.73113929643149,100.0,True,True,True,False,True,benchmark,,,,,
07e082d55a723bda310533fe,WP2033,north-west,5041-17010-2,5041-17010-2,1,Croaghonagh,1.0,theoretical,0.0,100.0,100.0,100.0,250.0,5000.0,5000.0,20.0,20.0,True,,-4595374.135781908,0.0,3660.5902728027454,2469.1429241507285,6.219000742715329,3.052377335256748,3.052377335256748,305.2377335256748,0.0,78.0,78.0,100.0,78.56068868146002,7359.739030572482,7359.739030572486,14719.478061144968,1.4719478061144968,1.4719478061144968,0,0.0,87.61594084014862,35.04637633605945,118,50,0.0,44.641920654974605,100.0,True,True,True,False,True,benchmark,,,,,
d30e531adb87dd8cc42e0544,WP2033,north-west,5041-17010-2,5041-17010-2,1,Croaghonagh,1.0,theoretical,0.0,100.0,100.0,100.0,250.0,6000.0,6000.0,24.0,24.0,True,,-4634874.135781907,0.0,3660.5902728027454,2469.1429241507285,6.219000742715329,3.052377335256748,3.052377335256748,305.2377335256748,0.0,78.0,78.0,100.0,80.82393480364013,8359.739030572488,8359.739030572486,16719.478061144975,1.393289838428748,1.393289838428748,0,0.0,99.52070274491057,39.80828109796423,130,38,0.0,47.36991024650037,100.0,True,True,True,False,True,benchmark,,,,,
f32419223cb19006dd4e9539,WP2033,north-west,5041-17010-2,5041-17010-2,1,Croaghonagh,1.0,theoretical,0.0,100.0,100.0,100.0,285.0,142.5,142.5,0.5,0.5,True,,-4020754.496217213,3070.0956254522885,590.4946473504579,878.6584545922015,1.0031952162813955,1.0862057137301762,1.0031952162813955,100.31952162813955,0.0,61.0,61.0,100.0,64.02044059622968,1071.9444256537445,1071.9444256537445,2143.888851307489,7.52241702213154,7.52241702213154,0,0.0,12.761243162544575,4.477629179840203,48,120,0.0,27.29936717975928,100.0,True,True,True,False,True,benchmark,,,,,
559fafdd274500fc52308a66,WP2033,north-west,5041-17010-2,5041-17010-2,1,Croaghonagh,1.0,theoretical,0.0,100.0,100.0,100.0,285.0,230.0,230.0,0.8070175438596491,0.8070175438596491,True,,-4057110.975374346,2807.5956254522885,852.9946473504579,1002.0276608997592,1.449158182170187,1.238715868374758,1.238715868374758,123.87158683747582,0.0,64.0,64.0,100.0,64.52628536664761,1508.986111391431,1508.986111391431,3017.972222782862,6.560809179962743,6.560809179962743,0,0.0,17.964120373707512,6.303200131125443,56,112,0.0,26.764166914293963,100.0,True,True,True,False,True,benchmark,,,,,
137a09cc19202f2fae4e9383,WP2033,north-west,5041-17010-2,5041-17010-2,1,Croaghonagh,1.0,theoretical,0.0,100.0,100.0,100.0,285.0,285.0,285.0,1.0,1.0,True,,-4076886.865697929,2642.595625452288,1017.9946473504584,1096.6095861360957,1.729477760728857,1.3556389197269356,1.3556389197269356,135.56389197269357,0.0,64.0,64.0,100.0,64.90847665633372,1755.334957219727,1755.334957219727,3510.6699144394534,6.159070025332374,6.159070025332374,0,0.0,20.89684472880627,7.332226220633778,57,111,0.0,27.733590142129497,100.0,True,True,True,False,True,benchmark,,,,,
f6276a68ab78ad07453ae830,WP2033,north-west,5041-17010-2,5041-17010-2,1,Croaghonagh,1.0,theoretical,0.0,100.0,100.0,100.0,285.0,340.0,340.0,1.1929824561403508,1.1929824561403508,True,,-4096494.3656979296,2477.5956254522885,1182.994647350458,1168.3558713336024,2.009797339287525,1.4443323415146037,1.4443323415146037,144.43323415146037,0.0,65.0,65.0,100.0,65.29066794601984,2030.334957219727,2030.334957219727,4060.669914439454,5.971573403587432,5.971573403587432,0,0.0,24.1706542526158,8.480931316707297,61,107,0.0,28.976146149793315,100.0,True,True,True,False,True,benchmark,,,,,
4a91db45847f21e889a35f94,WP2033,north-west,5041-17010-2,5041-17010-2,1,Croaghonagh,1.0,theoretical,0.0,100.0,100.0,100.0,285.0,427.5,427.5,1.5,1.5,True,,-4121315.4080040096,2215.095625452288,1445.4946473504583,1325.2531365767863,2.4557603051763177,1.638290192924434,1.638290192924434,163.8290192924434,0.0,67.0,67.0,100.0,65.89869954324772,2412.8942394900764,2412.8942394900764,4825.788478980153,5.644197051438775,5.644197051438775,0,0.0,28.72493142250091,10.07892330614067,67,101,0.0,30.72547221103133,100.0,True,True,True,False,True,benchmark,,,,,
4d31f74ead386e75f46142a7,WP2033,north-west,5041-17010-2,5041-17010-2,1,Croaghonagh,1.0,theoretical,0.0,100.0,100.0,100.0,285.0,460.0,460.0,1.6140350877192982,1.6140350877192982,True,,-4129082.9080040096,2117.5956254522885,1542.994647350458,1361.4251960903202,2.62140369250644,1.6830064276748569,1.6830064276748569,168.3006427674857,0.0,67.0,67.0,100.0,66.12453985078952,2542.8942394900764,2542.894239490076,5085.788478980152,5.528030955413208,5.528030955413208,0,0.0,30.27255047011996,10.621947533375424,68,100,0.0,31.434487214991165,100.0,True,True,True,False,True,benchmark,,,,,
5fd72e8010961bca15ce719c,WP2033,north-west,5041-17010-2,5041-17010-2,1,Croaghonagh,1.0,theoretical,0.0,100.0,100.0,100.0,285.0,570.0,570.0,2.0,2.0,True,,-4153586.7509787166,1787.595625452288,1872.9946473504583,1543.224033681101,3.1820428496237785,1.90774783328992,1.90774783328992,190.774783328992,0.0,68.0,68.0,100.0,66.78418078734182,2937.675074292785,2937.6750742927848,5875.35014858557,5.153815919811904,5.153815919811904,0,0.0,34.97232231300935,12.27099028526644,73,95,0.0,33.05619082548561,100.0,True,True,True,False,True,benchmark,,,,,
e16ccd8366471009b852748e,WP2033,north-west,5041-17010-2,5041-17010-2,1,Croaghonagh,1.0,theoretical,0.0,100.0,100.0,100.0,285.0,680.0,680.0,2.3859649122807016,2.3859649122807016,True,,-4175418.219773416,1601.4596652435123,2059.130607559234,1625.4654435242992,3.498270449140973,2.009415425299112,2.009415425299112,200.9415425299112,0.0,70.0,70.0,100.0,67.29376917358995,3207.00940531135,3207.0094053113494,6414.0188106227,4.716190301928456,4.716190301928456,0,0.0,38.17868339656368,13.396029261952169,76,92,0.0,32.71684347362121,100.0,True,True,True,False,True,benchmark,,,,,
e785532b47c3315019e1990f,WP2033,north-west,5041-17010-2,5041-17010-2,1,Croaghonagh,1.0,theoretical,0.0,100.0,100.0,100.0,285.0,850.0,850.0,2.982456140350877,2.982456140350877,True,,-4209078.219773417,1431.4596652435123,2229.130607559234,1746.340506733119,3.787084560383239,2.15884229716123,2.15884229716123,215.88422971612303,0.0,72.0,72.0,100.0,68.081314861428,3547.00940531135,3547.00940531135,7094.0188106227,4.172952241542765,4.172952241542765,0,0.0,42.226302444182735,14.816246471643066,81,87,0.0,32.70211802355851,100.0,True,True,True,False,True,benchmark,,,,,
55fb1ec9dba23c55a84b4f41,WP2033,north-west,5041-17010-2,5041-17010-2,1,Croaghonagh,1.0,theoretical,0.0,100.0,100.0,100.0,285.0,855.0,855.0,3.0,3.0,True,,-4210068.219773417,1426.4596652435123,2234.130607559234,1746.340506733119,3.7955790930668334,2.15884229716123,2.15884229716123,215.88422971612303,0.0,72.0,72.0,100.0,68.10447796989382,3557.00940531135,3557.00940531135,7114.0188106227,4.160244918492807,4.160244918492807,0,0.0,42.34535006323036,14.85801756604574,81,87,0.0,32.6605573222233,100.0,True,True,True,False,True,benchmark,,,,,
5092fd928fa93b92012a295b,WP2033,north-west,5041-17010-2,5041-17010-2,1,Croaghonagh,1.0,theoretical,0.0,100.0,100.0,100.0,285.0,1130.0,1130.0,3.9649122807017534,3.9649122807017534,True,,-4264518.219773417,1151.4596652435123,2509.130607559234,1793.125995653856,4.262778390664616,2.2166789515742926,2.2166789515742926,221.66789515742929,0.0,72.0,72.0,100.0,69.37051137489979,4107.00940531135,4107.00940531135,8214.0188106227,3.634521597620664,3.634521597620664,0,0.0,48.8929691108494,17.155427758192772,86,82,0.0,31.329421271566325,100.0,True,True,True,False,True,benchmark,,,,,
e60e73e43bbbf0f051f90f34,WP2033,north-west,5041-17010-2,5041-17010-2,1,Croaghonagh,1.0,theoretical,0.0,100.0,100.0,100.0,285.0,1140.0,1140.0,4.0,4.0,True,,-4266072.659810087,1141.4596652435123,2519.130607559234,1803.125995653856,4.279767456031808,2.2290410441263333,2.2290410441263333,222.90410441263333,0.0,72.0,72.0,100.0,69.41683759183144,4119.734876023649,4119.734876023649,8239.469752047298,3.6138025228277626,3.6138025228277626,0,0.0,49.04446280980535,17.208583442036964,86,82,0.0,31.25775461410172,100.0,True,True,True,False,True,benchmark,,,,,
b631120826ae5fe1492aa215,WP2033,north-west,5041-17010-2,5041-17010-2,1,Croaghonagh,1.0,theoretical,0.0,100.0,100.0,100.0,285.0,1425.0,1425.0,5.0,5.0,True,,-4301705.112630815,856.4596652435126,2804.130607559234,2009.5877605272544,4.763955818996783,2.484270988708593,2.484270988708593,248.4270988708593,0.0,73.0,73.0,100.0,70.42598256708958,4581.546625751024,4581.546625751024,9163.093251502049,3.2151204391235257,3.2151204391235257,0,0.0,54.54222173513125,19.13762166144956,94,74,0.0,30.31550534266606,100.0,True,True,True,False,True,benchmark,,,,,
6a99e5347192c361d585059a,WP2033,north-west,5041-17010-2,5041-17010-2,1,Croaghonagh,1.0,theoretical,0.0,100.0,100.0,100.0,285.0,1710.0,1710.0,6.0,6.0,True,,-4330062.612630816,571.4596652435123,3089.130607559234,2054.4959982111177,5.248144181961756,2.5397869677682885,2.5397869677682885,253.97869677682883,0.0,73.0,73.0,100.0,71.08613115836556,4866.546625751024,4866.546625751024,9733.093251502049,2.845933699269605,2.845933699269605,0,0.0,57.9350788779884,20.328097851925754,100,68,0.0,34.45141497514434,100.0,True,True,True,False,True,benchmark,,,,,
ee9db8c581f642147eaab720,WP2033,north-west,5041-17010-2,5041-17010-2,1,Croaghonagh,1.0,theoretical,0.0,100.0,100.0,100.0,285.0,2280.0,2280.0,8.0,8.0,True,,-4386777.612630817,1.4596652435124184,3659.130607559234,2469.1429241507285,6.216520907891703,3.052377335256748,3.052377335256748,305.2377335256748,0.0,73.0,73.0,100.0,72.40642834091756,5436.546625751025,5436.546625751024,10873.09325150205,2.3844502744522043,2.3844502744522043,0,0.0,64.72079316370268,22.70905023287813,105,63,0.0,39.806963128425664,100.0,True,True,True,False,True,benchmark,,,,,
97ba3bfb83f93d2214441648,WP2033,north-west,5041-17010-2,5041-17010-2,1,Croaghonagh,1.0,theoretical,0.0,100.0,100.0,100.0,285.0,2850.0,2850.0,10.0,10.0,True,,-4443103.108251042,0.0,3660.5902728027454,2469.1429241507285,6.219000742715329,3.052377335256748,3.052377335256748,305.2377335256748,0.0,73.0,73.0,100.0,73.72672552346955,5648.474715793957,5648.474715793957,11296.949431587916,1.9819209529101605,1.9819209529101605,0,0.0,67.24374661659473,23.59429705845429,109,59,0.0,41.715974419022814,100.0,True,True,True,False,True,benchmark,,,,,
303efe8a450a3e69b6a54e17,WP2033,north-west,5041-17010-2,5041-17010-2,1,Croaghonagh,1.0,theoretical,0.0,100.0,100.0,100.0,285.0,3420.0,3420.0,12.0,12.0,True,,-4499248.108251041,0.0,3660.5902728027454,2469.1429241507285,6.219000742715329,3.052377335256748,3.052377335256748,305.2377335256748,0.0,73.0,73.0,100.0,75.04702270602156,6218.474715793958,6218.474715793957,12436.949431587916,1.8182674607584672,1.8182674607584672,0,0.0,74.02946090230903,25.97524943940668,112,56,0.0,42.934345842066,100.0,True,True,True,False,True,benchmark,,,,,
873cc4521c8121aa603766b4,WP2033,north-west,5041-17010-2,5041-17010-2,1,Croaghonagh,1.0,theoretical,0.0,100.0,100.0,100.0,285.0,4560.0,4560.0,16.0,16.0,True,,-4593023.604627225,0.0,3660.5902728027454,2469.1429241507285,6.219000742715329,3.052377335256748,3.052377335256748,305.2377335256748,0.0,76.0,76.0,100.0,77.54151190896376,7041.987474361136,7041.987474361137,14083.974948722273,1.544295498763407,1.544295498763407,0,0.0,83.83318421858496,29.41515235739823,117,51,0.0,46.9286778230951,100.0,True,True,True,False,True,benchmark,,,,,
5b08249d31775d8fad1126fd,WP2033,north-west,5041-17010-2,5041-17010-2,1,Croaghonagh,1.0,theoretical,0.0,100.0,100.0,100.0,285.0,5700.0,5700.0,20.0,20.0,True,,-4638114.72884912,0.0,3660.5902728027454,2469.1429241507285,6.219000742715329,3.052377335256748,3.052377335256748,305.2377335256748,0.0,78.0,78.0,100.0,80.18210627406775,8059.739030572485,8059.739030572484,16119.478061144968,1.4139893036092075,1.4139893036092075,0,0.0,95.94927417348195,33.66641199069543,126,42,0.0,46.515545157471,100.0,True,True,True,False,True,benchmark,,,,,
00c99cecabe18e3085d58107,WP2033,north-west,5041-17010-2,5041-17010-2,1,Croaghonagh,1.0,theoretical,0.0,100.0,100.0,100.0,285.0,6840.0,6840.0,24.0,24.0,True,,-4683144.728849119,0.0,3660.5902728027454,2469.1429241507285,6.219000742715329,3.052377335256748,3.052377335256748,305.2377335256748,0.0,79.0,79.0,100.0,82.64392711551126,9199.739030572488,9199.739030572484,18399.47806114497,1.3449910863410066,1.3449910863410066,0,0.0,109.52070274491057,38.4283167526002,137,31,0.0,49.87539363619468,100.0,True,True,True,False,True,benchmark,,,,,
577d8cd85a6f93df91f1ed1f,WP2033,north-west,5041-17010-2,5041-17010-2,1,Croaghonagh,1.0,theoretical,0.0,100.0,100.0,100.0,500.0,230.0,230.0,0.46,0.46,True,,-4057110.975374346,2807.5956254522885,852.9946473504579,948.3558713336024,1.449158182170187,1.1723663053697104,1.1723663053697104,117.23663053697103,0.0,64.0,64.0,100.0,64.52628536664761,1508.986111391431,1508.986111391431,3017.972222782862,6.560809179962743,6.560809179962743,0,0.0,17.964120373707512,3.5928240747415026,56,112,0.0,26.764166914293963,100.0,True,True,True,False,True,benchmark,,,,,
1134a7e81306e69c23b4354b,WP2033,north-west,5041-17010-2,5041-17010-2,1,Croaghonagh,1.0,theoretical,0.0,100.0,100.0,100.0,500.0,250.0,250.0,0.5,0.5,True,,-4064403.734487399,2747.595625452288,912.9946473504584,988.3558713336024,1.5510925743733404,1.221814675577873,1.221814675577873,122.1814675577873,0.0,64.0,64.0,100.0,64.66526401744257,1591.5973782812252,1591.5973782812252,3183.1947565624505,6.366389513124901,6.366389513124901,0,0.0,18.94758783668125,3.78951756733625,56,112,0.0,27.032089507830467,100.0,True,True,True,False,True,benchmark,,,,,
82cd6c7f619b4d760643e926,WP2033,north-west,5041-17010-2,5041-17010-2,1,Croaghonagh,1.0,theoretical,0.0,100.0,100.0,100.0,500.0,340.0,340.0,0.68,0.68,True,,-4096494.3656979296,2477.5956254522885,1182.994647350458,1168.3558713336024,2.009797339287525,1.4443323415146037,1.4443323415146037,144.43323415146037,0.0,65.0,65.0,100.0,65.29066794601984,2030.334957219727,2030.334957219727,4060.669914439454,5.971573403587432,5.971573403587432,0,0.0,24.1706542526158,4.83413085052316,61,107,0.0,28.976146149793315,100.0,True,True,True,False,True,benchmark,,,,,
bab35eb9bdb55daa250bf7b0,WP2033,north-west,5041-17010-2,5041-17010-2,1,Croaghonagh,1.0,theoretical,0.0,100.0,100.0,100.0,500.0,460.0,460.0,0.92,0.92,True,,-4129082.9080040096,2117.5956254522885,1542.994647350458,1361.4251960903202,2.62140369250644,1.6830064276748569,1.6830064276748569,168.3006427674857,0.0,67.0,67.0,100.0,66.12453985078952,2542.8942394900764,2542.894239490076,5085.788478980152,5.528030955413208,5.528030955413208,0,0.0,30.27255047011996,6.054510094023991,68,100,0.0,31.434487214991165,100.0,True,True,True,False,True,benchmark,,,,,
43970ab2b9e7d1b1e3cc6ff3,WP2033,north-west,5041-17010-2,5041-17010-2,1,Croaghonagh,1.0,theoretical,0.0,100.0,100.0,100.0,500.0,500.0,500.0,1.0,1.0,True,,-4138642.9080040096,1997.595625452288,1662.994647350458,1420.499313146713,2.825272476912745,1.756034397922977,1.756034397922977,175.6034397922977,0.0,67.0,67.0,100.0,66.4024971523794,2702.894239490077,2702.8942394900764,5405.788478980154,5.405788478980154,5.405788478980154,0,0.0,32.177312374881865,6.435462474976373,71,97,0.0,32.273481509449375,100.0,True,True,True,False,True,benchmark,,,,,
838e8e6fca92f75237948692,WP2033,north-west,5041-17010-2,5041-17010-2,1,Croaghonagh,1.0,theoretical,0.0,100.0,100.0,100.0,500.0,570.0,570.0,1.14,1.14,True,,-4153586.7509787166,1787.595625452288,1872.9946473504583,1543.224033681101,3.1820428496237785,1.90774783328992,1.90774783328992,190.774783328992,0.0,68.0,68.0,100.0,66.78418078734182,2937.675074292785,2937.6750742927848,5875.35014858557,5.153815919811904,5.153815919811904,0,0.0,34.97232231300935,6.9944644626018695,73,95,0.0,33.05619082548561,100.0,True,True,True,False,True,benchmark,,,,,
6c9c933270125c47f3fc37d9,WP2033,north-west,5041-17010-2,5041-17010-2,1,Croaghonagh,1.0,theoretical,0.0,100.0,100.0,100.0,500.0,680.0,680.0,1.36,1.36,True,,-4175418.219773416,1601.4596652435123,2059.130607559234,1625.4654435242992,3.498270449140973,2.009415425299112,2.009415425299112,200.9415425299112,0.0,70.0,70.0,100.0,67.29376917358995,3207.00940531135,3207.0094053113494,6414.0188106227,4.716190301928456,4.716190301928456,0,0.0,38.17868339656368,7.635736679312736,76,92,0.0,32.71684347362121,100.0,True,True,True,False,True,benchmark,,,,,
ce5605c5f69b172e0bbf9444,WP2033,north-west,5041-17010-2,5041-17010-2,1,Croaghonagh,1.0,theoretical,0.0,100.0,100.0,100.0,500.0,750.0,750.0,1.5,1.5,True,,-4189278.219773416,1531.4596652435123,2129.130607559234,1695.4654435242992,3.617193906711318,2.095950073163396,2.095950073163396,209.5950073163396,0.0,71.0,71.0,100.0,67.6180526921115,3347.00940531135,3347.00940531135,6694.0188106227,4.4626792070818,4.4626792070818,0,0.0,39.84535006323035,7.969070012646069,78,90,0.0,32.77881719081891,100.0,True,True,True,False,True,benchmark,,,,,
fe6a9cca4c2de486961bf288,WP2033,north-west,5041-17010-2,5041-17010-2,1,Croaghonagh,1.0,theoretical,0.0,100.0,100.0,100.0,500.0,850.0,850.0,1.7,1.7,True,,-4209078.219773417,1431.4596652435123,2229.130607559234,1746.340506733119,3.787084560383239,2.15884229716123,2.15884229716123,215.88422971612303,0.0,72.0,72.0,100.0,68.081314861428,3547.00940531135,3547.00940531135,7094.0188106227,4.172952241542765,4.172952241542765,0,0.0,42.226302444182735,8.445260488836547,81,87,0.0,32.70211802355851,100.0,True,True,True,False,True,benchmark,,,,,
e07c50d6e79576dd69087772,WP2033,north-west,5041-17010-2,5041-17010-2,1,Croaghonagh,1.0,theoretical,0.0,100.0,100.0,100.0,500.0,1000.0,1000.0,2.0,2.0,True,,-4238778.219773416,1281.4596652435123,2379.130607559234,1666.0930245097625,4.04192054089112,2.059639616929894,2.059639616929894,205.9639616929894,0.0,72.0,72.0,100.0,68.77620811540274,3847.00940531135,3847.00940531135,7694.0188106227,3.8470094053113497,3.8470094053113497,0,0.0,45.797731015611305,9.15954620312226,84,84,0.0,31.899262196255204,100.0,True,True,True,False,True,benchmark,,,,,
50b552cffaa6b0c8d0044937,WP2033,north-west,5041-17010-2,5041-17010-2,1,Croaghonagh,1.0,theoretical,0.0,100.0,100.0,100.0,500.0,1130.0,1130.0,2.26,2.26,True,,-4264518.219773417,1151.4596652435123,2509.130607559234,1793.125995653856,4.262778390664616,2.2166789515742926,2.2166789515742926,221.66789515742929,0.0,72.0,72.0,100.0,69.37051137489979,4107.00940531135,4107.00940531135,8214.0188106227,3.634521597620664,3.634521597620664,0,0.0,48.8929691108494,9.77859382216988,86,82,0.0,31.329421271566325,100.0,True,True,True,False,True,benchmark,,,,,
eabe9f69cfdec9be5a257d88,WP2033,north-west,5041-17010-2,5041-17010-2,1,Croaghonagh,1.0,theoretical,0.0,100.0,100.0,100.0,500.0,1500.0,1500.0,3.0,3.0,True,,-4309167.612630815,781.4596652435123,2879.130607559234,2054.4959982111177,4.891373809250722,2.5397869677682885,2.5397869677682885,253.97869677682883,0.0,73.0,73.0,100.0,70.59970588058326,4656.546625751025,4656.546625751024,9313.09325150205,3.1043644171673503,3.1043644171673503,0,0.0,55.4350788779884,11.08701577559768,96,72,0.0,31.02593370588566,100.0,True,True,True,False,True,benchmark,,,,,
3696582c9feb86f7e0b62753,WP2033,north-west,5041-17010-2,5041-17010-2,1,Croaghonagh,1.0,theoretical,0.0,100.0,100.0,100.0,500.0,2000.0,2000.0,4.0,4.0,True,,-4358917.612630817,281.45966524351263,3379.130607559234,2209.875472317224,5.740827077610326,2.731868511726997,2.731868511726997,273.18685117269973,0.0,73.0,73.0,100.0,71.75786130387448,5156.546625751025,5156.546625751024,10313.09325150205,2.5782733128755124,2.5782733128755124,0,0.0,61.38745983036935,12.27749196607387,102,66,0.0,37.44804994425148,100.0,True,True,True,False,True,benchmark,,,,,
78a93d22f2a7a7d4657474bb,WP2033,north-west,5041-17010-2,5041-17010-2,1,Croaghonagh,1.0,theoretical,0.0,100.0,100.0,100.0,500.0,2500.0,2500.0,5.0,5.0,True,,-4408558.342463438,0.0,3660.5902728027454,2469.1429241507285,6.219000742715329,3.052377335256748,3.052377335256748,305.2377335256748,0.0,73.0,73.0,100.0,72.9160167271657,5438.006290994537,5438.006290994536,10876.012581989076,2.175202516397815,2.175202516397815,0,0.0,64.73817013088735,12.947634026177472,106,62,0.0,40.60886305457516,100.0,True,True,True,False,True,benchmark,,,,,
deaea10b958f2d94fdd31180,WP2033,north-west,5041-17010-2,5041-17010-2,1,Croaghonagh,1.0,theoretical,0.0,100.0,100.0,100.0,500.0,3000.0,3000.0,6.0,6.0,True,,-4457878.108251041,0.0,3660.5902728027454,2469.1429241507285,6.219000742715329,3.052377335256748,3.052377335256748,305.2377335256748,0.0,73.0,73.0,100.0,74.07417215045693,5798.474715793957,5798.474715793958,11596.949431587916,1.932824905264653,1.932824905264653,0,0.0,69.02946090230903,13.805892180461806,110,58,0.0,41.8672851938628,100.0,True,True,True,False,True,benchmark,,,,,
f79112fb546237b95ff2b302,WP2033,north-west,5041-17010-2,5041-17010-2,1,Croaghonagh,1.0,theoretical,0.0,100.0,100.0,100.0,500.0,4000.0,4000.0,8.0,8.0,True,,-4556378.108251044,0.0,3660.5902728027454,2469.1429241507285,6.219000742715329,3.052377335256748,3.052377335256748,305.2377335256748,0.0,74.0,74.0,100.0,76.24437783487757,6798.474715793958,6798.474715793958,13596.949431587916,1.6996186789484895,1.6996186789484895,0,0.0,80.93422280707094,16.186844561414187,116,52,0.0,45.22812081200811,100.0,True,True,True,False,True,benchmark,,,,,
42436d2d087dafb5a8b5fed5,WP2033,north-west,5041-17010-2,5041-17010-2,1,Croaghonagh,1.0,theoretical,0.0,100.0,100.0,100.0,500.0,5000.0,5000.0,10.0,10.0,True,,-4615235.215769644,0.0,3660.5902728027454,2469.1429241507285,6.219000742715329,3.052377335256748,3.052377335256748,305.2377335256748,0.0,78.0,78.0,100.0,78.56068868146002,7359.739030572483,7359.739030572486,14719.478061144968,1.4719478061144968,1.4719478061144968,0,0.0,87.61594084014862,17.523188168029726,117,51,0.0,46.25260909907036,100.0,True,True,True,False,True,benchmark,,,,,
f161a58ca818e65e8474a3b5,WP2033,north-west,5041-17010-2,5041-17010-2,1,Croaghonagh,1.0,theoretical,0.0,100.0,100.0,100.0,500.0,6000.0,6000.0,12.0,12.0,True,,-4654735.215769643,0.0,3660.5902728027454,2469.1429241507285,6.219000742715329,3.052377335256748,3.052377335256748,305.2377335256748,0.0,78.0,78.0,100.0,80.82393480364013,8359.739030572488,8359.739030572486,16719.478061144975,1.393289838428748,1.393289838428748,0,0.0,99.52070274491057,19.90414054898212,129,39,0.0,47.64481292356351,100.0,True,True,True,False,True,benchmark,,,,,
019c03a36766c22aabe1640c,WP2033,north-west,5041-17010-2,5041-17010-2,1,Croaghonagh,1.0,theoretical,0.0,100.0,100.0,100.0,500.0,8000.0,8000.0,16.0,16.0,True,,-4704581.2416311335,0.0,3660.5902728027454,2469.1429241507285,6.219000742715329,3.052377335256748,3.052377335256748,305.2377335256748,0.0,79.0,79.0,100.0,83.50444681952486,9621.663735926651,9621.663735926651,19243.327471853307,1.2027079669908316,1.2027079669908316,0,0.0,114.54361590388874,22.908723180777745,141,27,0.0,46.61339005842931,90.7740588169271,True,True,True,False,True,benchmark,,,,,
edcd514acfc992e2904a5a8f,WP2033,north-west,5041-17010-2,5041-17010-2,1,Croaghonagh,1.0,theoretical,0.0,100.0,100.0,100.0,500.0,10000.0,10000.0,20.0,20.0,True,,-4704581.2416311335,0.0,3660.5902728027454,2469.1429241507285,6.219000742715329,3.052377335256748,3.052377335256748,305.2377335256748,0.0,79.0,79.0,100.0,83.50444681952486,9621.663735926651,9621.663735926651,19243.327471853307,0.9621663735926652,0.9621663735926652,0,0.0,114.54361590388874,22.908723180777745,141,27,0.0,37.29071204674344,72.61924705354168,True,True,True,False,True,benchmark,,,,,
19d0e9d76411fb2e0026ef4f,WP2033,north-west,5041-17010-2,5041-17010-2,1,Croaghonagh,1.0,theoretical,0.0,100.0,100.0,100.0,500.0,12000.0,12000.0,24.0,24.0,True,,-4704581.2416311335,0.0,3660.5902728027454,2469.1429241507285,6.219000742715329,3.052377335256748,3.052377335256748,305.2377335256748,0.0,79.0,79.0,100.0,83.50444681952486,9621.663735926651,9621.663735926651,19243.327471853307,0.8018053113272211,0.8018053113272211,0,0.0,114.54361590388874,22.908723180777745,141,27,0.0,31.0755933722862,60.516039211284735,True,True,True,False,True,benchmark,,,,,
