trial_key,scenario,scope,target_label,target_lines,site_count,sites,allocations,model,soc_min_pct,soc_max_pct,round_trip_efficiency_pct,state_of_health_pct,power_mw,nameplate_energy_mwh,usable_energy_mwh,nameplate_duration_hours,usable_duration_hours,solve_ok,error,objective,total_dispatch_down_mwh,dispatch_down_saved_mwh,affected_generator_gain_mwh,total_recovery_fraction,affected_recovery_fraction,target_recovery_fraction,target_recovery_pct,unserved_mwh,target_binding_hours,target_binding_line_hours,target_max_loading_pct,target_mean_max_loading_pct,charge_mwh,discharge_mwh,throughput_mwh,equivalent_full_cycles_nameplate,equivalent_full_cycles_usable,simultaneous_charge_discharge_hours,simultaneous_charge_discharge_mwh,average_absolute_power_mw,average_power_utilisation_pct,active_hours,idle_hours,observed_physical_soc_min_pct,observed_physical_soc_mean_pct,observed_physical_soc_max_pct,unserved_ok,benchmark_available,benchmark_success,headroom_success,success,effective_success_mode,renewable_capacity_mw,peak_load_mw,is_target_endpoint,site,site_pair
c7043a4b7c32f85daa44e095,WP2033,north-west,5041-17010-2,5041-17010-2,1,Croaghonagh,1.000000,health_aware,10.0,90.0,90.0,100.0,10.0,5.0,4.0,0.5,0.4,True,,-3939141.355148372,3631.075681307842,29.51459149490438,-978.5511170320424,0.05014253241929015,-1.2096939475652826,-1.2096939475652826,-120.96939475652826,0.0,53.0,53.0,100.0,61.94296792269375,67.17705070908931,60.459345638180366,127.63639634726968,12.763639634726967,15.95454954340871,0,0.0,0.7597404544480338,7.597404544480338,32,136,10.0,27.586874526191124,90.0,True,True,False,False,False,benchmark,,,,,
803f0d770585d870d14ba578,WP2033,north-west,5041-17010-2,5041-17010-2,1,Croaghonagh,1.000000,health_aware,10.0,90.0,90.0,100.0,10.0,10.0,8.0,1.0,0.8,True,,-3942851.5255452762,3604.154613856505,56.43565894624135,-951.6300495807081,0.09587890988782519,-1.1764138748219704,-1.1764138748219704,-117.64138748219703,0.0,53.0,53.0,100.0,62.03086573922359,124.22418128949793,111.80176316054815,236.0259444500461,11.801297222502305,14.751621528127881,0,0.0,1.4049163360121792,14.049163360121792,32,136,10.0,28.03267508157845,90.0,True,True,False,False,False,benchmark,,,,,
6c2033f6543c22c2ebc9be65,WP2033,north-west,5041-17010-2,5041-17010-2,1,Croaghonagh,1.000000,health_aware,10.0,90.0,90.0,100.0,10.0,15.0,12.0,1.5,1.2,True,,-3945673.8398701106,3585.5561208746194,75.0341519281269,-933.0315565988203,0.12747601118787685,-1.1534222456649128,-1.1534222456649128,-115.34222456649128,0.0,53.0,53.0,100.0,62.102195913734306,165.36455244393102,148.82809719953792,314.19264964346894,10.473088321448964,13.091360401811206,0,0.0,1.8701943431158865,18.701943431158863,47,121,10.0,27.98697725713405,90.0,True,True,False,False,False,benchmark,,,,,
6a25e982b65bb53e0835406d,WP2033,north-west,5041-17010-2,5041-17010-2,1,Croaghonagh,1.000000,health_aware,10.0,90.0,90.0,100.0,10.0,20.0,16.0,2.0,1.6,True,,-3947700.2994652493,3571.3953372581673,89.19493554457904,-918.8707729823691,0.15153385903893363,-1.1359165538973137,-1.1359165538973137,-113.59165538973137,0.0,53.0,53.0,100.0,62.15630460694984,188.61525334633995,169.75372801170596,358.3689813580459,8.959224533951147,11.199030667438935,0,0.0,2.133148698559797,21.33148698559797,48,120,10.0,28.035896071984833,90.0,True,True,False,False,False,benchmark,,,,,
40a7fa57454c269f830d6815,WP2033,north-west,5041-17010-2,5041-17010-2,1,Croaghonagh,1.000000,health_aware,10.0,90.0,90.0,100.0,10.0,30.0,24.0,3.0,2.4,True,,-3951442.8065707977,3546.09711597682,114.49315682592623,-893.5725517010214,0.1945131725411833,-1.1046426586091116,-1.1046426586091116,-110.46426586091115,0.0,53.0,53.0,100.0,62.24432441911997,230.7789554819183,207.70105993372653,438.48001541564486,7.308000256927414,9.135000321159268,0,0.0,2.6100000917597903,26.100000917597903,56,112,10.0,27.86933962327927,90.0,True,True,False,False,False,benchmark,,,,,
7c3fdab1d5819fad764d8759,WP2033,north-west,5041-17010-2,5041-17010-2,1,Croaghonagh,1.000000,health_aware,10.0,90.0,90.0,100.0,10.0,40.0,32.0,4.0,3.2,True,,-3954886.372042321,3520.798894695473,139.79137810727343,-872.0052921281385,0.237492486043433,-1.0779810127157252,-1.0779810127157252,-107.79810127157252,0.0,53.0,53.0,100.0,62.31381374451745,272.5450292423674,245.29052631813062,517.835555560498,6.472944444506226,8.091180555632782,0,0.0,3.0823544973839163,30.823544973839166,62,106,10.0,28.58775709177902,90.0,True,True,False,False,False,benchmark,,,,,
b0f32771b1048eb793e34b45,WP2033,north-west,5041-17010-2,5041-17010-2,1,Croaghonagh,1.000000,health_aware,10.0,90.0,90.0,100.0,10.0,50.0,40.0,5.0,4.0,True,,-3958060.902232848,3495.500673414126,165.08959938862017,-852.9761091383261,0.2804717995456819,-1.0544569605847476,-1.0544569605847476,-105.44569605847475,0.0,53.0,53.0,100.0,62.36655243443534,311.1748622473534,280.05737602261803,591.2322382699715,5.912322382699715,7.390402978374643,0,0.0,3.519239513511735,35.19239513511735,68,100,10.0,28.88202407798272,90.0,True,True,False,False,False,benchmark,,,,,
23185a258d44d6edbe2ad8b0,WP2033,north-west,5041-17010-2,5041-17010-2,1,Croaghonagh,1.000000,health_aware,10.0,90.0,90.0,100.0,10.0,60.0,48.0,6.0,4.8,True,,-3960894.9253663314,3470.202452132779,190.38782066996737,-827.6778878569821,0.3234511130479316,-1.0231830652965497,-1.0231830652965497,-102.31830652965496,0.0,53.0,53.0,100.0,62.41011017199928,347.7012348130992,312.93111133178934,660.6323461448885,5.505269551207404,6.881586939009256,0,0.0,3.9323353937195744,39.32335393719574,75,93,10.0,29.870097994013843,90.0,True,True,False,False,False,benchmark,,,,,
309db307167178ae5ee8cf66,WP2033,north-west,5041-17010-2,5041-17010-2,1,Croaghonagh,1.000000,health_aware,10.0,90.0,90.0,100.0,10.0,80.0,64.0,8.0,6.4,True,,-3964107.557065659,3420.4012663203434,240.18900648240287,-777.8767020445448,0.4080586731610461,-0.9616183784750776,-0.9616183784750776,-96.16183784750775,0.0,54.0,54.0,100.0,62.480428425223145,396.0079121111433,356.40712090002904,752.4150330111723,4.702593956319827,5.878242445399784,0,0.0,4.478660910780787,44.78660910780788,82,86,10.0,31.319950343309376,90.0,True,True,False,False,False,benchmark,,,,,
78bbab386fa0e8524ac631a1,WP2033,north-west,5041-17010-2,5041-17010-2,1,Croaghonagh,1.000000,health_aware,10.0,90.0,90.0,100.0,10.0,100.0,80.0,10.0,8.0,True,,-3966828.0432990445,3400.997708883038,259.5925639197085,-758.4731446072365,0.44102350372689114,-0.9376315211871934,-0.9376315211871934,-93.76315211871933,0.0,54.0,54.0,100.0,62.504420461515366,424.3003584373381,381.87032259360444,806.1706810309425,4.030853405154713,5.038566756443391,0,0.0,4.798635006136562,47.98635006136563,87,81,10.0,31.23377300674191,90.0,True,True,False,False,False,benchmark,,,,,
da7e589e7db1b67188a9246f,WP2033,north-west,5041-17010-2,5041-17010-2,1,Croaghonagh,1.000000,health_aware,10.0,90.0,90.0,100.0,10.0,120.0,96.0,12.0,9.6,True,,-3968873.310311235,3384.1322280288064,276.45804477393995,-741.6076637530095,0.46967637939505763,-0.9167822576617313,-0.9167822576617313,-91.67822576617313,0.0,54.0,54.0,100.0,62.57473871473924,452.35872441695756,407.12285197526194,859.4815763922195,3.581173234967581,4.476466543709477,0,0.0,5.115961764239403,51.159617642394025,93,75,10.0,31.672988160249382,90.0,True,True,False,False,False,benchmark,,,,,
4d048b7fe8b11f7e838e4474,WP2033,north-west,5041-17010-2,5041-17010-2,1,Croaghonagh,1.000000,health_aware,10.0,90.0,90.0,100.0,10.0,160.0,128.0,16.0,12.8,True,,-3972745.1681767725,3350.4012663203434,310.1890064824029,-717.8767020445448,0.5269821307313906,-0.8874458231628339,-0.8874458231628339,-88.7445823162834,0.0,54.0,54.0,100.0,62.705110577341635,514.8968010000322,463.40712090002916,978.3039219000614,3.0571997559376918,3.8214996949221147,0,0.0,5.823237630357508,58.23237630357509,103,65,10.0,34.225358929268936,90.0,True,True,False,False,False,benchmark,,,,,
2b29c9b934a708a51a11ede6,WP2033,north-west,5041-17010-2,5041-17010-2,1,Croaghonagh,1.000000,health_aware,10.0,90.0,90.0,100.0,10.0,200.0,160.0,20.0,16.0,True,,-3975763.3811339214,3321.991779820861,338.5984929818851,-689.4672155450608,0.575247193050197,-0.852325753016577,-0.852325753016577,-85.2325753016577,0.0,54.0,54.0,100.0,62.73401411979258,543.3062874995147,488.9756587495634,1032.2819462490781,2.580704865622695,3.225881082028369,0,0.0,6.1445353943397505,61.44535394339751,107,61,10.0,38.11581553725978,90.0,True,True,False,False,False,benchmark,,,,,
94de22c2fc486fb7bb773b21,WP2033,north-west,5041-17010-2,5041-17010-2,1,Croaghonagh,1.000000,health_aware,10.0,90.0,90.0,100.0,10.0,240.0,192.0,24.0,19.2,True,,-3978336.1254218295,3321.991779820861,338.5984929818851,-689.4672155450608,0.575247193050197,-0.852325753016577,-0.852325753016577,-85.2325753016577,0.0,54.0,54.0,100.0,62.75634830043201,563.3062874995147,506.9756587495633,1070.281946249078,2.229754054685579,2.7871925683569736,0,0.0,6.370725870530226,63.707258705302266,111,57,10.0,39.35205140119662,90.0,True,True,False,False,False,benchmark,,,,,
4209556c0145100141e41ef8,WP2033,north-west,5041-17010-2,5041-17010-2,1,Croaghonagh,1.000000,health_aware,10.0,90.0,90.0,100.0,10.0,290.0,232.0,29.0,23.2,True,,-3979854.0186987096,3321.991779820861,338.5984929818851,-689.4672155450608,0.575247193050197,-0.852325753016577,-0.852325753016577,-85.2325753016577,0.0,54.0,54.0,100.0,62.84099246645592,563.3062874995147,506.97565874956314,1070.281946249078,1.8453137004294446,2.306642125536806,0,0.0,6.370725870530226,63.707258705302266,111,57,10.0,40.43162777480156,90.0,True,True,False,False,False,benchmark,,,,,
195597c2d23332bdfb948f92,WP2033,north-west,5041-17010-2,5041-17010-2,1,Croaghonagh,1.000000,health_aware,10.0,90.0,90.0,100.0,10.0,430.0,344.0,43.0,34.4,True,,-3982792.703782595,3321.991779820861,338.5984929818851,-689.4672155450608,0.575247193050197,-0.852325753016577,-0.852325753016577,-85.2325753016577,0.0,54.0,54.0,100.0,63.04104557973918,643.3062874995147,578.9756587495633,1222.281946249078,1.4212580770338115,1.7765725962922645,0,0.0,7.27548777529213,72.7548777529213,125,43,10.0,42.028250187185186,85.12533616993653,True,True,False,False,False,benchmark,,,,,
acedb6361d1efc05c14fd525,WP2033,north-west,5041-17010-2,5041-17010-2,1,Croaghonagh,1.000000,health_aware,10.0,90.0,90.0,100.0,10.0,570.0,456.0,57.0,45.6,True,,-3982792.703782595,3321.991779820861,338.5984929818851,-689.4672155450608,0.575247193050197,-0.852325753016577,-0.852325753016577,-85.2325753016577,0.0,54.0,54.0,100.0,63.04104557973918,643.3062874995147,578.9756587495633,1222.281946249078,1.0721771458325244,1.3402214322906556,0,0.0,7.27548777529213,72.7548777529213,125,43,10.0,34.161662421911636,66.67349921591705,True,True,False,False,False,benchmark,,,,,
2331f8e5668c96a1bd52cf0b,WP2033,north-west,5041-17010-2,5041-17010-2,1,Croaghonagh,1.000000,health_aware,10.0,90.0,90.0,100.0,10.0,710.0,568.0,71.0,56.8,True,,-3982792.703782595,3321.991779820861,338.5984929818851,-689.4672155450608,0.575247193050197,-0.852325753016577,-0.852325753016577,-85.2325753016577,0.0,54.0,54.0,100.0,63.04104557973918,643.3062874995147,578.9756587495633,1222.281946249078,0.8607619339782239,1.07595241747278,0,0.0,7.27548777529213,72.7548777529213,125,43,10.0,29.3973909584361,55.49844303249678,True,True,False,False,False,benchmark,,,,,
34c89b3767a904f450179c32,WP2033,north-west,5041-17010-2,5041-17010-2,1,Croaghonagh,1.000000,health_aware,10.0,90.0,90.0,100.0,10.0,850.0,680.0,85.0,68.0,True,,-3982792.703782595,3321.991779820861,338.5984929818851,-689.4672155450608,0.575247193050197,-0.852325753016577,-0.852325753016577,-85.2325753016577,0.0,54.0,54.0,100.0,63.04104557973918,643.3062874995147,578.9756587495633,1222.281946249078,0.7189893801465165,0.8987367251831455,0,0.0,7.27548777529213,72.7548777529213,125,43,10.0,26.20252656528192,48.004581827144364,True,True,False,False,False,benchmark,,,,,
eba8592c88fa3c216cdd7069,WP2033,north-west,5041-17010-2,5041-17010-2,1,Croaghonagh,1.000000,health_aware,10.0,90.0,90.0,100.0,10.0,1060.0,848.0,106.0,84.8,True,,-3982792.703782595,3321.991779820861,338.5984929818851,-689.4672155450608,0.575247193050197,-0.852325753016577,-0.852325753016577,-85.2325753016577,0.0,54.0,54.0,100.0,63.04104557973918,643.3062874995147,578.9756587495633,1222.281946249078,0.5765480878533387,0.7206851098166733,0,0.0,7.27548777529213,72.7548777529213,125,43,10.0,22.992592057065693,40.475372219879915,True,True,False,False,False,benchmark,,,,,
4e89240394ccd84ab2f07d96,WP2033,north-west,5041-17010-2,5041-17010-2,1,Croaghonagh,1.000000,health_aware,10.0,90.0,90.0,100.0,10.0,1420.0,1136.0,142.0,113.6,True,,-3982792.703782595,3321.991779820861,338.5984929818851,-689.4672155450608,0.575247193050197,-0.852325753016577,-0.852325753016577,-85.2325753016577,0.0,54.0,54.0,100.0,63.04104557973918,643.3062874995147,578.9756587495633,1222.281946249078,0.43038096698911193,0.53797620873639,0,0.0,7.27548777529213,72.7548777529213,125,43,10.0,19.69869547921805,32.74922151624839,True,True,False,False,False,benchmark,,,,,
e5eb5938b525f466fca0d430,WP2033,north-west,5041-17010-2,5041-17010-2,1,Croaghonagh,1.000000,health_aware,10.0,90.0,90.0,100.0,25.0,12.5,10.0,0.5,0.4,True,,-3944688.236753606,3593.4479357678415,67.14233703490481,-1100.9296766858752,0.11406855527920384,-1.360979455647893,-1.360979455647893,-136.09794556478928,0.0,53.0,53.0,100.0,62.07481464748851,151.6305876776239,136.46752890986153,288.09811658748544,11.523924663499418,14.404905829374272,0,0.0,1.7148697415921752,6.859478966368701,33,135,10.0,27.54241686975834,90.0,True,True,False,False,False,benchmark,,,,,
802424720b37db464a6db882,WP2033,north-west,5041-17010-2,5041-17010-2,1,Croaghonagh,1.000000,health_aware,10.0,90.0,90.0,100.0,25.0,25.0,20.0,1.0,0.8,True,,-3952757.5753449164,3540.7433080983683,119.84696470437802,-1048.2250490164006,0.20360879174222385,-1.2958255071308042,-1.2958255071308042,-129.58255071308042,0.0,55.0,55.0,100.0,62.271841530536676,272.84638760001485,245.56174884001337,518.4081364400282,10.368162728800565,12.960203411000705,0,0.0,3.08576271690493,12.34305086761972,38,130,10.0,27.152418531458054,90.0,True,True,False,False,False,benchmark,,,,,
46d90ea646012ed23c4c6cbf,WP2033,north-west,5041-17010-2,5041-17010-2,1,Croaghonagh,1.000000,health_aware,10.0,90.0,90.0,100.0,25.0,37.5,30.0,1.5,1.2,True,,-3958537.865436871,3494.6614570305783,165.92881577216804,-1008.765974550297,0.28189754974541326,-1.247045834074021,-1.247045834074021,-124.7045834074021,0.0,55.0,55.0,100.0,62.43383079524708,356.8015092895354,321.1213583605818,677.9228676501172,9.038971568668229,11.298714460835287,0,0.0,4.035255164584031,16.141020658336124,47,121,10.0,27.119359987958163,90.0,True,True,False,False,False,benchmark,,,,,
33f96605e88799fae60e6f49,WP2033,north-west,5041-17010-2,5041-17010-2,1,Croaghonagh,1.000000,health_aware,10.0,90.0,90.0,100.0,25.0,50.0,40.0,2.0,1.6,True,,-3963705.849022426,3452.497754895,208.09251790774624,-977.1431979486151,0.3535297389158286,-1.2079534649637713,-1.2079534649637713,-120.79534649637714,0.0,55.0,55.0,100.0,62.57607204753677,425.0332132124398,382.5298918911958,807.5631051036356,8.075631051036357,10.094538813795445,0,0.0,4.806923244664498,19.22769297865799,47,121,10.0,27.13508122260622,90.0,True,True,False,False,False,benchmark,,,,,
f7a946fceba8da5841566751,WP2033,north-west,5041-17010-2,5041-17010-2,1,Croaghonagh,1.000000,health_aware,10.0,90.0,90.0,100.0,25.0,75.0,60.0,3.0,2.4,True,,-3973063.0154729565,3387.255120210759,273.3351525919875,-918.1121960600285,0.4643708774536693,-1.1349787940851321,-1.1349787940851321,-113.49787940851321,0.0,55.0,55.0,100.0,62.796121577962104,532.4395500322596,479.1955950290335,1011.6351450612931,6.74423430040862,8.430292875510776,0,0.0,6.021637768221982,24.08655107288793,56,112,10.0,27.499960842970257,90.0,True,True,False,False,False,benchmark,,,,,
debaa64d3554d66d0a014042,WP2033,north-west,5041-17010-2,5041-17010-2,1,Croaghonagh,1.000000,health_aware,10.0,90.0,90.0,100.0,25.0,100.0,80.0,4.0,3.2,True,,-3981497.032308586,3324.0095670073915,336.5807057953548,-854.8666428566648,0.5718191612092923,-1.0567940558646332,-1.0567940558646332,-105.67940558646332,0.0,56.0,56.0,100.0,62.958619861208746,633.9173078654837,570.5255770789354,1204.4428849444191,6.022214424722096,7.527768030902619,0,0.0,7.169302886573922,28.677211546295688,62,106,10.0,28.51482311051648,90.0,True,True,False,False,False,benchmark,,,,,
beb2364a9ed63a8446159da6,WP2033,north-west,5041-17010-2,5041-17010-2,1,Croaghonagh,1.000000,health_aware,10.0,90.0,90.0,100.0,25.0,125.0,100.0,5.0,4.0,True,,-3988575.4435012476,3260.7640138040233,399.826258998723,-791.6210896532939,0.679267444964917,-0.9786093176441252,-0.9786093176441252,-97.86093176441251,0.0,56.0,56.0,100.0,63.0904665860035,724.0852569451553,651.6767312506396,1375.7619881957949,5.503047952783179,6.878809940978974,0,0.0,8.189059453546397,32.75623781418559,68,100,10.0,30.08434139976645,90.0,True,True,False,False,False,benchmark,,,,,
2699aa64eb86e1b1cfefdf8c,WP2033,north-west,5041-17010-2,5041-17010-2,1,Croaghonagh,1.000000,health_aware,10.0,90.0,90.0,100.0,25.0,150.0,120.0,6.0,4.8,True,,-3994921.5074813706,3197.518460600656,463.0718122020903,-728.3755364499302,0.7867157287205401,-0.9004245794236262,-0.9004245794236262,-90.04245794236262,0.0,56.0,56.0,100.0,63.219204831449275,818.2447121366406,736.4202409229765,1554.6649530596171,5.182216510198724,6.477770637748405,0,0.0,9.253958053926292,37.01583221570517,72,96,10.0,31.29660996839086,90.0,True,True,False,False,False,benchmark,,,,,
c3e0910b062fd7bff4c83a87,WP2033,north-west,5041-17010-2,5041-17010-2,1,Croaghonagh,1.000000,health_aware,10.0,90.0,90.0,100.0,25.0,200.0,160.0,8.0,6.4,True,,-4003249.9196660803,3073.5676980730664,587.02257472968,-604.4247739223392,0.9972964894099922,-0.7471954995974176,-0.7471954995974176,-74.71954995974176,0.0,56.0,56.0,100.0,63.39500046450895,957.1980350333588,861.4782315300229,1818.6762665633817,4.5466906664084545,5.6833633330105675,0,0.0,10.825453967639177,43.30181587055671,82,86,10.0,32.79969118641012,90.0,True,True,False,False,False,benchmark,,,,,
7da06eb7569882842f6bb095,WP2033,north-west,5041-17010-2,5041-17010-2,1,Croaghonagh,1.000000,health_aware,10.0,90.0,90.0,100.0,25.0,250.0,200.0,10.0,8.0,True,,-4010081.097900351,3031.403995937488,629.1862768652582,-562.261071786761,1.0689286785804075,-0.6950723407837486,-0.6950723407837486,-69.50723407837486,0.0,57.0,57.0,100.0,63.562858536954245,1028.6200707778503,925.7580637000651,1954.3781344779154,3.908756268955831,4.885945336194789,0,0.0,11.633203181416164,46.532812725664655,87,81,10.0,32.45175088448084,90.0,True,True,False,False,False,benchmark,,,,,
8cb8e161dfef2380c5e1a9fd,WP2033,north-west,5041-17010-2,5041-17010-2,1,Croaghonagh,1.000000,health_aware,10.0,90.0,90.0,100.0,25.0,290.0,232.0,11.6,9.28,True,,-4014119.4674993064,2997.6730342290257,662.9172385737206,-528.5301100782999,1.1262344299167397,-0.6533738137328152,-0.6533738137328152,-65.33738137328152,0.0,57.0,57.0,100.0,63.62360549471153,1092.8243105546471,983.5418794991825,2076.3661900538295,3.579941706989361,4.474927133736702,0,0.0,12.359322559844227,49.43729023937691,92,76,10.0,32.3863683043301,90.0,True,True,False,False,False,benchmark,,,,,
fc34a5bf751e8c25d1b2f032,WP2033,north-west,5041-17010-2,5041-17010-2,1,Croaghonagh,1.000000,health_aware,10.0,90.0,90.0,100.0,25.0,300.0,240.0,12.0,9.6,True,,-4015123.8068841766,2989.2402938019095,671.3499790008368,-520.0973696511828,1.1405608677508237,-0.6429491819700797,-0.6429491819700797,-64.29491819700797,0.0,57.0,57.0,100.0,63.636467343203975,1109.6897914088786,998.7208122679907,2108.4106036768694,3.5140176727947825,4.392522090993478,0,0.0,12.550063117124225,50.2002524684969,93,75,10.0,32.36342630160455,90.0,True,True,False,False,False,benchmark,,,,,
897816468bc33f56afc01923,WP2033,north-west,5041-17010-2,5041-17010-2,1,Croaghonagh,1.000000,health_aware,10.0,90.0,90.0,100.0,25.0,400.0,320.0,16.0,12.8,True,,-4024721.3930967366,2904.912889530753,755.6773832719932,-435.7699653800264,1.2838252460916544,-0.5387028643427416,-0.5387028643427416,-53.87028643427416,0.0,57.0,57.0,100.0,63.9566079779608,1263.2580471208898,1136.9322424088011,2400.1902895296907,3.0002378619121135,3.750297327390142,0,0.0,14.28684696148626,57.14738784594504,103,65,10.0,35.31272722741672,90.0,True,True,False,False,False,benchmark,,,,,
e55e2d42e716513bb344b557,WP2033,north-west,5041-17010-2,5041-17010-2,1,Croaghonagh,1.000000,health_aware,10.0,90.0,90.0,100.0,25.0,430.0,344.0,17.2,13.76,True,,-4026986.8488124814,2879.6146682494063,780.97560455334,-410.47174409867876,1.3268045595939033,-0.5074289690545394,-0.5074289690545394,-50.74289690545394,0.0,57.0,57.0,100.0,64.0093466678787,1288.556268402237,1159.7006415620135,2448.2569099642506,2.846810360423547,3.5585129505294337,0,0.0,14.572957797406254,58.291831189625015,105,63,10.0,36.925847426379754,90.0,True,True,False,False,False,benchmark,,,,,
91da21cd16eefb54c560677e,WP2033,north-west,5041-17010-2,5041-17010-2,1,Croaghonagh,1.000000,health_aware,10.0,90.0,90.0,100.0,25.0,500.0,400.0,20.0,16.0,True,,-4032256.1811008845,2857.765592668421,802.8246801343253,-388.6226685176953,1.3639240969197113,-0.48041893960367454,-0.48041893960367454,-48.04189396036745,0.0,57.0,57.0,100.0,64.05500430465571,1310.4053439832223,1179.3648095849003,2489.7701535681226,2.4897701535681227,3.112212691960153,0,0.0,14.820060437905491,59.28024175162196,106,62,10.0,39.359387249883824,90.0,True,True,False,False,False,benchmark,,,,,
45fa3c4d2da5612d7d73c529,WP2033,north-west,5041-17010-2,5041-17010-2,1,Croaghonagh,1.000000,health_aware,10.0,90.0,90.0,100.0,25.0,570.0,456.0,22.8,18.24,True,,-4037491.0904902313,2857.765592668421,802.8246801343253,-388.6226685176953,1.3639240969197113,-0.48041893960367454,-0.48041893960367454,-48.04189396036745,0.0,57.0,57.0,100.0,64.1780612477975,1355.1159167948613,1219.604325115375,2574.7202419102364,2.2585265279914353,2.823158159989294,0,0.0,15.325715725656169,61.302862902624675,111,57,10.0,40.439656220625004,90.0,True,True,False,False,False,benchmark,,,,,
2b90bceebea3c20650a34ec3,WP2033,north-west,5041-17010-2,5041-17010-2,1,Croaghonagh,1.000000,health_aware,10.0,90.0,90.0,100.0,25.0,600.0,480.0,24.0,19.2,True,,-4039731.247984694,2857.765592668421,802.8246801343253,-388.6226685176953,1.3639240969197113,-0.48041893960367454,-0.48041893960367454,-48.04189396036745,0.0,57.0,57.0,100.0,64.2307999377154,1380.414138076208,1242.3727242685877,2622.7868623447957,2.185655718620663,2.732069648275829,0,0.0,15.611826561576168,62.44730624630467,111,57,10.0,41.04384607703024,90.0,True,True,False,False,False,benchmark,,,,,
3a4943a2207e302d48da413e,WP2033,north-west,5041-17010-2,5041-17010-2,1,Croaghonagh,1.000000,health_aware,10.0,90.0,90.0,100.0,25.0,710.0,568.0,28.4,22.72,True,,-4043273.856902998,2857.765592668421,802.8246801343253,-388.6226685176953,1.3639240969197113,-0.48041893960367454,-0.48041893960367454,-48.04189396036745,0.0,57.0,57.0,100.0,64.42417513408105,1384.2817633695963,1245.8535870326368,2630.135350402233,1.8522079932410092,2.3152599915512617,0,0.0,15.655567561918057,62.62227024767222,112,56,10.0,41.83613981613226,90.0,True,True,False,False,False,benchmark,,,,,
605a0af732b26ff954a66fd4,WP2033,north-west,5041-17010-2,5041-17010-2,1,Croaghonagh,1.000000,health_aware,10.0,90.0,90.0,100.0,25.0,850.0,680.0,34.0,27.2,True,,-4047136.7304877387,2857.765592668421,802.8246801343253,-388.6226685176953,1.3639240969197113,-0.48041893960367454,-0.48041893960367454,-48.04189396036745,0.0,57.0,57.0,100.0,64.55447347803548,1444.3170487225661,1299.8853438503097,2744.202392572876,1.6142367015134564,2.0177958768918205,0,0.0,16.33453805102902,65.33815220411608,116,52,10.0,43.14331143782109,90.0,True,True,False,False,False,benchmark,,,,,
bd36e9c644b76f079580bcba,WP2033,north-west,5041-17010-2,5041-17010-2,1,Croaghonagh,1.000000,health_aware,10.0,90.0,90.0,100.0,25.0,1060.0,848.0,42.4,33.92,True,,-4051293.7838980956,2857.765592668421,802.8246801343253,-388.6226685176953,1.3639240969197113,-0.48041893960367454,-0.48041893960367454,-48.04189396036745,0.0,57.0,57.0,100.0,64.84774336344363,1584.9956751306063,1426.4961076175457,3011.491782748152,1.4205149918623359,1.77564373982792,0,0.0,17.925546325881857,71.70218530352743,126,42,10.0,43.305927772950426,86.74145879867882,True,True,False,False,False,benchmark,,,,,
94573bb832a54291f6044ee3,WP2033,north-west,5041-17010-2,5041-17010-2,1,Croaghonagh,1.000000,health_aware,10.0,90.0,90.0,100.0,25.0,1420.0,1136.0,56.8,45.44,True,,-4051293.7838980956,2857.765592668421,802.8246801343253,-388.6226685176953,1.3639240969197113,-0.48041893960367454,-0.48041893960367454,-48.04189396036745,0.0,57.0,57.0,100.0,64.84774336344363,1584.9956751306063,1426.4961076175457,3011.491782748152,1.060384430545124,1.325480538181405,0,0.0,17.925546325881857,71.70218530352743,126,42,10.0,34.86217143614609,67.28587769478843,True,True,False,False,False,benchmark,,,,,
019e10572fb8ecfa5bb55c0e,WP2033,north-west,5041-17010-2,5041-17010-2,1,Croaghonagh,1.000000,health_aware,10.0,90.0,90.0,100.0,40.0,20.0,16.0,0.5,0.4,True,,-3949990.8967060125,3561.825159166157,98.76511363658938,-922.8640084392209,0.16779269715701692,-1.140853028527283,-1.140853028527283,-114.0853028527283,0.0,55.0,55.0,100.0,62.24910684521877,229.67296997911208,206.70567298120085,436.37864296031296,10.909466074007824,13.63683259250978,0,0.0,2.5974919223828152,6.493729805957038,36,132,10.0,30.80436359485561,90.0,True,True,False,False,False,benchmark,,,,,
45c07d78fea7612bfbfecd99,WP2033,north-west,5041-17010-2,5041-17010-2,1,Croaghonagh,1.000000,health_aware,10.0,90.0,90.0,100.0,40.0,40.0,32.0,1.0,0.8,True,,-3960230.1808107975,3477.497754895,183.09251790774624,-838.5366041680645,0.31105707549784845,-1.036606710899945,-1.036606710899945,-103.66067108999451,0.0,55.0,55.0,100.0,62.53248479155182,387.12438249178854,348.4119442426097,735.5363267343982,9.194204084179978,11.492755105224973,0,0.0,4.378192421038085,10.94548105259521,38,130,10.0,30.23821561236182,90.0,True,True,False,False,False,benchmark,,,,,
ba6578b5e6b5e0ab076c8241,WP2033,north-west,5041-17010-2,5041-17010-2,1,Croaghonagh,1.000000,health_aware,10.0,90.0,90.0,100.0,40.0,60.0,48.0,1.5,1.2,True,,-3968949.825244165,3407.0449697371373,253.545303065609,-768.0838190102004,0.4307497727326154,-0.9495123258328902,-0.9495123258328902,-94.95123258328903,0.0,57.0,57.0,100.0,62.76601772314345,511.45178676294535,460.30660808665084,971.7583948495962,8.097986623746635,10.122483279683294,0,0.0,5.784276159819025,14.460690399547563,46,122,10.0,30.263156221817002,90.0,True,True,False,False,False,benchmark,,,,,
b17b28ac433de05ec8843c19,WP2033,north-west,5041-17010-2,5041-17010-2,1,Croaghonagh,1.000000,health_aware,10.0,90.0,90.0,100.0,40.0,80.0,64.0,2.0,1.6,True,,-3977307.27295968,3339.583046320212,321.0072264825344,-700.6218955932782,0.5453612754052805,-0.8661152717310234,-0.8661152717310234,-86.61152717310235,0.0,57.0,57.0,100.0,62.929541204501696,623.6233244989269,561.2609920490343,1184.8843165479611,7.405526978424757,9.256908723030946,0,0.0,7.052882836595007,17.63220709148752,49,119,10.0,31.128048792485927,90.0,True,True,False,False,False,benchmark,,,,,
4b6c59d0f1525498ebc1e8ae,WP2033,north-west,5041-17010-2,5041-17010-2,1,Croaghonagh,1.000000,health_aware,10.0,90.0,90.0,100.0,40.0,120.0,96.0,3.0,2.4,True,,-3991826.2398615675,3231.6913009952973,428.898971807449,-592.7301502683622,0.7286592667958218,-0.7327384976002429,-0.7327384976002429,-73.27384976002429,0.0,57.0,57.0,100.0,63.204019416425496,795.8458709037462,716.2612838133716,1512.1071547171177,6.3004464779879905,7.875558097484988,0,0.0,9.000637825697131,22.50159456424283,56,112,10.0,30.462607816918734,90.0,True,True,False,False,False,benchmark,,,,,
c5c6529014fe8380445564bc,WP2033,north-west,5041-17010-2,5041-17010-2,1,Croaghonagh,1.000000,health_aware,10.0,90.0,90.0,100.0,40.0,160.0,128.0,4.0,3.2,True,,-4004437.7872986677,3130.498415869909,530.0918569328373,-506.4611119768233,0.9005765208048198,-0.626091914026689,-0.626091914026689,-62.6091914026689,0.0,58.0,58.0,100.0,63.435295775403624,953.4961449272838,858.1465304345555,1811.6426753618393,5.661383360505748,7.076729200632185,0,0.0,10.783587353344283,26.958968383360705,61,107,10.0,29.766796162874613,90.0,True,True,False,False,False,benchmark,,,,,
a5e80960e19bd898b02936bb,WP2033,north-west,5041-17010-2,5041-17010-2,1,Croaghonagh,1.000000,health_aware,10.0,90.0,90.0,100.0,40.0,200.0,160.0,5.0,4.0,True,,-4015267.2390387896,3029.305530744521,631.2847420582252,-430.3443800175846,1.072493774813817,-0.5319957055027914,-0.5319957055027914,-53.19957055027914,0.0,59.0,59.0,100.0,63.64625053507525,1097.3893747363136,987.6504372626822,2085.039811998996,5.212599529997489,6.515749412496862,0,0.0,12.410951261898784,31.02737815474696,67,101,10.0,30.743439234274486,90.0,True,True,False,False,False,benchmark,,,,,
e54477ce6c97083d8f040131,WP2033,north-west,5041-17010-2,5041-17010-2,1,Croaghonagh,1.000000,health_aware,10.0,90.0,90.0,100.0,40.0,240.0,192.0,6.0,4.8,True,,-4024228.313113901,2928.112645619133,732.4776271836131,-340.8149497323102,1.2444110288228143,-0.4213185951709885,-0.4213185951709885,-42.13185951709885,0.0,59.0,59.0,100.0,63.852231727788464,1263.6584130278507,1137.292571725066,2400.9509847529166,5.001981218235243,6.252476522794054,0,0.0,14.291374909243551,35.728437273108874,74,94,10.0,31.841824096781757,90.0,True,True,False,False,False,benchmark,,,,,
cc653b62a8c2dd1f84269171,WP2033,north-west,5041-17010-2,5041-17010-2,1,Croaghonagh,1.000000,health_aware,10.0,90.0,90.0,100.0,40.0,290.0,232.0,7.25,5.8,True,,-4032420.1141323363,2801.6215392123972,858.9687335903491,-264.1119572232419,1.4593075963340627,-0.3264976459294306,-0.3264976459294306,-32.64976459294306,0.0,58.0,58.0,100.0,63.90093955313985,1401.9727030690806,1261.7754327621728,2663.7481358312534,4.592669199709057,5.740836499636322,0,0.0,15.855643665662223,39.639109164155556,79,89,10.0,32.332016060887426,90.0,True,True,False,False,False,benchmark,,,,,
cb08cf482f5b987a1fc923a8,WP2033,north-west,5041-17010-2,5041-17010-2,1,Croaghonagh,1.000000,health_aware,10.0,90.0,90.0,100.0,40.0,320.0,256.0,8.0,6.4,True,,-4036944.3180324608,2751.575615413976,909.0146573887705,-214.0660334248205,1.5443309434113521,-0.26463041174458485,-0.26463041174458485,-26.463041174458485,0.0,58.0,58.0,100.0,64.00641693297567,1463.7637139963895,1317.3873425967508,2781.1510565931403,4.345548525926782,5.431935657408477,0,0.0,16.55447057495917,41.38617643739792,80,88,10.0,32.62643450552308,90.0,True,True,False,False,False,benchmark,,,,,
13db7809310b6f5265eeabeb,WP2033,north-west,5041-17010-2,5041-17010-2,1,Croaghonagh,1.000000,health_aware,10.0,90.0,90.0,100.0,40.0,400.0,320.0,10.0,8.0,True,,-4047919.1462584203,2684.113691997051,976.4765808056954,-146.60411000789463,1.6589424460840163,-0.18123335764271356,-0.18123335764271356,-18.123335764271356,0.0,58.0,58.0,100.0,64.27975238525677,1582.5245086634468,1424.2720577971024,3006.796566460549,3.7584957080756864,4.698119635094608,0,0.0,17.89759860988422,44.743996524710546,86,82,10.0,31.782069311661708,90.0,True,True,False,False,False,benchmark,,,,,
d06f0b1b87cc9d963137a5d3,WP2033,north-west,5041-17010-2,5041-17010-2,1,Croaghonagh,1.000000,health_aware,10.0,90.0,90.0,100.0,40.0,430.0,344.0,10.75,8.6,True,,-4050932.1644130293,2658.815470715703,1001.7748020870431,-121.30588872655062,1.7019217595862668,-0.14995946235451577,-0.14995946235451577,-14.995946235451576,0.0,58.0,58.0,100.0,64.38522976509257,1633.1209512261407,1469.808856103527,3102.9298073296677,3.6080579154996135,4.510072394374517,0,0.0,18.469820281724214,46.17455070431053,88,80,10.0,31.47958305315906,90.0,True,True,False,False,False,benchmark,,,,,
565f587d69d2b09032e89dfd,WP2033,north-west,5041-17010-2,5041-17010-2,1,Croaghonagh,1.000000,health_aware,10.0,90.0,90.0,100.0,40.0,480.0,384.0,12.0,9.6,True,,-4055953.8613373768,2616.651768580125,1043.9385042226213,-79.14218659097241,1.7735539487566823,-0.09783630354084678,-0.09783630354084678,-9.783630354084679,0.0,58.0,58.0,100.0,64.56102539815225,1717.4483554972976,1545.703519947568,3263.1518754448657,3.3991165369217353,4.248895671152169,0,0.0,19.423523068124197,48.55880767031049,92,76,10.0,32.33456121058339,90.0,True,True,False,False,False,benchmark,,,,,
501af6a2e192cd5365937f71,WP2033,north-west,5041-17010-2,5041-17010-2,1,Croaghonagh,1.000000,health_aware,10.0,90.0,90.0,100.0,40.0,570.0,456.0,14.25,11.4,True,,-4064992.9158012015,2540.757104736084,1119.8331680666624,-3.2475227469258243,1.9024918892634306,-0.004014617676235418,-0.004014617676235418,-0.4014617676235418,0.0,59.0,59.0,100.0,64.8774575376597,1869.2376831853794,1682.313914866842,3551.5515980522214,3.1153961386422995,3.8942451733028745,0,0.0,21.140188083644176,52.85047020911044,99,69,10.0,34.27259454070684,90.0,True,True,False,False,False,benchmark,,,,,
46a9dcbae02b87926e910d8c,WP2033,north-west,5041-17010-2,5041-17010-2,1,Croaghonagh,1.000000,health_aware,10.0,90.0,90.0,100.0,40.0,640.0,512.0,16.0,12.8,True,,-4070809.072907361,2481.7279217462747,1178.8623510564717,55.7816602428793,2.0027769541020115,0.06895780466289576,0.06895780466289576,6.895780466289576,0.0,59.0,59.0,100.0,65.03791129139482,1946.2057416209063,1751.5851674588166,3697.790909079723,2.8888991477185337,3.611123934648167,0,0.0,22.010660173093587,55.02665043273397,102,66,10.0,36.177706989132545,90.0,True,True,False,False,False,benchmark,,,,,
adf4ee5954fae2d22e8a1183,WP2033,north-west,5041-17010-2,5041-17010-2,1,Croaghonagh,1.000000,health_aware,10.0,90.0,90.0,100.0,40.0,710.0,568.0,17.75,14.2,True,,-4076084.804051537,2445.6591666722848,1214.9311061304616,91.85041531686875,2.0640543978685373,0.11354633350904994,0.11354633350904994,11.354633350904994,0.0,59.0,59.0,100.0,65.1609682345366,1982.2744966948958,1784.0470470254072,3766.321543720303,2.652339115295988,3.315423894119985,0,0.0,22.418580617382755,56.04645154345688,104,64,10.0,38.06592970223722,90.0,True,True,False,False,False,benchmark,,,,,
62c80c5491e61305c5288129,WP2033,north-west,5041-17010-2,5041-17010-2,1,Croaghonagh,1.000000,health_aware,10.0,90.0,90.0,100.0,40.0,800.0,640.0,20.0,16.0,True,,-4082845.480537923,2445.6591666722848,1214.9311061304616,91.85041531686875,2.0640543978685373,0.11354633350904994,0.11354633350904994,11.354633350904994,0.0,60.0,60.0,100.0,65.31918430429032,1985.0709732709224,1786.5638759438307,3771.634849214753,2.3572717807592207,2.9465897259490257,0,0.0,22.4502074358021,56.12551858950525,107,61,10.0,39.940564583024255,90.0,True,True,False,False,False,benchmark,,,,,
c97bce2703c2731b89c0c0ba,WP2033,north-west,5041-17010-2,5041-17010-2,1,Croaghonagh,1.000000,health_aware,10.0,90.0,90.0,100.0,40.0,850.0,680.0,21.25,17.0,True,,-4086579.0763620287,2445.6591666722848,1214.9311061304616,91.85041531686875,2.0640543978685373,0.11354633350904994,0.11354633350904994,11.354633350904994,0.0,60.0,60.0,100.0,65.40708212082016,2027.2346754065006,1824.511207865851,3851.7458832723514,2.265732872513148,2.8321660906414348,0,0.0,22.927058829002096,57.31764707250524,108,60,10.0,40.54916249849185,90.0,True,True,False,False,False,benchmark,,,,,
6e3fd050bdaf0363610e7699,WP2033,north-west,5041-17010-2,5041-17010-2,1,Croaghonagh,1.000000,health_aware,10.0,90.0,90.0,100.0,40.0,960.0,768.0,24.0,19.2,True,,-4094792.9871750614,2445.6591666722848,1214.9311061304616,91.85041531686875,2.0640543978685373,0.11354633350904994,0.11354633350904994,11.354633350904994,0.0,60.0,60.0,100.0,65.49827049037586,2119.9948201047737,1907.9953380942964,4027.99015819907,2.097911540728682,2.622389425910853,0,0.0,23.976131894042084,59.94032973510521,111,57,10.0,41.92183599230876,90.0,True,True,False,False,False,benchmark,,,,,
6ce338c89016c4166962eb51,WP2033,north-west,5041-17010-2,5041-17010-2,1,Croaghonagh,1.000000,health_aware,10.0,90.0,90.0,100.0,40.0,1060.0,848.0,26.5,21.2,True,,-4099426.3913012394,2445.6591666722848,1214.9311061304616,91.85041531686875,2.0640543978685373,0.11354633350904994,0.11354633350904994,11.354633350904994,0.0,60.0,60.0,100.0,65.67406612343554,2150.3966768586615,1935.3570091727952,4085.7536860314567,1.9272423047318192,2.409052880914774,0,0.0,24.31996241685391,60.799906042134786,111,57,10.0,42.68621234772114,90.0,True,True,False,False,False,benchmark,,,,,
feb26b65e2786b6e886d3724,WP2033,north-west,5041-17010-2,5041-17010-2,1,Croaghonagh,1.000000,health_aware,10.0,90.0,90.0,100.0,40.0,1420.0,1136.0,35.5,28.4,True,,-4109393.617990021,2445.6591666722848,1214.9311061304616,91.85041531686875,2.0640543978685373,0.11354633350904994,0.11354633350904994,11.354633350904994,0.0,60.0,60.0,100.0,66.30693040245038,2299.4827086040978,2069.5344377436872,4369.0171463477855,1.5383863191365441,1.9229828989206803,0,0.0,26.006054442546336,65.01513610636584,117,51,10.0,43.21908417591399,90.0,True,True,False,False,False,benchmark,,,,,
c6fb9bf63d9f2e9fe57c80a1,WP2033,north-west,5041-17010-2,5041-17010-2,1,Croaghonagh,1.000000,health_aware,10.0,90.0,90.0,100.0,50.0,25.0,20.0,0.5,0.4,True,,-3952757.5753449164,3540.7433080983674,119.84696470437893,-880.0969960027724,0.20360879174222538,-1.0879840519359183,-1.0879840519359183,-108.79840519359183,0.0,54.0,54.0,100.0,62.271841530536676,272.8463876000149,245.56174884001342,518.4081364400283,10.368162728800566,12.960203411000709,0,0.0,3.0857627169049304,6.171525433809861,36,132,10.0,30.046971083454554,90.0,True,True,False,False,False,benchmark,,,,,
5f292c4ce29c6826c9473055,WP2033,north-west,5041-17010-2,5041-17010-2,1,Croaghonagh,1.000000,health_aware,10.0,90.0,90.0,100.0,50.0,50.0,40.0,1.0,0.8,True,,-3964748.0608972167,3440.7759314456002,219.81434135714608,-780.1296193500057,0.37344402139628247,-0.9644034556992978,-0.9644034556992978,-96.44034556992978,0.0,54.0,54.0,100.0,62.62343279665604,454.586305908714,409.12767531784255,863.7139812265566,8.637139812265566,10.796424765331958,0,0.0,5.141154650158075,10.28230930031615,38,130,10.0,30.371718143610376,90.0,True,True,False,False,False,benchmark,,,,,
c1ff813ff441f4c568277cfb,WP2033,north-west,5041-17010-2,5041-17010-2,1,Croaghonagh,1.000000,health_aware,10.0,90.0,90.0,100.0,50.0,75.0,60.0,1.5,1.2,True,,-3975570.84235681,3356.448527174443,304.1417456283034,-695.8022150788493,0.5167083997371148,-0.8601571380719597,-0.8601571380719597,-86.01571380719597,0.0,56.0,56.0,100.0,62.94225885098194,607.5239705558813,546.771573500293,1154.2955440561743,7.695303627041162,9.619129533801452,0,0.0,6.8708068098581805,13.741613619716361,46,122,10.0,29.694406029859778,90.0,True,True,False,False,False,benchmark,,,,,
a6d116572722fb3cf1fd1f3c,WP2033,north-west,5041-17010-2,5041-17010-2,1,Croaghonagh,1.000000,health_aware,10.0,90.0,90.0,100.0,50.0,100.0,80.0,2.0,1.6,True,,-3985858.2659856067,3272.1211229032865,388.4691498994598,-611.4748108076892,0.6599727780779455,-0.7559108204446172,-0.7559108204446172,-75.59108204446173,0.0,56.0,56.0,100.0,63.223316728142244,742.3446189325363,668.1101570392825,1410.454775971819,7.0522738798590945,8.815342349823869,0,0.0,8.395564142689398,16.791128285378797,51,117,10.0,29.313955380515228,90.0,True,True,False,False,False,benchmark,,,,,
b22d907b2aec7d694b860d70,WP2033,north-west,5041-17010-2,5041-17010-2,1,Croaghonagh,1.000000,health_aware,10.0,90.0,90.0,100.0,50.0,150.0,120.0,3.0,2.4,True,,-4003146.2483856203,3144.1242700258035,516.4660027769428,-483.4779579302085,0.8774274681109879,-0.5976799262804832,-0.5976799262804832,-59.76799262804832,0.0,59.0,59.0,100.0,63.566838547479165,945.933889112981,851.3405002016829,1797.274389314664,5.99091463104888,7.4886432888111,0,0.0,10.698061841158713,21.396123682317423,57,111,10.0,28.57680679545154,90.0,True,True,False,False,False,benchmark,,,,,
ff5be13ad645d2263ca5191f,WP2033,north-west,5041-17010-2,5041-17010-2,1,Croaghonagh,1.000000,health_aware,10.0,90.0,90.0,100.0,50.0,200.0,160.0,4.0,3.2,True,,-4017928.459703756,3017.6331636190675,642.9571091836788,-356.98685152347025,1.0923240356222363,-0.44131044983947165,-0.44131044983947165,-44.13104498394716,0.0,60.0,60.0,100.0,63.8305319970687,1138.1706232915783,1024.3535609624205,2162.524184253999,5.406310460634997,6.757888075793747,0,0.0,12.87216776341666,25.74433552683332,65,103,10.0,30.605799742678126,90.0,True,True,False,False,False,benchmark,,,,,
ca918074ed81ba81d451fe3c,WP2033,north-west,5041-17010-2,5041-17010-2,1,Croaghonagh,1.000000,health_aware,10.0,90.0,90.0,100.0,50.0,250.0,200.0,5.0,4.0,True,,-4030943.7488841177,2891.142057212333,769.4482155904134,-273.9159379571902,1.3072206031334825,-0.33861741765057973,-0.33861741765057973,-33.86174176505797,0.0,61.0,61.0,100.0,64.09422544665821,1335.736294722427,1202.162665250184,2537.898959972611,5.075797919945222,6.344747399931528,0,0.0,15.106541428408399,30.213082856816797,70,98,10.0,31.117033145185513,90.0,True,True,False,False,False,benchmark,,,,,
51851e004aaa8f0bbca1403a,WP2033,north-west,5041-17010-2,5041-17010-2,1,Croaghonagh,1.000000,health_aware,10.0,90.0,90.0,100.0,50.0,290.0,232.0,5.8,4.64,True,,-4039769.455015139,2789.949172086944,870.6411007158022,-192.62685756457358,1.4791378571424814,-0.23812710412220014,-0.23812710412220014,-23.812710412220014,0.0,62.0,62.0,100.0,64.22529065763936,1504.3911032647404,1353.9519929382661,2858.3430962030066,4.928177752074149,6.160222190092687,0,0.0,17.013947001208372,34.027894002416744,76,92,10.0,32.024127127449816,90.0,True,True,False,False,False,benchmark,,,,,
67c4f60d2f3a1cc1327c4914,WP2033,north-west,5041-17010-2,5041-17010-2,1,Croaghonagh,1.000000,health_aware,10.0,90.0,90.0,100.0,50.0,300.0,240.0,6.0,4.8,True,,-4041887.757159256,2764.6509508055974,895.9393219971489,-167.32863628322593,1.5221171706447303,-0.20685320883399785,-0.20685320883399785,-20.685320883399786,0.0,62.0,62.0,100.0,64.23665326224734,1543.5725925868487,1389.2153333281635,2932.7879259150122,4.88797987652502,6.109974845656276,0,0.0,17.457070987589358,34.914141975178715,77,91,10.0,32.37506919598511,90.0,True,True,False,False,False,benchmark,,,,,
eb5bdac21d79bafc0e4459be,WP2033,north-west,5041-17010-2,5041-17010-2,1,Croaghonagh,1.000000,health_aware,10.0,90.0,90.0,100.0,50.0,400.0,320.0,8.0,6.4,True,,-4057056.373228225,2562.808860660218,1097.781412142528,3.936172966288723,1.8650280169777822,0.004865933451010139,0.004865933451010139,0.48659334510101393,0.0,62.0,62.0,100.0,64.5571880415073,1771.7715256940173,1594.5943731246155,3366.3658988186326,4.207957373523291,5.259946716904113,0,0.0,20.037892254872812,40.075784509745624,84,84,10.0,33.28175723339399,90.0,True,True,False,False,False,benchmark,,,,,
10ed03fcda0e252c884238e7,WP2033,north-west,5041-17010-2,5041-17010-2,1,Croaghonagh,1.000000,health_aware,10.0,90.0,90.0,100.0,50.0,430.0,344.0,8.6,6.88,True,,-4061561.986438432,2537.510639378871,1123.0796334238753,29.234394247636374,1.908007330480032,0.03613982873921243,0.03613982873921243,3.6139828739212434,0.0,62.0,62.0,100.0,64.6626654213431,1822.3679682567115,1640.1311714310402,3462.4991396877517,4.026161790334595,5.032702237918244,0,0.0,20.610113926712806,41.22022785342561,87,81,10.0,32.99673745662955,90.0,True,True,False,False,False,benchmark,,,,,
b90ecebba2f3406ab9e156ad,WP2033,north-west,5041-17010-2,5041-17010-2,1,Croaghonagh,1.000000,health_aware,10.0,90.0,90.0,100.0,50.0,500.0,400.0,10.0,8.0,True,,-4070649.4959974205,2478.4814563890613,1182.108816413685,88.26357723744513,2.008292395318614,0.10911225107834811,0.10911225107834811,10.911225107834811,0.0,62.0,62.0,100.0,64.90877930762666,1924.2632820695374,1731.8369538625834,3656.100235932121,3.656100235932121,4.570125294915151,0,0.0,21.76250140435786,43.52500280871572,90,78,10.0,32.57925287930196,90.0,True,True,False,False,False,benchmark,,,,,
762de6331e729bf6ae5013b5,WP2033,north-west,5041-17010-2,5041-17010-2,1,Croaghonagh,1.000000,health_aware,10.0,90.0,90.0,100.0,50.0,570.0,456.0,11.4,9.12,True,,-4077679.871691507,2419.4522733992517,1241.1379994034946,147.2927602272539,2.1085774601571954,0.1820846734174838,0.1820846734174838,18.20846734174838,0.0,62.0,62.0,100.0,65.15489319391021,2042.3216480491565,1838.089483244241,3880.4111312933974,3.403869413415261,4.254836766769076,0,0.0,23.097685305317842,46.195370610635685,94,74,10.0,32.496909320417316,90.0,True,True,False,False,False,benchmark,,,,,
e28805cf3d90ba3e9a2dad90,WP2033,north-west,5041-17010-2,5041-17010-2,1,Croaghonagh,1.000000,health_aware,10.0,90.0,90.0,100.0,50.0,600.0,480.0,12.0,9.6,True,,-4080692.8898461154,2394.1540521179054,1266.436220684841,172.59098150860518,2.151556773659444,0.2133585687056906,0.2133585687056906,21.33585687056906,0.0,62.0,62.0,100.0,65.26037057374603,2092.918090611851,1883.6262815506657,3976.5443721625165,3.3137869768020973,4.142233721002621,0,0.0,23.669906977157837,47.339813954315666,96,72,10.0,32.51037090085921,90.0,True,True,False,False,False,benchmark,,,,,
db9a25b7e25c0b3a8fe30379,WP2033,north-west,5041-17010-2,5041-17010-2,1,Croaghonagh,1.000000,health_aware,10.0,90.0,90.0,100.0,50.0,710.0,568.0,14.2,11.36,True,,-4091694.2243494135,2301.393907419632,1359.1963653831144,245.92840710273958,2.30914758983436,0.3040189729779987,0.3040189729779987,30.401897297799866,0.0,63.0,63.0,100.0,65.64384765026867,2276.8682030112145,2049.181382710093,4326.049585721308,3.0465137927614845,3.808142240951856,0,0.0,25.750295153103018,51.50059030620603,101,67,10.0,34.45298996927535,90.0,True,True,False,False,False,benchmark,,,,,
9ade438ba77d4fa56a0a81d5,WP2033,north-west,5041-17010-2,5041-17010-2,1,Croaghonagh,1.000000,health_aware,10.0,90.0,90.0,100.0,50.0,800.0,640.0,16.0,12.8,True,,-4098490.5914966473,2225.499243575591,1435.091029227155,271.82307094678254,2.4380855303411075,0.33603019608240253,0.33603019608240253,33.60301960824025,0.0,63.0,63.0,100.0,65.80206372002237,2352.7628668552557,2117.48658016973,4470.249447024986,2.7939059043906163,3.4923823804882703,0,0.0,26.60862766086301,53.21725532172602,105,63,10.0,36.93107769322777,90.0,True,True,False,False,False,benchmark,,,,,
f50f98708228e7e11c439ca4,WP2033,north-west,5041-17010-2,5041-17010-2,1,Croaghonagh,1.000000,health_aware,10.0,90.0,90.0,100.0,50.0,850.0,680.0,17.0,13.6,True,,-4102252.6533261826,2213.774867455561,1446.8154053471853,283.5474470668123,2.4580041495703813,0.3505239783534768,0.3505239783534768,35.05239783534768,0.0,63.0,63.0,100.0,65.88996153655222,2364.487242975286,2128.0385186777567,4492.5257616530425,2.642662212737084,3.3033277659213547,0,0.0,26.7412247717443,53.4824495434886,105,63,10.0,37.82910628653002,90.0,True,True,False,False,False,benchmark,,,,,
9eb5ca4cf545b0ed85bb0218,WP2033,north-west,5041-17010-2,5041-17010-2,1,Croaghonagh,1.000000,health_aware,10.0,90.0,90.0,100.0,50.0,1000.0,800.0,20.0,16.0,True,,-4113507.864740874,2213.774867455561,1446.8154053471853,283.5474470668123,2.4580041495703813,0.3505239783534768,0.3505239783534768,35.05239783534768,0.0,63.0,63.0,100.0,66.12540937924449,2392.0257268804007,2152.8231541923606,4544.848881072761,2.2724244405363807,2.8405305506704757,0,0.0,27.05267191114739,54.10534382229478,108,60,10.0,39.49395037406161,90.0,True,True,False,False,False,benchmark,,,,,
b0a1ae5a0dd8c30ed97039b2,WP2033,north-west,5041-17010-2,5041-17010-2,1,Croaghonagh,1.000000,health_aware,10.0,90.0,90.0,100.0,50.0,1060.0,848.0,21.2,16.96,True,,-4117988.1797297997,2213.774867455561,1446.8154053471853,283.5474470668123,2.4580041495703813,0.3505239783534768,0.3505239783534768,35.05239783534768,0.0,63.0,63.0,100.0,66.1817330596128,2442.622169443095,2198.359952498786,4640.982121941881,2.189142510349944,2.7364281379374296,0,0.0,27.624893582987387,55.24978716597477,109,59,10.0,39.75648433299801,90.0,True,True,False,False,False,benchmark,,,,,
1ff1484a17c429e128c76ea2,WP2033,north-west,5041-17010-2,5041-17010-2,1,Croaghonagh,1.000000,health_aware,10.0,90.0,90.0,100.0,50.0,1200.0,960.0,24.0,19.2,True,,-4128442.248037296,2213.774867455561,1446.8154053471853,283.5474470668123,2.4580041495703813,0.3505239783534768,0.3505239783534768,35.05239783534768,0.0,63.0,63.0,100.0,66.32566011908638,2560.6805354227145,2304.612481880443,4865.293017303157,2.0272054238763157,2.5340067798453942,0,0.0,28.96007748394737,57.92015496789474,112,56,10.0,41.17956188167619,90.0,True,True,False,False,False,benchmark,,,,,
6ada5a55503e2007c367c8de,WP2033,north-west,5041-17010-2,5041-17010-2,1,Croaghonagh,1.000000,health_aware,10.0,90.0,90.0,100.0,50.0,1420.0,1136.0,28.4,22.72,True,,-4137274.6342292083,2213.774867455561,1446.8154053471853,283.5474470668123,2.4580041495703813,0.3505239783534768,0.3505239783534768,35.05239783534768,0.0,63.0,63.0,100.0,66.7124105118177,2601.663518745987,2341.497166871389,4943.160685617376,1.7405495371892168,2.175686921486521,0,0.0,29.423575509627238,58.84715101925448,112,56,10.0,42.69342202845266,90.0,True,True,False,False,False,benchmark,,,,,
6d5358f8ad980eb34814ca18,WP2033,north-west,5041-17010-2,5041-17010-2,1,Croaghonagh,1.000000,health_aware,10.0,90.0,90.0,100.0,60.0,30.0,24.0,0.5,0.4,True,,-3955363.3713165564,3519.6614570305787,140.92881577216758,-384.7598872171948,0.2394248863274323,-0.4756437336091667,-0.4756437336091667,-47.56437336091667,0.0,56.0,56.0,100.0,62.34215978376054,313.1260646098722,281.8134581488849,594.939522758757,9.91565871264595,12.394573390807437,0,0.0,3.54130668308784,5.9021778051464,37,131,10.0,25.268978615180167,90.0,True,True,False,False,False,benchmark,,,,,
0fd778a64361bd1c22d0d734,WP2033,north-west,5041-17010-2,5041-17010-2,1,Croaghonagh,1.000000,health_aware,10.0,90.0,90.0,100.0,60.0,60.0,48.0,1.0,0.8,True,,-3969172.289739222,3407.0449697371373,253.545303065609,-272.1433999237561,0.4307497727326154,-0.3364261897284473,-0.3364261897284473,-33.64261897284473,0.0,56.0,56.0,100.0,62.757673436269265,518.9801960711667,467.0821764640499,986.0623725352166,8.21718643779347,10.271483047241839,0,0.0,5.869418884138194,9.782364806896991,39,129,10.0,26.093252193792274,90.0,True,True,False,False,False,benchmark,,,,,
a32ae10d7c51d7ee58319c37,WP2033,north-west,5041-17010-2,5041-17010-2,1,Croaghonagh,1.000000,health_aware,10.0,90.0,90.0,100.0,60.0,90.0,72.0,1.5,1.2,True,,-3981969.3949743933,3305.8520846117494,354.7381881909969,-170.95051479836548,0.6026670267416127,-0.2113306085756381,-0.2113306085756381,-21.13306085756381,0.0,59.0,59.0,100.0,63.11890670508022,696.0677450405959,626.4609705365363,1322.528715577132,7.347381753206289,9.184227191507862,0,0.0,7.872194735578167,13.120324559296943,48,120,10.0,26.644372833115675,90.0,True,True,False,False,False,benchmark,,,,,
4640d07090c4021885c89177,WP2033,north-west,5041-17010-2,5041-17010-2,1,Croaghonagh,1.000000,health_aware,10.0,90.0,90.0,100.0,60.0,120.0,96.0,2.0,1.6,True,,-3993515.4858730175,3210.0189338698447,450.57133893290165,-75.11736405645934,0.7654785929714317,-0.09286078067312786,-0.09286078067312786,-9.286078067312786,0.0,61.0,61.0,100.0,63.40683136519159,843.853762212032,759.4683859908288,1603.3221482028607,6.680508950845253,8.350636188556566,0,0.0,9.543584215493219,15.905973692488697,52,116,10.0,27.61557684589259,90.0,True,True,False,False,False,benchmark,,,,,
fd86097fffd72c20c4b139a1,WP2033,north-west,5041-17010-2,5041-17010-2,1,Croaghonagh,1.000000,health_aware,10.0,90.0,90.0,100.0,60.0,180.0,144.0,3.0,2.4,True,,-4013602.4585895245,3058.229606181762,602.3606666209844,44.88263594354066,1.023354473984929,0.0554843299513594,0.0554843299513594,5.54843299513594,0.0,61.0,61.0,100.0,63.789911320937186,1092.424995519716,983.1824959677444,2075.6074914874607,5.765576365242946,7.206970456553683,0,0.0,12.354806496949172,20.591344161581954,59,109,10.0,27.731379129074856,90.0,True,True,False,False,False,benchmark,,,,,
8ec0ad9e070cf11e4589f828,WP2033,north-west,5041-17010-2,5041-17010-2,1,Croaghonagh,1.000000,health_aware,10.0,90.0,90.0,100.0,60.0,240.0,192.0,4.0,3.2,True,,-4030931.622382291,2906.44027849368,754.1499943090662,168.4612913197052,1.281230354998425,0.20825340747304702,0.20825340747304702,20.8253407473047,0.0,61.0,61.0,100.0,64.10634346044462,1315.3166923476513,1183.7850231128862,2499.1017154605374,5.206461907209453,6.508077384011816,0,0.0,14.875605449169868,24.792675748616446,64,104,10.0,28.744219253113084,90.0,True,True,False,False,False,benchmark,,,,,
6360066c4235675a6897d813,WP2033,north-west,5041-17010-2,5041-17010-2,1,Croaghonagh,1.000000,health_aware,10.0,90.0,90.0,100.0,60.0,290.0,232.0,4.833333333333333,3.8666666666666667,True,,-4043720.4550151364,2779.949172086945,880.6411007158013,290.40292534008404,1.4961269225096718,0.3589987840437457,0.3589987840437457,35.89987840437457,0.0,61.0,61.0,100.0,64.37003691003413,1524.3911032647404,1371.9519929382664,2896.343096203007,4.9936949934534605,6.242118741816825,0,0.0,17.24013747739885,28.733562462331417,68,100,10.0,29.910984537375562,90.0,True,True,False,False,False,benchmark,,,,,
7473babce0c46d0c4516b13a,WP2033,north-west,5041-17010-2,5041-17010-2,1,Croaghonagh,1.000000,health_aware,10.0,90.0,90.0,100.0,60.0,300.0,240.0,5.0,4.0,True,,-4045926.8815478906,2754.650950805598,905.9393219971485,307.2684061943146,1.5391062360119214,0.37984804756921237,0.37984804756921237,37.984804756921235,0.0,61.0,61.0,100.0,64.42277559995205,1566.5548054003189,1409.899324860287,2976.454130260606,4.960756883767676,6.200946104709596,0,0.0,17.716988870598843,29.528314784331407,70,98,10.0,30.145632236340766,90.0,True,True,False,False,False,benchmark,,,,,
871bfcf53314325c18039ed6,WP2033,north-west,5041-17010-2,5041-17010-2,1,Croaghonagh,1.000000,health_aware,10.0,90.0,90.0,100.0,60.0,360.0,288.0,6.0,4.8,True,,-4058567.313664709,2602.8616231175156,1057.7286496852307,412.03994669586973,1.796982117025418,0.5093675956192218,0.5093675956192218,50.93675956192219,0.0,62.0,62.0,100.0,64.73174738902188,1806.5886613467312,1625.929795212058,3432.5184565587892,4.7673867452205405,5.959233431525676,0,0.0,20.431657479516602,34.052762465861,75,93,10.0,31.75617213524412,90.0,True,True,False,False,False,benchmark,,,,,
aacf35a7c49a9223ed7d3c7b,WP2033,north-west,5041-17010-2,5041-17010-2,1,Croaghonagh,1.000000,health_aware,10.0,90.0,90.0,100.0,60.0,430.0,344.0,7.166666666666667,5.733333333333333,True,,-4069165.5751473587,2426.2023973194223,1234.387875483324,588.699172493958,2.097109630505553,0.7277553655680026,0.7277553655680026,72.77553655680026,0.0,62.0,62.0,100.0,64.97786127530544,1983.6762103161602,1785.3085892845443,3768.9847996007047,4.382540464651982,5.478175580814978,0,0.0,22.434433330956576,37.39072221826096,81,87,10.0,32.47933040662299,90.0,True,True,False,False,False,benchmark,,,,,
f6257b134226832e7b689ce2,WP2033,north-west,5041-17010-2,5041-17010-2,1,Croaghonagh,1.000000,health_aware,10.0,90.0,90.0,100.0,60.0,480.0,384.0,8.0,6.4,True,,-4076676.8417887776,2379.791381687737,1280.7988911150092,629.3347179772245,2.1759576083380003,0.7779894029846821,0.7779894029846821,77.79894029846821,0.0,62.0,62.0,100.0,65.15365690836512,2072.250928083424,1865.0258352750811,3937.276763358505,4.101329961831776,5.12666245228972,0,0.0,23.43617121046729,39.06028535077882,85,83,10.0,31.87762009835041,90.0,True,True,False,False,False,benchmark,,,,,
fd036fc33e68f4104501e077,WP2033,north-west,5041-17010-2,5041-17010-2,1,Croaghonagh,1.000000,health_aware,10.0,90.0,90.0,100.0,60.0,570.0,456.0,9.5,7.6,True,,-4089407.6034138915,2303.8967178436965,1356.6935549590498,705.2293818212638,2.3048955488447476,0.8718110888492845,0.8718110888492845,87.18110888492845,0.0,62.0,62.0,100.0,65.42492072654413,2209.081587731321,1988.173428958189,4197.255016689511,3.681802646218869,4.602253307773586,0,0.0,24.983660813628035,41.63943468938006,89,79,10.0,32.00682840647724,90.0,True,True,False,False,False,benchmark,,,,,
18886432323378bf72bd99d7,WP2033,north-west,5041-17010-2,5041-17010-2,1,Croaghonagh,1.000000,health_aware,10.0,90.0,90.0,100.0,60.0,600.0,480.0,10.0,8.0,True,,-4092428.3898461163,2278.5984965623493,1381.991776240397,730.5276031026151,2.3478748623469974,0.9030849841374913,0.9030849841374913,90.30849841374913,0.0,62.0,62.0,100.0,65.42946126554654,2258.473646167406,2032.6262815506657,4291.099927718072,3.5759166064317265,4.469895758039658,0,0.0,25.542261474512333,42.57043579085389,90,78,10.0,32.20853283104219,90.0,True,True,False,False,False,benchmark,,,,,
03ab7de1dda4b9f735700dd5,WP2033,north-west,5041-17010-2,5041-17010-2,1,Croaghonagh,1.000000,health_aware,10.0,90.0,90.0,100.0,60.0,710.0,568.0,11.833333333333334,9.466666666666667,True,,-4103476.1230796813,2185.838351864077,1474.7519209386692,823.2877478008813,2.5054656785219116,1.017755933527556,1.017755933527556,101.77559335275559,0.0,64.0,64.0,100.0,65.81621165827785,2443.993935563951,2199.594542007556,4643.588477571507,3.2701327306841597,4.0876659133552,0,0.0,27.6404076045923,46.06734600765383,96,72,10.0,32.78260501647104,90.0,True,True,True,False,True,benchmark,,,,,
d6bec5b608a7b8bf74f84186,WP2033,north-west,5041-17010-2,5041-17010-2,1,Croaghonagh,1.000000,health_aware,10.0,90.0,90.0,100.0,60.0,720.0,576.0,12.0,9.6,True,,-4104480.4624645505,2177.4056114369614,1483.184661365785,831.7204882279984,2.5197921163559944,1.0281805652902916,1.0281805652902916,102.81805652902915,0.0,64.0,64.0,100.0,65.85137078488978,2460.8594164181823,2214.7734747763643,4675.632891194547,3.2469672855517686,4.058709106939711,0,0.0,27.831148161872306,46.385246936453846,97,71,10.0,32.89541661461195,90.0,True,True,True,False,True,benchmark,,,,,
18c7f8f04dca01dfee4a0928,WP2033,north-west,5041-17010-2,5041-17010-2,1,Croaghonagh,1.000000,health_aware,10.0,90.0,90.0,100.0,60.0,850.0,680.0,14.166666666666666,11.333333333333334,True,,-4116547.3835493485,2067.779985884457,1592.8102869182894,941.3461137804989,2.7060358081990765,1.1637007782058273,1.1637007782058273,116.37007782058274,0.0,64.0,64.0,100.0,66.23863328220142,2646.6253572522764,2381.9628215270486,5028.588178779325,2.9579930463407793,3.6974913079259744,0,0.0,29.932072492734083,49.88678748789014,102,66,10.0,35.43990224013473,90.0,True,True,True,False,True,benchmark,,,,,
72b59099dc122cf2d3718ad6,WP2033,north-west,5041-17010-2,5041-17010-2,1,Croaghonagh,1.000000,health_aware,10.0,90.0,90.0,100.0,60.0,960.0,768.0,16.0,12.8,True,,-4124841.1147452574,2003.7748674555608,1656.8154053471856,1005.3512322093957,2.8147745222814153,1.2428244979880614,1.2428244979880614,124.28244979880614,0.0,64.0,64.0,100.0,66.43200847856707,2710.6304756811724,2439.5674281130555,5150.197903794227,2.6823947415594933,3.3529934269493666,0,0.0,30.655939903537067,51.09323317256178,105,63,10.0,37.88321612745591,90.0,True,True,True,False,True,benchmark,,,,,
ccdf07beac6574267f772322,WP2033,north-west,5041-17010-2,5041-17010-2,1,Croaghonagh,1.000000,health_aware,10.0,90.0,90.0,100.0,60.0,1060.0,848.0,17.666666666666668,14.133333333333333,True,,-4132354.686465817,2003.7748674555608,1656.8154053471856,1005.3512322093957,2.8147745222814153,1.2428244979880614,1.2428244979880614,124.28244979880614,0.0,64.0,64.0,100.0,66.60780411162675,2710.6304756811724,2439.5674281130555,5150.197903794227,2.4293386338652017,3.036673292331502,0,0.0,30.655939903537067,51.09323317256178,105,63,10.0,39.29618361477611,90.0,True,True,True,False,True,benchmark,,,,,
7c39036152891ac6426a500a,WP2033,north-west,5041-17010-2,5041-17010-2,1,Croaghonagh,1.000000,health_aware,10.0,90.0,90.0,100.0,60.0,1200.0,960.0,20.0,16.0,True,,-4142836.058341532,2003.7748674555608,1656.8154053471856,1005.3512322093957,2.8147745222814153,1.2428244979880614,1.2428244979880614,124.28244979880614,0.0,64.0,64.0,100.0,66.81738311274907,2779.045990350823,2501.1413913157417,5280.187381666565,2.200078075694402,2.7500975946180026,0,0.0,31.429686795634314,52.382811326057194,108,60,10.0,40.092845521058514,90.0,True,True,True,False,True,benchmark,,,,,
386b38643a8cfded2e6201ed,WP2033,north-west,5041-17010-2,5041-17010-2,1,Croaghonagh,1.000000,health_aware,10.0,90.0,90.0,100.0,60.0,1420.0,1136.0,23.666666666666668,18.933333333333334,True,,-4159263.8799675955,2003.7748674555608,1656.8154053471856,1005.3512322093957,2.8147745222814153,1.2428244979880614,1.2428244979880614,124.28244979880614,0.0,64.0,64.0,100.0,67.13848156383165,2964.566279747368,2668.1096517726323,5632.67593152,1.9833365956056337,2.479170744507042,0,0.0,33.527832925714286,55.87972154285715,111,57,10.0,42.08704637152805,90.0,True,True,True,False,True,benchmark,,,,,
3e075a9bbd1ece39ebb737cb,WP2033,north-west,5041-17010-2,5041-17010-2,1,Croaghonagh,1.000000,health_aware,10.0,90.0,90.0,100.0,60.0,1440.0,1152.0,24.0,19.2,True,,-4160757.318297238,2003.7748674555608,1656.8154053471856,1005.3512322093957,2.8147745222814153,1.2428244979880614,1.2428244979880614,124.28244979880614,0.0,64.0,64.0,100.0,67.17364069044359,2981.4317606015993,2683.2885845414407,5664.72034514304,1.966916786508,2.458645983135,0,0.0,33.71857348299428,56.197622471657134,112,56,10.0,42.26721893460683,90.0,True,True,True,False,True,benchmark,,,,,
6b47afb1917f506f78e26152,WP2033,north-west,5041-17010-2,5041-17010-2,1,Croaghonagh,1.000000,health_aware,10.0,90.0,90.0,100.0,75.0,37.5,30.0,0.5,0.4,True,,-3959088.2181724706,3488.0386804288946,172.5515923738517,480.1928331758718,0.29314902820524463,0.5936188246546721,0.29314902820524463,29.314902820524463,0.0,55.0,55.0,100.0,62.44763716359636,370.047062492903,333.04235624361263,703.0894187365157,9.374525583153542,11.718156978941927,0,0.0,4.185056063907831,5.580074751877109,37,131,10.0,29.22996698108281,90.0,True,True,False,False,False,benchmark,,,,,
5d9f6e94d10ffa9fff25cc9e,WP2033,north-west,5041-17010-2,5041-17010-2,1,Croaghonagh,1.000000,health_aware,10.0,90.0,90.0,100.0,75.0,75.0,60.0,1.0,0.8,True,,-3975570.84235681,3356.4485271744434,304.14174562830294,585.5520468596151,0.516708399737114,0.7238648597315379,0.516708399737114,51.6708399737114,0.0,57.0,57.0,100.0,62.942258850981936,607.5239705558813,546.771573500293,1154.2955440561743,7.695303627041162,9.619129533801452,0,0.0,6.8708068098581805,9.161075746477573,40,128,10.0,28.716653183117334,90.0,True,True,False,False,False,benchmark,,,,,
4abf8f7cb862ec35823a9a04,WP2033,north-west,5041-17010-2,5041-17010-2,1,Croaghonagh,1.000000,health_aware,10.0,90.0,90.0,100.0,75.0,112.5,90.0,1.5,1.2,True,,-3991253.7855498316,3229.9574207677083,430.632852035038,712.0431532663497,0.7316049672483609,0.8802343361725449,0.7316049672483609,73.1604967248361,0.0,60.0,60.0,100.0,63.38557187146324,828.8834067676678,745.995066090901,1574.8784728585688,6.9994598793714164,8.749324849214272,0,0.0,9.374276624158147,12.49903549887753,49,119,10.0,28.542909809758385,90.0,True,True,False,False,False,benchmark,,,,,
68d4588ae23f4393c98025ab,WP2033,north-west,5041-17010-2,5041-17010-2,1,Croaghonagh,1.000000,health_aware,10.0,90.0,90.0,100.0,75.0,150.0,120.0,2.0,1.6,True,,-4004783.1957581523,3119.1242700258035,541.4660027769428,813.5531650298399,0.9199001315289681,1.0057219522104444,0.9199001315289681,91.99001315289681,0.0,61.0,61.0,100.0,63.68032651772094,999.8653866187027,899.8788479568324,1899.744234575535,6.33248078191845,7.9156009773980625,0,0.0,11.308001396282947,15.077335195043931,52,116,10.0,28.839590347996673,90.0,True,True,False,False,False,benchmark,,,,,
570cc5f966a4c772f4cece4b,WP2033,north-west,5041-17010-2,5041-17010-2,1,Croaghonagh,1.000000,health_aware,10.0,90.0,90.0,100.0,75.0,225.0,180.0,3.0,2.4,True,,-4029286.7738953806,2929.3876104157007,731.2026623870456,918.4102183652867,1.2422449827958388,1.1353472120171497,1.1353472120171497,113.53472120171497,0.0,64.0,64.0,100.0,63.979211406560346,1312.1616551298189,1180.9454896168368,2493.1071447466556,5.540238099437013,6.925297624296266,0,0.0,14.839923480634855,19.78656464084647,61,107,10.0,29.312374097956514,90.0,True,True,True,False,True,benchmark,,,,,
49bdace0bef2740d122393a6,WP2033,north-west,5041-17010-2,5041-17010-2,1,Croaghonagh,1.000000,health_aware,10.0,90.0,90.0,100.0,75.0,290.0,232.0,3.8666666666666667,3.0933333333333333,True,,-4047723.8727269345,2764.949172086945,895.6411007158013,995.9981074229181,1.52161052056046,1.2312620785619395,1.2312620785619395,123.12620785619394,0.0,64.0,64.0,100.0,64.3212168034288,1554.3911032647404,1398.9519929382664,2953.343096203007,5.091970855522426,6.364963569403033,0,0.0,17.579423191684565,23.43923092224609,67,101,10.0,30.900504373194366,90.0,True,True,True,False,True,benchmark,,,,,
b9fa36f6009f4425dabd57b7,WP2033,north-west,5041-17010-2,5041-17010-2,1,Croaghonagh,1.0,health_aware,10.0,90.0,90.0,100.0,75.0,300.0,240.0,4.0,3.2,True,,-4050427.8309448906,2739.650950805598,920.9393219971485,1007.1890566124712,1.5645898340627096,1.245096433524583,1.245096433524583,124.50964335245833,0.0,64.0,64.0,100.0,64.37395549334668,1596.5548054003189,1436.8993248602867,3033.454130260606,5.0557568837676765,6.319696104709595,0,0.0,18.05627458488456,24.07503277984608,68,100,10.0,30.95999001651473,90.0,True,True,True,False,True,benchmark,139.2,0.0,False,Croaghonagh,
b76d35f64adbccb9b2ca99b9,WP2033,north-west,5041-17010-2,5041-17010-2,1,Croaghonagh,1.000000,health_aware,10.0,90.0,90.0,100.0,75.0,375.0,300.0,5.0,4.0,True,,-4067784.718153588,2549.914291195495,1110.6759816072513,1086.662375832675,1.8869346853295803,1.343342086286386,1.343342086286386,134.3342086286386,0.0,64.0,64.0,100.0,64.769495667731,1912.7825714171568,1721.504314275441,3634.286885692598,4.845715847590131,6.057144809487664,0,0.0,21.632660033884513,28.843546711846017,74,94,10.0,31.622855028956007,90.0,True,True,True,False,True,benchmark,,,,,
5ad40cef5cf61248f2fbbd64,WP2033,north-west,5041-17010-2,5041-17010-2,1,Croaghonagh,1.000000,health_aware,10.0,90.0,90.0,100.0,75.0,430.0,344.0,5.733333333333333,4.586666666666667,True,,-4078459.5379227432,2410.7740741480866,1249.8161986546597,1178.6333184371397,2.1233209095919516,1.4570374167438667,1.4570374167438667,145.70374167438666,0.0,65.0,65.0,100.0,65.05955846227945,2116.8898568355926,1905.2008711520336,4022.0907279876265,4.676849683706543,5.8460621046331775,0,0.0,23.941016238021586,31.921354984028778,77,91,10.0,32.80629258219787,90.0,True,True,True,False,True,benchmark,,,,,
b32749bdb8bdf07d299ad147,WP2033,north-west,5041-17010-2,5041-17010-2,1,Croaghonagh,1.000000,health_aware,10.0,90.0,90.0,100.0,75.0,450.0,360.0,6.0,4.8,True,,-4081853.923386407,2360.1776315853926,1300.4126412173537,1212.3642801456044,2.2092795365964504,1.4987359437948045,1.4987359437948045,149.87359437948044,0.0,65.0,65.0,100.0,65.15571040406827,2179.8784610323128,1961.8906149290815,4141.769075961394,4.601965639957105,5.752457049946381,0,0.0,24.65338735691306,32.87118314255075,79,89,10.0,33.165928942188266,90.0,True,True,True,False,True,benchmark,,,,,
8be2748423633835ff5d30ee,WP2033,north-west,5041-17010-2,5041-17010-2,1,Croaghonagh,1.000000,health_aware,10.0,90.0,90.0,100.0,75.0,570.0,456.0,7.6,6.08,True,,-4099963.8173415577,2132.650290854378,1527.9399819483683,1392.8671545377438,2.5958272230467094,1.7218752677093032,1.7218752677093032,172.18752677093033,0.0,66.0,66.0,100.0,65.57761992341152,2452.9793972582975,2207.681457532468,4660.660854790765,4.088298995430496,5.11037374428812,0,0.0,27.74202889756408,36.98937186341877,86,82,10.0,33.557792005043,90.0,True,True,True,False,True,benchmark,,,,,
2bcfa57c0212da816237eb39,WP2033,north-west,5041-17010-2,5041-17010-2,1,Croaghonagh,1.000000,health_aware,10.0,90.0,90.0,100.0,75.0,600.0,480.0,8.0,6.4,True,,-4104469.4305517655,2107.352069573031,1553.2382032297155,1418.1653758190914,2.638806536548959,1.7531491629975056,1.7531491629975056,175.31491629975056,0.0,66.0,66.0,100.0,65.68309730324732,2503.575839820992,2253.218255838892,4756.794095659884,3.96399507971657,4.954993849645713,0,0.0,28.314250569404074,37.75233409253877,88,80,10.0,33.36586758612658,90.0,True,True,True,False,True,benchmark,,,,,
19abe507b6b49f31cea5c997,WP2033,north-west,5041-17010-2,5041-17010-2,1,Croaghonagh,1.000000,health_aware,10.0,90.0,90.0,100.0,75.0,710.0,568.0,9.466666666666667,7.573333333333333,True,,-4119441.2590018343,2014.5919248747584,1645.9983479279879,1510.9255205173613,2.7963973527238735,1.8678201123875746,1.8678201123875746,186.78201123875746,0.0,66.0,66.0,100.0,66.06984769597862,2672.933077050743,2405.6397693456684,5078.5728463964115,3.576459750983388,4.4705746887292355,0,0.0,30.229600276169116,40.30613370155882,93,75,10.0,33.01606202629216,90.0,True,True,True,False,True,benchmark,,,,,
15411b4fc312e95a89df649e,WP2033,north-west,5041-17010-2,5041-17010-2,1,Croaghonagh,1.000000,health_aware,10.0,90.0,90.0,100.0,75.0,750.0,600.0,10.0,8.0,True,,-4123458.616541312,1980.8609631662957,1679.7293096364506,1544.656482225826,2.8537031040602057,1.9095186394385124,1.9095186394385124,190.95186394385124,0.0,66.0,66.0,100.0,66.21048420242637,2740.395000467668,2466.355500420902,5206.75050088857,3.4711670005923803,4.338958750740475,0,0.0,30.992562505289108,41.32341667371881,93,75,10.0,32.89819191243735,90.0,True,True,True,False,True,benchmark,,,,,
2c178a20bc337b2a988b9b37,WP2033,north-west,5041-17010-2,5041-17010-2,1,Croaghonagh,1.000000,health_aware,10.0,90.0,90.0,100.0,75.0,850.0,680.0,11.333333333333334,9.066666666666666,True,,-4133502.010390006,1896.533558895139,1764.0567139076072,1628.9838864969788,2.996967482401037,2.013764957065846,2.013764957065846,201.3764957065846,0.0,66.0,66.0,100.0,66.48467616218096,2909.049809009982,2618.1448281089833,5527.194637118965,3.251290963011156,4.064113703763945,0,0.0,32.89996807808908,43.86662410411878,98,70,10.0,32.74215689396702,90.0,True,True,True,False,True,benchmark,,,,,
d591bb2715d64b68c36cac4e,WP2033,north-west,5041-17010-2,5041-17010-2,1,Croaghonagh,1.000000,health_aware,10.0,90.0,90.0,100.0,75.0,900.0,720.0,12.0,9.6,True,,-4138523.7073143534,1854.3698567595611,1806.2204160431852,1637.924303204978,3.068599671571452,2.0248171829456556,2.0248171829456556,202.48171829456555,0.0,66.0,66.0,100.0,66.66047179524065,2993.3772132811387,2694.0394919530245,5687.416705234164,3.159675947352313,3.9495949341903915,0,0.0,33.85367086448907,45.13822781931876,100,68,10.0,33.626148734407714,90.0,True,True,True,False,True,benchmark,,,,,
2569986add81c8bf735a4faf,WP2033,north-west,5041-17010-2,5041-17010-2,1,Croaghonagh,1.000000,health_aware,10.0,90.0,90.0,100.0,75.0,1060.0,848.0,14.133333333333333,11.306666666666667,True,,-4151639.9613903495,1719.4460099257099,1941.1442628770365,1662.4634581825303,3.2978226769167827,2.0551527134437926,2.0551527134437926,205.51527134437924,0.0,67.0,67.0,100.0,67.01467851777053,3163.2866300651085,2846.957967058598,6010.244597123707,2.835021036379107,3.543776295473884,0,0.0,35.775265459069686,47.70035394542625,104,64,10.0,36.529818022454386,90.0,True,True,True,False,True,benchmark,,,,,
b50567ce2bb4c93c654268a5,WP2033,north-west,5041-17010-2,5041-17010-2,1,Croaghonagh,1.000000,health_aware,10.0,90.0,90.0,100.0,75.0,1200.0,960.0,16.0,12.8,True,,-4162171.8247053903,1690.861773799576,1969.7284990031703,1684.6556715925472,3.346384622518597,2.082586933054719,2.082586933054719,208.2586933054719,0.0,67.0,67.0,100.0,67.26079240405409,3191.8708661912424,2872.6837795721185,6064.554645763361,2.526897769068067,3.158622211335084,0,0.0,36.09853955811524,48.13138607748699,106,62,10.0,38.6842106260202,90.0,True,True,True,False,True,benchmark,,,,,
c93d3b76e607ab499f01b0d9,WP2033,north-west,5041-17010-2,5041-17010-2,1,Croaghonagh,1.000000,health_aware,10.0,90.0,90.0,100.0,75.0,1420.0,1136.0,18.933333333333334,15.146666666666667,True,,-4178667.434465052,1690.861773799576,1969.7284990031703,1684.6556715925472,3.346384622518597,2.082586933054719,2.082586933054719,208.2586933054719,0.0,67.0,67.0,100.0,67.64754279678539,3254.140003590772,2928.726003231695,6182.866006822467,2.1770654953600235,2.7213318692000295,0,0.0,36.80277385013373,49.07036513351164,109,59,10.0,40.59800147515636,90.0,True,True,True,False,True,benchmark,,,,,
278070a2ae82c2498aa25654,WP2033,north-west,5041-17010-2,5041-17010-2,1,Croaghonagh,1.000000,health_aware,10.0,90.0,90.0,100.0,75.0,1500.0,1200.0,20.0,16.0,True,,-4184641.1877836217,1690.861773799576,1969.7284990031703,1684.6556715925472,3.346384622518597,2.082586933054719,2.082586933054719,208.2586933054719,0.0,67.0,67.0,100.0,67.78817930323314,3321.6019270076977,2989.4417343069276,6311.043661314625,2.1036812204382085,2.6296015255477605,0,0.0,37.56573607925372,50.08764810567162,110,58,10.0,40.74585240468696,90.0,True,True,True,False,True,benchmark,,,,,
4dde5df10848f1a38068f2d8,WP2033,north-west,5041-17010-2,5041-17010-2,1,Croaghonagh,1.000000,health_aware,10.0,90.0,90.0,100.0,75.0,1800.0,1440.0,24.0,19.2,True,,-4207042.762728253,1690.861773799576,1969.7284990031703,1684.6556715925472,3.346384622518597,2.082586933054719,2.082586933054719,208.2586933054719,0.0,67.0,67.0,100.0,68.31556620241217,3574.5841398211687,3217.1257258390497,6791.709865660218,1.886586073794505,2.3582325922431315,0,0.0,40.42684443845368,53.90245925127157,114,54,10.0,42.40229670819634,90.0,True,True,True,False,True,benchmark,,,,,
fb3b390600dd99648bbd3d6e,WP2033,north-west,5041-17010-2,5041-17010-2,1,Croaghonagh,1.000000,health_aware,10.0,90.0,90.0,100.0,80.0,40.0,32.0,0.5,0.4,True,,-3960230.180810798,3477.4977548949996,183.0925179077467,394.90683125115174,0.3110570754978492,0.48818747973598187,0.3110570754978492,31.105707549784924,0.0,54.0,54.0,100.0,62.4827962902083,387.1243824917886,348.4119442426097,735.5363267343982,9.194204084179978,11.492755105224973,0,0.0,4.378192421038085,5.472740526297605,38,130,10.0,31.47555091381984,90.0,True,True,False,False,False,benchmark,,,,,
a021fffea68a791012ce4152,WP2033,north-west,5041-17010-2,5041-17010-2,1,Croaghonagh,1.000000,health_aware,10.0,90.0,90.0,100.0,80.0,80.0,64.0,1.0,0.8,True,,-3977703.6932293363,3339.5830463202115,321.00722648253486,499.0905781174806,0.5453612754052812,0.6169803918539747,0.5453612754052812,54.53612754052812,0.0,58.0,58.0,100.0,63.00378732255283,637.0385620507861,573.3347058457075,1210.3732678964936,7.564832924353086,9.456041155441357,0,0.0,7.204602785098176,9.00575348137272,42,126,10.0,30.779152755323306,90.0,True,True,False,False,False,benchmark,,,,,
92d9f0c5bc2982173b66ce7a,WP2033,north-west,5041-17010-2,5041-17010-2,1,Croaghonagh,1.000000,health_aware,10.0,90.0,90.0,100.0,80.0,120.0,96.0,1.5,1.2,True,,-3994160.0943129933,3204.6591994863606,455.93107331638566,600.283463242864,0.7745842807506114,0.7420759730067749,0.7420759730067749,74.20759730067749,0.0,58.0,58.0,100.0,63.46007431229561,870.9460366801375,783.8514330121237,1654.797469692261,6.8949894570510875,8.61873682131386,0,0.0,9.849984938644411,12.312481173305514,52,116,10.0,30.134753661036722,90.0,True,True,False,False,False,benchmark,,,,,
fb69fd9ff90b7f45f059a3e5,WP2033,north-west,5041-17010-2,5041-17010-2,1,Croaghonagh,1.000000,health_aware,10.0,90.0,90.0,100.0,80.0,160.0,128.0,2.0,1.6,True,,-4008332.055582864,3092.8240849507356,567.7661878520107,663.4750825123701,0.9645816878699259,0.8201940375990696,0.8201940375990696,82.01940375990696,0.0,59.0,59.0,100.0,63.765110975086,1045.1608136580553,940.6447322922495,1985.8055459503048,6.205642331094703,7.757052913868378,0,0.0,11.820271106847052,14.775338883558813,56,112,10.0,30.32035136031468,90.0,True,True,False,False,False,benchmark,,,,,
0c14abf5535d08acefc56216,WP2033,north-west,5041-17010-2,5041-17010-2,1,Croaghonagh,1.000000,health_aware,10.0,90.0,90.0,100.0,80.0,240.0,192.0,3.0,2.4,True,,-4034290.847793119,2890.43831469996,770.1519581027865,755.9602381652148,1.3084161958879204,0.9345250429861044,0.9345250429861044,93.45250429861044,0.0,61.0,61.0,100.0,64.22868746218447,1378.5389332369605,1240.6850399132645,2619.223973150225,5.456716610729635,6.820895763412044,0,0.0,15.590618887798959,19.4882736097487,60,108,10.0,31.307406702168,90.0,True,True,False,False,False,benchmark,,,,,
76b37abf2994e3db68ad7ede,WP2033,north-west,5041-17010-2,5041-17010-2,1,Croaghonagh,1.000000,health_aware,10.0,90.0,90.0,100.0,80.0,290.0,232.0,3.625,2.9,True,,-4048588.1278595817,2763.9472082932243,896.643064509522,845.8809698498881,1.523312763399168,1.0456858837294185,1.0456858837294185,104.56858837294185,0.0,63.0,63.0,100.0,64.49238091177398,1561.5476702381834,1405.392903214365,2966.9405734525485,5.115414781814739,6.394268477268423,0,0.0,17.660360556265168,22.07545069533146,63,105,10.0,31.645059407720098,90.0,True,True,True,False,True,benchmark,,,,,
df01c43c7485e731043c7c20,WP2033,north-west,5041-17010-2,5041-17010-2,1,Croaghonagh,1.000000,health_aware,10.0,90.0,90.0,100.0,80.0,320.0,256.0,4.0,3.2,True,,-4056702.216176585,2688.052544449183,972.5377283535631,917.570559083957,1.6522507039059162,1.134309217442352,1.134309217442352,113.43092174423519,0.0,63.0,63.0,100.0,64.6505969815277,1684.0139345752496,1515.6125411177245,3199.626475692974,4.999416368270272,6.24927046033784,0,0.0,19.045395688648657,23.80674461081082,67,101,10.0,32.38466628016784,90.0,True,True,True,False,True,benchmark,,,,,
343182af963f8aaa5416322d,WP2033,north-west,5041-17010-2,5041-17010-2,1,Croaghonagh,1.000000,health_aware,10.0,90.0,90.0,100.0,80.0,400.0,320.0,5.0,4.0,True,,-4074757.253281262,2485.666774198407,1174.9234986043393,1019.0872393498721,1.9960852119239114,1.2598050771446676,1.2598050771446676,125.98050771446677,0.0,63.0,63.0,100.0,65.07250650087093,2021.3235516598768,1819.191196493889,3840.514748153766,4.800643435192208,6.000804293990259,0,0.0,22.860206834248608,28.575258542810758,72,96,10.0,32.963301137575456,90.0,True,True,True,False,True,benchmark,,,,,
d0302b548e4c64ff34ed7513,WP2033,north-west,5041-17010-2,5041-17010-2,1,Croaghonagh,1.000000,health_aware,10.0,90.0,90.0,100.0,80.0,430.0,344.0,5.375,4.3,True,,-4080357.347524728,2409.772110354366,1250.8181624483805,1073.1647357956535,2.1250231524306598,1.3266561787492073,1.3266561787492073,132.6656178749207,0.0,63.0,63.0,100.0,65.22278501001027,2128.4200747212526,1915.5780672491273,4043.99814197038,4.702323420895791,5.877904276119739,0,0.0,24.071417511728452,30.089271889660562,76,92,10.0,32.8791452716643,90.0,True,True,True,False,True,benchmark,,,,,
9d7438e8e2afa64f5faf1bea,WP2033,north-west,5041-17010-2,5041-17010-2,1,Croaghonagh,1.000000,health_aware,10.0,90.0,90.0,100.0,80.0,480.0,384.0,6.0,4.8,True,,-4089032.778619457,2283.281003947631,1377.3092688551155,1193.840446673672,2.3399197199419066,1.4758366094149429,1.4758366094149429,147.5836609414943,0.0,64.0,64.0,100.0,65.47653132568298,2292.303342762013,2063.0730084858124,4355.376351247825,4.536850365883152,5.671062957353939,0,0.0,25.924859233618008,32.40607404202251,79,89,10.0,33.05747247051145,90.0,True,True,True,False,True,benchmark,,,,,
fb2bc541dd7d98e26681bbf1,WP2033,north-west,5041-17010-2,5041-17010-2,1,Croaghonagh,1.000000,health_aware,10.0,90.0,90.0,100.0,80.0,570.0,456.0,7.125,5.7,True,,-4102632.876943541,2083.8705492828803,1576.719723519866,1279.233743748995,2.678699444862,1.5814005935918471,1.5814005935918471,158.1400593591847,0.0,65.0,65.0,100.0,65.79296346519043,2517.2873929217344,2265.5586536295614,4782.846046551296,4.195478988202892,5.244348735253614,0,0.0,28.469321705662477,35.5866521320781,83,85,10.0,33.367227969347674,90.0,True,True,True,False,True,benchmark,,,,,
4ab94b1025b47fd1ed5ef7c2,WP2033,north-west,5041-17010-2,5041-17010-2,1,Croaghonagh,1.000000,health_aware,10.0,90.0,90.0,100.0,80.0,640.0,512.0,8.0,6.4,True,,-4113145.9744340256,2024.8413662930705,1635.7489065096759,1338.2629267388038,2.7789845097005825,1.6543730159309828,1.6543730159309828,165.43730159309828,0.0,65.0,65.0,100.0,66.03907735147398,2635.345758901354,2371.8111830112193,5007.1569419125735,3.911841360869198,4.889801701086498,0,0.0,29.804505606622463,37.255632008278084,86,82,10.0,33.3499794694169,90.0,True,True,True,False,True,benchmark,,,,,
88bceecfbee5d2398e6edcc7,WP2033,north-west,5041-17010-2,5041-17010-2,1,Croaghonagh,1.000000,health_aware,10.0,90.0,90.0,100.0,80.0,710.0,568.0,8.875,7.1,True,,-4123659.071924511,1965.8121833032606,1694.7780894994858,1397.2921097286162,2.8792695745391645,1.727345438270123,1.727345438270123,172.7345438270123,0.0,65.0,65.0,100.0,66.28519123775753,2753.4041248809735,2478.0637123928764,5231.46783727385,3.6841322797703167,4.605165349712896,0,0.0,31.13968950758244,38.92461188447805,88,80,10.0,33.78537922289894,90.0,True,True,True,False,True,benchmark,,,,,
7567f4db060e73296904c56a,WP2033,north-west,5041-17010-2,5041-17010-2,1,Croaghonagh,1.000000,health_aware,10.0,90.0,90.0,100.0,80.0,800.0,640.0,10.0,8.0,True,,-4133214.373067644,1889.9175194592199,1770.6727533435264,1473.1867735726555,3.008207515045912,1.8211671241347254,1.8211671241347254,182.11671241347253,0.0,66.0,66.0,100.0,66.60162337726496,2889.030400402262,2600.1273603620366,5489.1577607642985,3.4307236004776867,4.2884045005971085,0,0.0,32.673558099787485,40.84194762473435,92,76,10.0,33.90361789209359,90.0,True,True,True,False,True,benchmark,,,,,
c0302675772bf18fb4aaa57a,WP2033,north-west,5041-17010-2,5041-17010-2,1,Croaghonagh,1.000000,health_aware,10.0,90.0,90.0,100.0,80.0,850.0,680.0,10.625,8.5,True,,-4138236.0699919923,1847.7538173236417,1812.8364554791046,1515.3504757082337,3.0798397042163277,1.8732902829483944,1.8732902829483944,187.32902829483945,0.0,66.0,66.0,100.0,66.70001970395987,2973.3578046734187,2676.0220242060777,5649.379828879497,3.3231646052232335,4.153955756529042,0,0.0,33.62726088618748,42.03407610773435,95,73,10.0,33.84312157116561,90.0,True,True,True,False,True,benchmark,,,,,
ef1d587d7511af9c3772855e,WP2033,north-west,5041-17010-2,5041-17010-2,1,Croaghonagh,1.000000,health_aware,10.0,90.0,90.0,100.0,80.0,960.0,768.0,12.0,9.6,True,,-4149283.803225554,1754.9936726253686,1905.5966001773777,1575.354567969036,3.2374305203912432,1.9474678971513164,1.9474678971513164,194.74678971513163,0.0,67.0,67.0,100.0,67.08677009669117,3158.8780940699635,2842.9902846629684,6001.868378732932,3.125973113923402,3.9074663924042525,0,0.0,35.725407016267454,44.65675877033432,99,69,10.0,34.8159209168642,90.0,True,True,True,False,True,benchmark,,,,,
84a3d400368b8538688f5ff7,WP2033,north-west,5041-17010-2,5041-17010-2,1,Croaghonagh,1.000000,health_aware,10.0,90.0,90.0,100.0,80.0,1060.0,848.0,13.25,10.6,True,,-4157509.0015685065,1670.6662683542118,1989.9240044485346,1659.6819722401924,3.3806948987320746,2.0517142147786545,2.0517142147786545,205.17142147786544,0.0,69.0,69.0,100.0,67.31009214541486,3266.0034438731177,2939.4030994858067,6205.406543358924,2.9270785581881715,3.6588481977352147,0,0.0,36.9369437104698,46.17117963808725,103,65,10.0,36.49751759396412,90.0,True,True,True,False,True,benchmark,,,,,
2a8744dd5a610f06ef5d81f8,WP2033,north-west,5041-17010-2,5041-17010-2,1,Croaghonagh,1.000000,health_aware,10.0,90.0,90.0,100.0,80.0,1280.0,1024.0,16.0,12.8,True,,-4174072.502525233,1595.9036650330202,2064.686607769726,1721.2334849678155,3.507709574216592,2.1278047644843525,2.1278047644843525,212.78047644843525,0.0,69.0,69.0,100.0,67.69684253814616,3340.766047194309,3006.6894424748793,6347.455489669188,2.4794748006520266,3.099343500815033,0,0.0,37.78247315279278,47.22809144099098,105,63,10.0,39.504557684874484,90.0,True,True,True,False,True,benchmark,,,,,
2bb32f0b71bfc58cd03fb69a,WP2033,north-west,5041-17010-2,5041-17010-2,1,Croaghonagh,1.000000,health_aware,10.0,90.0,90.0,100.0,80.0,1420.0,1136.0,17.75,14.2,True,,-4184591.5029340186,1595.9036650330202,2064.686607769726,1721.2334849678155,3.507709574216592,2.1278047644843525,2.1278047644843525,212.78047644843525,0.0,69.0,69.0,100.0,67.9429564244297,3340.7660471943095,3006.689442474879,6347.455489669188,2.2350195386159113,2.793774423269889,0,0.0,37.78247315279278,47.22809144099098,106,62,10.0,40.734000036703435,90.0,True,True,True,False,True,benchmark,,,,,
95896bbca2ac26ee3fffe242,WP2033,north-west,5041-17010-2,5041-17010-2,1,Croaghonagh,1.000000,health_aware,10.0,90.0,90.0,100.0,80.0,1600.0,1280.0,20.0,16.0,True,,-4198032.764643852,1595.9036650330202,2064.686607769726,1721.2334849678155,3.507709574216592,2.1278047644843525,2.1278047644843525,212.78047644843525,0.0,69.0,69.0,100.0,68.25938856393714,3491.9794784201968,3142.7815305781774,6634.761008998374,2.0733628153119916,2.5917035191399895,0,0.0,39.492625053561746,49.36578131695218,109,59,10.0,40.993948598983465,90.0,True,True,True,False,True,benchmark,,,,,
b74d588e5c3150a10b155508,WP2033,north-west,5041-17010-2,5041-17010-2,1,Croaghonagh,1.000000,health_aware,10.0,90.0,90.0,100.0,80.0,1920.0,1536.0,24.0,19.2,True,,-4221927.777918125,1595.9036650330202,2064.686607769726,1721.2334849678155,3.507709574216592,2.1278047644843525,2.1278047644843525,212.78047644843525,0.0,69.0,69.0,100.0,68.71974776291816,3761.8271720878984,3385.6444548791083,7147.471626967006,1.8613207361893245,2.3266509202366557,0,0.0,42.54447397004171,53.180592462552134,113,55,10.0,42.20461335226621,90.0,True,True,True,False,True,benchmark,,,,,
50ff7a4a2dd2d058fc5cb362,WP2033,north-west,5041-17010-2,5041-17010-2,1,Croaghonagh,1.000000,health_aware,10.0,90.0,90.0,100.0,95.0,47.5,38.0,0.5,0.4,True,,-3963619.3385910457,3449.208671872716,211.38160093003034,627.7201447464249,0.35911758356219925,0.775993452613563,0.35911758356219925,35.91175835621993,0.0,55.0,55.0,100.0,62.5882736700441,437.7208250544826,393.94874254903436,831.669567603517,8.754416501089652,10.943020626362065,0,0.0,4.950414092878077,5.210962203029555,39,129,10.0,27.467995641253555,90.0,True,True,False,False,False,benchmark,,,,,
15829f8c7928f1fc2746a4d9,WP2033,north-west,5041-17010-2,5041-17010-2,1,Croaghonagh,1.000000,health_aware,10.0,90.0,90.0,100.0,95.0,95.0,76.0,1.0,0.8,True,,-3984102.2458469225,3288.9866037575175,371.6036690452288,734.4274887385182,0.6313199024097799,0.907906058854832,0.6313199024097799,63.131990240977984,0.0,59.0,59.0,100.0,63.188372737265496,725.5823365355006,653.0241028819506,1378.6064394174514,7.255823365355007,9.06977920669376,0,0.0,8.205990710818163,8.637884958755961,45,123,10.0,27.661645605923827,90.0,True,True,False,False,False,benchmark,,,,,
167867bf7c14558dc4b3e4b0,WP2033,north-west,5041-17010-2,5041-17010-2,1,Croaghonagh,1.000000,health_aware,10.0,90.0,90.0,100.0,95.0,142.5,114.0,1.5,1.2,True,,-4002285.253650345,3137.095972193093,523.4943006096532,766.1515692165485,0.8893678892409892,0.9471236607546116,0.8893678892409892,88.93678892409892,0.0,61.0,61.0,100.0,63.64205403194424,971.374334920793,874.2369014287136,1845.6112363495067,6.475828899471954,8.094786124339942,0,0.0,10.985781168747064,11.563980177628489,49,119,10.0,28.47352443993823,90.0,True,True,False,False,False,benchmark,,,,,
e68f7c5f5be243350da6f5b1,WP2033,north-west,5041-17010-2,5041-17010-2,1,Croaghonagh,1.000000,health_aware,10.0,90.0,90.0,100.0,95.0,190.0,152.0,2.0,1.6,True,,-4018532.164119945,3016.9294211066945,643.6608516960519,789.9829593040413,1.0935196283766742,0.9765842457451485,0.9765842457451485,97.65842457451484,0.0,63.0,63.0,100.0,63.964994012594936,1167.7204225590685,1050.9483803031617,2218.66880286223,5.838602112795343,7.298252640994178,0,0.0,13.20636192179899,13.901433601893675,52,116,10.0,28.572427036802466,90.0,True,True,False,False,False,benchmark,,,,,
36e671d375dce395cbc152a8,WP2033,north-west,5041-17010-2,5041-17010-2,1,Croaghonagh,1.000000,health_aware,10.0,90.0,90.0,100.0,95.0,285.0,228.0,3.0,2.4,True,,-4048473.6630989728,2776.5963189338972,883.9939538688491,889.0150864432799,1.5018231066480443,1.0990086778772203,1.0990086778772203,109.90086778772204,0.0,64.0,64.0,100.0,64.46601156681501,1568.2755928470633,1411.448033562357,2979.7236264094204,5.227585309490212,6.534481636862764,0,0.0,17.73645015719893,18.669947533893613,60,108,10.0,29.82321769150209,90.0,True,True,True,False,True,benchmark,,,,,
e49bd311aefef4789ae20902,WP2033,north-west,5041-17010-2,5041-17010-2,1,Croaghonagh,1.000000,health_aware,10.0,90.0,90.0,100.0,95.0,290.0,232.0,3.0526315789473686,2.442105263157895,True,,-4050049.5314662913,2763.9472082932243,896.643064509522,889.0150864432799,1.523312763399168,1.0990086778772203,1.0990086778772203,109.90086778772204,0.0,64.0,64.0,100.0,64.49238091177398,1589.3574439148526,1430.4216995233671,3019.7791434382198,5.206515764548655,6.508144705685819,0,0.0,17.974875853798927,18.920921951367294,60,108,10.0,29.864432033082206,90.0,True,True,True,False,True,benchmark,,,,,
142d284d121d7589d2043966,WP2033,north-west,5041-17010-2,5041-17010-2,1,Croaghonagh,1.000000,health_aware,10.0,90.0,90.0,100.0,95.0,380.0,304.0,4.0,3.2,True,,-4073646.111985819,2536.263216761101,1124.3270560416454,999.1638572572483,1.910126584919413,1.235175607806799,1.235175607806799,123.5175607806799,0.0,65.0,65.0,100.0,64.96702912103513,1936.9961473887201,1743.296532649848,3680.292680038568,4.8424903684718,6.0531129605897505,0,0.0,21.90650404784862,23.05947794510381,67,101,10.0,30.146140549197316,90.0,True,True,True,False,True,benchmark,,,,,
3b9802a9b7c4b81a4b2b17c3,WP2033,north-west,5041-17010-2,5041-17010-2,1,Croaghonagh,1.000000,health_aware,10.0,90.0,90.0,100.0,95.0,430.0,344.0,4.526315789473684,3.6210526315789475,True,,-4084447.309294794,2409.7721103543654,1250.818162448381,1041.3275593928265,2.1250231524306606,1.287298766620468,1.287298766620468,128.7298766620468,0.0,65.0,65.0,100.0,65.23072257062465,2143.4200747212526,1929.0780672491273,4072.49814197038,4.735462955779512,5.919328694724389,0,0.0,24.24106036887131,25.516905651443484,70,98,10.0,30.762490735514557,90.0,True,True,True,False,True,benchmark,,,,,
abd8bca60454e48d60656891,WP2033,north-west,5041-17010-2,5041-17010-2,1,Croaghonagh,1.000000,health_aware,10.0,90.0,90.0,100.0,95.0,475.0,380.0,5.0,4.0,True,,-4092382.096399688,2295.930114588304,1364.6601582144422,1079.2748913148462,2.318430063190782,1.3342096095527693,1.3342096095527693,133.42096095527694,0.0,65.0,65.0,100.0,65.46804667525521,2295.209402409335,2065.688462168401,4360.897864577736,4.590418804818669,5.738023506023337,0,0.0,25.957725384391285,27.32392145725398,71,97,10.0,31.39325120169419,90.0,True,True,True,False,True,benchmark,,,,,
e0f1b00514aa37f55b13e7c7,WP2033,north-west,5041-17010-2,5041-17010-2,1,Croaghonagh,1.000000,health_aware,10.0,90.0,90.0,100.0,95.0,570.0,456.0,6.0,4.8,True,,-4108438.235066592,2055.5970124155074,1604.993260387239,1267.3281229605855,2.7267335414621514,1.5666827549842652,1.5666827549842652,156.6682754984265,0.0,65.0,65.0,100.0,65.92002814840595,2592.13142173479,2332.9182795613106,4925.0497012961005,4.32021903622465,5.400273795280812,0,0.0,29.315772031524407,30.85870740160464,76,92,10.0,32.458497312322315,90.0,True,True,True,False,True,benchmark,,,,,
c9e240b63d60f778d9e82b57,WP2033,north-west,5041-17010-2,5041-17010-2,1,Croaghonagh,1.000000,health_aware,10.0,90.0,90.0,100.0,95.0,710.0,568.0,7.473684210526316,5.978947368421053,True,,-4129510.6120446143,1860.2992451439668,1800.2910276587795,1381.1448542092185,3.058526194886438,1.7073840515508987,1.7073840515508987,170.73840515508988,0.0,65.0,65.0,100.0,66.26615075881126,2884.7161614012985,2596.2445452611682,5480.960706662467,3.8598314835651175,4.824789354456397,0,0.0,32.62476611108611,34.34185906430117,83,85,10.0,33.177074620359114,90.0,True,True,True,False,True,benchmark,,,,,
18f0367a4225b969c5a2ee4a,WP2033,north-west,5041-17010-2,5041-17010-2,1,Croaghonagh,1.000000,health_aware,10.0,90.0,90.0,100.0,95.0,760.0,608.0,8.0,6.4,True,,-4137019.96739496,1818.1355430083881,1842.4547297943582,1423.3085563447967,3.1301583840568545,1.7595072103645677,1.7595072103645677,175.95072103645677,0.0,65.0,65.0,100.0,66.44194639187094,2969.0435656724553,2672.1392091052094,5641.182774777664,3.7113044570905687,4.639130571363211,0,0.0,33.5784688974861,35.34575673419589,84,84,10.0,33.18694278666619,90.0,True,True,True,False,True,benchmark,,,,,
b78c3d7324eb1b29d9175f4f,WP2033,north-west,5041-17010-2,5041-17010-2,1,Croaghonagh,1.000000,health_aware,10.0,90.0,90.0,100.0,95.0,850.0,680.0,8.947368421052632,7.157894736842105,True,,-4149844.57672923,1742.240879164348,1918.3493936383984,1499.203220188836,3.2590963245636013,1.85332889622917,1.85332889622917,185.332889622917,0.0,65.0,65.0,100.0,66.6955709972624,3107.6600998999274,2796.8940899099352,5904.554189809863,3.4732671704763898,4.341583963095487,0,0.0,35.14615589172537,36.99595357023723,88,80,10.0,33.14411657758156,90.0,True,True,True,False,True,benchmark,,,,,
6d5787956b7eb094064717ba,WP2033,north-west,5041-17010-2,5041-17010-2,1,Croaghonagh,1.000000,health_aware,10.0,90.0,90.0,100.0,95.0,950.0,760.0,10.0,8.0,True,,-4159907.2577465787,1657.9134748931904,2002.676797909556,1531.1051066319778,3.4023607029044336,1.8927663035086508,1.8927663035086508,189.27663035086508,0.0,65.0,65.0,100.0,67.02463293051858,3273.324649736057,2945.9921847624514,6219.316834498508,3.2733246497360566,4.091655812170071,0,0.0,37.019743062491116,38.96815059209591,91,77,10.0,32.89132839982676,90.0,True,True,True,False,True,benchmark,,,,,
fe0591d6d823acdfe96f82d9,WP2033,north-west,5041-17010-2,5041-17010-2,1,Croaghonagh,1.000000,health_aware,10.0,90.0,90.0,100.0,95.0,1060.0,848.0,11.157894736842104,8.926315789473684,True,,-4170954.990980143,1565.1533301949182,2095.4369426078283,1552.9283862063894,3.5599515190793483,1.9197444436974442,1.9197444436974442,191.97444436974442,0.0,65.0,65.0,100.0,67.41138332324988,3458.844939132601,3112.960445219341,6571.805384351943,3.099908200166011,3.8748852502075133,0,0.0,39.11788919257109,41.17672546586431,94,74,10.0,33.16911880525144,89.99999999999999,True,True,True,False,True,benchmark,,,,,
972db4418ed6bf18cf2d41e9,WP2033,north-west,5041-17010-2,5041-17010-2,1,Croaghonagh,1.000000,health_aware,10.0,90.0,90.0,100.0,95.0,1140.0,912.0,12.0,9.6,True,,-4178906.902932515,1497.691406777993,2162.8988660247533,1552.9283862063894,3.6745630217520127,1.9197444436974442,1.9197444436974442,191.97444436974442,0.0,68.0,68.0,100.0,67.6868147793869,3590.9666497030485,3231.8699847327434,6822.836634435792,2.9924722080858737,3.740590260107342,0,0.0,40.61212282402257,42.74960297265534,97,71,10.0,34.374224375600896,90.0,True,True,True,False,True,benchmark,,,,,
a8ef7fc5d0d5bdac4d079b54,WP2033,north-west,5041-17010-2,5041-17010-2,1,Croaghonagh,1.000000,health_aware,10.0,90.0,90.0,100.0,95.0,1420.0,1136.0,14.947368421052632,11.957894736842105,True,,-4200009.9642990185,1353.1124091432148,2307.4778636595315,1627.097118908241,3.920189225906048,2.0114325175102294,2.0114325175102294,201.14325175102294,0.0,68.0,68.0,100.0,68.179042551954,3735.5456473378267,3361.9910826040436,7097.53672994187,2.4991326513879826,3.1239158142349783,0,0.0,42.24724244013018,44.470781515926504,102,66,10.0,38.02251342545184,90.0,True,True,True,False,True,benchmark,,,,,
6e7528f8d10fa8e2a0cf8b07,WP2033,north-west,5041-17010-2,5041-17010-2,1,Croaghonagh,1.000000,health_aware,10.0,90.0,90.0,100.0,95.0,1520.0,1216.0,16.0,12.8,True,,-4207523.536019579,1353.1124091432148,2307.4778636595315,1627.097118908241,3.920189225906048,2.0114325175102294,2.0114325175102294,201.14325175102294,0.0,68.0,68.0,100.0,68.35483818501368,3735.5456473378267,3361.991082604044,7097.53672994187,2.3347160295861418,2.9183950369826768,0,0.0,42.24724244013018,44.470781515926504,102,66,10.0,38.980319048095325,90.0,True,True,True,False,True,benchmark,,,,,
435d642cded802daa36a9ddf,WP2033,north-west,5041-17010-2,5041-17010-2,1,Croaghonagh,1.000000,health_aware,10.0,90.0,90.0,100.0,95.0,1900.0,1520.0,20.0,16.0,True,,-4235944.9812124055,1353.1124091432148,2307.4778636595315,1627.097118908241,3.920189225906048,2.0114325175102294,2.0114325175102294,201.14325175102294,0.0,69.0,69.0,100.0,68.92067476383052,3972.1408206134643,3574.926738552117,7547.067559165582,1.9860704103067321,2.482588012883415,0,0.0,44.92302118550941,47.28739072158886,107,61,10.0,40.7373917854714,90.0,True,True,True,False,True,benchmark,,,,,
cf71c5dfea9e386e9172b60e,WP2033,north-west,5041-17010-2,5041-17010-2,1,Croaghonagh,1.000000,health_aware,10.0,90.0,90.0,100.0,95.0,2280.0,1824.0,24.0,19.2,True,,-4264320.309475608,1353.1124091432148,2307.4778636595315,1627.097118908241,3.920189225906048,2.0114325175102294,2.0114325175102294,201.14325175102294,0.0,70.0,70.0,100.0,69.5886981694573,4292.584956843861,3863.326461159473,8155.911418003334,1.7885770653516082,2.2357213316895104,0,0.0,48.547091773829365,51.1022018671888,111,57,10.0,43.03929423577032,90.0,True,True,True,False,True,benchmark,,,,,
2dafe4fbdda71e23655f6aa2,WP2033,north-west,5041-17010-2,5041-17010-2,1,Croaghonagh,1.000000,health_aware,10.0,90.0,90.0,100.0,100.0,50.0,40.0,0.5,0.4,True,,-3964748.0608972157,3440.7759314456,219.81434135714653,25.79034112761292,0.37344402139628324,0.031882258396825014,0.031882258396825014,3.1882258396825014,0.0,56.0,56.0,100.0,62.62343279665604,454.58630590871394,409.12767531784266,863.7139812265566,8.637139812265566,10.796424765331958,0,0.0,5.141154650158075,5.141154650158075,40,128,10.0,33.35705249661469,90.0,True,True,False,False,False,benchmark,,,,,
37d09e5b59fd68d68b720b76,WP2033,north-west,5041-17010-2,5041-17010-2,1,Croaghonagh,1.000000,health_aware,10.0,90.0,90.0,100.0,100.0,100.0,80.0,1.0,0.8,True,,-3986235.096719451,3272.121122903286,388.46914989946026,179.78915779881572,0.6599727780779463,0.22225702085623927,0.22225702085623927,22.225702085623926,0.0,58.0,58.0,100.0,63.24990120883639,755.0969280304056,679.587235227365,1434.6841632577707,7.1734208162888535,8.966776020361067,0,0.0,8.539786686058159,8.539786686058159,44,124,10.0,32.02828643608555,90.0,True,True,False,False,False,benchmark,,,,,
ebd1e9655d2f63e7e205fc3d,WP2033,north-west,5041-17010-2,5041-17010-2,1,Croaghonagh,1.000000,health_aware,10.0,90.0,90.0,100.0,100.0,150.0,120.0,1.5,1.2,True,,-4004876.740192852,3118.1223062320823,542.467966570664,264.11656206997213,0.921602374367677,0.32650333848357727,0.32650333848357727,32.650333848357725,0.0,60.0,60.0,100.0,63.694792721862136,1002.9971115224768,902.697400370229,1905.6945118927058,6.3523150396423524,7.940393799552941,0,0.0,11.343419713647057,11.343419713647057,50,118,10.0,31.487390586497572,90.0,True,True,False,False,False,benchmark,,,,,
a31f08a972308eadc56eeb41,WP2033,north-west,5041-17010-2,5041-17010-2,1,Croaghonagh,1.000000,health_aware,10.0,90.0,90.0,100.0,100.0,200.0,160.0,2.0,1.6,True,,-4021683.9008545787,2991.6311998253477,668.9590729773986,348.44396634112854,1.136498941878923,0.43074965611091526,0.43074965611091526,43.07496561109153,0.0,61.0,61.0,100.0,64.01773270251286,1209.8841246946472,1088.8957122251823,2298.7798369198294,5.746949592299574,7.183686990374467,0,0.0,13.683213314998985,13.683213314998987,51,117,10.0,31.521343430910925,90.0,True,True,False,False,False,benchmark,,,,,
92546ac38efce728ec39fe86,WP2033,north-west,5041-17010-2,5041-17010-2,1,Croaghonagh,1.000000,health_aware,10.0,90.0,90.0,100.0,100.0,290.0,232.0,2.9,2.32,True,,-4050049.531466292,2763.9472082932243,896.643064509522,532.6141841947247,1.523312763399168,0.6584225839544788,0.6584225839544788,65.84225839544789,0.0,62.0,62.0,100.0,64.49238091177398,1589.3574439148524,1430.421699523367,3019.7791434382193,5.206515764548654,6.508144705685817,0,0.0,17.974875853798924,17.974875853798924,60,108,10.0,32.05691591559899,90.0,True,True,False,False,False,benchmark,,,,,
57c5b00efcf84bdcea2f579f,WP2033,north-west,5041-17010-2,5041-17010-2,1,Croaghonagh,1.000000,health_aware,10.0,90.0,90.0,100.0,100.0,300.0,240.0,3.0,2.4,True,,-4053104.5151114585,2738.6489870118767,921.9412857908696,557.9124054760687,1.5662920769014186,0.6896964792426766,0.6896964792426766,68.96964792426766,0.0,62.0,62.0,100.0,64.54511960169188,1629.6799835486645,1466.711985193798,3096.3919687424623,5.160653281237437,6.450816601546796,0,0.0,18.430904575847993,18.430904575847993,60,108,10.0,32.09941419687847,90.0,True,True,False,False,False,benchmark,,,,,
f7b54815fbc3c2708878b5e0,WP2033,north-west,5041-17010-2,5041-17010-2,1,Croaghonagh,1.000000,health_aware,10.0,90.0,90.0,100.0,100.0,400.0,320.0,4.0,3.2,True,,-4078943.9650513297,2485.666774198407,1174.9234986043393,768.3056858545897,1.9960852119239114,0.9497865996793472,0.9497865996793472,94.97865996793472,0.0,64.0,64.0,100.0,65.07250650087093,2021.3235516598768,1819.191196493889,3840.514748153766,4.800643435192208,6.000804293990259,0,0.0,22.860206834248608,22.860206834248608,66,102,10.0,32.0079768620462,90.0,True,True,False,False,False,benchmark,,,,,
7cc198ba92787d817dc117d5,WP2033,north-west,5041-17010-2,5041-17010-2,1,Croaghonagh,1.000000,health_aware,10.0,90.0,90.0,100.0,100.0,430.0,344.0,4.3,3.44,True,,-4085563.244649595,2409.772110354366,1250.8181624483805,808.0932613840414,2.1250231524306598,0.9989723687909859,0.9989723687909859,99.8972368790986,0.0,64.0,64.0,100.0,65.23072257062465,2147.814658066612,1933.0331922599507,4080.847850326563,4.745171918984376,5.931464898730469,0,0.0,24.290761013848584,24.29076101384858,70,98,10.0,32.27817832863955,90.0,True,True,True,False,True,benchmark,,,,,
7b378b5aaf03f97163a04188,WP2033,north-west,5041-17010-2,5041-17010-2,1,Croaghonagh,1.000000,health_aware,10.0,90.0,90.0,100.0,100.0,500.0,400.0,5.0,4.0,True,,-4097938.061457964,2232.684561384936,1427.9057114178104,842.9379198903189,2.4258783469464067,1.042047658130871,1.042047658130871,104.2047658130871,0.0,65.0,65.0,100.0,65.59989340004998,2384.5368066804917,2146.0831260124423,4530.6199326929345,4.530619932692934,5.663274915866168,0,0.0,26.967975789838892,26.967975789838892,74,94,10.0,33.017988128239324,90.0,True,True,True,False,True,benchmark,,,,,
d5984c61c278f4e32bd9e3c9,WP2033,north-west,5041-17010-2,5041-17010-2,1,Croaghonagh,1.000000,health_aware,10.0,90.0,90.0,100.0,100.0,570.0,456.0,5.7,4.56,True,,-4110029.235066593,2055.5970124155074,1604.993260387239,917.1410268064501,2.7267335414621514,1.133778225665489,1.133778225665489,113.37782256654889,0.0,66.0,66.0,100.0,65.84911151802486,2612.1314217347895,2350.9182795613106,4963.0497012961005,4.353552369557983,5.441940461947478,0,0.0,29.541962507714878,29.541962507714878,79,89,10.0,34.23580199278407,90.0,True,True,True,False,True,benchmark,,,,,
4f215d820e361b120787d576,WP2033,north-west,5041-17010-2,5041-17010-2,1,Croaghonagh,1.000000,health_aware,10.0,90.0,90.0,100.0,100.0,600.0,480.0,6.0,4.8,True,,-4114571.5306976577,1979.7023485714662,1680.88792423128,967.7374693691381,2.8556714819689,1.1963260162418845,1.1963260162418845,119.63260162418845,0.0,66.0,66.0,100.0,65.95458889786067,2688.026085578831,2419.2234770209475,5107.249562599778,4.256041302166482,5.320051627708102,0,0.0,30.40029501547487,30.40029501547487,79,89,10.0,34.57116229600717,90.0,True,True,True,False,True,benchmark,,,,,
2d2afdd899256ff7bd034267,WP2033,north-west,5041-17010-2,5041-17010-2,1,Croaghonagh,1.000000,health_aware,10.0,90.0,90.0,100.0,100.0,710.0,568.0,7.1,5.68,True,,-4131124.112044614,1828.6325784773003,1831.957694325446,1075.3787046298457,3.112324901882546,1.329393107512769,1.329393107512769,132.9393107512769,0.0,67.0,67.0,100.0,66.19523412843019,2921.3828280679645,2629.2445452611682,5550.627373329133,3.9088925164289665,4.886115645536209,0,0.0,33.03944865076865,33.03944865076865,84,84,10.0,34.17380314934954,90.0,True,True,True,False,True,benchmark,,,,,
eea5894685c2913add5eb3d7,WP2033,north-west,5041-17010-2,5041-17010-2,1,Croaghonagh,1.000000,health_aware,10.0,90.0,90.0,100.0,100.0,800.0,640.0,8.0,6.4,True,,-4144640.9516752395,1752.737914633259,1907.8523581694874,1151.273368473885,3.2412628423892946,1.4232147933773713,1.4232147933773713,142.32147933773714,0.0,67.0,67.0,100.0,66.5116662679376,3073.1721557560472,2765.854940180442,5839.02709593649,3.649391934960306,4.561739918700383,0,0.0,34.75611366628863,34.75611366628863,89,79,10.0,34.0657312312126,90.0,True,True,True,False,True,benchmark,,,,,
585917cfbe27b78b3f8d4973,WP2033,north-west,5041-17010-2,5041-17010-2,1,Croaghonagh,1.000000,health_aware,10.0,90.0,90.0,100.0,100.0,850.0,680.0,8.5,6.8,True,,-4152150.307025585,1710.5742124976805,1950.0160603050658,1193.4370706094633,3.3128950315597105,1.4753379521910404,1.4753379521910404,147.53379521910404,0.0,67.0,67.0,100.0,66.68746190099726,3157.499560027204,2841.7496040244832,5999.249164051687,3.5289700965009927,4.411212620626241,0,0.0,35.709816452688614,35.709816452688614,90,78,10.0,34.20302671325633,90.0,True,True,True,False,True,benchmark,,,,,
fdb7465ef9fd8505de908042,WP2033,north-west,5041-17010-2,5041-17010-2,1,Croaghonagh,1.000000,health_aware,10.0,90.0,90.0,100.0,100.0,1000.0,800.0,10.0,8.0,True,,-4168312.4546709266,1584.0831060909454,2076.507166711801,1319.9281770161979,3.5277915990709574,1.6317074286320472,1.6317074286320472,163.1707428632047,0.0,67.0,67.0,100.0,67.20691123956195,3394.3187206738803,3054.886848606492,6449.205569280372,3.224602784640186,4.030753480800232,0,0.0,38.38812838857365,38.38812838857365,95,73,10.0,34.147090815079466,90.0,True,True,True,False,True,benchmark,,,,,
53824678b802f9ec2246627e,WP2033,north-west,5041-17010-2,5041-17010-2,1,Croaghonagh,1.000000,health_aware,10.0,90.0,90.0,100.0,100.0,1060.0,848.0,10.6,8.48,True,,-4174338.490980142,1533.4866635282515,2127.103609274495,1350.338957052605,3.613750226075456,1.6693015163710287,1.6693015163710287,166.93015163710288,0.0,68.0,68.0,100.0,67.41786599923356,3495.511605799269,3145.9604452193416,6641.472051018611,3.1327698353861373,3.9159622942326715,0,0.0,39.532571732253636,39.532571732253636,98,70,10.0,34.908561380749056,90.0,True,True,True,False,True,benchmark,,,,,
b6cf02b1c7f83df4b92def46,WP2033,north-west,5041-17010-2,5041-17010-2,1,Croaghonagh,1.000000,health_aware,10.0,90.0,90.0,100.0,100.0,1200.0,960.0,12.0,9.6,True,,-4188183.897697338,1415.428297548632,2245.1619752541146,1350.338957052605,3.8143203557526206,1.6693015163710287,1.6693015163710287,166.93015163710288,0.0,68.0,68.0,100.0,67.89490173533956,3724.34087004352,3351.906783039168,7076.247653082688,2.948436522117787,3.6855456526472334,0,0.0,42.120521744539815,42.12052174453982,101,67,10.0,35.511411662994114,90.0,True,True,True,False,True,benchmark,,,,,
9d12da8698e0e969274a6ff6,WP2033,north-west,5041-17010-2,5041-17010-2,1,Croaghonagh,1.000000,health_aware,10.0,90.0,90.0,100.0,100.0,1420.0,1136.0,14.2,11.36,True,,-4204777.797632351,1273.1124091432148,2387.4778636595315,1463.8565910338075,4.056101748843584,1.809633066127458,1.809633066127458,180.9633066127458,0.0,68.0,68.0,100.0,68.28165212807085,3866.6567584489376,3479.991082604044,7346.647841052982,2.5868478313566836,3.2335597891958545,0,0.0,43.730046672934414,43.730046672934414,104,64,10.0,37.717998016008586,90.0,True,True,True,False,True,benchmark,,,,,
db916df137afb635fe689ae3,WP2033,north-west,5041-17010-2,5041-17010-2,1,Croaghonagh,1.000000,health_aware,10.0,90.0,90.0,100.0,100.0,1600.0,1280.0,16.0,12.8,True,,-4218302.22672936,1273.1124091432148,2387.4778636595315,1463.8565910338075,4.056101748843584,1.809633066127458,1.809633066127458,180.9633066127458,0.0,68.0,68.0,100.0,68.59808426757829,3866.6567584489376,3479.9910826040436,7346.647841052982,2.2958274503290568,2.869784312911321,0,0.0,43.73004667293441,43.73004667293441,105,63,10.0,39.1396460405124,90.0,True,True,True,False,True,benchmark,,,,,
795f914d7b9180aafee36ce8,WP2033,north-west,5041-17010-2,5041-17010-2,1,Croaghonagh,1.000000,health_aware,10.0,90.0,90.0,100.0,100.0,2000.0,1600.0,20.0,16.0,True,,-4248212.700638394,1273.112409143215,2387.477863659531,1463.8565910338075,4.0561017488435835,1.809633066127458,1.809633066127458,180.9633066127458,0.0,69.0,69.0,100.0,69.301266799817,4128.134891551286,3715.3214023961577,7843.456293947444,1.960864073486861,2.451080091858576,0,0.0,46.68723984492526,46.68723984492526,109,59,10.0,40.52004982810484,90.0,True,True,True,False,True,benchmark,,,,,
7047217e6dc177b079b889f9,WP2033,north-west,5041-17010-2,5041-17010-2,1,Croaghonagh,1.000000,health_aware,10.0,90.0,90.0,100.0,100.0,2400.0,1920.0,24.0,19.2,True,,-4278081.467231238,1273.1124091432148,2387.4778636595315,1463.8565910338075,4.056101748843584,1.809633066127458,1.809633066127458,180.9633066127458,0.0,69.0,69.0,100.0,70.00444933205573,4465.444508635913,4018.9000577723223,8484.344566408236,1.7675717846683825,2.209464730835478,0,0.0,50.50205099052521,50.50205099052521,112,56,10.0,42.92611994185748,90.0,True,True,True,False,True,benchmark,,,,,
37de731d6fe7b6dad456d29d,WP2033,north-west,5041-17010-2,5041-17010-2,1,Croaghonagh,1.000000,health_aware,10.0,90.0,90.0,100.0,115.0,57.5,46.0,0.5,0.4,True,,-3968105.864302961,3415.477710164253,245.11256263849327,877.5961070876001,0.41642333489853217,1.084892429912745,0.41642333489853217,41.642333489853215,0.0,56.0,56.0,100.0,62.726909200483824,504.22290032371404,453.80061029134265,958.0235106150567,8.330639222739624,10.413299028424529,0,0.0,5.702520896518195,4.958713823059299,40,128,10.0,34.827626248676175,90.0,True,True,False,False,False,benchmark,,,,,
0ff5353bea63d52b8c174827,WP2033,north-west,5041-17010-2,5041-17010-2,1,Croaghonagh,1.000000,health_aware,10.0,90.0,90.0,100.0,115.0,115.0,92.0,1.0,0.8,True,,-3992244.316322251,3221.524680340592,439.0655924621542,947.0589156616188,0.7459314050824449,1.1707629967644149,0.7459314050824449,74.59314050824449,0.0,59.0,59.0,100.0,63.41194121642219,843.6407025151202,759.2766322636082,1602.9173347787284,6.969205803385776,8.71150725423222,0,0.0,9.541174611778144,8.296673575459256,46,122,10.0,32.080421289800334,90.0,True,True,False,False,False,benchmark,,,,,
54b557a66412bb9b3e886a26,WP2033,north-west,5041-17010-2,5041-17010-2,1,Croaghonagh,1.000000,health_aware,10.0,90.0,90.0,100.0,115.0,172.5,138.0,1.5,1.2,True,,-4012651.1998203746,3061.201308349052,599.3889644536944,979.9410003735902,1.0183058297477374,1.211412134215758,1.0183058297477374,101.83058297477375,0.0,59.0,59.0,100.0,63.85300879161585,1097.8654413275283,988.0788971947752,2085.9443385223035,6.046215473977691,7.557769342472114,0,0.0,12.416335348347044,10.796813346388733,51,117,10.0,29.94425610057587,90.0,True,True,True,False,True,benchmark,,,,,
dc884b389875e523d36ce3a1,WP2033,north-west,5041-17010-2,5041-17010-2,1,Croaghonagh,1.000000,health_aware,10.0,90.0,90.0,100.0,115.0,230.0,184.0,2.0,1.6,True,,-4031139.1110584848,2915.7365359813066,744.8537368214397,993.4646916071943,1.2654368823856714,1.2281302464832613,1.2281302464832613,122.81302464832613,0.0,61.0,61.0,100.0,64.17594877226655,1336.375231101382,1202.737707991244,2539.112939092626,5.519810737157883,6.8997634214473536,0,0.0,15.113767494598964,13.142406517042579,54,114,10.0,28.652143899347546,90.0,True,True,True,False,True,benchmark,,,,,
a6b2e3931c53c4393f1ca2da,WP2033,north-west,5041-17010-2,5041-17010-2,1,Croaghonagh,1.000000,health_aware,10.0,90.0,90.0,100.0,115.0,290.0,232.0,2.5217391304347827,2.017391304347826,True,,-4050049.5314662904,2763.947208293224,896.6430645095224,1044.0611341698896,1.5233127633991688,1.2906780370596658,1.2906780370596658,129.06780370596658,0.0,63.0,63.0,100.0,64.49238091177398,1589.3574439148524,1430.421699523367,3019.7791434382193,5.206515764548654,6.508144705685817,0,0.0,17.974875853798927,15.630326829390372,57,111,10.0,28.43609149460444,90.0,True,True,True,False,True,benchmark,,,,,
e18e5ac4b6d48adae334310b,WP2033,north-west,5041-17010-2,5041-17010-2,1,Croaghonagh,1.000000,health_aware,10.0,90.0,90.0,100.0,115.0,345.0,276.0,3.0,2.4,True,,-4065677.298466484,2624.806991245816,1035.7832815569304,1090.4412065190263,1.7596989876615394,1.3480135117547025,1.3480135117547025,134.80135117547024,0.0,64.0,64.0,100.0,64.78244370632244,1789.4231899141955,1610.480870922776,3399.9040608369714,4.927397189618799,6.159246487023499,0,0.0,20.23752417164864,17.597847105781426,60,108,10.0,28.78642657710849,90.0,True,True,True,False,True,benchmark,,,,,
659727ba96b2c9f9c413aaeb,WP2033,north-west,5041-17010-2,5041-17010-2,1,Croaghonagh,1.000000,health_aware,10.0,90.0,90.0,100.0,115.0,430.0,344.0,3.739130434782609,2.991304347826087,True,,-4087513.589284942,2409.7721103543663,1250.81816244838,1233.6133850583428,2.125023152430659,1.5250042839527338,1.5250042839527338,152.5004283952734,0.0,66.0,66.0,100.0,65.08461740846285,2147.814658066612,1933.0331922599507,4080.847850326563,4.745171918984376,5.931464898730469,0,0.0,24.290761013848584,21.12240088160746,68,100,10.0,30.489958441063024,90.0,True,True,True,False,True,benchmark,,,,,
45c8c6a72d8ba6cd709080a0,WP2033,north-west,5041-17010-2,5041-17010-2,1,Croaghonagh,1.000000,health_aware,10.0,90.0,90.0,100.0,115.0,460.0,368.0,4.0,3.2,True,,-4093177.983822339,2333.8774465103247,1326.7128262924216,1284.2098276210381,2.2539610929374083,1.5875520745291385,1.5875520745291385,158.75520745291385,0.0,66.0,66.0,100.0,65.24283347821654,2256.1347832960405,2030.5213049664364,4286.656088262477,4.659408791589649,5.824260989487061,0,0.0,25.515810049181407,22.187660912331662,69,99,10.0,31.33038727090843,90.0,True,True,True,False,True,benchmark,,,,,
cc583b92a735b4c1fba948d9,WP2033,north-west,5041-17010-2,5041-17010-2,1,Croaghonagh,1.000000,health_aware,10.0,90.0,90.0,100.0,115.0,570.0,456.0,4.956521739130435,3.965217391304348,True,,-4112574.1300787483,2055.5970124155074,1604.993260387239,1390.1649921701246,2.7267335414621514,1.7185348295813883,1.7185348295813883,171.8534829581388,0.0,70.0,70.0,100.0,65.82295906731349,2627.1753620891304,2364.4578258802176,4991.633187969348,4.3786256034818845,5.473282004352355,0,0.0,29.712102309341358,25.836610703775094,77,91,10.0,33.337190536952576,90.0,True,True,True,False,True,benchmark,,,,,
4e46cb01ca1091587000bcda,WP2033,north-west,5041-17010-2,5041-17010-2,1,Croaghonagh,1.000000,health_aware,10.0,90.0,90.0,100.0,115.0,575.0,460.0,5.0,4.0,True,,-4113455.7730904035,2042.9479017748338,1617.6423710279125,1398.5977325972417,2.7482231982132763,1.728959461344124,1.728959461344124,172.89594613441238,0.0,70.0,70.0,100.0,65.84932841227244,2644.040842943362,2379.636758649025,5023.677601592387,4.36841530573251,5.460519132165638,0,0.0,29.902842866621352,26.002472057931612,77,91,10.0,33.40755037079275,90.0,True,True,True,False,True,benchmark,,,,,
138922192052d4d6d5194599,WP2033,north-west,5041-17010-2,5041-17010-2,1,Croaghonagh,1.000000,health_aware,10.0,90.0,90.0,100.0,115.0,690.0,552.0,6.0,4.8,True,,-4131792.7408948517,1780.5115106583871,1880.0787621443592,1533.49924468885,3.194078098554006,1.8957259591327926,1.8957259591327926,189.57259591327926,0.0,70.0,70.0,100.0,66.31297573068845,2967.231900560354,2670.508710504318,5637.740611064672,4.085319283380197,5.106649104225246,0,0.0,33.557979827765905,29.180852024144265,84,84,10.0,34.11667841675238,90.0,True,True,True,False,True,benchmark,,,,,
76a9cccafbf1dcbd19af9911,WP2033,north-west,5041-17010-2,5041-17010-2,1,Croaghonagh,1.000000,health_aware,10.0,90.0,90.0,100.0,115.0,710.0,568.0,6.173913043478261,4.939130434782609,True,,-4134801.289704571,1752.964541845922,1907.6257309568243,1533.49924468885,3.240877823936303,1.8957259591327926,1.8957259591327926,189.57259591327926,0.0,70.0,70.0,100.0,66.38329398391232,3011.6443502270504,2710.479915204345,5722.1242654313955,4.029664975655912,5.037081219569891,0,0.0,34.06026348471069,29.61762042148756,84,84,10.0,34.030384405315374,90.0,True,True,True,False,True,benchmark,,,,,
588e503d6777e484924ab4a6,WP2033,north-west,5041-17010-2,5041-17010-2,1,Croaghonagh,1.000000,health_aware,10.0,90.0,90.0,100.0,115.0,850.0,680.0,7.391304347826087,5.913043478260869,True,,-4155827.4846855407,1634.9061758663024,2025.684096936444,1547.0182086659406,3.441447953613467,1.9124382275220422,1.9124382275220422,191.2438227522042,0.0,70.0,70.0,100.0,66.87552175647944,3247.761082186289,2922.98497396766,6170.746056153949,3.6298506212670287,4.537313276583786,0,0.0,36.73063128663065,31.93967937967882,87,81,10.0,33.040107363895146,90.0,True,True,True,False,True,benchmark,,,,,
9975ad96a41ef4931e10b179,WP2033,north-west,5041-17010-2,5041-17010-2,1,Croaghonagh,1.000000,health_aware,10.0,90.0,90.0,100.0,115.0,920.0,736.0,8.0,6.4,True,,-4166340.582176027,1575.8769928764927,2084.7132799262536,1582.4028112126762,3.541733018452049,1.956181000682034,1.956181000682034,195.6181000682034,0.0,70.0,70.0,100.0,67.121635642763,3365.8194481659084,3029.237503349318,6395.0569515152265,3.475574430171319,4.344468037714148,0,0.0,38.06581518759064,33.10070885877447,89,79,10.0,32.93308597338558,90.0,True,True,True,False,True,benchmark,,,,,
fd3f727b02a7c9d5f390e2dd,WP2033,north-west,5041-17010-2,5041-17010-2,1,Croaghonagh,1.000000,health_aware,10.0,90.0,90.0,100.0,115.0,1060.0,848.0,9.217391304347826,7.373913043478261,True,,-4183259.406250794,1457.8186268968734,2202.771645905873,1683.8592911180458,3.7423031481292126,2.0816024401414768,2.0816024401414768,208.16024401414768,0.0,70.0,70.0,100.0,67.6138634153301,3585.773127958354,3227.195815162518,6812.968943120872,3.213664595811732,4.017080744764665,0,0.0,40.55338656619567,35.263814405387535,92,76,10.0,32.93661795625134,90.0,True,True,True,False,True,benchmark,,,,,
c3c07af4d64b172ec9caa30a,WP2033,north-west,5041-17010-2,5041-17010-2,1,Croaghonagh,1.000000,health_aware,10.0,90.0,90.0,100.0,115.0,1150.0,920.0,10.0,8.0,True,,-4192298.4607146177,1381.9239630528327,2278.6663097499136,1749.8205158372948,3.8712410886359603,2.163144316624007,2.163144316624007,216.3144316624007,0.0,70.0,70.0,100.0,67.93029555483753,3737.5624556464363,3363.806210081792,7101.368665728229,3.087551593794882,3.8594394922436024,0,0.0,42.27005158171565,36.75656659279622,96,72,10.0,33.0183273752746,90.0,True,True,True,False,True,benchmark,,,,,
be7c0555733976415145c047,WP2033,north-west,5041-17010-2,5041-17010-2,1,Croaghonagh,1.000000,health_aware,10.0,90.0,90.0,100.0,115.0,1380.0,1104.0,12.0,9.6,True,,-4214277.382358046,1187.970933229172,2472.6193395735745,1749.8205158372948,4.200749158819873,2.163144316624007,2.163144316624007,216.3144316624007,0.0,71.0,71.0,100.0,68.65987984508257,4087.5367315858816,3678.7830584272933,7766.3197900131745,2.8138839818888313,3.5173549773610393,0,0.0,46.22809398817366,40.19834259841188,100,68,10.0,35.50930002674006,90.0,True,True,True,False,True,benchmark,,,,,
c51355603e4b7e14e9646faf,WP2033,north-west,5041-17010-2,5041-17010-2,1,Croaghonagh,1.000000,health_aware,10.0,90.0,90.0,100.0,115.0,1420.0,1136.0,12.347826086956522,9.878260869565217,True,,-4217297.98997904,1154.2399715207093,2506.350301282037,1749.8205158372948,4.258054910156205,2.163144316624007,2.163144316624007,216.3144316624007,0.0,71.0,71.0,100.0,68.73019809830645,4121.267693294344,3709.1409239649097,7830.408617259254,2.7571861328377656,3.4464826660472068,0,0.0,46.60957510273366,40.53006530672492,101,67,10.0,36.22794290575175,90.0,True,True,True,False,True,benchmark,,,,,
b0c694732753e3c8c2158957,WP2033,north-west,5041-17010-2,5041-17010-2,1,Croaghonagh,1.000000,health_aware,10.0,90.0,90.0,100.0,115.0,1840.0,1472.0,16.0,12.8,True,,-4248903.739949097,1045.9094299552996,2614.680842847447,1772.0127292473117,4.442098375348012,2.1905785362349337,2.1905785362349337,219.05785362349337,0.0,72.0,72.0,100.0,69.39114045079234,4229.598234859754,3806.638411373777,8036.23664623353,2.1837599582156333,2.7296999477695416,0,0.0,47.834741941866255,41.595427775535875,105,63,10.0,39.94434641387055,90.0,True,True,True,False,True,benchmark,,,,,
5dc25237d27196811ec0a88d,WP2033,north-west,5041-17010-2,5041-17010-2,1,Croaghonagh,1.000000,health_aware,10.0,90.0,90.0,100.0,115.0,2300.0,1840.0,20.0,16.0,True,,-4283283.843974022,1045.9094299552996,2614.680842847447,1772.0127292473117,4.442098375348012,2.1905785362349337,2.1905785362349337,219.05785362349337,0.0,72.0,72.0,100.0,70.19980036286687,4561.09985240853,4104.989867167676,8666.089719576205,1.8839325477339575,2.354915684667447,0,0.0,51.5838673784298,44.85553685080853,109,59,10.0,41.31959115209094,90.0,True,True,True,False,True,benchmark,,,,,
623f27f73d94a768fcc1c18d,WP2033,north-west,5041-17010-2,5041-17010-2,1,Croaghonagh,1.000000,health_aware,10.0,90.0,90.0,100.0,115.0,2760.0,2208.0,24.0,19.2,True,,-4317354.18337197,1045.9094299552999,2614.6808428474465,1772.0127292473117,4.442098375348011,2.1905785362349337,2.1905785362349337,219.05785362349337,0.0,72.0,72.0,100.0,71.0084602749414,4943.70158886224,4449.331429976016,9393.033018838256,1.7016364164562057,2.1270455205702574,0,0.0,55.91091082641819,48.61818332732016,113,55,10.0,43.76815224159692,90.0,True,True,True,False,True,benchmark,,,,,
65d1751ad22bb78b35c4697a,WP2033,north-west,5041-17010-2,5041-17010-2,1,Croaghonagh,1.000000,health_aware,10.0,90.0,90.0,100.0,145.0,72.5,58.0,0.5,0.4,True,,-3974504.4169205455,3364.881267601559,295.7090052011872,771.1726251293658,0.5023819619030307,0.9533307365449334,0.5023819619030307,50.23819619030307,0.0,59.0,59.0,100.0,62.9035570545821,592.7666748084289,533.4900073275859,1126.2566821360147,7.767287463006998,9.709109328758746,0,0.0,6.703908822238183,4.6233853946470225,42,126,10.0,30.229914732539424,90.0,True,True,False,False,False,benchmark,,,,,
b410d0eb42c8e16cbd97fcee,WP2033,north-west,5041-17010-2,5041-17010-2,1,Croaghonagh,1.000000,health_aware,10.0,90.0,90.0,100.0,145.0,145.0,116.0,1.0,0.8,True,,-4003149.0824978477,3130.771416872756,529.8188559299901,872.9015856926562,0.9001127176165518,1.079089019115562,0.9001127176165518,90.01127176165518,0.0,62.0,62.0,100.0,63.65169603463582,981.9152604546875,883.7237344092188,1865.6389948639062,6.433237913323815,8.041547391654769,0,0.0,11.10499401704706,7.658616563480732,47,121,10.0,29.10344017241752,90.0,True,True,False,False,False,benchmark,,,,,
d783badb4524f16de4613291,WP2033,north-west,5041-17010-2,5041-17010-2,1,Croaghonagh,1.000000,health_aware,10.0,90.0,90.0,100.0,145.0,217.5,174.0,1.5,1.2,True,,-4027199.4401401915,2947.3593125829907,713.2309602197556,929.5726062587855,1.2117127405078592,1.1491462592412707,1.1491462592412707,114.91462592412707,0.0,65.0,65.0,100.0,64.10208784925479,1283.6706034319093,1155.3035430887182,2438.9741465206275,5.606837118438224,7.0085463980477805,0,0.0,14.51770325309897,10.012209140068256,54,114,10.0,27.631628513018615,90.0,True,True,True,False,True,benchmark,,,,,
5ee74da4edb14b87ef647b47,WP2033,north-west,5041-17010-2,5041-17010-2,1,Croaghonagh,1.000000,health_aware,10.0,90.0,90.0,100.0,145.0,290.0,232.0,2.0,1.6,True,,-4050049.5314662913,2763.9472082932243,896.643064509522,1112.984710548546,1.523312763399168,1.3758820000807248,1.3758820000807248,137.58820000807248,0.0,66.0,66.0,100.0,64.42168268771698,1589.3574439148524,1430.4216995233671,3019.7791434382198,5.206515764548655,6.508144705685819,0,0.0,17.974875853798927,12.396466106068226,58,110,10.0,29.220250896649286,90.0,True,True,True,False,True,benchmark,,,,,
985f5eb5dddfee4ef3081d6d,WP2033,north-west,5041-17010-2,5041-17010-2,1,Croaghonagh,1.000000,health_aware,10.0,90.0,90.0,100.0,145.0,430.0,344.0,2.9655172413793105,2.372413793103448,True,,-4088660.9433190995,2409.7721103543654,1250.818162448381,1302.4414379886584,2.1250231524306606,1.610090160002865,1.610090160002865,161.0090160002865,0.0,67.0,67.0,100.0,65.07667984784847,2147.814658066612,1933.0331922599505,4080.8478503265624,4.745171918984375,5.931464898730469,0,0.0,24.290761013848584,16.75224897506799,65,103,10.0,32.42751597393782,90.0,True,True,True,False,True,benchmark,,,,,
b4cd920374e7a6f17494e7f5,WP2033,north-west,5041-17010-2,5041-17010-2,1,Croaghonagh,1.000000,health_aware,10.0,90.0,90.0,100.0,145.0,435.0,348.0,3.0,2.4,True,,-4090012.922428077,2397.1229997136925,1263.4672730890538,1302.4414379886584,2.146512809181784,1.610090160002865,1.610090160002865,161.0090160002865,0.0,67.0,67.0,100.0,65.1030491928074,2168.8965091344007,1952.0068582209608,4120.903367355361,4.73667053719007,5.920838171487588,0,0.0,24.529186710448585,16.91668048996454,65,103,10.0,32.47950993694446,90.0,True,True,True,False,True,benchmark,,,,,
5a1b50d1029ba684dc4275a9,WP2033,north-west,5041-17010-2,5041-17010-2,1,Croaghonagh,1.000000,health_aware,10.0,90.0,90.0,100.0,145.0,570.0,456.0,3.9310344827586206,3.1448275862068966,True,,-4114344.130078749,2055.597012415507,1604.9932603872394,1440.9120402767076,2.7267335414621523,1.7812688001250319,1.7812688001250319,178.1268800125032,0.0,70.0,70.0,100.0,65.81502150669911,2627.1753620891304,2364.457825880217,4991.633187969348,4.3786256034818845,5.473282004352355,0,0.0,29.712102309341358,20.491105040925074,72,96,10.0,33.55942042035717,90.0,True,True,True,False,True,benchmark,,,,,
6e05d15392918532f658081d,WP2033,north-west,5041-17010-2,5041-17010-2,1,Croaghonagh,1.000000,health_aware,10.0,90.0,90.0,100.0,145.0,580.0,464.0,4.0,3.2,True,,-4116107.416102057,2030.2987911341602,1630.2914816685861,1454.427023988159,2.7697128549644012,1.79797614807306,1.79797614807306,179.79761480730602,0.0,70.0,70.0,100.0,65.86776019661703,2660.9063237975934,2394.815691417834,5055.722015215428,4.358381047599507,5.447976309499383,0,0.0,30.09358342390135,20.75419546475955,72,96,10.0,33.68518952880452,90.0,True,True,True,False,True,benchmark,,,,,
2c4d00d2f5db2c41434fb01d,WP2033,north-west,5041-17010-2,5041-17010-2,1,Croaghonagh,1.000000,health_aware,10.0,90.0,90.0,100.0,145.0,710.0,568.0,4.896551724137931,3.9172413793103447,True,,-4138672.554234992,1703.344855611651,1957.2454171910954,1562.3082275695342,3.325177033229662,1.9313398904029098,1.9313398904029098,193.13398904029097,0.0,70.0,70.0,100.0,66.52827242350602,3087.373048377855,2778.6357435400687,5866.008791917924,4.130992106984453,5.163740133730567,0,0.0,34.91671899951145,24.080495861732036,76,92,10.0,34.5282834345032,90.0,True,True,True,False,True,benchmark,,,,,
1b35bc2c8849701aa6e40581,WP2033,north-west,5041-17010-2,5041-17010-2,1,Croaghonagh,1.000000,health_aware,10.0,90.0,90.0,100.0,145.0,725.0,580.0,5.0,4.0,True,,-4140931.052939884,1678.046634330304,1982.5436384724424,1574.9573382102099,3.3681563467319116,1.9469768380470132,1.9469768380470132,194.6976838047013,0.0,70.0,70.0,100.0,66.58101111342391,3125.3203802998755,2812.788342269888,5938.108722569763,4.095247394875699,5.119059243594624,0,0.0,35.34588525339145,24.37647258854583,76,92,10.0,34.400974433178234,90.0,True,True,True,False,True,benchmark,,,,,
12242e914ddf9489f2fc6b3e,WP2033,north-west,5041-17010-2,5041-17010-2,1,Croaghonagh,1.000000,health_aware,10.0,90.0,90.0,100.0,145.0,850.0,680.0,5.862068965517241,4.689655172413793,True,,-4159725.966419159,1524.8038158613629,2135.786456941383,1636.0587661942482,3.62850157273407,2.0225109888270656,2.0225109888270656,202.25109888270657,0.0,72.0,72.0,100.0,67.0205001960731,3383.9724541077626,3045.575208696986,6429.547662804749,3.782086860473382,4.727608575591727,0,0.0,38.27111704050445,26.393873821037552,81,87,10.0,33.82697179795884,89.99999999999999,True,True,True,False,True,benchmark,,,,,
86d15cc4f335abc9b6d09b14,WP2033,north-west,5041-17010-2,5041-17010-2,1,Croaghonagh,1.000000,health_aware,10.0,90.0,90.0,100.0,145.0,870.0,696.0,6.0,4.8,True,,-4162729.7085592984,1507.9383350071312,2152.651937795615,1636.0587661942482,3.6571544484022374,2.0225109888270656,2.0225109888270656,202.25109888270657,0.0,72.0,72.0,100.0,67.09081844929699,3417.7034158162255,3075.933074234603,6493.636490050829,3.7319749942820857,4.664968742852607,0,0.0,38.65259815506445,26.656964244872036,81,87,10.0,33.799045837743265,90.0,True,True,True,False,True,benchmark,,,,,
993b36b4250c78f8cc3b1a7b,WP2033,north-west,5041-17010-2,5041-17010-2,1,Croaghonagh,1.000000,health_aware,10.0,90.0,90.0,100.0,145.0,1060.0,848.0,7.310344827586207,5.848275862068966,True,,-4191265.2588906134,1347.716266891933,2312.874005910813,1671.4433687409837,3.929356767249817,2.066253761987057,2.066253761987057,206.6253761987057,0.0,72.0,72.0,100.0,67.75884185492377,3738.1475520466215,3364.332796841959,7102.480348888581,3.350226579664425,4.1877832245805315,0,0.0,42.27666874338441,29.1563232712996,86,82,10.0,33.84633389005004,90.0,True,True,True,False,True,benchmark,,,,,
5b30afc135f699a8ed5b0fe0,WP2033,north-west,5041-17010-2,5041-17010-2,1,Croaghonagh,1.000000,health_aware,10.0,90.0,90.0,100.0,145.0,1160.0,928.0,8.0,6.4,True,,-4205863.688123643,1263.3888626207759,2397.2014101819705,1716.9003236303397,4.07262114559065,2.1224480703346726,2.1224480703346726,212.24480703346725,0.0,72.0,72.0,100.0,68.11043312104314,3898.8046161995485,3508.924154579593,7407.728770779142,3.1929865391289405,3.9912331739111755,0,0.0,44.09362363559013,30.40939561075181,88,80,10.0,33.808102209173526,90.0,True,True,True,False,True,benchmark,,,,,
52a67c59b994cd2259130881,WP2033,north-west,5041-17010-2,5041-17010-2,1,Croaghonagh,1.000000,health_aware,10.0,90.0,90.0,100.0,145.0,1420.0,1136.0,9.793103448275861,7.834482758620689,True,,-4232029.178365412,1044.1376115157689,2616.4526612869777,1843.975313119132,4.44510852927681,2.279539348445676,2.279539348445676,227.9539348445676,0.0,72.0,72.0,100.0,69.02457041295348,4329.141810632156,3896.2276295689403,8225.369440201097,2.8962568451412314,3.620321056426539,0,0.0,48.96053238214939,33.76588440148233,97,71,10.0,35.106275991725454,90.0,True,True,True,False,True,benchmark,,,,,
806897c5c4b31eb9a1e7d8d9,WP2033,north-west,5041-17010-2,5041-17010-2,1,Croaghonagh,1.000000,health_aware,10.0,90.0,90.0,100.0,145.0,1450.0,1160.0,10.0,8.0,True,,-4235042.196520021,1018.8393902344219,2641.7508825683244,1843.975313119132,4.488087842779059,2.279539348445676,2.279539348445676,227.9539348445676,0.0,72.0,72.0,100.0,69.13004779278928,4379.738253194851,3941.764427875365,8321.502681070215,2.8694836831276604,3.5868546039095754,0,0.0,49.532754053989386,34.16052003723406,97,71,10.0,35.32575205495083,90.0,True,True,True,False,True,benchmark,,,,,
cc90e5467d96ab82c2eca022,WP2033,north-west,5041-17010-2,5041-17010-2,1,Croaghonagh,1.000000,health_aware,10.0,90.0,90.0,100.0,145.0,1740.0,1392.0,12.0,9.6,True,,-4259574.55108604,774.2899178480671,2886.3003549546793,1899.6632736851025,4.9035545399674705,2.348381320700768,2.348381320700768,234.8381320700768,0.0,73.0,73.0,100.0,69.82560322168082,4713.389225202904,4242.050302682611,8955.439527885515,2.573402163185493,3.216752703981866,0,0.0,53.3061876659852,36.76288804550703,99,69,10.0,37.821662247612394,90.0,True,True,True,False,True,benchmark,,,,,
51d413300333f1aba198ed25,WP2033,north-west,5041-17010-2,5041-17010-2,1,Croaghonagh,1.000000,health_aware,10.0,90.0,90.0,100.0,145.0,2320.0,1856.0,16.0,12.8,True,,-4303171.03048337,690.4256959695349,2970.1645768332114,1961.3352821536246,5.046032014713779,2.424620828356578,2.424620828356578,242.4620828356578,0.0,74.0,74.0,100.0,70.74303106661701,4833.572504836951,4350.215254353254,9183.787759190205,1.979264603273751,2.474080754092189,0,0.0,54.665403328513115,37.70027815759525,104,64,10.0,41.09615509947972,90.0,True,True,True,False,True,benchmark,,,,,
90c2862c74742a394dabe46d,WP2033,north-west,5041-17010-2,5041-17010-2,1,Croaghonagh,1.000000,health_aware,10.0,90.0,90.0,100.0,145.0,2900.0,2320.0,20.0,16.0,True,,-4346480.742042994,690.4256959695349,2970.1645768332114,1961.3352821536246,5.046032014713779,2.424620828356578,2.424620828356578,242.4620828356578,0.0,74.0,74.0,100.0,71.76264573836316,5322.671449609659,4790.404304648693,10113.075754258352,1.7436337507341988,2.179542188417748,0,0.0,60.19687948963305,41.515089303195204,107,61,10.0,42.71887284372718,90.0,True,True,True,False,True,benchmark,,,,,
eb8f8d02848e1619de8128ff,WP2033,north-west,5041-17010-2,5041-17010-2,1,Croaghonagh,1.000000,health_aware,10.0,90.0,90.0,100.0,145.0,3480.0,2784.0,24.0,19.2,True,,-4381433.818146554,690.4256959695349,2970.1645768332114,1961.3352821536246,5.046032014713779,2.424620828356578,2.424620828356578,242.4620828356578,0.0,74.0,74.0,100.0,72.78226041010932,5652.747835751212,5087.473052176089,10740.220887927302,1.543135185047026,1.9289189813087828,0,0.0,63.929886237662515,44.08957671562932,110,58,10.0,44.377346028097385,90.0,True,True,True,False,True,benchmark,,,,,
00f452275b9811f0b25cb0fd,WP2033,north-west,5041-17010-2,5041-17010-2,1,Croaghonagh,1.000000,health_aware,10.0,90.0,90.0,100.0,150.0,75.0,60.0,0.5,0.4,True,,-3975570.84235681,3356.448527174443,304.1417456283034,505.02017609569157,0.5167083997371148,0.6243106157542784,0.5167083997371148,51.67083997371148,0.0,59.0,59.0,100.0,62.942258850981936,607.5239705558813,546.771573500293,1154.2955440561743,7.695303627041162,9.619129533801452,0,0.0,6.8708068098581805,4.580537873238787,42,126,10.0,27.22717275249983,90.0,True,True,False,False,False,benchmark,,,,,
7099e59ca90d60acd78352c2,WP2033,north-west,5041-17010-2,5041-17010-2,1,Croaghonagh,1.000000,health_aware,10.0,90.0,90.0,100.0,150.0,150.0,120.0,1.0,0.8,True,,-4004876.7401928524,3118.122306232083,542.4679665706635,666.260518947216,0.9216023743676762,0.8236374198996088,0.8236374198996088,82.36374198996089,0.0,62.0,62.0,100.0,63.694792721862136,1002.9971115224769,902.6974003702289,1905.6945118927058,6.3523150396423524,7.940393799552941,0,0.0,11.34341971364706,7.56227980909804,45,123,10.0,27.409868248518034,90.0,True,True,False,False,False,benchmark,,,,,
41b58a76c45ae72fd7453451,WP2033,north-west,5041-17010-2,5041-17010-2,1,Croaghonagh,1.000000,health_aware,10.0,90.0,90.0,100.0,150.0,225.0,180.0,1.5,1.2,True,,-4029563.2426911667,2928.38564662198,732.2046261807664,855.9971785573216,1.243947225634547,1.0581916345611238,1.0581916345611238,105.81916345611238,0.0,65.0,65.0,100.0,64.1495794273076,1315.293380033593,1183.7640420302337,2499.0574220638264,5.553460937919614,6.941826172399518,0,0.0,14.875341797998967,9.916894531999311,53,115,10.0,27.609206643057924,90.0,True,True,True,False,True,benchmark,,,,,
5c9bb873aac2fd9eade9829e,WP2033,north-west,5041-17010-2,5041-17010-2,1,Croaghonagh,1.000000,health_aware,10.0,90.0,90.0,100.0,150.0,290.0,232.0,1.9333333333333333,1.5466666666666666,True,,-4050049.5314662904,2763.9472082932243,896.643064509522,1020.4356168860759,1.523312763399168,1.261471953934432,1.261471953934432,126.14719539344318,0.0,67.0,67.0,100.0,64.49238091177398,1589.3574439148524,1430.4216995233671,3019.7791434382198,5.206515764548655,6.508144705685819,0,0.0,17.974875853798927,11.983250569199285,58,110,10.0,28.640471946574216,90.0,True,True,True,False,True,benchmark,,,,,
196e4dff2c11c3574cf90b5e,WP2033,north-west,5041-17010-2,5041-17010-2,1,Croaghonagh,1.000000,health_aware,10.0,90.0,90.0,100.0,150.0,300.0,240.0,2.0,1.6,True,,-4053201.268200925,2738.6489870118776,921.9412857908687,1045.73383816742,1.566292076901417,1.2927458492226296,1.2927458492226296,129.27458492226296,0.0,67.0,67.0,100.0,64.54511960169188,1631.5211460504308,1468.3690314453875,3099.8901774958185,5.166483629159697,6.458104536449622,0,0.0,18.45172724699892,12.30115149799928,58,110,10.0,28.766450306482117,90.0,True,True,True,False,True,benchmark,,,,,
bb1cda75b0a2467363d68f64,WP2033,north-west,5041-17010-2,5041-17010-2,1,Croaghonagh,1.000000,health_aware,10.0,90.0,90.0,100.0,150.0,430.0,344.0,2.8666666666666667,2.2933333333333334,True,,-4088660.9433191004,2409.7721103543654,1250.818162448381,1334.269232035629,2.1250231524306606,1.6494359735764588,1.6494359735764588,164.94359735764587,0.0,68.0,68.0,100.0,65.23072257062465,2147.814658066612,1933.0331922599507,4080.847850326563,4.745171918984376,5.931464898730469,0,0.0,24.290761013848588,16.193840675899057,68,100,10.0,29.70211352168379,90.0,True,True,True,False,True,benchmark,,,,,
5d9392d13e018703633b191f,WP2033,north-west,5041-17010-2,5041-17010-2,1,Croaghonagh,1.000000,health_aware,10.0,90.0,90.0,100.0,150.0,450.0,360.0,3.0,2.4,True,,-4093232.01366286,2359.175667791672,1301.4146050110744,1351.1347128898633,2.2109817794351585,1.6702852371019299,1.6702852371019299,167.02852371019299,0.0,68.0,68.0,100.0,65.33619995046045,2222.4038215875776,2000.1634394288199,4222.567261016397,4.69174140112933,5.864676751411663,0,0.0,25.13432893462142,16.756219289747612,69,99,10.0,29.974724568716425,90.0,True,True,True,False,True,benchmark,,,,,
000f4cca0ffaf86f49e671ef,WP2033,north-west,5041-17010-2,5041-17010-2,1,Croaghonagh,1.000000,health_aware,10.0,90.0,90.0,100.0,150.0,570.0,456.0,3.8,3.04,True,,-4114391.445942578,2055.597012415507,1604.9932603872394,1414.6892224433905,2.7267335414621523,1.748851910021955,1.748851910021955,174.8851910021955,0.0,69.0,69.0,100.0,65.96906422947531,2627.1753620891304,2364.457825880217,4991.633187969348,4.3786256034818845,5.473282004352355,0,0.0,29.71210230934135,19.808068206227567,73,95,10.0,31.907055367774547,90.0,True,True,True,False,True,benchmark,,,,,
eefe29478d530f4a6e5089c2,WP2033,north-west,5041-17010-2,5041-17010-2,1,Croaghonagh,1.000000,health_aware,10.0,90.0,90.0,100.0,150.0,600.0,480.0,4.0,3.2,True,,-4119681.304012508,1979.7023485714662,1680.88792423128,1435.9499190423448,2.8556714819689,1.775134579929668,1.775134579929668,177.5134579929668,0.0,69.0,69.0,100.0,66.12728029922901,2728.3682472145188,2455.531422493066,5183.899669707585,4.3199163914229874,5.399895489278735,0,0.0,30.856545653021342,20.571030435347563,75,93,10.0,32.38516517154403,90.0,True,True,True,False,True,benchmark,,,,,
28b18eb35380dd200431c2a5,WP2033,north-west,5041-17010-2,5041-17010-2,1,Croaghonagh,1.000000,health_aware,10.0,90.0,90.0,100.0,150.0,710.0,568.0,4.733333333333333,3.7866666666666666,True,,-4138982.483950582,1703.3448556116505,1957.2454171910958,1532.4838641570968,3.325177033229663,1.8944707363218853,1.8944707363218853,189.44707363218853,0.0,70.0,70.0,100.0,66.70084190709333,3096.260149960325,2786.6341349642926,5882.894284924618,4.142883299242689,5.1786041240533605,0,0.0,35.017227886456055,23.344818590970704,77,91,10.0,34.027996702680525,90.0,True,True,True,False,True,benchmark,,,,,
b1cff40701a9d8b61cce2f81,WP2033,north-west,5041-17010-2,5041-17010-2,1,Croaghonagh,1.000000,health_aware,10.0,90.0,90.0,100.0,150.0,750.0,600.0,5.0,4.0,True,,-4145005.147163628,1635.882932194725,2024.7073406080212,1540.3060865826992,3.439788535902328,1.9041406400806797,1.9041406400806797,190.41406400806798,0.0,70.0,70.0,100.0,66.84147841354108,3197.453035085713,2877.7077315771417,6075.160766662855,4.050107177775237,5.062633972219046,0,0.0,36.161671230136044,24.107780820090696,78,90,10.0,33.95398400605177,90.0,True,True,True,False,True,benchmark,,,,,
1d4ecf7afdadd22769131594,WP2033,north-west,5041-17010-2,5041-17010-2,1,Croaghonagh,1.000000,health_aware,10.0,90.0,90.0,100.0,150.0,850.0,680.0,5.666666666666667,4.533333333333333,True,,-4160040.8961347495,1513.6927047502513,2146.897568052495,1540.3060865826992,3.647378312030951,1.9041406400806797,1.9041406400806797,190.41406400806798,0.0,70.0,70.0,100.0,67.19306967966044,3403.970666801344,3063.573600121209,6467.544266922553,3.80443780407209,4.755547255090113,0,0.0,38.49728730311043,25.66485820207362,79,89,10.0,33.77312046834011,90.0,True,True,True,False,True,benchmark,,,,,
f35b6cb2f3984d4459daa6a9,WP2033,north-west,5041-17010-2,5041-17010-2,1,Croaghonagh,1.000000,health_aware,10.0,90.0,90.0,100.0,150.0,900.0,720.0,6.0,4.8,True,,-4167550.2514850963,1471.5290026146731,2189.061270188073,1540.3060865826992,3.7190105012013666,1.9041406400806797,1.9041406400806797,190.41406400806798,0.0,70.0,70.0,100.0,67.36092775210574,3488.2980710725005,3139.46826396525,6627.766335037751,3.682092408354306,4.602615510442883,0,0.0,39.45099008951042,26.300660059673614,80,88,10.0,33.78300012062034,90.0,True,True,True,False,True,benchmark,,,,,
08735708e918525a7c0751ca,WP2033,north-west,5041-17010-2,5041-17010-2,1,Croaghonagh,1.000000,health_aware,10.0,90.0,90.0,100.0,150.0,1060.0,848.0,7.066666666666666,5.653333333333333,True,,-4191580.188606204,1336.6051557808223,2323.985117021924,1605.2204268841306,3.9482335065466967,1.984388348356775,1.984388348356775,198.4388348356775,0.0,70.0,70.0,100.0,67.92347377789673,3758.145764740202,3382.331188266182,7140.476953006384,3.368149506135087,4.210186882668858,0,0.0,42.50283900599038,28.335226003993586,84,84,10.0,33.7771383190265,90.0,True,True,True,False,True,benchmark,,,,,
c5d1ea617bca3b0c7377c3de,WP2033,north-west,5041-17010-2,5041-17010-2,1,Croaghonagh,1.000000,health_aware,10.0,90.0,90.0,100.0,150.0,1200.0,960.0,8.0,6.4,True,,-4211428.641613877,1218.5467898012032,2442.043483001543,1674.8966724383208,4.148803636223859,2.0705227679787357,2.0705227679787357,207.05227679787356,0.0,71.0,71.0,100.0,68.41570155046382,3978.099444532648,3580.2895000793824,7558.38894461203,3.1493287269216794,3.936660908652099,0,0.0,44.99041038459542,29.993606923063616,88,80,10.0,34.255493760417956,90.0,True,True,True,False,True,benchmark,,,,,
155facdd7222bac0d3e3c3e3,WP2033,north-west,5041-17010-2,5041-17010-2,1,Croaghonagh,1.000000,health_aware,10.0,90.0,90.0,100.0,150.0,1420.0,1136.0,9.466666666666667,7.573333333333333,True,,-4233524.108081007,1033.0265004046576,2627.563772398089,1849.7509091873362,4.4639852685736905,2.2866791937595106,2.2866791937595106,228.66791937595104,0.0,72.0,72.0,100.0,69.18920233592642,4349.140023325737,3914.2260209931637,8263.3660443189,2.909635931098204,3.637044913872755,0,0.0,49.18670264475537,32.79113509650358,96,72,10.0,34.473030362230475,90.0,True,True,True,False,True,benchmark,,,,,
b57239d4904553c0a2b0ded9,WP2033,north-west,5041-17010-2,5041-17010-2,1,Croaghonagh,1.000000,health_aware,10.0,90.0,90.0,100.0,150.0,1500.0,1200.0,10.0,8.0,True,,-4241558.823159963,965.5645769877325,2695.025695815014,1892.5141122105706,4.578596771246355,2.3395434611190034,2.3395434611190034,233.95434611190035,0.0,72.0,72.0,100.0,69.4704753488219,4484.063870159588,4035.6574831436287,8519.721353303217,2.8399071177677393,3.549883897209674,0,0.0,50.71262710299534,33.808418068663556,97,71,10.0,35.23322554501169,90.0,True,True,True,False,True,benchmark,,,,,
f9872ce19113a56ad83cf91e,WP2033,north-west,5041-17010-2,5041-17010-2,1,Croaghonagh,1.000000,health_aware,10.0,90.0,90.0,100.0,150.0,1800.0,1440.0,12.0,9.6,True,,-4266486.945048028,712.5823641742625,2948.007908628484,2060.4879773916546,5.008389906268849,2.547194307888258,2.547194307888258,254.71943078882583,0.0,73.0,73.0,100.0,70.15825664330882,4813.985667765595,4332.587100989036,9146.572768754631,2.540714657987398,3.175893322484247,0,0.0,54.44388552830138,36.295923685534255,102,66,10.0,37.48974133060204,90.0,True,True,True,False,True,benchmark,,,,,
709aab09fbd5f3397eaf9d0b,WP2033,north-west,5041-17010-2,5041-17010-2,1,Croaghonagh,1.000000,health_aware,10.0,90.0,90.0,100.0,150.0,2400.0,1920.0,16.0,12.8,True,,-4311571.266332438,640.4256959695348,3020.1645768332114,2060.4879773916546,5.130977341549739,2.547194307888258,2.547194307888258,254.71943078882583,0.0,73.0,73.0,100.0,71.2130304416669,4939.923317142764,4445.9309854284875,9385.854302571252,1.9553863130356774,2.4442328912945968,0,0.0,55.868180372447924,37.24545358163195,105,63,10.0,40.65452680484541,90.0,True,True,True,False,True,benchmark,,,,,
16aacae94698c8f19a1bbdf6,WP2033,north-west,5041-17010-2,5041-17010-2,1,Croaghonagh,1.000000,health_aware,10.0,90.0,90.0,100.0,150.0,3000.0,2400.0,20.0,16.0,True,,-4356374.416221705,640.4256959695349,3020.1645768332114,2060.4879773916546,5.130977341549739,2.547194307888258,2.547194307888258,254.71943078882583,0.0,75.0,75.0,100.0,72.26780424002499,5445.887742769704,4901.298968492734,10347.186711262439,1.7245311185437397,2.1556638981796747,0,0.0,61.59039709084785,41.0602647272319,109,59,10.0,43.7291984435869,90.0,True,True,True,False,True,benchmark,,,,,
356e44446202401055f0024e,WP2033,north-west,5041-17010-2,5041-17010-2,1,Croaghonagh,1.000000,health_aware,10.0,90.0,90.0,100.0,150.0,3600.0,2880.0,24.0,19.2,True,,-4391379.129959888,640.4256959695348,3020.1645768332114,2060.4879773916546,5.130977341549739,2.547194307888258,2.547194307888258,254.71943078882583,0.0,75.0,75.0,100.0,73.13241276523357,5765.392869612937,5188.853582651642,10954.246452264579,1.5214231183700804,1.9017788979626005,0,0.0,65.2038479301463,43.469231953430864,109,59,10.0,44.58824750751011,90.0,True,True,True,False,True,benchmark,,,,,
ef93c636936ab4eb8d733256,WP2033,north-west,5041-17010-2,5041-17010-2,1,Croaghonagh,1.000000,health_aware,10.0,90.0,90.0,100.0,190.0,95.0,76.0,0.5,0.4,True,,-3984102.2458469216,3288.986603757518,371.60366904522834,798.2072453264191,0.6313199024097791,0.9867511842434573,0.6313199024097791,63.131990240977906,0.0,57.0,57.0,100.0,63.188372737265496,725.5823365355008,653.0241028819506,1378.6064394174514,7.255823365355007,9.06977920669376,0,0.0,8.205990710818163,4.318942479377981,44,124,10.0,32.8821045537361,90.0,True,True,False,False,False,benchmark,,,,,
e52f176bfcd147a627d13e69,WP2033,north-west,5041-17010-2,5041-17010-2,1,Croaghonagh,1.000000,health_aware,10.0,90.0,90.0,100.0,190.0,190.0,152.0,1.0,0.8,True,,-4018532.164119945,3016.9294211066945,643.6608516960519,889.9408919519337,1.0935196283766742,1.1001531672155374,1.0935196283766742,109.35196283766741,0.0,61.0,61.0,100.0,63.964994012594936,1167.7204225590685,1050.9483803031617,2218.66880286223,5.838602112795343,7.298252640994178,0,0.0,13.20636192179899,6.950716800946838,49,119,10.0,31.23108723091434,90.0,True,True,True,False,True,benchmark,,,,,
cd5078a2f5bedc6115921634,WP2033,north-west,5041-17010-2,5041-17010-2,1,Croaghonagh,1.000000,health_aware,10.0,90.0,90.0,100.0,190.0,285.0,228.0,1.5,1.2,True,,-4048473.6630989746,2776.5963189338977,883.9939538688486,969.0220756791969,1.5018231066480436,1.1979140584516728,1.1979140584516728,119.79140584516728,0.0,63.0,63.0,100.0,64.36382474000509,1568.2755928470633,1411.4480335623568,2979.72362640942,5.227585309490211,6.534481636862763,0,0.0,17.73645015719893,9.334973766946806,55,113,10.0,31.285604618470103,90.0,True,True,True,False,True,benchmark,,,,,
9a1a8aaaa4c4e8eba546b191,WP2033,north-west,5041-17010-2,5041-17010-2,1,Croaghonagh,1.000000,health_aware,10.0,90.0,90.0,100.0,190.0,290.0,232.0,1.5263157894736843,1.2210526315789474,True,,-4050049.5314662927,2763.947208293224,896.6430645095224,977.454816106314,1.5233127633991688,1.2083386902144082,1.2083386902144082,120.83386902144082,0.0,63.0,63.0,100.0,64.39019408496401,1589.3574439148524,1430.4216995233671,3019.7791434382198,5.206515764548655,6.508144705685819,0,0.0,17.974875853798927,9.460460975683647,55,113,10.0,31.29027076616928,90.0,True,True,True,False,True,benchmark,,,,,
f635762e2315efb9400bd505,WP2033,north-west,5041-17010-2,5041-17010-2,1,Croaghonagh,1.000000,health_aware,10.0,90.0,90.0,100.0,190.0,380.0,304.0,2.0,1.6,True,,-4075141.152229326,2536.2632167611005,1124.3270560416458,1132.053722366487,1.9101265849194138,1.399455288977659,1.399455288977659,139.9455288977659,0.0,64.0,64.0,100.0,64.86484229422518,1936.9961473887201,1743.296532649848,3680.292680038568,4.8424903684718,6.0531129605897505,0,0.0,21.906504047848617,11.529738972551904,58,110,10.0,32.51970658989447,90.0,True,True,True,False,True,benchmark,,,,,
42f35bbc8633501dcf54cdd7,WP2033,north-west,5041-17010-2,5041-17010-2,1,Croaghonagh,1.000000,health_aware,10.0,90.0,90.0,100.0,190.0,430.0,344.0,2.263157894736842,1.8105263157894738,True,,-4088660.9433190995,2409.772110354366,1250.8181624483805,1213.571548065549,2.1250231524306598,1.500228379570951,1.500228379570951,150.0228379570951,0.0,65.0,65.0,100.0,65.12853574381468,2147.814658066612,1933.0331922599505,4080.8478503265624,4.745171918984375,5.931464898730469,0,0.0,24.290761013848584,12.784611059920307,61,107,10.0,33.212586647726944,90.0,True,True,True,False,True,benchmark,,,,,
b93da0fadfd5285db4fd94d8,WP2033,north-west,5041-17010-2,5041-17010-2,1,Croaghonagh,1.000000,health_aware,10.0,90.0,90.0,100.0,190.0,570.0,456.0,3.0,2.4,True,,-4114391.445942578,2055.5970124155074,1604.993260387239,1338.4615784966736,2.7267335414621514,1.654618591072624,1.654618591072624,165.4618591072624,0.0,67.0,67.0,100.0,65.86687740266535,2627.175362089131,2364.4578258802167,4991.633187969348,4.3786256034818845,5.473282004352355,0,0.0,29.712102309341358,15.637948583863873,69,99,10.0,34.97978652720015,90.0,True,True,True,False,True,benchmark,,,,,
c874cef55cf8214a35708427,WP2033,north-west,5041-17010-2,5041-17010-2,1,Croaghonagh,1.000000,health_aware,10.0,90.0,90.0,100.0,190.0,710.0,568.0,3.736842105263158,2.9894736842105263,True,,-4138982.4839505837,1703.3448556116507,1957.2454171910956,1524.5409359826954,3.3251770332296626,1.8846516149992691,1.8846516149992691,188.46516149992692,0.0,68.0,68.0,100.0,66.59865508028338,3096.260149960325,2786.634134964292,5882.894284924618,4.142883299242689,5.1786041240533605,0,0.0,35.017227886456055,18.43011994024003,72,96,10.0,36.74192792082682,90.0,True,True,True,False,True,benchmark,,,,,
73722d89889e9595de6c0796,WP2033,north-west,5041-17010-2,5041-17010-2,1,Croaghonagh,1.000000,health_aware,10.0,90.0,90.0,100.0,190.0,760.0,608.0,4.0,3.2,True,,-4146510.81296689,1619.0174513404938,2041.5728214622525,1586.2360078348574,3.468441411570494,1.9609196338233914,1.9609196338233914,196.09196338233915,0.0,68.0,68.0,100.0,66.77445071334306,3222.75125636706,2900.476130730354,6123.227387097413,4.028439070458824,5.035548838073531,0,0.0,36.44778206605603,19.183043192661067,74,94,10.0,36.82399427503414,90.0,True,True,True,False,True,benchmark,,,,,
00b034565bd83a6ba1072311,WP2033,north-west,5041-17010-2,5041-17010-2,1,Croaghonagh,1.000000,health_aware,10.0,90.0,90.0,100.0,190.0,850.0,680.0,4.473684210526316,3.5789473684210527,True,,-4160048.9200404156,1495.8618032699499,2164.728469532796,1658.352095110029,3.677671347111431,2.050070208362062,2.050070208362062,205.0070208362062,0.0,68.0,68.0,100.0,67.0908828528505,3421.8015682816454,3079.6214114534805,6501.422979735125,3.8243664586677206,4.780458073334651,0,0.0,38.698946307947175,20.367866477866936,76,92,10.0,36.89573173519001,90.0,True,True,True,False,True,benchmark,,,,,
23c405df87fe256ce3732b7b,WP2033,north-west,5041-17010-2,5041-17010-2,1,Croaghonagh,1.000000,health_aware,10.0,90.0,90.0,100.0,190.0,950.0,760.0,5.0,4.0,True,,-4175067.630741109,1411.534398998793,2249.0558738039535,1658.352095110029,3.8209357254522636,2.050070208362062,2.050070208362062,205.0070208362062,0.0,72.0,72.0,100.0,67.44247411896986,3590.4563768239586,3231.4107391415628,6821.867115965521,3.590456376823959,4.488070471029948,0,0.0,40.60635188074715,21.371764147761656,81,87,10.0,36.82355704876443,90.0,True,True,True,False,True,benchmark,,,,,
02d537bd699f94a53bf83de2,WP2033,north-west,5041-17010-2,5041-17010-2,1,Croaghonagh,1.000000,health_aware,10.0,90.0,90.0,100.0,190.0,1060.0,848.0,5.578947368421052,4.463157894736842,True,,-4191588.212511873,1318.7742543005206,2341.8160185022257,1658.352095110029,3.9785265416271773,2.050070208362062,2.050070208362062,205.0070208362062,0.0,72.0,72.0,100.0,67.82922451170114,3775.9766662205034,3398.3789995984525,7174.3556658189555,3.384130031046677,4.230162538808346,0,0.0,42.704498010827116,22.47605158464585,81,87,10.0,36.87382004394546,89.99999999999999,True,True,True,False,True,benchmark,,,,,
a07aed14e5a916f16e7845ab,WP2033,north-west,5041-17010-2,5041-17010-2,1,Croaghonagh,1.000000,health_aware,10.0,90.0,90.0,100.0,190.0,1140.0,912.0,6.0,4.8,True,,-4203603.181072425,1251.3123308835952,2409.277941919151,1663.8992505094575,4.093138044299843,2.0569276532068907,2.0569276532068907,205.69276532068906,0.0,72.0,72.0,100.0,68.11049752459665,3910.9005130543546,3519.810461748919,7430.7109748032735,3.259083760878629,4.073854701098286,0,0.0,44.2304224690671,23.27916972056163,83,85,10.0,36.68810166435828,90.0,True,True,True,False,True,benchmark,,,,,
3b8aa5e57c96c4f14e54da4b,WP2033,north-west,5041-17010-2,5041-17010-2,1,Croaghonagh,1.000000,health_aware,10.0,90.0,90.0,100.0,190.0,1420.0,1136.0,7.473684210526316,5.978947368421053,True,,-4239896.658279752,1015.1955989243567,2645.3946738783898,1821.4777473420982,4.49427830365417,2.251727649412545,2.251727649412545,225.17276494125448,0.0,72.0,72.0,100.0,69.08701550911648,4366.970924806039,3930.2738323254343,8297.244757131473,2.9215650553279837,3.6519563191599795,0,0.0,49.388361649592106,25.993874552416898,87,81,10.0,35.86033012780168,90.0,True,True,True,False,True,benchmark,,,,,
1194f946be5999c76763c113,WP2033,north-west,5041-17010-2,5041-17010-2,1,Croaghonagh,1.000000,health_aware,10.0,90.0,90.0,100.0,190.0,1520.0,1216.0,8.0,6.4,True,,-4249940.052128447,930.8681946532,2729.722078149546,1905.8051516132546,4.637542681995001,2.355973967039883,2.355973967039883,235.5973967039883,0.0,72.0,72.0,100.0,69.43860677523584,4535.625733348354,4082.063160013516,8617.68889336187,2.8347660833427204,3.5434576041784007,0,0.0,51.29576722239207,26.997772222311614,91,77,10.0,35.45822063198495,90.0,True,True,True,False,True,benchmark,,,,,
4c1da17b8c61b2a5c32cb067,WP2033,north-west,5041-17010-2,5041-17010-2,1,Croaghonagh,1.000000,health_aware,10.0,90.0,90.0,100.0,190.0,1900.0,1520.0,10.0,8.0,True,,-4284233.417888077,610.4240584228045,3050.1662143799417,1936.6991641333443,5.18194731969016,2.394165431247608,2.394165431247608,239.4165431247608,0.0,73.0,73.0,100.0,70.4241273074416,5045.497732868042,4540.947959581237,9586.445692449279,2.5227488664340205,3.153436083042526,0,0.0,57.06217674076951,30.032724600405004,98,70,10.0,36.28367073632372,90.0,True,True,True,False,True,benchmark,,,,,
0afb5e720f76956a2eafdecd,WP2033,north-west,5041-17010-2,5041-17010-2,1,Croaghonagh,1.000000,health_aware,10.0,90.0,90.0,100.0,190.0,2280.0,1824.0,12.0,9.6,True,,-4312929.19028751,289.97992219240876,3370.6103506103377,2240.913769682971,5.726351957385319,2.7702383421963095,2.7702383421963095,277.02383421963094,0.0,73.0,73.0,100.0,71.09215071306839,5365.941869098438,4829.347682188593,10195.289551287031,2.235809112124349,2.7947613901554362,0,0.0,60.68624732908947,31.94013017320498,101,67,10.0,39.81264073462341,90.0,True,True,True,False,True,benchmark,,,,,
012edec956f495d9c5df3728,WP2033,north-west,5041-17010-2,5041-17010-2,1,Croaghonagh,1.000000,health_aware,10.0,90.0,90.0,100.0,190.0,3040.0,2432.0,16.0,12.8,True,,-4369926.061610338,262.58684852138066,3398.003424281366,2246.1146299439934,5.772890229305859,2.776667693786008,2.776667693786008,277.6667693786008,0.0,73.0,73.0,100.0,72.42819752432197,5608.972463829155,5048.07521744624,10657.047681275395,1.752803894946611,2.191004868683264,0,0.0,63.434807626639255,33.386740856125925,105,63,10.0,41.31350867003747,90.0,True,True,True,False,True,benchmark,,,,,
e93b60c8a0a4416b969bbcf8,WP2033,north-west,5041-17010-2,5041-17010-2,1,Croaghonagh,1.000000,health_aware,10.0,90.0,90.0,100.0,190.0,3800.0,3040.0,20.0,16.0,True,,-4426676.718136744,262.5868485213808,3398.0034242813654,2246.1146299439934,5.772890229305859,2.776667693786008,2.776667693786008,277.6667693786008,0.0,73.0,73.0,100.0,73.76424433557554,6249.860736289947,5624.874662660952,11874.7353989509,1.5624651840724868,1.9530814800906084,0,0.0,70.68294880327916,37.20155200172587,110,58,10.0,43.758485052151606,90.0,True,True,True,False,True,benchmark,,,,,
e0e006b05afa02e2cb9ff829,WP2033,north-west,5041-17010-2,5041-17010-2,1,Croaghonagh,1.000000,health_aware,10.0,90.0,90.0,100.0,190.0,4560.0,3648.0,24.0,19.2,True,,-4457383.423309514,262.58684852138066,3398.003424281366,2246.1146299439934,5.772890229305859,2.776667693786008,2.776667693786008,277.6667693786008,0.0,73.0,73.0,100.0,75.10029114682911,6447.484593668367,5802.736134301527,12250.220727969894,1.3432259570142429,1.6790324462678035,0,0.0,72.91798052363032,38.377884486121225,108,60,10.0,44.79752571305851,90.0,True,True,True,False,True,benchmark,,,,,
877a8e1e240afddd30710ac6,WP2033,north-west,5041-17010-2,5041-17010-2,1,Croaghonagh,1.000000,health_aware,10.0,90.0,90.0,100.0,240.0,120.0,96.0,0.5,0.4,True,,-3994160.0943129943,3204.6591994863606,455.93107331638566,826.7091103073544,0.7745842807506114,1.021985453523466,0.7745842807506114,77.45842807506114,0.0,59.0,59.0,100.0,63.4600743122956,870.9460366801376,783.8514330121236,1654.797469692261,6.8949894570510875,8.61873682131386,0,0.0,9.849984938644413,4.104160391101839,47,121,10.0,32.87720031600229,90.0,True,True,False,False,False,benchmark,,,,,
3ab5faa47ccd7b109522a256,WP2033,north-west,5041-17010-2,5041-17010-2,1,Croaghonagh,1.000000,health_aware,10.0,90.0,90.0,100.0,240.0,240.0,192.0,1.0,0.8,True,,-4034290.84779312,2890.4383146999594,770.1519581027869,895.9644974505427,1.308416195887921,1.1075996040826157,1.1075996040826157,110.75996040826158,0.0,62.0,62.0,100.0,64.17149441724965,1378.5389332369605,1240.6850399132643,2619.223973150225,5.456716610729635,6.820895763412044,0,0.0,15.590618887798959,6.496091203249566,54,114,10.0,31.153687899635326,90.0,True,True,True,False,True,benchmark,,,,,
ef8a2fdaa59cd7f327f4ebcc,WP2033,north-west,5041-17010-2,5041-17010-2,1,Croaghonagh,1.000000,health_aware,10.0,90.0,90.0,100.0,240.0,290.0,232.0,1.2083333333333333,0.9666666666666667,True,,-4050049.5314662927,2763.947208293224,896.6430645095224,977.454816106314,1.5233127633991688,1.2083386902144082,1.2083386902144082,120.83386902144082,0.0,63.0,63.0,100.0,64.39019408496401,1589.3574439148524,1430.4216995233671,3019.7791434382198,5.206515764548655,6.508144705685819,0,0.0,17.974875853798927,7.489531605749553,55,113,10.0,31.29027076616928,90.0,True,True,True,False,True,benchmark,,,,,
3d7dc0cf1a6416e5720e22d7,WP2033,north-west,5041-17010-2,5041-17010-2,1,Croaghonagh,1.000000,health_aware,10.0,90.0,90.0,100.0,240.0,360.0,288.0,1.5,1.2,True,,-4069733.2357934164,2586.859659323795,1073.7306134789515,1115.18824151226,1.8241679579149144,1.3786060254521968,1.3786060254521968,137.86060254521968,0.0,64.0,64.0,100.0,64.75936491438937,1852.6687431175633,1667.4018688058068,3520.07061192337,4.88898696100468,6.111233701255851,0,0.0,20.95280126144863,8.730333858936929,57,111,10.0,32.235447274477046,90.0,True,True,True,False,True,benchmark,,,,,
daa1ade4eb76274365bf895a,WP2033,north-west,5041-17010-2,5041-17010-2,1,Croaghonagh,1.000000,health_aware,10.0,90.0,90.0,100.0,240.0,430.0,344.0,1.7916666666666667,1.4333333333333333,True,,-4088660.9433190995,2409.772110354366,1250.8181624483805,1210.5589296004473,2.1250231524306598,1.4965041527419936,1.4965041527419936,149.65041527419936,0.0,65.0,65.0,100.0,65.12853574381468,2147.814658066612,1933.0331922599505,4080.8478503265624,4.745171918984375,5.931464898730469,0,0.0,24.290761013848584,10.121150422436909,62,106,10.0,33.216542933470635,90.0,True,True,True,False,True,benchmark,,,,,
e9bb6b15b677d462c5630f22,WP2033,north-west,5041-17010-2,5041-17010-2,1,Croaghonagh,1.000000,health_aware,10.0,90.0,90.0,100.0,240.0,480.0,384.0,2.0,1.6,True,,-4098521.8717327896,2283.281003947631,1377.3092688551155,1246.4177290332518,2.3399197199419066,1.5408331324813327,1.5408331324813327,154.08331324813327,0.0,65.0,65.0,100.0,65.39222919340422,2323.596706712966,2091.2370360416694,4414.833742754636,4.598785148702746,5.748481435878432,0,0.0,26.278772278301403,10.949488449292252,64,104,10.0,33.82960576806146,90.0,True,True,True,False,True,benchmark,,,,,
6b4af2bc554849226c6758ef,WP2033,north-west,5041-17010-2,5041-17010-2,1,Croaghonagh,1.000000,health_aware,10.0,90.0,90.0,100.0,240.0,570.0,456.0,2.375,1.9,True,,-4114391.445942578,2055.597012415507,1604.9932603872394,1382.0914004359147,2.7267335414621523,1.708554180756819,1.708554180756819,170.8554180756819,0.0,67.0,67.0,100.0,65.86687740266535,2627.175362089131,2364.457825880217,4991.633187969348,4.3786256034818845,5.473282004352355,0,0.0,29.712102309341358,12.380042628892232,68,100,10.0,34.97230886839007,90.0,True,True,True,False,True,benchmark,,,,,
8b11eb4eb7130d227594aee6,WP2033,north-west,5041-17010-2,5041-17010-2,1,Croaghonagh,1.000000,health_aware,10.0,90.0,90.0,100.0,240.0,710.0,568.0,2.9583333333333335,2.3666666666666667,True,,-4138982.4839505837,1703.3448556116507,1957.2454171910956,1571.948604006313,3.3251770332296626,1.9432574129777067,1.9432574129777067,194.32574129777066,0.0,68.0,68.0,100.0,66.59865508028338,3096.260149960325,2786.6341349642917,5882.894284924617,4.142883299242688,5.17860412405336,0,0.0,35.017227886456055,14.590511619356691,72,96,10.0,36.727806137005416,90.0,True,True,True,False,True,benchmark,,,,,
3955f6cdf15698982a16345c,WP2033,north-west,5041-17010-2,5041-17010-2,1,Croaghonagh,1.000000,health_aware,10.0,90.0,90.0,100.0,240.0,720.0,576.0,3.0,2.4,True,,-4140488.149753845,1686.4793747574197,1974.1108980453266,1580.38134443343,3.3538299088978283,1.9536820447404424,1.9536820447404424,195.36820447404423,0.0,68.0,68.0,100.0,66.63381420689531,3121.558371241672,2809.4025341175043,5930.960905359176,4.118722850943872,5.14840356367984,0,0.0,35.30333872237605,14.709724467656686,72,96,10.0,36.72695697769515,90.0,True,True,True,False,True,benchmark,,,,,
3a1f7a893b4827a92d5cf09f,WP2033,north-west,5041-17010-2,5041-17010-2,1,Croaghonagh,1.000000,health_aware,10.0,90.0,90.0,100.0,240.0,850.0,680.0,3.5416666666666665,2.8333333333333335,True,,-4160048.9200404156,1495.8618032699503,2164.728469532796,1692.0568022838052,3.677671347111431,2.091736279314227,2.091736279314227,209.1736279314227,0.0,68.0,68.0,100.0,67.0908828528505,3421.801568281645,3079.6214114534796,6501.4229797351245,3.82436645866772,4.780458073334651,0,0.0,38.69894630794717,16.124560961644654,73,95,10.0,36.65220106820571,90.0,True,True,True,False,True,benchmark,,,,,
31f9b6e2a2b9e266103510d0,WP2033,north-west,5041-17010-2,5041-17010-2,1,Croaghonagh,1.000000,health_aware,10.0,90.0,90.0,100.0,240.0,960.0,768.0,4.0,3.2,True,,-4176569.5018111793,1403.1016585716777,2257.488614231069,1776.1489291878024,3.835262163286346,2.1956917448827427,2.1956917448827427,219.56917448827426,0.0,72.0,72.0,100.0,67.47763324558179,3607.32185767819,3246.5896719103707,6853.91152958856,3.569745588327375,4.462181985409219,0,0.0,40.79709243802714,16.998788515844645,81,87,10.0,36.608567038025434,90.0,True,True,True,False,True,benchmark,,,,,
ed133b4fa7fccaec8710b3c1,WP2033,north-west,5041-17010-2,5041-17010-2,1,Croaghonagh,1.000000,health_aware,10.0,90.0,90.0,100.0,240.0,1060.0,848.0,4.416666666666667,3.533333333333333,True,,-4191588.212511873,1318.7742543005209,2341.8160185022252,1776.1489291878024,3.9785265416271764,2.1956917448827427,2.1956917448827427,219.56917448827426,0.0,72.0,72.0,100.0,67.82922451170114,3775.9766662205034,3398.3789995984525,7174.3556658189555,3.384130031046677,4.230162538808346,0,0.0,42.704498010827116,17.793540837844635,81,87,10.0,36.69680756449847,90.0,True,True,True,False,True,benchmark,,,,,
904ac9f46b1b4c05763b78e3,WP2033,north-west,5041-17010-2,5041-17010-2,1,Croaghonagh,1.000000,health_aware,10.0,90.0,90.0,100.0,240.0,1200.0,960.0,5.0,4.0,True,,-4212614.4074928425,1200.7158883209013,2459.874384481845,1776.1489291878024,4.179096671304341,2.1956917448827427,2.1956917448827427,219.56917448827426,0.0,72.0,72.0,100.0,68.32145228426828,4012.093398179742,3610.884058361768,7622.97745654151,3.176240606892296,3.97030075861537,0,0.0,45.37486581274708,18.906194088644618,83,85,10.0,36.28376662723398,90.0,True,True,True,False,True,benchmark,,,,,
fe5b287960851e37ffd31524,WP2033,north-west,5041-17010-2,5041-17010-2,1,Croaghonagh,1.000000,health_aware,10.0,90.0,90.0,100.0,240.0,1420.0,1136.0,5.916666666666667,4.733333333333333,True,,-4241845.76418671,1015.1955989243567,2645.3946738783898,1885.752322656721,4.49427830365417,2.331184474290792,2.331184474290792,233.1184474290792,0.0,72.0,72.0,100.0,69.08701550911648,4366.970924806039,3930.273832325435,8297.244757131473,2.9215650553279837,3.6519563191599795,0,0.0,49.388361649592106,20.578484020663378,86,82,10.0,35.524734538500894,90.0,True,True,True,False,True,benchmark,,,,,
3e1a2402ed5906dce37dd9a4,WP2033,north-west,5041-17010-2,5041-17010-2,1,Croaghonagh,1.000000,health_aware,10.0,90.0,90.0,100.0,240.0,1440.0,1152.0,6.0,4.8,True,,-4243854.4429564485,998.3301180701256,2662.260154732621,1885.752322656721,4.5229311793223355,2.331184474290792,2.331184474290792,233.1184474290792,0.0,72.0,72.0,100.0,69.15733376234034,4400.701886514501,3960.6316978630507,8361.333584377551,2.903240827908872,3.62905103488609,0,0.0,49.7698427641521,20.737434485063375,86,82,10.0,35.425979976298265,90.0,True,True,True,False,True,benchmark,,,,,
ef7832c5fbb47ff425f99644,WP2033,north-west,5041-17010-2,5041-17010-2,1,Croaghonagh,1.000000,health_aware,10.0,90.0,90.0,100.0,240.0,1920.0,1536.0,8.0,6.4,True,,-4287692.827605532,593.5585775685732,3067.031695234173,2054.4959982111177,5.210600195358325,2.5397869677682885,2.5397869677682885,253.97869677682885,0.0,73.0,73.0,100.0,70.45928643405352,5062.363213722272,4556.126892350045,9618.490106072317,2.5048151317896656,3.131018914737082,0,0.0,57.25291729804952,23.85538220752063,96,72,10.0,35.521741459122374,90.0,True,True,True,False,True,benchmark,,,,,
20076828ddd5232d3667b897,WP2033,north-west,5041-17010-2,5041-17010-2,1,Croaghonagh,1.000000,health_aware,10.0,90.0,90.0,100.0,240.0,2400.0,1920.0,10.0,8.0,True,,-4323940.119057446,188.78703706701984,3471.8032357357265,2302.5481004937174,5.898269211394318,2.8464312723828624,2.8464312723828624,284.64312723828624,0.0,73.0,73.0,100.0,71.30310547274,5467.134754223826,4920.421278801442,10387.556033025268,2.164074173546931,2.7050927169336636,0,0.0,61.830690672769464,25.762787780320608,101,67,10.0,39.63139638129313,90.0,True,True,True,False,True,benchmark,,,,,
21c584dde338163be4f58c30,WP2033,north-west,5041-17010-2,5041-17010-2,1,Croaghonagh,1.000000,health_aware,10.0,90.0,90.0,100.0,240.0,2880.0,2304.0,12.0,9.6,True,,-4360089.27227533,2.1004610815301135,3658.489811721216,2467.0424630691996,6.215432255653793,3.049780725827566,3.049780725827566,304.9780725827566,0.0,73.0,73.0,100.0,72.14692451142648,5653.8213302093145,5088.439197188384,10742.260527397699,1.864975786006545,2.331219732508181,0,0.0,63.94202694879583,26.64251122866493,104,64,10.0,41.122933391743345,90.0,True,True,True,False,True,benchmark,,,,,
4c8c905c04a258b4de28bd03,WP2033,north-west,5041-17010-2,5041-17010-2,1,Croaghonagh,1.000000,health_aware,10.0,90.0,90.0,100.0,240.0,3840.0,3072.0,16.0,12.8,True,,-4431873.187090423,2.100461081530085,3658.489811721216,2467.0424630691996,6.215432255653793,3.049780725827566,3.049780725827566,304.9780725827566,0.0,73.0,73.0,100.0,73.83456258879941,6283.591697998409,5655.232528198568,11938.824226196975,1.5545344044527312,1.943168005565914,0,0.0,71.06442991783915,29.61017913243298,109,59,10.0,43.22458450783177,90.0,True,True,True,False,True,benchmark,,,,,
1d3aa564246fbf34bd97cc89,WP2033,north-west,5041-17010-2,5041-17010-2,1,Croaghonagh,1.000000,health_aware,10.0,90.0,90.0,100.0,240.0,4800.0,3840.0,20.0,16.0,True,,-4493814.447884217,2.100461081530085,3658.489811721216,2467.0424630691996,6.215432255653793,3.049780725827566,3.049780725827566,304.9780725827566,0.0,74.0,74.0,100.0,75.4569795597568,6907.715577687821,6216.944019919038,13124.659597606858,1.367152041417381,1.7089400517717264,0,0.0,78.12297379527892,32.55123908136622,113,55,10.0,45.28601833082773,90.0,True,True,True,False,True,benchmark,,,,,
a15d98db1c71d6704f2f3556,WP2033,north-west,5041-17010-2,5041-17010-2,1,Croaghonagh,1.000000,health_aware,10.0,90.0,90.0,100.0,240.0,5760.0,4608.0,24.0,19.2,True,,-4519399.5475566685,2.100461081530085,3658.489811721216,2467.0424630691996,6.215432255653793,3.049780725827566,3.049780725827566,304.9780725827566,0.0,75.0,75.0,100.0,77.06373358138349,7459.413444922247,6713.47210043002,14172.885545352266,1.2302852035896064,1.537856504487008,0,0.0,84.36241396043017,35.1510058168459,115,53,10.0,45.02095309124121,90.0,True,True,True,False,True,benchmark,,,,,
0d562d6f7bf6813119b67914,WP2033,north-west,5041-17010-2,5041-17010-2,1,Croaghonagh,1.000000,health_aware,10.0,90.0,90.0,100.0,250.0,125.0,100.0,0.5,0.4,True,,-3996016.562118021,3187.7937186321296,472.7965541706167,835.1418507344715,0.803237156418777,1.0324100852862017,0.803237156418777,80.3237156418777,0.0,59.0,59.0,100.0,63.50402322056051,896.2442579614845,806.619832165336,1702.8640901268204,6.8114563605072815,8.514320450634102,0,0.0,10.13609577456441,4.054438309825764,47,121,10.0,32.78115992240981,90.0,True,True,False,False,False,benchmark,,,,,
e4d983d6bbc76120f44ef6ba,WP2033,north-west,5041-17010-2,5041-17010-2,1,Croaghonagh,1.000000,health_aware,10.0,90.0,90.0,100.0,250.0,250.0,200.0,1.0,0.8,True,,-4037442.5845277533,2865.140093418612,795.4501793841341,909.9928926893845,1.3513955093901708,1.1249416361125324,1.1249416361125324,112.49416361125324,0.0,63.0,63.0,100.0,64.1890739805556,1420.7026353725391,1278.632371835285,2699.335007207824,5.398670014415648,6.748337518019561,0,0.0,16.06747028099895,6.42698811239958,55,113,10.0,31.26558926505591,90.0,True,True,True,False,True,benchmark,,,,,
2db0aa6769648254eb07b2b5,WP2033,north-west,5041-17010-2,5041-17010-2,1,Croaghonagh,1.000000,health_aware,10.0,90.0,90.0,100.0,250.0,290.0,232.0,1.16,0.928,True,,-4050049.5314662927,2763.947208293224,896.6430645095224,977.454816106314,1.5233127633991688,1.2083386902144082,1.2083386902144082,120.83386902144082,0.0,63.0,63.0,100.0,64.39019408496401,1589.3574439148524,1430.4216995233671,3019.7791434382198,5.206515764548655,6.508144705685819,0,0.0,17.974875853798927,7.189950341519571,54,114,10.0,31.407580178466517,90.0,True,True,True,False,True,benchmark,,,,,
ebf33c53fa65c0334846d157,WP2033,north-west,5041-17010-2,5041-17010-2,1,Croaghonagh,1.000000,health_aware,10.0,90.0,90.0,100.0,250.0,375.0,300.0,1.5,1.2,True,,-4073789.173120348,2548.9123274017743,1111.677945400972,1127.8373521529284,1.8886369281682884,1.3942429730962913,1.3942429730962913,139.42429730962914,0.0,64.0,64.0,100.0,64.83847294926622,1915.9142963209308,1724.3228666888376,3640.2371630097687,4.853649550679692,6.067061938349615,0,0.0,21.668078351248624,8.66723134049945,58,110,10.0,32.45171537617243,90.0,True,True,True,False,True,benchmark,,,,,
abfedcf6037af71ff300c83b,WP2033,north-west,5041-17010-2,5041-17010-2,1,Croaghonagh,1.000000,health_aware,10.0,90.0,90.0,100.0,250.0,430.0,344.0,1.72,1.376,True,,-4088660.9433190995,2409.772110354366,1250.8181624483805,1210.5589296004473,2.1250231524306598,1.4965041527419936,1.4965041527419936,149.65041527419936,0.0,65.0,65.0,100.0,65.12853574381468,2147.814658066612,1933.0331922599505,4080.8478503265624,4.745171918984375,5.931464898730469,0,0.0,24.290761013848584,9.716304405539432,62,106,10.0,33.216542933470635,90.0,True,True,True,False,True,benchmark,,,,,
bcd68f4e5601d69b88a3b489,WP2033,north-west,5041-17010-2,5041-17010-2,1,Croaghonagh,1.000000,health_aware,10.0,90.0,90.0,100.0,250.0,500.0,400.0,2.0,1.6,True,,-4102048.4437794094,2232.6845613849364,1427.90571141781,1255.4986387712197,2.4258783469464062,1.5520590371450813,1.5520590371450813,155.20590371450814,0.0,66.0,66.0,100.0,65.49770657324002,2391.0586301298913,2151.952767116902,4543.011397246793,4.543011397246794,5.678764246558492,0,0.0,27.04173450742139,10.816693802968555,65,103,10.0,34.10616147556822,90.0,True,True,True,False,True,benchmark,,,,,
0d8f4dc610d3eb52d0a38a61,WP2033,north-west,5041-17010-2,5041-17010-2,1,Croaghonagh,1.000000,health_aware,10.0,90.0,90.0,100.0,250.0,570.0,456.0,2.28,1.824,True,,-4114391.445942578,2055.597012415507,1604.9932603872394,1382.0914004359147,2.7267335414621523,1.708554180756819,1.708554180756819,170.8554180756819,0.0,67.0,67.0,100.0,65.86687740266535,2627.175362089131,2364.457825880217,4991.633187969348,4.3786256034818845,5.473282004352355,0,0.0,29.712102309341358,11.884840923736544,68,100,10.0,34.97230886839007,90.0,True,True,True,False,True,benchmark,,,,,
0b082f185e293bd317f6b70c,WP2033,north-west,5041-17010-2,5041-17010-2,1,Croaghonagh,1.000000,health_aware,10.0,90.0,90.0,100.0,250.0,710.0,568.0,2.84,2.272,True,,-4138982.4839505837,1703.3448556116507,1957.2454171910956,1571.948604006313,3.3251770332296626,1.9432574129777067,1.9432574129777067,194.32574129777066,0.0,68.0,68.0,100.0,66.59865508028338,3096.260149960325,2786.6341349642917,5882.894284924617,4.142883299242688,5.17860412405336,0,0.0,35.017227886456055,14.006891154582423,72,96,10.0,36.727806137005416,90.0,True,True,True,False,True,benchmark,,,,,
2d5653da34b3147ccccd91f2,WP2033,north-west,5041-17010-2,5041-17010-2,1,Croaghonagh,1.000000,health_aware,10.0,90.0,90.0,100.0,250.0,750.0,600.0,3.0,2.4,True,,-4145005.14716363,1635.8829321947253,2024.707340608021,1605.679565714774,3.4397885359023275,1.98495594002864,1.98495594002864,198.495594002864,0.0,68.0,68.0,100.0,66.73929158673113,3197.453035085713,2877.707731577141,6075.160766662854,4.050107177775236,5.062633972219046,0,0.0,36.16167123013604,14.464668492054415,72,96,10.0,36.74306634476296,90.0,True,True,True,False,True,benchmark,,,,,
441eea63c65887540a2af7cf,WP2033,north-west,5041-17010-2,5041-17010-2,1,Croaghonagh,1.000000,health_aware,10.0,90.0,90.0,100.0,250.0,850.0,680.0,3.4,2.72,True,,-4160048.9200404156,1495.8618032699503,2164.728469532796,1692.0568022838052,3.677671347111431,2.091736279314227,2.091736279314227,209.1736279314227,0.0,68.0,68.0,100.0,67.0908828528505,3421.801568281645,3079.6214114534796,6501.4229797351245,3.82436645866772,4.780458073334651,0,0.0,38.69894630794717,15.479578523178867,73,95,10.0,36.65220106820571,90.0,True,True,True,False,True,benchmark,,,,,
09326dfc572664c67016c5fc,WP2033,north-west,5041-17010-2,5041-17010-2,1,Croaghonagh,1.000000,health_aware,10.0,90.0,90.0,100.0,250.0,1000.0,800.0,4.0,3.2,True,,-4182576.9860914573,1369.3706968632148,2291.2195759395318,1776.1489291878024,3.8925679146226786,2.1956917448827427,2.1956917448827427,219.56917448827426,0.0,72.0,72.0,100.0,67.61826975202952,3674.783781095115,3307.3054029856035,6982.089184080718,3.491044592040359,4.363805740050449,0,0.0,41.56005466714713,16.62402186685885,81,87,10.0,36.612981066936506,90.0,True,True,True,False,True,benchmark,,,,,
44e98a6503798597a2721949,WP2033,north-west,5041-17010-2,5041-17010-2,1,Croaghonagh,1.000000,health_aware,10.0,90.0,90.0,100.0,250.0,1060.0,848.0,4.24,3.392,True,,-4191588.212511873,1318.7742543005209,2341.8160185022252,1776.1489291878024,3.9785265416271764,2.1956917448827427,2.1956917448827427,219.56917448827426,0.0,72.0,72.0,100.0,67.82922451170114,3775.9766662205034,3398.3789995984525,7174.3556658189555,3.384130031046677,4.230162538808346,0,0.0,42.704498010827116,17.08179920433085,81,87,10.0,36.69680756449847,90.0,True,True,True,False,True,benchmark,,,,,
798d5808b7c87e9888a74915,WP2033,north-west,5041-17010-2,5041-17010-2,1,Croaghonagh,1.000000,health_aware,10.0,90.0,90.0,100.0,250.0,1250.0,1000.0,5.0,4.0,True,,-4220123.76284319,1158.5521861853229,2502.0380866174237,1776.1489291878024,4.250728860474757,2.1956917448827427,2.1956917448827427,219.56917448827426,0.0,72.0,72.0,100.0,68.49724791732794,4096.420802450899,3686.7787222058087,7783.199524656708,3.113279809862683,3.8915997623283536,0,0.0,46.32856859914707,18.531427439658827,83,85,10.0,36.14926916936902,90.0,True,True,True,False,True,benchmark,,,,,
9b6cbde1140a699f9f955d11,WP2033,north-west,5041-17010-2,5041-17010-2,1,Croaghonagh,1.000000,health_aware,10.0,90.0,90.0,100.0,250.0,1420.0,1136.0,5.68,4.544,True,,-4241845.76418671,1015.1955989243567,2645.3946738783898,1885.752322656721,4.49427830365417,2.331184474290792,2.331184474290792,233.1184474290792,0.0,72.0,72.0,100.0,69.08701550911648,4366.970924806039,3930.273832325435,8297.244757131473,2.9215650553279837,3.6519563191599795,0,0.0,49.388361649592106,19.755344659836844,86,82,10.0,35.524734538500894,90.0,True,True,True,False,True,benchmark,,,,,
f20db151b8de6aeee0b2db2b,WP2033,north-west,5041-17010-2,5041-17010-2,1,Croaghonagh,1.000000,health_aware,10.0,90.0,90.0,100.0,250.0,1500.0,1200.0,6.0,4.8,True,,-4249880.479265665,947.7336755074315,2712.8565972953147,1885.752322656721,4.608889806326834,2.331184474290792,2.331184474290792,233.1184474290792,0.0,72.0,72.0,100.0,69.36828852201197,4501.894771639889,4051.7052944759,8553.600066115789,2.8512000220385962,3.564000027548245,0,0.0,50.914286107832076,20.36571444313283,87,81,10.0,35.22354567817757,90.0,True,True,True,False,True,benchmark,,,,,
8986fd5a1b05b13a4a3104a8,WP2033,north-west,5041-17010-2,5041-17010-2,1,Croaghonagh,1.000000,health_aware,10.0,90.0,90.0,100.0,250.0,2000.0,1600.0,8.0,6.4,True,,-4293734.042847517,526.0966541516476,3134.4936186510986,2054.4959982111177,5.325211698030991,2.5397869677682885,2.5397869677682885,253.97869677682885,0.0,73.0,73.0,100.0,70.59992294050129,5129.825137139198,4616.842623425278,9746.667760564476,2.436666940141119,3.045833675176399,0,0.0,58.0158795271695,23.2063518108678,98,70,10.0,35.97590277817004,90.0,True,True,True,False,True,benchmark,,,,,
f4555da10b380dbcdf2577d2,WP2033,north-west,5041-17010-2,5041-17010-2,1,Croaghonagh,1.000000,health_aware,10.0,90.0,90.0,100.0,250.0,2500.0,2000.0,10.0,8.0,True,,-4331491.638109928,104.45963279586304,3556.1306400068834,2386.8755047648738,6.041533589735149,2.9506775900102005,2.9506775900102005,295.06775900102,0.0,73.0,73.0,100.0,71.47890110579968,5551.462158494984,4996.315942645484,10547.778101140468,2.1095556202280936,2.636944525285117,0,0.0,62.78439345916945,25.11375738366778,101,67,10.0,40.153571758535136,90.0,True,True,True,False,True,benchmark,,,,,
7a374ff5d8434f99f5d1eb58,WP2033,north-west,5041-17010-2,5041-17010-2,1,Croaghonagh,1.000000,health_aware,10.0,90.0,90.0,100.0,250.0,3000.0,2400.0,12.0,9.6,True,,-4369106.503547486,0.0,3660.5902728027463,2469.1429241507285,6.219000742715329,3.052377335256748,3.052377335256748,305.2377335256748,0.0,73.0,73.0,100.0,72.35787927109808,5655.921791290846,5090.32961216176,10746.251403452607,1.7910419005754343,2.238802375719293,0,0.0,63.96578216340837,25.586312865363347,103,65,10.0,41.37865127122406,90.0,True,True,True,False,True,benchmark,,,,,
938c57326a0c87c5eff81030,WP2033,north-west,5041-17010-2,5041-17010-2,1,Croaghonagh,1.000000,health_aware,10.0,90.0,90.0,100.0,250.0,4000.0,3200.0,16.0,12.8,True,,-4443822.794188643,0.0,3660.5902728027463,2469.1429241507285,6.219000742715329,3.052377335256748,3.052377335256748,305.2377335256748,0.0,73.0,73.0,100.0,74.1158356016949,6418.51554483226,5776.663990349034,12195.179535181294,1.5243974418976618,1.9054968023720773,0,0.0,72.59035437607913,29.036141750431653,110,58,10.0,43.350201100476106,90.0,True,True,True,False,True,benchmark,,,,,
8169403c435bc50b9eb2c74d,WP2033,north-west,5041-17010-2,5041-17010-2,1,Croaghonagh,1.000000,health_aware,10.0,90.0,90.0,100.0,250.0,5000.0,4000.0,20.0,16.0,True,,-4504954.710423203,0.0,3660.5902728027463,2469.1429241507285,6.219000742715329,3.052377335256748,3.052377335256748,305.2377335256748,0.0,74.0,74.0,100.0,75.7276867701299,7004.13021080641,6303.717189725767,13307.847400532177,1.3307847400532178,1.6634809250665221,0,0.0,79.2133773841201,31.685350953648037,113,55,10.0,45.33584102911115,90.0,True,True,True,False,True,benchmark,,,,,
e2683627d147e9d6549d250f,WP2033,north-west,5041-17010-2,5041-17010-2,1,Croaghonagh,1.000000,health_aware,10.0,90.0,90.0,100.0,250.0,6000.0,4800.0,24.0,19.2,True,,-4531070.610882657,0.0,3660.5902728027463,2469.1429241507285,6.219000742715329,3.052377335256748,3.052377335256748,305.2377335256748,0.0,76.0,76.0,100.0,77.48564310072672,7661.799215173024,6895.619293655719,14557.418508828743,1.213118209069062,1.5163977613363273,0,0.0,86.65130064779015,34.66052025911606,117,51,10.0,45.14563578669054,90.0,True,True,True,False,True,benchmark,,,,,
14620c4e7ec045440c028476,WP2033,north-west,5041-17010-2,5041-17010-2,1,Croaghonagh,1.000000,health_aware,10.0,90.0,90.0,100.0,285.0,142.5,114.0,0.5,0.4,True,,-4002285.2536503426,3137.095972193093,523.4943006096532,856.3250056785982,0.8893678892409892,1.0585968974825528,0.8893678892409892,88.93678892409892,0.0,59.0,59.0,100.0,63.64205403194423,971.374334920793,874.2369014287136,1845.6112363495067,6.475828899471954,8.094786124339942,0,0.0,10.985781168747064,3.8546600592094964,47,121,10.0,32.314613045856746,90.0,True,True,False,False,False,benchmark,,,,,
4152f164b2a3004254fc3adb,WP2033,north-west,5041-17010-2,5041-17010-2,1,Croaghonagh,1.000000,health_aware,10.0,90.0,90.0,100.0,285.0,285.0,228.0,1.0,0.8,True,,-4048473.6630989746,2776.5963189338977,883.9939538688486,969.0220756791969,1.5018231066480436,1.1979140584516728,1.1979140584516728,119.79140584516728,0.0,63.0,63.0,100.0,64.36382474000509,1568.2755928470633,1411.4480335623568,2979.72362640942,5.227585309490211,6.534481636862763,0,0.0,17.73645015719893,6.223315844631204,55,113,10.0,31.285604618470103,90.0,True,True,True,False,True,benchmark,,,,,
ed9869ca580f973a0dc52781,WP2033,north-west,5041-17010-2,5041-17010-2,1,Croaghonagh,1.000000,health_aware,10.0,90.0,90.0,100.0,285.0,290.0,232.0,1.0175438596491229,0.8140350877192982,True,,-4050049.5314662927,2763.947208293224,896.6430645095224,977.454816106314,1.5233127633991688,1.2083386902144082,1.2083386902144082,120.83386902144082,0.0,63.0,63.0,100.0,64.39019408496401,1589.3574439148524,1430.4216995233671,3019.7791434382198,5.206515764548655,6.508144705685819,0,0.0,17.974875853798927,6.3069739837890975,55,113,10.0,31.29027076616928,90.0,True,True,True,False,True,benchmark,,,,,
ff578866e0f3f147e8508281,WP2033,north-west,5041-17010-2,5041-17010-2,1,Croaghonagh,1.000000,health_aware,10.0,90.0,90.0,100.0,285.0,427.5,342.0,1.5,1.2,True,,-4087984.953764612,2416.0966656747028,1244.4936071280435,1209.3551778519904,2.114278324055097,1.4950160636895833,1.4950160636895833,149.50160636895833,0.0,65.0,65.0,100.0,65.1153510713352,2137.2737325327175,1923.5463592794454,4060.820091812163,4.749497183406039,5.936871479257548,0,0.0,24.17154816554859,8.481244970367925,61,107,10.0,33.184415676298485,90.0,True,True,True,False,True,benchmark,,,,,
8eb2305d4d315f07386f8905,WP2033,north-west,5041-17010-2,5041-17010-2,1,Croaghonagh,1.000000,health_aware,10.0,90.0,90.0,100.0,285.0,430.0,344.0,1.5087719298245614,1.207017543859649,True,,-4088660.9433190995,2409.772110354366,1250.8181624483805,1213.571548065549,2.1250231524306598,1.500228379570951,1.500228379570951,150.0228379570951,0.0,65.0,65.0,100.0,65.12853574381468,2147.814658066612,1933.0331922599505,4080.8478503265624,4.745171918984375,5.931464898730469,0,0.0,24.290761013848584,8.523074039946872,61,107,10.0,33.212586647726944,90.0,True,True,True,False,True,benchmark,,,,,
79085128927439582b0d5886,WP2033,north-west,5041-17010-2,5041-17010-2,1,Croaghonagh,1.000000,health_aware,10.0,90.0,90.0,100.0,285.0,570.0,456.0,2.0,1.6,True,,-4114391.445942578,2055.597012415507,1604.9932603872394,1382.0914004359147,2.7267335414621523,1.708554180756819,1.708554180756819,170.8554180756819,0.0,67.0,67.0,100.0,65.86687740266535,2627.175362089131,2364.457825880217,4991.633187969348,4.3786256034818845,5.473282004352355,0,0.0,29.712102309341358,10.425299055909248,68,100,10.0,34.97230886839007,90.0,True,True,True,False,True,benchmark,,,,,
4c0b01ba6d2cb5b05b777895,WP2033,north-west,5041-17010-2,5041-17010-2,1,Croaghonagh,1.000000,health_aware,10.0,90.0,90.0,100.0,285.0,710.0,568.0,2.491228070175439,1.9929824561403509,True,,-4138982.4839505837,1703.3448556116507,1957.2454171910956,1571.948604006313,3.3251770332296626,1.9432574129777067,1.9432574129777067,194.32574129777066,0.0,68.0,68.0,100.0,66.59865508028338,3096.260149960325,2786.6341349642917,5882.894284924617,4.142883299242688,5.17860412405336,0,0.0,35.017227886456055,12.286746626826687,72,96,10.0,36.727806137005416,90.0,True,True,True,False,True,benchmark,,,,,
e23db8708c06e0d66e0783f7,WP2033,north-west,5041-17010-2,5041-17010-2,1,Croaghonagh,1.000000,health_aware,10.0,90.0,90.0,100.0,285.0,850.0,680.0,2.982456140350877,2.3859649122807016,True,,-4160048.9200404156,1495.8618032699503,2164.728469532796,1692.0568022838052,3.677671347111431,2.091736279314227,2.091736279314227,209.1736279314227,0.0,68.0,68.0,100.0,67.0908828528505,3421.801568281645,3079.6214114534796,6501.4229797351245,3.82436645866772,4.780458073334651,0,0.0,38.69894630794717,13.578577651911287,73,95,10.0,36.65220106820571,90.0,True,True,True,False,True,benchmark,,,,,
040e676935a85db1bd5b1050,WP2033,north-west,5041-17010-2,5041-17010-2,1,Croaghonagh,1.000000,health_aware,10.0,90.0,90.0,100.0,285.0,855.0,684.0,3.0,2.4,True,,-4160799.8555754493,1491.6454330563922,2168.944839746354,1696.2731724973637,3.6848345660284725,2.096948595195595,2.096948595195595,209.6948595195595,0.0,68.0,68.0,100.0,67.10846241615647,3430.23430870876,3087.2108778378843,6517.445186546644,3.8113714541208448,4.764214317651056,0,0.0,38.79431658658717,13.612040907574448,73,95,10.0,36.630007745334005,90.0,True,True,True,False,True,benchmark,,,,,
0e97480acde1bd8314add0dc,WP2033,north-west,5041-17010-2,5041-17010-2,1,Croaghonagh,1.000000,health_aware,10.0,90.0,90.0,100.0,285.0,1060.0,848.0,3.719298245614035,2.975438596491228,True,,-4191588.212511873,1318.7742543005209,2341.8160185022252,1776.1489291878024,3.9785265416271764,2.1956917448827427,2.1956917448827427,219.56917448827426,0.0,72.0,72.0,100.0,67.82922451170114,3775.9766662205034,3398.3789995984525,7174.3556658189555,3.384130031046677,4.230162538808346,0,0.0,42.704498010827116,14.984034389763902,81,87,10.0,36.69680756449847,90.0,True,True,True,False,True,benchmark,,,,,
08d6793640eb8dbaadfea02c,WP2033,north-west,5041-17010-2,5041-17010-2,1,Croaghonagh,1.000000,health_aware,10.0,90.0,90.0,100.0,285.0,1140.0,912.0,4.0,3.2,True,,-4203603.181072425,1251.312330883595,2409.277941919151,1776.1489291878024,4.093138044299843,2.1956917448827427,2.1956917448827427,219.56917448827426,0.0,72.0,72.0,100.0,68.11049752459665,3910.9005130543546,3519.810461748919,7430.7109748032735,3.259083760878629,4.073854701098286,0,0.0,44.2304224690671,15.51944648037442,82,86,10.0,36.52952285758225,90.0,True,True,True,False,True,benchmark,,,,,
01f9307d579da7060b830aa7,WP2033,north-west,5041-17010-2,5041-17010-2,1,Croaghonagh,1.000000,health_aware,10.0,90.0,90.0,100.0,285.0,1420.0,1136.0,4.982456140350878,3.9859649122807017,True,,-4241845.76418671,1015.1955989243567,2645.3946738783898,1885.752322656721,4.49427830365417,2.331184474290792,2.331184474290792,233.1184474290792,0.0,72.0,72.0,100.0,69.08701550911648,4366.970924806039,3930.273832325435,8297.244757131473,2.9215650553279837,3.6519563191599795,0,0.0,49.388361649592106,17.329249701611264,86,82,10.0,35.524734538500894,90.0,True,True,True,False,True,benchmark,,,,,
0159c99262f419c755744fb3,WP2033,north-west,5041-17010-2,5041-17010-2,1,Croaghonagh,1.000000,health_aware,10.0,90.0,90.0,100.0,285.0,1425.0,1140.0,5.0,4.0,True,,-4242347.933879145,1010.9792287107992,2649.611044091947,1885.752322656721,4.50144152257121,2.331184474290792,2.331184474290792,233.1184474290792,0.0,72.0,72.0,100.0,69.10459507242244,4375.403665233154,3937.8632987098385,8313.266963942993,2.9169357768221027,3.6461697210276287,0,0.0,49.48373192823209,17.362712957274418,86,82,10.0,35.496995286151936,90.0,True,True,True,False,True,benchmark,,,,,
1f6b4bb92de7cea76551f922,WP2033,north-west,5041-17010-2,5041-17010-2,1,Croaghonagh,1.000000,health_aware,10.0,90.0,90.0,100.0,285.0,1710.0,1368.0,6.0,4.8,True,,-4270971.606347924,770.6461265380022,2889.944146264744,2054.4959982111177,4.90974500084258,2.5397869677682885,2.5397869677682885,253.97869677682885,0.0,72.0,72.0,100.0,70.10663018086262,4856.069869578749,4370.462882620873,9226.532752199622,2.697816594210416,3.37227074276302,0,0.0,54.91983781071204,19.270118530074402,93,75,10.0,34.56629020606164,90.0,True,True,True,False,True,benchmark,,,,,
3283539138190f24ce8ca2b9,WP2033,north-west,5041-17010-2,5041-17010-2,1,Croaghonagh,1.000000,health_aware,10.0,90.0,90.0,100.0,285.0,2280.0,1824.0,8.0,6.4,True,,-4314878.296194468,289.9799221924082,3370.610350610338,2201.3552153683268,5.72635195738532,2.7213356912300535,2.7213356912300535,272.1335691230054,0.0,73.0,73.0,100.0,71.09215071306839,5365.9418690984385,4829.347682188593,10195.289551287031,2.235809112124349,2.7947613901554362,0,0.0,60.68624732908948,21.293420115469996,100,68,10.0,38.6627494086641,90.0,True,True,True,False,True,benchmark,,,,,
8395e1a4f554c4b4125493d3,WP2033,north-west,5041-17010-2,5041-17010-2,1,Croaghonagh,1.000000,health_aware,10.0,90.0,90.0,100.0,285.0,2850.0,2280.0,10.0,8.0,True,,-4357836.145966649,0.0,3660.5902728027463,2469.1429241507285,6.219000742715329,3.052377335256748,3.052377335256748,305.2377335256748,0.0,73.0,73.0,100.0,72.09418582150857,5655.921791290846,5090.32961216176,10746.251403452607,1.8853072637636152,2.356634079704519,0,0.0,63.96578216340837,22.444134092423987,104,64,10.0,41.007632069629814,90.0,True,True,True,False,True,benchmark,,,,,
990a0803a9a8990d1f560573,WP2033,north-west,5041-17010-2,5041-17010-2,1,Croaghonagh,1.000000,health_aware,10.0,90.0,90.0,100.0,285.0,3420.0,2736.0,12.0,9.6,True,,-4400513.082629019,0.0,3660.5902728027463,2469.1429241507285,6.219000742715329,3.052377335256748,3.052377335256748,305.2377335256748,0.0,73.0,73.0,100.0,73.09622092994876,5929.416600059551,5336.474940053595,11265.891540113145,1.6470601666832083,2.0588252083540106,0,0.0,67.05887821495921,23.529430952617265,106,62,10.0,42.20778764591744,90.0,True,True,True,False,True,benchmark,,,,,
72c8132fd2d59dec8d71a435,WP2033,north-west,5041-17010-2,5041-17010-2,1,Croaghonagh,1.000000,health_aware,10.0,90.0,90.0,100.0,285.0,4560.0,3648.0,16.0,12.8,True,,-4485639.067418626,0.0,3660.5902728027463,2469.1429241507285,6.219000742715329,3.052377335256748,3.052377335256748,305.2377335256748,0.0,73.0,73.0,100.0,75.10029114682912,6890.749008750738,6201.674107875664,13092.423116626402,1.4355727101564038,1.7944658876955046,0,0.0,77.93108997991905,27.34424209821721,112,56,10.0,44.80562429323238,90.0,True,True,True,False,True,benchmark,,,,,
59ec6160d48505609b413275,WP2033,north-west,5041-17010-2,5041-17010-2,1,Croaghonagh,1.000000,health_aware,10.0,90.0,90.0,100.0,285.0,5700.0,4560.0,20.0,16.0,True,,-4538685.579561232,0.0,3660.5902728027463,2469.1429241507285,6.219000742715329,3.052377335256748,3.052377335256748,305.2377335256748,0.0,75.0,75.0,100.0,76.9582562015477,7408.817002359553,6667.935302123596,14076.752304483149,1.234802833726592,1.54350354215824,0,0.0,83.79019228859018,29.40006746968076,113,55,10.0,46.11605816000713,90.0,True,True,True,False,True,benchmark,,,,,
5fa4d2c1d6d149de91af0dc2,WP2033,north-west,5041-17010-2,5041-17010-2,1,Croaghonagh,1.000000,health_aware,10.0,90.0,90.0,100.0,285.0,6840.0,5472.0,24.0,19.2,True,,-4567092.952238057,0.0,3660.5902728027463,2469.1429241507285,6.219000742715329,3.052377335256748,3.052377335256748,305.2377335256748,0.0,78.0,78.0,100.0,78.96232641842805,8370.149411050741,7533.134469945666,15903.283880996407,1.162520751534825,1.4531509394185314,0,0.0,94.66240405355003,33.21487861528072,124,44,10.0,46.20207125227586,90.0,True,True,True,False,True,benchmark,,,,,
f498ba6a5dc664f1b04d57d4,WP2033,north-west,5041-17010-2,5041-17010-2,1,Croaghonagh,1.000000,health_aware,10.0,90.0,90.0,100.0,500.0,250.0,200.0,0.5,0.4,True,,-4037442.5845277533,2865.140093418612,795.4501793841341,909.9928926893845,1.3513955093901708,1.1249416361125324,1.1249416361125324,112.49416361125324,0.0,63.0,63.0,100.0,64.1890739805556,1420.7026353725391,1278.632371835285,2699.335007207824,5.398670014415648,6.748337518019561,0,0.0,16.06747028099895,3.21349405619979,55,113,10.0,31.26558926505591,90.0,True,True,True,False,True,benchmark,,,,,
48dd17ac28966970dde3116e,WP2033,north-west,5041-17010-2,5041-17010-2,1,Croaghonagh,1.000000,health_aware,10.0,90.0,90.0,100.0,500.0,290.0,232.0,0.58,0.464,True,,-4050049.5314662927,2763.947208293224,896.6430645095224,1031.1266056724708,1.5233127633991688,1.2746882532194561,1.2746882532194561,127.46882532194562,0.0,63.0,63.0,100.0,64.39019408496401,1589.3574439148524,1430.4216995233671,3019.7791434382198,5.206515764548655,6.508144705685819,0,0.0,17.974875853798927,3.5949751707597857,55,113,10.0,31.29027076616928,90.0,True,True,True,False,True,benchmark,,,,,
f388ba436aae6738970d83c9,WP2033,north-west,5041-17010-2,5041-17010-2,1,Croaghonagh,1.000000,health_aware,10.0,90.0,90.0,100.0,500.0,430.0,344.0,0.86,0.688,True,,-4088660.9433190995,2409.772110354366,1250.8181624483805,1213.571548065549,2.1250231524306598,1.500228379570951,1.500228379570951,150.0228379570951,0.0,65.0,65.0,100.0,65.12853574381468,2147.814658066612,1933.0331922599505,4080.8478503265624,4.745171918984375,5.931464898730469,0,0.0,24.290761013848584,4.858152202769716,61,107,10.0,33.212586647726944,90.0,True,True,True,False,True,benchmark,,,,,
4a2bfc3d11deba82bc2966d2,WP2033,north-west,5041-17010-2,5041-17010-2,1,Croaghonagh,1.000000,health_aware,10.0,90.0,90.0,100.0,500.0,500.0,400.0,1.0,0.8,True,,-4102048.4437794094,2232.6845613849364,1427.90571141781,1313.5271792883577,2.4258783469464062,1.623794455998351,1.623794455998351,162.3794455998351,0.0,66.0,66.0,100.0,65.49770657324002,2391.0586301298913,2151.952767116902,4543.011397246793,4.543011397246794,5.678764246558492,0,0.0,27.04173450742139,5.408346901484277,64,104,10.0,34.04062491937911,90.0,True,True,True,False,True,benchmark,,,,,
1444d46ad9b08c0b553e20fc,WP2033,north-west,5041-17010-2,5041-17010-2,1,Croaghonagh,1.000000,health_aware,10.0,90.0,90.0,100.0,500.0,570.0,456.0,1.14,0.912,True,,-4114391.445942578,2055.597012415507,1604.9932603872394,1382.0914004359147,2.7267335414621523,1.708554180756819,1.708554180756819,170.8554180756819,0.0,67.0,67.0,100.0,65.86687740266535,2627.175362089131,2364.457825880217,4991.633187969348,4.3786256034818845,5.473282004352355,0,0.0,29.712102309341358,5.942420461868272,68,100,10.0,34.97230886839007,90.0,True,True,True,False,True,benchmark,,,,,
9a8f12136acd40b7e88ee4f0,WP2033,north-west,5041-17010-2,5041-17010-2,1,Croaghonagh,1.000000,health_aware,10.0,90.0,90.0,100.0,500.0,710.0,568.0,1.42,1.136,True,,-4138982.4839505837,1703.3448556116507,1957.2454171910956,1571.948604006313,3.3251770332296626,1.9432574129777067,1.9432574129777067,194.32574129777066,0.0,68.0,68.0,100.0,66.59865508028338,3096.260149960325,2786.6341349642917,5882.894284924617,4.142883299242688,5.17860412405336,0,0.0,35.017227886456055,7.003445577291211,72,96,10.0,36.727806137005416,90.0,True,True,True,False,True,benchmark,,,,,
d9afad6e32b53a604a4784e0,WP2033,north-west,5041-17010-2,5041-17010-2,1,Croaghonagh,1.000000,health_aware,10.0,90.0,90.0,100.0,500.0,750.0,600.0,1.5,1.2,True,,-4145005.14716363,1635.8829321947253,2024.707340608021,1605.679565714774,3.4397885359023275,1.98495594002864,1.98495594002864,198.495594002864,0.0,68.0,68.0,100.0,66.73929158673113,3197.453035085713,2877.707731577141,6075.160766662854,4.050107177775236,5.062633972219046,0,0.0,36.16167123013604,7.232334246027207,72,96,10.0,36.74306634476296,90.0,True,True,True,False,True,benchmark,,,,,
03c08081d70582597ed23072,WP2033,north-west,5041-17010-2,5041-17010-2,1,Croaghonagh,1.000000,health_aware,10.0,90.0,90.0,100.0,500.0,850.0,680.0,1.7,1.36,True,,-4160048.9200404156,1495.8618032699503,2164.728469532796,1692.0568022838052,3.677671347111431,2.091736279314227,2.091736279314227,209.1736279314227,0.0,68.0,68.0,100.0,67.0908828528505,3421.801568281645,3079.6214114534796,6501.4229797351245,3.82436645866772,4.780458073334651,0,0.0,38.69894630794717,7.739789261589434,73,95,10.0,36.65220106820571,90.0,True,True,True,False,True,benchmark,,,,,
32d7eb8eae648fe279db6575,WP2033,north-west,5041-17010-2,5041-17010-2,1,Croaghonagh,1.000000,health_aware,10.0,90.0,90.0,100.0,500.0,1000.0,800.0,2.0,1.6,True,,-4182576.9860914573,1369.3706968632148,2291.2195759395318,1776.1489291878024,3.8925679146226786,2.1956917448827427,2.1956917448827427,219.56917448827426,0.0,72.0,72.0,100.0,67.61826975202952,3674.783781095115,3307.3054029856035,6982.089184080718,3.491044592040359,4.363805740050449,0,0.0,41.56005466714713,8.312010933429425,81,87,10.0,36.612981066936506,90.0,True,True,True,False,True,benchmark,,,,,
93e7d6f906525aa570ee852c,WP2033,north-west,5041-17010-2,5041-17010-2,1,Croaghonagh,1.000000,health_aware,10.0,90.0,90.0,100.0,500.0,1060.0,848.0,2.12,1.696,True,,-4191588.212511873,1318.7742543005209,2341.8160185022252,1776.1489291878024,3.9785265416271764,2.1956917448827427,2.1956917448827427,219.56917448827426,0.0,72.0,72.0,100.0,67.82922451170114,3775.9766662205034,3398.3789995984525,7174.3556658189555,3.384130031046677,4.230162538808346,0,0.0,42.704498010827116,8.540899602165425,81,87,10.0,36.69680756449847,90.0,True,True,True,False,True,benchmark,,,,,
d5a46a172af89df7368ced18,WP2033,north-west,5041-17010-2,5041-17010-2,1,Croaghonagh,1.000000,health_aware,10.0,90.0,90.0,100.0,500.0,1420.0,1136.0,2.84,2.272,True,,-4241845.76418671,1015.1955989243567,2645.3946738783898,1885.752322656721,4.49427830365417,2.331184474290792,2.331184474290792,233.1184474290792,0.0,72.0,72.0,100.0,69.08701550911648,4366.970924806039,3930.273832325435,8297.244757131473,2.9215650553279837,3.6519563191599795,0,0.0,49.388361649592106,9.877672329918422,86,82,10.0,35.524734538500894,90.0,True,True,True,False,True,benchmark,,,,,
1acc96c8fbf61e6e785ff9af,WP2033,north-west,5041-17010-2,5041-17010-2,1,Croaghonagh,1.000000,health_aware,10.0,90.0,90.0,100.0,500.0,1500.0,1200.0,3.0,2.4,True,,-4249880.479265665,947.7336755074315,2712.8565972953147,1885.752322656721,4.608889806326834,2.331184474290792,2.331184474290792,233.1184474290792,0.0,72.0,72.0,100.0,69.36828852201197,4501.894771639889,4051.7052944759,8553.600066115789,2.8512000220385962,3.564000027548245,0,0.0,50.914286107832076,10.182857221566415,87,81,10.0,35.22354567817757,90.0,True,True,True,False,True,benchmark,,,,,
5d84060e01986a1a5cbfb37f,WP2033,north-west,5041-17010-2,5041-17010-2,1,Croaghonagh,1.000000,health_aware,10.0,90.0,90.0,100.0,500.0,2000.0,1600.0,4.0,3.2,True,,-4293734.042847517,526.0966541516476,3134.4936186510986,2054.4959982111177,5.325211698030991,2.5397869677682885,2.5397869677682885,253.97869677682885,0.0,73.0,73.0,100.0,70.59992294050129,5129.825137139198,4616.842623425278,9746.667760564476,2.436666940141119,3.045833675176399,0,0.0,58.0158795271695,11.6031759054339,98,70,10.0,35.95037236454735,90.0,True,True,True,False,True,benchmark,,,,,
9ffba05b9dcf215d9aa39586,WP2033,north-west,5041-17010-2,5041-17010-2,1,Croaghonagh,1.000000,health_aware,10.0,90.0,90.0,100.0,500.0,2500.0,2000.0,5.0,4.0,True,,-4331491.638109929,104.45963279586304,3556.1306400068834,2386.8755047648738,6.041533589735149,2.9506775900102005,2.9506775900102005,295.06775900102,0.0,73.0,73.0,100.0,71.47890110579968,5551.462158494984,4996.315942645484,10547.778101140468,2.1095556202280936,2.636944525285117,0,0.0,62.78439345916945,12.55687869183389,101,67,10.0,40.13314742763698,90.0,True,True,True,False,True,benchmark,,,,,
be2a92cb051b85ebbada924f,WP2033,north-west,5041-17010-2,5041-17010-2,1,Croaghonagh,1.000000,health_aware,10.0,90.0,90.0,100.0,500.0,3000.0,2400.0,6.0,4.8,True,,-4369106.503547487,0.0,3660.5902728027463,2469.1429241507285,6.219000742715329,3.052377335256748,3.052377335256748,305.2377335256748,0.0,73.0,73.0,100.0,72.35787927109808,5655.921791290846,5090.32961216176,10746.251403452607,1.7910419005754343,2.238802375719293,0,0.0,63.96578216340837,12.793156432681673,103,65,10.0,41.361630995475586,90.0,True,True,True,False,True,benchmark,,,,,
d4bef99c2c93b84394ac9fff,WP2033,north-west,5041-17010-2,5041-17010-2,1,Croaghonagh,1.000000,health_aware,10.0,90.0,90.0,100.0,500.0,4000.0,3200.0,8.0,6.4,True,,-4443822.794188643,0.0,3660.5902728027463,2469.1429241507285,6.219000742715329,3.052377335256748,3.052377335256748,305.2377335256748,0.0,73.0,73.0,100.0,74.1158356016949,6418.51554483226,5776.663990349034,12195.179535181294,1.5243974418976618,1.9054968023720773,0,0.0,72.59035437607912,14.518070875215825,109,59,10.0,43.164946744066874,90.0,True,True,True,False,True,benchmark,,,,,
6f7a64578c4a9061688aeb46,WP2033,north-west,5041-17010-2,5041-17010-2,1,Croaghonagh,1.000000,health_aware,10.0,90.0,90.0,100.0,500.0,5000.0,4000.0,10.0,8.0,True,,-4518494.710670755,0.0,3660.5902728027463,2469.1429241507285,6.219000742715329,3.052377335256748,3.052377335256748,305.2377335256748,0.0,74.0,74.0,100.0,75.7276867701299,7261.789587543827,6535.610628789444,13797.40021633327,1.3797400216333269,1.7246750270416586,0,0.0,82.12738224007902,16.425476448015804,114,54,10.0,45.611042008277664,90.0,True,True,True,False,True,benchmark,,,,,
277a67b5c079ec8e85e53a8b,WP2033,north-west,5041-17010-2,5041-17010-2,1,Croaghonagh,1.000000,health_aware,10.0,90.0,90.0,100.0,500.0,6000.0,4800.0,12.0,9.6,True,,-4550931.690870392,0.0,3660.5902728027463,2469.1429241507285,6.219000742715329,3.052377335256748,3.052377335256748,305.2377335256748,0.0,76.0,76.0,100.0,77.48564310072672,7661.799215173023,6895.619293655719,14557.418508828741,1.2131182090690618,1.5163977613363273,0,0.0,86.65130064779012,17.330260129558024,115,53,10.0,46.183547168598146,90.0,True,True,True,False,True,benchmark,,,,,
7d8350f01d1bc53aa19c5fb6,WP2033,north-west,5041-17010-2,5041-17010-2,1,Croaghonagh,1.000000,health_aware,10.0,90.0,90.0,100.0,500.0,8000.0,6400.0,16.0,12.8,True,,-4600769.186794648,0.0,3660.5902728027463,2469.1429241507285,6.219000742715329,3.052377335256748,3.052377335256748,305.2377335256748,0.0,78.0,78.0,100.0,80.94849103751804,9348.347300596157,8413.51257053654,17761.8598711327,1.1101162419457937,1.3876453024322422,0,0.0,105.72535637578987,21.145071275157974,132,36,10.0,48.92019867609368,90.0,True,True,True,False,True,benchmark,,,,,
2fe25817f8fe6d7c48123dae,WP2033,north-west,5041-17010-2,5041-17010-2,1,Croaghonagh,1.000000,health_aware,10.0,90.0,90.0,100.0,500.0,10000.0,8000.0,20.0,16.0,True,,-4608845.687458663,0.0,3660.5902728027463,2469.1429241507285,6.219000742715329,3.052377335256748,3.052377335256748,305.2377335256748,0.0,78.0,78.0,100.0,81.39255947959462,9621.663735926653,8659.49736233399,18281.161098260643,0.9140580549130322,1.1425725686412902,0,0.0,108.81643510869431,21.76328702173886,134,34,10.0,43.173921009779285,76.59290737280745,True,True,True,False,True,benchmark,,,,,
1c1e4203abfc7e2f2527a5e2,WP2033,north-west,5041-17010-2,5041-17010-2,1,Croaghonagh,1.000000,health_aware,10.0,90.0,90.0,100.0,500.0,12000.0,9600.0,24.0,19.2,True,,-4608845.687458663,0.0,3660.5902728027463,2469.1429241507285,6.219000742715329,3.052377335256748,3.052377335256748,305.2377335256748,0.0,78.0,78.0,100.0,81.39255947959462,9621.663735926653,8659.49736233399,18281.161098260643,0.7617150457608601,0.9521438072010752,0,0.0,108.81643510869431,21.76328702173886,134,34,10.0,37.64493417481607,65.49408947733954,True,True,True,False,True,benchmark,,,,,
