timestamp_utc,duration_hours,price_eur_mwh,market_date,source_file
2020-12-31T23:00:00Z,1.0,55.09,2021-01-01,MarketResult_SEM-DA_PWR-MRC-D+1_20201231110000_20201231114141.csv
2021-01-01T00:00:00Z,1.0,54.02,2021-01-01,MarketResult_SEM-DA_PWR-MRC-D+1_20201231110000_20201231114141.csv
2021-01-01T01:00:00Z,1.0,53.0,2021-01-01,MarketResult_SEM-DA_PWR-MRC-D+1_20201231110000_20201231114141.csv
2021-01-01T02:00:00Z,1.0,51.24,2021-01-01,MarketResult_SEM-DA_PWR-MRC-D+1_20201231110000_20201231114141.csv
2021-01-01T03:00:00Z,1.0,48.13,2021-01-01,MarketResult_SEM-DA_PWR-MRC-D+1_20201231110000_20201231114141.csv
2021-01-01T04:00:00Z,1.0,47.3,2021-01-01,MarketResult_SEM-DA_PWR-MRC-D+1_20201231110000_20201231114141.csv
2021-01-01T05:00:00Z,1.0,47.63,2021-01-01,MarketResult_SEM-DA_PWR-MRC-D+1_20201231110000_20201231114141.csv
2021-01-01T06:00:00Z,1.0,45.36,2021-01-01,MarketResult_SEM-DA_PWR-MRC-D+1_20201231110000_20201231114141.csv
2021-01-01T07:00:00Z,1.0,43.45,2021-01-01,MarketResult_SEM-DA_PWR-MRC-D+1_20201231110000_20201231114141.csv
2021-01-01T08:00:00Z,1.0,47.79,2021-01-01,MarketResult_SEM-DA_PWR-MRC-D+1_20201231110000_20201231114141.csv
2021-01-01T09:00:00Z,1.0,51.82,2021-01-01,MarketResult_SEM-DA_PWR-MRC-D+1_20201231110000_20201231114141.csv
2021-01-01T10:00:00Z,1.0,55.02,2021-01-01,MarketResult_SEM-DA_PWR-MRC-D+1_20201231110000_20201231114141.csv
2021-01-01T11:00:00Z,1.0,57.02,2021-01-01,MarketResult_SEM-DA_PWR-MRC-D+1_20201231110000_20201231114141.csv
2021-01-01T12:00:00Z,1.0,61.32,2021-01-01,MarketResult_SEM-DA_PWR-MRC-D+1_20201231110000_20201231114141.csv
2021-01-01T13:00:00Z,1.0,64.52,2021-01-01,MarketResult_SEM-DA_PWR-MRC-D+1_20201231110000_20201231114141.csv
2021-01-01T14:00:00Z,1.0,68.07,2021-01-01,MarketResult_SEM-DA_PWR-MRC-D+1_20201231110000_20201231114141.csv
2021-01-01T15:00:00Z,1.0,68.48,2021-01-01,MarketResult_SEM-DA_PWR-MRC-D+1_20201231110000_20201231114141.csv
2021-01-01T16:00:00Z,1.0,96.09,2021-01-01,MarketResult_SEM-DA_PWR-MRC-D+1_20201231110000_20201231114141.csv
2021-01-01T17:00:00Z,1.0,124.23,2021-01-01,MarketResult_SEM-DA_PWR-MRC-D+1_20201231110000_20201231114141.csv
2021-01-01T18:00:00Z,1.0,93.0,2021-01-01,MarketResult_SEM-DA_PWR-MRC-D+1_20201231110000_20201231114141.csv
2021-01-01T19:00:00Z,1.0,83.31,2021-01-01,MarketResult_SEM-DA_PWR-MRC-D+1_20201231110000_20201231114141.csv
2021-01-01T20:00:00Z,1.0,74.0,2021-01-01,MarketResult_SEM-DA_PWR-MRC-D+1_20201231110000_20201231114141.csv
2021-01-01T21:00:00Z,1.0,90.0,2021-01-01,MarketResult_SEM-DA_PWR-MRC-D+1_20201231110000_20201231114141.csv
2021-01-01T22:00:00Z,1.0,73.0,2021-01-01,MarketResult_SEM-DA_PWR-MRC-D+1_20201231110000_20201231114141.csv
2021-01-01T23:00:00Z,1.0,69.9,2021-01-02,MarketResult_SEM-DA_PWR-MRC-D+1_20210101110000_20210101114044.csv
2021-01-02T00:00:00Z,1.0,69.9,2021-01-02,MarketResult_SEM-DA_PWR-MRC-D+1_20210101110000_20210101114044.csv
2021-01-02T01:00:00Z,1.0,64.0,2021-01-02,MarketResult_SEM-DA_PWR-MRC-D+1_20210101110000_20210101114044.csv
2021-01-02T02:00:00Z,1.0,60.0,2021-01-02,MarketResult_SEM-DA_PWR-MRC-D+1_20210101110000_20210101114044.csv
2021-01-02T03:00:00Z,1.0,58.82,2021-01-02,MarketResult_SEM-DA_PWR-MRC-D+1_20210101110000_20210101114044.csv
2021-01-02T04:00:00Z,1.0,55.03,2021-01-02,MarketResult_SEM-DA_PWR-MRC-D+1_20210101110000_20210101114044.csv
2021-01-02T05:00:00Z,1.0,54.9,2021-01-02,MarketResult_SEM-DA_PWR-MRC-D+1_20210101110000_20210101114044.csv
2021-01-02T06:00:00Z,1.0,58.82,2021-01-02,MarketResult_SEM-DA_PWR-MRC-D+1_20210101110000_20210101114044.csv
2021-01-02T07:00:00Z,1.0,55.0,2021-01-02,MarketResult_SEM-DA_PWR-MRC-D+1_20210101110000_20210101114044.csv
2021-01-02T08:00:00Z,1.0,61.51,2021-01-02,MarketResult_SEM-DA_PWR-MRC-D+1_20210101110000_20210101114044.csv
2021-01-02T09:00:00Z,1.0,72.96,2021-01-02,MarketResult_SEM-DA_PWR-MRC-D+1_20210101110000_20210101114044.csv
2021-01-02T10:00:00Z,1.0,81.36,2021-01-02,MarketResult_SEM-DA_PWR-MRC-D+1_20210101110000_20210101114044.csv
2021-01-02T11:00:00Z,1.0,85.0,2021-01-02,MarketResult_SEM-DA_PWR-MRC-D+1_20210101110000_20210101114044.csv
2021-01-02T12:00:00Z,1.0,85.27,2021-01-02,MarketResult_SEM-DA_PWR-MRC-D+1_20210101110000_20210101114044.csv
2021-01-02T13:00:00Z,1.0,82.81,2021-01-02,MarketResult_SEM-DA_PWR-MRC-D+1_20210101110000_20210101114044.csv
2021-01-02T14:00:00Z,1.0,79.9,2021-01-02,MarketResult_SEM-DA_PWR-MRC-D+1_20210101110000_20210101114044.csv
2021-01-02T15:00:00Z,1.0,79.75,2021-01-02,MarketResult_SEM-DA_PWR-MRC-D+1_20210101110000_20210101114044.csv
2021-01-02T16:00:00Z,1.0,105.95,2021-01-02,MarketResult_SEM-DA_PWR-MRC-D+1_20210101110000_20210101114044.csv
2021-01-02T17:00:00Z,1.0,144.0,2021-01-02,MarketResult_SEM-DA_PWR-MRC-D+1_20210101110000_20210101114044.csv
2021-01-02T18:00:00Z,1.0,114.0,2021-01-02,MarketResult_SEM-DA_PWR-MRC-D+1_20210101110000_20210101114044.csv
2021-01-02T19:00:00Z,1.0,95.32,2021-01-02,MarketResult_SEM-DA_PWR-MRC-D+1_20210101110000_20210101114044.csv
2021-01-02T20:00:00Z,1.0,81.6,2021-01-02,MarketResult_SEM-DA_PWR-MRC-D+1_20210101110000_20210101114044.csv
2021-01-02T21:00:00Z,1.0,84.29,2021-01-02,MarketResult_SEM-DA_PWR-MRC-D+1_20210101110000_20210101114044.csv
2021-01-02T22:00:00Z,1.0,71.0,2021-01-02,MarketResult_SEM-DA_PWR-MRC-D+1_20210101110000_20210101114044.csv
2021-01-02T23:00:00Z,1.0,67.11,2021-01-03,MarketResult_SEM-DA_PWR-MRC-D+1_20210102110000_20210102113113.csv
2021-01-03T00:00:00Z,1.0,62.15,2021-01-03,MarketResult_SEM-DA_PWR-MRC-D+1_20210102110000_20210102113113.csv
2021-01-03T01:00:00Z,1.0,58.82,2021-01-03,MarketResult_SEM-DA_PWR-MRC-D+1_20210102110000_20210102113113.csv
2021-01-03T02:00:00Z,1.0,55.03,2021-01-03,MarketResult_SEM-DA_PWR-MRC-D+1_20210102110000_20210102113113.csv
2021-01-03T03:00:00Z,1.0,53.0,2021-01-03,MarketResult_SEM-DA_PWR-MRC-D+1_20210102110000_20210102113113.csv
2021-01-03T04:00:00Z,1.0,50.87,2021-01-03,MarketResult_SEM-DA_PWR-MRC-D+1_20210102110000_20210102113113.csv
2021-01-03T05:00:00Z,1.0,50.44,2021-01-03,MarketResult_SEM-DA_PWR-MRC-D+1_20210102110000_20210102113113.csv
2021-01-03T06:00:00Z,1.0,52.0,2021-01-03,MarketResult_SEM-DA_PWR-MRC-D+1_20210102110000_20210102113113.csv
2021-01-03T07:00:00Z,1.0,51.05,2021-01-03,MarketResult_SEM-DA_PWR-MRC-D+1_20210102110000_20210102113113.csv
2021-01-03T08:00:00Z,1.0,53.4,2021-01-03,MarketResult_SEM-DA_PWR-MRC-D+1_20210102110000_20210102113113.csv
2021-01-03T09:00:00Z,1.0,61.51,2021-01-03,MarketResult_SEM-DA_PWR-MRC-D+1_20210102110000_20210102113113.csv
2021-01-03T10:00:00Z,1.0,65.76,2021-01-03,MarketResult_SEM-DA_PWR-MRC-D+1_20210102110000_20210102113113.csv
2021-01-03T11:00:00Z,1.0,69.18,2021-01-03,MarketResult_SEM-DA_PWR-MRC-D+1_20210102110000_20210102113113.csv
2021-01-03T12:00:00Z,1.0,74.87,2021-01-03,MarketResult_SEM-DA_PWR-MRC-D+1_20210102110000_20210102113113.csv
2021-01-03T13:00:00Z,1.0,76.31,2021-01-03,MarketResult_SEM-DA_PWR-MRC-D+1_20210102110000_20210102113113.csv
2021-01-03T14:00:00Z,1.0,70.28,2021-01-03,MarketResult_SEM-DA_PWR-MRC-D+1_20210102110000_20210102113113.csv
2021-01-03T15:00:00Z,1.0,67.0,2021-01-03,MarketResult_SEM-DA_PWR-MRC-D+1_20210102110000_20210102113113.csv
2021-01-03T16:00:00Z,1.0,88.39,2021-01-03,MarketResult_SEM-DA_PWR-MRC-D+1_20210102110000_20210102113113.csv
2021-01-03T17:00:00Z,1.0,109.36,2021-01-03,MarketResult_SEM-DA_PWR-MRC-D+1_20210102110000_20210102113113.csv
2021-01-03T18:00:00Z,1.0,88.64,2021-01-03,MarketResult_SEM-DA_PWR-MRC-D+1_20210102110000_20210102113113.csv
2021-01-03T19:00:00Z,1.0,77.81,2021-01-03,MarketResult_SEM-DA_PWR-MRC-D+1_20210102110000_20210102113113.csv
2021-01-03T20:00:00Z,1.0,67.0,2021-01-03,MarketResult_SEM-DA_PWR-MRC-D+1_20210102110000_20210102113113.csv
2021-01-03T21:00:00Z,1.0,70.04,2021-01-03,MarketResult_SEM-DA_PWR-MRC-D+1_20210102110000_20210102113113.csv
2021-01-03T22:00:00Z,1.0,58.82,2021-01-03,MarketResult_SEM-DA_PWR-MRC-D+1_20210102110000_20210102113113.csv
2021-01-03T23:00:00Z,1.0,59.0,2021-01-04,MarketResult_SEM-DA_PWR-MRC-D+1_20210103110000_20210103113159.csv
2021-01-04T00:00:00Z,1.0,57.0,2021-01-04,MarketResult_SEM-DA_PWR-MRC-D+1_20210103110000_20210103113159.csv
2021-01-04T01:00:00Z,1.0,55.13,2021-01-04,MarketResult_SEM-DA_PWR-MRC-D+1_20210103110000_20210103113159.csv
2021-01-04T02:00:00Z,1.0,53.04,2021-01-04,MarketResult_SEM-DA_PWR-MRC-D+1_20210103110000_20210103113159.csv
2021-01-04T03:00:00Z,1.0,49.82,2021-01-04,MarketResult_SEM-DA_PWR-MRC-D+1_20210103110000_20210103113159.csv
2021-01-04T04:00:00Z,1.0,48.9,2021-01-04,MarketResult_SEM-DA_PWR-MRC-D+1_20210103110000_20210103113159.csv
2021-01-04T05:00:00Z,1.0,53.0,2021-01-04,MarketResult_SEM-DA_PWR-MRC-D+1_20210103110000_20210103113159.csv
2021-01-04T06:00:00Z,1.0,60.0,2021-01-04,MarketResult_SEM-DA_PWR-MRC-D+1_20210103110000_20210103113159.csv
2021-01-04T07:00:00Z,1.0,64.0,2021-01-04,MarketResult_SEM-DA_PWR-MRC-D+1_20210103110000_20210103113159.csv
2021-01-04T08:00:00Z,1.0,69.76,2021-01-04,MarketResult_SEM-DA_PWR-MRC-D+1_20210103110000_20210103113159.csv
2021-01-04T09:00:00Z,1.0,72.96,2021-01-04,MarketResult_SEM-DA_PWR-MRC-D+1_20210103110000_20210103113159.csv
2021-01-04T10:00:00Z,1.0,73.0,2021-01-04,MarketResult_SEM-DA_PWR-MRC-D+1_20210103110000_20210103113159.csv
2021-01-04T11:00:00Z,1.0,73.95,2021-01-04,MarketResult_SEM-DA_PWR-MRC-D+1_20210103110000_20210103113159.csv
2021-01-04T12:00:00Z,1.0,73.95,2021-01-04,MarketResult_SEM-DA_PWR-MRC-D+1_20210103110000_20210103113159.csv
2021-01-04T13:00:00Z,1.0,72.89,2021-01-04,MarketResult_SEM-DA_PWR-MRC-D+1_20210103110000_20210103113159.csv
2021-01-04T14:00:00Z,1.0,69.95,2021-01-04,MarketResult_SEM-DA_PWR-MRC-D+1_20210103110000_20210103113159.csv
2021-01-04T15:00:00Z,1.0,76.0,2021-01-04,MarketResult_SEM-DA_PWR-MRC-D+1_20210103110000_20210103113159.csv
2021-01-04T16:00:00Z,1.0,91.95,2021-01-04,MarketResult_SEM-DA_PWR-MRC-D+1_20210103110000_20210103113159.csv
2021-01-04T17:00:00Z,1.0,118.95,2021-01-04,MarketResult_SEM-DA_PWR-MRC-D+1_20210103110000_20210103113159.csv
2021-01-04T18:00:00Z,1.0,102.6,2021-01-04,MarketResult_SEM-DA_PWR-MRC-D+1_20210103110000_20210103113159.csv
2021-01-04T19:00:00Z,1.0,85.0,2021-01-04,MarketResult_SEM-DA_PWR-MRC-D+1_20210103110000_20210103113159.csv
2021-01-04T20:00:00Z,1.0,72.9,2021-01-04,MarketResult_SEM-DA_PWR-MRC-D+1_20210103110000_20210103113159.csv
2021-01-04T21:00:00Z,1.0,72.0,2021-01-04,MarketResult_SEM-DA_PWR-MRC-D+1_20210103110000_20210103113159.csv
2021-01-04T22:00:00Z,1.0,65.69,2021-01-04,MarketResult_SEM-DA_PWR-MRC-D+1_20210103110000_20210103113159.csv
2021-01-04T23:00:00Z,1.0,65.16,2021-01-05,MarketResult_SEM-DA_PWR-MRC-D+1_20210104110000_20210104113133.csv
2021-01-05T00:00:00Z,1.0,58.82,2021-01-05,MarketResult_SEM-DA_PWR-MRC-D+1_20210104110000_20210104113133.csv
2021-01-05T01:00:00Z,1.0,57.2,2021-01-05,MarketResult_SEM-DA_PWR-MRC-D+1_20210104110000_20210104113133.csv
2021-01-05T02:00:00Z,1.0,55.0,2021-01-05,MarketResult_SEM-DA_PWR-MRC-D+1_20210104110000_20210104113133.csv
2021-01-05T03:00:00Z,1.0,53.96,2021-01-05,MarketResult_SEM-DA_PWR-MRC-D+1_20210104110000_20210104113133.csv
2021-01-05T04:00:00Z,1.0,53.96,2021-01-05,MarketResult_SEM-DA_PWR-MRC-D+1_20210104110000_20210104113133.csv
2021-01-05T05:00:00Z,1.0,55.07,2021-01-05,MarketResult_SEM-DA_PWR-MRC-D+1_20210104110000_20210104113133.csv
2021-01-05T06:00:00Z,1.0,64.15,2021-01-05,MarketResult_SEM-DA_PWR-MRC-D+1_20210104110000_20210104113133.csv
2021-01-05T07:00:00Z,1.0,65.0,2021-01-05,MarketResult_SEM-DA_PWR-MRC-D+1_20210104110000_20210104113133.csv
2021-01-05T08:00:00Z,1.0,69.28,2021-01-05,MarketResult_SEM-DA_PWR-MRC-D+1_20210104110000_20210104113133.csv
2021-01-05T09:00:00Z,1.0,78.07,2021-01-05,MarketResult_SEM-DA_PWR-MRC-D+1_20210104110000_20210104113133.csv
2021-01-05T10:00:00Z,1.0,79.0,2021-01-05,MarketResult_SEM-DA_PWR-MRC-D+1_20210104110000_20210104113133.csv
2021-01-05T11:00:00Z,1.0,80.91,2021-01-05,MarketResult_SEM-DA_PWR-MRC-D+1_20210104110000_20210104113133.csv
2021-01-05T12:00:00Z,1.0,82.34,2021-01-05,MarketResult_SEM-DA_PWR-MRC-D+1_20210104110000_20210104113133.csv
2021-01-05T13:00:00Z,1.0,79.72,2021-01-05,MarketResult_SEM-DA_PWR-MRC-D+1_20210104110000_20210104113133.csv
2021-01-05T14:00:00Z,1.0,79.0,2021-01-05,MarketResult_SEM-DA_PWR-MRC-D+1_20210104110000_20210104113133.csv
2021-01-05T15:00:00Z,1.0,84.74,2021-01-05,MarketResult_SEM-DA_PWR-MRC-D+1_20210104110000_20210104113133.csv
2021-01-05T16:00:00Z,1.0,112.38,2021-01-05,MarketResult_SEM-DA_PWR-MRC-D+1_20210104110000_20210104113133.csv
2021-01-05T17:00:00Z,1.0,149.0,2021-01-05,MarketResult_SEM-DA_PWR-MRC-D+1_20210104110000_20210104113133.csv
2021-01-05T18:00:00Z,1.0,129.0,2021-01-05,MarketResult_SEM-DA_PWR-MRC-D+1_20210104110000_20210104113133.csv
2021-01-05T19:00:00Z,1.0,102.18,2021-01-05,MarketResult_SEM-DA_PWR-MRC-D+1_20210104110000_20210104113133.csv
2021-01-05T20:00:00Z,1.0,91.0,2021-01-05,MarketResult_SEM-DA_PWR-MRC-D+1_20210104110000_20210104113133.csv
2021-01-05T21:00:00Z,1.0,82.34,2021-01-05,MarketResult_SEM-DA_PWR-MRC-D+1_20210104110000_20210104113133.csv
2021-01-05T22:00:00Z,1.0,68.18,2021-01-05,MarketResult_SEM-DA_PWR-MRC-D+1_20210104110000_20210104113133.csv
2021-01-05T23:00:00Z,1.0,67.4,2021-01-06,MarketResult_SEM-DA_PWR-MRC-D+1_20210105110000_20210105113221.csv
2021-01-06T00:00:00Z,1.0,61.0,2021-01-06,MarketResult_SEM-DA_PWR-MRC-D+1_20210105110000_20210105113221.csv
2021-01-06T01:00:00Z,1.0,59.98,2021-01-06,MarketResult_SEM-DA_PWR-MRC-D+1_20210105110000_20210105113221.csv
2021-01-06T02:00:00Z,1.0,57.0,2021-01-06,MarketResult_SEM-DA_PWR-MRC-D+1_20210105110000_20210105113221.csv
2021-01-06T03:00:00Z,1.0,56.84,2021-01-06,MarketResult_SEM-DA_PWR-MRC-D+1_20210105110000_20210105113221.csv
2021-01-06T04:00:00Z,1.0,58.38,2021-01-06,MarketResult_SEM-DA_PWR-MRC-D+1_20210105110000_20210105113221.csv
2021-01-06T05:00:00Z,1.0,59.98,2021-01-06,MarketResult_SEM-DA_PWR-MRC-D+1_20210105110000_20210105113221.csv
2021-01-06T06:00:00Z,1.0,66.58,2021-01-06,MarketResult_SEM-DA_PWR-MRC-D+1_20210105110000_20210105113221.csv
2021-01-06T07:00:00Z,1.0,78.54,2021-01-06,MarketResult_SEM-DA_PWR-MRC-D+1_20210105110000_20210105113221.csv
2021-01-06T08:00:00Z,1.0,106.47,2021-01-06,MarketResult_SEM-DA_PWR-MRC-D+1_20210105110000_20210105113221.csv
2021-01-06T09:00:00Z,1.0,132.74,2021-01-06,MarketResult_SEM-DA_PWR-MRC-D+1_20210105110000_20210105113221.csv
2021-01-06T10:00:00Z,1.0,134.63,2021-01-06,MarketResult_SEM-DA_PWR-MRC-D+1_20210105110000_20210105113221.csv
2021-01-06T11:00:00Z,1.0,134.22,2021-01-06,MarketResult_SEM-DA_PWR-MRC-D+1_20210105110000_20210105113221.csv
2021-01-06T12:00:00Z,1.0,150.0,2021-01-06,MarketResult_SEM-DA_PWR-MRC-D+1_20210105110000_20210105113221.csv
2021-01-06T13:00:00Z,1.0,142.0,2021-01-06,MarketResult_SEM-DA_PWR-MRC-D+1_20210105110000_20210105113221.csv
2021-01-06T14:00:00Z,1.0,132.74,2021-01-06,MarketResult_SEM-DA_PWR-MRC-D+1_20210105110000_20210105113221.csv
2021-01-06T15:00:00Z,1.0,132.74,2021-01-06,MarketResult_SEM-DA_PWR-MRC-D+1_20210105110000_20210105113221.csv
2021-01-06T16:00:00Z,1.0,307.0,2021-01-06,MarketResult_SEM-DA_PWR-MRC-D+1_20210105110000_20210105113221.csv
2021-01-06T17:00:00Z,1.0,447.43,2021-01-06,MarketResult_SEM-DA_PWR-MRC-D+1_20210105110000_20210105113221.csv
2021-01-06T18:00:00Z,1.0,299.0,2021-01-06,MarketResult_SEM-DA_PWR-MRC-D+1_20210105110000_20210105113221.csv
2021-01-06T19:00:00Z,1.0,146.76,2021-01-06,MarketResult_SEM-DA_PWR-MRC-D+1_20210105110000_20210105113221.csv
2021-01-06T20:00:00Z,1.0,107.68,2021-01-06,MarketResult_SEM-DA_PWR-MRC-D+1_20210105110000_20210105113221.csv
2021-01-06T21:00:00Z,1.0,90.95,2021-01-06,MarketResult_SEM-DA_PWR-MRC-D+1_20210105110000_20210105113221.csv
2021-01-06T22:00:00Z,1.0,70.68,2021-01-06,MarketResult_SEM-DA_PWR-MRC-D+1_20210105110000_20210105113221.csv
2021-01-06T23:00:00Z,1.0,70.0,2021-01-07,MarketResult_SEM-DA_PWR-MRC-D+1_20210106110000_20210106113514.csv
2021-01-07T00:00:00Z,1.0,64.76,2021-01-07,MarketResult_SEM-DA_PWR-MRC-D+1_20210106110000_20210106113514.csv
2021-01-07T01:00:00Z,1.0,61.06,2021-01-07,MarketResult_SEM-DA_PWR-MRC-D+1_20210106110000_20210106113514.csv
2021-01-07T02:00:00Z,1.0,59.11,2021-01-07,MarketResult_SEM-DA_PWR-MRC-D+1_20210106110000_20210106113514.csv
2021-01-07T03:00:00Z,1.0,56.75,2021-01-07,MarketResult_SEM-DA_PWR-MRC-D+1_20210106110000_20210106113514.csv
2021-01-07T04:00:00Z,1.0,59.0,2021-01-07,MarketResult_SEM-DA_PWR-MRC-D+1_20210106110000_20210106113514.csv
2021-01-07T05:00:00Z,1.0,60.86,2021-01-07,MarketResult_SEM-DA_PWR-MRC-D+1_20210106110000_20210106113514.csv
2021-01-07T06:00:00Z,1.0,65.26,2021-01-07,MarketResult_SEM-DA_PWR-MRC-D+1_20210106110000_20210106113514.csv
2021-01-07T07:00:00Z,1.0,70.0,2021-01-07,MarketResult_SEM-DA_PWR-MRC-D+1_20210106110000_20210106113514.csv
2021-01-07T08:00:00Z,1.0,84.0,2021-01-07,MarketResult_SEM-DA_PWR-MRC-D+1_20210106110000_20210106113514.csv
2021-01-07T09:00:00Z,1.0,102.0,2021-01-07,MarketResult_SEM-DA_PWR-MRC-D+1_20210106110000_20210106113514.csv
2021-01-07T10:00:00Z,1.0,103.0,2021-01-07,MarketResult_SEM-DA_PWR-MRC-D+1_20210106110000_20210106113514.csv
2021-01-07T11:00:00Z,1.0,102.05,2021-01-07,MarketResult_SEM-DA_PWR-MRC-D+1_20210106110000_20210106113514.csv
2021-01-07T12:00:00Z,1.0,102.17,2021-01-07,MarketResult_SEM-DA_PWR-MRC-D+1_20210106110000_20210106113514.csv
2021-01-07T13:00:00Z,1.0,105.44,2021-01-07,MarketResult_SEM-DA_PWR-MRC-D+1_20210106110000_20210106113514.csv
2021-01-07T14:00:00Z,1.0,95.44,2021-01-07,MarketResult_SEM-DA_PWR-MRC-D+1_20210106110000_20210106113514.csv
2021-01-07T15:00:00Z,1.0,106.05,2021-01-07,MarketResult_SEM-DA_PWR-MRC-D+1_20210106110000_20210106113514.csv
2021-01-07T16:00:00Z,1.0,160.56,2021-01-07,MarketResult_SEM-DA_PWR-MRC-D+1_20210106110000_20210106113514.csv
2021-01-07T17:00:00Z,1.0,322.44,2021-01-07,MarketResult_SEM-DA_PWR-MRC-D+1_20210106110000_20210106113514.csv
2021-01-07T18:00:00Z,1.0,156.72,2021-01-07,MarketResult_SEM-DA_PWR-MRC-D+1_20210106110000_20210106113514.csv
2021-01-07T19:00:00Z,1.0,88.66,2021-01-07,MarketResult_SEM-DA_PWR-MRC-D+1_20210106110000_20210106113514.csv
2021-01-07T20:00:00Z,1.0,65.0,2021-01-07,MarketResult_SEM-DA_PWR-MRC-D+1_20210106110000_20210106113514.csv
2021-01-07T21:00:00Z,1.0,63.06,2021-01-07,MarketResult_SEM-DA_PWR-MRC-D+1_20210106110000_20210106113514.csv
2021-01-07T22:00:00Z,1.0,59.06,2021-01-07,MarketResult_SEM-DA_PWR-MRC-D+1_20210106110000_20210106113514.csv
2021-01-07T23:00:00Z,1.0,56.32,2021-01-08,MarketResult_SEM-DA_PWR-MRC-D+1_20210107110000_20210107113138.csv
2021-01-08T00:00:00Z,1.0,52.67,2021-01-08,MarketResult_SEM-DA_PWR-MRC-D+1_20210107110000_20210107113138.csv
2021-01-08T01:00:00Z,1.0,49.1,2021-01-08,MarketResult_SEM-DA_PWR-MRC-D+1_20210107110000_20210107113138.csv
2021-01-08T02:00:00Z,1.0,47.68,2021-01-08,MarketResult_SEM-DA_PWR-MRC-D+1_20210107110000_20210107113138.csv
2021-01-08T03:00:00Z,1.0,45.61,2021-01-08,MarketResult_SEM-DA_PWR-MRC-D+1_20210107110000_20210107113138.csv
2021-01-08T04:00:00Z,1.0,47.03,2021-01-08,MarketResult_SEM-DA_PWR-MRC-D+1_20210107110000_20210107113138.csv
2021-01-08T05:00:00Z,1.0,49.1,2021-01-08,MarketResult_SEM-DA_PWR-MRC-D+1_20210107110000_20210107113138.csv
2021-01-08T06:00:00Z,1.0,54.92,2021-01-08,MarketResult_SEM-DA_PWR-MRC-D+1_20210107110000_20210107113138.csv
2021-01-08T07:00:00Z,1.0,61.0,2021-01-08,MarketResult_SEM-DA_PWR-MRC-D+1_20210107110000_20210107113138.csv
2021-01-08T08:00:00Z,1.0,68.73,2021-01-08,MarketResult_SEM-DA_PWR-MRC-D+1_20210107110000_20210107113138.csv
2021-01-08T09:00:00Z,1.0,71.33,2021-01-08,MarketResult_SEM-DA_PWR-MRC-D+1_20210107110000_20210107113138.csv
2021-01-08T10:00:00Z,1.0,81.54,2021-01-08,MarketResult_SEM-DA_PWR-MRC-D+1_20210107110000_20210107113138.csv
2021-01-08T11:00:00Z,1.0,85.75,2021-01-08,MarketResult_SEM-DA_PWR-MRC-D+1_20210107110000_20210107113138.csv
2021-01-08T12:00:00Z,1.0,87.01,2021-01-08,MarketResult_SEM-DA_PWR-MRC-D+1_20210107110000_20210107113138.csv
2021-01-08T13:00:00Z,1.0,85.0,2021-01-08,MarketResult_SEM-DA_PWR-MRC-D+1_20210107110000_20210107113138.csv
2021-01-08T14:00:00Z,1.0,81.0,2021-01-08,MarketResult_SEM-DA_PWR-MRC-D+1_20210107110000_20210107113138.csv
2021-01-08T15:00:00Z,1.0,83.24,2021-01-08,MarketResult_SEM-DA_PWR-MRC-D+1_20210107110000_20210107113138.csv
2021-01-08T16:00:00Z,1.0,153.0,2021-01-08,MarketResult_SEM-DA_PWR-MRC-D+1_20210107110000_20210107113138.csv
2021-01-08T17:00:00Z,1.0,383.33,2021-01-08,MarketResult_SEM-DA_PWR-MRC-D+1_20210107110000_20210107113138.csv
2021-01-08T18:00:00Z,1.0,178.58,2021-01-08,MarketResult_SEM-DA_PWR-MRC-D+1_20210107110000_20210107113138.csv
2021-01-08T19:00:00Z,1.0,110.78,2021-01-08,MarketResult_SEM-DA_PWR-MRC-D+1_20210107110000_20210107113138.csv
2021-01-08T20:00:00Z,1.0,88.89,2021-01-08,MarketResult_SEM-DA_PWR-MRC-D+1_20210107110000_20210107113138.csv
2021-01-08T21:00:00Z,1.0,74.94,2021-01-08,MarketResult_SEM-DA_PWR-MRC-D+1_20210107110000_20210107113138.csv
2021-01-08T22:00:00Z,1.0,69.56,2021-01-08,MarketResult_SEM-DA_PWR-MRC-D+1_20210107110000_20210107113138.csv
2021-01-08T23:00:00Z,1.0,74.34,2021-01-09,MarketResult_SEM-DA_PWR-MRC-D+1_20210108110000_20210108113914.csv
2021-01-09T00:00:00Z,1.0,68.1,2021-01-09,MarketResult_SEM-DA_PWR-MRC-D+1_20210108110000_20210108113914.csv
2021-01-09T01:00:00Z,1.0,65.1,2021-01-09,MarketResult_SEM-DA_PWR-MRC-D+1_20210108110000_20210108113914.csv
2021-01-09T02:00:00Z,1.0,63.44,2021-01-09,MarketResult_SEM-DA_PWR-MRC-D+1_20210108110000_20210108113914.csv
2021-01-09T03:00:00Z,1.0,60.0,2021-01-09,MarketResult_SEM-DA_PWR-MRC-D+1_20210108110000_20210108113914.csv
2021-01-09T04:00:00Z,1.0,59.79,2021-01-09,MarketResult_SEM-DA_PWR-MRC-D+1_20210108110000_20210108113914.csv
2021-01-09T05:00:00Z,1.0,59.1,2021-01-09,MarketResult_SEM-DA_PWR-MRC-D+1_20210108110000_20210108113914.csv
2021-01-09T06:00:00Z,1.0,59.79,2021-01-09,MarketResult_SEM-DA_PWR-MRC-D+1_20210108110000_20210108113914.csv
2021-01-09T07:00:00Z,1.0,58.8,2021-01-09,MarketResult_SEM-DA_PWR-MRC-D+1_20210108110000_20210108113914.csv
2021-01-09T08:00:00Z,1.0,66.17,2021-01-09,MarketResult_SEM-DA_PWR-MRC-D+1_20210108110000_20210108113914.csv
2021-01-09T09:00:00Z,1.0,67.86,2021-01-09,MarketResult_SEM-DA_PWR-MRC-D+1_20210108110000_20210108113914.csv
2021-01-09T10:00:00Z,1.0,73.72,2021-01-09,MarketResult_SEM-DA_PWR-MRC-D+1_20210108110000_20210108113914.csv
2021-01-09T11:00:00Z,1.0,79.0,2021-01-09,MarketResult_SEM-DA_PWR-MRC-D+1_20210108110000_20210108113914.csv
2021-01-09T12:00:00Z,1.0,81.56,2021-01-09,MarketResult_SEM-DA_PWR-MRC-D+1_20210108110000_20210108113914.csv
2021-01-09T13:00:00Z,1.0,75.94,2021-01-09,MarketResult_SEM-DA_PWR-MRC-D+1_20210108110000_20210108113914.csv
2021-01-09T14:00:00Z,1.0,70.1,2021-01-09,MarketResult_SEM-DA_PWR-MRC-D+1_20210108110000_20210108113914.csv
2021-01-09T15:00:00Z,1.0,71.95,2021-01-09,MarketResult_SEM-DA_PWR-MRC-D+1_20210108110000_20210108113914.csv
2021-01-09T16:00:00Z,1.0,104.9,2021-01-09,MarketResult_SEM-DA_PWR-MRC-D+1_20210108110000_20210108113914.csv
2021-01-09T17:00:00Z,1.0,192.57,2021-01-09,MarketResult_SEM-DA_PWR-MRC-D+1_20210108110000_20210108113914.csv
2021-01-09T18:00:00Z,1.0,131.0,2021-01-09,MarketResult_SEM-DA_PWR-MRC-D+1_20210108110000_20210108113914.csv
2021-01-09T19:00:00Z,1.0,88.28,2021-01-09,MarketResult_SEM-DA_PWR-MRC-D+1_20210108110000_20210108113914.csv
2021-01-09T20:00:00Z,1.0,72.02,2021-01-09,MarketResult_SEM-DA_PWR-MRC-D+1_20210108110000_20210108113914.csv
2021-01-09T21:00:00Z,1.0,69.64,2021-01-09,MarketResult_SEM-DA_PWR-MRC-D+1_20210108110000_20210108113914.csv
2021-01-09T22:00:00Z,1.0,68.32,2021-01-09,MarketResult_SEM-DA_PWR-MRC-D+1_20210108110000_20210108113914.csv
2021-01-09T23:00:00Z,1.0,77.4,2021-01-10,MarketResult_SEM-DA_PWR-MRC-D+1_20210109110000_20210109113052.csv
2021-01-10T00:00:00Z,1.0,69.0,2021-01-10,MarketResult_SEM-DA_PWR-MRC-D+1_20210109110000_20210109113052.csv
2021-01-10T01:00:00Z,1.0,67.0,2021-01-10,MarketResult_SEM-DA_PWR-MRC-D+1_20210109110000_20210109113052.csv
2021-01-10T02:00:00Z,1.0,63.94,2021-01-10,MarketResult_SEM-DA_PWR-MRC-D+1_20210109110000_20210109113052.csv
2021-01-10T03:00:00Z,1.0,60.55,2021-01-10,MarketResult_SEM-DA_PWR-MRC-D+1_20210109110000_20210109113052.csv
2021-01-10T04:00:00Z,1.0,58.99,2021-01-10,MarketResult_SEM-DA_PWR-MRC-D+1_20210109110000_20210109113052.csv
2021-01-10T05:00:00Z,1.0,58.99,2021-01-10,MarketResult_SEM-DA_PWR-MRC-D+1_20210109110000_20210109113052.csv
2021-01-10T06:00:00Z,1.0,60.03,2021-01-10,MarketResult_SEM-DA_PWR-MRC-D+1_20210109110000_20210109113052.csv
2021-01-10T07:00:00Z,1.0,56.41,2021-01-10,MarketResult_SEM-DA_PWR-MRC-D+1_20210109110000_20210109113052.csv
2021-01-10T08:00:00Z,1.0,59.95,2021-01-10,MarketResult_SEM-DA_PWR-MRC-D+1_20210109110000_20210109113052.csv
2021-01-10T09:00:00Z,1.0,70.16,2021-01-10,MarketResult_SEM-DA_PWR-MRC-D+1_20210109110000_20210109113052.csv
2021-01-10T10:00:00Z,1.0,74.93,2021-01-10,MarketResult_SEM-DA_PWR-MRC-D+1_20210109110000_20210109113052.csv
2021-01-10T11:00:00Z,1.0,75.31,2021-01-10,MarketResult_SEM-DA_PWR-MRC-D+1_20210109110000_20210109113052.csv
2021-01-10T12:00:00Z,1.0,82.89,2021-01-10,MarketResult_SEM-DA_PWR-MRC-D+1_20210109110000_20210109113052.csv
2021-01-10T13:00:00Z,1.0,77.7,2021-01-10,MarketResult_SEM-DA_PWR-MRC-D+1_20210109110000_20210109113052.csv
2021-01-10T14:00:00Z,1.0,72.05,2021-01-10,MarketResult_SEM-DA_PWR-MRC-D+1_20210109110000_20210109113052.csv
2021-01-10T15:00:00Z,1.0,70.01,2021-01-10,MarketResult_SEM-DA_PWR-MRC-D+1_20210109110000_20210109113052.csv
2021-01-10T16:00:00Z,1.0,98.5,2021-01-10,MarketResult_SEM-DA_PWR-MRC-D+1_20210109110000_20210109113052.csv
2021-01-10T17:00:00Z,1.0,128.05,2021-01-10,MarketResult_SEM-DA_PWR-MRC-D+1_20210109110000_20210109113052.csv
2021-01-10T18:00:00Z,1.0,99.16,2021-01-10,MarketResult_SEM-DA_PWR-MRC-D+1_20210109110000_20210109113052.csv
2021-01-10T19:00:00Z,1.0,76.43,2021-01-10,MarketResult_SEM-DA_PWR-MRC-D+1_20210109110000_20210109113052.csv
2021-01-10T20:00:00Z,1.0,68.17,2021-01-10,MarketResult_SEM-DA_PWR-MRC-D+1_20210109110000_20210109113052.csv
2021-01-10T21:00:00Z,1.0,68.17,2021-01-10,MarketResult_SEM-DA_PWR-MRC-D+1_20210109110000_20210109113052.csv
2021-01-10T22:00:00Z,1.0,56.45,2021-01-10,MarketResult_SEM-DA_PWR-MRC-D+1_20210109110000_20210109113052.csv
2021-01-10T23:00:00Z,1.0,65.94,2021-01-11,MarketResult_SEM-DA_PWR-MRC-D+1_20210110110000_20210110113301.csv
2021-01-11T00:00:00Z,1.0,55.0,2021-01-11,MarketResult_SEM-DA_PWR-MRC-D+1_20210110110000_20210110113301.csv
2021-01-11T01:00:00Z,1.0,50.0,2021-01-11,MarketResult_SEM-DA_PWR-MRC-D+1_20210110110000_20210110113301.csv
2021-01-11T02:00:00Z,1.0,43.85,2021-01-11,MarketResult_SEM-DA_PWR-MRC-D+1_20210110110000_20210110113301.csv
2021-01-11T03:00:00Z,1.0,42.0,2021-01-11,MarketResult_SEM-DA_PWR-MRC-D+1_20210110110000_20210110113301.csv
2021-01-11T04:00:00Z,1.0,42.0,2021-01-11,MarketResult_SEM-DA_PWR-MRC-D+1_20210110110000_20210110113301.csv
2021-01-11T05:00:00Z,1.0,43.01,2021-01-11,MarketResult_SEM-DA_PWR-MRC-D+1_20210110110000_20210110113301.csv
2021-01-11T06:00:00Z,1.0,43.01,2021-01-11,MarketResult_SEM-DA_PWR-MRC-D+1_20210110110000_20210110113301.csv
2021-01-11T07:00:00Z,1.0,52.2,2021-01-11,MarketResult_SEM-DA_PWR-MRC-D+1_20210110110000_20210110113301.csv
2021-01-11T08:00:00Z,1.0,53.86,2021-01-11,MarketResult_SEM-DA_PWR-MRC-D+1_20210110110000_20210110113301.csv
2021-01-11T09:00:00Z,1.0,60.86,2021-01-11,MarketResult_SEM-DA_PWR-MRC-D+1_20210110110000_20210110113301.csv
2021-01-11T10:00:00Z,1.0,62.0,2021-01-11,MarketResult_SEM-DA_PWR-MRC-D+1_20210110110000_20210110113301.csv
2021-01-11T11:00:00Z,1.0,63.45,2021-01-11,MarketResult_SEM-DA_PWR-MRC-D+1_20210110110000_20210110113301.csv
2021-01-11T12:00:00Z,1.0,65.06,2021-01-11,MarketResult_SEM-DA_PWR-MRC-D+1_20210110110000_20210110113301.csv
2021-01-11T13:00:00Z,1.0,61.97,2021-01-11,MarketResult_SEM-DA_PWR-MRC-D+1_20210110110000_20210110113301.csv
2021-01-11T14:00:00Z,1.0,61.0,2021-01-11,MarketResult_SEM-DA_PWR-MRC-D+1_20210110110000_20210110113301.csv
2021-01-11T15:00:00Z,1.0,61.01,2021-01-11,MarketResult_SEM-DA_PWR-MRC-D+1_20210110110000_20210110113301.csv
2021-01-11T16:00:00Z,1.0,84.37,2021-01-11,MarketResult_SEM-DA_PWR-MRC-D+1_20210110110000_20210110113301.csv
2021-01-11T17:00:00Z,1.0,101.46,2021-01-11,MarketResult_SEM-DA_PWR-MRC-D+1_20210110110000_20210110113301.csv
2021-01-11T18:00:00Z,1.0,95.0,2021-01-11,MarketResult_SEM-DA_PWR-MRC-D+1_20210110110000_20210110113301.csv
2021-01-11T19:00:00Z,1.0,82.0,2021-01-11,MarketResult_SEM-DA_PWR-MRC-D+1_20210110110000_20210110113301.csv
2021-01-11T20:00:00Z,1.0,69.87,2021-01-11,MarketResult_SEM-DA_PWR-MRC-D+1_20210110110000_20210110113301.csv
2021-01-11T21:00:00Z,1.0,63.0,2021-01-11,MarketResult_SEM-DA_PWR-MRC-D+1_20210110110000_20210110113301.csv
2021-01-11T22:00:00Z,1.0,57.88,2021-01-11,MarketResult_SEM-DA_PWR-MRC-D+1_20210110110000_20210110113301.csv
2021-01-11T23:00:00Z,1.0,55.79,2021-01-12,MarketResult_SEM-DA_PWR-MRC-D+1_20210111110000_20210111113225.csv
2021-01-12T00:00:00Z,1.0,51.0,2021-01-12,MarketResult_SEM-DA_PWR-MRC-D+1_20210111110000_20210111113225.csv
2021-01-12T01:00:00Z,1.0,51.45,2021-01-12,MarketResult_SEM-DA_PWR-MRC-D+1_20210111110000_20210111113225.csv
2021-01-12T02:00:00Z,1.0,51.45,2021-01-12,MarketResult_SEM-DA_PWR-MRC-D+1_20210111110000_20210111113225.csv
2021-01-12T03:00:00Z,1.0,51.87,2021-01-12,MarketResult_SEM-DA_PWR-MRC-D+1_20210111110000_20210111113225.csv
2021-01-12T04:00:00Z,1.0,54.0,2021-01-12,MarketResult_SEM-DA_PWR-MRC-D+1_20210111110000_20210111113225.csv
2021-01-12T05:00:00Z,1.0,59.0,2021-01-12,MarketResult_SEM-DA_PWR-MRC-D+1_20210111110000_20210111113225.csv
2021-01-12T06:00:00Z,1.0,64.61,2021-01-12,MarketResult_SEM-DA_PWR-MRC-D+1_20210111110000_20210111113225.csv
2021-01-12T07:00:00Z,1.0,67.58,2021-01-12,MarketResult_SEM-DA_PWR-MRC-D+1_20210111110000_20210111113225.csv
2021-01-12T08:00:00Z,1.0,69.99,2021-01-12,MarketResult_SEM-DA_PWR-MRC-D+1_20210111110000_20210111113225.csv
2021-01-12T09:00:00Z,1.0,77.2,2021-01-12,MarketResult_SEM-DA_PWR-MRC-D+1_20210111110000_20210111113225.csv
2021-01-12T10:00:00Z,1.0,82.31,2021-01-12,MarketResult_SEM-DA_PWR-MRC-D+1_20210111110000_20210111113225.csv
2021-01-12T11:00:00Z,1.0,87.57,2021-01-12,MarketResult_SEM-DA_PWR-MRC-D+1_20210111110000_20210111113225.csv
2021-01-12T12:00:00Z,1.0,91.0,2021-01-12,MarketResult_SEM-DA_PWR-MRC-D+1_20210111110000_20210111113225.csv
2021-01-12T13:00:00Z,1.0,92.52,2021-01-12,MarketResult_SEM-DA_PWR-MRC-D+1_20210111110000_20210111113225.csv
2021-01-12T14:00:00Z,1.0,85.0,2021-01-12,MarketResult_SEM-DA_PWR-MRC-D+1_20210111110000_20210111113225.csv
2021-01-12T15:00:00Z,1.0,87.02,2021-01-12,MarketResult_SEM-DA_PWR-MRC-D+1_20210111110000_20210111113225.csv
2021-01-12T16:00:00Z,1.0,154.0,2021-01-12,MarketResult_SEM-DA_PWR-MRC-D+1_20210111110000_20210111113225.csv
2021-01-12T17:00:00Z,1.0,416.2,2021-01-12,MarketResult_SEM-DA_PWR-MRC-D+1_20210111110000_20210111113225.csv
2021-01-12T18:00:00Z,1.0,199.0,2021-01-12,MarketResult_SEM-DA_PWR-MRC-D+1_20210111110000_20210111113225.csv
2021-01-12T19:00:00Z,1.0,103.06,2021-01-12,MarketResult_SEM-DA_PWR-MRC-D+1_20210111110000_20210111113225.csv
2021-01-12T20:00:00Z,1.0,78.59,2021-01-12,MarketResult_SEM-DA_PWR-MRC-D+1_20210111110000_20210111113225.csv
2021-01-12T21:00:00Z,1.0,67.0,2021-01-12,MarketResult_SEM-DA_PWR-MRC-D+1_20210111110000_20210111113225.csv
2021-01-12T22:00:00Z,1.0,60.84,2021-01-12,MarketResult_SEM-DA_PWR-MRC-D+1_20210111110000_20210111113225.csv
2021-01-12T23:00:00Z,1.0,69.92,2021-01-13,MarketResult_SEM-DA_PWR-MRC-D+1_20210112110000_20210112113952.csv
2021-01-13T00:00:00Z,1.0,61.08,2021-01-13,MarketResult_SEM-DA_PWR-MRC-D+1_20210112110000_20210112113952.csv
2021-01-13T01:00:00Z,1.0,58.5,2021-01-13,MarketResult_SEM-DA_PWR-MRC-D+1_20210112110000_20210112113952.csv
2021-01-13T02:00:00Z,1.0,56.61,2021-01-13,MarketResult_SEM-DA_PWR-MRC-D+1_20210112110000_20210112113952.csv
2021-01-13T03:00:00Z,1.0,56.15,2021-01-13,MarketResult_SEM-DA_PWR-MRC-D+1_20210112110000_20210112113952.csv
2021-01-13T04:00:00Z,1.0,56.0,2021-01-13,MarketResult_SEM-DA_PWR-MRC-D+1_20210112110000_20210112113952.csv
2021-01-13T05:00:00Z,1.0,55.58,2021-01-13,MarketResult_SEM-DA_PWR-MRC-D+1_20210112110000_20210112113952.csv
2021-01-13T06:00:00Z,1.0,62.0,2021-01-13,MarketResult_SEM-DA_PWR-MRC-D+1_20210112110000_20210112113952.csv
2021-01-13T07:00:00Z,1.0,65.34,2021-01-13,MarketResult_SEM-DA_PWR-MRC-D+1_20210112110000_20210112113952.csv
2021-01-13T08:00:00Z,1.0,74.25,2021-01-13,MarketResult_SEM-DA_PWR-MRC-D+1_20210112110000_20210112113952.csv
2021-01-13T09:00:00Z,1.0,82.89,2021-01-13,MarketResult_SEM-DA_PWR-MRC-D+1_20210112110000_20210112113952.csv
2021-01-13T10:00:00Z,1.0,90.0,2021-01-13,MarketResult_SEM-DA_PWR-MRC-D+1_20210112110000_20210112113952.csv
2021-01-13T11:00:00Z,1.0,93.93,2021-01-13,MarketResult_SEM-DA_PWR-MRC-D+1_20210112110000_20210112113952.csv
2021-01-13T12:00:00Z,1.0,94.53,2021-01-13,MarketResult_SEM-DA_PWR-MRC-D+1_20210112110000_20210112113952.csv
2021-01-13T13:00:00Z,1.0,91.97,2021-01-13,MarketResult_SEM-DA_PWR-MRC-D+1_20210112110000_20210112113952.csv
2021-01-13T14:00:00Z,1.0,90.0,2021-01-13,MarketResult_SEM-DA_PWR-MRC-D+1_20210112110000_20210112113952.csv
2021-01-13T15:00:00Z,1.0,85.0,2021-01-13,MarketResult_SEM-DA_PWR-MRC-D+1_20210112110000_20210112113952.csv
2021-01-13T16:00:00Z,1.0,160.23,2021-01-13,MarketResult_SEM-DA_PWR-MRC-D+1_20210112110000_20210112113952.csv
2021-01-13T17:00:00Z,1.0,383.35,2021-01-13,MarketResult_SEM-DA_PWR-MRC-D+1_20210112110000_20210112113952.csv
2021-01-13T18:00:00Z,1.0,310.0,2021-01-13,MarketResult_SEM-DA_PWR-MRC-D+1_20210112110000_20210112113952.csv
2021-01-13T19:00:00Z,1.0,120.0,2021-01-13,MarketResult_SEM-DA_PWR-MRC-D+1_20210112110000_20210112113952.csv
2021-01-13T20:00:00Z,1.0,84.14,2021-01-13,MarketResult_SEM-DA_PWR-MRC-D+1_20210112110000_20210112113952.csv
2021-01-13T21:00:00Z,1.0,76.57,2021-01-13,MarketResult_SEM-DA_PWR-MRC-D+1_20210112110000_20210112113952.csv
2021-01-13T22:00:00Z,1.0,71.93,2021-01-13,MarketResult_SEM-DA_PWR-MRC-D+1_20210112110000_20210112113952.csv
2021-01-13T23:00:00Z,1.0,73.72,2021-01-14,MarketResult_SEM-DA_PWR-MRC-D+1_20210113110000_20210113123851.csv
2021-01-14T00:00:00Z,1.0,65.0,2021-01-14,MarketResult_SEM-DA_PWR-MRC-D+1_20210113110000_20210113123851.csv
2021-01-14T01:00:00Z,1.0,59.9,2021-01-14,MarketResult_SEM-DA_PWR-MRC-D+1_20210113110000_20210113123851.csv
2021-01-14T02:00:00Z,1.0,56.58,2021-01-14,MarketResult_SEM-DA_PWR-MRC-D+1_20210113110000_20210113123851.csv
2021-01-14T03:00:00Z,1.0,55.0,2021-01-14,MarketResult_SEM-DA_PWR-MRC-D+1_20210113110000_20210113123851.csv
2021-01-14T04:00:00Z,1.0,53.44,2021-01-14,MarketResult_SEM-DA_PWR-MRC-D+1_20210113110000_20210113123851.csv
2021-01-14T05:00:00Z,1.0,55.85,2021-01-14,MarketResult_SEM-DA_PWR-MRC-D+1_20210113110000_20210113123851.csv
2021-01-14T06:00:00Z,1.0,65.09,2021-01-14,MarketResult_SEM-DA_PWR-MRC-D+1_20210113110000_20210113123851.csv
2021-01-14T07:00:00Z,1.0,65.09,2021-01-14,MarketResult_SEM-DA_PWR-MRC-D+1_20210113110000_20210113123851.csv
2021-01-14T08:00:00Z,1.0,67.6,2021-01-14,MarketResult_SEM-DA_PWR-MRC-D+1_20210113110000_20210113123851.csv
2021-01-14T09:00:00Z,1.0,77.74,2021-01-14,MarketResult_SEM-DA_PWR-MRC-D+1_20210113110000_20210113123851.csv
2021-01-14T10:00:00Z,1.0,83.56,2021-01-14,MarketResult_SEM-DA_PWR-MRC-D+1_20210113110000_20210113123851.csv
2021-01-14T11:00:00Z,1.0,92.28,2021-01-14,MarketResult_SEM-DA_PWR-MRC-D+1_20210113110000_20210113123851.csv
2021-01-14T12:00:00Z,1.0,100.07,2021-01-14,MarketResult_SEM-DA_PWR-MRC-D+1_20210113110000_20210113123851.csv
2021-01-14T13:00:00Z,1.0,95.14,2021-01-14,MarketResult_SEM-DA_PWR-MRC-D+1_20210113110000_20210113123851.csv
2021-01-14T14:00:00Z,1.0,92.22,2021-01-14,MarketResult_SEM-DA_PWR-MRC-D+1_20210113110000_20210113123851.csv
2021-01-14T15:00:00Z,1.0,100.0,2021-01-14,MarketResult_SEM-DA_PWR-MRC-D+1_20210113110000_20210113123851.csv
2021-01-14T16:00:00Z,1.0,215.0,2021-01-14,MarketResult_SEM-DA_PWR-MRC-D+1_20210113110000_20210113123851.csv
2021-01-14T17:00:00Z,1.0,500.0,2021-01-14,MarketResult_SEM-DA_PWR-MRC-D+1_20210113110000_20210113123851.csv
2021-01-14T18:00:00Z,1.0,450.0,2021-01-14,MarketResult_SEM-DA_PWR-MRC-D+1_20210113110000_20210113123851.csv
2021-01-14T19:00:00Z,1.0,182.0,2021-01-14,MarketResult_SEM-DA_PWR-MRC-D+1_20210113110000_20210113123851.csv
2021-01-14T20:00:00Z,1.0,120.25,2021-01-14,MarketResult_SEM-DA_PWR-MRC-D+1_20210113110000_20210113123851.csv
2021-01-14T21:00:00Z,1.0,123.67,2021-01-14,MarketResult_SEM-DA_PWR-MRC-D+1_20210113110000_20210113123851.csv
2021-01-14T22:00:00Z,1.0,88.2,2021-01-14,MarketResult_SEM-DA_PWR-MRC-D+1_20210113110000_20210113123851.csv
2021-01-14T23:00:00Z,1.0,97.84,2021-01-15,MarketResult_SEM-DA_PWR-MRC-D+1_20210114110000_20210114113021.csv
2021-01-15T00:00:00Z,1.0,83.26,2021-01-15,MarketResult_SEM-DA_PWR-MRC-D+1_20210114110000_20210114113021.csv
2021-01-15T01:00:00Z,1.0,78.47,2021-01-15,MarketResult_SEM-DA_PWR-MRC-D+1_20210114110000_20210114113021.csv
2021-01-15T02:00:00Z,1.0,74.17,2021-01-15,MarketResult_SEM-DA_PWR-MRC-D+1_20210114110000_20210114113021.csv
2021-01-15T03:00:00Z,1.0,68.9,2021-01-15,MarketResult_SEM-DA_PWR-MRC-D+1_20210114110000_20210114113021.csv
2021-01-15T04:00:00Z,1.0,68.44,2021-01-15,MarketResult_SEM-DA_PWR-MRC-D+1_20210114110000_20210114113021.csv
2021-01-15T05:00:00Z,1.0,64.43,2021-01-15,MarketResult_SEM-DA_PWR-MRC-D+1_20210114110000_20210114113021.csv
2021-01-15T06:00:00Z,1.0,68.7,2021-01-15,MarketResult_SEM-DA_PWR-MRC-D+1_20210114110000_20210114113021.csv
2021-01-15T07:00:00Z,1.0,87.0,2021-01-15,MarketResult_SEM-DA_PWR-MRC-D+1_20210114110000_20210114113021.csv
2021-01-15T08:00:00Z,1.0,92.0,2021-01-15,MarketResult_SEM-DA_PWR-MRC-D+1_20210114110000_20210114113021.csv
2021-01-15T09:00:00Z,1.0,108.14,2021-01-15,MarketResult_SEM-DA_PWR-MRC-D+1_20210114110000_20210114113021.csv
2021-01-15T10:00:00Z,1.0,93.26,2021-01-15,MarketResult_SEM-DA_PWR-MRC-D+1_20210114110000_20210114113021.csv
2021-01-15T11:00:00Z,1.0,91.04,2021-01-15,MarketResult_SEM-DA_PWR-MRC-D+1_20210114110000_20210114113021.csv
2021-01-15T12:00:00Z,1.0,85.0,2021-01-15,MarketResult_SEM-DA_PWR-MRC-D+1_20210114110000_20210114113021.csv
2021-01-15T13:00:00Z,1.0,75.58,2021-01-15,MarketResult_SEM-DA_PWR-MRC-D+1_20210114110000_20210114113021.csv
2021-01-15T14:00:00Z,1.0,68.87,2021-01-15,MarketResult_SEM-DA_PWR-MRC-D+1_20210114110000_20210114113021.csv
2021-01-15T15:00:00Z,1.0,58.8,2021-01-15,MarketResult_SEM-DA_PWR-MRC-D+1_20210114110000_20210114113021.csv
2021-01-15T16:00:00Z,1.0,82.16,2021-01-15,MarketResult_SEM-DA_PWR-MRC-D+1_20210114110000_20210114113021.csv
2021-01-15T17:00:00Z,1.0,130.97,2021-01-15,MarketResult_SEM-DA_PWR-MRC-D+1_20210114110000_20210114113021.csv
2021-01-15T18:00:00Z,1.0,83.26,2021-01-15,MarketResult_SEM-DA_PWR-MRC-D+1_20210114110000_20210114113021.csv
2021-01-15T19:00:00Z,1.0,60.0,2021-01-15,MarketResult_SEM-DA_PWR-MRC-D+1_20210114110000_20210114113021.csv
2021-01-15T20:00:00Z,1.0,51.0,2021-01-15,MarketResult_SEM-DA_PWR-MRC-D+1_20210114110000_20210114113021.csv
2021-01-15T21:00:00Z,1.0,47.5,2021-01-15,MarketResult_SEM-DA_PWR-MRC-D+1_20210114110000_20210114113021.csv
2021-01-15T22:00:00Z,1.0,32.0,2021-01-15,MarketResult_SEM-DA_PWR-MRC-D+1_20210114110000_20210114113021.csv
2021-01-15T23:00:00Z,1.0,20.0,2021-01-16,MarketResult_SEM-DA_PWR-MRC-D+1_20210115110000_20210115113011.csv
2021-01-16T00:00:00Z,1.0,15.0,2021-01-16,MarketResult_SEM-DA_PWR-MRC-D+1_20210115110000_20210115113011.csv
2021-01-16T01:00:00Z,1.0,33.0,2021-01-16,MarketResult_SEM-DA_PWR-MRC-D+1_20210115110000_20210115113011.csv
2021-01-16T02:00:00Z,1.0,30.0,2021-01-16,MarketResult_SEM-DA_PWR-MRC-D+1_20210115110000_20210115113011.csv
2021-01-16T03:00:00Z,1.0,23.86,2021-01-16,MarketResult_SEM-DA_PWR-MRC-D+1_20210115110000_20210115113011.csv
2021-01-16T04:00:00Z,1.0,19.13,2021-01-16,MarketResult_SEM-DA_PWR-MRC-D+1_20210115110000_20210115113011.csv
2021-01-16T05:00:00Z,1.0,19.13,2021-01-16,MarketResult_SEM-DA_PWR-MRC-D+1_20210115110000_20210115113011.csv
2021-01-16T06:00:00Z,1.0,28.75,2021-01-16,MarketResult_SEM-DA_PWR-MRC-D+1_20210115110000_20210115113011.csv
2021-01-16T07:00:00Z,1.0,37.0,2021-01-16,MarketResult_SEM-DA_PWR-MRC-D+1_20210115110000_20210115113011.csv
2021-01-16T08:00:00Z,1.0,50.5,2021-01-16,MarketResult_SEM-DA_PWR-MRC-D+1_20210115110000_20210115113011.csv
2021-01-16T09:00:00Z,1.0,57.6,2021-01-16,MarketResult_SEM-DA_PWR-MRC-D+1_20210115110000_20210115113011.csv
2021-01-16T10:00:00Z,1.0,65.0,2021-01-16,MarketResult_SEM-DA_PWR-MRC-D+1_20210115110000_20210115113011.csv
2021-01-16T11:00:00Z,1.0,69.25,2021-01-16,MarketResult_SEM-DA_PWR-MRC-D+1_20210115110000_20210115113011.csv
2021-01-16T12:00:00Z,1.0,73.0,2021-01-16,MarketResult_SEM-DA_PWR-MRC-D+1_20210115110000_20210115113011.csv
2021-01-16T13:00:00Z,1.0,69.25,2021-01-16,MarketResult_SEM-DA_PWR-MRC-D+1_20210115110000_20210115113011.csv
2021-01-16T14:00:00Z,1.0,66.69,2021-01-16,MarketResult_SEM-DA_PWR-MRC-D+1_20210115110000_20210115113011.csv
2021-01-16T15:00:00Z,1.0,58.42,2021-01-16,MarketResult_SEM-DA_PWR-MRC-D+1_20210115110000_20210115113011.csv
2021-01-16T16:00:00Z,1.0,77.3,2021-01-16,MarketResult_SEM-DA_PWR-MRC-D+1_20210115110000_20210115113011.csv
2021-01-16T17:00:00Z,1.0,120.1,2021-01-16,MarketResult_SEM-DA_PWR-MRC-D+1_20210115110000_20210115113011.csv
2021-01-16T18:00:00Z,1.0,101.54,2021-01-16,MarketResult_SEM-DA_PWR-MRC-D+1_20210115110000_20210115113011.csv
2021-01-16T19:00:00Z,1.0,79.43,2021-01-16,MarketResult_SEM-DA_PWR-MRC-D+1_20210115110000_20210115113011.csv
2021-01-16T20:00:00Z,1.0,65.89,2021-01-16,MarketResult_SEM-DA_PWR-MRC-D+1_20210115110000_20210115113011.csv
2021-01-16T21:00:00Z,1.0,60.01,2021-01-16,MarketResult_SEM-DA_PWR-MRC-D+1_20210115110000_20210115113011.csv
2021-01-16T22:00:00Z,1.0,55.14,2021-01-16,MarketResult_SEM-DA_PWR-MRC-D+1_20210115110000_20210115113011.csv
2021-01-16T23:00:00Z,1.0,54.25,2021-01-17,MarketResult_SEM-DA_PWR-MRC-D+1_20210116110000_20210116113036.csv
2021-01-17T00:00:00Z,1.0,49.98,2021-01-17,MarketResult_SEM-DA_PWR-MRC-D+1_20210116110000_20210116113036.csv
2021-01-17T01:00:00Z,1.0,48.31,2021-01-17,MarketResult_SEM-DA_PWR-MRC-D+1_20210116110000_20210116113036.csv
2021-01-17T02:00:00Z,1.0,47.9,2021-01-17,MarketResult_SEM-DA_PWR-MRC-D+1_20210116110000_20210116113036.csv
2021-01-17T03:00:00Z,1.0,47.0,2021-01-17,MarketResult_SEM-DA_PWR-MRC-D+1_20210116110000_20210116113036.csv
2021-01-17T04:00:00Z,1.0,48.08,2021-01-17,MarketResult_SEM-DA_PWR-MRC-D+1_20210116110000_20210116113036.csv
2021-01-17T05:00:00Z,1.0,50.3,2021-01-17,MarketResult_SEM-DA_PWR-MRC-D+1_20210116110000_20210116113036.csv
2021-01-17T06:00:00Z,1.0,56.29,2021-01-17,MarketResult_SEM-DA_PWR-MRC-D+1_20210116110000_20210116113036.csv
2021-01-17T07:00:00Z,1.0,52.82,2021-01-17,MarketResult_SEM-DA_PWR-MRC-D+1_20210116110000_20210116113036.csv
2021-01-17T08:00:00Z,1.0,59.0,2021-01-17,MarketResult_SEM-DA_PWR-MRC-D+1_20210116110000_20210116113036.csv
2021-01-17T09:00:00Z,1.0,65.5,2021-01-17,MarketResult_SEM-DA_PWR-MRC-D+1_20210116110000_20210116113036.csv
2021-01-17T10:00:00Z,1.0,67.58,2021-01-17,MarketResult_SEM-DA_PWR-MRC-D+1_20210116110000_20210116113036.csv
2021-01-17T11:00:00Z,1.0,68.37,2021-01-17,MarketResult_SEM-DA_PWR-MRC-D+1_20210116110000_20210116113036.csv
2021-01-17T12:00:00Z,1.0,73.05,2021-01-17,MarketResult_SEM-DA_PWR-MRC-D+1_20210116110000_20210116113036.csv
2021-01-17T13:00:00Z,1.0,72.43,2021-01-17,MarketResult_SEM-DA_PWR-MRC-D+1_20210116110000_20210116113036.csv
2021-01-17T14:00:00Z,1.0,67.76,2021-01-17,MarketResult_SEM-DA_PWR-MRC-D+1_20210116110000_20210116113036.csv
2021-01-17T15:00:00Z,1.0,67.24,2021-01-17,MarketResult_SEM-DA_PWR-MRC-D+1_20210116110000_20210116113036.csv
2021-01-17T16:00:00Z,1.0,80.0,2021-01-17,MarketResult_SEM-DA_PWR-MRC-D+1_20210116110000_20210116113036.csv
2021-01-17T17:00:00Z,1.0,113.07,2021-01-17,MarketResult_SEM-DA_PWR-MRC-D+1_20210116110000_20210116113036.csv
2021-01-17T18:00:00Z,1.0,93.81,2021-01-17,MarketResult_SEM-DA_PWR-MRC-D+1_20210116110000_20210116113036.csv
2021-01-17T19:00:00Z,1.0,79.33,2021-01-17,MarketResult_SEM-DA_PWR-MRC-D+1_20210116110000_20210116113036.csv
2021-01-17T20:00:00Z,1.0,71.39,2021-01-17,MarketResult_SEM-DA_PWR-MRC-D+1_20210116110000_20210116113036.csv
2021-01-17T21:00:00Z,1.0,68.88,2021-01-17,MarketResult_SEM-DA_PWR-MRC-D+1_20210116110000_20210116113036.csv
2021-01-17T22:00:00Z,1.0,65.96,2021-01-17,MarketResult_SEM-DA_PWR-MRC-D+1_20210116110000_20210116113036.csv
2021-01-17T23:00:00Z,1.0,63.37,2021-01-18,MarketResult_SEM-DA_PWR-MRC-D+1_20210117110000_20210117113008.csv
2021-01-18T00:00:00Z,1.0,57.0,2021-01-18,MarketResult_SEM-DA_PWR-MRC-D+1_20210117110000_20210117113008.csv
2021-01-18T01:00:00Z,1.0,50.0,2021-01-18,MarketResult_SEM-DA_PWR-MRC-D+1_20210117110000_20210117113008.csv
2021-01-18T02:00:00Z,1.0,50.0,2021-01-18,MarketResult_SEM-DA_PWR-MRC-D+1_20210117110000_20210117113008.csv
2021-01-18T03:00:00Z,1.0,50.0,2021-01-18,MarketResult_SEM-DA_PWR-MRC-D+1_20210117110000_20210117113008.csv
2021-01-18T04:00:00Z,1.0,50.0,2021-01-18,MarketResult_SEM-DA_PWR-MRC-D+1_20210117110000_20210117113008.csv
2021-01-18T05:00:00Z,1.0,59.11,2021-01-18,MarketResult_SEM-DA_PWR-MRC-D+1_20210117110000_20210117113008.csv
2021-01-18T06:00:00Z,1.0,65.43,2021-01-18,MarketResult_SEM-DA_PWR-MRC-D+1_20210117110000_20210117113008.csv
2021-01-18T07:00:00Z,1.0,72.0,2021-01-18,MarketResult_SEM-DA_PWR-MRC-D+1_20210117110000_20210117113008.csv
2021-01-18T08:00:00Z,1.0,77.02,2021-01-18,MarketResult_SEM-DA_PWR-MRC-D+1_20210117110000_20210117113008.csv
2021-01-18T09:00:00Z,1.0,76.93,2021-01-18,MarketResult_SEM-DA_PWR-MRC-D+1_20210117110000_20210117113008.csv
2021-01-18T10:00:00Z,1.0,76.07,2021-01-18,MarketResult_SEM-DA_PWR-MRC-D+1_20210117110000_20210117113008.csv
2021-01-18T11:00:00Z,1.0,78.22,2021-01-18,MarketResult_SEM-DA_PWR-MRC-D+1_20210117110000_20210117113008.csv
2021-01-18T12:00:00Z,1.0,80.55,2021-01-18,MarketResult_SEM-DA_PWR-MRC-D+1_20210117110000_20210117113008.csv
2021-01-18T13:00:00Z,1.0,82.47,2021-01-18,MarketResult_SEM-DA_PWR-MRC-D+1_20210117110000_20210117113008.csv
2021-01-18T14:00:00Z,1.0,79.8,2021-01-18,MarketResult_SEM-DA_PWR-MRC-D+1_20210117110000_20210117113008.csv
2021-01-18T15:00:00Z,1.0,82.47,2021-01-18,MarketResult_SEM-DA_PWR-MRC-D+1_20210117110000_20210117113008.csv
2021-01-18T16:00:00Z,1.0,98.35,2021-01-18,MarketResult_SEM-DA_PWR-MRC-D+1_20210117110000_20210117113008.csv
2021-01-18T17:00:00Z,1.0,157.0,2021-01-18,MarketResult_SEM-DA_PWR-MRC-D+1_20210117110000_20210117113008.csv
2021-01-18T18:00:00Z,1.0,140.49,2021-01-18,MarketResult_SEM-DA_PWR-MRC-D+1_20210117110000_20210117113008.csv
2021-01-18T19:00:00Z,1.0,99.29,2021-01-18,MarketResult_SEM-DA_PWR-MRC-D+1_20210117110000_20210117113008.csv
2021-01-18T20:00:00Z,1.0,79.09,2021-01-18,MarketResult_SEM-DA_PWR-MRC-D+1_20210117110000_20210117113008.csv
2021-01-18T21:00:00Z,1.0,73.71,2021-01-18,MarketResult_SEM-DA_PWR-MRC-D+1_20210117110000_20210117113008.csv
2021-01-18T22:00:00Z,1.0,65.42,2021-01-18,MarketResult_SEM-DA_PWR-MRC-D+1_20210117110000_20210117113008.csv
2021-01-18T23:00:00Z,1.0,62.46,2021-01-19,MarketResult_SEM-DA_PWR-MRC-D+1_20210118110000_20210118114055.csv
2021-01-19T00:00:00Z,1.0,55.09,2021-01-19,MarketResult_SEM-DA_PWR-MRC-D+1_20210118110000_20210118114055.csv
2021-01-19T01:00:00Z,1.0,51.07,2021-01-19,MarketResult_SEM-DA_PWR-MRC-D+1_20210118110000_20210118114055.csv
2021-01-19T02:00:00Z,1.0,47.8,2021-01-19,MarketResult_SEM-DA_PWR-MRC-D+1_20210118110000_20210118114055.csv
2021-01-19T03:00:00Z,1.0,46.89,2021-01-19,MarketResult_SEM-DA_PWR-MRC-D+1_20210118110000_20210118114055.csv
2021-01-19T04:00:00Z,1.0,47.0,2021-01-19,MarketResult_SEM-DA_PWR-MRC-D+1_20210118110000_20210118114055.csv
2021-01-19T05:00:00Z,1.0,53.0,2021-01-19,MarketResult_SEM-DA_PWR-MRC-D+1_20210118110000_20210118114055.csv
2021-01-19T06:00:00Z,1.0,62.0,2021-01-19,MarketResult_SEM-DA_PWR-MRC-D+1_20210118110000_20210118114055.csv
2021-01-19T07:00:00Z,1.0,61.27,2021-01-19,MarketResult_SEM-DA_PWR-MRC-D+1_20210118110000_20210118114055.csv
2021-01-19T08:00:00Z,1.0,62.97,2021-01-19,MarketResult_SEM-DA_PWR-MRC-D+1_20210118110000_20210118114055.csv
2021-01-19T09:00:00Z,1.0,66.47,2021-01-19,MarketResult_SEM-DA_PWR-MRC-D+1_20210118110000_20210118114055.csv
2021-01-19T10:00:00Z,1.0,66.56,2021-01-19,MarketResult_SEM-DA_PWR-MRC-D+1_20210118110000_20210118114055.csv
2021-01-19T11:00:00Z,1.0,67.06,2021-01-19,MarketResult_SEM-DA_PWR-MRC-D+1_20210118110000_20210118114055.csv
2021-01-19T12:00:00Z,1.0,68.0,2021-01-19,MarketResult_SEM-DA_PWR-MRC-D+1_20210118110000_20210118114055.csv
2021-01-19T13:00:00Z,1.0,67.7,2021-01-19,MarketResult_SEM-DA_PWR-MRC-D+1_20210118110000_20210118114055.csv
2021-01-19T14:00:00Z,1.0,65.72,2021-01-19,MarketResult_SEM-DA_PWR-MRC-D+1_20210118110000_20210118114055.csv
2021-01-19T15:00:00Z,1.0,67.04,2021-01-19,MarketResult_SEM-DA_PWR-MRC-D+1_20210118110000_20210118114055.csv
2021-01-19T16:00:00Z,1.0,83.04,2021-01-19,MarketResult_SEM-DA_PWR-MRC-D+1_20210118110000_20210118114055.csv
2021-01-19T17:00:00Z,1.0,102.2,2021-01-19,MarketResult_SEM-DA_PWR-MRC-D+1_20210118110000_20210118114055.csv
2021-01-19T18:00:00Z,1.0,93.8,2021-01-19,MarketResult_SEM-DA_PWR-MRC-D+1_20210118110000_20210118114055.csv
2021-01-19T19:00:00Z,1.0,82.15,2021-01-19,MarketResult_SEM-DA_PWR-MRC-D+1_20210118110000_20210118114055.csv
2021-01-19T20:00:00Z,1.0,74.45,2021-01-19,MarketResult_SEM-DA_PWR-MRC-D+1_20210118110000_20210118114055.csv
2021-01-19T21:00:00Z,1.0,69.0,2021-01-19,MarketResult_SEM-DA_PWR-MRC-D+1_20210118110000_20210118114055.csv
2021-01-19T22:00:00Z,1.0,66.51,2021-01-19,MarketResult_SEM-DA_PWR-MRC-D+1_20210118110000_20210118114055.csv
2021-01-19T23:00:00Z,1.0,69.25,2021-01-20,MarketResult_SEM-DA_PWR-MRC-D+1_20210119110000_20210119114035.csv
2021-01-20T00:00:00Z,1.0,63.14,2021-01-20,MarketResult_SEM-DA_PWR-MRC-D+1_20210119110000_20210119114035.csv
2021-01-20T01:00:00Z,1.0,63.94,2021-01-20,MarketResult_SEM-DA_PWR-MRC-D+1_20210119110000_20210119114035.csv
2021-01-20T02:00:00Z,1.0,60.8,2021-01-20,MarketResult_SEM-DA_PWR-MRC-D+1_20210119110000_20210119114035.csv
2021-01-20T03:00:00Z,1.0,60.8,2021-01-20,MarketResult_SEM-DA_PWR-MRC-D+1_20210119110000_20210119114035.csv
2021-01-20T04:00:00Z,1.0,60.8,2021-01-20,MarketResult_SEM-DA_PWR-MRC-D+1_20210119110000_20210119114035.csv
2021-01-20T05:00:00Z,1.0,63.14,2021-01-20,MarketResult_SEM-DA_PWR-MRC-D+1_20210119110000_20210119114035.csv
2021-01-20T06:00:00Z,1.0,69.0,2021-01-20,MarketResult_SEM-DA_PWR-MRC-D+1_20210119110000_20210119114035.csv
2021-01-20T07:00:00Z,1.0,73.9,2021-01-20,MarketResult_SEM-DA_PWR-MRC-D+1_20210119110000_20210119114035.csv
2021-01-20T08:00:00Z,1.0,81.72,2021-01-20,MarketResult_SEM-DA_PWR-MRC-D+1_20210119110000_20210119114035.csv
2021-01-20T09:00:00Z,1.0,85.98,2021-01-20,MarketResult_SEM-DA_PWR-MRC-D+1_20210119110000_20210119114035.csv
2021-01-20T10:00:00Z,1.0,90.0,2021-01-20,MarketResult_SEM-DA_PWR-MRC-D+1_20210119110000_20210119114035.csv
2021-01-20T11:00:00Z,1.0,87.0,2021-01-20,MarketResult_SEM-DA_PWR-MRC-D+1_20210119110000_20210119114035.csv
2021-01-20T12:00:00Z,1.0,98.66,2021-01-20,MarketResult_SEM-DA_PWR-MRC-D+1_20210119110000_20210119114035.csv
2021-01-20T13:00:00Z,1.0,92.78,2021-01-20,MarketResult_SEM-DA_PWR-MRC-D+1_20210119110000_20210119114035.csv
2021-01-20T14:00:00Z,1.0,85.98,2021-01-20,MarketResult_SEM-DA_PWR-MRC-D+1_20210119110000_20210119114035.csv
2021-01-20T15:00:00Z,1.0,85.98,2021-01-20,MarketResult_SEM-DA_PWR-MRC-D+1_20210119110000_20210119114035.csv
2021-01-20T16:00:00Z,1.0,100.4,2021-01-20,MarketResult_SEM-DA_PWR-MRC-D+1_20210119110000_20210119114035.csv
2021-01-20T17:00:00Z,1.0,134.93,2021-01-20,MarketResult_SEM-DA_PWR-MRC-D+1_20210119110000_20210119114035.csv
2021-01-20T18:00:00Z,1.0,109.14,2021-01-20,MarketResult_SEM-DA_PWR-MRC-D+1_20210119110000_20210119114035.csv
2021-01-20T19:00:00Z,1.0,81.75,2021-01-20,MarketResult_SEM-DA_PWR-MRC-D+1_20210119110000_20210119114035.csv
2021-01-20T20:00:00Z,1.0,71.37,2021-01-20,MarketResult_SEM-DA_PWR-MRC-D+1_20210119110000_20210119114035.csv
2021-01-20T21:00:00Z,1.0,65.0,2021-01-20,MarketResult_SEM-DA_PWR-MRC-D+1_20210119110000_20210119114035.csv
2021-01-20T22:00:00Z,1.0,65.29,2021-01-20,MarketResult_SEM-DA_PWR-MRC-D+1_20210119110000_20210119114035.csv
2021-01-20T23:00:00Z,1.0,73.72,2021-01-21,MarketResult_SEM-DA_PWR-MRC-D+1_20210120110000_20210120113549.csv
2021-01-21T00:00:00Z,1.0,63.9,2021-01-21,MarketResult_SEM-DA_PWR-MRC-D+1_20210120110000_20210120113549.csv
2021-01-21T01:00:00Z,1.0,61.3,2021-01-21,MarketResult_SEM-DA_PWR-MRC-D+1_20210120110000_20210120113549.csv
2021-01-21T02:00:00Z,1.0,52.0,2021-01-21,MarketResult_SEM-DA_PWR-MRC-D+1_20210120110000_20210120113549.csv
2021-01-21T03:00:00Z,1.0,45.0,2021-01-21,MarketResult_SEM-DA_PWR-MRC-D+1_20210120110000_20210120113549.csv
2021-01-21T04:00:00Z,1.0,41.75,2021-01-21,MarketResult_SEM-DA_PWR-MRC-D+1_20210120110000_20210120113549.csv
2021-01-21T05:00:00Z,1.0,44.02,2021-01-21,MarketResult_SEM-DA_PWR-MRC-D+1_20210120110000_20210120113549.csv
2021-01-21T06:00:00Z,1.0,55.91,2021-01-21,MarketResult_SEM-DA_PWR-MRC-D+1_20210120110000_20210120113549.csv
2021-01-21T07:00:00Z,1.0,63.25,2021-01-21,MarketResult_SEM-DA_PWR-MRC-D+1_20210120110000_20210120113549.csv
2021-01-21T08:00:00Z,1.0,64.77,2021-01-21,MarketResult_SEM-DA_PWR-MRC-D+1_20210120110000_20210120113549.csv
2021-01-21T09:00:00Z,1.0,71.02,2021-01-21,MarketResult_SEM-DA_PWR-MRC-D+1_20210120110000_20210120113549.csv
2021-01-21T10:00:00Z,1.0,72.48,2021-01-21,MarketResult_SEM-DA_PWR-MRC-D+1_20210120110000_20210120113549.csv
2021-01-21T11:00:00Z,1.0,76.0,2021-01-21,MarketResult_SEM-DA_PWR-MRC-D+1_20210120110000_20210120113549.csv
2021-01-21T12:00:00Z,1.0,80.0,2021-01-21,MarketResult_SEM-DA_PWR-MRC-D+1_20210120110000_20210120113549.csv
2021-01-21T13:00:00Z,1.0,78.78,2021-01-21,MarketResult_SEM-DA_PWR-MRC-D+1_20210120110000_20210120113549.csv
2021-01-21T14:00:00Z,1.0,75.46,2021-01-21,MarketResult_SEM-DA_PWR-MRC-D+1_20210120110000_20210120113549.csv
2021-01-21T15:00:00Z,1.0,82.0,2021-01-21,MarketResult_SEM-DA_PWR-MRC-D+1_20210120110000_20210120113549.csv
2021-01-21T16:00:00Z,1.0,111.71,2021-01-21,MarketResult_SEM-DA_PWR-MRC-D+1_20210120110000_20210120113549.csv
2021-01-21T17:00:00Z,1.0,150.8,2021-01-21,MarketResult_SEM-DA_PWR-MRC-D+1_20210120110000_20210120113549.csv
2021-01-21T18:00:00Z,1.0,145.0,2021-01-21,MarketResult_SEM-DA_PWR-MRC-D+1_20210120110000_20210120113549.csv
2021-01-21T19:00:00Z,1.0,102.5,2021-01-21,MarketResult_SEM-DA_PWR-MRC-D+1_20210120110000_20210120113549.csv
2021-01-21T20:00:00Z,1.0,89.54,2021-01-21,MarketResult_SEM-DA_PWR-MRC-D+1_20210120110000_20210120113549.csv
2021-01-21T21:00:00Z,1.0,82.3,2021-01-21,MarketResult_SEM-DA_PWR-MRC-D+1_20210120110000_20210120113549.csv
2021-01-21T22:00:00Z,1.0,78.31,2021-01-21,MarketResult_SEM-DA_PWR-MRC-D+1_20210120110000_20210120113549.csv
2021-01-21T23:00:00Z,1.0,83.0,2021-01-22,MarketResult_SEM-DA_PWR-MRC-D+1_20210121110000_20210121113102.csv
2021-01-22T00:00:00Z,1.0,73.47,2021-01-22,MarketResult_SEM-DA_PWR-MRC-D+1_20210121110000_20210121113102.csv
2021-01-22T01:00:00Z,1.0,71.49,2021-01-22,MarketResult_SEM-DA_PWR-MRC-D+1_20210121110000_20210121113102.csv
2021-01-22T02:00:00Z,1.0,65.71,2021-01-22,MarketResult_SEM-DA_PWR-MRC-D+1_20210121110000_20210121113102.csv
2021-01-22T03:00:00Z,1.0,58.0,2021-01-22,MarketResult_SEM-DA_PWR-MRC-D+1_20210121110000_20210121113102.csv
2021-01-22T04:00:00Z,1.0,58.0,2021-01-22,MarketResult_SEM-DA_PWR-MRC-D+1_20210121110000_20210121113102.csv
2021-01-22T05:00:00Z,1.0,65.28,2021-01-22,MarketResult_SEM-DA_PWR-MRC-D+1_20210121110000_20210121113102.csv
2021-01-22T06:00:00Z,1.0,68.21,2021-01-22,MarketResult_SEM-DA_PWR-MRC-D+1_20210121110000_20210121113102.csv
2021-01-22T07:00:00Z,1.0,73.9,2021-01-22,MarketResult_SEM-DA_PWR-MRC-D+1_20210121110000_20210121113102.csv
2021-01-22T08:00:00Z,1.0,82.34,2021-01-22,MarketResult_SEM-DA_PWR-MRC-D+1_20210121110000_20210121113102.csv
2021-01-22T09:00:00Z,1.0,88.91,2021-01-22,MarketResult_SEM-DA_PWR-MRC-D+1_20210121110000_20210121113102.csv
2021-01-22T10:00:00Z,1.0,88.52,2021-01-22,MarketResult_SEM-DA_PWR-MRC-D+1_20210121110000_20210121113102.csv
2021-01-22T11:00:00Z,1.0,84.33,2021-01-22,MarketResult_SEM-DA_PWR-MRC-D+1_20210121110000_20210121113102.csv
2021-01-22T12:00:00Z,1.0,84.37,2021-01-22,MarketResult_SEM-DA_PWR-MRC-D+1_20210121110000_20210121113102.csv
2021-01-22T13:00:00Z,1.0,85.0,2021-01-22,MarketResult_SEM-DA_PWR-MRC-D+1_20210121110000_20210121113102.csv
2021-01-22T14:00:00Z,1.0,78.74,2021-01-22,MarketResult_SEM-DA_PWR-MRC-D+1_20210121110000_20210121113102.csv
2021-01-22T15:00:00Z,1.0,81.73,2021-01-22,MarketResult_SEM-DA_PWR-MRC-D+1_20210121110000_20210121113102.csv
2021-01-22T16:00:00Z,1.0,109.96,2021-01-22,MarketResult_SEM-DA_PWR-MRC-D+1_20210121110000_20210121113102.csv
2021-01-22T17:00:00Z,1.0,148.83,2021-01-22,MarketResult_SEM-DA_PWR-MRC-D+1_20210121110000_20210121113102.csv
2021-01-22T18:00:00Z,1.0,130.02,2021-01-22,MarketResult_SEM-DA_PWR-MRC-D+1_20210121110000_20210121113102.csv
2021-01-22T19:00:00Z,1.0,100.0,2021-01-22,MarketResult_SEM-DA_PWR-MRC-D+1_20210121110000_20210121113102.csv
2021-01-22T20:00:00Z,1.0,85.8,2021-01-22,MarketResult_SEM-DA_PWR-MRC-D+1_20210121110000_20210121113102.csv
2021-01-22T21:00:00Z,1.0,79.0,2021-01-22,MarketResult_SEM-DA_PWR-MRC-D+1_20210121110000_20210121113102.csv
2021-01-22T22:00:00Z,1.0,73.44,2021-01-22,MarketResult_SEM-DA_PWR-MRC-D+1_20210121110000_20210121113102.csv
2021-01-22T23:00:00Z,1.0,83.72,2021-01-23,MarketResult_SEM-DA_PWR-MRC-D+1_20210122110000_20210122113122.csv
2021-01-23T00:00:00Z,1.0,77.94,2021-01-23,MarketResult_SEM-DA_PWR-MRC-D+1_20210122110000_20210122113122.csv
2021-01-23T01:00:00Z,1.0,75.44,2021-01-23,MarketResult_SEM-DA_PWR-MRC-D+1_20210122110000_20210122113122.csv
2021-01-23T02:00:00Z,1.0,71.43,2021-01-23,MarketResult_SEM-DA_PWR-MRC-D+1_20210122110000_20210122113122.csv
2021-01-23T03:00:00Z,1.0,65.0,2021-01-23,MarketResult_SEM-DA_PWR-MRC-D+1_20210122110000_20210122113122.csv
2021-01-23T04:00:00Z,1.0,64.12,2021-01-23,MarketResult_SEM-DA_PWR-MRC-D+1_20210122110000_20210122113122.csv
2021-01-23T05:00:00Z,1.0,65.51,2021-01-23,MarketResult_SEM-DA_PWR-MRC-D+1_20210122110000_20210122113122.csv
2021-01-23T06:00:00Z,1.0,67.56,2021-01-23,MarketResult_SEM-DA_PWR-MRC-D+1_20210122110000_20210122113122.csv
2021-01-23T07:00:00Z,1.0,68.45,2021-01-23,MarketResult_SEM-DA_PWR-MRC-D+1_20210122110000_20210122113122.csv
2021-01-23T08:00:00Z,1.0,73.37,2021-01-23,MarketResult_SEM-DA_PWR-MRC-D+1_20210122110000_20210122113122.csv
2021-01-23T09:00:00Z,1.0,81.1,2021-01-23,MarketResult_SEM-DA_PWR-MRC-D+1_20210122110000_20210122113122.csv
2021-01-23T10:00:00Z,1.0,87.0,2021-01-23,MarketResult_SEM-DA_PWR-MRC-D+1_20210122110000_20210122113122.csv
2021-01-23T11:00:00Z,1.0,93.0,2021-01-23,MarketResult_SEM-DA_PWR-MRC-D+1_20210122110000_20210122113122.csv
2021-01-23T12:00:00Z,1.0,92.18,2021-01-23,MarketResult_SEM-DA_PWR-MRC-D+1_20210122110000_20210122113122.csv
2021-01-23T13:00:00Z,1.0,88.99,2021-01-23,MarketResult_SEM-DA_PWR-MRC-D+1_20210122110000_20210122113122.csv
2021-01-23T14:00:00Z,1.0,82.0,2021-01-23,MarketResult_SEM-DA_PWR-MRC-D+1_20210122110000_20210122113122.csv
2021-01-23T15:00:00Z,1.0,83.1,2021-01-23,MarketResult_SEM-DA_PWR-MRC-D+1_20210122110000_20210122113122.csv
2021-01-23T16:00:00Z,1.0,104.18,2021-01-23,MarketResult_SEM-DA_PWR-MRC-D+1_20210122110000_20210122113122.csv
2021-01-23T17:00:00Z,1.0,162.7,2021-01-23,MarketResult_SEM-DA_PWR-MRC-D+1_20210122110000_20210122113122.csv
2021-01-23T18:00:00Z,1.0,130.27,2021-01-23,MarketResult_SEM-DA_PWR-MRC-D+1_20210122110000_20210122113122.csv
2021-01-23T19:00:00Z,1.0,99.44,2021-01-23,MarketResult_SEM-DA_PWR-MRC-D+1_20210122110000_20210122113122.csv
2021-01-23T20:00:00Z,1.0,81.1,2021-01-23,MarketResult_SEM-DA_PWR-MRC-D+1_20210122110000_20210122113122.csv
2021-01-23T21:00:00Z,1.0,76.21,2021-01-23,MarketResult_SEM-DA_PWR-MRC-D+1_20210122110000_20210122113122.csv
2021-01-23T22:00:00Z,1.0,71.0,2021-01-23,MarketResult_SEM-DA_PWR-MRC-D+1_20210122110000_20210122113122.csv
2021-01-23T23:00:00Z,1.0,83.72,2021-01-24,MarketResult_SEM-DA_PWR-MRC-D+1_20210123110000_20210123113254.csv
2021-01-24T00:00:00Z,1.0,76.5,2021-01-24,MarketResult_SEM-DA_PWR-MRC-D+1_20210123110000_20210123113254.csv
2021-01-24T01:00:00Z,1.0,78.0,2021-01-24,MarketResult_SEM-DA_PWR-MRC-D+1_20210123110000_20210123113254.csv
2021-01-24T02:00:00Z,1.0,76.5,2021-01-24,MarketResult_SEM-DA_PWR-MRC-D+1_20210123110000_20210123113254.csv
2021-01-24T03:00:00Z,1.0,67.69,2021-01-24,MarketResult_SEM-DA_PWR-MRC-D+1_20210123110000_20210123113254.csv
2021-01-24T04:00:00Z,1.0,64.0,2021-01-24,MarketResult_SEM-DA_PWR-MRC-D+1_20210123110000_20210123113254.csv
2021-01-24T05:00:00Z,1.0,63.74,2021-01-24,MarketResult_SEM-DA_PWR-MRC-D+1_20210123110000_20210123113254.csv
2021-01-24T06:00:00Z,1.0,65.51,2021-01-24,MarketResult_SEM-DA_PWR-MRC-D+1_20210123110000_20210123113254.csv
2021-01-24T07:00:00Z,1.0,62.68,2021-01-24,MarketResult_SEM-DA_PWR-MRC-D+1_20210123110000_20210123113254.csv
2021-01-24T08:00:00Z,1.0,62.76,2021-01-24,MarketResult_SEM-DA_PWR-MRC-D+1_20210123110000_20210123113254.csv
2021-01-24T09:00:00Z,1.0,71.1,2021-01-24,MarketResult_SEM-DA_PWR-MRC-D+1_20210123110000_20210123113254.csv
2021-01-24T10:00:00Z,1.0,76.03,2021-01-24,MarketResult_SEM-DA_PWR-MRC-D+1_20210123110000_20210123113254.csv
2021-01-24T11:00:00Z,1.0,80.4,2021-01-24,MarketResult_SEM-DA_PWR-MRC-D+1_20210123110000_20210123113254.csv
2021-01-24T12:00:00Z,1.0,84.71,2021-01-24,MarketResult_SEM-DA_PWR-MRC-D+1_20210123110000_20210123113254.csv
2021-01-24T13:00:00Z,1.0,87.0,2021-01-24,MarketResult_SEM-DA_PWR-MRC-D+1_20210123110000_20210123113254.csv
2021-01-24T14:00:00Z,1.0,79.24,2021-01-24,MarketResult_SEM-DA_PWR-MRC-D+1_20210123110000_20210123113254.csv
2021-01-24T15:00:00Z,1.0,81.32,2021-01-24,MarketResult_SEM-DA_PWR-MRC-D+1_20210123110000_20210123113254.csv
2021-01-24T16:00:00Z,1.0,98.71,2021-01-24,MarketResult_SEM-DA_PWR-MRC-D+1_20210123110000_20210123113254.csv
2021-01-24T17:00:00Z,1.0,159.1,2021-01-24,MarketResult_SEM-DA_PWR-MRC-D+1_20210123110000_20210123113254.csv
2021-01-24T18:00:00Z,1.0,132.14,2021-01-24,MarketResult_SEM-DA_PWR-MRC-D+1_20210123110000_20210123113254.csv
2021-01-24T19:00:00Z,1.0,93.54,2021-01-24,MarketResult_SEM-DA_PWR-MRC-D+1_20210123110000_20210123113254.csv
2021-01-24T20:00:00Z,1.0,75.77,2021-01-24,MarketResult_SEM-DA_PWR-MRC-D+1_20210123110000_20210123113254.csv
2021-01-24T21:00:00Z,1.0,69.55,2021-01-24,MarketResult_SEM-DA_PWR-MRC-D+1_20210123110000_20210123113254.csv
2021-01-24T22:00:00Z,1.0,65.7,2021-01-24,MarketResult_SEM-DA_PWR-MRC-D+1_20210123110000_20210123113254.csv
2021-01-24T23:00:00Z,1.0,76.89,2021-01-25,MarketResult_SEM-DA_PWR-MRC-D+1_20210124110000_20210124113141.csv
2021-01-25T00:00:00Z,1.0,77.0,2021-01-25,MarketResult_SEM-DA_PWR-MRC-D+1_20210124110000_20210124113141.csv
2021-01-25T01:00:00Z,1.0,72.42,2021-01-25,MarketResult_SEM-DA_PWR-MRC-D+1_20210124110000_20210124113141.csv
2021-01-25T02:00:00Z,1.0,69.86,2021-01-25,MarketResult_SEM-DA_PWR-MRC-D+1_20210124110000_20210124113141.csv
2021-01-25T03:00:00Z,1.0,65.4,2021-01-25,MarketResult_SEM-DA_PWR-MRC-D+1_20210124110000_20210124113141.csv
2021-01-25T04:00:00Z,1.0,64.99,2021-01-25,MarketResult_SEM-DA_PWR-MRC-D+1_20210124110000_20210124113141.csv
2021-01-25T05:00:00Z,1.0,65.98,2021-01-25,MarketResult_SEM-DA_PWR-MRC-D+1_20210124110000_20210124113141.csv
2021-01-25T06:00:00Z,1.0,70.0,2021-01-25,MarketResult_SEM-DA_PWR-MRC-D+1_20210124110000_20210124113141.csv
2021-01-25T07:00:00Z,1.0,78.09,2021-01-25,MarketResult_SEM-DA_PWR-MRC-D+1_20210124110000_20210124113141.csv
2021-01-25T08:00:00Z,1.0,84.13,2021-01-25,MarketResult_SEM-DA_PWR-MRC-D+1_20210124110000_20210124113141.csv
2021-01-25T09:00:00Z,1.0,85.0,2021-01-25,MarketResult_SEM-DA_PWR-MRC-D+1_20210124110000_20210124113141.csv
2021-01-25T10:00:00Z,1.0,83.34,2021-01-25,MarketResult_SEM-DA_PWR-MRC-D+1_20210124110000_20210124113141.csv
2021-01-25T11:00:00Z,1.0,80.54,2021-01-25,MarketResult_SEM-DA_PWR-MRC-D+1_20210124110000_20210124113141.csv
2021-01-25T12:00:00Z,1.0,83.08,2021-01-25,MarketResult_SEM-DA_PWR-MRC-D+1_20210124110000_20210124113141.csv
2021-01-25T13:00:00Z,1.0,79.0,2021-01-25,MarketResult_SEM-DA_PWR-MRC-D+1_20210124110000_20210124113141.csv
2021-01-25T14:00:00Z,1.0,76.0,2021-01-25,MarketResult_SEM-DA_PWR-MRC-D+1_20210124110000_20210124113141.csv
2021-01-25T15:00:00Z,1.0,79.0,2021-01-25,MarketResult_SEM-DA_PWR-MRC-D+1_20210124110000_20210124113141.csv
2021-01-25T16:00:00Z,1.0,104.6,2021-01-25,MarketResult_SEM-DA_PWR-MRC-D+1_20210124110000_20210124113141.csv
2021-01-25T17:00:00Z,1.0,171.4,2021-01-25,MarketResult_SEM-DA_PWR-MRC-D+1_20210124110000_20210124113141.csv
2021-01-25T18:00:00Z,1.0,144.0,2021-01-25,MarketResult_SEM-DA_PWR-MRC-D+1_20210124110000_20210124113141.csv
2021-01-25T19:00:00Z,1.0,103.96,2021-01-25,MarketResult_SEM-DA_PWR-MRC-D+1_20210124110000_20210124113141.csv
2021-01-25T20:00:00Z,1.0,83.0,2021-01-25,MarketResult_SEM-DA_PWR-MRC-D+1_20210124110000_20210124113141.csv
2021-01-25T21:00:00Z,1.0,76.0,2021-01-25,MarketResult_SEM-DA_PWR-MRC-D+1_20210124110000_20210124113141.csv
2021-01-25T22:00:00Z,1.0,69.36,2021-01-25,MarketResult_SEM-DA_PWR-MRC-D+1_20210124110000_20210124113141.csv
2021-01-25T23:00:00Z,1.0,67.42,2021-01-26,MarketResult_SEM-DA_PWR-MRC-D+1_20210125110000_20210125113127.csv
2021-01-26T00:00:00Z,1.0,63.12,2021-01-26,MarketResult_SEM-DA_PWR-MRC-D+1_20210125110000_20210125113127.csv
2021-01-26T01:00:00Z,1.0,59.93,2021-01-26,MarketResult_SEM-DA_PWR-MRC-D+1_20210125110000_20210125113127.csv
2021-01-26T02:00:00Z,1.0,57.96,2021-01-26,MarketResult_SEM-DA_PWR-MRC-D+1_20210125110000_20210125113127.csv
2021-01-26T03:00:00Z,1.0,56.05,2021-01-26,MarketResult_SEM-DA_PWR-MRC-D+1_20210125110000_20210125113127.csv
2021-01-26T04:00:00Z,1.0,54.29,2021-01-26,MarketResult_SEM-DA_PWR-MRC-D+1_20210125110000_20210125113127.csv
2021-01-26T05:00:00Z,1.0,57.53,2021-01-26,MarketResult_SEM-DA_PWR-MRC-D+1_20210125110000_20210125113127.csv
2021-01-26T06:00:00Z,1.0,61.17,2021-01-26,MarketResult_SEM-DA_PWR-MRC-D+1_20210125110000_20210125113127.csv
2021-01-26T07:00:00Z,1.0,61.0,2021-01-26,MarketResult_SEM-DA_PWR-MRC-D+1_20210125110000_20210125113127.csv
2021-01-26T08:00:00Z,1.0,70.0,2021-01-26,MarketResult_SEM-DA_PWR-MRC-D+1_20210125110000_20210125113127.csv
2021-01-26T09:00:00Z,1.0,76.0,2021-01-26,MarketResult_SEM-DA_PWR-MRC-D+1_20210125110000_20210125113127.csv
2021-01-26T10:00:00Z,1.0,76.19,2021-01-26,MarketResult_SEM-DA_PWR-MRC-D+1_20210125110000_20210125113127.csv
2021-01-26T11:00:00Z,1.0,77.99,2021-01-26,MarketResult_SEM-DA_PWR-MRC-D+1_20210125110000_20210125113127.csv
2021-01-26T12:00:00Z,1.0,78.65,2021-01-26,MarketResult_SEM-DA_PWR-MRC-D+1_20210125110000_20210125113127.csv
2021-01-26T13:00:00Z,1.0,78.0,2021-01-26,MarketResult_SEM-DA_PWR-MRC-D+1_20210125110000_20210125113127.csv
2021-01-26T14:00:00Z,1.0,75.0,2021-01-26,MarketResult_SEM-DA_PWR-MRC-D+1_20210125110000_20210125113127.csv
2021-01-26T15:00:00Z,1.0,75.83,2021-01-26,MarketResult_SEM-DA_PWR-MRC-D+1_20210125110000_20210125113127.csv
2021-01-26T16:00:00Z,1.0,93.1,2021-01-26,MarketResult_SEM-DA_PWR-MRC-D+1_20210125110000_20210125113127.csv
2021-01-26T17:00:00Z,1.0,140.55,2021-01-26,MarketResult_SEM-DA_PWR-MRC-D+1_20210125110000_20210125113127.csv
2021-01-26T18:00:00Z,1.0,117.64,2021-01-26,MarketResult_SEM-DA_PWR-MRC-D+1_20210125110000_20210125113127.csv
2021-01-26T19:00:00Z,1.0,89.04,2021-01-26,MarketResult_SEM-DA_PWR-MRC-D+1_20210125110000_20210125113127.csv
2021-01-26T20:00:00Z,1.0,78.0,2021-01-26,MarketResult_SEM-DA_PWR-MRC-D+1_20210125110000_20210125113127.csv
2021-01-26T21:00:00Z,1.0,73.41,2021-01-26,MarketResult_SEM-DA_PWR-MRC-D+1_20210125110000_20210125113127.csv
2021-01-26T22:00:00Z,1.0,70.26,2021-01-26,MarketResult_SEM-DA_PWR-MRC-D+1_20210125110000_20210125113127.csv
2021-01-26T23:00:00Z,1.0,67.1,2021-01-27,MarketResult_SEM-DA_PWR-MRC-D+1_20210126110000_20210126113223.csv
2021-01-27T00:00:00Z,1.0,64.56,2021-01-27,MarketResult_SEM-DA_PWR-MRC-D+1_20210126110000_20210126113223.csv
2021-01-27T01:00:00Z,1.0,64.87,2021-01-27,MarketResult_SEM-DA_PWR-MRC-D+1_20210126110000_20210126113223.csv
2021-01-27T02:00:00Z,1.0,62.36,2021-01-27,MarketResult_SEM-DA_PWR-MRC-D+1_20210126110000_20210126113223.csv
2021-01-27T03:00:00Z,1.0,60.05,2021-01-27,MarketResult_SEM-DA_PWR-MRC-D+1_20210126110000_20210126113223.csv
2021-01-27T04:00:00Z,1.0,62.0,2021-01-27,MarketResult_SEM-DA_PWR-MRC-D+1_20210126110000_20210126113223.csv
2021-01-27T05:00:00Z,1.0,63.37,2021-01-27,MarketResult_SEM-DA_PWR-MRC-D+1_20210126110000_20210126113223.csv
2021-01-27T06:00:00Z,1.0,69.51,2021-01-27,MarketResult_SEM-DA_PWR-MRC-D+1_20210126110000_20210126113223.csv
2021-01-27T07:00:00Z,1.0,77.21,2021-01-27,MarketResult_SEM-DA_PWR-MRC-D+1_20210126110000_20210126113223.csv
2021-01-27T08:00:00Z,1.0,81.49,2021-01-27,MarketResult_SEM-DA_PWR-MRC-D+1_20210126110000_20210126113223.csv
2021-01-27T09:00:00Z,1.0,85.54,2021-01-27,MarketResult_SEM-DA_PWR-MRC-D+1_20210126110000_20210126113223.csv
2021-01-27T10:00:00Z,1.0,87.41,2021-01-27,MarketResult_SEM-DA_PWR-MRC-D+1_20210126110000_20210126113223.csv
2021-01-27T11:00:00Z,1.0,89.0,2021-01-27,MarketResult_SEM-DA_PWR-MRC-D+1_20210126110000_20210126113223.csv
2021-01-27T12:00:00Z,1.0,95.7,2021-01-27,MarketResult_SEM-DA_PWR-MRC-D+1_20210126110000_20210126113223.csv
2021-01-27T13:00:00Z,1.0,96.0,2021-01-27,MarketResult_SEM-DA_PWR-MRC-D+1_20210126110000_20210126113223.csv
2021-01-27T14:00:00Z,1.0,91.76,2021-01-27,MarketResult_SEM-DA_PWR-MRC-D+1_20210126110000_20210126113223.csv
2021-01-27T15:00:00Z,1.0,90.36,2021-01-27,MarketResult_SEM-DA_PWR-MRC-D+1_20210126110000_20210126113223.csv
2021-01-27T16:00:00Z,1.0,103.72,2021-01-27,MarketResult_SEM-DA_PWR-MRC-D+1_20210126110000_20210126113223.csv
2021-01-27T17:00:00Z,1.0,179.04,2021-01-27,MarketResult_SEM-DA_PWR-MRC-D+1_20210126110000_20210126113223.csv
2021-01-27T18:00:00Z,1.0,115.0,2021-01-27,MarketResult_SEM-DA_PWR-MRC-D+1_20210126110000_20210126113223.csv
2021-01-27T19:00:00Z,1.0,81.0,2021-01-27,MarketResult_SEM-DA_PWR-MRC-D+1_20210126110000_20210126113223.csv
2021-01-27T20:00:00Z,1.0,64.0,2021-01-27,MarketResult_SEM-DA_PWR-MRC-D+1_20210126110000_20210126113223.csv
2021-01-27T21:00:00Z,1.0,64.92,2021-01-27,MarketResult_SEM-DA_PWR-MRC-D+1_20210126110000_20210126113223.csv
2021-01-27T22:00:00Z,1.0,61.0,2021-01-27,MarketResult_SEM-DA_PWR-MRC-D+1_20210126110000_20210126113223.csv
2021-01-27T23:00:00Z,1.0,62.68,2021-01-28,MarketResult_SEM-DA_PWR-MRC-D+1_20210127110000_20210127114105.csv
2021-01-28T00:00:00Z,1.0,57.9,2021-01-28,MarketResult_SEM-DA_PWR-MRC-D+1_20210127110000_20210127114105.csv
2021-01-28T01:00:00Z,1.0,52.75,2021-01-28,MarketResult_SEM-DA_PWR-MRC-D+1_20210127110000_20210127114105.csv
2021-01-28T02:00:00Z,1.0,49.35,2021-01-28,MarketResult_SEM-DA_PWR-MRC-D+1_20210127110000_20210127114105.csv
2021-01-28T03:00:00Z,1.0,39.62,2021-01-28,MarketResult_SEM-DA_PWR-MRC-D+1_20210127110000_20210127114105.csv
2021-01-28T04:00:00Z,1.0,38.05,2021-01-28,MarketResult_SEM-DA_PWR-MRC-D+1_20210127110000_20210127114105.csv
2021-01-28T05:00:00Z,1.0,46.63,2021-01-28,MarketResult_SEM-DA_PWR-MRC-D+1_20210127110000_20210127114105.csv
2021-01-28T06:00:00Z,1.0,57.9,2021-01-28,MarketResult_SEM-DA_PWR-MRC-D+1_20210127110000_20210127114105.csv
2021-01-28T07:00:00Z,1.0,58.15,2021-01-28,MarketResult_SEM-DA_PWR-MRC-D+1_20210127110000_20210127114105.csv
2021-01-28T08:00:00Z,1.0,65.56,2021-01-28,MarketResult_SEM-DA_PWR-MRC-D+1_20210127110000_20210127114105.csv
2021-01-28T09:00:00Z,1.0,68.56,2021-01-28,MarketResult_SEM-DA_PWR-MRC-D+1_20210127110000_20210127114105.csv
2021-01-28T10:00:00Z,1.0,68.64,2021-01-28,MarketResult_SEM-DA_PWR-MRC-D+1_20210127110000_20210127114105.csv
2021-01-28T11:00:00Z,1.0,66.43,2021-01-28,MarketResult_SEM-DA_PWR-MRC-D+1_20210127110000_20210127114105.csv
2021-01-28T12:00:00Z,1.0,68.64,2021-01-28,MarketResult_SEM-DA_PWR-MRC-D+1_20210127110000_20210127114105.csv
2021-01-28T13:00:00Z,1.0,66.47,2021-01-28,MarketResult_SEM-DA_PWR-MRC-D+1_20210127110000_20210127114105.csv
2021-01-28T14:00:00Z,1.0,65.42,2021-01-28,MarketResult_SEM-DA_PWR-MRC-D+1_20210127110000_20210127114105.csv
2021-01-28T15:00:00Z,1.0,65.6,2021-01-28,MarketResult_SEM-DA_PWR-MRC-D+1_20210127110000_20210127114105.csv
2021-01-28T16:00:00Z,1.0,75.33,2021-01-28,MarketResult_SEM-DA_PWR-MRC-D+1_20210127110000_20210127114105.csv
2021-01-28T17:00:00Z,1.0,99.0,2021-01-28,MarketResult_SEM-DA_PWR-MRC-D+1_20210127110000_20210127114105.csv
2021-01-28T18:00:00Z,1.0,85.78,2021-01-28,MarketResult_SEM-DA_PWR-MRC-D+1_20210127110000_20210127114105.csv
2021-01-28T19:00:00Z,1.0,67.67,2021-01-28,MarketResult_SEM-DA_PWR-MRC-D+1_20210127110000_20210127114105.csv
2021-01-28T20:00:00Z,1.0,61.0,2021-01-28,MarketResult_SEM-DA_PWR-MRC-D+1_20210127110000_20210127114105.csv
2021-01-28T21:00:00Z,1.0,61.92,2021-01-28,MarketResult_SEM-DA_PWR-MRC-D+1_20210127110000_20210127114105.csv
2021-01-28T22:00:00Z,1.0,58.11,2021-01-28,MarketResult_SEM-DA_PWR-MRC-D+1_20210127110000_20210127114105.csv
2021-01-28T23:00:00Z,1.0,57.23,2021-01-29,MarketResult_SEM-DA_PWR-MRC-D+1_20210128110000_20210128114007.csv
2021-01-29T00:00:00Z,1.0,53.93,2021-01-29,MarketResult_SEM-DA_PWR-MRC-D+1_20210128110000_20210128114007.csv
2021-01-29T01:00:00Z,1.0,50.0,2021-01-29,MarketResult_SEM-DA_PWR-MRC-D+1_20210128110000_20210128114007.csv
2021-01-29T02:00:00Z,1.0,43.89,2021-01-29,MarketResult_SEM-DA_PWR-MRC-D+1_20210128110000_20210128114007.csv
2021-01-29T03:00:00Z,1.0,35.97,2021-01-29,MarketResult_SEM-DA_PWR-MRC-D+1_20210128110000_20210128114007.csv
2021-01-29T04:00:00Z,1.0,32.38,2021-01-29,MarketResult_SEM-DA_PWR-MRC-D+1_20210128110000_20210128114007.csv
2021-01-29T05:00:00Z,1.0,42.82,2021-01-29,MarketResult_SEM-DA_PWR-MRC-D+1_20210128110000_20210128114007.csv
2021-01-29T06:00:00Z,1.0,53.27,2021-01-29,MarketResult_SEM-DA_PWR-MRC-D+1_20210128110000_20210128114007.csv
2021-01-29T07:00:00Z,1.0,52.42,2021-01-29,MarketResult_SEM-DA_PWR-MRC-D+1_20210128110000_20210128114007.csv
2021-01-29T08:00:00Z,1.0,57.2,2021-01-29,MarketResult_SEM-DA_PWR-MRC-D+1_20210128110000_20210128114007.csv
2021-01-29T09:00:00Z,1.0,69.57,2021-01-29,MarketResult_SEM-DA_PWR-MRC-D+1_20210128110000_20210128114007.csv
2021-01-29T10:00:00Z,1.0,79.13,2021-01-29,MarketResult_SEM-DA_PWR-MRC-D+1_20210128110000_20210128114007.csv
2021-01-29T11:00:00Z,1.0,74.25,2021-01-29,MarketResult_SEM-DA_PWR-MRC-D+1_20210128110000_20210128114007.csv
2021-01-29T12:00:00Z,1.0,86.0,2021-01-29,MarketResult_SEM-DA_PWR-MRC-D+1_20210128110000_20210128114007.csv
2021-01-29T13:00:00Z,1.0,91.54,2021-01-29,MarketResult_SEM-DA_PWR-MRC-D+1_20210128110000_20210128114007.csv
2021-01-29T14:00:00Z,1.0,85.18,2021-01-29,MarketResult_SEM-DA_PWR-MRC-D+1_20210128110000_20210128114007.csv
2021-01-29T15:00:00Z,1.0,82.54,2021-01-29,MarketResult_SEM-DA_PWR-MRC-D+1_20210128110000_20210128114007.csv
2021-01-29T16:00:00Z,1.0,89.0,2021-01-29,MarketResult_SEM-DA_PWR-MRC-D+1_20210128110000_20210128114007.csv
2021-01-29T17:00:00Z,1.0,120.4,2021-01-29,MarketResult_SEM-DA_PWR-MRC-D+1_20210128110000_20210128114007.csv
2021-01-29T18:00:00Z,1.0,92.4,2021-01-29,MarketResult_SEM-DA_PWR-MRC-D+1_20210128110000_20210128114007.csv
2021-01-29T19:00:00Z,1.0,61.28,2021-01-29,MarketResult_SEM-DA_PWR-MRC-D+1_20210128110000_20210128114007.csv
2021-01-29T20:00:00Z,1.0,55.68,2021-01-29,MarketResult_SEM-DA_PWR-MRC-D+1_20210128110000_20210128114007.csv
2021-01-29T21:00:00Z,1.0,54.54,2021-01-29,MarketResult_SEM-DA_PWR-MRC-D+1_20210128110000_20210128114007.csv
2021-01-29T22:00:00Z,1.0,48.31,2021-01-29,MarketResult_SEM-DA_PWR-MRC-D+1_20210128110000_20210128114007.csv
2021-01-29T23:00:00Z,1.0,47.8,2021-01-30,MarketResult_SEM-DA_PWR-MRC-D+1_20210129110000_20210129114203.csv
2021-01-30T00:00:00Z,1.0,21.62,2021-01-30,MarketResult_SEM-DA_PWR-MRC-D+1_20210129110000_20210129114203.csv
2021-01-30T01:00:00Z,1.0,19.43,2021-01-30,MarketResult_SEM-DA_PWR-MRC-D+1_20210129110000_20210129114203.csv
2021-01-30T02:00:00Z,1.0,15.91,2021-01-30,MarketResult_SEM-DA_PWR-MRC-D+1_20210129110000_20210129114203.csv
2021-01-30T03:00:00Z,1.0,15.0,2021-01-30,MarketResult_SEM-DA_PWR-MRC-D+1_20210129110000_20210129114203.csv
2021-01-30T04:00:00Z,1.0,8.8,2021-01-30,MarketResult_SEM-DA_PWR-MRC-D+1_20210129110000_20210129114203.csv
2021-01-30T05:00:00Z,1.0,5.07,2021-01-30,MarketResult_SEM-DA_PWR-MRC-D+1_20210129110000_20210129114203.csv
2021-01-30T06:00:00Z,1.0,0.0,2021-01-30,MarketResult_SEM-DA_PWR-MRC-D+1_20210129110000_20210129114203.csv
2021-01-30T07:00:00Z,1.0,8.0,2021-01-30,MarketResult_SEM-DA_PWR-MRC-D+1_20210129110000_20210129114203.csv
2021-01-30T08:00:00Z,1.0,19.54,2021-01-30,MarketResult_SEM-DA_PWR-MRC-D+1_20210129110000_20210129114203.csv
2021-01-30T09:00:00Z,1.0,50.0,2021-01-30,MarketResult_SEM-DA_PWR-MRC-D+1_20210129110000_20210129114203.csv
2021-01-30T10:00:00Z,1.0,57.62,2021-01-30,MarketResult_SEM-DA_PWR-MRC-D+1_20210129110000_20210129114203.csv
2021-01-30T11:00:00Z,1.0,58.0,2021-01-30,MarketResult_SEM-DA_PWR-MRC-D+1_20210129110000_20210129114203.csv
2021-01-30T12:00:00Z,1.0,60.01,2021-01-30,MarketResult_SEM-DA_PWR-MRC-D+1_20210129110000_20210129114203.csv
2021-01-30T13:00:00Z,1.0,60.01,2021-01-30,MarketResult_SEM-DA_PWR-MRC-D+1_20210129110000_20210129114203.csv
2021-01-30T14:00:00Z,1.0,56.16,2021-01-30,MarketResult_SEM-DA_PWR-MRC-D+1_20210129110000_20210129114203.csv
2021-01-30T15:00:00Z,1.0,56.16,2021-01-30,MarketResult_SEM-DA_PWR-MRC-D+1_20210129110000_20210129114203.csv
2021-01-30T16:00:00Z,1.0,62.37,2021-01-30,MarketResult_SEM-DA_PWR-MRC-D+1_20210129110000_20210129114203.csv
2021-01-30T17:00:00Z,1.0,95.0,2021-01-30,MarketResult_SEM-DA_PWR-MRC-D+1_20210129110000_20210129114203.csv
2021-01-30T18:00:00Z,1.0,96.0,2021-01-30,MarketResult_SEM-DA_PWR-MRC-D+1_20210129110000_20210129114203.csv
2021-01-30T19:00:00Z,1.0,77.98,2021-01-30,MarketResult_SEM-DA_PWR-MRC-D+1_20210129110000_20210129114203.csv
2021-01-30T20:00:00Z,1.0,70.36,2021-01-30,MarketResult_SEM-DA_PWR-MRC-D+1_20210129110000_20210129114203.csv
2021-01-30T21:00:00Z,1.0,66.99,2021-01-30,MarketResult_SEM-DA_PWR-MRC-D+1_20210129110000_20210129114203.csv
2021-01-30T22:00:00Z,1.0,62.61,2021-01-30,MarketResult_SEM-DA_PWR-MRC-D+1_20210129110000_20210129114203.csv
2021-01-30T23:00:00Z,1.0,63.42,2021-01-31,MarketResult_SEM-DA_PWR-MRC-D+1_20210130110000_20210130114023.csv
2021-01-31T00:00:00Z,1.0,61.44,2021-01-31,MarketResult_SEM-DA_PWR-MRC-D+1_20210130110000_20210130114023.csv
2021-01-31T01:00:00Z,1.0,58.13,2021-01-31,MarketResult_SEM-DA_PWR-MRC-D+1_20210130110000_20210130114023.csv
2021-01-31T02:00:00Z,1.0,54.89,2021-01-31,MarketResult_SEM-DA_PWR-MRC-D+1_20210130110000_20210130114023.csv
2021-01-31T03:00:00Z,1.0,49.9,2021-01-31,MarketResult_SEM-DA_PWR-MRC-D+1_20210130110000_20210130114023.csv
2021-01-31T04:00:00Z,1.0,43.97,2021-01-31,MarketResult_SEM-DA_PWR-MRC-D+1_20210130110000_20210130114023.csv
2021-01-31T05:00:00Z,1.0,41.78,2021-01-31,MarketResult_SEM-DA_PWR-MRC-D+1_20210130110000_20210130114023.csv
2021-01-31T06:00:00Z,1.0,41.0,2021-01-31,MarketResult_SEM-DA_PWR-MRC-D+1_20210130110000_20210130114023.csv
2021-01-31T07:00:00Z,1.0,43.0,2021-01-31,MarketResult_SEM-DA_PWR-MRC-D+1_20210130110000_20210130114023.csv
2021-01-31T08:00:00Z,1.0,43.43,2021-01-31,MarketResult_SEM-DA_PWR-MRC-D+1_20210130110000_20210130114023.csv
2021-01-31T09:00:00Z,1.0,53.0,2021-01-31,MarketResult_SEM-DA_PWR-MRC-D+1_20210130110000_20210130114023.csv
2021-01-31T10:00:00Z,1.0,59.18,2021-01-31,MarketResult_SEM-DA_PWR-MRC-D+1_20210130110000_20210130114023.csv
2021-01-31T11:00:00Z,1.0,61.68,2021-01-31,MarketResult_SEM-DA_PWR-MRC-D+1_20210130110000_20210130114023.csv
2021-01-31T12:00:00Z,1.0,65.79,2021-01-31,MarketResult_SEM-DA_PWR-MRC-D+1_20210130110000_20210130114023.csv
2021-01-31T13:00:00Z,1.0,65.79,2021-01-31,MarketResult_SEM-DA_PWR-MRC-D+1_20210130110000_20210130114023.csv
2021-01-31T14:00:00Z,1.0,63.75,2021-01-31,MarketResult_SEM-DA_PWR-MRC-D+1_20210130110000_20210130114023.csv
2021-01-31T15:00:00Z,1.0,59.18,2021-01-31,MarketResult_SEM-DA_PWR-MRC-D+1_20210130110000_20210130114023.csv
2021-01-31T16:00:00Z,1.0,68.15,2021-01-31,MarketResult_SEM-DA_PWR-MRC-D+1_20210130110000_20210130114023.csv
2021-01-31T17:00:00Z,1.0,100.0,2021-01-31,MarketResult_SEM-DA_PWR-MRC-D+1_20210130110000_20210130114023.csv
2021-01-31T18:00:00Z,1.0,90.0,2021-01-31,MarketResult_SEM-DA_PWR-MRC-D+1_20210130110000_20210130114023.csv
2021-01-31T19:00:00Z,1.0,66.0,2021-01-31,MarketResult_SEM-DA_PWR-MRC-D+1_20210130110000_20210130114023.csv
2021-01-31T20:00:00Z,1.0,63.4,2021-01-31,MarketResult_SEM-DA_PWR-MRC-D+1_20210130110000_20210130114023.csv
2021-01-31T21:00:00Z,1.0,61.12,2021-01-31,MarketResult_SEM-DA_PWR-MRC-D+1_20210130110000_20210130114023.csv
2021-01-31T22:00:00Z,1.0,55.72,2021-01-31,MarketResult_SEM-DA_PWR-MRC-D+1_20210130110000_20210130114023.csv
2021-01-31T23:00:00Z,1.0,63.29,2021-02-01,MarketResult_SEM-DA_PWR-MRC-D+1_20210131110000_20210131114120.csv
2021-02-01T00:00:00Z,1.0,62.92,2021-02-01,MarketResult_SEM-DA_PWR-MRC-D+1_20210131110000_20210131114120.csv
2021-02-01T01:00:00Z,1.0,63.29,2021-02-01,MarketResult_SEM-DA_PWR-MRC-D+1_20210131110000_20210131114120.csv
2021-02-01T02:00:00Z,1.0,62.94,2021-02-01,MarketResult_SEM-DA_PWR-MRC-D+1_20210131110000_20210131114120.csv
2021-02-01T03:00:00Z,1.0,61.32,2021-02-01,MarketResult_SEM-DA_PWR-MRC-D+1_20210131110000_20210131114120.csv
2021-02-01T04:00:00Z,1.0,62.99,2021-02-01,MarketResult_SEM-DA_PWR-MRC-D+1_20210131110000_20210131114120.csv
2021-02-01T05:00:00Z,1.0,67.64,2021-02-01,MarketResult_SEM-DA_PWR-MRC-D+1_20210131110000_20210131114120.csv
2021-02-01T06:00:00Z,1.0,70.45,2021-02-01,MarketResult_SEM-DA_PWR-MRC-D+1_20210131110000_20210131114120.csv
2021-02-01T07:00:00Z,1.0,72.63,2021-02-01,MarketResult_SEM-DA_PWR-MRC-D+1_20210131110000_20210131114120.csv
2021-02-01T08:00:00Z,1.0,80.25,2021-02-01,MarketResult_SEM-DA_PWR-MRC-D+1_20210131110000_20210131114120.csv
2021-02-01T09:00:00Z,1.0,90.28,2021-02-01,MarketResult_SEM-DA_PWR-MRC-D+1_20210131110000_20210131114120.csv
2021-02-01T10:00:00Z,1.0,92.14,2021-02-01,MarketResult_SEM-DA_PWR-MRC-D+1_20210131110000_20210131114120.csv
2021-02-01T11:00:00Z,1.0,94.7,2021-02-01,MarketResult_SEM-DA_PWR-MRC-D+1_20210131110000_20210131114120.csv
2021-02-01T12:00:00Z,1.0,98.1,2021-02-01,MarketResult_SEM-DA_PWR-MRC-D+1_20210131110000_20210131114120.csv
2021-02-01T13:00:00Z,1.0,94.22,2021-02-01,MarketResult_SEM-DA_PWR-MRC-D+1_20210131110000_20210131114120.csv
2021-02-01T14:00:00Z,1.0,85.19,2021-02-01,MarketResult_SEM-DA_PWR-MRC-D+1_20210131110000_20210131114120.csv
2021-02-01T15:00:00Z,1.0,82.79,2021-02-01,MarketResult_SEM-DA_PWR-MRC-D+1_20210131110000_20210131114120.csv
2021-02-01T16:00:00Z,1.0,99.0,2021-02-01,MarketResult_SEM-DA_PWR-MRC-D+1_20210131110000_20210131114120.csv
2021-02-01T17:00:00Z,1.0,158.0,2021-02-01,MarketResult_SEM-DA_PWR-MRC-D+1_20210131110000_20210131114120.csv
2021-02-01T18:00:00Z,1.0,117.0,2021-02-01,MarketResult_SEM-DA_PWR-MRC-D+1_20210131110000_20210131114120.csv
2021-02-01T19:00:00Z,1.0,73.0,2021-02-01,MarketResult_SEM-DA_PWR-MRC-D+1_20210131110000_20210131114120.csv
2021-02-01T20:00:00Z,1.0,58.7,2021-02-01,MarketResult_SEM-DA_PWR-MRC-D+1_20210131110000_20210131114120.csv
2021-02-01T21:00:00Z,1.0,61.33,2021-02-01,MarketResult_SEM-DA_PWR-MRC-D+1_20210131110000_20210131114120.csv
2021-02-01T22:00:00Z,1.0,55.0,2021-02-01,MarketResult_SEM-DA_PWR-MRC-D+1_20210131110000_20210131114120.csv
2021-02-01T23:00:00Z,1.0,59.26,2021-02-02,MarketResult_SEM-DA_PWR-MRC-D+1_20210201110000_20210201113213.csv
2021-02-02T00:00:00Z,1.0,56.0,2021-02-02,MarketResult_SEM-DA_PWR-MRC-D+1_20210201110000_20210201113213.csv
2021-02-02T01:00:00Z,1.0,52.53,2021-02-02,MarketResult_SEM-DA_PWR-MRC-D+1_20210201110000_20210201113213.csv
2021-02-02T02:00:00Z,1.0,46.06,2021-02-02,MarketResult_SEM-DA_PWR-MRC-D+1_20210201110000_20210201113213.csv
2021-02-02T03:00:00Z,1.0,34.68,2021-02-02,MarketResult_SEM-DA_PWR-MRC-D+1_20210201110000_20210201113213.csv
2021-02-02T04:00:00Z,1.0,33.51,2021-02-02,MarketResult_SEM-DA_PWR-MRC-D+1_20210201110000_20210201113213.csv
2021-02-02T05:00:00Z,1.0,44.5,2021-02-02,MarketResult_SEM-DA_PWR-MRC-D+1_20210201110000_20210201113213.csv
2021-02-02T06:00:00Z,1.0,55.63,2021-02-02,MarketResult_SEM-DA_PWR-MRC-D+1_20210201110000_20210201113213.csv
2021-02-02T07:00:00Z,1.0,56.98,2021-02-02,MarketResult_SEM-DA_PWR-MRC-D+1_20210201110000_20210201113213.csv
2021-02-02T08:00:00Z,1.0,61.0,2021-02-02,MarketResult_SEM-DA_PWR-MRC-D+1_20210201110000_20210201113213.csv
2021-02-02T09:00:00Z,1.0,63.58,2021-02-02,MarketResult_SEM-DA_PWR-MRC-D+1_20210201110000_20210201113213.csv
2021-02-02T10:00:00Z,1.0,64.91,2021-02-02,MarketResult_SEM-DA_PWR-MRC-D+1_20210201110000_20210201113213.csv
2021-02-02T11:00:00Z,1.0,63.11,2021-02-02,MarketResult_SEM-DA_PWR-MRC-D+1_20210201110000_20210201113213.csv
2021-02-02T12:00:00Z,1.0,66.95,2021-02-02,MarketResult_SEM-DA_PWR-MRC-D+1_20210201110000_20210201113213.csv
2021-02-02T13:00:00Z,1.0,65.0,2021-02-02,MarketResult_SEM-DA_PWR-MRC-D+1_20210201110000_20210201113213.csv
2021-02-02T14:00:00Z,1.0,60.17,2021-02-02,MarketResult_SEM-DA_PWR-MRC-D+1_20210201110000_20210201113213.csv
2021-02-02T15:00:00Z,1.0,60.1,2021-02-02,MarketResult_SEM-DA_PWR-MRC-D+1_20210201110000_20210201113213.csv
2021-02-02T16:00:00Z,1.0,72.0,2021-02-02,MarketResult_SEM-DA_PWR-MRC-D+1_20210201110000_20210201113213.csv
2021-02-02T17:00:00Z,1.0,90.0,2021-02-02,MarketResult_SEM-DA_PWR-MRC-D+1_20210201110000_20210201113213.csv
2021-02-02T18:00:00Z,1.0,83.0,2021-02-02,MarketResult_SEM-DA_PWR-MRC-D+1_20210201110000_20210201113213.csv
2021-02-02T19:00:00Z,1.0,66.95,2021-02-02,MarketResult_SEM-DA_PWR-MRC-D+1_20210201110000_20210201113213.csv
2021-02-02T20:00:00Z,1.0,60.7,2021-02-02,MarketResult_SEM-DA_PWR-MRC-D+1_20210201110000_20210201113213.csv
2021-02-02T21:00:00Z,1.0,57.0,2021-02-02,MarketResult_SEM-DA_PWR-MRC-D+1_20210201110000_20210201113213.csv
2021-02-02T22:00:00Z,1.0,55.38,2021-02-02,MarketResult_SEM-DA_PWR-MRC-D+1_20210201110000_20210201113213.csv
2021-02-02T23:00:00Z,1.0,49.93,2021-02-03,MarketResult_SEM-DA_PWR-MRC-D+1_20210202110000_20210202113202.csv
2021-02-03T00:00:00Z,1.0,47.0,2021-02-03,MarketResult_SEM-DA_PWR-MRC-D+1_20210202110000_20210202113202.csv
2021-02-03T01:00:00Z,1.0,47.8,2021-02-03,MarketResult_SEM-DA_PWR-MRC-D+1_20210202110000_20210202113202.csv
2021-02-03T02:00:00Z,1.0,45.35,2021-02-03,MarketResult_SEM-DA_PWR-MRC-D+1_20210202110000_20210202113202.csv
2021-02-03T03:00:00Z,1.0,40.0,2021-02-03,MarketResult_SEM-DA_PWR-MRC-D+1_20210202110000_20210202113202.csv
2021-02-03T04:00:00Z,1.0,43.0,2021-02-03,MarketResult_SEM-DA_PWR-MRC-D+1_20210202110000_20210202113202.csv
2021-02-03T05:00:00Z,1.0,50.21,2021-02-03,MarketResult_SEM-DA_PWR-MRC-D+1_20210202110000_20210202113202.csv
2021-02-03T06:00:00Z,1.0,56.99,2021-02-03,MarketResult_SEM-DA_PWR-MRC-D+1_20210202110000_20210202113202.csv
2021-02-03T07:00:00Z,1.0,58.54,2021-02-03,MarketResult_SEM-DA_PWR-MRC-D+1_20210202110000_20210202113202.csv
2021-02-03T08:00:00Z,1.0,65.3,2021-02-03,MarketResult_SEM-DA_PWR-MRC-D+1_20210202110000_20210202113202.csv
2021-02-03T09:00:00Z,1.0,71.7,2021-02-03,MarketResult_SEM-DA_PWR-MRC-D+1_20210202110000_20210202113202.csv
2021-02-03T10:00:00Z,1.0,72.43,2021-02-03,MarketResult_SEM-DA_PWR-MRC-D+1_20210202110000_20210202113202.csv
2021-02-03T11:00:00Z,1.0,71.86,2021-02-03,MarketResult_SEM-DA_PWR-MRC-D+1_20210202110000_20210202113202.csv
2021-02-03T12:00:00Z,1.0,74.92,2021-02-03,MarketResult_SEM-DA_PWR-MRC-D+1_20210202110000_20210202113202.csv
2021-02-03T13:00:00Z,1.0,71.0,2021-02-03,MarketResult_SEM-DA_PWR-MRC-D+1_20210202110000_20210202113202.csv
2021-02-03T14:00:00Z,1.0,60.3,2021-02-03,MarketResult_SEM-DA_PWR-MRC-D+1_20210202110000_20210202113202.csv
2021-02-03T15:00:00Z,1.0,61.24,2021-02-03,MarketResult_SEM-DA_PWR-MRC-D+1_20210202110000_20210202113202.csv
2021-02-03T16:00:00Z,1.0,72.3,2021-02-03,MarketResult_SEM-DA_PWR-MRC-D+1_20210202110000_20210202113202.csv
2021-02-03T17:00:00Z,1.0,92.0,2021-02-03,MarketResult_SEM-DA_PWR-MRC-D+1_20210202110000_20210202113202.csv
2021-02-03T18:00:00Z,1.0,88.57,2021-02-03,MarketResult_SEM-DA_PWR-MRC-D+1_20210202110000_20210202113202.csv
2021-02-03T19:00:00Z,1.0,70.62,2021-02-03,MarketResult_SEM-DA_PWR-MRC-D+1_20210202110000_20210202113202.csv
2021-02-03T20:00:00Z,1.0,62.0,2021-02-03,MarketResult_SEM-DA_PWR-MRC-D+1_20210202110000_20210202113202.csv
2021-02-03T21:00:00Z,1.0,61.0,2021-02-03,MarketResult_SEM-DA_PWR-MRC-D+1_20210202110000_20210202113202.csv
2021-02-03T22:00:00Z,1.0,57.17,2021-02-03,MarketResult_SEM-DA_PWR-MRC-D+1_20210202110000_20210202113202.csv
2021-02-03T23:00:00Z,1.0,47.0,2021-02-04,MarketResult_SEM-DA_PWR-MRC-D+1_20210203110000_20210203113426.csv
2021-02-04T00:00:00Z,1.0,44.4,2021-02-04,MarketResult_SEM-DA_PWR-MRC-D+1_20210203110000_20210203113426.csv
2021-02-04T01:00:00Z,1.0,44.0,2021-02-04,MarketResult_SEM-DA_PWR-MRC-D+1_20210203110000_20210203113426.csv
2021-02-04T02:00:00Z,1.0,43.82,2021-02-04,MarketResult_SEM-DA_PWR-MRC-D+1_20210203110000_20210203113426.csv
2021-02-04T03:00:00Z,1.0,42.76,2021-02-04,MarketResult_SEM-DA_PWR-MRC-D+1_20210203110000_20210203113426.csv
2021-02-04T04:00:00Z,1.0,43.82,2021-02-04,MarketResult_SEM-DA_PWR-MRC-D+1_20210203110000_20210203113426.csv
2021-02-04T05:00:00Z,1.0,47.86,2021-02-04,MarketResult_SEM-DA_PWR-MRC-D+1_20210203110000_20210203113426.csv
2021-02-04T06:00:00Z,1.0,57.84,2021-02-04,MarketResult_SEM-DA_PWR-MRC-D+1_20210203110000_20210203113426.csv
2021-02-04T07:00:00Z,1.0,61.31,2021-02-04,MarketResult_SEM-DA_PWR-MRC-D+1_20210203110000_20210203113426.csv
2021-02-04T08:00:00Z,1.0,66.46,2021-02-04,MarketResult_SEM-DA_PWR-MRC-D+1_20210203110000_20210203113426.csv
2021-02-04T09:00:00Z,1.0,75.19,2021-02-04,MarketResult_SEM-DA_PWR-MRC-D+1_20210203110000_20210203113426.csv
2021-02-04T10:00:00Z,1.0,74.51,2021-02-04,MarketResult_SEM-DA_PWR-MRC-D+1_20210203110000_20210203113426.csv
2021-02-04T11:00:00Z,1.0,73.9,2021-02-04,MarketResult_SEM-DA_PWR-MRC-D+1_20210203110000_20210203113426.csv
2021-02-04T12:00:00Z,1.0,82.53,2021-02-04,MarketResult_SEM-DA_PWR-MRC-D+1_20210203110000_20210203113426.csv
2021-02-04T13:00:00Z,1.0,80.0,2021-02-04,MarketResult_SEM-DA_PWR-MRC-D+1_20210203110000_20210203113426.csv
2021-02-04T14:00:00Z,1.0,70.53,2021-02-04,MarketResult_SEM-DA_PWR-MRC-D+1_20210203110000_20210203113426.csv
2021-02-04T15:00:00Z,1.0,71.26,2021-02-04,MarketResult_SEM-DA_PWR-MRC-D+1_20210203110000_20210203113426.csv
2021-02-04T16:00:00Z,1.0,86.42,2021-02-04,MarketResult_SEM-DA_PWR-MRC-D+1_20210203110000_20210203113426.csv
2021-02-04T17:00:00Z,1.0,109.0,2021-02-04,MarketResult_SEM-DA_PWR-MRC-D+1_20210203110000_20210203113426.csv
2021-02-04T18:00:00Z,1.0,106.64,2021-02-04,MarketResult_SEM-DA_PWR-MRC-D+1_20210203110000_20210203113426.csv
2021-02-04T19:00:00Z,1.0,85.45,2021-02-04,MarketResult_SEM-DA_PWR-MRC-D+1_20210203110000_20210203113426.csv
2021-02-04T20:00:00Z,1.0,72.9,2021-02-04,MarketResult_SEM-DA_PWR-MRC-D+1_20210203110000_20210203113426.csv
2021-02-04T21:00:00Z,1.0,67.51,2021-02-04,MarketResult_SEM-DA_PWR-MRC-D+1_20210203110000_20210203113426.csv
2021-02-04T22:00:00Z,1.0,63.95,2021-02-04,MarketResult_SEM-DA_PWR-MRC-D+1_20210203110000_20210203113426.csv
2021-02-04T23:00:00Z,1.0,65.49,2021-02-05,MarketResult_SEM-DA_PWR-MRC-D+1_20210204110000_20210204113105.csv
2021-02-05T00:00:00Z,1.0,60.59,2021-02-05,MarketResult_SEM-DA_PWR-MRC-D+1_20210204110000_20210204113105.csv
2021-02-05T01:00:00Z,1.0,58.87,2021-02-05,MarketResult_SEM-DA_PWR-MRC-D+1_20210204110000_20210204113105.csv
2021-02-05T02:00:00Z,1.0,57.71,2021-02-05,MarketResult_SEM-DA_PWR-MRC-D+1_20210204110000_20210204113105.csv
2021-02-05T03:00:00Z,1.0,53.84,2021-02-05,MarketResult_SEM-DA_PWR-MRC-D+1_20210204110000_20210204113105.csv
2021-02-05T04:00:00Z,1.0,53.03,2021-02-05,MarketResult_SEM-DA_PWR-MRC-D+1_20210204110000_20210204113105.csv
2021-02-05T05:00:00Z,1.0,56.19,2021-02-05,MarketResult_SEM-DA_PWR-MRC-D+1_20210204110000_20210204113105.csv
2021-02-05T06:00:00Z,1.0,63.0,2021-02-05,MarketResult_SEM-DA_PWR-MRC-D+1_20210204110000_20210204113105.csv
2021-02-05T07:00:00Z,1.0,64.57,2021-02-05,MarketResult_SEM-DA_PWR-MRC-D+1_20210204110000_20210204113105.csv
2021-02-05T08:00:00Z,1.0,72.0,2021-02-05,MarketResult_SEM-DA_PWR-MRC-D+1_20210204110000_20210204113105.csv
2021-02-05T09:00:00Z,1.0,78.95,2021-02-05,MarketResult_SEM-DA_PWR-MRC-D+1_20210204110000_20210204113105.csv
2021-02-05T10:00:00Z,1.0,78.09,2021-02-05,MarketResult_SEM-DA_PWR-MRC-D+1_20210204110000_20210204113105.csv
2021-02-05T11:00:00Z,1.0,79.21,2021-02-05,MarketResult_SEM-DA_PWR-MRC-D+1_20210204110000_20210204113105.csv
2021-02-05T12:00:00Z,1.0,84.42,2021-02-05,MarketResult_SEM-DA_PWR-MRC-D+1_20210204110000_20210204113105.csv
2021-02-05T13:00:00Z,1.0,81.32,2021-02-05,MarketResult_SEM-DA_PWR-MRC-D+1_20210204110000_20210204113105.csv
2021-02-05T14:00:00Z,1.0,72.6,2021-02-05,MarketResult_SEM-DA_PWR-MRC-D+1_20210204110000_20210204113105.csv
2021-02-05T15:00:00Z,1.0,75.09,2021-02-05,MarketResult_SEM-DA_PWR-MRC-D+1_20210204110000_20210204113105.csv
2021-02-05T16:00:00Z,1.0,87.28,2021-02-05,MarketResult_SEM-DA_PWR-MRC-D+1_20210204110000_20210204113105.csv
2021-02-05T17:00:00Z,1.0,118.8,2021-02-05,MarketResult_SEM-DA_PWR-MRC-D+1_20210204110000_20210204113105.csv
2021-02-05T18:00:00Z,1.0,111.7,2021-02-05,MarketResult_SEM-DA_PWR-MRC-D+1_20210204110000_20210204113105.csv
2021-02-05T19:00:00Z,1.0,90.28,2021-02-05,MarketResult_SEM-DA_PWR-MRC-D+1_20210204110000_20210204113105.csv
2021-02-05T20:00:00Z,1.0,81.93,2021-02-05,MarketResult_SEM-DA_PWR-MRC-D+1_20210204110000_20210204113105.csv
2021-02-05T21:00:00Z,1.0,75.19,2021-02-05,MarketResult_SEM-DA_PWR-MRC-D+1_20210204110000_20210204113105.csv
2021-02-05T22:00:00Z,1.0,68.07,2021-02-05,MarketResult_SEM-DA_PWR-MRC-D+1_20210204110000_20210204113105.csv
2021-02-05T23:00:00Z,1.0,77.0,2021-02-06,MarketResult_SEM-DA_PWR-MRC-D+1_20210205110000_20210205113145.csv
2021-02-06T00:00:00Z,1.0,72.86,2021-02-06,MarketResult_SEM-DA_PWR-MRC-D+1_20210205110000_20210205113145.csv
2021-02-06T01:00:00Z,1.0,70.57,2021-02-06,MarketResult_SEM-DA_PWR-MRC-D+1_20210205110000_20210205113145.csv
2021-02-06T02:00:00Z,1.0,60.29,2021-02-06,MarketResult_SEM-DA_PWR-MRC-D+1_20210205110000_20210205113145.csv
2021-02-06T03:00:00Z,1.0,55.46,2021-02-06,MarketResult_SEM-DA_PWR-MRC-D+1_20210205110000_20210205113145.csv
2021-02-06T04:00:00Z,1.0,54.63,2021-02-06,MarketResult_SEM-DA_PWR-MRC-D+1_20210205110000_20210205113145.csv
2021-02-06T05:00:00Z,1.0,53.66,2021-02-06,MarketResult_SEM-DA_PWR-MRC-D+1_20210205110000_20210205113145.csv
2021-02-06T06:00:00Z,1.0,55.36,2021-02-06,MarketResult_SEM-DA_PWR-MRC-D+1_20210205110000_20210205113145.csv
2021-02-06T07:00:00Z,1.0,56.14,2021-02-06,MarketResult_SEM-DA_PWR-MRC-D+1_20210205110000_20210205113145.csv
2021-02-06T08:00:00Z,1.0,56.53,2021-02-06,MarketResult_SEM-DA_PWR-MRC-D+1_20210205110000_20210205113145.csv
2021-02-06T09:00:00Z,1.0,65.17,2021-02-06,MarketResult_SEM-DA_PWR-MRC-D+1_20210205110000_20210205113145.csv
2021-02-06T10:00:00Z,1.0,70.14,2021-02-06,MarketResult_SEM-DA_PWR-MRC-D+1_20210205110000_20210205113145.csv
2021-02-06T11:00:00Z,1.0,70.25,2021-02-06,MarketResult_SEM-DA_PWR-MRC-D+1_20210205110000_20210205113145.csv
2021-02-06T12:00:00Z,1.0,77.49,2021-02-06,MarketResult_SEM-DA_PWR-MRC-D+1_20210205110000_20210205113145.csv
2021-02-06T13:00:00Z,1.0,72.73,2021-02-06,MarketResult_SEM-DA_PWR-MRC-D+1_20210205110000_20210205113145.csv
2021-02-06T14:00:00Z,1.0,63.0,2021-02-06,MarketResult_SEM-DA_PWR-MRC-D+1_20210205110000_20210205113145.csv
2021-02-06T15:00:00Z,1.0,61.72,2021-02-06,MarketResult_SEM-DA_PWR-MRC-D+1_20210205110000_20210205113145.csv
2021-02-06T16:00:00Z,1.0,71.0,2021-02-06,MarketResult_SEM-DA_PWR-MRC-D+1_20210205110000_20210205113145.csv
2021-02-06T17:00:00Z,1.0,102.5,2021-02-06,MarketResult_SEM-DA_PWR-MRC-D+1_20210205110000_20210205113145.csv
2021-02-06T18:00:00Z,1.0,94.38,2021-02-06,MarketResult_SEM-DA_PWR-MRC-D+1_20210205110000_20210205113145.csv
2021-02-06T19:00:00Z,1.0,70.0,2021-02-06,MarketResult_SEM-DA_PWR-MRC-D+1_20210205110000_20210205113145.csv
2021-02-06T20:00:00Z,1.0,61.25,2021-02-06,MarketResult_SEM-DA_PWR-MRC-D+1_20210205110000_20210205113145.csv
2021-02-06T21:00:00Z,1.0,60.49,2021-02-06,MarketResult_SEM-DA_PWR-MRC-D+1_20210205110000_20210205113145.csv
2021-02-06T22:00:00Z,1.0,55.09,2021-02-06,MarketResult_SEM-DA_PWR-MRC-D+1_20210205110000_20210205113145.csv
2021-02-06T23:00:00Z,1.0,55.0,2021-02-07,MarketResult_SEM-DA_PWR-MRC-D+1_20210206110000_20210206113221.csv
2021-02-07T00:00:00Z,1.0,52.2,2021-02-07,MarketResult_SEM-DA_PWR-MRC-D+1_20210206110000_20210206113221.csv
2021-02-07T01:00:00Z,1.0,50.41,2021-02-07,MarketResult_SEM-DA_PWR-MRC-D+1_20210206110000_20210206113221.csv
2021-02-07T02:00:00Z,1.0,41.36,2021-02-07,MarketResult_SEM-DA_PWR-MRC-D+1_20210206110000_20210206113221.csv
2021-02-07T03:00:00Z,1.0,23.69,2021-02-07,MarketResult_SEM-DA_PWR-MRC-D+1_20210206110000_20210206113221.csv
2021-02-07T04:00:00Z,1.0,19.17,2021-02-07,MarketResult_SEM-DA_PWR-MRC-D+1_20210206110000_20210206113221.csv
2021-02-07T05:00:00Z,1.0,18.79,2021-02-07,MarketResult_SEM-DA_PWR-MRC-D+1_20210206110000_20210206113221.csv
2021-02-07T06:00:00Z,1.0,21.0,2021-02-07,MarketResult_SEM-DA_PWR-MRC-D+1_20210206110000_20210206113221.csv
2021-02-07T07:00:00Z,1.0,21.0,2021-02-07,MarketResult_SEM-DA_PWR-MRC-D+1_20210206110000_20210206113221.csv
2021-02-07T08:00:00Z,1.0,37.49,2021-02-07,MarketResult_SEM-DA_PWR-MRC-D+1_20210206110000_20210206113221.csv
2021-02-07T09:00:00Z,1.0,49.95,2021-02-07,MarketResult_SEM-DA_PWR-MRC-D+1_20210206110000_20210206113221.csv
2021-02-07T10:00:00Z,1.0,55.44,2021-02-07,MarketResult_SEM-DA_PWR-MRC-D+1_20210206110000_20210206113221.csv
2021-02-07T11:00:00Z,1.0,53.05,2021-02-07,MarketResult_SEM-DA_PWR-MRC-D+1_20210206110000_20210206113221.csv
2021-02-07T12:00:00Z,1.0,59.62,2021-02-07,MarketResult_SEM-DA_PWR-MRC-D+1_20210206110000_20210206113221.csv
2021-02-07T13:00:00Z,1.0,59.12,2021-02-07,MarketResult_SEM-DA_PWR-MRC-D+1_20210206110000_20210206113221.csv
2021-02-07T14:00:00Z,1.0,54.09,2021-02-07,MarketResult_SEM-DA_PWR-MRC-D+1_20210206110000_20210206113221.csv
2021-02-07T15:00:00Z,1.0,50.32,2021-02-07,MarketResult_SEM-DA_PWR-MRC-D+1_20210206110000_20210206113221.csv
2021-02-07T16:00:00Z,1.0,57.31,2021-02-07,MarketResult_SEM-DA_PWR-MRC-D+1_20210206110000_20210206113221.csv
2021-02-07T17:00:00Z,1.0,90.19,2021-02-07,MarketResult_SEM-DA_PWR-MRC-D+1_20210206110000_20210206113221.csv
2021-02-07T18:00:00Z,1.0,84.05,2021-02-07,MarketResult_SEM-DA_PWR-MRC-D+1_20210206110000_20210206113221.csv
2021-02-07T19:00:00Z,1.0,66.73,2021-02-07,MarketResult_SEM-DA_PWR-MRC-D+1_20210206110000_20210206113221.csv
2021-02-07T20:00:00Z,1.0,53.91,2021-02-07,MarketResult_SEM-DA_PWR-MRC-D+1_20210206110000_20210206113221.csv
2021-02-07T21:00:00Z,1.0,53.0,2021-02-07,MarketResult_SEM-DA_PWR-MRC-D+1_20210206110000_20210206113221.csv
2021-02-07T22:00:00Z,1.0,37.61,2021-02-07,MarketResult_SEM-DA_PWR-MRC-D+1_20210206110000_20210206113221.csv
2021-02-07T23:00:00Z,1.0,30.36,2021-02-08,MarketResult_SEM-DA_PWR-MRC-D+1_20210207110000_20210207115933.csv
2021-02-08T00:00:00Z,1.0,28.41,2021-02-08,MarketResult_SEM-DA_PWR-MRC-D+1_20210207110000_20210207115933.csv
2021-02-08T01:00:00Z,1.0,30.03,2021-02-08,MarketResult_SEM-DA_PWR-MRC-D+1_20210207110000_20210207115933.csv
2021-02-08T02:00:00Z,1.0,23.69,2021-02-08,MarketResult_SEM-DA_PWR-MRC-D+1_20210207110000_20210207115933.csv
2021-02-08T03:00:00Z,1.0,19.17,2021-02-08,MarketResult_SEM-DA_PWR-MRC-D+1_20210207110000_20210207115933.csv
2021-02-08T04:00:00Z,1.0,22.0,2021-02-08,MarketResult_SEM-DA_PWR-MRC-D+1_20210207110000_20210207115933.csv
2021-02-08T05:00:00Z,1.0,30.97,2021-02-08,MarketResult_SEM-DA_PWR-MRC-D+1_20210207110000_20210207115933.csv
2021-02-08T06:00:00Z,1.0,47.11,2021-02-08,MarketResult_SEM-DA_PWR-MRC-D+1_20210207110000_20210207115933.csv
2021-02-08T07:00:00Z,1.0,55.0,2021-02-08,MarketResult_SEM-DA_PWR-MRC-D+1_20210207110000_20210207115933.csv
2021-02-08T08:00:00Z,1.0,61.5,2021-02-08,MarketResult_SEM-DA_PWR-MRC-D+1_20210207110000_20210207115933.csv
2021-02-08T09:00:00Z,1.0,65.8,2021-02-08,MarketResult_SEM-DA_PWR-MRC-D+1_20210207110000_20210207115933.csv
2021-02-08T10:00:00Z,1.0,63.16,2021-02-08,MarketResult_SEM-DA_PWR-MRC-D+1_20210207110000_20210207115933.csv
2021-02-08T11:00:00Z,1.0,60.18,2021-02-08,MarketResult_SEM-DA_PWR-MRC-D+1_20210207110000_20210207115933.csv
2021-02-08T12:00:00Z,1.0,61.82,2021-02-08,MarketResult_SEM-DA_PWR-MRC-D+1_20210207110000_20210207115933.csv
2021-02-08T13:00:00Z,1.0,63.16,2021-02-08,MarketResult_SEM-DA_PWR-MRC-D+1_20210207110000_20210207115933.csv
2021-02-08T14:00:00Z,1.0,59.0,2021-02-08,MarketResult_SEM-DA_PWR-MRC-D+1_20210207110000_20210207115933.csv
2021-02-08T15:00:00Z,1.0,55.98,2021-02-08,MarketResult_SEM-DA_PWR-MRC-D+1_20210207110000_20210207115933.csv
2021-02-08T16:00:00Z,1.0,66.21,2021-02-08,MarketResult_SEM-DA_PWR-MRC-D+1_20210207110000_20210207115933.csv
2021-02-08T17:00:00Z,1.0,97.78,2021-02-08,MarketResult_SEM-DA_PWR-MRC-D+1_20210207110000_20210207115933.csv
2021-02-08T18:00:00Z,1.0,94.78,2021-02-08,MarketResult_SEM-DA_PWR-MRC-D+1_20210207110000_20210207115933.csv
2021-02-08T19:00:00Z,1.0,71.46,2021-02-08,MarketResult_SEM-DA_PWR-MRC-D+1_20210207110000_20210207115933.csv
2021-02-08T20:00:00Z,1.0,59.44,2021-02-08,MarketResult_SEM-DA_PWR-MRC-D+1_20210207110000_20210207115933.csv
2021-02-08T21:00:00Z,1.0,55.37,2021-02-08,MarketResult_SEM-DA_PWR-MRC-D+1_20210207110000_20210207115933.csv
2021-02-08T22:00:00Z,1.0,46.0,2021-02-08,MarketResult_SEM-DA_PWR-MRC-D+1_20210207110000_20210207115933.csv
2021-02-08T23:00:00Z,1.0,53.86,2021-02-09,MarketResult_SEM-DA_PWR-MRC-D+1_20210208110000_20210208113253.csv
2021-02-09T00:00:00Z,1.0,49.99,2021-02-09,MarketResult_SEM-DA_PWR-MRC-D+1_20210208110000_20210208113253.csv
2021-02-09T01:00:00Z,1.0,49.68,2021-02-09,MarketResult_SEM-DA_PWR-MRC-D+1_20210208110000_20210208113253.csv
2021-02-09T02:00:00Z,1.0,47.19,2021-02-09,MarketResult_SEM-DA_PWR-MRC-D+1_20210208110000_20210208113253.csv
2021-02-09T03:00:00Z,1.0,44.0,2021-02-09,MarketResult_SEM-DA_PWR-MRC-D+1_20210208110000_20210208113253.csv
2021-02-09T04:00:00Z,1.0,44.87,2021-02-09,MarketResult_SEM-DA_PWR-MRC-D+1_20210208110000_20210208113253.csv
2021-02-09T05:00:00Z,1.0,48.12,2021-02-09,MarketResult_SEM-DA_PWR-MRC-D+1_20210208110000_20210208113253.csv
2021-02-09T06:00:00Z,1.0,57.0,2021-02-09,MarketResult_SEM-DA_PWR-MRC-D+1_20210208110000_20210208113253.csv
2021-02-09T07:00:00Z,1.0,66.11,2021-02-09,MarketResult_SEM-DA_PWR-MRC-D+1_20210208110000_20210208113253.csv
2021-02-09T08:00:00Z,1.0,68.06,2021-02-09,MarketResult_SEM-DA_PWR-MRC-D+1_20210208110000_20210208113253.csv
2021-02-09T09:00:00Z,1.0,78.82,2021-02-09,MarketResult_SEM-DA_PWR-MRC-D+1_20210208110000_20210208113253.csv
2021-02-09T10:00:00Z,1.0,74.06,2021-02-09,MarketResult_SEM-DA_PWR-MRC-D+1_20210208110000_20210208113253.csv
2021-02-09T11:00:00Z,1.0,68.78,2021-02-09,MarketResult_SEM-DA_PWR-MRC-D+1_20210208110000_20210208113253.csv
2021-02-09T12:00:00Z,1.0,68.0,2021-02-09,MarketResult_SEM-DA_PWR-MRC-D+1_20210208110000_20210208113253.csv
2021-02-09T13:00:00Z,1.0,65.0,2021-02-09,MarketResult_SEM-DA_PWR-MRC-D+1_20210208110000_20210208113253.csv
2021-02-09T14:00:00Z,1.0,65.0,2021-02-09,MarketResult_SEM-DA_PWR-MRC-D+1_20210208110000_20210208113253.csv
2021-02-09T15:00:00Z,1.0,63.4,2021-02-09,MarketResult_SEM-DA_PWR-MRC-D+1_20210208110000_20210208113253.csv
2021-02-09T16:00:00Z,1.0,74.89,2021-02-09,MarketResult_SEM-DA_PWR-MRC-D+1_20210208110000_20210208113253.csv
2021-02-09T17:00:00Z,1.0,109.7,2021-02-09,MarketResult_SEM-DA_PWR-MRC-D+1_20210208110000_20210208113253.csv
2021-02-09T18:00:00Z,1.0,105.33,2021-02-09,MarketResult_SEM-DA_PWR-MRC-D+1_20210208110000_20210208113253.csv
2021-02-09T19:00:00Z,1.0,87.05,2021-02-09,MarketResult_SEM-DA_PWR-MRC-D+1_20210208110000_20210208113253.csv
2021-02-09T20:00:00Z,1.0,74.99,2021-02-09,MarketResult_SEM-DA_PWR-MRC-D+1_20210208110000_20210208113253.csv
2021-02-09T21:00:00Z,1.0,67.0,2021-02-09,MarketResult_SEM-DA_PWR-MRC-D+1_20210208110000_20210208113253.csv
2021-02-09T22:00:00Z,1.0,58.6,2021-02-09,MarketResult_SEM-DA_PWR-MRC-D+1_20210208110000_20210208113253.csv
2021-02-09T23:00:00Z,1.0,57.07,2021-02-10,MarketResult_SEM-DA_PWR-MRC-D+1_20210209110000_20210209114035.csv
2021-02-10T00:00:00Z,1.0,56.0,2021-02-10,MarketResult_SEM-DA_PWR-MRC-D+1_20210209110000_20210209114035.csv
2021-02-10T01:00:00Z,1.0,56.0,2021-02-10,MarketResult_SEM-DA_PWR-MRC-D+1_20210209110000_20210209114035.csv
2021-02-10T02:00:00Z,1.0,55.89,2021-02-10,MarketResult_SEM-DA_PWR-MRC-D+1_20210209110000_20210209114035.csv
2021-02-10T03:00:00Z,1.0,55.86,2021-02-10,MarketResult_SEM-DA_PWR-MRC-D+1_20210209110000_20210209114035.csv
2021-02-10T04:00:00Z,1.0,55.1,2021-02-10,MarketResult_SEM-DA_PWR-MRC-D+1_20210209110000_20210209114035.csv
2021-02-10T05:00:00Z,1.0,60.49,2021-02-10,MarketResult_SEM-DA_PWR-MRC-D+1_20210209110000_20210209114035.csv
2021-02-10T06:00:00Z,1.0,70.19,2021-02-10,MarketResult_SEM-DA_PWR-MRC-D+1_20210209110000_20210209114035.csv
2021-02-10T07:00:00Z,1.0,82.63,2021-02-10,MarketResult_SEM-DA_PWR-MRC-D+1_20210209110000_20210209114035.csv
2021-02-10T08:00:00Z,1.0,89.11,2021-02-10,MarketResult_SEM-DA_PWR-MRC-D+1_20210209110000_20210209114035.csv
2021-02-10T09:00:00Z,1.0,92.04,2021-02-10,MarketResult_SEM-DA_PWR-MRC-D+1_20210209110000_20210209114035.csv
2021-02-10T10:00:00Z,1.0,92.04,2021-02-10,MarketResult_SEM-DA_PWR-MRC-D+1_20210209110000_20210209114035.csv
2021-02-10T11:00:00Z,1.0,87.83,2021-02-10,MarketResult_SEM-DA_PWR-MRC-D+1_20210209110000_20210209114035.csv
2021-02-10T12:00:00Z,1.0,86.52,2021-02-10,MarketResult_SEM-DA_PWR-MRC-D+1_20210209110000_20210209114035.csv
2021-02-10T13:00:00Z,1.0,87.2,2021-02-10,MarketResult_SEM-DA_PWR-MRC-D+1_20210209110000_20210209114035.csv
2021-02-10T14:00:00Z,1.0,89.79,2021-02-10,MarketResult_SEM-DA_PWR-MRC-D+1_20210209110000_20210209114035.csv
2021-02-10T15:00:00Z,1.0,92.04,2021-02-10,MarketResult_SEM-DA_PWR-MRC-D+1_20210209110000_20210209114035.csv
2021-02-10T16:00:00Z,1.0,121.45,2021-02-10,MarketResult_SEM-DA_PWR-MRC-D+1_20210209110000_20210209114035.csv
2021-02-10T17:00:00Z,1.0,335.52,2021-02-10,MarketResult_SEM-DA_PWR-MRC-D+1_20210209110000_20210209114035.csv
2021-02-10T18:00:00Z,1.0,251.25,2021-02-10,MarketResult_SEM-DA_PWR-MRC-D+1_20210209110000_20210209114035.csv
2021-02-10T19:00:00Z,1.0,128.43,2021-02-10,MarketResult_SEM-DA_PWR-MRC-D+1_20210209110000_20210209114035.csv
2021-02-10T20:00:00Z,1.0,89.42,2021-02-10,MarketResult_SEM-DA_PWR-MRC-D+1_20210209110000_20210209114035.csv
2021-02-10T21:00:00Z,1.0,72.78,2021-02-10,MarketResult_SEM-DA_PWR-MRC-D+1_20210209110000_20210209114035.csv
2021-02-10T22:00:00Z,1.0,63.81,2021-02-10,MarketResult_SEM-DA_PWR-MRC-D+1_20210209110000_20210209114035.csv
2021-02-10T23:00:00Z,1.0,56.65,2021-02-11,MarketResult_SEM-DA_PWR-MRC-D+1_20210210110000_20210210113218.csv
2021-02-11T00:00:00Z,1.0,54.33,2021-02-11,MarketResult_SEM-DA_PWR-MRC-D+1_20210210110000_20210210113218.csv
2021-02-11T01:00:00Z,1.0,50.0,2021-02-11,MarketResult_SEM-DA_PWR-MRC-D+1_20210210110000_20210210113218.csv
2021-02-11T02:00:00Z,1.0,44.81,2021-02-11,MarketResult_SEM-DA_PWR-MRC-D+1_20210210110000_20210210113218.csv
2021-02-11T03:00:00Z,1.0,38.8,2021-02-11,MarketResult_SEM-DA_PWR-MRC-D+1_20210210110000_20210210113218.csv
2021-02-11T04:00:00Z,1.0,31.49,2021-02-11,MarketResult_SEM-DA_PWR-MRC-D+1_20210210110000_20210210113218.csv
2021-02-11T05:00:00Z,1.0,35.0,2021-02-11,MarketResult_SEM-DA_PWR-MRC-D+1_20210210110000_20210210113218.csv
2021-02-11T06:00:00Z,1.0,45.3,2021-02-11,MarketResult_SEM-DA_PWR-MRC-D+1_20210210110000_20210210113218.csv
2021-02-11T07:00:00Z,1.0,60.67,2021-02-11,MarketResult_SEM-DA_PWR-MRC-D+1_20210210110000_20210210113218.csv
2021-02-11T08:00:00Z,1.0,64.76,2021-02-11,MarketResult_SEM-DA_PWR-MRC-D+1_20210210110000_20210210113218.csv
2021-02-11T09:00:00Z,1.0,64.76,2021-02-11,MarketResult_SEM-DA_PWR-MRC-D+1_20210210110000_20210210113218.csv
2021-02-11T10:00:00Z,1.0,59.95,2021-02-11,MarketResult_SEM-DA_PWR-MRC-D+1_20210210110000_20210210113218.csv
2021-02-11T11:00:00Z,1.0,56.25,2021-02-11,MarketResult_SEM-DA_PWR-MRC-D+1_20210210110000_20210210113218.csv
2021-02-11T12:00:00Z,1.0,56.25,2021-02-11,MarketResult_SEM-DA_PWR-MRC-D+1_20210210110000_20210210113218.csv
2021-02-11T13:00:00Z,1.0,55.0,2021-02-11,MarketResult_SEM-DA_PWR-MRC-D+1_20210210110000_20210210113218.csv
2021-02-11T14:00:00Z,1.0,55.0,2021-02-11,MarketResult_SEM-DA_PWR-MRC-D+1_20210210110000_20210210113218.csv
2021-02-11T15:00:00Z,1.0,55.2,2021-02-11,MarketResult_SEM-DA_PWR-MRC-D+1_20210210110000_20210210113218.csv
2021-02-11T16:00:00Z,1.0,63.5,2021-02-11,MarketResult_SEM-DA_PWR-MRC-D+1_20210210110000_20210210113218.csv
2021-02-11T17:00:00Z,1.0,86.2,2021-02-11,MarketResult_SEM-DA_PWR-MRC-D+1_20210210110000_20210210113218.csv
2021-02-11T18:00:00Z,1.0,81.0,2021-02-11,MarketResult_SEM-DA_PWR-MRC-D+1_20210210110000_20210210113218.csv
2021-02-11T19:00:00Z,1.0,64.76,2021-02-11,MarketResult_SEM-DA_PWR-MRC-D+1_20210210110000_20210210113218.csv
2021-02-11T20:00:00Z,1.0,57.83,2021-02-11,MarketResult_SEM-DA_PWR-MRC-D+1_20210210110000_20210210113218.csv
2021-02-11T21:00:00Z,1.0,53.88,2021-02-11,MarketResult_SEM-DA_PWR-MRC-D+1_20210210110000_20210210113218.csv
2021-02-11T22:00:00Z,1.0,44.0,2021-02-11,MarketResult_SEM-DA_PWR-MRC-D+1_20210210110000_20210210113218.csv
2021-02-11T23:00:00Z,1.0,0.36,2021-02-12,MarketResult_SEM-DA_PWR-MRC-D+1_20210211110000_20210211113758.csv
2021-02-12T00:00:00Z,1.0,-1.03,2021-02-12,MarketResult_SEM-DA_PWR-MRC-D+1_20210211110000_20210211113758.csv
2021-02-12T01:00:00Z,1.0,-4.48,2021-02-12,MarketResult_SEM-DA_PWR-MRC-D+1_20210211110000_20210211113758.csv
2021-02-12T02:00:00Z,1.0,-4.48,2021-02-12,MarketResult_SEM-DA_PWR-MRC-D+1_20210211110000_20210211113758.csv
2021-02-12T03:00:00Z,1.0,-4.48,2021-02-12,MarketResult_SEM-DA_PWR-MRC-D+1_20210211110000_20210211113758.csv
2021-02-12T04:00:00Z,1.0,-4.48,2021-02-12,MarketResult_SEM-DA_PWR-MRC-D+1_20210211110000_20210211113758.csv
2021-02-12T05:00:00Z,1.0,-5.0,2021-02-12,MarketResult_SEM-DA_PWR-MRC-D+1_20210211110000_20210211113758.csv
2021-02-12T06:00:00Z,1.0,-4.48,2021-02-12,MarketResult_SEM-DA_PWR-MRC-D+1_20210211110000_20210211113758.csv
2021-02-12T07:00:00Z,1.0,29.67,2021-02-12,MarketResult_SEM-DA_PWR-MRC-D+1_20210211110000_20210211113758.csv
2021-02-12T08:00:00Z,1.0,50.0,2021-02-12,MarketResult_SEM-DA_PWR-MRC-D+1_20210211110000_20210211113758.csv
2021-02-12T09:00:00Z,1.0,54.74,2021-02-12,MarketResult_SEM-DA_PWR-MRC-D+1_20210211110000_20210211113758.csv
2021-02-12T10:00:00Z,1.0,54.5,2021-02-12,MarketResult_SEM-DA_PWR-MRC-D+1_20210211110000_20210211113758.csv
2021-02-12T11:00:00Z,1.0,52.23,2021-02-12,MarketResult_SEM-DA_PWR-MRC-D+1_20210211110000_20210211113758.csv
2021-02-12T12:00:00Z,1.0,51.28,2021-02-12,MarketResult_SEM-DA_PWR-MRC-D+1_20210211110000_20210211113758.csv
2021-02-12T13:00:00Z,1.0,51.0,2021-02-12,MarketResult_SEM-DA_PWR-MRC-D+1_20210211110000_20210211113758.csv
2021-02-12T14:00:00Z,1.0,49.0,2021-02-12,MarketResult_SEM-DA_PWR-MRC-D+1_20210211110000_20210211113758.csv
2021-02-12T15:00:00Z,1.0,48.2,2021-02-12,MarketResult_SEM-DA_PWR-MRC-D+1_20210211110000_20210211113758.csv
2021-02-12T16:00:00Z,1.0,52.23,2021-02-12,MarketResult_SEM-DA_PWR-MRC-D+1_20210211110000_20210211113758.csv
2021-02-12T17:00:00Z,1.0,67.2,2021-02-12,MarketResult_SEM-DA_PWR-MRC-D+1_20210211110000_20210211113758.csv
2021-02-12T18:00:00Z,1.0,69.24,2021-02-12,MarketResult_SEM-DA_PWR-MRC-D+1_20210211110000_20210211113758.csv
2021-02-12T19:00:00Z,1.0,55.7,2021-02-12,MarketResult_SEM-DA_PWR-MRC-D+1_20210211110000_20210211113758.csv
2021-02-12T20:00:00Z,1.0,44.01,2021-02-12,MarketResult_SEM-DA_PWR-MRC-D+1_20210211110000_20210211113758.csv
2021-02-12T21:00:00Z,1.0,34.88,2021-02-12,MarketResult_SEM-DA_PWR-MRC-D+1_20210211110000_20210211113758.csv
2021-02-12T22:00:00Z,1.0,20.0,2021-02-12,MarketResult_SEM-DA_PWR-MRC-D+1_20210211110000_20210211113758.csv
2021-02-12T23:00:00Z,1.0,-5.27,2021-02-13,MarketResult_SEM-DA_PWR-MRC-D+1_20210212110000_20210212113123.csv
2021-02-13T00:00:00Z,1.0,-15.51,2021-02-13,MarketResult_SEM-DA_PWR-MRC-D+1_20210212110000_20210212113123.csv
2021-02-13T01:00:00Z,1.0,-15.0,2021-02-13,MarketResult_SEM-DA_PWR-MRC-D+1_20210212110000_20210212113123.csv
2021-02-13T02:00:00Z,1.0,-15.51,2021-02-13,MarketResult_SEM-DA_PWR-MRC-D+1_20210212110000_20210212113123.csv
2021-02-13T03:00:00Z,1.0,-15.76,2021-02-13,MarketResult_SEM-DA_PWR-MRC-D+1_20210212110000_20210212113123.csv
2021-02-13T04:00:00Z,1.0,-20.0,2021-02-13,MarketResult_SEM-DA_PWR-MRC-D+1_20210212110000_20210212113123.csv
2021-02-13T05:00:00Z,1.0,-20.0,2021-02-13,MarketResult_SEM-DA_PWR-MRC-D+1_20210212110000_20210212113123.csv
2021-02-13T06:00:00Z,1.0,-20.12,2021-02-13,MarketResult_SEM-DA_PWR-MRC-D+1_20210212110000_20210212113123.csv
2021-02-13T07:00:00Z,1.0,-12.53,2021-02-13,MarketResult_SEM-DA_PWR-MRC-D+1_20210212110000_20210212113123.csv
2021-02-13T08:00:00Z,1.0,30.0,2021-02-13,MarketResult_SEM-DA_PWR-MRC-D+1_20210212110000_20210212113123.csv
2021-02-13T09:00:00Z,1.0,55.71,2021-02-13,MarketResult_SEM-DA_PWR-MRC-D+1_20210212110000_20210212113123.csv
2021-02-13T10:00:00Z,1.0,60.0,2021-02-13,MarketResult_SEM-DA_PWR-MRC-D+1_20210212110000_20210212113123.csv
2021-02-13T11:00:00Z,1.0,64.0,2021-02-13,MarketResult_SEM-DA_PWR-MRC-D+1_20210212110000_20210212113123.csv
2021-02-13T12:00:00Z,1.0,66.72,2021-02-13,MarketResult_SEM-DA_PWR-MRC-D+1_20210212110000_20210212113123.csv
2021-02-13T13:00:00Z,1.0,64.56,2021-02-13,MarketResult_SEM-DA_PWR-MRC-D+1_20210212110000_20210212113123.csv
2021-02-13T14:00:00Z,1.0,55.83,2021-02-13,MarketResult_SEM-DA_PWR-MRC-D+1_20210212110000_20210212113123.csv
2021-02-13T15:00:00Z,1.0,51.0,2021-02-13,MarketResult_SEM-DA_PWR-MRC-D+1_20210212110000_20210212113123.csv
2021-02-13T16:00:00Z,1.0,55.0,2021-02-13,MarketResult_SEM-DA_PWR-MRC-D+1_20210212110000_20210212113123.csv
2021-02-13T17:00:00Z,1.0,71.0,2021-02-13,MarketResult_SEM-DA_PWR-MRC-D+1_20210212110000_20210212113123.csv
2021-02-13T18:00:00Z,1.0,71.23,2021-02-13,MarketResult_SEM-DA_PWR-MRC-D+1_20210212110000_20210212113123.csv
2021-02-13T19:00:00Z,1.0,59.0,2021-02-13,MarketResult_SEM-DA_PWR-MRC-D+1_20210212110000_20210212113123.csv
2021-02-13T20:00:00Z,1.0,52.0,2021-02-13,MarketResult_SEM-DA_PWR-MRC-D+1_20210212110000_20210212113123.csv
2021-02-13T21:00:00Z,1.0,42.0,2021-02-13,MarketResult_SEM-DA_PWR-MRC-D+1_20210212110000_20210212113123.csv
2021-02-13T22:00:00Z,1.0,19.0,2021-02-13,MarketResult_SEM-DA_PWR-MRC-D+1_20210212110000_20210212113123.csv
2021-02-13T23:00:00Z,1.0,-4.0,2021-02-14,MarketResult_SEM-DA_PWR-MRC-D+1_20210213110000_20210213112757.csv
2021-02-14T00:00:00Z,1.0,-20.0,2021-02-14,MarketResult_SEM-DA_PWR-MRC-D+1_20210213110000_20210213112757.csv
2021-02-14T01:00:00Z,1.0,-18.28,2021-02-14,MarketResult_SEM-DA_PWR-MRC-D+1_20210213110000_20210213112757.csv
2021-02-14T02:00:00Z,1.0,-20.0,2021-02-14,MarketResult_SEM-DA_PWR-MRC-D+1_20210213110000_20210213112757.csv
2021-02-14T03:00:00Z,1.0,-17.48,2021-02-14,MarketResult_SEM-DA_PWR-MRC-D+1_20210213110000_20210213112757.csv
2021-02-14T04:00:00Z,1.0,-20.0,2021-02-14,MarketResult_SEM-DA_PWR-MRC-D+1_20210213110000_20210213112757.csv
2021-02-14T05:00:00Z,1.0,-20.04,2021-02-14,MarketResult_SEM-DA_PWR-MRC-D+1_20210213110000_20210213112757.csv
2021-02-14T06:00:00Z,1.0,-20.43,2021-02-14,MarketResult_SEM-DA_PWR-MRC-D+1_20210213110000_20210213112757.csv
2021-02-14T07:00:00Z,1.0,-20.04,2021-02-14,MarketResult_SEM-DA_PWR-MRC-D+1_20210213110000_20210213112757.csv
2021-02-14T08:00:00Z,1.0,-5.0,2021-02-14,MarketResult_SEM-DA_PWR-MRC-D+1_20210213110000_20210213112757.csv
2021-02-14T09:00:00Z,1.0,25.0,2021-02-14,MarketResult_SEM-DA_PWR-MRC-D+1_20210213110000_20210213112757.csv
2021-02-14T10:00:00Z,1.0,45.78,2021-02-14,MarketResult_SEM-DA_PWR-MRC-D+1_20210213110000_20210213112757.csv
2021-02-14T11:00:00Z,1.0,45.78,2021-02-14,MarketResult_SEM-DA_PWR-MRC-D+1_20210213110000_20210213112757.csv
2021-02-14T12:00:00Z,1.0,58.0,2021-02-14,MarketResult_SEM-DA_PWR-MRC-D+1_20210213110000_20210213112757.csv
2021-02-14T13:00:00Z,1.0,54.35,2021-02-14,MarketResult_SEM-DA_PWR-MRC-D+1_20210213110000_20210213112757.csv
2021-02-14T14:00:00Z,1.0,53.98,2021-02-14,MarketResult_SEM-DA_PWR-MRC-D+1_20210213110000_20210213112757.csv
2021-02-14T15:00:00Z,1.0,47.38,2021-02-14,MarketResult_SEM-DA_PWR-MRC-D+1_20210213110000_20210213112757.csv
2021-02-14T16:00:00Z,1.0,58.51,2021-02-14,MarketResult_SEM-DA_PWR-MRC-D+1_20210213110000_20210213112757.csv
2021-02-14T17:00:00Z,1.0,91.05,2021-02-14,MarketResult_SEM-DA_PWR-MRC-D+1_20210213110000_20210213112757.csv
2021-02-14T18:00:00Z,1.0,86.77,2021-02-14,MarketResult_SEM-DA_PWR-MRC-D+1_20210213110000_20210213112757.csv
2021-02-14T19:00:00Z,1.0,75.13,2021-02-14,MarketResult_SEM-DA_PWR-MRC-D+1_20210213110000_20210213112757.csv
2021-02-14T20:00:00Z,1.0,63.21,2021-02-14,MarketResult_SEM-DA_PWR-MRC-D+1_20210213110000_20210213112757.csv
2021-02-14T21:00:00Z,1.0,63.0,2021-02-14,MarketResult_SEM-DA_PWR-MRC-D+1_20210213110000_20210213112757.csv
2021-02-14T22:00:00Z,1.0,46.34,2021-02-14,MarketResult_SEM-DA_PWR-MRC-D+1_20210213110000_20210213112757.csv
2021-02-14T23:00:00Z,1.0,43.27,2021-02-15,MarketResult_SEM-DA_PWR-MRC-D+1_20210214110000_20210214113100.csv
2021-02-15T00:00:00Z,1.0,38.31,2021-02-15,MarketResult_SEM-DA_PWR-MRC-D+1_20210214110000_20210214113100.csv
2021-02-15T01:00:00Z,1.0,40.5,2021-02-15,MarketResult_SEM-DA_PWR-MRC-D+1_20210214110000_20210214113100.csv
2021-02-15T02:00:00Z,1.0,36.62,2021-02-15,MarketResult_SEM-DA_PWR-MRC-D+1_20210214110000_20210214113100.csv
2021-02-15T03:00:00Z,1.0,30.89,2021-02-15,MarketResult_SEM-DA_PWR-MRC-D+1_20210214110000_20210214113100.csv
2021-02-15T04:00:00Z,1.0,33.0,2021-02-15,MarketResult_SEM-DA_PWR-MRC-D+1_20210214110000_20210214113100.csv
2021-02-15T05:00:00Z,1.0,42.0,2021-02-15,MarketResult_SEM-DA_PWR-MRC-D+1_20210214110000_20210214113100.csv
2021-02-15T06:00:00Z,1.0,40.97,2021-02-15,MarketResult_SEM-DA_PWR-MRC-D+1_20210214110000_20210214113100.csv
2021-02-15T07:00:00Z,1.0,58.16,2021-02-15,MarketResult_SEM-DA_PWR-MRC-D+1_20210214110000_20210214113100.csv
2021-02-15T08:00:00Z,1.0,62.7,2021-02-15,MarketResult_SEM-DA_PWR-MRC-D+1_20210214110000_20210214113100.csv
2021-02-15T09:00:00Z,1.0,70.4,2021-02-15,MarketResult_SEM-DA_PWR-MRC-D+1_20210214110000_20210214113100.csv
2021-02-15T10:00:00Z,1.0,68.51,2021-02-15,MarketResult_SEM-DA_PWR-MRC-D+1_20210214110000_20210214113100.csv
2021-02-15T11:00:00Z,1.0,65.33,2021-02-15,MarketResult_SEM-DA_PWR-MRC-D+1_20210214110000_20210214113100.csv
2021-02-15T12:00:00Z,1.0,68.44,2021-02-15,MarketResult_SEM-DA_PWR-MRC-D+1_20210214110000_20210214113100.csv
2021-02-15T13:00:00Z,1.0,61.97,2021-02-15,MarketResult_SEM-DA_PWR-MRC-D+1_20210214110000_20210214113100.csv
2021-02-15T14:00:00Z,1.0,59.0,2021-02-15,MarketResult_SEM-DA_PWR-MRC-D+1_20210214110000_20210214113100.csv
2021-02-15T15:00:00Z,1.0,59.1,2021-02-15,MarketResult_SEM-DA_PWR-MRC-D+1_20210214110000_20210214113100.csv
2021-02-15T16:00:00Z,1.0,70.53,2021-02-15,MarketResult_SEM-DA_PWR-MRC-D+1_20210214110000_20210214113100.csv
2021-02-15T17:00:00Z,1.0,101.3,2021-02-15,MarketResult_SEM-DA_PWR-MRC-D+1_20210214110000_20210214113100.csv
2021-02-15T18:00:00Z,1.0,99.9,2021-02-15,MarketResult_SEM-DA_PWR-MRC-D+1_20210214110000_20210214113100.csv
2021-02-15T19:00:00Z,1.0,69.68,2021-02-15,MarketResult_SEM-DA_PWR-MRC-D+1_20210214110000_20210214113100.csv
2021-02-15T20:00:00Z,1.0,49.99,2021-02-15,MarketResult_SEM-DA_PWR-MRC-D+1_20210214110000_20210214113100.csv
2021-02-15T21:00:00Z,1.0,52.43,2021-02-15,MarketResult_SEM-DA_PWR-MRC-D+1_20210214110000_20210214113100.csv
2021-02-15T22:00:00Z,1.0,35.0,2021-02-15,MarketResult_SEM-DA_PWR-MRC-D+1_20210214110000_20210214113100.csv
2021-02-15T23:00:00Z,1.0,-1.1,2021-02-16,MarketResult_SEM-DA_PWR-MRC-D+1_20210215110000_20210215113154.csv
2021-02-16T00:00:00Z,1.0,-11.45,2021-02-16,MarketResult_SEM-DA_PWR-MRC-D+1_20210215110000_20210215113154.csv
2021-02-16T01:00:00Z,1.0,-5.0,2021-02-16,MarketResult_SEM-DA_PWR-MRC-D+1_20210215110000_20210215113154.csv
2021-02-16T02:00:00Z,1.0,-10.0,2021-02-16,MarketResult_SEM-DA_PWR-MRC-D+1_20210215110000_20210215113154.csv
2021-02-16T03:00:00Z,1.0,-5.27,2021-02-16,MarketResult_SEM-DA_PWR-MRC-D+1_20210215110000_20210215113154.csv
2021-02-16T04:00:00Z,1.0,-2.37,2021-02-16,MarketResult_SEM-DA_PWR-MRC-D+1_20210215110000_20210215113154.csv
2021-02-16T05:00:00Z,1.0,0.0,2021-02-16,MarketResult_SEM-DA_PWR-MRC-D+1_20210215110000_20210215113154.csv
2021-02-16T06:00:00Z,1.0,33.2,2021-02-16,MarketResult_SEM-DA_PWR-MRC-D+1_20210215110000_20210215113154.csv
2021-02-16T07:00:00Z,1.0,59.1,2021-02-16,MarketResult_SEM-DA_PWR-MRC-D+1_20210215110000_20210215113154.csv
2021-02-16T08:00:00Z,1.0,64.4,2021-02-16,MarketResult_SEM-DA_PWR-MRC-D+1_20210215110000_20210215113154.csv
2021-02-16T09:00:00Z,1.0,68.83,2021-02-16,MarketResult_SEM-DA_PWR-MRC-D+1_20210215110000_20210215113154.csv
2021-02-16T10:00:00Z,1.0,70.21,2021-02-16,MarketResult_SEM-DA_PWR-MRC-D+1_20210215110000_20210215113154.csv
2021-02-16T11:00:00Z,1.0,71.69,2021-02-16,MarketResult_SEM-DA_PWR-MRC-D+1_20210215110000_20210215113154.csv
2021-02-16T12:00:00Z,1.0,73.71,2021-02-16,MarketResult_SEM-DA_PWR-MRC-D+1_20210215110000_20210215113154.csv
2021-02-16T13:00:00Z,1.0,69.0,2021-02-16,MarketResult_SEM-DA_PWR-MRC-D+1_20210215110000_20210215113154.csv
2021-02-16T14:00:00Z,1.0,64.83,2021-02-16,MarketResult_SEM-DA_PWR-MRC-D+1_20210215110000_20210215113154.csv
2021-02-16T15:00:00Z,1.0,68.76,2021-02-16,MarketResult_SEM-DA_PWR-MRC-D+1_20210215110000_20210215113154.csv
2021-02-16T16:00:00Z,1.0,76.15,2021-02-16,MarketResult_SEM-DA_PWR-MRC-D+1_20210215110000_20210215113154.csv
2021-02-16T17:00:00Z,1.0,108.0,2021-02-16,MarketResult_SEM-DA_PWR-MRC-D+1_20210215110000_20210215113154.csv
2021-02-16T18:00:00Z,1.0,109.5,2021-02-16,MarketResult_SEM-DA_PWR-MRC-D+1_20210215110000_20210215113154.csv
2021-02-16T19:00:00Z,1.0,76.24,2021-02-16,MarketResult_SEM-DA_PWR-MRC-D+1_20210215110000_20210215113154.csv
2021-02-16T20:00:00Z,1.0,59.02,2021-02-16,MarketResult_SEM-DA_PWR-MRC-D+1_20210215110000_20210215113154.csv
2021-02-16T21:00:00Z,1.0,53.0,2021-02-16,MarketResult_SEM-DA_PWR-MRC-D+1_20210215110000_20210215113154.csv
2021-02-16T22:00:00Z,1.0,52.0,2021-02-16,MarketResult_SEM-DA_PWR-MRC-D+1_20210215110000_20210215113154.csv
2021-02-16T23:00:00Z,1.0,33.1,2021-02-17,MarketResult_SEM-DA_PWR-MRC-D+1_20210216110000_20210216113049.csv
2021-02-17T00:00:00Z,1.0,15.5,2021-02-17,MarketResult_SEM-DA_PWR-MRC-D+1_20210216110000_20210216113049.csv
2021-02-17T01:00:00Z,1.0,12.0,2021-02-17,MarketResult_SEM-DA_PWR-MRC-D+1_20210216110000_20210216113049.csv
2021-02-17T02:00:00Z,1.0,4.01,2021-02-17,MarketResult_SEM-DA_PWR-MRC-D+1_20210216110000_20210216113049.csv
2021-02-17T03:00:00Z,1.0,2.5,2021-02-17,MarketResult_SEM-DA_PWR-MRC-D+1_20210216110000_20210216113049.csv
2021-02-17T04:00:00Z,1.0,9.04,2021-02-17,MarketResult_SEM-DA_PWR-MRC-D+1_20210216110000_20210216113049.csv
2021-02-17T05:00:00Z,1.0,16.0,2021-02-17,MarketResult_SEM-DA_PWR-MRC-D+1_20210216110000_20210216113049.csv
2021-02-17T06:00:00Z,1.0,39.6,2021-02-17,MarketResult_SEM-DA_PWR-MRC-D+1_20210216110000_20210216113049.csv
2021-02-17T07:00:00Z,1.0,57.5,2021-02-17,MarketResult_SEM-DA_PWR-MRC-D+1_20210216110000_20210216113049.csv
2021-02-17T08:00:00Z,1.0,56.08,2021-02-17,MarketResult_SEM-DA_PWR-MRC-D+1_20210216110000_20210216113049.csv
2021-02-17T09:00:00Z,1.0,57.7,2021-02-17,MarketResult_SEM-DA_PWR-MRC-D+1_20210216110000_20210216113049.csv
2021-02-17T10:00:00Z,1.0,56.28,2021-02-17,MarketResult_SEM-DA_PWR-MRC-D+1_20210216110000_20210216113049.csv
2021-02-17T11:00:00Z,1.0,56.69,2021-02-17,MarketResult_SEM-DA_PWR-MRC-D+1_20210216110000_20210216113049.csv
2021-02-17T12:00:00Z,1.0,59.16,2021-02-17,MarketResult_SEM-DA_PWR-MRC-D+1_20210216110000_20210216113049.csv
2021-02-17T13:00:00Z,1.0,56.15,2021-02-17,MarketResult_SEM-DA_PWR-MRC-D+1_20210216110000_20210216113049.csv
2021-02-17T14:00:00Z,1.0,57.13,2021-02-17,MarketResult_SEM-DA_PWR-MRC-D+1_20210216110000_20210216113049.csv
2021-02-17T15:00:00Z,1.0,57.0,2021-02-17,MarketResult_SEM-DA_PWR-MRC-D+1_20210216110000_20210216113049.csv
2021-02-17T16:00:00Z,1.0,66.94,2021-02-17,MarketResult_SEM-DA_PWR-MRC-D+1_20210216110000_20210216113049.csv
2021-02-17T17:00:00Z,1.0,98.06,2021-02-17,MarketResult_SEM-DA_PWR-MRC-D+1_20210216110000_20210216113049.csv
2021-02-17T18:00:00Z,1.0,110.34,2021-02-17,MarketResult_SEM-DA_PWR-MRC-D+1_20210216110000_20210216113049.csv
2021-02-17T19:00:00Z,1.0,86.28,2021-02-17,MarketResult_SEM-DA_PWR-MRC-D+1_20210216110000_20210216113049.csv
2021-02-17T20:00:00Z,1.0,72.0,2021-02-17,MarketResult_SEM-DA_PWR-MRC-D+1_20210216110000_20210216113049.csv
2021-02-17T21:00:00Z,1.0,65.46,2021-02-17,MarketResult_SEM-DA_PWR-MRC-D+1_20210216110000_20210216113049.csv
2021-02-17T22:00:00Z,1.0,57.0,2021-02-17,MarketResult_SEM-DA_PWR-MRC-D+1_20210216110000_20210216113049.csv
2021-02-17T23:00:00Z,1.0,66.0,2021-02-18,MarketResult_SEM-DA_PWR-MRC-D+1_20210217110000_20210217113058.csv
2021-02-18T00:00:00Z,1.0,57.47,2021-02-18,MarketResult_SEM-DA_PWR-MRC-D+1_20210217110000_20210217113058.csv
2021-02-18T01:00:00Z,1.0,56.0,2021-02-18,MarketResult_SEM-DA_PWR-MRC-D+1_20210217110000_20210217113058.csv
2021-02-18T02:00:00Z,1.0,47.0,2021-02-18,MarketResult_SEM-DA_PWR-MRC-D+1_20210217110000_20210217113058.csv
2021-02-18T03:00:00Z,1.0,42.74,2021-02-18,MarketResult_SEM-DA_PWR-MRC-D+1_20210217110000_20210217113058.csv
2021-02-18T04:00:00Z,1.0,42.3,2021-02-18,MarketResult_SEM-DA_PWR-MRC-D+1_20210217110000_20210217113058.csv
2021-02-18T05:00:00Z,1.0,42.3,2021-02-18,MarketResult_SEM-DA_PWR-MRC-D+1_20210217110000_20210217113058.csv
2021-02-18T06:00:00Z,1.0,51.81,2021-02-18,MarketResult_SEM-DA_PWR-MRC-D+1_20210217110000_20210217113058.csv
2021-02-18T07:00:00Z,1.0,54.26,2021-02-18,MarketResult_SEM-DA_PWR-MRC-D+1_20210217110000_20210217113058.csv
2021-02-18T08:00:00Z,1.0,56.59,2021-02-18,MarketResult_SEM-DA_PWR-MRC-D+1_20210217110000_20210217113058.csv
2021-02-18T09:00:00Z,1.0,63.02,2021-02-18,MarketResult_SEM-DA_PWR-MRC-D+1_20210217110000_20210217113058.csv
2021-02-18T10:00:00Z,1.0,62.0,2021-02-18,MarketResult_SEM-DA_PWR-MRC-D+1_20210217110000_20210217113058.csv
2021-02-18T11:00:00Z,1.0,60.73,2021-02-18,MarketResult_SEM-DA_PWR-MRC-D+1_20210217110000_20210217113058.csv
2021-02-18T12:00:00Z,1.0,63.02,2021-02-18,MarketResult_SEM-DA_PWR-MRC-D+1_20210217110000_20210217113058.csv
2021-02-18T13:00:00Z,1.0,59.98,2021-02-18,MarketResult_SEM-DA_PWR-MRC-D+1_20210217110000_20210217113058.csv
2021-02-18T14:00:00Z,1.0,55.0,2021-02-18,MarketResult_SEM-DA_PWR-MRC-D+1_20210217110000_20210217113058.csv
2021-02-18T15:00:00Z,1.0,56.05,2021-02-18,MarketResult_SEM-DA_PWR-MRC-D+1_20210217110000_20210217113058.csv
2021-02-18T16:00:00Z,1.0,65.21,2021-02-18,MarketResult_SEM-DA_PWR-MRC-D+1_20210217110000_20210217113058.csv
2021-02-18T17:00:00Z,1.0,91.76,2021-02-18,MarketResult_SEM-DA_PWR-MRC-D+1_20210217110000_20210217113058.csv
2021-02-18T18:00:00Z,1.0,100.16,2021-02-18,MarketResult_SEM-DA_PWR-MRC-D+1_20210217110000_20210217113058.csv
2021-02-18T19:00:00Z,1.0,79.9,2021-02-18,MarketResult_SEM-DA_PWR-MRC-D+1_20210217110000_20210217113058.csv
2021-02-18T20:00:00Z,1.0,58.0,2021-02-18,MarketResult_SEM-DA_PWR-MRC-D+1_20210217110000_20210217113058.csv
2021-02-18T21:00:00Z,1.0,53.22,2021-02-18,MarketResult_SEM-DA_PWR-MRC-D+1_20210217110000_20210217113058.csv
2021-02-18T22:00:00Z,1.0,45.0,2021-02-18,MarketResult_SEM-DA_PWR-MRC-D+1_20210217110000_20210217113058.csv
2021-02-18T23:00:00Z,1.0,19.74,2021-02-19,MarketResult_SEM-DA_PWR-MRC-D+1_20210218110000_20210218113436.csv
2021-02-19T00:00:00Z,1.0,4.05,2021-02-19,MarketResult_SEM-DA_PWR-MRC-D+1_20210218110000_20210218113436.csv
2021-02-19T01:00:00Z,1.0,-6.0,2021-02-19,MarketResult_SEM-DA_PWR-MRC-D+1_20210218110000_20210218113436.csv
2021-02-19T02:00:00Z,1.0,-10.0,2021-02-19,MarketResult_SEM-DA_PWR-MRC-D+1_20210218110000_20210218113436.csv
2021-02-19T03:00:00Z,1.0,-11.53,2021-02-19,MarketResult_SEM-DA_PWR-MRC-D+1_20210218110000_20210218113436.csv
2021-02-19T04:00:00Z,1.0,-11.53,2021-02-19,MarketResult_SEM-DA_PWR-MRC-D+1_20210218110000_20210218113436.csv
2021-02-19T05:00:00Z,1.0,-10.0,2021-02-19,MarketResult_SEM-DA_PWR-MRC-D+1_20210218110000_20210218113436.csv
2021-02-19T06:00:00Z,1.0,-4.0,2021-02-19,MarketResult_SEM-DA_PWR-MRC-D+1_20210218110000_20210218113436.csv
2021-02-19T07:00:00Z,1.0,22.41,2021-02-19,MarketResult_SEM-DA_PWR-MRC-D+1_20210218110000_20210218113436.csv
2021-02-19T08:00:00Z,1.0,39.99,2021-02-19,MarketResult_SEM-DA_PWR-MRC-D+1_20210218110000_20210218113436.csv
2021-02-19T09:00:00Z,1.0,49.0,2021-02-19,MarketResult_SEM-DA_PWR-MRC-D+1_20210218110000_20210218113436.csv
2021-02-19T10:00:00Z,1.0,51.32,2021-02-19,MarketResult_SEM-DA_PWR-MRC-D+1_20210218110000_20210218113436.csv
2021-02-19T11:00:00Z,1.0,53.0,2021-02-19,MarketResult_SEM-DA_PWR-MRC-D+1_20210218110000_20210218113436.csv
2021-02-19T12:00:00Z,1.0,58.82,2021-02-19,MarketResult_SEM-DA_PWR-MRC-D+1_20210218110000_20210218113436.csv
2021-02-19T13:00:00Z,1.0,54.07,2021-02-19,MarketResult_SEM-DA_PWR-MRC-D+1_20210218110000_20210218113436.csv
2021-02-19T14:00:00Z,1.0,51.0,2021-02-19,MarketResult_SEM-DA_PWR-MRC-D+1_20210218110000_20210218113436.csv
2021-02-19T15:00:00Z,1.0,49.01,2021-02-19,MarketResult_SEM-DA_PWR-MRC-D+1_20210218110000_20210218113436.csv
2021-02-19T16:00:00Z,1.0,57.2,2021-02-19,MarketResult_SEM-DA_PWR-MRC-D+1_20210218110000_20210218113436.csv
2021-02-19T17:00:00Z,1.0,80.73,2021-02-19,MarketResult_SEM-DA_PWR-MRC-D+1_20210218110000_20210218113436.csv
2021-02-19T18:00:00Z,1.0,85.0,2021-02-19,MarketResult_SEM-DA_PWR-MRC-D+1_20210218110000_20210218113436.csv
2021-02-19T19:00:00Z,1.0,80.25,2021-02-19,MarketResult_SEM-DA_PWR-MRC-D+1_20210218110000_20210218113436.csv
2021-02-19T20:00:00Z,1.0,66.6,2021-02-19,MarketResult_SEM-DA_PWR-MRC-D+1_20210218110000_20210218113436.csv
2021-02-19T21:00:00Z,1.0,59.65,2021-02-19,MarketResult_SEM-DA_PWR-MRC-D+1_20210218110000_20210218113436.csv
2021-02-19T22:00:00Z,1.0,47.19,2021-02-19,MarketResult_SEM-DA_PWR-MRC-D+1_20210218110000_20210218113436.csv
2021-02-19T23:00:00Z,1.0,59.9,2021-02-20,MarketResult_SEM-DA_PWR-MRC-D+1_20210219110000_20210219113017.csv
2021-02-20T00:00:00Z,1.0,56.75,2021-02-20,MarketResult_SEM-DA_PWR-MRC-D+1_20210219110000_20210219113017.csv
2021-02-20T01:00:00Z,1.0,55.51,2021-02-20,MarketResult_SEM-DA_PWR-MRC-D+1_20210219110000_20210219113017.csv
2021-02-20T02:00:00Z,1.0,47.07,2021-02-20,MarketResult_SEM-DA_PWR-MRC-D+1_20210219110000_20210219113017.csv
2021-02-20T03:00:00Z,1.0,43.68,2021-02-20,MarketResult_SEM-DA_PWR-MRC-D+1_20210219110000_20210219113017.csv
2021-02-20T04:00:00Z,1.0,40.32,2021-02-20,MarketResult_SEM-DA_PWR-MRC-D+1_20210219110000_20210219113017.csv
2021-02-20T05:00:00Z,1.0,39.7,2021-02-20,MarketResult_SEM-DA_PWR-MRC-D+1_20210219110000_20210219113017.csv
2021-02-20T06:00:00Z,1.0,40.22,2021-02-20,MarketResult_SEM-DA_PWR-MRC-D+1_20210219110000_20210219113017.csv
2021-02-20T07:00:00Z,1.0,39.7,2021-02-20,MarketResult_SEM-DA_PWR-MRC-D+1_20210219110000_20210219113017.csv
2021-02-20T08:00:00Z,1.0,50.8,2021-02-20,MarketResult_SEM-DA_PWR-MRC-D+1_20210219110000_20210219113017.csv
2021-02-20T09:00:00Z,1.0,55.0,2021-02-20,MarketResult_SEM-DA_PWR-MRC-D+1_20210219110000_20210219113017.csv
2021-02-20T10:00:00Z,1.0,55.12,2021-02-20,MarketResult_SEM-DA_PWR-MRC-D+1_20210219110000_20210219113017.csv
2021-02-20T11:00:00Z,1.0,51.0,2021-02-20,MarketResult_SEM-DA_PWR-MRC-D+1_20210219110000_20210219113017.csv
2021-02-20T12:00:00Z,1.0,54.0,2021-02-20,MarketResult_SEM-DA_PWR-MRC-D+1_20210219110000_20210219113017.csv
2021-02-20T13:00:00Z,1.0,51.89,2021-02-20,MarketResult_SEM-DA_PWR-MRC-D+1_20210219110000_20210219113017.csv
2021-02-20T14:00:00Z,1.0,40.02,2021-02-20,MarketResult_SEM-DA_PWR-MRC-D+1_20210219110000_20210219113017.csv
2021-02-20T15:00:00Z,1.0,40.0,2021-02-20,MarketResult_SEM-DA_PWR-MRC-D+1_20210219110000_20210219113017.csv
2021-02-20T16:00:00Z,1.0,53.22,2021-02-20,MarketResult_SEM-DA_PWR-MRC-D+1_20210219110000_20210219113017.csv
2021-02-20T17:00:00Z,1.0,76.12,2021-02-20,MarketResult_SEM-DA_PWR-MRC-D+1_20210219110000_20210219113017.csv
2021-02-20T18:00:00Z,1.0,80.0,2021-02-20,MarketResult_SEM-DA_PWR-MRC-D+1_20210219110000_20210219113017.csv
2021-02-20T19:00:00Z,1.0,69.39,2021-02-20,MarketResult_SEM-DA_PWR-MRC-D+1_20210219110000_20210219113017.csv
2021-02-20T20:00:00Z,1.0,54.01,2021-02-20,MarketResult_SEM-DA_PWR-MRC-D+1_20210219110000_20210219113017.csv
2021-02-20T21:00:00Z,1.0,42.29,2021-02-20,MarketResult_SEM-DA_PWR-MRC-D+1_20210219110000_20210219113017.csv
2021-02-20T22:00:00Z,1.0,25.53,2021-02-20,MarketResult_SEM-DA_PWR-MRC-D+1_20210219110000_20210219113017.csv
2021-02-20T23:00:00Z,1.0,-1.0,2021-02-21,MarketResult_SEM-DA_PWR-MRC-D+1_20210220110000_20210220113107.csv
2021-02-21T00:00:00Z,1.0,-5.0,2021-02-21,MarketResult_SEM-DA_PWR-MRC-D+1_20210220110000_20210220113107.csv
2021-02-21T01:00:00Z,1.0,-5.27,2021-02-21,MarketResult_SEM-DA_PWR-MRC-D+1_20210220110000_20210220113107.csv
2021-02-21T02:00:00Z,1.0,-3.0,2021-02-21,MarketResult_SEM-DA_PWR-MRC-D+1_20210220110000_20210220113107.csv
2021-02-21T03:00:00Z,1.0,-3.0,2021-02-21,MarketResult_SEM-DA_PWR-MRC-D+1_20210220110000_20210220113107.csv
2021-02-21T04:00:00Z,1.0,-1.32,2021-02-21,MarketResult_SEM-DA_PWR-MRC-D+1_20210220110000_20210220113107.csv
2021-02-21T05:00:00Z,1.0,-1.35,2021-02-21,MarketResult_SEM-DA_PWR-MRC-D+1_20210220110000_20210220113107.csv
2021-02-21T06:00:00Z,1.0,9.29,2021-02-21,MarketResult_SEM-DA_PWR-MRC-D+1_20210220110000_20210220113107.csv
2021-02-21T07:00:00Z,1.0,33.0,2021-02-21,MarketResult_SEM-DA_PWR-MRC-D+1_20210220110000_20210220113107.csv
2021-02-21T08:00:00Z,1.0,59.0,2021-02-21,MarketResult_SEM-DA_PWR-MRC-D+1_20210220110000_20210220113107.csv
2021-02-21T09:00:00Z,1.0,53.96,2021-02-21,MarketResult_SEM-DA_PWR-MRC-D+1_20210220110000_20210220113107.csv
2021-02-21T10:00:00Z,1.0,60.68,2021-02-21,MarketResult_SEM-DA_PWR-MRC-D+1_20210220110000_20210220113107.csv
2021-02-21T11:00:00Z,1.0,58.48,2021-02-21,MarketResult_SEM-DA_PWR-MRC-D+1_20210220110000_20210220113107.csv
2021-02-21T12:00:00Z,1.0,65.0,2021-02-21,MarketResult_SEM-DA_PWR-MRC-D+1_20210220110000_20210220113107.csv
2021-02-21T13:00:00Z,1.0,66.8,2021-02-21,MarketResult_SEM-DA_PWR-MRC-D+1_20210220110000_20210220113107.csv
2021-02-21T14:00:00Z,1.0,56.21,2021-02-21,MarketResult_SEM-DA_PWR-MRC-D+1_20210220110000_20210220113107.csv
2021-02-21T15:00:00Z,1.0,57.8,2021-02-21,MarketResult_SEM-DA_PWR-MRC-D+1_20210220110000_20210220113107.csv
2021-02-21T16:00:00Z,1.0,64.97,2021-02-21,MarketResult_SEM-DA_PWR-MRC-D+1_20210220110000_20210220113107.csv
2021-02-21T17:00:00Z,1.0,98.28,2021-02-21,MarketResult_SEM-DA_PWR-MRC-D+1_20210220110000_20210220113107.csv
2021-02-21T18:00:00Z,1.0,105.0,2021-02-21,MarketResult_SEM-DA_PWR-MRC-D+1_20210220110000_20210220113107.csv
2021-02-21T19:00:00Z,1.0,89.0,2021-02-21,MarketResult_SEM-DA_PWR-MRC-D+1_20210220110000_20210220113107.csv
2021-02-21T20:00:00Z,1.0,69.86,2021-02-21,MarketResult_SEM-DA_PWR-MRC-D+1_20210220110000_20210220113107.csv
2021-02-21T21:00:00Z,1.0,65.3,2021-02-21,MarketResult_SEM-DA_PWR-MRC-D+1_20210220110000_20210220113107.csv
2021-02-21T22:00:00Z,1.0,55.0,2021-02-21,MarketResult_SEM-DA_PWR-MRC-D+1_20210220110000_20210220113107.csv
2021-02-21T23:00:00Z,1.0,62.55,2021-02-22,MarketResult_SEM-DA_PWR-MRC-D+1_20210221110000_20210221113258.csv
2021-02-22T00:00:00Z,1.0,64.81,2021-02-22,MarketResult_SEM-DA_PWR-MRC-D+1_20210221110000_20210221113258.csv
2021-02-22T01:00:00Z,1.0,64.81,2021-02-22,MarketResult_SEM-DA_PWR-MRC-D+1_20210221110000_20210221113258.csv
2021-02-22T02:00:00Z,1.0,60.3,2021-02-22,MarketResult_SEM-DA_PWR-MRC-D+1_20210221110000_20210221113258.csv
2021-02-22T03:00:00Z,1.0,55.47,2021-02-22,MarketResult_SEM-DA_PWR-MRC-D+1_20210221110000_20210221113258.csv
2021-02-22T04:00:00Z,1.0,53.02,2021-02-22,MarketResult_SEM-DA_PWR-MRC-D+1_20210221110000_20210221113258.csv
2021-02-22T05:00:00Z,1.0,57.59,2021-02-22,MarketResult_SEM-DA_PWR-MRC-D+1_20210221110000_20210221113258.csv
2021-02-22T06:00:00Z,1.0,60.8,2021-02-22,MarketResult_SEM-DA_PWR-MRC-D+1_20210221110000_20210221113258.csv
2021-02-22T07:00:00Z,1.0,64.83,2021-02-22,MarketResult_SEM-DA_PWR-MRC-D+1_20210221110000_20210221113258.csv
2021-02-22T08:00:00Z,1.0,73.0,2021-02-22,MarketResult_SEM-DA_PWR-MRC-D+1_20210221110000_20210221113258.csv
2021-02-22T09:00:00Z,1.0,84.0,2021-02-22,MarketResult_SEM-DA_PWR-MRC-D+1_20210221110000_20210221113258.csv
2021-02-22T10:00:00Z,1.0,84.0,2021-02-22,MarketResult_SEM-DA_PWR-MRC-D+1_20210221110000_20210221113258.csv
2021-02-22T11:00:00Z,1.0,75.0,2021-02-22,MarketResult_SEM-DA_PWR-MRC-D+1_20210221110000_20210221113258.csv
2021-02-22T12:00:00Z,1.0,70.9,2021-02-22,MarketResult_SEM-DA_PWR-MRC-D+1_20210221110000_20210221113258.csv
2021-02-22T13:00:00Z,1.0,61.36,2021-02-22,MarketResult_SEM-DA_PWR-MRC-D+1_20210221110000_20210221113258.csv
2021-02-22T14:00:00Z,1.0,53.7,2021-02-22,MarketResult_SEM-DA_PWR-MRC-D+1_20210221110000_20210221113258.csv
2021-02-22T15:00:00Z,1.0,53.8,2021-02-22,MarketResult_SEM-DA_PWR-MRC-D+1_20210221110000_20210221113258.csv
2021-02-22T16:00:00Z,1.0,60.19,2021-02-22,MarketResult_SEM-DA_PWR-MRC-D+1_20210221110000_20210221113258.csv
2021-02-22T17:00:00Z,1.0,82.52,2021-02-22,MarketResult_SEM-DA_PWR-MRC-D+1_20210221110000_20210221113258.csv
2021-02-22T18:00:00Z,1.0,84.0,2021-02-22,MarketResult_SEM-DA_PWR-MRC-D+1_20210221110000_20210221113258.csv
2021-02-22T19:00:00Z,1.0,60.18,2021-02-22,MarketResult_SEM-DA_PWR-MRC-D+1_20210221110000_20210221113258.csv
2021-02-22T20:00:00Z,1.0,48.55,2021-02-22,MarketResult_SEM-DA_PWR-MRC-D+1_20210221110000_20210221113258.csv
2021-02-22T21:00:00Z,1.0,47.55,2021-02-22,MarketResult_SEM-DA_PWR-MRC-D+1_20210221110000_20210221113258.csv
2021-02-22T22:00:00Z,1.0,26.94,2021-02-22,MarketResult_SEM-DA_PWR-MRC-D+1_20210221110000_20210221113258.csv
2021-02-22T23:00:00Z,1.0,-0.68,2021-02-23,MarketResult_SEM-DA_PWR-MRC-D+1_20210222110000_20210222113113.csv
2021-02-23T00:00:00Z,1.0,-5.17,2021-02-23,MarketResult_SEM-DA_PWR-MRC-D+1_20210222110000_20210222113113.csv
2021-02-23T01:00:00Z,1.0,-15.0,2021-02-23,MarketResult_SEM-DA_PWR-MRC-D+1_20210222110000_20210222113113.csv
2021-02-23T02:00:00Z,1.0,-15.0,2021-02-23,MarketResult_SEM-DA_PWR-MRC-D+1_20210222110000_20210222113113.csv
2021-02-23T03:00:00Z,1.0,-11.0,2021-02-23,MarketResult_SEM-DA_PWR-MRC-D+1_20210222110000_20210222113113.csv
2021-02-23T04:00:00Z,1.0,-10.27,2021-02-23,MarketResult_SEM-DA_PWR-MRC-D+1_20210222110000_20210222113113.csv
2021-02-23T05:00:00Z,1.0,-6.0,2021-02-23,MarketResult_SEM-DA_PWR-MRC-D+1_20210222110000_20210222113113.csv
2021-02-23T06:00:00Z,1.0,0.0,2021-02-23,MarketResult_SEM-DA_PWR-MRC-D+1_20210222110000_20210222113113.csv
2021-02-23T07:00:00Z,1.0,38.67,2021-02-23,MarketResult_SEM-DA_PWR-MRC-D+1_20210222110000_20210222113113.csv
2021-02-23T08:00:00Z,1.0,45.0,2021-02-23,MarketResult_SEM-DA_PWR-MRC-D+1_20210222110000_20210222113113.csv
2021-02-23T09:00:00Z,1.0,58.2,2021-02-23,MarketResult_SEM-DA_PWR-MRC-D+1_20210222110000_20210222113113.csv
2021-02-23T10:00:00Z,1.0,56.0,2021-02-23,MarketResult_SEM-DA_PWR-MRC-D+1_20210222110000_20210222113113.csv
2021-02-23T11:00:00Z,1.0,57.03,2021-02-23,MarketResult_SEM-DA_PWR-MRC-D+1_20210222110000_20210222113113.csv
2021-02-23T12:00:00Z,1.0,56.0,2021-02-23,MarketResult_SEM-DA_PWR-MRC-D+1_20210222110000_20210222113113.csv
2021-02-23T13:00:00Z,1.0,48.29,2021-02-23,MarketResult_SEM-DA_PWR-MRC-D+1_20210222110000_20210222113113.csv
2021-02-23T14:00:00Z,1.0,46.7,2021-02-23,MarketResult_SEM-DA_PWR-MRC-D+1_20210222110000_20210222113113.csv
2021-02-23T15:00:00Z,1.0,47.46,2021-02-23,MarketResult_SEM-DA_PWR-MRC-D+1_20210222110000_20210222113113.csv
2021-02-23T16:00:00Z,1.0,48.76,2021-02-23,MarketResult_SEM-DA_PWR-MRC-D+1_20210222110000_20210222113113.csv
2021-02-23T17:00:00Z,1.0,67.76,2021-02-23,MarketResult_SEM-DA_PWR-MRC-D+1_20210222110000_20210222113113.csv
2021-02-23T18:00:00Z,1.0,76.0,2021-02-23,MarketResult_SEM-DA_PWR-MRC-D+1_20210222110000_20210222113113.csv
2021-02-23T19:00:00Z,1.0,59.8,2021-02-23,MarketResult_SEM-DA_PWR-MRC-D+1_20210222110000_20210222113113.csv
2021-02-23T20:00:00Z,1.0,48.0,2021-02-23,MarketResult_SEM-DA_PWR-MRC-D+1_20210222110000_20210222113113.csv
2021-02-23T21:00:00Z,1.0,43.7,2021-02-23,MarketResult_SEM-DA_PWR-MRC-D+1_20210222110000_20210222113113.csv
2021-02-23T22:00:00Z,1.0,31.45,2021-02-23,MarketResult_SEM-DA_PWR-MRC-D+1_20210222110000_20210222113113.csv
2021-02-23T23:00:00Z,1.0,0.0,2021-02-24,MarketResult_SEM-DA_PWR-MRC-D+1_20210223110000_20210223113402.csv
2021-02-24T00:00:00Z,1.0,-5.0,2021-02-24,MarketResult_SEM-DA_PWR-MRC-D+1_20210223110000_20210223113402.csv
2021-02-24T01:00:00Z,1.0,-10.0,2021-02-24,MarketResult_SEM-DA_PWR-MRC-D+1_20210223110000_20210223113402.csv
2021-02-24T02:00:00Z,1.0,-11.41,2021-02-24,MarketResult_SEM-DA_PWR-MRC-D+1_20210223110000_20210223113402.csv
2021-02-24T03:00:00Z,1.0,-6.0,2021-02-24,MarketResult_SEM-DA_PWR-MRC-D+1_20210223110000_20210223113402.csv
2021-02-24T04:00:00Z,1.0,-2.07,2021-02-24,MarketResult_SEM-DA_PWR-MRC-D+1_20210223110000_20210223113402.csv
2021-02-24T05:00:00Z,1.0,0.0,2021-02-24,MarketResult_SEM-DA_PWR-MRC-D+1_20210223110000_20210223113402.csv
2021-02-24T06:00:00Z,1.0,30.68,2021-02-24,MarketResult_SEM-DA_PWR-MRC-D+1_20210223110000_20210223113402.csv
2021-02-24T07:00:00Z,1.0,49.57,2021-02-24,MarketResult_SEM-DA_PWR-MRC-D+1_20210223110000_20210223113402.csv
2021-02-24T08:00:00Z,1.0,51.0,2021-02-24,MarketResult_SEM-DA_PWR-MRC-D+1_20210223110000_20210223113402.csv
2021-02-24T09:00:00Z,1.0,56.0,2021-02-24,MarketResult_SEM-DA_PWR-MRC-D+1_20210223110000_20210223113402.csv
2021-02-24T10:00:00Z,1.0,58.29,2021-02-24,MarketResult_SEM-DA_PWR-MRC-D+1_20210223110000_20210223113402.csv
2021-02-24T11:00:00Z,1.0,60.53,2021-02-24,MarketResult_SEM-DA_PWR-MRC-D+1_20210223110000_20210223113402.csv
2021-02-24T12:00:00Z,1.0,66.03,2021-02-24,MarketResult_SEM-DA_PWR-MRC-D+1_20210223110000_20210223113402.csv
2021-02-24T13:00:00Z,1.0,68.01,2021-02-24,MarketResult_SEM-DA_PWR-MRC-D+1_20210223110000_20210223113402.csv
2021-02-24T14:00:00Z,1.0,65.9,2021-02-24,MarketResult_SEM-DA_PWR-MRC-D+1_20210223110000_20210223113402.csv
2021-02-24T15:00:00Z,1.0,67.93,2021-02-24,MarketResult_SEM-DA_PWR-MRC-D+1_20210223110000_20210223113402.csv
2021-02-24T16:00:00Z,1.0,79.76,2021-02-24,MarketResult_SEM-DA_PWR-MRC-D+1_20210223110000_20210223113402.csv
2021-02-24T17:00:00Z,1.0,134.42,2021-02-24,MarketResult_SEM-DA_PWR-MRC-D+1_20210223110000_20210223113402.csv
2021-02-24T18:00:00Z,1.0,180.0,2021-02-24,MarketResult_SEM-DA_PWR-MRC-D+1_20210223110000_20210223113402.csv
2021-02-24T19:00:00Z,1.0,95.32,2021-02-24,MarketResult_SEM-DA_PWR-MRC-D+1_20210223110000_20210223113402.csv
2021-02-24T20:00:00Z,1.0,72.34,2021-02-24,MarketResult_SEM-DA_PWR-MRC-D+1_20210223110000_20210223113402.csv
2021-02-24T21:00:00Z,1.0,60.45,2021-02-24,MarketResult_SEM-DA_PWR-MRC-D+1_20210223110000_20210223113402.csv
2021-02-24T22:00:00Z,1.0,51.55,2021-02-24,MarketResult_SEM-DA_PWR-MRC-D+1_20210223110000_20210223113402.csv
2021-02-24T23:00:00Z,1.0,45.0,2021-02-25,MarketResult_SEM-DA_PWR-MRC-D+1_20210224110000_20210224113359.csv
2021-02-25T00:00:00Z,1.0,43.6,2021-02-25,MarketResult_SEM-DA_PWR-MRC-D+1_20210224110000_20210224113359.csv
2021-02-25T01:00:00Z,1.0,40.3,2021-02-25,MarketResult_SEM-DA_PWR-MRC-D+1_20210224110000_20210224113359.csv
2021-02-25T02:00:00Z,1.0,40.3,2021-02-25,MarketResult_SEM-DA_PWR-MRC-D+1_20210224110000_20210224113359.csv
2021-02-25T03:00:00Z,1.0,40.3,2021-02-25,MarketResult_SEM-DA_PWR-MRC-D+1_20210224110000_20210224113359.csv
2021-02-25T04:00:00Z,1.0,41.0,2021-02-25,MarketResult_SEM-DA_PWR-MRC-D+1_20210224110000_20210224113359.csv
2021-02-25T05:00:00Z,1.0,50.7,2021-02-25,MarketResult_SEM-DA_PWR-MRC-D+1_20210224110000_20210224113359.csv
2021-02-25T06:00:00Z,1.0,61.21,2021-02-25,MarketResult_SEM-DA_PWR-MRC-D+1_20210224110000_20210224113359.csv
2021-02-25T07:00:00Z,1.0,61.18,2021-02-25,MarketResult_SEM-DA_PWR-MRC-D+1_20210224110000_20210224113359.csv
2021-02-25T08:00:00Z,1.0,73.0,2021-02-25,MarketResult_SEM-DA_PWR-MRC-D+1_20210224110000_20210224113359.csv
2021-02-25T09:00:00Z,1.0,81.59,2021-02-25,MarketResult_SEM-DA_PWR-MRC-D+1_20210224110000_20210224113359.csv
2021-02-25T10:00:00Z,1.0,67.3,2021-02-25,MarketResult_SEM-DA_PWR-MRC-D+1_20210224110000_20210224113359.csv
2021-02-25T11:00:00Z,1.0,65.0,2021-02-25,MarketResult_SEM-DA_PWR-MRC-D+1_20210224110000_20210224113359.csv
2021-02-25T12:00:00Z,1.0,69.11,2021-02-25,MarketResult_SEM-DA_PWR-MRC-D+1_20210224110000_20210224113359.csv
2021-02-25T13:00:00Z,1.0,65.0,2021-02-25,MarketResult_SEM-DA_PWR-MRC-D+1_20210224110000_20210224113359.csv
2021-02-25T14:00:00Z,1.0,61.0,2021-02-25,MarketResult_SEM-DA_PWR-MRC-D+1_20210224110000_20210224113359.csv
2021-02-25T15:00:00Z,1.0,63.91,2021-02-25,MarketResult_SEM-DA_PWR-MRC-D+1_20210224110000_20210224113359.csv
2021-02-25T16:00:00Z,1.0,87.45,2021-02-25,MarketResult_SEM-DA_PWR-MRC-D+1_20210224110000_20210224113359.csv
2021-02-25T17:00:00Z,1.0,181.0,2021-02-25,MarketResult_SEM-DA_PWR-MRC-D+1_20210224110000_20210224113359.csv
2021-02-25T18:00:00Z,1.0,266.56,2021-02-25,MarketResult_SEM-DA_PWR-MRC-D+1_20210224110000_20210224113359.csv
2021-02-25T19:00:00Z,1.0,180.97,2021-02-25,MarketResult_SEM-DA_PWR-MRC-D+1_20210224110000_20210224113359.csv
2021-02-25T20:00:00Z,1.0,111.0,2021-02-25,MarketResult_SEM-DA_PWR-MRC-D+1_20210224110000_20210224113359.csv
2021-02-25T21:00:00Z,1.0,74.0,2021-02-25,MarketResult_SEM-DA_PWR-MRC-D+1_20210224110000_20210224113359.csv
2021-02-25T22:00:00Z,1.0,61.0,2021-02-25,MarketResult_SEM-DA_PWR-MRC-D+1_20210224110000_20210224113359.csv
2021-02-25T23:00:00Z,1.0,61.47,2021-02-26,MarketResult_SEM-DA_PWR-MRC-D+1_20210225110000_20210225113147.csv
2021-02-26T00:00:00Z,1.0,58.86,2021-02-26,MarketResult_SEM-DA_PWR-MRC-D+1_20210225110000_20210225113147.csv
2021-02-26T01:00:00Z,1.0,58.9,2021-02-26,MarketResult_SEM-DA_PWR-MRC-D+1_20210225110000_20210225113147.csv
2021-02-26T02:00:00Z,1.0,55.4,2021-02-26,MarketResult_SEM-DA_PWR-MRC-D+1_20210225110000_20210225113147.csv
2021-02-26T03:00:00Z,1.0,52.51,2021-02-26,MarketResult_SEM-DA_PWR-MRC-D+1_20210225110000_20210225113147.csv
2021-02-26T04:00:00Z,1.0,47.86,2021-02-26,MarketResult_SEM-DA_PWR-MRC-D+1_20210225110000_20210225113147.csv
2021-02-26T05:00:00Z,1.0,51.01,2021-02-26,MarketResult_SEM-DA_PWR-MRC-D+1_20210225110000_20210225113147.csv
2021-02-26T06:00:00Z,1.0,56.52,2021-02-26,MarketResult_SEM-DA_PWR-MRC-D+1_20210225110000_20210225113147.csv
2021-02-26T07:00:00Z,1.0,67.91,2021-02-26,MarketResult_SEM-DA_PWR-MRC-D+1_20210225110000_20210225113147.csv
2021-02-26T08:00:00Z,1.0,76.44,2021-02-26,MarketResult_SEM-DA_PWR-MRC-D+1_20210225110000_20210225113147.csv
2021-02-26T09:00:00Z,1.0,77.35,2021-02-26,MarketResult_SEM-DA_PWR-MRC-D+1_20210225110000_20210225113147.csv
2021-02-26T10:00:00Z,1.0,67.8,2021-02-26,MarketResult_SEM-DA_PWR-MRC-D+1_20210225110000_20210225113147.csv
2021-02-26T11:00:00Z,1.0,56.0,2021-02-26,MarketResult_SEM-DA_PWR-MRC-D+1_20210225110000_20210225113147.csv
2021-02-26T12:00:00Z,1.0,54.11,2021-02-26,MarketResult_SEM-DA_PWR-MRC-D+1_20210225110000_20210225113147.csv
2021-02-26T13:00:00Z,1.0,51.0,2021-02-26,MarketResult_SEM-DA_PWR-MRC-D+1_20210225110000_20210225113147.csv
2021-02-26T14:00:00Z,1.0,47.61,2021-02-26,MarketResult_SEM-DA_PWR-MRC-D+1_20210225110000_20210225113147.csv
2021-02-26T15:00:00Z,1.0,48.7,2021-02-26,MarketResult_SEM-DA_PWR-MRC-D+1_20210225110000_20210225113147.csv
2021-02-26T16:00:00Z,1.0,56.23,2021-02-26,MarketResult_SEM-DA_PWR-MRC-D+1_20210225110000_20210225113147.csv
2021-02-26T17:00:00Z,1.0,80.03,2021-02-26,MarketResult_SEM-DA_PWR-MRC-D+1_20210225110000_20210225113147.csv
2021-02-26T18:00:00Z,1.0,96.67,2021-02-26,MarketResult_SEM-DA_PWR-MRC-D+1_20210225110000_20210225113147.csv
2021-02-26T19:00:00Z,1.0,74.4,2021-02-26,MarketResult_SEM-DA_PWR-MRC-D+1_20210225110000_20210225113147.csv
2021-02-26T20:00:00Z,1.0,57.45,2021-02-26,MarketResult_SEM-DA_PWR-MRC-D+1_20210225110000_20210225113147.csv
2021-02-26T21:00:00Z,1.0,55.98,2021-02-26,MarketResult_SEM-DA_PWR-MRC-D+1_20210225110000_20210225113147.csv
2021-02-26T22:00:00Z,1.0,51.0,2021-02-26,MarketResult_SEM-DA_PWR-MRC-D+1_20210225110000_20210225113147.csv
2021-02-26T23:00:00Z,1.0,59.0,2021-02-27,MarketResult_SEM-DA_PWR-MRC-D+1_20210226110000_20210226113220.csv
2021-02-27T00:00:00Z,1.0,56.81,2021-02-27,MarketResult_SEM-DA_PWR-MRC-D+1_20210226110000_20210226113220.csv
2021-02-27T01:00:00Z,1.0,56.26,2021-02-27,MarketResult_SEM-DA_PWR-MRC-D+1_20210226110000_20210226113220.csv
2021-02-27T02:00:00Z,1.0,56.0,2021-02-27,MarketResult_SEM-DA_PWR-MRC-D+1_20210226110000_20210226113220.csv
2021-02-27T03:00:00Z,1.0,56.93,2021-02-27,MarketResult_SEM-DA_PWR-MRC-D+1_20210226110000_20210226113220.csv
2021-02-27T04:00:00Z,1.0,57.37,2021-02-27,MarketResult_SEM-DA_PWR-MRC-D+1_20210226110000_20210226113220.csv
2021-02-27T05:00:00Z,1.0,56.73,2021-02-27,MarketResult_SEM-DA_PWR-MRC-D+1_20210226110000_20210226113220.csv
2021-02-27T06:00:00Z,1.0,65.0,2021-02-27,MarketResult_SEM-DA_PWR-MRC-D+1_20210226110000_20210226113220.csv
2021-02-27T07:00:00Z,1.0,66.45,2021-02-27,MarketResult_SEM-DA_PWR-MRC-D+1_20210226110000_20210226113220.csv
2021-02-27T08:00:00Z,1.0,78.6,2021-02-27,MarketResult_SEM-DA_PWR-MRC-D+1_20210226110000_20210226113220.csv
2021-02-27T09:00:00Z,1.0,85.19,2021-02-27,MarketResult_SEM-DA_PWR-MRC-D+1_20210226110000_20210226113220.csv
2021-02-27T10:00:00Z,1.0,89.68,2021-02-27,MarketResult_SEM-DA_PWR-MRC-D+1_20210226110000_20210226113220.csv
2021-02-27T11:00:00Z,1.0,89.68,2021-02-27,MarketResult_SEM-DA_PWR-MRC-D+1_20210226110000_20210226113220.csv
2021-02-27T12:00:00Z,1.0,85.28,2021-02-27,MarketResult_SEM-DA_PWR-MRC-D+1_20210226110000_20210226113220.csv
2021-02-27T13:00:00Z,1.0,87.71,2021-02-27,MarketResult_SEM-DA_PWR-MRC-D+1_20210226110000_20210226113220.csv
2021-02-27T14:00:00Z,1.0,80.0,2021-02-27,MarketResult_SEM-DA_PWR-MRC-D+1_20210226110000_20210226113220.csv
2021-02-27T15:00:00Z,1.0,85.49,2021-02-27,MarketResult_SEM-DA_PWR-MRC-D+1_20210226110000_20210226113220.csv
2021-02-27T16:00:00Z,1.0,94.96,2021-02-27,MarketResult_SEM-DA_PWR-MRC-D+1_20210226110000_20210226113220.csv
2021-02-27T17:00:00Z,1.0,145.0,2021-02-27,MarketResult_SEM-DA_PWR-MRC-D+1_20210226110000_20210226113220.csv
2021-02-27T18:00:00Z,1.0,190.0,2021-02-27,MarketResult_SEM-DA_PWR-MRC-D+1_20210226110000_20210226113220.csv
2021-02-27T19:00:00Z,1.0,141.52,2021-02-27,MarketResult_SEM-DA_PWR-MRC-D+1_20210226110000_20210226113220.csv
2021-02-27T20:00:00Z,1.0,107.07,2021-02-27,MarketResult_SEM-DA_PWR-MRC-D+1_20210226110000_20210226113220.csv
2021-02-27T21:00:00Z,1.0,89.75,2021-02-27,MarketResult_SEM-DA_PWR-MRC-D+1_20210226110000_20210226113220.csv
2021-02-27T22:00:00Z,1.0,74.0,2021-02-27,MarketResult_SEM-DA_PWR-MRC-D+1_20210226110000_20210226113220.csv
2021-02-27T23:00:00Z,1.0,81.0,2021-02-28,MarketResult_SEM-DA_PWR-MRC-D+1_20210227110000_20210227113105.csv
2021-02-28T00:00:00Z,1.0,78.0,2021-02-28,MarketResult_SEM-DA_PWR-MRC-D+1_20210227110000_20210227113105.csv
2021-02-28T01:00:00Z,1.0,74.0,2021-02-28,MarketResult_SEM-DA_PWR-MRC-D+1_20210227110000_20210227113105.csv
2021-02-28T02:00:00Z,1.0,65.0,2021-02-28,MarketResult_SEM-DA_PWR-MRC-D+1_20210227110000_20210227113105.csv
2021-02-28T03:00:00Z,1.0,62.0,2021-02-28,MarketResult_SEM-DA_PWR-MRC-D+1_20210227110000_20210227113105.csv
2021-02-28T04:00:00Z,1.0,61.55,2021-02-28,MarketResult_SEM-DA_PWR-MRC-D+1_20210227110000_20210227113105.csv
2021-02-28T05:00:00Z,1.0,59.73,2021-02-28,MarketResult_SEM-DA_PWR-MRC-D+1_20210227110000_20210227113105.csv
2021-02-28T06:00:00Z,1.0,60.02,2021-02-28,MarketResult_SEM-DA_PWR-MRC-D+1_20210227110000_20210227113105.csv
2021-02-28T07:00:00Z,1.0,59.97,2021-02-28,MarketResult_SEM-DA_PWR-MRC-D+1_20210227110000_20210227113105.csv
2021-02-28T08:00:00Z,1.0,65.59,2021-02-28,MarketResult_SEM-DA_PWR-MRC-D+1_20210227110000_20210227113105.csv
2021-02-28T09:00:00Z,1.0,73.8,2021-02-28,MarketResult_SEM-DA_PWR-MRC-D+1_20210227110000_20210227113105.csv
2021-02-28T10:00:00Z,1.0,78.71,2021-02-28,MarketResult_SEM-DA_PWR-MRC-D+1_20210227110000_20210227113105.csv
2021-02-28T11:00:00Z,1.0,75.0,2021-02-28,MarketResult_SEM-DA_PWR-MRC-D+1_20210227110000_20210227113105.csv
2021-02-28T12:00:00Z,1.0,84.26,2021-02-28,MarketResult_SEM-DA_PWR-MRC-D+1_20210227110000_20210227113105.csv
2021-02-28T13:00:00Z,1.0,80.0,2021-02-28,MarketResult_SEM-DA_PWR-MRC-D+1_20210227110000_20210227113105.csv
2021-02-28T14:00:00Z,1.0,68.64,2021-02-28,MarketResult_SEM-DA_PWR-MRC-D+1_20210227110000_20210227113105.csv
2021-02-28T15:00:00Z,1.0,67.49,2021-02-28,MarketResult_SEM-DA_PWR-MRC-D+1_20210227110000_20210227113105.csv
2021-02-28T16:00:00Z,1.0,77.0,2021-02-28,MarketResult_SEM-DA_PWR-MRC-D+1_20210227110000_20210227113105.csv
2021-02-28T17:00:00Z,1.0,122.0,2021-02-28,MarketResult_SEM-DA_PWR-MRC-D+1_20210227110000_20210227113105.csv
2021-02-28T18:00:00Z,1.0,132.1,2021-02-28,MarketResult_SEM-DA_PWR-MRC-D+1_20210227110000_20210227113105.csv
2021-02-28T19:00:00Z,1.0,107.38,2021-02-28,MarketResult_SEM-DA_PWR-MRC-D+1_20210227110000_20210227113105.csv
2021-02-28T20:00:00Z,1.0,78.6,2021-02-28,MarketResult_SEM-DA_PWR-MRC-D+1_20210227110000_20210227113105.csv
2021-02-28T21:00:00Z,1.0,66.0,2021-02-28,MarketResult_SEM-DA_PWR-MRC-D+1_20210227110000_20210227113105.csv
2021-02-28T22:00:00Z,1.0,60.33,2021-02-28,MarketResult_SEM-DA_PWR-MRC-D+1_20210227110000_20210227113105.csv
2021-02-28T23:00:00Z,1.0,65.2,2021-03-01,MarketResult_SEM-DA_PWR-MRC-D+1_20210228110000_20210228113156.csv
2021-03-01T00:00:00Z,1.0,61.7,2021-03-01,MarketResult_SEM-DA_PWR-MRC-D+1_20210228110000_20210228113156.csv
2021-03-01T01:00:00Z,1.0,61.7,2021-03-01,MarketResult_SEM-DA_PWR-MRC-D+1_20210228110000_20210228113156.csv
2021-03-01T02:00:00Z,1.0,59.56,2021-03-01,MarketResult_SEM-DA_PWR-MRC-D+1_20210228110000_20210228113156.csv
2021-03-01T03:00:00Z,1.0,58.07,2021-03-01,MarketResult_SEM-DA_PWR-MRC-D+1_20210228110000_20210228113156.csv
2021-03-01T04:00:00Z,1.0,56.18,2021-03-01,MarketResult_SEM-DA_PWR-MRC-D+1_20210228110000_20210228113156.csv
2021-03-01T05:00:00Z,1.0,59.7,2021-03-01,MarketResult_SEM-DA_PWR-MRC-D+1_20210228110000_20210228113156.csv
2021-03-01T06:00:00Z,1.0,69.5,2021-03-01,MarketResult_SEM-DA_PWR-MRC-D+1_20210228110000_20210228113156.csv
2021-03-01T07:00:00Z,1.0,76.44,2021-03-01,MarketResult_SEM-DA_PWR-MRC-D+1_20210228110000_20210228113156.csv
2021-03-01T08:00:00Z,1.0,85.8,2021-03-01,MarketResult_SEM-DA_PWR-MRC-D+1_20210228110000_20210228113156.csv
2021-03-01T09:00:00Z,1.0,89.3,2021-03-01,MarketResult_SEM-DA_PWR-MRC-D+1_20210228110000_20210228113156.csv
2021-03-01T10:00:00Z,1.0,87.84,2021-03-01,MarketResult_SEM-DA_PWR-MRC-D+1_20210228110000_20210228113156.csv
2021-03-01T11:00:00Z,1.0,85.0,2021-03-01,MarketResult_SEM-DA_PWR-MRC-D+1_20210228110000_20210228113156.csv
2021-03-01T12:00:00Z,1.0,84.66,2021-03-01,MarketResult_SEM-DA_PWR-MRC-D+1_20210228110000_20210228113156.csv
2021-03-01T13:00:00Z,1.0,78.34,2021-03-01,MarketResult_SEM-DA_PWR-MRC-D+1_20210228110000_20210228113156.csv
2021-03-01T14:00:00Z,1.0,68.35,2021-03-01,MarketResult_SEM-DA_PWR-MRC-D+1_20210228110000_20210228113156.csv
2021-03-01T15:00:00Z,1.0,68.51,2021-03-01,MarketResult_SEM-DA_PWR-MRC-D+1_20210228110000_20210228113156.csv
2021-03-01T16:00:00Z,1.0,88.0,2021-03-01,MarketResult_SEM-DA_PWR-MRC-D+1_20210228110000_20210228113156.csv
2021-03-01T17:00:00Z,1.0,156.64,2021-03-01,MarketResult_SEM-DA_PWR-MRC-D+1_20210228110000_20210228113156.csv
2021-03-01T18:00:00Z,1.0,229.19,2021-03-01,MarketResult_SEM-DA_PWR-MRC-D+1_20210228110000_20210228113156.csv
2021-03-01T19:00:00Z,1.0,150.77,2021-03-01,MarketResult_SEM-DA_PWR-MRC-D+1_20210228110000_20210228113156.csv
2021-03-01T20:00:00Z,1.0,88.89,2021-03-01,MarketResult_SEM-DA_PWR-MRC-D+1_20210228110000_20210228113156.csv
2021-03-01T21:00:00Z,1.0,75.94,2021-03-01,MarketResult_SEM-DA_PWR-MRC-D+1_20210228110000_20210228113156.csv
2021-03-01T22:00:00Z,1.0,64.22,2021-03-01,MarketResult_SEM-DA_PWR-MRC-D+1_20210228110000_20210228113156.csv
2021-03-01T23:00:00Z,1.0,72.77,2021-03-02,MarketResult_SEM-DA_PWR-MRC-D+1_20210301110000_20210301113115.csv
2021-03-02T00:00:00Z,1.0,68.06,2021-03-02,MarketResult_SEM-DA_PWR-MRC-D+1_20210301110000_20210301113115.csv
2021-03-02T01:00:00Z,1.0,68.06,2021-03-02,MarketResult_SEM-DA_PWR-MRC-D+1_20210301110000_20210301113115.csv
2021-03-02T02:00:00Z,1.0,65.0,2021-03-02,MarketResult_SEM-DA_PWR-MRC-D+1_20210301110000_20210301113115.csv
2021-03-02T03:00:00Z,1.0,64.6,2021-03-02,MarketResult_SEM-DA_PWR-MRC-D+1_20210301110000_20210301113115.csv
2021-03-02T04:00:00Z,1.0,64.4,2021-03-02,MarketResult_SEM-DA_PWR-MRC-D+1_20210301110000_20210301113115.csv
2021-03-02T05:00:00Z,1.0,69.94,2021-03-02,MarketResult_SEM-DA_PWR-MRC-D+1_20210301110000_20210301113115.csv
2021-03-02T06:00:00Z,1.0,75.65,2021-03-02,MarketResult_SEM-DA_PWR-MRC-D+1_20210301110000_20210301113115.csv
2021-03-02T07:00:00Z,1.0,86.39,2021-03-02,MarketResult_SEM-DA_PWR-MRC-D+1_20210301110000_20210301113115.csv
2021-03-02T08:00:00Z,1.0,93.43,2021-03-02,MarketResult_SEM-DA_PWR-MRC-D+1_20210301110000_20210301113115.csv
2021-03-02T09:00:00Z,1.0,102.53,2021-03-02,MarketResult_SEM-DA_PWR-MRC-D+1_20210301110000_20210301113115.csv
2021-03-02T10:00:00Z,1.0,99.0,2021-03-02,MarketResult_SEM-DA_PWR-MRC-D+1_20210301110000_20210301113115.csv
2021-03-02T11:00:00Z,1.0,96.42,2021-03-02,MarketResult_SEM-DA_PWR-MRC-D+1_20210301110000_20210301113115.csv
2021-03-02T12:00:00Z,1.0,97.71,2021-03-02,MarketResult_SEM-DA_PWR-MRC-D+1_20210301110000_20210301113115.csv
2021-03-02T13:00:00Z,1.0,101.2,2021-03-02,MarketResult_SEM-DA_PWR-MRC-D+1_20210301110000_20210301113115.csv
2021-03-02T14:00:00Z,1.0,95.0,2021-03-02,MarketResult_SEM-DA_PWR-MRC-D+1_20210301110000_20210301113115.csv
2021-03-02T15:00:00Z,1.0,99.0,2021-03-02,MarketResult_SEM-DA_PWR-MRC-D+1_20210301110000_20210301113115.csv
2021-03-02T16:00:00Z,1.0,131.39,2021-03-02,MarketResult_SEM-DA_PWR-MRC-D+1_20210301110000_20210301113115.csv
2021-03-02T17:00:00Z,1.0,267.0,2021-03-02,MarketResult_SEM-DA_PWR-MRC-D+1_20210301110000_20210301113115.csv
2021-03-02T18:00:00Z,1.0,485.92,2021-03-02,MarketResult_SEM-DA_PWR-MRC-D+1_20210301110000_20210301113115.csv
2021-03-02T19:00:00Z,1.0,194.21,2021-03-02,MarketResult_SEM-DA_PWR-MRC-D+1_20210301110000_20210301113115.csv
2021-03-02T20:00:00Z,1.0,117.0,2021-03-02,MarketResult_SEM-DA_PWR-MRC-D+1_20210301110000_20210301113115.csv
2021-03-02T21:00:00Z,1.0,92.64,2021-03-02,MarketResult_SEM-DA_PWR-MRC-D+1_20210301110000_20210301113115.csv
2021-03-02T22:00:00Z,1.0,74.89,2021-03-02,MarketResult_SEM-DA_PWR-MRC-D+1_20210301110000_20210301113115.csv
2021-03-02T23:00:00Z,1.0,81.97,2021-03-03,MarketResult_SEM-DA_PWR-MRC-D+1_20210302110000_20210302113107.csv
2021-03-03T00:00:00Z,1.0,76.87,2021-03-03,MarketResult_SEM-DA_PWR-MRC-D+1_20210302110000_20210302113107.csv
2021-03-03T01:00:00Z,1.0,74.76,2021-03-03,MarketResult_SEM-DA_PWR-MRC-D+1_20210302110000_20210302113107.csv
2021-03-03T02:00:00Z,1.0,70.52,2021-03-03,MarketResult_SEM-DA_PWR-MRC-D+1_20210302110000_20210302113107.csv
2021-03-03T03:00:00Z,1.0,70.52,2021-03-03,MarketResult_SEM-DA_PWR-MRC-D+1_20210302110000_20210302113107.csv
2021-03-03T04:00:00Z,1.0,70.03,2021-03-03,MarketResult_SEM-DA_PWR-MRC-D+1_20210302110000_20210302113107.csv
2021-03-03T05:00:00Z,1.0,71.0,2021-03-03,MarketResult_SEM-DA_PWR-MRC-D+1_20210302110000_20210302113107.csv
2021-03-03T06:00:00Z,1.0,84.52,2021-03-03,MarketResult_SEM-DA_PWR-MRC-D+1_20210302110000_20210302113107.csv
2021-03-03T07:00:00Z,1.0,108.31,2021-03-03,MarketResult_SEM-DA_PWR-MRC-D+1_20210302110000_20210302113107.csv
2021-03-03T08:00:00Z,1.0,118.0,2021-03-03,MarketResult_SEM-DA_PWR-MRC-D+1_20210302110000_20210302113107.csv
2021-03-03T09:00:00Z,1.0,146.49,2021-03-03,MarketResult_SEM-DA_PWR-MRC-D+1_20210302110000_20210302113107.csv
2021-03-03T10:00:00Z,1.0,146.59,2021-03-03,MarketResult_SEM-DA_PWR-MRC-D+1_20210302110000_20210302113107.csv
2021-03-03T11:00:00Z,1.0,150.0,2021-03-03,MarketResult_SEM-DA_PWR-MRC-D+1_20210302110000_20210302113107.csv
2021-03-03T12:00:00Z,1.0,161.0,2021-03-03,MarketResult_SEM-DA_PWR-MRC-D+1_20210302110000_20210302113107.csv
2021-03-03T13:00:00Z,1.0,150.0,2021-03-03,MarketResult_SEM-DA_PWR-MRC-D+1_20210302110000_20210302113107.csv
2021-03-03T14:00:00Z,1.0,145.57,2021-03-03,MarketResult_SEM-DA_PWR-MRC-D+1_20210302110000_20210302113107.csv
2021-03-03T15:00:00Z,1.0,144.41,2021-03-03,MarketResult_SEM-DA_PWR-MRC-D+1_20210302110000_20210302113107.csv
2021-03-03T16:00:00Z,1.0,155.0,2021-03-03,MarketResult_SEM-DA_PWR-MRC-D+1_20210302110000_20210302113107.csv
2021-03-03T17:00:00Z,1.0,323.82,2021-03-03,MarketResult_SEM-DA_PWR-MRC-D+1_20210302110000_20210302113107.csv
2021-03-03T18:00:00Z,1.0,500.0,2021-03-03,MarketResult_SEM-DA_PWR-MRC-D+1_20210302110000_20210302113107.csv
2021-03-03T19:00:00Z,1.0,270.0,2021-03-03,MarketResult_SEM-DA_PWR-MRC-D+1_20210302110000_20210302113107.csv
2021-03-03T20:00:00Z,1.0,157.44,2021-03-03,MarketResult_SEM-DA_PWR-MRC-D+1_20210302110000_20210302113107.csv
2021-03-03T21:00:00Z,1.0,116.36,2021-03-03,MarketResult_SEM-DA_PWR-MRC-D+1_20210302110000_20210302113107.csv
2021-03-03T22:00:00Z,1.0,89.74,2021-03-03,MarketResult_SEM-DA_PWR-MRC-D+1_20210302110000_20210302113107.csv
2021-03-03T23:00:00Z,1.0,75.65,2021-03-04,MarketResult_SEM-DA_PWR-MRC-D+1_20210303110000_20210303113612.csv
2021-03-04T00:00:00Z,1.0,70.03,2021-03-04,MarketResult_SEM-DA_PWR-MRC-D+1_20210303110000_20210303113612.csv
2021-03-04T01:00:00Z,1.0,69.0,2021-03-04,MarketResult_SEM-DA_PWR-MRC-D+1_20210303110000_20210303113612.csv
2021-03-04T02:00:00Z,1.0,65.45,2021-03-04,MarketResult_SEM-DA_PWR-MRC-D+1_20210303110000_20210303113612.csv
2021-03-04T03:00:00Z,1.0,64.52,2021-03-04,MarketResult_SEM-DA_PWR-MRC-D+1_20210303110000_20210303113612.csv
2021-03-04T04:00:00Z,1.0,64.47,2021-03-04,MarketResult_SEM-DA_PWR-MRC-D+1_20210303110000_20210303113612.csv
2021-03-04T05:00:00Z,1.0,65.0,2021-03-04,MarketResult_SEM-DA_PWR-MRC-D+1_20210303110000_20210303113612.csv
2021-03-04T06:00:00Z,1.0,73.0,2021-03-04,MarketResult_SEM-DA_PWR-MRC-D+1_20210303110000_20210303113612.csv
2021-03-04T07:00:00Z,1.0,95.21,2021-03-04,MarketResult_SEM-DA_PWR-MRC-D+1_20210303110000_20210303113612.csv
2021-03-04T08:00:00Z,1.0,115.0,2021-03-04,MarketResult_SEM-DA_PWR-MRC-D+1_20210303110000_20210303113612.csv
2021-03-04T09:00:00Z,1.0,128.83,2021-03-04,MarketResult_SEM-DA_PWR-MRC-D+1_20210303110000_20210303113612.csv
2021-03-04T10:00:00Z,1.0,118.87,2021-03-04,MarketResult_SEM-DA_PWR-MRC-D+1_20210303110000_20210303113612.csv
2021-03-04T11:00:00Z,1.0,115.09,2021-03-04,MarketResult_SEM-DA_PWR-MRC-D+1_20210303110000_20210303113612.csv
2021-03-04T12:00:00Z,1.0,123.25,2021-03-04,MarketResult_SEM-DA_PWR-MRC-D+1_20210303110000_20210303113612.csv
2021-03-04T13:00:00Z,1.0,118.0,2021-03-04,MarketResult_SEM-DA_PWR-MRC-D+1_20210303110000_20210303113612.csv
2021-03-04T14:00:00Z,1.0,104.6,2021-03-04,MarketResult_SEM-DA_PWR-MRC-D+1_20210303110000_20210303113612.csv
2021-03-04T15:00:00Z,1.0,103.04,2021-03-04,MarketResult_SEM-DA_PWR-MRC-D+1_20210303110000_20210303113612.csv
2021-03-04T16:00:00Z,1.0,122.21,2021-03-04,MarketResult_SEM-DA_PWR-MRC-D+1_20210303110000_20210303113612.csv
2021-03-04T17:00:00Z,1.0,154.91,2021-03-04,MarketResult_SEM-DA_PWR-MRC-D+1_20210303110000_20210303113612.csv
2021-03-04T18:00:00Z,1.0,218.0,2021-03-04,MarketResult_SEM-DA_PWR-MRC-D+1_20210303110000_20210303113612.csv
2021-03-04T19:00:00Z,1.0,150.77,2021-03-04,MarketResult_SEM-DA_PWR-MRC-D+1_20210303110000_20210303113612.csv
2021-03-04T20:00:00Z,1.0,105.16,2021-03-04,MarketResult_SEM-DA_PWR-MRC-D+1_20210303110000_20210303113612.csv
2021-03-04T21:00:00Z,1.0,79.36,2021-03-04,MarketResult_SEM-DA_PWR-MRC-D+1_20210303110000_20210303113612.csv
2021-03-04T22:00:00Z,1.0,66.77,2021-03-04,MarketResult_SEM-DA_PWR-MRC-D+1_20210303110000_20210303113612.csv
2021-03-04T23:00:00Z,1.0,63.27,2021-03-05,MarketResult_SEM-DA_PWR-MRC-D+1_20210304110000_20210304113742.csv
2021-03-05T00:00:00Z,1.0,62.02,2021-03-05,MarketResult_SEM-DA_PWR-MRC-D+1_20210304110000_20210304113742.csv
2021-03-05T01:00:00Z,1.0,62.0,2021-03-05,MarketResult_SEM-DA_PWR-MRC-D+1_20210304110000_20210304113742.csv
2021-03-05T02:00:00Z,1.0,61.63,2021-03-05,MarketResult_SEM-DA_PWR-MRC-D+1_20210304110000_20210304113742.csv
2021-03-05T03:00:00Z,1.0,57.94,2021-03-05,MarketResult_SEM-DA_PWR-MRC-D+1_20210304110000_20210304113742.csv
2021-03-05T04:00:00Z,1.0,57.81,2021-03-05,MarketResult_SEM-DA_PWR-MRC-D+1_20210304110000_20210304113742.csv
2021-03-05T05:00:00Z,1.0,60.15,2021-03-05,MarketResult_SEM-DA_PWR-MRC-D+1_20210304110000_20210304113742.csv
2021-03-05T06:00:00Z,1.0,64.39,2021-03-05,MarketResult_SEM-DA_PWR-MRC-D+1_20210304110000_20210304113742.csv
2021-03-05T07:00:00Z,1.0,74.17,2021-03-05,MarketResult_SEM-DA_PWR-MRC-D+1_20210304110000_20210304113742.csv
2021-03-05T08:00:00Z,1.0,82.98,2021-03-05,MarketResult_SEM-DA_PWR-MRC-D+1_20210304110000_20210304113742.csv
2021-03-05T09:00:00Z,1.0,87.0,2021-03-05,MarketResult_SEM-DA_PWR-MRC-D+1_20210304110000_20210304113742.csv
2021-03-05T10:00:00Z,1.0,80.61,2021-03-05,MarketResult_SEM-DA_PWR-MRC-D+1_20210304110000_20210304113742.csv
2021-03-05T11:00:00Z,1.0,80.0,2021-03-05,MarketResult_SEM-DA_PWR-MRC-D+1_20210304110000_20210304113742.csv
2021-03-05T12:00:00Z,1.0,87.71,2021-03-05,MarketResult_SEM-DA_PWR-MRC-D+1_20210304110000_20210304113742.csv
2021-03-05T13:00:00Z,1.0,80.6,2021-03-05,MarketResult_SEM-DA_PWR-MRC-D+1_20210304110000_20210304113742.csv
2021-03-05T14:00:00Z,1.0,80.0,2021-03-05,MarketResult_SEM-DA_PWR-MRC-D+1_20210304110000_20210304113742.csv
2021-03-05T15:00:00Z,1.0,80.0,2021-03-05,MarketResult_SEM-DA_PWR-MRC-D+1_20210304110000_20210304113742.csv
2021-03-05T16:00:00Z,1.0,95.0,2021-03-05,MarketResult_SEM-DA_PWR-MRC-D+1_20210304110000_20210304113742.csv
2021-03-05T17:00:00Z,1.0,135.0,2021-03-05,MarketResult_SEM-DA_PWR-MRC-D+1_20210304110000_20210304113742.csv
2021-03-05T18:00:00Z,1.0,339.8,2021-03-05,MarketResult_SEM-DA_PWR-MRC-D+1_20210304110000_20210304113742.csv
2021-03-05T19:00:00Z,1.0,139.19,2021-03-05,MarketResult_SEM-DA_PWR-MRC-D+1_20210304110000_20210304113742.csv
2021-03-05T20:00:00Z,1.0,88.08,2021-03-05,MarketResult_SEM-DA_PWR-MRC-D+1_20210304110000_20210304113742.csv
2021-03-05T21:00:00Z,1.0,77.0,2021-03-05,MarketResult_SEM-DA_PWR-MRC-D+1_20210304110000_20210304113742.csv
2021-03-05T22:00:00Z,1.0,68.2,2021-03-05,MarketResult_SEM-DA_PWR-MRC-D+1_20210304110000_20210304113742.csv
2021-03-05T23:00:00Z,1.0,69.0,2021-03-06,MarketResult_SEM-DA_PWR-MRC-D+1_20210305110000_20210305113233.csv
2021-03-06T00:00:00Z,1.0,64.62,2021-03-06,MarketResult_SEM-DA_PWR-MRC-D+1_20210305110000_20210305113233.csv
2021-03-06T01:00:00Z,1.0,62.31,2021-03-06,MarketResult_SEM-DA_PWR-MRC-D+1_20210305110000_20210305113233.csv
2021-03-06T02:00:00Z,1.0,59.94,2021-03-06,MarketResult_SEM-DA_PWR-MRC-D+1_20210305110000_20210305113233.csv
2021-03-06T03:00:00Z,1.0,58.7,2021-03-06,MarketResult_SEM-DA_PWR-MRC-D+1_20210305110000_20210305113233.csv
2021-03-06T04:00:00Z,1.0,57.83,2021-03-06,MarketResult_SEM-DA_PWR-MRC-D+1_20210305110000_20210305113233.csv
2021-03-06T05:00:00Z,1.0,57.83,2021-03-06,MarketResult_SEM-DA_PWR-MRC-D+1_20210305110000_20210305113233.csv
2021-03-06T06:00:00Z,1.0,59.99,2021-03-06,MarketResult_SEM-DA_PWR-MRC-D+1_20210305110000_20210305113233.csv
2021-03-06T07:00:00Z,1.0,63.47,2021-03-06,MarketResult_SEM-DA_PWR-MRC-D+1_20210305110000_20210305113233.csv
2021-03-06T08:00:00Z,1.0,69.9,2021-03-06,MarketResult_SEM-DA_PWR-MRC-D+1_20210305110000_20210305113233.csv
2021-03-06T09:00:00Z,1.0,81.0,2021-03-06,MarketResult_SEM-DA_PWR-MRC-D+1_20210305110000_20210305113233.csv
2021-03-06T10:00:00Z,1.0,82.0,2021-03-06,MarketResult_SEM-DA_PWR-MRC-D+1_20210305110000_20210305113233.csv
2021-03-06T11:00:00Z,1.0,81.97,2021-03-06,MarketResult_SEM-DA_PWR-MRC-D+1_20210305110000_20210305113233.csv
2021-03-06T12:00:00Z,1.0,89.0,2021-03-06,MarketResult_SEM-DA_PWR-MRC-D+1_20210305110000_20210305113233.csv
2021-03-06T13:00:00Z,1.0,85.0,2021-03-06,MarketResult_SEM-DA_PWR-MRC-D+1_20210305110000_20210305113233.csv
2021-03-06T14:00:00Z,1.0,79.69,2021-03-06,MarketResult_SEM-DA_PWR-MRC-D+1_20210305110000_20210305113233.csv
2021-03-06T15:00:00Z,1.0,82.23,2021-03-06,MarketResult_SEM-DA_PWR-MRC-D+1_20210305110000_20210305113233.csv
2021-03-06T16:00:00Z,1.0,96.45,2021-03-06,MarketResult_SEM-DA_PWR-MRC-D+1_20210305110000_20210305113233.csv
2021-03-06T17:00:00Z,1.0,135.0,2021-03-06,MarketResult_SEM-DA_PWR-MRC-D+1_20210305110000_20210305113233.csv
2021-03-06T18:00:00Z,1.0,221.0,2021-03-06,MarketResult_SEM-DA_PWR-MRC-D+1_20210305110000_20210305113233.csv
2021-03-06T19:00:00Z,1.0,150.0,2021-03-06,MarketResult_SEM-DA_PWR-MRC-D+1_20210305110000_20210305113233.csv
2021-03-06T20:00:00Z,1.0,98.01,2021-03-06,MarketResult_SEM-DA_PWR-MRC-D+1_20210305110000_20210305113233.csv
2021-03-06T21:00:00Z,1.0,83.55,2021-03-06,MarketResult_SEM-DA_PWR-MRC-D+1_20210305110000_20210305113233.csv
2021-03-06T22:00:00Z,1.0,74.67,2021-03-06,MarketResult_SEM-DA_PWR-MRC-D+1_20210305110000_20210305113233.csv
2021-03-06T23:00:00Z,1.0,72.63,2021-03-07,MarketResult_SEM-DA_PWR-MRC-D+1_20210306110000_20210306113233.csv
2021-03-07T00:00:00Z,1.0,67.6,2021-03-07,MarketResult_SEM-DA_PWR-MRC-D+1_20210306110000_20210306113233.csv
2021-03-07T01:00:00Z,1.0,65.94,2021-03-07,MarketResult_SEM-DA_PWR-MRC-D+1_20210306110000_20210306113233.csv
2021-03-07T02:00:00Z,1.0,63.27,2021-03-07,MarketResult_SEM-DA_PWR-MRC-D+1_20210306110000_20210306113233.csv
2021-03-07T03:00:00Z,1.0,62.41,2021-03-07,MarketResult_SEM-DA_PWR-MRC-D+1_20210306110000_20210306113233.csv
2021-03-07T04:00:00Z,1.0,60.31,2021-03-07,MarketResult_SEM-DA_PWR-MRC-D+1_20210306110000_20210306113233.csv
2021-03-07T05:00:00Z,1.0,60.16,2021-03-07,MarketResult_SEM-DA_PWR-MRC-D+1_20210306110000_20210306113233.csv
2021-03-07T06:00:00Z,1.0,62.0,2021-03-07,MarketResult_SEM-DA_PWR-MRC-D+1_20210306110000_20210306113233.csv
2021-03-07T07:00:00Z,1.0,60.43,2021-03-07,MarketResult_SEM-DA_PWR-MRC-D+1_20210306110000_20210306113233.csv
2021-03-07T08:00:00Z,1.0,69.0,2021-03-07,MarketResult_SEM-DA_PWR-MRC-D+1_20210306110000_20210306113233.csv
2021-03-07T09:00:00Z,1.0,83.09,2021-03-07,MarketResult_SEM-DA_PWR-MRC-D+1_20210306110000_20210306113233.csv
2021-03-07T10:00:00Z,1.0,89.0,2021-03-07,MarketResult_SEM-DA_PWR-MRC-D+1_20210306110000_20210306113233.csv
2021-03-07T11:00:00Z,1.0,90.42,2021-03-07,MarketResult_SEM-DA_PWR-MRC-D+1_20210306110000_20210306113233.csv
2021-03-07T12:00:00Z,1.0,94.86,2021-03-07,MarketResult_SEM-DA_PWR-MRC-D+1_20210306110000_20210306113233.csv
2021-03-07T13:00:00Z,1.0,92.0,2021-03-07,MarketResult_SEM-DA_PWR-MRC-D+1_20210306110000_20210306113233.csv
2021-03-07T14:00:00Z,1.0,83.41,2021-03-07,MarketResult_SEM-DA_PWR-MRC-D+1_20210306110000_20210306113233.csv
2021-03-07T15:00:00Z,1.0,83.41,2021-03-07,MarketResult_SEM-DA_PWR-MRC-D+1_20210306110000_20210306113233.csv
2021-03-07T16:00:00Z,1.0,105.54,2021-03-07,MarketResult_SEM-DA_PWR-MRC-D+1_20210306110000_20210306113233.csv
2021-03-07T17:00:00Z,1.0,136.95,2021-03-07,MarketResult_SEM-DA_PWR-MRC-D+1_20210306110000_20210306113233.csv
2021-03-07T18:00:00Z,1.0,188.0,2021-03-07,MarketResult_SEM-DA_PWR-MRC-D+1_20210306110000_20210306113233.csv
2021-03-07T19:00:00Z,1.0,150.0,2021-03-07,MarketResult_SEM-DA_PWR-MRC-D+1_20210306110000_20210306113233.csv
2021-03-07T20:00:00Z,1.0,97.15,2021-03-07,MarketResult_SEM-DA_PWR-MRC-D+1_20210306110000_20210306113233.csv
2021-03-07T21:00:00Z,1.0,83.41,2021-03-07,MarketResult_SEM-DA_PWR-MRC-D+1_20210306110000_20210306113233.csv
2021-03-07T22:00:00Z,1.0,68.0,2021-03-07,MarketResult_SEM-DA_PWR-MRC-D+1_20210306110000_20210306113233.csv
2021-03-07T23:00:00Z,1.0,65.0,2021-03-08,MarketResult_SEM-DA_PWR-MRC-D+1_20210307110000_20210307113616.csv
2021-03-08T00:00:00Z,1.0,62.92,2021-03-08,MarketResult_SEM-DA_PWR-MRC-D+1_20210307110000_20210307113616.csv
2021-03-08T01:00:00Z,1.0,62.0,2021-03-08,MarketResult_SEM-DA_PWR-MRC-D+1_20210307110000_20210307113616.csv
2021-03-08T02:00:00Z,1.0,60.31,2021-03-08,MarketResult_SEM-DA_PWR-MRC-D+1_20210307110000_20210307113616.csv
2021-03-08T03:00:00Z,1.0,55.8,2021-03-08,MarketResult_SEM-DA_PWR-MRC-D+1_20210307110000_20210307113616.csv
2021-03-08T04:00:00Z,1.0,55.0,2021-03-08,MarketResult_SEM-DA_PWR-MRC-D+1_20210307110000_20210307113616.csv
2021-03-08T05:00:00Z,1.0,61.11,2021-03-08,MarketResult_SEM-DA_PWR-MRC-D+1_20210307110000_20210307113616.csv
2021-03-08T06:00:00Z,1.0,70.38,2021-03-08,MarketResult_SEM-DA_PWR-MRC-D+1_20210307110000_20210307113616.csv
2021-03-08T07:00:00Z,1.0,85.51,2021-03-08,MarketResult_SEM-DA_PWR-MRC-D+1_20210307110000_20210307113616.csv
2021-03-08T08:00:00Z,1.0,96.32,2021-03-08,MarketResult_SEM-DA_PWR-MRC-D+1_20210307110000_20210307113616.csv
2021-03-08T09:00:00Z,1.0,97.93,2021-03-08,MarketResult_SEM-DA_PWR-MRC-D+1_20210307110000_20210307113616.csv
2021-03-08T10:00:00Z,1.0,93.91,2021-03-08,MarketResult_SEM-DA_PWR-MRC-D+1_20210307110000_20210307113616.csv
2021-03-08T11:00:00Z,1.0,88.7,2021-03-08,MarketResult_SEM-DA_PWR-MRC-D+1_20210307110000_20210307113616.csv
2021-03-08T12:00:00Z,1.0,87.91,2021-03-08,MarketResult_SEM-DA_PWR-MRC-D+1_20210307110000_20210307113616.csv
2021-03-08T13:00:00Z,1.0,79.0,2021-03-08,MarketResult_SEM-DA_PWR-MRC-D+1_20210307110000_20210307113616.csv
2021-03-08T14:00:00Z,1.0,77.76,2021-03-08,MarketResult_SEM-DA_PWR-MRC-D+1_20210307110000_20210307113616.csv
2021-03-08T15:00:00Z,1.0,77.76,2021-03-08,MarketResult_SEM-DA_PWR-MRC-D+1_20210307110000_20210307113616.csv
2021-03-08T16:00:00Z,1.0,105.31,2021-03-08,MarketResult_SEM-DA_PWR-MRC-D+1_20210307110000_20210307113616.csv
2021-03-08T17:00:00Z,1.0,151.78,2021-03-08,MarketResult_SEM-DA_PWR-MRC-D+1_20210307110000_20210307113616.csv
2021-03-08T18:00:00Z,1.0,356.01,2021-03-08,MarketResult_SEM-DA_PWR-MRC-D+1_20210307110000_20210307113616.csv
2021-03-08T19:00:00Z,1.0,177.4,2021-03-08,MarketResult_SEM-DA_PWR-MRC-D+1_20210307110000_20210307113616.csv
2021-03-08T20:00:00Z,1.0,96.32,2021-03-08,MarketResult_SEM-DA_PWR-MRC-D+1_20210307110000_20210307113616.csv
2021-03-08T21:00:00Z,1.0,82.6,2021-03-08,MarketResult_SEM-DA_PWR-MRC-D+1_20210307110000_20210307113616.csv
2021-03-08T22:00:00Z,1.0,66.16,2021-03-08,MarketResult_SEM-DA_PWR-MRC-D+1_20210307110000_20210307113616.csv
2021-03-08T23:00:00Z,1.0,63.0,2021-03-09,MarketResult_SEM-DA_PWR-MRC-D+1_20210308110000_20210308113729.csv
2021-03-09T00:00:00Z,1.0,61.98,2021-03-09,MarketResult_SEM-DA_PWR-MRC-D+1_20210308110000_20210308113729.csv
2021-03-09T01:00:00Z,1.0,61.27,2021-03-09,MarketResult_SEM-DA_PWR-MRC-D+1_20210308110000_20210308113729.csv
2021-03-09T02:00:00Z,1.0,61.0,2021-03-09,MarketResult_SEM-DA_PWR-MRC-D+1_20210308110000_20210308113729.csv
2021-03-09T03:00:00Z,1.0,57.5,2021-03-09,MarketResult_SEM-DA_PWR-MRC-D+1_20210308110000_20210308113729.csv
2021-03-09T04:00:00Z,1.0,57.26,2021-03-09,MarketResult_SEM-DA_PWR-MRC-D+1_20210308110000_20210308113729.csv
2021-03-09T05:00:00Z,1.0,59.94,2021-03-09,MarketResult_SEM-DA_PWR-MRC-D+1_20210308110000_20210308113729.csv
2021-03-09T06:00:00Z,1.0,68.32,2021-03-09,MarketResult_SEM-DA_PWR-MRC-D+1_20210308110000_20210308113729.csv
2021-03-09T07:00:00Z,1.0,80.8,2021-03-09,MarketResult_SEM-DA_PWR-MRC-D+1_20210308110000_20210308113729.csv
2021-03-09T08:00:00Z,1.0,85.0,2021-03-09,MarketResult_SEM-DA_PWR-MRC-D+1_20210308110000_20210308113729.csv
2021-03-09T09:00:00Z,1.0,79.2,2021-03-09,MarketResult_SEM-DA_PWR-MRC-D+1_20210308110000_20210308113729.csv
2021-03-09T10:00:00Z,1.0,64.84,2021-03-09,MarketResult_SEM-DA_PWR-MRC-D+1_20210308110000_20210308113729.csv
2021-03-09T11:00:00Z,1.0,60.45,2021-03-09,MarketResult_SEM-DA_PWR-MRC-D+1_20210308110000_20210308113729.csv
2021-03-09T12:00:00Z,1.0,55.0,2021-03-09,MarketResult_SEM-DA_PWR-MRC-D+1_20210308110000_20210308113729.csv
2021-03-09T13:00:00Z,1.0,52.02,2021-03-09,MarketResult_SEM-DA_PWR-MRC-D+1_20210308110000_20210308113729.csv
2021-03-09T14:00:00Z,1.0,49.0,2021-03-09,MarketResult_SEM-DA_PWR-MRC-D+1_20210308110000_20210308113729.csv
2021-03-09T15:00:00Z,1.0,48.0,2021-03-09,MarketResult_SEM-DA_PWR-MRC-D+1_20210308110000_20210308113729.csv
2021-03-09T16:00:00Z,1.0,52.57,2021-03-09,MarketResult_SEM-DA_PWR-MRC-D+1_20210308110000_20210308113729.csv
2021-03-09T17:00:00Z,1.0,62.58,2021-03-09,MarketResult_SEM-DA_PWR-MRC-D+1_20210308110000_20210308113729.csv
2021-03-09T18:00:00Z,1.0,62.58,2021-03-09,MarketResult_SEM-DA_PWR-MRC-D+1_20210308110000_20210308113729.csv
2021-03-09T19:00:00Z,1.0,56.0,2021-03-09,MarketResult_SEM-DA_PWR-MRC-D+1_20210308110000_20210308113729.csv
2021-03-09T20:00:00Z,1.0,53.0,2021-03-09,MarketResult_SEM-DA_PWR-MRC-D+1_20210308110000_20210308113729.csv
2021-03-09T21:00:00Z,1.0,54.88,2021-03-09,MarketResult_SEM-DA_PWR-MRC-D+1_20210308110000_20210308113729.csv
2021-03-09T22:00:00Z,1.0,46.64,2021-03-09,MarketResult_SEM-DA_PWR-MRC-D+1_20210308110000_20210308113729.csv
2021-03-09T23:00:00Z,1.0,53.7,2021-03-10,MarketResult_SEM-DA_PWR-MRC-D+1_20210309110000_20210309113430.csv
2021-03-10T00:00:00Z,1.0,53.12,2021-03-10,MarketResult_SEM-DA_PWR-MRC-D+1_20210309110000_20210309113430.csv
2021-03-10T01:00:00Z,1.0,53.0,2021-03-10,MarketResult_SEM-DA_PWR-MRC-D+1_20210309110000_20210309113430.csv
2021-03-10T02:00:00Z,1.0,54.0,2021-03-10,MarketResult_SEM-DA_PWR-MRC-D+1_20210309110000_20210309113430.csv
2021-03-10T03:00:00Z,1.0,58.81,2021-03-10,MarketResult_SEM-DA_PWR-MRC-D+1_20210309110000_20210309113430.csv
2021-03-10T04:00:00Z,1.0,57.15,2021-03-10,MarketResult_SEM-DA_PWR-MRC-D+1_20210309110000_20210309113430.csv
2021-03-10T05:00:00Z,1.0,60.52,2021-03-10,MarketResult_SEM-DA_PWR-MRC-D+1_20210309110000_20210309113430.csv
2021-03-10T06:00:00Z,1.0,69.0,2021-03-10,MarketResult_SEM-DA_PWR-MRC-D+1_20210309110000_20210309113430.csv
2021-03-10T07:00:00Z,1.0,74.09,2021-03-10,MarketResult_SEM-DA_PWR-MRC-D+1_20210309110000_20210309113430.csv
2021-03-10T08:00:00Z,1.0,77.94,2021-03-10,MarketResult_SEM-DA_PWR-MRC-D+1_20210309110000_20210309113430.csv
2021-03-10T09:00:00Z,1.0,79.8,2021-03-10,MarketResult_SEM-DA_PWR-MRC-D+1_20210309110000_20210309113430.csv
2021-03-10T10:00:00Z,1.0,70.07,2021-03-10,MarketResult_SEM-DA_PWR-MRC-D+1_20210309110000_20210309113430.csv
2021-03-10T11:00:00Z,1.0,60.5,2021-03-10,MarketResult_SEM-DA_PWR-MRC-D+1_20210309110000_20210309113430.csv
2021-03-10T12:00:00Z,1.0,55.54,2021-03-10,MarketResult_SEM-DA_PWR-MRC-D+1_20210309110000_20210309113430.csv
2021-03-10T13:00:00Z,1.0,49.0,2021-03-10,MarketResult_SEM-DA_PWR-MRC-D+1_20210309110000_20210309113430.csv
2021-03-10T14:00:00Z,1.0,43.4,2021-03-10,MarketResult_SEM-DA_PWR-MRC-D+1_20210309110000_20210309113430.csv
2021-03-10T15:00:00Z,1.0,43.4,2021-03-10,MarketResult_SEM-DA_PWR-MRC-D+1_20210309110000_20210309113430.csv
2021-03-10T16:00:00Z,1.0,43.4,2021-03-10,MarketResult_SEM-DA_PWR-MRC-D+1_20210309110000_20210309113430.csv
2021-03-10T17:00:00Z,1.0,52.0,2021-03-10,MarketResult_SEM-DA_PWR-MRC-D+1_20210309110000_20210309113430.csv
2021-03-10T18:00:00Z,1.0,62.19,2021-03-10,MarketResult_SEM-DA_PWR-MRC-D+1_20210309110000_20210309113430.csv
2021-03-10T19:00:00Z,1.0,59.0,2021-03-10,MarketResult_SEM-DA_PWR-MRC-D+1_20210309110000_20210309113430.csv
2021-03-10T20:00:00Z,1.0,50.75,2021-03-10,MarketResult_SEM-DA_PWR-MRC-D+1_20210309110000_20210309113430.csv
2021-03-10T21:00:00Z,1.0,55.26,2021-03-10,MarketResult_SEM-DA_PWR-MRC-D+1_20210309110000_20210309113430.csv
2021-03-10T22:00:00Z,1.0,37.0,2021-03-10,MarketResult_SEM-DA_PWR-MRC-D+1_20210309110000_20210309113430.csv
2021-03-10T23:00:00Z,1.0,30.78,2021-03-11,MarketResult_SEM-DA_PWR-MRC-D+1_20210310110000_20210310113012.csv
2021-03-11T00:00:00Z,1.0,14.0,2021-03-11,MarketResult_SEM-DA_PWR-MRC-D+1_20210310110000_20210310113012.csv
2021-03-11T01:00:00Z,1.0,-1.0,2021-03-11,MarketResult_SEM-DA_PWR-MRC-D+1_20210310110000_20210310113012.csv
2021-03-11T02:00:00Z,1.0,-4.19,2021-03-11,MarketResult_SEM-DA_PWR-MRC-D+1_20210310110000_20210310113012.csv
2021-03-11T03:00:00Z,1.0,-4.26,2021-03-11,MarketResult_SEM-DA_PWR-MRC-D+1_20210310110000_20210310113012.csv
2021-03-11T04:00:00Z,1.0,-3.0,2021-03-11,MarketResult_SEM-DA_PWR-MRC-D+1_20210310110000_20210310113012.csv
2021-03-11T05:00:00Z,1.0,-0.58,2021-03-11,MarketResult_SEM-DA_PWR-MRC-D+1_20210310110000_20210310113012.csv
2021-03-11T06:00:00Z,1.0,32.25,2021-03-11,MarketResult_SEM-DA_PWR-MRC-D+1_20210310110000_20210310113012.csv
2021-03-11T07:00:00Z,1.0,60.38,2021-03-11,MarketResult_SEM-DA_PWR-MRC-D+1_20210310110000_20210310113012.csv
2021-03-11T08:00:00Z,1.0,62.94,2021-03-11,MarketResult_SEM-DA_PWR-MRC-D+1_20210310110000_20210310113012.csv
2021-03-11T09:00:00Z,1.0,67.75,2021-03-11,MarketResult_SEM-DA_PWR-MRC-D+1_20210310110000_20210310113012.csv
2021-03-11T10:00:00Z,1.0,65.5,2021-03-11,MarketResult_SEM-DA_PWR-MRC-D+1_20210310110000_20210310113012.csv
2021-03-11T11:00:00Z,1.0,65.0,2021-03-11,MarketResult_SEM-DA_PWR-MRC-D+1_20210310110000_20210310113012.csv
2021-03-11T12:00:00Z,1.0,62.3,2021-03-11,MarketResult_SEM-DA_PWR-MRC-D+1_20210310110000_20210310113012.csv
2021-03-11T13:00:00Z,1.0,60.69,2021-03-11,MarketResult_SEM-DA_PWR-MRC-D+1_20210310110000_20210310113012.csv
2021-03-11T14:00:00Z,1.0,54.5,2021-03-11,MarketResult_SEM-DA_PWR-MRC-D+1_20210310110000_20210310113012.csv
2021-03-11T15:00:00Z,1.0,56.8,2021-03-11,MarketResult_SEM-DA_PWR-MRC-D+1_20210310110000_20210310113012.csv
2021-03-11T16:00:00Z,1.0,55.7,2021-03-11,MarketResult_SEM-DA_PWR-MRC-D+1_20210310110000_20210310113012.csv
2021-03-11T17:00:00Z,1.0,66.4,2021-03-11,MarketResult_SEM-DA_PWR-MRC-D+1_20210310110000_20210310113012.csv
2021-03-11T18:00:00Z,1.0,80.66,2021-03-11,MarketResult_SEM-DA_PWR-MRC-D+1_20210310110000_20210310113012.csv
2021-03-11T19:00:00Z,1.0,77.1,2021-03-11,MarketResult_SEM-DA_PWR-MRC-D+1_20210310110000_20210310113012.csv
2021-03-11T20:00:00Z,1.0,63.92,2021-03-11,MarketResult_SEM-DA_PWR-MRC-D+1_20210310110000_20210310113012.csv
2021-03-11T21:00:00Z,1.0,61.4,2021-03-11,MarketResult_SEM-DA_PWR-MRC-D+1_20210310110000_20210310113012.csv
2021-03-11T22:00:00Z,1.0,45.85,2021-03-11,MarketResult_SEM-DA_PWR-MRC-D+1_20210310110000_20210310113012.csv
2021-03-11T23:00:00Z,1.0,35.61,2021-03-12,MarketResult_SEM-DA_PWR-MRC-D+1_20210311110000_20210311113125.csv
2021-03-12T00:00:00Z,1.0,32.76,2021-03-12,MarketResult_SEM-DA_PWR-MRC-D+1_20210311110000_20210311113125.csv
2021-03-12T01:00:00Z,1.0,28.0,2021-03-12,MarketResult_SEM-DA_PWR-MRC-D+1_20210311110000_20210311113125.csv
2021-03-12T02:00:00Z,1.0,22.64,2021-03-12,MarketResult_SEM-DA_PWR-MRC-D+1_20210311110000_20210311113125.csv
2021-03-12T03:00:00Z,1.0,17.42,2021-03-12,MarketResult_SEM-DA_PWR-MRC-D+1_20210311110000_20210311113125.csv
2021-03-12T04:00:00Z,1.0,20.6,2021-03-12,MarketResult_SEM-DA_PWR-MRC-D+1_20210311110000_20210311113125.csv
2021-03-12T05:00:00Z,1.0,33.69,2021-03-12,MarketResult_SEM-DA_PWR-MRC-D+1_20210311110000_20210311113125.csv
2021-03-12T06:00:00Z,1.0,50.42,2021-03-12,MarketResult_SEM-DA_PWR-MRC-D+1_20210311110000_20210311113125.csv
2021-03-12T07:00:00Z,1.0,57.37,2021-03-12,MarketResult_SEM-DA_PWR-MRC-D+1_20210311110000_20210311113125.csv
2021-03-12T08:00:00Z,1.0,69.42,2021-03-12,MarketResult_SEM-DA_PWR-MRC-D+1_20210311110000_20210311113125.csv
2021-03-12T09:00:00Z,1.0,73.65,2021-03-12,MarketResult_SEM-DA_PWR-MRC-D+1_20210311110000_20210311113125.csv
2021-03-12T10:00:00Z,1.0,65.1,2021-03-12,MarketResult_SEM-DA_PWR-MRC-D+1_20210311110000_20210311113125.csv
2021-03-12T11:00:00Z,1.0,63.6,2021-03-12,MarketResult_SEM-DA_PWR-MRC-D+1_20210311110000_20210311113125.csv
2021-03-12T12:00:00Z,1.0,63.1,2021-03-12,MarketResult_SEM-DA_PWR-MRC-D+1_20210311110000_20210311113125.csv
2021-03-12T13:00:00Z,1.0,59.79,2021-03-12,MarketResult_SEM-DA_PWR-MRC-D+1_20210311110000_20210311113125.csv
2021-03-12T14:00:00Z,1.0,54.4,2021-03-12,MarketResult_SEM-DA_PWR-MRC-D+1_20210311110000_20210311113125.csv
2021-03-12T15:00:00Z,1.0,56.0,2021-03-12,MarketResult_SEM-DA_PWR-MRC-D+1_20210311110000_20210311113125.csv
2021-03-12T16:00:00Z,1.0,60.86,2021-03-12,MarketResult_SEM-DA_PWR-MRC-D+1_20210311110000_20210311113125.csv
2021-03-12T17:00:00Z,1.0,74.83,2021-03-12,MarketResult_SEM-DA_PWR-MRC-D+1_20210311110000_20210311113125.csv
2021-03-12T18:00:00Z,1.0,89.74,2021-03-12,MarketResult_SEM-DA_PWR-MRC-D+1_20210311110000_20210311113125.csv
2021-03-12T19:00:00Z,1.0,82.5,2021-03-12,MarketResult_SEM-DA_PWR-MRC-D+1_20210311110000_20210311113125.csv
2021-03-12T20:00:00Z,1.0,65.0,2021-03-12,MarketResult_SEM-DA_PWR-MRC-D+1_20210311110000_20210311113125.csv
2021-03-12T21:00:00Z,1.0,63.3,2021-03-12,MarketResult_SEM-DA_PWR-MRC-D+1_20210311110000_20210311113125.csv
2021-03-12T22:00:00Z,1.0,50.15,2021-03-12,MarketResult_SEM-DA_PWR-MRC-D+1_20210311110000_20210311113125.csv
2021-03-12T23:00:00Z,1.0,52.3,2021-03-13,MarketResult_SEM-DA_PWR-MRC-D+1_20210312110000_20210312113120.csv
2021-03-13T00:00:00Z,1.0,44.96,2021-03-13,MarketResult_SEM-DA_PWR-MRC-D+1_20210312110000_20210312113120.csv
2021-03-13T01:00:00Z,1.0,38.46,2021-03-13,MarketResult_SEM-DA_PWR-MRC-D+1_20210312110000_20210312113120.csv
2021-03-13T02:00:00Z,1.0,33.0,2021-03-13,MarketResult_SEM-DA_PWR-MRC-D+1_20210312110000_20210312113120.csv
2021-03-13T03:00:00Z,1.0,27.7,2021-03-13,MarketResult_SEM-DA_PWR-MRC-D+1_20210312110000_20210312113120.csv
2021-03-13T04:00:00Z,1.0,22.06,2021-03-13,MarketResult_SEM-DA_PWR-MRC-D+1_20210312110000_20210312113120.csv
2021-03-13T05:00:00Z,1.0,27.79,2021-03-13,MarketResult_SEM-DA_PWR-MRC-D+1_20210312110000_20210312113120.csv
2021-03-13T06:00:00Z,1.0,36.7,2021-03-13,MarketResult_SEM-DA_PWR-MRC-D+1_20210312110000_20210312113120.csv
2021-03-13T07:00:00Z,1.0,54.64,2021-03-13,MarketResult_SEM-DA_PWR-MRC-D+1_20210312110000_20210312113120.csv
2021-03-13T08:00:00Z,1.0,65.25,2021-03-13,MarketResult_SEM-DA_PWR-MRC-D+1_20210312110000_20210312113120.csv
2021-03-13T09:00:00Z,1.0,68.39,2021-03-13,MarketResult_SEM-DA_PWR-MRC-D+1_20210312110000_20210312113120.csv
2021-03-13T10:00:00Z,1.0,65.0,2021-03-13,MarketResult_SEM-DA_PWR-MRC-D+1_20210312110000_20210312113120.csv
2021-03-13T11:00:00Z,1.0,58.7,2021-03-13,MarketResult_SEM-DA_PWR-MRC-D+1_20210312110000_20210312113120.csv
2021-03-13T12:00:00Z,1.0,58.51,2021-03-13,MarketResult_SEM-DA_PWR-MRC-D+1_20210312110000_20210312113120.csv
2021-03-13T13:00:00Z,1.0,53.47,2021-03-13,MarketResult_SEM-DA_PWR-MRC-D+1_20210312110000_20210312113120.csv
2021-03-13T14:00:00Z,1.0,40.47,2021-03-13,MarketResult_SEM-DA_PWR-MRC-D+1_20210312110000_20210312113120.csv
2021-03-13T15:00:00Z,1.0,52.3,2021-03-13,MarketResult_SEM-DA_PWR-MRC-D+1_20210312110000_20210312113120.csv
2021-03-13T16:00:00Z,1.0,58.24,2021-03-13,MarketResult_SEM-DA_PWR-MRC-D+1_20210312110000_20210312113120.csv
2021-03-13T17:00:00Z,1.0,68.7,2021-03-13,MarketResult_SEM-DA_PWR-MRC-D+1_20210312110000_20210312113120.csv
2021-03-13T18:00:00Z,1.0,85.0,2021-03-13,MarketResult_SEM-DA_PWR-MRC-D+1_20210312110000_20210312113120.csv
2021-03-13T19:00:00Z,1.0,81.46,2021-03-13,MarketResult_SEM-DA_PWR-MRC-D+1_20210312110000_20210312113120.csv
2021-03-13T20:00:00Z,1.0,65.6,2021-03-13,MarketResult_SEM-DA_PWR-MRC-D+1_20210312110000_20210312113120.csv
2021-03-13T21:00:00Z,1.0,68.65,2021-03-13,MarketResult_SEM-DA_PWR-MRC-D+1_20210312110000_20210312113120.csv
2021-03-13T22:00:00Z,1.0,59.0,2021-03-13,MarketResult_SEM-DA_PWR-MRC-D+1_20210312110000_20210312113120.csv
2021-03-13T23:00:00Z,1.0,44.0,2021-03-14,MarketResult_SEM-DA_PWR-MRC-D+1_20210313110000_20210313113311.csv
2021-03-14T00:00:00Z,1.0,43.0,2021-03-14,MarketResult_SEM-DA_PWR-MRC-D+1_20210313110000_20210313113311.csv
2021-03-14T01:00:00Z,1.0,43.0,2021-03-14,MarketResult_SEM-DA_PWR-MRC-D+1_20210313110000_20210313113311.csv
2021-03-14T02:00:00Z,1.0,39.0,2021-03-14,MarketResult_SEM-DA_PWR-MRC-D+1_20210313110000_20210313113311.csv
2021-03-14T03:00:00Z,1.0,32.86,2021-03-14,MarketResult_SEM-DA_PWR-MRC-D+1_20210313110000_20210313113311.csv
2021-03-14T04:00:00Z,1.0,35.0,2021-03-14,MarketResult_SEM-DA_PWR-MRC-D+1_20210313110000_20210313113311.csv
2021-03-14T05:00:00Z,1.0,41.96,2021-03-14,MarketResult_SEM-DA_PWR-MRC-D+1_20210313110000_20210313113311.csv
2021-03-14T06:00:00Z,1.0,29.66,2021-03-14,MarketResult_SEM-DA_PWR-MRC-D+1_20210313110000_20210313113311.csv
2021-03-14T07:00:00Z,1.0,65.79,2021-03-14,MarketResult_SEM-DA_PWR-MRC-D+1_20210313110000_20210313113311.csv
2021-03-14T08:00:00Z,1.0,66.6,2021-03-14,MarketResult_SEM-DA_PWR-MRC-D+1_20210313110000_20210313113311.csv
2021-03-14T09:00:00Z,1.0,63.6,2021-03-14,MarketResult_SEM-DA_PWR-MRC-D+1_20210313110000_20210313113311.csv
2021-03-14T10:00:00Z,1.0,65.0,2021-03-14,MarketResult_SEM-DA_PWR-MRC-D+1_20210313110000_20210313113311.csv
2021-03-14T11:00:00Z,1.0,55.23,2021-03-14,MarketResult_SEM-DA_PWR-MRC-D+1_20210313110000_20210313113311.csv
2021-03-14T12:00:00Z,1.0,55.0,2021-03-14,MarketResult_SEM-DA_PWR-MRC-D+1_20210313110000_20210313113311.csv
2021-03-14T13:00:00Z,1.0,50.74,2021-03-14,MarketResult_SEM-DA_PWR-MRC-D+1_20210313110000_20210313113311.csv
2021-03-14T14:00:00Z,1.0,43.14,2021-03-14,MarketResult_SEM-DA_PWR-MRC-D+1_20210313110000_20210313113311.csv
2021-03-14T15:00:00Z,1.0,35.0,2021-03-14,MarketResult_SEM-DA_PWR-MRC-D+1_20210313110000_20210313113311.csv
2021-03-14T16:00:00Z,1.0,46.9,2021-03-14,MarketResult_SEM-DA_PWR-MRC-D+1_20210313110000_20210313113311.csv
2021-03-14T17:00:00Z,1.0,65.0,2021-03-14,MarketResult_SEM-DA_PWR-MRC-D+1_20210313110000_20210313113311.csv
2021-03-14T18:00:00Z,1.0,74.52,2021-03-14,MarketResult_SEM-DA_PWR-MRC-D+1_20210313110000_20210313113311.csv
2021-03-14T19:00:00Z,1.0,80.41,2021-03-14,MarketResult_SEM-DA_PWR-MRC-D+1_20210313110000_20210313113311.csv
2021-03-14T20:00:00Z,1.0,63.0,2021-03-14,MarketResult_SEM-DA_PWR-MRC-D+1_20210313110000_20210313113311.csv
2021-03-14T21:00:00Z,1.0,72.64,2021-03-14,MarketResult_SEM-DA_PWR-MRC-D+1_20210313110000_20210313113311.csv
2021-03-14T22:00:00Z,1.0,63.88,2021-03-14,MarketResult_SEM-DA_PWR-MRC-D+1_20210313110000_20210313113311.csv
2021-03-14T23:00:00Z,1.0,58.36,2021-03-15,MarketResult_SEM-DA_PWR-MRC-D+1_20210314110000_20210314113152.csv
2021-03-15T00:00:00Z,1.0,60.06,2021-03-15,MarketResult_SEM-DA_PWR-MRC-D+1_20210314110000_20210314113152.csv
2021-03-15T01:00:00Z,1.0,62.52,2021-03-15,MarketResult_SEM-DA_PWR-MRC-D+1_20210314110000_20210314113152.csv
2021-03-15T02:00:00Z,1.0,62.52,2021-03-15,MarketResult_SEM-DA_PWR-MRC-D+1_20210314110000_20210314113152.csv
2021-03-15T03:00:00Z,1.0,62.52,2021-03-15,MarketResult_SEM-DA_PWR-MRC-D+1_20210314110000_20210314113152.csv
2021-03-15T04:00:00Z,1.0,66.0,2021-03-15,MarketResult_SEM-DA_PWR-MRC-D+1_20210314110000_20210314113152.csv
2021-03-15T05:00:00Z,1.0,70.0,2021-03-15,MarketResult_SEM-DA_PWR-MRC-D+1_20210314110000_20210314113152.csv
2021-03-15T06:00:00Z,1.0,71.0,2021-03-15,MarketResult_SEM-DA_PWR-MRC-D+1_20210314110000_20210314113152.csv
2021-03-15T07:00:00Z,1.0,75.07,2021-03-15,MarketResult_SEM-DA_PWR-MRC-D+1_20210314110000_20210314113152.csv
2021-03-15T08:00:00Z,1.0,85.5,2021-03-15,MarketResult_SEM-DA_PWR-MRC-D+1_20210314110000_20210314113152.csv
2021-03-15T09:00:00Z,1.0,93.71,2021-03-15,MarketResult_SEM-DA_PWR-MRC-D+1_20210314110000_20210314113152.csv
2021-03-15T10:00:00Z,1.0,85.89,2021-03-15,MarketResult_SEM-DA_PWR-MRC-D+1_20210314110000_20210314113152.csv
2021-03-15T11:00:00Z,1.0,86.9,2021-03-15,MarketResult_SEM-DA_PWR-MRC-D+1_20210314110000_20210314113152.csv
2021-03-15T12:00:00Z,1.0,87.0,2021-03-15,MarketResult_SEM-DA_PWR-MRC-D+1_20210314110000_20210314113152.csv
2021-03-15T13:00:00Z,1.0,82.13,2021-03-15,MarketResult_SEM-DA_PWR-MRC-D+1_20210314110000_20210314113152.csv
2021-03-15T14:00:00Z,1.0,82.13,2021-03-15,MarketResult_SEM-DA_PWR-MRC-D+1_20210314110000_20210314113152.csv
2021-03-15T15:00:00Z,1.0,76.36,2021-03-15,MarketResult_SEM-DA_PWR-MRC-D+1_20210314110000_20210314113152.csv
2021-03-15T16:00:00Z,1.0,82.2,2021-03-15,MarketResult_SEM-DA_PWR-MRC-D+1_20210314110000_20210314113152.csv
2021-03-15T17:00:00Z,1.0,127.0,2021-03-15,MarketResult_SEM-DA_PWR-MRC-D+1_20210314110000_20210314113152.csv
2021-03-15T18:00:00Z,1.0,225.0,2021-03-15,MarketResult_SEM-DA_PWR-MRC-D+1_20210314110000_20210314113152.csv
2021-03-15T19:00:00Z,1.0,156.87,2021-03-15,MarketResult_SEM-DA_PWR-MRC-D+1_20210314110000_20210314113152.csv
2021-03-15T20:00:00Z,1.0,122.0,2021-03-15,MarketResult_SEM-DA_PWR-MRC-D+1_20210314110000_20210314113152.csv
2021-03-15T21:00:00Z,1.0,87.0,2021-03-15,MarketResult_SEM-DA_PWR-MRC-D+1_20210314110000_20210314113152.csv
2021-03-15T22:00:00Z,1.0,74.87,2021-03-15,MarketResult_SEM-DA_PWR-MRC-D+1_20210314110000_20210314113152.csv
2021-03-15T23:00:00Z,1.0,66.89,2021-03-16,MarketResult_SEM-DA_PWR-MRC-D+1_20210315110000_20210315113248.csv
2021-03-16T00:00:00Z,1.0,63.91,2021-03-16,MarketResult_SEM-DA_PWR-MRC-D+1_20210315110000_20210315113248.csv
2021-03-16T01:00:00Z,1.0,62.06,2021-03-16,MarketResult_SEM-DA_PWR-MRC-D+1_20210315110000_20210315113248.csv
2021-03-16T02:00:00Z,1.0,60.1,2021-03-16,MarketResult_SEM-DA_PWR-MRC-D+1_20210315110000_20210315113248.csv
2021-03-16T03:00:00Z,1.0,54.6,2021-03-16,MarketResult_SEM-DA_PWR-MRC-D+1_20210315110000_20210315113248.csv
2021-03-16T04:00:00Z,1.0,54.6,2021-03-16,MarketResult_SEM-DA_PWR-MRC-D+1_20210315110000_20210315113248.csv
2021-03-16T05:00:00Z,1.0,57.0,2021-03-16,MarketResult_SEM-DA_PWR-MRC-D+1_20210315110000_20210315113248.csv
2021-03-16T06:00:00Z,1.0,63.16,2021-03-16,MarketResult_SEM-DA_PWR-MRC-D+1_20210315110000_20210315113248.csv
2021-03-16T07:00:00Z,1.0,79.0,2021-03-16,MarketResult_SEM-DA_PWR-MRC-D+1_20210315110000_20210315113248.csv
2021-03-16T08:00:00Z,1.0,86.33,2021-03-16,MarketResult_SEM-DA_PWR-MRC-D+1_20210315110000_20210315113248.csv
2021-03-16T09:00:00Z,1.0,92.0,2021-03-16,MarketResult_SEM-DA_PWR-MRC-D+1_20210315110000_20210315113248.csv
2021-03-16T10:00:00Z,1.0,89.0,2021-03-16,MarketResult_SEM-DA_PWR-MRC-D+1_20210315110000_20210315113248.csv
2021-03-16T11:00:00Z,1.0,87.6,2021-03-16,MarketResult_SEM-DA_PWR-MRC-D+1_20210315110000_20210315113248.csv
2021-03-16T12:00:00Z,1.0,86.73,2021-03-16,MarketResult_SEM-DA_PWR-MRC-D+1_20210315110000_20210315113248.csv
2021-03-16T13:00:00Z,1.0,85.17,2021-03-16,MarketResult_SEM-DA_PWR-MRC-D+1_20210315110000_20210315113248.csv
2021-03-16T14:00:00Z,1.0,82.0,2021-03-16,MarketResult_SEM-DA_PWR-MRC-D+1_20210315110000_20210315113248.csv
2021-03-16T15:00:00Z,1.0,84.22,2021-03-16,MarketResult_SEM-DA_PWR-MRC-D+1_20210315110000_20210315113248.csv
2021-03-16T16:00:00Z,1.0,86.33,2021-03-16,MarketResult_SEM-DA_PWR-MRC-D+1_20210315110000_20210315113248.csv
2021-03-16T17:00:00Z,1.0,115.0,2021-03-16,MarketResult_SEM-DA_PWR-MRC-D+1_20210315110000_20210315113248.csv
2021-03-16T18:00:00Z,1.0,155.0,2021-03-16,MarketResult_SEM-DA_PWR-MRC-D+1_20210315110000_20210315113248.csv
2021-03-16T19:00:00Z,1.0,150.0,2021-03-16,MarketResult_SEM-DA_PWR-MRC-D+1_20210315110000_20210315113248.csv
2021-03-16T20:00:00Z,1.0,112.0,2021-03-16,MarketResult_SEM-DA_PWR-MRC-D+1_20210315110000_20210315113248.csv
2021-03-16T21:00:00Z,1.0,87.6,2021-03-16,MarketResult_SEM-DA_PWR-MRC-D+1_20210315110000_20210315113248.csv
2021-03-16T22:00:00Z,1.0,77.77,2021-03-16,MarketResult_SEM-DA_PWR-MRC-D+1_20210315110000_20210315113248.csv
2021-03-16T23:00:00Z,1.0,64.12,2021-03-17,MarketResult_SEM-DA_PWR-MRC-D+1_20210316110000_20210316113224.csv
2021-03-17T00:00:00Z,1.0,62.38,2021-03-17,MarketResult_SEM-DA_PWR-MRC-D+1_20210316110000_20210316113224.csv
2021-03-17T01:00:00Z,1.0,63.6,2021-03-17,MarketResult_SEM-DA_PWR-MRC-D+1_20210316110000_20210316113224.csv
2021-03-17T02:00:00Z,1.0,62.07,2021-03-17,MarketResult_SEM-DA_PWR-MRC-D+1_20210316110000_20210316113224.csv
2021-03-17T03:00:00Z,1.0,60.0,2021-03-17,MarketResult_SEM-DA_PWR-MRC-D+1_20210316110000_20210316113224.csv
2021-03-17T04:00:00Z,1.0,59.94,2021-03-17,MarketResult_SEM-DA_PWR-MRC-D+1_20210316110000_20210316113224.csv
2021-03-17T05:00:00Z,1.0,61.41,2021-03-17,MarketResult_SEM-DA_PWR-MRC-D+1_20210316110000_20210316113224.csv
2021-03-17T06:00:00Z,1.0,65.0,2021-03-17,MarketResult_SEM-DA_PWR-MRC-D+1_20210316110000_20210316113224.csv
2021-03-17T07:00:00Z,1.0,72.46,2021-03-17,MarketResult_SEM-DA_PWR-MRC-D+1_20210316110000_20210316113224.csv
2021-03-17T08:00:00Z,1.0,79.28,2021-03-17,MarketResult_SEM-DA_PWR-MRC-D+1_20210316110000_20210316113224.csv
2021-03-17T09:00:00Z,1.0,80.42,2021-03-17,MarketResult_SEM-DA_PWR-MRC-D+1_20210316110000_20210316113224.csv
2021-03-17T10:00:00Z,1.0,80.1,2021-03-17,MarketResult_SEM-DA_PWR-MRC-D+1_20210316110000_20210316113224.csv
2021-03-17T11:00:00Z,1.0,77.82,2021-03-17,MarketResult_SEM-DA_PWR-MRC-D+1_20210316110000_20210316113224.csv
2021-03-17T12:00:00Z,1.0,78.0,2021-03-17,MarketResult_SEM-DA_PWR-MRC-D+1_20210316110000_20210316113224.csv
2021-03-17T13:00:00Z,1.0,75.19,2021-03-17,MarketResult_SEM-DA_PWR-MRC-D+1_20210316110000_20210316113224.csv
2021-03-17T14:00:00Z,1.0,71.37,2021-03-17,MarketResult_SEM-DA_PWR-MRC-D+1_20210316110000_20210316113224.csv
2021-03-17T15:00:00Z,1.0,71.2,2021-03-17,MarketResult_SEM-DA_PWR-MRC-D+1_20210316110000_20210316113224.csv
2021-03-17T16:00:00Z,1.0,75.6,2021-03-17,MarketResult_SEM-DA_PWR-MRC-D+1_20210316110000_20210316113224.csv
2021-03-17T17:00:00Z,1.0,94.87,2021-03-17,MarketResult_SEM-DA_PWR-MRC-D+1_20210316110000_20210316113224.csv
2021-03-17T18:00:00Z,1.0,115.0,2021-03-17,MarketResult_SEM-DA_PWR-MRC-D+1_20210316110000_20210316113224.csv
2021-03-17T19:00:00Z,1.0,111.84,2021-03-17,MarketResult_SEM-DA_PWR-MRC-D+1_20210316110000_20210316113224.csv
2021-03-17T20:00:00Z,1.0,85.26,2021-03-17,MarketResult_SEM-DA_PWR-MRC-D+1_20210316110000_20210316113224.csv
2021-03-17T21:00:00Z,1.0,77.0,2021-03-17,MarketResult_SEM-DA_PWR-MRC-D+1_20210316110000_20210316113224.csv
2021-03-17T22:00:00Z,1.0,68.74,2021-03-17,MarketResult_SEM-DA_PWR-MRC-D+1_20210316110000_20210316113224.csv
2021-03-17T23:00:00Z,1.0,67.16,2021-03-18,MarketResult_SEM-DA_PWR-MRC-D+1_20210317110000_20210317113635.csv
2021-03-18T00:00:00Z,1.0,65.03,2021-03-18,MarketResult_SEM-DA_PWR-MRC-D+1_20210317110000_20210317113635.csv
2021-03-18T01:00:00Z,1.0,64.01,2021-03-18,MarketResult_SEM-DA_PWR-MRC-D+1_20210317110000_20210317113635.csv
2021-03-18T02:00:00Z,1.0,62.26,2021-03-18,MarketResult_SEM-DA_PWR-MRC-D+1_20210317110000_20210317113635.csv
2021-03-18T03:00:00Z,1.0,57.65,2021-03-18,MarketResult_SEM-DA_PWR-MRC-D+1_20210317110000_20210317113635.csv
2021-03-18T04:00:00Z,1.0,57.86,2021-03-18,MarketResult_SEM-DA_PWR-MRC-D+1_20210317110000_20210317113635.csv
2021-03-18T05:00:00Z,1.0,62.89,2021-03-18,MarketResult_SEM-DA_PWR-MRC-D+1_20210317110000_20210317113635.csv
2021-03-18T06:00:00Z,1.0,69.0,2021-03-18,MarketResult_SEM-DA_PWR-MRC-D+1_20210317110000_20210317113635.csv
2021-03-18T07:00:00Z,1.0,77.0,2021-03-18,MarketResult_SEM-DA_PWR-MRC-D+1_20210317110000_20210317113635.csv
2021-03-18T08:00:00Z,1.0,80.0,2021-03-18,MarketResult_SEM-DA_PWR-MRC-D+1_20210317110000_20210317113635.csv
2021-03-18T09:00:00Z,1.0,82.02,2021-03-18,MarketResult_SEM-DA_PWR-MRC-D+1_20210317110000_20210317113635.csv
2021-03-18T10:00:00Z,1.0,79.0,2021-03-18,MarketResult_SEM-DA_PWR-MRC-D+1_20210317110000_20210317113635.csv
2021-03-18T11:00:00Z,1.0,74.69,2021-03-18,MarketResult_SEM-DA_PWR-MRC-D+1_20210317110000_20210317113635.csv
2021-03-18T12:00:00Z,1.0,77.91,2021-03-18,MarketResult_SEM-DA_PWR-MRC-D+1_20210317110000_20210317113635.csv
2021-03-18T13:00:00Z,1.0,68.03,2021-03-18,MarketResult_SEM-DA_PWR-MRC-D+1_20210317110000_20210317113635.csv
2021-03-18T14:00:00Z,1.0,63.79,2021-03-18,MarketResult_SEM-DA_PWR-MRC-D+1_20210317110000_20210317113635.csv
2021-03-18T15:00:00Z,1.0,63.22,2021-03-18,MarketResult_SEM-DA_PWR-MRC-D+1_20210317110000_20210317113635.csv
2021-03-18T16:00:00Z,1.0,68.61,2021-03-18,MarketResult_SEM-DA_PWR-MRC-D+1_20210317110000_20210317113635.csv
2021-03-18T17:00:00Z,1.0,81.4,2021-03-18,MarketResult_SEM-DA_PWR-MRC-D+1_20210317110000_20210317113635.csv
2021-03-18T18:00:00Z,1.0,89.7,2021-03-18,MarketResult_SEM-DA_PWR-MRC-D+1_20210317110000_20210317113635.csv
2021-03-18T19:00:00Z,1.0,86.43,2021-03-18,MarketResult_SEM-DA_PWR-MRC-D+1_20210317110000_20210317113635.csv
2021-03-18T20:00:00Z,1.0,72.0,2021-03-18,MarketResult_SEM-DA_PWR-MRC-D+1_20210317110000_20210317113635.csv
2021-03-18T21:00:00Z,1.0,62.31,2021-03-18,MarketResult_SEM-DA_PWR-MRC-D+1_20210317110000_20210317113635.csv
2021-03-18T22:00:00Z,1.0,55.2,2021-03-18,MarketResult_SEM-DA_PWR-MRC-D+1_20210317110000_20210317113635.csv
2021-03-18T23:00:00Z,1.0,61.5,2021-03-19,MarketResult_SEM-DA_PWR-MRC-D+1_20210318110000_20210318113455.csv
2021-03-19T00:00:00Z,1.0,59.84,2021-03-19,MarketResult_SEM-DA_PWR-MRC-D+1_20210318110000_20210318113455.csv
2021-03-19T01:00:00Z,1.0,59.94,2021-03-19,MarketResult_SEM-DA_PWR-MRC-D+1_20210318110000_20210318113455.csv
2021-03-19T02:00:00Z,1.0,56.75,2021-03-19,MarketResult_SEM-DA_PWR-MRC-D+1_20210318110000_20210318113455.csv
2021-03-19T03:00:00Z,1.0,56.75,2021-03-19,MarketResult_SEM-DA_PWR-MRC-D+1_20210318110000_20210318113455.csv
2021-03-19T04:00:00Z,1.0,56.75,2021-03-19,MarketResult_SEM-DA_PWR-MRC-D+1_20210318110000_20210318113455.csv
2021-03-19T05:00:00Z,1.0,58.0,2021-03-19,MarketResult_SEM-DA_PWR-MRC-D+1_20210318110000_20210318113455.csv
2021-03-19T06:00:00Z,1.0,64.48,2021-03-19,MarketResult_SEM-DA_PWR-MRC-D+1_20210318110000_20210318113455.csv
2021-03-19T07:00:00Z,1.0,71.11,2021-03-19,MarketResult_SEM-DA_PWR-MRC-D+1_20210318110000_20210318113455.csv
2021-03-19T08:00:00Z,1.0,80.87,2021-03-19,MarketResult_SEM-DA_PWR-MRC-D+1_20210318110000_20210318113455.csv
2021-03-19T09:00:00Z,1.0,93.05,2021-03-19,MarketResult_SEM-DA_PWR-MRC-D+1_20210318110000_20210318113455.csv
2021-03-19T10:00:00Z,1.0,98.0,2021-03-19,MarketResult_SEM-DA_PWR-MRC-D+1_20210318110000_20210318113455.csv
2021-03-19T11:00:00Z,1.0,95.79,2021-03-19,MarketResult_SEM-DA_PWR-MRC-D+1_20210318110000_20210318113455.csv
2021-03-19T12:00:00Z,1.0,98.9,2021-03-19,MarketResult_SEM-DA_PWR-MRC-D+1_20210318110000_20210318113455.csv
2021-03-19T13:00:00Z,1.0,91.0,2021-03-19,MarketResult_SEM-DA_PWR-MRC-D+1_20210318110000_20210318113455.csv
2021-03-19T14:00:00Z,1.0,83.04,2021-03-19,MarketResult_SEM-DA_PWR-MRC-D+1_20210318110000_20210318113455.csv
2021-03-19T15:00:00Z,1.0,83.5,2021-03-19,MarketResult_SEM-DA_PWR-MRC-D+1_20210318110000_20210318113455.csv
2021-03-19T16:00:00Z,1.0,107.22,2021-03-19,MarketResult_SEM-DA_PWR-MRC-D+1_20210318110000_20210318113455.csv
2021-03-19T17:00:00Z,1.0,128.6,2021-03-19,MarketResult_SEM-DA_PWR-MRC-D+1_20210318110000_20210318113455.csv
2021-03-19T18:00:00Z,1.0,179.59,2021-03-19,MarketResult_SEM-DA_PWR-MRC-D+1_20210318110000_20210318113455.csv
2021-03-19T19:00:00Z,1.0,179.56,2021-03-19,MarketResult_SEM-DA_PWR-MRC-D+1_20210318110000_20210318113455.csv
2021-03-19T20:00:00Z,1.0,122.32,2021-03-19,MarketResult_SEM-DA_PWR-MRC-D+1_20210318110000_20210318113455.csv
2021-03-19T21:00:00Z,1.0,90.27,2021-03-19,MarketResult_SEM-DA_PWR-MRC-D+1_20210318110000_20210318113455.csv
2021-03-19T22:00:00Z,1.0,80.71,2021-03-19,MarketResult_SEM-DA_PWR-MRC-D+1_20210318110000_20210318113455.csv
2021-03-19T23:00:00Z,1.0,79.3,2021-03-20,MarketResult_SEM-DA_PWR-MRC-D+1_20210319110000_20210319113102.csv
2021-03-20T00:00:00Z,1.0,74.68,2021-03-20,MarketResult_SEM-DA_PWR-MRC-D+1_20210319110000_20210319113102.csv
2021-03-20T01:00:00Z,1.0,70.48,2021-03-20,MarketResult_SEM-DA_PWR-MRC-D+1_20210319110000_20210319113102.csv
2021-03-20T02:00:00Z,1.0,66.37,2021-03-20,MarketResult_SEM-DA_PWR-MRC-D+1_20210319110000_20210319113102.csv
2021-03-20T03:00:00Z,1.0,65.0,2021-03-20,MarketResult_SEM-DA_PWR-MRC-D+1_20210319110000_20210319113102.csv
2021-03-20T04:00:00Z,1.0,63.64,2021-03-20,MarketResult_SEM-DA_PWR-MRC-D+1_20210319110000_20210319113102.csv
2021-03-20T05:00:00Z,1.0,62.98,2021-03-20,MarketResult_SEM-DA_PWR-MRC-D+1_20210319110000_20210319113102.csv
2021-03-20T06:00:00Z,1.0,64.53,2021-03-20,MarketResult_SEM-DA_PWR-MRC-D+1_20210319110000_20210319113102.csv
2021-03-20T07:00:00Z,1.0,68.74,2021-03-20,MarketResult_SEM-DA_PWR-MRC-D+1_20210319110000_20210319113102.csv
2021-03-20T08:00:00Z,1.0,75.6,2021-03-20,MarketResult_SEM-DA_PWR-MRC-D+1_20210319110000_20210319113102.csv
2021-03-20T09:00:00Z,1.0,86.1,2021-03-20,MarketResult_SEM-DA_PWR-MRC-D+1_20210319110000_20210319113102.csv
2021-03-20T10:00:00Z,1.0,85.39,2021-03-20,MarketResult_SEM-DA_PWR-MRC-D+1_20210319110000_20210319113102.csv
2021-03-20T11:00:00Z,1.0,83.43,2021-03-20,MarketResult_SEM-DA_PWR-MRC-D+1_20210319110000_20210319113102.csv
2021-03-20T12:00:00Z,1.0,82.48,2021-03-20,MarketResult_SEM-DA_PWR-MRC-D+1_20210319110000_20210319113102.csv
2021-03-20T13:00:00Z,1.0,77.17,2021-03-20,MarketResult_SEM-DA_PWR-MRC-D+1_20210319110000_20210319113102.csv
2021-03-20T14:00:00Z,1.0,70.0,2021-03-20,MarketResult_SEM-DA_PWR-MRC-D+1_20210319110000_20210319113102.csv
2021-03-20T15:00:00Z,1.0,72.49,2021-03-20,MarketResult_SEM-DA_PWR-MRC-D+1_20210319110000_20210319113102.csv
2021-03-20T16:00:00Z,1.0,79.08,2021-03-20,MarketResult_SEM-DA_PWR-MRC-D+1_20210319110000_20210319113102.csv
2021-03-20T17:00:00Z,1.0,99.0,2021-03-20,MarketResult_SEM-DA_PWR-MRC-D+1_20210319110000_20210319113102.csv
2021-03-20T18:00:00Z,1.0,118.3,2021-03-20,MarketResult_SEM-DA_PWR-MRC-D+1_20210319110000_20210319113102.csv
2021-03-20T19:00:00Z,1.0,115.0,2021-03-20,MarketResult_SEM-DA_PWR-MRC-D+1_20210319110000_20210319113102.csv
2021-03-20T20:00:00Z,1.0,88.4,2021-03-20,MarketResult_SEM-DA_PWR-MRC-D+1_20210319110000_20210319113102.csv
2021-03-20T21:00:00Z,1.0,76.21,2021-03-20,MarketResult_SEM-DA_PWR-MRC-D+1_20210319110000_20210319113102.csv
2021-03-20T22:00:00Z,1.0,69.0,2021-03-20,MarketResult_SEM-DA_PWR-MRC-D+1_20210319110000_20210319113102.csv
2021-03-20T23:00:00Z,1.0,63.0,2021-03-21,MarketResult_SEM-DA_PWR-MRC-D+1_20210320110000_20210320113055.csv
2021-03-21T00:00:00Z,1.0,62.0,2021-03-21,MarketResult_SEM-DA_PWR-MRC-D+1_20210320110000_20210320113055.csv
2021-03-21T01:00:00Z,1.0,61.0,2021-03-21,MarketResult_SEM-DA_PWR-MRC-D+1_20210320110000_20210320113055.csv
2021-03-21T02:00:00Z,1.0,61.0,2021-03-21,MarketResult_SEM-DA_PWR-MRC-D+1_20210320110000_20210320113055.csv
2021-03-21T03:00:00Z,1.0,57.0,2021-03-21,MarketResult_SEM-DA_PWR-MRC-D+1_20210320110000_20210320113055.csv
2021-03-21T04:00:00Z,1.0,53.9,2021-03-21,MarketResult_SEM-DA_PWR-MRC-D+1_20210320110000_20210320113055.csv
2021-03-21T05:00:00Z,1.0,52.27,2021-03-21,MarketResult_SEM-DA_PWR-MRC-D+1_20210320110000_20210320113055.csv
2021-03-21T06:00:00Z,1.0,58.78,2021-03-21,MarketResult_SEM-DA_PWR-MRC-D+1_20210320110000_20210320113055.csv
2021-03-21T07:00:00Z,1.0,62.57,2021-03-21,MarketResult_SEM-DA_PWR-MRC-D+1_20210320110000_20210320113055.csv
2021-03-21T08:00:00Z,1.0,68.16,2021-03-21,MarketResult_SEM-DA_PWR-MRC-D+1_20210320110000_20210320113055.csv
2021-03-21T09:00:00Z,1.0,74.1,2021-03-21,MarketResult_SEM-DA_PWR-MRC-D+1_20210320110000_20210320113055.csv
2021-03-21T10:00:00Z,1.0,81.1,2021-03-21,MarketResult_SEM-DA_PWR-MRC-D+1_20210320110000_20210320113055.csv
2021-03-21T11:00:00Z,1.0,81.1,2021-03-21,MarketResult_SEM-DA_PWR-MRC-D+1_20210320110000_20210320113055.csv
2021-03-21T12:00:00Z,1.0,85.28,2021-03-21,MarketResult_SEM-DA_PWR-MRC-D+1_20210320110000_20210320113055.csv
2021-03-21T13:00:00Z,1.0,81.04,2021-03-21,MarketResult_SEM-DA_PWR-MRC-D+1_20210320110000_20210320113055.csv
2021-03-21T14:00:00Z,1.0,79.0,2021-03-21,MarketResult_SEM-DA_PWR-MRC-D+1_20210320110000_20210320113055.csv
2021-03-21T15:00:00Z,1.0,77.1,2021-03-21,MarketResult_SEM-DA_PWR-MRC-D+1_20210320110000_20210320113055.csv
2021-03-21T16:00:00Z,1.0,99.06,2021-03-21,MarketResult_SEM-DA_PWR-MRC-D+1_20210320110000_20210320113055.csv
2021-03-21T17:00:00Z,1.0,118.91,2021-03-21,MarketResult_SEM-DA_PWR-MRC-D+1_20210320110000_20210320113055.csv
2021-03-21T18:00:00Z,1.0,150.0,2021-03-21,MarketResult_SEM-DA_PWR-MRC-D+1_20210320110000_20210320113055.csv
2021-03-21T19:00:00Z,1.0,175.63,2021-03-21,MarketResult_SEM-DA_PWR-MRC-D+1_20210320110000_20210320113055.csv
2021-03-21T20:00:00Z,1.0,117.92,2021-03-21,MarketResult_SEM-DA_PWR-MRC-D+1_20210320110000_20210320113055.csv
2021-03-21T21:00:00Z,1.0,81.1,2021-03-21,MarketResult_SEM-DA_PWR-MRC-D+1_20210320110000_20210320113055.csv
2021-03-21T22:00:00Z,1.0,73.0,2021-03-21,MarketResult_SEM-DA_PWR-MRC-D+1_20210320110000_20210320113055.csv
2021-03-21T23:00:00Z,1.0,63.98,2021-03-22,MarketResult_SEM-DA_PWR-MRC-D+1_20210321110000_20210321113119.csv
2021-03-22T00:00:00Z,1.0,63.98,2021-03-22,MarketResult_SEM-DA_PWR-MRC-D+1_20210321110000_20210321113119.csv
2021-03-22T01:00:00Z,1.0,63.09,2021-03-22,MarketResult_SEM-DA_PWR-MRC-D+1_20210321110000_20210321113119.csv
2021-03-22T02:00:00Z,1.0,59.84,2021-03-22,MarketResult_SEM-DA_PWR-MRC-D+1_20210321110000_20210321113119.csv
2021-03-22T03:00:00Z,1.0,52.96,2021-03-22,MarketResult_SEM-DA_PWR-MRC-D+1_20210321110000_20210321113119.csv
2021-03-22T04:00:00Z,1.0,52.0,2021-03-22,MarketResult_SEM-DA_PWR-MRC-D+1_20210321110000_20210321113119.csv
2021-03-22T05:00:00Z,1.0,60.7,2021-03-22,MarketResult_SEM-DA_PWR-MRC-D+1_20210321110000_20210321113119.csv
2021-03-22T06:00:00Z,1.0,67.5,2021-03-22,MarketResult_SEM-DA_PWR-MRC-D+1_20210321110000_20210321113119.csv
2021-03-22T07:00:00Z,1.0,72.47,2021-03-22,MarketResult_SEM-DA_PWR-MRC-D+1_20210321110000_20210321113119.csv
2021-03-22T08:00:00Z,1.0,79.38,2021-03-22,MarketResult_SEM-DA_PWR-MRC-D+1_20210321110000_20210321113119.csv
2021-03-22T09:00:00Z,1.0,81.43,2021-03-22,MarketResult_SEM-DA_PWR-MRC-D+1_20210321110000_20210321113119.csv
2021-03-22T10:00:00Z,1.0,74.58,2021-03-22,MarketResult_SEM-DA_PWR-MRC-D+1_20210321110000_20210321113119.csv
2021-03-22T11:00:00Z,1.0,71.0,2021-03-22,MarketResult_SEM-DA_PWR-MRC-D+1_20210321110000_20210321113119.csv
2021-03-22T12:00:00Z,1.0,69.81,2021-03-22,MarketResult_SEM-DA_PWR-MRC-D+1_20210321110000_20210321113119.csv
2021-03-22T13:00:00Z,1.0,69.0,2021-03-22,MarketResult_SEM-DA_PWR-MRC-D+1_20210321110000_20210321113119.csv
2021-03-22T14:00:00Z,1.0,67.64,2021-03-22,MarketResult_SEM-DA_PWR-MRC-D+1_20210321110000_20210321113119.csv
2021-03-22T15:00:00Z,1.0,69.75,2021-03-22,MarketResult_SEM-DA_PWR-MRC-D+1_20210321110000_20210321113119.csv
2021-03-22T16:00:00Z,1.0,75.0,2021-03-22,MarketResult_SEM-DA_PWR-MRC-D+1_20210321110000_20210321113119.csv
2021-03-22T17:00:00Z,1.0,95.29,2021-03-22,MarketResult_SEM-DA_PWR-MRC-D+1_20210321110000_20210321113119.csv
2021-03-22T18:00:00Z,1.0,122.0,2021-03-22,MarketResult_SEM-DA_PWR-MRC-D+1_20210321110000_20210321113119.csv
2021-03-22T19:00:00Z,1.0,119.25,2021-03-22,MarketResult_SEM-DA_PWR-MRC-D+1_20210321110000_20210321113119.csv
2021-03-22T20:00:00Z,1.0,81.0,2021-03-22,MarketResult_SEM-DA_PWR-MRC-D+1_20210321110000_20210321113119.csv
2021-03-22T21:00:00Z,1.0,67.2,2021-03-22,MarketResult_SEM-DA_PWR-MRC-D+1_20210321110000_20210321113119.csv
2021-03-22T22:00:00Z,1.0,59.86,2021-03-22,MarketResult_SEM-DA_PWR-MRC-D+1_20210321110000_20210321113119.csv
2021-03-22T23:00:00Z,1.0,60.69,2021-03-23,MarketResult_SEM-DA_PWR-MRC-D+1_20210322110000_20210322113702.csv
2021-03-23T00:00:00Z,1.0,56.76,2021-03-23,MarketResult_SEM-DA_PWR-MRC-D+1_20210322110000_20210322113702.csv
2021-03-23T01:00:00Z,1.0,52.82,2021-03-23,MarketResult_SEM-DA_PWR-MRC-D+1_20210322110000_20210322113702.csv
2021-03-23T02:00:00Z,1.0,47.96,2021-03-23,MarketResult_SEM-DA_PWR-MRC-D+1_20210322110000_20210322113702.csv
2021-03-23T03:00:00Z,1.0,46.33,2021-03-23,MarketResult_SEM-DA_PWR-MRC-D+1_20210322110000_20210322113702.csv
2021-03-23T04:00:00Z,1.0,45.4,2021-03-23,MarketResult_SEM-DA_PWR-MRC-D+1_20210322110000_20210322113702.csv
2021-03-23T05:00:00Z,1.0,50.0,2021-03-23,MarketResult_SEM-DA_PWR-MRC-D+1_20210322110000_20210322113702.csv
2021-03-23T06:00:00Z,1.0,52.43,2021-03-23,MarketResult_SEM-DA_PWR-MRC-D+1_20210322110000_20210322113702.csv
2021-03-23T07:00:00Z,1.0,62.1,2021-03-23,MarketResult_SEM-DA_PWR-MRC-D+1_20210322110000_20210322113702.csv
2021-03-23T08:00:00Z,1.0,56.67,2021-03-23,MarketResult_SEM-DA_PWR-MRC-D+1_20210322110000_20210322113702.csv
2021-03-23T09:00:00Z,1.0,55.0,2021-03-23,MarketResult_SEM-DA_PWR-MRC-D+1_20210322110000_20210322113702.csv
2021-03-23T10:00:00Z,1.0,49.18,2021-03-23,MarketResult_SEM-DA_PWR-MRC-D+1_20210322110000_20210322113702.csv
2021-03-23T11:00:00Z,1.0,43.6,2021-03-23,MarketResult_SEM-DA_PWR-MRC-D+1_20210322110000_20210322113702.csv
2021-03-23T12:00:00Z,1.0,42.01,2021-03-23,MarketResult_SEM-DA_PWR-MRC-D+1_20210322110000_20210322113702.csv
2021-03-23T13:00:00Z,1.0,41.0,2021-03-23,MarketResult_SEM-DA_PWR-MRC-D+1_20210322110000_20210322113702.csv
2021-03-23T14:00:00Z,1.0,42.41,2021-03-23,MarketResult_SEM-DA_PWR-MRC-D+1_20210322110000_20210322113702.csv
2021-03-23T15:00:00Z,1.0,51.0,2021-03-23,MarketResult_SEM-DA_PWR-MRC-D+1_20210322110000_20210322113702.csv
2021-03-23T16:00:00Z,1.0,58.02,2021-03-23,MarketResult_SEM-DA_PWR-MRC-D+1_20210322110000_20210322113702.csv
2021-03-23T17:00:00Z,1.0,72.55,2021-03-23,MarketResult_SEM-DA_PWR-MRC-D+1_20210322110000_20210322113702.csv
2021-03-23T18:00:00Z,1.0,86.7,2021-03-23,MarketResult_SEM-DA_PWR-MRC-D+1_20210322110000_20210322113702.csv
2021-03-23T19:00:00Z,1.0,81.92,2021-03-23,MarketResult_SEM-DA_PWR-MRC-D+1_20210322110000_20210322113702.csv
2021-03-23T20:00:00Z,1.0,68.2,2021-03-23,MarketResult_SEM-DA_PWR-MRC-D+1_20210322110000_20210322113702.csv
2021-03-23T21:00:00Z,1.0,62.48,2021-03-23,MarketResult_SEM-DA_PWR-MRC-D+1_20210322110000_20210322113702.csv
2021-03-23T22:00:00Z,1.0,54.62,2021-03-23,MarketResult_SEM-DA_PWR-MRC-D+1_20210322110000_20210322113702.csv
2021-03-23T23:00:00Z,1.0,58.4,2021-03-24,MarketResult_SEM-DA_PWR-MRC-D+1_20210323110000_20210323113239.csv
2021-03-24T00:00:00Z,1.0,55.1,2021-03-24,MarketResult_SEM-DA_PWR-MRC-D+1_20210323110000_20210323113239.csv
2021-03-24T01:00:00Z,1.0,51.43,2021-03-24,MarketResult_SEM-DA_PWR-MRC-D+1_20210323110000_20210323113239.csv
2021-03-24T02:00:00Z,1.0,49.11,2021-03-24,MarketResult_SEM-DA_PWR-MRC-D+1_20210323110000_20210323113239.csv
2021-03-24T03:00:00Z,1.0,47.0,2021-03-24,MarketResult_SEM-DA_PWR-MRC-D+1_20210323110000_20210323113239.csv
2021-03-24T04:00:00Z,1.0,50.27,2021-03-24,MarketResult_SEM-DA_PWR-MRC-D+1_20210323110000_20210323113239.csv
2021-03-24T05:00:00Z,1.0,58.39,2021-03-24,MarketResult_SEM-DA_PWR-MRC-D+1_20210323110000_20210323113239.csv
2021-03-24T06:00:00Z,1.0,62.63,2021-03-24,MarketResult_SEM-DA_PWR-MRC-D+1_20210323110000_20210323113239.csv
2021-03-24T07:00:00Z,1.0,71.4,2021-03-24,MarketResult_SEM-DA_PWR-MRC-D+1_20210323110000_20210323113239.csv
2021-03-24T08:00:00Z,1.0,76.19,2021-03-24,MarketResult_SEM-DA_PWR-MRC-D+1_20210323110000_20210323113239.csv
2021-03-24T09:00:00Z,1.0,71.4,2021-03-24,MarketResult_SEM-DA_PWR-MRC-D+1_20210323110000_20210323113239.csv
2021-03-24T10:00:00Z,1.0,59.17,2021-03-24,MarketResult_SEM-DA_PWR-MRC-D+1_20210323110000_20210323113239.csv
2021-03-24T11:00:00Z,1.0,49.0,2021-03-24,MarketResult_SEM-DA_PWR-MRC-D+1_20210323110000_20210323113239.csv
2021-03-24T12:00:00Z,1.0,46.0,2021-03-24,MarketResult_SEM-DA_PWR-MRC-D+1_20210323110000_20210323113239.csv
2021-03-24T13:00:00Z,1.0,44.0,2021-03-24,MarketResult_SEM-DA_PWR-MRC-D+1_20210323110000_20210323113239.csv
2021-03-24T14:00:00Z,1.0,44.2,2021-03-24,MarketResult_SEM-DA_PWR-MRC-D+1_20210323110000_20210323113239.csv
2021-03-24T15:00:00Z,1.0,47.0,2021-03-24,MarketResult_SEM-DA_PWR-MRC-D+1_20210323110000_20210323113239.csv
2021-03-24T16:00:00Z,1.0,58.39,2021-03-24,MarketResult_SEM-DA_PWR-MRC-D+1_20210323110000_20210323113239.csv
2021-03-24T17:00:00Z,1.0,73.2,2021-03-24,MarketResult_SEM-DA_PWR-MRC-D+1_20210323110000_20210323113239.csv
2021-03-24T18:00:00Z,1.0,92.4,2021-03-24,MarketResult_SEM-DA_PWR-MRC-D+1_20210323110000_20210323113239.csv
2021-03-24T19:00:00Z,1.0,92.92,2021-03-24,MarketResult_SEM-DA_PWR-MRC-D+1_20210323110000_20210323113239.csv
2021-03-24T20:00:00Z,1.0,75.88,2021-03-24,MarketResult_SEM-DA_PWR-MRC-D+1_20210323110000_20210323113239.csv
2021-03-24T21:00:00Z,1.0,67.69,2021-03-24,MarketResult_SEM-DA_PWR-MRC-D+1_20210323110000_20210323113239.csv
2021-03-24T22:00:00Z,1.0,61.31,2021-03-24,MarketResult_SEM-DA_PWR-MRC-D+1_20210323110000_20210323113239.csv
2021-03-24T23:00:00Z,1.0,66.0,2021-03-25,MarketResult_SEM-DA_PWR-MRC-D+1_20210324110000_20210324113128.csv
2021-03-25T00:00:00Z,1.0,62.0,2021-03-25,MarketResult_SEM-DA_PWR-MRC-D+1_20210324110000_20210324113128.csv
2021-03-25T01:00:00Z,1.0,63.9,2021-03-25,MarketResult_SEM-DA_PWR-MRC-D+1_20210324110000_20210324113128.csv
2021-03-25T02:00:00Z,1.0,62.0,2021-03-25,MarketResult_SEM-DA_PWR-MRC-D+1_20210324110000_20210324113128.csv
2021-03-25T03:00:00Z,1.0,55.0,2021-03-25,MarketResult_SEM-DA_PWR-MRC-D+1_20210324110000_20210324113128.csv
2021-03-25T04:00:00Z,1.0,53.88,2021-03-25,MarketResult_SEM-DA_PWR-MRC-D+1_20210324110000_20210324113128.csv
2021-03-25T05:00:00Z,1.0,59.12,2021-03-25,MarketResult_SEM-DA_PWR-MRC-D+1_20210324110000_20210324113128.csv
2021-03-25T06:00:00Z,1.0,66.31,2021-03-25,MarketResult_SEM-DA_PWR-MRC-D+1_20210324110000_20210324113128.csv
2021-03-25T07:00:00Z,1.0,68.49,2021-03-25,MarketResult_SEM-DA_PWR-MRC-D+1_20210324110000_20210324113128.csv
2021-03-25T08:00:00Z,1.0,73.57,2021-03-25,MarketResult_SEM-DA_PWR-MRC-D+1_20210324110000_20210324113128.csv
2021-03-25T09:00:00Z,1.0,69.8,2021-03-25,MarketResult_SEM-DA_PWR-MRC-D+1_20210324110000_20210324113128.csv
2021-03-25T10:00:00Z,1.0,61.77,2021-03-25,MarketResult_SEM-DA_PWR-MRC-D+1_20210324110000_20210324113128.csv
2021-03-25T11:00:00Z,1.0,59.28,2021-03-25,MarketResult_SEM-DA_PWR-MRC-D+1_20210324110000_20210324113128.csv
2021-03-25T12:00:00Z,1.0,56.57,2021-03-25,MarketResult_SEM-DA_PWR-MRC-D+1_20210324110000_20210324113128.csv
2021-03-25T13:00:00Z,1.0,49.0,2021-03-25,MarketResult_SEM-DA_PWR-MRC-D+1_20210324110000_20210324113128.csv
2021-03-25T14:00:00Z,1.0,44.9,2021-03-25,MarketResult_SEM-DA_PWR-MRC-D+1_20210324110000_20210324113128.csv
2021-03-25T15:00:00Z,1.0,44.9,2021-03-25,MarketResult_SEM-DA_PWR-MRC-D+1_20210324110000_20210324113128.csv
2021-03-25T16:00:00Z,1.0,51.0,2021-03-25,MarketResult_SEM-DA_PWR-MRC-D+1_20210324110000_20210324113128.csv
2021-03-25T17:00:00Z,1.0,61.53,2021-03-25,MarketResult_SEM-DA_PWR-MRC-D+1_20210324110000_20210324113128.csv
2021-03-25T18:00:00Z,1.0,76.0,2021-03-25,MarketResult_SEM-DA_PWR-MRC-D+1_20210324110000_20210324113128.csv
2021-03-25T19:00:00Z,1.0,73.63,2021-03-25,MarketResult_SEM-DA_PWR-MRC-D+1_20210324110000_20210324113128.csv
2021-03-25T20:00:00Z,1.0,56.07,2021-03-25,MarketResult_SEM-DA_PWR-MRC-D+1_20210324110000_20210324113128.csv
2021-03-25T21:00:00Z,1.0,55.25,2021-03-25,MarketResult_SEM-DA_PWR-MRC-D+1_20210324110000_20210324113128.csv
2021-03-25T22:00:00Z,1.0,46.26,2021-03-25,MarketResult_SEM-DA_PWR-MRC-D+1_20210324110000_20210324113128.csv
2021-03-25T23:00:00Z,1.0,44.0,2021-03-26,MarketResult_SEM-DA_PWR-MRC-D+1_20210325110000_20210325113652.csv
2021-03-26T00:00:00Z,1.0,39.8,2021-03-26,MarketResult_SEM-DA_PWR-MRC-D+1_20210325110000_20210325113652.csv
2021-03-26T01:00:00Z,1.0,36.27,2021-03-26,MarketResult_SEM-DA_PWR-MRC-D+1_20210325110000_20210325113652.csv
2021-03-26T02:00:00Z,1.0,35.0,2021-03-26,MarketResult_SEM-DA_PWR-MRC-D+1_20210325110000_20210325113652.csv
2021-03-26T03:00:00Z,1.0,33.3,2021-03-26,MarketResult_SEM-DA_PWR-MRC-D+1_20210325110000_20210325113652.csv
2021-03-26T04:00:00Z,1.0,36.27,2021-03-26,MarketResult_SEM-DA_PWR-MRC-D+1_20210325110000_20210325113652.csv
2021-03-26T05:00:00Z,1.0,46.7,2021-03-26,MarketResult_SEM-DA_PWR-MRC-D+1_20210325110000_20210325113652.csv
2021-03-26T06:00:00Z,1.0,56.2,2021-03-26,MarketResult_SEM-DA_PWR-MRC-D+1_20210325110000_20210325113652.csv
2021-03-26T07:00:00Z,1.0,67.02,2021-03-26,MarketResult_SEM-DA_PWR-MRC-D+1_20210325110000_20210325113652.csv
2021-03-26T08:00:00Z,1.0,69.68,2021-03-26,MarketResult_SEM-DA_PWR-MRC-D+1_20210325110000_20210325113652.csv
2021-03-26T09:00:00Z,1.0,68.08,2021-03-26,MarketResult_SEM-DA_PWR-MRC-D+1_20210325110000_20210325113652.csv
2021-03-26T10:00:00Z,1.0,59.0,2021-03-26,MarketResult_SEM-DA_PWR-MRC-D+1_20210325110000_20210325113652.csv
2021-03-26T11:00:00Z,1.0,54.24,2021-03-26,MarketResult_SEM-DA_PWR-MRC-D+1_20210325110000_20210325113652.csv
2021-03-26T12:00:00Z,1.0,54.82,2021-03-26,MarketResult_SEM-DA_PWR-MRC-D+1_20210325110000_20210325113652.csv
2021-03-26T13:00:00Z,1.0,46.64,2021-03-26,MarketResult_SEM-DA_PWR-MRC-D+1_20210325110000_20210325113652.csv
2021-03-26T14:00:00Z,1.0,42.0,2021-03-26,MarketResult_SEM-DA_PWR-MRC-D+1_20210325110000_20210325113652.csv
2021-03-26T15:00:00Z,1.0,46.0,2021-03-26,MarketResult_SEM-DA_PWR-MRC-D+1_20210325110000_20210325113652.csv
2021-03-26T16:00:00Z,1.0,52.77,2021-03-26,MarketResult_SEM-DA_PWR-MRC-D+1_20210325110000_20210325113652.csv
2021-03-26T17:00:00Z,1.0,65.0,2021-03-26,MarketResult_SEM-DA_PWR-MRC-D+1_20210325110000_20210325113652.csv
2021-03-26T18:00:00Z,1.0,83.2,2021-03-26,MarketResult_SEM-DA_PWR-MRC-D+1_20210325110000_20210325113652.csv
2021-03-26T19:00:00Z,1.0,84.13,2021-03-26,MarketResult_SEM-DA_PWR-MRC-D+1_20210325110000_20210325113652.csv
2021-03-26T20:00:00Z,1.0,67.0,2021-03-26,MarketResult_SEM-DA_PWR-MRC-D+1_20210325110000_20210325113652.csv
2021-03-26T21:00:00Z,1.0,60.32,2021-03-26,MarketResult_SEM-DA_PWR-MRC-D+1_20210325110000_20210325113652.csv
2021-03-26T22:00:00Z,1.0,52.85,2021-03-26,MarketResult_SEM-DA_PWR-MRC-D+1_20210325110000_20210325113652.csv
2021-03-26T23:00:00Z,1.0,44.4,2021-03-27,MarketResult_SEM-DA_PWR-MRC-D+1_20210326110000_20210326113757.csv
2021-03-27T00:00:00Z,1.0,37.22,2021-03-27,MarketResult_SEM-DA_PWR-MRC-D+1_20210326110000_20210326113757.csv
2021-03-27T01:00:00Z,1.0,34.44,2021-03-27,MarketResult_SEM-DA_PWR-MRC-D+1_20210326110000_20210326113757.csv
2021-03-27T02:00:00Z,1.0,32.7,2021-03-27,MarketResult_SEM-DA_PWR-MRC-D+1_20210326110000_20210326113757.csv
2021-03-27T03:00:00Z,1.0,33.52,2021-03-27,MarketResult_SEM-DA_PWR-MRC-D+1_20210326110000_20210326113757.csv
2021-03-27T04:00:00Z,1.0,41.53,2021-03-27,MarketResult_SEM-DA_PWR-MRC-D+1_20210326110000_20210326113757.csv
2021-03-27T05:00:00Z,1.0,49.01,2021-03-27,MarketResult_SEM-DA_PWR-MRC-D+1_20210326110000_20210326113757.csv
2021-03-27T06:00:00Z,1.0,65.0,2021-03-27,MarketResult_SEM-DA_PWR-MRC-D+1_20210326110000_20210326113757.csv
2021-03-27T07:00:00Z,1.0,74.3,2021-03-27,MarketResult_SEM-DA_PWR-MRC-D+1_20210326110000_20210326113757.csv
2021-03-27T08:00:00Z,1.0,84.0,2021-03-27,MarketResult_SEM-DA_PWR-MRC-D+1_20210326110000_20210326113757.csv
2021-03-27T09:00:00Z,1.0,72.89,2021-03-27,MarketResult_SEM-DA_PWR-MRC-D+1_20210326110000_20210326113757.csv
2021-03-27T10:00:00Z,1.0,65.0,2021-03-27,MarketResult_SEM-DA_PWR-MRC-D+1_20210326110000_20210326113757.csv
2021-03-27T11:00:00Z,1.0,56.9,2021-03-27,MarketResult_SEM-DA_PWR-MRC-D+1_20210326110000_20210326113757.csv
2021-03-27T12:00:00Z,1.0,54.99,2021-03-27,MarketResult_SEM-DA_PWR-MRC-D+1_20210326110000_20210326113757.csv
2021-03-27T13:00:00Z,1.0,44.18,2021-03-27,MarketResult_SEM-DA_PWR-MRC-D+1_20210326110000_20210326113757.csv
2021-03-27T14:00:00Z,1.0,31.0,2021-03-27,MarketResult_SEM-DA_PWR-MRC-D+1_20210326110000_20210326113757.csv
2021-03-27T15:00:00Z,1.0,33.0,2021-03-27,MarketResult_SEM-DA_PWR-MRC-D+1_20210326110000_20210326113757.csv
2021-03-27T16:00:00Z,1.0,38.0,2021-03-27,MarketResult_SEM-DA_PWR-MRC-D+1_20210326110000_20210326113757.csv
2021-03-27T17:00:00Z,1.0,52.0,2021-03-27,MarketResult_SEM-DA_PWR-MRC-D+1_20210326110000_20210326113757.csv
2021-03-27T18:00:00Z,1.0,66.59,2021-03-27,MarketResult_SEM-DA_PWR-MRC-D+1_20210326110000_20210326113757.csv
2021-03-27T19:00:00Z,1.0,59.85,2021-03-27,MarketResult_SEM-DA_PWR-MRC-D+1_20210326110000_20210326113757.csv
2021-03-27T20:00:00Z,1.0,39.0,2021-03-27,MarketResult_SEM-DA_PWR-MRC-D+1_20210326110000_20210326113757.csv
2021-03-27T21:00:00Z,1.0,27.5,2021-03-27,MarketResult_SEM-DA_PWR-MRC-D+1_20210326110000_20210326113757.csv
2021-03-27T22:00:00Z,1.0,9.0,2021-03-27,MarketResult_SEM-DA_PWR-MRC-D+1_20210326110000_20210326113757.csv
2021-03-27T23:00:00Z,1.0,0.0,2021-03-28,MarketResult_SEM-DA_PWR-MRC-D+1_20210327110000_20210327113323.csv
2021-03-28T00:00:00Z,1.0,-1.0,2021-03-28,MarketResult_SEM-DA_PWR-MRC-D+1_20210327110000_20210327113323.csv
2021-03-28T01:00:00Z,1.0,-3.0,2021-03-28,MarketResult_SEM-DA_PWR-MRC-D+1_20210327110000_20210327113323.csv
2021-03-28T02:00:00Z,1.0,-1.76,2021-03-28,MarketResult_SEM-DA_PWR-MRC-D+1_20210327110000_20210327113323.csv
2021-03-28T03:00:00Z,1.0,-1.5,2021-03-28,MarketResult_SEM-DA_PWR-MRC-D+1_20210327110000_20210327113323.csv
2021-03-28T04:00:00Z,1.0,-1.03,2021-03-28,MarketResult_SEM-DA_PWR-MRC-D+1_20210327110000_20210327113323.csv
2021-03-28T05:00:00Z,1.0,15.0,2021-03-28,MarketResult_SEM-DA_PWR-MRC-D+1_20210327110000_20210327113323.csv
2021-03-28T06:00:00Z,1.0,22.24,2021-03-28,MarketResult_SEM-DA_PWR-MRC-D+1_20210327110000_20210327113323.csv
2021-03-28T07:00:00Z,1.0,19.63,2021-03-28,MarketResult_SEM-DA_PWR-MRC-D+1_20210327110000_20210327113323.csv
2021-03-28T08:00:00Z,1.0,25.75,2021-03-28,MarketResult_SEM-DA_PWR-MRC-D+1_20210327110000_20210327113323.csv
2021-03-28T09:00:00Z,1.0,30.52,2021-03-28,MarketResult_SEM-DA_PWR-MRC-D+1_20210327110000_20210327113323.csv
2021-03-28T10:00:00Z,1.0,25.03,2021-03-28,MarketResult_SEM-DA_PWR-MRC-D+1_20210327110000_20210327113323.csv
2021-03-28T11:00:00Z,1.0,25.0,2021-03-28,MarketResult_SEM-DA_PWR-MRC-D+1_20210327110000_20210327113323.csv
2021-03-28T12:00:00Z,1.0,19.92,2021-03-28,MarketResult_SEM-DA_PWR-MRC-D+1_20210327110000_20210327113323.csv
2021-03-28T13:00:00Z,1.0,5.56,2021-03-28,MarketResult_SEM-DA_PWR-MRC-D+1_20210327110000_20210327113323.csv
2021-03-28T14:00:00Z,1.0,6.77,2021-03-28,MarketResult_SEM-DA_PWR-MRC-D+1_20210327110000_20210327113323.csv
2021-03-28T15:00:00Z,1.0,24.96,2021-03-28,MarketResult_SEM-DA_PWR-MRC-D+1_20210327110000_20210327113323.csv
2021-03-28T16:00:00Z,1.0,45.0,2021-03-28,MarketResult_SEM-DA_PWR-MRC-D+1_20210327110000_20210327113323.csv
2021-03-28T17:00:00Z,1.0,58.5,2021-03-28,MarketResult_SEM-DA_PWR-MRC-D+1_20210327110000_20210327113323.csv
2021-03-28T18:00:00Z,1.0,53.0,2021-03-28,MarketResult_SEM-DA_PWR-MRC-D+1_20210327110000_20210327113323.csv
2021-03-28T19:00:00Z,1.0,36.0,2021-03-28,MarketResult_SEM-DA_PWR-MRC-D+1_20210327110000_20210327113323.csv
2021-03-28T20:00:00Z,1.0,24.96,2021-03-28,MarketResult_SEM-DA_PWR-MRC-D+1_20210327110000_20210327113323.csv
2021-03-28T21:00:00Z,1.0,0.0,2021-03-28,MarketResult_SEM-DA_PWR-MRC-D+1_20210327110000_20210327113323.csv
2021-03-28T22:00:00Z,1.0,-5.0,2021-03-29,MarketResult_SEM-DA_PWR-MRC-D+1_20210328100000_20210328103145.csv
2021-03-28T23:00:00Z,1.0,-10.0,2021-03-29,MarketResult_SEM-DA_PWR-MRC-D+1_20210328100000_20210328103145.csv
2021-03-29T00:00:00Z,1.0,-10.0,2021-03-29,MarketResult_SEM-DA_PWR-MRC-D+1_20210328100000_20210328103145.csv
2021-03-29T01:00:00Z,1.0,-10.0,2021-03-29,MarketResult_SEM-DA_PWR-MRC-D+1_20210328100000_20210328103145.csv
2021-03-29T02:00:00Z,1.0,-10.0,2021-03-29,MarketResult_SEM-DA_PWR-MRC-D+1_20210328100000_20210328103145.csv
2021-03-29T03:00:00Z,1.0,-10.0,2021-03-29,MarketResult_SEM-DA_PWR-MRC-D+1_20210328100000_20210328103145.csv
2021-03-29T04:00:00Z,1.0,-4.0,2021-03-29,MarketResult_SEM-DA_PWR-MRC-D+1_20210328100000_20210328103145.csv
2021-03-29T05:00:00Z,1.0,0.0,2021-03-29,MarketResult_SEM-DA_PWR-MRC-D+1_20210328100000_20210328103145.csv
2021-03-29T06:00:00Z,1.0,31.88,2021-03-29,MarketResult_SEM-DA_PWR-MRC-D+1_20210328100000_20210328103145.csv
2021-03-29T07:00:00Z,1.0,59.0,2021-03-29,MarketResult_SEM-DA_PWR-MRC-D+1_20210328100000_20210328103145.csv
2021-03-29T08:00:00Z,1.0,54.31,2021-03-29,MarketResult_SEM-DA_PWR-MRC-D+1_20210328100000_20210328103145.csv
2021-03-29T09:00:00Z,1.0,54.31,2021-03-29,MarketResult_SEM-DA_PWR-MRC-D+1_20210328100000_20210328103145.csv
2021-03-29T10:00:00Z,1.0,47.0,2021-03-29,MarketResult_SEM-DA_PWR-MRC-D+1_20210328100000_20210328103145.csv
2021-03-29T11:00:00Z,1.0,44.38,2021-03-29,MarketResult_SEM-DA_PWR-MRC-D+1_20210328100000_20210328103145.csv
2021-03-29T12:00:00Z,1.0,38.52,2021-03-29,MarketResult_SEM-DA_PWR-MRC-D+1_20210328100000_20210328103145.csv
2021-03-29T13:00:00Z,1.0,36.0,2021-03-29,MarketResult_SEM-DA_PWR-MRC-D+1_20210328100000_20210328103145.csv
2021-03-29T14:00:00Z,1.0,37.75,2021-03-29,MarketResult_SEM-DA_PWR-MRC-D+1_20210328100000_20210328103145.csv
2021-03-29T15:00:00Z,1.0,53.0,2021-03-29,MarketResult_SEM-DA_PWR-MRC-D+1_20210328100000_20210328103145.csv
2021-03-29T16:00:00Z,1.0,59.0,2021-03-29,MarketResult_SEM-DA_PWR-MRC-D+1_20210328100000_20210328103145.csv
2021-03-29T17:00:00Z,1.0,74.0,2021-03-29,MarketResult_SEM-DA_PWR-MRC-D+1_20210328100000_20210328103145.csv
2021-03-29T18:00:00Z,1.0,75.55,2021-03-29,MarketResult_SEM-DA_PWR-MRC-D+1_20210328100000_20210328103145.csv
2021-03-29T19:00:00Z,1.0,75.4,2021-03-29,MarketResult_SEM-DA_PWR-MRC-D+1_20210328100000_20210328103145.csv
2021-03-29T20:00:00Z,1.0,65.0,2021-03-29,MarketResult_SEM-DA_PWR-MRC-D+1_20210328100000_20210328103145.csv
2021-03-29T21:00:00Z,1.0,54.99,2021-03-29,MarketResult_SEM-DA_PWR-MRC-D+1_20210328100000_20210328103145.csv
2021-03-29T22:00:00Z,1.0,45.6,2021-03-30,MarketResult_SEM-DA_PWR-MRC-D+1_20210329100000_20210329103635.csv
2021-03-29T23:00:00Z,1.0,40.2,2021-03-30,MarketResult_SEM-DA_PWR-MRC-D+1_20210329100000_20210329103635.csv
2021-03-30T00:00:00Z,1.0,39.5,2021-03-30,MarketResult_SEM-DA_PWR-MRC-D+1_20210329100000_20210329103635.csv
2021-03-30T01:00:00Z,1.0,43.0,2021-03-30,MarketResult_SEM-DA_PWR-MRC-D+1_20210329100000_20210329103635.csv
2021-03-30T02:00:00Z,1.0,46.4,2021-03-30,MarketResult_SEM-DA_PWR-MRC-D+1_20210329100000_20210329103635.csv
2021-03-30T03:00:00Z,1.0,50.5,2021-03-30,MarketResult_SEM-DA_PWR-MRC-D+1_20210329100000_20210329103635.csv
2021-03-30T04:00:00Z,1.0,61.9,2021-03-30,MarketResult_SEM-DA_PWR-MRC-D+1_20210329100000_20210329103635.csv
2021-03-30T05:00:00Z,1.0,67.0,2021-03-30,MarketResult_SEM-DA_PWR-MRC-D+1_20210329100000_20210329103635.csv
2021-03-30T06:00:00Z,1.0,72.75,2021-03-30,MarketResult_SEM-DA_PWR-MRC-D+1_20210329100000_20210329103635.csv
2021-03-30T07:00:00Z,1.0,78.4,2021-03-30,MarketResult_SEM-DA_PWR-MRC-D+1_20210329100000_20210329103635.csv
2021-03-30T08:00:00Z,1.0,72.96,2021-03-30,MarketResult_SEM-DA_PWR-MRC-D+1_20210329100000_20210329103635.csv
2021-03-30T09:00:00Z,1.0,63.59,2021-03-30,MarketResult_SEM-DA_PWR-MRC-D+1_20210329100000_20210329103635.csv
2021-03-30T10:00:00Z,1.0,62.0,2021-03-30,MarketResult_SEM-DA_PWR-MRC-D+1_20210329100000_20210329103635.csv
2021-03-30T11:00:00Z,1.0,62.2,2021-03-30,MarketResult_SEM-DA_PWR-MRC-D+1_20210329100000_20210329103635.csv
2021-03-30T12:00:00Z,1.0,57.94,2021-03-30,MarketResult_SEM-DA_PWR-MRC-D+1_20210329100000_20210329103635.csv
2021-03-30T13:00:00Z,1.0,58.38,2021-03-30,MarketResult_SEM-DA_PWR-MRC-D+1_20210329100000_20210329103635.csv
2021-03-30T14:00:00Z,1.0,62.29,2021-03-30,MarketResult_SEM-DA_PWR-MRC-D+1_20210329100000_20210329103635.csv
2021-03-30T15:00:00Z,1.0,70.62,2021-03-30,MarketResult_SEM-DA_PWR-MRC-D+1_20210329100000_20210329103635.csv
2021-03-30T16:00:00Z,1.0,80.0,2021-03-30,MarketResult_SEM-DA_PWR-MRC-D+1_20210329100000_20210329103635.csv
2021-03-30T17:00:00Z,1.0,94.82,2021-03-30,MarketResult_SEM-DA_PWR-MRC-D+1_20210329100000_20210329103635.csv
2021-03-30T18:00:00Z,1.0,98.28,2021-03-30,MarketResult_SEM-DA_PWR-MRC-D+1_20210329100000_20210329103635.csv
2021-03-30T19:00:00Z,1.0,94.82,2021-03-30,MarketResult_SEM-DA_PWR-MRC-D+1_20210329100000_20210329103635.csv
2021-03-30T20:00:00Z,1.0,80.23,2021-03-30,MarketResult_SEM-DA_PWR-MRC-D+1_20210329100000_20210329103635.csv
2021-03-30T21:00:00Z,1.0,69.0,2021-03-30,MarketResult_SEM-DA_PWR-MRC-D+1_20210329100000_20210329103635.csv
2021-03-30T22:00:00Z,1.0,68.14,2021-03-31,MarketResult_SEM-DA_PWR-MRC-D+1_20210330100000_20210330103609.csv
2021-03-30T23:00:00Z,1.0,62.04,2021-03-31,MarketResult_SEM-DA_PWR-MRC-D+1_20210330100000_20210330103609.csv
2021-03-31T00:00:00Z,1.0,61.0,2021-03-31,MarketResult_SEM-DA_PWR-MRC-D+1_20210330100000_20210330103609.csv
2021-03-31T01:00:00Z,1.0,61.92,2021-03-31,MarketResult_SEM-DA_PWR-MRC-D+1_20210330100000_20210330103609.csv
2021-03-31T02:00:00Z,1.0,60.98,2021-03-31,MarketResult_SEM-DA_PWR-MRC-D+1_20210330100000_20210330103609.csv
2021-03-31T03:00:00Z,1.0,61.94,2021-03-31,MarketResult_SEM-DA_PWR-MRC-D+1_20210330100000_20210330103609.csv
2021-03-31T04:00:00Z,1.0,65.95,2021-03-31,MarketResult_SEM-DA_PWR-MRC-D+1_20210330100000_20210330103609.csv
2021-03-31T05:00:00Z,1.0,74.06,2021-03-31,MarketResult_SEM-DA_PWR-MRC-D+1_20210330100000_20210330103609.csv
2021-03-31T06:00:00Z,1.0,82.17,2021-03-31,MarketResult_SEM-DA_PWR-MRC-D+1_20210330100000_20210330103609.csv
2021-03-31T07:00:00Z,1.0,89.1,2021-03-31,MarketResult_SEM-DA_PWR-MRC-D+1_20210330100000_20210330103609.csv
2021-03-31T08:00:00Z,1.0,95.0,2021-03-31,MarketResult_SEM-DA_PWR-MRC-D+1_20210330100000_20210330103609.csv
2021-03-31T09:00:00Z,1.0,90.87,2021-03-31,MarketResult_SEM-DA_PWR-MRC-D+1_20210330100000_20210330103609.csv
2021-03-31T10:00:00Z,1.0,90.87,2021-03-31,MarketResult_SEM-DA_PWR-MRC-D+1_20210330100000_20210330103609.csv
2021-03-31T11:00:00Z,1.0,90.87,2021-03-31,MarketResult_SEM-DA_PWR-MRC-D+1_20210330100000_20210330103609.csv
2021-03-31T12:00:00Z,1.0,90.72,2021-03-31,MarketResult_SEM-DA_PWR-MRC-D+1_20210330100000_20210330103609.csv
2021-03-31T13:00:00Z,1.0,85.34,2021-03-31,MarketResult_SEM-DA_PWR-MRC-D+1_20210330100000_20210330103609.csv
2021-03-31T14:00:00Z,1.0,84.0,2021-03-31,MarketResult_SEM-DA_PWR-MRC-D+1_20210330100000_20210330103609.csv
2021-03-31T15:00:00Z,1.0,92.12,2021-03-31,MarketResult_SEM-DA_PWR-MRC-D+1_20210330100000_20210330103609.csv
2021-03-31T16:00:00Z,1.0,106.55,2021-03-31,MarketResult_SEM-DA_PWR-MRC-D+1_20210330100000_20210330103609.csv
2021-03-31T17:00:00Z,1.0,118.46,2021-03-31,MarketResult_SEM-DA_PWR-MRC-D+1_20210330100000_20210330103609.csv
2021-03-31T18:00:00Z,1.0,112.57,2021-03-31,MarketResult_SEM-DA_PWR-MRC-D+1_20210330100000_20210330103609.csv
2021-03-31T19:00:00Z,1.0,102.59,2021-03-31,MarketResult_SEM-DA_PWR-MRC-D+1_20210330100000_20210330103609.csv
2021-03-31T20:00:00Z,1.0,87.0,2021-03-31,MarketResult_SEM-DA_PWR-MRC-D+1_20210330100000_20210330103609.csv
2021-03-31T21:00:00Z,1.0,75.0,2021-03-31,MarketResult_SEM-DA_PWR-MRC-D+1_20210330100000_20210330103609.csv
2021-03-31T22:00:00Z,1.0,70.61,2021-04-01,MarketResult_SEM-DA_PWR-MRC-D+1_20210331100000_20210331103144.csv
2021-03-31T23:00:00Z,1.0,59.0,2021-04-01,MarketResult_SEM-DA_PWR-MRC-D+1_20210331100000_20210331103144.csv
2021-04-01T00:00:00Z,1.0,52.81,2021-04-01,MarketResult_SEM-DA_PWR-MRC-D+1_20210331100000_20210331103144.csv
2021-04-01T01:00:00Z,1.0,49.5,2021-04-01,MarketResult_SEM-DA_PWR-MRC-D+1_20210331100000_20210331103144.csv
2021-04-01T02:00:00Z,1.0,47.9,2021-04-01,MarketResult_SEM-DA_PWR-MRC-D+1_20210331100000_20210331103144.csv
2021-04-01T03:00:00Z,1.0,47.71,2021-04-01,MarketResult_SEM-DA_PWR-MRC-D+1_20210331100000_20210331103144.csv
2021-04-01T04:00:00Z,1.0,51.62,2021-04-01,MarketResult_SEM-DA_PWR-MRC-D+1_20210331100000_20210331103144.csv
2021-04-01T05:00:00Z,1.0,59.97,2021-04-01,MarketResult_SEM-DA_PWR-MRC-D+1_20210331100000_20210331103144.csv
2021-04-01T06:00:00Z,1.0,67.24,2021-04-01,MarketResult_SEM-DA_PWR-MRC-D+1_20210331100000_20210331103144.csv
2021-04-01T07:00:00Z,1.0,76.19,2021-04-01,MarketResult_SEM-DA_PWR-MRC-D+1_20210331100000_20210331103144.csv
2021-04-01T08:00:00Z,1.0,81.9,2021-04-01,MarketResult_SEM-DA_PWR-MRC-D+1_20210331100000_20210331103144.csv
2021-04-01T09:00:00Z,1.0,67.57,2021-04-01,MarketResult_SEM-DA_PWR-MRC-D+1_20210331100000_20210331103144.csv
2021-04-01T10:00:00Z,1.0,61.23,2021-04-01,MarketResult_SEM-DA_PWR-MRC-D+1_20210331100000_20210331103144.csv
2021-04-01T11:00:00Z,1.0,63.13,2021-04-01,MarketResult_SEM-DA_PWR-MRC-D+1_20210331100000_20210331103144.csv
2021-04-01T12:00:00Z,1.0,57.6,2021-04-01,MarketResult_SEM-DA_PWR-MRC-D+1_20210331100000_20210331103144.csv
2021-04-01T13:00:00Z,1.0,53.56,2021-04-01,MarketResult_SEM-DA_PWR-MRC-D+1_20210331100000_20210331103144.csv
2021-04-01T14:00:00Z,1.0,59.74,2021-04-01,MarketResult_SEM-DA_PWR-MRC-D+1_20210331100000_20210331103144.csv
2021-04-01T15:00:00Z,1.0,60.17,2021-04-01,MarketResult_SEM-DA_PWR-MRC-D+1_20210331100000_20210331103144.csv
2021-04-01T16:00:00Z,1.0,70.14,2021-04-01,MarketResult_SEM-DA_PWR-MRC-D+1_20210331100000_20210331103144.csv
2021-04-01T17:00:00Z,1.0,82.6,2021-04-01,MarketResult_SEM-DA_PWR-MRC-D+1_20210331100000_20210331103144.csv
2021-04-01T18:00:00Z,1.0,81.17,2021-04-01,MarketResult_SEM-DA_PWR-MRC-D+1_20210331100000_20210331103144.csv
2021-04-01T19:00:00Z,1.0,78.9,2021-04-01,MarketResult_SEM-DA_PWR-MRC-D+1_20210331100000_20210331103144.csv
2021-04-01T20:00:00Z,1.0,63.42,2021-04-01,MarketResult_SEM-DA_PWR-MRC-D+1_20210331100000_20210331103144.csv
2021-04-01T21:00:00Z,1.0,60.06,2021-04-01,MarketResult_SEM-DA_PWR-MRC-D+1_20210331100000_20210331103144.csv
2021-04-01T22:00:00Z,1.0,61.97,2021-04-02,MarketResult_SEM-DA_PWR-MRC-D+1_20210401100000_20210401103757.csv
2021-04-01T23:00:00Z,1.0,57.34,2021-04-02,MarketResult_SEM-DA_PWR-MRC-D+1_20210401100000_20210401103757.csv
2021-04-02T00:00:00Z,1.0,57.0,2021-04-02,MarketResult_SEM-DA_PWR-MRC-D+1_20210401100000_20210401103757.csv
2021-04-02T01:00:00Z,1.0,56.25,2021-04-02,MarketResult_SEM-DA_PWR-MRC-D+1_20210401100000_20210401103757.csv
2021-04-02T02:00:00Z,1.0,53.0,2021-04-02,MarketResult_SEM-DA_PWR-MRC-D+1_20210401100000_20210401103757.csv
2021-04-02T03:00:00Z,1.0,53.11,2021-04-02,MarketResult_SEM-DA_PWR-MRC-D+1_20210401100000_20210401103757.csv
2021-04-02T04:00:00Z,1.0,57.0,2021-04-02,MarketResult_SEM-DA_PWR-MRC-D+1_20210401100000_20210401103757.csv
2021-04-02T05:00:00Z,1.0,63.3,2021-04-02,MarketResult_SEM-DA_PWR-MRC-D+1_20210401100000_20210401103757.csv
2021-04-02T06:00:00Z,1.0,64.46,2021-04-02,MarketResult_SEM-DA_PWR-MRC-D+1_20210401100000_20210401103757.csv
2021-04-02T07:00:00Z,1.0,78.1,2021-04-02,MarketResult_SEM-DA_PWR-MRC-D+1_20210401100000_20210401103757.csv
2021-04-02T08:00:00Z,1.0,83.45,2021-04-02,MarketResult_SEM-DA_PWR-MRC-D+1_20210401100000_20210401103757.csv
2021-04-02T09:00:00Z,1.0,75.32,2021-04-02,MarketResult_SEM-DA_PWR-MRC-D+1_20210401100000_20210401103757.csv
2021-04-02T10:00:00Z,1.0,71.0,2021-04-02,MarketResult_SEM-DA_PWR-MRC-D+1_20210401100000_20210401103757.csv
2021-04-02T11:00:00Z,1.0,67.84,2021-04-02,MarketResult_SEM-DA_PWR-MRC-D+1_20210401100000_20210401103757.csv
2021-04-02T12:00:00Z,1.0,58.91,2021-04-02,MarketResult_SEM-DA_PWR-MRC-D+1_20210401100000_20210401103757.csv
2021-04-02T13:00:00Z,1.0,57.0,2021-04-02,MarketResult_SEM-DA_PWR-MRC-D+1_20210401100000_20210401103757.csv
2021-04-02T14:00:00Z,1.0,56.29,2021-04-02,MarketResult_SEM-DA_PWR-MRC-D+1_20210401100000_20210401103757.csv
2021-04-02T15:00:00Z,1.0,58.45,2021-04-02,MarketResult_SEM-DA_PWR-MRC-D+1_20210401100000_20210401103757.csv
2021-04-02T16:00:00Z,1.0,74.4,2021-04-02,MarketResult_SEM-DA_PWR-MRC-D+1_20210401100000_20210401103757.csv
2021-04-02T17:00:00Z,1.0,83.45,2021-04-02,MarketResult_SEM-DA_PWR-MRC-D+1_20210401100000_20210401103757.csv
2021-04-02T18:00:00Z,1.0,83.86,2021-04-02,MarketResult_SEM-DA_PWR-MRC-D+1_20210401100000_20210401103757.csv
2021-04-02T19:00:00Z,1.0,84.0,2021-04-02,MarketResult_SEM-DA_PWR-MRC-D+1_20210401100000_20210401103757.csv
2021-04-02T20:00:00Z,1.0,66.63,2021-04-02,MarketResult_SEM-DA_PWR-MRC-D+1_20210401100000_20210401103757.csv
2021-04-02T21:00:00Z,1.0,62.9,2021-04-02,MarketResult_SEM-DA_PWR-MRC-D+1_20210401100000_20210401103757.csv
2021-04-02T22:00:00Z,1.0,67.99,2021-04-03,MarketResult_SEM-DA_PWR-MRC-D+1_20210402100000_20210402103528.csv
2021-04-02T23:00:00Z,1.0,61.3,2021-04-03,MarketResult_SEM-DA_PWR-MRC-D+1_20210402100000_20210402103528.csv
2021-04-03T00:00:00Z,1.0,62.0,2021-04-03,MarketResult_SEM-DA_PWR-MRC-D+1_20210402100000_20210402103528.csv
2021-04-03T01:00:00Z,1.0,62.0,2021-04-03,MarketResult_SEM-DA_PWR-MRC-D+1_20210402100000_20210402103528.csv
2021-04-03T02:00:00Z,1.0,59.83,2021-04-03,MarketResult_SEM-DA_PWR-MRC-D+1_20210402100000_20210402103528.csv
2021-04-03T03:00:00Z,1.0,58.74,2021-04-03,MarketResult_SEM-DA_PWR-MRC-D+1_20210402100000_20210402103528.csv
2021-04-03T04:00:00Z,1.0,59.39,2021-04-03,MarketResult_SEM-DA_PWR-MRC-D+1_20210402100000_20210402103528.csv
2021-04-03T05:00:00Z,1.0,64.26,2021-04-03,MarketResult_SEM-DA_PWR-MRC-D+1_20210402100000_20210402103528.csv
2021-04-03T06:00:00Z,1.0,63.0,2021-04-03,MarketResult_SEM-DA_PWR-MRC-D+1_20210402100000_20210402103528.csv
2021-04-03T07:00:00Z,1.0,75.0,2021-04-03,MarketResult_SEM-DA_PWR-MRC-D+1_20210402100000_20210402103528.csv
2021-04-03T08:00:00Z,1.0,83.18,2021-04-03,MarketResult_SEM-DA_PWR-MRC-D+1_20210402100000_20210402103528.csv
2021-04-03T09:00:00Z,1.0,84.54,2021-04-03,MarketResult_SEM-DA_PWR-MRC-D+1_20210402100000_20210402103528.csv
2021-04-03T10:00:00Z,1.0,84.46,2021-04-03,MarketResult_SEM-DA_PWR-MRC-D+1_20210402100000_20210402103528.csv
2021-04-03T11:00:00Z,1.0,83.57,2021-04-03,MarketResult_SEM-DA_PWR-MRC-D+1_20210402100000_20210402103528.csv
2021-04-03T12:00:00Z,1.0,74.7,2021-04-03,MarketResult_SEM-DA_PWR-MRC-D+1_20210402100000_20210402103528.csv
2021-04-03T13:00:00Z,1.0,71.0,2021-04-03,MarketResult_SEM-DA_PWR-MRC-D+1_20210402100000_20210402103528.csv
2021-04-03T14:00:00Z,1.0,71.0,2021-04-03,MarketResult_SEM-DA_PWR-MRC-D+1_20210402100000_20210402103528.csv
2021-04-03T15:00:00Z,1.0,73.31,2021-04-03,MarketResult_SEM-DA_PWR-MRC-D+1_20210402100000_20210402103528.csv
2021-04-03T16:00:00Z,1.0,89.66,2021-04-03,MarketResult_SEM-DA_PWR-MRC-D+1_20210402100000_20210402103528.csv
2021-04-03T17:00:00Z,1.0,100.94,2021-04-03,MarketResult_SEM-DA_PWR-MRC-D+1_20210402100000_20210402103528.csv
2021-04-03T18:00:00Z,1.0,100.87,2021-04-03,MarketResult_SEM-DA_PWR-MRC-D+1_20210402100000_20210402103528.csv
2021-04-03T19:00:00Z,1.0,94.75,2021-04-03,MarketResult_SEM-DA_PWR-MRC-D+1_20210402100000_20210402103528.csv
2021-04-03T20:00:00Z,1.0,83.0,2021-04-03,MarketResult_SEM-DA_PWR-MRC-D+1_20210402100000_20210402103528.csv
2021-04-03T21:00:00Z,1.0,74.85,2021-04-03,MarketResult_SEM-DA_PWR-MRC-D+1_20210402100000_20210402103528.csv
2021-04-03T22:00:00Z,1.0,87.98,2021-04-04,MarketResult_SEM-DA_PWR-MRC-D+1_20210403100000_20210403103829.csv
2021-04-03T23:00:00Z,1.0,71.62,2021-04-04,MarketResult_SEM-DA_PWR-MRC-D+1_20210403100000_20210403103829.csv
2021-04-04T00:00:00Z,1.0,74.48,2021-04-04,MarketResult_SEM-DA_PWR-MRC-D+1_20210403100000_20210403103829.csv
2021-04-04T01:00:00Z,1.0,73.35,2021-04-04,MarketResult_SEM-DA_PWR-MRC-D+1_20210403100000_20210403103829.csv
2021-04-04T02:00:00Z,1.0,74.48,2021-04-04,MarketResult_SEM-DA_PWR-MRC-D+1_20210403100000_20210403103829.csv
2021-04-04T03:00:00Z,1.0,68.09,2021-04-04,MarketResult_SEM-DA_PWR-MRC-D+1_20210403100000_20210403103829.csv
2021-04-04T04:00:00Z,1.0,65.44,2021-04-04,MarketResult_SEM-DA_PWR-MRC-D+1_20210403100000_20210403103829.csv
2021-04-04T05:00:00Z,1.0,68.98,2021-04-04,MarketResult_SEM-DA_PWR-MRC-D+1_20210403100000_20210403103829.csv
2021-04-04T06:00:00Z,1.0,74.7,2021-04-04,MarketResult_SEM-DA_PWR-MRC-D+1_20210403100000_20210403103829.csv
2021-04-04T07:00:00Z,1.0,79.9,2021-04-04,MarketResult_SEM-DA_PWR-MRC-D+1_20210403100000_20210403103829.csv
2021-04-04T08:00:00Z,1.0,83.0,2021-04-04,MarketResult_SEM-DA_PWR-MRC-D+1_20210403100000_20210403103829.csv
2021-04-04T09:00:00Z,1.0,76.7,2021-04-04,MarketResult_SEM-DA_PWR-MRC-D+1_20210403100000_20210403103829.csv
2021-04-04T10:00:00Z,1.0,70.16,2021-04-04,MarketResult_SEM-DA_PWR-MRC-D+1_20210403100000_20210403103829.csv
2021-04-04T11:00:00Z,1.0,61.28,2021-04-04,MarketResult_SEM-DA_PWR-MRC-D+1_20210403100000_20210403103829.csv
2021-04-04T12:00:00Z,1.0,42.96,2021-04-04,MarketResult_SEM-DA_PWR-MRC-D+1_20210403100000_20210403103829.csv
2021-04-04T13:00:00Z,1.0,39.0,2021-04-04,MarketResult_SEM-DA_PWR-MRC-D+1_20210403100000_20210403103829.csv
2021-04-04T14:00:00Z,1.0,35.13,2021-04-04,MarketResult_SEM-DA_PWR-MRC-D+1_20210403100000_20210403103829.csv
2021-04-04T15:00:00Z,1.0,40.14,2021-04-04,MarketResult_SEM-DA_PWR-MRC-D+1_20210403100000_20210403103829.csv
2021-04-04T16:00:00Z,1.0,63.86,2021-04-04,MarketResult_SEM-DA_PWR-MRC-D+1_20210403100000_20210403103829.csv
2021-04-04T17:00:00Z,1.0,71.59,2021-04-04,MarketResult_SEM-DA_PWR-MRC-D+1_20210403100000_20210403103829.csv
2021-04-04T18:00:00Z,1.0,70.0,2021-04-04,MarketResult_SEM-DA_PWR-MRC-D+1_20210403100000_20210403103829.csv
2021-04-04T19:00:00Z,1.0,69.2,2021-04-04,MarketResult_SEM-DA_PWR-MRC-D+1_20210403100000_20210403103829.csv
2021-04-04T20:00:00Z,1.0,57.1,2021-04-04,MarketResult_SEM-DA_PWR-MRC-D+1_20210403100000_20210403103829.csv
2021-04-04T21:00:00Z,1.0,42.59,2021-04-04,MarketResult_SEM-DA_PWR-MRC-D+1_20210403100000_20210403103829.csv
2021-04-04T22:00:00Z,1.0,27.9,2021-04-05,MarketResult_SEM-DA_PWR-MRC-D+1_20210404100000_20210404103833.csv
2021-04-04T23:00:00Z,1.0,19.96,2021-04-05,MarketResult_SEM-DA_PWR-MRC-D+1_20210404100000_20210404103833.csv
2021-04-05T00:00:00Z,1.0,9.0,2021-04-05,MarketResult_SEM-DA_PWR-MRC-D+1_20210404100000_20210404103833.csv
2021-04-05T01:00:00Z,1.0,2.0,2021-04-05,MarketResult_SEM-DA_PWR-MRC-D+1_20210404100000_20210404103833.csv
2021-04-05T02:00:00Z,1.0,0.0,2021-04-05,MarketResult_SEM-DA_PWR-MRC-D+1_20210404100000_20210404103833.csv
2021-04-05T03:00:00Z,1.0,0.0,2021-04-05,MarketResult_SEM-DA_PWR-MRC-D+1_20210404100000_20210404103833.csv
2021-04-05T04:00:00Z,1.0,7.93,2021-04-05,MarketResult_SEM-DA_PWR-MRC-D+1_20210404100000_20210404103833.csv
2021-04-05T05:00:00Z,1.0,15.0,2021-04-05,MarketResult_SEM-DA_PWR-MRC-D+1_20210404100000_20210404103833.csv
2021-04-05T06:00:00Z,1.0,25.66,2021-04-05,MarketResult_SEM-DA_PWR-MRC-D+1_20210404100000_20210404103833.csv
2021-04-05T07:00:00Z,1.0,37.0,2021-04-05,MarketResult_SEM-DA_PWR-MRC-D+1_20210404100000_20210404103833.csv
2021-04-05T08:00:00Z,1.0,44.99,2021-04-05,MarketResult_SEM-DA_PWR-MRC-D+1_20210404100000_20210404103833.csv
2021-04-05T09:00:00Z,1.0,45.0,2021-04-05,MarketResult_SEM-DA_PWR-MRC-D+1_20210404100000_20210404103833.csv
2021-04-05T10:00:00Z,1.0,53.01,2021-04-05,MarketResult_SEM-DA_PWR-MRC-D+1_20210404100000_20210404103833.csv
2021-04-05T11:00:00Z,1.0,59.95,2021-04-05,MarketResult_SEM-DA_PWR-MRC-D+1_20210404100000_20210404103833.csv
2021-04-05T12:00:00Z,1.0,50.0,2021-04-05,MarketResult_SEM-DA_PWR-MRC-D+1_20210404100000_20210404103833.csv
2021-04-05T13:00:00Z,1.0,50.0,2021-04-05,MarketResult_SEM-DA_PWR-MRC-D+1_20210404100000_20210404103833.csv
2021-04-05T14:00:00Z,1.0,51.86,2021-04-05,MarketResult_SEM-DA_PWR-MRC-D+1_20210404100000_20210404103833.csv
2021-04-05T15:00:00Z,1.0,59.95,2021-04-05,MarketResult_SEM-DA_PWR-MRC-D+1_20210404100000_20210404103833.csv
2021-04-05T16:00:00Z,1.0,75.4,2021-04-05,MarketResult_SEM-DA_PWR-MRC-D+1_20210404100000_20210404103833.csv
2021-04-05T17:00:00Z,1.0,88.0,2021-04-05,MarketResult_SEM-DA_PWR-MRC-D+1_20210404100000_20210404103833.csv
2021-04-05T18:00:00Z,1.0,90.14,2021-04-05,MarketResult_SEM-DA_PWR-MRC-D+1_20210404100000_20210404103833.csv
2021-04-05T19:00:00Z,1.0,98.77,2021-04-05,MarketResult_SEM-DA_PWR-MRC-D+1_20210404100000_20210404103833.csv
2021-04-05T20:00:00Z,1.0,130.9,2021-04-05,MarketResult_SEM-DA_PWR-MRC-D+1_20210404100000_20210404103833.csv
2021-04-05T21:00:00Z,1.0,79.0,2021-04-05,MarketResult_SEM-DA_PWR-MRC-D+1_20210404100000_20210404103833.csv
2021-04-05T22:00:00Z,1.0,68.74,2021-04-06,MarketResult_SEM-DA_PWR-MRC-D+1_20210405100000_20210405103528.csv
2021-04-05T23:00:00Z,1.0,59.83,2021-04-06,MarketResult_SEM-DA_PWR-MRC-D+1_20210405100000_20210405103528.csv
2021-04-06T00:00:00Z,1.0,59.0,2021-04-06,MarketResult_SEM-DA_PWR-MRC-D+1_20210405100000_20210405103528.csv
2021-04-06T01:00:00Z,1.0,59.83,2021-04-06,MarketResult_SEM-DA_PWR-MRC-D+1_20210405100000_20210405103528.csv
2021-04-06T02:00:00Z,1.0,59.83,2021-04-06,MarketResult_SEM-DA_PWR-MRC-D+1_20210405100000_20210405103528.csv
2021-04-06T03:00:00Z,1.0,59.83,2021-04-06,MarketResult_SEM-DA_PWR-MRC-D+1_20210405100000_20210405103528.csv
2021-04-06T04:00:00Z,1.0,59.11,2021-04-06,MarketResult_SEM-DA_PWR-MRC-D+1_20210405100000_20210405103528.csv
2021-04-06T05:00:00Z,1.0,75.0,2021-04-06,MarketResult_SEM-DA_PWR-MRC-D+1_20210405100000_20210405103528.csv
2021-04-06T06:00:00Z,1.0,89.95,2021-04-06,MarketResult_SEM-DA_PWR-MRC-D+1_20210405100000_20210405103528.csv
2021-04-06T07:00:00Z,1.0,100.0,2021-04-06,MarketResult_SEM-DA_PWR-MRC-D+1_20210405100000_20210405103528.csv
2021-04-06T08:00:00Z,1.0,93.72,2021-04-06,MarketResult_SEM-DA_PWR-MRC-D+1_20210405100000_20210405103528.csv
2021-04-06T09:00:00Z,1.0,75.5,2021-04-06,MarketResult_SEM-DA_PWR-MRC-D+1_20210405100000_20210405103528.csv
2021-04-06T10:00:00Z,1.0,67.95,2021-04-06,MarketResult_SEM-DA_PWR-MRC-D+1_20210405100000_20210405103528.csv
2021-04-06T11:00:00Z,1.0,65.32,2021-04-06,MarketResult_SEM-DA_PWR-MRC-D+1_20210405100000_20210405103528.csv
2021-04-06T12:00:00Z,1.0,53.48,2021-04-06,MarketResult_SEM-DA_PWR-MRC-D+1_20210405100000_20210405103528.csv
2021-04-06T13:00:00Z,1.0,48.9,2021-04-06,MarketResult_SEM-DA_PWR-MRC-D+1_20210405100000_20210405103528.csv
2021-04-06T14:00:00Z,1.0,49.0,2021-04-06,MarketResult_SEM-DA_PWR-MRC-D+1_20210405100000_20210405103528.csv
2021-04-06T15:00:00Z,1.0,60.48,2021-04-06,MarketResult_SEM-DA_PWR-MRC-D+1_20210405100000_20210405103528.csv
2021-04-06T16:00:00Z,1.0,66.39,2021-04-06,MarketResult_SEM-DA_PWR-MRC-D+1_20210405100000_20210405103528.csv
2021-04-06T17:00:00Z,1.0,77.66,2021-04-06,MarketResult_SEM-DA_PWR-MRC-D+1_20210405100000_20210405103528.csv
2021-04-06T18:00:00Z,1.0,83.0,2021-04-06,MarketResult_SEM-DA_PWR-MRC-D+1_20210405100000_20210405103528.csv
2021-04-06T19:00:00Z,1.0,87.15,2021-04-06,MarketResult_SEM-DA_PWR-MRC-D+1_20210405100000_20210405103528.csv
2021-04-06T20:00:00Z,1.0,79.0,2021-04-06,MarketResult_SEM-DA_PWR-MRC-D+1_20210405100000_20210405103528.csv
2021-04-06T21:00:00Z,1.0,65.44,2021-04-06,MarketResult_SEM-DA_PWR-MRC-D+1_20210405100000_20210405103528.csv
2021-04-06T22:00:00Z,1.0,67.82,2021-04-07,MarketResult_SEM-DA_PWR-MRC-D+1_20210406100000_20210406103310.csv
2021-04-06T23:00:00Z,1.0,62.0,2021-04-07,MarketResult_SEM-DA_PWR-MRC-D+1_20210406100000_20210406103310.csv
2021-04-07T00:00:00Z,1.0,62.0,2021-04-07,MarketResult_SEM-DA_PWR-MRC-D+1_20210406100000_20210406103310.csv
2021-04-07T01:00:00Z,1.0,60.59,2021-04-07,MarketResult_SEM-DA_PWR-MRC-D+1_20210406100000_20210406103310.csv
2021-04-07T02:00:00Z,1.0,59.01,2021-04-07,MarketResult_SEM-DA_PWR-MRC-D+1_20210406100000_20210406103310.csv
2021-04-07T03:00:00Z,1.0,61.76,2021-04-07,MarketResult_SEM-DA_PWR-MRC-D+1_20210406100000_20210406103310.csv
2021-04-07T04:00:00Z,1.0,67.44,2021-04-07,MarketResult_SEM-DA_PWR-MRC-D+1_20210406100000_20210406103310.csv
2021-04-07T05:00:00Z,1.0,76.48,2021-04-07,MarketResult_SEM-DA_PWR-MRC-D+1_20210406100000_20210406103310.csv
2021-04-07T06:00:00Z,1.0,92.7,2021-04-07,MarketResult_SEM-DA_PWR-MRC-D+1_20210406100000_20210406103310.csv
2021-04-07T07:00:00Z,1.0,107.0,2021-04-07,MarketResult_SEM-DA_PWR-MRC-D+1_20210406100000_20210406103310.csv
2021-04-07T08:00:00Z,1.0,118.0,2021-04-07,MarketResult_SEM-DA_PWR-MRC-D+1_20210406100000_20210406103310.csv
2021-04-07T09:00:00Z,1.0,119.48,2021-04-07,MarketResult_SEM-DA_PWR-MRC-D+1_20210406100000_20210406103310.csv
2021-04-07T10:00:00Z,1.0,94.0,2021-04-07,MarketResult_SEM-DA_PWR-MRC-D+1_20210406100000_20210406103310.csv
2021-04-07T11:00:00Z,1.0,95.2,2021-04-07,MarketResult_SEM-DA_PWR-MRC-D+1_20210406100000_20210406103310.csv
2021-04-07T12:00:00Z,1.0,84.56,2021-04-07,MarketResult_SEM-DA_PWR-MRC-D+1_20210406100000_20210406103310.csv
2021-04-07T13:00:00Z,1.0,79.9,2021-04-07,MarketResult_SEM-DA_PWR-MRC-D+1_20210406100000_20210406103310.csv
2021-04-07T14:00:00Z,1.0,73.18,2021-04-07,MarketResult_SEM-DA_PWR-MRC-D+1_20210406100000_20210406103310.csv
2021-04-07T15:00:00Z,1.0,79.13,2021-04-07,MarketResult_SEM-DA_PWR-MRC-D+1_20210406100000_20210406103310.csv
2021-04-07T16:00:00Z,1.0,97.26,2021-04-07,MarketResult_SEM-DA_PWR-MRC-D+1_20210406100000_20210406103310.csv
2021-04-07T17:00:00Z,1.0,114.0,2021-04-07,MarketResult_SEM-DA_PWR-MRC-D+1_20210406100000_20210406103310.csv
2021-04-07T18:00:00Z,1.0,117.68,2021-04-07,MarketResult_SEM-DA_PWR-MRC-D+1_20210406100000_20210406103310.csv
2021-04-07T19:00:00Z,1.0,111.1,2021-04-07,MarketResult_SEM-DA_PWR-MRC-D+1_20210406100000_20210406103310.csv
2021-04-07T20:00:00Z,1.0,89.0,2021-04-07,MarketResult_SEM-DA_PWR-MRC-D+1_20210406100000_20210406103310.csv
2021-04-07T21:00:00Z,1.0,78.83,2021-04-07,MarketResult_SEM-DA_PWR-MRC-D+1_20210406100000_20210406103310.csv
2021-04-07T22:00:00Z,1.0,74.05,2021-04-08,MarketResult_SEM-DA_PWR-MRC-D+1_20210407100000_20210407103406.csv
2021-04-07T23:00:00Z,1.0,65.34,2021-04-08,MarketResult_SEM-DA_PWR-MRC-D+1_20210407100000_20210407103406.csv
2021-04-08T00:00:00Z,1.0,63.39,2021-04-08,MarketResult_SEM-DA_PWR-MRC-D+1_20210407100000_20210407103406.csv
2021-04-08T01:00:00Z,1.0,59.0,2021-04-08,MarketResult_SEM-DA_PWR-MRC-D+1_20210407100000_20210407103406.csv
2021-04-08T02:00:00Z,1.0,56.0,2021-04-08,MarketResult_SEM-DA_PWR-MRC-D+1_20210407100000_20210407103406.csv
2021-04-08T03:00:00Z,1.0,55.75,2021-04-08,MarketResult_SEM-DA_PWR-MRC-D+1_20210407100000_20210407103406.csv
2021-04-08T04:00:00Z,1.0,62.76,2021-04-08,MarketResult_SEM-DA_PWR-MRC-D+1_20210407100000_20210407103406.csv
2021-04-08T05:00:00Z,1.0,67.01,2021-04-08,MarketResult_SEM-DA_PWR-MRC-D+1_20210407100000_20210407103406.csv
2021-04-08T06:00:00Z,1.0,86.0,2021-04-08,MarketResult_SEM-DA_PWR-MRC-D+1_20210407100000_20210407103406.csv
2021-04-08T07:00:00Z,1.0,86.87,2021-04-08,MarketResult_SEM-DA_PWR-MRC-D+1_20210407100000_20210407103406.csv
2021-04-08T08:00:00Z,1.0,76.62,2021-04-08,MarketResult_SEM-DA_PWR-MRC-D+1_20210407100000_20210407103406.csv
2021-04-08T09:00:00Z,1.0,65.13,2021-04-08,MarketResult_SEM-DA_PWR-MRC-D+1_20210407100000_20210407103406.csv
2021-04-08T10:00:00Z,1.0,58.53,2021-04-08,MarketResult_SEM-DA_PWR-MRC-D+1_20210407100000_20210407103406.csv
2021-04-08T11:00:00Z,1.0,60.0,2021-04-08,MarketResult_SEM-DA_PWR-MRC-D+1_20210407100000_20210407103406.csv
2021-04-08T12:00:00Z,1.0,56.68,2021-04-08,MarketResult_SEM-DA_PWR-MRC-D+1_20210407100000_20210407103406.csv
2021-04-08T13:00:00Z,1.0,51.5,2021-04-08,MarketResult_SEM-DA_PWR-MRC-D+1_20210407100000_20210407103406.csv
2021-04-08T14:00:00Z,1.0,51.42,2021-04-08,MarketResult_SEM-DA_PWR-MRC-D+1_20210407100000_20210407103406.csv
2021-04-08T15:00:00Z,1.0,51.5,2021-04-08,MarketResult_SEM-DA_PWR-MRC-D+1_20210407100000_20210407103406.csv
2021-04-08T16:00:00Z,1.0,65.0,2021-04-08,MarketResult_SEM-DA_PWR-MRC-D+1_20210407100000_20210407103406.csv
2021-04-08T17:00:00Z,1.0,77.4,2021-04-08,MarketResult_SEM-DA_PWR-MRC-D+1_20210407100000_20210407103406.csv
2021-04-08T18:00:00Z,1.0,79.69,2021-04-08,MarketResult_SEM-DA_PWR-MRC-D+1_20210407100000_20210407103406.csv
2021-04-08T19:00:00Z,1.0,77.96,2021-04-08,MarketResult_SEM-DA_PWR-MRC-D+1_20210407100000_20210407103406.csv
2021-04-08T20:00:00Z,1.0,72.7,2021-04-08,MarketResult_SEM-DA_PWR-MRC-D+1_20210407100000_20210407103406.csv
2021-04-08T21:00:00Z,1.0,66.72,2021-04-08,MarketResult_SEM-DA_PWR-MRC-D+1_20210407100000_20210407103406.csv
2021-04-08T22:00:00Z,1.0,66.82,2021-04-09,MarketResult_SEM-DA_PWR-MRC-D+1_20210408100000_20210408103041.csv
2021-04-08T23:00:00Z,1.0,64.37,2021-04-09,MarketResult_SEM-DA_PWR-MRC-D+1_20210408100000_20210408103041.csv
2021-04-09T00:00:00Z,1.0,65.6,2021-04-09,MarketResult_SEM-DA_PWR-MRC-D+1_20210408100000_20210408103041.csv
2021-04-09T01:00:00Z,1.0,65.01,2021-04-09,MarketResult_SEM-DA_PWR-MRC-D+1_20210408100000_20210408103041.csv
2021-04-09T02:00:00Z,1.0,65.6,2021-04-09,MarketResult_SEM-DA_PWR-MRC-D+1_20210408100000_20210408103041.csv
2021-04-09T03:00:00Z,1.0,67.0,2021-04-09,MarketResult_SEM-DA_PWR-MRC-D+1_20210408100000_20210408103041.csv
2021-04-09T04:00:00Z,1.0,71.07,2021-04-09,MarketResult_SEM-DA_PWR-MRC-D+1_20210408100000_20210408103041.csv
2021-04-09T05:00:00Z,1.0,76.02,2021-04-09,MarketResult_SEM-DA_PWR-MRC-D+1_20210408100000_20210408103041.csv
2021-04-09T06:00:00Z,1.0,97.23,2021-04-09,MarketResult_SEM-DA_PWR-MRC-D+1_20210408100000_20210408103041.csv
2021-04-09T07:00:00Z,1.0,129.0,2021-04-09,MarketResult_SEM-DA_PWR-MRC-D+1_20210408100000_20210408103041.csv
2021-04-09T08:00:00Z,1.0,147.0,2021-04-09,MarketResult_SEM-DA_PWR-MRC-D+1_20210408100000_20210408103041.csv
2021-04-09T09:00:00Z,1.0,143.0,2021-04-09,MarketResult_SEM-DA_PWR-MRC-D+1_20210408100000_20210408103041.csv
2021-04-09T10:00:00Z,1.0,157.0,2021-04-09,MarketResult_SEM-DA_PWR-MRC-D+1_20210408100000_20210408103041.csv
2021-04-09T11:00:00Z,1.0,151.0,2021-04-09,MarketResult_SEM-DA_PWR-MRC-D+1_20210408100000_20210408103041.csv
2021-04-09T12:00:00Z,1.0,122.29,2021-04-09,MarketResult_SEM-DA_PWR-MRC-D+1_20210408100000_20210408103041.csv
2021-04-09T13:00:00Z,1.0,87.67,2021-04-09,MarketResult_SEM-DA_PWR-MRC-D+1_20210408100000_20210408103041.csv
2021-04-09T14:00:00Z,1.0,79.26,2021-04-09,MarketResult_SEM-DA_PWR-MRC-D+1_20210408100000_20210408103041.csv
2021-04-09T15:00:00Z,1.0,79.49,2021-04-09,MarketResult_SEM-DA_PWR-MRC-D+1_20210408100000_20210408103041.csv
2021-04-09T16:00:00Z,1.0,98.32,2021-04-09,MarketResult_SEM-DA_PWR-MRC-D+1_20210408100000_20210408103041.csv
2021-04-09T17:00:00Z,1.0,105.37,2021-04-09,MarketResult_SEM-DA_PWR-MRC-D+1_20210408100000_20210408103041.csv
2021-04-09T18:00:00Z,1.0,98.79,2021-04-09,MarketResult_SEM-DA_PWR-MRC-D+1_20210408100000_20210408103041.csv
2021-04-09T19:00:00Z,1.0,99.93,2021-04-09,MarketResult_SEM-DA_PWR-MRC-D+1_20210408100000_20210408103041.csv
2021-04-09T20:00:00Z,1.0,85.67,2021-04-09,MarketResult_SEM-DA_PWR-MRC-D+1_20210408100000_20210408103041.csv
2021-04-09T21:00:00Z,1.0,77.35,2021-04-09,MarketResult_SEM-DA_PWR-MRC-D+1_20210408100000_20210408103041.csv
2021-04-09T22:00:00Z,1.0,70.16,2021-04-10,MarketResult_SEM-DA_PWR-MRC-D+1_20210409100000_20210409103628.csv
2021-04-09T23:00:00Z,1.0,66.98,2021-04-10,MarketResult_SEM-DA_PWR-MRC-D+1_20210409100000_20210409103628.csv
2021-04-10T00:00:00Z,1.0,67.0,2021-04-10,MarketResult_SEM-DA_PWR-MRC-D+1_20210409100000_20210409103628.csv
2021-04-10T01:00:00Z,1.0,65.56,2021-04-10,MarketResult_SEM-DA_PWR-MRC-D+1_20210409100000_20210409103628.csv
2021-04-10T02:00:00Z,1.0,65.0,2021-04-10,MarketResult_SEM-DA_PWR-MRC-D+1_20210409100000_20210409103628.csv
2021-04-10T03:00:00Z,1.0,65.0,2021-04-10,MarketResult_SEM-DA_PWR-MRC-D+1_20210409100000_20210409103628.csv
2021-04-10T04:00:00Z,1.0,66.7,2021-04-10,MarketResult_SEM-DA_PWR-MRC-D+1_20210409100000_20210409103628.csv
2021-04-10T05:00:00Z,1.0,68.08,2021-04-10,MarketResult_SEM-DA_PWR-MRC-D+1_20210409100000_20210409103628.csv
2021-04-10T06:00:00Z,1.0,76.38,2021-04-10,MarketResult_SEM-DA_PWR-MRC-D+1_20210409100000_20210409103628.csv
2021-04-10T07:00:00Z,1.0,86.35,2021-04-10,MarketResult_SEM-DA_PWR-MRC-D+1_20210409100000_20210409103628.csv
2021-04-10T08:00:00Z,1.0,98.0,2021-04-10,MarketResult_SEM-DA_PWR-MRC-D+1_20210409100000_20210409103628.csv
2021-04-10T09:00:00Z,1.0,98.51,2021-04-10,MarketResult_SEM-DA_PWR-MRC-D+1_20210409100000_20210409103628.csv
2021-04-10T10:00:00Z,1.0,98.02,2021-04-10,MarketResult_SEM-DA_PWR-MRC-D+1_20210409100000_20210409103628.csv
2021-04-10T11:00:00Z,1.0,100.24,2021-04-10,MarketResult_SEM-DA_PWR-MRC-D+1_20210409100000_20210409103628.csv
2021-04-10T12:00:00Z,1.0,87.58,2021-04-10,MarketResult_SEM-DA_PWR-MRC-D+1_20210409100000_20210409103628.csv
2021-04-10T13:00:00Z,1.0,76.38,2021-04-10,MarketResult_SEM-DA_PWR-MRC-D+1_20210409100000_20210409103628.csv
2021-04-10T14:00:00Z,1.0,72.0,2021-04-10,MarketResult_SEM-DA_PWR-MRC-D+1_20210409100000_20210409103628.csv
2021-04-10T15:00:00Z,1.0,70.0,2021-04-10,MarketResult_SEM-DA_PWR-MRC-D+1_20210409100000_20210409103628.csv
2021-04-10T16:00:00Z,1.0,84.61,2021-04-10,MarketResult_SEM-DA_PWR-MRC-D+1_20210409100000_20210409103628.csv
2021-04-10T17:00:00Z,1.0,94.77,2021-04-10,MarketResult_SEM-DA_PWR-MRC-D+1_20210409100000_20210409103628.csv
2021-04-10T18:00:00Z,1.0,92.7,2021-04-10,MarketResult_SEM-DA_PWR-MRC-D+1_20210409100000_20210409103628.csv
2021-04-10T19:00:00Z,1.0,90.38,2021-04-10,MarketResult_SEM-DA_PWR-MRC-D+1_20210409100000_20210409103628.csv
2021-04-10T20:00:00Z,1.0,80.6,2021-04-10,MarketResult_SEM-DA_PWR-MRC-D+1_20210409100000_20210409103628.csv
2021-04-10T21:00:00Z,1.0,72.21,2021-04-10,MarketResult_SEM-DA_PWR-MRC-D+1_20210409100000_20210409103628.csv
2021-04-10T22:00:00Z,1.0,68.66,2021-04-11,MarketResult_SEM-DA_PWR-MRC-D+1_20210410100000_20210410103022.csv
2021-04-10T23:00:00Z,1.0,64.74,2021-04-11,MarketResult_SEM-DA_PWR-MRC-D+1_20210410100000_20210410103022.csv
2021-04-11T00:00:00Z,1.0,65.33,2021-04-11,MarketResult_SEM-DA_PWR-MRC-D+1_20210410100000_20210410103022.csv
2021-04-11T01:00:00Z,1.0,64.74,2021-04-11,MarketResult_SEM-DA_PWR-MRC-D+1_20210410100000_20210410103022.csv
2021-04-11T02:00:00Z,1.0,62.8,2021-04-11,MarketResult_SEM-DA_PWR-MRC-D+1_20210410100000_20210410103022.csv
2021-04-11T03:00:00Z,1.0,60.89,2021-04-11,MarketResult_SEM-DA_PWR-MRC-D+1_20210410100000_20210410103022.csv
2021-04-11T04:00:00Z,1.0,62.89,2021-04-11,MarketResult_SEM-DA_PWR-MRC-D+1_20210410100000_20210410103022.csv
2021-04-11T05:00:00Z,1.0,62.98,2021-04-11,MarketResult_SEM-DA_PWR-MRC-D+1_20210410100000_20210410103022.csv
2021-04-11T06:00:00Z,1.0,62.06,2021-04-11,MarketResult_SEM-DA_PWR-MRC-D+1_20210410100000_20210410103022.csv
2021-04-11T07:00:00Z,1.0,73.0,2021-04-11,MarketResult_SEM-DA_PWR-MRC-D+1_20210410100000_20210410103022.csv
2021-04-11T08:00:00Z,1.0,80.48,2021-04-11,MarketResult_SEM-DA_PWR-MRC-D+1_20210410100000_20210410103022.csv
2021-04-11T09:00:00Z,1.0,88.68,2021-04-11,MarketResult_SEM-DA_PWR-MRC-D+1_20210410100000_20210410103022.csv
2021-04-11T10:00:00Z,1.0,86.77,2021-04-11,MarketResult_SEM-DA_PWR-MRC-D+1_20210410100000_20210410103022.csv
2021-04-11T11:00:00Z,1.0,96.0,2021-04-11,MarketResult_SEM-DA_PWR-MRC-D+1_20210410100000_20210410103022.csv
2021-04-11T12:00:00Z,1.0,85.0,2021-04-11,MarketResult_SEM-DA_PWR-MRC-D+1_20210410100000_20210410103022.csv
2021-04-11T13:00:00Z,1.0,76.81,2021-04-11,MarketResult_SEM-DA_PWR-MRC-D+1_20210410100000_20210410103022.csv
2021-04-11T14:00:00Z,1.0,72.35,2021-04-11,MarketResult_SEM-DA_PWR-MRC-D+1_20210410100000_20210410103022.csv
2021-04-11T15:00:00Z,1.0,75.48,2021-04-11,MarketResult_SEM-DA_PWR-MRC-D+1_20210410100000_20210410103022.csv
2021-04-11T16:00:00Z,1.0,92.9,2021-04-11,MarketResult_SEM-DA_PWR-MRC-D+1_20210410100000_20210410103022.csv
2021-04-11T17:00:00Z,1.0,97.85,2021-04-11,MarketResult_SEM-DA_PWR-MRC-D+1_20210410100000_20210410103022.csv
2021-04-11T18:00:00Z,1.0,98.6,2021-04-11,MarketResult_SEM-DA_PWR-MRC-D+1_20210410100000_20210410103022.csv
2021-04-11T19:00:00Z,1.0,102.0,2021-04-11,MarketResult_SEM-DA_PWR-MRC-D+1_20210410100000_20210410103022.csv
2021-04-11T20:00:00Z,1.0,94.97,2021-04-11,MarketResult_SEM-DA_PWR-MRC-D+1_20210410100000_20210410103022.csv
2021-04-11T21:00:00Z,1.0,81.38,2021-04-11,MarketResult_SEM-DA_PWR-MRC-D+1_20210410100000_20210410103022.csv
2021-04-11T22:00:00Z,1.0,67.3,2021-04-12,MarketResult_SEM-DA_PWR-MRC-D+1_20210411100000_20210411102943.csv
2021-04-11T23:00:00Z,1.0,65.3,2021-04-12,MarketResult_SEM-DA_PWR-MRC-D+1_20210411100000_20210411102943.csv
2021-04-12T00:00:00Z,1.0,64.83,2021-04-12,MarketResult_SEM-DA_PWR-MRC-D+1_20210411100000_20210411102943.csv
2021-04-12T01:00:00Z,1.0,65.0,2021-04-12,MarketResult_SEM-DA_PWR-MRC-D+1_20210411100000_20210411102943.csv
2021-04-12T02:00:00Z,1.0,64.29,2021-04-12,MarketResult_SEM-DA_PWR-MRC-D+1_20210411100000_20210411102943.csv
2021-04-12T03:00:00Z,1.0,64.29,2021-04-12,MarketResult_SEM-DA_PWR-MRC-D+1_20210411100000_20210411102943.csv
2021-04-12T04:00:00Z,1.0,69.92,2021-04-12,MarketResult_SEM-DA_PWR-MRC-D+1_20210411100000_20210411102943.csv
2021-04-12T05:00:00Z,1.0,75.48,2021-04-12,MarketResult_SEM-DA_PWR-MRC-D+1_20210411100000_20210411102943.csv
2021-04-12T06:00:00Z,1.0,105.7,2021-04-12,MarketResult_SEM-DA_PWR-MRC-D+1_20210411100000_20210411102943.csv
2021-04-12T07:00:00Z,1.0,141.53,2021-04-12,MarketResult_SEM-DA_PWR-MRC-D+1_20210411100000_20210411102943.csv
2021-04-12T08:00:00Z,1.0,142.87,2021-04-12,MarketResult_SEM-DA_PWR-MRC-D+1_20210411100000_20210411102943.csv
2021-04-12T09:00:00Z,1.0,145.4,2021-04-12,MarketResult_SEM-DA_PWR-MRC-D+1_20210411100000_20210411102943.csv
2021-04-12T10:00:00Z,1.0,148.47,2021-04-12,MarketResult_SEM-DA_PWR-MRC-D+1_20210411100000_20210411102943.csv
2021-04-12T11:00:00Z,1.0,148.47,2021-04-12,MarketResult_SEM-DA_PWR-MRC-D+1_20210411100000_20210411102943.csv
2021-04-12T12:00:00Z,1.0,126.97,2021-04-12,MarketResult_SEM-DA_PWR-MRC-D+1_20210411100000_20210411102943.csv
2021-04-12T13:00:00Z,1.0,99.0,2021-04-12,MarketResult_SEM-DA_PWR-MRC-D+1_20210411100000_20210411102943.csv
2021-04-12T14:00:00Z,1.0,92.32,2021-04-12,MarketResult_SEM-DA_PWR-MRC-D+1_20210411100000_20210411102943.csv
2021-04-12T15:00:00Z,1.0,102.0,2021-04-12,MarketResult_SEM-DA_PWR-MRC-D+1_20210411100000_20210411102943.csv
2021-04-12T16:00:00Z,1.0,125.77,2021-04-12,MarketResult_SEM-DA_PWR-MRC-D+1_20210411100000_20210411102943.csv
2021-04-12T17:00:00Z,1.0,167.85,2021-04-12,MarketResult_SEM-DA_PWR-MRC-D+1_20210411100000_20210411102943.csv
2021-04-12T18:00:00Z,1.0,167.85,2021-04-12,MarketResult_SEM-DA_PWR-MRC-D+1_20210411100000_20210411102943.csv
2021-04-12T19:00:00Z,1.0,153.51,2021-04-12,MarketResult_SEM-DA_PWR-MRC-D+1_20210411100000_20210411102943.csv
2021-04-12T20:00:00Z,1.0,147.7,2021-04-12,MarketResult_SEM-DA_PWR-MRC-D+1_20210411100000_20210411102943.csv
2021-04-12T21:00:00Z,1.0,92.0,2021-04-12,MarketResult_SEM-DA_PWR-MRC-D+1_20210411100000_20210411102943.csv
2021-04-12T22:00:00Z,1.0,80.49,2021-04-13,MarketResult_SEM-DA_PWR-MRC-D+1_20210412100000_20210412103042.csv
2021-04-12T23:00:00Z,1.0,73.0,2021-04-13,MarketResult_SEM-DA_PWR-MRC-D+1_20210412100000_20210412103042.csv
2021-04-13T00:00:00Z,1.0,71.72,2021-04-13,MarketResult_SEM-DA_PWR-MRC-D+1_20210412100000_20210412103042.csv
2021-04-13T01:00:00Z,1.0,70.31,2021-04-13,MarketResult_SEM-DA_PWR-MRC-D+1_20210412100000_20210412103042.csv
2021-04-13T02:00:00Z,1.0,70.31,2021-04-13,MarketResult_SEM-DA_PWR-MRC-D+1_20210412100000_20210412103042.csv
2021-04-13T03:00:00Z,1.0,70.31,2021-04-13,MarketResult_SEM-DA_PWR-MRC-D+1_20210412100000_20210412103042.csv
2021-04-13T04:00:00Z,1.0,77.2,2021-04-13,MarketResult_SEM-DA_PWR-MRC-D+1_20210412100000_20210412103042.csv
2021-04-13T05:00:00Z,1.0,100.57,2021-04-13,MarketResult_SEM-DA_PWR-MRC-D+1_20210412100000_20210412103042.csv
2021-04-13T06:00:00Z,1.0,165.0,2021-04-13,MarketResult_SEM-DA_PWR-MRC-D+1_20210412100000_20210412103042.csv
2021-04-13T07:00:00Z,1.0,200.86,2021-04-13,MarketResult_SEM-DA_PWR-MRC-D+1_20210412100000_20210412103042.csv
2021-04-13T08:00:00Z,1.0,181.1,2021-04-13,MarketResult_SEM-DA_PWR-MRC-D+1_20210412100000_20210412103042.csv
2021-04-13T09:00:00Z,1.0,181.1,2021-04-13,MarketResult_SEM-DA_PWR-MRC-D+1_20210412100000_20210412103042.csv
2021-04-13T10:00:00Z,1.0,185.0,2021-04-13,MarketResult_SEM-DA_PWR-MRC-D+1_20210412100000_20210412103042.csv
2021-04-13T11:00:00Z,1.0,186.0,2021-04-13,MarketResult_SEM-DA_PWR-MRC-D+1_20210412100000_20210412103042.csv
2021-04-13T12:00:00Z,1.0,185.0,2021-04-13,MarketResult_SEM-DA_PWR-MRC-D+1_20210412100000_20210412103042.csv
2021-04-13T13:00:00Z,1.0,145.0,2021-04-13,MarketResult_SEM-DA_PWR-MRC-D+1_20210412100000_20210412103042.csv
2021-04-13T14:00:00Z,1.0,135.0,2021-04-13,MarketResult_SEM-DA_PWR-MRC-D+1_20210412100000_20210412103042.csv
2021-04-13T15:00:00Z,1.0,172.09,2021-04-13,MarketResult_SEM-DA_PWR-MRC-D+1_20210412100000_20210412103042.csv
2021-04-13T16:00:00Z,1.0,268.17,2021-04-13,MarketResult_SEM-DA_PWR-MRC-D+1_20210412100000_20210412103042.csv
2021-04-13T17:00:00Z,1.0,361.36,2021-04-13,MarketResult_SEM-DA_PWR-MRC-D+1_20210412100000_20210412103042.csv
2021-04-13T18:00:00Z,1.0,269.0,2021-04-13,MarketResult_SEM-DA_PWR-MRC-D+1_20210412100000_20210412103042.csv
2021-04-13T19:00:00Z,1.0,219.64,2021-04-13,MarketResult_SEM-DA_PWR-MRC-D+1_20210412100000_20210412103042.csv
2021-04-13T20:00:00Z,1.0,175.63,2021-04-13,MarketResult_SEM-DA_PWR-MRC-D+1_20210412100000_20210412103042.csv
2021-04-13T21:00:00Z,1.0,91.27,2021-04-13,MarketResult_SEM-DA_PWR-MRC-D+1_20210412100000_20210412103042.csv
2021-04-13T22:00:00Z,1.0,78.27,2021-04-14,MarketResult_SEM-DA_PWR-MRC-D+1_20210413100000_20210413103110.csv
2021-04-13T23:00:00Z,1.0,75.88,2021-04-14,MarketResult_SEM-DA_PWR-MRC-D+1_20210413100000_20210413103110.csv
2021-04-14T00:00:00Z,1.0,75.0,2021-04-14,MarketResult_SEM-DA_PWR-MRC-D+1_20210413100000_20210413103110.csv
2021-04-14T01:00:00Z,1.0,71.7,2021-04-14,MarketResult_SEM-DA_PWR-MRC-D+1_20210413100000_20210413103110.csv
2021-04-14T02:00:00Z,1.0,70.31,2021-04-14,MarketResult_SEM-DA_PWR-MRC-D+1_20210413100000_20210413103110.csv
2021-04-14T03:00:00Z,1.0,71.52,2021-04-14,MarketResult_SEM-DA_PWR-MRC-D+1_20210413100000_20210413103110.csv
2021-04-14T04:00:00Z,1.0,79.0,2021-04-14,MarketResult_SEM-DA_PWR-MRC-D+1_20210413100000_20210413103110.csv
2021-04-14T05:00:00Z,1.0,104.01,2021-04-14,MarketResult_SEM-DA_PWR-MRC-D+1_20210413100000_20210413103110.csv
2021-04-14T06:00:00Z,1.0,154.06,2021-04-14,MarketResult_SEM-DA_PWR-MRC-D+1_20210413100000_20210413103110.csv
2021-04-14T07:00:00Z,1.0,181.09,2021-04-14,MarketResult_SEM-DA_PWR-MRC-D+1_20210413100000_20210413103110.csv
2021-04-14T08:00:00Z,1.0,154.36,2021-04-14,MarketResult_SEM-DA_PWR-MRC-D+1_20210413100000_20210413103110.csv
2021-04-14T09:00:00Z,1.0,129.0,2021-04-14,MarketResult_SEM-DA_PWR-MRC-D+1_20210413100000_20210413103110.csv
2021-04-14T10:00:00Z,1.0,119.92,2021-04-14,MarketResult_SEM-DA_PWR-MRC-D+1_20210413100000_20210413103110.csv
2021-04-14T11:00:00Z,1.0,118.67,2021-04-14,MarketResult_SEM-DA_PWR-MRC-D+1_20210413100000_20210413103110.csv
2021-04-14T12:00:00Z,1.0,99.0,2021-04-14,MarketResult_SEM-DA_PWR-MRC-D+1_20210413100000_20210413103110.csv
2021-04-14T13:00:00Z,1.0,95.47,2021-04-14,MarketResult_SEM-DA_PWR-MRC-D+1_20210413100000_20210413103110.csv
2021-04-14T14:00:00Z,1.0,95.03,2021-04-14,MarketResult_SEM-DA_PWR-MRC-D+1_20210413100000_20210413103110.csv
2021-04-14T15:00:00Z,1.0,125.0,2021-04-14,MarketResult_SEM-DA_PWR-MRC-D+1_20210413100000_20210413103110.csv
2021-04-14T16:00:00Z,1.0,186.0,2021-04-14,MarketResult_SEM-DA_PWR-MRC-D+1_20210413100000_20210413103110.csv
2021-04-14T17:00:00Z,1.0,277.05,2021-04-14,MarketResult_SEM-DA_PWR-MRC-D+1_20210413100000_20210413103110.csv
2021-04-14T18:00:00Z,1.0,254.36,2021-04-14,MarketResult_SEM-DA_PWR-MRC-D+1_20210413100000_20210413103110.csv
2021-04-14T19:00:00Z,1.0,216.05,2021-04-14,MarketResult_SEM-DA_PWR-MRC-D+1_20210413100000_20210413103110.csv
2021-04-14T20:00:00Z,1.0,124.0,2021-04-14,MarketResult_SEM-DA_PWR-MRC-D+1_20210413100000_20210413103110.csv
2021-04-14T21:00:00Z,1.0,85.36,2021-04-14,MarketResult_SEM-DA_PWR-MRC-D+1_20210413100000_20210413103110.csv
2021-04-14T22:00:00Z,1.0,71.86,2021-04-15,MarketResult_SEM-DA_PWR-MRC-D+1_20210414100000_20210414103128.csv
2021-04-14T23:00:00Z,1.0,68.76,2021-04-15,MarketResult_SEM-DA_PWR-MRC-D+1_20210414100000_20210414103128.csv
2021-04-15T00:00:00Z,1.0,68.64,2021-04-15,MarketResult_SEM-DA_PWR-MRC-D+1_20210414100000_20210414103128.csv
2021-04-15T01:00:00Z,1.0,67.5,2021-04-15,MarketResult_SEM-DA_PWR-MRC-D+1_20210414100000_20210414103128.csv
2021-04-15T02:00:00Z,1.0,65.1,2021-04-15,MarketResult_SEM-DA_PWR-MRC-D+1_20210414100000_20210414103128.csv
2021-04-15T03:00:00Z,1.0,66.27,2021-04-15,MarketResult_SEM-DA_PWR-MRC-D+1_20210414100000_20210414103128.csv
2021-04-15T04:00:00Z,1.0,72.88,2021-04-15,MarketResult_SEM-DA_PWR-MRC-D+1_20210414100000_20210414103128.csv
2021-04-15T05:00:00Z,1.0,86.5,2021-04-15,MarketResult_SEM-DA_PWR-MRC-D+1_20210414100000_20210414103128.csv
2021-04-15T06:00:00Z,1.0,115.0,2021-04-15,MarketResult_SEM-DA_PWR-MRC-D+1_20210414100000_20210414103128.csv
2021-04-15T07:00:00Z,1.0,114.07,2021-04-15,MarketResult_SEM-DA_PWR-MRC-D+1_20210414100000_20210414103128.csv
2021-04-15T08:00:00Z,1.0,114.11,2021-04-15,MarketResult_SEM-DA_PWR-MRC-D+1_20210414100000_20210414103128.csv
2021-04-15T09:00:00Z,1.0,97.6,2021-04-15,MarketResult_SEM-DA_PWR-MRC-D+1_20210414100000_20210414103128.csv
2021-04-15T10:00:00Z,1.0,80.96,2021-04-15,MarketResult_SEM-DA_PWR-MRC-D+1_20210414100000_20210414103128.csv
2021-04-15T11:00:00Z,1.0,78.0,2021-04-15,MarketResult_SEM-DA_PWR-MRC-D+1_20210414100000_20210414103128.csv
2021-04-15T12:00:00Z,1.0,75.07,2021-04-15,MarketResult_SEM-DA_PWR-MRC-D+1_20210414100000_20210414103128.csv
2021-04-15T13:00:00Z,1.0,71.34,2021-04-15,MarketResult_SEM-DA_PWR-MRC-D+1_20210414100000_20210414103128.csv
2021-04-15T14:00:00Z,1.0,71.39,2021-04-15,MarketResult_SEM-DA_PWR-MRC-D+1_20210414100000_20210414103128.csv
2021-04-15T15:00:00Z,1.0,81.14,2021-04-15,MarketResult_SEM-DA_PWR-MRC-D+1_20210414100000_20210414103128.csv
2021-04-15T16:00:00Z,1.0,110.0,2021-04-15,MarketResult_SEM-DA_PWR-MRC-D+1_20210414100000_20210414103128.csv
2021-04-15T17:00:00Z,1.0,123.3,2021-04-15,MarketResult_SEM-DA_PWR-MRC-D+1_20210414100000_20210414103128.csv
2021-04-15T18:00:00Z,1.0,119.23,2021-04-15,MarketResult_SEM-DA_PWR-MRC-D+1_20210414100000_20210414103128.csv
2021-04-15T19:00:00Z,1.0,117.54,2021-04-15,MarketResult_SEM-DA_PWR-MRC-D+1_20210414100000_20210414103128.csv
2021-04-15T20:00:00Z,1.0,89.57,2021-04-15,MarketResult_SEM-DA_PWR-MRC-D+1_20210414100000_20210414103128.csv
2021-04-15T21:00:00Z,1.0,76.2,2021-04-15,MarketResult_SEM-DA_PWR-MRC-D+1_20210414100000_20210414103128.csv
2021-04-15T22:00:00Z,1.0,66.24,2021-04-16,MarketResult_SEM-DA_PWR-MRC-D+1_20210415100000_20210415104136.csv
2021-04-15T23:00:00Z,1.0,62.32,2021-04-16,MarketResult_SEM-DA_PWR-MRC-D+1_20210415100000_20210415104136.csv
2021-04-16T00:00:00Z,1.0,62.32,2021-04-16,MarketResult_SEM-DA_PWR-MRC-D+1_20210415100000_20210415104136.csv
2021-04-16T01:00:00Z,1.0,62.12,2021-04-16,MarketResult_SEM-DA_PWR-MRC-D+1_20210415100000_20210415104136.csv
2021-04-16T02:00:00Z,1.0,60.0,2021-04-16,MarketResult_SEM-DA_PWR-MRC-D+1_20210415100000_20210415104136.csv
2021-04-16T03:00:00Z,1.0,60.84,2021-04-16,MarketResult_SEM-DA_PWR-MRC-D+1_20210415100000_20210415104136.csv
2021-04-16T04:00:00Z,1.0,64.72,2021-04-16,MarketResult_SEM-DA_PWR-MRC-D+1_20210415100000_20210415104136.csv
2021-04-16T05:00:00Z,1.0,73.64,2021-04-16,MarketResult_SEM-DA_PWR-MRC-D+1_20210415100000_20210415104136.csv
2021-04-16T06:00:00Z,1.0,98.0,2021-04-16,MarketResult_SEM-DA_PWR-MRC-D+1_20210415100000_20210415104136.csv
2021-04-16T07:00:00Z,1.0,107.9,2021-04-16,MarketResult_SEM-DA_PWR-MRC-D+1_20210415100000_20210415104136.csv
2021-04-16T08:00:00Z,1.0,99.42,2021-04-16,MarketResult_SEM-DA_PWR-MRC-D+1_20210415100000_20210415104136.csv
2021-04-16T09:00:00Z,1.0,80.54,2021-04-16,MarketResult_SEM-DA_PWR-MRC-D+1_20210415100000_20210415104136.csv
2021-04-16T10:00:00Z,1.0,69.22,2021-04-16,MarketResult_SEM-DA_PWR-MRC-D+1_20210415100000_20210415104136.csv
2021-04-16T11:00:00Z,1.0,71.3,2021-04-16,MarketResult_SEM-DA_PWR-MRC-D+1_20210415100000_20210415104136.csv
2021-04-16T12:00:00Z,1.0,68.65,2021-04-16,MarketResult_SEM-DA_PWR-MRC-D+1_20210415100000_20210415104136.csv
2021-04-16T13:00:00Z,1.0,68.06,2021-04-16,MarketResult_SEM-DA_PWR-MRC-D+1_20210415100000_20210415104136.csv
2021-04-16T14:00:00Z,1.0,68.0,2021-04-16,MarketResult_SEM-DA_PWR-MRC-D+1_20210415100000_20210415104136.csv
2021-04-16T15:00:00Z,1.0,72.0,2021-04-16,MarketResult_SEM-DA_PWR-MRC-D+1_20210415100000_20210415104136.csv
2021-04-16T16:00:00Z,1.0,102.59,2021-04-16,MarketResult_SEM-DA_PWR-MRC-D+1_20210415100000_20210415104136.csv
2021-04-16T17:00:00Z,1.0,115.08,2021-04-16,MarketResult_SEM-DA_PWR-MRC-D+1_20210415100000_20210415104136.csv
2021-04-16T18:00:00Z,1.0,111.81,2021-04-16,MarketResult_SEM-DA_PWR-MRC-D+1_20210415100000_20210415104136.csv
2021-04-16T19:00:00Z,1.0,110.0,2021-04-16,MarketResult_SEM-DA_PWR-MRC-D+1_20210415100000_20210415104136.csv
2021-04-16T20:00:00Z,1.0,95.68,2021-04-16,MarketResult_SEM-DA_PWR-MRC-D+1_20210415100000_20210415104136.csv
2021-04-16T21:00:00Z,1.0,80.0,2021-04-16,MarketResult_SEM-DA_PWR-MRC-D+1_20210415100000_20210415104136.csv
2021-04-16T22:00:00Z,1.0,82.51,2021-04-17,MarketResult_SEM-DA_PWR-MRC-D+1_20210416100000_20210416103208.csv
2021-04-16T23:00:00Z,1.0,70.2,2021-04-17,MarketResult_SEM-DA_PWR-MRC-D+1_20210416100000_20210416103208.csv
2021-04-17T00:00:00Z,1.0,69.0,2021-04-17,MarketResult_SEM-DA_PWR-MRC-D+1_20210416100000_20210416103208.csv
2021-04-17T01:00:00Z,1.0,65.88,2021-04-17,MarketResult_SEM-DA_PWR-MRC-D+1_20210416100000_20210416103208.csv
2021-04-17T02:00:00Z,1.0,64.59,2021-04-17,MarketResult_SEM-DA_PWR-MRC-D+1_20210416100000_20210416103208.csv
2021-04-17T03:00:00Z,1.0,65.0,2021-04-17,MarketResult_SEM-DA_PWR-MRC-D+1_20210416100000_20210416103208.csv
2021-04-17T04:00:00Z,1.0,65.07,2021-04-17,MarketResult_SEM-DA_PWR-MRC-D+1_20210416100000_20210416103208.csv
2021-04-17T05:00:00Z,1.0,66.15,2021-04-17,MarketResult_SEM-DA_PWR-MRC-D+1_20210416100000_20210416103208.csv
2021-04-17T06:00:00Z,1.0,78.51,2021-04-17,MarketResult_SEM-DA_PWR-MRC-D+1_20210416100000_20210416103208.csv
2021-04-17T07:00:00Z,1.0,82.07,2021-04-17,MarketResult_SEM-DA_PWR-MRC-D+1_20210416100000_20210416103208.csv
2021-04-17T08:00:00Z,1.0,81.88,2021-04-17,MarketResult_SEM-DA_PWR-MRC-D+1_20210416100000_20210416103208.csv
2021-04-17T09:00:00Z,1.0,74.15,2021-04-17,MarketResult_SEM-DA_PWR-MRC-D+1_20210416100000_20210416103208.csv
2021-04-17T10:00:00Z,1.0,66.62,2021-04-17,MarketResult_SEM-DA_PWR-MRC-D+1_20210416100000_20210416103208.csv
2021-04-17T11:00:00Z,1.0,66.62,2021-04-17,MarketResult_SEM-DA_PWR-MRC-D+1_20210416100000_20210416103208.csv
2021-04-17T12:00:00Z,1.0,64.49,2021-04-17,MarketResult_SEM-DA_PWR-MRC-D+1_20210416100000_20210416103208.csv
2021-04-17T13:00:00Z,1.0,59.97,2021-04-17,MarketResult_SEM-DA_PWR-MRC-D+1_20210416100000_20210416103208.csv
2021-04-17T14:00:00Z,1.0,62.0,2021-04-17,MarketResult_SEM-DA_PWR-MRC-D+1_20210416100000_20210416103208.csv
2021-04-17T15:00:00Z,1.0,65.0,2021-04-17,MarketResult_SEM-DA_PWR-MRC-D+1_20210416100000_20210416103208.csv
2021-04-17T16:00:00Z,1.0,84.0,2021-04-17,MarketResult_SEM-DA_PWR-MRC-D+1_20210416100000_20210416103208.csv
2021-04-17T17:00:00Z,1.0,95.32,2021-04-17,MarketResult_SEM-DA_PWR-MRC-D+1_20210416100000_20210416103208.csv
2021-04-17T18:00:00Z,1.0,97.62,2021-04-17,MarketResult_SEM-DA_PWR-MRC-D+1_20210416100000_20210416103208.csv
2021-04-17T19:00:00Z,1.0,98.11,2021-04-17,MarketResult_SEM-DA_PWR-MRC-D+1_20210416100000_20210416103208.csv
2021-04-17T20:00:00Z,1.0,87.6,2021-04-17,MarketResult_SEM-DA_PWR-MRC-D+1_20210416100000_20210416103208.csv
2021-04-17T21:00:00Z,1.0,71.65,2021-04-17,MarketResult_SEM-DA_PWR-MRC-D+1_20210416100000_20210416103208.csv
2021-04-17T22:00:00Z,1.0,73.98,2021-04-18,MarketResult_SEM-DA_PWR-MRC-D+1_20210417100000_20210417103208.csv
2021-04-17T23:00:00Z,1.0,67.0,2021-04-18,MarketResult_SEM-DA_PWR-MRC-D+1_20210417100000_20210417103208.csv
2021-04-18T00:00:00Z,1.0,69.43,2021-04-18,MarketResult_SEM-DA_PWR-MRC-D+1_20210417100000_20210417103208.csv
2021-04-18T01:00:00Z,1.0,66.59,2021-04-18,MarketResult_SEM-DA_PWR-MRC-D+1_20210417100000_20210417103208.csv
2021-04-18T02:00:00Z,1.0,65.0,2021-04-18,MarketResult_SEM-DA_PWR-MRC-D+1_20210417100000_20210417103208.csv
2021-04-18T03:00:00Z,1.0,65.0,2021-04-18,MarketResult_SEM-DA_PWR-MRC-D+1_20210417100000_20210417103208.csv
2021-04-18T04:00:00Z,1.0,65.0,2021-04-18,MarketResult_SEM-DA_PWR-MRC-D+1_20210417100000_20210417103208.csv
2021-04-18T05:00:00Z,1.0,65.0,2021-04-18,MarketResult_SEM-DA_PWR-MRC-D+1_20210417100000_20210417103208.csv
2021-04-18T06:00:00Z,1.0,71.0,2021-04-18,MarketResult_SEM-DA_PWR-MRC-D+1_20210417100000_20210417103208.csv
2021-04-18T07:00:00Z,1.0,80.77,2021-04-18,MarketResult_SEM-DA_PWR-MRC-D+1_20210417100000_20210417103208.csv
2021-04-18T08:00:00Z,1.0,85.53,2021-04-18,MarketResult_SEM-DA_PWR-MRC-D+1_20210417100000_20210417103208.csv
2021-04-18T09:00:00Z,1.0,87.38,2021-04-18,MarketResult_SEM-DA_PWR-MRC-D+1_20210417100000_20210417103208.csv
2021-04-18T10:00:00Z,1.0,89.18,2021-04-18,MarketResult_SEM-DA_PWR-MRC-D+1_20210417100000_20210417103208.csv
2021-04-18T11:00:00Z,1.0,98.66,2021-04-18,MarketResult_SEM-DA_PWR-MRC-D+1_20210417100000_20210417103208.csv
2021-04-18T12:00:00Z,1.0,89.6,2021-04-18,MarketResult_SEM-DA_PWR-MRC-D+1_20210417100000_20210417103208.csv
2021-04-18T13:00:00Z,1.0,81.0,2021-04-18,MarketResult_SEM-DA_PWR-MRC-D+1_20210417100000_20210417103208.csv
2021-04-18T14:00:00Z,1.0,83.0,2021-04-18,MarketResult_SEM-DA_PWR-MRC-D+1_20210417100000_20210417103208.csv
2021-04-18T15:00:00Z,1.0,89.0,2021-04-18,MarketResult_SEM-DA_PWR-MRC-D+1_20210417100000_20210417103208.csv
2021-04-18T16:00:00Z,1.0,107.88,2021-04-18,MarketResult_SEM-DA_PWR-MRC-D+1_20210417100000_20210417103208.csv
2021-04-18T17:00:00Z,1.0,114.84,2021-04-18,MarketResult_SEM-DA_PWR-MRC-D+1_20210417100000_20210417103208.csv
2021-04-18T18:00:00Z,1.0,114.84,2021-04-18,MarketResult_SEM-DA_PWR-MRC-D+1_20210417100000_20210417103208.csv
2021-04-18T19:00:00Z,1.0,114.84,2021-04-18,MarketResult_SEM-DA_PWR-MRC-D+1_20210417100000_20210417103208.csv
2021-04-18T20:00:00Z,1.0,108.04,2021-04-18,MarketResult_SEM-DA_PWR-MRC-D+1_20210417100000_20210417103208.csv
2021-04-18T21:00:00Z,1.0,90.5,2021-04-18,MarketResult_SEM-DA_PWR-MRC-D+1_20210417100000_20210417103208.csv
2021-04-18T22:00:00Z,1.0,72.48,2021-04-19,MarketResult_SEM-DA_PWR-MRC-D+1_20210418100000_20210418103217.csv
2021-04-18T23:00:00Z,1.0,68.57,2021-04-19,MarketResult_SEM-DA_PWR-MRC-D+1_20210418100000_20210418103217.csv
2021-04-19T00:00:00Z,1.0,68.12,2021-04-19,MarketResult_SEM-DA_PWR-MRC-D+1_20210418100000_20210418103217.csv
2021-04-19T01:00:00Z,1.0,67.7,2021-04-19,MarketResult_SEM-DA_PWR-MRC-D+1_20210418100000_20210418103217.csv
2021-04-19T02:00:00Z,1.0,65.49,2021-04-19,MarketResult_SEM-DA_PWR-MRC-D+1_20210418100000_20210418103217.csv
2021-04-19T03:00:00Z,1.0,66.6,2021-04-19,MarketResult_SEM-DA_PWR-MRC-D+1_20210418100000_20210418103217.csv
2021-04-19T04:00:00Z,1.0,71.98,2021-04-19,MarketResult_SEM-DA_PWR-MRC-D+1_20210418100000_20210418103217.csv
2021-04-19T05:00:00Z,1.0,85.69,2021-04-19,MarketResult_SEM-DA_PWR-MRC-D+1_20210418100000_20210418103217.csv
2021-04-19T06:00:00Z,1.0,106.0,2021-04-19,MarketResult_SEM-DA_PWR-MRC-D+1_20210418100000_20210418103217.csv
2021-04-19T07:00:00Z,1.0,103.0,2021-04-19,MarketResult_SEM-DA_PWR-MRC-D+1_20210418100000_20210418103217.csv
2021-04-19T08:00:00Z,1.0,93.54,2021-04-19,MarketResult_SEM-DA_PWR-MRC-D+1_20210418100000_20210418103217.csv
2021-04-19T09:00:00Z,1.0,81.0,2021-04-19,MarketResult_SEM-DA_PWR-MRC-D+1_20210418100000_20210418103217.csv
2021-04-19T10:00:00Z,1.0,78.51,2021-04-19,MarketResult_SEM-DA_PWR-MRC-D+1_20210418100000_20210418103217.csv
2021-04-19T11:00:00Z,1.0,75.55,2021-04-19,MarketResult_SEM-DA_PWR-MRC-D+1_20210418100000_20210418103217.csv
2021-04-19T12:00:00Z,1.0,71.97,2021-04-19,MarketResult_SEM-DA_PWR-MRC-D+1_20210418100000_20210418103217.csv
2021-04-19T13:00:00Z,1.0,70.74,2021-04-19,MarketResult_SEM-DA_PWR-MRC-D+1_20210418100000_20210418103217.csv
2021-04-19T14:00:00Z,1.0,70.74,2021-04-19,MarketResult_SEM-DA_PWR-MRC-D+1_20210418100000_20210418103217.csv
2021-04-19T15:00:00Z,1.0,74.44,2021-04-19,MarketResult_SEM-DA_PWR-MRC-D+1_20210418100000_20210418103217.csv
2021-04-19T16:00:00Z,1.0,101.0,2021-04-19,MarketResult_SEM-DA_PWR-MRC-D+1_20210418100000_20210418103217.csv
2021-04-19T17:00:00Z,1.0,125.11,2021-04-19,MarketResult_SEM-DA_PWR-MRC-D+1_20210418100000_20210418103217.csv
2021-04-19T18:00:00Z,1.0,118.0,2021-04-19,MarketResult_SEM-DA_PWR-MRC-D+1_20210418100000_20210418103217.csv
2021-04-19T19:00:00Z,1.0,114.36,2021-04-19,MarketResult_SEM-DA_PWR-MRC-D+1_20210418100000_20210418103217.csv
2021-04-19T20:00:00Z,1.0,97.46,2021-04-19,MarketResult_SEM-DA_PWR-MRC-D+1_20210418100000_20210418103217.csv
2021-04-19T21:00:00Z,1.0,84.0,2021-04-19,MarketResult_SEM-DA_PWR-MRC-D+1_20210418100000_20210418103217.csv
2021-04-19T22:00:00Z,1.0,76.95,2021-04-20,MarketResult_SEM-DA_PWR-MRC-D+1_20210419100000_20210419103341.csv
2021-04-19T23:00:00Z,1.0,72.43,2021-04-20,MarketResult_SEM-DA_PWR-MRC-D+1_20210419100000_20210419103341.csv
2021-04-20T00:00:00Z,1.0,73.01,2021-04-20,MarketResult_SEM-DA_PWR-MRC-D+1_20210419100000_20210419103341.csv
2021-04-20T01:00:00Z,1.0,72.0,2021-04-20,MarketResult_SEM-DA_PWR-MRC-D+1_20210419100000_20210419103341.csv
2021-04-20T02:00:00Z,1.0,72.43,2021-04-20,MarketResult_SEM-DA_PWR-MRC-D+1_20210419100000_20210419103341.csv
2021-04-20T03:00:00Z,1.0,73.97,2021-04-20,MarketResult_SEM-DA_PWR-MRC-D+1_20210419100000_20210419103341.csv
2021-04-20T04:00:00Z,1.0,78.93,2021-04-20,MarketResult_SEM-DA_PWR-MRC-D+1_20210419100000_20210419103341.csv
2021-04-20T05:00:00Z,1.0,94.66,2021-04-20,MarketResult_SEM-DA_PWR-MRC-D+1_20210419100000_20210419103341.csv
2021-04-20T06:00:00Z,1.0,120.0,2021-04-20,MarketResult_SEM-DA_PWR-MRC-D+1_20210419100000_20210419103341.csv
2021-04-20T07:00:00Z,1.0,140.0,2021-04-20,MarketResult_SEM-DA_PWR-MRC-D+1_20210419100000_20210419103341.csv
2021-04-20T08:00:00Z,1.0,130.0,2021-04-20,MarketResult_SEM-DA_PWR-MRC-D+1_20210419100000_20210419103341.csv
2021-04-20T09:00:00Z,1.0,115.7,2021-04-20,MarketResult_SEM-DA_PWR-MRC-D+1_20210419100000_20210419103341.csv
2021-04-20T10:00:00Z,1.0,104.5,2021-04-20,MarketResult_SEM-DA_PWR-MRC-D+1_20210419100000_20210419103341.csv
2021-04-20T11:00:00Z,1.0,101.44,2021-04-20,MarketResult_SEM-DA_PWR-MRC-D+1_20210419100000_20210419103341.csv
2021-04-20T12:00:00Z,1.0,96.18,2021-04-20,MarketResult_SEM-DA_PWR-MRC-D+1_20210419100000_20210419103341.csv
2021-04-20T13:00:00Z,1.0,89.37,2021-04-20,MarketResult_SEM-DA_PWR-MRC-D+1_20210419100000_20210419103341.csv
2021-04-20T14:00:00Z,1.0,86.51,2021-04-20,MarketResult_SEM-DA_PWR-MRC-D+1_20210419100000_20210419103341.csv
2021-04-20T15:00:00Z,1.0,88.13,2021-04-20,MarketResult_SEM-DA_PWR-MRC-D+1_20210419100000_20210419103341.csv
2021-04-20T16:00:00Z,1.0,97.0,2021-04-20,MarketResult_SEM-DA_PWR-MRC-D+1_20210419100000_20210419103341.csv
2021-04-20T17:00:00Z,1.0,107.17,2021-04-20,MarketResult_SEM-DA_PWR-MRC-D+1_20210419100000_20210419103341.csv
2021-04-20T18:00:00Z,1.0,106.19,2021-04-20,MarketResult_SEM-DA_PWR-MRC-D+1_20210419100000_20210419103341.csv
2021-04-20T19:00:00Z,1.0,99.05,2021-04-20,MarketResult_SEM-DA_PWR-MRC-D+1_20210419100000_20210419103341.csv
2021-04-20T20:00:00Z,1.0,88.86,2021-04-20,MarketResult_SEM-DA_PWR-MRC-D+1_20210419100000_20210419103341.csv
2021-04-20T21:00:00Z,1.0,77.04,2021-04-20,MarketResult_SEM-DA_PWR-MRC-D+1_20210419100000_20210419103341.csv
2021-04-20T22:00:00Z,1.0,75.4,2021-04-21,MarketResult_SEM-DA_PWR-MRC-D+1_20210420100000_20210420103118.csv
2021-04-20T23:00:00Z,1.0,71.94,2021-04-21,MarketResult_SEM-DA_PWR-MRC-D+1_20210420100000_20210420103118.csv
2021-04-21T00:00:00Z,1.0,69.41,2021-04-21,MarketResult_SEM-DA_PWR-MRC-D+1_20210420100000_20210420103118.csv
2021-04-21T01:00:00Z,1.0,68.81,2021-04-21,MarketResult_SEM-DA_PWR-MRC-D+1_20210420100000_20210420103118.csv
2021-04-21T02:00:00Z,1.0,66.61,2021-04-21,MarketResult_SEM-DA_PWR-MRC-D+1_20210420100000_20210420103118.csv
2021-04-21T03:00:00Z,1.0,67.79,2021-04-21,MarketResult_SEM-DA_PWR-MRC-D+1_20210420100000_20210420103118.csv
2021-04-21T04:00:00Z,1.0,72.37,2021-04-21,MarketResult_SEM-DA_PWR-MRC-D+1_20210420100000_20210420103118.csv
2021-04-21T05:00:00Z,1.0,76.76,2021-04-21,MarketResult_SEM-DA_PWR-MRC-D+1_20210420100000_20210420103118.csv
2021-04-21T06:00:00Z,1.0,92.0,2021-04-21,MarketResult_SEM-DA_PWR-MRC-D+1_20210420100000_20210420103118.csv
2021-04-21T07:00:00Z,1.0,96.95,2021-04-21,MarketResult_SEM-DA_PWR-MRC-D+1_20210420100000_20210420103118.csv
2021-04-21T08:00:00Z,1.0,95.58,2021-04-21,MarketResult_SEM-DA_PWR-MRC-D+1_20210420100000_20210420103118.csv
2021-04-21T09:00:00Z,1.0,89.0,2021-04-21,MarketResult_SEM-DA_PWR-MRC-D+1_20210420100000_20210420103118.csv
2021-04-21T10:00:00Z,1.0,80.22,2021-04-21,MarketResult_SEM-DA_PWR-MRC-D+1_20210420100000_20210420103118.csv
2021-04-21T11:00:00Z,1.0,77.0,2021-04-21,MarketResult_SEM-DA_PWR-MRC-D+1_20210420100000_20210420103118.csv
2021-04-21T12:00:00Z,1.0,72.58,2021-04-21,MarketResult_SEM-DA_PWR-MRC-D+1_20210420100000_20210420103118.csv
2021-04-21T13:00:00Z,1.0,70.58,2021-04-21,MarketResult_SEM-DA_PWR-MRC-D+1_20210420100000_20210420103118.csv
2021-04-21T14:00:00Z,1.0,70.58,2021-04-21,MarketResult_SEM-DA_PWR-MRC-D+1_20210420100000_20210420103118.csv
2021-04-21T15:00:00Z,1.0,71.98,2021-04-21,MarketResult_SEM-DA_PWR-MRC-D+1_20210420100000_20210420103118.csv
2021-04-21T16:00:00Z,1.0,83.98,2021-04-21,MarketResult_SEM-DA_PWR-MRC-D+1_20210420100000_20210420103118.csv
2021-04-21T17:00:00Z,1.0,94.48,2021-04-21,MarketResult_SEM-DA_PWR-MRC-D+1_20210420100000_20210420103118.csv
2021-04-21T18:00:00Z,1.0,93.9,2021-04-21,MarketResult_SEM-DA_PWR-MRC-D+1_20210420100000_20210420103118.csv
2021-04-21T19:00:00Z,1.0,90.45,2021-04-21,MarketResult_SEM-DA_PWR-MRC-D+1_20210420100000_20210420103118.csv
2021-04-21T20:00:00Z,1.0,79.35,2021-04-21,MarketResult_SEM-DA_PWR-MRC-D+1_20210420100000_20210420103118.csv
2021-04-21T21:00:00Z,1.0,68.88,2021-04-21,MarketResult_SEM-DA_PWR-MRC-D+1_20210420100000_20210420103118.csv
2021-04-21T22:00:00Z,1.0,71.05,2021-04-22,MarketResult_SEM-DA_PWR-MRC-D+1_20210421100000_20210421103739.csv
2021-04-21T23:00:00Z,1.0,67.0,2021-04-22,MarketResult_SEM-DA_PWR-MRC-D+1_20210421100000_20210421103739.csv
2021-04-22T00:00:00Z,1.0,65.0,2021-04-22,MarketResult_SEM-DA_PWR-MRC-D+1_20210421100000_20210421103739.csv
2021-04-22T01:00:00Z,1.0,65.0,2021-04-22,MarketResult_SEM-DA_PWR-MRC-D+1_20210421100000_20210421103739.csv
2021-04-22T02:00:00Z,1.0,64.53,2021-04-22,MarketResult_SEM-DA_PWR-MRC-D+1_20210421100000_20210421103739.csv
2021-04-22T03:00:00Z,1.0,65.0,2021-04-22,MarketResult_SEM-DA_PWR-MRC-D+1_20210421100000_20210421103739.csv
2021-04-22T04:00:00Z,1.0,68.49,2021-04-22,MarketResult_SEM-DA_PWR-MRC-D+1_20210421100000_20210421103739.csv
2021-04-22T05:00:00Z,1.0,75.74,2021-04-22,MarketResult_SEM-DA_PWR-MRC-D+1_20210421100000_20210421103739.csv
2021-04-22T06:00:00Z,1.0,91.98,2021-04-22,MarketResult_SEM-DA_PWR-MRC-D+1_20210421100000_20210421103739.csv
2021-04-22T07:00:00Z,1.0,95.26,2021-04-22,MarketResult_SEM-DA_PWR-MRC-D+1_20210421100000_20210421103739.csv
2021-04-22T08:00:00Z,1.0,89.95,2021-04-22,MarketResult_SEM-DA_PWR-MRC-D+1_20210421100000_20210421103739.csv
2021-04-22T09:00:00Z,1.0,79.04,2021-04-22,MarketResult_SEM-DA_PWR-MRC-D+1_20210421100000_20210421103739.csv
2021-04-22T10:00:00Z,1.0,77.0,2021-04-22,MarketResult_SEM-DA_PWR-MRC-D+1_20210421100000_20210421103739.csv
2021-04-22T11:00:00Z,1.0,72.51,2021-04-22,MarketResult_SEM-DA_PWR-MRC-D+1_20210421100000_20210421103739.csv
2021-04-22T12:00:00Z,1.0,71.89,2021-04-22,MarketResult_SEM-DA_PWR-MRC-D+1_20210421100000_20210421103739.csv
2021-04-22T13:00:00Z,1.0,70.0,2021-04-22,MarketResult_SEM-DA_PWR-MRC-D+1_20210421100000_20210421103739.csv
2021-04-22T14:00:00Z,1.0,69.66,2021-04-22,MarketResult_SEM-DA_PWR-MRC-D+1_20210421100000_20210421103739.csv
2021-04-22T15:00:00Z,1.0,72.0,2021-04-22,MarketResult_SEM-DA_PWR-MRC-D+1_20210421100000_20210421103739.csv
2021-04-22T16:00:00Z,1.0,90.4,2021-04-22,MarketResult_SEM-DA_PWR-MRC-D+1_20210421100000_20210421103739.csv
2021-04-22T17:00:00Z,1.0,99.74,2021-04-22,MarketResult_SEM-DA_PWR-MRC-D+1_20210421100000_20210421103739.csv
2021-04-22T18:00:00Z,1.0,100.25,2021-04-22,MarketResult_SEM-DA_PWR-MRC-D+1_20210421100000_20210421103739.csv
2021-04-22T19:00:00Z,1.0,96.54,2021-04-22,MarketResult_SEM-DA_PWR-MRC-D+1_20210421100000_20210421103739.csv
2021-04-22T20:00:00Z,1.0,88.02,2021-04-22,MarketResult_SEM-DA_PWR-MRC-D+1_20210421100000_20210421103739.csv
2021-04-22T21:00:00Z,1.0,74.81,2021-04-22,MarketResult_SEM-DA_PWR-MRC-D+1_20210421100000_20210421103739.csv
2021-04-22T22:00:00Z,1.0,68.53,2021-04-23,MarketResult_SEM-DA_PWR-MRC-D+1_20210422100000_20210422103231.csv
2021-04-22T23:00:00Z,1.0,63.9,2021-04-23,MarketResult_SEM-DA_PWR-MRC-D+1_20210422100000_20210422103231.csv
2021-04-23T00:00:00Z,1.0,63.07,2021-04-23,MarketResult_SEM-DA_PWR-MRC-D+1_20210422100000_20210422103231.csv
2021-04-23T01:00:00Z,1.0,63.0,2021-04-23,MarketResult_SEM-DA_PWR-MRC-D+1_20210422100000_20210422103231.csv
2021-04-23T02:00:00Z,1.0,62.62,2021-04-23,MarketResult_SEM-DA_PWR-MRC-D+1_20210422100000_20210422103231.csv
2021-04-23T03:00:00Z,1.0,59.87,2021-04-23,MarketResult_SEM-DA_PWR-MRC-D+1_20210422100000_20210422103231.csv
2021-04-23T04:00:00Z,1.0,64.25,2021-04-23,MarketResult_SEM-DA_PWR-MRC-D+1_20210422100000_20210422103231.csv
2021-04-23T05:00:00Z,1.0,71.75,2021-04-23,MarketResult_SEM-DA_PWR-MRC-D+1_20210422100000_20210422103231.csv
2021-04-23T06:00:00Z,1.0,87.0,2021-04-23,MarketResult_SEM-DA_PWR-MRC-D+1_20210422100000_20210422103231.csv
2021-04-23T07:00:00Z,1.0,94.0,2021-04-23,MarketResult_SEM-DA_PWR-MRC-D+1_20210422100000_20210422103231.csv
2021-04-23T08:00:00Z,1.0,83.59,2021-04-23,MarketResult_SEM-DA_PWR-MRC-D+1_20210422100000_20210422103231.csv
2021-04-23T09:00:00Z,1.0,74.86,2021-04-23,MarketResult_SEM-DA_PWR-MRC-D+1_20210422100000_20210422103231.csv
2021-04-23T10:00:00Z,1.0,70.84,2021-04-23,MarketResult_SEM-DA_PWR-MRC-D+1_20210422100000_20210422103231.csv
2021-04-23T11:00:00Z,1.0,69.0,2021-04-23,MarketResult_SEM-DA_PWR-MRC-D+1_20210422100000_20210422103231.csv
2021-04-23T12:00:00Z,1.0,68.2,2021-04-23,MarketResult_SEM-DA_PWR-MRC-D+1_20210422100000_20210422103231.csv
2021-04-23T13:00:00Z,1.0,64.2,2021-04-23,MarketResult_SEM-DA_PWR-MRC-D+1_20210422100000_20210422103231.csv
2021-04-23T14:00:00Z,1.0,63.5,2021-04-23,MarketResult_SEM-DA_PWR-MRC-D+1_20210422100000_20210422103231.csv
2021-04-23T15:00:00Z,1.0,67.0,2021-04-23,MarketResult_SEM-DA_PWR-MRC-D+1_20210422100000_20210422103231.csv
2021-04-23T16:00:00Z,1.0,80.65,2021-04-23,MarketResult_SEM-DA_PWR-MRC-D+1_20210422100000_20210422103231.csv
2021-04-23T17:00:00Z,1.0,90.91,2021-04-23,MarketResult_SEM-DA_PWR-MRC-D+1_20210422100000_20210422103231.csv
2021-04-23T18:00:00Z,1.0,91.45,2021-04-23,MarketResult_SEM-DA_PWR-MRC-D+1_20210422100000_20210422103231.csv
2021-04-23T19:00:00Z,1.0,89.05,2021-04-23,MarketResult_SEM-DA_PWR-MRC-D+1_20210422100000_20210422103231.csv
2021-04-23T20:00:00Z,1.0,77.51,2021-04-23,MarketResult_SEM-DA_PWR-MRC-D+1_20210422100000_20210422103231.csv
2021-04-23T21:00:00Z,1.0,69.34,2021-04-23,MarketResult_SEM-DA_PWR-MRC-D+1_20210422100000_20210422103231.csv
2021-04-23T22:00:00Z,1.0,67.54,2021-04-24,MarketResult_SEM-DA_PWR-MRC-D+1_20210423100000_20210423104222.csv
2021-04-23T23:00:00Z,1.0,63.6,2021-04-24,MarketResult_SEM-DA_PWR-MRC-D+1_20210423100000_20210423104222.csv
2021-04-24T00:00:00Z,1.0,61.73,2021-04-24,MarketResult_SEM-DA_PWR-MRC-D+1_20210423100000_20210423104222.csv
2021-04-24T01:00:00Z,1.0,60.76,2021-04-24,MarketResult_SEM-DA_PWR-MRC-D+1_20210423100000_20210423104222.csv
2021-04-24T02:00:00Z,1.0,60.68,2021-04-24,MarketResult_SEM-DA_PWR-MRC-D+1_20210423100000_20210423104222.csv
2021-04-24T03:00:00Z,1.0,59.76,2021-04-24,MarketResult_SEM-DA_PWR-MRC-D+1_20210423100000_20210423104222.csv
2021-04-24T04:00:00Z,1.0,60.0,2021-04-24,MarketResult_SEM-DA_PWR-MRC-D+1_20210423100000_20210423104222.csv
2021-04-24T05:00:00Z,1.0,61.0,2021-04-24,MarketResult_SEM-DA_PWR-MRC-D+1_20210423100000_20210423104222.csv
2021-04-24T06:00:00Z,1.0,72.14,2021-04-24,MarketResult_SEM-DA_PWR-MRC-D+1_20210423100000_20210423104222.csv
2021-04-24T07:00:00Z,1.0,79.32,2021-04-24,MarketResult_SEM-DA_PWR-MRC-D+1_20210423100000_20210423104222.csv
2021-04-24T08:00:00Z,1.0,84.77,2021-04-24,MarketResult_SEM-DA_PWR-MRC-D+1_20210423100000_20210423104222.csv
2021-04-24T09:00:00Z,1.0,80.44,2021-04-24,MarketResult_SEM-DA_PWR-MRC-D+1_20210423100000_20210423104222.csv
2021-04-24T10:00:00Z,1.0,73.34,2021-04-24,MarketResult_SEM-DA_PWR-MRC-D+1_20210423100000_20210423104222.csv
2021-04-24T11:00:00Z,1.0,71.65,2021-04-24,MarketResult_SEM-DA_PWR-MRC-D+1_20210423100000_20210423104222.csv
2021-04-24T12:00:00Z,1.0,65.19,2021-04-24,MarketResult_SEM-DA_PWR-MRC-D+1_20210423100000_20210423104222.csv
2021-04-24T13:00:00Z,1.0,64.05,2021-04-24,MarketResult_SEM-DA_PWR-MRC-D+1_20210423100000_20210423104222.csv
2021-04-24T14:00:00Z,1.0,64.05,2021-04-24,MarketResult_SEM-DA_PWR-MRC-D+1_20210423100000_20210423104222.csv
2021-04-24T15:00:00Z,1.0,65.0,2021-04-24,MarketResult_SEM-DA_PWR-MRC-D+1_20210423100000_20210423104222.csv
2021-04-24T16:00:00Z,1.0,80.85,2021-04-24,MarketResult_SEM-DA_PWR-MRC-D+1_20210423100000_20210423104222.csv
2021-04-24T17:00:00Z,1.0,90.05,2021-04-24,MarketResult_SEM-DA_PWR-MRC-D+1_20210423100000_20210423104222.csv
2021-04-24T18:00:00Z,1.0,90.23,2021-04-24,MarketResult_SEM-DA_PWR-MRC-D+1_20210423100000_20210423104222.csv
2021-04-24T19:00:00Z,1.0,89.6,2021-04-24,MarketResult_SEM-DA_PWR-MRC-D+1_20210423100000_20210423104222.csv
2021-04-24T20:00:00Z,1.0,77.48,2021-04-24,MarketResult_SEM-DA_PWR-MRC-D+1_20210423100000_20210423104222.csv
2021-04-24T21:00:00Z,1.0,71.81,2021-04-24,MarketResult_SEM-DA_PWR-MRC-D+1_20210423100000_20210423104222.csv
2021-04-24T22:00:00Z,1.0,65.14,2021-04-25,MarketResult_SEM-DA_PWR-MRC-D+1_20210424100000_20210424103158.csv
2021-04-24T23:00:00Z,1.0,62.52,2021-04-25,MarketResult_SEM-DA_PWR-MRC-D+1_20210424100000_20210424103158.csv
2021-04-25T00:00:00Z,1.0,62.84,2021-04-25,MarketResult_SEM-DA_PWR-MRC-D+1_20210424100000_20210424103158.csv
2021-04-25T01:00:00Z,1.0,61.0,2021-04-25,MarketResult_SEM-DA_PWR-MRC-D+1_20210424100000_20210424103158.csv
2021-04-25T02:00:00Z,1.0,58.58,2021-04-25,MarketResult_SEM-DA_PWR-MRC-D+1_20210424100000_20210424103158.csv
2021-04-25T03:00:00Z,1.0,51.17,2021-04-25,MarketResult_SEM-DA_PWR-MRC-D+1_20210424100000_20210424103158.csv
2021-04-25T04:00:00Z,1.0,52.49,2021-04-25,MarketResult_SEM-DA_PWR-MRC-D+1_20210424100000_20210424103158.csv
2021-04-25T05:00:00Z,1.0,57.0,2021-04-25,MarketResult_SEM-DA_PWR-MRC-D+1_20210424100000_20210424103158.csv
2021-04-25T06:00:00Z,1.0,55.96,2021-04-25,MarketResult_SEM-DA_PWR-MRC-D+1_20210424100000_20210424103158.csv
2021-04-25T07:00:00Z,1.0,67.15,2021-04-25,MarketResult_SEM-DA_PWR-MRC-D+1_20210424100000_20210424103158.csv
2021-04-25T08:00:00Z,1.0,77.0,2021-04-25,MarketResult_SEM-DA_PWR-MRC-D+1_20210424100000_20210424103158.csv
2021-04-25T09:00:00Z,1.0,79.76,2021-04-25,MarketResult_SEM-DA_PWR-MRC-D+1_20210424100000_20210424103158.csv
2021-04-25T10:00:00Z,1.0,81.0,2021-04-25,MarketResult_SEM-DA_PWR-MRC-D+1_20210424100000_20210424103158.csv
2021-04-25T11:00:00Z,1.0,87.5,2021-04-25,MarketResult_SEM-DA_PWR-MRC-D+1_20210424100000_20210424103158.csv
2021-04-25T12:00:00Z,1.0,77.18,2021-04-25,MarketResult_SEM-DA_PWR-MRC-D+1_20210424100000_20210424103158.csv
2021-04-25T13:00:00Z,1.0,65.86,2021-04-25,MarketResult_SEM-DA_PWR-MRC-D+1_20210424100000_20210424103158.csv
2021-04-25T14:00:00Z,1.0,61.11,2021-04-25,MarketResult_SEM-DA_PWR-MRC-D+1_20210424100000_20210424103158.csv
2021-04-25T15:00:00Z,1.0,72.0,2021-04-25,MarketResult_SEM-DA_PWR-MRC-D+1_20210424100000_20210424103158.csv
2021-04-25T16:00:00Z,1.0,88.0,2021-04-25,MarketResult_SEM-DA_PWR-MRC-D+1_20210424100000_20210424103158.csv
2021-04-25T17:00:00Z,1.0,90.43,2021-04-25,MarketResult_SEM-DA_PWR-MRC-D+1_20210424100000_20210424103158.csv
2021-04-25T18:00:00Z,1.0,93.88,2021-04-25,MarketResult_SEM-DA_PWR-MRC-D+1_20210424100000_20210424103158.csv
2021-04-25T19:00:00Z,1.0,93.88,2021-04-25,MarketResult_SEM-DA_PWR-MRC-D+1_20210424100000_20210424103158.csv
2021-04-25T20:00:00Z,1.0,89.07,2021-04-25,MarketResult_SEM-DA_PWR-MRC-D+1_20210424100000_20210424103158.csv
2021-04-25T21:00:00Z,1.0,78.59,2021-04-25,MarketResult_SEM-DA_PWR-MRC-D+1_20210424100000_20210424103158.csv
2021-04-25T22:00:00Z,1.0,75.0,2021-04-26,MarketResult_SEM-DA_PWR-MRC-D+1_20210425100000_20210425103123.csv
2021-04-25T23:00:00Z,1.0,68.0,2021-04-26,MarketResult_SEM-DA_PWR-MRC-D+1_20210425100000_20210425103123.csv
2021-04-26T00:00:00Z,1.0,71.7,2021-04-26,MarketResult_SEM-DA_PWR-MRC-D+1_20210425100000_20210425103123.csv
2021-04-26T01:00:00Z,1.0,74.88,2021-04-26,MarketResult_SEM-DA_PWR-MRC-D+1_20210425100000_20210425103123.csv
2021-04-26T02:00:00Z,1.0,72.41,2021-04-26,MarketResult_SEM-DA_PWR-MRC-D+1_20210425100000_20210425103123.csv
2021-04-26T03:00:00Z,1.0,71.38,2021-04-26,MarketResult_SEM-DA_PWR-MRC-D+1_20210425100000_20210425103123.csv
2021-04-26T04:00:00Z,1.0,78.1,2021-04-26,MarketResult_SEM-DA_PWR-MRC-D+1_20210425100000_20210425103123.csv
2021-04-26T05:00:00Z,1.0,87.99,2021-04-26,MarketResult_SEM-DA_PWR-MRC-D+1_20210425100000_20210425103123.csv
2021-04-26T06:00:00Z,1.0,109.49,2021-04-26,MarketResult_SEM-DA_PWR-MRC-D+1_20210425100000_20210425103123.csv
2021-04-26T07:00:00Z,1.0,140.0,2021-04-26,MarketResult_SEM-DA_PWR-MRC-D+1_20210425100000_20210425103123.csv
2021-04-26T08:00:00Z,1.0,140.0,2021-04-26,MarketResult_SEM-DA_PWR-MRC-D+1_20210425100000_20210425103123.csv
2021-04-26T09:00:00Z,1.0,138.84,2021-04-26,MarketResult_SEM-DA_PWR-MRC-D+1_20210425100000_20210425103123.csv
2021-04-26T10:00:00Z,1.0,139.0,2021-04-26,MarketResult_SEM-DA_PWR-MRC-D+1_20210425100000_20210425103123.csv
2021-04-26T11:00:00Z,1.0,123.11,2021-04-26,MarketResult_SEM-DA_PWR-MRC-D+1_20210425100000_20210425103123.csv
2021-04-26T12:00:00Z,1.0,104.1,2021-04-26,MarketResult_SEM-DA_PWR-MRC-D+1_20210425100000_20210425103123.csv
2021-04-26T13:00:00Z,1.0,91.0,2021-04-26,MarketResult_SEM-DA_PWR-MRC-D+1_20210425100000_20210425103123.csv
2021-04-26T14:00:00Z,1.0,82.96,2021-04-26,MarketResult_SEM-DA_PWR-MRC-D+1_20210425100000_20210425103123.csv
2021-04-26T15:00:00Z,1.0,87.13,2021-04-26,MarketResult_SEM-DA_PWR-MRC-D+1_20210425100000_20210425103123.csv
2021-04-26T16:00:00Z,1.0,103.9,2021-04-26,MarketResult_SEM-DA_PWR-MRC-D+1_20210425100000_20210425103123.csv
2021-04-26T17:00:00Z,1.0,105.0,2021-04-26,MarketResult_SEM-DA_PWR-MRC-D+1_20210425100000_20210425103123.csv
2021-04-26T18:00:00Z,1.0,105.67,2021-04-26,MarketResult_SEM-DA_PWR-MRC-D+1_20210425100000_20210425103123.csv
2021-04-26T19:00:00Z,1.0,99.78,2021-04-26,MarketResult_SEM-DA_PWR-MRC-D+1_20210425100000_20210425103123.csv
2021-04-26T20:00:00Z,1.0,93.76,2021-04-26,MarketResult_SEM-DA_PWR-MRC-D+1_20210425100000_20210425103123.csv
2021-04-26T21:00:00Z,1.0,80.0,2021-04-26,MarketResult_SEM-DA_PWR-MRC-D+1_20210425100000_20210425103123.csv
2021-04-26T22:00:00Z,1.0,67.67,2021-04-27,MarketResult_SEM-DA_PWR-MRC-D+1_20210426100000_20210426103414.csv
2021-04-26T23:00:00Z,1.0,59.49,2021-04-27,MarketResult_SEM-DA_PWR-MRC-D+1_20210426100000_20210426103414.csv
2021-04-27T00:00:00Z,1.0,60.27,2021-04-27,MarketResult_SEM-DA_PWR-MRC-D+1_20210426100000_20210426103414.csv
2021-04-27T01:00:00Z,1.0,61.0,2021-04-27,MarketResult_SEM-DA_PWR-MRC-D+1_20210426100000_20210426103414.csv
2021-04-27T02:00:00Z,1.0,61.0,2021-04-27,MarketResult_SEM-DA_PWR-MRC-D+1_20210426100000_20210426103414.csv
2021-04-27T03:00:00Z,1.0,60.96,2021-04-27,MarketResult_SEM-DA_PWR-MRC-D+1_20210426100000_20210426103414.csv
2021-04-27T04:00:00Z,1.0,66.94,2021-04-27,MarketResult_SEM-DA_PWR-MRC-D+1_20210426100000_20210426103414.csv
2021-04-27T05:00:00Z,1.0,76.71,2021-04-27,MarketResult_SEM-DA_PWR-MRC-D+1_20210426100000_20210426103414.csv
2021-04-27T06:00:00Z,1.0,85.0,2021-04-27,MarketResult_SEM-DA_PWR-MRC-D+1_20210426100000_20210426103414.csv
2021-04-27T07:00:00Z,1.0,92.6,2021-04-27,MarketResult_SEM-DA_PWR-MRC-D+1_20210426100000_20210426103414.csv
2021-04-27T08:00:00Z,1.0,89.37,2021-04-27,MarketResult_SEM-DA_PWR-MRC-D+1_20210426100000_20210426103414.csv
2021-04-27T09:00:00Z,1.0,80.48,2021-04-27,MarketResult_SEM-DA_PWR-MRC-D+1_20210426100000_20210426103414.csv
2021-04-27T10:00:00Z,1.0,74.73,2021-04-27,MarketResult_SEM-DA_PWR-MRC-D+1_20210426100000_20210426103414.csv
2021-04-27T11:00:00Z,1.0,75.9,2021-04-27,MarketResult_SEM-DA_PWR-MRC-D+1_20210426100000_20210426103414.csv
2021-04-27T12:00:00Z,1.0,69.64,2021-04-27,MarketResult_SEM-DA_PWR-MRC-D+1_20210426100000_20210426103414.csv
2021-04-27T13:00:00Z,1.0,64.05,2021-04-27,MarketResult_SEM-DA_PWR-MRC-D+1_20210426100000_20210426103414.csv
2021-04-27T14:00:00Z,1.0,63.33,2021-04-27,MarketResult_SEM-DA_PWR-MRC-D+1_20210426100000_20210426103414.csv
2021-04-27T15:00:00Z,1.0,63.6,2021-04-27,MarketResult_SEM-DA_PWR-MRC-D+1_20210426100000_20210426103414.csv
2021-04-27T16:00:00Z,1.0,73.5,2021-04-27,MarketResult_SEM-DA_PWR-MRC-D+1_20210426100000_20210426103414.csv
2021-04-27T17:00:00Z,1.0,82.0,2021-04-27,MarketResult_SEM-DA_PWR-MRC-D+1_20210426100000_20210426103414.csv
2021-04-27T18:00:00Z,1.0,80.7,2021-04-27,MarketResult_SEM-DA_PWR-MRC-D+1_20210426100000_20210426103414.csv
2021-04-27T19:00:00Z,1.0,72.02,2021-04-27,MarketResult_SEM-DA_PWR-MRC-D+1_20210426100000_20210426103414.csv
2021-04-27T20:00:00Z,1.0,67.53,2021-04-27,MarketResult_SEM-DA_PWR-MRC-D+1_20210426100000_20210426103414.csv
2021-04-27T21:00:00Z,1.0,63.33,2021-04-27,MarketResult_SEM-DA_PWR-MRC-D+1_20210426100000_20210426103414.csv
2021-04-27T22:00:00Z,1.0,63.86,2021-04-28,MarketResult_SEM-DA_PWR-MRC-D+1_20210427100000_20210427103206.csv
2021-04-27T23:00:00Z,1.0,57.32,2021-04-28,MarketResult_SEM-DA_PWR-MRC-D+1_20210427100000_20210427103206.csv
2021-04-28T00:00:00Z,1.0,59.62,2021-04-28,MarketResult_SEM-DA_PWR-MRC-D+1_20210427100000_20210427103206.csv
2021-04-28T01:00:00Z,1.0,58.92,2021-04-28,MarketResult_SEM-DA_PWR-MRC-D+1_20210427100000_20210427103206.csv
2021-04-28T02:00:00Z,1.0,55.0,2021-04-28,MarketResult_SEM-DA_PWR-MRC-D+1_20210427100000_20210427103206.csv
2021-04-28T03:00:00Z,1.0,55.0,2021-04-28,MarketResult_SEM-DA_PWR-MRC-D+1_20210427100000_20210427103206.csv
2021-04-28T04:00:00Z,1.0,64.6,2021-04-28,MarketResult_SEM-DA_PWR-MRC-D+1_20210427100000_20210427103206.csv
2021-04-28T05:00:00Z,1.0,72.89,2021-04-28,MarketResult_SEM-DA_PWR-MRC-D+1_20210427100000_20210427103206.csv
2021-04-28T06:00:00Z,1.0,84.61,2021-04-28,MarketResult_SEM-DA_PWR-MRC-D+1_20210427100000_20210427103206.csv
2021-04-28T07:00:00Z,1.0,85.87,2021-04-28,MarketResult_SEM-DA_PWR-MRC-D+1_20210427100000_20210427103206.csv
2021-04-28T08:00:00Z,1.0,85.29,2021-04-28,MarketResult_SEM-DA_PWR-MRC-D+1_20210427100000_20210427103206.csv
2021-04-28T09:00:00Z,1.0,79.25,2021-04-28,MarketResult_SEM-DA_PWR-MRC-D+1_20210427100000_20210427103206.csv
2021-04-28T10:00:00Z,1.0,77.78,2021-04-28,MarketResult_SEM-DA_PWR-MRC-D+1_20210427100000_20210427103206.csv
2021-04-28T11:00:00Z,1.0,82.78,2021-04-28,MarketResult_SEM-DA_PWR-MRC-D+1_20210427100000_20210427103206.csv
2021-04-28T12:00:00Z,1.0,74.56,2021-04-28,MarketResult_SEM-DA_PWR-MRC-D+1_20210427100000_20210427103206.csv
2021-04-28T13:00:00Z,1.0,70.0,2021-04-28,MarketResult_SEM-DA_PWR-MRC-D+1_20210427100000_20210427103206.csv
2021-04-28T14:00:00Z,1.0,72.32,2021-04-28,MarketResult_SEM-DA_PWR-MRC-D+1_20210427100000_20210427103206.csv
2021-04-28T15:00:00Z,1.0,76.41,2021-04-28,MarketResult_SEM-DA_PWR-MRC-D+1_20210427100000_20210427103206.csv
2021-04-28T16:00:00Z,1.0,91.0,2021-04-28,MarketResult_SEM-DA_PWR-MRC-D+1_20210427100000_20210427103206.csv
2021-04-28T17:00:00Z,1.0,97.33,2021-04-28,MarketResult_SEM-DA_PWR-MRC-D+1_20210427100000_20210427103206.csv
2021-04-28T18:00:00Z,1.0,98.51,2021-04-28,MarketResult_SEM-DA_PWR-MRC-D+1_20210427100000_20210427103206.csv
2021-04-28T19:00:00Z,1.0,100.91,2021-04-28,MarketResult_SEM-DA_PWR-MRC-D+1_20210427100000_20210427103206.csv
2021-04-28T20:00:00Z,1.0,95.0,2021-04-28,MarketResult_SEM-DA_PWR-MRC-D+1_20210427100000_20210427103206.csv
2021-04-28T21:00:00Z,1.0,83.0,2021-04-28,MarketResult_SEM-DA_PWR-MRC-D+1_20210427100000_20210427103206.csv
2021-04-28T22:00:00Z,1.0,72.76,2021-04-29,MarketResult_SEM-DA_PWR-MRC-D+1_20210428100000_20210428103059.csv
2021-04-28T23:00:00Z,1.0,67.0,2021-04-29,MarketResult_SEM-DA_PWR-MRC-D+1_20210428100000_20210428103059.csv
2021-04-29T00:00:00Z,1.0,71.49,2021-04-29,MarketResult_SEM-DA_PWR-MRC-D+1_20210428100000_20210428103059.csv
2021-04-29T01:00:00Z,1.0,71.88,2021-04-29,MarketResult_SEM-DA_PWR-MRC-D+1_20210428100000_20210428103059.csv
2021-04-29T02:00:00Z,1.0,71.49,2021-04-29,MarketResult_SEM-DA_PWR-MRC-D+1_20210428100000_20210428103059.csv
2021-04-29T03:00:00Z,1.0,71.49,2021-04-29,MarketResult_SEM-DA_PWR-MRC-D+1_20210428100000_20210428103059.csv
2021-04-29T04:00:00Z,1.0,74.41,2021-04-29,MarketResult_SEM-DA_PWR-MRC-D+1_20210428100000_20210428103059.csv
2021-04-29T05:00:00Z,1.0,83.87,2021-04-29,MarketResult_SEM-DA_PWR-MRC-D+1_20210428100000_20210428103059.csv
2021-04-29T06:00:00Z,1.0,116.0,2021-04-29,MarketResult_SEM-DA_PWR-MRC-D+1_20210428100000_20210428103059.csv
2021-04-29T07:00:00Z,1.0,191.0,2021-04-29,MarketResult_SEM-DA_PWR-MRC-D+1_20210428100000_20210428103059.csv
2021-04-29T08:00:00Z,1.0,175.0,2021-04-29,MarketResult_SEM-DA_PWR-MRC-D+1_20210428100000_20210428103059.csv
2021-04-29T09:00:00Z,1.0,192.0,2021-04-29,MarketResult_SEM-DA_PWR-MRC-D+1_20210428100000_20210428103059.csv
2021-04-29T10:00:00Z,1.0,185.0,2021-04-29,MarketResult_SEM-DA_PWR-MRC-D+1_20210428100000_20210428103059.csv
2021-04-29T11:00:00Z,1.0,191.0,2021-04-29,MarketResult_SEM-DA_PWR-MRC-D+1_20210428100000_20210428103059.csv
2021-04-29T12:00:00Z,1.0,171.0,2021-04-29,MarketResult_SEM-DA_PWR-MRC-D+1_20210428100000_20210428103059.csv
2021-04-29T13:00:00Z,1.0,125.79,2021-04-29,MarketResult_SEM-DA_PWR-MRC-D+1_20210428100000_20210428103059.csv
2021-04-29T14:00:00Z,1.0,115.0,2021-04-29,MarketResult_SEM-DA_PWR-MRC-D+1_20210428100000_20210428103059.csv
2021-04-29T15:00:00Z,1.0,115.0,2021-04-29,MarketResult_SEM-DA_PWR-MRC-D+1_20210428100000_20210428103059.csv
2021-04-29T16:00:00Z,1.0,135.0,2021-04-29,MarketResult_SEM-DA_PWR-MRC-D+1_20210428100000_20210428103059.csv
2021-04-29T17:00:00Z,1.0,138.63,2021-04-29,MarketResult_SEM-DA_PWR-MRC-D+1_20210428100000_20210428103059.csv
2021-04-29T18:00:00Z,1.0,138.63,2021-04-29,MarketResult_SEM-DA_PWR-MRC-D+1_20210428100000_20210428103059.csv
2021-04-29T19:00:00Z,1.0,138.63,2021-04-29,MarketResult_SEM-DA_PWR-MRC-D+1_20210428100000_20210428103059.csv
2021-04-29T20:00:00Z,1.0,145.0,2021-04-29,MarketResult_SEM-DA_PWR-MRC-D+1_20210428100000_20210428103059.csv
2021-04-29T21:00:00Z,1.0,99.0,2021-04-29,MarketResult_SEM-DA_PWR-MRC-D+1_20210428100000_20210428103059.csv
2021-04-29T22:00:00Z,1.0,81.38,2021-04-30,MarketResult_SEM-DA_PWR-MRC-D+1_20210429100000_20210429103552.csv
2021-04-29T23:00:00Z,1.0,77.0,2021-04-30,MarketResult_SEM-DA_PWR-MRC-D+1_20210429100000_20210429103552.csv
2021-04-30T00:00:00Z,1.0,76.68,2021-04-30,MarketResult_SEM-DA_PWR-MRC-D+1_20210429100000_20210429103552.csv
2021-04-30T01:00:00Z,1.0,75.0,2021-04-30,MarketResult_SEM-DA_PWR-MRC-D+1_20210429100000_20210429103552.csv
2021-04-30T02:00:00Z,1.0,75.0,2021-04-30,MarketResult_SEM-DA_PWR-MRC-D+1_20210429100000_20210429103552.csv
2021-04-30T03:00:00Z,1.0,75.0,2021-04-30,MarketResult_SEM-DA_PWR-MRC-D+1_20210429100000_20210429103552.csv
2021-04-30T04:00:00Z,1.0,78.0,2021-04-30,MarketResult_SEM-DA_PWR-MRC-D+1_20210429100000_20210429103552.csv
2021-04-30T05:00:00Z,1.0,88.57,2021-04-30,MarketResult_SEM-DA_PWR-MRC-D+1_20210429100000_20210429103552.csv
2021-04-30T06:00:00Z,1.0,125.0,2021-04-30,MarketResult_SEM-DA_PWR-MRC-D+1_20210429100000_20210429103552.csv
2021-04-30T07:00:00Z,1.0,195.0,2021-04-30,MarketResult_SEM-DA_PWR-MRC-D+1_20210429100000_20210429103552.csv
2021-04-30T08:00:00Z,1.0,195.0,2021-04-30,MarketResult_SEM-DA_PWR-MRC-D+1_20210429100000_20210429103552.csv
2021-04-30T09:00:00Z,1.0,196.0,2021-04-30,MarketResult_SEM-DA_PWR-MRC-D+1_20210429100000_20210429103552.csv
2021-04-30T10:00:00Z,1.0,195.0,2021-04-30,MarketResult_SEM-DA_PWR-MRC-D+1_20210429100000_20210429103552.csv
2021-04-30T11:00:00Z,1.0,196.0,2021-04-30,MarketResult_SEM-DA_PWR-MRC-D+1_20210429100000_20210429103552.csv
2021-04-30T12:00:00Z,1.0,185.0,2021-04-30,MarketResult_SEM-DA_PWR-MRC-D+1_20210429100000_20210429103552.csv
2021-04-30T13:00:00Z,1.0,125.34,2021-04-30,MarketResult_SEM-DA_PWR-MRC-D+1_20210429100000_20210429103552.csv
2021-04-30T14:00:00Z,1.0,115.7,2021-04-30,MarketResult_SEM-DA_PWR-MRC-D+1_20210429100000_20210429103552.csv
2021-04-30T15:00:00Z,1.0,122.57,2021-04-30,MarketResult_SEM-DA_PWR-MRC-D+1_20210429100000_20210429103552.csv
2021-04-30T16:00:00Z,1.0,142.4,2021-04-30,MarketResult_SEM-DA_PWR-MRC-D+1_20210429100000_20210429103552.csv
2021-04-30T17:00:00Z,1.0,150.93,2021-04-30,MarketResult_SEM-DA_PWR-MRC-D+1_20210429100000_20210429103552.csv
2021-04-30T18:00:00Z,1.0,140.63,2021-04-30,MarketResult_SEM-DA_PWR-MRC-D+1_20210429100000_20210429103552.csv
2021-04-30T19:00:00Z,1.0,140.7,2021-04-30,MarketResult_SEM-DA_PWR-MRC-D+1_20210429100000_20210429103552.csv
2021-04-30T20:00:00Z,1.0,147.5,2021-04-30,MarketResult_SEM-DA_PWR-MRC-D+1_20210429100000_20210429103552.csv
2021-04-30T21:00:00Z,1.0,103.22,2021-04-30,MarketResult_SEM-DA_PWR-MRC-D+1_20210429100000_20210429103552.csv
2021-04-30T22:00:00Z,1.0,91.2,2021-05-01,MarketResult_SEM-DA_PWR-MRC-D+1_20210430100000_20210430103111.csv
2021-04-30T23:00:00Z,1.0,85.0,2021-05-01,MarketResult_SEM-DA_PWR-MRC-D+1_20210430100000_20210430103111.csv
2021-05-01T00:00:00Z,1.0,84.0,2021-05-01,MarketResult_SEM-DA_PWR-MRC-D+1_20210430100000_20210430103111.csv
2021-05-01T01:00:00Z,1.0,80.12,2021-05-01,MarketResult_SEM-DA_PWR-MRC-D+1_20210430100000_20210430103111.csv
2021-05-01T02:00:00Z,1.0,78.85,2021-05-01,MarketResult_SEM-DA_PWR-MRC-D+1_20210430100000_20210430103111.csv
2021-05-01T03:00:00Z,1.0,78.84,2021-05-01,MarketResult_SEM-DA_PWR-MRC-D+1_20210430100000_20210430103111.csv
2021-05-01T04:00:00Z,1.0,78.84,2021-05-01,MarketResult_SEM-DA_PWR-MRC-D+1_20210430100000_20210430103111.csv
2021-05-01T05:00:00Z,1.0,84.0,2021-05-01,MarketResult_SEM-DA_PWR-MRC-D+1_20210430100000_20210430103111.csv
2021-05-01T06:00:00Z,1.0,108.43,2021-05-01,MarketResult_SEM-DA_PWR-MRC-D+1_20210430100000_20210430103111.csv
2021-05-01T07:00:00Z,1.0,145.0,2021-05-01,MarketResult_SEM-DA_PWR-MRC-D+1_20210430100000_20210430103111.csv
2021-05-01T08:00:00Z,1.0,196.0,2021-05-01,MarketResult_SEM-DA_PWR-MRC-D+1_20210430100000_20210430103111.csv
2021-05-01T09:00:00Z,1.0,199.0,2021-05-01,MarketResult_SEM-DA_PWR-MRC-D+1_20210430100000_20210430103111.csv
2021-05-01T10:00:00Z,1.0,234.0,2021-05-01,MarketResult_SEM-DA_PWR-MRC-D+1_20210430100000_20210430103111.csv
2021-05-01T11:00:00Z,1.0,234.0,2021-05-01,MarketResult_SEM-DA_PWR-MRC-D+1_20210430100000_20210430103111.csv
2021-05-01T12:00:00Z,1.0,199.0,2021-05-01,MarketResult_SEM-DA_PWR-MRC-D+1_20210430100000_20210430103111.csv
2021-05-01T13:00:00Z,1.0,155.0,2021-05-01,MarketResult_SEM-DA_PWR-MRC-D+1_20210430100000_20210430103111.csv
2021-05-01T14:00:00Z,1.0,109.23,2021-05-01,MarketResult_SEM-DA_PWR-MRC-D+1_20210430100000_20210430103111.csv
2021-05-01T15:00:00Z,1.0,123.35,2021-05-01,MarketResult_SEM-DA_PWR-MRC-D+1_20210430100000_20210430103111.csv
2021-05-01T16:00:00Z,1.0,151.2,2021-05-01,MarketResult_SEM-DA_PWR-MRC-D+1_20210430100000_20210430103111.csv
2021-05-01T17:00:00Z,1.0,147.48,2021-05-01,MarketResult_SEM-DA_PWR-MRC-D+1_20210430100000_20210430103111.csv
2021-05-01T18:00:00Z,1.0,141.0,2021-05-01,MarketResult_SEM-DA_PWR-MRC-D+1_20210430100000_20210430103111.csv
2021-05-01T19:00:00Z,1.0,149.5,2021-05-01,MarketResult_SEM-DA_PWR-MRC-D+1_20210430100000_20210430103111.csv
2021-05-01T20:00:00Z,1.0,149.5,2021-05-01,MarketResult_SEM-DA_PWR-MRC-D+1_20210430100000_20210430103111.csv
2021-05-01T21:00:00Z,1.0,105.32,2021-05-01,MarketResult_SEM-DA_PWR-MRC-D+1_20210430100000_20210430103111.csv
2021-05-01T22:00:00Z,1.0,96.0,2021-05-02,MarketResult_SEM-DA_PWR-MRC-D+1_20210501100000_20210501103651.csv
2021-05-01T23:00:00Z,1.0,88.3,2021-05-02,MarketResult_SEM-DA_PWR-MRC-D+1_20210501100000_20210501103651.csv
2021-05-02T00:00:00Z,1.0,86.74,2021-05-02,MarketResult_SEM-DA_PWR-MRC-D+1_20210501100000_20210501103651.csv
2021-05-02T01:00:00Z,1.0,85.19,2021-05-02,MarketResult_SEM-DA_PWR-MRC-D+1_20210501100000_20210501103651.csv
2021-05-02T02:00:00Z,1.0,82.0,2021-05-02,MarketResult_SEM-DA_PWR-MRC-D+1_20210501100000_20210501103651.csv
2021-05-02T03:00:00Z,1.0,81.0,2021-05-02,MarketResult_SEM-DA_PWR-MRC-D+1_20210501100000_20210501103651.csv
2021-05-02T04:00:00Z,1.0,80.95,2021-05-02,MarketResult_SEM-DA_PWR-MRC-D+1_20210501100000_20210501103651.csv
2021-05-02T05:00:00Z,1.0,82.0,2021-05-02,MarketResult_SEM-DA_PWR-MRC-D+1_20210501100000_20210501103651.csv
2021-05-02T06:00:00Z,1.0,91.45,2021-05-02,MarketResult_SEM-DA_PWR-MRC-D+1_20210501100000_20210501103651.csv
2021-05-02T07:00:00Z,1.0,125.0,2021-05-02,MarketResult_SEM-DA_PWR-MRC-D+1_20210501100000_20210501103651.csv
2021-05-02T08:00:00Z,1.0,168.46,2021-05-02,MarketResult_SEM-DA_PWR-MRC-D+1_20210501100000_20210501103651.csv
2021-05-02T09:00:00Z,1.0,194.99,2021-05-02,MarketResult_SEM-DA_PWR-MRC-D+1_20210501100000_20210501103651.csv
2021-05-02T10:00:00Z,1.0,199.0,2021-05-02,MarketResult_SEM-DA_PWR-MRC-D+1_20210501100000_20210501103651.csv
2021-05-02T11:00:00Z,1.0,200.0,2021-05-02,MarketResult_SEM-DA_PWR-MRC-D+1_20210501100000_20210501103651.csv
2021-05-02T12:00:00Z,1.0,185.0,2021-05-02,MarketResult_SEM-DA_PWR-MRC-D+1_20210501100000_20210501103651.csv
2021-05-02T13:00:00Z,1.0,123.3,2021-05-02,MarketResult_SEM-DA_PWR-MRC-D+1_20210501100000_20210501103651.csv
2021-05-02T14:00:00Z,1.0,107.32,2021-05-02,MarketResult_SEM-DA_PWR-MRC-D+1_20210501100000_20210501103651.csv
2021-05-02T15:00:00Z,1.0,111.29,2021-05-02,MarketResult_SEM-DA_PWR-MRC-D+1_20210501100000_20210501103651.csv
2021-05-02T16:00:00Z,1.0,131.98,2021-05-02,MarketResult_SEM-DA_PWR-MRC-D+1_20210501100000_20210501103651.csv
2021-05-02T17:00:00Z,1.0,132.0,2021-05-02,MarketResult_SEM-DA_PWR-MRC-D+1_20210501100000_20210501103651.csv
2021-05-02T18:00:00Z,1.0,129.39,2021-05-02,MarketResult_SEM-DA_PWR-MRC-D+1_20210501100000_20210501103651.csv
2021-05-02T19:00:00Z,1.0,130.09,2021-05-02,MarketResult_SEM-DA_PWR-MRC-D+1_20210501100000_20210501103651.csv
2021-05-02T20:00:00Z,1.0,135.0,2021-05-02,MarketResult_SEM-DA_PWR-MRC-D+1_20210501100000_20210501103651.csv
2021-05-02T21:00:00Z,1.0,100.0,2021-05-02,MarketResult_SEM-DA_PWR-MRC-D+1_20210501100000_20210501103651.csv
2021-05-02T22:00:00Z,1.0,146.51,2021-05-03,MarketResult_SEM-DA_PWR-MRC-D+1_20210502100000_20210502103224.csv
2021-05-02T23:00:00Z,1.0,91.38,2021-05-03,MarketResult_SEM-DA_PWR-MRC-D+1_20210502100000_20210502103224.csv
2021-05-03T00:00:00Z,1.0,79.54,2021-05-03,MarketResult_SEM-DA_PWR-MRC-D+1_20210502100000_20210502103224.csv
2021-05-03T01:00:00Z,1.0,75.91,2021-05-03,MarketResult_SEM-DA_PWR-MRC-D+1_20210502100000_20210502103224.csv
2021-05-03T02:00:00Z,1.0,61.97,2021-05-03,MarketResult_SEM-DA_PWR-MRC-D+1_20210502100000_20210502103224.csv
2021-05-03T03:00:00Z,1.0,52.91,2021-05-03,MarketResult_SEM-DA_PWR-MRC-D+1_20210502100000_20210502103224.csv
2021-05-03T04:00:00Z,1.0,28.07,2021-05-03,MarketResult_SEM-DA_PWR-MRC-D+1_20210502100000_20210502103224.csv
2021-05-03T05:00:00Z,1.0,0.0,2021-05-03,MarketResult_SEM-DA_PWR-MRC-D+1_20210502100000_20210502103224.csv
2021-05-03T06:00:00Z,1.0,0.0,2021-05-03,MarketResult_SEM-DA_PWR-MRC-D+1_20210502100000_20210502103224.csv
2021-05-03T07:00:00Z,1.0,0.0,2021-05-03,MarketResult_SEM-DA_PWR-MRC-D+1_20210502100000_20210502103224.csv
2021-05-03T08:00:00Z,1.0,28.28,2021-05-03,MarketResult_SEM-DA_PWR-MRC-D+1_20210502100000_20210502103224.csv
2021-05-03T09:00:00Z,1.0,42.33,2021-05-03,MarketResult_SEM-DA_PWR-MRC-D+1_20210502100000_20210502103224.csv
2021-05-03T10:00:00Z,1.0,65.0,2021-05-03,MarketResult_SEM-DA_PWR-MRC-D+1_20210502100000_20210502103224.csv
2021-05-03T11:00:00Z,1.0,72.38,2021-05-03,MarketResult_SEM-DA_PWR-MRC-D+1_20210502100000_20210502103224.csv
2021-05-03T12:00:00Z,1.0,68.77,2021-05-03,MarketResult_SEM-DA_PWR-MRC-D+1_20210502100000_20210502103224.csv
2021-05-03T13:00:00Z,1.0,60.6,2021-05-03,MarketResult_SEM-DA_PWR-MRC-D+1_20210502100000_20210502103224.csv
2021-05-03T14:00:00Z,1.0,53.6,2021-05-03,MarketResult_SEM-DA_PWR-MRC-D+1_20210502100000_20210502103224.csv
2021-05-03T15:00:00Z,1.0,60.9,2021-05-03,MarketResult_SEM-DA_PWR-MRC-D+1_20210502100000_20210502103224.csv
2021-05-03T16:00:00Z,1.0,74.94,2021-05-03,MarketResult_SEM-DA_PWR-MRC-D+1_20210502100000_20210502103224.csv
2021-05-03T17:00:00Z,1.0,74.04,2021-05-03,MarketResult_SEM-DA_PWR-MRC-D+1_20210502100000_20210502103224.csv
2021-05-03T18:00:00Z,1.0,60.0,2021-05-03,MarketResult_SEM-DA_PWR-MRC-D+1_20210502100000_20210502103224.csv
2021-05-03T19:00:00Z,1.0,50.0,2021-05-03,MarketResult_SEM-DA_PWR-MRC-D+1_20210502100000_20210502103224.csv
2021-05-03T20:00:00Z,1.0,31.0,2021-05-03,MarketResult_SEM-DA_PWR-MRC-D+1_20210502100000_20210502103224.csv
2021-05-03T21:00:00Z,1.0,9.75,2021-05-03,MarketResult_SEM-DA_PWR-MRC-D+1_20210502100000_20210502103224.csv
2021-05-03T22:00:00Z,1.0,-0.01,2021-05-04,MarketResult_SEM-DA_PWR-MRC-D+1_20210503100000_20210503103436.csv
2021-05-03T23:00:00Z,1.0,-0.01,2021-05-04,MarketResult_SEM-DA_PWR-MRC-D+1_20210503100000_20210503103436.csv
2021-05-04T00:00:00Z,1.0,-0.01,2021-05-04,MarketResult_SEM-DA_PWR-MRC-D+1_20210503100000_20210503103436.csv
2021-05-04T01:00:00Z,1.0,-0.01,2021-05-04,MarketResult_SEM-DA_PWR-MRC-D+1_20210503100000_20210503103436.csv
2021-05-04T02:00:00Z,1.0,1.09,2021-05-04,MarketResult_SEM-DA_PWR-MRC-D+1_20210503100000_20210503103436.csv
2021-05-04T03:00:00Z,1.0,4.62,2021-05-04,MarketResult_SEM-DA_PWR-MRC-D+1_20210503100000_20210503103436.csv
2021-05-04T04:00:00Z,1.0,26.0,2021-05-04,MarketResult_SEM-DA_PWR-MRC-D+1_20210503100000_20210503103436.csv
2021-05-04T05:00:00Z,1.0,58.12,2021-05-04,MarketResult_SEM-DA_PWR-MRC-D+1_20210503100000_20210503103436.csv
2021-05-04T06:00:00Z,1.0,71.65,2021-05-04,MarketResult_SEM-DA_PWR-MRC-D+1_20210503100000_20210503103436.csv
2021-05-04T07:00:00Z,1.0,90.53,2021-05-04,MarketResult_SEM-DA_PWR-MRC-D+1_20210503100000_20210503103436.csv
2021-05-04T08:00:00Z,1.0,85.55,2021-05-04,MarketResult_SEM-DA_PWR-MRC-D+1_20210503100000_20210503103436.csv
2021-05-04T09:00:00Z,1.0,77.25,2021-05-04,MarketResult_SEM-DA_PWR-MRC-D+1_20210503100000_20210503103436.csv
2021-05-04T10:00:00Z,1.0,73.22,2021-05-04,MarketResult_SEM-DA_PWR-MRC-D+1_20210503100000_20210503103436.csv
2021-05-04T11:00:00Z,1.0,73.2,2021-05-04,MarketResult_SEM-DA_PWR-MRC-D+1_20210503100000_20210503103436.csv
2021-05-04T12:00:00Z,1.0,67.38,2021-05-04,MarketResult_SEM-DA_PWR-MRC-D+1_20210503100000_20210503103436.csv
2021-05-04T13:00:00Z,1.0,63.21,2021-05-04,MarketResult_SEM-DA_PWR-MRC-D+1_20210503100000_20210503103436.csv
2021-05-04T14:00:00Z,1.0,65.0,2021-05-04,MarketResult_SEM-DA_PWR-MRC-D+1_20210503100000_20210503103436.csv
2021-05-04T15:00:00Z,1.0,79.05,2021-05-04,MarketResult_SEM-DA_PWR-MRC-D+1_20210503100000_20210503103436.csv
2021-05-04T16:00:00Z,1.0,77.06,2021-05-04,MarketResult_SEM-DA_PWR-MRC-D+1_20210503100000_20210503103436.csv
2021-05-04T17:00:00Z,1.0,90.47,2021-05-04,MarketResult_SEM-DA_PWR-MRC-D+1_20210503100000_20210503103436.csv
2021-05-04T18:00:00Z,1.0,95.67,2021-05-04,MarketResult_SEM-DA_PWR-MRC-D+1_20210503100000_20210503103436.csv
2021-05-04T19:00:00Z,1.0,97.02,2021-05-04,MarketResult_SEM-DA_PWR-MRC-D+1_20210503100000_20210503103436.csv
2021-05-04T20:00:00Z,1.0,95.81,2021-05-04,MarketResult_SEM-DA_PWR-MRC-D+1_20210503100000_20210503103436.csv
2021-05-04T21:00:00Z,1.0,79.48,2021-05-04,MarketResult_SEM-DA_PWR-MRC-D+1_20210503100000_20210503103436.csv
2021-05-04T22:00:00Z,1.0,75.0,2021-05-05,MarketResult_SEM-DA_PWR-MRC-D+1_20210504100000_20210504103205.csv
2021-05-04T23:00:00Z,1.0,71.0,2021-05-05,MarketResult_SEM-DA_PWR-MRC-D+1_20210504100000_20210504103205.csv
2021-05-05T00:00:00Z,1.0,72.79,2021-05-05,MarketResult_SEM-DA_PWR-MRC-D+1_20210504100000_20210504103205.csv
2021-05-05T01:00:00Z,1.0,74.55,2021-05-05,MarketResult_SEM-DA_PWR-MRC-D+1_20210504100000_20210504103205.csv
2021-05-05T02:00:00Z,1.0,75.0,2021-05-05,MarketResult_SEM-DA_PWR-MRC-D+1_20210504100000_20210504103205.csv
2021-05-05T03:00:00Z,1.0,75.14,2021-05-05,MarketResult_SEM-DA_PWR-MRC-D+1_20210504100000_20210504103205.csv
2021-05-05T04:00:00Z,1.0,83.99,2021-05-05,MarketResult_SEM-DA_PWR-MRC-D+1_20210504100000_20210504103205.csv
2021-05-05T05:00:00Z,1.0,91.1,2021-05-05,MarketResult_SEM-DA_PWR-MRC-D+1_20210504100000_20210504103205.csv
2021-05-05T06:00:00Z,1.0,99.0,2021-05-05,MarketResult_SEM-DA_PWR-MRC-D+1_20210504100000_20210504103205.csv
2021-05-05T07:00:00Z,1.0,132.0,2021-05-05,MarketResult_SEM-DA_PWR-MRC-D+1_20210504100000_20210504103205.csv
2021-05-05T08:00:00Z,1.0,125.59,2021-05-05,MarketResult_SEM-DA_PWR-MRC-D+1_20210504100000_20210504103205.csv
2021-05-05T09:00:00Z,1.0,112.72,2021-05-05,MarketResult_SEM-DA_PWR-MRC-D+1_20210504100000_20210504103205.csv
2021-05-05T10:00:00Z,1.0,99.66,2021-05-05,MarketResult_SEM-DA_PWR-MRC-D+1_20210504100000_20210504103205.csv
2021-05-05T11:00:00Z,1.0,108.93,2021-05-05,MarketResult_SEM-DA_PWR-MRC-D+1_20210504100000_20210504103205.csv
2021-05-05T12:00:00Z,1.0,98.0,2021-05-05,MarketResult_SEM-DA_PWR-MRC-D+1_20210504100000_20210504103205.csv
2021-05-05T13:00:00Z,1.0,89.3,2021-05-05,MarketResult_SEM-DA_PWR-MRC-D+1_20210504100000_20210504103205.csv
2021-05-05T14:00:00Z,1.0,87.28,2021-05-05,MarketResult_SEM-DA_PWR-MRC-D+1_20210504100000_20210504103205.csv
2021-05-05T15:00:00Z,1.0,90.46,2021-05-05,MarketResult_SEM-DA_PWR-MRC-D+1_20210504100000_20210504103205.csv
2021-05-05T16:00:00Z,1.0,102.0,2021-05-05,MarketResult_SEM-DA_PWR-MRC-D+1_20210504100000_20210504103205.csv
2021-05-05T17:00:00Z,1.0,125.82,2021-05-05,MarketResult_SEM-DA_PWR-MRC-D+1_20210504100000_20210504103205.csv
2021-05-05T18:00:00Z,1.0,131.33,2021-05-05,MarketResult_SEM-DA_PWR-MRC-D+1_20210504100000_20210504103205.csv
2021-05-05T19:00:00Z,1.0,136.0,2021-05-05,MarketResult_SEM-DA_PWR-MRC-D+1_20210504100000_20210504103205.csv
2021-05-05T20:00:00Z,1.0,149.05,2021-05-05,MarketResult_SEM-DA_PWR-MRC-D+1_20210504100000_20210504103205.csv
2021-05-05T21:00:00Z,1.0,100.91,2021-05-05,MarketResult_SEM-DA_PWR-MRC-D+1_20210504100000_20210504103205.csv
2021-05-05T22:00:00Z,1.0,88.92,2021-05-06,MarketResult_SEM-DA_PWR-MRC-D+1_20210505100000_20210505103219.csv
2021-05-05T23:00:00Z,1.0,83.6,2021-05-06,MarketResult_SEM-DA_PWR-MRC-D+1_20210505100000_20210505103219.csv
2021-05-06T00:00:00Z,1.0,82.95,2021-05-06,MarketResult_SEM-DA_PWR-MRC-D+1_20210505100000_20210505103219.csv
2021-05-06T01:00:00Z,1.0,81.47,2021-05-06,MarketResult_SEM-DA_PWR-MRC-D+1_20210505100000_20210505103219.csv
2021-05-06T02:00:00Z,1.0,79.0,2021-05-06,MarketResult_SEM-DA_PWR-MRC-D+1_20210505100000_20210505103219.csv
2021-05-06T03:00:00Z,1.0,78.41,2021-05-06,MarketResult_SEM-DA_PWR-MRC-D+1_20210505100000_20210505103219.csv
2021-05-06T04:00:00Z,1.0,81.26,2021-05-06,MarketResult_SEM-DA_PWR-MRC-D+1_20210505100000_20210505103219.csv
2021-05-06T05:00:00Z,1.0,90.83,2021-05-06,MarketResult_SEM-DA_PWR-MRC-D+1_20210505100000_20210505103219.csv
2021-05-06T06:00:00Z,1.0,116.45,2021-05-06,MarketResult_SEM-DA_PWR-MRC-D+1_20210505100000_20210505103219.csv
2021-05-06T07:00:00Z,1.0,133.24,2021-05-06,MarketResult_SEM-DA_PWR-MRC-D+1_20210505100000_20210505103219.csv
2021-05-06T08:00:00Z,1.0,125.36,2021-05-06,MarketResult_SEM-DA_PWR-MRC-D+1_20210505100000_20210505103219.csv
2021-05-06T09:00:00Z,1.0,110.74,2021-05-06,MarketResult_SEM-DA_PWR-MRC-D+1_20210505100000_20210505103219.csv
2021-05-06T10:00:00Z,1.0,99.0,2021-05-06,MarketResult_SEM-DA_PWR-MRC-D+1_20210505100000_20210505103219.csv
2021-05-06T11:00:00Z,1.0,96.09,2021-05-06,MarketResult_SEM-DA_PWR-MRC-D+1_20210505100000_20210505103219.csv
2021-05-06T12:00:00Z,1.0,86.99,2021-05-06,MarketResult_SEM-DA_PWR-MRC-D+1_20210505100000_20210505103219.csv
2021-05-06T13:00:00Z,1.0,79.32,2021-05-06,MarketResult_SEM-DA_PWR-MRC-D+1_20210505100000_20210505103219.csv
2021-05-06T14:00:00Z,1.0,77.0,2021-05-06,MarketResult_SEM-DA_PWR-MRC-D+1_20210505100000_20210505103219.csv
2021-05-06T15:00:00Z,1.0,83.0,2021-05-06,MarketResult_SEM-DA_PWR-MRC-D+1_20210505100000_20210505103219.csv
2021-05-06T16:00:00Z,1.0,97.94,2021-05-06,MarketResult_SEM-DA_PWR-MRC-D+1_20210505100000_20210505103219.csv
2021-05-06T17:00:00Z,1.0,107.94,2021-05-06,MarketResult_SEM-DA_PWR-MRC-D+1_20210505100000_20210505103219.csv
2021-05-06T18:00:00Z,1.0,109.0,2021-05-06,MarketResult_SEM-DA_PWR-MRC-D+1_20210505100000_20210505103219.csv
2021-05-06T19:00:00Z,1.0,107.94,2021-05-06,MarketResult_SEM-DA_PWR-MRC-D+1_20210505100000_20210505103219.csv
2021-05-06T20:00:00Z,1.0,102.42,2021-05-06,MarketResult_SEM-DA_PWR-MRC-D+1_20210505100000_20210505103219.csv
2021-05-06T21:00:00Z,1.0,85.0,2021-05-06,MarketResult_SEM-DA_PWR-MRC-D+1_20210505100000_20210505103219.csv
2021-05-06T22:00:00Z,1.0,84.27,2021-05-07,MarketResult_SEM-DA_PWR-MRC-D+1_20210506100000_20210506103218.csv
2021-05-06T23:00:00Z,1.0,81.59,2021-05-07,MarketResult_SEM-DA_PWR-MRC-D+1_20210506100000_20210506103218.csv
2021-05-07T00:00:00Z,1.0,81.53,2021-05-07,MarketResult_SEM-DA_PWR-MRC-D+1_20210506100000_20210506103218.csv
2021-05-07T01:00:00Z,1.0,81.53,2021-05-07,MarketResult_SEM-DA_PWR-MRC-D+1_20210506100000_20210506103218.csv
2021-05-07T02:00:00Z,1.0,81.53,2021-05-07,MarketResult_SEM-DA_PWR-MRC-D+1_20210506100000_20210506103218.csv
2021-05-07T03:00:00Z,1.0,81.53,2021-05-07,MarketResult_SEM-DA_PWR-MRC-D+1_20210506100000_20210506103218.csv
2021-05-07T04:00:00Z,1.0,85.03,2021-05-07,MarketResult_SEM-DA_PWR-MRC-D+1_20210506100000_20210506103218.csv
2021-05-07T05:00:00Z,1.0,92.3,2021-05-07,MarketResult_SEM-DA_PWR-MRC-D+1_20210506100000_20210506103218.csv
2021-05-07T06:00:00Z,1.0,143.97,2021-05-07,MarketResult_SEM-DA_PWR-MRC-D+1_20210506100000_20210506103218.csv
2021-05-07T07:00:00Z,1.0,191.0,2021-05-07,MarketResult_SEM-DA_PWR-MRC-D+1_20210506100000_20210506103218.csv
2021-05-07T08:00:00Z,1.0,193.0,2021-05-07,MarketResult_SEM-DA_PWR-MRC-D+1_20210506100000_20210506103218.csv
2021-05-07T09:00:00Z,1.0,175.0,2021-05-07,MarketResult_SEM-DA_PWR-MRC-D+1_20210506100000_20210506103218.csv
2021-05-07T10:00:00Z,1.0,172.12,2021-05-07,MarketResult_SEM-DA_PWR-MRC-D+1_20210506100000_20210506103218.csv
2021-05-07T11:00:00Z,1.0,156.0,2021-05-07,MarketResult_SEM-DA_PWR-MRC-D+1_20210506100000_20210506103218.csv
2021-05-07T12:00:00Z,1.0,131.47,2021-05-07,MarketResult_SEM-DA_PWR-MRC-D+1_20210506100000_20210506103218.csv
2021-05-07T13:00:00Z,1.0,96.0,2021-05-07,MarketResult_SEM-DA_PWR-MRC-D+1_20210506100000_20210506103218.csv
2021-05-07T14:00:00Z,1.0,87.78,2021-05-07,MarketResult_SEM-DA_PWR-MRC-D+1_20210506100000_20210506103218.csv
2021-05-07T15:00:00Z,1.0,90.0,2021-05-07,MarketResult_SEM-DA_PWR-MRC-D+1_20210506100000_20210506103218.csv
2021-05-07T16:00:00Z,1.0,109.79,2021-05-07,MarketResult_SEM-DA_PWR-MRC-D+1_20210506100000_20210506103218.csv
2021-05-07T17:00:00Z,1.0,118.25,2021-05-07,MarketResult_SEM-DA_PWR-MRC-D+1_20210506100000_20210506103218.csv
2021-05-07T18:00:00Z,1.0,111.82,2021-05-07,MarketResult_SEM-DA_PWR-MRC-D+1_20210506100000_20210506103218.csv
2021-05-07T19:00:00Z,1.0,104.17,2021-05-07,MarketResult_SEM-DA_PWR-MRC-D+1_20210506100000_20210506103218.csv
2021-05-07T20:00:00Z,1.0,85.8,2021-05-07,MarketResult_SEM-DA_PWR-MRC-D+1_20210506100000_20210506103218.csv
2021-05-07T21:00:00Z,1.0,76.46,2021-05-07,MarketResult_SEM-DA_PWR-MRC-D+1_20210506100000_20210506103218.csv
2021-05-07T22:00:00Z,1.0,55.0,2021-05-08,MarketResult_SEM-DA_PWR-MRC-D+1_20210507100000_20210507103518.csv
2021-05-07T23:00:00Z,1.0,28.0,2021-05-08,MarketResult_SEM-DA_PWR-MRC-D+1_20210507100000_20210507103518.csv
2021-05-08T00:00:00Z,1.0,0.0,2021-05-08,MarketResult_SEM-DA_PWR-MRC-D+1_20210507100000_20210507103518.csv
2021-05-08T01:00:00Z,1.0,-11.04,2021-05-08,MarketResult_SEM-DA_PWR-MRC-D+1_20210507100000_20210507103518.csv
2021-05-08T02:00:00Z,1.0,-11.04,2021-05-08,MarketResult_SEM-DA_PWR-MRC-D+1_20210507100000_20210507103518.csv
2021-05-08T03:00:00Z,1.0,-11.04,2021-05-08,MarketResult_SEM-DA_PWR-MRC-D+1_20210507100000_20210507103518.csv
2021-05-08T04:00:00Z,1.0,-11.3,2021-05-08,MarketResult_SEM-DA_PWR-MRC-D+1_20210507100000_20210507103518.csv
2021-05-08T05:00:00Z,1.0,6.0,2021-05-08,MarketResult_SEM-DA_PWR-MRC-D+1_20210507100000_20210507103518.csv
2021-05-08T06:00:00Z,1.0,50.0,2021-05-08,MarketResult_SEM-DA_PWR-MRC-D+1_20210507100000_20210507103518.csv
2021-05-08T07:00:00Z,1.0,67.1,2021-05-08,MarketResult_SEM-DA_PWR-MRC-D+1_20210507100000_20210507103518.csv
2021-05-08T08:00:00Z,1.0,77.14,2021-05-08,MarketResult_SEM-DA_PWR-MRC-D+1_20210507100000_20210507103518.csv
2021-05-08T09:00:00Z,1.0,80.1,2021-05-08,MarketResult_SEM-DA_PWR-MRC-D+1_20210507100000_20210507103518.csv
2021-05-08T10:00:00Z,1.0,78.97,2021-05-08,MarketResult_SEM-DA_PWR-MRC-D+1_20210507100000_20210507103518.csv
2021-05-08T11:00:00Z,1.0,79.98,2021-05-08,MarketResult_SEM-DA_PWR-MRC-D+1_20210507100000_20210507103518.csv
2021-05-08T12:00:00Z,1.0,64.45,2021-05-08,MarketResult_SEM-DA_PWR-MRC-D+1_20210507100000_20210507103518.csv
2021-05-08T13:00:00Z,1.0,54.79,2021-05-08,MarketResult_SEM-DA_PWR-MRC-D+1_20210507100000_20210507103518.csv
2021-05-08T14:00:00Z,1.0,48.0,2021-05-08,MarketResult_SEM-DA_PWR-MRC-D+1_20210507100000_20210507103518.csv
2021-05-08T15:00:00Z,1.0,65.0,2021-05-08,MarketResult_SEM-DA_PWR-MRC-D+1_20210507100000_20210507103518.csv
2021-05-08T16:00:00Z,1.0,90.37,2021-05-08,MarketResult_SEM-DA_PWR-MRC-D+1_20210507100000_20210507103518.csv
2021-05-08T17:00:00Z,1.0,107.2,2021-05-08,MarketResult_SEM-DA_PWR-MRC-D+1_20210507100000_20210507103518.csv
2021-05-08T18:00:00Z,1.0,100.2,2021-05-08,MarketResult_SEM-DA_PWR-MRC-D+1_20210507100000_20210507103518.csv
2021-05-08T19:00:00Z,1.0,95.11,2021-05-08,MarketResult_SEM-DA_PWR-MRC-D+1_20210507100000_20210507103518.csv
2021-05-08T20:00:00Z,1.0,92.43,2021-05-08,MarketResult_SEM-DA_PWR-MRC-D+1_20210507100000_20210507103518.csv
2021-05-08T21:00:00Z,1.0,71.0,2021-05-08,MarketResult_SEM-DA_PWR-MRC-D+1_20210507100000_20210507103518.csv
2021-05-08T22:00:00Z,1.0,70.3,2021-05-09,MarketResult_SEM-DA_PWR-MRC-D+1_20210508100000_20210508103254.csv
2021-05-08T23:00:00Z,1.0,45.44,2021-05-09,MarketResult_SEM-DA_PWR-MRC-D+1_20210508100000_20210508103254.csv
2021-05-09T00:00:00Z,1.0,19.96,2021-05-09,MarketResult_SEM-DA_PWR-MRC-D+1_20210508100000_20210508103254.csv
2021-05-09T01:00:00Z,1.0,-5.0,2021-05-09,MarketResult_SEM-DA_PWR-MRC-D+1_20210508100000_20210508103254.csv
2021-05-09T02:00:00Z,1.0,-10.0,2021-05-09,MarketResult_SEM-DA_PWR-MRC-D+1_20210508100000_20210508103254.csv
2021-05-09T03:00:00Z,1.0,-10.73,2021-05-09,MarketResult_SEM-DA_PWR-MRC-D+1_20210508100000_20210508103254.csv
2021-05-09T04:00:00Z,1.0,-11.54,2021-05-09,MarketResult_SEM-DA_PWR-MRC-D+1_20210508100000_20210508103254.csv
2021-05-09T05:00:00Z,1.0,-12.02,2021-05-09,MarketResult_SEM-DA_PWR-MRC-D+1_20210508100000_20210508103254.csv
2021-05-09T06:00:00Z,1.0,-5.06,2021-05-09,MarketResult_SEM-DA_PWR-MRC-D+1_20210508100000_20210508103254.csv
2021-05-09T07:00:00Z,1.0,-5.0,2021-05-09,MarketResult_SEM-DA_PWR-MRC-D+1_20210508100000_20210508103254.csv
2021-05-09T08:00:00Z,1.0,13.66,2021-05-09,MarketResult_SEM-DA_PWR-MRC-D+1_20210508100000_20210508103254.csv
2021-05-09T09:00:00Z,1.0,51.0,2021-05-09,MarketResult_SEM-DA_PWR-MRC-D+1_20210508100000_20210508103254.csv
2021-05-09T10:00:00Z,1.0,55.0,2021-05-09,MarketResult_SEM-DA_PWR-MRC-D+1_20210508100000_20210508103254.csv
2021-05-09T11:00:00Z,1.0,55.0,2021-05-09,MarketResult_SEM-DA_PWR-MRC-D+1_20210508100000_20210508103254.csv
2021-05-09T12:00:00Z,1.0,52.0,2021-05-09,MarketResult_SEM-DA_PWR-MRC-D+1_20210508100000_20210508103254.csv
2021-05-09T13:00:00Z,1.0,13.66,2021-05-09,MarketResult_SEM-DA_PWR-MRC-D+1_20210508100000_20210508103254.csv
2021-05-09T14:00:00Z,1.0,13.66,2021-05-09,MarketResult_SEM-DA_PWR-MRC-D+1_20210508100000_20210508103254.csv
2021-05-09T15:00:00Z,1.0,39.45,2021-05-09,MarketResult_SEM-DA_PWR-MRC-D+1_20210508100000_20210508103254.csv
2021-05-09T16:00:00Z,1.0,69.45,2021-05-09,MarketResult_SEM-DA_PWR-MRC-D+1_20210508100000_20210508103254.csv
2021-05-09T17:00:00Z,1.0,84.13,2021-05-09,MarketResult_SEM-DA_PWR-MRC-D+1_20210508100000_20210508103254.csv
2021-05-09T18:00:00Z,1.0,92.66,2021-05-09,MarketResult_SEM-DA_PWR-MRC-D+1_20210508100000_20210508103254.csv
2021-05-09T19:00:00Z,1.0,99.0,2021-05-09,MarketResult_SEM-DA_PWR-MRC-D+1_20210508100000_20210508103254.csv
2021-05-09T20:00:00Z,1.0,100.1,2021-05-09,MarketResult_SEM-DA_PWR-MRC-D+1_20210508100000_20210508103254.csv
2021-05-09T21:00:00Z,1.0,83.91,2021-05-09,MarketResult_SEM-DA_PWR-MRC-D+1_20210508100000_20210508103254.csv
2021-05-09T22:00:00Z,1.0,81.0,2021-05-10,MarketResult_SEM-DA_PWR-MRC-D+1_20210509100000_20210509103131.csv
2021-05-09T23:00:00Z,1.0,74.3,2021-05-10,MarketResult_SEM-DA_PWR-MRC-D+1_20210509100000_20210509103131.csv
2021-05-10T00:00:00Z,1.0,76.19,2021-05-10,MarketResult_SEM-DA_PWR-MRC-D+1_20210509100000_20210509103131.csv
2021-05-10T01:00:00Z,1.0,76.19,2021-05-10,MarketResult_SEM-DA_PWR-MRC-D+1_20210509100000_20210509103131.csv
2021-05-10T02:00:00Z,1.0,77.5,2021-05-10,MarketResult_SEM-DA_PWR-MRC-D+1_20210509100000_20210509103131.csv
2021-05-10T03:00:00Z,1.0,80.0,2021-05-10,MarketResult_SEM-DA_PWR-MRC-D+1_20210509100000_20210509103131.csv
2021-05-10T04:00:00Z,1.0,82.36,2021-05-10,MarketResult_SEM-DA_PWR-MRC-D+1_20210509100000_20210509103131.csv
2021-05-10T05:00:00Z,1.0,97.04,2021-05-10,MarketResult_SEM-DA_PWR-MRC-D+1_20210509100000_20210509103131.csv
2021-05-10T06:00:00Z,1.0,112.0,2021-05-10,MarketResult_SEM-DA_PWR-MRC-D+1_20210509100000_20210509103131.csv
2021-05-10T07:00:00Z,1.0,150.0,2021-05-10,MarketResult_SEM-DA_PWR-MRC-D+1_20210509100000_20210509103131.csv
2021-05-10T08:00:00Z,1.0,120.0,2021-05-10,MarketResult_SEM-DA_PWR-MRC-D+1_20210509100000_20210509103131.csv
2021-05-10T09:00:00Z,1.0,100.86,2021-05-10,MarketResult_SEM-DA_PWR-MRC-D+1_20210509100000_20210509103131.csv
2021-05-10T10:00:00Z,1.0,103.0,2021-05-10,MarketResult_SEM-DA_PWR-MRC-D+1_20210509100000_20210509103131.csv
2021-05-10T11:00:00Z,1.0,84.6,2021-05-10,MarketResult_SEM-DA_PWR-MRC-D+1_20210509100000_20210509103131.csv
2021-05-10T12:00:00Z,1.0,77.84,2021-05-10,MarketResult_SEM-DA_PWR-MRC-D+1_20210509100000_20210509103131.csv
2021-05-10T13:00:00Z,1.0,69.6,2021-05-10,MarketResult_SEM-DA_PWR-MRC-D+1_20210509100000_20210509103131.csv
2021-05-10T14:00:00Z,1.0,70.62,2021-05-10,MarketResult_SEM-DA_PWR-MRC-D+1_20210509100000_20210509103131.csv
2021-05-10T15:00:00Z,1.0,72.99,2021-05-10,MarketResult_SEM-DA_PWR-MRC-D+1_20210509100000_20210509103131.csv
2021-05-10T16:00:00Z,1.0,82.94,2021-05-10,MarketResult_SEM-DA_PWR-MRC-D+1_20210509100000_20210509103131.csv
2021-05-10T17:00:00Z,1.0,100.75,2021-05-10,MarketResult_SEM-DA_PWR-MRC-D+1_20210509100000_20210509103131.csv
2021-05-10T18:00:00Z,1.0,100.4,2021-05-10,MarketResult_SEM-DA_PWR-MRC-D+1_20210509100000_20210509103131.csv
2021-05-10T19:00:00Z,1.0,95.76,2021-05-10,MarketResult_SEM-DA_PWR-MRC-D+1_20210509100000_20210509103131.csv
2021-05-10T20:00:00Z,1.0,88.37,2021-05-10,MarketResult_SEM-DA_PWR-MRC-D+1_20210509100000_20210509103131.csv
2021-05-10T21:00:00Z,1.0,73.42,2021-05-10,MarketResult_SEM-DA_PWR-MRC-D+1_20210509100000_20210509103131.csv
2021-05-10T22:00:00Z,1.0,74.0,2021-05-11,MarketResult_SEM-DA_PWR-MRC-D+1_20210510100000_20210510103154.csv
2021-05-10T23:00:00Z,1.0,65.55,2021-05-11,MarketResult_SEM-DA_PWR-MRC-D+1_20210510100000_20210510103154.csv
2021-05-11T00:00:00Z,1.0,65.69,2021-05-11,MarketResult_SEM-DA_PWR-MRC-D+1_20210510100000_20210510103154.csv
2021-05-11T01:00:00Z,1.0,65.52,2021-05-11,MarketResult_SEM-DA_PWR-MRC-D+1_20210510100000_20210510103154.csv
2021-05-11T02:00:00Z,1.0,65.52,2021-05-11,MarketResult_SEM-DA_PWR-MRC-D+1_20210510100000_20210510103154.csv
2021-05-11T03:00:00Z,1.0,67.0,2021-05-11,MarketResult_SEM-DA_PWR-MRC-D+1_20210510100000_20210510103154.csv
2021-05-11T04:00:00Z,1.0,70.0,2021-05-11,MarketResult_SEM-DA_PWR-MRC-D+1_20210510100000_20210510103154.csv
2021-05-11T05:00:00Z,1.0,80.83,2021-05-11,MarketResult_SEM-DA_PWR-MRC-D+1_20210510100000_20210510103154.csv
2021-05-11T06:00:00Z,1.0,93.83,2021-05-11,MarketResult_SEM-DA_PWR-MRC-D+1_20210510100000_20210510103154.csv
2021-05-11T07:00:00Z,1.0,93.77,2021-05-11,MarketResult_SEM-DA_PWR-MRC-D+1_20210510100000_20210510103154.csv
2021-05-11T08:00:00Z,1.0,91.69,2021-05-11,MarketResult_SEM-DA_PWR-MRC-D+1_20210510100000_20210510103154.csv
2021-05-11T09:00:00Z,1.0,83.75,2021-05-11,MarketResult_SEM-DA_PWR-MRC-D+1_20210510100000_20210510103154.csv
2021-05-11T10:00:00Z,1.0,81.0,2021-05-11,MarketResult_SEM-DA_PWR-MRC-D+1_20210510100000_20210510103154.csv
2021-05-11T11:00:00Z,1.0,86.8,2021-05-11,MarketResult_SEM-DA_PWR-MRC-D+1_20210510100000_20210510103154.csv
2021-05-11T12:00:00Z,1.0,78.73,2021-05-11,MarketResult_SEM-DA_PWR-MRC-D+1_20210510100000_20210510103154.csv
2021-05-11T13:00:00Z,1.0,78.39,2021-05-11,MarketResult_SEM-DA_PWR-MRC-D+1_20210510100000_20210510103154.csv
2021-05-11T14:00:00Z,1.0,76.59,2021-05-11,MarketResult_SEM-DA_PWR-MRC-D+1_20210510100000_20210510103154.csv
2021-05-11T15:00:00Z,1.0,93.74,2021-05-11,MarketResult_SEM-DA_PWR-MRC-D+1_20210510100000_20210510103154.csv
2021-05-11T16:00:00Z,1.0,112.0,2021-05-11,MarketResult_SEM-DA_PWR-MRC-D+1_20210510100000_20210510103154.csv
2021-05-11T17:00:00Z,1.0,129.43,2021-05-11,MarketResult_SEM-DA_PWR-MRC-D+1_20210510100000_20210510103154.csv
2021-05-11T18:00:00Z,1.0,135.0,2021-05-11,MarketResult_SEM-DA_PWR-MRC-D+1_20210510100000_20210510103154.csv
2021-05-11T19:00:00Z,1.0,129.81,2021-05-11,MarketResult_SEM-DA_PWR-MRC-D+1_20210510100000_20210510103154.csv
2021-05-11T20:00:00Z,1.0,128.7,2021-05-11,MarketResult_SEM-DA_PWR-MRC-D+1_20210510100000_20210510103154.csv
2021-05-11T21:00:00Z,1.0,92.38,2021-05-11,MarketResult_SEM-DA_PWR-MRC-D+1_20210510100000_20210510103154.csv
2021-05-11T22:00:00Z,1.0,96.91,2021-05-12,MarketResult_SEM-DA_PWR-MRC-D+1_20210511100000_20210511103306.csv
2021-05-11T23:00:00Z,1.0,90.66,2021-05-12,MarketResult_SEM-DA_PWR-MRC-D+1_20210511100000_20210511103306.csv
2021-05-12T00:00:00Z,1.0,88.64,2021-05-12,MarketResult_SEM-DA_PWR-MRC-D+1_20210511100000_20210511103306.csv
2021-05-12T01:00:00Z,1.0,88.0,2021-05-12,MarketResult_SEM-DA_PWR-MRC-D+1_20210511100000_20210511103306.csv
2021-05-12T02:00:00Z,1.0,85.23,2021-05-12,MarketResult_SEM-DA_PWR-MRC-D+1_20210511100000_20210511103306.csv
2021-05-12T03:00:00Z,1.0,86.0,2021-05-12,MarketResult_SEM-DA_PWR-MRC-D+1_20210511100000_20210511103306.csv
2021-05-12T04:00:00Z,1.0,93.0,2021-05-12,MarketResult_SEM-DA_PWR-MRC-D+1_20210511100000_20210511103306.csv
2021-05-12T05:00:00Z,1.0,105.38,2021-05-12,MarketResult_SEM-DA_PWR-MRC-D+1_20210511100000_20210511103306.csv
2021-05-12T06:00:00Z,1.0,202.0,2021-05-12,MarketResult_SEM-DA_PWR-MRC-D+1_20210511100000_20210511103306.csv
2021-05-12T07:00:00Z,1.0,300.0,2021-05-12,MarketResult_SEM-DA_PWR-MRC-D+1_20210511100000_20210511103306.csv
2021-05-12T08:00:00Z,1.0,239.62,2021-05-12,MarketResult_SEM-DA_PWR-MRC-D+1_20210511100000_20210511103306.csv
2021-05-12T09:00:00Z,1.0,235.0,2021-05-12,MarketResult_SEM-DA_PWR-MRC-D+1_20210511100000_20210511103306.csv
2021-05-12T10:00:00Z,1.0,203.0,2021-05-12,MarketResult_SEM-DA_PWR-MRC-D+1_20210511100000_20210511103306.csv
2021-05-12T11:00:00Z,1.0,230.0,2021-05-12,MarketResult_SEM-DA_PWR-MRC-D+1_20210511100000_20210511103306.csv
2021-05-12T12:00:00Z,1.0,205.3,2021-05-12,MarketResult_SEM-DA_PWR-MRC-D+1_20210511100000_20210511103306.csv
2021-05-12T13:00:00Z,1.0,200.0,2021-05-12,MarketResult_SEM-DA_PWR-MRC-D+1_20210511100000_20210511103306.csv
2021-05-12T14:00:00Z,1.0,180.29,2021-05-12,MarketResult_SEM-DA_PWR-MRC-D+1_20210511100000_20210511103306.csv
2021-05-12T15:00:00Z,1.0,220.0,2021-05-12,MarketResult_SEM-DA_PWR-MRC-D+1_20210511100000_20210511103306.csv
2021-05-12T16:00:00Z,1.0,245.84,2021-05-12,MarketResult_SEM-DA_PWR-MRC-D+1_20210511100000_20210511103306.csv
2021-05-12T17:00:00Z,1.0,229.19,2021-05-12,MarketResult_SEM-DA_PWR-MRC-D+1_20210511100000_20210511103306.csv
2021-05-12T18:00:00Z,1.0,195.67,2021-05-12,MarketResult_SEM-DA_PWR-MRC-D+1_20210511100000_20210511103306.csv
2021-05-12T19:00:00Z,1.0,180.29,2021-05-12,MarketResult_SEM-DA_PWR-MRC-D+1_20210511100000_20210511103306.csv
2021-05-12T20:00:00Z,1.0,180.29,2021-05-12,MarketResult_SEM-DA_PWR-MRC-D+1_20210511100000_20210511103306.csv
2021-05-12T21:00:00Z,1.0,129.0,2021-05-12,MarketResult_SEM-DA_PWR-MRC-D+1_20210511100000_20210511103306.csv
2021-05-12T22:00:00Z,1.0,106.0,2021-05-13,MarketResult_SEM-DA_PWR-MRC-D+1_20210512100000_20210512103013.csv
2021-05-12T23:00:00Z,1.0,95.74,2021-05-13,MarketResult_SEM-DA_PWR-MRC-D+1_20210512100000_20210512103013.csv
2021-05-13T00:00:00Z,1.0,91.73,2021-05-13,MarketResult_SEM-DA_PWR-MRC-D+1_20210512100000_20210512103013.csv
2021-05-13T01:00:00Z,1.0,90.93,2021-05-13,MarketResult_SEM-DA_PWR-MRC-D+1_20210512100000_20210512103013.csv
2021-05-13T02:00:00Z,1.0,88.47,2021-05-13,MarketResult_SEM-DA_PWR-MRC-D+1_20210512100000_20210512103013.csv
2021-05-13T03:00:00Z,1.0,86.24,2021-05-13,MarketResult_SEM-DA_PWR-MRC-D+1_20210512100000_20210512103013.csv
2021-05-13T04:00:00Z,1.0,90.24,2021-05-13,MarketResult_SEM-DA_PWR-MRC-D+1_20210512100000_20210512103013.csv
2021-05-13T05:00:00Z,1.0,101.35,2021-05-13,MarketResult_SEM-DA_PWR-MRC-D+1_20210512100000_20210512103013.csv
2021-05-13T06:00:00Z,1.0,192.0,2021-05-13,MarketResult_SEM-DA_PWR-MRC-D+1_20210512100000_20210512103013.csv
2021-05-13T07:00:00Z,1.0,251.01,2021-05-13,MarketResult_SEM-DA_PWR-MRC-D+1_20210512100000_20210512103013.csv
2021-05-13T08:00:00Z,1.0,246.11,2021-05-13,MarketResult_SEM-DA_PWR-MRC-D+1_20210512100000_20210512103013.csv
2021-05-13T09:00:00Z,1.0,219.04,2021-05-13,MarketResult_SEM-DA_PWR-MRC-D+1_20210512100000_20210512103013.csv
2021-05-13T10:00:00Z,1.0,204.0,2021-05-13,MarketResult_SEM-DA_PWR-MRC-D+1_20210512100000_20210512103013.csv
2021-05-13T11:00:00Z,1.0,199.0,2021-05-13,MarketResult_SEM-DA_PWR-MRC-D+1_20210512100000_20210512103013.csv
2021-05-13T12:00:00Z,1.0,175.0,2021-05-13,MarketResult_SEM-DA_PWR-MRC-D+1_20210512100000_20210512103013.csv
2021-05-13T13:00:00Z,1.0,123.7,2021-05-13,MarketResult_SEM-DA_PWR-MRC-D+1_20210512100000_20210512103013.csv
2021-05-13T14:00:00Z,1.0,111.22,2021-05-13,MarketResult_SEM-DA_PWR-MRC-D+1_20210512100000_20210512103013.csv
2021-05-13T15:00:00Z,1.0,122.3,2021-05-13,MarketResult_SEM-DA_PWR-MRC-D+1_20210512100000_20210512103013.csv
2021-05-13T16:00:00Z,1.0,146.0,2021-05-13,MarketResult_SEM-DA_PWR-MRC-D+1_20210512100000_20210512103013.csv
2021-05-13T17:00:00Z,1.0,160.43,2021-05-13,MarketResult_SEM-DA_PWR-MRC-D+1_20210512100000_20210512103013.csv
2021-05-13T18:00:00Z,1.0,140.3,2021-05-13,MarketResult_SEM-DA_PWR-MRC-D+1_20210512100000_20210512103013.csv
2021-05-13T19:00:00Z,1.0,136.48,2021-05-13,MarketResult_SEM-DA_PWR-MRC-D+1_20210512100000_20210512103013.csv
2021-05-13T20:00:00Z,1.0,125.6,2021-05-13,MarketResult_SEM-DA_PWR-MRC-D+1_20210512100000_20210512103013.csv
2021-05-13T21:00:00Z,1.0,100.0,2021-05-13,MarketResult_SEM-DA_PWR-MRC-D+1_20210512100000_20210512103013.csv
2021-05-13T22:00:00Z,1.0,102.56,2021-05-14,MarketResult_SEM-DA_PWR-MRC-D+1_20210513100000_20210513103132.csv
2021-05-13T23:00:00Z,1.0,92.0,2021-05-14,MarketResult_SEM-DA_PWR-MRC-D+1_20210513100000_20210513103132.csv
2021-05-14T00:00:00Z,1.0,91.0,2021-05-14,MarketResult_SEM-DA_PWR-MRC-D+1_20210513100000_20210513103132.csv
2021-05-14T01:00:00Z,1.0,90.44,2021-05-14,MarketResult_SEM-DA_PWR-MRC-D+1_20210513100000_20210513103132.csv
2021-05-14T02:00:00Z,1.0,87.65,2021-05-14,MarketResult_SEM-DA_PWR-MRC-D+1_20210513100000_20210513103132.csv
2021-05-14T03:00:00Z,1.0,85.31,2021-05-14,MarketResult_SEM-DA_PWR-MRC-D+1_20210513100000_20210513103132.csv
2021-05-14T04:00:00Z,1.0,87.65,2021-05-14,MarketResult_SEM-DA_PWR-MRC-D+1_20210513100000_20210513103132.csv
2021-05-14T05:00:00Z,1.0,99.78,2021-05-14,MarketResult_SEM-DA_PWR-MRC-D+1_20210513100000_20210513103132.csv
2021-05-14T06:00:00Z,1.0,175.1,2021-05-14,MarketResult_SEM-DA_PWR-MRC-D+1_20210513100000_20210513103132.csv
2021-05-14T07:00:00Z,1.0,258.87,2021-05-14,MarketResult_SEM-DA_PWR-MRC-D+1_20210513100000_20210513103132.csv
2021-05-14T08:00:00Z,1.0,252.37,2021-05-14,MarketResult_SEM-DA_PWR-MRC-D+1_20210513100000_20210513103132.csv
2021-05-14T09:00:00Z,1.0,239.22,2021-05-14,MarketResult_SEM-DA_PWR-MRC-D+1_20210513100000_20210513103132.csv
2021-05-14T10:00:00Z,1.0,204.99,2021-05-14,MarketResult_SEM-DA_PWR-MRC-D+1_20210513100000_20210513103132.csv
2021-05-14T11:00:00Z,1.0,197.82,2021-05-14,MarketResult_SEM-DA_PWR-MRC-D+1_20210513100000_20210513103132.csv
2021-05-14T12:00:00Z,1.0,161.0,2021-05-14,MarketResult_SEM-DA_PWR-MRC-D+1_20210513100000_20210513103132.csv
2021-05-14T13:00:00Z,1.0,106.92,2021-05-14,MarketResult_SEM-DA_PWR-MRC-D+1_20210513100000_20210513103132.csv
2021-05-14T14:00:00Z,1.0,93.1,2021-05-14,MarketResult_SEM-DA_PWR-MRC-D+1_20210513100000_20210513103132.csv
2021-05-14T15:00:00Z,1.0,110.27,2021-05-14,MarketResult_SEM-DA_PWR-MRC-D+1_20210513100000_20210513103132.csv
2021-05-14T16:00:00Z,1.0,128.39,2021-05-14,MarketResult_SEM-DA_PWR-MRC-D+1_20210513100000_20210513103132.csv
2021-05-14T17:00:00Z,1.0,132.42,2021-05-14,MarketResult_SEM-DA_PWR-MRC-D+1_20210513100000_20210513103132.csv
2021-05-14T18:00:00Z,1.0,120.86,2021-05-14,MarketResult_SEM-DA_PWR-MRC-D+1_20210513100000_20210513103132.csv
2021-05-14T19:00:00Z,1.0,110.2,2021-05-14,MarketResult_SEM-DA_PWR-MRC-D+1_20210513100000_20210513103132.csv
2021-05-14T20:00:00Z,1.0,97.08,2021-05-14,MarketResult_SEM-DA_PWR-MRC-D+1_20210513100000_20210513103132.csv
2021-05-14T21:00:00Z,1.0,82.4,2021-05-14,MarketResult_SEM-DA_PWR-MRC-D+1_20210513100000_20210513103132.csv
2021-05-14T22:00:00Z,1.0,87.92,2021-05-15,MarketResult_SEM-DA_PWR-MRC-D+1_20210514100000_20210514103006.csv
2021-05-14T23:00:00Z,1.0,85.0,2021-05-15,MarketResult_SEM-DA_PWR-MRC-D+1_20210514100000_20210514103006.csv
2021-05-15T00:00:00Z,1.0,81.9,2021-05-15,MarketResult_SEM-DA_PWR-MRC-D+1_20210514100000_20210514103006.csv
2021-05-15T01:00:00Z,1.0,81.21,2021-05-15,MarketResult_SEM-DA_PWR-MRC-D+1_20210514100000_20210514103006.csv
2021-05-15T02:00:00Z,1.0,76.97,2021-05-15,MarketResult_SEM-DA_PWR-MRC-D+1_20210514100000_20210514103006.csv
2021-05-15T03:00:00Z,1.0,77.62,2021-05-15,MarketResult_SEM-DA_PWR-MRC-D+1_20210514100000_20210514103006.csv
2021-05-15T04:00:00Z,1.0,77.62,2021-05-15,MarketResult_SEM-DA_PWR-MRC-D+1_20210514100000_20210514103006.csv
2021-05-15T05:00:00Z,1.0,77.62,2021-05-15,MarketResult_SEM-DA_PWR-MRC-D+1_20210514100000_20210514103006.csv
2021-05-15T06:00:00Z,1.0,88.28,2021-05-15,MarketResult_SEM-DA_PWR-MRC-D+1_20210514100000_20210514103006.csv
2021-05-15T07:00:00Z,1.0,104.0,2021-05-15,MarketResult_SEM-DA_PWR-MRC-D+1_20210514100000_20210514103006.csv
2021-05-15T08:00:00Z,1.0,129.8,2021-05-15,MarketResult_SEM-DA_PWR-MRC-D+1_20210514100000_20210514103006.csv
2021-05-15T09:00:00Z,1.0,128.52,2021-05-15,MarketResult_SEM-DA_PWR-MRC-D+1_20210514100000_20210514103006.csv
2021-05-15T10:00:00Z,1.0,115.0,2021-05-15,MarketResult_SEM-DA_PWR-MRC-D+1_20210514100000_20210514103006.csv
2021-05-15T11:00:00Z,1.0,115.0,2021-05-15,MarketResult_SEM-DA_PWR-MRC-D+1_20210514100000_20210514103006.csv
2021-05-15T12:00:00Z,1.0,95.59,2021-05-15,MarketResult_SEM-DA_PWR-MRC-D+1_20210514100000_20210514103006.csv
2021-05-15T13:00:00Z,1.0,87.19,2021-05-15,MarketResult_SEM-DA_PWR-MRC-D+1_20210514100000_20210514103006.csv
2021-05-15T14:00:00Z,1.0,83.86,2021-05-15,MarketResult_SEM-DA_PWR-MRC-D+1_20210514100000_20210514103006.csv
2021-05-15T15:00:00Z,1.0,85.0,2021-05-15,MarketResult_SEM-DA_PWR-MRC-D+1_20210514100000_20210514103006.csv
2021-05-15T16:00:00Z,1.0,115.0,2021-05-15,MarketResult_SEM-DA_PWR-MRC-D+1_20210514100000_20210514103006.csv
2021-05-15T17:00:00Z,1.0,121.35,2021-05-15,MarketResult_SEM-DA_PWR-MRC-D+1_20210514100000_20210514103006.csv
2021-05-15T18:00:00Z,1.0,123.22,2021-05-15,MarketResult_SEM-DA_PWR-MRC-D+1_20210514100000_20210514103006.csv
2021-05-15T19:00:00Z,1.0,117.03,2021-05-15,MarketResult_SEM-DA_PWR-MRC-D+1_20210514100000_20210514103006.csv
2021-05-15T20:00:00Z,1.0,103.83,2021-05-15,MarketResult_SEM-DA_PWR-MRC-D+1_20210514100000_20210514103006.csv
2021-05-15T21:00:00Z,1.0,89.78,2021-05-15,MarketResult_SEM-DA_PWR-MRC-D+1_20210514100000_20210514103006.csv
2021-05-15T22:00:00Z,1.0,101.24,2021-05-16,MarketResult_SEM-DA_PWR-MRC-D+1_20210515100000_20210515103049.csv
2021-05-15T23:00:00Z,1.0,91.0,2021-05-16,MarketResult_SEM-DA_PWR-MRC-D+1_20210515100000_20210515103049.csv
2021-05-16T00:00:00Z,1.0,89.54,2021-05-16,MarketResult_SEM-DA_PWR-MRC-D+1_20210515100000_20210515103049.csv
2021-05-16T01:00:00Z,1.0,89.67,2021-05-16,MarketResult_SEM-DA_PWR-MRC-D+1_20210515100000_20210515103049.csv
2021-05-16T02:00:00Z,1.0,83.85,2021-05-16,MarketResult_SEM-DA_PWR-MRC-D+1_20210515100000_20210515103049.csv
2021-05-16T03:00:00Z,1.0,81.06,2021-05-16,MarketResult_SEM-DA_PWR-MRC-D+1_20210515100000_20210515103049.csv
2021-05-16T04:00:00Z,1.0,81.63,2021-05-16,MarketResult_SEM-DA_PWR-MRC-D+1_20210515100000_20210515103049.csv
2021-05-16T05:00:00Z,1.0,86.57,2021-05-16,MarketResult_SEM-DA_PWR-MRC-D+1_20210515100000_20210515103049.csv
2021-05-16T06:00:00Z,1.0,81.53,2021-05-16,MarketResult_SEM-DA_PWR-MRC-D+1_20210515100000_20210515103049.csv
2021-05-16T07:00:00Z,1.0,108.0,2021-05-16,MarketResult_SEM-DA_PWR-MRC-D+1_20210515100000_20210515103049.csv
2021-05-16T08:00:00Z,1.0,121.1,2021-05-16,MarketResult_SEM-DA_PWR-MRC-D+1_20210515100000_20210515103049.csv
2021-05-16T09:00:00Z,1.0,148.9,2021-05-16,MarketResult_SEM-DA_PWR-MRC-D+1_20210515100000_20210515103049.csv
2021-05-16T10:00:00Z,1.0,135.88,2021-05-16,MarketResult_SEM-DA_PWR-MRC-D+1_20210515100000_20210515103049.csv
2021-05-16T11:00:00Z,1.0,135.56,2021-05-16,MarketResult_SEM-DA_PWR-MRC-D+1_20210515100000_20210515103049.csv
2021-05-16T12:00:00Z,1.0,115.13,2021-05-16,MarketResult_SEM-DA_PWR-MRC-D+1_20210515100000_20210515103049.csv
2021-05-16T13:00:00Z,1.0,90.0,2021-05-16,MarketResult_SEM-DA_PWR-MRC-D+1_20210515100000_20210515103049.csv
2021-05-16T14:00:00Z,1.0,83.87,2021-05-16,MarketResult_SEM-DA_PWR-MRC-D+1_20210515100000_20210515103049.csv
2021-05-16T15:00:00Z,1.0,88.1,2021-05-16,MarketResult_SEM-DA_PWR-MRC-D+1_20210515100000_20210515103049.csv
2021-05-16T16:00:00Z,1.0,112.16,2021-05-16,MarketResult_SEM-DA_PWR-MRC-D+1_20210515100000_20210515103049.csv
2021-05-16T17:00:00Z,1.0,111.42,2021-05-16,MarketResult_SEM-DA_PWR-MRC-D+1_20210515100000_20210515103049.csv
2021-05-16T18:00:00Z,1.0,109.81,2021-05-16,MarketResult_SEM-DA_PWR-MRC-D+1_20210515100000_20210515103049.csv
2021-05-16T19:00:00Z,1.0,105.0,2021-05-16,MarketResult_SEM-DA_PWR-MRC-D+1_20210515100000_20210515103049.csv
2021-05-16T20:00:00Z,1.0,94.5,2021-05-16,MarketResult_SEM-DA_PWR-MRC-D+1_20210515100000_20210515103049.csv
2021-05-16T21:00:00Z,1.0,84.9,2021-05-16,MarketResult_SEM-DA_PWR-MRC-D+1_20210515100000_20210515103049.csv
2021-05-16T22:00:00Z,1.0,87.55,2021-05-17,MarketResult_SEM-DA_PWR-MRC-D+1_20210516100000_20210516103127.csv
2021-05-16T23:00:00Z,1.0,83.68,2021-05-17,MarketResult_SEM-DA_PWR-MRC-D+1_20210516100000_20210516103127.csv
2021-05-17T00:00:00Z,1.0,83.22,2021-05-17,MarketResult_SEM-DA_PWR-MRC-D+1_20210516100000_20210516103127.csv
2021-05-17T01:00:00Z,1.0,81.32,2021-05-17,MarketResult_SEM-DA_PWR-MRC-D+1_20210516100000_20210516103127.csv
2021-05-17T02:00:00Z,1.0,80.55,2021-05-17,MarketResult_SEM-DA_PWR-MRC-D+1_20210516100000_20210516103127.csv
2021-05-17T03:00:00Z,1.0,80.55,2021-05-17,MarketResult_SEM-DA_PWR-MRC-D+1_20210516100000_20210516103127.csv
2021-05-17T04:00:00Z,1.0,81.1,2021-05-17,MarketResult_SEM-DA_PWR-MRC-D+1_20210516100000_20210516103127.csv
2021-05-17T05:00:00Z,1.0,94.27,2021-05-17,MarketResult_SEM-DA_PWR-MRC-D+1_20210516100000_20210516103127.csv
2021-05-17T06:00:00Z,1.0,125.0,2021-05-17,MarketResult_SEM-DA_PWR-MRC-D+1_20210516100000_20210516103127.csv
2021-05-17T07:00:00Z,1.0,160.65,2021-05-17,MarketResult_SEM-DA_PWR-MRC-D+1_20210516100000_20210516103127.csv
2021-05-17T08:00:00Z,1.0,160.65,2021-05-17,MarketResult_SEM-DA_PWR-MRC-D+1_20210516100000_20210516103127.csv
2021-05-17T09:00:00Z,1.0,149.0,2021-05-17,MarketResult_SEM-DA_PWR-MRC-D+1_20210516100000_20210516103127.csv
2021-05-17T10:00:00Z,1.0,117.77,2021-05-17,MarketResult_SEM-DA_PWR-MRC-D+1_20210516100000_20210516103127.csv
2021-05-17T11:00:00Z,1.0,109.53,2021-05-17,MarketResult_SEM-DA_PWR-MRC-D+1_20210516100000_20210516103127.csv
2021-05-17T12:00:00Z,1.0,90.0,2021-05-17,MarketResult_SEM-DA_PWR-MRC-D+1_20210516100000_20210516103127.csv
2021-05-17T13:00:00Z,1.0,82.9,2021-05-17,MarketResult_SEM-DA_PWR-MRC-D+1_20210516100000_20210516103127.csv
2021-05-17T14:00:00Z,1.0,76.4,2021-05-17,MarketResult_SEM-DA_PWR-MRC-D+1_20210516100000_20210516103127.csv
2021-05-17T15:00:00Z,1.0,85.22,2021-05-17,MarketResult_SEM-DA_PWR-MRC-D+1_20210516100000_20210516103127.csv
2021-05-17T16:00:00Z,1.0,112.63,2021-05-17,MarketResult_SEM-DA_PWR-MRC-D+1_20210516100000_20210516103127.csv
2021-05-17T17:00:00Z,1.0,124.8,2021-05-17,MarketResult_SEM-DA_PWR-MRC-D+1_20210516100000_20210516103127.csv
2021-05-17T18:00:00Z,1.0,118.75,2021-05-17,MarketResult_SEM-DA_PWR-MRC-D+1_20210516100000_20210516103127.csv
2021-05-17T19:00:00Z,1.0,115.0,2021-05-17,MarketResult_SEM-DA_PWR-MRC-D+1_20210516100000_20210516103127.csv
2021-05-17T20:00:00Z,1.0,109.18,2021-05-17,MarketResult_SEM-DA_PWR-MRC-D+1_20210516100000_20210516103127.csv
2021-05-17T21:00:00Z,1.0,88.46,2021-05-17,MarketResult_SEM-DA_PWR-MRC-D+1_20210516100000_20210516103127.csv
2021-05-17T22:00:00Z,1.0,89.56,2021-05-18,MarketResult_SEM-DA_PWR-MRC-D+1_20210517100000_20210517103538.csv
2021-05-17T23:00:00Z,1.0,85.36,2021-05-18,MarketResult_SEM-DA_PWR-MRC-D+1_20210517100000_20210517103538.csv
2021-05-18T00:00:00Z,1.0,83.96,2021-05-18,MarketResult_SEM-DA_PWR-MRC-D+1_20210517100000_20210517103538.csv
2021-05-18T01:00:00Z,1.0,83.57,2021-05-18,MarketResult_SEM-DA_PWR-MRC-D+1_20210517100000_20210517103538.csv
2021-05-18T02:00:00Z,1.0,82.0,2021-05-18,MarketResult_SEM-DA_PWR-MRC-D+1_20210517100000_20210517103538.csv
2021-05-18T03:00:00Z,1.0,82.0,2021-05-18,MarketResult_SEM-DA_PWR-MRC-D+1_20210517100000_20210517103538.csv
2021-05-18T04:00:00Z,1.0,85.0,2021-05-18,MarketResult_SEM-DA_PWR-MRC-D+1_20210517100000_20210517103538.csv
2021-05-18T05:00:00Z,1.0,95.18,2021-05-18,MarketResult_SEM-DA_PWR-MRC-D+1_20210517100000_20210517103538.csv
2021-05-18T06:00:00Z,1.0,136.2,2021-05-18,MarketResult_SEM-DA_PWR-MRC-D+1_20210517100000_20210517103538.csv
2021-05-18T07:00:00Z,1.0,180.03,2021-05-18,MarketResult_SEM-DA_PWR-MRC-D+1_20210517100000_20210517103538.csv
2021-05-18T08:00:00Z,1.0,175.83,2021-05-18,MarketResult_SEM-DA_PWR-MRC-D+1_20210517100000_20210517103538.csv
2021-05-18T09:00:00Z,1.0,170.7,2021-05-18,MarketResult_SEM-DA_PWR-MRC-D+1_20210517100000_20210517103538.csv
2021-05-18T10:00:00Z,1.0,156.0,2021-05-18,MarketResult_SEM-DA_PWR-MRC-D+1_20210517100000_20210517103538.csv
2021-05-18T11:00:00Z,1.0,139.3,2021-05-18,MarketResult_SEM-DA_PWR-MRC-D+1_20210517100000_20210517103538.csv
2021-05-18T12:00:00Z,1.0,126.0,2021-05-18,MarketResult_SEM-DA_PWR-MRC-D+1_20210517100000_20210517103538.csv
2021-05-18T13:00:00Z,1.0,101.0,2021-05-18,MarketResult_SEM-DA_PWR-MRC-D+1_20210517100000_20210517103538.csv
2021-05-18T14:00:00Z,1.0,90.0,2021-05-18,MarketResult_SEM-DA_PWR-MRC-D+1_20210517100000_20210517103538.csv
2021-05-18T15:00:00Z,1.0,97.43,2021-05-18,MarketResult_SEM-DA_PWR-MRC-D+1_20210517100000_20210517103538.csv
2021-05-18T16:00:00Z,1.0,121.04,2021-05-18,MarketResult_SEM-DA_PWR-MRC-D+1_20210517100000_20210517103538.csv
2021-05-18T17:00:00Z,1.0,133.17,2021-05-18,MarketResult_SEM-DA_PWR-MRC-D+1_20210517100000_20210517103538.csv
2021-05-18T18:00:00Z,1.0,129.75,2021-05-18,MarketResult_SEM-DA_PWR-MRC-D+1_20210517100000_20210517103538.csv
2021-05-18T19:00:00Z,1.0,120.07,2021-05-18,MarketResult_SEM-DA_PWR-MRC-D+1_20210517100000_20210517103538.csv
2021-05-18T20:00:00Z,1.0,112.71,2021-05-18,MarketResult_SEM-DA_PWR-MRC-D+1_20210517100000_20210517103538.csv
2021-05-18T21:00:00Z,1.0,93.08,2021-05-18,MarketResult_SEM-DA_PWR-MRC-D+1_20210517100000_20210517103538.csv
2021-05-18T22:00:00Z,1.0,89.02,2021-05-19,MarketResult_SEM-DA_PWR-MRC-D+1_20210518100000_20210518103047.csv
2021-05-18T23:00:00Z,1.0,82.25,2021-05-19,MarketResult_SEM-DA_PWR-MRC-D+1_20210518100000_20210518103047.csv
2021-05-19T00:00:00Z,1.0,83.49,2021-05-19,MarketResult_SEM-DA_PWR-MRC-D+1_20210518100000_20210518103047.csv
2021-05-19T01:00:00Z,1.0,81.59,2021-05-19,MarketResult_SEM-DA_PWR-MRC-D+1_20210518100000_20210518103047.csv
2021-05-19T02:00:00Z,1.0,80.34,2021-05-19,MarketResult_SEM-DA_PWR-MRC-D+1_20210518100000_20210518103047.csv
2021-05-19T03:00:00Z,1.0,79.92,2021-05-19,MarketResult_SEM-DA_PWR-MRC-D+1_20210518100000_20210518103047.csv
2021-05-19T04:00:00Z,1.0,82.31,2021-05-19,MarketResult_SEM-DA_PWR-MRC-D+1_20210518100000_20210518103047.csv
2021-05-19T05:00:00Z,1.0,93.72,2021-05-19,MarketResult_SEM-DA_PWR-MRC-D+1_20210518100000_20210518103047.csv
2021-05-19T06:00:00Z,1.0,130.0,2021-05-19,MarketResult_SEM-DA_PWR-MRC-D+1_20210518100000_20210518103047.csv
2021-05-19T07:00:00Z,1.0,170.9,2021-05-19,MarketResult_SEM-DA_PWR-MRC-D+1_20210518100000_20210518103047.csv
2021-05-19T08:00:00Z,1.0,158.0,2021-05-19,MarketResult_SEM-DA_PWR-MRC-D+1_20210518100000_20210518103047.csv
2021-05-19T09:00:00Z,1.0,148.0,2021-05-19,MarketResult_SEM-DA_PWR-MRC-D+1_20210518100000_20210518103047.csv
2021-05-19T10:00:00Z,1.0,131.0,2021-05-19,MarketResult_SEM-DA_PWR-MRC-D+1_20210518100000_20210518103047.csv
2021-05-19T11:00:00Z,1.0,120.0,2021-05-19,MarketResult_SEM-DA_PWR-MRC-D+1_20210518100000_20210518103047.csv
2021-05-19T12:00:00Z,1.0,103.01,2021-05-19,MarketResult_SEM-DA_PWR-MRC-D+1_20210518100000_20210518103047.csv
2021-05-19T13:00:00Z,1.0,90.33,2021-05-19,MarketResult_SEM-DA_PWR-MRC-D+1_20210518100000_20210518103047.csv
2021-05-19T14:00:00Z,1.0,88.0,2021-05-19,MarketResult_SEM-DA_PWR-MRC-D+1_20210518100000_20210518103047.csv
2021-05-19T15:00:00Z,1.0,98.0,2021-05-19,MarketResult_SEM-DA_PWR-MRC-D+1_20210518100000_20210518103047.csv
2021-05-19T16:00:00Z,1.0,130.53,2021-05-19,MarketResult_SEM-DA_PWR-MRC-D+1_20210518100000_20210518103047.csv
2021-05-19T17:00:00Z,1.0,144.0,2021-05-19,MarketResult_SEM-DA_PWR-MRC-D+1_20210518100000_20210518103047.csv
2021-05-19T18:00:00Z,1.0,137.0,2021-05-19,MarketResult_SEM-DA_PWR-MRC-D+1_20210518100000_20210518103047.csv
2021-05-19T19:00:00Z,1.0,140.0,2021-05-19,MarketResult_SEM-DA_PWR-MRC-D+1_20210518100000_20210518103047.csv
2021-05-19T20:00:00Z,1.0,127.0,2021-05-19,MarketResult_SEM-DA_PWR-MRC-D+1_20210518100000_20210518103047.csv
2021-05-19T21:00:00Z,1.0,98.49,2021-05-19,MarketResult_SEM-DA_PWR-MRC-D+1_20210518100000_20210518103047.csv
2021-05-19T22:00:00Z,1.0,110.0,2021-05-20,MarketResult_SEM-DA_PWR-MRC-D+1_20210519100000_20210519103002.csv
2021-05-19T23:00:00Z,1.0,86.76,2021-05-20,MarketResult_SEM-DA_PWR-MRC-D+1_20210519100000_20210519103002.csv
2021-05-20T00:00:00Z,1.0,75.75,2021-05-20,MarketResult_SEM-DA_PWR-MRC-D+1_20210519100000_20210519103002.csv
2021-05-20T01:00:00Z,1.0,63.82,2021-05-20,MarketResult_SEM-DA_PWR-MRC-D+1_20210519100000_20210519103002.csv
2021-05-20T02:00:00Z,1.0,54.32,2021-05-20,MarketResult_SEM-DA_PWR-MRC-D+1_20210519100000_20210519103002.csv
2021-05-20T03:00:00Z,1.0,41.0,2021-05-20,MarketResult_SEM-DA_PWR-MRC-D+1_20210519100000_20210519103002.csv
2021-05-20T04:00:00Z,1.0,33.0,2021-05-20,MarketResult_SEM-DA_PWR-MRC-D+1_20210519100000_20210519103002.csv
2021-05-20T05:00:00Z,1.0,26.0,2021-05-20,MarketResult_SEM-DA_PWR-MRC-D+1_20210519100000_20210519103002.csv
2021-05-20T06:00:00Z,1.0,51.92,2021-05-20,MarketResult_SEM-DA_PWR-MRC-D+1_20210519100000_20210519103002.csv
2021-05-20T07:00:00Z,1.0,66.17,2021-05-20,MarketResult_SEM-DA_PWR-MRC-D+1_20210519100000_20210519103002.csv
2021-05-20T08:00:00Z,1.0,66.17,2021-05-20,MarketResult_SEM-DA_PWR-MRC-D+1_20210519100000_20210519103002.csv
2021-05-20T09:00:00Z,1.0,70.92,2021-05-20,MarketResult_SEM-DA_PWR-MRC-D+1_20210519100000_20210519103002.csv
2021-05-20T10:00:00Z,1.0,70.92,2021-05-20,MarketResult_SEM-DA_PWR-MRC-D+1_20210519100000_20210519103002.csv
2021-05-20T11:00:00Z,1.0,66.17,2021-05-20,MarketResult_SEM-DA_PWR-MRC-D+1_20210519100000_20210519103002.csv
2021-05-20T12:00:00Z,1.0,66.17,2021-05-20,MarketResult_SEM-DA_PWR-MRC-D+1_20210519100000_20210519103002.csv
2021-05-20T13:00:00Z,1.0,60.66,2021-05-20,MarketResult_SEM-DA_PWR-MRC-D+1_20210519100000_20210519103002.csv
2021-05-20T14:00:00Z,1.0,62.64,2021-05-20,MarketResult_SEM-DA_PWR-MRC-D+1_20210519100000_20210519103002.csv
2021-05-20T15:00:00Z,1.0,68.61,2021-05-20,MarketResult_SEM-DA_PWR-MRC-D+1_20210519100000_20210519103002.csv
2021-05-20T16:00:00Z,1.0,87.25,2021-05-20,MarketResult_SEM-DA_PWR-MRC-D+1_20210519100000_20210519103002.csv
2021-05-20T17:00:00Z,1.0,97.82,2021-05-20,MarketResult_SEM-DA_PWR-MRC-D+1_20210519100000_20210519103002.csv
2021-05-20T18:00:00Z,1.0,90.4,2021-05-20,MarketResult_SEM-DA_PWR-MRC-D+1_20210519100000_20210519103002.csv
2021-05-20T19:00:00Z,1.0,83.7,2021-05-20,MarketResult_SEM-DA_PWR-MRC-D+1_20210519100000_20210519103002.csv
2021-05-20T20:00:00Z,1.0,79.31,2021-05-20,MarketResult_SEM-DA_PWR-MRC-D+1_20210519100000_20210519103002.csv
2021-05-20T21:00:00Z,1.0,67.2,2021-05-20,MarketResult_SEM-DA_PWR-MRC-D+1_20210519100000_20210519103002.csv
2021-05-20T22:00:00Z,1.0,38.4,2021-05-21,MarketResult_SEM-DA_PWR-MRC-D+1_20210520100000_20210520103329.csv
2021-05-20T23:00:00Z,1.0,10.17,2021-05-21,MarketResult_SEM-DA_PWR-MRC-D+1_20210520100000_20210520103329.csv
2021-05-21T00:00:00Z,1.0,5.0,2021-05-21,MarketResult_SEM-DA_PWR-MRC-D+1_20210520100000_20210520103329.csv
2021-05-21T01:00:00Z,1.0,4.75,2021-05-21,MarketResult_SEM-DA_PWR-MRC-D+1_20210520100000_20210520103329.csv
2021-05-21T02:00:00Z,1.0,5.36,2021-05-21,MarketResult_SEM-DA_PWR-MRC-D+1_20210520100000_20210520103329.csv
2021-05-21T03:00:00Z,1.0,12.79,2021-05-21,MarketResult_SEM-DA_PWR-MRC-D+1_20210520100000_20210520103329.csv
2021-05-21T04:00:00Z,1.0,23.11,2021-05-21,MarketResult_SEM-DA_PWR-MRC-D+1_20210520100000_20210520103329.csv
2021-05-21T05:00:00Z,1.0,58.3,2021-05-21,MarketResult_SEM-DA_PWR-MRC-D+1_20210520100000_20210520103329.csv
2021-05-21T06:00:00Z,1.0,84.36,2021-05-21,MarketResult_SEM-DA_PWR-MRC-D+1_20210520100000_20210520103329.csv
2021-05-21T07:00:00Z,1.0,86.43,2021-05-21,MarketResult_SEM-DA_PWR-MRC-D+1_20210520100000_20210520103329.csv
2021-05-21T08:00:00Z,1.0,88.58,2021-05-21,MarketResult_SEM-DA_PWR-MRC-D+1_20210520100000_20210520103329.csv
2021-05-21T09:00:00Z,1.0,85.89,2021-05-21,MarketResult_SEM-DA_PWR-MRC-D+1_20210520100000_20210520103329.csv
2021-05-21T10:00:00Z,1.0,82.0,2021-05-21,MarketResult_SEM-DA_PWR-MRC-D+1_20210520100000_20210520103329.csv
2021-05-21T11:00:00Z,1.0,80.5,2021-05-21,MarketResult_SEM-DA_PWR-MRC-D+1_20210520100000_20210520103329.csv
2021-05-21T12:00:00Z,1.0,68.19,2021-05-21,MarketResult_SEM-DA_PWR-MRC-D+1_20210520100000_20210520103329.csv
2021-05-21T13:00:00Z,1.0,63.0,2021-05-21,MarketResult_SEM-DA_PWR-MRC-D+1_20210520100000_20210520103329.csv
2021-05-21T14:00:00Z,1.0,63.64,2021-05-21,MarketResult_SEM-DA_PWR-MRC-D+1_20210520100000_20210520103329.csv
2021-05-21T15:00:00Z,1.0,72.88,2021-05-21,MarketResult_SEM-DA_PWR-MRC-D+1_20210520100000_20210520103329.csv
2021-05-21T16:00:00Z,1.0,85.0,2021-05-21,MarketResult_SEM-DA_PWR-MRC-D+1_20210520100000_20210520103329.csv
2021-05-21T17:00:00Z,1.0,91.23,2021-05-21,MarketResult_SEM-DA_PWR-MRC-D+1_20210520100000_20210520103329.csv
2021-05-21T18:00:00Z,1.0,86.12,2021-05-21,MarketResult_SEM-DA_PWR-MRC-D+1_20210520100000_20210520103329.csv
2021-05-21T19:00:00Z,1.0,81.42,2021-05-21,MarketResult_SEM-DA_PWR-MRC-D+1_20210520100000_20210520103329.csv
2021-05-21T20:00:00Z,1.0,80.69,2021-05-21,MarketResult_SEM-DA_PWR-MRC-D+1_20210520100000_20210520103329.csv
2021-05-21T21:00:00Z,1.0,67.09,2021-05-21,MarketResult_SEM-DA_PWR-MRC-D+1_20210520100000_20210520103329.csv
2021-05-21T22:00:00Z,1.0,69.86,2021-05-22,MarketResult_SEM-DA_PWR-MRC-D+1_20210521100000_20210521103607.csv
2021-05-21T23:00:00Z,1.0,55.85,2021-05-22,MarketResult_SEM-DA_PWR-MRC-D+1_20210521100000_20210521103607.csv
2021-05-22T00:00:00Z,1.0,55.0,2021-05-22,MarketResult_SEM-DA_PWR-MRC-D+1_20210521100000_20210521103607.csv
2021-05-22T01:00:00Z,1.0,55.0,2021-05-22,MarketResult_SEM-DA_PWR-MRC-D+1_20210521100000_20210521103607.csv
2021-05-22T02:00:00Z,1.0,62.3,2021-05-22,MarketResult_SEM-DA_PWR-MRC-D+1_20210521100000_20210521103607.csv
2021-05-22T03:00:00Z,1.0,62.3,2021-05-22,MarketResult_SEM-DA_PWR-MRC-D+1_20210521100000_20210521103607.csv
2021-05-22T04:00:00Z,1.0,55.32,2021-05-22,MarketResult_SEM-DA_PWR-MRC-D+1_20210521100000_20210521103607.csv
2021-05-22T05:00:00Z,1.0,73.16,2021-05-22,MarketResult_SEM-DA_PWR-MRC-D+1_20210521100000_20210521103607.csv
2021-05-22T06:00:00Z,1.0,85.35,2021-05-22,MarketResult_SEM-DA_PWR-MRC-D+1_20210521100000_20210521103607.csv
2021-05-22T07:00:00Z,1.0,96.92,2021-05-22,MarketResult_SEM-DA_PWR-MRC-D+1_20210521100000_20210521103607.csv
2021-05-22T08:00:00Z,1.0,103.38,2021-05-22,MarketResult_SEM-DA_PWR-MRC-D+1_20210521100000_20210521103607.csv
2021-05-22T09:00:00Z,1.0,111.0,2021-05-22,MarketResult_SEM-DA_PWR-MRC-D+1_20210521100000_20210521103607.csv
2021-05-22T10:00:00Z,1.0,112.0,2021-05-22,MarketResult_SEM-DA_PWR-MRC-D+1_20210521100000_20210521103607.csv
2021-05-22T11:00:00Z,1.0,111.27,2021-05-22,MarketResult_SEM-DA_PWR-MRC-D+1_20210521100000_20210521103607.csv
2021-05-22T12:00:00Z,1.0,97.0,2021-05-22,MarketResult_SEM-DA_PWR-MRC-D+1_20210521100000_20210521103607.csv
2021-05-22T13:00:00Z,1.0,83.0,2021-05-22,MarketResult_SEM-DA_PWR-MRC-D+1_20210521100000_20210521103607.csv
2021-05-22T14:00:00Z,1.0,79.0,2021-05-22,MarketResult_SEM-DA_PWR-MRC-D+1_20210521100000_20210521103607.csv
2021-05-22T15:00:00Z,1.0,91.39,2021-05-22,MarketResult_SEM-DA_PWR-MRC-D+1_20210521100000_20210521103607.csv
2021-05-22T16:00:00Z,1.0,92.0,2021-05-22,MarketResult_SEM-DA_PWR-MRC-D+1_20210521100000_20210521103607.csv
2021-05-22T17:00:00Z,1.0,113.39,2021-05-22,MarketResult_SEM-DA_PWR-MRC-D+1_20210521100000_20210521103607.csv
2021-05-22T18:00:00Z,1.0,114.16,2021-05-22,MarketResult_SEM-DA_PWR-MRC-D+1_20210521100000_20210521103607.csv
2021-05-22T19:00:00Z,1.0,113.3,2021-05-22,MarketResult_SEM-DA_PWR-MRC-D+1_20210521100000_20210521103607.csv
2021-05-22T20:00:00Z,1.0,116.52,2021-05-22,MarketResult_SEM-DA_PWR-MRC-D+1_20210521100000_20210521103607.csv
2021-05-22T21:00:00Z,1.0,111.57,2021-05-22,MarketResult_SEM-DA_PWR-MRC-D+1_20210521100000_20210521103607.csv
2021-05-22T22:00:00Z,1.0,98.26,2021-05-23,MarketResult_SEM-DA_PWR-MRC-D+1_20210522100000_20210522103213.csv
2021-05-22T23:00:00Z,1.0,87.84,2021-05-23,MarketResult_SEM-DA_PWR-MRC-D+1_20210522100000_20210522103213.csv
2021-05-23T00:00:00Z,1.0,86.26,2021-05-23,MarketResult_SEM-DA_PWR-MRC-D+1_20210522100000_20210522103213.csv
2021-05-23T01:00:00Z,1.0,78.12,2021-05-23,MarketResult_SEM-DA_PWR-MRC-D+1_20210522100000_20210522103213.csv
2021-05-23T02:00:00Z,1.0,70.4,2021-05-23,MarketResult_SEM-DA_PWR-MRC-D+1_20210522100000_20210522103213.csv
2021-05-23T03:00:00Z,1.0,54.14,2021-05-23,MarketResult_SEM-DA_PWR-MRC-D+1_20210522100000_20210522103213.csv
2021-05-23T04:00:00Z,1.0,44.0,2021-05-23,MarketResult_SEM-DA_PWR-MRC-D+1_20210522100000_20210522103213.csv
2021-05-23T05:00:00Z,1.0,44.91,2021-05-23,MarketResult_SEM-DA_PWR-MRC-D+1_20210522100000_20210522103213.csv
2021-05-23T06:00:00Z,1.0,73.0,2021-05-23,MarketResult_SEM-DA_PWR-MRC-D+1_20210522100000_20210522103213.csv
2021-05-23T07:00:00Z,1.0,85.64,2021-05-23,MarketResult_SEM-DA_PWR-MRC-D+1_20210522100000_20210522103213.csv
2021-05-23T08:00:00Z,1.0,95.0,2021-05-23,MarketResult_SEM-DA_PWR-MRC-D+1_20210522100000_20210522103213.csv
2021-05-23T09:00:00Z,1.0,104.0,2021-05-23,MarketResult_SEM-DA_PWR-MRC-D+1_20210522100000_20210522103213.csv
2021-05-23T10:00:00Z,1.0,99.62,2021-05-23,MarketResult_SEM-DA_PWR-MRC-D+1_20210522100000_20210522103213.csv
2021-05-23T11:00:00Z,1.0,112.0,2021-05-23,MarketResult_SEM-DA_PWR-MRC-D+1_20210522100000_20210522103213.csv
2021-05-23T12:00:00Z,1.0,110.0,2021-05-23,MarketResult_SEM-DA_PWR-MRC-D+1_20210522100000_20210522103213.csv
2021-05-23T13:00:00Z,1.0,84.0,2021-05-23,MarketResult_SEM-DA_PWR-MRC-D+1_20210522100000_20210522103213.csv
2021-05-23T14:00:00Z,1.0,71.0,2021-05-23,MarketResult_SEM-DA_PWR-MRC-D+1_20210522100000_20210522103213.csv
2021-05-23T15:00:00Z,1.0,90.0,2021-05-23,MarketResult_SEM-DA_PWR-MRC-D+1_20210522100000_20210522103213.csv
2021-05-23T16:00:00Z,1.0,97.0,2021-05-23,MarketResult_SEM-DA_PWR-MRC-D+1_20210522100000_20210522103213.csv
2021-05-23T17:00:00Z,1.0,116.0,2021-05-23,MarketResult_SEM-DA_PWR-MRC-D+1_20210522100000_20210522103213.csv
2021-05-23T18:00:00Z,1.0,113.0,2021-05-23,MarketResult_SEM-DA_PWR-MRC-D+1_20210522100000_20210522103213.csv
2021-05-23T19:00:00Z,1.0,105.16,2021-05-23,MarketResult_SEM-DA_PWR-MRC-D+1_20210522100000_20210522103213.csv
2021-05-23T20:00:00Z,1.0,136.58,2021-05-23,MarketResult_SEM-DA_PWR-MRC-D+1_20210522100000_20210522103213.csv
2021-05-23T21:00:00Z,1.0,124.94,2021-05-23,MarketResult_SEM-DA_PWR-MRC-D+1_20210522100000_20210522103213.csv
2021-05-23T22:00:00Z,1.0,90.21,2021-05-24,MarketResult_SEM-DA_PWR-MRC-D+1_20210523100000_20210523103708.csv
2021-05-23T23:00:00Z,1.0,88.79,2021-05-24,MarketResult_SEM-DA_PWR-MRC-D+1_20210523100000_20210523103708.csv
2021-05-24T00:00:00Z,1.0,80.72,2021-05-24,MarketResult_SEM-DA_PWR-MRC-D+1_20210523100000_20210523103708.csv
2021-05-24T01:00:00Z,1.0,79.84,2021-05-24,MarketResult_SEM-DA_PWR-MRC-D+1_20210523100000_20210523103708.csv
2021-05-24T02:00:00Z,1.0,78.84,2021-05-24,MarketResult_SEM-DA_PWR-MRC-D+1_20210523100000_20210523103708.csv
2021-05-24T03:00:00Z,1.0,81.63,2021-05-24,MarketResult_SEM-DA_PWR-MRC-D+1_20210523100000_20210523103708.csv
2021-05-24T04:00:00Z,1.0,85.89,2021-05-24,MarketResult_SEM-DA_PWR-MRC-D+1_20210523100000_20210523103708.csv
2021-05-24T05:00:00Z,1.0,90.8,2021-05-24,MarketResult_SEM-DA_PWR-MRC-D+1_20210523100000_20210523103708.csv
2021-05-24T06:00:00Z,1.0,99.09,2021-05-24,MarketResult_SEM-DA_PWR-MRC-D+1_20210523100000_20210523103708.csv
2021-05-24T07:00:00Z,1.0,110.0,2021-05-24,MarketResult_SEM-DA_PWR-MRC-D+1_20210523100000_20210523103708.csv
2021-05-24T08:00:00Z,1.0,110.13,2021-05-24,MarketResult_SEM-DA_PWR-MRC-D+1_20210523100000_20210523103708.csv
2021-05-24T09:00:00Z,1.0,96.76,2021-05-24,MarketResult_SEM-DA_PWR-MRC-D+1_20210523100000_20210523103708.csv
2021-05-24T10:00:00Z,1.0,90.98,2021-05-24,MarketResult_SEM-DA_PWR-MRC-D+1_20210523100000_20210523103708.csv
2021-05-24T11:00:00Z,1.0,89.77,2021-05-24,MarketResult_SEM-DA_PWR-MRC-D+1_20210523100000_20210523103708.csv
2021-05-24T12:00:00Z,1.0,76.62,2021-05-24,MarketResult_SEM-DA_PWR-MRC-D+1_20210523100000_20210523103708.csv
2021-05-24T13:00:00Z,1.0,69.24,2021-05-24,MarketResult_SEM-DA_PWR-MRC-D+1_20210523100000_20210523103708.csv
2021-05-24T14:00:00Z,1.0,67.89,2021-05-24,MarketResult_SEM-DA_PWR-MRC-D+1_20210523100000_20210523103708.csv
2021-05-24T15:00:00Z,1.0,79.99,2021-05-24,MarketResult_SEM-DA_PWR-MRC-D+1_20210523100000_20210523103708.csv
2021-05-24T16:00:00Z,1.0,90.0,2021-05-24,MarketResult_SEM-DA_PWR-MRC-D+1_20210523100000_20210523103708.csv
2021-05-24T17:00:00Z,1.0,90.0,2021-05-24,MarketResult_SEM-DA_PWR-MRC-D+1_20210523100000_20210523103708.csv
2021-05-24T18:00:00Z,1.0,78.67,2021-05-24,MarketResult_SEM-DA_PWR-MRC-D+1_20210523100000_20210523103708.csv
2021-05-24T19:00:00Z,1.0,71.6,2021-05-24,MarketResult_SEM-DA_PWR-MRC-D+1_20210523100000_20210523103708.csv
2021-05-24T20:00:00Z,1.0,71.6,2021-05-24,MarketResult_SEM-DA_PWR-MRC-D+1_20210523100000_20210523103708.csv
2021-05-24T21:00:00Z,1.0,65.0,2021-05-24,MarketResult_SEM-DA_PWR-MRC-D+1_20210523100000_20210523103708.csv
2021-05-24T22:00:00Z,1.0,82.7,2021-05-25,MarketResult_SEM-DA_PWR-MRC-D+1_20210524100000_20210524103230.csv
2021-05-24T23:00:00Z,1.0,74.98,2021-05-25,MarketResult_SEM-DA_PWR-MRC-D+1_20210524100000_20210524103230.csv
2021-05-25T00:00:00Z,1.0,67.12,2021-05-25,MarketResult_SEM-DA_PWR-MRC-D+1_20210524100000_20210524103230.csv
2021-05-25T01:00:00Z,1.0,60.1,2021-05-25,MarketResult_SEM-DA_PWR-MRC-D+1_20210524100000_20210524103230.csv
2021-05-25T02:00:00Z,1.0,56.75,2021-05-25,MarketResult_SEM-DA_PWR-MRC-D+1_20210524100000_20210524103230.csv
2021-05-25T03:00:00Z,1.0,57.86,2021-05-25,MarketResult_SEM-DA_PWR-MRC-D+1_20210524100000_20210524103230.csv
2021-05-25T04:00:00Z,1.0,69.33,2021-05-25,MarketResult_SEM-DA_PWR-MRC-D+1_20210524100000_20210524103230.csv
2021-05-25T05:00:00Z,1.0,77.0,2021-05-25,MarketResult_SEM-DA_PWR-MRC-D+1_20210524100000_20210524103230.csv
2021-05-25T06:00:00Z,1.0,88.35,2021-05-25,MarketResult_SEM-DA_PWR-MRC-D+1_20210524100000_20210524103230.csv
2021-05-25T07:00:00Z,1.0,95.0,2021-05-25,MarketResult_SEM-DA_PWR-MRC-D+1_20210524100000_20210524103230.csv
2021-05-25T08:00:00Z,1.0,96.1,2021-05-25,MarketResult_SEM-DA_PWR-MRC-D+1_20210524100000_20210524103230.csv
2021-05-25T09:00:00Z,1.0,95.0,2021-05-25,MarketResult_SEM-DA_PWR-MRC-D+1_20210524100000_20210524103230.csv
2021-05-25T10:00:00Z,1.0,94.92,2021-05-25,MarketResult_SEM-DA_PWR-MRC-D+1_20210524100000_20210524103230.csv
2021-05-25T11:00:00Z,1.0,99.34,2021-05-25,MarketResult_SEM-DA_PWR-MRC-D+1_20210524100000_20210524103230.csv
2021-05-25T12:00:00Z,1.0,90.0,2021-05-25,MarketResult_SEM-DA_PWR-MRC-D+1_20210524100000_20210524103230.csv
2021-05-25T13:00:00Z,1.0,89.32,2021-05-25,MarketResult_SEM-DA_PWR-MRC-D+1_20210524100000_20210524103230.csv
2021-05-25T14:00:00Z,1.0,82.0,2021-05-25,MarketResult_SEM-DA_PWR-MRC-D+1_20210524100000_20210524103230.csv
2021-05-25T15:00:00Z,1.0,89.32,2021-05-25,MarketResult_SEM-DA_PWR-MRC-D+1_20210524100000_20210524103230.csv
2021-05-25T16:00:00Z,1.0,99.72,2021-05-25,MarketResult_SEM-DA_PWR-MRC-D+1_20210524100000_20210524103230.csv
2021-05-25T17:00:00Z,1.0,116.02,2021-05-25,MarketResult_SEM-DA_PWR-MRC-D+1_20210524100000_20210524103230.csv
2021-05-25T18:00:00Z,1.0,112.46,2021-05-25,MarketResult_SEM-DA_PWR-MRC-D+1_20210524100000_20210524103230.csv
2021-05-25T19:00:00Z,1.0,103.0,2021-05-25,MarketResult_SEM-DA_PWR-MRC-D+1_20210524100000_20210524103230.csv
2021-05-25T20:00:00Z,1.0,109.35,2021-05-25,MarketResult_SEM-DA_PWR-MRC-D+1_20210524100000_20210524103230.csv
2021-05-25T21:00:00Z,1.0,89.14,2021-05-25,MarketResult_SEM-DA_PWR-MRC-D+1_20210524100000_20210524103230.csv
2021-05-25T22:00:00Z,1.0,90.99,2021-05-26,MarketResult_SEM-DA_PWR-MRC-D+1_20210525100000_20210525103539.csv
2021-05-25T23:00:00Z,1.0,85.0,2021-05-26,MarketResult_SEM-DA_PWR-MRC-D+1_20210525100000_20210525103539.csv
2021-05-26T00:00:00Z,1.0,83.9,2021-05-26,MarketResult_SEM-DA_PWR-MRC-D+1_20210525100000_20210525103539.csv
2021-05-26T01:00:00Z,1.0,82.2,2021-05-26,MarketResult_SEM-DA_PWR-MRC-D+1_20210525100000_20210525103539.csv
2021-05-26T02:00:00Z,1.0,80.22,2021-05-26,MarketResult_SEM-DA_PWR-MRC-D+1_20210525100000_20210525103539.csv
2021-05-26T03:00:00Z,1.0,77.28,2021-05-26,MarketResult_SEM-DA_PWR-MRC-D+1_20210525100000_20210525103539.csv
2021-05-26T04:00:00Z,1.0,78.06,2021-05-26,MarketResult_SEM-DA_PWR-MRC-D+1_20210525100000_20210525103539.csv
2021-05-26T05:00:00Z,1.0,89.37,2021-05-26,MarketResult_SEM-DA_PWR-MRC-D+1_20210525100000_20210525103539.csv
2021-05-26T06:00:00Z,1.0,119.0,2021-05-26,MarketResult_SEM-DA_PWR-MRC-D+1_20210525100000_20210525103539.csv
2021-05-26T07:00:00Z,1.0,177.8,2021-05-26,MarketResult_SEM-DA_PWR-MRC-D+1_20210525100000_20210525103539.csv
2021-05-26T08:00:00Z,1.0,174.31,2021-05-26,MarketResult_SEM-DA_PWR-MRC-D+1_20210525100000_20210525103539.csv
2021-05-26T09:00:00Z,1.0,161.0,2021-05-26,MarketResult_SEM-DA_PWR-MRC-D+1_20210525100000_20210525103539.csv
2021-05-26T10:00:00Z,1.0,152.61,2021-05-26,MarketResult_SEM-DA_PWR-MRC-D+1_20210525100000_20210525103539.csv
2021-05-26T11:00:00Z,1.0,159.24,2021-05-26,MarketResult_SEM-DA_PWR-MRC-D+1_20210525100000_20210525103539.csv
2021-05-26T12:00:00Z,1.0,154.0,2021-05-26,MarketResult_SEM-DA_PWR-MRC-D+1_20210525100000_20210525103539.csv
2021-05-26T13:00:00Z,1.0,128.2,2021-05-26,MarketResult_SEM-DA_PWR-MRC-D+1_20210525100000_20210525103539.csv
2021-05-26T14:00:00Z,1.0,123.0,2021-05-26,MarketResult_SEM-DA_PWR-MRC-D+1_20210525100000_20210525103539.csv
2021-05-26T15:00:00Z,1.0,149.37,2021-05-26,MarketResult_SEM-DA_PWR-MRC-D+1_20210525100000_20210525103539.csv
2021-05-26T16:00:00Z,1.0,151.0,2021-05-26,MarketResult_SEM-DA_PWR-MRC-D+1_20210525100000_20210525103539.csv
2021-05-26T17:00:00Z,1.0,148.38,2021-05-26,MarketResult_SEM-DA_PWR-MRC-D+1_20210525100000_20210525103539.csv
2021-05-26T18:00:00Z,1.0,128.0,2021-05-26,MarketResult_SEM-DA_PWR-MRC-D+1_20210525100000_20210525103539.csv
2021-05-26T19:00:00Z,1.0,116.38,2021-05-26,MarketResult_SEM-DA_PWR-MRC-D+1_20210525100000_20210525103539.csv
2021-05-26T20:00:00Z,1.0,111.93,2021-05-26,MarketResult_SEM-DA_PWR-MRC-D+1_20210525100000_20210525103539.csv
2021-05-26T21:00:00Z,1.0,93.14,2021-05-26,MarketResult_SEM-DA_PWR-MRC-D+1_20210525100000_20210525103539.csv
2021-05-26T22:00:00Z,1.0,91.0,2021-05-27,MarketResult_SEM-DA_PWR-MRC-D+1_20210526100000_20210526103251.csv
2021-05-26T23:00:00Z,1.0,84.41,2021-05-27,MarketResult_SEM-DA_PWR-MRC-D+1_20210526100000_20210526103251.csv
2021-05-27T00:00:00Z,1.0,81.0,2021-05-27,MarketResult_SEM-DA_PWR-MRC-D+1_20210526100000_20210526103251.csv
2021-05-27T01:00:00Z,1.0,79.0,2021-05-27,MarketResult_SEM-DA_PWR-MRC-D+1_20210526100000_20210526103251.csv
2021-05-27T02:00:00Z,1.0,76.03,2021-05-27,MarketResult_SEM-DA_PWR-MRC-D+1_20210526100000_20210526103251.csv
2021-05-27T03:00:00Z,1.0,76.0,2021-05-27,MarketResult_SEM-DA_PWR-MRC-D+1_20210526100000_20210526103251.csv
2021-05-27T04:00:00Z,1.0,75.0,2021-05-27,MarketResult_SEM-DA_PWR-MRC-D+1_20210526100000_20210526103251.csv
2021-05-27T05:00:00Z,1.0,78.8,2021-05-27,MarketResult_SEM-DA_PWR-MRC-D+1_20210526100000_20210526103251.csv
2021-05-27T06:00:00Z,1.0,91.05,2021-05-27,MarketResult_SEM-DA_PWR-MRC-D+1_20210526100000_20210526103251.csv
2021-05-27T07:00:00Z,1.0,110.7,2021-05-27,MarketResult_SEM-DA_PWR-MRC-D+1_20210526100000_20210526103251.csv
2021-05-27T08:00:00Z,1.0,103.14,2021-05-27,MarketResult_SEM-DA_PWR-MRC-D+1_20210526100000_20210526103251.csv
2021-05-27T09:00:00Z,1.0,89.57,2021-05-27,MarketResult_SEM-DA_PWR-MRC-D+1_20210526100000_20210526103251.csv
2021-05-27T10:00:00Z,1.0,82.0,2021-05-27,MarketResult_SEM-DA_PWR-MRC-D+1_20210526100000_20210526103251.csv
2021-05-27T11:00:00Z,1.0,82.25,2021-05-27,MarketResult_SEM-DA_PWR-MRC-D+1_20210526100000_20210526103251.csv
2021-05-27T12:00:00Z,1.0,78.91,2021-05-27,MarketResult_SEM-DA_PWR-MRC-D+1_20210526100000_20210526103251.csv
2021-05-27T13:00:00Z,1.0,78.91,2021-05-27,MarketResult_SEM-DA_PWR-MRC-D+1_20210526100000_20210526103251.csv
2021-05-27T14:00:00Z,1.0,80.0,2021-05-27,MarketResult_SEM-DA_PWR-MRC-D+1_20210526100000_20210526103251.csv
2021-05-27T15:00:00Z,1.0,89.57,2021-05-27,MarketResult_SEM-DA_PWR-MRC-D+1_20210526100000_20210526103251.csv
2021-05-27T16:00:00Z,1.0,115.0,2021-05-27,MarketResult_SEM-DA_PWR-MRC-D+1_20210526100000_20210526103251.csv
2021-05-27T17:00:00Z,1.0,129.0,2021-05-27,MarketResult_SEM-DA_PWR-MRC-D+1_20210526100000_20210526103251.csv
2021-05-27T18:00:00Z,1.0,122.85,2021-05-27,MarketResult_SEM-DA_PWR-MRC-D+1_20210526100000_20210526103251.csv
2021-05-27T19:00:00Z,1.0,113.33,2021-05-27,MarketResult_SEM-DA_PWR-MRC-D+1_20210526100000_20210526103251.csv
2021-05-27T20:00:00Z,1.0,107.6,2021-05-27,MarketResult_SEM-DA_PWR-MRC-D+1_20210526100000_20210526103251.csv
2021-05-27T21:00:00Z,1.0,90.0,2021-05-27,MarketResult_SEM-DA_PWR-MRC-D+1_20210526100000_20210526103251.csv
2021-05-27T22:00:00Z,1.0,86.39,2021-05-28,MarketResult_SEM-DA_PWR-MRC-D+1_20210527100000_20210527103245.csv
2021-05-27T23:00:00Z,1.0,81.7,2021-05-28,MarketResult_SEM-DA_PWR-MRC-D+1_20210527100000_20210527103245.csv
2021-05-28T00:00:00Z,1.0,78.79,2021-05-28,MarketResult_SEM-DA_PWR-MRC-D+1_20210527100000_20210527103245.csv
2021-05-28T01:00:00Z,1.0,79.2,2021-05-28,MarketResult_SEM-DA_PWR-MRC-D+1_20210527100000_20210527103245.csv
2021-05-28T02:00:00Z,1.0,78.88,2021-05-28,MarketResult_SEM-DA_PWR-MRC-D+1_20210527100000_20210527103245.csv
2021-05-28T03:00:00Z,1.0,78.79,2021-05-28,MarketResult_SEM-DA_PWR-MRC-D+1_20210527100000_20210527103245.csv
2021-05-28T04:00:00Z,1.0,79.8,2021-05-28,MarketResult_SEM-DA_PWR-MRC-D+1_20210527100000_20210527103245.csv
2021-05-28T05:00:00Z,1.0,88.71,2021-05-28,MarketResult_SEM-DA_PWR-MRC-D+1_20210527100000_20210527103245.csv
2021-05-28T06:00:00Z,1.0,118.0,2021-05-28,MarketResult_SEM-DA_PWR-MRC-D+1_20210527100000_20210527103245.csv
2021-05-28T07:00:00Z,1.0,160.0,2021-05-28,MarketResult_SEM-DA_PWR-MRC-D+1_20210527100000_20210527103245.csv
2021-05-28T08:00:00Z,1.0,164.83,2021-05-28,MarketResult_SEM-DA_PWR-MRC-D+1_20210527100000_20210527103245.csv
2021-05-28T09:00:00Z,1.0,163.0,2021-05-28,MarketResult_SEM-DA_PWR-MRC-D+1_20210527100000_20210527103245.csv
2021-05-28T10:00:00Z,1.0,161.86,2021-05-28,MarketResult_SEM-DA_PWR-MRC-D+1_20210527100000_20210527103245.csv
2021-05-28T11:00:00Z,1.0,164.33,2021-05-28,MarketResult_SEM-DA_PWR-MRC-D+1_20210527100000_20210527103245.csv
2021-05-28T12:00:00Z,1.0,150.0,2021-05-28,MarketResult_SEM-DA_PWR-MRC-D+1_20210527100000_20210527103245.csv
2021-05-28T13:00:00Z,1.0,130.75,2021-05-28,MarketResult_SEM-DA_PWR-MRC-D+1_20210527100000_20210527103245.csv
2021-05-28T14:00:00Z,1.0,121.5,2021-05-28,MarketResult_SEM-DA_PWR-MRC-D+1_20210527100000_20210527103245.csv
2021-05-28T15:00:00Z,1.0,133.19,2021-05-28,MarketResult_SEM-DA_PWR-MRC-D+1_20210527100000_20210527103245.csv
2021-05-28T16:00:00Z,1.0,144.0,2021-05-28,MarketResult_SEM-DA_PWR-MRC-D+1_20210527100000_20210527103245.csv
2021-05-28T17:00:00Z,1.0,140.58,2021-05-28,MarketResult_SEM-DA_PWR-MRC-D+1_20210527100000_20210527103245.csv
2021-05-28T18:00:00Z,1.0,127.19,2021-05-28,MarketResult_SEM-DA_PWR-MRC-D+1_20210527100000_20210527103245.csv
2021-05-28T19:00:00Z,1.0,120.0,2021-05-28,MarketResult_SEM-DA_PWR-MRC-D+1_20210527100000_20210527103245.csv
2021-05-28T20:00:00Z,1.0,109.41,2021-05-28,MarketResult_SEM-DA_PWR-MRC-D+1_20210527100000_20210527103245.csv
2021-05-28T21:00:00Z,1.0,94.12,2021-05-28,MarketResult_SEM-DA_PWR-MRC-D+1_20210527100000_20210527103245.csv
2021-05-28T22:00:00Z,1.0,94.68,2021-05-29,MarketResult_SEM-DA_PWR-MRC-D+1_20210528100000_20210528103647.csv
2021-05-28T23:00:00Z,1.0,84.89,2021-05-29,MarketResult_SEM-DA_PWR-MRC-D+1_20210528100000_20210528103647.csv
2021-05-29T00:00:00Z,1.0,82.54,2021-05-29,MarketResult_SEM-DA_PWR-MRC-D+1_20210528100000_20210528103647.csv
2021-05-29T01:00:00Z,1.0,82.0,2021-05-29,MarketResult_SEM-DA_PWR-MRC-D+1_20210528100000_20210528103647.csv
2021-05-29T02:00:00Z,1.0,81.0,2021-05-29,MarketResult_SEM-DA_PWR-MRC-D+1_20210528100000_20210528103647.csv
2021-05-29T03:00:00Z,1.0,77.91,2021-05-29,MarketResult_SEM-DA_PWR-MRC-D+1_20210528100000_20210528103647.csv
2021-05-29T04:00:00Z,1.0,75.6,2021-05-29,MarketResult_SEM-DA_PWR-MRC-D+1_20210528100000_20210528103647.csv
2021-05-29T05:00:00Z,1.0,77.36,2021-05-29,MarketResult_SEM-DA_PWR-MRC-D+1_20210528100000_20210528103647.csv
2021-05-29T06:00:00Z,1.0,90.19,2021-05-29,MarketResult_SEM-DA_PWR-MRC-D+1_20210528100000_20210528103647.csv
2021-05-29T07:00:00Z,1.0,108.27,2021-05-29,MarketResult_SEM-DA_PWR-MRC-D+1_20210528100000_20210528103647.csv
2021-05-29T08:00:00Z,1.0,130.53,2021-05-29,MarketResult_SEM-DA_PWR-MRC-D+1_20210528100000_20210528103647.csv
2021-05-29T09:00:00Z,1.0,141.36,2021-05-29,MarketResult_SEM-DA_PWR-MRC-D+1_20210528100000_20210528103647.csv
2021-05-29T10:00:00Z,1.0,121.0,2021-05-29,MarketResult_SEM-DA_PWR-MRC-D+1_20210528100000_20210528103647.csv
2021-05-29T11:00:00Z,1.0,116.46,2021-05-29,MarketResult_SEM-DA_PWR-MRC-D+1_20210528100000_20210528103647.csv
2021-05-29T12:00:00Z,1.0,99.48,2021-05-29,MarketResult_SEM-DA_PWR-MRC-D+1_20210528100000_20210528103647.csv
2021-05-29T13:00:00Z,1.0,91.0,2021-05-29,MarketResult_SEM-DA_PWR-MRC-D+1_20210528100000_20210528103647.csv
2021-05-29T14:00:00Z,1.0,88.7,2021-05-29,MarketResult_SEM-DA_PWR-MRC-D+1_20210528100000_20210528103647.csv
2021-05-29T15:00:00Z,1.0,89.48,2021-05-29,MarketResult_SEM-DA_PWR-MRC-D+1_20210528100000_20210528103647.csv
2021-05-29T16:00:00Z,1.0,117.64,2021-05-29,MarketResult_SEM-DA_PWR-MRC-D+1_20210528100000_20210528103647.csv
2021-05-29T17:00:00Z,1.0,122.51,2021-05-29,MarketResult_SEM-DA_PWR-MRC-D+1_20210528100000_20210528103647.csv
2021-05-29T18:00:00Z,1.0,118.08,2021-05-29,MarketResult_SEM-DA_PWR-MRC-D+1_20210528100000_20210528103647.csv
2021-05-29T19:00:00Z,1.0,111.95,2021-05-29,MarketResult_SEM-DA_PWR-MRC-D+1_20210528100000_20210528103647.csv
2021-05-29T20:00:00Z,1.0,106.69,2021-05-29,MarketResult_SEM-DA_PWR-MRC-D+1_20210528100000_20210528103647.csv
2021-05-29T21:00:00Z,1.0,91.0,2021-05-29,MarketResult_SEM-DA_PWR-MRC-D+1_20210528100000_20210528103647.csv
2021-05-29T22:00:00Z,1.0,103.86,2021-05-30,MarketResult_SEM-DA_PWR-MRC-D+1_20210529100000_20210529103035.csv
2021-05-29T23:00:00Z,1.0,94.81,2021-05-30,MarketResult_SEM-DA_PWR-MRC-D+1_20210529100000_20210529103035.csv
2021-05-30T00:00:00Z,1.0,90.0,2021-05-30,MarketResult_SEM-DA_PWR-MRC-D+1_20210529100000_20210529103035.csv
2021-05-30T01:00:00Z,1.0,83.04,2021-05-30,MarketResult_SEM-DA_PWR-MRC-D+1_20210529100000_20210529103035.csv
2021-05-30T02:00:00Z,1.0,78.4,2021-05-30,MarketResult_SEM-DA_PWR-MRC-D+1_20210529100000_20210529103035.csv
2021-05-30T03:00:00Z,1.0,76.69,2021-05-30,MarketResult_SEM-DA_PWR-MRC-D+1_20210529100000_20210529103035.csv
2021-05-30T04:00:00Z,1.0,71.0,2021-05-30,MarketResult_SEM-DA_PWR-MRC-D+1_20210529100000_20210529103035.csv
2021-05-30T05:00:00Z,1.0,72.0,2021-05-30,MarketResult_SEM-DA_PWR-MRC-D+1_20210529100000_20210529103035.csv
2021-05-30T06:00:00Z,1.0,77.94,2021-05-30,MarketResult_SEM-DA_PWR-MRC-D+1_20210529100000_20210529103035.csv
2021-05-30T07:00:00Z,1.0,88.3,2021-05-30,MarketResult_SEM-DA_PWR-MRC-D+1_20210529100000_20210529103035.csv
2021-05-30T08:00:00Z,1.0,98.2,2021-05-30,MarketResult_SEM-DA_PWR-MRC-D+1_20210529100000_20210529103035.csv
2021-05-30T09:00:00Z,1.0,98.75,2021-05-30,MarketResult_SEM-DA_PWR-MRC-D+1_20210529100000_20210529103035.csv
2021-05-30T10:00:00Z,1.0,86.4,2021-05-30,MarketResult_SEM-DA_PWR-MRC-D+1_20210529100000_20210529103035.csv
2021-05-30T11:00:00Z,1.0,85.73,2021-05-30,MarketResult_SEM-DA_PWR-MRC-D+1_20210529100000_20210529103035.csv
2021-05-30T12:00:00Z,1.0,77.94,2021-05-30,MarketResult_SEM-DA_PWR-MRC-D+1_20210529100000_20210529103035.csv
2021-05-30T13:00:00Z,1.0,73.76,2021-05-30,MarketResult_SEM-DA_PWR-MRC-D+1_20210529100000_20210529103035.csv
2021-05-30T14:00:00Z,1.0,68.18,2021-05-30,MarketResult_SEM-DA_PWR-MRC-D+1_20210529100000_20210529103035.csv
2021-05-30T15:00:00Z,1.0,73.67,2021-05-30,MarketResult_SEM-DA_PWR-MRC-D+1_20210529100000_20210529103035.csv
2021-05-30T16:00:00Z,1.0,80.22,2021-05-30,MarketResult_SEM-DA_PWR-MRC-D+1_20210529100000_20210529103035.csv
2021-05-30T17:00:00Z,1.0,98.84,2021-05-30,MarketResult_SEM-DA_PWR-MRC-D+1_20210529100000_20210529103035.csv
2021-05-30T18:00:00Z,1.0,109.9,2021-05-30,MarketResult_SEM-DA_PWR-MRC-D+1_20210529100000_20210529103035.csv
2021-05-30T19:00:00Z,1.0,102.2,2021-05-30,MarketResult_SEM-DA_PWR-MRC-D+1_20210529100000_20210529103035.csv
2021-05-30T20:00:00Z,1.0,97.1,2021-05-30,MarketResult_SEM-DA_PWR-MRC-D+1_20210529100000_20210529103035.csv
2021-05-30T21:00:00Z,1.0,80.2,2021-05-30,MarketResult_SEM-DA_PWR-MRC-D+1_20210529100000_20210529103035.csv
2021-05-30T22:00:00Z,1.0,89.21,2021-05-31,MarketResult_SEM-DA_PWR-MRC-D+1_20210530100000_20210530103140.csv
2021-05-30T23:00:00Z,1.0,78.17,2021-05-31,MarketResult_SEM-DA_PWR-MRC-D+1_20210530100000_20210530103140.csv
2021-05-31T00:00:00Z,1.0,75.05,2021-05-31,MarketResult_SEM-DA_PWR-MRC-D+1_20210530100000_20210530103140.csv
2021-05-31T01:00:00Z,1.0,71.25,2021-05-31,MarketResult_SEM-DA_PWR-MRC-D+1_20210530100000_20210530103140.csv
2021-05-31T02:00:00Z,1.0,67.64,2021-05-31,MarketResult_SEM-DA_PWR-MRC-D+1_20210530100000_20210530103140.csv
2021-05-31T03:00:00Z,1.0,64.28,2021-05-31,MarketResult_SEM-DA_PWR-MRC-D+1_20210530100000_20210530103140.csv
2021-05-31T04:00:00Z,1.0,67.6,2021-05-31,MarketResult_SEM-DA_PWR-MRC-D+1_20210530100000_20210530103140.csv
2021-05-31T05:00:00Z,1.0,77.0,2021-05-31,MarketResult_SEM-DA_PWR-MRC-D+1_20210530100000_20210530103140.csv
2021-05-31T06:00:00Z,1.0,90.0,2021-05-31,MarketResult_SEM-DA_PWR-MRC-D+1_20210530100000_20210530103140.csv
2021-05-31T07:00:00Z,1.0,103.15,2021-05-31,MarketResult_SEM-DA_PWR-MRC-D+1_20210530100000_20210530103140.csv
2021-05-31T08:00:00Z,1.0,99.42,2021-05-31,MarketResult_SEM-DA_PWR-MRC-D+1_20210530100000_20210530103140.csv
2021-05-31T09:00:00Z,1.0,91.21,2021-05-31,MarketResult_SEM-DA_PWR-MRC-D+1_20210530100000_20210530103140.csv
2021-05-31T10:00:00Z,1.0,77.94,2021-05-31,MarketResult_SEM-DA_PWR-MRC-D+1_20210530100000_20210530103140.csv
2021-05-31T11:00:00Z,1.0,76.62,2021-05-31,MarketResult_SEM-DA_PWR-MRC-D+1_20210530100000_20210530103140.csv
2021-05-31T12:00:00Z,1.0,65.61,2021-05-31,MarketResult_SEM-DA_PWR-MRC-D+1_20210530100000_20210530103140.csv
2021-05-31T13:00:00Z,1.0,60.53,2021-05-31,MarketResult_SEM-DA_PWR-MRC-D+1_20210530100000_20210530103140.csv
2021-05-31T14:00:00Z,1.0,62.0,2021-05-31,MarketResult_SEM-DA_PWR-MRC-D+1_20210530100000_20210530103140.csv
2021-05-31T15:00:00Z,1.0,71.61,2021-05-31,MarketResult_SEM-DA_PWR-MRC-D+1_20210530100000_20210530103140.csv
2021-05-31T16:00:00Z,1.0,78.09,2021-05-31,MarketResult_SEM-DA_PWR-MRC-D+1_20210530100000_20210530103140.csv
2021-05-31T17:00:00Z,1.0,90.0,2021-05-31,MarketResult_SEM-DA_PWR-MRC-D+1_20210530100000_20210530103140.csv
2021-05-31T18:00:00Z,1.0,95.58,2021-05-31,MarketResult_SEM-DA_PWR-MRC-D+1_20210530100000_20210530103140.csv
2021-05-31T19:00:00Z,1.0,89.45,2021-05-31,MarketResult_SEM-DA_PWR-MRC-D+1_20210530100000_20210530103140.csv
2021-05-31T20:00:00Z,1.0,85.92,2021-05-31,MarketResult_SEM-DA_PWR-MRC-D+1_20210530100000_20210530103140.csv
2021-05-31T21:00:00Z,1.0,76.4,2021-05-31,MarketResult_SEM-DA_PWR-MRC-D+1_20210530100000_20210530103140.csv
2021-05-31T22:00:00Z,1.0,80.31,2021-06-01,MarketResult_SEM-DA_PWR-MRC-D+1_20210531100000_20210531103839.csv
2021-05-31T23:00:00Z,1.0,77.12,2021-06-01,MarketResult_SEM-DA_PWR-MRC-D+1_20210531100000_20210531103839.csv
2021-06-01T00:00:00Z,1.0,74.82,2021-06-01,MarketResult_SEM-DA_PWR-MRC-D+1_20210531100000_20210531103839.csv
2021-06-01T01:00:00Z,1.0,76.0,2021-06-01,MarketResult_SEM-DA_PWR-MRC-D+1_20210531100000_20210531103839.csv
2021-06-01T02:00:00Z,1.0,77.31,2021-06-01,MarketResult_SEM-DA_PWR-MRC-D+1_20210531100000_20210531103839.csv
2021-06-01T03:00:00Z,1.0,83.07,2021-06-01,MarketResult_SEM-DA_PWR-MRC-D+1_20210531100000_20210531103839.csv
2021-06-01T04:00:00Z,1.0,87.65,2021-06-01,MarketResult_SEM-DA_PWR-MRC-D+1_20210531100000_20210531103839.csv
2021-06-01T05:00:00Z,1.0,90.75,2021-06-01,MarketResult_SEM-DA_PWR-MRC-D+1_20210531100000_20210531103839.csv
2021-06-01T06:00:00Z,1.0,107.33,2021-06-01,MarketResult_SEM-DA_PWR-MRC-D+1_20210531100000_20210531103839.csv
2021-06-01T07:00:00Z,1.0,159.49,2021-06-01,MarketResult_SEM-DA_PWR-MRC-D+1_20210531100000_20210531103839.csv
2021-06-01T08:00:00Z,1.0,156.9,2021-06-01,MarketResult_SEM-DA_PWR-MRC-D+1_20210531100000_20210531103839.csv
2021-06-01T09:00:00Z,1.0,151.0,2021-06-01,MarketResult_SEM-DA_PWR-MRC-D+1_20210531100000_20210531103839.csv
2021-06-01T10:00:00Z,1.0,148.39,2021-06-01,MarketResult_SEM-DA_PWR-MRC-D+1_20210531100000_20210531103839.csv
2021-06-01T11:00:00Z,1.0,147.0,2021-06-01,MarketResult_SEM-DA_PWR-MRC-D+1_20210531100000_20210531103839.csv
2021-06-01T12:00:00Z,1.0,125.2,2021-06-01,MarketResult_SEM-DA_PWR-MRC-D+1_20210531100000_20210531103839.csv
2021-06-01T13:00:00Z,1.0,103.2,2021-06-01,MarketResult_SEM-DA_PWR-MRC-D+1_20210531100000_20210531103839.csv
2021-06-01T14:00:00Z,1.0,98.66,2021-06-01,MarketResult_SEM-DA_PWR-MRC-D+1_20210531100000_20210531103839.csv
2021-06-01T15:00:00Z,1.0,98.66,2021-06-01,MarketResult_SEM-DA_PWR-MRC-D+1_20210531100000_20210531103839.csv
2021-06-01T16:00:00Z,1.0,104.33,2021-06-01,MarketResult_SEM-DA_PWR-MRC-D+1_20210531100000_20210531103839.csv
2021-06-01T17:00:00Z,1.0,106.2,2021-06-01,MarketResult_SEM-DA_PWR-MRC-D+1_20210531100000_20210531103839.csv
2021-06-01T18:00:00Z,1.0,101.09,2021-06-01,MarketResult_SEM-DA_PWR-MRC-D+1_20210531100000_20210531103839.csv
2021-06-01T19:00:00Z,1.0,92.97,2021-06-01,MarketResult_SEM-DA_PWR-MRC-D+1_20210531100000_20210531103839.csv
2021-06-01T20:00:00Z,1.0,89.25,2021-06-01,MarketResult_SEM-DA_PWR-MRC-D+1_20210531100000_20210531103839.csv
2021-06-01T21:00:00Z,1.0,81.35,2021-06-01,MarketResult_SEM-DA_PWR-MRC-D+1_20210531100000_20210531103839.csv
2021-06-01T22:00:00Z,1.0,90.89,2021-06-02,MarketResult_SEM-DA_PWR-MRC-D+1_20210601100000_20210601103150.csv
2021-06-01T23:00:00Z,1.0,80.0,2021-06-02,MarketResult_SEM-DA_PWR-MRC-D+1_20210601100000_20210601103150.csv
2021-06-02T00:00:00Z,1.0,77.0,2021-06-02,MarketResult_SEM-DA_PWR-MRC-D+1_20210601100000_20210601103150.csv
2021-06-02T01:00:00Z,1.0,77.0,2021-06-02,MarketResult_SEM-DA_PWR-MRC-D+1_20210601100000_20210601103150.csv
2021-06-02T02:00:00Z,1.0,75.21,2021-06-02,MarketResult_SEM-DA_PWR-MRC-D+1_20210601100000_20210601103150.csv
2021-06-02T03:00:00Z,1.0,74.97,2021-06-02,MarketResult_SEM-DA_PWR-MRC-D+1_20210601100000_20210601103150.csv
2021-06-02T04:00:00Z,1.0,76.96,2021-06-02,MarketResult_SEM-DA_PWR-MRC-D+1_20210601100000_20210601103150.csv
2021-06-02T05:00:00Z,1.0,85.49,2021-06-02,MarketResult_SEM-DA_PWR-MRC-D+1_20210601100000_20210601103150.csv
2021-06-02T06:00:00Z,1.0,100.01,2021-06-02,MarketResult_SEM-DA_PWR-MRC-D+1_20210601100000_20210601103150.csv
2021-06-02T07:00:00Z,1.0,124.25,2021-06-02,MarketResult_SEM-DA_PWR-MRC-D+1_20210601100000_20210601103150.csv
2021-06-02T08:00:00Z,1.0,118.0,2021-06-02,MarketResult_SEM-DA_PWR-MRC-D+1_20210601100000_20210601103150.csv
2021-06-02T09:00:00Z,1.0,101.31,2021-06-02,MarketResult_SEM-DA_PWR-MRC-D+1_20210601100000_20210601103150.csv
2021-06-02T10:00:00Z,1.0,99.0,2021-06-02,MarketResult_SEM-DA_PWR-MRC-D+1_20210601100000_20210601103150.csv
2021-06-02T11:00:00Z,1.0,92.89,2021-06-02,MarketResult_SEM-DA_PWR-MRC-D+1_20210601100000_20210601103150.csv
2021-06-02T12:00:00Z,1.0,80.81,2021-06-02,MarketResult_SEM-DA_PWR-MRC-D+1_20210601100000_20210601103150.csv
2021-06-02T13:00:00Z,1.0,77.19,2021-06-02,MarketResult_SEM-DA_PWR-MRC-D+1_20210601100000_20210601103150.csv
2021-06-02T14:00:00Z,1.0,76.84,2021-06-02,MarketResult_SEM-DA_PWR-MRC-D+1_20210601100000_20210601103150.csv
2021-06-02T15:00:00Z,1.0,83.15,2021-06-02,MarketResult_SEM-DA_PWR-MRC-D+1_20210601100000_20210601103150.csv
2021-06-02T16:00:00Z,1.0,106.0,2021-06-02,MarketResult_SEM-DA_PWR-MRC-D+1_20210601100000_20210601103150.csv
2021-06-02T17:00:00Z,1.0,103.6,2021-06-02,MarketResult_SEM-DA_PWR-MRC-D+1_20210601100000_20210601103150.csv
2021-06-02T18:00:00Z,1.0,100.17,2021-06-02,MarketResult_SEM-DA_PWR-MRC-D+1_20210601100000_20210601103150.csv
2021-06-02T19:00:00Z,1.0,95.32,2021-06-02,MarketResult_SEM-DA_PWR-MRC-D+1_20210601100000_20210601103150.csv
2021-06-02T20:00:00Z,1.0,88.57,2021-06-02,MarketResult_SEM-DA_PWR-MRC-D+1_20210601100000_20210601103150.csv
2021-06-02T21:00:00Z,1.0,77.27,2021-06-02,MarketResult_SEM-DA_PWR-MRC-D+1_20210601100000_20210601103150.csv
2021-06-02T22:00:00Z,1.0,88.62,2021-06-03,MarketResult_SEM-DA_PWR-MRC-D+1_20210602100000_20210602103122.csv
2021-06-02T23:00:00Z,1.0,77.86,2021-06-03,MarketResult_SEM-DA_PWR-MRC-D+1_20210602100000_20210602103122.csv
2021-06-03T00:00:00Z,1.0,72.29,2021-06-03,MarketResult_SEM-DA_PWR-MRC-D+1_20210602100000_20210602103122.csv
2021-06-03T01:00:00Z,1.0,69.12,2021-06-03,MarketResult_SEM-DA_PWR-MRC-D+1_20210602100000_20210602103122.csv
2021-06-03T02:00:00Z,1.0,67.38,2021-06-03,MarketResult_SEM-DA_PWR-MRC-D+1_20210602100000_20210602103122.csv
2021-06-03T03:00:00Z,1.0,67.83,2021-06-03,MarketResult_SEM-DA_PWR-MRC-D+1_20210602100000_20210602103122.csv
2021-06-03T04:00:00Z,1.0,74.85,2021-06-03,MarketResult_SEM-DA_PWR-MRC-D+1_20210602100000_20210602103122.csv
2021-06-03T05:00:00Z,1.0,80.75,2021-06-03,MarketResult_SEM-DA_PWR-MRC-D+1_20210602100000_20210602103122.csv
2021-06-03T06:00:00Z,1.0,89.19,2021-06-03,MarketResult_SEM-DA_PWR-MRC-D+1_20210602100000_20210602103122.csv
2021-06-03T07:00:00Z,1.0,106.51,2021-06-03,MarketResult_SEM-DA_PWR-MRC-D+1_20210602100000_20210602103122.csv
2021-06-03T08:00:00Z,1.0,99.09,2021-06-03,MarketResult_SEM-DA_PWR-MRC-D+1_20210602100000_20210602103122.csv
2021-06-03T09:00:00Z,1.0,85.14,2021-06-03,MarketResult_SEM-DA_PWR-MRC-D+1_20210602100000_20210602103122.csv
2021-06-03T10:00:00Z,1.0,75.8,2021-06-03,MarketResult_SEM-DA_PWR-MRC-D+1_20210602100000_20210602103122.csv
2021-06-03T11:00:00Z,1.0,75.26,2021-06-03,MarketResult_SEM-DA_PWR-MRC-D+1_20210602100000_20210602103122.csv
2021-06-03T12:00:00Z,1.0,66.45,2021-06-03,MarketResult_SEM-DA_PWR-MRC-D+1_20210602100000_20210602103122.csv
2021-06-03T13:00:00Z,1.0,60.2,2021-06-03,MarketResult_SEM-DA_PWR-MRC-D+1_20210602100000_20210602103122.csv
2021-06-03T14:00:00Z,1.0,60.2,2021-06-03,MarketResult_SEM-DA_PWR-MRC-D+1_20210602100000_20210602103122.csv
2021-06-03T15:00:00Z,1.0,67.5,2021-06-03,MarketResult_SEM-DA_PWR-MRC-D+1_20210602100000_20210602103122.csv
2021-06-03T16:00:00Z,1.0,85.0,2021-06-03,MarketResult_SEM-DA_PWR-MRC-D+1_20210602100000_20210602103122.csv
2021-06-03T17:00:00Z,1.0,90.32,2021-06-03,MarketResult_SEM-DA_PWR-MRC-D+1_20210602100000_20210602103122.csv
2021-06-03T18:00:00Z,1.0,91.08,2021-06-03,MarketResult_SEM-DA_PWR-MRC-D+1_20210602100000_20210602103122.csv
2021-06-03T19:00:00Z,1.0,92.69,2021-06-03,MarketResult_SEM-DA_PWR-MRC-D+1_20210602100000_20210602103122.csv
2021-06-03T20:00:00Z,1.0,88.0,2021-06-03,MarketResult_SEM-DA_PWR-MRC-D+1_20210602100000_20210602103122.csv
2021-06-03T21:00:00Z,1.0,78.14,2021-06-03,MarketResult_SEM-DA_PWR-MRC-D+1_20210602100000_20210602103122.csv
2021-06-03T22:00:00Z,1.0,85.0,2021-06-04,MarketResult_SEM-DA_PWR-MRC-D+1_20210603100000_20210603103655.csv
2021-06-03T23:00:00Z,1.0,74.05,2021-06-04,MarketResult_SEM-DA_PWR-MRC-D+1_20210603100000_20210603103655.csv
2021-06-04T00:00:00Z,1.0,68.01,2021-06-04,MarketResult_SEM-DA_PWR-MRC-D+1_20210603100000_20210603103655.csv
2021-06-04T01:00:00Z,1.0,69.0,2021-06-04,MarketResult_SEM-DA_PWR-MRC-D+1_20210603100000_20210603103655.csv
2021-06-04T02:00:00Z,1.0,68.46,2021-06-04,MarketResult_SEM-DA_PWR-MRC-D+1_20210603100000_20210603103655.csv
2021-06-04T03:00:00Z,1.0,70.78,2021-06-04,MarketResult_SEM-DA_PWR-MRC-D+1_20210603100000_20210603103655.csv
2021-06-04T04:00:00Z,1.0,74.0,2021-06-04,MarketResult_SEM-DA_PWR-MRC-D+1_20210603100000_20210603103655.csv
2021-06-04T05:00:00Z,1.0,80.94,2021-06-04,MarketResult_SEM-DA_PWR-MRC-D+1_20210603100000_20210603103655.csv
2021-06-04T06:00:00Z,1.0,90.25,2021-06-04,MarketResult_SEM-DA_PWR-MRC-D+1_20210603100000_20210603103655.csv
2021-06-04T07:00:00Z,1.0,104.6,2021-06-04,MarketResult_SEM-DA_PWR-MRC-D+1_20210603100000_20210603103655.csv
2021-06-04T08:00:00Z,1.0,100.49,2021-06-04,MarketResult_SEM-DA_PWR-MRC-D+1_20210603100000_20210603103655.csv
2021-06-04T09:00:00Z,1.0,91.0,2021-06-04,MarketResult_SEM-DA_PWR-MRC-D+1_20210603100000_20210603103655.csv
2021-06-04T10:00:00Z,1.0,82.3,2021-06-04,MarketResult_SEM-DA_PWR-MRC-D+1_20210603100000_20210603103655.csv
2021-06-04T11:00:00Z,1.0,82.99,2021-06-04,MarketResult_SEM-DA_PWR-MRC-D+1_20210603100000_20210603103655.csv
2021-06-04T12:00:00Z,1.0,73.5,2021-06-04,MarketResult_SEM-DA_PWR-MRC-D+1_20210603100000_20210603103655.csv
2021-06-04T13:00:00Z,1.0,70.2,2021-06-04,MarketResult_SEM-DA_PWR-MRC-D+1_20210603100000_20210603103655.csv
2021-06-04T14:00:00Z,1.0,70.78,2021-06-04,MarketResult_SEM-DA_PWR-MRC-D+1_20210603100000_20210603103655.csv
2021-06-04T15:00:00Z,1.0,77.5,2021-06-04,MarketResult_SEM-DA_PWR-MRC-D+1_20210603100000_20210603103655.csv
2021-06-04T16:00:00Z,1.0,96.9,2021-06-04,MarketResult_SEM-DA_PWR-MRC-D+1_20210603100000_20210603103655.csv
2021-06-04T17:00:00Z,1.0,107.94,2021-06-04,MarketResult_SEM-DA_PWR-MRC-D+1_20210603100000_20210603103655.csv
2021-06-04T18:00:00Z,1.0,104.0,2021-06-04,MarketResult_SEM-DA_PWR-MRC-D+1_20210603100000_20210603103655.csv
2021-06-04T19:00:00Z,1.0,102.3,2021-06-04,MarketResult_SEM-DA_PWR-MRC-D+1_20210603100000_20210603103655.csv
2021-06-04T20:00:00Z,1.0,99.28,2021-06-04,MarketResult_SEM-DA_PWR-MRC-D+1_20210603100000_20210603103655.csv
2021-06-04T21:00:00Z,1.0,88.4,2021-06-04,MarketResult_SEM-DA_PWR-MRC-D+1_20210603100000_20210603103655.csv
2021-06-04T22:00:00Z,1.0,95.85,2021-06-05,MarketResult_SEM-DA_PWR-MRC-D+1_20210604100000_20210604103115.csv
2021-06-04T23:00:00Z,1.0,88.46,2021-06-05,MarketResult_SEM-DA_PWR-MRC-D+1_20210604100000_20210604103115.csv
2021-06-05T00:00:00Z,1.0,81.27,2021-06-05,MarketResult_SEM-DA_PWR-MRC-D+1_20210604100000_20210604103115.csv
2021-06-05T01:00:00Z,1.0,77.35,2021-06-05,MarketResult_SEM-DA_PWR-MRC-D+1_20210604100000_20210604103115.csv
2021-06-05T02:00:00Z,1.0,76.61,2021-06-05,MarketResult_SEM-DA_PWR-MRC-D+1_20210604100000_20210604103115.csv
2021-06-05T03:00:00Z,1.0,74.85,2021-06-05,MarketResult_SEM-DA_PWR-MRC-D+1_20210604100000_20210604103115.csv
2021-06-05T04:00:00Z,1.0,74.85,2021-06-05,MarketResult_SEM-DA_PWR-MRC-D+1_20210604100000_20210604103115.csv
2021-06-05T05:00:00Z,1.0,79.09,2021-06-05,MarketResult_SEM-DA_PWR-MRC-D+1_20210604100000_20210604103115.csv
2021-06-05T06:00:00Z,1.0,80.89,2021-06-05,MarketResult_SEM-DA_PWR-MRC-D+1_20210604100000_20210604103115.csv
2021-06-05T07:00:00Z,1.0,100.05,2021-06-05,MarketResult_SEM-DA_PWR-MRC-D+1_20210604100000_20210604103115.csv
2021-06-05T08:00:00Z,1.0,102.64,2021-06-05,MarketResult_SEM-DA_PWR-MRC-D+1_20210604100000_20210604103115.csv
2021-06-05T09:00:00Z,1.0,97.56,2021-06-05,MarketResult_SEM-DA_PWR-MRC-D+1_20210604100000_20210604103115.csv
2021-06-05T10:00:00Z,1.0,92.08,2021-06-05,MarketResult_SEM-DA_PWR-MRC-D+1_20210604100000_20210604103115.csv
2021-06-05T11:00:00Z,1.0,86.0,2021-06-05,MarketResult_SEM-DA_PWR-MRC-D+1_20210604100000_20210604103115.csv
2021-06-05T12:00:00Z,1.0,77.0,2021-06-05,MarketResult_SEM-DA_PWR-MRC-D+1_20210604100000_20210604103115.csv
2021-06-05T13:00:00Z,1.0,74.62,2021-06-05,MarketResult_SEM-DA_PWR-MRC-D+1_20210604100000_20210604103115.csv
2021-06-05T14:00:00Z,1.0,71.98,2021-06-05,MarketResult_SEM-DA_PWR-MRC-D+1_20210604100000_20210604103115.csv
2021-06-05T15:00:00Z,1.0,76.3,2021-06-05,MarketResult_SEM-DA_PWR-MRC-D+1_20210604100000_20210604103115.csv
2021-06-05T16:00:00Z,1.0,89.2,2021-06-05,MarketResult_SEM-DA_PWR-MRC-D+1_20210604100000_20210604103115.csv
2021-06-05T17:00:00Z,1.0,95.8,2021-06-05,MarketResult_SEM-DA_PWR-MRC-D+1_20210604100000_20210604103115.csv
2021-06-05T18:00:00Z,1.0,99.28,2021-06-05,MarketResult_SEM-DA_PWR-MRC-D+1_20210604100000_20210604103115.csv
2021-06-05T19:00:00Z,1.0,99.82,2021-06-05,MarketResult_SEM-DA_PWR-MRC-D+1_20210604100000_20210604103115.csv
2021-06-05T20:00:00Z,1.0,100.2,2021-06-05,MarketResult_SEM-DA_PWR-MRC-D+1_20210604100000_20210604103115.csv
2021-06-05T21:00:00Z,1.0,88.4,2021-06-05,MarketResult_SEM-DA_PWR-MRC-D+1_20210604100000_20210604103115.csv
2021-06-05T22:00:00Z,1.0,92.02,2021-06-06,MarketResult_SEM-DA_PWR-MRC-D+1_20210605100000_20210605103107.csv
2021-06-05T23:00:00Z,1.0,84.57,2021-06-06,MarketResult_SEM-DA_PWR-MRC-D+1_20210605100000_20210605103107.csv
2021-06-06T00:00:00Z,1.0,81.9,2021-06-06,MarketResult_SEM-DA_PWR-MRC-D+1_20210605100000_20210605103107.csv
2021-06-06T01:00:00Z,1.0,77.0,2021-06-06,MarketResult_SEM-DA_PWR-MRC-D+1_20210605100000_20210605103107.csv
2021-06-06T02:00:00Z,1.0,74.87,2021-06-06,MarketResult_SEM-DA_PWR-MRC-D+1_20210605100000_20210605103107.csv
2021-06-06T03:00:00Z,1.0,73.12,2021-06-06,MarketResult_SEM-DA_PWR-MRC-D+1_20210605100000_20210605103107.csv
2021-06-06T04:00:00Z,1.0,72.54,2021-06-06,MarketResult_SEM-DA_PWR-MRC-D+1_20210605100000_20210605103107.csv
2021-06-06T05:00:00Z,1.0,74.61,2021-06-06,MarketResult_SEM-DA_PWR-MRC-D+1_20210605100000_20210605103107.csv
2021-06-06T06:00:00Z,1.0,78.69,2021-06-06,MarketResult_SEM-DA_PWR-MRC-D+1_20210605100000_20210605103107.csv
2021-06-06T07:00:00Z,1.0,83.0,2021-06-06,MarketResult_SEM-DA_PWR-MRC-D+1_20210605100000_20210605103107.csv
2021-06-06T08:00:00Z,1.0,94.0,2021-06-06,MarketResult_SEM-DA_PWR-MRC-D+1_20210605100000_20210605103107.csv
2021-06-06T09:00:00Z,1.0,101.05,2021-06-06,MarketResult_SEM-DA_PWR-MRC-D+1_20210605100000_20210605103107.csv
2021-06-06T10:00:00Z,1.0,103.0,2021-06-06,MarketResult_SEM-DA_PWR-MRC-D+1_20210605100000_20210605103107.csv
2021-06-06T11:00:00Z,1.0,104.96,2021-06-06,MarketResult_SEM-DA_PWR-MRC-D+1_20210605100000_20210605103107.csv
2021-06-06T12:00:00Z,1.0,88.0,2021-06-06,MarketResult_SEM-DA_PWR-MRC-D+1_20210605100000_20210605103107.csv
2021-06-06T13:00:00Z,1.0,83.0,2021-06-06,MarketResult_SEM-DA_PWR-MRC-D+1_20210605100000_20210605103107.csv
2021-06-06T14:00:00Z,1.0,82.29,2021-06-06,MarketResult_SEM-DA_PWR-MRC-D+1_20210605100000_20210605103107.csv
2021-06-06T15:00:00Z,1.0,89.92,2021-06-06,MarketResult_SEM-DA_PWR-MRC-D+1_20210605100000_20210605103107.csv
2021-06-06T16:00:00Z,1.0,104.62,2021-06-06,MarketResult_SEM-DA_PWR-MRC-D+1_20210605100000_20210605103107.csv
2021-06-06T17:00:00Z,1.0,107.78,2021-06-06,MarketResult_SEM-DA_PWR-MRC-D+1_20210605100000_20210605103107.csv
2021-06-06T18:00:00Z,1.0,110.35,2021-06-06,MarketResult_SEM-DA_PWR-MRC-D+1_20210605100000_20210605103107.csv
2021-06-06T19:00:00Z,1.0,106.99,2021-06-06,MarketResult_SEM-DA_PWR-MRC-D+1_20210605100000_20210605103107.csv
2021-06-06T20:00:00Z,1.0,106.95,2021-06-06,MarketResult_SEM-DA_PWR-MRC-D+1_20210605100000_20210605103107.csv
2021-06-06T21:00:00Z,1.0,94.82,2021-06-06,MarketResult_SEM-DA_PWR-MRC-D+1_20210605100000_20210605103107.csv
2021-06-06T22:00:00Z,1.0,91.28,2021-06-07,MarketResult_SEM-DA_PWR-MRC-D+1_20210606100000_20210606103125.csv
2021-06-06T23:00:00Z,1.0,82.0,2021-06-07,MarketResult_SEM-DA_PWR-MRC-D+1_20210606100000_20210606103125.csv
2021-06-07T00:00:00Z,1.0,76.72,2021-06-07,MarketResult_SEM-DA_PWR-MRC-D+1_20210606100000_20210606103125.csv
2021-06-07T01:00:00Z,1.0,74.61,2021-06-07,MarketResult_SEM-DA_PWR-MRC-D+1_20210606100000_20210606103125.csv
2021-06-07T02:00:00Z,1.0,70.0,2021-06-07,MarketResult_SEM-DA_PWR-MRC-D+1_20210606100000_20210606103125.csv
2021-06-07T03:00:00Z,1.0,68.3,2021-06-07,MarketResult_SEM-DA_PWR-MRC-D+1_20210606100000_20210606103125.csv
2021-06-07T04:00:00Z,1.0,73.8,2021-06-07,MarketResult_SEM-DA_PWR-MRC-D+1_20210606100000_20210606103125.csv
2021-06-07T05:00:00Z,1.0,79.0,2021-06-07,MarketResult_SEM-DA_PWR-MRC-D+1_20210606100000_20210606103125.csv
2021-06-07T06:00:00Z,1.0,90.0,2021-06-07,MarketResult_SEM-DA_PWR-MRC-D+1_20210606100000_20210606103125.csv
2021-06-07T07:00:00Z,1.0,104.52,2021-06-07,MarketResult_SEM-DA_PWR-MRC-D+1_20210606100000_20210606103125.csv
2021-06-07T08:00:00Z,1.0,105.32,2021-06-07,MarketResult_SEM-DA_PWR-MRC-D+1_20210606100000_20210606103125.csv
2021-06-07T09:00:00Z,1.0,94.21,2021-06-07,MarketResult_SEM-DA_PWR-MRC-D+1_20210606100000_20210606103125.csv
2021-06-07T10:00:00Z,1.0,89.8,2021-06-07,MarketResult_SEM-DA_PWR-MRC-D+1_20210606100000_20210606103125.csv
2021-06-07T11:00:00Z,1.0,88.4,2021-06-07,MarketResult_SEM-DA_PWR-MRC-D+1_20210606100000_20210606103125.csv
2021-06-07T12:00:00Z,1.0,74.16,2021-06-07,MarketResult_SEM-DA_PWR-MRC-D+1_20210606100000_20210606103125.csv
2021-06-07T13:00:00Z,1.0,68.34,2021-06-07,MarketResult_SEM-DA_PWR-MRC-D+1_20210606100000_20210606103125.csv
2021-06-07T14:00:00Z,1.0,68.0,2021-06-07,MarketResult_SEM-DA_PWR-MRC-D+1_20210606100000_20210606103125.csv
2021-06-07T15:00:00Z,1.0,72.22,2021-06-07,MarketResult_SEM-DA_PWR-MRC-D+1_20210606100000_20210606103125.csv
2021-06-07T16:00:00Z,1.0,81.4,2021-06-07,MarketResult_SEM-DA_PWR-MRC-D+1_20210606100000_20210606103125.csv
2021-06-07T17:00:00Z,1.0,90.0,2021-06-07,MarketResult_SEM-DA_PWR-MRC-D+1_20210606100000_20210606103125.csv
2021-06-07T18:00:00Z,1.0,86.2,2021-06-07,MarketResult_SEM-DA_PWR-MRC-D+1_20210606100000_20210606103125.csv
2021-06-07T19:00:00Z,1.0,77.0,2021-06-07,MarketResult_SEM-DA_PWR-MRC-D+1_20210606100000_20210606103125.csv
2021-06-07T20:00:00Z,1.0,74.18,2021-06-07,MarketResult_SEM-DA_PWR-MRC-D+1_20210606100000_20210606103125.csv
2021-06-07T21:00:00Z,1.0,69.61,2021-06-07,MarketResult_SEM-DA_PWR-MRC-D+1_20210606100000_20210606103125.csv
2021-06-07T22:00:00Z,1.0,72.0,2021-06-08,MarketResult_SEM-DA_PWR-MRC-D+1_20210607100000_20210607104746.csv
2021-06-07T23:00:00Z,1.0,68.0,2021-06-08,MarketResult_SEM-DA_PWR-MRC-D+1_20210607100000_20210607104746.csv
2021-06-08T00:00:00Z,1.0,66.23,2021-06-08,MarketResult_SEM-DA_PWR-MRC-D+1_20210607100000_20210607104746.csv
2021-06-08T01:00:00Z,1.0,66.23,2021-06-08,MarketResult_SEM-DA_PWR-MRC-D+1_20210607100000_20210607104746.csv
2021-06-08T02:00:00Z,1.0,66.23,2021-06-08,MarketResult_SEM-DA_PWR-MRC-D+1_20210607100000_20210607104746.csv
2021-06-08T03:00:00Z,1.0,67.0,2021-06-08,MarketResult_SEM-DA_PWR-MRC-D+1_20210607100000_20210607104746.csv
2021-06-08T04:00:00Z,1.0,78.0,2021-06-08,MarketResult_SEM-DA_PWR-MRC-D+1_20210607100000_20210607104746.csv
2021-06-08T05:00:00Z,1.0,80.18,2021-06-08,MarketResult_SEM-DA_PWR-MRC-D+1_20210607100000_20210607104746.csv
2021-06-08T06:00:00Z,1.0,94.55,2021-06-08,MarketResult_SEM-DA_PWR-MRC-D+1_20210607100000_20210607104746.csv
2021-06-08T07:00:00Z,1.0,103.37,2021-06-08,MarketResult_SEM-DA_PWR-MRC-D+1_20210607100000_20210607104746.csv
2021-06-08T08:00:00Z,1.0,99.28,2021-06-08,MarketResult_SEM-DA_PWR-MRC-D+1_20210607100000_20210607104746.csv
2021-06-08T09:00:00Z,1.0,83.54,2021-06-08,MarketResult_SEM-DA_PWR-MRC-D+1_20210607100000_20210607104746.csv
2021-06-08T10:00:00Z,1.0,79.0,2021-06-08,MarketResult_SEM-DA_PWR-MRC-D+1_20210607100000_20210607104746.csv
2021-06-08T11:00:00Z,1.0,74.7,2021-06-08,MarketResult_SEM-DA_PWR-MRC-D+1_20210607100000_20210607104746.csv
2021-06-08T12:00:00Z,1.0,70.28,2021-06-08,MarketResult_SEM-DA_PWR-MRC-D+1_20210607100000_20210607104746.csv
2021-06-08T13:00:00Z,1.0,67.76,2021-06-08,MarketResult_SEM-DA_PWR-MRC-D+1_20210607100000_20210607104746.csv
2021-06-08T14:00:00Z,1.0,69.73,2021-06-08,MarketResult_SEM-DA_PWR-MRC-D+1_20210607100000_20210607104746.csv
2021-06-08T15:00:00Z,1.0,75.0,2021-06-08,MarketResult_SEM-DA_PWR-MRC-D+1_20210607100000_20210607104746.csv
2021-06-08T16:00:00Z,1.0,88.16,2021-06-08,MarketResult_SEM-DA_PWR-MRC-D+1_20210607100000_20210607104746.csv
2021-06-08T17:00:00Z,1.0,91.99,2021-06-08,MarketResult_SEM-DA_PWR-MRC-D+1_20210607100000_20210607104746.csv
2021-06-08T18:00:00Z,1.0,90.0,2021-06-08,MarketResult_SEM-DA_PWR-MRC-D+1_20210607100000_20210607104746.csv
2021-06-08T19:00:00Z,1.0,79.89,2021-06-08,MarketResult_SEM-DA_PWR-MRC-D+1_20210607100000_20210607104746.csv
2021-06-08T20:00:00Z,1.0,79.0,2021-06-08,MarketResult_SEM-DA_PWR-MRC-D+1_20210607100000_20210607104746.csv
2021-06-08T21:00:00Z,1.0,74.89,2021-06-08,MarketResult_SEM-DA_PWR-MRC-D+1_20210607100000_20210607104746.csv
2021-06-08T22:00:00Z,1.0,82.59,2021-06-09,MarketResult_SEM-DA_PWR-MRC-D+1_20210608100000_20210608105915.csv
2021-06-08T23:00:00Z,1.0,74.0,2021-06-09,MarketResult_SEM-DA_PWR-MRC-D+1_20210608100000_20210608105915.csv
2021-06-09T00:00:00Z,1.0,68.0,2021-06-09,MarketResult_SEM-DA_PWR-MRC-D+1_20210608100000_20210608105915.csv
2021-06-09T01:00:00Z,1.0,65.72,2021-06-09,MarketResult_SEM-DA_PWR-MRC-D+1_20210608100000_20210608105915.csv
2021-06-09T02:00:00Z,1.0,64.0,2021-06-09,MarketResult_SEM-DA_PWR-MRC-D+1_20210608100000_20210608105915.csv
2021-06-09T03:00:00Z,1.0,64.34,2021-06-09,MarketResult_SEM-DA_PWR-MRC-D+1_20210608100000_20210608105915.csv
2021-06-09T04:00:00Z,1.0,72.0,2021-06-09,MarketResult_SEM-DA_PWR-MRC-D+1_20210608100000_20210608105915.csv
2021-06-09T05:00:00Z,1.0,81.31,2021-06-09,MarketResult_SEM-DA_PWR-MRC-D+1_20210608100000_20210608105915.csv
2021-06-09T06:00:00Z,1.0,95.5,2021-06-09,MarketResult_SEM-DA_PWR-MRC-D+1_20210608100000_20210608105915.csv
2021-06-09T07:00:00Z,1.0,101.5,2021-06-09,MarketResult_SEM-DA_PWR-MRC-D+1_20210608100000_20210608105915.csv
2021-06-09T08:00:00Z,1.0,97.9,2021-06-09,MarketResult_SEM-DA_PWR-MRC-D+1_20210608100000_20210608105915.csv
2021-06-09T09:00:00Z,1.0,86.0,2021-06-09,MarketResult_SEM-DA_PWR-MRC-D+1_20210608100000_20210608105915.csv
2021-06-09T10:00:00Z,1.0,84.0,2021-06-09,MarketResult_SEM-DA_PWR-MRC-D+1_20210608100000_20210608105915.csv
2021-06-09T11:00:00Z,1.0,85.0,2021-06-09,MarketResult_SEM-DA_PWR-MRC-D+1_20210608100000_20210608105915.csv
2021-06-09T12:00:00Z,1.0,78.51,2021-06-09,MarketResult_SEM-DA_PWR-MRC-D+1_20210608100000_20210608105915.csv
2021-06-09T13:00:00Z,1.0,76.24,2021-06-09,MarketResult_SEM-DA_PWR-MRC-D+1_20210608100000_20210608105915.csv
2021-06-09T14:00:00Z,1.0,77.4,2021-06-09,MarketResult_SEM-DA_PWR-MRC-D+1_20210608100000_20210608105915.csv
2021-06-09T15:00:00Z,1.0,84.45,2021-06-09,MarketResult_SEM-DA_PWR-MRC-D+1_20210608100000_20210608105915.csv
2021-06-09T16:00:00Z,1.0,102.66,2021-06-09,MarketResult_SEM-DA_PWR-MRC-D+1_20210608100000_20210608105915.csv
2021-06-09T17:00:00Z,1.0,107.0,2021-06-09,MarketResult_SEM-DA_PWR-MRC-D+1_20210608100000_20210608105915.csv
2021-06-09T18:00:00Z,1.0,106.46,2021-06-09,MarketResult_SEM-DA_PWR-MRC-D+1_20210608100000_20210608105915.csv
2021-06-09T19:00:00Z,1.0,97.49,2021-06-09,MarketResult_SEM-DA_PWR-MRC-D+1_20210608100000_20210608105915.csv
2021-06-09T20:00:00Z,1.0,90.54,2021-06-09,MarketResult_SEM-DA_PWR-MRC-D+1_20210608100000_20210608105915.csv
2021-06-09T21:00:00Z,1.0,84.28,2021-06-09,MarketResult_SEM-DA_PWR-MRC-D+1_20210608100000_20210608105915.csv
2021-06-09T22:00:00Z,1.0,80.87,2021-06-10,MarketResult_SEM-DA_PWR-MRC-D+1_20210609100000_20210609103346.csv
2021-06-09T23:00:00Z,1.0,70.0,2021-06-10,MarketResult_SEM-DA_PWR-MRC-D+1_20210609100000_20210609103346.csv
2021-06-10T00:00:00Z,1.0,64.2,2021-06-10,MarketResult_SEM-DA_PWR-MRC-D+1_20210609100000_20210609103346.csv
2021-06-10T01:00:00Z,1.0,62.53,2021-06-10,MarketResult_SEM-DA_PWR-MRC-D+1_20210609100000_20210609103346.csv
2021-06-10T02:00:00Z,1.0,61.9,2021-06-10,MarketResult_SEM-DA_PWR-MRC-D+1_20210609100000_20210609103346.csv
2021-06-10T03:00:00Z,1.0,62.53,2021-06-10,MarketResult_SEM-DA_PWR-MRC-D+1_20210609100000_20210609103346.csv
2021-06-10T04:00:00Z,1.0,66.24,2021-06-10,MarketResult_SEM-DA_PWR-MRC-D+1_20210609100000_20210609103346.csv
2021-06-10T05:00:00Z,1.0,79.97,2021-06-10,MarketResult_SEM-DA_PWR-MRC-D+1_20210609100000_20210609103346.csv
2021-06-10T06:00:00Z,1.0,90.0,2021-06-10,MarketResult_SEM-DA_PWR-MRC-D+1_20210609100000_20210609103346.csv
2021-06-10T07:00:00Z,1.0,100.5,2021-06-10,MarketResult_SEM-DA_PWR-MRC-D+1_20210609100000_20210609103346.csv
2021-06-10T08:00:00Z,1.0,98.83,2021-06-10,MarketResult_SEM-DA_PWR-MRC-D+1_20210609100000_20210609103346.csv
2021-06-10T09:00:00Z,1.0,90.0,2021-06-10,MarketResult_SEM-DA_PWR-MRC-D+1_20210609100000_20210609103346.csv
2021-06-10T10:00:00Z,1.0,85.79,2021-06-10,MarketResult_SEM-DA_PWR-MRC-D+1_20210609100000_20210609103346.csv
2021-06-10T11:00:00Z,1.0,85.0,2021-06-10,MarketResult_SEM-DA_PWR-MRC-D+1_20210609100000_20210609103346.csv
2021-06-10T12:00:00Z,1.0,74.48,2021-06-10,MarketResult_SEM-DA_PWR-MRC-D+1_20210609100000_20210609103346.csv
2021-06-10T13:00:00Z,1.0,69.0,2021-06-10,MarketResult_SEM-DA_PWR-MRC-D+1_20210609100000_20210609103346.csv
2021-06-10T14:00:00Z,1.0,67.54,2021-06-10,MarketResult_SEM-DA_PWR-MRC-D+1_20210609100000_20210609103346.csv
2021-06-10T15:00:00Z,1.0,73.89,2021-06-10,MarketResult_SEM-DA_PWR-MRC-D+1_20210609100000_20210609103346.csv
2021-06-10T16:00:00Z,1.0,86.52,2021-06-10,MarketResult_SEM-DA_PWR-MRC-D+1_20210609100000_20210609103346.csv
2021-06-10T17:00:00Z,1.0,88.35,2021-06-10,MarketResult_SEM-DA_PWR-MRC-D+1_20210609100000_20210609103346.csv
2021-06-10T18:00:00Z,1.0,88.4,2021-06-10,MarketResult_SEM-DA_PWR-MRC-D+1_20210609100000_20210609103346.csv
2021-06-10T19:00:00Z,1.0,81.91,2021-06-10,MarketResult_SEM-DA_PWR-MRC-D+1_20210609100000_20210609103346.csv
2021-06-10T20:00:00Z,1.0,80.04,2021-06-10,MarketResult_SEM-DA_PWR-MRC-D+1_20210609100000_20210609103346.csv
2021-06-10T21:00:00Z,1.0,71.98,2021-06-10,MarketResult_SEM-DA_PWR-MRC-D+1_20210609100000_20210609103346.csv
2021-06-10T22:00:00Z,1.0,70.0,2021-06-11,MarketResult_SEM-DA_PWR-MRC-D+1_20210610100000_20210610103252.csv
2021-06-10T23:00:00Z,1.0,64.0,2021-06-11,MarketResult_SEM-DA_PWR-MRC-D+1_20210610100000_20210610103252.csv
2021-06-11T00:00:00Z,1.0,61.0,2021-06-11,MarketResult_SEM-DA_PWR-MRC-D+1_20210610100000_20210610103252.csv
2021-06-11T01:00:00Z,1.0,59.11,2021-06-11,MarketResult_SEM-DA_PWR-MRC-D+1_20210610100000_20210610103252.csv
2021-06-11T02:00:00Z,1.0,59.33,2021-06-11,MarketResult_SEM-DA_PWR-MRC-D+1_20210610100000_20210610103252.csv
2021-06-11T03:00:00Z,1.0,63.36,2021-06-11,MarketResult_SEM-DA_PWR-MRC-D+1_20210610100000_20210610103252.csv
2021-06-11T04:00:00Z,1.0,70.08,2021-06-11,MarketResult_SEM-DA_PWR-MRC-D+1_20210610100000_20210610103252.csv
2021-06-11T05:00:00Z,1.0,79.59,2021-06-11,MarketResult_SEM-DA_PWR-MRC-D+1_20210610100000_20210610103252.csv
2021-06-11T06:00:00Z,1.0,87.38,2021-06-11,MarketResult_SEM-DA_PWR-MRC-D+1_20210610100000_20210610103252.csv
2021-06-11T07:00:00Z,1.0,93.91,2021-06-11,MarketResult_SEM-DA_PWR-MRC-D+1_20210610100000_20210610103252.csv
2021-06-11T08:00:00Z,1.0,89.66,2021-06-11,MarketResult_SEM-DA_PWR-MRC-D+1_20210610100000_20210610103252.csv
2021-06-11T09:00:00Z,1.0,83.11,2021-06-11,MarketResult_SEM-DA_PWR-MRC-D+1_20210610100000_20210610103252.csv
2021-06-11T10:00:00Z,1.0,83.23,2021-06-11,MarketResult_SEM-DA_PWR-MRC-D+1_20210610100000_20210610103252.csv
2021-06-11T11:00:00Z,1.0,84.97,2021-06-11,MarketResult_SEM-DA_PWR-MRC-D+1_20210610100000_20210610103252.csv
2021-06-11T12:00:00Z,1.0,80.74,2021-06-11,MarketResult_SEM-DA_PWR-MRC-D+1_20210610100000_20210610103252.csv
2021-06-11T13:00:00Z,1.0,76.86,2021-06-11,MarketResult_SEM-DA_PWR-MRC-D+1_20210610100000_20210610103252.csv
2021-06-11T14:00:00Z,1.0,78.92,2021-06-11,MarketResult_SEM-DA_PWR-MRC-D+1_20210610100000_20210610103252.csv
2021-06-11T15:00:00Z,1.0,91.0,2021-06-11,MarketResult_SEM-DA_PWR-MRC-D+1_20210610100000_20210610103252.csv
2021-06-11T16:00:00Z,1.0,98.03,2021-06-11,MarketResult_SEM-DA_PWR-MRC-D+1_20210610100000_20210610103252.csv
2021-06-11T17:00:00Z,1.0,103.81,2021-06-11,MarketResult_SEM-DA_PWR-MRC-D+1_20210610100000_20210610103252.csv
2021-06-11T18:00:00Z,1.0,104.0,2021-06-11,MarketResult_SEM-DA_PWR-MRC-D+1_20210610100000_20210610103252.csv
2021-06-11T19:00:00Z,1.0,100.36,2021-06-11,MarketResult_SEM-DA_PWR-MRC-D+1_20210610100000_20210610103252.csv
2021-06-11T20:00:00Z,1.0,100.28,2021-06-11,MarketResult_SEM-DA_PWR-MRC-D+1_20210610100000_20210610103252.csv
2021-06-11T21:00:00Z,1.0,95.6,2021-06-11,MarketResult_SEM-DA_PWR-MRC-D+1_20210610100000_20210610103252.csv
2021-06-11T22:00:00Z,1.0,99.0,2021-06-12,MarketResult_SEM-DA_PWR-MRC-D+1_20210611100000_20210611103221.csv
2021-06-11T23:00:00Z,1.0,99.0,2021-06-12,MarketResult_SEM-DA_PWR-MRC-D+1_20210611100000_20210611103221.csv
2021-06-12T00:00:00Z,1.0,90.0,2021-06-12,MarketResult_SEM-DA_PWR-MRC-D+1_20210611100000_20210611103221.csv
2021-06-12T01:00:00Z,1.0,86.01,2021-06-12,MarketResult_SEM-DA_PWR-MRC-D+1_20210611100000_20210611103221.csv
2021-06-12T02:00:00Z,1.0,82.0,2021-06-12,MarketResult_SEM-DA_PWR-MRC-D+1_20210611100000_20210611103221.csv
2021-06-12T03:00:00Z,1.0,77.0,2021-06-12,MarketResult_SEM-DA_PWR-MRC-D+1_20210611100000_20210611103221.csv
2021-06-12T04:00:00Z,1.0,75.4,2021-06-12,MarketResult_SEM-DA_PWR-MRC-D+1_20210611100000_20210611103221.csv
2021-06-12T05:00:00Z,1.0,82.19,2021-06-12,MarketResult_SEM-DA_PWR-MRC-D+1_20210611100000_20210611103221.csv
2021-06-12T06:00:00Z,1.0,86.74,2021-06-12,MarketResult_SEM-DA_PWR-MRC-D+1_20210611100000_20210611103221.csv
2021-06-12T07:00:00Z,1.0,100.4,2021-06-12,MarketResult_SEM-DA_PWR-MRC-D+1_20210611100000_20210611103221.csv
2021-06-12T08:00:00Z,1.0,110.0,2021-06-12,MarketResult_SEM-DA_PWR-MRC-D+1_20210611100000_20210611103221.csv
2021-06-12T09:00:00Z,1.0,110.0,2021-06-12,MarketResult_SEM-DA_PWR-MRC-D+1_20210611100000_20210611103221.csv
2021-06-12T10:00:00Z,1.0,105.8,2021-06-12,MarketResult_SEM-DA_PWR-MRC-D+1_20210611100000_20210611103221.csv
2021-06-12T11:00:00Z,1.0,99.0,2021-06-12,MarketResult_SEM-DA_PWR-MRC-D+1_20210611100000_20210611103221.csv
2021-06-12T12:00:00Z,1.0,91.37,2021-06-12,MarketResult_SEM-DA_PWR-MRC-D+1_20210611100000_20210611103221.csv
2021-06-12T13:00:00Z,1.0,84.74,2021-06-12,MarketResult_SEM-DA_PWR-MRC-D+1_20210611100000_20210611103221.csv
2021-06-12T14:00:00Z,1.0,84.0,2021-06-12,MarketResult_SEM-DA_PWR-MRC-D+1_20210611100000_20210611103221.csv
2021-06-12T15:00:00Z,1.0,94.69,2021-06-12,MarketResult_SEM-DA_PWR-MRC-D+1_20210611100000_20210611103221.csv
2021-06-12T16:00:00Z,1.0,101.35,2021-06-12,MarketResult_SEM-DA_PWR-MRC-D+1_20210611100000_20210611103221.csv
2021-06-12T17:00:00Z,1.0,115.0,2021-06-12,MarketResult_SEM-DA_PWR-MRC-D+1_20210611100000_20210611103221.csv
2021-06-12T18:00:00Z,1.0,116.69,2021-06-12,MarketResult_SEM-DA_PWR-MRC-D+1_20210611100000_20210611103221.csv
2021-06-12T19:00:00Z,1.0,115.91,2021-06-12,MarketResult_SEM-DA_PWR-MRC-D+1_20210611100000_20210611103221.csv
2021-06-12T20:00:00Z,1.0,112.24,2021-06-12,MarketResult_SEM-DA_PWR-MRC-D+1_20210611100000_20210611103221.csv
2021-06-12T21:00:00Z,1.0,104.93,2021-06-12,MarketResult_SEM-DA_PWR-MRC-D+1_20210611100000_20210611103221.csv
2021-06-12T22:00:00Z,1.0,96.0,2021-06-13,MarketResult_SEM-DA_PWR-MRC-D+1_20210612100000_20210612103303.csv
2021-06-12T23:00:00Z,1.0,90.51,2021-06-13,MarketResult_SEM-DA_PWR-MRC-D+1_20210612100000_20210612103303.csv
2021-06-13T00:00:00Z,1.0,89.0,2021-06-13,MarketResult_SEM-DA_PWR-MRC-D+1_20210612100000_20210612103303.csv
2021-06-13T01:00:00Z,1.0,86.3,2021-06-13,MarketResult_SEM-DA_PWR-MRC-D+1_20210612100000_20210612103303.csv
2021-06-13T02:00:00Z,1.0,82.72,2021-06-13,MarketResult_SEM-DA_PWR-MRC-D+1_20210612100000_20210612103303.csv
2021-06-13T03:00:00Z,1.0,79.84,2021-06-13,MarketResult_SEM-DA_PWR-MRC-D+1_20210612100000_20210612103303.csv
2021-06-13T04:00:00Z,1.0,77.6,2021-06-13,MarketResult_SEM-DA_PWR-MRC-D+1_20210612100000_20210612103303.csv
2021-06-13T05:00:00Z,1.0,83.2,2021-06-13,MarketResult_SEM-DA_PWR-MRC-D+1_20210612100000_20210612103303.csv
2021-06-13T06:00:00Z,1.0,83.83,2021-06-13,MarketResult_SEM-DA_PWR-MRC-D+1_20210612100000_20210612103303.csv
2021-06-13T07:00:00Z,1.0,95.0,2021-06-13,MarketResult_SEM-DA_PWR-MRC-D+1_20210612100000_20210612103303.csv
2021-06-13T08:00:00Z,1.0,99.0,2021-06-13,MarketResult_SEM-DA_PWR-MRC-D+1_20210612100000_20210612103303.csv
2021-06-13T09:00:00Z,1.0,98.28,2021-06-13,MarketResult_SEM-DA_PWR-MRC-D+1_20210612100000_20210612103303.csv
2021-06-13T10:00:00Z,1.0,93.55,2021-06-13,MarketResult_SEM-DA_PWR-MRC-D+1_20210612100000_20210612103303.csv
2021-06-13T11:00:00Z,1.0,92.39,2021-06-13,MarketResult_SEM-DA_PWR-MRC-D+1_20210612100000_20210612103303.csv
2021-06-13T12:00:00Z,1.0,84.98,2021-06-13,MarketResult_SEM-DA_PWR-MRC-D+1_20210612100000_20210612103303.csv
2021-06-13T13:00:00Z,1.0,74.0,2021-06-13,MarketResult_SEM-DA_PWR-MRC-D+1_20210612100000_20210612103303.csv
2021-06-13T14:00:00Z,1.0,74.71,2021-06-13,MarketResult_SEM-DA_PWR-MRC-D+1_20210612100000_20210612103303.csv
2021-06-13T15:00:00Z,1.0,86.98,2021-06-13,MarketResult_SEM-DA_PWR-MRC-D+1_20210612100000_20210612103303.csv
2021-06-13T16:00:00Z,1.0,90.79,2021-06-13,MarketResult_SEM-DA_PWR-MRC-D+1_20210612100000_20210612103303.csv
2021-06-13T17:00:00Z,1.0,96.2,2021-06-13,MarketResult_SEM-DA_PWR-MRC-D+1_20210612100000_20210612103303.csv
2021-06-13T18:00:00Z,1.0,100.24,2021-06-13,MarketResult_SEM-DA_PWR-MRC-D+1_20210612100000_20210612103303.csv
2021-06-13T19:00:00Z,1.0,98.58,2021-06-13,MarketResult_SEM-DA_PWR-MRC-D+1_20210612100000_20210612103303.csv
2021-06-13T20:00:00Z,1.0,98.28,2021-06-13,MarketResult_SEM-DA_PWR-MRC-D+1_20210612100000_20210612103303.csv
2021-06-13T21:00:00Z,1.0,90.51,2021-06-13,MarketResult_SEM-DA_PWR-MRC-D+1_20210612100000_20210612103303.csv
2021-06-13T22:00:00Z,1.0,95.04,2021-06-14,MarketResult_SEM-DA_PWR-MRC-D+1_20210613100000_20210613103256.csv
2021-06-13T23:00:00Z,1.0,82.8,2021-06-14,MarketResult_SEM-DA_PWR-MRC-D+1_20210613100000_20210613103256.csv
2021-06-14T00:00:00Z,1.0,75.27,2021-06-14,MarketResult_SEM-DA_PWR-MRC-D+1_20210613100000_20210613103256.csv
2021-06-14T01:00:00Z,1.0,66.9,2021-06-14,MarketResult_SEM-DA_PWR-MRC-D+1_20210613100000_20210613103256.csv
2021-06-14T02:00:00Z,1.0,64.6,2021-06-14,MarketResult_SEM-DA_PWR-MRC-D+1_20210613100000_20210613103256.csv
2021-06-14T03:00:00Z,1.0,64.6,2021-06-14,MarketResult_SEM-DA_PWR-MRC-D+1_20210613100000_20210613103256.csv
2021-06-14T04:00:00Z,1.0,73.98,2021-06-14,MarketResult_SEM-DA_PWR-MRC-D+1_20210613100000_20210613103256.csv
2021-06-14T05:00:00Z,1.0,83.2,2021-06-14,MarketResult_SEM-DA_PWR-MRC-D+1_20210613100000_20210613103256.csv
2021-06-14T06:00:00Z,1.0,90.0,2021-06-14,MarketResult_SEM-DA_PWR-MRC-D+1_20210613100000_20210613103256.csv
2021-06-14T07:00:00Z,1.0,92.86,2021-06-14,MarketResult_SEM-DA_PWR-MRC-D+1_20210613100000_20210613103256.csv
2021-06-14T08:00:00Z,1.0,91.05,2021-06-14,MarketResult_SEM-DA_PWR-MRC-D+1_20210613100000_20210613103256.csv
2021-06-14T09:00:00Z,1.0,88.47,2021-06-14,MarketResult_SEM-DA_PWR-MRC-D+1_20210613100000_20210613103256.csv
2021-06-14T10:00:00Z,1.0,86.52,2021-06-14,MarketResult_SEM-DA_PWR-MRC-D+1_20210613100000_20210613103256.csv
2021-06-14T11:00:00Z,1.0,90.02,2021-06-14,MarketResult_SEM-DA_PWR-MRC-D+1_20210613100000_20210613103256.csv
2021-06-14T12:00:00Z,1.0,86.23,2021-06-14,MarketResult_SEM-DA_PWR-MRC-D+1_20210613100000_20210613103256.csv
2021-06-14T13:00:00Z,1.0,84.93,2021-06-14,MarketResult_SEM-DA_PWR-MRC-D+1_20210613100000_20210613103256.csv
2021-06-14T14:00:00Z,1.0,83.12,2021-06-14,MarketResult_SEM-DA_PWR-MRC-D+1_20210613100000_20210613103256.csv
2021-06-14T15:00:00Z,1.0,97.19,2021-06-14,MarketResult_SEM-DA_PWR-MRC-D+1_20210613100000_20210613103256.csv
2021-06-14T16:00:00Z,1.0,109.65,2021-06-14,MarketResult_SEM-DA_PWR-MRC-D+1_20210613100000_20210613103256.csv
2021-06-14T17:00:00Z,1.0,115.41,2021-06-14,MarketResult_SEM-DA_PWR-MRC-D+1_20210613100000_20210613103256.csv
2021-06-14T18:00:00Z,1.0,112.65,2021-06-14,MarketResult_SEM-DA_PWR-MRC-D+1_20210613100000_20210613103256.csv
2021-06-14T19:00:00Z,1.0,110.0,2021-06-14,MarketResult_SEM-DA_PWR-MRC-D+1_20210613100000_20210613103256.csv
2021-06-14T20:00:00Z,1.0,114.28,2021-06-14,MarketResult_SEM-DA_PWR-MRC-D+1_20210613100000_20210613103256.csv
2021-06-14T21:00:00Z,1.0,108.76,2021-06-14,MarketResult_SEM-DA_PWR-MRC-D+1_20210613100000_20210613103256.csv
2021-06-14T22:00:00Z,1.0,101.01,2021-06-15,MarketResult_SEM-DA_PWR-MRC-D+1_20210614100000_20210614110342.csv
2021-06-14T23:00:00Z,1.0,90.0,2021-06-15,MarketResult_SEM-DA_PWR-MRC-D+1_20210614100000_20210614110342.csv
2021-06-15T00:00:00Z,1.0,87.85,2021-06-15,MarketResult_SEM-DA_PWR-MRC-D+1_20210614100000_20210614110342.csv
2021-06-15T01:00:00Z,1.0,85.81,2021-06-15,MarketResult_SEM-DA_PWR-MRC-D+1_20210614100000_20210614110342.csv
2021-06-15T02:00:00Z,1.0,84.61,2021-06-15,MarketResult_SEM-DA_PWR-MRC-D+1_20210614100000_20210614110342.csv
2021-06-15T03:00:00Z,1.0,84.52,2021-06-15,MarketResult_SEM-DA_PWR-MRC-D+1_20210614100000_20210614110342.csv
2021-06-15T04:00:00Z,1.0,87.91,2021-06-15,MarketResult_SEM-DA_PWR-MRC-D+1_20210614100000_20210614110342.csv
2021-06-15T05:00:00Z,1.0,95.01,2021-06-15,MarketResult_SEM-DA_PWR-MRC-D+1_20210614100000_20210614110342.csv
2021-06-15T06:00:00Z,1.0,107.49,2021-06-15,MarketResult_SEM-DA_PWR-MRC-D+1_20210614100000_20210614110342.csv
2021-06-15T07:00:00Z,1.0,115.0,2021-06-15,MarketResult_SEM-DA_PWR-MRC-D+1_20210614100000_20210614110342.csv
2021-06-15T08:00:00Z,1.0,110.0,2021-06-15,MarketResult_SEM-DA_PWR-MRC-D+1_20210614100000_20210614110342.csv
2021-06-15T09:00:00Z,1.0,92.07,2021-06-15,MarketResult_SEM-DA_PWR-MRC-D+1_20210614100000_20210614110342.csv
2021-06-15T10:00:00Z,1.0,83.75,2021-06-15,MarketResult_SEM-DA_PWR-MRC-D+1_20210614100000_20210614110342.csv
2021-06-15T11:00:00Z,1.0,80.9,2021-06-15,MarketResult_SEM-DA_PWR-MRC-D+1_20210614100000_20210614110342.csv
2021-06-15T12:00:00Z,1.0,71.5,2021-06-15,MarketResult_SEM-DA_PWR-MRC-D+1_20210614100000_20210614110342.csv
2021-06-15T13:00:00Z,1.0,69.94,2021-06-15,MarketResult_SEM-DA_PWR-MRC-D+1_20210614100000_20210614110342.csv
2021-06-15T14:00:00Z,1.0,70.92,2021-06-15,MarketResult_SEM-DA_PWR-MRC-D+1_20210614100000_20210614110342.csv
2021-06-15T15:00:00Z,1.0,83.12,2021-06-15,MarketResult_SEM-DA_PWR-MRC-D+1_20210614100000_20210614110342.csv
2021-06-15T16:00:00Z,1.0,95.24,2021-06-15,MarketResult_SEM-DA_PWR-MRC-D+1_20210614100000_20210614110342.csv
2021-06-15T17:00:00Z,1.0,100.0,2021-06-15,MarketResult_SEM-DA_PWR-MRC-D+1_20210614100000_20210614110342.csv
2021-06-15T18:00:00Z,1.0,98.52,2021-06-15,MarketResult_SEM-DA_PWR-MRC-D+1_20210614100000_20210614110342.csv
2021-06-15T19:00:00Z,1.0,92.55,2021-06-15,MarketResult_SEM-DA_PWR-MRC-D+1_20210614100000_20210614110342.csv
2021-06-15T20:00:00Z,1.0,85.0,2021-06-15,MarketResult_SEM-DA_PWR-MRC-D+1_20210614100000_20210614110342.csv
2021-06-15T21:00:00Z,1.0,83.4,2021-06-15,MarketResult_SEM-DA_PWR-MRC-D+1_20210614100000_20210614110342.csv
2021-06-15T22:00:00Z,1.0,86.14,2021-06-16,MarketResult_SEM-DA_PWR-MRC-D+1_20210615100000_20210615103518.csv
2021-06-15T23:00:00Z,1.0,80.08,2021-06-16,MarketResult_SEM-DA_PWR-MRC-D+1_20210615100000_20210615103518.csv
2021-06-16T00:00:00Z,1.0,71.28,2021-06-16,MarketResult_SEM-DA_PWR-MRC-D+1_20210615100000_20210615103518.csv
2021-06-16T01:00:00Z,1.0,67.0,2021-06-16,MarketResult_SEM-DA_PWR-MRC-D+1_20210615100000_20210615103518.csv
2021-06-16T02:00:00Z,1.0,68.95,2021-06-16,MarketResult_SEM-DA_PWR-MRC-D+1_20210615100000_20210615103518.csv
2021-06-16T03:00:00Z,1.0,75.43,2021-06-16,MarketResult_SEM-DA_PWR-MRC-D+1_20210615100000_20210615103518.csv
2021-06-16T04:00:00Z,1.0,85.24,2021-06-16,MarketResult_SEM-DA_PWR-MRC-D+1_20210615100000_20210615103518.csv
2021-06-16T05:00:00Z,1.0,91.53,2021-06-16,MarketResult_SEM-DA_PWR-MRC-D+1_20210615100000_20210615103518.csv
2021-06-16T06:00:00Z,1.0,98.9,2021-06-16,MarketResult_SEM-DA_PWR-MRC-D+1_20210615100000_20210615103518.csv
2021-06-16T07:00:00Z,1.0,107.0,2021-06-16,MarketResult_SEM-DA_PWR-MRC-D+1_20210615100000_20210615103518.csv
2021-06-16T08:00:00Z,1.0,102.8,2021-06-16,MarketResult_SEM-DA_PWR-MRC-D+1_20210615100000_20210615103518.csv
2021-06-16T09:00:00Z,1.0,93.01,2021-06-16,MarketResult_SEM-DA_PWR-MRC-D+1_20210615100000_20210615103518.csv
2021-06-16T10:00:00Z,1.0,89.17,2021-06-16,MarketResult_SEM-DA_PWR-MRC-D+1_20210615100000_20210615103518.csv
2021-06-16T11:00:00Z,1.0,88.86,2021-06-16,MarketResult_SEM-DA_PWR-MRC-D+1_20210615100000_20210615103518.csv
2021-06-16T12:00:00Z,1.0,85.34,2021-06-16,MarketResult_SEM-DA_PWR-MRC-D+1_20210615100000_20210615103518.csv
2021-06-16T13:00:00Z,1.0,84.89,2021-06-16,MarketResult_SEM-DA_PWR-MRC-D+1_20210615100000_20210615103518.csv
2021-06-16T14:00:00Z,1.0,86.1,2021-06-16,MarketResult_SEM-DA_PWR-MRC-D+1_20210615100000_20210615103518.csv
2021-06-16T15:00:00Z,1.0,100.0,2021-06-16,MarketResult_SEM-DA_PWR-MRC-D+1_20210615100000_20210615103518.csv
2021-06-16T16:00:00Z,1.0,112.49,2021-06-16,MarketResult_SEM-DA_PWR-MRC-D+1_20210615100000_20210615103518.csv
2021-06-16T17:00:00Z,1.0,120.29,2021-06-16,MarketResult_SEM-DA_PWR-MRC-D+1_20210615100000_20210615103518.csv
2021-06-16T18:00:00Z,1.0,119.0,2021-06-16,MarketResult_SEM-DA_PWR-MRC-D+1_20210615100000_20210615103518.csv
2021-06-16T19:00:00Z,1.0,113.6,2021-06-16,MarketResult_SEM-DA_PWR-MRC-D+1_20210615100000_20210615103518.csv
2021-06-16T20:00:00Z,1.0,109.0,2021-06-16,MarketResult_SEM-DA_PWR-MRC-D+1_20210615100000_20210615103518.csv
2021-06-16T21:00:00Z,1.0,98.8,2021-06-16,MarketResult_SEM-DA_PWR-MRC-D+1_20210615100000_20210615103518.csv
2021-06-16T22:00:00Z,1.0,91.64,2021-06-17,MarketResult_SEM-DA_PWR-MRC-D+1_20210616100000_20210616103116.csv
2021-06-16T23:00:00Z,1.0,83.3,2021-06-17,MarketResult_SEM-DA_PWR-MRC-D+1_20210616100000_20210616103116.csv
2021-06-17T00:00:00Z,1.0,77.71,2021-06-17,MarketResult_SEM-DA_PWR-MRC-D+1_20210616100000_20210616103116.csv
2021-06-17T01:00:00Z,1.0,75.11,2021-06-17,MarketResult_SEM-DA_PWR-MRC-D+1_20210616100000_20210616103116.csv
2021-06-17T02:00:00Z,1.0,75.0,2021-06-17,MarketResult_SEM-DA_PWR-MRC-D+1_20210616100000_20210616103116.csv
2021-06-17T03:00:00Z,1.0,75.0,2021-06-17,MarketResult_SEM-DA_PWR-MRC-D+1_20210616100000_20210616103116.csv
2021-06-17T04:00:00Z,1.0,78.83,2021-06-17,MarketResult_SEM-DA_PWR-MRC-D+1_20210616100000_20210616103116.csv
2021-06-17T05:00:00Z,1.0,93.1,2021-06-17,MarketResult_SEM-DA_PWR-MRC-D+1_20210616100000_20210616103116.csv
2021-06-17T06:00:00Z,1.0,114.45,2021-06-17,MarketResult_SEM-DA_PWR-MRC-D+1_20210616100000_20210616103116.csv
2021-06-17T07:00:00Z,1.0,134.4,2021-06-17,MarketResult_SEM-DA_PWR-MRC-D+1_20210616100000_20210616103116.csv
2021-06-17T08:00:00Z,1.0,131.0,2021-06-17,MarketResult_SEM-DA_PWR-MRC-D+1_20210616100000_20210616103116.csv
2021-06-17T09:00:00Z,1.0,118.58,2021-06-17,MarketResult_SEM-DA_PWR-MRC-D+1_20210616100000_20210616103116.csv
2021-06-17T10:00:00Z,1.0,108.55,2021-06-17,MarketResult_SEM-DA_PWR-MRC-D+1_20210616100000_20210616103116.csv
2021-06-17T11:00:00Z,1.0,102.71,2021-06-17,MarketResult_SEM-DA_PWR-MRC-D+1_20210616100000_20210616103116.csv
2021-06-17T12:00:00Z,1.0,88.0,2021-06-17,MarketResult_SEM-DA_PWR-MRC-D+1_20210616100000_20210616103116.csv
2021-06-17T13:00:00Z,1.0,81.8,2021-06-17,MarketResult_SEM-DA_PWR-MRC-D+1_20210616100000_20210616103116.csv
2021-06-17T14:00:00Z,1.0,81.14,2021-06-17,MarketResult_SEM-DA_PWR-MRC-D+1_20210616100000_20210616103116.csv
2021-06-17T15:00:00Z,1.0,91.91,2021-06-17,MarketResult_SEM-DA_PWR-MRC-D+1_20210616100000_20210616103116.csv
2021-06-17T16:00:00Z,1.0,110.68,2021-06-17,MarketResult_SEM-DA_PWR-MRC-D+1_20210616100000_20210616103116.csv
2021-06-17T17:00:00Z,1.0,109.64,2021-06-17,MarketResult_SEM-DA_PWR-MRC-D+1_20210616100000_20210616103116.csv
2021-06-17T18:00:00Z,1.0,110.5,2021-06-17,MarketResult_SEM-DA_PWR-MRC-D+1_20210616100000_20210616103116.csv
2021-06-17T19:00:00Z,1.0,99.0,2021-06-17,MarketResult_SEM-DA_PWR-MRC-D+1_20210616100000_20210616103116.csv
2021-06-17T20:00:00Z,1.0,95.83,2021-06-17,MarketResult_SEM-DA_PWR-MRC-D+1_20210616100000_20210616103116.csv
2021-06-17T21:00:00Z,1.0,88.0,2021-06-17,MarketResult_SEM-DA_PWR-MRC-D+1_20210616100000_20210616103116.csv
2021-06-17T22:00:00Z,1.0,86.89,2021-06-18,MarketResult_SEM-DA_PWR-MRC-D+1_20210617100000_20210617104126.csv
2021-06-17T23:00:00Z,1.0,78.58,2021-06-18,MarketResult_SEM-DA_PWR-MRC-D+1_20210617100000_20210617104126.csv
2021-06-18T00:00:00Z,1.0,74.65,2021-06-18,MarketResult_SEM-DA_PWR-MRC-D+1_20210617100000_20210617104126.csv
2021-06-18T01:00:00Z,1.0,72.7,2021-06-18,MarketResult_SEM-DA_PWR-MRC-D+1_20210617100000_20210617104126.csv
2021-06-18T02:00:00Z,1.0,72.13,2021-06-18,MarketResult_SEM-DA_PWR-MRC-D+1_20210617100000_20210617104126.csv
2021-06-18T03:00:00Z,1.0,74.11,2021-06-18,MarketResult_SEM-DA_PWR-MRC-D+1_20210617100000_20210617104126.csv
2021-06-18T04:00:00Z,1.0,79.41,2021-06-18,MarketResult_SEM-DA_PWR-MRC-D+1_20210617100000_20210617104126.csv
2021-06-18T05:00:00Z,1.0,92.62,2021-06-18,MarketResult_SEM-DA_PWR-MRC-D+1_20210617100000_20210617104126.csv
2021-06-18T06:00:00Z,1.0,109.71,2021-06-18,MarketResult_SEM-DA_PWR-MRC-D+1_20210617100000_20210617104126.csv
2021-06-18T07:00:00Z,1.0,139.93,2021-06-18,MarketResult_SEM-DA_PWR-MRC-D+1_20210617100000_20210617104126.csv
2021-06-18T08:00:00Z,1.0,155.0,2021-06-18,MarketResult_SEM-DA_PWR-MRC-D+1_20210617100000_20210617104126.csv
2021-06-18T09:00:00Z,1.0,155.0,2021-06-18,MarketResult_SEM-DA_PWR-MRC-D+1_20210617100000_20210617104126.csv
2021-06-18T10:00:00Z,1.0,165.0,2021-06-18,MarketResult_SEM-DA_PWR-MRC-D+1_20210617100000_20210617104126.csv
2021-06-18T11:00:00Z,1.0,161.34,2021-06-18,MarketResult_SEM-DA_PWR-MRC-D+1_20210617100000_20210617104126.csv
2021-06-18T12:00:00Z,1.0,141.07,2021-06-18,MarketResult_SEM-DA_PWR-MRC-D+1_20210617100000_20210617104126.csv
2021-06-18T13:00:00Z,1.0,120.0,2021-06-18,MarketResult_SEM-DA_PWR-MRC-D+1_20210617100000_20210617104126.csv
2021-06-18T14:00:00Z,1.0,115.0,2021-06-18,MarketResult_SEM-DA_PWR-MRC-D+1_20210617100000_20210617104126.csv
2021-06-18T15:00:00Z,1.0,117.44,2021-06-18,MarketResult_SEM-DA_PWR-MRC-D+1_20210617100000_20210617104126.csv
2021-06-18T16:00:00Z,1.0,136.83,2021-06-18,MarketResult_SEM-DA_PWR-MRC-D+1_20210617100000_20210617104126.csv
2021-06-18T17:00:00Z,1.0,136.83,2021-06-18,MarketResult_SEM-DA_PWR-MRC-D+1_20210617100000_20210617104126.csv
2021-06-18T18:00:00Z,1.0,131.0,2021-06-18,MarketResult_SEM-DA_PWR-MRC-D+1_20210617100000_20210617104126.csv
2021-06-18T19:00:00Z,1.0,113.52,2021-06-18,MarketResult_SEM-DA_PWR-MRC-D+1_20210617100000_20210617104126.csv
2021-06-18T20:00:00Z,1.0,103.0,2021-06-18,MarketResult_SEM-DA_PWR-MRC-D+1_20210617100000_20210617104126.csv
2021-06-18T21:00:00Z,1.0,96.48,2021-06-18,MarketResult_SEM-DA_PWR-MRC-D+1_20210617100000_20210617104126.csv
2021-06-18T22:00:00Z,1.0,95.0,2021-06-19,MarketResult_SEM-DA_PWR-MRC-D+1_20210618100000_20210618105214.csv
2021-06-18T23:00:00Z,1.0,89.0,2021-06-19,MarketResult_SEM-DA_PWR-MRC-D+1_20210618100000_20210618105214.csv
2021-06-19T00:00:00Z,1.0,81.99,2021-06-19,MarketResult_SEM-DA_PWR-MRC-D+1_20210618100000_20210618105214.csv
2021-06-19T01:00:00Z,1.0,81.81,2021-06-19,MarketResult_SEM-DA_PWR-MRC-D+1_20210618100000_20210618105214.csv
2021-06-19T02:00:00Z,1.0,77.29,2021-06-19,MarketResult_SEM-DA_PWR-MRC-D+1_20210618100000_20210618105214.csv
2021-06-19T03:00:00Z,1.0,76.09,2021-06-19,MarketResult_SEM-DA_PWR-MRC-D+1_20210618100000_20210618105214.csv
2021-06-19T04:00:00Z,1.0,79.0,2021-06-19,MarketResult_SEM-DA_PWR-MRC-D+1_20210618100000_20210618105214.csv
2021-06-19T05:00:00Z,1.0,87.0,2021-06-19,MarketResult_SEM-DA_PWR-MRC-D+1_20210618100000_20210618105214.csv
2021-06-19T06:00:00Z,1.0,89.1,2021-06-19,MarketResult_SEM-DA_PWR-MRC-D+1_20210618100000_20210618105214.csv
2021-06-19T07:00:00Z,1.0,116.6,2021-06-19,MarketResult_SEM-DA_PWR-MRC-D+1_20210618100000_20210618105214.csv
2021-06-19T08:00:00Z,1.0,125.0,2021-06-19,MarketResult_SEM-DA_PWR-MRC-D+1_20210618100000_20210618105214.csv
2021-06-19T09:00:00Z,1.0,113.49,2021-06-19,MarketResult_SEM-DA_PWR-MRC-D+1_20210618100000_20210618105214.csv
2021-06-19T10:00:00Z,1.0,107.3,2021-06-19,MarketResult_SEM-DA_PWR-MRC-D+1_20210618100000_20210618105214.csv
2021-06-19T11:00:00Z,1.0,103.69,2021-06-19,MarketResult_SEM-DA_PWR-MRC-D+1_20210618100000_20210618105214.csv
2021-06-19T12:00:00Z,1.0,90.0,2021-06-19,MarketResult_SEM-DA_PWR-MRC-D+1_20210618100000_20210618105214.csv
2021-06-19T13:00:00Z,1.0,77.0,2021-06-19,MarketResult_SEM-DA_PWR-MRC-D+1_20210618100000_20210618105214.csv
2021-06-19T14:00:00Z,1.0,80.76,2021-06-19,MarketResult_SEM-DA_PWR-MRC-D+1_20210618100000_20210618105214.csv
2021-06-19T15:00:00Z,1.0,92.14,2021-06-19,MarketResult_SEM-DA_PWR-MRC-D+1_20210618100000_20210618105214.csv
2021-06-19T16:00:00Z,1.0,109.3,2021-06-19,MarketResult_SEM-DA_PWR-MRC-D+1_20210618100000_20210618105214.csv
2021-06-19T17:00:00Z,1.0,115.0,2021-06-19,MarketResult_SEM-DA_PWR-MRC-D+1_20210618100000_20210618105214.csv
2021-06-19T18:00:00Z,1.0,114.48,2021-06-19,MarketResult_SEM-DA_PWR-MRC-D+1_20210618100000_20210618105214.csv
2021-06-19T19:00:00Z,1.0,95.67,2021-06-19,MarketResult_SEM-DA_PWR-MRC-D+1_20210618100000_20210618105214.csv
2021-06-19T20:00:00Z,1.0,90.77,2021-06-19,MarketResult_SEM-DA_PWR-MRC-D+1_20210618100000_20210618105214.csv
2021-06-19T21:00:00Z,1.0,85.7,2021-06-19,MarketResult_SEM-DA_PWR-MRC-D+1_20210618100000_20210618105214.csv
2021-06-19T22:00:00Z,1.0,92.32,2021-06-20,MarketResult_SEM-DA_PWR-MRC-D+1_20210619100000_20210619103519.csv
2021-06-19T23:00:00Z,1.0,88.18,2021-06-20,MarketResult_SEM-DA_PWR-MRC-D+1_20210619100000_20210619103519.csv
2021-06-20T00:00:00Z,1.0,91.08,2021-06-20,MarketResult_SEM-DA_PWR-MRC-D+1_20210619100000_20210619103519.csv
2021-06-20T01:00:00Z,1.0,90.0,2021-06-20,MarketResult_SEM-DA_PWR-MRC-D+1_20210619100000_20210619103519.csv
2021-06-20T02:00:00Z,1.0,85.49,2021-06-20,MarketResult_SEM-DA_PWR-MRC-D+1_20210619100000_20210619103519.csv
2021-06-20T03:00:00Z,1.0,82.0,2021-06-20,MarketResult_SEM-DA_PWR-MRC-D+1_20210619100000_20210619103519.csv
2021-06-20T04:00:00Z,1.0,83.01,2021-06-20,MarketResult_SEM-DA_PWR-MRC-D+1_20210619100000_20210619103519.csv
2021-06-20T05:00:00Z,1.0,85.4,2021-06-20,MarketResult_SEM-DA_PWR-MRC-D+1_20210619100000_20210619103519.csv
2021-06-20T06:00:00Z,1.0,85.6,2021-06-20,MarketResult_SEM-DA_PWR-MRC-D+1_20210619100000_20210619103519.csv
2021-06-20T07:00:00Z,1.0,86.56,2021-06-20,MarketResult_SEM-DA_PWR-MRC-D+1_20210619100000_20210619103519.csv
2021-06-20T08:00:00Z,1.0,96.41,2021-06-20,MarketResult_SEM-DA_PWR-MRC-D+1_20210619100000_20210619103519.csv
2021-06-20T09:00:00Z,1.0,106.0,2021-06-20,MarketResult_SEM-DA_PWR-MRC-D+1_20210619100000_20210619103519.csv
2021-06-20T10:00:00Z,1.0,107.4,2021-06-20,MarketResult_SEM-DA_PWR-MRC-D+1_20210619100000_20210619103519.csv
2021-06-20T11:00:00Z,1.0,112.0,2021-06-20,MarketResult_SEM-DA_PWR-MRC-D+1_20210619100000_20210619103519.csv
2021-06-20T12:00:00Z,1.0,97.3,2021-06-20,MarketResult_SEM-DA_PWR-MRC-D+1_20210619100000_20210619103519.csv
2021-06-20T13:00:00Z,1.0,87.8,2021-06-20,MarketResult_SEM-DA_PWR-MRC-D+1_20210619100000_20210619103519.csv
2021-06-20T14:00:00Z,1.0,86.09,2021-06-20,MarketResult_SEM-DA_PWR-MRC-D+1_20210619100000_20210619103519.csv
2021-06-20T15:00:00Z,1.0,96.34,2021-06-20,MarketResult_SEM-DA_PWR-MRC-D+1_20210619100000_20210619103519.csv
2021-06-20T16:00:00Z,1.0,108.63,2021-06-20,MarketResult_SEM-DA_PWR-MRC-D+1_20210619100000_20210619103519.csv
2021-06-20T17:00:00Z,1.0,108.51,2021-06-20,MarketResult_SEM-DA_PWR-MRC-D+1_20210619100000_20210619103519.csv
2021-06-20T18:00:00Z,1.0,101.6,2021-06-20,MarketResult_SEM-DA_PWR-MRC-D+1_20210619100000_20210619103519.csv
2021-06-20T19:00:00Z,1.0,87.1,2021-06-20,MarketResult_SEM-DA_PWR-MRC-D+1_20210619100000_20210619103519.csv
2021-06-20T20:00:00Z,1.0,85.91,2021-06-20,MarketResult_SEM-DA_PWR-MRC-D+1_20210619100000_20210619103519.csv
2021-06-20T21:00:00Z,1.0,80.91,2021-06-20,MarketResult_SEM-DA_PWR-MRC-D+1_20210619100000_20210619103519.csv
2021-06-20T22:00:00Z,1.0,86.34,2021-06-21,MarketResult_SEM-DA_PWR-MRC-D+1_20210620100000_20210620103549.csv
2021-06-20T23:00:00Z,1.0,80.04,2021-06-21,MarketResult_SEM-DA_PWR-MRC-D+1_20210620100000_20210620103549.csv
2021-06-21T00:00:00Z,1.0,77.03,2021-06-21,MarketResult_SEM-DA_PWR-MRC-D+1_20210620100000_20210620103549.csv
2021-06-21T01:00:00Z,1.0,73.29,2021-06-21,MarketResult_SEM-DA_PWR-MRC-D+1_20210620100000_20210620103549.csv
2021-06-21T02:00:00Z,1.0,70.0,2021-06-21,MarketResult_SEM-DA_PWR-MRC-D+1_20210620100000_20210620103549.csv
2021-06-21T03:00:00Z,1.0,64.99,2021-06-21,MarketResult_SEM-DA_PWR-MRC-D+1_20210620100000_20210620103549.csv
2021-06-21T04:00:00Z,1.0,70.0,2021-06-21,MarketResult_SEM-DA_PWR-MRC-D+1_20210620100000_20210620103549.csv
2021-06-21T05:00:00Z,1.0,80.87,2021-06-21,MarketResult_SEM-DA_PWR-MRC-D+1_20210620100000_20210620103549.csv
2021-06-21T06:00:00Z,1.0,86.34,2021-06-21,MarketResult_SEM-DA_PWR-MRC-D+1_20210620100000_20210620103549.csv
2021-06-21T07:00:00Z,1.0,97.78,2021-06-21,MarketResult_SEM-DA_PWR-MRC-D+1_20210620100000_20210620103549.csv
2021-06-21T08:00:00Z,1.0,97.78,2021-06-21,MarketResult_SEM-DA_PWR-MRC-D+1_20210620100000_20210620103549.csv
2021-06-21T09:00:00Z,1.0,95.68,2021-06-21,MarketResult_SEM-DA_PWR-MRC-D+1_20210620100000_20210620103549.csv
2021-06-21T10:00:00Z,1.0,94.34,2021-06-21,MarketResult_SEM-DA_PWR-MRC-D+1_20210620100000_20210620103549.csv
2021-06-21T11:00:00Z,1.0,97.78,2021-06-21,MarketResult_SEM-DA_PWR-MRC-D+1_20210620100000_20210620103549.csv
2021-06-21T12:00:00Z,1.0,86.72,2021-06-21,MarketResult_SEM-DA_PWR-MRC-D+1_20210620100000_20210620103549.csv
2021-06-21T13:00:00Z,1.0,83.0,2021-06-21,MarketResult_SEM-DA_PWR-MRC-D+1_20210620100000_20210620103549.csv
2021-06-21T14:00:00Z,1.0,79.67,2021-06-21,MarketResult_SEM-DA_PWR-MRC-D+1_20210620100000_20210620103549.csv
2021-06-21T15:00:00Z,1.0,90.01,2021-06-21,MarketResult_SEM-DA_PWR-MRC-D+1_20210620100000_20210620103549.csv
2021-06-21T16:00:00Z,1.0,106.7,2021-06-21,MarketResult_SEM-DA_PWR-MRC-D+1_20210620100000_20210620103549.csv
2021-06-21T17:00:00Z,1.0,114.13,2021-06-21,MarketResult_SEM-DA_PWR-MRC-D+1_20210620100000_20210620103549.csv
2021-06-21T18:00:00Z,1.0,101.66,2021-06-21,MarketResult_SEM-DA_PWR-MRC-D+1_20210620100000_20210620103549.csv
2021-06-21T19:00:00Z,1.0,94.34,2021-06-21,MarketResult_SEM-DA_PWR-MRC-D+1_20210620100000_20210620103549.csv
2021-06-21T20:00:00Z,1.0,90.1,2021-06-21,MarketResult_SEM-DA_PWR-MRC-D+1_20210620100000_20210620103549.csv
2021-06-21T21:00:00Z,1.0,83.83,2021-06-21,MarketResult_SEM-DA_PWR-MRC-D+1_20210620100000_20210620103549.csv
2021-06-21T22:00:00Z,1.0,83.8,2021-06-22,MarketResult_SEM-DA_PWR-MRC-D+1_20210621100000_20210621104147.csv
2021-06-21T23:00:00Z,1.0,79.92,2021-06-22,MarketResult_SEM-DA_PWR-MRC-D+1_20210621100000_20210621104147.csv
2021-06-22T00:00:00Z,1.0,79.92,2021-06-22,MarketResult_SEM-DA_PWR-MRC-D+1_20210621100000_20210621104147.csv
2021-06-22T01:00:00Z,1.0,78.04,2021-06-22,MarketResult_SEM-DA_PWR-MRC-D+1_20210621100000_20210621104147.csv
2021-06-22T02:00:00Z,1.0,78.22,2021-06-22,MarketResult_SEM-DA_PWR-MRC-D+1_20210621100000_20210621104147.csv
2021-06-22T03:00:00Z,1.0,78.31,2021-06-22,MarketResult_SEM-DA_PWR-MRC-D+1_20210621100000_20210621104147.csv
2021-06-22T04:00:00Z,1.0,81.59,2021-06-22,MarketResult_SEM-DA_PWR-MRC-D+1_20210621100000_20210621104147.csv
2021-06-22T05:00:00Z,1.0,94.0,2021-06-22,MarketResult_SEM-DA_PWR-MRC-D+1_20210621100000_20210621104147.csv
2021-06-22T06:00:00Z,1.0,107.0,2021-06-22,MarketResult_SEM-DA_PWR-MRC-D+1_20210621100000_20210621104147.csv
2021-06-22T07:00:00Z,1.0,130.4,2021-06-22,MarketResult_SEM-DA_PWR-MRC-D+1_20210621100000_20210621104147.csv
2021-06-22T08:00:00Z,1.0,135.6,2021-06-22,MarketResult_SEM-DA_PWR-MRC-D+1_20210621100000_20210621104147.csv
2021-06-22T09:00:00Z,1.0,134.79,2021-06-22,MarketResult_SEM-DA_PWR-MRC-D+1_20210621100000_20210621104147.csv
2021-06-22T10:00:00Z,1.0,134.21,2021-06-22,MarketResult_SEM-DA_PWR-MRC-D+1_20210621100000_20210621104147.csv
2021-06-22T11:00:00Z,1.0,139.91,2021-06-22,MarketResult_SEM-DA_PWR-MRC-D+1_20210621100000_20210621104147.csv
2021-06-22T12:00:00Z,1.0,124.53,2021-06-22,MarketResult_SEM-DA_PWR-MRC-D+1_20210621100000_20210621104147.csv
2021-06-22T13:00:00Z,1.0,109.0,2021-06-22,MarketResult_SEM-DA_PWR-MRC-D+1_20210621100000_20210621104147.csv
2021-06-22T14:00:00Z,1.0,99.89,2021-06-22,MarketResult_SEM-DA_PWR-MRC-D+1_20210621100000_20210621104147.csv
2021-06-22T15:00:00Z,1.0,106.91,2021-06-22,MarketResult_SEM-DA_PWR-MRC-D+1_20210621100000_20210621104147.csv
2021-06-22T16:00:00Z,1.0,125.0,2021-06-22,MarketResult_SEM-DA_PWR-MRC-D+1_20210621100000_20210621104147.csv
2021-06-22T17:00:00Z,1.0,130.0,2021-06-22,MarketResult_SEM-DA_PWR-MRC-D+1_20210621100000_20210621104147.csv
2021-06-22T18:00:00Z,1.0,125.37,2021-06-22,MarketResult_SEM-DA_PWR-MRC-D+1_20210621100000_20210621104147.csv
2021-06-22T19:00:00Z,1.0,111.0,2021-06-22,MarketResult_SEM-DA_PWR-MRC-D+1_20210621100000_20210621104147.csv
2021-06-22T20:00:00Z,1.0,101.0,2021-06-22,MarketResult_SEM-DA_PWR-MRC-D+1_20210621100000_20210621104147.csv
2021-06-22T21:00:00Z,1.0,90.0,2021-06-22,MarketResult_SEM-DA_PWR-MRC-D+1_20210621100000_20210621104147.csv
2021-06-22T22:00:00Z,1.0,90.0,2021-06-23,MarketResult_SEM-DA_PWR-MRC-D+1_20210622100000_20210622105244.csv
2021-06-22T23:00:00Z,1.0,85.0,2021-06-23,MarketResult_SEM-DA_PWR-MRC-D+1_20210622100000_20210622105244.csv
2021-06-23T00:00:00Z,1.0,80.74,2021-06-23,MarketResult_SEM-DA_PWR-MRC-D+1_20210622100000_20210622105244.csv
2021-06-23T01:00:00Z,1.0,79.84,2021-06-23,MarketResult_SEM-DA_PWR-MRC-D+1_20210622100000_20210622105244.csv
2021-06-23T02:00:00Z,1.0,79.84,2021-06-23,MarketResult_SEM-DA_PWR-MRC-D+1_20210622100000_20210622105244.csv
2021-06-23T03:00:00Z,1.0,79.81,2021-06-23,MarketResult_SEM-DA_PWR-MRC-D+1_20210622100000_20210622105244.csv
2021-06-23T04:00:00Z,1.0,85.0,2021-06-23,MarketResult_SEM-DA_PWR-MRC-D+1_20210622100000_20210622105244.csv
2021-06-23T05:00:00Z,1.0,98.32,2021-06-23,MarketResult_SEM-DA_PWR-MRC-D+1_20210622100000_20210622105244.csv
2021-06-23T06:00:00Z,1.0,120.0,2021-06-23,MarketResult_SEM-DA_PWR-MRC-D+1_20210622100000_20210622105244.csv
2021-06-23T07:00:00Z,1.0,140.0,2021-06-23,MarketResult_SEM-DA_PWR-MRC-D+1_20210622100000_20210622105244.csv
2021-06-23T08:00:00Z,1.0,140.44,2021-06-23,MarketResult_SEM-DA_PWR-MRC-D+1_20210622100000_20210622105244.csv
2021-06-23T09:00:00Z,1.0,147.44,2021-06-23,MarketResult_SEM-DA_PWR-MRC-D+1_20210622100000_20210622105244.csv
2021-06-23T10:00:00Z,1.0,148.2,2021-06-23,MarketResult_SEM-DA_PWR-MRC-D+1_20210622100000_20210622105244.csv
2021-06-23T11:00:00Z,1.0,152.77,2021-06-23,MarketResult_SEM-DA_PWR-MRC-D+1_20210622100000_20210622105244.csv
2021-06-23T12:00:00Z,1.0,128.46,2021-06-23,MarketResult_SEM-DA_PWR-MRC-D+1_20210622100000_20210622105244.csv
2021-06-23T13:00:00Z,1.0,120.0,2021-06-23,MarketResult_SEM-DA_PWR-MRC-D+1_20210622100000_20210622105244.csv
2021-06-23T14:00:00Z,1.0,120.0,2021-06-23,MarketResult_SEM-DA_PWR-MRC-D+1_20210622100000_20210622105244.csv
2021-06-23T15:00:00Z,1.0,132.42,2021-06-23,MarketResult_SEM-DA_PWR-MRC-D+1_20210622100000_20210622105244.csv
2021-06-23T16:00:00Z,1.0,155.25,2021-06-23,MarketResult_SEM-DA_PWR-MRC-D+1_20210622100000_20210622105244.csv
2021-06-23T17:00:00Z,1.0,169.26,2021-06-23,MarketResult_SEM-DA_PWR-MRC-D+1_20210622100000_20210622105244.csv
2021-06-23T18:00:00Z,1.0,169.0,2021-06-23,MarketResult_SEM-DA_PWR-MRC-D+1_20210622100000_20210622105244.csv
2021-06-23T19:00:00Z,1.0,147.0,2021-06-23,MarketResult_SEM-DA_PWR-MRC-D+1_20210622100000_20210622105244.csv
2021-06-23T20:00:00Z,1.0,130.0,2021-06-23,MarketResult_SEM-DA_PWR-MRC-D+1_20210622100000_20210622105244.csv
2021-06-23T21:00:00Z,1.0,101.94,2021-06-23,MarketResult_SEM-DA_PWR-MRC-D+1_20210622100000_20210622105244.csv
2021-06-23T22:00:00Z,1.0,92.69,2021-06-24,MarketResult_SEM-DA_PWR-MRC-D+1_20210623100000_20210623103622.csv
2021-06-23T23:00:00Z,1.0,86.55,2021-06-24,MarketResult_SEM-DA_PWR-MRC-D+1_20210623100000_20210623103622.csv
2021-06-24T00:00:00Z,1.0,84.96,2021-06-24,MarketResult_SEM-DA_PWR-MRC-D+1_20210623100000_20210623103622.csv
2021-06-24T01:00:00Z,1.0,83.6,2021-06-24,MarketResult_SEM-DA_PWR-MRC-D+1_20210623100000_20210623103622.csv
2021-06-24T02:00:00Z,1.0,80.63,2021-06-24,MarketResult_SEM-DA_PWR-MRC-D+1_20210623100000_20210623103622.csv
2021-06-24T03:00:00Z,1.0,78.97,2021-06-24,MarketResult_SEM-DA_PWR-MRC-D+1_20210623100000_20210623103622.csv
2021-06-24T04:00:00Z,1.0,85.01,2021-06-24,MarketResult_SEM-DA_PWR-MRC-D+1_20210623100000_20210623103622.csv
2021-06-24T05:00:00Z,1.0,96.29,2021-06-24,MarketResult_SEM-DA_PWR-MRC-D+1_20210623100000_20210623103622.csv
2021-06-24T06:00:00Z,1.0,119.45,2021-06-24,MarketResult_SEM-DA_PWR-MRC-D+1_20210623100000_20210623103622.csv
2021-06-24T07:00:00Z,1.0,130.9,2021-06-24,MarketResult_SEM-DA_PWR-MRC-D+1_20210623100000_20210623103622.csv
2021-06-24T08:00:00Z,1.0,126.54,2021-06-24,MarketResult_SEM-DA_PWR-MRC-D+1_20210623100000_20210623103622.csv
2021-06-24T09:00:00Z,1.0,120.67,2021-06-24,MarketResult_SEM-DA_PWR-MRC-D+1_20210623100000_20210623103622.csv
2021-06-24T10:00:00Z,1.0,115.4,2021-06-24,MarketResult_SEM-DA_PWR-MRC-D+1_20210623100000_20210623103622.csv
2021-06-24T11:00:00Z,1.0,111.41,2021-06-24,MarketResult_SEM-DA_PWR-MRC-D+1_20210623100000_20210623103622.csv
2021-06-24T12:00:00Z,1.0,96.74,2021-06-24,MarketResult_SEM-DA_PWR-MRC-D+1_20210623100000_20210623103622.csv
2021-06-24T13:00:00Z,1.0,90.79,2021-06-24,MarketResult_SEM-DA_PWR-MRC-D+1_20210623100000_20210623103622.csv
2021-06-24T14:00:00Z,1.0,89.59,2021-06-24,MarketResult_SEM-DA_PWR-MRC-D+1_20210623100000_20210623103622.csv
2021-06-24T15:00:00Z,1.0,98.4,2021-06-24,MarketResult_SEM-DA_PWR-MRC-D+1_20210623100000_20210623103622.csv
2021-06-24T16:00:00Z,1.0,110.09,2021-06-24,MarketResult_SEM-DA_PWR-MRC-D+1_20210623100000_20210623103622.csv
2021-06-24T17:00:00Z,1.0,113.66,2021-06-24,MarketResult_SEM-DA_PWR-MRC-D+1_20210623100000_20210623103622.csv
2021-06-24T18:00:00Z,1.0,110.0,2021-06-24,MarketResult_SEM-DA_PWR-MRC-D+1_20210623100000_20210623103622.csv
2021-06-24T19:00:00Z,1.0,98.14,2021-06-24,MarketResult_SEM-DA_PWR-MRC-D+1_20210623100000_20210623103622.csv
2021-06-24T20:00:00Z,1.0,89.49,2021-06-24,MarketResult_SEM-DA_PWR-MRC-D+1_20210623100000_20210623103622.csv
2021-06-24T21:00:00Z,1.0,83.61,2021-06-24,MarketResult_SEM-DA_PWR-MRC-D+1_20210623100000_20210623103622.csv
2021-06-24T22:00:00Z,1.0,91.0,2021-06-25,MarketResult_SEM-DA_PWR-MRC-D+1_20210624100000_20210624103746.csv
2021-06-24T23:00:00Z,1.0,82.0,2021-06-25,MarketResult_SEM-DA_PWR-MRC-D+1_20210624100000_20210624103746.csv
2021-06-25T00:00:00Z,1.0,77.5,2021-06-25,MarketResult_SEM-DA_PWR-MRC-D+1_20210624100000_20210624103746.csv
2021-06-25T01:00:00Z,1.0,74.1,2021-06-25,MarketResult_SEM-DA_PWR-MRC-D+1_20210624100000_20210624103746.csv
2021-06-25T02:00:00Z,1.0,74.0,2021-06-25,MarketResult_SEM-DA_PWR-MRC-D+1_20210624100000_20210624103746.csv
2021-06-25T03:00:00Z,1.0,75.0,2021-06-25,MarketResult_SEM-DA_PWR-MRC-D+1_20210624100000_20210624103746.csv
2021-06-25T04:00:00Z,1.0,79.67,2021-06-25,MarketResult_SEM-DA_PWR-MRC-D+1_20210624100000_20210624103746.csv
2021-06-25T05:00:00Z,1.0,90.0,2021-06-25,MarketResult_SEM-DA_PWR-MRC-D+1_20210624100000_20210624103746.csv
2021-06-25T06:00:00Z,1.0,95.76,2021-06-25,MarketResult_SEM-DA_PWR-MRC-D+1_20210624100000_20210624103746.csv
2021-06-25T07:00:00Z,1.0,105.54,2021-06-25,MarketResult_SEM-DA_PWR-MRC-D+1_20210624100000_20210624103746.csv
2021-06-25T08:00:00Z,1.0,104.88,2021-06-25,MarketResult_SEM-DA_PWR-MRC-D+1_20210624100000_20210624103746.csv
2021-06-25T09:00:00Z,1.0,96.87,2021-06-25,MarketResult_SEM-DA_PWR-MRC-D+1_20210624100000_20210624103746.csv
2021-06-25T10:00:00Z,1.0,96.57,2021-06-25,MarketResult_SEM-DA_PWR-MRC-D+1_20210624100000_20210624103746.csv
2021-06-25T11:00:00Z,1.0,102.9,2021-06-25,MarketResult_SEM-DA_PWR-MRC-D+1_20210624100000_20210624103746.csv
2021-06-25T12:00:00Z,1.0,93.2,2021-06-25,MarketResult_SEM-DA_PWR-MRC-D+1_20210624100000_20210624103746.csv
2021-06-25T13:00:00Z,1.0,90.1,2021-06-25,MarketResult_SEM-DA_PWR-MRC-D+1_20210624100000_20210624103746.csv
2021-06-25T14:00:00Z,1.0,88.16,2021-06-25,MarketResult_SEM-DA_PWR-MRC-D+1_20210624100000_20210624103746.csv
2021-06-25T15:00:00Z,1.0,96.1,2021-06-25,MarketResult_SEM-DA_PWR-MRC-D+1_20210624100000_20210624103746.csv
2021-06-25T16:00:00Z,1.0,110.8,2021-06-25,MarketResult_SEM-DA_PWR-MRC-D+1_20210624100000_20210624103746.csv
2021-06-25T17:00:00Z,1.0,115.1,2021-06-25,MarketResult_SEM-DA_PWR-MRC-D+1_20210624100000_20210624103746.csv
2021-06-25T18:00:00Z,1.0,111.0,2021-06-25,MarketResult_SEM-DA_PWR-MRC-D+1_20210624100000_20210624103746.csv
2021-06-25T19:00:00Z,1.0,103.4,2021-06-25,MarketResult_SEM-DA_PWR-MRC-D+1_20210624100000_20210624103746.csv
2021-06-25T20:00:00Z,1.0,100.0,2021-06-25,MarketResult_SEM-DA_PWR-MRC-D+1_20210624100000_20210624103746.csv
2021-06-25T21:00:00Z,1.0,97.62,2021-06-25,MarketResult_SEM-DA_PWR-MRC-D+1_20210624100000_20210624103746.csv
2021-06-25T22:00:00Z,1.0,95.55,2021-06-26,MarketResult_SEM-DA_PWR-MRC-D+1_20210625100000_20210625103531.csv
2021-06-25T23:00:00Z,1.0,97.0,2021-06-26,MarketResult_SEM-DA_PWR-MRC-D+1_20210625100000_20210625103531.csv
2021-06-26T00:00:00Z,1.0,89.0,2021-06-26,MarketResult_SEM-DA_PWR-MRC-D+1_20210625100000_20210625103531.csv
2021-06-26T01:00:00Z,1.0,86.51,2021-06-26,MarketResult_SEM-DA_PWR-MRC-D+1_20210625100000_20210625103531.csv
2021-06-26T02:00:00Z,1.0,85.27,2021-06-26,MarketResult_SEM-DA_PWR-MRC-D+1_20210625100000_20210625103531.csv
2021-06-26T03:00:00Z,1.0,84.2,2021-06-26,MarketResult_SEM-DA_PWR-MRC-D+1_20210625100000_20210625103531.csv
2021-06-26T04:00:00Z,1.0,84.94,2021-06-26,MarketResult_SEM-DA_PWR-MRC-D+1_20210625100000_20210625103531.csv
2021-06-26T05:00:00Z,1.0,92.12,2021-06-26,MarketResult_SEM-DA_PWR-MRC-D+1_20210625100000_20210625103531.csv
2021-06-26T06:00:00Z,1.0,93.45,2021-06-26,MarketResult_SEM-DA_PWR-MRC-D+1_20210625100000_20210625103531.csv
2021-06-26T07:00:00Z,1.0,107.77,2021-06-26,MarketResult_SEM-DA_PWR-MRC-D+1_20210625100000_20210625103531.csv
2021-06-26T08:00:00Z,1.0,114.3,2021-06-26,MarketResult_SEM-DA_PWR-MRC-D+1_20210625100000_20210625103531.csv
2021-06-26T09:00:00Z,1.0,112.3,2021-06-26,MarketResult_SEM-DA_PWR-MRC-D+1_20210625100000_20210625103531.csv
2021-06-26T10:00:00Z,1.0,110.01,2021-06-26,MarketResult_SEM-DA_PWR-MRC-D+1_20210625100000_20210625103531.csv
2021-06-26T11:00:00Z,1.0,108.07,2021-06-26,MarketResult_SEM-DA_PWR-MRC-D+1_20210625100000_20210625103531.csv
2021-06-26T12:00:00Z,1.0,94.94,2021-06-26,MarketResult_SEM-DA_PWR-MRC-D+1_20210625100000_20210625103531.csv
2021-06-26T13:00:00Z,1.0,90.0,2021-06-26,MarketResult_SEM-DA_PWR-MRC-D+1_20210625100000_20210625103531.csv
2021-06-26T14:00:00Z,1.0,89.3,2021-06-26,MarketResult_SEM-DA_PWR-MRC-D+1_20210625100000_20210625103531.csv
2021-06-26T15:00:00Z,1.0,92.68,2021-06-26,MarketResult_SEM-DA_PWR-MRC-D+1_20210625100000_20210625103531.csv
2021-06-26T16:00:00Z,1.0,118.45,2021-06-26,MarketResult_SEM-DA_PWR-MRC-D+1_20210625100000_20210625103531.csv
2021-06-26T17:00:00Z,1.0,120.92,2021-06-26,MarketResult_SEM-DA_PWR-MRC-D+1_20210625100000_20210625103531.csv
2021-06-26T18:00:00Z,1.0,118.89,2021-06-26,MarketResult_SEM-DA_PWR-MRC-D+1_20210625100000_20210625103531.csv
2021-06-26T19:00:00Z,1.0,110.35,2021-06-26,MarketResult_SEM-DA_PWR-MRC-D+1_20210625100000_20210625103531.csv
2021-06-26T20:00:00Z,1.0,102.69,2021-06-26,MarketResult_SEM-DA_PWR-MRC-D+1_20210625100000_20210625103531.csv
2021-06-26T21:00:00Z,1.0,95.0,2021-06-26,MarketResult_SEM-DA_PWR-MRC-D+1_20210625100000_20210625103531.csv
2021-06-26T22:00:00Z,1.0,105.0,2021-06-27,MarketResult_SEM-DA_PWR-MRC-D+1_20210626100000_20210626103636.csv
2021-06-26T23:00:00Z,1.0,90.21,2021-06-27,MarketResult_SEM-DA_PWR-MRC-D+1_20210626100000_20210626103636.csv
2021-06-27T00:00:00Z,1.0,88.56,2021-06-27,MarketResult_SEM-DA_PWR-MRC-D+1_20210626100000_20210626103636.csv
2021-06-27T01:00:00Z,1.0,86.08,2021-06-27,MarketResult_SEM-DA_PWR-MRC-D+1_20210626100000_20210626103636.csv
2021-06-27T02:00:00Z,1.0,84.49,2021-06-27,MarketResult_SEM-DA_PWR-MRC-D+1_20210626100000_20210626103636.csv
2021-06-27T03:00:00Z,1.0,81.79,2021-06-27,MarketResult_SEM-DA_PWR-MRC-D+1_20210626100000_20210626103636.csv
2021-06-27T04:00:00Z,1.0,81.79,2021-06-27,MarketResult_SEM-DA_PWR-MRC-D+1_20210626100000_20210626103636.csv
2021-06-27T05:00:00Z,1.0,86.1,2021-06-27,MarketResult_SEM-DA_PWR-MRC-D+1_20210626100000_20210626103636.csv
2021-06-27T06:00:00Z,1.0,84.58,2021-06-27,MarketResult_SEM-DA_PWR-MRC-D+1_20210626100000_20210626103636.csv
2021-06-27T07:00:00Z,1.0,94.07,2021-06-27,MarketResult_SEM-DA_PWR-MRC-D+1_20210626100000_20210626103636.csv
2021-06-27T08:00:00Z,1.0,103.88,2021-06-27,MarketResult_SEM-DA_PWR-MRC-D+1_20210626100000_20210626103636.csv
2021-06-27T09:00:00Z,1.0,108.0,2021-06-27,MarketResult_SEM-DA_PWR-MRC-D+1_20210626100000_20210626103636.csv
2021-06-27T10:00:00Z,1.0,114.0,2021-06-27,MarketResult_SEM-DA_PWR-MRC-D+1_20210626100000_20210626103636.csv
2021-06-27T11:00:00Z,1.0,115.37,2021-06-27,MarketResult_SEM-DA_PWR-MRC-D+1_20210626100000_20210626103636.csv
2021-06-27T12:00:00Z,1.0,101.2,2021-06-27,MarketResult_SEM-DA_PWR-MRC-D+1_20210626100000_20210626103636.csv
2021-06-27T13:00:00Z,1.0,93.33,2021-06-27,MarketResult_SEM-DA_PWR-MRC-D+1_20210626100000_20210626103636.csv
2021-06-27T14:00:00Z,1.0,93.13,2021-06-27,MarketResult_SEM-DA_PWR-MRC-D+1_20210626100000_20210626103636.csv
2021-06-27T15:00:00Z,1.0,103.37,2021-06-27,MarketResult_SEM-DA_PWR-MRC-D+1_20210626100000_20210626103636.csv
2021-06-27T16:00:00Z,1.0,121.9,2021-06-27,MarketResult_SEM-DA_PWR-MRC-D+1_20210626100000_20210626103636.csv
2021-06-27T17:00:00Z,1.0,122.85,2021-06-27,MarketResult_SEM-DA_PWR-MRC-D+1_20210626100000_20210626103636.csv
2021-06-27T18:00:00Z,1.0,122.0,2021-06-27,MarketResult_SEM-DA_PWR-MRC-D+1_20210626100000_20210626103636.csv
2021-06-27T19:00:00Z,1.0,110.2,2021-06-27,MarketResult_SEM-DA_PWR-MRC-D+1_20210626100000_20210626103636.csv
2021-06-27T20:00:00Z,1.0,102.8,2021-06-27,MarketResult_SEM-DA_PWR-MRC-D+1_20210626100000_20210626103636.csv
2021-06-27T21:00:00Z,1.0,95.7,2021-06-27,MarketResult_SEM-DA_PWR-MRC-D+1_20210626100000_20210626103636.csv
2021-06-27T22:00:00Z,1.0,101.48,2021-06-28,MarketResult_SEM-DA_PWR-MRC-D+1_20210627100000_20210627103810.csv
2021-06-27T23:00:00Z,1.0,87.55,2021-06-28,MarketResult_SEM-DA_PWR-MRC-D+1_20210627100000_20210627103810.csv
2021-06-28T00:00:00Z,1.0,83.43,2021-06-28,MarketResult_SEM-DA_PWR-MRC-D+1_20210627100000_20210627103810.csv
2021-06-28T01:00:00Z,1.0,80.96,2021-06-28,MarketResult_SEM-DA_PWR-MRC-D+1_20210627100000_20210627103810.csv
2021-06-28T02:00:00Z,1.0,80.61,2021-06-28,MarketResult_SEM-DA_PWR-MRC-D+1_20210627100000_20210627103810.csv
2021-06-28T03:00:00Z,1.0,80.0,2021-06-28,MarketResult_SEM-DA_PWR-MRC-D+1_20210627100000_20210627103810.csv
2021-06-28T04:00:00Z,1.0,85.69,2021-06-28,MarketResult_SEM-DA_PWR-MRC-D+1_20210627100000_20210627103810.csv
2021-06-28T05:00:00Z,1.0,96.18,2021-06-28,MarketResult_SEM-DA_PWR-MRC-D+1_20210627100000_20210627103810.csv
2021-06-28T06:00:00Z,1.0,106.81,2021-06-28,MarketResult_SEM-DA_PWR-MRC-D+1_20210627100000_20210627103810.csv
2021-06-28T07:00:00Z,1.0,132.45,2021-06-28,MarketResult_SEM-DA_PWR-MRC-D+1_20210627100000_20210627103810.csv
2021-06-28T08:00:00Z,1.0,132.45,2021-06-28,MarketResult_SEM-DA_PWR-MRC-D+1_20210627100000_20210627103810.csv
2021-06-28T09:00:00Z,1.0,126.71,2021-06-28,MarketResult_SEM-DA_PWR-MRC-D+1_20210627100000_20210627103810.csv
2021-06-28T10:00:00Z,1.0,125.0,2021-06-28,MarketResult_SEM-DA_PWR-MRC-D+1_20210627100000_20210627103810.csv
2021-06-28T11:00:00Z,1.0,121.71,2021-06-28,MarketResult_SEM-DA_PWR-MRC-D+1_20210627100000_20210627103810.csv
2021-06-28T12:00:00Z,1.0,106.43,2021-06-28,MarketResult_SEM-DA_PWR-MRC-D+1_20210627100000_20210627103810.csv
2021-06-28T13:00:00Z,1.0,104.51,2021-06-28,MarketResult_SEM-DA_PWR-MRC-D+1_20210627100000_20210627103810.csv
2021-06-28T14:00:00Z,1.0,103.2,2021-06-28,MarketResult_SEM-DA_PWR-MRC-D+1_20210627100000_20210627103810.csv
2021-06-28T15:00:00Z,1.0,132.45,2021-06-28,MarketResult_SEM-DA_PWR-MRC-D+1_20210627100000_20210627103810.csv
2021-06-28T16:00:00Z,1.0,140.44,2021-06-28,MarketResult_SEM-DA_PWR-MRC-D+1_20210627100000_20210627103810.csv
2021-06-28T17:00:00Z,1.0,142.07,2021-06-28,MarketResult_SEM-DA_PWR-MRC-D+1_20210627100000_20210627103810.csv
2021-06-28T18:00:00Z,1.0,132.45,2021-06-28,MarketResult_SEM-DA_PWR-MRC-D+1_20210627100000_20210627103810.csv
2021-06-28T19:00:00Z,1.0,113.7,2021-06-28,MarketResult_SEM-DA_PWR-MRC-D+1_20210627100000_20210627103810.csv
2021-06-28T20:00:00Z,1.0,104.51,2021-06-28,MarketResult_SEM-DA_PWR-MRC-D+1_20210627100000_20210627103810.csv
2021-06-28T21:00:00Z,1.0,94.92,2021-06-28,MarketResult_SEM-DA_PWR-MRC-D+1_20210627100000_20210627103810.csv
2021-06-28T22:00:00Z,1.0,97.47,2021-06-29,MarketResult_SEM-DA_PWR-MRC-D+1_20210628100000_20210628103551.csv
2021-06-28T23:00:00Z,1.0,89.0,2021-06-29,MarketResult_SEM-DA_PWR-MRC-D+1_20210628100000_20210628103551.csv
2021-06-29T00:00:00Z,1.0,85.45,2021-06-29,MarketResult_SEM-DA_PWR-MRC-D+1_20210628100000_20210628103551.csv
2021-06-29T01:00:00Z,1.0,85.4,2021-06-29,MarketResult_SEM-DA_PWR-MRC-D+1_20210628100000_20210628103551.csv
2021-06-29T02:00:00Z,1.0,85.4,2021-06-29,MarketResult_SEM-DA_PWR-MRC-D+1_20210628100000_20210628103551.csv
2021-06-29T03:00:00Z,1.0,85.0,2021-06-29,MarketResult_SEM-DA_PWR-MRC-D+1_20210628100000_20210628103551.csv
2021-06-29T04:00:00Z,1.0,86.44,2021-06-29,MarketResult_SEM-DA_PWR-MRC-D+1_20210628100000_20210628103551.csv
2021-06-29T05:00:00Z,1.0,98.0,2021-06-29,MarketResult_SEM-DA_PWR-MRC-D+1_20210628100000_20210628103551.csv
2021-06-29T06:00:00Z,1.0,112.65,2021-06-29,MarketResult_SEM-DA_PWR-MRC-D+1_20210628100000_20210628103551.csv
2021-06-29T07:00:00Z,1.0,137.15,2021-06-29,MarketResult_SEM-DA_PWR-MRC-D+1_20210628100000_20210628103551.csv
2021-06-29T08:00:00Z,1.0,131.04,2021-06-29,MarketResult_SEM-DA_PWR-MRC-D+1_20210628100000_20210628103551.csv
2021-06-29T09:00:00Z,1.0,131.04,2021-06-29,MarketResult_SEM-DA_PWR-MRC-D+1_20210628100000_20210628103551.csv
2021-06-29T10:00:00Z,1.0,130.45,2021-06-29,MarketResult_SEM-DA_PWR-MRC-D+1_20210628100000_20210628103551.csv
2021-06-29T11:00:00Z,1.0,130.97,2021-06-29,MarketResult_SEM-DA_PWR-MRC-D+1_20210628100000_20210628103551.csv
2021-06-29T12:00:00Z,1.0,116.2,2021-06-29,MarketResult_SEM-DA_PWR-MRC-D+1_20210628100000_20210628103551.csv
2021-06-29T13:00:00Z,1.0,112.5,2021-06-29,MarketResult_SEM-DA_PWR-MRC-D+1_20210628100000_20210628103551.csv
2021-06-29T14:00:00Z,1.0,112.65,2021-06-29,MarketResult_SEM-DA_PWR-MRC-D+1_20210628100000_20210628103551.csv
2021-06-29T15:00:00Z,1.0,125.01,2021-06-29,MarketResult_SEM-DA_PWR-MRC-D+1_20210628100000_20210628103551.csv
2021-06-29T16:00:00Z,1.0,140.42,2021-06-29,MarketResult_SEM-DA_PWR-MRC-D+1_20210628100000_20210628103551.csv
2021-06-29T17:00:00Z,1.0,140.1,2021-06-29,MarketResult_SEM-DA_PWR-MRC-D+1_20210628100000_20210628103551.csv
2021-06-29T18:00:00Z,1.0,126.3,2021-06-29,MarketResult_SEM-DA_PWR-MRC-D+1_20210628100000_20210628103551.csv
2021-06-29T19:00:00Z,1.0,116.0,2021-06-29,MarketResult_SEM-DA_PWR-MRC-D+1_20210628100000_20210628103551.csv
2021-06-29T20:00:00Z,1.0,105.0,2021-06-29,MarketResult_SEM-DA_PWR-MRC-D+1_20210628100000_20210628103551.csv
2021-06-29T21:00:00Z,1.0,100.91,2021-06-29,MarketResult_SEM-DA_PWR-MRC-D+1_20210628100000_20210628103551.csv
2021-06-29T22:00:00Z,1.0,94.96,2021-06-30,MarketResult_SEM-DA_PWR-MRC-D+1_20210629100000_20210629103556.csv
2021-06-29T23:00:00Z,1.0,91.12,2021-06-30,MarketResult_SEM-DA_PWR-MRC-D+1_20210629100000_20210629103556.csv
2021-06-30T00:00:00Z,1.0,89.26,2021-06-30,MarketResult_SEM-DA_PWR-MRC-D+1_20210629100000_20210629103556.csv
2021-06-30T01:00:00Z,1.0,88.0,2021-06-30,MarketResult_SEM-DA_PWR-MRC-D+1_20210629100000_20210629103556.csv
2021-06-30T02:00:00Z,1.0,85.54,2021-06-30,MarketResult_SEM-DA_PWR-MRC-D+1_20210629100000_20210629103556.csv
2021-06-30T03:00:00Z,1.0,83.75,2021-06-30,MarketResult_SEM-DA_PWR-MRC-D+1_20210629100000_20210629103556.csv
2021-06-30T04:00:00Z,1.0,89.59,2021-06-30,MarketResult_SEM-DA_PWR-MRC-D+1_20210629100000_20210629103556.csv
2021-06-30T05:00:00Z,1.0,98.7,2021-06-30,MarketResult_SEM-DA_PWR-MRC-D+1_20210629100000_20210629103556.csv
2021-06-30T06:00:00Z,1.0,118.12,2021-06-30,MarketResult_SEM-DA_PWR-MRC-D+1_20210629100000_20210629103556.csv
2021-06-30T07:00:00Z,1.0,155.3,2021-06-30,MarketResult_SEM-DA_PWR-MRC-D+1_20210629100000_20210629103556.csv
2021-06-30T08:00:00Z,1.0,158.18,2021-06-30,MarketResult_SEM-DA_PWR-MRC-D+1_20210629100000_20210629103556.csv
2021-06-30T09:00:00Z,1.0,151.0,2021-06-30,MarketResult_SEM-DA_PWR-MRC-D+1_20210629100000_20210629103556.csv
2021-06-30T10:00:00Z,1.0,155.0,2021-06-30,MarketResult_SEM-DA_PWR-MRC-D+1_20210629100000_20210629103556.csv
2021-06-30T11:00:00Z,1.0,165.0,2021-06-30,MarketResult_SEM-DA_PWR-MRC-D+1_20210629100000_20210629103556.csv
2021-06-30T12:00:00Z,1.0,145.2,2021-06-30,MarketResult_SEM-DA_PWR-MRC-D+1_20210629100000_20210629103556.csv
2021-06-30T13:00:00Z,1.0,132.7,2021-06-30,MarketResult_SEM-DA_PWR-MRC-D+1_20210629100000_20210629103556.csv
2021-06-30T14:00:00Z,1.0,125.8,2021-06-30,MarketResult_SEM-DA_PWR-MRC-D+1_20210629100000_20210629103556.csv
2021-06-30T15:00:00Z,1.0,138.7,2021-06-30,MarketResult_SEM-DA_PWR-MRC-D+1_20210629100000_20210629103556.csv
2021-06-30T16:00:00Z,1.0,152.66,2021-06-30,MarketResult_SEM-DA_PWR-MRC-D+1_20210629100000_20210629103556.csv
2021-06-30T17:00:00Z,1.0,153.5,2021-06-30,MarketResult_SEM-DA_PWR-MRC-D+1_20210629100000_20210629103556.csv
2021-06-30T18:00:00Z,1.0,138.42,2021-06-30,MarketResult_SEM-DA_PWR-MRC-D+1_20210629100000_20210629103556.csv
2021-06-30T19:00:00Z,1.0,120.47,2021-06-30,MarketResult_SEM-DA_PWR-MRC-D+1_20210629100000_20210629103556.csv
2021-06-30T20:00:00Z,1.0,111.23,2021-06-30,MarketResult_SEM-DA_PWR-MRC-D+1_20210629100000_20210629103556.csv
2021-06-30T21:00:00Z,1.0,108.05,2021-06-30,MarketResult_SEM-DA_PWR-MRC-D+1_20210629100000_20210629103556.csv
2021-06-30T22:00:00Z,1.0,104.0,2021-07-01,MarketResult_SEM-DA_PWR-MRC-D+1_20210630100000_20210630103605.csv
2021-06-30T23:00:00Z,1.0,96.37,2021-07-01,MarketResult_SEM-DA_PWR-MRC-D+1_20210630100000_20210630103605.csv
2021-07-01T00:00:00Z,1.0,93.5,2021-07-01,MarketResult_SEM-DA_PWR-MRC-D+1_20210630100000_20210630103605.csv
2021-07-01T01:00:00Z,1.0,92.0,2021-07-01,MarketResult_SEM-DA_PWR-MRC-D+1_20210630100000_20210630103605.csv
2021-07-01T02:00:00Z,1.0,91.4,2021-07-01,MarketResult_SEM-DA_PWR-MRC-D+1_20210630100000_20210630103605.csv
2021-07-01T03:00:00Z,1.0,91.66,2021-07-01,MarketResult_SEM-DA_PWR-MRC-D+1_20210630100000_20210630103605.csv
2021-07-01T04:00:00Z,1.0,93.52,2021-07-01,MarketResult_SEM-DA_PWR-MRC-D+1_20210630100000_20210630103605.csv
2021-07-01T05:00:00Z,1.0,102.96,2021-07-01,MarketResult_SEM-DA_PWR-MRC-D+1_20210630100000_20210630103605.csv
2021-07-01T06:00:00Z,1.0,142.36,2021-07-01,MarketResult_SEM-DA_PWR-MRC-D+1_20210630100000_20210630103605.csv
2021-07-01T07:00:00Z,1.0,174.87,2021-07-01,MarketResult_SEM-DA_PWR-MRC-D+1_20210630100000_20210630103605.csv
2021-07-01T08:00:00Z,1.0,184.72,2021-07-01,MarketResult_SEM-DA_PWR-MRC-D+1_20210630100000_20210630103605.csv
2021-07-01T09:00:00Z,1.0,192.97,2021-07-01,MarketResult_SEM-DA_PWR-MRC-D+1_20210630100000_20210630103605.csv
2021-07-01T10:00:00Z,1.0,194.0,2021-07-01,MarketResult_SEM-DA_PWR-MRC-D+1_20210630100000_20210630103605.csv
2021-07-01T11:00:00Z,1.0,208.86,2021-07-01,MarketResult_SEM-DA_PWR-MRC-D+1_20210630100000_20210630103605.csv
2021-07-01T12:00:00Z,1.0,199.0,2021-07-01,MarketResult_SEM-DA_PWR-MRC-D+1_20210630100000_20210630103605.csv
2021-07-01T13:00:00Z,1.0,179.05,2021-07-01,MarketResult_SEM-DA_PWR-MRC-D+1_20210630100000_20210630103605.csv
2021-07-01T14:00:00Z,1.0,170.0,2021-07-01,MarketResult_SEM-DA_PWR-MRC-D+1_20210630100000_20210630103605.csv
2021-07-01T15:00:00Z,1.0,180.74,2021-07-01,MarketResult_SEM-DA_PWR-MRC-D+1_20210630100000_20210630103605.csv
2021-07-01T16:00:00Z,1.0,199.0,2021-07-01,MarketResult_SEM-DA_PWR-MRC-D+1_20210630100000_20210630103605.csv
2021-07-01T17:00:00Z,1.0,174.87,2021-07-01,MarketResult_SEM-DA_PWR-MRC-D+1_20210630100000_20210630103605.csv
2021-07-01T18:00:00Z,1.0,167.0,2021-07-01,MarketResult_SEM-DA_PWR-MRC-D+1_20210630100000_20210630103605.csv
2021-07-01T19:00:00Z,1.0,159.54,2021-07-01,MarketResult_SEM-DA_PWR-MRC-D+1_20210630100000_20210630103605.csv
2021-07-01T20:00:00Z,1.0,131.11,2021-07-01,MarketResult_SEM-DA_PWR-MRC-D+1_20210630100000_20210630103605.csv
2021-07-01T21:00:00Z,1.0,114.93,2021-07-01,MarketResult_SEM-DA_PWR-MRC-D+1_20210630100000_20210630103605.csv
2021-07-01T22:00:00Z,1.0,111.95,2021-07-02,MarketResult_SEM-DA_PWR-MRC-D+1_20210701100000_20210701103951.csv
2021-07-01T23:00:00Z,1.0,105.0,2021-07-02,MarketResult_SEM-DA_PWR-MRC-D+1_20210701100000_20210701103951.csv
2021-07-02T00:00:00Z,1.0,102.0,2021-07-02,MarketResult_SEM-DA_PWR-MRC-D+1_20210701100000_20210701103951.csv
2021-07-02T01:00:00Z,1.0,100.08,2021-07-02,MarketResult_SEM-DA_PWR-MRC-D+1_20210701100000_20210701103951.csv
2021-07-02T02:00:00Z,1.0,98.76,2021-07-02,MarketResult_SEM-DA_PWR-MRC-D+1_20210701100000_20210701103951.csv
2021-07-02T03:00:00Z,1.0,99.68,2021-07-02,MarketResult_SEM-DA_PWR-MRC-D+1_20210701100000_20210701103951.csv
2021-07-02T04:00:00Z,1.0,100.29,2021-07-02,MarketResult_SEM-DA_PWR-MRC-D+1_20210701100000_20210701103951.csv
2021-07-02T05:00:00Z,1.0,109.01,2021-07-02,MarketResult_SEM-DA_PWR-MRC-D+1_20210701100000_20210701103951.csv
2021-07-02T06:00:00Z,1.0,136.0,2021-07-02,MarketResult_SEM-DA_PWR-MRC-D+1_20210701100000_20210701103951.csv
2021-07-02T07:00:00Z,1.0,195.0,2021-07-02,MarketResult_SEM-DA_PWR-MRC-D+1_20210701100000_20210701103951.csv
2021-07-02T08:00:00Z,1.0,195.0,2021-07-02,MarketResult_SEM-DA_PWR-MRC-D+1_20210701100000_20210701103951.csv
2021-07-02T09:00:00Z,1.0,186.92,2021-07-02,MarketResult_SEM-DA_PWR-MRC-D+1_20210701100000_20210701103951.csv
2021-07-02T10:00:00Z,1.0,172.0,2021-07-02,MarketResult_SEM-DA_PWR-MRC-D+1_20210701100000_20210701103951.csv
2021-07-02T11:00:00Z,1.0,170.0,2021-07-02,MarketResult_SEM-DA_PWR-MRC-D+1_20210701100000_20210701103951.csv
2021-07-02T12:00:00Z,1.0,150.14,2021-07-02,MarketResult_SEM-DA_PWR-MRC-D+1_20210701100000_20210701103951.csv
2021-07-02T13:00:00Z,1.0,130.0,2021-07-02,MarketResult_SEM-DA_PWR-MRC-D+1_20210701100000_20210701103951.csv
2021-07-02T14:00:00Z,1.0,119.66,2021-07-02,MarketResult_SEM-DA_PWR-MRC-D+1_20210701100000_20210701103951.csv
2021-07-02T15:00:00Z,1.0,121.06,2021-07-02,MarketResult_SEM-DA_PWR-MRC-D+1_20210701100000_20210701103951.csv
2021-07-02T16:00:00Z,1.0,148.36,2021-07-02,MarketResult_SEM-DA_PWR-MRC-D+1_20210701100000_20210701103951.csv
2021-07-02T17:00:00Z,1.0,150.0,2021-07-02,MarketResult_SEM-DA_PWR-MRC-D+1_20210701100000_20210701103951.csv
2021-07-02T18:00:00Z,1.0,137.1,2021-07-02,MarketResult_SEM-DA_PWR-MRC-D+1_20210701100000_20210701103951.csv
2021-07-02T19:00:00Z,1.0,116.6,2021-07-02,MarketResult_SEM-DA_PWR-MRC-D+1_20210701100000_20210701103951.csv
2021-07-02T20:00:00Z,1.0,107.5,2021-07-02,MarketResult_SEM-DA_PWR-MRC-D+1_20210701100000_20210701103951.csv
2021-07-02T21:00:00Z,1.0,102.26,2021-07-02,MarketResult_SEM-DA_PWR-MRC-D+1_20210701100000_20210701103951.csv
2021-07-02T22:00:00Z,1.0,101.64,2021-07-03,MarketResult_SEM-DA_PWR-MRC-D+1_20210702100000_20210702103659.csv
2021-07-02T23:00:00Z,1.0,99.16,2021-07-03,MarketResult_SEM-DA_PWR-MRC-D+1_20210702100000_20210702103659.csv
2021-07-03T00:00:00Z,1.0,95.16,2021-07-03,MarketResult_SEM-DA_PWR-MRC-D+1_20210702100000_20210702103659.csv
2021-07-03T01:00:00Z,1.0,92.64,2021-07-03,MarketResult_SEM-DA_PWR-MRC-D+1_20210702100000_20210702103659.csv
2021-07-03T02:00:00Z,1.0,91.61,2021-07-03,MarketResult_SEM-DA_PWR-MRC-D+1_20210702100000_20210702103659.csv
2021-07-03T03:00:00Z,1.0,90.24,2021-07-03,MarketResult_SEM-DA_PWR-MRC-D+1_20210702100000_20210702103659.csv
2021-07-03T04:00:00Z,1.0,91.04,2021-07-03,MarketResult_SEM-DA_PWR-MRC-D+1_20210702100000_20210702103659.csv
2021-07-03T05:00:00Z,1.0,96.63,2021-07-03,MarketResult_SEM-DA_PWR-MRC-D+1_20210702100000_20210702103659.csv
2021-07-03T06:00:00Z,1.0,99.07,2021-07-03,MarketResult_SEM-DA_PWR-MRC-D+1_20210702100000_20210702103659.csv
2021-07-03T07:00:00Z,1.0,108.19,2021-07-03,MarketResult_SEM-DA_PWR-MRC-D+1_20210702100000_20210702103659.csv
2021-07-03T08:00:00Z,1.0,128.0,2021-07-03,MarketResult_SEM-DA_PWR-MRC-D+1_20210702100000_20210702103659.csv
2021-07-03T09:00:00Z,1.0,131.47,2021-07-03,MarketResult_SEM-DA_PWR-MRC-D+1_20210702100000_20210702103659.csv
2021-07-03T10:00:00Z,1.0,132.36,2021-07-03,MarketResult_SEM-DA_PWR-MRC-D+1_20210702100000_20210702103659.csv
2021-07-03T11:00:00Z,1.0,131.47,2021-07-03,MarketResult_SEM-DA_PWR-MRC-D+1_20210702100000_20210702103659.csv
2021-07-03T12:00:00Z,1.0,103.71,2021-07-03,MarketResult_SEM-DA_PWR-MRC-D+1_20210702100000_20210702103659.csv
2021-07-03T13:00:00Z,1.0,95.0,2021-07-03,MarketResult_SEM-DA_PWR-MRC-D+1_20210702100000_20210702103659.csv
2021-07-03T14:00:00Z,1.0,94.0,2021-07-03,MarketResult_SEM-DA_PWR-MRC-D+1_20210702100000_20210702103659.csv
2021-07-03T15:00:00Z,1.0,99.52,2021-07-03,MarketResult_SEM-DA_PWR-MRC-D+1_20210702100000_20210702103659.csv
2021-07-03T16:00:00Z,1.0,123.5,2021-07-03,MarketResult_SEM-DA_PWR-MRC-D+1_20210702100000_20210702103659.csv
2021-07-03T17:00:00Z,1.0,134.4,2021-07-03,MarketResult_SEM-DA_PWR-MRC-D+1_20210702100000_20210702103659.csv
2021-07-03T18:00:00Z,1.0,122.0,2021-07-03,MarketResult_SEM-DA_PWR-MRC-D+1_20210702100000_20210702103659.csv
2021-07-03T19:00:00Z,1.0,109.3,2021-07-03,MarketResult_SEM-DA_PWR-MRC-D+1_20210702100000_20210702103659.csv
2021-07-03T20:00:00Z,1.0,106.33,2021-07-03,MarketResult_SEM-DA_PWR-MRC-D+1_20210702100000_20210702103659.csv
2021-07-03T21:00:00Z,1.0,107.7,2021-07-03,MarketResult_SEM-DA_PWR-MRC-D+1_20210702100000_20210702103659.csv
2021-07-03T22:00:00Z,1.0,115.5,2021-07-04,MarketResult_SEM-DA_PWR-MRC-D+1_20210703100000_20210703103714.csv
2021-07-03T23:00:00Z,1.0,103.71,2021-07-04,MarketResult_SEM-DA_PWR-MRC-D+1_20210703100000_20210703103714.csv
2021-07-04T00:00:00Z,1.0,99.51,2021-07-04,MarketResult_SEM-DA_PWR-MRC-D+1_20210703100000_20210703103714.csv
2021-07-04T01:00:00Z,1.0,96.07,2021-07-04,MarketResult_SEM-DA_PWR-MRC-D+1_20210703100000_20210703103714.csv
2021-07-04T02:00:00Z,1.0,96.31,2021-07-04,MarketResult_SEM-DA_PWR-MRC-D+1_20210703100000_20210703103714.csv
2021-07-04T03:00:00Z,1.0,94.71,2021-07-04,MarketResult_SEM-DA_PWR-MRC-D+1_20210703100000_20210703103714.csv
2021-07-04T04:00:00Z,1.0,93.4,2021-07-04,MarketResult_SEM-DA_PWR-MRC-D+1_20210703100000_20210703103714.csv
2021-07-04T05:00:00Z,1.0,95.54,2021-07-04,MarketResult_SEM-DA_PWR-MRC-D+1_20210703100000_20210703103714.csv
2021-07-04T06:00:00Z,1.0,97.18,2021-07-04,MarketResult_SEM-DA_PWR-MRC-D+1_20210703100000_20210703103714.csv
2021-07-04T07:00:00Z,1.0,110.21,2021-07-04,MarketResult_SEM-DA_PWR-MRC-D+1_20210703100000_20210703103714.csv
2021-07-04T08:00:00Z,1.0,120.96,2021-07-04,MarketResult_SEM-DA_PWR-MRC-D+1_20210703100000_20210703103714.csv
2021-07-04T09:00:00Z,1.0,135.0,2021-07-04,MarketResult_SEM-DA_PWR-MRC-D+1_20210703100000_20210703103714.csv
2021-07-04T10:00:00Z,1.0,138.13,2021-07-04,MarketResult_SEM-DA_PWR-MRC-D+1_20210703100000_20210703103714.csv
2021-07-04T11:00:00Z,1.0,138.0,2021-07-04,MarketResult_SEM-DA_PWR-MRC-D+1_20210703100000_20210703103714.csv
2021-07-04T12:00:00Z,1.0,113.93,2021-07-04,MarketResult_SEM-DA_PWR-MRC-D+1_20210703100000_20210703103714.csv
2021-07-04T13:00:00Z,1.0,101.54,2021-07-04,MarketResult_SEM-DA_PWR-MRC-D+1_20210703100000_20210703103714.csv
2021-07-04T14:00:00Z,1.0,98.89,2021-07-04,MarketResult_SEM-DA_PWR-MRC-D+1_20210703100000_20210703103714.csv
2021-07-04T15:00:00Z,1.0,99.59,2021-07-04,MarketResult_SEM-DA_PWR-MRC-D+1_20210703100000_20210703103714.csv
2021-07-04T16:00:00Z,1.0,124.8,2021-07-04,MarketResult_SEM-DA_PWR-MRC-D+1_20210703100000_20210703103714.csv
2021-07-04T17:00:00Z,1.0,130.3,2021-07-04,MarketResult_SEM-DA_PWR-MRC-D+1_20210703100000_20210703103714.csv
2021-07-04T18:00:00Z,1.0,122.3,2021-07-04,MarketResult_SEM-DA_PWR-MRC-D+1_20210703100000_20210703103714.csv
2021-07-04T19:00:00Z,1.0,112.2,2021-07-04,MarketResult_SEM-DA_PWR-MRC-D+1_20210703100000_20210703103714.csv
2021-07-04T20:00:00Z,1.0,110.18,2021-07-04,MarketResult_SEM-DA_PWR-MRC-D+1_20210703100000_20210703103714.csv
2021-07-04T21:00:00Z,1.0,99.74,2021-07-04,MarketResult_SEM-DA_PWR-MRC-D+1_20210703100000_20210703103714.csv
2021-07-04T22:00:00Z,1.0,105.0,2021-07-05,MarketResult_SEM-DA_PWR-MRC-D+1_20210704100000_20210704103816.csv
2021-07-04T23:00:00Z,1.0,92.09,2021-07-05,MarketResult_SEM-DA_PWR-MRC-D+1_20210704100000_20210704103816.csv
2021-07-05T00:00:00Z,1.0,87.87,2021-07-05,MarketResult_SEM-DA_PWR-MRC-D+1_20210704100000_20210704103816.csv
2021-07-05T01:00:00Z,1.0,84.0,2021-07-05,MarketResult_SEM-DA_PWR-MRC-D+1_20210704100000_20210704103816.csv
2021-07-05T02:00:00Z,1.0,82.61,2021-07-05,MarketResult_SEM-DA_PWR-MRC-D+1_20210704100000_20210704103816.csv
2021-07-05T03:00:00Z,1.0,81.42,2021-07-05,MarketResult_SEM-DA_PWR-MRC-D+1_20210704100000_20210704103816.csv
2021-07-05T04:00:00Z,1.0,91.0,2021-07-05,MarketResult_SEM-DA_PWR-MRC-D+1_20210704100000_20210704103816.csv
2021-07-05T05:00:00Z,1.0,103.41,2021-07-05,MarketResult_SEM-DA_PWR-MRC-D+1_20210704100000_20210704103816.csv
2021-07-05T06:00:00Z,1.0,117.62,2021-07-05,MarketResult_SEM-DA_PWR-MRC-D+1_20210704100000_20210704103816.csv
2021-07-05T07:00:00Z,1.0,133.0,2021-07-05,MarketResult_SEM-DA_PWR-MRC-D+1_20210704100000_20210704103816.csv
2021-07-05T08:00:00Z,1.0,141.0,2021-07-05,MarketResult_SEM-DA_PWR-MRC-D+1_20210704100000_20210704103816.csv
2021-07-05T09:00:00Z,1.0,140.0,2021-07-05,MarketResult_SEM-DA_PWR-MRC-D+1_20210704100000_20210704103816.csv
2021-07-05T10:00:00Z,1.0,138.13,2021-07-05,MarketResult_SEM-DA_PWR-MRC-D+1_20210704100000_20210704103816.csv
2021-07-05T11:00:00Z,1.0,144.0,2021-07-05,MarketResult_SEM-DA_PWR-MRC-D+1_20210704100000_20210704103816.csv
2021-07-05T12:00:00Z,1.0,142.65,2021-07-05,MarketResult_SEM-DA_PWR-MRC-D+1_20210704100000_20210704103816.csv
2021-07-05T13:00:00Z,1.0,135.0,2021-07-05,MarketResult_SEM-DA_PWR-MRC-D+1_20210704100000_20210704103816.csv
2021-07-05T14:00:00Z,1.0,129.74,2021-07-05,MarketResult_SEM-DA_PWR-MRC-D+1_20210704100000_20210704103816.csv
2021-07-05T15:00:00Z,1.0,145.0,2021-07-05,MarketResult_SEM-DA_PWR-MRC-D+1_20210704100000_20210704103816.csv
2021-07-05T16:00:00Z,1.0,159.05,2021-07-05,MarketResult_SEM-DA_PWR-MRC-D+1_20210704100000_20210704103816.csv
2021-07-05T17:00:00Z,1.0,161.73,2021-07-05,MarketResult_SEM-DA_PWR-MRC-D+1_20210704100000_20210704103816.csv
2021-07-05T18:00:00Z,1.0,149.0,2021-07-05,MarketResult_SEM-DA_PWR-MRC-D+1_20210704100000_20210704103816.csv
2021-07-05T19:00:00Z,1.0,132.98,2021-07-05,MarketResult_SEM-DA_PWR-MRC-D+1_20210704100000_20210704103816.csv
2021-07-05T20:00:00Z,1.0,116.96,2021-07-05,MarketResult_SEM-DA_PWR-MRC-D+1_20210704100000_20210704103816.csv
2021-07-05T21:00:00Z,1.0,114.04,2021-07-05,MarketResult_SEM-DA_PWR-MRC-D+1_20210704100000_20210704103816.csv
2021-07-05T22:00:00Z,1.0,115.87,2021-07-06,MarketResult_SEM-DA_PWR-MRC-D+1_20210705100000_20210705103722.csv
2021-07-05T23:00:00Z,1.0,107.01,2021-07-06,MarketResult_SEM-DA_PWR-MRC-D+1_20210705100000_20210705103722.csv
2021-07-06T00:00:00Z,1.0,100.73,2021-07-06,MarketResult_SEM-DA_PWR-MRC-D+1_20210705100000_20210705103722.csv
2021-07-06T01:00:00Z,1.0,98.47,2021-07-06,MarketResult_SEM-DA_PWR-MRC-D+1_20210705100000_20210705103722.csv
2021-07-06T02:00:00Z,1.0,93.9,2021-07-06,MarketResult_SEM-DA_PWR-MRC-D+1_20210705100000_20210705103722.csv
2021-07-06T03:00:00Z,1.0,92.66,2021-07-06,MarketResult_SEM-DA_PWR-MRC-D+1_20210705100000_20210705103722.csv
2021-07-06T04:00:00Z,1.0,93.32,2021-07-06,MarketResult_SEM-DA_PWR-MRC-D+1_20210705100000_20210705103722.csv
2021-07-06T05:00:00Z,1.0,100.95,2021-07-06,MarketResult_SEM-DA_PWR-MRC-D+1_20210705100000_20210705103722.csv
2021-07-06T06:00:00Z,1.0,107.0,2021-07-06,MarketResult_SEM-DA_PWR-MRC-D+1_20210705100000_20210705103722.csv
2021-07-06T07:00:00Z,1.0,129.25,2021-07-06,MarketResult_SEM-DA_PWR-MRC-D+1_20210705100000_20210705103722.csv
2021-07-06T08:00:00Z,1.0,134.61,2021-07-06,MarketResult_SEM-DA_PWR-MRC-D+1_20210705100000_20210705103722.csv
2021-07-06T09:00:00Z,1.0,131.88,2021-07-06,MarketResult_SEM-DA_PWR-MRC-D+1_20210705100000_20210705103722.csv
2021-07-06T10:00:00Z,1.0,121.73,2021-07-06,MarketResult_SEM-DA_PWR-MRC-D+1_20210705100000_20210705103722.csv
2021-07-06T11:00:00Z,1.0,119.59,2021-07-06,MarketResult_SEM-DA_PWR-MRC-D+1_20210705100000_20210705103722.csv
2021-07-06T12:00:00Z,1.0,103.45,2021-07-06,MarketResult_SEM-DA_PWR-MRC-D+1_20210705100000_20210705103722.csv
2021-07-06T13:00:00Z,1.0,99.31,2021-07-06,MarketResult_SEM-DA_PWR-MRC-D+1_20210705100000_20210705103722.csv
2021-07-06T14:00:00Z,1.0,97.36,2021-07-06,MarketResult_SEM-DA_PWR-MRC-D+1_20210705100000_20210705103722.csv
2021-07-06T15:00:00Z,1.0,104.6,2021-07-06,MarketResult_SEM-DA_PWR-MRC-D+1_20210705100000_20210705103722.csv
2021-07-06T16:00:00Z,1.0,124.5,2021-07-06,MarketResult_SEM-DA_PWR-MRC-D+1_20210705100000_20210705103722.csv
2021-07-06T17:00:00Z,1.0,126.98,2021-07-06,MarketResult_SEM-DA_PWR-MRC-D+1_20210705100000_20210705103722.csv
2021-07-06T18:00:00Z,1.0,119.0,2021-07-06,MarketResult_SEM-DA_PWR-MRC-D+1_20210705100000_20210705103722.csv
2021-07-06T19:00:00Z,1.0,108.5,2021-07-06,MarketResult_SEM-DA_PWR-MRC-D+1_20210705100000_20210705103722.csv
2021-07-06T20:00:00Z,1.0,104.0,2021-07-06,MarketResult_SEM-DA_PWR-MRC-D+1_20210705100000_20210705103722.csv
2021-07-06T21:00:00Z,1.0,101.32,2021-07-06,MarketResult_SEM-DA_PWR-MRC-D+1_20210705100000_20210705103722.csv
2021-07-06T22:00:00Z,1.0,110.2,2021-07-07,MarketResult_SEM-DA_PWR-MRC-D+1_20210706100000_20210706104316.csv
2021-07-06T23:00:00Z,1.0,100.2,2021-07-07,MarketResult_SEM-DA_PWR-MRC-D+1_20210706100000_20210706104316.csv
2021-07-07T00:00:00Z,1.0,98.04,2021-07-07,MarketResult_SEM-DA_PWR-MRC-D+1_20210706100000_20210706104316.csv
2021-07-07T01:00:00Z,1.0,94.79,2021-07-07,MarketResult_SEM-DA_PWR-MRC-D+1_20210706100000_20210706104316.csv
2021-07-07T02:00:00Z,1.0,94.79,2021-07-07,MarketResult_SEM-DA_PWR-MRC-D+1_20210706100000_20210706104316.csv
2021-07-07T03:00:00Z,1.0,94.79,2021-07-07,MarketResult_SEM-DA_PWR-MRC-D+1_20210706100000_20210706104316.csv
2021-07-07T04:00:00Z,1.0,96.38,2021-07-07,MarketResult_SEM-DA_PWR-MRC-D+1_20210706100000_20210706104316.csv
2021-07-07T05:00:00Z,1.0,103.24,2021-07-07,MarketResult_SEM-DA_PWR-MRC-D+1_20210706100000_20210706104316.csv
2021-07-07T06:00:00Z,1.0,110.34,2021-07-07,MarketResult_SEM-DA_PWR-MRC-D+1_20210706100000_20210706104316.csv
2021-07-07T07:00:00Z,1.0,124.0,2021-07-07,MarketResult_SEM-DA_PWR-MRC-D+1_20210706100000_20210706104316.csv
2021-07-07T08:00:00Z,1.0,131.87,2021-07-07,MarketResult_SEM-DA_PWR-MRC-D+1_20210706100000_20210706104316.csv
2021-07-07T09:00:00Z,1.0,129.31,2021-07-07,MarketResult_SEM-DA_PWR-MRC-D+1_20210706100000_20210706104316.csv
2021-07-07T10:00:00Z,1.0,122.62,2021-07-07,MarketResult_SEM-DA_PWR-MRC-D+1_20210706100000_20210706104316.csv
2021-07-07T11:00:00Z,1.0,117.0,2021-07-07,MarketResult_SEM-DA_PWR-MRC-D+1_20210706100000_20210706104316.csv
2021-07-07T12:00:00Z,1.0,107.42,2021-07-07,MarketResult_SEM-DA_PWR-MRC-D+1_20210706100000_20210706104316.csv
2021-07-07T13:00:00Z,1.0,105.0,2021-07-07,MarketResult_SEM-DA_PWR-MRC-D+1_20210706100000_20210706104316.csv
2021-07-07T14:00:00Z,1.0,105.67,2021-07-07,MarketResult_SEM-DA_PWR-MRC-D+1_20210706100000_20210706104316.csv
2021-07-07T15:00:00Z,1.0,118.55,2021-07-07,MarketResult_SEM-DA_PWR-MRC-D+1_20210706100000_20210706104316.csv
2021-07-07T16:00:00Z,1.0,137.58,2021-07-07,MarketResult_SEM-DA_PWR-MRC-D+1_20210706100000_20210706104316.csv
2021-07-07T17:00:00Z,1.0,141.1,2021-07-07,MarketResult_SEM-DA_PWR-MRC-D+1_20210706100000_20210706104316.csv
2021-07-07T18:00:00Z,1.0,139.0,2021-07-07,MarketResult_SEM-DA_PWR-MRC-D+1_20210706100000_20210706104316.csv
2021-07-07T19:00:00Z,1.0,118.88,2021-07-07,MarketResult_SEM-DA_PWR-MRC-D+1_20210706100000_20210706104316.csv
2021-07-07T20:00:00Z,1.0,110.74,2021-07-07,MarketResult_SEM-DA_PWR-MRC-D+1_20210706100000_20210706104316.csv
2021-07-07T21:00:00Z,1.0,110.0,2021-07-07,MarketResult_SEM-DA_PWR-MRC-D+1_20210706100000_20210706104316.csv
2021-07-07T22:00:00Z,1.0,105.08,2021-07-08,MarketResult_SEM-DA_PWR-MRC-D+1_20210707100000_20210707103719.csv
2021-07-07T23:00:00Z,1.0,97.91,2021-07-08,MarketResult_SEM-DA_PWR-MRC-D+1_20210707100000_20210707103719.csv
2021-07-08T00:00:00Z,1.0,95.33,2021-07-08,MarketResult_SEM-DA_PWR-MRC-D+1_20210707100000_20210707103719.csv
2021-07-08T01:00:00Z,1.0,95.0,2021-07-08,MarketResult_SEM-DA_PWR-MRC-D+1_20210707100000_20210707103719.csv
2021-07-08T02:00:00Z,1.0,93.0,2021-07-08,MarketResult_SEM-DA_PWR-MRC-D+1_20210707100000_20210707103719.csv
2021-07-08T03:00:00Z,1.0,91.93,2021-07-08,MarketResult_SEM-DA_PWR-MRC-D+1_20210707100000_20210707103719.csv
2021-07-08T04:00:00Z,1.0,99.42,2021-07-08,MarketResult_SEM-DA_PWR-MRC-D+1_20210707100000_20210707103719.csv
2021-07-08T05:00:00Z,1.0,108.0,2021-07-08,MarketResult_SEM-DA_PWR-MRC-D+1_20210707100000_20210707103719.csv
2021-07-08T06:00:00Z,1.0,140.54,2021-07-08,MarketResult_SEM-DA_PWR-MRC-D+1_20210707100000_20210707103719.csv
2021-07-08T07:00:00Z,1.0,174.54,2021-07-08,MarketResult_SEM-DA_PWR-MRC-D+1_20210707100000_20210707103719.csv
2021-07-08T08:00:00Z,1.0,178.0,2021-07-08,MarketResult_SEM-DA_PWR-MRC-D+1_20210707100000_20210707103719.csv
2021-07-08T09:00:00Z,1.0,180.02,2021-07-08,MarketResult_SEM-DA_PWR-MRC-D+1_20210707100000_20210707103719.csv
2021-07-08T10:00:00Z,1.0,180.57,2021-07-08,MarketResult_SEM-DA_PWR-MRC-D+1_20210707100000_20210707103719.csv
2021-07-08T11:00:00Z,1.0,185.0,2021-07-08,MarketResult_SEM-DA_PWR-MRC-D+1_20210707100000_20210707103719.csv
2021-07-08T12:00:00Z,1.0,180.0,2021-07-08,MarketResult_SEM-DA_PWR-MRC-D+1_20210707100000_20210707103719.csv
2021-07-08T13:00:00Z,1.0,168.95,2021-07-08,MarketResult_SEM-DA_PWR-MRC-D+1_20210707100000_20210707103719.csv
2021-07-08T14:00:00Z,1.0,165.4,2021-07-08,MarketResult_SEM-DA_PWR-MRC-D+1_20210707100000_20210707103719.csv
2021-07-08T15:00:00Z,1.0,170.0,2021-07-08,MarketResult_SEM-DA_PWR-MRC-D+1_20210707100000_20210707103719.csv
2021-07-08T16:00:00Z,1.0,181.0,2021-07-08,MarketResult_SEM-DA_PWR-MRC-D+1_20210707100000_20210707103719.csv
2021-07-08T17:00:00Z,1.0,180.0,2021-07-08,MarketResult_SEM-DA_PWR-MRC-D+1_20210707100000_20210707103719.csv
2021-07-08T18:00:00Z,1.0,175.33,2021-07-08,MarketResult_SEM-DA_PWR-MRC-D+1_20210707100000_20210707103719.csv
2021-07-08T19:00:00Z,1.0,163.96,2021-07-08,MarketResult_SEM-DA_PWR-MRC-D+1_20210707100000_20210707103719.csv
2021-07-08T20:00:00Z,1.0,146.94,2021-07-08,MarketResult_SEM-DA_PWR-MRC-D+1_20210707100000_20210707103719.csv
2021-07-08T21:00:00Z,1.0,132.99,2021-07-08,MarketResult_SEM-DA_PWR-MRC-D+1_20210707100000_20210707103719.csv
2021-07-08T22:00:00Z,1.0,113.5,2021-07-09,MarketResult_SEM-DA_PWR-MRC-D+1_20210708100000_20210708104124.csv
2021-07-08T23:00:00Z,1.0,100.0,2021-07-09,MarketResult_SEM-DA_PWR-MRC-D+1_20210708100000_20210708104124.csv
2021-07-09T00:00:00Z,1.0,95.43,2021-07-09,MarketResult_SEM-DA_PWR-MRC-D+1_20210708100000_20210708104124.csv
2021-07-09T01:00:00Z,1.0,92.94,2021-07-09,MarketResult_SEM-DA_PWR-MRC-D+1_20210708100000_20210708104124.csv
2021-07-09T02:00:00Z,1.0,92.06,2021-07-09,MarketResult_SEM-DA_PWR-MRC-D+1_20210708100000_20210708104124.csv
2021-07-09T03:00:00Z,1.0,91.26,2021-07-09,MarketResult_SEM-DA_PWR-MRC-D+1_20210708100000_20210708104124.csv
2021-07-09T04:00:00Z,1.0,92.83,2021-07-09,MarketResult_SEM-DA_PWR-MRC-D+1_20210708100000_20210708104124.csv
2021-07-09T05:00:00Z,1.0,101.0,2021-07-09,MarketResult_SEM-DA_PWR-MRC-D+1_20210708100000_20210708104124.csv
2021-07-09T06:00:00Z,1.0,123.72,2021-07-09,MarketResult_SEM-DA_PWR-MRC-D+1_20210708100000_20210708104124.csv
2021-07-09T07:00:00Z,1.0,150.0,2021-07-09,MarketResult_SEM-DA_PWR-MRC-D+1_20210708100000_20210708104124.csv
2021-07-09T08:00:00Z,1.0,155.39,2021-07-09,MarketResult_SEM-DA_PWR-MRC-D+1_20210708100000_20210708104124.csv
2021-07-09T09:00:00Z,1.0,151.3,2021-07-09,MarketResult_SEM-DA_PWR-MRC-D+1_20210708100000_20210708104124.csv
2021-07-09T10:00:00Z,1.0,147.08,2021-07-09,MarketResult_SEM-DA_PWR-MRC-D+1_20210708100000_20210708104124.csv
2021-07-09T11:00:00Z,1.0,151.3,2021-07-09,MarketResult_SEM-DA_PWR-MRC-D+1_20210708100000_20210708104124.csv
2021-07-09T12:00:00Z,1.0,131.5,2021-07-09,MarketResult_SEM-DA_PWR-MRC-D+1_20210708100000_20210708104124.csv
2021-07-09T13:00:00Z,1.0,129.08,2021-07-09,MarketResult_SEM-DA_PWR-MRC-D+1_20210708100000_20210708104124.csv
2021-07-09T14:00:00Z,1.0,127.32,2021-07-09,MarketResult_SEM-DA_PWR-MRC-D+1_20210708100000_20210708104124.csv
2021-07-09T15:00:00Z,1.0,137.41,2021-07-09,MarketResult_SEM-DA_PWR-MRC-D+1_20210708100000_20210708104124.csv
2021-07-09T16:00:00Z,1.0,151.49,2021-07-09,MarketResult_SEM-DA_PWR-MRC-D+1_20210708100000_20210708104124.csv
2021-07-09T17:00:00Z,1.0,151.49,2021-07-09,MarketResult_SEM-DA_PWR-MRC-D+1_20210708100000_20210708104124.csv
2021-07-09T18:00:00Z,1.0,150.0,2021-07-09,MarketResult_SEM-DA_PWR-MRC-D+1_20210708100000_20210708104124.csv
2021-07-09T19:00:00Z,1.0,132.84,2021-07-09,MarketResult_SEM-DA_PWR-MRC-D+1_20210708100000_20210708104124.csv
2021-07-09T20:00:00Z,1.0,127.32,2021-07-09,MarketResult_SEM-DA_PWR-MRC-D+1_20210708100000_20210708104124.csv
2021-07-09T21:00:00Z,1.0,119.03,2021-07-09,MarketResult_SEM-DA_PWR-MRC-D+1_20210708100000_20210708104124.csv
2021-07-09T22:00:00Z,1.0,115.11,2021-07-10,MarketResult_SEM-DA_PWR-MRC-D+1_20210709100000_20210709103741.csv
2021-07-09T23:00:00Z,1.0,107.48,2021-07-10,MarketResult_SEM-DA_PWR-MRC-D+1_20210709100000_20210709103741.csv
2021-07-10T00:00:00Z,1.0,106.29,2021-07-10,MarketResult_SEM-DA_PWR-MRC-D+1_20210709100000_20210709103741.csv
2021-07-10T01:00:00Z,1.0,103.44,2021-07-10,MarketResult_SEM-DA_PWR-MRC-D+1_20210709100000_20210709103741.csv
2021-07-10T02:00:00Z,1.0,98.3,2021-07-10,MarketResult_SEM-DA_PWR-MRC-D+1_20210709100000_20210709103741.csv
2021-07-10T03:00:00Z,1.0,98.54,2021-07-10,MarketResult_SEM-DA_PWR-MRC-D+1_20210709100000_20210709103741.csv
2021-07-10T04:00:00Z,1.0,98.4,2021-07-10,MarketResult_SEM-DA_PWR-MRC-D+1_20210709100000_20210709103741.csv
2021-07-10T05:00:00Z,1.0,103.62,2021-07-10,MarketResult_SEM-DA_PWR-MRC-D+1_20210709100000_20210709103741.csv
2021-07-10T06:00:00Z,1.0,111.12,2021-07-10,MarketResult_SEM-DA_PWR-MRC-D+1_20210709100000_20210709103741.csv
2021-07-10T07:00:00Z,1.0,130.0,2021-07-10,MarketResult_SEM-DA_PWR-MRC-D+1_20210709100000_20210709103741.csv
2021-07-10T08:00:00Z,1.0,144.0,2021-07-10,MarketResult_SEM-DA_PWR-MRC-D+1_20210709100000_20210709103741.csv
2021-07-10T09:00:00Z,1.0,149.97,2021-07-10,MarketResult_SEM-DA_PWR-MRC-D+1_20210709100000_20210709103741.csv
2021-07-10T10:00:00Z,1.0,149.97,2021-07-10,MarketResult_SEM-DA_PWR-MRC-D+1_20210709100000_20210709103741.csv
2021-07-10T11:00:00Z,1.0,150.07,2021-07-10,MarketResult_SEM-DA_PWR-MRC-D+1_20210709100000_20210709103741.csv
2021-07-10T12:00:00Z,1.0,139.97,2021-07-10,MarketResult_SEM-DA_PWR-MRC-D+1_20210709100000_20210709103741.csv
2021-07-10T13:00:00Z,1.0,129.0,2021-07-10,MarketResult_SEM-DA_PWR-MRC-D+1_20210709100000_20210709103741.csv
2021-07-10T14:00:00Z,1.0,124.79,2021-07-10,MarketResult_SEM-DA_PWR-MRC-D+1_20210709100000_20210709103741.csv
2021-07-10T15:00:00Z,1.0,124.79,2021-07-10,MarketResult_SEM-DA_PWR-MRC-D+1_20210709100000_20210709103741.csv
2021-07-10T16:00:00Z,1.0,143.0,2021-07-10,MarketResult_SEM-DA_PWR-MRC-D+1_20210709100000_20210709103741.csv
2021-07-10T17:00:00Z,1.0,147.0,2021-07-10,MarketResult_SEM-DA_PWR-MRC-D+1_20210709100000_20210709103741.csv
2021-07-10T18:00:00Z,1.0,143.28,2021-07-10,MarketResult_SEM-DA_PWR-MRC-D+1_20210709100000_20210709103741.csv
2021-07-10T19:00:00Z,1.0,124.44,2021-07-10,MarketResult_SEM-DA_PWR-MRC-D+1_20210709100000_20210709103741.csv
2021-07-10T20:00:00Z,1.0,117.14,2021-07-10,MarketResult_SEM-DA_PWR-MRC-D+1_20210709100000_20210709103741.csv
2021-07-10T21:00:00Z,1.0,111.06,2021-07-10,MarketResult_SEM-DA_PWR-MRC-D+1_20210709100000_20210709103741.csv
2021-07-10T22:00:00Z,1.0,117.5,2021-07-11,MarketResult_SEM-DA_PWR-MRC-D+1_20210710100000_20210710103724.csv
2021-07-10T23:00:00Z,1.0,110.01,2021-07-11,MarketResult_SEM-DA_PWR-MRC-D+1_20210710100000_20210710103724.csv
2021-07-11T00:00:00Z,1.0,109.36,2021-07-11,MarketResult_SEM-DA_PWR-MRC-D+1_20210710100000_20210710103724.csv
2021-07-11T01:00:00Z,1.0,103.0,2021-07-11,MarketResult_SEM-DA_PWR-MRC-D+1_20210710100000_20210710103724.csv
2021-07-11T02:00:00Z,1.0,96.8,2021-07-11,MarketResult_SEM-DA_PWR-MRC-D+1_20210710100000_20210710103724.csv
2021-07-11T03:00:00Z,1.0,95.4,2021-07-11,MarketResult_SEM-DA_PWR-MRC-D+1_20210710100000_20210710103724.csv
2021-07-11T04:00:00Z,1.0,94.6,2021-07-11,MarketResult_SEM-DA_PWR-MRC-D+1_20210710100000_20210710103724.csv
2021-07-11T05:00:00Z,1.0,96.0,2021-07-11,MarketResult_SEM-DA_PWR-MRC-D+1_20210710100000_20210710103724.csv
2021-07-11T06:00:00Z,1.0,97.1,2021-07-11,MarketResult_SEM-DA_PWR-MRC-D+1_20210710100000_20210710103724.csv
2021-07-11T07:00:00Z,1.0,110.58,2021-07-11,MarketResult_SEM-DA_PWR-MRC-D+1_20210710100000_20210710103724.csv
2021-07-11T08:00:00Z,1.0,118.08,2021-07-11,MarketResult_SEM-DA_PWR-MRC-D+1_20210710100000_20210710103724.csv
2021-07-11T09:00:00Z,1.0,130.64,2021-07-11,MarketResult_SEM-DA_PWR-MRC-D+1_20210710100000_20210710103724.csv
2021-07-11T10:00:00Z,1.0,131.88,2021-07-11,MarketResult_SEM-DA_PWR-MRC-D+1_20210710100000_20210710103724.csv
2021-07-11T11:00:00Z,1.0,133.0,2021-07-11,MarketResult_SEM-DA_PWR-MRC-D+1_20210710100000_20210710103724.csv
2021-07-11T12:00:00Z,1.0,123.18,2021-07-11,MarketResult_SEM-DA_PWR-MRC-D+1_20210710100000_20210710103724.csv
2021-07-11T13:00:00Z,1.0,118.67,2021-07-11,MarketResult_SEM-DA_PWR-MRC-D+1_20210710100000_20210710103724.csv
2021-07-11T14:00:00Z,1.0,118.22,2021-07-11,MarketResult_SEM-DA_PWR-MRC-D+1_20210710100000_20210710103724.csv
2021-07-11T15:00:00Z,1.0,123.74,2021-07-11,MarketResult_SEM-DA_PWR-MRC-D+1_20210710100000_20210710103724.csv
2021-07-11T16:00:00Z,1.0,143.26,2021-07-11,MarketResult_SEM-DA_PWR-MRC-D+1_20210710100000_20210710103724.csv
2021-07-11T17:00:00Z,1.0,146.41,2021-07-11,MarketResult_SEM-DA_PWR-MRC-D+1_20210710100000_20210710103724.csv
2021-07-11T18:00:00Z,1.0,143.6,2021-07-11,MarketResult_SEM-DA_PWR-MRC-D+1_20210710100000_20210710103724.csv
2021-07-11T19:00:00Z,1.0,125.71,2021-07-11,MarketResult_SEM-DA_PWR-MRC-D+1_20210710100000_20210710103724.csv
2021-07-11T20:00:00Z,1.0,116.98,2021-07-11,MarketResult_SEM-DA_PWR-MRC-D+1_20210710100000_20210710103724.csv
2021-07-11T21:00:00Z,1.0,114.9,2021-07-11,MarketResult_SEM-DA_PWR-MRC-D+1_20210710100000_20210710103724.csv
2021-07-11T22:00:00Z,1.0,108.8,2021-07-12,MarketResult_SEM-DA_PWR-MRC-D+1_20210711100000_20210711103715.csv
2021-07-11T23:00:00Z,1.0,98.58,2021-07-12,MarketResult_SEM-DA_PWR-MRC-D+1_20210711100000_20210711103715.csv
2021-07-12T00:00:00Z,1.0,92.54,2021-07-12,MarketResult_SEM-DA_PWR-MRC-D+1_20210711100000_20210711103715.csv
2021-07-12T01:00:00Z,1.0,92.54,2021-07-12,MarketResult_SEM-DA_PWR-MRC-D+1_20210711100000_20210711103715.csv
2021-07-12T02:00:00Z,1.0,92.45,2021-07-12,MarketResult_SEM-DA_PWR-MRC-D+1_20210711100000_20210711103715.csv
2021-07-12T03:00:00Z,1.0,92.45,2021-07-12,MarketResult_SEM-DA_PWR-MRC-D+1_20210711100000_20210711103715.csv
2021-07-12T04:00:00Z,1.0,93.0,2021-07-12,MarketResult_SEM-DA_PWR-MRC-D+1_20210711100000_20210711103715.csv
2021-07-12T05:00:00Z,1.0,104.0,2021-07-12,MarketResult_SEM-DA_PWR-MRC-D+1_20210711100000_20210711103715.csv
2021-07-12T06:00:00Z,1.0,128.71,2021-07-12,MarketResult_SEM-DA_PWR-MRC-D+1_20210711100000_20210711103715.csv
2021-07-12T07:00:00Z,1.0,156.33,2021-07-12,MarketResult_SEM-DA_PWR-MRC-D+1_20210711100000_20210711103715.csv
2021-07-12T08:00:00Z,1.0,156.89,2021-07-12,MarketResult_SEM-DA_PWR-MRC-D+1_20210711100000_20210711103715.csv
2021-07-12T09:00:00Z,1.0,156.89,2021-07-12,MarketResult_SEM-DA_PWR-MRC-D+1_20210711100000_20210711103715.csv
2021-07-12T10:00:00Z,1.0,156.89,2021-07-12,MarketResult_SEM-DA_PWR-MRC-D+1_20210711100000_20210711103715.csv
2021-07-12T11:00:00Z,1.0,156.89,2021-07-12,MarketResult_SEM-DA_PWR-MRC-D+1_20210711100000_20210711103715.csv
2021-07-12T12:00:00Z,1.0,146.79,2021-07-12,MarketResult_SEM-DA_PWR-MRC-D+1_20210711100000_20210711103715.csv
2021-07-12T13:00:00Z,1.0,146.79,2021-07-12,MarketResult_SEM-DA_PWR-MRC-D+1_20210711100000_20210711103715.csv
2021-07-12T14:00:00Z,1.0,131.15,2021-07-12,MarketResult_SEM-DA_PWR-MRC-D+1_20210711100000_20210711103715.csv
2021-07-12T15:00:00Z,1.0,140.56,2021-07-12,MarketResult_SEM-DA_PWR-MRC-D+1_20210711100000_20210711103715.csv
2021-07-12T16:00:00Z,1.0,152.94,2021-07-12,MarketResult_SEM-DA_PWR-MRC-D+1_20210711100000_20210711103715.csv
2021-07-12T17:00:00Z,1.0,153.64,2021-07-12,MarketResult_SEM-DA_PWR-MRC-D+1_20210711100000_20210711103715.csv
2021-07-12T18:00:00Z,1.0,146.35,2021-07-12,MarketResult_SEM-DA_PWR-MRC-D+1_20210711100000_20210711103715.csv
2021-07-12T19:00:00Z,1.0,128.0,2021-07-12,MarketResult_SEM-DA_PWR-MRC-D+1_20210711100000_20210711103715.csv
2021-07-12T20:00:00Z,1.0,121.0,2021-07-12,MarketResult_SEM-DA_PWR-MRC-D+1_20210711100000_20210711103715.csv
2021-07-12T21:00:00Z,1.0,111.3,2021-07-12,MarketResult_SEM-DA_PWR-MRC-D+1_20210711100000_20210711103715.csv
2021-07-12T22:00:00Z,1.0,117.6,2021-07-13,MarketResult_SEM-DA_PWR-MRC-D+1_20210712100000_20210712103712.csv
2021-07-12T23:00:00Z,1.0,106.5,2021-07-13,MarketResult_SEM-DA_PWR-MRC-D+1_20210712100000_20210712103712.csv
2021-07-13T00:00:00Z,1.0,100.73,2021-07-13,MarketResult_SEM-DA_PWR-MRC-D+1_20210712100000_20210712103712.csv
2021-07-13T01:00:00Z,1.0,98.1,2021-07-13,MarketResult_SEM-DA_PWR-MRC-D+1_20210712100000_20210712103712.csv
2021-07-13T02:00:00Z,1.0,98.0,2021-07-13,MarketResult_SEM-DA_PWR-MRC-D+1_20210712100000_20210712103712.csv
2021-07-13T03:00:00Z,1.0,98.0,2021-07-13,MarketResult_SEM-DA_PWR-MRC-D+1_20210712100000_20210712103712.csv
2021-07-13T04:00:00Z,1.0,100.0,2021-07-13,MarketResult_SEM-DA_PWR-MRC-D+1_20210712100000_20210712103712.csv
2021-07-13T05:00:00Z,1.0,109.64,2021-07-13,MarketResult_SEM-DA_PWR-MRC-D+1_20210712100000_20210712103712.csv
2021-07-13T06:00:00Z,1.0,130.73,2021-07-13,MarketResult_SEM-DA_PWR-MRC-D+1_20210712100000_20210712103712.csv
2021-07-13T07:00:00Z,1.0,190.95,2021-07-13,MarketResult_SEM-DA_PWR-MRC-D+1_20210712100000_20210712103712.csv
2021-07-13T08:00:00Z,1.0,170.0,2021-07-13,MarketResult_SEM-DA_PWR-MRC-D+1_20210712100000_20210712103712.csv
2021-07-13T09:00:00Z,1.0,170.58,2021-07-13,MarketResult_SEM-DA_PWR-MRC-D+1_20210712100000_20210712103712.csv
2021-07-13T10:00:00Z,1.0,178.58,2021-07-13,MarketResult_SEM-DA_PWR-MRC-D+1_20210712100000_20210712103712.csv
2021-07-13T11:00:00Z,1.0,192.68,2021-07-13,MarketResult_SEM-DA_PWR-MRC-D+1_20210712100000_20210712103712.csv
2021-07-13T12:00:00Z,1.0,210.0,2021-07-13,MarketResult_SEM-DA_PWR-MRC-D+1_20210712100000_20210712103712.csv
2021-07-13T13:00:00Z,1.0,201.0,2021-07-13,MarketResult_SEM-DA_PWR-MRC-D+1_20210712100000_20210712103712.csv
2021-07-13T14:00:00Z,1.0,192.68,2021-07-13,MarketResult_SEM-DA_PWR-MRC-D+1_20210712100000_20210712103712.csv
2021-07-13T15:00:00Z,1.0,210.0,2021-07-13,MarketResult_SEM-DA_PWR-MRC-D+1_20210712100000_20210712103712.csv
2021-07-13T16:00:00Z,1.0,207.0,2021-07-13,MarketResult_SEM-DA_PWR-MRC-D+1_20210712100000_20210712103712.csv
2021-07-13T17:00:00Z,1.0,186.21,2021-07-13,MarketResult_SEM-DA_PWR-MRC-D+1_20210712100000_20210712103712.csv
2021-07-13T18:00:00Z,1.0,163.68,2021-07-13,MarketResult_SEM-DA_PWR-MRC-D+1_20210712100000_20210712103712.csv
2021-07-13T19:00:00Z,1.0,146.62,2021-07-13,MarketResult_SEM-DA_PWR-MRC-D+1_20210712100000_20210712103712.csv
2021-07-13T20:00:00Z,1.0,135.16,2021-07-13,MarketResult_SEM-DA_PWR-MRC-D+1_20210712100000_20210712103712.csv
2021-07-13T21:00:00Z,1.0,130.73,2021-07-13,MarketResult_SEM-DA_PWR-MRC-D+1_20210712100000_20210712103712.csv
2021-07-13T22:00:00Z,1.0,117.0,2021-07-14,MarketResult_SEM-DA_PWR-MRC-D+1_20210713100000_20210713103704.csv
2021-07-13T23:00:00Z,1.0,105.27,2021-07-14,MarketResult_SEM-DA_PWR-MRC-D+1_20210713100000_20210713103704.csv
2021-07-14T00:00:00Z,1.0,101.0,2021-07-14,MarketResult_SEM-DA_PWR-MRC-D+1_20210713100000_20210713103704.csv
2021-07-14T01:00:00Z,1.0,96.42,2021-07-14,MarketResult_SEM-DA_PWR-MRC-D+1_20210713100000_20210713103704.csv
2021-07-14T02:00:00Z,1.0,95.0,2021-07-14,MarketResult_SEM-DA_PWR-MRC-D+1_20210713100000_20210713103704.csv
2021-07-14T03:00:00Z,1.0,95.0,2021-07-14,MarketResult_SEM-DA_PWR-MRC-D+1_20210713100000_20210713103704.csv
2021-07-14T04:00:00Z,1.0,94.83,2021-07-14,MarketResult_SEM-DA_PWR-MRC-D+1_20210713100000_20210713103704.csv
2021-07-14T05:00:00Z,1.0,102.0,2021-07-14,MarketResult_SEM-DA_PWR-MRC-D+1_20210713100000_20210713103704.csv
2021-07-14T06:00:00Z,1.0,135.0,2021-07-14,MarketResult_SEM-DA_PWR-MRC-D+1_20210713100000_20210713103704.csv
2021-07-14T07:00:00Z,1.0,213.0,2021-07-14,MarketResult_SEM-DA_PWR-MRC-D+1_20210713100000_20210713103704.csv
2021-07-14T08:00:00Z,1.0,190.0,2021-07-14,MarketResult_SEM-DA_PWR-MRC-D+1_20210713100000_20210713103704.csv
2021-07-14T09:00:00Z,1.0,220.0,2021-07-14,MarketResult_SEM-DA_PWR-MRC-D+1_20210713100000_20210713103704.csv
2021-07-14T10:00:00Z,1.0,220.01,2021-07-14,MarketResult_SEM-DA_PWR-MRC-D+1_20210713100000_20210713103704.csv
2021-07-14T11:00:00Z,1.0,220.07,2021-07-14,MarketResult_SEM-DA_PWR-MRC-D+1_20210713100000_20210713103704.csv
2021-07-14T12:00:00Z,1.0,220.0,2021-07-14,MarketResult_SEM-DA_PWR-MRC-D+1_20210713100000_20210713103704.csv
2021-07-14T13:00:00Z,1.0,173.06,2021-07-14,MarketResult_SEM-DA_PWR-MRC-D+1_20210713100000_20210713103704.csv
2021-07-14T14:00:00Z,1.0,150.94,2021-07-14,MarketResult_SEM-DA_PWR-MRC-D+1_20210713100000_20210713103704.csv
2021-07-14T15:00:00Z,1.0,170.0,2021-07-14,MarketResult_SEM-DA_PWR-MRC-D+1_20210713100000_20210713103704.csv
2021-07-14T16:00:00Z,1.0,175.46,2021-07-14,MarketResult_SEM-DA_PWR-MRC-D+1_20210713100000_20210713103704.csv
2021-07-14T17:00:00Z,1.0,173.06,2021-07-14,MarketResult_SEM-DA_PWR-MRC-D+1_20210713100000_20210713103704.csv
2021-07-14T18:00:00Z,1.0,150.93,2021-07-14,MarketResult_SEM-DA_PWR-MRC-D+1_20210713100000_20210713103704.csv
2021-07-14T19:00:00Z,1.0,135.0,2021-07-14,MarketResult_SEM-DA_PWR-MRC-D+1_20210713100000_20210713103704.csv
2021-07-14T20:00:00Z,1.0,122.95,2021-07-14,MarketResult_SEM-DA_PWR-MRC-D+1_20210713100000_20210713103704.csv
2021-07-14T21:00:00Z,1.0,115.0,2021-07-14,MarketResult_SEM-DA_PWR-MRC-D+1_20210713100000_20210713103704.csv
2021-07-14T22:00:00Z,1.0,112.48,2021-07-15,MarketResult_SEM-DA_PWR-MRC-D+1_20210714100000_20210714103637.csv
2021-07-14T23:00:00Z,1.0,101.47,2021-07-15,MarketResult_SEM-DA_PWR-MRC-D+1_20210714100000_20210714103637.csv
2021-07-15T00:00:00Z,1.0,95.7,2021-07-15,MarketResult_SEM-DA_PWR-MRC-D+1_20210714100000_20210714103637.csv
2021-07-15T01:00:00Z,1.0,95.6,2021-07-15,MarketResult_SEM-DA_PWR-MRC-D+1_20210714100000_20210714103637.csv
2021-07-15T02:00:00Z,1.0,95.6,2021-07-15,MarketResult_SEM-DA_PWR-MRC-D+1_20210714100000_20210714103637.csv
2021-07-15T03:00:00Z,1.0,95.6,2021-07-15,MarketResult_SEM-DA_PWR-MRC-D+1_20210714100000_20210714103637.csv
2021-07-15T04:00:00Z,1.0,96.61,2021-07-15,MarketResult_SEM-DA_PWR-MRC-D+1_20210714100000_20210714103637.csv
2021-07-15T05:00:00Z,1.0,110.42,2021-07-15,MarketResult_SEM-DA_PWR-MRC-D+1_20210714100000_20210714103637.csv
2021-07-15T06:00:00Z,1.0,180.0,2021-07-15,MarketResult_SEM-DA_PWR-MRC-D+1_20210714100000_20210714103637.csv
2021-07-15T07:00:00Z,1.0,225.0,2021-07-15,MarketResult_SEM-DA_PWR-MRC-D+1_20210714100000_20210714103637.csv
2021-07-15T08:00:00Z,1.0,250.0,2021-07-15,MarketResult_SEM-DA_PWR-MRC-D+1_20210714100000_20210714103637.csv
2021-07-15T09:00:00Z,1.0,261.0,2021-07-15,MarketResult_SEM-DA_PWR-MRC-D+1_20210714100000_20210714103637.csv
2021-07-15T10:00:00Z,1.0,276.12,2021-07-15,MarketResult_SEM-DA_PWR-MRC-D+1_20210714100000_20210714103637.csv
2021-07-15T11:00:00Z,1.0,277.54,2021-07-15,MarketResult_SEM-DA_PWR-MRC-D+1_20210714100000_20210714103637.csv
2021-07-15T12:00:00Z,1.0,276.12,2021-07-15,MarketResult_SEM-DA_PWR-MRC-D+1_20210714100000_20210714103637.csv
2021-07-15T13:00:00Z,1.0,264.35,2021-07-15,MarketResult_SEM-DA_PWR-MRC-D+1_20210714100000_20210714103637.csv
2021-07-15T14:00:00Z,1.0,250.0,2021-07-15,MarketResult_SEM-DA_PWR-MRC-D+1_20210714100000_20210714103637.csv
2021-07-15T15:00:00Z,1.0,276.12,2021-07-15,MarketResult_SEM-DA_PWR-MRC-D+1_20210714100000_20210714103637.csv
2021-07-15T16:00:00Z,1.0,275.0,2021-07-15,MarketResult_SEM-DA_PWR-MRC-D+1_20210714100000_20210714103637.csv
2021-07-15T17:00:00Z,1.0,265.0,2021-07-15,MarketResult_SEM-DA_PWR-MRC-D+1_20210714100000_20210714103637.csv
2021-07-15T18:00:00Z,1.0,260.0,2021-07-15,MarketResult_SEM-DA_PWR-MRC-D+1_20210714100000_20210714103637.csv
2021-07-15T19:00:00Z,1.0,192.0,2021-07-15,MarketResult_SEM-DA_PWR-MRC-D+1_20210714100000_20210714103637.csv
2021-07-15T20:00:00Z,1.0,208.0,2021-07-15,MarketResult_SEM-DA_PWR-MRC-D+1_20210714100000_20210714103637.csv
2021-07-15T21:00:00Z,1.0,163.32,2021-07-15,MarketResult_SEM-DA_PWR-MRC-D+1_20210714100000_20210714103637.csv
2021-07-15T22:00:00Z,1.0,127.46,2021-07-16,MarketResult_SEM-DA_PWR-MRC-D+1_20210715100000_20210715103723.csv
2021-07-15T23:00:00Z,1.0,110.0,2021-07-16,MarketResult_SEM-DA_PWR-MRC-D+1_20210715100000_20210715103723.csv
2021-07-16T00:00:00Z,1.0,103.13,2021-07-16,MarketResult_SEM-DA_PWR-MRC-D+1_20210715100000_20210715103723.csv
2021-07-16T01:00:00Z,1.0,100.23,2021-07-16,MarketResult_SEM-DA_PWR-MRC-D+1_20210715100000_20210715103723.csv
2021-07-16T02:00:00Z,1.0,100.23,2021-07-16,MarketResult_SEM-DA_PWR-MRC-D+1_20210715100000_20210715103723.csv
2021-07-16T03:00:00Z,1.0,100.23,2021-07-16,MarketResult_SEM-DA_PWR-MRC-D+1_20210715100000_20210715103723.csv
2021-07-16T04:00:00Z,1.0,101.3,2021-07-16,MarketResult_SEM-DA_PWR-MRC-D+1_20210715100000_20210715103723.csv
2021-07-16T05:00:00Z,1.0,110.04,2021-07-16,MarketResult_SEM-DA_PWR-MRC-D+1_20210715100000_20210715103723.csv
2021-07-16T06:00:00Z,1.0,251.58,2021-07-16,MarketResult_SEM-DA_PWR-MRC-D+1_20210715100000_20210715103723.csv
2021-07-16T07:00:00Z,1.0,267.5,2021-07-16,MarketResult_SEM-DA_PWR-MRC-D+1_20210715100000_20210715103723.csv
2021-07-16T08:00:00Z,1.0,273.44,2021-07-16,MarketResult_SEM-DA_PWR-MRC-D+1_20210715100000_20210715103723.csv
2021-07-16T09:00:00Z,1.0,273.44,2021-07-16,MarketResult_SEM-DA_PWR-MRC-D+1_20210715100000_20210715103723.csv
2021-07-16T10:00:00Z,1.0,276.77,2021-07-16,MarketResult_SEM-DA_PWR-MRC-D+1_20210715100000_20210715103723.csv
2021-07-16T11:00:00Z,1.0,279.93,2021-07-16,MarketResult_SEM-DA_PWR-MRC-D+1_20210715100000_20210715103723.csv
2021-07-16T12:00:00Z,1.0,274.83,2021-07-16,MarketResult_SEM-DA_PWR-MRC-D+1_20210715100000_20210715103723.csv
2021-07-16T13:00:00Z,1.0,273.44,2021-07-16,MarketResult_SEM-DA_PWR-MRC-D+1_20210715100000_20210715103723.csv
2021-07-16T14:00:00Z,1.0,271.95,2021-07-16,MarketResult_SEM-DA_PWR-MRC-D+1_20210715100000_20210715103723.csv
2021-07-16T15:00:00Z,1.0,273.44,2021-07-16,MarketResult_SEM-DA_PWR-MRC-D+1_20210715100000_20210715103723.csv
2021-07-16T16:00:00Z,1.0,273.44,2021-07-16,MarketResult_SEM-DA_PWR-MRC-D+1_20210715100000_20210715103723.csv
2021-07-16T17:00:00Z,1.0,255.15,2021-07-16,MarketResult_SEM-DA_PWR-MRC-D+1_20210715100000_20210715103723.csv
2021-07-16T18:00:00Z,1.0,250.0,2021-07-16,MarketResult_SEM-DA_PWR-MRC-D+1_20210715100000_20210715103723.csv
2021-07-16T19:00:00Z,1.0,225.0,2021-07-16,MarketResult_SEM-DA_PWR-MRC-D+1_20210715100000_20210715103723.csv
2021-07-16T20:00:00Z,1.0,203.75,2021-07-16,MarketResult_SEM-DA_PWR-MRC-D+1_20210715100000_20210715103723.csv
2021-07-16T21:00:00Z,1.0,186.29,2021-07-16,MarketResult_SEM-DA_PWR-MRC-D+1_20210715100000_20210715103723.csv
2021-07-16T22:00:00Z,1.0,167.46,2021-07-17,MarketResult_SEM-DA_PWR-MRC-D+1_20210716100000_20210716103719.csv
2021-07-16T23:00:00Z,1.0,123.09,2021-07-17,MarketResult_SEM-DA_PWR-MRC-D+1_20210716100000_20210716103719.csv
2021-07-17T00:00:00Z,1.0,109.19,2021-07-17,MarketResult_SEM-DA_PWR-MRC-D+1_20210716100000_20210716103719.csv
2021-07-17T01:00:00Z,1.0,105.0,2021-07-17,MarketResult_SEM-DA_PWR-MRC-D+1_20210716100000_20210716103719.csv
2021-07-17T02:00:00Z,1.0,103.4,2021-07-17,MarketResult_SEM-DA_PWR-MRC-D+1_20210716100000_20210716103719.csv
2021-07-17T03:00:00Z,1.0,103.35,2021-07-17,MarketResult_SEM-DA_PWR-MRC-D+1_20210716100000_20210716103719.csv
2021-07-17T04:00:00Z,1.0,103.23,2021-07-17,MarketResult_SEM-DA_PWR-MRC-D+1_20210716100000_20210716103719.csv
2021-07-17T05:00:00Z,1.0,105.64,2021-07-17,MarketResult_SEM-DA_PWR-MRC-D+1_20210716100000_20210716103719.csv
2021-07-17T06:00:00Z,1.0,140.85,2021-07-17,MarketResult_SEM-DA_PWR-MRC-D+1_20210716100000_20210716103719.csv
2021-07-17T07:00:00Z,1.0,199.0,2021-07-17,MarketResult_SEM-DA_PWR-MRC-D+1_20210716100000_20210716103719.csv
2021-07-17T08:00:00Z,1.0,246.89,2021-07-17,MarketResult_SEM-DA_PWR-MRC-D+1_20210716100000_20210716103719.csv
2021-07-17T09:00:00Z,1.0,273.54,2021-07-17,MarketResult_SEM-DA_PWR-MRC-D+1_20210716100000_20210716103719.csv
2021-07-17T10:00:00Z,1.0,274.94,2021-07-17,MarketResult_SEM-DA_PWR-MRC-D+1_20210716100000_20210716103719.csv
2021-07-17T11:00:00Z,1.0,274.94,2021-07-17,MarketResult_SEM-DA_PWR-MRC-D+1_20210716100000_20210716103719.csv
2021-07-17T12:00:00Z,1.0,274.94,2021-07-17,MarketResult_SEM-DA_PWR-MRC-D+1_20210716100000_20210716103719.csv
2021-07-17T13:00:00Z,1.0,273.54,2021-07-17,MarketResult_SEM-DA_PWR-MRC-D+1_20210716100000_20210716103719.csv
2021-07-17T14:00:00Z,1.0,256.01,2021-07-17,MarketResult_SEM-DA_PWR-MRC-D+1_20210716100000_20210716103719.csv
2021-07-17T15:00:00Z,1.0,273.54,2021-07-17,MarketResult_SEM-DA_PWR-MRC-D+1_20210716100000_20210716103719.csv
2021-07-17T16:00:00Z,1.0,236.0,2021-07-17,MarketResult_SEM-DA_PWR-MRC-D+1_20210716100000_20210716103719.csv
2021-07-17T17:00:00Z,1.0,223.0,2021-07-17,MarketResult_SEM-DA_PWR-MRC-D+1_20210716100000_20210716103719.csv
2021-07-17T18:00:00Z,1.0,228.82,2021-07-17,MarketResult_SEM-DA_PWR-MRC-D+1_20210716100000_20210716103719.csv
2021-07-17T19:00:00Z,1.0,195.0,2021-07-17,MarketResult_SEM-DA_PWR-MRC-D+1_20210716100000_20210716103719.csv
2021-07-17T20:00:00Z,1.0,149.66,2021-07-17,MarketResult_SEM-DA_PWR-MRC-D+1_20210716100000_20210716103719.csv
2021-07-17T21:00:00Z,1.0,150.81,2021-07-17,MarketResult_SEM-DA_PWR-MRC-D+1_20210716100000_20210716103719.csv
2021-07-17T22:00:00Z,1.0,133.0,2021-07-18,MarketResult_SEM-DA_PWR-MRC-D+1_20210717100000_20210717103740.csv
2021-07-17T23:00:00Z,1.0,113.03,2021-07-18,MarketResult_SEM-DA_PWR-MRC-D+1_20210717100000_20210717103740.csv
2021-07-18T00:00:00Z,1.0,103.98,2021-07-18,MarketResult_SEM-DA_PWR-MRC-D+1_20210717100000_20210717103740.csv
2021-07-18T01:00:00Z,1.0,99.08,2021-07-18,MarketResult_SEM-DA_PWR-MRC-D+1_20210717100000_20210717103740.csv
2021-07-18T02:00:00Z,1.0,98.67,2021-07-18,MarketResult_SEM-DA_PWR-MRC-D+1_20210717100000_20210717103740.csv
2021-07-18T03:00:00Z,1.0,98.41,2021-07-18,MarketResult_SEM-DA_PWR-MRC-D+1_20210717100000_20210717103740.csv
2021-07-18T04:00:00Z,1.0,93.27,2021-07-18,MarketResult_SEM-DA_PWR-MRC-D+1_20210717100000_20210717103740.csv
2021-07-18T05:00:00Z,1.0,93.87,2021-07-18,MarketResult_SEM-DA_PWR-MRC-D+1_20210717100000_20210717103740.csv
2021-07-18T06:00:00Z,1.0,104.0,2021-07-18,MarketResult_SEM-DA_PWR-MRC-D+1_20210717100000_20210717103740.csv
2021-07-18T07:00:00Z,1.0,126.07,2021-07-18,MarketResult_SEM-DA_PWR-MRC-D+1_20210717100000_20210717103740.csv
2021-07-18T08:00:00Z,1.0,144.4,2021-07-18,MarketResult_SEM-DA_PWR-MRC-D+1_20210717100000_20210717103740.csv
2021-07-18T09:00:00Z,1.0,161.77,2021-07-18,MarketResult_SEM-DA_PWR-MRC-D+1_20210717100000_20210717103740.csv
2021-07-18T10:00:00Z,1.0,182.0,2021-07-18,MarketResult_SEM-DA_PWR-MRC-D+1_20210717100000_20210717103740.csv
2021-07-18T11:00:00Z,1.0,197.81,2021-07-18,MarketResult_SEM-DA_PWR-MRC-D+1_20210717100000_20210717103740.csv
2021-07-18T12:00:00Z,1.0,197.81,2021-07-18,MarketResult_SEM-DA_PWR-MRC-D+1_20210717100000_20210717103740.csv
2021-07-18T13:00:00Z,1.0,147.11,2021-07-18,MarketResult_SEM-DA_PWR-MRC-D+1_20210717100000_20210717103740.csv
2021-07-18T14:00:00Z,1.0,147.11,2021-07-18,MarketResult_SEM-DA_PWR-MRC-D+1_20210717100000_20210717103740.csv
2021-07-18T15:00:00Z,1.0,168.21,2021-07-18,MarketResult_SEM-DA_PWR-MRC-D+1_20210717100000_20210717103740.csv
2021-07-18T16:00:00Z,1.0,186.27,2021-07-18,MarketResult_SEM-DA_PWR-MRC-D+1_20210717100000_20210717103740.csv
2021-07-18T17:00:00Z,1.0,183.4,2021-07-18,MarketResult_SEM-DA_PWR-MRC-D+1_20210717100000_20210717103740.csv
2021-07-18T18:00:00Z,1.0,155.0,2021-07-18,MarketResult_SEM-DA_PWR-MRC-D+1_20210717100000_20210717103740.csv
2021-07-18T19:00:00Z,1.0,138.15,2021-07-18,MarketResult_SEM-DA_PWR-MRC-D+1_20210717100000_20210717103740.csv
2021-07-18T20:00:00Z,1.0,134.32,2021-07-18,MarketResult_SEM-DA_PWR-MRC-D+1_20210717100000_20210717103740.csv
2021-07-18T21:00:00Z,1.0,130.67,2021-07-18,MarketResult_SEM-DA_PWR-MRC-D+1_20210717100000_20210717103740.csv
2021-07-18T22:00:00Z,1.0,118.18,2021-07-19,MarketResult_SEM-DA_PWR-MRC-D+1_20210718100000_20210718103709.csv
2021-07-18T23:00:00Z,1.0,101.97,2021-07-19,MarketResult_SEM-DA_PWR-MRC-D+1_20210718100000_20210718103709.csv
2021-07-19T00:00:00Z,1.0,98.41,2021-07-19,MarketResult_SEM-DA_PWR-MRC-D+1_20210718100000_20210718103709.csv
2021-07-19T01:00:00Z,1.0,98.33,2021-07-19,MarketResult_SEM-DA_PWR-MRC-D+1_20210718100000_20210718103709.csv
2021-07-19T02:00:00Z,1.0,97.83,2021-07-19,MarketResult_SEM-DA_PWR-MRC-D+1_20210718100000_20210718103709.csv
2021-07-19T03:00:00Z,1.0,97.84,2021-07-19,MarketResult_SEM-DA_PWR-MRC-D+1_20210718100000_20210718103709.csv
2021-07-19T04:00:00Z,1.0,97.67,2021-07-19,MarketResult_SEM-DA_PWR-MRC-D+1_20210718100000_20210718103709.csv
2021-07-19T05:00:00Z,1.0,109.72,2021-07-19,MarketResult_SEM-DA_PWR-MRC-D+1_20210718100000_20210718103709.csv
2021-07-19T06:00:00Z,1.0,152.47,2021-07-19,MarketResult_SEM-DA_PWR-MRC-D+1_20210718100000_20210718103709.csv
2021-07-19T07:00:00Z,1.0,218.8,2021-07-19,MarketResult_SEM-DA_PWR-MRC-D+1_20210718100000_20210718103709.csv
2021-07-19T08:00:00Z,1.0,255.0,2021-07-19,MarketResult_SEM-DA_PWR-MRC-D+1_20210718100000_20210718103709.csv
2021-07-19T09:00:00Z,1.0,263.83,2021-07-19,MarketResult_SEM-DA_PWR-MRC-D+1_20210718100000_20210718103709.csv
2021-07-19T10:00:00Z,1.0,250.0,2021-07-19,MarketResult_SEM-DA_PWR-MRC-D+1_20210718100000_20210718103709.csv
2021-07-19T11:00:00Z,1.0,255.0,2021-07-19,MarketResult_SEM-DA_PWR-MRC-D+1_20210718100000_20210718103709.csv
2021-07-19T12:00:00Z,1.0,242.61,2021-07-19,MarketResult_SEM-DA_PWR-MRC-D+1_20210718100000_20210718103709.csv
2021-07-19T13:00:00Z,1.0,227.0,2021-07-19,MarketResult_SEM-DA_PWR-MRC-D+1_20210718100000_20210718103709.csv
2021-07-19T14:00:00Z,1.0,227.0,2021-07-19,MarketResult_SEM-DA_PWR-MRC-D+1_20210718100000_20210718103709.csv
2021-07-19T15:00:00Z,1.0,250.0,2021-07-19,MarketResult_SEM-DA_PWR-MRC-D+1_20210718100000_20210718103709.csv
2021-07-19T16:00:00Z,1.0,242.54,2021-07-19,MarketResult_SEM-DA_PWR-MRC-D+1_20210718100000_20210718103709.csv
2021-07-19T17:00:00Z,1.0,242.54,2021-07-19,MarketResult_SEM-DA_PWR-MRC-D+1_20210718100000_20210718103709.csv
2021-07-19T18:00:00Z,1.0,239.0,2021-07-19,MarketResult_SEM-DA_PWR-MRC-D+1_20210718100000_20210718103709.csv
2021-07-19T19:00:00Z,1.0,275.66,2021-07-19,MarketResult_SEM-DA_PWR-MRC-D+1_20210718100000_20210718103709.csv
2021-07-19T20:00:00Z,1.0,224.0,2021-07-19,MarketResult_SEM-DA_PWR-MRC-D+1_20210718100000_20210718103709.csv
2021-07-19T21:00:00Z,1.0,177.0,2021-07-19,MarketResult_SEM-DA_PWR-MRC-D+1_20210718100000_20210718103709.csv
2021-07-19T22:00:00Z,1.0,133.68,2021-07-20,MarketResult_SEM-DA_PWR-MRC-D+1_20210719100000_20210719103814.csv
2021-07-19T23:00:00Z,1.0,115.0,2021-07-20,MarketResult_SEM-DA_PWR-MRC-D+1_20210719100000_20210719103814.csv
2021-07-20T00:00:00Z,1.0,107.0,2021-07-20,MarketResult_SEM-DA_PWR-MRC-D+1_20210719100000_20210719103814.csv
2021-07-20T01:00:00Z,1.0,105.0,2021-07-20,MarketResult_SEM-DA_PWR-MRC-D+1_20210719100000_20210719103814.csv
2021-07-20T02:00:00Z,1.0,104.0,2021-07-20,MarketResult_SEM-DA_PWR-MRC-D+1_20210719100000_20210719103814.csv
2021-07-20T03:00:00Z,1.0,105.0,2021-07-20,MarketResult_SEM-DA_PWR-MRC-D+1_20210719100000_20210719103814.csv
2021-07-20T04:00:00Z,1.0,107.77,2021-07-20,MarketResult_SEM-DA_PWR-MRC-D+1_20210719100000_20210719103814.csv
2021-07-20T05:00:00Z,1.0,122.57,2021-07-20,MarketResult_SEM-DA_PWR-MRC-D+1_20210719100000_20210719103814.csv
2021-07-20T06:00:00Z,1.0,175.14,2021-07-20,MarketResult_SEM-DA_PWR-MRC-D+1_20210719100000_20210719103814.csv
2021-07-20T07:00:00Z,1.0,240.0,2021-07-20,MarketResult_SEM-DA_PWR-MRC-D+1_20210719100000_20210719103814.csv
2021-07-20T08:00:00Z,1.0,273.16,2021-07-20,MarketResult_SEM-DA_PWR-MRC-D+1_20210719100000_20210719103814.csv
2021-07-20T09:00:00Z,1.0,273.3,2021-07-20,MarketResult_SEM-DA_PWR-MRC-D+1_20210719100000_20210719103814.csv
2021-07-20T10:00:00Z,1.0,257.24,2021-07-20,MarketResult_SEM-DA_PWR-MRC-D+1_20210719100000_20210719103814.csv
2021-07-20T11:00:00Z,1.0,266.8,2021-07-20,MarketResult_SEM-DA_PWR-MRC-D+1_20210719100000_20210719103814.csv
2021-07-20T12:00:00Z,1.0,261.0,2021-07-20,MarketResult_SEM-DA_PWR-MRC-D+1_20210719100000_20210719103814.csv
2021-07-20T13:00:00Z,1.0,262.28,2021-07-20,MarketResult_SEM-DA_PWR-MRC-D+1_20210719100000_20210719103814.csv
2021-07-20T14:00:00Z,1.0,257.0,2021-07-20,MarketResult_SEM-DA_PWR-MRC-D+1_20210719100000_20210719103814.csv
2021-07-20T15:00:00Z,1.0,277.82,2021-07-20,MarketResult_SEM-DA_PWR-MRC-D+1_20210719100000_20210719103814.csv
2021-07-20T16:00:00Z,1.0,275.0,2021-07-20,MarketResult_SEM-DA_PWR-MRC-D+1_20210719100000_20210719103814.csv
2021-07-20T17:00:00Z,1.0,261.0,2021-07-20,MarketResult_SEM-DA_PWR-MRC-D+1_20210719100000_20210719103814.csv
2021-07-20T18:00:00Z,1.0,249.54,2021-07-20,MarketResult_SEM-DA_PWR-MRC-D+1_20210719100000_20210719103814.csv
2021-07-20T19:00:00Z,1.0,228.72,2021-07-20,MarketResult_SEM-DA_PWR-MRC-D+1_20210719100000_20210719103814.csv
2021-07-20T20:00:00Z,1.0,187.0,2021-07-20,MarketResult_SEM-DA_PWR-MRC-D+1_20210719100000_20210719103814.csv
2021-07-20T21:00:00Z,1.0,179.85,2021-07-20,MarketResult_SEM-DA_PWR-MRC-D+1_20210719100000_20210719103814.csv
2021-07-20T22:00:00Z,1.0,134.13,2021-07-21,MarketResult_SEM-DA_PWR-MRC-D+1_20210720100000_20210720103721.csv
2021-07-20T23:00:00Z,1.0,115.08,2021-07-21,MarketResult_SEM-DA_PWR-MRC-D+1_20210720100000_20210720103721.csv
2021-07-21T00:00:00Z,1.0,105.75,2021-07-21,MarketResult_SEM-DA_PWR-MRC-D+1_20210720100000_20210720103721.csv
2021-07-21T01:00:00Z,1.0,102.47,2021-07-21,MarketResult_SEM-DA_PWR-MRC-D+1_20210720100000_20210720103721.csv
2021-07-21T02:00:00Z,1.0,101.01,2021-07-21,MarketResult_SEM-DA_PWR-MRC-D+1_20210720100000_20210720103721.csv
2021-07-21T03:00:00Z,1.0,100.23,2021-07-21,MarketResult_SEM-DA_PWR-MRC-D+1_20210720100000_20210720103721.csv
2021-07-21T04:00:00Z,1.0,102.47,2021-07-21,MarketResult_SEM-DA_PWR-MRC-D+1_20210720100000_20210720103721.csv
2021-07-21T05:00:00Z,1.0,118.15,2021-07-21,MarketResult_SEM-DA_PWR-MRC-D+1_20210720100000_20210720103721.csv
2021-07-21T06:00:00Z,1.0,144.0,2021-07-21,MarketResult_SEM-DA_PWR-MRC-D+1_20210720100000_20210720103721.csv
2021-07-21T07:00:00Z,1.0,203.48,2021-07-21,MarketResult_SEM-DA_PWR-MRC-D+1_20210720100000_20210720103721.csv
2021-07-21T08:00:00Z,1.0,229.77,2021-07-21,MarketResult_SEM-DA_PWR-MRC-D+1_20210720100000_20210720103721.csv
2021-07-21T09:00:00Z,1.0,219.97,2021-07-21,MarketResult_SEM-DA_PWR-MRC-D+1_20210720100000_20210720103721.csv
2021-07-21T10:00:00Z,1.0,220.0,2021-07-21,MarketResult_SEM-DA_PWR-MRC-D+1_20210720100000_20210720103721.csv
2021-07-21T11:00:00Z,1.0,223.85,2021-07-21,MarketResult_SEM-DA_PWR-MRC-D+1_20210720100000_20210720103721.csv
2021-07-21T12:00:00Z,1.0,219.31,2021-07-21,MarketResult_SEM-DA_PWR-MRC-D+1_20210720100000_20210720103721.csv
2021-07-21T13:00:00Z,1.0,200.0,2021-07-21,MarketResult_SEM-DA_PWR-MRC-D+1_20210720100000_20210720103721.csv
2021-07-21T14:00:00Z,1.0,200.0,2021-07-21,MarketResult_SEM-DA_PWR-MRC-D+1_20210720100000_20210720103721.csv
2021-07-21T15:00:00Z,1.0,220.0,2021-07-21,MarketResult_SEM-DA_PWR-MRC-D+1_20210720100000_20210720103721.csv
2021-07-21T16:00:00Z,1.0,220.0,2021-07-21,MarketResult_SEM-DA_PWR-MRC-D+1_20210720100000_20210720103721.csv
2021-07-21T17:00:00Z,1.0,220.0,2021-07-21,MarketResult_SEM-DA_PWR-MRC-D+1_20210720100000_20210720103721.csv
2021-07-21T18:00:00Z,1.0,199.87,2021-07-21,MarketResult_SEM-DA_PWR-MRC-D+1_20210720100000_20210720103721.csv
2021-07-21T19:00:00Z,1.0,176.64,2021-07-21,MarketResult_SEM-DA_PWR-MRC-D+1_20210720100000_20210720103721.csv
2021-07-21T20:00:00Z,1.0,156.0,2021-07-21,MarketResult_SEM-DA_PWR-MRC-D+1_20210720100000_20210720103721.csv
2021-07-21T21:00:00Z,1.0,146.0,2021-07-21,MarketResult_SEM-DA_PWR-MRC-D+1_20210720100000_20210720103721.csv
2021-07-21T22:00:00Z,1.0,127.34,2021-07-22,MarketResult_SEM-DA_PWR-MRC-D+1_20210721100000_20210721104111.csv
2021-07-21T23:00:00Z,1.0,111.0,2021-07-22,MarketResult_SEM-DA_PWR-MRC-D+1_20210721100000_20210721104111.csv
2021-07-22T00:00:00Z,1.0,101.0,2021-07-22,MarketResult_SEM-DA_PWR-MRC-D+1_20210721100000_20210721104111.csv
2021-07-22T01:00:00Z,1.0,99.31,2021-07-22,MarketResult_SEM-DA_PWR-MRC-D+1_20210721100000_20210721104111.csv
2021-07-22T02:00:00Z,1.0,96.39,2021-07-22,MarketResult_SEM-DA_PWR-MRC-D+1_20210721100000_20210721104111.csv
2021-07-22T03:00:00Z,1.0,96.15,2021-07-22,MarketResult_SEM-DA_PWR-MRC-D+1_20210721100000_20210721104111.csv
2021-07-22T04:00:00Z,1.0,98.51,2021-07-22,MarketResult_SEM-DA_PWR-MRC-D+1_20210721100000_20210721104111.csv
2021-07-22T05:00:00Z,1.0,113.44,2021-07-22,MarketResult_SEM-DA_PWR-MRC-D+1_20210721100000_20210721104111.csv
2021-07-22T06:00:00Z,1.0,132.8,2021-07-22,MarketResult_SEM-DA_PWR-MRC-D+1_20210721100000_20210721104111.csv
2021-07-22T07:00:00Z,1.0,199.6,2021-07-22,MarketResult_SEM-DA_PWR-MRC-D+1_20210721100000_20210721104111.csv
2021-07-22T08:00:00Z,1.0,214.43,2021-07-22,MarketResult_SEM-DA_PWR-MRC-D+1_20210721100000_20210721104111.csv
2021-07-22T09:00:00Z,1.0,200.91,2021-07-22,MarketResult_SEM-DA_PWR-MRC-D+1_20210721100000_20210721104111.csv
2021-07-22T10:00:00Z,1.0,200.07,2021-07-22,MarketResult_SEM-DA_PWR-MRC-D+1_20210721100000_20210721104111.csv
2021-07-22T11:00:00Z,1.0,199.95,2021-07-22,MarketResult_SEM-DA_PWR-MRC-D+1_20210721100000_20210721104111.csv
2021-07-22T12:00:00Z,1.0,186.95,2021-07-22,MarketResult_SEM-DA_PWR-MRC-D+1_20210721100000_20210721104111.csv
2021-07-22T13:00:00Z,1.0,185.08,2021-07-22,MarketResult_SEM-DA_PWR-MRC-D+1_20210721100000_20210721104111.csv
2021-07-22T14:00:00Z,1.0,181.0,2021-07-22,MarketResult_SEM-DA_PWR-MRC-D+1_20210721100000_20210721104111.csv
2021-07-22T15:00:00Z,1.0,191.32,2021-07-22,MarketResult_SEM-DA_PWR-MRC-D+1_20210721100000_20210721104111.csv
2021-07-22T16:00:00Z,1.0,198.34,2021-07-22,MarketResult_SEM-DA_PWR-MRC-D+1_20210721100000_20210721104111.csv
2021-07-22T17:00:00Z,1.0,197.0,2021-07-22,MarketResult_SEM-DA_PWR-MRC-D+1_20210721100000_20210721104111.csv
2021-07-22T18:00:00Z,1.0,175.63,2021-07-22,MarketResult_SEM-DA_PWR-MRC-D+1_20210721100000_20210721104111.csv
2021-07-22T19:00:00Z,1.0,151.27,2021-07-22,MarketResult_SEM-DA_PWR-MRC-D+1_20210721100000_20210721104111.csv
2021-07-22T20:00:00Z,1.0,142.26,2021-07-22,MarketResult_SEM-DA_PWR-MRC-D+1_20210721100000_20210721104111.csv
2021-07-22T21:00:00Z,1.0,129.04,2021-07-22,MarketResult_SEM-DA_PWR-MRC-D+1_20210721100000_20210721104111.csv
2021-07-22T22:00:00Z,1.0,120.28,2021-07-23,MarketResult_SEM-DA_PWR-MRC-D+1_20210722100000_20210722103623.csv
2021-07-22T23:00:00Z,1.0,105.83,2021-07-23,MarketResult_SEM-DA_PWR-MRC-D+1_20210722100000_20210722103623.csv
2021-07-23T00:00:00Z,1.0,101.66,2021-07-23,MarketResult_SEM-DA_PWR-MRC-D+1_20210722100000_20210722103623.csv
2021-07-23T01:00:00Z,1.0,97.34,2021-07-23,MarketResult_SEM-DA_PWR-MRC-D+1_20210722100000_20210722103623.csv
2021-07-23T02:00:00Z,1.0,97.03,2021-07-23,MarketResult_SEM-DA_PWR-MRC-D+1_20210722100000_20210722103623.csv
2021-07-23T03:00:00Z,1.0,94.71,2021-07-23,MarketResult_SEM-DA_PWR-MRC-D+1_20210722100000_20210722103623.csv
2021-07-23T04:00:00Z,1.0,99.92,2021-07-23,MarketResult_SEM-DA_PWR-MRC-D+1_20210722100000_20210722103623.csv
2021-07-23T05:00:00Z,1.0,111.44,2021-07-23,MarketResult_SEM-DA_PWR-MRC-D+1_20210722100000_20210722103623.csv
2021-07-23T06:00:00Z,1.0,136.0,2021-07-23,MarketResult_SEM-DA_PWR-MRC-D+1_20210722100000_20210722103623.csv
2021-07-23T07:00:00Z,1.0,195.33,2021-07-23,MarketResult_SEM-DA_PWR-MRC-D+1_20210722100000_20210722103623.csv
2021-07-23T08:00:00Z,1.0,215.44,2021-07-23,MarketResult_SEM-DA_PWR-MRC-D+1_20210722100000_20210722103623.csv
2021-07-23T09:00:00Z,1.0,209.89,2021-07-23,MarketResult_SEM-DA_PWR-MRC-D+1_20210722100000_20210722103623.csv
2021-07-23T10:00:00Z,1.0,197.49,2021-07-23,MarketResult_SEM-DA_PWR-MRC-D+1_20210722100000_20210722103623.csv
2021-07-23T11:00:00Z,1.0,194.12,2021-07-23,MarketResult_SEM-DA_PWR-MRC-D+1_20210722100000_20210722103623.csv
2021-07-23T12:00:00Z,1.0,187.61,2021-07-23,MarketResult_SEM-DA_PWR-MRC-D+1_20210722100000_20210722103623.csv
2021-07-23T13:00:00Z,1.0,184.0,2021-07-23,MarketResult_SEM-DA_PWR-MRC-D+1_20210722100000_20210722103623.csv
2021-07-23T14:00:00Z,1.0,184.0,2021-07-23,MarketResult_SEM-DA_PWR-MRC-D+1_20210722100000_20210722103623.csv
2021-07-23T15:00:00Z,1.0,193.68,2021-07-23,MarketResult_SEM-DA_PWR-MRC-D+1_20210722100000_20210722103623.csv
2021-07-23T16:00:00Z,1.0,197.49,2021-07-23,MarketResult_SEM-DA_PWR-MRC-D+1_20210722100000_20210722103623.csv
2021-07-23T17:00:00Z,1.0,198.73,2021-07-23,MarketResult_SEM-DA_PWR-MRC-D+1_20210722100000_20210722103623.csv
2021-07-23T18:00:00Z,1.0,189.23,2021-07-23,MarketResult_SEM-DA_PWR-MRC-D+1_20210722100000_20210722103623.csv
2021-07-23T19:00:00Z,1.0,161.96,2021-07-23,MarketResult_SEM-DA_PWR-MRC-D+1_20210722100000_20210722103623.csv
2021-07-23T20:00:00Z,1.0,145.0,2021-07-23,MarketResult_SEM-DA_PWR-MRC-D+1_20210722100000_20210722103623.csv
2021-07-23T21:00:00Z,1.0,131.66,2021-07-23,MarketResult_SEM-DA_PWR-MRC-D+1_20210722100000_20210722103623.csv
2021-07-23T22:00:00Z,1.0,124.0,2021-07-24,MarketResult_SEM-DA_PWR-MRC-D+1_20210723100000_20210723103956.csv
2021-07-23T23:00:00Z,1.0,107.41,2021-07-24,MarketResult_SEM-DA_PWR-MRC-D+1_20210723100000_20210723103956.csv
2021-07-24T00:00:00Z,1.0,102.48,2021-07-24,MarketResult_SEM-DA_PWR-MRC-D+1_20210723100000_20210723103956.csv
2021-07-24T01:00:00Z,1.0,99.0,2021-07-24,MarketResult_SEM-DA_PWR-MRC-D+1_20210723100000_20210723103956.csv
2021-07-24T02:00:00Z,1.0,97.4,2021-07-24,MarketResult_SEM-DA_PWR-MRC-D+1_20210723100000_20210723103956.csv
2021-07-24T03:00:00Z,1.0,97.4,2021-07-24,MarketResult_SEM-DA_PWR-MRC-D+1_20210723100000_20210723103956.csv
2021-07-24T04:00:00Z,1.0,96.44,2021-07-24,MarketResult_SEM-DA_PWR-MRC-D+1_20210723100000_20210723103956.csv
2021-07-24T05:00:00Z,1.0,98.81,2021-07-24,MarketResult_SEM-DA_PWR-MRC-D+1_20210723100000_20210723103956.csv
2021-07-24T06:00:00Z,1.0,116.87,2021-07-24,MarketResult_SEM-DA_PWR-MRC-D+1_20210723100000_20210723103956.csv
2021-07-24T07:00:00Z,1.0,155.48,2021-07-24,MarketResult_SEM-DA_PWR-MRC-D+1_20210723100000_20210723103956.csv
2021-07-24T08:00:00Z,1.0,175.0,2021-07-24,MarketResult_SEM-DA_PWR-MRC-D+1_20210723100000_20210723103956.csv
2021-07-24T09:00:00Z,1.0,179.89,2021-07-24,MarketResult_SEM-DA_PWR-MRC-D+1_20210723100000_20210723103956.csv
2021-07-24T10:00:00Z,1.0,179.09,2021-07-24,MarketResult_SEM-DA_PWR-MRC-D+1_20210723100000_20210723103956.csv
2021-07-24T11:00:00Z,1.0,173.85,2021-07-24,MarketResult_SEM-DA_PWR-MRC-D+1_20210723100000_20210723103956.csv
2021-07-24T12:00:00Z,1.0,161.87,2021-07-24,MarketResult_SEM-DA_PWR-MRC-D+1_20210723100000_20210723103956.csv
2021-07-24T13:00:00Z,1.0,160.48,2021-07-24,MarketResult_SEM-DA_PWR-MRC-D+1_20210723100000_20210723103956.csv
2021-07-24T14:00:00Z,1.0,160.41,2021-07-24,MarketResult_SEM-DA_PWR-MRC-D+1_20210723100000_20210723103956.csv
2021-07-24T15:00:00Z,1.0,176.0,2021-07-24,MarketResult_SEM-DA_PWR-MRC-D+1_20210723100000_20210723103956.csv
2021-07-24T16:00:00Z,1.0,181.09,2021-07-24,MarketResult_SEM-DA_PWR-MRC-D+1_20210723100000_20210723103956.csv
2021-07-24T17:00:00Z,1.0,184.83,2021-07-24,MarketResult_SEM-DA_PWR-MRC-D+1_20210723100000_20210723103956.csv
2021-07-24T18:00:00Z,1.0,179.89,2021-07-24,MarketResult_SEM-DA_PWR-MRC-D+1_20210723100000_20210723103956.csv
2021-07-24T19:00:00Z,1.0,156.25,2021-07-24,MarketResult_SEM-DA_PWR-MRC-D+1_20210723100000_20210723103956.csv
2021-07-24T20:00:00Z,1.0,139.0,2021-07-24,MarketResult_SEM-DA_PWR-MRC-D+1_20210723100000_20210723103956.csv
2021-07-24T21:00:00Z,1.0,126.59,2021-07-24,MarketResult_SEM-DA_PWR-MRC-D+1_20210723100000_20210723103956.csv
2021-07-24T22:00:00Z,1.0,131.41,2021-07-25,MarketResult_SEM-DA_PWR-MRC-D+1_20210724100000_20210724104227.csv
2021-07-24T23:00:00Z,1.0,123.98,2021-07-25,MarketResult_SEM-DA_PWR-MRC-D+1_20210724100000_20210724104227.csv
2021-07-25T00:00:00Z,1.0,109.67,2021-07-25,MarketResult_SEM-DA_PWR-MRC-D+1_20210724100000_20210724104227.csv
2021-07-25T01:00:00Z,1.0,105.0,2021-07-25,MarketResult_SEM-DA_PWR-MRC-D+1_20210724100000_20210724104227.csv
2021-07-25T02:00:00Z,1.0,104.47,2021-07-25,MarketResult_SEM-DA_PWR-MRC-D+1_20210724100000_20210724104227.csv
2021-07-25T03:00:00Z,1.0,102.56,2021-07-25,MarketResult_SEM-DA_PWR-MRC-D+1_20210724100000_20210724104227.csv
2021-07-25T04:00:00Z,1.0,99.25,2021-07-25,MarketResult_SEM-DA_PWR-MRC-D+1_20210724100000_20210724104227.csv
2021-07-25T05:00:00Z,1.0,103.0,2021-07-25,MarketResult_SEM-DA_PWR-MRC-D+1_20210724100000_20210724104227.csv
2021-07-25T06:00:00Z,1.0,103.87,2021-07-25,MarketResult_SEM-DA_PWR-MRC-D+1_20210724100000_20210724104227.csv
2021-07-25T07:00:00Z,1.0,125.0,2021-07-25,MarketResult_SEM-DA_PWR-MRC-D+1_20210724100000_20210724104227.csv
2021-07-25T08:00:00Z,1.0,148.7,2021-07-25,MarketResult_SEM-DA_PWR-MRC-D+1_20210724100000_20210724104227.csv
2021-07-25T09:00:00Z,1.0,155.02,2021-07-25,MarketResult_SEM-DA_PWR-MRC-D+1_20210724100000_20210724104227.csv
2021-07-25T10:00:00Z,1.0,159.71,2021-07-25,MarketResult_SEM-DA_PWR-MRC-D+1_20210724100000_20210724104227.csv
2021-07-25T11:00:00Z,1.0,165.0,2021-07-25,MarketResult_SEM-DA_PWR-MRC-D+1_20210724100000_20210724104227.csv
2021-07-25T12:00:00Z,1.0,155.66,2021-07-25,MarketResult_SEM-DA_PWR-MRC-D+1_20210724100000_20210724104227.csv
2021-07-25T13:00:00Z,1.0,135.0,2021-07-25,MarketResult_SEM-DA_PWR-MRC-D+1_20210724100000_20210724104227.csv
2021-07-25T14:00:00Z,1.0,132.1,2021-07-25,MarketResult_SEM-DA_PWR-MRC-D+1_20210724100000_20210724104227.csv
2021-07-25T15:00:00Z,1.0,136.98,2021-07-25,MarketResult_SEM-DA_PWR-MRC-D+1_20210724100000_20210724104227.csv
2021-07-25T16:00:00Z,1.0,144.43,2021-07-25,MarketResult_SEM-DA_PWR-MRC-D+1_20210724100000_20210724104227.csv
2021-07-25T17:00:00Z,1.0,155.0,2021-07-25,MarketResult_SEM-DA_PWR-MRC-D+1_20210724100000_20210724104227.csv
2021-07-25T18:00:00Z,1.0,150.44,2021-07-25,MarketResult_SEM-DA_PWR-MRC-D+1_20210724100000_20210724104227.csv
2021-07-25T19:00:00Z,1.0,139.83,2021-07-25,MarketResult_SEM-DA_PWR-MRC-D+1_20210724100000_20210724104227.csv
2021-07-25T20:00:00Z,1.0,137.59,2021-07-25,MarketResult_SEM-DA_PWR-MRC-D+1_20210724100000_20210724104227.csv
2021-07-25T21:00:00Z,1.0,114.42,2021-07-25,MarketResult_SEM-DA_PWR-MRC-D+1_20210724100000_20210724104227.csv
2021-07-25T22:00:00Z,1.0,119.0,2021-07-26,MarketResult_SEM-DA_PWR-MRC-D+1_20210725100000_20210725103634.csv
2021-07-25T23:00:00Z,1.0,107.35,2021-07-26,MarketResult_SEM-DA_PWR-MRC-D+1_20210725100000_20210725103634.csv
2021-07-26T00:00:00Z,1.0,102.93,2021-07-26,MarketResult_SEM-DA_PWR-MRC-D+1_20210725100000_20210725103634.csv
2021-07-26T01:00:00Z,1.0,98.78,2021-07-26,MarketResult_SEM-DA_PWR-MRC-D+1_20210725100000_20210725103634.csv
2021-07-26T02:00:00Z,1.0,99.01,2021-07-26,MarketResult_SEM-DA_PWR-MRC-D+1_20210725100000_20210725103634.csv
2021-07-26T03:00:00Z,1.0,99.0,2021-07-26,MarketResult_SEM-DA_PWR-MRC-D+1_20210725100000_20210725103634.csv
2021-07-26T04:00:00Z,1.0,99.01,2021-07-26,MarketResult_SEM-DA_PWR-MRC-D+1_20210725100000_20210725103634.csv
2021-07-26T05:00:00Z,1.0,112.0,2021-07-26,MarketResult_SEM-DA_PWR-MRC-D+1_20210725100000_20210725103634.csv
2021-07-26T06:00:00Z,1.0,124.18,2021-07-26,MarketResult_SEM-DA_PWR-MRC-D+1_20210725100000_20210725103634.csv
2021-07-26T07:00:00Z,1.0,174.27,2021-07-26,MarketResult_SEM-DA_PWR-MRC-D+1_20210725100000_20210725103634.csv
2021-07-26T08:00:00Z,1.0,175.34,2021-07-26,MarketResult_SEM-DA_PWR-MRC-D+1_20210725100000_20210725103634.csv
2021-07-26T09:00:00Z,1.0,180.01,2021-07-26,MarketResult_SEM-DA_PWR-MRC-D+1_20210725100000_20210725103634.csv
2021-07-26T10:00:00Z,1.0,180.45,2021-07-26,MarketResult_SEM-DA_PWR-MRC-D+1_20210725100000_20210725103634.csv
2021-07-26T11:00:00Z,1.0,181.0,2021-07-26,MarketResult_SEM-DA_PWR-MRC-D+1_20210725100000_20210725103634.csv
2021-07-26T12:00:00Z,1.0,174.55,2021-07-26,MarketResult_SEM-DA_PWR-MRC-D+1_20210725100000_20210725103634.csv
2021-07-26T13:00:00Z,1.0,165.95,2021-07-26,MarketResult_SEM-DA_PWR-MRC-D+1_20210725100000_20210725103634.csv
2021-07-26T14:00:00Z,1.0,163.89,2021-07-26,MarketResult_SEM-DA_PWR-MRC-D+1_20210725100000_20210725103634.csv
2021-07-26T15:00:00Z,1.0,165.0,2021-07-26,MarketResult_SEM-DA_PWR-MRC-D+1_20210725100000_20210725103634.csv
2021-07-26T16:00:00Z,1.0,175.81,2021-07-26,MarketResult_SEM-DA_PWR-MRC-D+1_20210725100000_20210725103634.csv
2021-07-26T17:00:00Z,1.0,173.82,2021-07-26,MarketResult_SEM-DA_PWR-MRC-D+1_20210725100000_20210725103634.csv
2021-07-26T18:00:00Z,1.0,167.35,2021-07-26,MarketResult_SEM-DA_PWR-MRC-D+1_20210725100000_20210725103634.csv
2021-07-26T19:00:00Z,1.0,151.64,2021-07-26,MarketResult_SEM-DA_PWR-MRC-D+1_20210725100000_20210725103634.csv
2021-07-26T20:00:00Z,1.0,140.0,2021-07-26,MarketResult_SEM-DA_PWR-MRC-D+1_20210725100000_20210725103634.csv
2021-07-26T21:00:00Z,1.0,120.19,2021-07-26,MarketResult_SEM-DA_PWR-MRC-D+1_20210725100000_20210725103634.csv
2021-07-26T22:00:00Z,1.0,113.08,2021-07-27,MarketResult_SEM-DA_PWR-MRC-D+1_20210726100000_20210726103742.csv
2021-07-26T23:00:00Z,1.0,102.45,2021-07-27,MarketResult_SEM-DA_PWR-MRC-D+1_20210726100000_20210726103742.csv
2021-07-27T00:00:00Z,1.0,97.74,2021-07-27,MarketResult_SEM-DA_PWR-MRC-D+1_20210726100000_20210726103742.csv
2021-07-27T01:00:00Z,1.0,95.0,2021-07-27,MarketResult_SEM-DA_PWR-MRC-D+1_20210726100000_20210726103742.csv
2021-07-27T02:00:00Z,1.0,93.5,2021-07-27,MarketResult_SEM-DA_PWR-MRC-D+1_20210726100000_20210726103742.csv
2021-07-27T03:00:00Z,1.0,94.28,2021-07-27,MarketResult_SEM-DA_PWR-MRC-D+1_20210726100000_20210726103742.csv
2021-07-27T04:00:00Z,1.0,95.0,2021-07-27,MarketResult_SEM-DA_PWR-MRC-D+1_20210726100000_20210726103742.csv
2021-07-27T05:00:00Z,1.0,101.85,2021-07-27,MarketResult_SEM-DA_PWR-MRC-D+1_20210726100000_20210726103742.csv
2021-07-27T06:00:00Z,1.0,125.1,2021-07-27,MarketResult_SEM-DA_PWR-MRC-D+1_20210726100000_20210726103742.csv
2021-07-27T07:00:00Z,1.0,160.93,2021-07-27,MarketResult_SEM-DA_PWR-MRC-D+1_20210726100000_20210726103742.csv
2021-07-27T08:00:00Z,1.0,164.17,2021-07-27,MarketResult_SEM-DA_PWR-MRC-D+1_20210726100000_20210726103742.csv
2021-07-27T09:00:00Z,1.0,164.71,2021-07-27,MarketResult_SEM-DA_PWR-MRC-D+1_20210726100000_20210726103742.csv
2021-07-27T10:00:00Z,1.0,166.0,2021-07-27,MarketResult_SEM-DA_PWR-MRC-D+1_20210726100000_20210726103742.csv
2021-07-27T11:00:00Z,1.0,169.0,2021-07-27,MarketResult_SEM-DA_PWR-MRC-D+1_20210726100000_20210726103742.csv
2021-07-27T12:00:00Z,1.0,160.0,2021-07-27,MarketResult_SEM-DA_PWR-MRC-D+1_20210726100000_20210726103742.csv
2021-07-27T13:00:00Z,1.0,153.96,2021-07-27,MarketResult_SEM-DA_PWR-MRC-D+1_20210726100000_20210726103742.csv
2021-07-27T14:00:00Z,1.0,153.96,2021-07-27,MarketResult_SEM-DA_PWR-MRC-D+1_20210726100000_20210726103742.csv
2021-07-27T15:00:00Z,1.0,161.25,2021-07-27,MarketResult_SEM-DA_PWR-MRC-D+1_20210726100000_20210726103742.csv
2021-07-27T16:00:00Z,1.0,173.62,2021-07-27,MarketResult_SEM-DA_PWR-MRC-D+1_20210726100000_20210726103742.csv
2021-07-27T17:00:00Z,1.0,169.0,2021-07-27,MarketResult_SEM-DA_PWR-MRC-D+1_20210726100000_20210726103742.csv
2021-07-27T18:00:00Z,1.0,166.0,2021-07-27,MarketResult_SEM-DA_PWR-MRC-D+1_20210726100000_20210726103742.csv
2021-07-27T19:00:00Z,1.0,153.96,2021-07-27,MarketResult_SEM-DA_PWR-MRC-D+1_20210726100000_20210726103742.csv
2021-07-27T20:00:00Z,1.0,143.01,2021-07-27,MarketResult_SEM-DA_PWR-MRC-D+1_20210726100000_20210726103742.csv
2021-07-27T21:00:00Z,1.0,128.4,2021-07-27,MarketResult_SEM-DA_PWR-MRC-D+1_20210726100000_20210726103742.csv
2021-07-27T22:00:00Z,1.0,125.89,2021-07-28,MarketResult_SEM-DA_PWR-MRC-D+1_20210727100000_20210727104122.csv
2021-07-27T23:00:00Z,1.0,116.07,2021-07-28,MarketResult_SEM-DA_PWR-MRC-D+1_20210727100000_20210727104122.csv
2021-07-28T00:00:00Z,1.0,110.21,2021-07-28,MarketResult_SEM-DA_PWR-MRC-D+1_20210727100000_20210727104122.csv
2021-07-28T01:00:00Z,1.0,105.32,2021-07-28,MarketResult_SEM-DA_PWR-MRC-D+1_20210727100000_20210727104122.csv
2021-07-28T02:00:00Z,1.0,95.0,2021-07-28,MarketResult_SEM-DA_PWR-MRC-D+1_20210727100000_20210727104122.csv
2021-07-28T03:00:00Z,1.0,92.49,2021-07-28,MarketResult_SEM-DA_PWR-MRC-D+1_20210727100000_20210727104122.csv
2021-07-28T04:00:00Z,1.0,95.0,2021-07-28,MarketResult_SEM-DA_PWR-MRC-D+1_20210727100000_20210727104122.csv
2021-07-28T05:00:00Z,1.0,110.2,2021-07-28,MarketResult_SEM-DA_PWR-MRC-D+1_20210727100000_20210727104122.csv
2021-07-28T06:00:00Z,1.0,124.64,2021-07-28,MarketResult_SEM-DA_PWR-MRC-D+1_20210727100000_20210727104122.csv
2021-07-28T07:00:00Z,1.0,157.73,2021-07-28,MarketResult_SEM-DA_PWR-MRC-D+1_20210727100000_20210727104122.csv
2021-07-28T08:00:00Z,1.0,157.79,2021-07-28,MarketResult_SEM-DA_PWR-MRC-D+1_20210727100000_20210727104122.csv
2021-07-28T09:00:00Z,1.0,153.96,2021-07-28,MarketResult_SEM-DA_PWR-MRC-D+1_20210727100000_20210727104122.csv
2021-07-28T10:00:00Z,1.0,144.88,2021-07-28,MarketResult_SEM-DA_PWR-MRC-D+1_20210727100000_20210727104122.csv
2021-07-28T11:00:00Z,1.0,130.21,2021-07-28,MarketResult_SEM-DA_PWR-MRC-D+1_20210727100000_20210727104122.csv
2021-07-28T12:00:00Z,1.0,114.58,2021-07-28,MarketResult_SEM-DA_PWR-MRC-D+1_20210727100000_20210727104122.csv
2021-07-28T13:00:00Z,1.0,105.73,2021-07-28,MarketResult_SEM-DA_PWR-MRC-D+1_20210727100000_20210727104122.csv
2021-07-28T14:00:00Z,1.0,102.86,2021-07-28,MarketResult_SEM-DA_PWR-MRC-D+1_20210727100000_20210727104122.csv
2021-07-28T15:00:00Z,1.0,102.86,2021-07-28,MarketResult_SEM-DA_PWR-MRC-D+1_20210727100000_20210727104122.csv
2021-07-28T16:00:00Z,1.0,119.07,2021-07-28,MarketResult_SEM-DA_PWR-MRC-D+1_20210727100000_20210727104122.csv
2021-07-28T17:00:00Z,1.0,126.0,2021-07-28,MarketResult_SEM-DA_PWR-MRC-D+1_20210727100000_20210727104122.csv
2021-07-28T18:00:00Z,1.0,117.75,2021-07-28,MarketResult_SEM-DA_PWR-MRC-D+1_20210727100000_20210727104122.csv
2021-07-28T19:00:00Z,1.0,114.57,2021-07-28,MarketResult_SEM-DA_PWR-MRC-D+1_20210727100000_20210727104122.csv
2021-07-28T20:00:00Z,1.0,109.0,2021-07-28,MarketResult_SEM-DA_PWR-MRC-D+1_20210727100000_20210727104122.csv
2021-07-28T21:00:00Z,1.0,106.0,2021-07-28,MarketResult_SEM-DA_PWR-MRC-D+1_20210727100000_20210727104122.csv
2021-07-28T22:00:00Z,1.0,97.61,2021-07-29,MarketResult_SEM-DA_PWR-MRC-D+1_20210728100000_20210728103556.csv
2021-07-28T23:00:00Z,1.0,84.8,2021-07-29,MarketResult_SEM-DA_PWR-MRC-D+1_20210728100000_20210728103556.csv
2021-07-29T00:00:00Z,1.0,75.0,2021-07-29,MarketResult_SEM-DA_PWR-MRC-D+1_20210728100000_20210728103556.csv
2021-07-29T01:00:00Z,1.0,70.94,2021-07-29,MarketResult_SEM-DA_PWR-MRC-D+1_20210728100000_20210728103556.csv
2021-07-29T02:00:00Z,1.0,70.83,2021-07-29,MarketResult_SEM-DA_PWR-MRC-D+1_20210728100000_20210728103556.csv
2021-07-29T03:00:00Z,1.0,71.0,2021-07-29,MarketResult_SEM-DA_PWR-MRC-D+1_20210728100000_20210728103556.csv
2021-07-29T04:00:00Z,1.0,79.47,2021-07-29,MarketResult_SEM-DA_PWR-MRC-D+1_20210728100000_20210728103556.csv
2021-07-29T05:00:00Z,1.0,104.56,2021-07-29,MarketResult_SEM-DA_PWR-MRC-D+1_20210728100000_20210728103556.csv
2021-07-29T06:00:00Z,1.0,115.23,2021-07-29,MarketResult_SEM-DA_PWR-MRC-D+1_20210728100000_20210728103556.csv
2021-07-29T07:00:00Z,1.0,137.47,2021-07-29,MarketResult_SEM-DA_PWR-MRC-D+1_20210728100000_20210728103556.csv
2021-07-29T08:00:00Z,1.0,140.34,2021-07-29,MarketResult_SEM-DA_PWR-MRC-D+1_20210728100000_20210728103556.csv
2021-07-29T09:00:00Z,1.0,140.34,2021-07-29,MarketResult_SEM-DA_PWR-MRC-D+1_20210728100000_20210728103556.csv
2021-07-29T10:00:00Z,1.0,147.06,2021-07-29,MarketResult_SEM-DA_PWR-MRC-D+1_20210728100000_20210728103556.csv
2021-07-29T11:00:00Z,1.0,151.21,2021-07-29,MarketResult_SEM-DA_PWR-MRC-D+1_20210728100000_20210728103556.csv
2021-07-29T12:00:00Z,1.0,140.72,2021-07-29,MarketResult_SEM-DA_PWR-MRC-D+1_20210728100000_20210728103556.csv
2021-07-29T13:00:00Z,1.0,135.12,2021-07-29,MarketResult_SEM-DA_PWR-MRC-D+1_20210728100000_20210728103556.csv
2021-07-29T14:00:00Z,1.0,137.95,2021-07-29,MarketResult_SEM-DA_PWR-MRC-D+1_20210728100000_20210728103556.csv
2021-07-29T15:00:00Z,1.0,148.99,2021-07-29,MarketResult_SEM-DA_PWR-MRC-D+1_20210728100000_20210728103556.csv
2021-07-29T16:00:00Z,1.0,157.48,2021-07-29,MarketResult_SEM-DA_PWR-MRC-D+1_20210728100000_20210728103556.csv
2021-07-29T17:00:00Z,1.0,158.52,2021-07-29,MarketResult_SEM-DA_PWR-MRC-D+1_20210728100000_20210728103556.csv
2021-07-29T18:00:00Z,1.0,155.0,2021-07-29,MarketResult_SEM-DA_PWR-MRC-D+1_20210728100000_20210728103556.csv
2021-07-29T19:00:00Z,1.0,153.96,2021-07-29,MarketResult_SEM-DA_PWR-MRC-D+1_20210728100000_20210728103556.csv
2021-07-29T20:00:00Z,1.0,147.06,2021-07-29,MarketResult_SEM-DA_PWR-MRC-D+1_20210728100000_20210728103556.csv
2021-07-29T21:00:00Z,1.0,139.0,2021-07-29,MarketResult_SEM-DA_PWR-MRC-D+1_20210728100000_20210728103556.csv
2021-07-29T22:00:00Z,1.0,117.94,2021-07-30,MarketResult_SEM-DA_PWR-MRC-D+1_20210729100000_20210729103725.csv
2021-07-29T23:00:00Z,1.0,116.7,2021-07-30,MarketResult_SEM-DA_PWR-MRC-D+1_20210729100000_20210729103725.csv
2021-07-30T00:00:00Z,1.0,110.0,2021-07-30,MarketResult_SEM-DA_PWR-MRC-D+1_20210729100000_20210729103725.csv
2021-07-30T01:00:00Z,1.0,106.99,2021-07-30,MarketResult_SEM-DA_PWR-MRC-D+1_20210729100000_20210729103725.csv
2021-07-30T02:00:00Z,1.0,101.99,2021-07-30,MarketResult_SEM-DA_PWR-MRC-D+1_20210729100000_20210729103725.csv
2021-07-30T03:00:00Z,1.0,101.0,2021-07-30,MarketResult_SEM-DA_PWR-MRC-D+1_20210729100000_20210729103725.csv
2021-07-30T04:00:00Z,1.0,100.4,2021-07-30,MarketResult_SEM-DA_PWR-MRC-D+1_20210729100000_20210729103725.csv
2021-07-30T05:00:00Z,1.0,114.72,2021-07-30,MarketResult_SEM-DA_PWR-MRC-D+1_20210729100000_20210729103725.csv
2021-07-30T06:00:00Z,1.0,118.0,2021-07-30,MarketResult_SEM-DA_PWR-MRC-D+1_20210729100000_20210729103725.csv
2021-07-30T07:00:00Z,1.0,161.38,2021-07-30,MarketResult_SEM-DA_PWR-MRC-D+1_20210729100000_20210729103725.csv
2021-07-30T08:00:00Z,1.0,162.97,2021-07-30,MarketResult_SEM-DA_PWR-MRC-D+1_20210729100000_20210729103725.csv
2021-07-30T09:00:00Z,1.0,161.38,2021-07-30,MarketResult_SEM-DA_PWR-MRC-D+1_20210729100000_20210729103725.csv
2021-07-30T10:00:00Z,1.0,156.88,2021-07-30,MarketResult_SEM-DA_PWR-MRC-D+1_20210729100000_20210729103725.csv
2021-07-30T11:00:00Z,1.0,161.38,2021-07-30,MarketResult_SEM-DA_PWR-MRC-D+1_20210729100000_20210729103725.csv
2021-07-30T12:00:00Z,1.0,147.06,2021-07-30,MarketResult_SEM-DA_PWR-MRC-D+1_20210729100000_20210729103725.csv
2021-07-30T13:00:00Z,1.0,134.84,2021-07-30,MarketResult_SEM-DA_PWR-MRC-D+1_20210729100000_20210729103725.csv
2021-07-30T14:00:00Z,1.0,127.0,2021-07-30,MarketResult_SEM-DA_PWR-MRC-D+1_20210729100000_20210729103725.csv
2021-07-30T15:00:00Z,1.0,128.84,2021-07-30,MarketResult_SEM-DA_PWR-MRC-D+1_20210729100000_20210729103725.csv
2021-07-30T16:00:00Z,1.0,148.06,2021-07-30,MarketResult_SEM-DA_PWR-MRC-D+1_20210729100000_20210729103725.csv
2021-07-30T17:00:00Z,1.0,151.0,2021-07-30,MarketResult_SEM-DA_PWR-MRC-D+1_20210729100000_20210729103725.csv
2021-07-30T18:00:00Z,1.0,144.06,2021-07-30,MarketResult_SEM-DA_PWR-MRC-D+1_20210729100000_20210729103725.csv
2021-07-30T19:00:00Z,1.0,140.65,2021-07-30,MarketResult_SEM-DA_PWR-MRC-D+1_20210729100000_20210729103725.csv
2021-07-30T20:00:00Z,1.0,139.07,2021-07-30,MarketResult_SEM-DA_PWR-MRC-D+1_20210729100000_20210729103725.csv
2021-07-30T21:00:00Z,1.0,131.32,2021-07-30,MarketResult_SEM-DA_PWR-MRC-D+1_20210729100000_20210729103725.csv
2021-07-30T22:00:00Z,1.0,122.45,2021-07-31,MarketResult_SEM-DA_PWR-MRC-D+1_20210730100000_20210730103747.csv
2021-07-30T23:00:00Z,1.0,122.64,2021-07-31,MarketResult_SEM-DA_PWR-MRC-D+1_20210730100000_20210730103747.csv
2021-07-31T00:00:00Z,1.0,109.34,2021-07-31,MarketResult_SEM-DA_PWR-MRC-D+1_20210730100000_20210730103747.csv
2021-07-31T01:00:00Z,1.0,106.0,2021-07-31,MarketResult_SEM-DA_PWR-MRC-D+1_20210730100000_20210730103747.csv
2021-07-31T02:00:00Z,1.0,102.86,2021-07-31,MarketResult_SEM-DA_PWR-MRC-D+1_20210730100000_20210730103747.csv
2021-07-31T03:00:00Z,1.0,102.99,2021-07-31,MarketResult_SEM-DA_PWR-MRC-D+1_20210730100000_20210730103747.csv
2021-07-31T04:00:00Z,1.0,107.94,2021-07-31,MarketResult_SEM-DA_PWR-MRC-D+1_20210730100000_20210730103747.csv
2021-07-31T05:00:00Z,1.0,116.72,2021-07-31,MarketResult_SEM-DA_PWR-MRC-D+1_20210730100000_20210730103747.csv
2021-07-31T06:00:00Z,1.0,114.49,2021-07-31,MarketResult_SEM-DA_PWR-MRC-D+1_20210730100000_20210730103747.csv
2021-07-31T07:00:00Z,1.0,132.52,2021-07-31,MarketResult_SEM-DA_PWR-MRC-D+1_20210730100000_20210730103747.csv
2021-07-31T08:00:00Z,1.0,144.0,2021-07-31,MarketResult_SEM-DA_PWR-MRC-D+1_20210730100000_20210730103747.csv
2021-07-31T09:00:00Z,1.0,149.0,2021-07-31,MarketResult_SEM-DA_PWR-MRC-D+1_20210730100000_20210730103747.csv
2021-07-31T10:00:00Z,1.0,147.75,2021-07-31,MarketResult_SEM-DA_PWR-MRC-D+1_20210730100000_20210730103747.csv
2021-07-31T11:00:00Z,1.0,147.06,2021-07-31,MarketResult_SEM-DA_PWR-MRC-D+1_20210730100000_20210730103747.csv
2021-07-31T12:00:00Z,1.0,128.0,2021-07-31,MarketResult_SEM-DA_PWR-MRC-D+1_20210730100000_20210730103747.csv
2021-07-31T13:00:00Z,1.0,116.41,2021-07-31,MarketResult_SEM-DA_PWR-MRC-D+1_20210730100000_20210730103747.csv
2021-07-31T14:00:00Z,1.0,116.0,2021-07-31,MarketResult_SEM-DA_PWR-MRC-D+1_20210730100000_20210730103747.csv
2021-07-31T15:00:00Z,1.0,130.68,2021-07-31,MarketResult_SEM-DA_PWR-MRC-D+1_20210730100000_20210730103747.csv
2021-07-31T16:00:00Z,1.0,135.38,2021-07-31,MarketResult_SEM-DA_PWR-MRC-D+1_20210730100000_20210730103747.csv
2021-07-31T17:00:00Z,1.0,148.05,2021-07-31,MarketResult_SEM-DA_PWR-MRC-D+1_20210730100000_20210730103747.csv
2021-07-31T18:00:00Z,1.0,148.04,2021-07-31,MarketResult_SEM-DA_PWR-MRC-D+1_20210730100000_20210730103747.csv
2021-07-31T19:00:00Z,1.0,135.0,2021-07-31,MarketResult_SEM-DA_PWR-MRC-D+1_20210730100000_20210730103747.csv
2021-07-31T20:00:00Z,1.0,135.0,2021-07-31,MarketResult_SEM-DA_PWR-MRC-D+1_20210730100000_20210730103747.csv
2021-07-31T21:00:00Z,1.0,121.9,2021-07-31,MarketResult_SEM-DA_PWR-MRC-D+1_20210730100000_20210730103747.csv
2021-07-31T22:00:00Z,1.0,121.83,2021-08-01,MarketResult_SEM-DA_PWR-MRC-D+1_20210731100000_20210731104044.csv
2021-07-31T23:00:00Z,1.0,122.07,2021-08-01,MarketResult_SEM-DA_PWR-MRC-D+1_20210731100000_20210731104044.csv
2021-08-01T00:00:00Z,1.0,119.0,2021-08-01,MarketResult_SEM-DA_PWR-MRC-D+1_20210731100000_20210731104044.csv
2021-08-01T01:00:00Z,1.0,112.52,2021-08-01,MarketResult_SEM-DA_PWR-MRC-D+1_20210731100000_20210731104044.csv
2021-08-01T02:00:00Z,1.0,109.18,2021-08-01,MarketResult_SEM-DA_PWR-MRC-D+1_20210731100000_20210731104044.csv
2021-08-01T03:00:00Z,1.0,108.01,2021-08-01,MarketResult_SEM-DA_PWR-MRC-D+1_20210731100000_20210731104044.csv
2021-08-01T04:00:00Z,1.0,101.69,2021-08-01,MarketResult_SEM-DA_PWR-MRC-D+1_20210731100000_20210731104044.csv
2021-08-01T05:00:00Z,1.0,103.54,2021-08-01,MarketResult_SEM-DA_PWR-MRC-D+1_20210731100000_20210731104044.csv
2021-08-01T06:00:00Z,1.0,103.12,2021-08-01,MarketResult_SEM-DA_PWR-MRC-D+1_20210731100000_20210731104044.csv
2021-08-01T07:00:00Z,1.0,111.37,2021-08-01,MarketResult_SEM-DA_PWR-MRC-D+1_20210731100000_20210731104044.csv
2021-08-01T08:00:00Z,1.0,120.2,2021-08-01,MarketResult_SEM-DA_PWR-MRC-D+1_20210731100000_20210731104044.csv
2021-08-01T09:00:00Z,1.0,133.79,2021-08-01,MarketResult_SEM-DA_PWR-MRC-D+1_20210731100000_20210731104044.csv
2021-08-01T10:00:00Z,1.0,135.95,2021-08-01,MarketResult_SEM-DA_PWR-MRC-D+1_20210731100000_20210731104044.csv
2021-08-01T11:00:00Z,1.0,146.0,2021-08-01,MarketResult_SEM-DA_PWR-MRC-D+1_20210731100000_20210731104044.csv
2021-08-01T12:00:00Z,1.0,124.26,2021-08-01,MarketResult_SEM-DA_PWR-MRC-D+1_20210731100000_20210731104044.csv
2021-08-01T13:00:00Z,1.0,117.53,2021-08-01,MarketResult_SEM-DA_PWR-MRC-D+1_20210731100000_20210731104044.csv
2021-08-01T14:00:00Z,1.0,109.0,2021-08-01,MarketResult_SEM-DA_PWR-MRC-D+1_20210731100000_20210731104044.csv
2021-08-01T15:00:00Z,1.0,128.0,2021-08-01,MarketResult_SEM-DA_PWR-MRC-D+1_20210731100000_20210731104044.csv
2021-08-01T16:00:00Z,1.0,138.0,2021-08-01,MarketResult_SEM-DA_PWR-MRC-D+1_20210731100000_20210731104044.csv
2021-08-01T17:00:00Z,1.0,149.0,2021-08-01,MarketResult_SEM-DA_PWR-MRC-D+1_20210731100000_20210731104044.csv
2021-08-01T18:00:00Z,1.0,150.32,2021-08-01,MarketResult_SEM-DA_PWR-MRC-D+1_20210731100000_20210731104044.csv
2021-08-01T19:00:00Z,1.0,141.0,2021-08-01,MarketResult_SEM-DA_PWR-MRC-D+1_20210731100000_20210731104044.csv
2021-08-01T20:00:00Z,1.0,144.58,2021-08-01,MarketResult_SEM-DA_PWR-MRC-D+1_20210731100000_20210731104044.csv
2021-08-01T21:00:00Z,1.0,121.0,2021-08-01,MarketResult_SEM-DA_PWR-MRC-D+1_20210731100000_20210731104044.csv
2021-08-01T22:00:00Z,1.0,128.41,2021-08-02,MarketResult_SEM-DA_PWR-MRC-D+1_20210801100000_20210801103641.csv
2021-08-01T23:00:00Z,1.0,123.15,2021-08-02,MarketResult_SEM-DA_PWR-MRC-D+1_20210801100000_20210801103641.csv
2021-08-02T00:00:00Z,1.0,112.5,2021-08-02,MarketResult_SEM-DA_PWR-MRC-D+1_20210801100000_20210801103641.csv
2021-08-02T01:00:00Z,1.0,109.47,2021-08-02,MarketResult_SEM-DA_PWR-MRC-D+1_20210801100000_20210801103641.csv
2021-08-02T02:00:00Z,1.0,108.29,2021-08-02,MarketResult_SEM-DA_PWR-MRC-D+1_20210801100000_20210801103641.csv
2021-08-02T03:00:00Z,1.0,108.25,2021-08-02,MarketResult_SEM-DA_PWR-MRC-D+1_20210801100000_20210801103641.csv
2021-08-02T04:00:00Z,1.0,110.0,2021-08-02,MarketResult_SEM-DA_PWR-MRC-D+1_20210801100000_20210801103641.csv
2021-08-02T05:00:00Z,1.0,115.66,2021-08-02,MarketResult_SEM-DA_PWR-MRC-D+1_20210801100000_20210801103641.csv
2021-08-02T06:00:00Z,1.0,134.84,2021-08-02,MarketResult_SEM-DA_PWR-MRC-D+1_20210801100000_20210801103641.csv
2021-08-02T07:00:00Z,1.0,172.0,2021-08-02,MarketResult_SEM-DA_PWR-MRC-D+1_20210801100000_20210801103641.csv
2021-08-02T08:00:00Z,1.0,173.19,2021-08-02,MarketResult_SEM-DA_PWR-MRC-D+1_20210801100000_20210801103641.csv
2021-08-02T09:00:00Z,1.0,173.31,2021-08-02,MarketResult_SEM-DA_PWR-MRC-D+1_20210801100000_20210801103641.csv
2021-08-02T10:00:00Z,1.0,179.0,2021-08-02,MarketResult_SEM-DA_PWR-MRC-D+1_20210801100000_20210801103641.csv
2021-08-02T11:00:00Z,1.0,193.77,2021-08-02,MarketResult_SEM-DA_PWR-MRC-D+1_20210801100000_20210801103641.csv
2021-08-02T12:00:00Z,1.0,175.83,2021-08-02,MarketResult_SEM-DA_PWR-MRC-D+1_20210801100000_20210801103641.csv
2021-08-02T13:00:00Z,1.0,168.17,2021-08-02,MarketResult_SEM-DA_PWR-MRC-D+1_20210801100000_20210801103641.csv
2021-08-02T14:00:00Z,1.0,162.87,2021-08-02,MarketResult_SEM-DA_PWR-MRC-D+1_20210801100000_20210801103641.csv
2021-08-02T15:00:00Z,1.0,179.73,2021-08-02,MarketResult_SEM-DA_PWR-MRC-D+1_20210801100000_20210801103641.csv
2021-08-02T16:00:00Z,1.0,201.69,2021-08-02,MarketResult_SEM-DA_PWR-MRC-D+1_20210801100000_20210801103641.csv
2021-08-02T17:00:00Z,1.0,220.01,2021-08-02,MarketResult_SEM-DA_PWR-MRC-D+1_20210801100000_20210801103641.csv
2021-08-02T18:00:00Z,1.0,205.13,2021-08-02,MarketResult_SEM-DA_PWR-MRC-D+1_20210801100000_20210801103641.csv
2021-08-02T19:00:00Z,1.0,178.0,2021-08-02,MarketResult_SEM-DA_PWR-MRC-D+1_20210801100000_20210801103641.csv
2021-08-02T20:00:00Z,1.0,173.0,2021-08-02,MarketResult_SEM-DA_PWR-MRC-D+1_20210801100000_20210801103641.csv
2021-08-02T21:00:00Z,1.0,149.29,2021-08-02,MarketResult_SEM-DA_PWR-MRC-D+1_20210801100000_20210801103641.csv
2021-08-02T22:00:00Z,1.0,132.41,2021-08-03,MarketResult_SEM-DA_PWR-MRC-D+1_20210802100000_20210802103641.csv
2021-08-02T23:00:00Z,1.0,124.48,2021-08-03,MarketResult_SEM-DA_PWR-MRC-D+1_20210802100000_20210802103641.csv
2021-08-03T00:00:00Z,1.0,114.31,2021-08-03,MarketResult_SEM-DA_PWR-MRC-D+1_20210802100000_20210802103641.csv
2021-08-03T01:00:00Z,1.0,110.43,2021-08-03,MarketResult_SEM-DA_PWR-MRC-D+1_20210802100000_20210802103641.csv
2021-08-03T02:00:00Z,1.0,107.16,2021-08-03,MarketResult_SEM-DA_PWR-MRC-D+1_20210802100000_20210802103641.csv
2021-08-03T03:00:00Z,1.0,107.16,2021-08-03,MarketResult_SEM-DA_PWR-MRC-D+1_20210802100000_20210802103641.csv
2021-08-03T04:00:00Z,1.0,110.5,2021-08-03,MarketResult_SEM-DA_PWR-MRC-D+1_20210802100000_20210802103641.csv
2021-08-03T05:00:00Z,1.0,119.0,2021-08-03,MarketResult_SEM-DA_PWR-MRC-D+1_20210802100000_20210802103641.csv
2021-08-03T06:00:00Z,1.0,139.49,2021-08-03,MarketResult_SEM-DA_PWR-MRC-D+1_20210802100000_20210802103641.csv
2021-08-03T07:00:00Z,1.0,180.02,2021-08-03,MarketResult_SEM-DA_PWR-MRC-D+1_20210802100000_20210802103641.csv
2021-08-03T08:00:00Z,1.0,193.71,2021-08-03,MarketResult_SEM-DA_PWR-MRC-D+1_20210802100000_20210802103641.csv
2021-08-03T09:00:00Z,1.0,200.0,2021-08-03,MarketResult_SEM-DA_PWR-MRC-D+1_20210802100000_20210802103641.csv
2021-08-03T10:00:00Z,1.0,210.0,2021-08-03,MarketResult_SEM-DA_PWR-MRC-D+1_20210802100000_20210802103641.csv
2021-08-03T11:00:00Z,1.0,207.38,2021-08-03,MarketResult_SEM-DA_PWR-MRC-D+1_20210802100000_20210802103641.csv
2021-08-03T12:00:00Z,1.0,192.26,2021-08-03,MarketResult_SEM-DA_PWR-MRC-D+1_20210802100000_20210802103641.csv
2021-08-03T13:00:00Z,1.0,177.0,2021-08-03,MarketResult_SEM-DA_PWR-MRC-D+1_20210802100000_20210802103641.csv
2021-08-03T14:00:00Z,1.0,176.51,2021-08-03,MarketResult_SEM-DA_PWR-MRC-D+1_20210802100000_20210802103641.csv
2021-08-03T15:00:00Z,1.0,196.39,2021-08-03,MarketResult_SEM-DA_PWR-MRC-D+1_20210802100000_20210802103641.csv
2021-08-03T16:00:00Z,1.0,199.97,2021-08-03,MarketResult_SEM-DA_PWR-MRC-D+1_20210802100000_20210802103641.csv
2021-08-03T17:00:00Z,1.0,204.98,2021-08-03,MarketResult_SEM-DA_PWR-MRC-D+1_20210802100000_20210802103641.csv
2021-08-03T18:00:00Z,1.0,204.0,2021-08-03,MarketResult_SEM-DA_PWR-MRC-D+1_20210802100000_20210802103641.csv
2021-08-03T19:00:00Z,1.0,176.45,2021-08-03,MarketResult_SEM-DA_PWR-MRC-D+1_20210802100000_20210802103641.csv
2021-08-03T20:00:00Z,1.0,161.34,2021-08-03,MarketResult_SEM-DA_PWR-MRC-D+1_20210802100000_20210802103641.csv
2021-08-03T21:00:00Z,1.0,140.0,2021-08-03,MarketResult_SEM-DA_PWR-MRC-D+1_20210802100000_20210802103641.csv
2021-08-03T22:00:00Z,1.0,135.0,2021-08-04,MarketResult_SEM-DA_PWR-MRC-D+1_20210803100000_20210803103811.csv
2021-08-03T23:00:00Z,1.0,123.04,2021-08-04,MarketResult_SEM-DA_PWR-MRC-D+1_20210803100000_20210803103811.csv
2021-08-04T00:00:00Z,1.0,113.58,2021-08-04,MarketResult_SEM-DA_PWR-MRC-D+1_20210803100000_20210803103811.csv
2021-08-04T01:00:00Z,1.0,110.0,2021-08-04,MarketResult_SEM-DA_PWR-MRC-D+1_20210803100000_20210803103811.csv
2021-08-04T02:00:00Z,1.0,105.1,2021-08-04,MarketResult_SEM-DA_PWR-MRC-D+1_20210803100000_20210803103811.csv
2021-08-04T03:00:00Z,1.0,105.1,2021-08-04,MarketResult_SEM-DA_PWR-MRC-D+1_20210803100000_20210803103811.csv
2021-08-04T04:00:00Z,1.0,110.0,2021-08-04,MarketResult_SEM-DA_PWR-MRC-D+1_20210803100000_20210803103811.csv
2021-08-04T05:00:00Z,1.0,125.0,2021-08-04,MarketResult_SEM-DA_PWR-MRC-D+1_20210803100000_20210803103811.csv
2021-08-04T06:00:00Z,1.0,141.6,2021-08-04,MarketResult_SEM-DA_PWR-MRC-D+1_20210803100000_20210803103811.csv
2021-08-04T07:00:00Z,1.0,180.02,2021-08-04,MarketResult_SEM-DA_PWR-MRC-D+1_20210803100000_20210803103811.csv
2021-08-04T08:00:00Z,1.0,202.89,2021-08-04,MarketResult_SEM-DA_PWR-MRC-D+1_20210803100000_20210803103811.csv
2021-08-04T09:00:00Z,1.0,200.28,2021-08-04,MarketResult_SEM-DA_PWR-MRC-D+1_20210803100000_20210803103811.csv
2021-08-04T10:00:00Z,1.0,203.0,2021-08-04,MarketResult_SEM-DA_PWR-MRC-D+1_20210803100000_20210803103811.csv
2021-08-04T11:00:00Z,1.0,213.0,2021-08-04,MarketResult_SEM-DA_PWR-MRC-D+1_20210803100000_20210803103811.csv
2021-08-04T12:00:00Z,1.0,205.12,2021-08-04,MarketResult_SEM-DA_PWR-MRC-D+1_20210803100000_20210803103811.csv
2021-08-04T13:00:00Z,1.0,195.0,2021-08-04,MarketResult_SEM-DA_PWR-MRC-D+1_20210803100000_20210803103811.csv
2021-08-04T14:00:00Z,1.0,188.87,2021-08-04,MarketResult_SEM-DA_PWR-MRC-D+1_20210803100000_20210803103811.csv
2021-08-04T15:00:00Z,1.0,202.0,2021-08-04,MarketResult_SEM-DA_PWR-MRC-D+1_20210803100000_20210803103811.csv
2021-08-04T16:00:00Z,1.0,203.01,2021-08-04,MarketResult_SEM-DA_PWR-MRC-D+1_20210803100000_20210803103811.csv
2021-08-04T17:00:00Z,1.0,205.12,2021-08-04,MarketResult_SEM-DA_PWR-MRC-D+1_20210803100000_20210803103811.csv
2021-08-04T18:00:00Z,1.0,200.0,2021-08-04,MarketResult_SEM-DA_PWR-MRC-D+1_20210803100000_20210803103811.csv
2021-08-04T19:00:00Z,1.0,176.45,2021-08-04,MarketResult_SEM-DA_PWR-MRC-D+1_20210803100000_20210803103811.csv
2021-08-04T20:00:00Z,1.0,158.55,2021-08-04,MarketResult_SEM-DA_PWR-MRC-D+1_20210803100000_20210803103811.csv
2021-08-04T21:00:00Z,1.0,135.0,2021-08-04,MarketResult_SEM-DA_PWR-MRC-D+1_20210803100000_20210803103811.csv
2021-08-04T22:00:00Z,1.0,117.79,2021-08-05,MarketResult_SEM-DA_PWR-MRC-D+1_20210804100000_20210804103746.csv
2021-08-04T23:00:00Z,1.0,109.08,2021-08-05,MarketResult_SEM-DA_PWR-MRC-D+1_20210804100000_20210804103746.csv
2021-08-05T00:00:00Z,1.0,96.0,2021-08-05,MarketResult_SEM-DA_PWR-MRC-D+1_20210804100000_20210804103746.csv
2021-08-05T01:00:00Z,1.0,80.36,2021-08-05,MarketResult_SEM-DA_PWR-MRC-D+1_20210804100000_20210804103746.csv
2021-08-05T02:00:00Z,1.0,78.23,2021-08-05,MarketResult_SEM-DA_PWR-MRC-D+1_20210804100000_20210804103746.csv
2021-08-05T03:00:00Z,1.0,78.29,2021-08-05,MarketResult_SEM-DA_PWR-MRC-D+1_20210804100000_20210804103746.csv
2021-08-05T04:00:00Z,1.0,82.87,2021-08-05,MarketResult_SEM-DA_PWR-MRC-D+1_20210804100000_20210804103746.csv
2021-08-05T05:00:00Z,1.0,101.0,2021-08-05,MarketResult_SEM-DA_PWR-MRC-D+1_20210804100000_20210804103746.csv
2021-08-05T06:00:00Z,1.0,109.94,2021-08-05,MarketResult_SEM-DA_PWR-MRC-D+1_20210804100000_20210804103746.csv
2021-08-05T07:00:00Z,1.0,138.24,2021-08-05,MarketResult_SEM-DA_PWR-MRC-D+1_20210804100000_20210804103746.csv
2021-08-05T08:00:00Z,1.0,144.6,2021-08-05,MarketResult_SEM-DA_PWR-MRC-D+1_20210804100000_20210804103746.csv
2021-08-05T09:00:00Z,1.0,135.13,2021-08-05,MarketResult_SEM-DA_PWR-MRC-D+1_20210804100000_20210804103746.csv
2021-08-05T10:00:00Z,1.0,130.45,2021-08-05,MarketResult_SEM-DA_PWR-MRC-D+1_20210804100000_20210804103746.csv
2021-08-05T11:00:00Z,1.0,134.06,2021-08-05,MarketResult_SEM-DA_PWR-MRC-D+1_20210804100000_20210804103746.csv
2021-08-05T12:00:00Z,1.0,125.82,2021-08-05,MarketResult_SEM-DA_PWR-MRC-D+1_20210804100000_20210804103746.csv
2021-08-05T13:00:00Z,1.0,124.1,2021-08-05,MarketResult_SEM-DA_PWR-MRC-D+1_20210804100000_20210804103746.csv
2021-08-05T14:00:00Z,1.0,125.97,2021-08-05,MarketResult_SEM-DA_PWR-MRC-D+1_20210804100000_20210804103746.csv
2021-08-05T15:00:00Z,1.0,142.63,2021-08-05,MarketResult_SEM-DA_PWR-MRC-D+1_20210804100000_20210804103746.csv
2021-08-05T16:00:00Z,1.0,148.91,2021-08-05,MarketResult_SEM-DA_PWR-MRC-D+1_20210804100000_20210804103746.csv
2021-08-05T17:00:00Z,1.0,148.0,2021-08-05,MarketResult_SEM-DA_PWR-MRC-D+1_20210804100000_20210804103746.csv
2021-08-05T18:00:00Z,1.0,134.0,2021-08-05,MarketResult_SEM-DA_PWR-MRC-D+1_20210804100000_20210804103746.csv
2021-08-05T19:00:00Z,1.0,119.47,2021-08-05,MarketResult_SEM-DA_PWR-MRC-D+1_20210804100000_20210804103746.csv
2021-08-05T20:00:00Z,1.0,119.5,2021-08-05,MarketResult_SEM-DA_PWR-MRC-D+1_20210804100000_20210804103746.csv
2021-08-05T21:00:00Z,1.0,106.5,2021-08-05,MarketResult_SEM-DA_PWR-MRC-D+1_20210804100000_20210804103746.csv
2021-08-05T22:00:00Z,1.0,100.65,2021-08-06,MarketResult_SEM-DA_PWR-MRC-D+1_20210805100000_20210805103614.csv
2021-08-05T23:00:00Z,1.0,91.65,2021-08-06,MarketResult_SEM-DA_PWR-MRC-D+1_20210805100000_20210805103614.csv
2021-08-06T00:00:00Z,1.0,82.0,2021-08-06,MarketResult_SEM-DA_PWR-MRC-D+1_20210805100000_20210805103614.csv
2021-08-06T01:00:00Z,1.0,85.7,2021-08-06,MarketResult_SEM-DA_PWR-MRC-D+1_20210805100000_20210805103614.csv
2021-08-06T02:00:00Z,1.0,87.0,2021-08-06,MarketResult_SEM-DA_PWR-MRC-D+1_20210805100000_20210805103614.csv
2021-08-06T03:00:00Z,1.0,92.0,2021-08-06,MarketResult_SEM-DA_PWR-MRC-D+1_20210805100000_20210805103614.csv
2021-08-06T04:00:00Z,1.0,95.9,2021-08-06,MarketResult_SEM-DA_PWR-MRC-D+1_20210805100000_20210805103614.csv
2021-08-06T05:00:00Z,1.0,111.0,2021-08-06,MarketResult_SEM-DA_PWR-MRC-D+1_20210805100000_20210805103614.csv
2021-08-06T06:00:00Z,1.0,108.15,2021-08-06,MarketResult_SEM-DA_PWR-MRC-D+1_20210805100000_20210805103614.csv
2021-08-06T07:00:00Z,1.0,138.81,2021-08-06,MarketResult_SEM-DA_PWR-MRC-D+1_20210805100000_20210805103614.csv
2021-08-06T08:00:00Z,1.0,145.0,2021-08-06,MarketResult_SEM-DA_PWR-MRC-D+1_20210805100000_20210805103614.csv
2021-08-06T09:00:00Z,1.0,137.2,2021-08-06,MarketResult_SEM-DA_PWR-MRC-D+1_20210805100000_20210805103614.csv
2021-08-06T10:00:00Z,1.0,125.7,2021-08-06,MarketResult_SEM-DA_PWR-MRC-D+1_20210805100000_20210805103614.csv
2021-08-06T11:00:00Z,1.0,118.4,2021-08-06,MarketResult_SEM-DA_PWR-MRC-D+1_20210805100000_20210805103614.csv
2021-08-06T12:00:00Z,1.0,105.64,2021-08-06,MarketResult_SEM-DA_PWR-MRC-D+1_20210805100000_20210805103614.csv
2021-08-06T13:00:00Z,1.0,99.0,2021-08-06,MarketResult_SEM-DA_PWR-MRC-D+1_20210805100000_20210805103614.csv
2021-08-06T14:00:00Z,1.0,95.96,2021-08-06,MarketResult_SEM-DA_PWR-MRC-D+1_20210805100000_20210805103614.csv
2021-08-06T15:00:00Z,1.0,103.15,2021-08-06,MarketResult_SEM-DA_PWR-MRC-D+1_20210805100000_20210805103614.csv
2021-08-06T16:00:00Z,1.0,127.2,2021-08-06,MarketResult_SEM-DA_PWR-MRC-D+1_20210805100000_20210805103614.csv
2021-08-06T17:00:00Z,1.0,140.0,2021-08-06,MarketResult_SEM-DA_PWR-MRC-D+1_20210805100000_20210805103614.csv
2021-08-06T18:00:00Z,1.0,135.0,2021-08-06,MarketResult_SEM-DA_PWR-MRC-D+1_20210805100000_20210805103614.csv
2021-08-06T19:00:00Z,1.0,122.38,2021-08-06,MarketResult_SEM-DA_PWR-MRC-D+1_20210805100000_20210805103614.csv
2021-08-06T20:00:00Z,1.0,119.35,2021-08-06,MarketResult_SEM-DA_PWR-MRC-D+1_20210805100000_20210805103614.csv
2021-08-06T21:00:00Z,1.0,110.25,2021-08-06,MarketResult_SEM-DA_PWR-MRC-D+1_20210805100000_20210805103614.csv
2021-08-06T22:00:00Z,1.0,119.2,2021-08-07,MarketResult_SEM-DA_PWR-MRC-D+1_20210806100000_20210806103723.csv
2021-08-06T23:00:00Z,1.0,92.67,2021-08-07,MarketResult_SEM-DA_PWR-MRC-D+1_20210806100000_20210806103723.csv
2021-08-07T00:00:00Z,1.0,82.62,2021-08-07,MarketResult_SEM-DA_PWR-MRC-D+1_20210806100000_20210806103723.csv
2021-08-07T01:00:00Z,1.0,71.43,2021-08-07,MarketResult_SEM-DA_PWR-MRC-D+1_20210806100000_20210806103723.csv
2021-08-07T02:00:00Z,1.0,71.43,2021-08-07,MarketResult_SEM-DA_PWR-MRC-D+1_20210806100000_20210806103723.csv
2021-08-07T03:00:00Z,1.0,77.0,2021-08-07,MarketResult_SEM-DA_PWR-MRC-D+1_20210806100000_20210806103723.csv
2021-08-07T04:00:00Z,1.0,84.54,2021-08-07,MarketResult_SEM-DA_PWR-MRC-D+1_20210806100000_20210806103723.csv
2021-08-07T05:00:00Z,1.0,95.0,2021-08-07,MarketResult_SEM-DA_PWR-MRC-D+1_20210806100000_20210806103723.csv
2021-08-07T06:00:00Z,1.0,101.81,2021-08-07,MarketResult_SEM-DA_PWR-MRC-D+1_20210806100000_20210806103723.csv
2021-08-07T07:00:00Z,1.0,114.18,2021-08-07,MarketResult_SEM-DA_PWR-MRC-D+1_20210806100000_20210806103723.csv
2021-08-07T08:00:00Z,1.0,132.48,2021-08-07,MarketResult_SEM-DA_PWR-MRC-D+1_20210806100000_20210806103723.csv
2021-08-07T09:00:00Z,1.0,135.0,2021-08-07,MarketResult_SEM-DA_PWR-MRC-D+1_20210806100000_20210806103723.csv
2021-08-07T10:00:00Z,1.0,135.0,2021-08-07,MarketResult_SEM-DA_PWR-MRC-D+1_20210806100000_20210806103723.csv
2021-08-07T11:00:00Z,1.0,129.0,2021-08-07,MarketResult_SEM-DA_PWR-MRC-D+1_20210806100000_20210806103723.csv
2021-08-07T12:00:00Z,1.0,109.94,2021-08-07,MarketResult_SEM-DA_PWR-MRC-D+1_20210806100000_20210806103723.csv
2021-08-07T13:00:00Z,1.0,93.05,2021-08-07,MarketResult_SEM-DA_PWR-MRC-D+1_20210806100000_20210806103723.csv
2021-08-07T14:00:00Z,1.0,95.27,2021-08-07,MarketResult_SEM-DA_PWR-MRC-D+1_20210806100000_20210806103723.csv
2021-08-07T15:00:00Z,1.0,105.64,2021-08-07,MarketResult_SEM-DA_PWR-MRC-D+1_20210806100000_20210806103723.csv
2021-08-07T16:00:00Z,1.0,117.53,2021-08-07,MarketResult_SEM-DA_PWR-MRC-D+1_20210806100000_20210806103723.csv
2021-08-07T17:00:00Z,1.0,133.08,2021-08-07,MarketResult_SEM-DA_PWR-MRC-D+1_20210806100000_20210806103723.csv
2021-08-07T18:00:00Z,1.0,124.17,2021-08-07,MarketResult_SEM-DA_PWR-MRC-D+1_20210806100000_20210806103723.csv
2021-08-07T19:00:00Z,1.0,114.18,2021-08-07,MarketResult_SEM-DA_PWR-MRC-D+1_20210806100000_20210806103723.csv
2021-08-07T20:00:00Z,1.0,119.22,2021-08-07,MarketResult_SEM-DA_PWR-MRC-D+1_20210806100000_20210806103723.csv
2021-08-07T21:00:00Z,1.0,108.37,2021-08-07,MarketResult_SEM-DA_PWR-MRC-D+1_20210806100000_20210806103723.csv
2021-08-07T22:00:00Z,1.0,119.35,2021-08-08,MarketResult_SEM-DA_PWR-MRC-D+1_20210807100000_20210807104101.csv
2021-08-07T23:00:00Z,1.0,96.3,2021-08-08,MarketResult_SEM-DA_PWR-MRC-D+1_20210807100000_20210807104101.csv
2021-08-08T00:00:00Z,1.0,73.0,2021-08-08,MarketResult_SEM-DA_PWR-MRC-D+1_20210807100000_20210807104101.csv
2021-08-08T01:00:00Z,1.0,65.15,2021-08-08,MarketResult_SEM-DA_PWR-MRC-D+1_20210807100000_20210807104101.csv
2021-08-08T02:00:00Z,1.0,47.6,2021-08-08,MarketResult_SEM-DA_PWR-MRC-D+1_20210807100000_20210807104101.csv
2021-08-08T03:00:00Z,1.0,37.0,2021-08-08,MarketResult_SEM-DA_PWR-MRC-D+1_20210807100000_20210807104101.csv
2021-08-08T04:00:00Z,1.0,43.54,2021-08-08,MarketResult_SEM-DA_PWR-MRC-D+1_20210807100000_20210807104101.csv
2021-08-08T05:00:00Z,1.0,43.54,2021-08-08,MarketResult_SEM-DA_PWR-MRC-D+1_20210807100000_20210807104101.csv
2021-08-08T06:00:00Z,1.0,53.71,2021-08-08,MarketResult_SEM-DA_PWR-MRC-D+1_20210807100000_20210807104101.csv
2021-08-08T07:00:00Z,1.0,97.5,2021-08-08,MarketResult_SEM-DA_PWR-MRC-D+1_20210807100000_20210807104101.csv
2021-08-08T08:00:00Z,1.0,115.9,2021-08-08,MarketResult_SEM-DA_PWR-MRC-D+1_20210807100000_20210807104101.csv
2021-08-08T09:00:00Z,1.0,126.5,2021-08-08,MarketResult_SEM-DA_PWR-MRC-D+1_20210807100000_20210807104101.csv
2021-08-08T10:00:00Z,1.0,127.61,2021-08-08,MarketResult_SEM-DA_PWR-MRC-D+1_20210807100000_20210807104101.csv
2021-08-08T11:00:00Z,1.0,130.61,2021-08-08,MarketResult_SEM-DA_PWR-MRC-D+1_20210807100000_20210807104101.csv
2021-08-08T12:00:00Z,1.0,114.44,2021-08-08,MarketResult_SEM-DA_PWR-MRC-D+1_20210807100000_20210807104101.csv
2021-08-08T13:00:00Z,1.0,87.98,2021-08-08,MarketResult_SEM-DA_PWR-MRC-D+1_20210807100000_20210807104101.csv
2021-08-08T14:00:00Z,1.0,94.1,2021-08-08,MarketResult_SEM-DA_PWR-MRC-D+1_20210807100000_20210807104101.csv
2021-08-08T15:00:00Z,1.0,113.78,2021-08-08,MarketResult_SEM-DA_PWR-MRC-D+1_20210807100000_20210807104101.csv
2021-08-08T16:00:00Z,1.0,118.0,2021-08-08,MarketResult_SEM-DA_PWR-MRC-D+1_20210807100000_20210807104101.csv
2021-08-08T17:00:00Z,1.0,135.76,2021-08-08,MarketResult_SEM-DA_PWR-MRC-D+1_20210807100000_20210807104101.csv
2021-08-08T18:00:00Z,1.0,140.96,2021-08-08,MarketResult_SEM-DA_PWR-MRC-D+1_20210807100000_20210807104101.csv
2021-08-08T19:00:00Z,1.0,139.7,2021-08-08,MarketResult_SEM-DA_PWR-MRC-D+1_20210807100000_20210807104101.csv
2021-08-08T20:00:00Z,1.0,142.0,2021-08-08,MarketResult_SEM-DA_PWR-MRC-D+1_20210807100000_20210807104101.csv
2021-08-08T21:00:00Z,1.0,118.0,2021-08-08,MarketResult_SEM-DA_PWR-MRC-D+1_20210807100000_20210807104101.csv
2021-08-08T22:00:00Z,1.0,130.71,2021-08-09,MarketResult_SEM-DA_PWR-MRC-D+1_20210808100000_20210808103941.csv
2021-08-08T23:00:00Z,1.0,107.82,2021-08-09,MarketResult_SEM-DA_PWR-MRC-D+1_20210808100000_20210808103941.csv
2021-08-09T00:00:00Z,1.0,100.37,2021-08-09,MarketResult_SEM-DA_PWR-MRC-D+1_20210808100000_20210808103941.csv
2021-08-09T01:00:00Z,1.0,98.86,2021-08-09,MarketResult_SEM-DA_PWR-MRC-D+1_20210808100000_20210808103941.csv
2021-08-09T02:00:00Z,1.0,100.4,2021-08-09,MarketResult_SEM-DA_PWR-MRC-D+1_20210808100000_20210808103941.csv
2021-08-09T03:00:00Z,1.0,101.26,2021-08-09,MarketResult_SEM-DA_PWR-MRC-D+1_20210808100000_20210808103941.csv
2021-08-09T04:00:00Z,1.0,109.78,2021-08-09,MarketResult_SEM-DA_PWR-MRC-D+1_20210808100000_20210808103941.csv
2021-08-09T05:00:00Z,1.0,127.0,2021-08-09,MarketResult_SEM-DA_PWR-MRC-D+1_20210808100000_20210808103941.csv
2021-08-09T06:00:00Z,1.0,117.0,2021-08-09,MarketResult_SEM-DA_PWR-MRC-D+1_20210808100000_20210808103941.csv
2021-08-09T07:00:00Z,1.0,140.58,2021-08-09,MarketResult_SEM-DA_PWR-MRC-D+1_20210808100000_20210808103941.csv
2021-08-09T08:00:00Z,1.0,148.8,2021-08-09,MarketResult_SEM-DA_PWR-MRC-D+1_20210808100000_20210808103941.csv
2021-08-09T09:00:00Z,1.0,146.26,2021-08-09,MarketResult_SEM-DA_PWR-MRC-D+1_20210808100000_20210808103941.csv
2021-08-09T10:00:00Z,1.0,143.74,2021-08-09,MarketResult_SEM-DA_PWR-MRC-D+1_20210808100000_20210808103941.csv
2021-08-09T11:00:00Z,1.0,142.09,2021-08-09,MarketResult_SEM-DA_PWR-MRC-D+1_20210808100000_20210808103941.csv
2021-08-09T12:00:00Z,1.0,128.42,2021-08-09,MarketResult_SEM-DA_PWR-MRC-D+1_20210808100000_20210808103941.csv
2021-08-09T13:00:00Z,1.0,118.0,2021-08-09,MarketResult_SEM-DA_PWR-MRC-D+1_20210808100000_20210808103941.csv
2021-08-09T14:00:00Z,1.0,113.02,2021-08-09,MarketResult_SEM-DA_PWR-MRC-D+1_20210808100000_20210808103941.csv
2021-08-09T15:00:00Z,1.0,131.12,2021-08-09,MarketResult_SEM-DA_PWR-MRC-D+1_20210808100000_20210808103941.csv
2021-08-09T16:00:00Z,1.0,149.1,2021-08-09,MarketResult_SEM-DA_PWR-MRC-D+1_20210808100000_20210808103941.csv
2021-08-09T17:00:00Z,1.0,159.37,2021-08-09,MarketResult_SEM-DA_PWR-MRC-D+1_20210808100000_20210808103941.csv
2021-08-09T18:00:00Z,1.0,159.48,2021-08-09,MarketResult_SEM-DA_PWR-MRC-D+1_20210808100000_20210808103941.csv
2021-08-09T19:00:00Z,1.0,148.36,2021-08-09,MarketResult_SEM-DA_PWR-MRC-D+1_20210808100000_20210808103941.csv
2021-08-09T20:00:00Z,1.0,142.0,2021-08-09,MarketResult_SEM-DA_PWR-MRC-D+1_20210808100000_20210808103941.csv
2021-08-09T21:00:00Z,1.0,120.55,2021-08-09,MarketResult_SEM-DA_PWR-MRC-D+1_20210808100000_20210808103941.csv
2021-08-09T22:00:00Z,1.0,124.0,2021-08-10,MarketResult_SEM-DA_PWR-MRC-D+1_20210809100000_20210809103735.csv
2021-08-09T23:00:00Z,1.0,116.38,2021-08-10,MarketResult_SEM-DA_PWR-MRC-D+1_20210809100000_20210809103735.csv
2021-08-10T00:00:00Z,1.0,109.0,2021-08-10,MarketResult_SEM-DA_PWR-MRC-D+1_20210809100000_20210809103735.csv
2021-08-10T01:00:00Z,1.0,108.1,2021-08-10,MarketResult_SEM-DA_PWR-MRC-D+1_20210809100000_20210809103735.csv
2021-08-10T02:00:00Z,1.0,107.0,2021-08-10,MarketResult_SEM-DA_PWR-MRC-D+1_20210809100000_20210809103735.csv
2021-08-10T03:00:00Z,1.0,108.88,2021-08-10,MarketResult_SEM-DA_PWR-MRC-D+1_20210809100000_20210809103735.csv
2021-08-10T04:00:00Z,1.0,110.44,2021-08-10,MarketResult_SEM-DA_PWR-MRC-D+1_20210809100000_20210809103735.csv
2021-08-10T05:00:00Z,1.0,124.0,2021-08-10,MarketResult_SEM-DA_PWR-MRC-D+1_20210809100000_20210809103735.csv
2021-08-10T06:00:00Z,1.0,134.0,2021-08-10,MarketResult_SEM-DA_PWR-MRC-D+1_20210809100000_20210809103735.csv
2021-08-10T07:00:00Z,1.0,161.67,2021-08-10,MarketResult_SEM-DA_PWR-MRC-D+1_20210809100000_20210809103735.csv
2021-08-10T08:00:00Z,1.0,169.67,2021-08-10,MarketResult_SEM-DA_PWR-MRC-D+1_20210809100000_20210809103735.csv
2021-08-10T09:00:00Z,1.0,169.0,2021-08-10,MarketResult_SEM-DA_PWR-MRC-D+1_20210809100000_20210809103735.csv
2021-08-10T10:00:00Z,1.0,180.0,2021-08-10,MarketResult_SEM-DA_PWR-MRC-D+1_20210809100000_20210809103735.csv
2021-08-10T11:00:00Z,1.0,175.69,2021-08-10,MarketResult_SEM-DA_PWR-MRC-D+1_20210809100000_20210809103735.csv
2021-08-10T12:00:00Z,1.0,155.0,2021-08-10,MarketResult_SEM-DA_PWR-MRC-D+1_20210809100000_20210809103735.csv
2021-08-10T13:00:00Z,1.0,151.68,2021-08-10,MarketResult_SEM-DA_PWR-MRC-D+1_20210809100000_20210809103735.csv
2021-08-10T14:00:00Z,1.0,148.36,2021-08-10,MarketResult_SEM-DA_PWR-MRC-D+1_20210809100000_20210809103735.csv
2021-08-10T15:00:00Z,1.0,160.0,2021-08-10,MarketResult_SEM-DA_PWR-MRC-D+1_20210809100000_20210809103735.csv
2021-08-10T16:00:00Z,1.0,176.0,2021-08-10,MarketResult_SEM-DA_PWR-MRC-D+1_20210809100000_20210809103735.csv
2021-08-10T17:00:00Z,1.0,179.19,2021-08-10,MarketResult_SEM-DA_PWR-MRC-D+1_20210809100000_20210809103735.csv
2021-08-10T18:00:00Z,1.0,177.25,2021-08-10,MarketResult_SEM-DA_PWR-MRC-D+1_20210809100000_20210809103735.csv
2021-08-10T19:00:00Z,1.0,161.0,2021-08-10,MarketResult_SEM-DA_PWR-MRC-D+1_20210809100000_20210809103735.csv
2021-08-10T20:00:00Z,1.0,150.9,2021-08-10,MarketResult_SEM-DA_PWR-MRC-D+1_20210809100000_20210809103735.csv
2021-08-10T21:00:00Z,1.0,120.6,2021-08-10,MarketResult_SEM-DA_PWR-MRC-D+1_20210809100000_20210809103735.csv
2021-08-10T22:00:00Z,1.0,121.68,2021-08-11,MarketResult_SEM-DA_PWR-MRC-D+1_20210810100000_20210810103723.csv
2021-08-10T23:00:00Z,1.0,115.9,2021-08-11,MarketResult_SEM-DA_PWR-MRC-D+1_20210810100000_20210810103723.csv
2021-08-11T00:00:00Z,1.0,110.0,2021-08-11,MarketResult_SEM-DA_PWR-MRC-D+1_20210810100000_20210810103723.csv
2021-08-11T01:00:00Z,1.0,104.0,2021-08-11,MarketResult_SEM-DA_PWR-MRC-D+1_20210810100000_20210810103723.csv
2021-08-11T02:00:00Z,1.0,96.78,2021-08-11,MarketResult_SEM-DA_PWR-MRC-D+1_20210810100000_20210810103723.csv
2021-08-11T03:00:00Z,1.0,93.02,2021-08-11,MarketResult_SEM-DA_PWR-MRC-D+1_20210810100000_20210810103723.csv
2021-08-11T04:00:00Z,1.0,95.0,2021-08-11,MarketResult_SEM-DA_PWR-MRC-D+1_20210810100000_20210810103723.csv
2021-08-11T05:00:00Z,1.0,110.1,2021-08-11,MarketResult_SEM-DA_PWR-MRC-D+1_20210810100000_20210810103723.csv
2021-08-11T06:00:00Z,1.0,118.91,2021-08-11,MarketResult_SEM-DA_PWR-MRC-D+1_20210810100000_20210810103723.csv
2021-08-11T07:00:00Z,1.0,138.0,2021-08-11,MarketResult_SEM-DA_PWR-MRC-D+1_20210810100000_20210810103723.csv
2021-08-11T08:00:00Z,1.0,140.04,2021-08-11,MarketResult_SEM-DA_PWR-MRC-D+1_20210810100000_20210810103723.csv
2021-08-11T09:00:00Z,1.0,132.0,2021-08-11,MarketResult_SEM-DA_PWR-MRC-D+1_20210810100000_20210810103723.csv
2021-08-11T10:00:00Z,1.0,130.45,2021-08-11,MarketResult_SEM-DA_PWR-MRC-D+1_20210810100000_20210810103723.csv
2021-08-11T11:00:00Z,1.0,129.0,2021-08-11,MarketResult_SEM-DA_PWR-MRC-D+1_20210810100000_20210810103723.csv
2021-08-11T12:00:00Z,1.0,120.0,2021-08-11,MarketResult_SEM-DA_PWR-MRC-D+1_20210810100000_20210810103723.csv
2021-08-11T13:00:00Z,1.0,118.8,2021-08-11,MarketResult_SEM-DA_PWR-MRC-D+1_20210810100000_20210810103723.csv
2021-08-11T14:00:00Z,1.0,115.72,2021-08-11,MarketResult_SEM-DA_PWR-MRC-D+1_20210810100000_20210810103723.csv
2021-08-11T15:00:00Z,1.0,123.9,2021-08-11,MarketResult_SEM-DA_PWR-MRC-D+1_20210810100000_20210810103723.csv
2021-08-11T16:00:00Z,1.0,149.38,2021-08-11,MarketResult_SEM-DA_PWR-MRC-D+1_20210810100000_20210810103723.csv
2021-08-11T17:00:00Z,1.0,158.3,2021-08-11,MarketResult_SEM-DA_PWR-MRC-D+1_20210810100000_20210810103723.csv
2021-08-11T18:00:00Z,1.0,157.0,2021-08-11,MarketResult_SEM-DA_PWR-MRC-D+1_20210810100000_20210810103723.csv
2021-08-11T19:00:00Z,1.0,155.8,2021-08-11,MarketResult_SEM-DA_PWR-MRC-D+1_20210810100000_20210810103723.csv
2021-08-11T20:00:00Z,1.0,140.41,2021-08-11,MarketResult_SEM-DA_PWR-MRC-D+1_20210810100000_20210810103723.csv
2021-08-11T21:00:00Z,1.0,119.91,2021-08-11,MarketResult_SEM-DA_PWR-MRC-D+1_20210810100000_20210810103723.csv
2021-08-11T22:00:00Z,1.0,130.7,2021-08-12,MarketResult_SEM-DA_PWR-MRC-D+1_20210811100000_20210811103841.csv
2021-08-11T23:00:00Z,1.0,121.71,2021-08-12,MarketResult_SEM-DA_PWR-MRC-D+1_20210811100000_20210811103841.csv
2021-08-12T00:00:00Z,1.0,107.13,2021-08-12,MarketResult_SEM-DA_PWR-MRC-D+1_20210811100000_20210811103841.csv
2021-08-12T01:00:00Z,1.0,97.92,2021-08-12,MarketResult_SEM-DA_PWR-MRC-D+1_20210811100000_20210811103841.csv
2021-08-12T02:00:00Z,1.0,89.0,2021-08-12,MarketResult_SEM-DA_PWR-MRC-D+1_20210811100000_20210811103841.csv
2021-08-12T03:00:00Z,1.0,84.24,2021-08-12,MarketResult_SEM-DA_PWR-MRC-D+1_20210811100000_20210811103841.csv
2021-08-12T04:00:00Z,1.0,79.19,2021-08-12,MarketResult_SEM-DA_PWR-MRC-D+1_20210811100000_20210811103841.csv
2021-08-12T05:00:00Z,1.0,89.38,2021-08-12,MarketResult_SEM-DA_PWR-MRC-D+1_20210811100000_20210811103841.csv
2021-08-12T06:00:00Z,1.0,108.0,2021-08-12,MarketResult_SEM-DA_PWR-MRC-D+1_20210811100000_20210811103841.csv
2021-08-12T07:00:00Z,1.0,118.34,2021-08-12,MarketResult_SEM-DA_PWR-MRC-D+1_20210811100000_20210811103841.csv
2021-08-12T08:00:00Z,1.0,113.93,2021-08-12,MarketResult_SEM-DA_PWR-MRC-D+1_20210811100000_20210811103841.csv
2021-08-12T09:00:00Z,1.0,105.69,2021-08-12,MarketResult_SEM-DA_PWR-MRC-D+1_20210811100000_20210811103841.csv
2021-08-12T10:00:00Z,1.0,102.85,2021-08-12,MarketResult_SEM-DA_PWR-MRC-D+1_20210811100000_20210811103841.csv
2021-08-12T11:00:00Z,1.0,103.81,2021-08-12,MarketResult_SEM-DA_PWR-MRC-D+1_20210811100000_20210811103841.csv
2021-08-12T12:00:00Z,1.0,98.69,2021-08-12,MarketResult_SEM-DA_PWR-MRC-D+1_20210811100000_20210811103841.csv
2021-08-12T13:00:00Z,1.0,98.69,2021-08-12,MarketResult_SEM-DA_PWR-MRC-D+1_20210811100000_20210811103841.csv
2021-08-12T14:00:00Z,1.0,96.1,2021-08-12,MarketResult_SEM-DA_PWR-MRC-D+1_20210811100000_20210811103841.csv
2021-08-12T15:00:00Z,1.0,102.51,2021-08-12,MarketResult_SEM-DA_PWR-MRC-D+1_20210811100000_20210811103841.csv
2021-08-12T16:00:00Z,1.0,116.0,2021-08-12,MarketResult_SEM-DA_PWR-MRC-D+1_20210811100000_20210811103841.csv
2021-08-12T17:00:00Z,1.0,126.87,2021-08-12,MarketResult_SEM-DA_PWR-MRC-D+1_20210811100000_20210811103841.csv
2021-08-12T18:00:00Z,1.0,129.7,2021-08-12,MarketResult_SEM-DA_PWR-MRC-D+1_20210811100000_20210811103841.csv
2021-08-12T19:00:00Z,1.0,127.34,2021-08-12,MarketResult_SEM-DA_PWR-MRC-D+1_20210811100000_20210811103841.csv
2021-08-12T20:00:00Z,1.0,122.37,2021-08-12,MarketResult_SEM-DA_PWR-MRC-D+1_20210811100000_20210811103841.csv
2021-08-12T21:00:00Z,1.0,107.1,2021-08-12,MarketResult_SEM-DA_PWR-MRC-D+1_20210811100000_20210811103841.csv
2021-08-12T22:00:00Z,1.0,115.08,2021-08-13,MarketResult_SEM-DA_PWR-MRC-D+1_20210812100000_20210812103831.csv
2021-08-12T23:00:00Z,1.0,100.33,2021-08-13,MarketResult_SEM-DA_PWR-MRC-D+1_20210812100000_20210812103831.csv
2021-08-13T00:00:00Z,1.0,92.0,2021-08-13,MarketResult_SEM-DA_PWR-MRC-D+1_20210812100000_20210812103831.csv
2021-08-13T01:00:00Z,1.0,83.0,2021-08-13,MarketResult_SEM-DA_PWR-MRC-D+1_20210812100000_20210812103831.csv
2021-08-13T02:00:00Z,1.0,76.08,2021-08-13,MarketResult_SEM-DA_PWR-MRC-D+1_20210812100000_20210812103831.csv
2021-08-13T03:00:00Z,1.0,77.68,2021-08-13,MarketResult_SEM-DA_PWR-MRC-D+1_20210812100000_20210812103831.csv
2021-08-13T04:00:00Z,1.0,90.55,2021-08-13,MarketResult_SEM-DA_PWR-MRC-D+1_20210812100000_20210812103831.csv
2021-08-13T05:00:00Z,1.0,98.56,2021-08-13,MarketResult_SEM-DA_PWR-MRC-D+1_20210812100000_20210812103831.csv
2021-08-13T06:00:00Z,1.0,112.54,2021-08-13,MarketResult_SEM-DA_PWR-MRC-D+1_20210812100000_20210812103831.csv
2021-08-13T07:00:00Z,1.0,125.0,2021-08-13,MarketResult_SEM-DA_PWR-MRC-D+1_20210812100000_20210812103831.csv
2021-08-13T08:00:00Z,1.0,123.0,2021-08-13,MarketResult_SEM-DA_PWR-MRC-D+1_20210812100000_20210812103831.csv
2021-08-13T09:00:00Z,1.0,114.0,2021-08-13,MarketResult_SEM-DA_PWR-MRC-D+1_20210812100000_20210812103831.csv
2021-08-13T10:00:00Z,1.0,106.0,2021-08-13,MarketResult_SEM-DA_PWR-MRC-D+1_20210812100000_20210812103831.csv
2021-08-13T11:00:00Z,1.0,109.95,2021-08-13,MarketResult_SEM-DA_PWR-MRC-D+1_20210812100000_20210812103831.csv
2021-08-13T12:00:00Z,1.0,101.0,2021-08-13,MarketResult_SEM-DA_PWR-MRC-D+1_20210812100000_20210812103831.csv
2021-08-13T13:00:00Z,1.0,97.66,2021-08-13,MarketResult_SEM-DA_PWR-MRC-D+1_20210812100000_20210812103831.csv
2021-08-13T14:00:00Z,1.0,99.0,2021-08-13,MarketResult_SEM-DA_PWR-MRC-D+1_20210812100000_20210812103831.csv
2021-08-13T15:00:00Z,1.0,109.95,2021-08-13,MarketResult_SEM-DA_PWR-MRC-D+1_20210812100000_20210812103831.csv
2021-08-13T16:00:00Z,1.0,124.2,2021-08-13,MarketResult_SEM-DA_PWR-MRC-D+1_20210812100000_20210812103831.csv
2021-08-13T17:00:00Z,1.0,131.0,2021-08-13,MarketResult_SEM-DA_PWR-MRC-D+1_20210812100000_20210812103831.csv
2021-08-13T18:00:00Z,1.0,137.7,2021-08-13,MarketResult_SEM-DA_PWR-MRC-D+1_20210812100000_20210812103831.csv
2021-08-13T19:00:00Z,1.0,136.24,2021-08-13,MarketResult_SEM-DA_PWR-MRC-D+1_20210812100000_20210812103831.csv
2021-08-13T20:00:00Z,1.0,150.0,2021-08-13,MarketResult_SEM-DA_PWR-MRC-D+1_20210812100000_20210812103831.csv
2021-08-13T21:00:00Z,1.0,121.9,2021-08-13,MarketResult_SEM-DA_PWR-MRC-D+1_20210812100000_20210812103831.csv
2021-08-13T22:00:00Z,1.0,129.0,2021-08-14,MarketResult_SEM-DA_PWR-MRC-D+1_20210813100000_20210813103831.csv
2021-08-13T23:00:00Z,1.0,113.0,2021-08-14,MarketResult_SEM-DA_PWR-MRC-D+1_20210813100000_20210813103831.csv
2021-08-14T00:00:00Z,1.0,92.72,2021-08-14,MarketResult_SEM-DA_PWR-MRC-D+1_20210813100000_20210813103831.csv
2021-08-14T01:00:00Z,1.0,85.4,2021-08-14,MarketResult_SEM-DA_PWR-MRC-D+1_20210813100000_20210813103831.csv
2021-08-14T02:00:00Z,1.0,82.39,2021-08-14,MarketResult_SEM-DA_PWR-MRC-D+1_20210813100000_20210813103831.csv
2021-08-14T03:00:00Z,1.0,89.0,2021-08-14,MarketResult_SEM-DA_PWR-MRC-D+1_20210813100000_20210813103831.csv
2021-08-14T04:00:00Z,1.0,102.37,2021-08-14,MarketResult_SEM-DA_PWR-MRC-D+1_20210813100000_20210813103831.csv
2021-08-14T05:00:00Z,1.0,114.03,2021-08-14,MarketResult_SEM-DA_PWR-MRC-D+1_20210813100000_20210813103831.csv
2021-08-14T06:00:00Z,1.0,118.25,2021-08-14,MarketResult_SEM-DA_PWR-MRC-D+1_20210813100000_20210813103831.csv
2021-08-14T07:00:00Z,1.0,124.45,2021-08-14,MarketResult_SEM-DA_PWR-MRC-D+1_20210813100000_20210813103831.csv
2021-08-14T08:00:00Z,1.0,132.95,2021-08-14,MarketResult_SEM-DA_PWR-MRC-D+1_20210813100000_20210813103831.csv
2021-08-14T09:00:00Z,1.0,137.1,2021-08-14,MarketResult_SEM-DA_PWR-MRC-D+1_20210813100000_20210813103831.csv
2021-08-14T10:00:00Z,1.0,134.4,2021-08-14,MarketResult_SEM-DA_PWR-MRC-D+1_20210813100000_20210813103831.csv
2021-08-14T11:00:00Z,1.0,134.0,2021-08-14,MarketResult_SEM-DA_PWR-MRC-D+1_20210813100000_20210813103831.csv
2021-08-14T12:00:00Z,1.0,124.45,2021-08-14,MarketResult_SEM-DA_PWR-MRC-D+1_20210813100000_20210813103831.csv
2021-08-14T13:00:00Z,1.0,118.73,2021-08-14,MarketResult_SEM-DA_PWR-MRC-D+1_20210813100000_20210813103831.csv
2021-08-14T14:00:00Z,1.0,109.58,2021-08-14,MarketResult_SEM-DA_PWR-MRC-D+1_20210813100000_20210813103831.csv
2021-08-14T15:00:00Z,1.0,128.85,2021-08-14,MarketResult_SEM-DA_PWR-MRC-D+1_20210813100000_20210813103831.csv
2021-08-14T16:00:00Z,1.0,131.84,2021-08-14,MarketResult_SEM-DA_PWR-MRC-D+1_20210813100000_20210813103831.csv
2021-08-14T17:00:00Z,1.0,145.87,2021-08-14,MarketResult_SEM-DA_PWR-MRC-D+1_20210813100000_20210813103831.csv
2021-08-14T18:00:00Z,1.0,152.32,2021-08-14,MarketResult_SEM-DA_PWR-MRC-D+1_20210813100000_20210813103831.csv
2021-08-14T19:00:00Z,1.0,145.87,2021-08-14,MarketResult_SEM-DA_PWR-MRC-D+1_20210813100000_20210813103831.csv
2021-08-14T20:00:00Z,1.0,154.2,2021-08-14,MarketResult_SEM-DA_PWR-MRC-D+1_20210813100000_20210813103831.csv
2021-08-14T21:00:00Z,1.0,128.33,2021-08-14,MarketResult_SEM-DA_PWR-MRC-D+1_20210813100000_20210813103831.csv
2021-08-14T22:00:00Z,1.0,128.97,2021-08-15,MarketResult_SEM-DA_PWR-MRC-D+1_20210814100000_20210814103836.csv
2021-08-14T23:00:00Z,1.0,122.71,2021-08-15,MarketResult_SEM-DA_PWR-MRC-D+1_20210814100000_20210814103836.csv
2021-08-15T00:00:00Z,1.0,117.45,2021-08-15,MarketResult_SEM-DA_PWR-MRC-D+1_20210814100000_20210814103836.csv
2021-08-15T01:00:00Z,1.0,111.75,2021-08-15,MarketResult_SEM-DA_PWR-MRC-D+1_20210814100000_20210814103836.csv
2021-08-15T02:00:00Z,1.0,106.73,2021-08-15,MarketResult_SEM-DA_PWR-MRC-D+1_20210814100000_20210814103836.csv
2021-08-15T03:00:00Z,1.0,105.13,2021-08-15,MarketResult_SEM-DA_PWR-MRC-D+1_20210814100000_20210814103836.csv
2021-08-15T04:00:00Z,1.0,104.43,2021-08-15,MarketResult_SEM-DA_PWR-MRC-D+1_20210814100000_20210814103836.csv
2021-08-15T05:00:00Z,1.0,113.31,2021-08-15,MarketResult_SEM-DA_PWR-MRC-D+1_20210814100000_20210814103836.csv
2021-08-15T06:00:00Z,1.0,106.93,2021-08-15,MarketResult_SEM-DA_PWR-MRC-D+1_20210814100000_20210814103836.csv
2021-08-15T07:00:00Z,1.0,129.1,2021-08-15,MarketResult_SEM-DA_PWR-MRC-D+1_20210814100000_20210814103836.csv
2021-08-15T08:00:00Z,1.0,139.09,2021-08-15,MarketResult_SEM-DA_PWR-MRC-D+1_20210814100000_20210814103836.csv
2021-08-15T09:00:00Z,1.0,141.76,2021-08-15,MarketResult_SEM-DA_PWR-MRC-D+1_20210814100000_20210814103836.csv
2021-08-15T10:00:00Z,1.0,141.73,2021-08-15,MarketResult_SEM-DA_PWR-MRC-D+1_20210814100000_20210814103836.csv
2021-08-15T11:00:00Z,1.0,138.29,2021-08-15,MarketResult_SEM-DA_PWR-MRC-D+1_20210814100000_20210814103836.csv
2021-08-15T12:00:00Z,1.0,129.62,2021-08-15,MarketResult_SEM-DA_PWR-MRC-D+1_20210814100000_20210814103836.csv
2021-08-15T13:00:00Z,1.0,108.89,2021-08-15,MarketResult_SEM-DA_PWR-MRC-D+1_20210814100000_20210814103836.csv
2021-08-15T14:00:00Z,1.0,98.34,2021-08-15,MarketResult_SEM-DA_PWR-MRC-D+1_20210814100000_20210814103836.csv
2021-08-15T15:00:00Z,1.0,117.97,2021-08-15,MarketResult_SEM-DA_PWR-MRC-D+1_20210814100000_20210814103836.csv
2021-08-15T16:00:00Z,1.0,129.43,2021-08-15,MarketResult_SEM-DA_PWR-MRC-D+1_20210814100000_20210814103836.csv
2021-08-15T17:00:00Z,1.0,125.64,2021-08-15,MarketResult_SEM-DA_PWR-MRC-D+1_20210814100000_20210814103836.csv
2021-08-15T18:00:00Z,1.0,128.9,2021-08-15,MarketResult_SEM-DA_PWR-MRC-D+1_20210814100000_20210814103836.csv
2021-08-15T19:00:00Z,1.0,120.82,2021-08-15,MarketResult_SEM-DA_PWR-MRC-D+1_20210814100000_20210814103836.csv
2021-08-15T20:00:00Z,1.0,117.7,2021-08-15,MarketResult_SEM-DA_PWR-MRC-D+1_20210814100000_20210814103836.csv
2021-08-15T21:00:00Z,1.0,107.95,2021-08-15,MarketResult_SEM-DA_PWR-MRC-D+1_20210814100000_20210814103836.csv
2021-08-15T22:00:00Z,1.0,128.97,2021-08-16,MarketResult_SEM-DA_PWR-MRC-D+1_20210815100000_20210815103836.csv
2021-08-15T23:00:00Z,1.0,109.5,2021-08-16,MarketResult_SEM-DA_PWR-MRC-D+1_20210815100000_20210815103836.csv
2021-08-16T00:00:00Z,1.0,91.6,2021-08-16,MarketResult_SEM-DA_PWR-MRC-D+1_20210815100000_20210815103836.csv
2021-08-16T01:00:00Z,1.0,89.0,2021-08-16,MarketResult_SEM-DA_PWR-MRC-D+1_20210815100000_20210815103836.csv
2021-08-16T02:00:00Z,1.0,81.9,2021-08-16,MarketResult_SEM-DA_PWR-MRC-D+1_20210815100000_20210815103836.csv
2021-08-16T03:00:00Z,1.0,89.0,2021-08-16,MarketResult_SEM-DA_PWR-MRC-D+1_20210815100000_20210815103836.csv
2021-08-16T04:00:00Z,1.0,82.0,2021-08-16,MarketResult_SEM-DA_PWR-MRC-D+1_20210815100000_20210815103836.csv
2021-08-16T05:00:00Z,1.0,113.4,2021-08-16,MarketResult_SEM-DA_PWR-MRC-D+1_20210815100000_20210815103836.csv
2021-08-16T06:00:00Z,1.0,114.58,2021-08-16,MarketResult_SEM-DA_PWR-MRC-D+1_20210815100000_20210815103836.csv
2021-08-16T07:00:00Z,1.0,123.9,2021-08-16,MarketResult_SEM-DA_PWR-MRC-D+1_20210815100000_20210815103836.csv
2021-08-16T08:00:00Z,1.0,126.2,2021-08-16,MarketResult_SEM-DA_PWR-MRC-D+1_20210815100000_20210815103836.csv
2021-08-16T09:00:00Z,1.0,127.08,2021-08-16,MarketResult_SEM-DA_PWR-MRC-D+1_20210815100000_20210815103836.csv
2021-08-16T10:00:00Z,1.0,129.27,2021-08-16,MarketResult_SEM-DA_PWR-MRC-D+1_20210815100000_20210815103836.csv
2021-08-16T11:00:00Z,1.0,132.84,2021-08-16,MarketResult_SEM-DA_PWR-MRC-D+1_20210815100000_20210815103836.csv
2021-08-16T12:00:00Z,1.0,124.7,2021-08-16,MarketResult_SEM-DA_PWR-MRC-D+1_20210815100000_20210815103836.csv
2021-08-16T13:00:00Z,1.0,117.0,2021-08-16,MarketResult_SEM-DA_PWR-MRC-D+1_20210815100000_20210815103836.csv
2021-08-16T14:00:00Z,1.0,107.0,2021-08-16,MarketResult_SEM-DA_PWR-MRC-D+1_20210815100000_20210815103836.csv
2021-08-16T15:00:00Z,1.0,119.0,2021-08-16,MarketResult_SEM-DA_PWR-MRC-D+1_20210815100000_20210815103836.csv
2021-08-16T16:00:00Z,1.0,133.2,2021-08-16,MarketResult_SEM-DA_PWR-MRC-D+1_20210815100000_20210815103836.csv
2021-08-16T17:00:00Z,1.0,145.28,2021-08-16,MarketResult_SEM-DA_PWR-MRC-D+1_20210815100000_20210815103836.csv
2021-08-16T18:00:00Z,1.0,145.66,2021-08-16,MarketResult_SEM-DA_PWR-MRC-D+1_20210815100000_20210815103836.csv
2021-08-16T19:00:00Z,1.0,144.68,2021-08-16,MarketResult_SEM-DA_PWR-MRC-D+1_20210815100000_20210815103836.csv
2021-08-16T20:00:00Z,1.0,143.4,2021-08-16,MarketResult_SEM-DA_PWR-MRC-D+1_20210815100000_20210815103836.csv
2021-08-16T21:00:00Z,1.0,117.48,2021-08-16,MarketResult_SEM-DA_PWR-MRC-D+1_20210815100000_20210815103836.csv
2021-08-16T22:00:00Z,1.0,135.0,2021-08-17,MarketResult_SEM-DA_PWR-MRC-D+1_20210816100000_20210816103836.csv
2021-08-16T23:00:00Z,1.0,126.13,2021-08-17,MarketResult_SEM-DA_PWR-MRC-D+1_20210816100000_20210816103836.csv
2021-08-17T00:00:00Z,1.0,110.76,2021-08-17,MarketResult_SEM-DA_PWR-MRC-D+1_20210816100000_20210816103836.csv
2021-08-17T01:00:00Z,1.0,100.0,2021-08-17,MarketResult_SEM-DA_PWR-MRC-D+1_20210816100000_20210816103836.csv
2021-08-17T02:00:00Z,1.0,88.88,2021-08-17,MarketResult_SEM-DA_PWR-MRC-D+1_20210816100000_20210816103836.csv
2021-08-17T03:00:00Z,1.0,88.0,2021-08-17,MarketResult_SEM-DA_PWR-MRC-D+1_20210816100000_20210816103836.csv
2021-08-17T04:00:00Z,1.0,99.4,2021-08-17,MarketResult_SEM-DA_PWR-MRC-D+1_20210816100000_20210816103836.csv
2021-08-17T05:00:00Z,1.0,115.34,2021-08-17,MarketResult_SEM-DA_PWR-MRC-D+1_20210816100000_20210816103836.csv
2021-08-17T06:00:00Z,1.0,118.0,2021-08-17,MarketResult_SEM-DA_PWR-MRC-D+1_20210816100000_20210816103836.csv
2021-08-17T07:00:00Z,1.0,120.33,2021-08-17,MarketResult_SEM-DA_PWR-MRC-D+1_20210816100000_20210816103836.csv
2021-08-17T08:00:00Z,1.0,119.93,2021-08-17,MarketResult_SEM-DA_PWR-MRC-D+1_20210816100000_20210816103836.csv
2021-08-17T09:00:00Z,1.0,117.64,2021-08-17,MarketResult_SEM-DA_PWR-MRC-D+1_20210816100000_20210816103836.csv
2021-08-17T10:00:00Z,1.0,116.74,2021-08-17,MarketResult_SEM-DA_PWR-MRC-D+1_20210816100000_20210816103836.csv
2021-08-17T11:00:00Z,1.0,118.08,2021-08-17,MarketResult_SEM-DA_PWR-MRC-D+1_20210816100000_20210816103836.csv
2021-08-17T12:00:00Z,1.0,117.78,2021-08-17,MarketResult_SEM-DA_PWR-MRC-D+1_20210816100000_20210816103836.csv
2021-08-17T13:00:00Z,1.0,115.0,2021-08-17,MarketResult_SEM-DA_PWR-MRC-D+1_20210816100000_20210816103836.csv
2021-08-17T14:00:00Z,1.0,117.67,2021-08-17,MarketResult_SEM-DA_PWR-MRC-D+1_20210816100000_20210816103836.csv
2021-08-17T15:00:00Z,1.0,123.3,2021-08-17,MarketResult_SEM-DA_PWR-MRC-D+1_20210816100000_20210816103836.csv
2021-08-17T16:00:00Z,1.0,136.24,2021-08-17,MarketResult_SEM-DA_PWR-MRC-D+1_20210816100000_20210816103836.csv
2021-08-17T17:00:00Z,1.0,145.9,2021-08-17,MarketResult_SEM-DA_PWR-MRC-D+1_20210816100000_20210816103836.csv
2021-08-17T18:00:00Z,1.0,147.58,2021-08-17,MarketResult_SEM-DA_PWR-MRC-D+1_20210816100000_20210816103836.csv
2021-08-17T19:00:00Z,1.0,146.56,2021-08-17,MarketResult_SEM-DA_PWR-MRC-D+1_20210816100000_20210816103836.csv
2021-08-17T20:00:00Z,1.0,150.0,2021-08-17,MarketResult_SEM-DA_PWR-MRC-D+1_20210816100000_20210816103836.csv
2021-08-17T21:00:00Z,1.0,119.87,2021-08-17,MarketResult_SEM-DA_PWR-MRC-D+1_20210816100000_20210816103836.csv
2021-08-17T22:00:00Z,1.0,127.22,2021-08-18,MarketResult_SEM-DA_PWR-MRC-D+1_20210817100000_20210817103831.csv
2021-08-17T23:00:00Z,1.0,125.98,2021-08-18,MarketResult_SEM-DA_PWR-MRC-D+1_20210817100000_20210817103831.csv
2021-08-18T00:00:00Z,1.0,123.56,2021-08-18,MarketResult_SEM-DA_PWR-MRC-D+1_20210817100000_20210817103831.csv
2021-08-18T01:00:00Z,1.0,114.39,2021-08-18,MarketResult_SEM-DA_PWR-MRC-D+1_20210817100000_20210817103831.csv
2021-08-18T02:00:00Z,1.0,111.82,2021-08-18,MarketResult_SEM-DA_PWR-MRC-D+1_20210817100000_20210817103831.csv
2021-08-18T03:00:00Z,1.0,110.0,2021-08-18,MarketResult_SEM-DA_PWR-MRC-D+1_20210817100000_20210817103831.csv
2021-08-18T04:00:00Z,1.0,116.0,2021-08-18,MarketResult_SEM-DA_PWR-MRC-D+1_20210817100000_20210817103831.csv
2021-08-18T05:00:00Z,1.0,122.39,2021-08-18,MarketResult_SEM-DA_PWR-MRC-D+1_20210817100000_20210817103831.csv
2021-08-18T06:00:00Z,1.0,128.39,2021-08-18,MarketResult_SEM-DA_PWR-MRC-D+1_20210817100000_20210817103831.csv
2021-08-18T07:00:00Z,1.0,155.0,2021-08-18,MarketResult_SEM-DA_PWR-MRC-D+1_20210817100000_20210817103831.csv
2021-08-18T08:00:00Z,1.0,157.81,2021-08-18,MarketResult_SEM-DA_PWR-MRC-D+1_20210817100000_20210817103831.csv
2021-08-18T09:00:00Z,1.0,155.0,2021-08-18,MarketResult_SEM-DA_PWR-MRC-D+1_20210817100000_20210817103831.csv
2021-08-18T10:00:00Z,1.0,149.0,2021-08-18,MarketResult_SEM-DA_PWR-MRC-D+1_20210817100000_20210817103831.csv
2021-08-18T11:00:00Z,1.0,159.78,2021-08-18,MarketResult_SEM-DA_PWR-MRC-D+1_20210817100000_20210817103831.csv
2021-08-18T12:00:00Z,1.0,135.73,2021-08-18,MarketResult_SEM-DA_PWR-MRC-D+1_20210817100000_20210817103831.csv
2021-08-18T13:00:00Z,1.0,126.44,2021-08-18,MarketResult_SEM-DA_PWR-MRC-D+1_20210817100000_20210817103831.csv
2021-08-18T14:00:00Z,1.0,126.44,2021-08-18,MarketResult_SEM-DA_PWR-MRC-D+1_20210817100000_20210817103831.csv
2021-08-18T15:00:00Z,1.0,135.0,2021-08-18,MarketResult_SEM-DA_PWR-MRC-D+1_20210817100000_20210817103831.csv
2021-08-18T16:00:00Z,1.0,160.0,2021-08-18,MarketResult_SEM-DA_PWR-MRC-D+1_20210817100000_20210817103831.csv
2021-08-18T17:00:00Z,1.0,169.0,2021-08-18,MarketResult_SEM-DA_PWR-MRC-D+1_20210817100000_20210817103831.csv
2021-08-18T18:00:00Z,1.0,166.41,2021-08-18,MarketResult_SEM-DA_PWR-MRC-D+1_20210817100000_20210817103831.csv
2021-08-18T19:00:00Z,1.0,169.99,2021-08-18,MarketResult_SEM-DA_PWR-MRC-D+1_20210817100000_20210817103831.csv
2021-08-18T20:00:00Z,1.0,165.0,2021-08-18,MarketResult_SEM-DA_PWR-MRC-D+1_20210817100000_20210817103831.csv
2021-08-18T21:00:00Z,1.0,130.06,2021-08-18,MarketResult_SEM-DA_PWR-MRC-D+1_20210817100000_20210817103831.csv
2021-08-18T22:00:00Z,1.0,122.28,2021-08-19,MarketResult_SEM-DA_PWR-MRC-D+1_20210818100000_20210818103831.csv
2021-08-18T23:00:00Z,1.0,112.39,2021-08-19,MarketResult_SEM-DA_PWR-MRC-D+1_20210818100000_20210818103831.csv
2021-08-19T00:00:00Z,1.0,108.28,2021-08-19,MarketResult_SEM-DA_PWR-MRC-D+1_20210818100000_20210818103831.csv
2021-08-19T01:00:00Z,1.0,106.0,2021-08-19,MarketResult_SEM-DA_PWR-MRC-D+1_20210818100000_20210818103831.csv
2021-08-19T02:00:00Z,1.0,106.41,2021-08-19,MarketResult_SEM-DA_PWR-MRC-D+1_20210818100000_20210818103831.csv
2021-08-19T03:00:00Z,1.0,107.31,2021-08-19,MarketResult_SEM-DA_PWR-MRC-D+1_20210818100000_20210818103831.csv
2021-08-19T04:00:00Z,1.0,111.71,2021-08-19,MarketResult_SEM-DA_PWR-MRC-D+1_20210818100000_20210818103831.csv
2021-08-19T05:00:00Z,1.0,120.28,2021-08-19,MarketResult_SEM-DA_PWR-MRC-D+1_20210818100000_20210818103831.csv
2021-08-19T06:00:00Z,1.0,125.48,2021-08-19,MarketResult_SEM-DA_PWR-MRC-D+1_20210818100000_20210818103831.csv
2021-08-19T07:00:00Z,1.0,168.65,2021-08-19,MarketResult_SEM-DA_PWR-MRC-D+1_20210818100000_20210818103831.csv
2021-08-19T08:00:00Z,1.0,178.14,2021-08-19,MarketResult_SEM-DA_PWR-MRC-D+1_20210818100000_20210818103831.csv
2021-08-19T09:00:00Z,1.0,176.9,2021-08-19,MarketResult_SEM-DA_PWR-MRC-D+1_20210818100000_20210818103831.csv
2021-08-19T10:00:00Z,1.0,175.0,2021-08-19,MarketResult_SEM-DA_PWR-MRC-D+1_20210818100000_20210818103831.csv
2021-08-19T11:00:00Z,1.0,175.69,2021-08-19,MarketResult_SEM-DA_PWR-MRC-D+1_20210818100000_20210818103831.csv
2021-08-19T12:00:00Z,1.0,161.27,2021-08-19,MarketResult_SEM-DA_PWR-MRC-D+1_20210818100000_20210818103831.csv
2021-08-19T13:00:00Z,1.0,137.51,2021-08-19,MarketResult_SEM-DA_PWR-MRC-D+1_20210818100000_20210818103831.csv
2021-08-19T14:00:00Z,1.0,158.0,2021-08-19,MarketResult_SEM-DA_PWR-MRC-D+1_20210818100000_20210818103831.csv
2021-08-19T15:00:00Z,1.0,176.54,2021-08-19,MarketResult_SEM-DA_PWR-MRC-D+1_20210818100000_20210818103831.csv
2021-08-19T16:00:00Z,1.0,201.1,2021-08-19,MarketResult_SEM-DA_PWR-MRC-D+1_20210818100000_20210818103831.csv
2021-08-19T17:00:00Z,1.0,216.2,2021-08-19,MarketResult_SEM-DA_PWR-MRC-D+1_20210818100000_20210818103831.csv
2021-08-19T18:00:00Z,1.0,203.56,2021-08-19,MarketResult_SEM-DA_PWR-MRC-D+1_20210818100000_20210818103831.csv
2021-08-19T19:00:00Z,1.0,188.91,2021-08-19,MarketResult_SEM-DA_PWR-MRC-D+1_20210818100000_20210818103831.csv
2021-08-19T20:00:00Z,1.0,174.0,2021-08-19,MarketResult_SEM-DA_PWR-MRC-D+1_20210818100000_20210818103831.csv
2021-08-19T21:00:00Z,1.0,127.25,2021-08-19,MarketResult_SEM-DA_PWR-MRC-D+1_20210818100000_20210818103831.csv
2021-08-19T22:00:00Z,1.0,121.9,2021-08-20,MarketResult_SEM-DA_PWR-MRC-D+1_20210819100000_20210819103831.csv
2021-08-19T23:00:00Z,1.0,112.63,2021-08-20,MarketResult_SEM-DA_PWR-MRC-D+1_20210819100000_20210819103831.csv
2021-08-20T00:00:00Z,1.0,108.0,2021-08-20,MarketResult_SEM-DA_PWR-MRC-D+1_20210819100000_20210819103831.csv
2021-08-20T01:00:00Z,1.0,102.33,2021-08-20,MarketResult_SEM-DA_PWR-MRC-D+1_20210819100000_20210819103831.csv
2021-08-20T02:00:00Z,1.0,101.24,2021-08-20,MarketResult_SEM-DA_PWR-MRC-D+1_20210819100000_20210819103831.csv
2021-08-20T03:00:00Z,1.0,100.0,2021-08-20,MarketResult_SEM-DA_PWR-MRC-D+1_20210819100000_20210819103831.csv
2021-08-20T04:00:00Z,1.0,102.07,2021-08-20,MarketResult_SEM-DA_PWR-MRC-D+1_20210819100000_20210819103831.csv
2021-08-20T05:00:00Z,1.0,110.69,2021-08-20,MarketResult_SEM-DA_PWR-MRC-D+1_20210819100000_20210819103831.csv
2021-08-20T06:00:00Z,1.0,120.0,2021-08-20,MarketResult_SEM-DA_PWR-MRC-D+1_20210819100000_20210819103831.csv
2021-08-20T07:00:00Z,1.0,146.51,2021-08-20,MarketResult_SEM-DA_PWR-MRC-D+1_20210819100000_20210819103831.csv
2021-08-20T08:00:00Z,1.0,147.33,2021-08-20,MarketResult_SEM-DA_PWR-MRC-D+1_20210819100000_20210819103831.csv
2021-08-20T09:00:00Z,1.0,144.68,2021-08-20,MarketResult_SEM-DA_PWR-MRC-D+1_20210819100000_20210819103831.csv
2021-08-20T10:00:00Z,1.0,139.0,2021-08-20,MarketResult_SEM-DA_PWR-MRC-D+1_20210819100000_20210819103831.csv
2021-08-20T11:00:00Z,1.0,136.0,2021-08-20,MarketResult_SEM-DA_PWR-MRC-D+1_20210819100000_20210819103831.csv
2021-08-20T12:00:00Z,1.0,127.0,2021-08-20,MarketResult_SEM-DA_PWR-MRC-D+1_20210819100000_20210819103831.csv
2021-08-20T13:00:00Z,1.0,114.0,2021-08-20,MarketResult_SEM-DA_PWR-MRC-D+1_20210819100000_20210819103831.csv
2021-08-20T14:00:00Z,1.0,110.76,2021-08-20,MarketResult_SEM-DA_PWR-MRC-D+1_20210819100000_20210819103831.csv
2021-08-20T15:00:00Z,1.0,127.96,2021-08-20,MarketResult_SEM-DA_PWR-MRC-D+1_20210819100000_20210819103831.csv
2021-08-20T16:00:00Z,1.0,142.7,2021-08-20,MarketResult_SEM-DA_PWR-MRC-D+1_20210819100000_20210819103831.csv
2021-08-20T17:00:00Z,1.0,154.0,2021-08-20,MarketResult_SEM-DA_PWR-MRC-D+1_20210819100000_20210819103831.csv
2021-08-20T18:00:00Z,1.0,148.4,2021-08-20,MarketResult_SEM-DA_PWR-MRC-D+1_20210819100000_20210819103831.csv
2021-08-20T19:00:00Z,1.0,140.0,2021-08-20,MarketResult_SEM-DA_PWR-MRC-D+1_20210819100000_20210819103831.csv
2021-08-20T20:00:00Z,1.0,133.9,2021-08-20,MarketResult_SEM-DA_PWR-MRC-D+1_20210819100000_20210819103831.csv
2021-08-20T21:00:00Z,1.0,115.24,2021-08-20,MarketResult_SEM-DA_PWR-MRC-D+1_20210819100000_20210819103831.csv
2021-08-20T22:00:00Z,1.0,120.0,2021-08-21,MarketResult_SEM-DA_PWR-MRC-D+1_20210820100000_20210820103836.csv
2021-08-20T23:00:00Z,1.0,114.69,2021-08-21,MarketResult_SEM-DA_PWR-MRC-D+1_20210820100000_20210820103836.csv
2021-08-21T00:00:00Z,1.0,106.0,2021-08-21,MarketResult_SEM-DA_PWR-MRC-D+1_20210820100000_20210820103836.csv
2021-08-21T01:00:00Z,1.0,104.23,2021-08-21,MarketResult_SEM-DA_PWR-MRC-D+1_20210820100000_20210820103836.csv
2021-08-21T02:00:00Z,1.0,102.5,2021-08-21,MarketResult_SEM-DA_PWR-MRC-D+1_20210820100000_20210820103836.csv
2021-08-21T03:00:00Z,1.0,102.5,2021-08-21,MarketResult_SEM-DA_PWR-MRC-D+1_20210820100000_20210820103836.csv
2021-08-21T04:00:00Z,1.0,103.04,2021-08-21,MarketResult_SEM-DA_PWR-MRC-D+1_20210820100000_20210820103836.csv
2021-08-21T05:00:00Z,1.0,105.09,2021-08-21,MarketResult_SEM-DA_PWR-MRC-D+1_20210820100000_20210820103836.csv
2021-08-21T06:00:00Z,1.0,105.34,2021-08-21,MarketResult_SEM-DA_PWR-MRC-D+1_20210820100000_20210820103836.csv
2021-08-21T07:00:00Z,1.0,112.51,2021-08-21,MarketResult_SEM-DA_PWR-MRC-D+1_20210820100000_20210820103836.csv
2021-08-21T08:00:00Z,1.0,132.9,2021-08-21,MarketResult_SEM-DA_PWR-MRC-D+1_20210820100000_20210820103836.csv
2021-08-21T09:00:00Z,1.0,137.4,2021-08-21,MarketResult_SEM-DA_PWR-MRC-D+1_20210820100000_20210820103836.csv
2021-08-21T10:00:00Z,1.0,136.6,2021-08-21,MarketResult_SEM-DA_PWR-MRC-D+1_20210820100000_20210820103836.csv
2021-08-21T11:00:00Z,1.0,136.5,2021-08-21,MarketResult_SEM-DA_PWR-MRC-D+1_20210820100000_20210820103836.csv
2021-08-21T12:00:00Z,1.0,114.8,2021-08-21,MarketResult_SEM-DA_PWR-MRC-D+1_20210820100000_20210820103836.csv
2021-08-21T13:00:00Z,1.0,105.38,2021-08-21,MarketResult_SEM-DA_PWR-MRC-D+1_20210820100000_20210820103836.csv
2021-08-21T14:00:00Z,1.0,105.38,2021-08-21,MarketResult_SEM-DA_PWR-MRC-D+1_20210820100000_20210820103836.csv
2021-08-21T15:00:00Z,1.0,124.07,2021-08-21,MarketResult_SEM-DA_PWR-MRC-D+1_20210820100000_20210820103836.csv
2021-08-21T16:00:00Z,1.0,150.75,2021-08-21,MarketResult_SEM-DA_PWR-MRC-D+1_20210820100000_20210820103836.csv
2021-08-21T17:00:00Z,1.0,154.0,2021-08-21,MarketResult_SEM-DA_PWR-MRC-D+1_20210820100000_20210820103836.csv
2021-08-21T18:00:00Z,1.0,142.0,2021-08-21,MarketResult_SEM-DA_PWR-MRC-D+1_20210820100000_20210820103836.csv
2021-08-21T19:00:00Z,1.0,136.1,2021-08-21,MarketResult_SEM-DA_PWR-MRC-D+1_20210820100000_20210820103836.csv
2021-08-21T20:00:00Z,1.0,133.61,2021-08-21,MarketResult_SEM-DA_PWR-MRC-D+1_20210820100000_20210820103836.csv
2021-08-21T21:00:00Z,1.0,106.66,2021-08-21,MarketResult_SEM-DA_PWR-MRC-D+1_20210820100000_20210820103836.csv
2021-08-21T22:00:00Z,1.0,116.6,2021-08-22,MarketResult_SEM-DA_PWR-MRC-D+1_20210821100000_20210821103831.csv
2021-08-21T23:00:00Z,1.0,110.42,2021-08-22,MarketResult_SEM-DA_PWR-MRC-D+1_20210821100000_20210821103831.csv
2021-08-22T00:00:00Z,1.0,107.54,2021-08-22,MarketResult_SEM-DA_PWR-MRC-D+1_20210821100000_20210821103831.csv
2021-08-22T01:00:00Z,1.0,107.0,2021-08-22,MarketResult_SEM-DA_PWR-MRC-D+1_20210821100000_20210821103831.csv
2021-08-22T02:00:00Z,1.0,106.0,2021-08-22,MarketResult_SEM-DA_PWR-MRC-D+1_20210821100000_20210821103831.csv
2021-08-22T03:00:00Z,1.0,106.0,2021-08-22,MarketResult_SEM-DA_PWR-MRC-D+1_20210821100000_20210821103831.csv
2021-08-22T04:00:00Z,1.0,106.15,2021-08-22,MarketResult_SEM-DA_PWR-MRC-D+1_20210821100000_20210821103831.csv
2021-08-22T05:00:00Z,1.0,106.0,2021-08-22,MarketResult_SEM-DA_PWR-MRC-D+1_20210821100000_20210821103831.csv
2021-08-22T06:00:00Z,1.0,107.31,2021-08-22,MarketResult_SEM-DA_PWR-MRC-D+1_20210821100000_20210821103831.csv
2021-08-22T07:00:00Z,1.0,121.0,2021-08-22,MarketResult_SEM-DA_PWR-MRC-D+1_20210821100000_20210821103831.csv
2021-08-22T08:00:00Z,1.0,148.72,2021-08-22,MarketResult_SEM-DA_PWR-MRC-D+1_20210821100000_20210821103831.csv
2021-08-22T09:00:00Z,1.0,148.72,2021-08-22,MarketResult_SEM-DA_PWR-MRC-D+1_20210821100000_20210821103831.csv
2021-08-22T10:00:00Z,1.0,152.01,2021-08-22,MarketResult_SEM-DA_PWR-MRC-D+1_20210821100000_20210821103831.csv
2021-08-22T11:00:00Z,1.0,143.64,2021-08-22,MarketResult_SEM-DA_PWR-MRC-D+1_20210821100000_20210821103831.csv
2021-08-22T12:00:00Z,1.0,129.19,2021-08-22,MarketResult_SEM-DA_PWR-MRC-D+1_20210821100000_20210821103831.csv
2021-08-22T13:00:00Z,1.0,116.83,2021-08-22,MarketResult_SEM-DA_PWR-MRC-D+1_20210821100000_20210821103831.csv
2021-08-22T14:00:00Z,1.0,111.04,2021-08-22,MarketResult_SEM-DA_PWR-MRC-D+1_20210821100000_20210821103831.csv
2021-08-22T15:00:00Z,1.0,122.48,2021-08-22,MarketResult_SEM-DA_PWR-MRC-D+1_20210821100000_20210821103831.csv
2021-08-22T16:00:00Z,1.0,154.53,2021-08-22,MarketResult_SEM-DA_PWR-MRC-D+1_20210821100000_20210821103831.csv
2021-08-22T17:00:00Z,1.0,160.82,2021-08-22,MarketResult_SEM-DA_PWR-MRC-D+1_20210821100000_20210821103831.csv
2021-08-22T18:00:00Z,1.0,156.36,2021-08-22,MarketResult_SEM-DA_PWR-MRC-D+1_20210821100000_20210821103831.csv
2021-08-22T19:00:00Z,1.0,151.0,2021-08-22,MarketResult_SEM-DA_PWR-MRC-D+1_20210821100000_20210821103831.csv
2021-08-22T20:00:00Z,1.0,141.47,2021-08-22,MarketResult_SEM-DA_PWR-MRC-D+1_20210821100000_20210821103831.csv
2021-08-22T21:00:00Z,1.0,116.0,2021-08-22,MarketResult_SEM-DA_PWR-MRC-D+1_20210821100000_20210821103831.csv
2021-08-22T22:00:00Z,1.0,117.0,2021-08-23,MarketResult_SEM-DA_PWR-MRC-D+1_20210822100000_20210822103826.csv
2021-08-22T23:00:00Z,1.0,112.85,2021-08-23,MarketResult_SEM-DA_PWR-MRC-D+1_20210822100000_20210822103826.csv
2021-08-23T00:00:00Z,1.0,107.5,2021-08-23,MarketResult_SEM-DA_PWR-MRC-D+1_20210822100000_20210822103826.csv
2021-08-23T01:00:00Z,1.0,105.0,2021-08-23,MarketResult_SEM-DA_PWR-MRC-D+1_20210822100000_20210822103826.csv
2021-08-23T02:00:00Z,1.0,104.73,2021-08-23,MarketResult_SEM-DA_PWR-MRC-D+1_20210822100000_20210822103826.csv
2021-08-23T03:00:00Z,1.0,103.62,2021-08-23,MarketResult_SEM-DA_PWR-MRC-D+1_20210822100000_20210822103826.csv
2021-08-23T04:00:00Z,1.0,108.99,2021-08-23,MarketResult_SEM-DA_PWR-MRC-D+1_20210822100000_20210822103826.csv
2021-08-23T05:00:00Z,1.0,114.0,2021-08-23,MarketResult_SEM-DA_PWR-MRC-D+1_20210822100000_20210822103826.csv
2021-08-23T06:00:00Z,1.0,123.34,2021-08-23,MarketResult_SEM-DA_PWR-MRC-D+1_20210822100000_20210822103826.csv
2021-08-23T07:00:00Z,1.0,165.0,2021-08-23,MarketResult_SEM-DA_PWR-MRC-D+1_20210822100000_20210822103826.csv
2021-08-23T08:00:00Z,1.0,176.84,2021-08-23,MarketResult_SEM-DA_PWR-MRC-D+1_20210822100000_20210822103826.csv
2021-08-23T09:00:00Z,1.0,175.0,2021-08-23,MarketResult_SEM-DA_PWR-MRC-D+1_20210822100000_20210822103826.csv
2021-08-23T10:00:00Z,1.0,175.0,2021-08-23,MarketResult_SEM-DA_PWR-MRC-D+1_20210822100000_20210822103826.csv
2021-08-23T11:00:00Z,1.0,171.33,2021-08-23,MarketResult_SEM-DA_PWR-MRC-D+1_20210822100000_20210822103826.csv
2021-08-23T12:00:00Z,1.0,157.0,2021-08-23,MarketResult_SEM-DA_PWR-MRC-D+1_20210822100000_20210822103826.csv
2021-08-23T13:00:00Z,1.0,145.0,2021-08-23,MarketResult_SEM-DA_PWR-MRC-D+1_20210822100000_20210822103826.csv
2021-08-23T14:00:00Z,1.0,140.3,2021-08-23,MarketResult_SEM-DA_PWR-MRC-D+1_20210822100000_20210822103826.csv
2021-08-23T15:00:00Z,1.0,165.66,2021-08-23,MarketResult_SEM-DA_PWR-MRC-D+1_20210822100000_20210822103826.csv
2021-08-23T16:00:00Z,1.0,187.1,2021-08-23,MarketResult_SEM-DA_PWR-MRC-D+1_20210822100000_20210822103826.csv
2021-08-23T17:00:00Z,1.0,199.0,2021-08-23,MarketResult_SEM-DA_PWR-MRC-D+1_20210822100000_20210822103826.csv
2021-08-23T18:00:00Z,1.0,181.04,2021-08-23,MarketResult_SEM-DA_PWR-MRC-D+1_20210822100000_20210822103826.csv
2021-08-23T19:00:00Z,1.0,175.0,2021-08-23,MarketResult_SEM-DA_PWR-MRC-D+1_20210822100000_20210822103826.csv
2021-08-23T20:00:00Z,1.0,160.0,2021-08-23,MarketResult_SEM-DA_PWR-MRC-D+1_20210822100000_20210822103826.csv
2021-08-23T21:00:00Z,1.0,119.0,2021-08-23,MarketResult_SEM-DA_PWR-MRC-D+1_20210822100000_20210822103826.csv
2021-08-23T22:00:00Z,1.0,121.63,2021-08-24,MarketResult_SEM-DA_PWR-MRC-D+1_20210823100000_20210823103836.csv
2021-08-23T23:00:00Z,1.0,114.0,2021-08-24,MarketResult_SEM-DA_PWR-MRC-D+1_20210823100000_20210823103836.csv
2021-08-24T00:00:00Z,1.0,110.18,2021-08-24,MarketResult_SEM-DA_PWR-MRC-D+1_20210823100000_20210823103836.csv
2021-08-24T01:00:00Z,1.0,107.61,2021-08-24,MarketResult_SEM-DA_PWR-MRC-D+1_20210823100000_20210823103836.csv
2021-08-24T02:00:00Z,1.0,107.0,2021-08-24,MarketResult_SEM-DA_PWR-MRC-D+1_20210823100000_20210823103836.csv
2021-08-24T03:00:00Z,1.0,108.5,2021-08-24,MarketResult_SEM-DA_PWR-MRC-D+1_20210823100000_20210823103836.csv
2021-08-24T04:00:00Z,1.0,110.15,2021-08-24,MarketResult_SEM-DA_PWR-MRC-D+1_20210823100000_20210823103836.csv
2021-08-24T05:00:00Z,1.0,112.52,2021-08-24,MarketResult_SEM-DA_PWR-MRC-D+1_20210823100000_20210823103836.csv
2021-08-24T06:00:00Z,1.0,126.61,2021-08-24,MarketResult_SEM-DA_PWR-MRC-D+1_20210823100000_20210823103836.csv
2021-08-24T07:00:00Z,1.0,157.9,2021-08-24,MarketResult_SEM-DA_PWR-MRC-D+1_20210823100000_20210823103836.csv
2021-08-24T08:00:00Z,1.0,158.88,2021-08-24,MarketResult_SEM-DA_PWR-MRC-D+1_20210823100000_20210823103836.csv
2021-08-24T09:00:00Z,1.0,153.19,2021-08-24,MarketResult_SEM-DA_PWR-MRC-D+1_20210823100000_20210823103836.csv
2021-08-24T10:00:00Z,1.0,142.88,2021-08-24,MarketResult_SEM-DA_PWR-MRC-D+1_20210823100000_20210823103836.csv
2021-08-24T11:00:00Z,1.0,144.6,2021-08-24,MarketResult_SEM-DA_PWR-MRC-D+1_20210823100000_20210823103836.csv
2021-08-24T12:00:00Z,1.0,138.47,2021-08-24,MarketResult_SEM-DA_PWR-MRC-D+1_20210823100000_20210823103836.csv
2021-08-24T13:00:00Z,1.0,125.98,2021-08-24,MarketResult_SEM-DA_PWR-MRC-D+1_20210823100000_20210823103836.csv
2021-08-24T14:00:00Z,1.0,130.74,2021-08-24,MarketResult_SEM-DA_PWR-MRC-D+1_20210823100000_20210823103836.csv
2021-08-24T15:00:00Z,1.0,154.77,2021-08-24,MarketResult_SEM-DA_PWR-MRC-D+1_20210823100000_20210823103836.csv
2021-08-24T16:00:00Z,1.0,175.16,2021-08-24,MarketResult_SEM-DA_PWR-MRC-D+1_20210823100000_20210823103836.csv
2021-08-24T17:00:00Z,1.0,190.74,2021-08-24,MarketResult_SEM-DA_PWR-MRC-D+1_20210823100000_20210823103836.csv
2021-08-24T18:00:00Z,1.0,182.96,2021-08-24,MarketResult_SEM-DA_PWR-MRC-D+1_20210823100000_20210823103836.csv
2021-08-24T19:00:00Z,1.0,171.87,2021-08-24,MarketResult_SEM-DA_PWR-MRC-D+1_20210823100000_20210823103836.csv
2021-08-24T20:00:00Z,1.0,161.63,2021-08-24,MarketResult_SEM-DA_PWR-MRC-D+1_20210823100000_20210823103836.csv
2021-08-24T21:00:00Z,1.0,125.3,2021-08-24,MarketResult_SEM-DA_PWR-MRC-D+1_20210823100000_20210823103836.csv
2021-08-24T22:00:00Z,1.0,115.3,2021-08-25,MarketResult_SEM-DA_PWR-MRC-D+1_20210824100000_20210824103831.csv
2021-08-24T23:00:00Z,1.0,110.38,2021-08-25,MarketResult_SEM-DA_PWR-MRC-D+1_20210824100000_20210824103831.csv
2021-08-25T00:00:00Z,1.0,108.12,2021-08-25,MarketResult_SEM-DA_PWR-MRC-D+1_20210824100000_20210824103831.csv
2021-08-25T01:00:00Z,1.0,107.24,2021-08-25,MarketResult_SEM-DA_PWR-MRC-D+1_20210824100000_20210824103831.csv
2021-08-25T02:00:00Z,1.0,105.0,2021-08-25,MarketResult_SEM-DA_PWR-MRC-D+1_20210824100000_20210824103831.csv
2021-08-25T03:00:00Z,1.0,105.3,2021-08-25,MarketResult_SEM-DA_PWR-MRC-D+1_20210824100000_20210824103831.csv
2021-08-25T04:00:00Z,1.0,107.77,2021-08-25,MarketResult_SEM-DA_PWR-MRC-D+1_20210824100000_20210824103831.csv
2021-08-25T05:00:00Z,1.0,111.69,2021-08-25,MarketResult_SEM-DA_PWR-MRC-D+1_20210824100000_20210824103831.csv
2021-08-25T06:00:00Z,1.0,123.1,2021-08-25,MarketResult_SEM-DA_PWR-MRC-D+1_20210824100000_20210824103831.csv
2021-08-25T07:00:00Z,1.0,159.0,2021-08-25,MarketResult_SEM-DA_PWR-MRC-D+1_20210824100000_20210824103831.csv
2021-08-25T08:00:00Z,1.0,167.0,2021-08-25,MarketResult_SEM-DA_PWR-MRC-D+1_20210824100000_20210824103831.csv
2021-08-25T09:00:00Z,1.0,160.44,2021-08-25,MarketResult_SEM-DA_PWR-MRC-D+1_20210824100000_20210824103831.csv
2021-08-25T10:00:00Z,1.0,156.01,2021-08-25,MarketResult_SEM-DA_PWR-MRC-D+1_20210824100000_20210824103831.csv
2021-08-25T11:00:00Z,1.0,152.55,2021-08-25,MarketResult_SEM-DA_PWR-MRC-D+1_20210824100000_20210824103831.csv
2021-08-25T12:00:00Z,1.0,143.0,2021-08-25,MarketResult_SEM-DA_PWR-MRC-D+1_20210824100000_20210824103831.csv
2021-08-25T13:00:00Z,1.0,136.18,2021-08-25,MarketResult_SEM-DA_PWR-MRC-D+1_20210824100000_20210824103831.csv
2021-08-25T14:00:00Z,1.0,134.4,2021-08-25,MarketResult_SEM-DA_PWR-MRC-D+1_20210824100000_20210824103831.csv
2021-08-25T15:00:00Z,1.0,144.0,2021-08-25,MarketResult_SEM-DA_PWR-MRC-D+1_20210824100000_20210824103831.csv
2021-08-25T16:00:00Z,1.0,161.49,2021-08-25,MarketResult_SEM-DA_PWR-MRC-D+1_20210824100000_20210824103831.csv
2021-08-25T17:00:00Z,1.0,165.0,2021-08-25,MarketResult_SEM-DA_PWR-MRC-D+1_20210824100000_20210824103831.csv
2021-08-25T18:00:00Z,1.0,153.13,2021-08-25,MarketResult_SEM-DA_PWR-MRC-D+1_20210824100000_20210824103831.csv
2021-08-25T19:00:00Z,1.0,140.78,2021-08-25,MarketResult_SEM-DA_PWR-MRC-D+1_20210824100000_20210824103831.csv
2021-08-25T20:00:00Z,1.0,133.48,2021-08-25,MarketResult_SEM-DA_PWR-MRC-D+1_20210824100000_20210824103831.csv
2021-08-25T21:00:00Z,1.0,119.0,2021-08-25,MarketResult_SEM-DA_PWR-MRC-D+1_20210824100000_20210824103831.csv
2021-08-25T22:00:00Z,1.0,125.0,2021-08-26,MarketResult_SEM-DA_PWR-MRC-D+1_20210825100000_20210825103831.csv
2021-08-25T23:00:00Z,1.0,121.6,2021-08-26,MarketResult_SEM-DA_PWR-MRC-D+1_20210825100000_20210825103831.csv
2021-08-26T00:00:00Z,1.0,115.54,2021-08-26,MarketResult_SEM-DA_PWR-MRC-D+1_20210825100000_20210825103831.csv
2021-08-26T01:00:00Z,1.0,112.52,2021-08-26,MarketResult_SEM-DA_PWR-MRC-D+1_20210825100000_20210825103831.csv
2021-08-26T02:00:00Z,1.0,110.25,2021-08-26,MarketResult_SEM-DA_PWR-MRC-D+1_20210825100000_20210825103831.csv
2021-08-26T03:00:00Z,1.0,110.85,2021-08-26,MarketResult_SEM-DA_PWR-MRC-D+1_20210825100000_20210825103831.csv
2021-08-26T04:00:00Z,1.0,113.91,2021-08-26,MarketResult_SEM-DA_PWR-MRC-D+1_20210825100000_20210825103831.csv
2021-08-26T05:00:00Z,1.0,120.51,2021-08-26,MarketResult_SEM-DA_PWR-MRC-D+1_20210825100000_20210825103831.csv
2021-08-26T06:00:00Z,1.0,133.56,2021-08-26,MarketResult_SEM-DA_PWR-MRC-D+1_20210825100000_20210825103831.csv
2021-08-26T07:00:00Z,1.0,183.69,2021-08-26,MarketResult_SEM-DA_PWR-MRC-D+1_20210825100000_20210825103831.csv
2021-08-26T08:00:00Z,1.0,176.8,2021-08-26,MarketResult_SEM-DA_PWR-MRC-D+1_20210825100000_20210825103831.csv
2021-08-26T09:00:00Z,1.0,175.67,2021-08-26,MarketResult_SEM-DA_PWR-MRC-D+1_20210825100000_20210825103831.csv
2021-08-26T10:00:00Z,1.0,175.67,2021-08-26,MarketResult_SEM-DA_PWR-MRC-D+1_20210825100000_20210825103831.csv
2021-08-26T11:00:00Z,1.0,183.5,2021-08-26,MarketResult_SEM-DA_PWR-MRC-D+1_20210825100000_20210825103831.csv
2021-08-26T12:00:00Z,1.0,171.0,2021-08-26,MarketResult_SEM-DA_PWR-MRC-D+1_20210825100000_20210825103831.csv
2021-08-26T13:00:00Z,1.0,166.75,2021-08-26,MarketResult_SEM-DA_PWR-MRC-D+1_20210825100000_20210825103831.csv
2021-08-26T14:00:00Z,1.0,166.75,2021-08-26,MarketResult_SEM-DA_PWR-MRC-D+1_20210825100000_20210825103831.csv
2021-08-26T15:00:00Z,1.0,170.28,2021-08-26,MarketResult_SEM-DA_PWR-MRC-D+1_20210825100000_20210825103831.csv
2021-08-26T16:00:00Z,1.0,183.69,2021-08-26,MarketResult_SEM-DA_PWR-MRC-D+1_20210825100000_20210825103831.csv
2021-08-26T17:00:00Z,1.0,183.57,2021-08-26,MarketResult_SEM-DA_PWR-MRC-D+1_20210825100000_20210825103831.csv
2021-08-26T18:00:00Z,1.0,173.09,2021-08-26,MarketResult_SEM-DA_PWR-MRC-D+1_20210825100000_20210825103831.csv
2021-08-26T19:00:00Z,1.0,162.45,2021-08-26,MarketResult_SEM-DA_PWR-MRC-D+1_20210825100000_20210825103831.csv
2021-08-26T20:00:00Z,1.0,158.51,2021-08-26,MarketResult_SEM-DA_PWR-MRC-D+1_20210825100000_20210825103831.csv
2021-08-26T21:00:00Z,1.0,138.19,2021-08-26,MarketResult_SEM-DA_PWR-MRC-D+1_20210825100000_20210825103831.csv
2021-08-26T22:00:00Z,1.0,123.8,2021-08-27,MarketResult_SEM-DA_PWR-MRC-D+1_20210826100000_20210826103831.csv
2021-08-26T23:00:00Z,1.0,120.0,2021-08-27,MarketResult_SEM-DA_PWR-MRC-D+1_20210826100000_20210826103831.csv
2021-08-27T00:00:00Z,1.0,115.0,2021-08-27,MarketResult_SEM-DA_PWR-MRC-D+1_20210826100000_20210826103831.csv
2021-08-27T01:00:00Z,1.0,112.6,2021-08-27,MarketResult_SEM-DA_PWR-MRC-D+1_20210826100000_20210826103831.csv
2021-08-27T02:00:00Z,1.0,112.0,2021-08-27,MarketResult_SEM-DA_PWR-MRC-D+1_20210826100000_20210826103831.csv
2021-08-27T03:00:00Z,1.0,112.48,2021-08-27,MarketResult_SEM-DA_PWR-MRC-D+1_20210826100000_20210826103831.csv
2021-08-27T04:00:00Z,1.0,117.5,2021-08-27,MarketResult_SEM-DA_PWR-MRC-D+1_20210826100000_20210826103831.csv
2021-08-27T05:00:00Z,1.0,124.3,2021-08-27,MarketResult_SEM-DA_PWR-MRC-D+1_20210826100000_20210826103831.csv
2021-08-27T06:00:00Z,1.0,133.92,2021-08-27,MarketResult_SEM-DA_PWR-MRC-D+1_20210826100000_20210826103831.csv
2021-08-27T07:00:00Z,1.0,168.0,2021-08-27,MarketResult_SEM-DA_PWR-MRC-D+1_20210826100000_20210826103831.csv
2021-08-27T08:00:00Z,1.0,171.87,2021-08-27,MarketResult_SEM-DA_PWR-MRC-D+1_20210826100000_20210826103831.csv
2021-08-27T09:00:00Z,1.0,171.87,2021-08-27,MarketResult_SEM-DA_PWR-MRC-D+1_20210826100000_20210826103831.csv
2021-08-27T10:00:00Z,1.0,171.87,2021-08-27,MarketResult_SEM-DA_PWR-MRC-D+1_20210826100000_20210826103831.csv
2021-08-27T11:00:00Z,1.0,175.0,2021-08-27,MarketResult_SEM-DA_PWR-MRC-D+1_20210826100000_20210826103831.csv
2021-08-27T12:00:00Z,1.0,171.0,2021-08-27,MarketResult_SEM-DA_PWR-MRC-D+1_20210826100000_20210826103831.csv
2021-08-27T13:00:00Z,1.0,165.42,2021-08-27,MarketResult_SEM-DA_PWR-MRC-D+1_20210826100000_20210826103831.csv
2021-08-27T14:00:00Z,1.0,163.29,2021-08-27,MarketResult_SEM-DA_PWR-MRC-D+1_20210826100000_20210826103831.csv
2021-08-27T15:00:00Z,1.0,163.29,2021-08-27,MarketResult_SEM-DA_PWR-MRC-D+1_20210826100000_20210826103831.csv
2021-08-27T16:00:00Z,1.0,167.15,2021-08-27,MarketResult_SEM-DA_PWR-MRC-D+1_20210826100000_20210826103831.csv
2021-08-27T17:00:00Z,1.0,169.5,2021-08-27,MarketResult_SEM-DA_PWR-MRC-D+1_20210826100000_20210826103831.csv
2021-08-27T18:00:00Z,1.0,165.35,2021-08-27,MarketResult_SEM-DA_PWR-MRC-D+1_20210826100000_20210826103831.csv
2021-08-27T19:00:00Z,1.0,158.93,2021-08-27,MarketResult_SEM-DA_PWR-MRC-D+1_20210826100000_20210826103831.csv
2021-08-27T20:00:00Z,1.0,149.02,2021-08-27,MarketResult_SEM-DA_PWR-MRC-D+1_20210826100000_20210826103831.csv
2021-08-27T21:00:00Z,1.0,134.95,2021-08-27,MarketResult_SEM-DA_PWR-MRC-D+1_20210826100000_20210826103831.csv
2021-08-27T22:00:00Z,1.0,128.1,2021-08-28,MarketResult_SEM-DA_PWR-MRC-D+1_20210827100000_20210827103846.csv
2021-08-27T23:00:00Z,1.0,125.0,2021-08-28,MarketResult_SEM-DA_PWR-MRC-D+1_20210827100000_20210827103846.csv
2021-08-28T00:00:00Z,1.0,122.47,2021-08-28,MarketResult_SEM-DA_PWR-MRC-D+1_20210827100000_20210827103846.csv
2021-08-28T01:00:00Z,1.0,115.0,2021-08-28,MarketResult_SEM-DA_PWR-MRC-D+1_20210827100000_20210827103846.csv
2021-08-28T02:00:00Z,1.0,113.57,2021-08-28,MarketResult_SEM-DA_PWR-MRC-D+1_20210827100000_20210827103846.csv
2021-08-28T03:00:00Z,1.0,113.57,2021-08-28,MarketResult_SEM-DA_PWR-MRC-D+1_20210827100000_20210827103846.csv
2021-08-28T04:00:00Z,1.0,114.0,2021-08-28,MarketResult_SEM-DA_PWR-MRC-D+1_20210827100000_20210827103846.csv
2021-08-28T05:00:00Z,1.0,114.0,2021-08-28,MarketResult_SEM-DA_PWR-MRC-D+1_20210827100000_20210827103846.csv
2021-08-28T06:00:00Z,1.0,121.12,2021-08-28,MarketResult_SEM-DA_PWR-MRC-D+1_20210827100000_20210827103846.csv
2021-08-28T07:00:00Z,1.0,142.19,2021-08-28,MarketResult_SEM-DA_PWR-MRC-D+1_20210827100000_20210827103846.csv
2021-08-28T08:00:00Z,1.0,155.56,2021-08-28,MarketResult_SEM-DA_PWR-MRC-D+1_20210827100000_20210827103846.csv
2021-08-28T09:00:00Z,1.0,162.0,2021-08-28,MarketResult_SEM-DA_PWR-MRC-D+1_20210827100000_20210827103846.csv
2021-08-28T10:00:00Z,1.0,155.85,2021-08-28,MarketResult_SEM-DA_PWR-MRC-D+1_20210827100000_20210827103846.csv
2021-08-28T11:00:00Z,1.0,159.0,2021-08-28,MarketResult_SEM-DA_PWR-MRC-D+1_20210827100000_20210827103846.csv
2021-08-28T12:00:00Z,1.0,148.83,2021-08-28,MarketResult_SEM-DA_PWR-MRC-D+1_20210827100000_20210827103846.csv
2021-08-28T13:00:00Z,1.0,138.94,2021-08-28,MarketResult_SEM-DA_PWR-MRC-D+1_20210827100000_20210827103846.csv
2021-08-28T14:00:00Z,1.0,138.94,2021-08-28,MarketResult_SEM-DA_PWR-MRC-D+1_20210827100000_20210827103846.csv
2021-08-28T15:00:00Z,1.0,141.44,2021-08-28,MarketResult_SEM-DA_PWR-MRC-D+1_20210827100000_20210827103846.csv
2021-08-28T16:00:00Z,1.0,155.74,2021-08-28,MarketResult_SEM-DA_PWR-MRC-D+1_20210827100000_20210827103846.csv
2021-08-28T17:00:00Z,1.0,162.22,2021-08-28,MarketResult_SEM-DA_PWR-MRC-D+1_20210827100000_20210827103846.csv
2021-08-28T18:00:00Z,1.0,160.0,2021-08-28,MarketResult_SEM-DA_PWR-MRC-D+1_20210827100000_20210827103846.csv
2021-08-28T19:00:00Z,1.0,160.15,2021-08-28,MarketResult_SEM-DA_PWR-MRC-D+1_20210827100000_20210827103846.csv
2021-08-28T20:00:00Z,1.0,155.0,2021-08-28,MarketResult_SEM-DA_PWR-MRC-D+1_20210827100000_20210827103846.csv
2021-08-28T21:00:00Z,1.0,135.57,2021-08-28,MarketResult_SEM-DA_PWR-MRC-D+1_20210827100000_20210827103846.csv
2021-08-28T22:00:00Z,1.0,136.86,2021-08-29,MarketResult_SEM-DA_PWR-MRC-D+1_20210828100000_20210828103846.csv
2021-08-28T23:00:00Z,1.0,133.5,2021-08-29,MarketResult_SEM-DA_PWR-MRC-D+1_20210828100000_20210828103846.csv
2021-08-29T00:00:00Z,1.0,129.72,2021-08-29,MarketResult_SEM-DA_PWR-MRC-D+1_20210828100000_20210828103846.csv
2021-08-29T01:00:00Z,1.0,120.33,2021-08-29,MarketResult_SEM-DA_PWR-MRC-D+1_20210828100000_20210828103846.csv
2021-08-29T02:00:00Z,1.0,115.47,2021-08-29,MarketResult_SEM-DA_PWR-MRC-D+1_20210828100000_20210828103846.csv
2021-08-29T03:00:00Z,1.0,115.0,2021-08-29,MarketResult_SEM-DA_PWR-MRC-D+1_20210828100000_20210828103846.csv
2021-08-29T04:00:00Z,1.0,115.0,2021-08-29,MarketResult_SEM-DA_PWR-MRC-D+1_20210828100000_20210828103846.csv
2021-08-29T05:00:00Z,1.0,112.0,2021-08-29,MarketResult_SEM-DA_PWR-MRC-D+1_20210828100000_20210828103846.csv
2021-08-29T06:00:00Z,1.0,119.38,2021-08-29,MarketResult_SEM-DA_PWR-MRC-D+1_20210828100000_20210828103846.csv
2021-08-29T07:00:00Z,1.0,132.0,2021-08-29,MarketResult_SEM-DA_PWR-MRC-D+1_20210828100000_20210828103846.csv
2021-08-29T08:00:00Z,1.0,146.68,2021-08-29,MarketResult_SEM-DA_PWR-MRC-D+1_20210828100000_20210828103846.csv
2021-08-29T09:00:00Z,1.0,154.13,2021-08-29,MarketResult_SEM-DA_PWR-MRC-D+1_20210828100000_20210828103846.csv
2021-08-29T10:00:00Z,1.0,156.88,2021-08-29,MarketResult_SEM-DA_PWR-MRC-D+1_20210828100000_20210828103846.csv
2021-08-29T11:00:00Z,1.0,158.67,2021-08-29,MarketResult_SEM-DA_PWR-MRC-D+1_20210828100000_20210828103846.csv
2021-08-29T12:00:00Z,1.0,154.13,2021-08-29,MarketResult_SEM-DA_PWR-MRC-D+1_20210828100000_20210828103846.csv
2021-08-29T13:00:00Z,1.0,143.65,2021-08-29,MarketResult_SEM-DA_PWR-MRC-D+1_20210828100000_20210828103846.csv
2021-08-29T14:00:00Z,1.0,139.92,2021-08-29,MarketResult_SEM-DA_PWR-MRC-D+1_20210828100000_20210828103846.csv
2021-08-29T15:00:00Z,1.0,139.92,2021-08-29,MarketResult_SEM-DA_PWR-MRC-D+1_20210828100000_20210828103846.csv
2021-08-29T16:00:00Z,1.0,154.13,2021-08-29,MarketResult_SEM-DA_PWR-MRC-D+1_20210828100000_20210828103846.csv
2021-08-29T17:00:00Z,1.0,156.7,2021-08-29,MarketResult_SEM-DA_PWR-MRC-D+1_20210828100000_20210828103846.csv
2021-08-29T18:00:00Z,1.0,154.13,2021-08-29,MarketResult_SEM-DA_PWR-MRC-D+1_20210828100000_20210828103846.csv
2021-08-29T19:00:00Z,1.0,155.0,2021-08-29,MarketResult_SEM-DA_PWR-MRC-D+1_20210828100000_20210828103846.csv
2021-08-29T20:00:00Z,1.0,139.85,2021-08-29,MarketResult_SEM-DA_PWR-MRC-D+1_20210828100000_20210828103846.csv
2021-08-29T21:00:00Z,1.0,121.23,2021-08-29,MarketResult_SEM-DA_PWR-MRC-D+1_20210828100000_20210828103846.csv
2021-08-29T22:00:00Z,1.0,130.44,2021-08-30,MarketResult_SEM-DA_PWR-MRC-D+1_20210829100000_20210829103846.csv
2021-08-29T23:00:00Z,1.0,125.34,2021-08-30,MarketResult_SEM-DA_PWR-MRC-D+1_20210829100000_20210829103846.csv
2021-08-30T00:00:00Z,1.0,122.08,2021-08-30,MarketResult_SEM-DA_PWR-MRC-D+1_20210829100000_20210829103846.csv
2021-08-30T01:00:00Z,1.0,121.7,2021-08-30,MarketResult_SEM-DA_PWR-MRC-D+1_20210829100000_20210829103846.csv
2021-08-30T02:00:00Z,1.0,116.0,2021-08-30,MarketResult_SEM-DA_PWR-MRC-D+1_20210829100000_20210829103846.csv
2021-08-30T03:00:00Z,1.0,115.0,2021-08-30,MarketResult_SEM-DA_PWR-MRC-D+1_20210829100000_20210829103846.csv
2021-08-30T04:00:00Z,1.0,115.0,2021-08-30,MarketResult_SEM-DA_PWR-MRC-D+1_20210829100000_20210829103846.csv
2021-08-30T05:00:00Z,1.0,124.7,2021-08-30,MarketResult_SEM-DA_PWR-MRC-D+1_20210829100000_20210829103846.csv
2021-08-30T06:00:00Z,1.0,128.55,2021-08-30,MarketResult_SEM-DA_PWR-MRC-D+1_20210829100000_20210829103846.csv
2021-08-30T07:00:00Z,1.0,144.85,2021-08-30,MarketResult_SEM-DA_PWR-MRC-D+1_20210829100000_20210829103846.csv
2021-08-30T08:00:00Z,1.0,148.89,2021-08-30,MarketResult_SEM-DA_PWR-MRC-D+1_20210829100000_20210829103846.csv
2021-08-30T09:00:00Z,1.0,151.77,2021-08-30,MarketResult_SEM-DA_PWR-MRC-D+1_20210829100000_20210829103846.csv
2021-08-30T10:00:00Z,1.0,155.0,2021-08-30,MarketResult_SEM-DA_PWR-MRC-D+1_20210829100000_20210829103846.csv
2021-08-30T11:00:00Z,1.0,160.0,2021-08-30,MarketResult_SEM-DA_PWR-MRC-D+1_20210829100000_20210829103846.csv
2021-08-30T12:00:00Z,1.0,151.07,2021-08-30,MarketResult_SEM-DA_PWR-MRC-D+1_20210829100000_20210829103846.csv
2021-08-30T13:00:00Z,1.0,140.0,2021-08-30,MarketResult_SEM-DA_PWR-MRC-D+1_20210829100000_20210829103846.csv
2021-08-30T14:00:00Z,1.0,140.0,2021-08-30,MarketResult_SEM-DA_PWR-MRC-D+1_20210829100000_20210829103846.csv
2021-08-30T15:00:00Z,1.0,145.06,2021-08-30,MarketResult_SEM-DA_PWR-MRC-D+1_20210829100000_20210829103846.csv
2021-08-30T16:00:00Z,1.0,157.0,2021-08-30,MarketResult_SEM-DA_PWR-MRC-D+1_20210829100000_20210829103846.csv
2021-08-30T17:00:00Z,1.0,166.59,2021-08-30,MarketResult_SEM-DA_PWR-MRC-D+1_20210829100000_20210829103846.csv
2021-08-30T18:00:00Z,1.0,155.52,2021-08-30,MarketResult_SEM-DA_PWR-MRC-D+1_20210829100000_20210829103846.csv
2021-08-30T19:00:00Z,1.0,159.0,2021-08-30,MarketResult_SEM-DA_PWR-MRC-D+1_20210829100000_20210829103846.csv
2021-08-30T20:00:00Z,1.0,148.0,2021-08-30,MarketResult_SEM-DA_PWR-MRC-D+1_20210829100000_20210829103846.csv
2021-08-30T21:00:00Z,1.0,124.6,2021-08-30,MarketResult_SEM-DA_PWR-MRC-D+1_20210829100000_20210829103846.csv
2021-08-30T22:00:00Z,1.0,129.72,2021-08-31,MarketResult_SEM-DA_PWR-MRC-D+1_20210830100000_20210830103851.csv
2021-08-30T23:00:00Z,1.0,123.44,2021-08-31,MarketResult_SEM-DA_PWR-MRC-D+1_20210830100000_20210830103851.csv
2021-08-31T00:00:00Z,1.0,116.88,2021-08-31,MarketResult_SEM-DA_PWR-MRC-D+1_20210830100000_20210830103851.csv
2021-08-31T01:00:00Z,1.0,115.47,2021-08-31,MarketResult_SEM-DA_PWR-MRC-D+1_20210830100000_20210830103851.csv
2021-08-31T02:00:00Z,1.0,115.0,2021-08-31,MarketResult_SEM-DA_PWR-MRC-D+1_20210830100000_20210830103851.csv
2021-08-31T03:00:00Z,1.0,115.0,2021-08-31,MarketResult_SEM-DA_PWR-MRC-D+1_20210830100000_20210830103851.csv
2021-08-31T04:00:00Z,1.0,120.0,2021-08-31,MarketResult_SEM-DA_PWR-MRC-D+1_20210830100000_20210830103851.csv
2021-08-31T05:00:00Z,1.0,130.84,2021-08-31,MarketResult_SEM-DA_PWR-MRC-D+1_20210830100000_20210830103851.csv
2021-08-31T06:00:00Z,1.0,139.39,2021-08-31,MarketResult_SEM-DA_PWR-MRC-D+1_20210830100000_20210830103851.csv
2021-08-31T07:00:00Z,1.0,159.0,2021-08-31,MarketResult_SEM-DA_PWR-MRC-D+1_20210830100000_20210830103851.csv
2021-08-31T08:00:00Z,1.0,160.0,2021-08-31,MarketResult_SEM-DA_PWR-MRC-D+1_20210830100000_20210830103851.csv
2021-08-31T09:00:00Z,1.0,158.0,2021-08-31,MarketResult_SEM-DA_PWR-MRC-D+1_20210830100000_20210830103851.csv
2021-08-31T10:00:00Z,1.0,156.56,2021-08-31,MarketResult_SEM-DA_PWR-MRC-D+1_20210830100000_20210830103851.csv
2021-08-31T11:00:00Z,1.0,156.07,2021-08-31,MarketResult_SEM-DA_PWR-MRC-D+1_20210830100000_20210830103851.csv
2021-08-31T12:00:00Z,1.0,145.0,2021-08-31,MarketResult_SEM-DA_PWR-MRC-D+1_20210830100000_20210830103851.csv
2021-08-31T13:00:00Z,1.0,134.53,2021-08-31,MarketResult_SEM-DA_PWR-MRC-D+1_20210830100000_20210830103851.csv
2021-08-31T14:00:00Z,1.0,131.67,2021-08-31,MarketResult_SEM-DA_PWR-MRC-D+1_20210830100000_20210830103851.csv
2021-08-31T15:00:00Z,1.0,140.1,2021-08-31,MarketResult_SEM-DA_PWR-MRC-D+1_20210830100000_20210830103851.csv
2021-08-31T16:00:00Z,1.0,162.0,2021-08-31,MarketResult_SEM-DA_PWR-MRC-D+1_20210830100000_20210830103851.csv
2021-08-31T17:00:00Z,1.0,168.0,2021-08-31,MarketResult_SEM-DA_PWR-MRC-D+1_20210830100000_20210830103851.csv
2021-08-31T18:00:00Z,1.0,162.54,2021-08-31,MarketResult_SEM-DA_PWR-MRC-D+1_20210830100000_20210830103851.csv
2021-08-31T19:00:00Z,1.0,161.0,2021-08-31,MarketResult_SEM-DA_PWR-MRC-D+1_20210830100000_20210830103851.csv
2021-08-31T20:00:00Z,1.0,144.0,2021-08-31,MarketResult_SEM-DA_PWR-MRC-D+1_20210830100000_20210830103851.csv
2021-08-31T21:00:00Z,1.0,122.62,2021-08-31,MarketResult_SEM-DA_PWR-MRC-D+1_20210830100000_20210830103851.csv
2021-08-31T22:00:00Z,1.0,131.13,2021-09-01,MarketResult_SEM-DA_PWR-MRC-D+1_20210831100000_20210831103848.csv
2021-08-31T23:00:00Z,1.0,125.0,2021-09-01,MarketResult_SEM-DA_PWR-MRC-D+1_20210831100000_20210831103848.csv
2021-09-01T00:00:00Z,1.0,121.0,2021-09-01,MarketResult_SEM-DA_PWR-MRC-D+1_20210831100000_20210831103848.csv
2021-09-01T01:00:00Z,1.0,119.0,2021-09-01,MarketResult_SEM-DA_PWR-MRC-D+1_20210831100000_20210831103848.csv
2021-09-01T02:00:00Z,1.0,119.0,2021-09-01,MarketResult_SEM-DA_PWR-MRC-D+1_20210831100000_20210831103848.csv
2021-09-01T03:00:00Z,1.0,119.0,2021-09-01,MarketResult_SEM-DA_PWR-MRC-D+1_20210831100000_20210831103848.csv
2021-09-01T04:00:00Z,1.0,123.33,2021-09-01,MarketResult_SEM-DA_PWR-MRC-D+1_20210831100000_20210831103848.csv
2021-09-01T05:00:00Z,1.0,135.0,2021-09-01,MarketResult_SEM-DA_PWR-MRC-D+1_20210831100000_20210831103848.csv
2021-09-01T06:00:00Z,1.0,149.0,2021-09-01,MarketResult_SEM-DA_PWR-MRC-D+1_20210831100000_20210831103848.csv
2021-09-01T07:00:00Z,1.0,169.85,2021-09-01,MarketResult_SEM-DA_PWR-MRC-D+1_20210831100000_20210831103848.csv
2021-09-01T08:00:00Z,1.0,176.51,2021-09-01,MarketResult_SEM-DA_PWR-MRC-D+1_20210831100000_20210831103848.csv
2021-09-01T09:00:00Z,1.0,172.9,2021-09-01,MarketResult_SEM-DA_PWR-MRC-D+1_20210831100000_20210831103848.csv
2021-09-01T10:00:00Z,1.0,170.57,2021-09-01,MarketResult_SEM-DA_PWR-MRC-D+1_20210831100000_20210831103848.csv
2021-09-01T11:00:00Z,1.0,174.68,2021-09-01,MarketResult_SEM-DA_PWR-MRC-D+1_20210831100000_20210831103848.csv
2021-09-01T12:00:00Z,1.0,158.22,2021-09-01,MarketResult_SEM-DA_PWR-MRC-D+1_20210831100000_20210831103848.csv
2021-09-01T13:00:00Z,1.0,147.59,2021-09-01,MarketResult_SEM-DA_PWR-MRC-D+1_20210831100000_20210831103848.csv
2021-09-01T14:00:00Z,1.0,143.55,2021-09-01,MarketResult_SEM-DA_PWR-MRC-D+1_20210831100000_20210831103848.csv
2021-09-01T15:00:00Z,1.0,166.32,2021-09-01,MarketResult_SEM-DA_PWR-MRC-D+1_20210831100000_20210831103848.csv
2021-09-01T16:00:00Z,1.0,185.0,2021-09-01,MarketResult_SEM-DA_PWR-MRC-D+1_20210831100000_20210831103848.csv
2021-09-01T17:00:00Z,1.0,192.15,2021-09-01,MarketResult_SEM-DA_PWR-MRC-D+1_20210831100000_20210831103848.csv
2021-09-01T18:00:00Z,1.0,185.0,2021-09-01,MarketResult_SEM-DA_PWR-MRC-D+1_20210831100000_20210831103848.csv
2021-09-01T19:00:00Z,1.0,182.71,2021-09-01,MarketResult_SEM-DA_PWR-MRC-D+1_20210831100000_20210831103848.csv
2021-09-01T20:00:00Z,1.0,158.22,2021-09-01,MarketResult_SEM-DA_PWR-MRC-D+1_20210831100000_20210831103848.csv
2021-09-01T21:00:00Z,1.0,135.43,2021-09-01,MarketResult_SEM-DA_PWR-MRC-D+1_20210831100000_20210831103848.csv
2021-09-01T22:00:00Z,1.0,135.96,2021-09-02,MarketResult_SEM-DA_PWR-MRC-D+1_20210901100000_20210901103852.csv
2021-09-01T23:00:00Z,1.0,134.91,2021-09-02,MarketResult_SEM-DA_PWR-MRC-D+1_20210901100000_20210901103852.csv
2021-09-02T00:00:00Z,1.0,130.88,2021-09-02,MarketResult_SEM-DA_PWR-MRC-D+1_20210901100000_20210901103852.csv
2021-09-02T01:00:00Z,1.0,127.94,2021-09-02,MarketResult_SEM-DA_PWR-MRC-D+1_20210901100000_20210901103852.csv
2021-09-02T02:00:00Z,1.0,126.75,2021-09-02,MarketResult_SEM-DA_PWR-MRC-D+1_20210901100000_20210901103852.csv
2021-09-02T03:00:00Z,1.0,126.87,2021-09-02,MarketResult_SEM-DA_PWR-MRC-D+1_20210901100000_20210901103852.csv
2021-09-02T04:00:00Z,1.0,136.0,2021-09-02,MarketResult_SEM-DA_PWR-MRC-D+1_20210901100000_20210901103852.csv
2021-09-02T05:00:00Z,1.0,140.15,2021-09-02,MarketResult_SEM-DA_PWR-MRC-D+1_20210901100000_20210901103852.csv
2021-09-02T06:00:00Z,1.0,156.78,2021-09-02,MarketResult_SEM-DA_PWR-MRC-D+1_20210901100000_20210901103852.csv
2021-09-02T07:00:00Z,1.0,186.94,2021-09-02,MarketResult_SEM-DA_PWR-MRC-D+1_20210901100000_20210901103852.csv
2021-09-02T08:00:00Z,1.0,195.27,2021-09-02,MarketResult_SEM-DA_PWR-MRC-D+1_20210901100000_20210901103852.csv
2021-09-02T09:00:00Z,1.0,186.94,2021-09-02,MarketResult_SEM-DA_PWR-MRC-D+1_20210901100000_20210901103852.csv
2021-09-02T10:00:00Z,1.0,183.46,2021-09-02,MarketResult_SEM-DA_PWR-MRC-D+1_20210901100000_20210901103852.csv
2021-09-02T11:00:00Z,1.0,182.9,2021-09-02,MarketResult_SEM-DA_PWR-MRC-D+1_20210901100000_20210901103852.csv
2021-09-02T12:00:00Z,1.0,180.85,2021-09-02,MarketResult_SEM-DA_PWR-MRC-D+1_20210901100000_20210901103852.csv
2021-09-02T13:00:00Z,1.0,170.83,2021-09-02,MarketResult_SEM-DA_PWR-MRC-D+1_20210901100000_20210901103852.csv
2021-09-02T14:00:00Z,1.0,176.38,2021-09-02,MarketResult_SEM-DA_PWR-MRC-D+1_20210901100000_20210901103852.csv
2021-09-02T15:00:00Z,1.0,201.78,2021-09-02,MarketResult_SEM-DA_PWR-MRC-D+1_20210901100000_20210901103852.csv
2021-09-02T16:00:00Z,1.0,215.0,2021-09-02,MarketResult_SEM-DA_PWR-MRC-D+1_20210901100000_20210901103852.csv
2021-09-02T17:00:00Z,1.0,237.7,2021-09-02,MarketResult_SEM-DA_PWR-MRC-D+1_20210901100000_20210901103852.csv
2021-09-02T18:00:00Z,1.0,237.91,2021-09-02,MarketResult_SEM-DA_PWR-MRC-D+1_20210901100000_20210901103852.csv
2021-09-02T19:00:00Z,1.0,235.58,2021-09-02,MarketResult_SEM-DA_PWR-MRC-D+1_20210901100000_20210901103852.csv
2021-09-02T20:00:00Z,1.0,195.72,2021-09-02,MarketResult_SEM-DA_PWR-MRC-D+1_20210901100000_20210901103852.csv
2021-09-02T21:00:00Z,1.0,154.0,2021-09-02,MarketResult_SEM-DA_PWR-MRC-D+1_20210901100000_20210901103852.csv
2021-09-02T22:00:00Z,1.0,137.42,2021-09-03,MarketResult_SEM-DA_PWR-MRC-D+1_20210902100000_20210902103851.csv
2021-09-02T23:00:00Z,1.0,135.72,2021-09-03,MarketResult_SEM-DA_PWR-MRC-D+1_20210902100000_20210902103851.csv
2021-09-03T00:00:00Z,1.0,129.74,2021-09-03,MarketResult_SEM-DA_PWR-MRC-D+1_20210902100000_20210902103851.csv
2021-09-03T01:00:00Z,1.0,131.33,2021-09-03,MarketResult_SEM-DA_PWR-MRC-D+1_20210902100000_20210902103851.csv
2021-09-03T02:00:00Z,1.0,130.0,2021-09-03,MarketResult_SEM-DA_PWR-MRC-D+1_20210902100000_20210902103851.csv
2021-09-03T03:00:00Z,1.0,130.0,2021-09-03,MarketResult_SEM-DA_PWR-MRC-D+1_20210902100000_20210902103851.csv
2021-09-03T04:00:00Z,1.0,135.82,2021-09-03,MarketResult_SEM-DA_PWR-MRC-D+1_20210902100000_20210902103851.csv
2021-09-03T05:00:00Z,1.0,143.5,2021-09-03,MarketResult_SEM-DA_PWR-MRC-D+1_20210902100000_20210902103851.csv
2021-09-03T06:00:00Z,1.0,191.54,2021-09-03,MarketResult_SEM-DA_PWR-MRC-D+1_20210902100000_20210902103851.csv
2021-09-03T07:00:00Z,1.0,249.35,2021-09-03,MarketResult_SEM-DA_PWR-MRC-D+1_20210902100000_20210902103851.csv
2021-09-03T08:00:00Z,1.0,255.13,2021-09-03,MarketResult_SEM-DA_PWR-MRC-D+1_20210902100000_20210902103851.csv
2021-09-03T09:00:00Z,1.0,235.0,2021-09-03,MarketResult_SEM-DA_PWR-MRC-D+1_20210902100000_20210902103851.csv
2021-09-03T10:00:00Z,1.0,232.85,2021-09-03,MarketResult_SEM-DA_PWR-MRC-D+1_20210902100000_20210902103851.csv
2021-09-03T11:00:00Z,1.0,233.83,2021-09-03,MarketResult_SEM-DA_PWR-MRC-D+1_20210902100000_20210902103851.csv
2021-09-03T12:00:00Z,1.0,224.67,2021-09-03,MarketResult_SEM-DA_PWR-MRC-D+1_20210902100000_20210902103851.csv
2021-09-03T13:00:00Z,1.0,195.72,2021-09-03,MarketResult_SEM-DA_PWR-MRC-D+1_20210902100000_20210902103851.csv
2021-09-03T14:00:00Z,1.0,196.24,2021-09-03,MarketResult_SEM-DA_PWR-MRC-D+1_20210902100000_20210902103851.csv
2021-09-03T15:00:00Z,1.0,217.85,2021-09-03,MarketResult_SEM-DA_PWR-MRC-D+1_20210902100000_20210902103851.csv
2021-09-03T16:00:00Z,1.0,234.07,2021-09-03,MarketResult_SEM-DA_PWR-MRC-D+1_20210902100000_20210902103851.csv
2021-09-03T17:00:00Z,1.0,255.69,2021-09-03,MarketResult_SEM-DA_PWR-MRC-D+1_20210902100000_20210902103851.csv
2021-09-03T18:00:00Z,1.0,255.06,2021-09-03,MarketResult_SEM-DA_PWR-MRC-D+1_20210902100000_20210902103851.csv
2021-09-03T19:00:00Z,1.0,255.73,2021-09-03,MarketResult_SEM-DA_PWR-MRC-D+1_20210902100000_20210902103851.csv
2021-09-03T20:00:00Z,1.0,207.18,2021-09-03,MarketResult_SEM-DA_PWR-MRC-D+1_20210902100000_20210902103851.csv
2021-09-03T21:00:00Z,1.0,161.44,2021-09-03,MarketResult_SEM-DA_PWR-MRC-D+1_20210902100000_20210902103851.csv
2021-09-03T22:00:00Z,1.0,151.72,2021-09-04,MarketResult_SEM-DA_PWR-MRC-D+1_20210903100000_20210903104445.csv
2021-09-03T23:00:00Z,1.0,151.0,2021-09-04,MarketResult_SEM-DA_PWR-MRC-D+1_20210903100000_20210903104445.csv
2021-09-04T00:00:00Z,1.0,147.16,2021-09-04,MarketResult_SEM-DA_PWR-MRC-D+1_20210903100000_20210903104445.csv
2021-09-04T01:00:00Z,1.0,142.19,2021-09-04,MarketResult_SEM-DA_PWR-MRC-D+1_20210903100000_20210903104445.csv
2021-09-04T02:00:00Z,1.0,138.98,2021-09-04,MarketResult_SEM-DA_PWR-MRC-D+1_20210903100000_20210903104445.csv
2021-09-04T03:00:00Z,1.0,139.08,2021-09-04,MarketResult_SEM-DA_PWR-MRC-D+1_20210903100000_20210903104445.csv
2021-09-04T04:00:00Z,1.0,142.12,2021-09-04,MarketResult_SEM-DA_PWR-MRC-D+1_20210903100000_20210903104445.csv
2021-09-04T05:00:00Z,1.0,142.19,2021-09-04,MarketResult_SEM-DA_PWR-MRC-D+1_20210903100000_20210903104445.csv
2021-09-04T06:00:00Z,1.0,153.34,2021-09-04,MarketResult_SEM-DA_PWR-MRC-D+1_20210903100000_20210903104445.csv
2021-09-04T07:00:00Z,1.0,182.48,2021-09-04,MarketResult_SEM-DA_PWR-MRC-D+1_20210903100000_20210903104445.csv
2021-09-04T08:00:00Z,1.0,193.05,2021-09-04,MarketResult_SEM-DA_PWR-MRC-D+1_20210903100000_20210903104445.csv
2021-09-04T09:00:00Z,1.0,193.13,2021-09-04,MarketResult_SEM-DA_PWR-MRC-D+1_20210903100000_20210903104445.csv
2021-09-04T10:00:00Z,1.0,198.78,2021-09-04,MarketResult_SEM-DA_PWR-MRC-D+1_20210903100000_20210903104445.csv
2021-09-04T11:00:00Z,1.0,179.49,2021-09-04,MarketResult_SEM-DA_PWR-MRC-D+1_20210903100000_20210903104445.csv
2021-09-04T12:00:00Z,1.0,162.09,2021-09-04,MarketResult_SEM-DA_PWR-MRC-D+1_20210903100000_20210903104445.csv
2021-09-04T13:00:00Z,1.0,155.85,2021-09-04,MarketResult_SEM-DA_PWR-MRC-D+1_20210903100000_20210903104445.csv
2021-09-04T14:00:00Z,1.0,150.49,2021-09-04,MarketResult_SEM-DA_PWR-MRC-D+1_20210903100000_20210903104445.csv
2021-09-04T15:00:00Z,1.0,165.64,2021-09-04,MarketResult_SEM-DA_PWR-MRC-D+1_20210903100000_20210903104445.csv
2021-09-04T16:00:00Z,1.0,190.81,2021-09-04,MarketResult_SEM-DA_PWR-MRC-D+1_20210903100000_20210903104445.csv
2021-09-04T17:00:00Z,1.0,200.13,2021-09-04,MarketResult_SEM-DA_PWR-MRC-D+1_20210903100000_20210903104445.csv
2021-09-04T18:00:00Z,1.0,200.0,2021-09-04,MarketResult_SEM-DA_PWR-MRC-D+1_20210903100000_20210903104445.csv
2021-09-04T19:00:00Z,1.0,192.22,2021-09-04,MarketResult_SEM-DA_PWR-MRC-D+1_20210903100000_20210903104445.csv
2021-09-04T20:00:00Z,1.0,162.89,2021-09-04,MarketResult_SEM-DA_PWR-MRC-D+1_20210903100000_20210903104445.csv
2021-09-04T21:00:00Z,1.0,140.0,2021-09-04,MarketResult_SEM-DA_PWR-MRC-D+1_20210903100000_20210903104445.csv
2021-09-04T22:00:00Z,1.0,143.4,2021-09-05,MarketResult_SEM-DA_PWR-MRC-D+1_20210904100000_20210904103841.csv
2021-09-04T23:00:00Z,1.0,141.58,2021-09-05,MarketResult_SEM-DA_PWR-MRC-D+1_20210904100000_20210904103841.csv
2021-09-05T00:00:00Z,1.0,135.78,2021-09-05,MarketResult_SEM-DA_PWR-MRC-D+1_20210904100000_20210904103841.csv
2021-09-05T01:00:00Z,1.0,130.84,2021-09-05,MarketResult_SEM-DA_PWR-MRC-D+1_20210904100000_20210904103841.csv
2021-09-05T02:00:00Z,1.0,130.01,2021-09-05,MarketResult_SEM-DA_PWR-MRC-D+1_20210904100000_20210904103841.csv
2021-09-05T03:00:00Z,1.0,130.75,2021-09-05,MarketResult_SEM-DA_PWR-MRC-D+1_20210904100000_20210904103841.csv
2021-09-05T04:00:00Z,1.0,130.84,2021-09-05,MarketResult_SEM-DA_PWR-MRC-D+1_20210904100000_20210904103841.csv
2021-09-05T05:00:00Z,1.0,133.86,2021-09-05,MarketResult_SEM-DA_PWR-MRC-D+1_20210904100000_20210904103841.csv
2021-09-05T06:00:00Z,1.0,132.0,2021-09-05,MarketResult_SEM-DA_PWR-MRC-D+1_20210904100000_20210904103841.csv
2021-09-05T07:00:00Z,1.0,159.0,2021-09-05,MarketResult_SEM-DA_PWR-MRC-D+1_20210904100000_20210904103841.csv
2021-09-05T08:00:00Z,1.0,163.95,2021-09-05,MarketResult_SEM-DA_PWR-MRC-D+1_20210904100000_20210904103841.csv
2021-09-05T09:00:00Z,1.0,172.6,2021-09-05,MarketResult_SEM-DA_PWR-MRC-D+1_20210904100000_20210904103841.csv
2021-09-05T10:00:00Z,1.0,171.84,2021-09-05,MarketResult_SEM-DA_PWR-MRC-D+1_20210904100000_20210904103841.csv
2021-09-05T11:00:00Z,1.0,166.97,2021-09-05,MarketResult_SEM-DA_PWR-MRC-D+1_20210904100000_20210904103841.csv
2021-09-05T12:00:00Z,1.0,147.0,2021-09-05,MarketResult_SEM-DA_PWR-MRC-D+1_20210904100000_20210904103841.csv
2021-09-05T13:00:00Z,1.0,145.0,2021-09-05,MarketResult_SEM-DA_PWR-MRC-D+1_20210904100000_20210904103841.csv
2021-09-05T14:00:00Z,1.0,145.0,2021-09-05,MarketResult_SEM-DA_PWR-MRC-D+1_20210904100000_20210904103841.csv
2021-09-05T15:00:00Z,1.0,166.26,2021-09-05,MarketResult_SEM-DA_PWR-MRC-D+1_20210904100000_20210904103841.csv
2021-09-05T16:00:00Z,1.0,200.0,2021-09-05,MarketResult_SEM-DA_PWR-MRC-D+1_20210904100000_20210904103841.csv
2021-09-05T17:00:00Z,1.0,206.03,2021-09-05,MarketResult_SEM-DA_PWR-MRC-D+1_20210904100000_20210904103841.csv
2021-09-05T18:00:00Z,1.0,204.8,2021-09-05,MarketResult_SEM-DA_PWR-MRC-D+1_20210904100000_20210904103841.csv
2021-09-05T19:00:00Z,1.0,210.98,2021-09-05,MarketResult_SEM-DA_PWR-MRC-D+1_20210904100000_20210904103841.csv
2021-09-05T20:00:00Z,1.0,174.75,2021-09-05,MarketResult_SEM-DA_PWR-MRC-D+1_20210904100000_20210904103841.csv
2021-09-05T21:00:00Z,1.0,146.0,2021-09-05,MarketResult_SEM-DA_PWR-MRC-D+1_20210904100000_20210904103841.csv
2021-09-05T22:00:00Z,1.0,142.61,2021-09-06,MarketResult_SEM-DA_PWR-MRC-D+1_20210905100000_20210905103846.csv
2021-09-05T23:00:00Z,1.0,140.0,2021-09-06,MarketResult_SEM-DA_PWR-MRC-D+1_20210905100000_20210905103846.csv
2021-09-06T00:00:00Z,1.0,135.0,2021-09-06,MarketResult_SEM-DA_PWR-MRC-D+1_20210905100000_20210905103846.csv
2021-09-06T01:00:00Z,1.0,133.0,2021-09-06,MarketResult_SEM-DA_PWR-MRC-D+1_20210905100000_20210905103846.csv
2021-09-06T02:00:00Z,1.0,130.75,2021-09-06,MarketResult_SEM-DA_PWR-MRC-D+1_20210905100000_20210905103846.csv
2021-09-06T03:00:00Z,1.0,133.46,2021-09-06,MarketResult_SEM-DA_PWR-MRC-D+1_20210905100000_20210905103846.csv
2021-09-06T04:00:00Z,1.0,145.52,2021-09-06,MarketResult_SEM-DA_PWR-MRC-D+1_20210905100000_20210905103846.csv
2021-09-06T05:00:00Z,1.0,173.55,2021-09-06,MarketResult_SEM-DA_PWR-MRC-D+1_20210905100000_20210905103846.csv
2021-09-06T06:00:00Z,1.0,243.0,2021-09-06,MarketResult_SEM-DA_PWR-MRC-D+1_20210905100000_20210905103846.csv
2021-09-06T07:00:00Z,1.0,298.0,2021-09-06,MarketResult_SEM-DA_PWR-MRC-D+1_20210905100000_20210905103846.csv
2021-09-06T08:00:00Z,1.0,292.6,2021-09-06,MarketResult_SEM-DA_PWR-MRC-D+1_20210905100000_20210905103846.csv
2021-09-06T09:00:00Z,1.0,260.27,2021-09-06,MarketResult_SEM-DA_PWR-MRC-D+1_20210905100000_20210905103846.csv
2021-09-06T10:00:00Z,1.0,265.0,2021-09-06,MarketResult_SEM-DA_PWR-MRC-D+1_20210905100000_20210905103846.csv
2021-09-06T11:00:00Z,1.0,272.44,2021-09-06,MarketResult_SEM-DA_PWR-MRC-D+1_20210905100000_20210905103846.csv
2021-09-06T12:00:00Z,1.0,263.29,2021-09-06,MarketResult_SEM-DA_PWR-MRC-D+1_20210905100000_20210905103846.csv
2021-09-06T13:00:00Z,1.0,254.0,2021-09-06,MarketResult_SEM-DA_PWR-MRC-D+1_20210905100000_20210905103846.csv
2021-09-06T14:00:00Z,1.0,255.0,2021-09-06,MarketResult_SEM-DA_PWR-MRC-D+1_20210905100000_20210905103846.csv
2021-09-06T15:00:00Z,1.0,290.01,2021-09-06,MarketResult_SEM-DA_PWR-MRC-D+1_20210905100000_20210905103846.csv
2021-09-06T16:00:00Z,1.0,497.39,2021-09-06,MarketResult_SEM-DA_PWR-MRC-D+1_20210905100000_20210905103846.csv
2021-09-06T17:00:00Z,1.0,500.0,2021-09-06,MarketResult_SEM-DA_PWR-MRC-D+1_20210905100000_20210905103846.csv
2021-09-06T18:00:00Z,1.0,452.28,2021-09-06,MarketResult_SEM-DA_PWR-MRC-D+1_20210905100000_20210905103846.csv
2021-09-06T19:00:00Z,1.0,450.0,2021-09-06,MarketResult_SEM-DA_PWR-MRC-D+1_20210905100000_20210905103846.csv
2021-09-06T20:00:00Z,1.0,253.0,2021-09-06,MarketResult_SEM-DA_PWR-MRC-D+1_20210905100000_20210905103846.csv
2021-09-06T21:00:00Z,1.0,173.0,2021-09-06,MarketResult_SEM-DA_PWR-MRC-D+1_20210905100000_20210905103846.csv
2021-09-06T22:00:00Z,1.0,154.0,2021-09-07,MarketResult_SEM-DA_PWR-MRC-D+1_20210906100000_20210906103851.csv
2021-09-06T23:00:00Z,1.0,145.91,2021-09-07,MarketResult_SEM-DA_PWR-MRC-D+1_20210906100000_20210906103851.csv
2021-09-07T00:00:00Z,1.0,140.0,2021-09-07,MarketResult_SEM-DA_PWR-MRC-D+1_20210906100000_20210906103851.csv
2021-09-07T01:00:00Z,1.0,138.84,2021-09-07,MarketResult_SEM-DA_PWR-MRC-D+1_20210906100000_20210906103851.csv
2021-09-07T02:00:00Z,1.0,135.0,2021-09-07,MarketResult_SEM-DA_PWR-MRC-D+1_20210906100000_20210906103851.csv
2021-09-07T03:00:00Z,1.0,138.91,2021-09-07,MarketResult_SEM-DA_PWR-MRC-D+1_20210906100000_20210906103851.csv
2021-09-07T04:00:00Z,1.0,150.0,2021-09-07,MarketResult_SEM-DA_PWR-MRC-D+1_20210906100000_20210906103851.csv
2021-09-07T05:00:00Z,1.0,164.3,2021-09-07,MarketResult_SEM-DA_PWR-MRC-D+1_20210906100000_20210906103851.csv
2021-09-07T06:00:00Z,1.0,212.68,2021-09-07,MarketResult_SEM-DA_PWR-MRC-D+1_20210906100000_20210906103851.csv
2021-09-07T07:00:00Z,1.0,263.12,2021-09-07,MarketResult_SEM-DA_PWR-MRC-D+1_20210906100000_20210906103851.csv
2021-09-07T08:00:00Z,1.0,244.89,2021-09-07,MarketResult_SEM-DA_PWR-MRC-D+1_20210906100000_20210906103851.csv
2021-09-07T09:00:00Z,1.0,235.0,2021-09-07,MarketResult_SEM-DA_PWR-MRC-D+1_20210906100000_20210906103851.csv
2021-09-07T10:00:00Z,1.0,230.91,2021-09-07,MarketResult_SEM-DA_PWR-MRC-D+1_20210906100000_20210906103851.csv
2021-09-07T11:00:00Z,1.0,234.0,2021-09-07,MarketResult_SEM-DA_PWR-MRC-D+1_20210906100000_20210906103851.csv
2021-09-07T12:00:00Z,1.0,215.87,2021-09-07,MarketResult_SEM-DA_PWR-MRC-D+1_20210906100000_20210906103851.csv
2021-09-07T13:00:00Z,1.0,205.0,2021-09-07,MarketResult_SEM-DA_PWR-MRC-D+1_20210906100000_20210906103851.csv
2021-09-07T14:00:00Z,1.0,211.23,2021-09-07,MarketResult_SEM-DA_PWR-MRC-D+1_20210906100000_20210906103851.csv
2021-09-07T15:00:00Z,1.0,258.1,2021-09-07,MarketResult_SEM-DA_PWR-MRC-D+1_20210906100000_20210906103851.csv
2021-09-07T16:00:00Z,1.0,352.5,2021-09-07,MarketResult_SEM-DA_PWR-MRC-D+1_20210906100000_20210906103851.csv
2021-09-07T17:00:00Z,1.0,437.37,2021-09-07,MarketResult_SEM-DA_PWR-MRC-D+1_20210906100000_20210906103851.csv
2021-09-07T18:00:00Z,1.0,341.42,2021-09-07,MarketResult_SEM-DA_PWR-MRC-D+1_20210906100000_20210906103851.csv
2021-09-07T19:00:00Z,1.0,255.0,2021-09-07,MarketResult_SEM-DA_PWR-MRC-D+1_20210906100000_20210906103851.csv
2021-09-07T20:00:00Z,1.0,180.0,2021-09-07,MarketResult_SEM-DA_PWR-MRC-D+1_20210906100000_20210906103851.csv
2021-09-07T21:00:00Z,1.0,138.0,2021-09-07,MarketResult_SEM-DA_PWR-MRC-D+1_20210906100000_20210906103851.csv
2021-09-07T22:00:00Z,1.0,139.0,2021-09-08,MarketResult_SEM-DA_PWR-MRC-D+1_20210907100000_20210907103846.csv
2021-09-07T23:00:00Z,1.0,138.01,2021-09-08,MarketResult_SEM-DA_PWR-MRC-D+1_20210907100000_20210907103846.csv
2021-09-08T00:00:00Z,1.0,136.03,2021-09-08,MarketResult_SEM-DA_PWR-MRC-D+1_20210907100000_20210907103846.csv
2021-09-08T01:00:00Z,1.0,129.21,2021-09-08,MarketResult_SEM-DA_PWR-MRC-D+1_20210907100000_20210907103846.csv
2021-09-08T02:00:00Z,1.0,127.37,2021-09-08,MarketResult_SEM-DA_PWR-MRC-D+1_20210907100000_20210907103846.csv
2021-09-08T03:00:00Z,1.0,129.0,2021-09-08,MarketResult_SEM-DA_PWR-MRC-D+1_20210907100000_20210907103846.csv
2021-09-08T04:00:00Z,1.0,138.09,2021-09-08,MarketResult_SEM-DA_PWR-MRC-D+1_20210907100000_20210907103846.csv
2021-09-08T05:00:00Z,1.0,148.34,2021-09-08,MarketResult_SEM-DA_PWR-MRC-D+1_20210907100000_20210907103846.csv
2021-09-08T06:00:00Z,1.0,174.05,2021-09-08,MarketResult_SEM-DA_PWR-MRC-D+1_20210907100000_20210907103846.csv
2021-09-08T07:00:00Z,1.0,194.52,2021-09-08,MarketResult_SEM-DA_PWR-MRC-D+1_20210907100000_20210907103846.csv
2021-09-08T08:00:00Z,1.0,194.53,2021-09-08,MarketResult_SEM-DA_PWR-MRC-D+1_20210907100000_20210907103846.csv
2021-09-08T09:00:00Z,1.0,184.0,2021-09-08,MarketResult_SEM-DA_PWR-MRC-D+1_20210907100000_20210907103846.csv
2021-09-08T10:00:00Z,1.0,183.65,2021-09-08,MarketResult_SEM-DA_PWR-MRC-D+1_20210907100000_20210907103846.csv
2021-09-08T11:00:00Z,1.0,173.76,2021-09-08,MarketResult_SEM-DA_PWR-MRC-D+1_20210907100000_20210907103846.csv
2021-09-08T12:00:00Z,1.0,171.0,2021-09-08,MarketResult_SEM-DA_PWR-MRC-D+1_20210907100000_20210907103846.csv
2021-09-08T13:00:00Z,1.0,164.18,2021-09-08,MarketResult_SEM-DA_PWR-MRC-D+1_20210907100000_20210907103846.csv
2021-09-08T14:00:00Z,1.0,173.76,2021-09-08,MarketResult_SEM-DA_PWR-MRC-D+1_20210907100000_20210907103846.csv
2021-09-08T15:00:00Z,1.0,190.96,2021-09-08,MarketResult_SEM-DA_PWR-MRC-D+1_20210907100000_20210907103846.csv
2021-09-08T16:00:00Z,1.0,221.36,2021-09-08,MarketResult_SEM-DA_PWR-MRC-D+1_20210907100000_20210907103846.csv
2021-09-08T17:00:00Z,1.0,239.25,2021-09-08,MarketResult_SEM-DA_PWR-MRC-D+1_20210907100000_20210907103846.csv
2021-09-08T18:00:00Z,1.0,236.58,2021-09-08,MarketResult_SEM-DA_PWR-MRC-D+1_20210907100000_20210907103846.csv
2021-09-08T19:00:00Z,1.0,235.62,2021-09-08,MarketResult_SEM-DA_PWR-MRC-D+1_20210907100000_20210907103846.csv
2021-09-08T20:00:00Z,1.0,196.0,2021-09-08,MarketResult_SEM-DA_PWR-MRC-D+1_20210907100000_20210907103846.csv
2021-09-08T21:00:00Z,1.0,162.0,2021-09-08,MarketResult_SEM-DA_PWR-MRC-D+1_20210907100000_20210907103846.csv
2021-09-08T22:00:00Z,1.0,153.0,2021-09-09,MarketResult_SEM-DA_PWR-MRC-D+1_20210908100000_20210908103842.csv
2021-09-08T23:00:00Z,1.0,149.25,2021-09-09,MarketResult_SEM-DA_PWR-MRC-D+1_20210908100000_20210908103842.csv
2021-09-09T00:00:00Z,1.0,142.76,2021-09-09,MarketResult_SEM-DA_PWR-MRC-D+1_20210908100000_20210908103842.csv
2021-09-09T01:00:00Z,1.0,141.48,2021-09-09,MarketResult_SEM-DA_PWR-MRC-D+1_20210908100000_20210908103842.csv
2021-09-09T02:00:00Z,1.0,139.37,2021-09-09,MarketResult_SEM-DA_PWR-MRC-D+1_20210908100000_20210908103842.csv
2021-09-09T03:00:00Z,1.0,139.37,2021-09-09,MarketResult_SEM-DA_PWR-MRC-D+1_20210908100000_20210908103842.csv
2021-09-09T04:00:00Z,1.0,145.01,2021-09-09,MarketResult_SEM-DA_PWR-MRC-D+1_20210908100000_20210908103842.csv
2021-09-09T05:00:00Z,1.0,160.0,2021-09-09,MarketResult_SEM-DA_PWR-MRC-D+1_20210908100000_20210908103842.csv
2021-09-09T06:00:00Z,1.0,225.97,2021-09-09,MarketResult_SEM-DA_PWR-MRC-D+1_20210908100000_20210908103842.csv
2021-09-09T07:00:00Z,1.0,347.93,2021-09-09,MarketResult_SEM-DA_PWR-MRC-D+1_20210908100000_20210908103842.csv
2021-09-09T08:00:00Z,1.0,366.3,2021-09-09,MarketResult_SEM-DA_PWR-MRC-D+1_20210908100000_20210908103842.csv
2021-09-09T09:00:00Z,1.0,323.3,2021-09-09,MarketResult_SEM-DA_PWR-MRC-D+1_20210908100000_20210908103842.csv
2021-09-09T10:00:00Z,1.0,333.06,2021-09-09,MarketResult_SEM-DA_PWR-MRC-D+1_20210908100000_20210908103842.csv
2021-09-09T11:00:00Z,1.0,333.06,2021-09-09,MarketResult_SEM-DA_PWR-MRC-D+1_20210908100000_20210908103842.csv
2021-09-09T12:00:00Z,1.0,298.15,2021-09-09,MarketResult_SEM-DA_PWR-MRC-D+1_20210908100000_20210908103842.csv
2021-09-09T13:00:00Z,1.0,267.5,2021-09-09,MarketResult_SEM-DA_PWR-MRC-D+1_20210908100000_20210908103842.csv
2021-09-09T14:00:00Z,1.0,266.0,2021-09-09,MarketResult_SEM-DA_PWR-MRC-D+1_20210908100000_20210908103842.csv
2021-09-09T15:00:00Z,1.0,390.0,2021-09-09,MarketResult_SEM-DA_PWR-MRC-D+1_20210908100000_20210908103842.csv
2021-09-09T16:00:00Z,1.0,464.9,2021-09-09,MarketResult_SEM-DA_PWR-MRC-D+1_20210908100000_20210908103842.csv
2021-09-09T17:00:00Z,1.0,456.5,2021-09-09,MarketResult_SEM-DA_PWR-MRC-D+1_20210908100000_20210908103842.csv
2021-09-09T18:00:00Z,1.0,446.5,2021-09-09,MarketResult_SEM-DA_PWR-MRC-D+1_20210908100000_20210908103842.csv
2021-09-09T19:00:00Z,1.0,421.33,2021-09-09,MarketResult_SEM-DA_PWR-MRC-D+1_20210908100000_20210908103842.csv
2021-09-09T20:00:00Z,1.0,248.8,2021-09-09,MarketResult_SEM-DA_PWR-MRC-D+1_20210908100000_20210908103842.csv
2021-09-09T21:00:00Z,1.0,173.56,2021-09-09,MarketResult_SEM-DA_PWR-MRC-D+1_20210908100000_20210908103842.csv
2021-09-09T22:00:00Z,1.0,160.0,2021-09-10,MarketResult_SEM-DA_PWR-MRC-D+1_20210909100000_20210909103841.csv
2021-09-09T23:00:00Z,1.0,153.0,2021-09-10,MarketResult_SEM-DA_PWR-MRC-D+1_20210909100000_20210909103841.csv
2021-09-10T00:00:00Z,1.0,148.49,2021-09-10,MarketResult_SEM-DA_PWR-MRC-D+1_20210909100000_20210909103841.csv
2021-09-10T01:00:00Z,1.0,142.44,2021-09-10,MarketResult_SEM-DA_PWR-MRC-D+1_20210909100000_20210909103841.csv
2021-09-10T02:00:00Z,1.0,142.44,2021-09-10,MarketResult_SEM-DA_PWR-MRC-D+1_20210909100000_20210909103841.csv
2021-09-10T03:00:00Z,1.0,138.54,2021-09-10,MarketResult_SEM-DA_PWR-MRC-D+1_20210909100000_20210909103841.csv
2021-09-10T04:00:00Z,1.0,144.63,2021-09-10,MarketResult_SEM-DA_PWR-MRC-D+1_20210909100000_20210909103841.csv
2021-09-10T05:00:00Z,1.0,157.2,2021-09-10,MarketResult_SEM-DA_PWR-MRC-D+1_20210909100000_20210909103841.csv
2021-09-10T06:00:00Z,1.0,234.74,2021-09-10,MarketResult_SEM-DA_PWR-MRC-D+1_20210909100000_20210909103841.csv
2021-09-10T07:00:00Z,1.0,275.0,2021-09-10,MarketResult_SEM-DA_PWR-MRC-D+1_20210909100000_20210909103841.csv
2021-09-10T08:00:00Z,1.0,275.0,2021-09-10,MarketResult_SEM-DA_PWR-MRC-D+1_20210909100000_20210909103841.csv
2021-09-10T09:00:00Z,1.0,269.12,2021-09-10,MarketResult_SEM-DA_PWR-MRC-D+1_20210909100000_20210909103841.csv
2021-09-10T10:00:00Z,1.0,269.44,2021-09-10,MarketResult_SEM-DA_PWR-MRC-D+1_20210909100000_20210909103841.csv
2021-09-10T11:00:00Z,1.0,264.78,2021-09-10,MarketResult_SEM-DA_PWR-MRC-D+1_20210909100000_20210909103841.csv
2021-09-10T12:00:00Z,1.0,245.38,2021-09-10,MarketResult_SEM-DA_PWR-MRC-D+1_20210909100000_20210909103841.csv
2021-09-10T13:00:00Z,1.0,210.94,2021-09-10,MarketResult_SEM-DA_PWR-MRC-D+1_20210909100000_20210909103841.csv
2021-09-10T14:00:00Z,1.0,210.87,2021-09-10,MarketResult_SEM-DA_PWR-MRC-D+1_20210909100000_20210909103841.csv
2021-09-10T15:00:00Z,1.0,243.74,2021-09-10,MarketResult_SEM-DA_PWR-MRC-D+1_20210909100000_20210909103841.csv
2021-09-10T16:00:00Z,1.0,262.0,2021-09-10,MarketResult_SEM-DA_PWR-MRC-D+1_20210909100000_20210909103841.csv
2021-09-10T17:00:00Z,1.0,269.12,2021-09-10,MarketResult_SEM-DA_PWR-MRC-D+1_20210909100000_20210909103841.csv
2021-09-10T18:00:00Z,1.0,264.19,2021-09-10,MarketResult_SEM-DA_PWR-MRC-D+1_20210909100000_20210909103841.csv
2021-09-10T19:00:00Z,1.0,263.0,2021-09-10,MarketResult_SEM-DA_PWR-MRC-D+1_20210909100000_20210909103841.csv
2021-09-10T20:00:00Z,1.0,204.09,2021-09-10,MarketResult_SEM-DA_PWR-MRC-D+1_20210909100000_20210909103841.csv
2021-09-10T21:00:00Z,1.0,149.78,2021-09-10,MarketResult_SEM-DA_PWR-MRC-D+1_20210909100000_20210909103841.csv
2021-09-10T22:00:00Z,1.0,158.18,2021-09-11,MarketResult_SEM-DA_PWR-MRC-D+1_20210910100000_20210910103846.csv
2021-09-10T23:00:00Z,1.0,159.18,2021-09-11,MarketResult_SEM-DA_PWR-MRC-D+1_20210910100000_20210910103846.csv
2021-09-11T00:00:00Z,1.0,150.0,2021-09-11,MarketResult_SEM-DA_PWR-MRC-D+1_20210910100000_20210910103846.csv
2021-09-11T01:00:00Z,1.0,146.0,2021-09-11,MarketResult_SEM-DA_PWR-MRC-D+1_20210910100000_20210910103846.csv
2021-09-11T02:00:00Z,1.0,134.39,2021-09-11,MarketResult_SEM-DA_PWR-MRC-D+1_20210910100000_20210910103846.csv
2021-09-11T03:00:00Z,1.0,134.39,2021-09-11,MarketResult_SEM-DA_PWR-MRC-D+1_20210910100000_20210910103846.csv
2021-09-11T04:00:00Z,1.0,139.45,2021-09-11,MarketResult_SEM-DA_PWR-MRC-D+1_20210910100000_20210910103846.csv
2021-09-11T05:00:00Z,1.0,144.76,2021-09-11,MarketResult_SEM-DA_PWR-MRC-D+1_20210910100000_20210910103846.csv
2021-09-11T06:00:00Z,1.0,159.37,2021-09-11,MarketResult_SEM-DA_PWR-MRC-D+1_20210910100000_20210910103846.csv
2021-09-11T07:00:00Z,1.0,187.5,2021-09-11,MarketResult_SEM-DA_PWR-MRC-D+1_20210910100000_20210910103846.csv
2021-09-11T08:00:00Z,1.0,199.13,2021-09-11,MarketResult_SEM-DA_PWR-MRC-D+1_20210910100000_20210910103846.csv
2021-09-11T09:00:00Z,1.0,199.87,2021-09-11,MarketResult_SEM-DA_PWR-MRC-D+1_20210910100000_20210910103846.csv
2021-09-11T10:00:00Z,1.0,200.0,2021-09-11,MarketResult_SEM-DA_PWR-MRC-D+1_20210910100000_20210910103846.csv
2021-09-11T11:00:00Z,1.0,199.28,2021-09-11,MarketResult_SEM-DA_PWR-MRC-D+1_20210910100000_20210910103846.csv
2021-09-11T12:00:00Z,1.0,190.45,2021-09-11,MarketResult_SEM-DA_PWR-MRC-D+1_20210910100000_20210910103846.csv
2021-09-11T13:00:00Z,1.0,168.7,2021-09-11,MarketResult_SEM-DA_PWR-MRC-D+1_20210910100000_20210910103846.csv
2021-09-11T14:00:00Z,1.0,167.16,2021-09-11,MarketResult_SEM-DA_PWR-MRC-D+1_20210910100000_20210910103846.csv
2021-09-11T15:00:00Z,1.0,182.55,2021-09-11,MarketResult_SEM-DA_PWR-MRC-D+1_20210910100000_20210910103846.csv
2021-09-11T16:00:00Z,1.0,215.68,2021-09-11,MarketResult_SEM-DA_PWR-MRC-D+1_20210910100000_20210910103846.csv
2021-09-11T17:00:00Z,1.0,242.0,2021-09-11,MarketResult_SEM-DA_PWR-MRC-D+1_20210910100000_20210910103846.csv
2021-09-11T18:00:00Z,1.0,221.17,2021-09-11,MarketResult_SEM-DA_PWR-MRC-D+1_20210910100000_20210910103846.csv
2021-09-11T19:00:00Z,1.0,215.47,2021-09-11,MarketResult_SEM-DA_PWR-MRC-D+1_20210910100000_20210910103846.csv
2021-09-11T20:00:00Z,1.0,193.69,2021-09-11,MarketResult_SEM-DA_PWR-MRC-D+1_20210910100000_20210910103846.csv
2021-09-11T21:00:00Z,1.0,156.59,2021-09-11,MarketResult_SEM-DA_PWR-MRC-D+1_20210910100000_20210910103846.csv
2021-09-11T22:00:00Z,1.0,170.68,2021-09-12,MarketResult_SEM-DA_PWR-MRC-D+1_20210911100000_20210911103851.csv
2021-09-11T23:00:00Z,1.0,163.51,2021-09-12,MarketResult_SEM-DA_PWR-MRC-D+1_20210911100000_20210911103851.csv
2021-09-12T00:00:00Z,1.0,161.09,2021-09-12,MarketResult_SEM-DA_PWR-MRC-D+1_20210911100000_20210911103851.csv
2021-09-12T01:00:00Z,1.0,155.39,2021-09-12,MarketResult_SEM-DA_PWR-MRC-D+1_20210911100000_20210911103851.csv
2021-09-12T02:00:00Z,1.0,153.0,2021-09-12,MarketResult_SEM-DA_PWR-MRC-D+1_20210911100000_20210911103851.csv
2021-09-12T03:00:00Z,1.0,152.74,2021-09-12,MarketResult_SEM-DA_PWR-MRC-D+1_20210911100000_20210911103851.csv
2021-09-12T04:00:00Z,1.0,152.74,2021-09-12,MarketResult_SEM-DA_PWR-MRC-D+1_20210911100000_20210911103851.csv
2021-09-12T05:00:00Z,1.0,153.0,2021-09-12,MarketResult_SEM-DA_PWR-MRC-D+1_20210911100000_20210911103851.csv
2021-09-12T06:00:00Z,1.0,154.65,2021-09-12,MarketResult_SEM-DA_PWR-MRC-D+1_20210911100000_20210911103851.csv
2021-09-12T07:00:00Z,1.0,166.84,2021-09-12,MarketResult_SEM-DA_PWR-MRC-D+1_20210911100000_20210911103851.csv
2021-09-12T08:00:00Z,1.0,184.31,2021-09-12,MarketResult_SEM-DA_PWR-MRC-D+1_20210911100000_20210911103851.csv
2021-09-12T09:00:00Z,1.0,186.31,2021-09-12,MarketResult_SEM-DA_PWR-MRC-D+1_20210911100000_20210911103851.csv
2021-09-12T10:00:00Z,1.0,194.38,2021-09-12,MarketResult_SEM-DA_PWR-MRC-D+1_20210911100000_20210911103851.csv
2021-09-12T11:00:00Z,1.0,199.0,2021-09-12,MarketResult_SEM-DA_PWR-MRC-D+1_20210911100000_20210911103851.csv
2021-09-12T12:00:00Z,1.0,198.06,2021-09-12,MarketResult_SEM-DA_PWR-MRC-D+1_20210911100000_20210911103851.csv
2021-09-12T13:00:00Z,1.0,172.48,2021-09-12,MarketResult_SEM-DA_PWR-MRC-D+1_20210911100000_20210911103851.csv
2021-09-12T14:00:00Z,1.0,179.14,2021-09-12,MarketResult_SEM-DA_PWR-MRC-D+1_20210911100000_20210911103851.csv
2021-09-12T15:00:00Z,1.0,221.0,2021-09-12,MarketResult_SEM-DA_PWR-MRC-D+1_20210911100000_20210911103851.csv
2021-09-12T16:00:00Z,1.0,309.68,2021-09-12,MarketResult_SEM-DA_PWR-MRC-D+1_20210911100000_20210911103851.csv
2021-09-12T17:00:00Z,1.0,307.0,2021-09-12,MarketResult_SEM-DA_PWR-MRC-D+1_20210911100000_20210911103851.csv
2021-09-12T18:00:00Z,1.0,300.53,2021-09-12,MarketResult_SEM-DA_PWR-MRC-D+1_20210911100000_20210911103851.csv
2021-09-12T19:00:00Z,1.0,251.0,2021-09-12,MarketResult_SEM-DA_PWR-MRC-D+1_20210911100000_20210911103851.csv
2021-09-12T20:00:00Z,1.0,182.84,2021-09-12,MarketResult_SEM-DA_PWR-MRC-D+1_20210911100000_20210911103851.csv
2021-09-12T21:00:00Z,1.0,147.23,2021-09-12,MarketResult_SEM-DA_PWR-MRC-D+1_20210911100000_20210911103851.csv
2021-09-12T22:00:00Z,1.0,158.89,2021-09-13,MarketResult_SEM-DA_PWR-MRC-D+1_20210912100000_20210912103836.csv
2021-09-12T23:00:00Z,1.0,149.0,2021-09-13,MarketResult_SEM-DA_PWR-MRC-D+1_20210912100000_20210912103836.csv
2021-09-13T00:00:00Z,1.0,141.42,2021-09-13,MarketResult_SEM-DA_PWR-MRC-D+1_20210912100000_20210912103836.csv
2021-09-13T01:00:00Z,1.0,134.69,2021-09-13,MarketResult_SEM-DA_PWR-MRC-D+1_20210912100000_20210912103836.csv
2021-09-13T02:00:00Z,1.0,128.29,2021-09-13,MarketResult_SEM-DA_PWR-MRC-D+1_20210912100000_20210912103836.csv
2021-09-13T03:00:00Z,1.0,130.69,2021-09-13,MarketResult_SEM-DA_PWR-MRC-D+1_20210912100000_20210912103836.csv
2021-09-13T04:00:00Z,1.0,146.57,2021-09-13,MarketResult_SEM-DA_PWR-MRC-D+1_20210912100000_20210912103836.csv
2021-09-13T05:00:00Z,1.0,162.08,2021-09-13,MarketResult_SEM-DA_PWR-MRC-D+1_20210912100000_20210912103836.csv
2021-09-13T06:00:00Z,1.0,198.0,2021-09-13,MarketResult_SEM-DA_PWR-MRC-D+1_20210912100000_20210912103836.csv
2021-09-13T07:00:00Z,1.0,279.6,2021-09-13,MarketResult_SEM-DA_PWR-MRC-D+1_20210912100000_20210912103836.csv
2021-09-13T08:00:00Z,1.0,290.48,2021-09-13,MarketResult_SEM-DA_PWR-MRC-D+1_20210912100000_20210912103836.csv
2021-09-13T09:00:00Z,1.0,237.78,2021-09-13,MarketResult_SEM-DA_PWR-MRC-D+1_20210912100000_20210912103836.csv
2021-09-13T10:00:00Z,1.0,234.76,2021-09-13,MarketResult_SEM-DA_PWR-MRC-D+1_20210912100000_20210912103836.csv
2021-09-13T11:00:00Z,1.0,240.0,2021-09-13,MarketResult_SEM-DA_PWR-MRC-D+1_20210912100000_20210912103836.csv
2021-09-13T12:00:00Z,1.0,223.8,2021-09-13,MarketResult_SEM-DA_PWR-MRC-D+1_20210912100000_20210912103836.csv
2021-09-13T13:00:00Z,1.0,202.47,2021-09-13,MarketResult_SEM-DA_PWR-MRC-D+1_20210912100000_20210912103836.csv
2021-09-13T14:00:00Z,1.0,212.14,2021-09-13,MarketResult_SEM-DA_PWR-MRC-D+1_20210912100000_20210912103836.csv
2021-09-13T15:00:00Z,1.0,287.53,2021-09-13,MarketResult_SEM-DA_PWR-MRC-D+1_20210912100000_20210912103836.csv
2021-09-13T16:00:00Z,1.0,420.0,2021-09-13,MarketResult_SEM-DA_PWR-MRC-D+1_20210912100000_20210912103836.csv
2021-09-13T17:00:00Z,1.0,440.0,2021-09-13,MarketResult_SEM-DA_PWR-MRC-D+1_20210912100000_20210912103836.csv
2021-09-13T18:00:00Z,1.0,385.98,2021-09-13,MarketResult_SEM-DA_PWR-MRC-D+1_20210912100000_20210912103836.csv
2021-09-13T19:00:00Z,1.0,267.97,2021-09-13,MarketResult_SEM-DA_PWR-MRC-D+1_20210912100000_20210912103836.csv
2021-09-13T20:00:00Z,1.0,186.77,2021-09-13,MarketResult_SEM-DA_PWR-MRC-D+1_20210912100000_20210912103836.csv
2021-09-13T21:00:00Z,1.0,154.32,2021-09-13,MarketResult_SEM-DA_PWR-MRC-D+1_20210912100000_20210912103836.csv
2021-09-13T22:00:00Z,1.0,153.0,2021-09-14,MarketResult_SEM-DA_PWR-MRC-D+1_20210913100000_20210913110555.csv
2021-09-13T23:00:00Z,1.0,150.0,2021-09-14,MarketResult_SEM-DA_PWR-MRC-D+1_20210913100000_20210913110555.csv
2021-09-14T00:00:00Z,1.0,150.0,2021-09-14,MarketResult_SEM-DA_PWR-MRC-D+1_20210913100000_20210913110555.csv
2021-09-14T01:00:00Z,1.0,145.72,2021-09-14,MarketResult_SEM-DA_PWR-MRC-D+1_20210913100000_20210913110555.csv
2021-09-14T02:00:00Z,1.0,145.72,2021-09-14,MarketResult_SEM-DA_PWR-MRC-D+1_20210913100000_20210913110555.csv
2021-09-14T03:00:00Z,1.0,150.0,2021-09-14,MarketResult_SEM-DA_PWR-MRC-D+1_20210913100000_20210913110555.csv
2021-09-14T04:00:00Z,1.0,156.42,2021-09-14,MarketResult_SEM-DA_PWR-MRC-D+1_20210913100000_20210913110555.csv
2021-09-14T05:00:00Z,1.0,171.0,2021-09-14,MarketResult_SEM-DA_PWR-MRC-D+1_20210913100000_20210913110555.csv
2021-09-14T06:00:00Z,1.0,275.0,2021-09-14,MarketResult_SEM-DA_PWR-MRC-D+1_20210913100000_20210913110555.csv
2021-09-14T07:00:00Z,1.0,350.27,2021-09-14,MarketResult_SEM-DA_PWR-MRC-D+1_20210913100000_20210913110555.csv
2021-09-14T08:00:00Z,1.0,334.8,2021-09-14,MarketResult_SEM-DA_PWR-MRC-D+1_20210913100000_20210913110555.csv
2021-09-14T09:00:00Z,1.0,355.13,2021-09-14,MarketResult_SEM-DA_PWR-MRC-D+1_20210913100000_20210913110555.csv
2021-09-14T10:00:00Z,1.0,350.27,2021-09-14,MarketResult_SEM-DA_PWR-MRC-D+1_20210913100000_20210913110555.csv
2021-09-14T11:00:00Z,1.0,351.78,2021-09-14,MarketResult_SEM-DA_PWR-MRC-D+1_20210913100000_20210913110555.csv
2021-09-14T12:00:00Z,1.0,313.2,2021-09-14,MarketResult_SEM-DA_PWR-MRC-D+1_20210913100000_20210913110555.csv
2021-09-14T13:00:00Z,1.0,286.44,2021-09-14,MarketResult_SEM-DA_PWR-MRC-D+1_20210913100000_20210913110555.csv
2021-09-14T14:00:00Z,1.0,296.2,2021-09-14,MarketResult_SEM-DA_PWR-MRC-D+1_20210913100000_20210913110555.csv
2021-09-14T15:00:00Z,1.0,363.2,2021-09-14,MarketResult_SEM-DA_PWR-MRC-D+1_20210913100000_20210913110555.csv
2021-09-14T16:00:00Z,1.0,401.85,2021-09-14,MarketResult_SEM-DA_PWR-MRC-D+1_20210913100000_20210913110555.csv
2021-09-14T17:00:00Z,1.0,419.0,2021-09-14,MarketResult_SEM-DA_PWR-MRC-D+1_20210913100000_20210913110555.csv
2021-09-14T18:00:00Z,1.0,375.0,2021-09-14,MarketResult_SEM-DA_PWR-MRC-D+1_20210913100000_20210913110555.csv
2021-09-14T19:00:00Z,1.0,350.0,2021-09-14,MarketResult_SEM-DA_PWR-MRC-D+1_20210913100000_20210913110555.csv
2021-09-14T20:00:00Z,1.0,281.62,2021-09-14,MarketResult_SEM-DA_PWR-MRC-D+1_20210913100000_20210913110555.csv
2021-09-14T21:00:00Z,1.0,199.94,2021-09-14,MarketResult_SEM-DA_PWR-MRC-D+1_20210913100000_20210913110555.csv
2021-09-14T22:00:00Z,1.0,166.4,2021-09-15,MarketResult_SEM-DA_PWR-MRC-D+1_20210914100000_20210914103857.csv
2021-09-14T23:00:00Z,1.0,159.18,2021-09-15,MarketResult_SEM-DA_PWR-MRC-D+1_20210914100000_20210914103857.csv
2021-09-15T00:00:00Z,1.0,156.88,2021-09-15,MarketResult_SEM-DA_PWR-MRC-D+1_20210914100000_20210914103857.csv
2021-09-15T01:00:00Z,1.0,150.0,2021-09-15,MarketResult_SEM-DA_PWR-MRC-D+1_20210914100000_20210914103857.csv
2021-09-15T02:00:00Z,1.0,150.0,2021-09-15,MarketResult_SEM-DA_PWR-MRC-D+1_20210914100000_20210914103857.csv
2021-09-15T03:00:00Z,1.0,150.0,2021-09-15,MarketResult_SEM-DA_PWR-MRC-D+1_20210914100000_20210914103857.csv
2021-09-15T04:00:00Z,1.0,159.71,2021-09-15,MarketResult_SEM-DA_PWR-MRC-D+1_20210914100000_20210914103857.csv
2021-09-15T05:00:00Z,1.0,173.34,2021-09-15,MarketResult_SEM-DA_PWR-MRC-D+1_20210914100000_20210914103857.csv
2021-09-15T06:00:00Z,1.0,245.82,2021-09-15,MarketResult_SEM-DA_PWR-MRC-D+1_20210914100000_20210914103857.csv
2021-09-15T07:00:00Z,1.0,352.6,2021-09-15,MarketResult_SEM-DA_PWR-MRC-D+1_20210914100000_20210914103857.csv
2021-09-15T08:00:00Z,1.0,343.62,2021-09-15,MarketResult_SEM-DA_PWR-MRC-D+1_20210914100000_20210914103857.csv
2021-09-15T09:00:00Z,1.0,308.7,2021-09-15,MarketResult_SEM-DA_PWR-MRC-D+1_20210914100000_20210914103857.csv
2021-09-15T10:00:00Z,1.0,279.0,2021-09-15,MarketResult_SEM-DA_PWR-MRC-D+1_20210914100000_20210914103857.csv
2021-09-15T11:00:00Z,1.0,264.67,2021-09-15,MarketResult_SEM-DA_PWR-MRC-D+1_20210914100000_20210914103857.csv
2021-09-15T12:00:00Z,1.0,264.73,2021-09-15,MarketResult_SEM-DA_PWR-MRC-D+1_20210914100000_20210914103857.csv
2021-09-15T13:00:00Z,1.0,245.82,2021-09-15,MarketResult_SEM-DA_PWR-MRC-D+1_20210914100000_20210914103857.csv
2021-09-15T14:00:00Z,1.0,264.67,2021-09-15,MarketResult_SEM-DA_PWR-MRC-D+1_20210914100000_20210914103857.csv
2021-09-15T15:00:00Z,1.0,327.45,2021-09-15,MarketResult_SEM-DA_PWR-MRC-D+1_20210914100000_20210914103857.csv
2021-09-15T16:00:00Z,1.0,368.15,2021-09-15,MarketResult_SEM-DA_PWR-MRC-D+1_20210914100000_20210914103857.csv
2021-09-15T17:00:00Z,1.0,374.97,2021-09-15,MarketResult_SEM-DA_PWR-MRC-D+1_20210914100000_20210914103857.csv
2021-09-15T18:00:00Z,1.0,354.83,2021-09-15,MarketResult_SEM-DA_PWR-MRC-D+1_20210914100000_20210914103857.csv
2021-09-15T19:00:00Z,1.0,325.39,2021-09-15,MarketResult_SEM-DA_PWR-MRC-D+1_20210914100000_20210914103857.csv
2021-09-15T20:00:00Z,1.0,300.0,2021-09-15,MarketResult_SEM-DA_PWR-MRC-D+1_20210914100000_20210914103857.csv
2021-09-15T21:00:00Z,1.0,212.11,2021-09-15,MarketResult_SEM-DA_PWR-MRC-D+1_20210914100000_20210914103857.csv
2021-09-15T22:00:00Z,1.0,181.99,2021-09-16,MarketResult_SEM-DA_PWR-MRC-D+1_20210915100000_20210915103847.csv
2021-09-15T23:00:00Z,1.0,175.14,2021-09-16,MarketResult_SEM-DA_PWR-MRC-D+1_20210915100000_20210915103847.csv
2021-09-16T00:00:00Z,1.0,173.0,2021-09-16,MarketResult_SEM-DA_PWR-MRC-D+1_20210915100000_20210915103847.csv
2021-09-16T01:00:00Z,1.0,170.0,2021-09-16,MarketResult_SEM-DA_PWR-MRC-D+1_20210915100000_20210915103847.csv
2021-09-16T02:00:00Z,1.0,165.2,2021-09-16,MarketResult_SEM-DA_PWR-MRC-D+1_20210915100000_20210915103847.csv
2021-09-16T03:00:00Z,1.0,163.62,2021-09-16,MarketResult_SEM-DA_PWR-MRC-D+1_20210915100000_20210915103847.csv
2021-09-16T04:00:00Z,1.0,165.78,2021-09-16,MarketResult_SEM-DA_PWR-MRC-D+1_20210915100000_20210915103847.csv
2021-09-16T05:00:00Z,1.0,175.9,2021-09-16,MarketResult_SEM-DA_PWR-MRC-D+1_20210915100000_20210915103847.csv
2021-09-16T06:00:00Z,1.0,235.33,2021-09-16,MarketResult_SEM-DA_PWR-MRC-D+1_20210915100000_20210915103847.csv
2021-09-16T07:00:00Z,1.0,264.15,2021-09-16,MarketResult_SEM-DA_PWR-MRC-D+1_20210915100000_20210915103847.csv
2021-09-16T08:00:00Z,1.0,250.0,2021-09-16,MarketResult_SEM-DA_PWR-MRC-D+1_20210915100000_20210915103847.csv
2021-09-16T09:00:00Z,1.0,249.81,2021-09-16,MarketResult_SEM-DA_PWR-MRC-D+1_20210915100000_20210915103847.csv
2021-09-16T10:00:00Z,1.0,227.97,2021-09-16,MarketResult_SEM-DA_PWR-MRC-D+1_20210915100000_20210915103847.csv
2021-09-16T11:00:00Z,1.0,221.0,2021-09-16,MarketResult_SEM-DA_PWR-MRC-D+1_20210915100000_20210915103847.csv
2021-09-16T12:00:00Z,1.0,200.54,2021-09-16,MarketResult_SEM-DA_PWR-MRC-D+1_20210915100000_20210915103847.csv
2021-09-16T13:00:00Z,1.0,183.9,2021-09-16,MarketResult_SEM-DA_PWR-MRC-D+1_20210915100000_20210915103847.csv
2021-09-16T14:00:00Z,1.0,175.31,2021-09-16,MarketResult_SEM-DA_PWR-MRC-D+1_20210915100000_20210915103847.csv
2021-09-16T15:00:00Z,1.0,186.82,2021-09-16,MarketResult_SEM-DA_PWR-MRC-D+1_20210915100000_20210915103847.csv
2021-09-16T16:00:00Z,1.0,189.06,2021-09-16,MarketResult_SEM-DA_PWR-MRC-D+1_20210915100000_20210915103847.csv
2021-09-16T17:00:00Z,1.0,186.73,2021-09-16,MarketResult_SEM-DA_PWR-MRC-D+1_20210915100000_20210915103847.csv
2021-09-16T18:00:00Z,1.0,178.41,2021-09-16,MarketResult_SEM-DA_PWR-MRC-D+1_20210915100000_20210915103847.csv
2021-09-16T19:00:00Z,1.0,164.0,2021-09-16,MarketResult_SEM-DA_PWR-MRC-D+1_20210915100000_20210915103847.csv
2021-09-16T20:00:00Z,1.0,152.34,2021-09-16,MarketResult_SEM-DA_PWR-MRC-D+1_20210915100000_20210915103847.csv
2021-09-16T21:00:00Z,1.0,149.8,2021-09-16,MarketResult_SEM-DA_PWR-MRC-D+1_20210915100000_20210915103847.csv
2021-09-16T22:00:00Z,1.0,117.51,2021-09-17,MarketResult_SEM-DA_PWR-MRC-D+1_20210916100000_20210916103852.csv
2021-09-16T23:00:00Z,1.0,111.66,2021-09-17,MarketResult_SEM-DA_PWR-MRC-D+1_20210916100000_20210916103852.csv
2021-09-17T00:00:00Z,1.0,110.64,2021-09-17,MarketResult_SEM-DA_PWR-MRC-D+1_20210916100000_20210916103852.csv
2021-09-17T01:00:00Z,1.0,111.66,2021-09-17,MarketResult_SEM-DA_PWR-MRC-D+1_20210916100000_20210916103852.csv
2021-09-17T02:00:00Z,1.0,119.54,2021-09-17,MarketResult_SEM-DA_PWR-MRC-D+1_20210916100000_20210916103852.csv
2021-09-17T03:00:00Z,1.0,129.0,2021-09-17,MarketResult_SEM-DA_PWR-MRC-D+1_20210916100000_20210916103852.csv
2021-09-17T04:00:00Z,1.0,143.5,2021-09-17,MarketResult_SEM-DA_PWR-MRC-D+1_20210916100000_20210916103852.csv
2021-09-17T05:00:00Z,1.0,171.58,2021-09-17,MarketResult_SEM-DA_PWR-MRC-D+1_20210916100000_20210916103852.csv
2021-09-17T06:00:00Z,1.0,213.2,2021-09-17,MarketResult_SEM-DA_PWR-MRC-D+1_20210916100000_20210916103852.csv
2021-09-17T07:00:00Z,1.0,230.57,2021-09-17,MarketResult_SEM-DA_PWR-MRC-D+1_20210916100000_20210916103852.csv
2021-09-17T08:00:00Z,1.0,225.0,2021-09-17,MarketResult_SEM-DA_PWR-MRC-D+1_20210916100000_20210916103852.csv
2021-09-17T09:00:00Z,1.0,230.57,2021-09-17,MarketResult_SEM-DA_PWR-MRC-D+1_20210916100000_20210916103852.csv
2021-09-17T10:00:00Z,1.0,215.24,2021-09-17,MarketResult_SEM-DA_PWR-MRC-D+1_20210916100000_20210916103852.csv
2021-09-17T11:00:00Z,1.0,212.73,2021-09-17,MarketResult_SEM-DA_PWR-MRC-D+1_20210916100000_20210916103852.csv
2021-09-17T12:00:00Z,1.0,205.7,2021-09-17,MarketResult_SEM-DA_PWR-MRC-D+1_20210916100000_20210916103852.csv
2021-09-17T13:00:00Z,1.0,200.04,2021-09-17,MarketResult_SEM-DA_PWR-MRC-D+1_20210916100000_20210916103852.csv
2021-09-17T14:00:00Z,1.0,200.23,2021-09-17,MarketResult_SEM-DA_PWR-MRC-D+1_20210916100000_20210916103852.csv
2021-09-17T15:00:00Z,1.0,216.1,2021-09-17,MarketResult_SEM-DA_PWR-MRC-D+1_20210916100000_20210916103852.csv
2021-09-17T16:00:00Z,1.0,269.0,2021-09-17,MarketResult_SEM-DA_PWR-MRC-D+1_20210916100000_20210916103852.csv
2021-09-17T17:00:00Z,1.0,300.0,2021-09-17,MarketResult_SEM-DA_PWR-MRC-D+1_20210916100000_20210916103852.csv
2021-09-17T18:00:00Z,1.0,300.0,2021-09-17,MarketResult_SEM-DA_PWR-MRC-D+1_20210916100000_20210916103852.csv
2021-09-17T19:00:00Z,1.0,271.35,2021-09-17,MarketResult_SEM-DA_PWR-MRC-D+1_20210916100000_20210916103852.csv
2021-09-17T20:00:00Z,1.0,214.98,2021-09-17,MarketResult_SEM-DA_PWR-MRC-D+1_20210916100000_20210916103852.csv
2021-09-17T21:00:00Z,1.0,191.82,2021-09-17,MarketResult_SEM-DA_PWR-MRC-D+1_20210916100000_20210916103852.csv
2021-09-17T22:00:00Z,1.0,181.0,2021-09-18,MarketResult_SEM-DA_PWR-MRC-D+1_20210917100000_20210917104342.csv
2021-09-17T23:00:00Z,1.0,167.6,2021-09-18,MarketResult_SEM-DA_PWR-MRC-D+1_20210917100000_20210917104342.csv
2021-09-18T00:00:00Z,1.0,164.0,2021-09-18,MarketResult_SEM-DA_PWR-MRC-D+1_20210917100000_20210917104342.csv
2021-09-18T01:00:00Z,1.0,162.0,2021-09-18,MarketResult_SEM-DA_PWR-MRC-D+1_20210917100000_20210917104342.csv
2021-09-18T02:00:00Z,1.0,161.27,2021-09-18,MarketResult_SEM-DA_PWR-MRC-D+1_20210917100000_20210917104342.csv
2021-09-18T03:00:00Z,1.0,158.0,2021-09-18,MarketResult_SEM-DA_PWR-MRC-D+1_20210917100000_20210917104342.csv
2021-09-18T04:00:00Z,1.0,165.0,2021-09-18,MarketResult_SEM-DA_PWR-MRC-D+1_20210917100000_20210917104342.csv
2021-09-18T05:00:00Z,1.0,171.14,2021-09-18,MarketResult_SEM-DA_PWR-MRC-D+1_20210917100000_20210917104342.csv
2021-09-18T06:00:00Z,1.0,176.52,2021-09-18,MarketResult_SEM-DA_PWR-MRC-D+1_20210917100000_20210917104342.csv
2021-09-18T07:00:00Z,1.0,210.0,2021-09-18,MarketResult_SEM-DA_PWR-MRC-D+1_20210917100000_20210917104342.csv
2021-09-18T08:00:00Z,1.0,236.2,2021-09-18,MarketResult_SEM-DA_PWR-MRC-D+1_20210917100000_20210917104342.csv
2021-09-18T09:00:00Z,1.0,238.26,2021-09-18,MarketResult_SEM-DA_PWR-MRC-D+1_20210917100000_20210917104342.csv
2021-09-18T10:00:00Z,1.0,217.0,2021-09-18,MarketResult_SEM-DA_PWR-MRC-D+1_20210917100000_20210917104342.csv
2021-09-18T11:00:00Z,1.0,205.0,2021-09-18,MarketResult_SEM-DA_PWR-MRC-D+1_20210917100000_20210917104342.csv
2021-09-18T12:00:00Z,1.0,190.0,2021-09-18,MarketResult_SEM-DA_PWR-MRC-D+1_20210917100000_20210917104342.csv
2021-09-18T13:00:00Z,1.0,174.35,2021-09-18,MarketResult_SEM-DA_PWR-MRC-D+1_20210917100000_20210917104342.csv
2021-09-18T14:00:00Z,1.0,173.06,2021-09-18,MarketResult_SEM-DA_PWR-MRC-D+1_20210917100000_20210917104342.csv
2021-09-18T15:00:00Z,1.0,198.38,2021-09-18,MarketResult_SEM-DA_PWR-MRC-D+1_20210917100000_20210917104342.csv
2021-09-18T16:00:00Z,1.0,238.77,2021-09-18,MarketResult_SEM-DA_PWR-MRC-D+1_20210917100000_20210917104342.csv
2021-09-18T17:00:00Z,1.0,250.42,2021-09-18,MarketResult_SEM-DA_PWR-MRC-D+1_20210917100000_20210917104342.csv
2021-09-18T18:00:00Z,1.0,241.22,2021-09-18,MarketResult_SEM-DA_PWR-MRC-D+1_20210917100000_20210917104342.csv
2021-09-18T19:00:00Z,1.0,204.07,2021-09-18,MarketResult_SEM-DA_PWR-MRC-D+1_20210917100000_20210917104342.csv
2021-09-18T20:00:00Z,1.0,163.68,2021-09-18,MarketResult_SEM-DA_PWR-MRC-D+1_20210917100000_20210917104342.csv
2021-09-18T21:00:00Z,1.0,155.06,2021-09-18,MarketResult_SEM-DA_PWR-MRC-D+1_20210917100000_20210917104342.csv
2021-09-18T22:00:00Z,1.0,177.5,2021-09-19,MarketResult_SEM-DA_PWR-MRC-D+1_20210918100000_20210918112320.csv
2021-09-18T23:00:00Z,1.0,163.52,2021-09-19,MarketResult_SEM-DA_PWR-MRC-D+1_20210918100000_20210918112320.csv
2021-09-19T00:00:00Z,1.0,149.99,2021-09-19,MarketResult_SEM-DA_PWR-MRC-D+1_20210918100000_20210918112320.csv
2021-09-19T01:00:00Z,1.0,147.0,2021-09-19,MarketResult_SEM-DA_PWR-MRC-D+1_20210918100000_20210918112320.csv
2021-09-19T02:00:00Z,1.0,147.0,2021-09-19,MarketResult_SEM-DA_PWR-MRC-D+1_20210918100000_20210918112320.csv
2021-09-19T03:00:00Z,1.0,147.0,2021-09-19,MarketResult_SEM-DA_PWR-MRC-D+1_20210918100000_20210918112320.csv
2021-09-19T04:00:00Z,1.0,146.62,2021-09-19,MarketResult_SEM-DA_PWR-MRC-D+1_20210918100000_20210918112320.csv
2021-09-19T05:00:00Z,1.0,152.21,2021-09-19,MarketResult_SEM-DA_PWR-MRC-D+1_20210918100000_20210918112320.csv
2021-09-19T06:00:00Z,1.0,158.0,2021-09-19,MarketResult_SEM-DA_PWR-MRC-D+1_20210918100000_20210918112320.csv
2021-09-19T07:00:00Z,1.0,167.0,2021-09-19,MarketResult_SEM-DA_PWR-MRC-D+1_20210918100000_20210918112320.csv
2021-09-19T08:00:00Z,1.0,182.57,2021-09-19,MarketResult_SEM-DA_PWR-MRC-D+1_20210918100000_20210918112320.csv
2021-09-19T09:00:00Z,1.0,200.0,2021-09-19,MarketResult_SEM-DA_PWR-MRC-D+1_20210918100000_20210918112320.csv
2021-09-19T10:00:00Z,1.0,185.77,2021-09-19,MarketResult_SEM-DA_PWR-MRC-D+1_20210918100000_20210918112320.csv
2021-09-19T11:00:00Z,1.0,205.0,2021-09-19,MarketResult_SEM-DA_PWR-MRC-D+1_20210918100000_20210918112320.csv
2021-09-19T12:00:00Z,1.0,180.08,2021-09-19,MarketResult_SEM-DA_PWR-MRC-D+1_20210918100000_20210918112320.csv
2021-09-19T13:00:00Z,1.0,162.91,2021-09-19,MarketResult_SEM-DA_PWR-MRC-D+1_20210918100000_20210918112320.csv
2021-09-19T14:00:00Z,1.0,166.27,2021-09-19,MarketResult_SEM-DA_PWR-MRC-D+1_20210918100000_20210918112320.csv
2021-09-19T15:00:00Z,1.0,186.7,2021-09-19,MarketResult_SEM-DA_PWR-MRC-D+1_20210918100000_20210918112320.csv
2021-09-19T16:00:00Z,1.0,248.7,2021-09-19,MarketResult_SEM-DA_PWR-MRC-D+1_20210918100000_20210918112320.csv
2021-09-19T17:00:00Z,1.0,265.76,2021-09-19,MarketResult_SEM-DA_PWR-MRC-D+1_20210918100000_20210918112320.csv
2021-09-19T18:00:00Z,1.0,277.6,2021-09-19,MarketResult_SEM-DA_PWR-MRC-D+1_20210918100000_20210918112320.csv
2021-09-19T19:00:00Z,1.0,256.0,2021-09-19,MarketResult_SEM-DA_PWR-MRC-D+1_20210918100000_20210918112320.csv
2021-09-19T20:00:00Z,1.0,185.4,2021-09-19,MarketResult_SEM-DA_PWR-MRC-D+1_20210918100000_20210918112320.csv
2021-09-19T21:00:00Z,1.0,163.15,2021-09-19,MarketResult_SEM-DA_PWR-MRC-D+1_20210918100000_20210918112320.csv
2021-09-19T22:00:00Z,1.0,160.22,2021-09-20,MarketResult_SEM-DA_PWR-MRC-D+1_20210919100000_20210919103752.csv
2021-09-19T23:00:00Z,1.0,149.32,2021-09-20,MarketResult_SEM-DA_PWR-MRC-D+1_20210919100000_20210919103752.csv
2021-09-20T00:00:00Z,1.0,145.0,2021-09-20,MarketResult_SEM-DA_PWR-MRC-D+1_20210919100000_20210919103752.csv
2021-09-20T01:00:00Z,1.0,144.0,2021-09-20,MarketResult_SEM-DA_PWR-MRC-D+1_20210919100000_20210919103752.csv
2021-09-20T02:00:00Z,1.0,139.0,2021-09-20,MarketResult_SEM-DA_PWR-MRC-D+1_20210919100000_20210919103752.csv
2021-09-20T03:00:00Z,1.0,143.19,2021-09-20,MarketResult_SEM-DA_PWR-MRC-D+1_20210919100000_20210919103752.csv
2021-09-20T04:00:00Z,1.0,153.74,2021-09-20,MarketResult_SEM-DA_PWR-MRC-D+1_20210919100000_20210919103752.csv
2021-09-20T05:00:00Z,1.0,180.08,2021-09-20,MarketResult_SEM-DA_PWR-MRC-D+1_20210919100000_20210919103752.csv
2021-09-20T06:00:00Z,1.0,255.0,2021-09-20,MarketResult_SEM-DA_PWR-MRC-D+1_20210919100000_20210919103752.csv
2021-09-20T07:00:00Z,1.0,302.1,2021-09-20,MarketResult_SEM-DA_PWR-MRC-D+1_20210919100000_20210919103752.csv
2021-09-20T08:00:00Z,1.0,274.0,2021-09-20,MarketResult_SEM-DA_PWR-MRC-D+1_20210919100000_20210919103752.csv
2021-09-20T09:00:00Z,1.0,235.0,2021-09-20,MarketResult_SEM-DA_PWR-MRC-D+1_20210919100000_20210919103752.csv
2021-09-20T10:00:00Z,1.0,219.57,2021-09-20,MarketResult_SEM-DA_PWR-MRC-D+1_20210919100000_20210919103752.csv
2021-09-20T11:00:00Z,1.0,218.0,2021-09-20,MarketResult_SEM-DA_PWR-MRC-D+1_20210919100000_20210919103752.csv
2021-09-20T12:00:00Z,1.0,200.46,2021-09-20,MarketResult_SEM-DA_PWR-MRC-D+1_20210919100000_20210919103752.csv
2021-09-20T13:00:00Z,1.0,194.0,2021-09-20,MarketResult_SEM-DA_PWR-MRC-D+1_20210919100000_20210919103752.csv
2021-09-20T14:00:00Z,1.0,195.44,2021-09-20,MarketResult_SEM-DA_PWR-MRC-D+1_20210919100000_20210919103752.csv
2021-09-20T15:00:00Z,1.0,258.12,2021-09-20,MarketResult_SEM-DA_PWR-MRC-D+1_20210919100000_20210919103752.csv
2021-09-20T16:00:00Z,1.0,330.46,2021-09-20,MarketResult_SEM-DA_PWR-MRC-D+1_20210919100000_20210919103752.csv
2021-09-20T17:00:00Z,1.0,348.79,2021-09-20,MarketResult_SEM-DA_PWR-MRC-D+1_20210919100000_20210919103752.csv
2021-09-20T18:00:00Z,1.0,349.0,2021-09-20,MarketResult_SEM-DA_PWR-MRC-D+1_20210919100000_20210919103752.csv
2021-09-20T19:00:00Z,1.0,344.22,2021-09-20,MarketResult_SEM-DA_PWR-MRC-D+1_20210919100000_20210919103752.csv
2021-09-20T20:00:00Z,1.0,228.33,2021-09-20,MarketResult_SEM-DA_PWR-MRC-D+1_20210919100000_20210919103752.csv
2021-09-20T21:00:00Z,1.0,170.87,2021-09-20,MarketResult_SEM-DA_PWR-MRC-D+1_20210919100000_20210919103752.csv
2021-09-20T22:00:00Z,1.0,168.0,2021-09-21,MarketResult_SEM-DA_PWR-MRC-D+1_20210920100000_20210920103848.csv
2021-09-20T23:00:00Z,1.0,162.32,2021-09-21,MarketResult_SEM-DA_PWR-MRC-D+1_20210920100000_20210920103848.csv
2021-09-21T00:00:00Z,1.0,156.93,2021-09-21,MarketResult_SEM-DA_PWR-MRC-D+1_20210920100000_20210920103848.csv
2021-09-21T01:00:00Z,1.0,154.02,2021-09-21,MarketResult_SEM-DA_PWR-MRC-D+1_20210920100000_20210920103848.csv
2021-09-21T02:00:00Z,1.0,154.0,2021-09-21,MarketResult_SEM-DA_PWR-MRC-D+1_20210920100000_20210920103848.csv
2021-09-21T03:00:00Z,1.0,157.92,2021-09-21,MarketResult_SEM-DA_PWR-MRC-D+1_20210920100000_20210920103848.csv
2021-09-21T04:00:00Z,1.0,166.58,2021-09-21,MarketResult_SEM-DA_PWR-MRC-D+1_20210920100000_20210920103848.csv
2021-09-21T05:00:00Z,1.0,187.69,2021-09-21,MarketResult_SEM-DA_PWR-MRC-D+1_20210920100000_20210920103848.csv
2021-09-21T06:00:00Z,1.0,265.0,2021-09-21,MarketResult_SEM-DA_PWR-MRC-D+1_20210920100000_20210920103848.csv
2021-09-21T07:00:00Z,1.0,305.29,2021-09-21,MarketResult_SEM-DA_PWR-MRC-D+1_20210920100000_20210920103848.csv
2021-09-21T08:00:00Z,1.0,279.0,2021-09-21,MarketResult_SEM-DA_PWR-MRC-D+1_20210920100000_20210920103848.csv
2021-09-21T09:00:00Z,1.0,237.0,2021-09-21,MarketResult_SEM-DA_PWR-MRC-D+1_20210920100000_20210920103848.csv
2021-09-21T10:00:00Z,1.0,215.0,2021-09-21,MarketResult_SEM-DA_PWR-MRC-D+1_20210920100000_20210920103848.csv
2021-09-21T11:00:00Z,1.0,199.7,2021-09-21,MarketResult_SEM-DA_PWR-MRC-D+1_20210920100000_20210920103848.csv
2021-09-21T12:00:00Z,1.0,180.0,2021-09-21,MarketResult_SEM-DA_PWR-MRC-D+1_20210920100000_20210920103848.csv
2021-09-21T13:00:00Z,1.0,170.58,2021-09-21,MarketResult_SEM-DA_PWR-MRC-D+1_20210920100000_20210920103848.csv
2021-09-21T14:00:00Z,1.0,172.87,2021-09-21,MarketResult_SEM-DA_PWR-MRC-D+1_20210920100000_20210920103848.csv
2021-09-21T15:00:00Z,1.0,180.0,2021-09-21,MarketResult_SEM-DA_PWR-MRC-D+1_20210920100000_20210920103848.csv
2021-09-21T16:00:00Z,1.0,235.2,2021-09-21,MarketResult_SEM-DA_PWR-MRC-D+1_20210920100000_20210920103848.csv
2021-09-21T17:00:00Z,1.0,256.5,2021-09-21,MarketResult_SEM-DA_PWR-MRC-D+1_20210920100000_20210920103848.csv
2021-09-21T18:00:00Z,1.0,249.0,2021-09-21,MarketResult_SEM-DA_PWR-MRC-D+1_20210920100000_20210920103848.csv
2021-09-21T19:00:00Z,1.0,192.43,2021-09-21,MarketResult_SEM-DA_PWR-MRC-D+1_20210920100000_20210920103848.csv
2021-09-21T20:00:00Z,1.0,168.87,2021-09-21,MarketResult_SEM-DA_PWR-MRC-D+1_20210920100000_20210920103848.csv
2021-09-21T21:00:00Z,1.0,156.6,2021-09-21,MarketResult_SEM-DA_PWR-MRC-D+1_20210920100000_20210920103848.csv
2021-09-21T22:00:00Z,1.0,185.0,2021-09-22,MarketResult_SEM-DA_PWR-MRC-D+1_20210921100000_20210921104157.csv
2021-09-21T23:00:00Z,1.0,166.32,2021-09-22,MarketResult_SEM-DA_PWR-MRC-D+1_20210921100000_20210921104157.csv
2021-09-22T00:00:00Z,1.0,152.57,2021-09-22,MarketResult_SEM-DA_PWR-MRC-D+1_20210921100000_20210921104157.csv
2021-09-22T01:00:00Z,1.0,147.28,2021-09-22,MarketResult_SEM-DA_PWR-MRC-D+1_20210921100000_20210921104157.csv
2021-09-22T02:00:00Z,1.0,142.19,2021-09-22,MarketResult_SEM-DA_PWR-MRC-D+1_20210921100000_20210921104157.csv
2021-09-22T03:00:00Z,1.0,142.19,2021-09-22,MarketResult_SEM-DA_PWR-MRC-D+1_20210921100000_20210921104157.csv
2021-09-22T04:00:00Z,1.0,145.0,2021-09-22,MarketResult_SEM-DA_PWR-MRC-D+1_20210921100000_20210921104157.csv
2021-09-22T05:00:00Z,1.0,180.43,2021-09-22,MarketResult_SEM-DA_PWR-MRC-D+1_20210921100000_20210921104157.csv
2021-09-22T06:00:00Z,1.0,199.6,2021-09-22,MarketResult_SEM-DA_PWR-MRC-D+1_20210921100000_20210921104157.csv
2021-09-22T07:00:00Z,1.0,241.7,2021-09-22,MarketResult_SEM-DA_PWR-MRC-D+1_20210921100000_20210921104157.csv
2021-09-22T08:00:00Z,1.0,228.83,2021-09-22,MarketResult_SEM-DA_PWR-MRC-D+1_20210921100000_20210921104157.csv
2021-09-22T09:00:00Z,1.0,200.0,2021-09-22,MarketResult_SEM-DA_PWR-MRC-D+1_20210921100000_20210921104157.csv
2021-09-22T10:00:00Z,1.0,187.0,2021-09-22,MarketResult_SEM-DA_PWR-MRC-D+1_20210921100000_20210921104157.csv
2021-09-22T11:00:00Z,1.0,166.3,2021-09-22,MarketResult_SEM-DA_PWR-MRC-D+1_20210921100000_20210921104157.csv
2021-09-22T12:00:00Z,1.0,157.05,2021-09-22,MarketResult_SEM-DA_PWR-MRC-D+1_20210921100000_20210921104157.csv
2021-09-22T13:00:00Z,1.0,152.05,2021-09-22,MarketResult_SEM-DA_PWR-MRC-D+1_20210921100000_20210921104157.csv
2021-09-22T14:00:00Z,1.0,159.89,2021-09-22,MarketResult_SEM-DA_PWR-MRC-D+1_20210921100000_20210921104157.csv
2021-09-22T15:00:00Z,1.0,179.0,2021-09-22,MarketResult_SEM-DA_PWR-MRC-D+1_20210921100000_20210921104157.csv
2021-09-22T16:00:00Z,1.0,208.25,2021-09-22,MarketResult_SEM-DA_PWR-MRC-D+1_20210921100000_20210921104157.csv
2021-09-22T17:00:00Z,1.0,228.83,2021-09-22,MarketResult_SEM-DA_PWR-MRC-D+1_20210921100000_20210921104157.csv
2021-09-22T18:00:00Z,1.0,235.22,2021-09-22,MarketResult_SEM-DA_PWR-MRC-D+1_20210921100000_20210921104157.csv
2021-09-22T19:00:00Z,1.0,204.11,2021-09-22,MarketResult_SEM-DA_PWR-MRC-D+1_20210921100000_20210921104157.csv
2021-09-22T20:00:00Z,1.0,189.02,2021-09-22,MarketResult_SEM-DA_PWR-MRC-D+1_20210921100000_20210921104157.csv
2021-09-22T21:00:00Z,1.0,173.65,2021-09-22,MarketResult_SEM-DA_PWR-MRC-D+1_20210921100000_20210921104157.csv
2021-09-22T22:00:00Z,1.0,184.0,2021-09-23,MarketResult_SEM-DA_PWR-MRC-D+1_20210922100000_20210922104416.csv
2021-09-22T23:00:00Z,1.0,172.43,2021-09-23,MarketResult_SEM-DA_PWR-MRC-D+1_20210922100000_20210922104416.csv
2021-09-23T00:00:00Z,1.0,137.0,2021-09-23,MarketResult_SEM-DA_PWR-MRC-D+1_20210922100000_20210922104416.csv
2021-09-23T01:00:00Z,1.0,119.71,2021-09-23,MarketResult_SEM-DA_PWR-MRC-D+1_20210922100000_20210922104416.csv
2021-09-23T02:00:00Z,1.0,109.97,2021-09-23,MarketResult_SEM-DA_PWR-MRC-D+1_20210922100000_20210922104416.csv
2021-09-23T03:00:00Z,1.0,118.94,2021-09-23,MarketResult_SEM-DA_PWR-MRC-D+1_20210922100000_20210922104416.csv
2021-09-23T04:00:00Z,1.0,129.19,2021-09-23,MarketResult_SEM-DA_PWR-MRC-D+1_20210922100000_20210922104416.csv
2021-09-23T05:00:00Z,1.0,176.54,2021-09-23,MarketResult_SEM-DA_PWR-MRC-D+1_20210922100000_20210922104416.csv
2021-09-23T06:00:00Z,1.0,186.23,2021-09-23,MarketResult_SEM-DA_PWR-MRC-D+1_20210922100000_20210922104416.csv
2021-09-23T07:00:00Z,1.0,202.9,2021-09-23,MarketResult_SEM-DA_PWR-MRC-D+1_20210922100000_20210922104416.csv
2021-09-23T08:00:00Z,1.0,197.83,2021-09-23,MarketResult_SEM-DA_PWR-MRC-D+1_20210922100000_20210922104416.csv
2021-09-23T09:00:00Z,1.0,194.66,2021-09-23,MarketResult_SEM-DA_PWR-MRC-D+1_20210922100000_20210922104416.csv
2021-09-23T10:00:00Z,1.0,194.66,2021-09-23,MarketResult_SEM-DA_PWR-MRC-D+1_20210922100000_20210922104416.csv
2021-09-23T11:00:00Z,1.0,202.26,2021-09-23,MarketResult_SEM-DA_PWR-MRC-D+1_20210922100000_20210922104416.csv
2021-09-23T12:00:00Z,1.0,202.0,2021-09-23,MarketResult_SEM-DA_PWR-MRC-D+1_20210922100000_20210922104416.csv
2021-09-23T13:00:00Z,1.0,209.0,2021-09-23,MarketResult_SEM-DA_PWR-MRC-D+1_20210922100000_20210922104416.csv
2021-09-23T14:00:00Z,1.0,200.78,2021-09-23,MarketResult_SEM-DA_PWR-MRC-D+1_20210922100000_20210922104416.csv
2021-09-23T15:00:00Z,1.0,223.95,2021-09-23,MarketResult_SEM-DA_PWR-MRC-D+1_20210922100000_20210922104416.csv
2021-09-23T16:00:00Z,1.0,255.0,2021-09-23,MarketResult_SEM-DA_PWR-MRC-D+1_20210922100000_20210922104416.csv
2021-09-23T17:00:00Z,1.0,285.7,2021-09-23,MarketResult_SEM-DA_PWR-MRC-D+1_20210922100000_20210922104416.csv
2021-09-23T18:00:00Z,1.0,321.2,2021-09-23,MarketResult_SEM-DA_PWR-MRC-D+1_20210922100000_20210922104416.csv
2021-09-23T19:00:00Z,1.0,258.04,2021-09-23,MarketResult_SEM-DA_PWR-MRC-D+1_20210922100000_20210922104416.csv
2021-09-23T20:00:00Z,1.0,200.79,2021-09-23,MarketResult_SEM-DA_PWR-MRC-D+1_20210922100000_20210922104416.csv
2021-09-23T21:00:00Z,1.0,178.48,2021-09-23,MarketResult_SEM-DA_PWR-MRC-D+1_20210922100000_20210922104416.csv
2021-09-23T22:00:00Z,1.0,184.0,2021-09-24,MarketResult_SEM-DA_PWR-MRC-D+1_20210923100000_20210923103852.csv
2021-09-23T23:00:00Z,1.0,176.46,2021-09-24,MarketResult_SEM-DA_PWR-MRC-D+1_20210923100000_20210923103852.csv
2021-09-24T00:00:00Z,1.0,157.65,2021-09-24,MarketResult_SEM-DA_PWR-MRC-D+1_20210923100000_20210923103852.csv
2021-09-24T01:00:00Z,1.0,145.0,2021-09-24,MarketResult_SEM-DA_PWR-MRC-D+1_20210923100000_20210923103852.csv
2021-09-24T02:00:00Z,1.0,126.95,2021-09-24,MarketResult_SEM-DA_PWR-MRC-D+1_20210923100000_20210923103852.csv
2021-09-24T03:00:00Z,1.0,126.18,2021-09-24,MarketResult_SEM-DA_PWR-MRC-D+1_20210923100000_20210923103852.csv
2021-09-24T04:00:00Z,1.0,131.0,2021-09-24,MarketResult_SEM-DA_PWR-MRC-D+1_20210923100000_20210923103852.csv
2021-09-24T05:00:00Z,1.0,167.1,2021-09-24,MarketResult_SEM-DA_PWR-MRC-D+1_20210923100000_20210923103852.csv
2021-09-24T06:00:00Z,1.0,173.2,2021-09-24,MarketResult_SEM-DA_PWR-MRC-D+1_20210923100000_20210923103852.csv
2021-09-24T07:00:00Z,1.0,188.91,2021-09-24,MarketResult_SEM-DA_PWR-MRC-D+1_20210923100000_20210923103852.csv
2021-09-24T08:00:00Z,1.0,177.35,2021-09-24,MarketResult_SEM-DA_PWR-MRC-D+1_20210923100000_20210923103852.csv
2021-09-24T09:00:00Z,1.0,168.33,2021-09-24,MarketResult_SEM-DA_PWR-MRC-D+1_20210923100000_20210923103852.csv
2021-09-24T10:00:00Z,1.0,167.0,2021-09-24,MarketResult_SEM-DA_PWR-MRC-D+1_20210923100000_20210923103852.csv
2021-09-24T11:00:00Z,1.0,159.0,2021-09-24,MarketResult_SEM-DA_PWR-MRC-D+1_20210923100000_20210923103852.csv
2021-09-24T12:00:00Z,1.0,159.0,2021-09-24,MarketResult_SEM-DA_PWR-MRC-D+1_20210923100000_20210923103852.csv
2021-09-24T13:00:00Z,1.0,155.57,2021-09-24,MarketResult_SEM-DA_PWR-MRC-D+1_20210923100000_20210923103852.csv
2021-09-24T14:00:00Z,1.0,171.34,2021-09-24,MarketResult_SEM-DA_PWR-MRC-D+1_20210923100000_20210923103852.csv
2021-09-24T15:00:00Z,1.0,177.7,2021-09-24,MarketResult_SEM-DA_PWR-MRC-D+1_20210923100000_20210923103852.csv
2021-09-24T16:00:00Z,1.0,206.04,2021-09-24,MarketResult_SEM-DA_PWR-MRC-D+1_20210923100000_20210923103852.csv
2021-09-24T17:00:00Z,1.0,239.0,2021-09-24,MarketResult_SEM-DA_PWR-MRC-D+1_20210923100000_20210923103852.csv
2021-09-24T18:00:00Z,1.0,271.41,2021-09-24,MarketResult_SEM-DA_PWR-MRC-D+1_20210923100000_20210923103852.csv
2021-09-24T19:00:00Z,1.0,251.0,2021-09-24,MarketResult_SEM-DA_PWR-MRC-D+1_20210923100000_20210923103852.csv
2021-09-24T20:00:00Z,1.0,206.0,2021-09-24,MarketResult_SEM-DA_PWR-MRC-D+1_20210923100000_20210923103852.csv
2021-09-24T21:00:00Z,1.0,194.61,2021-09-24,MarketResult_SEM-DA_PWR-MRC-D+1_20210923100000_20210923103852.csv
2021-09-24T22:00:00Z,1.0,179.97,2021-09-25,MarketResult_SEM-DA_PWR-MRC-D+1_20210924100000_20210924103943.csv
2021-09-24T23:00:00Z,1.0,170.0,2021-09-25,MarketResult_SEM-DA_PWR-MRC-D+1_20210924100000_20210924103943.csv
2021-09-25T00:00:00Z,1.0,163.0,2021-09-25,MarketResult_SEM-DA_PWR-MRC-D+1_20210924100000_20210924103943.csv
2021-09-25T01:00:00Z,1.0,155.54,2021-09-25,MarketResult_SEM-DA_PWR-MRC-D+1_20210924100000_20210924103943.csv
2021-09-25T02:00:00Z,1.0,159.0,2021-09-25,MarketResult_SEM-DA_PWR-MRC-D+1_20210924100000_20210924103943.csv
2021-09-25T03:00:00Z,1.0,163.67,2021-09-25,MarketResult_SEM-DA_PWR-MRC-D+1_20210924100000_20210924103943.csv
2021-09-25T04:00:00Z,1.0,171.41,2021-09-25,MarketResult_SEM-DA_PWR-MRC-D+1_20210924100000_20210924103943.csv
2021-09-25T05:00:00Z,1.0,171.41,2021-09-25,MarketResult_SEM-DA_PWR-MRC-D+1_20210924100000_20210924103943.csv
2021-09-25T06:00:00Z,1.0,174.18,2021-09-25,MarketResult_SEM-DA_PWR-MRC-D+1_20210924100000_20210924103943.csv
2021-09-25T07:00:00Z,1.0,195.0,2021-09-25,MarketResult_SEM-DA_PWR-MRC-D+1_20210924100000_20210924103943.csv
2021-09-25T08:00:00Z,1.0,233.41,2021-09-25,MarketResult_SEM-DA_PWR-MRC-D+1_20210924100000_20210924103943.csv
2021-09-25T09:00:00Z,1.0,226.08,2021-09-25,MarketResult_SEM-DA_PWR-MRC-D+1_20210924100000_20210924103943.csv
2021-09-25T10:00:00Z,1.0,219.0,2021-09-25,MarketResult_SEM-DA_PWR-MRC-D+1_20210924100000_20210924103943.csv
2021-09-25T11:00:00Z,1.0,176.97,2021-09-25,MarketResult_SEM-DA_PWR-MRC-D+1_20210924100000_20210924103943.csv
2021-09-25T12:00:00Z,1.0,165.02,2021-09-25,MarketResult_SEM-DA_PWR-MRC-D+1_20210924100000_20210924103943.csv
2021-09-25T13:00:00Z,1.0,153.72,2021-09-25,MarketResult_SEM-DA_PWR-MRC-D+1_20210924100000_20210924103943.csv
2021-09-25T14:00:00Z,1.0,150.49,2021-09-25,MarketResult_SEM-DA_PWR-MRC-D+1_20210924100000_20210924103943.csv
2021-09-25T15:00:00Z,1.0,173.31,2021-09-25,MarketResult_SEM-DA_PWR-MRC-D+1_20210924100000_20210924103943.csv
2021-09-25T16:00:00Z,1.0,211.44,2021-09-25,MarketResult_SEM-DA_PWR-MRC-D+1_20210924100000_20210924103943.csv
2021-09-25T17:00:00Z,1.0,246.0,2021-09-25,MarketResult_SEM-DA_PWR-MRC-D+1_20210924100000_20210924103943.csv
2021-09-25T18:00:00Z,1.0,241.61,2021-09-25,MarketResult_SEM-DA_PWR-MRC-D+1_20210924100000_20210924103943.csv
2021-09-25T19:00:00Z,1.0,194.2,2021-09-25,MarketResult_SEM-DA_PWR-MRC-D+1_20210924100000_20210924103943.csv
2021-09-25T20:00:00Z,1.0,173.0,2021-09-25,MarketResult_SEM-DA_PWR-MRC-D+1_20210924100000_20210924103943.csv
2021-09-25T21:00:00Z,1.0,161.0,2021-09-25,MarketResult_SEM-DA_PWR-MRC-D+1_20210924100000_20210924103943.csv
2021-09-25T22:00:00Z,1.0,170.89,2021-09-26,MarketResult_SEM-DA_PWR-MRC-D+1_20210925100000_20210925105014.csv
2021-09-25T23:00:00Z,1.0,154.89,2021-09-26,MarketResult_SEM-DA_PWR-MRC-D+1_20210925100000_20210925105014.csv
2021-09-26T00:00:00Z,1.0,154.89,2021-09-26,MarketResult_SEM-DA_PWR-MRC-D+1_20210925100000_20210925105014.csv
2021-09-26T01:00:00Z,1.0,136.71,2021-09-26,MarketResult_SEM-DA_PWR-MRC-D+1_20210925100000_20210925105014.csv
2021-09-26T02:00:00Z,1.0,125.0,2021-09-26,MarketResult_SEM-DA_PWR-MRC-D+1_20210925100000_20210925105014.csv
2021-09-26T03:00:00Z,1.0,112.0,2021-09-26,MarketResult_SEM-DA_PWR-MRC-D+1_20210925100000_20210925105014.csv
2021-09-26T04:00:00Z,1.0,100.0,2021-09-26,MarketResult_SEM-DA_PWR-MRC-D+1_20210925100000_20210925105014.csv
2021-09-26T05:00:00Z,1.0,97.86,2021-09-26,MarketResult_SEM-DA_PWR-MRC-D+1_20210925100000_20210925105014.csv
2021-09-26T06:00:00Z,1.0,100.5,2021-09-26,MarketResult_SEM-DA_PWR-MRC-D+1_20210925100000_20210925105014.csv
2021-09-26T07:00:00Z,1.0,112.07,2021-09-26,MarketResult_SEM-DA_PWR-MRC-D+1_20210925100000_20210925105014.csv
2021-09-26T08:00:00Z,1.0,120.0,2021-09-26,MarketResult_SEM-DA_PWR-MRC-D+1_20210925100000_20210925105014.csv
2021-09-26T09:00:00Z,1.0,137.91,2021-09-26,MarketResult_SEM-DA_PWR-MRC-D+1_20210925100000_20210925105014.csv
2021-09-26T10:00:00Z,1.0,123.3,2021-09-26,MarketResult_SEM-DA_PWR-MRC-D+1_20210925100000_20210925105014.csv
2021-09-26T11:00:00Z,1.0,140.0,2021-09-26,MarketResult_SEM-DA_PWR-MRC-D+1_20210925100000_20210925105014.csv
2021-09-26T12:00:00Z,1.0,143.6,2021-09-26,MarketResult_SEM-DA_PWR-MRC-D+1_20210925100000_20210925105014.csv
2021-09-26T13:00:00Z,1.0,141.16,2021-09-26,MarketResult_SEM-DA_PWR-MRC-D+1_20210925100000_20210925105014.csv
2021-09-26T14:00:00Z,1.0,155.68,2021-09-26,MarketResult_SEM-DA_PWR-MRC-D+1_20210925100000_20210925105014.csv
2021-09-26T15:00:00Z,1.0,175.23,2021-09-26,MarketResult_SEM-DA_PWR-MRC-D+1_20210925100000_20210925105014.csv
2021-09-26T16:00:00Z,1.0,196.0,2021-09-26,MarketResult_SEM-DA_PWR-MRC-D+1_20210925100000_20210925105014.csv
2021-09-26T17:00:00Z,1.0,233.54,2021-09-26,MarketResult_SEM-DA_PWR-MRC-D+1_20210925100000_20210925105014.csv
2021-09-26T18:00:00Z,1.0,245.0,2021-09-26,MarketResult_SEM-DA_PWR-MRC-D+1_20210925100000_20210925105014.csv
2021-09-26T19:00:00Z,1.0,215.0,2021-09-26,MarketResult_SEM-DA_PWR-MRC-D+1_20210925100000_20210925105014.csv
2021-09-26T20:00:00Z,1.0,190.03,2021-09-26,MarketResult_SEM-DA_PWR-MRC-D+1_20210925100000_20210925105014.csv
2021-09-26T21:00:00Z,1.0,167.88,2021-09-26,MarketResult_SEM-DA_PWR-MRC-D+1_20210925100000_20210925105014.csv
2021-09-26T22:00:00Z,1.0,162.65,2021-09-27,MarketResult_SEM-DA_PWR-MRC-D+1_20210926100000_20210926103851.csv
2021-09-26T23:00:00Z,1.0,161.37,2021-09-27,MarketResult_SEM-DA_PWR-MRC-D+1_20210926100000_20210926103851.csv
2021-09-27T00:00:00Z,1.0,150.0,2021-09-27,MarketResult_SEM-DA_PWR-MRC-D+1_20210926100000_20210926103851.csv
2021-09-27T01:00:00Z,1.0,150.0,2021-09-27,MarketResult_SEM-DA_PWR-MRC-D+1_20210926100000_20210926103851.csv
2021-09-27T02:00:00Z,1.0,140.0,2021-09-27,MarketResult_SEM-DA_PWR-MRC-D+1_20210926100000_20210926103851.csv
2021-09-27T03:00:00Z,1.0,129.4,2021-09-27,MarketResult_SEM-DA_PWR-MRC-D+1_20210926100000_20210926103851.csv
2021-09-27T04:00:00Z,1.0,153.2,2021-09-27,MarketResult_SEM-DA_PWR-MRC-D+1_20210926100000_20210926103851.csv
2021-09-27T05:00:00Z,1.0,165.03,2021-09-27,MarketResult_SEM-DA_PWR-MRC-D+1_20210926100000_20210926103851.csv
2021-09-27T06:00:00Z,1.0,182.48,2021-09-27,MarketResult_SEM-DA_PWR-MRC-D+1_20210926100000_20210926103851.csv
2021-09-27T07:00:00Z,1.0,224.13,2021-09-27,MarketResult_SEM-DA_PWR-MRC-D+1_20210926100000_20210926103851.csv
2021-09-27T08:00:00Z,1.0,208.17,2021-09-27,MarketResult_SEM-DA_PWR-MRC-D+1_20210926100000_20210926103851.csv
2021-09-27T09:00:00Z,1.0,168.83,2021-09-27,MarketResult_SEM-DA_PWR-MRC-D+1_20210926100000_20210926103851.csv
2021-09-27T10:00:00Z,1.0,155.67,2021-09-27,MarketResult_SEM-DA_PWR-MRC-D+1_20210926100000_20210926103851.csv
2021-09-27T11:00:00Z,1.0,151.38,2021-09-27,MarketResult_SEM-DA_PWR-MRC-D+1_20210926100000_20210926103851.csv
2021-09-27T12:00:00Z,1.0,136.07,2021-09-27,MarketResult_SEM-DA_PWR-MRC-D+1_20210926100000_20210926103851.csv
2021-09-27T13:00:00Z,1.0,133.07,2021-09-27,MarketResult_SEM-DA_PWR-MRC-D+1_20210926100000_20210926103851.csv
2021-09-27T14:00:00Z,1.0,135.0,2021-09-27,MarketResult_SEM-DA_PWR-MRC-D+1_20210926100000_20210926103851.csv
2021-09-27T15:00:00Z,1.0,155.1,2021-09-27,MarketResult_SEM-DA_PWR-MRC-D+1_20210926100000_20210926103851.csv
2021-09-27T16:00:00Z,1.0,173.0,2021-09-27,MarketResult_SEM-DA_PWR-MRC-D+1_20210926100000_20210926103851.csv
2021-09-27T17:00:00Z,1.0,194.98,2021-09-27,MarketResult_SEM-DA_PWR-MRC-D+1_20210926100000_20210926103851.csv
2021-09-27T18:00:00Z,1.0,201.54,2021-09-27,MarketResult_SEM-DA_PWR-MRC-D+1_20210926100000_20210926103851.csv
2021-09-27T19:00:00Z,1.0,172.9,2021-09-27,MarketResult_SEM-DA_PWR-MRC-D+1_20210926100000_20210926103851.csv
2021-09-27T20:00:00Z,1.0,155.67,2021-09-27,MarketResult_SEM-DA_PWR-MRC-D+1_20210926100000_20210926103851.csv
2021-09-27T21:00:00Z,1.0,150.96,2021-09-27,MarketResult_SEM-DA_PWR-MRC-D+1_20210926100000_20210926103851.csv
2021-09-27T22:00:00Z,1.0,175.0,2021-09-28,MarketResult_SEM-DA_PWR-MRC-D+1_20210927100000_20210927103847.csv
2021-09-27T23:00:00Z,1.0,140.0,2021-09-28,MarketResult_SEM-DA_PWR-MRC-D+1_20210927100000_20210927103847.csv
2021-09-28T00:00:00Z,1.0,133.0,2021-09-28,MarketResult_SEM-DA_PWR-MRC-D+1_20210927100000_20210927103847.csv
2021-09-28T01:00:00Z,1.0,129.0,2021-09-28,MarketResult_SEM-DA_PWR-MRC-D+1_20210927100000_20210927103847.csv
2021-09-28T02:00:00Z,1.0,129.0,2021-09-28,MarketResult_SEM-DA_PWR-MRC-D+1_20210927100000_20210927103847.csv
2021-09-28T03:00:00Z,1.0,156.0,2021-09-28,MarketResult_SEM-DA_PWR-MRC-D+1_20210927100000_20210927103847.csv
2021-09-28T04:00:00Z,1.0,179.98,2021-09-28,MarketResult_SEM-DA_PWR-MRC-D+1_20210927100000_20210927103847.csv
2021-09-28T05:00:00Z,1.0,179.98,2021-09-28,MarketResult_SEM-DA_PWR-MRC-D+1_20210927100000_20210927103847.csv
2021-09-28T06:00:00Z,1.0,200.01,2021-09-28,MarketResult_SEM-DA_PWR-MRC-D+1_20210927100000_20210927103847.csv
2021-09-28T07:00:00Z,1.0,226.0,2021-09-28,MarketResult_SEM-DA_PWR-MRC-D+1_20210927100000_20210927103847.csv
2021-09-28T08:00:00Z,1.0,216.98,2021-09-28,MarketResult_SEM-DA_PWR-MRC-D+1_20210927100000_20210927103847.csv
2021-09-28T09:00:00Z,1.0,194.52,2021-09-28,MarketResult_SEM-DA_PWR-MRC-D+1_20210927100000_20210927103847.csv
2021-09-28T10:00:00Z,1.0,185.66,2021-09-28,MarketResult_SEM-DA_PWR-MRC-D+1_20210927100000_20210927103847.csv
2021-09-28T11:00:00Z,1.0,179.0,2021-09-28,MarketResult_SEM-DA_PWR-MRC-D+1_20210927100000_20210927103847.csv
2021-09-28T12:00:00Z,1.0,175.15,2021-09-28,MarketResult_SEM-DA_PWR-MRC-D+1_20210927100000_20210927103847.csv
2021-09-28T13:00:00Z,1.0,175.15,2021-09-28,MarketResult_SEM-DA_PWR-MRC-D+1_20210927100000_20210927103847.csv
2021-09-28T14:00:00Z,1.0,178.54,2021-09-28,MarketResult_SEM-DA_PWR-MRC-D+1_20210927100000_20210927103847.csv
2021-09-28T15:00:00Z,1.0,195.2,2021-09-28,MarketResult_SEM-DA_PWR-MRC-D+1_20210927100000_20210927103847.csv
2021-09-28T16:00:00Z,1.0,224.5,2021-09-28,MarketResult_SEM-DA_PWR-MRC-D+1_20210927100000_20210927103847.csv
2021-09-28T17:00:00Z,1.0,247.3,2021-09-28,MarketResult_SEM-DA_PWR-MRC-D+1_20210927100000_20210927103847.csv
2021-09-28T18:00:00Z,1.0,255.0,2021-09-28,MarketResult_SEM-DA_PWR-MRC-D+1_20210927100000_20210927103847.csv
2021-09-28T19:00:00Z,1.0,224.14,2021-09-28,MarketResult_SEM-DA_PWR-MRC-D+1_20210927100000_20210927103847.csv
2021-09-28T20:00:00Z,1.0,186.43,2021-09-28,MarketResult_SEM-DA_PWR-MRC-D+1_20210927100000_20210927103847.csv
2021-09-28T21:00:00Z,1.0,170.88,2021-09-28,MarketResult_SEM-DA_PWR-MRC-D+1_20210927100000_20210927103847.csv
2021-09-28T22:00:00Z,1.0,195.0,2021-09-29,MarketResult_SEM-DA_PWR-MRC-D+1_20210928100000_20210928103852.csv
2021-09-28T23:00:00Z,1.0,183.29,2021-09-29,MarketResult_SEM-DA_PWR-MRC-D+1_20210928100000_20210928103852.csv
2021-09-29T00:00:00Z,1.0,179.0,2021-09-29,MarketResult_SEM-DA_PWR-MRC-D+1_20210928100000_20210928103852.csv
2021-09-29T01:00:00Z,1.0,171.0,2021-09-29,MarketResult_SEM-DA_PWR-MRC-D+1_20210928100000_20210928103852.csv
2021-09-29T02:00:00Z,1.0,151.29,2021-09-29,MarketResult_SEM-DA_PWR-MRC-D+1_20210928100000_20210928103852.csv
2021-09-29T03:00:00Z,1.0,136.92,2021-09-29,MarketResult_SEM-DA_PWR-MRC-D+1_20210928100000_20210928103852.csv
2021-09-29T04:00:00Z,1.0,165.0,2021-09-29,MarketResult_SEM-DA_PWR-MRC-D+1_20210928100000_20210928103852.csv
2021-09-29T05:00:00Z,1.0,184.2,2021-09-29,MarketResult_SEM-DA_PWR-MRC-D+1_20210928100000_20210928103852.csv
2021-09-29T06:00:00Z,1.0,245.0,2021-09-29,MarketResult_SEM-DA_PWR-MRC-D+1_20210928100000_20210928103852.csv
2021-09-29T07:00:00Z,1.0,258.0,2021-09-29,MarketResult_SEM-DA_PWR-MRC-D+1_20210928100000_20210928103852.csv
2021-09-29T08:00:00Z,1.0,242.0,2021-09-29,MarketResult_SEM-DA_PWR-MRC-D+1_20210928100000_20210928103852.csv
2021-09-29T09:00:00Z,1.0,205.0,2021-09-29,MarketResult_SEM-DA_PWR-MRC-D+1_20210928100000_20210928103852.csv
2021-09-29T10:00:00Z,1.0,191.0,2021-09-29,MarketResult_SEM-DA_PWR-MRC-D+1_20210928100000_20210928103852.csv
2021-09-29T11:00:00Z,1.0,183.0,2021-09-29,MarketResult_SEM-DA_PWR-MRC-D+1_20210928100000_20210928103852.csv
2021-09-29T12:00:00Z,1.0,174.92,2021-09-29,MarketResult_SEM-DA_PWR-MRC-D+1_20210928100000_20210928103852.csv
2021-09-29T13:00:00Z,1.0,170.94,2021-09-29,MarketResult_SEM-DA_PWR-MRC-D+1_20210928100000_20210928103852.csv
2021-09-29T14:00:00Z,1.0,174.84,2021-09-29,MarketResult_SEM-DA_PWR-MRC-D+1_20210928100000_20210928103852.csv
2021-09-29T15:00:00Z,1.0,200.0,2021-09-29,MarketResult_SEM-DA_PWR-MRC-D+1_20210928100000_20210928103852.csv
2021-09-29T16:00:00Z,1.0,228.66,2021-09-29,MarketResult_SEM-DA_PWR-MRC-D+1_20210928100000_20210928103852.csv
2021-09-29T17:00:00Z,1.0,265.0,2021-09-29,MarketResult_SEM-DA_PWR-MRC-D+1_20210928100000_20210928103852.csv
2021-09-29T18:00:00Z,1.0,264.34,2021-09-29,MarketResult_SEM-DA_PWR-MRC-D+1_20210928100000_20210928103852.csv
2021-09-29T19:00:00Z,1.0,215.0,2021-09-29,MarketResult_SEM-DA_PWR-MRC-D+1_20210928100000_20210928103852.csv
2021-09-29T20:00:00Z,1.0,181.28,2021-09-29,MarketResult_SEM-DA_PWR-MRC-D+1_20210928100000_20210928103852.csv
2021-09-29T21:00:00Z,1.0,141.0,2021-09-29,MarketResult_SEM-DA_PWR-MRC-D+1_20210928100000_20210928103852.csv
2021-09-29T22:00:00Z,1.0,115.3,2021-09-30,MarketResult_SEM-DA_PWR-MRC-D+1_20210929100000_20210929103836.csv
2021-09-29T23:00:00Z,1.0,65.7,2021-09-30,MarketResult_SEM-DA_PWR-MRC-D+1_20210929100000_20210929103836.csv
2021-09-30T00:00:00Z,1.0,58.66,2021-09-30,MarketResult_SEM-DA_PWR-MRC-D+1_20210929100000_20210929103836.csv
2021-09-30T01:00:00Z,1.0,0.0,2021-09-30,MarketResult_SEM-DA_PWR-MRC-D+1_20210929100000_20210929103836.csv
2021-09-30T02:00:00Z,1.0,0.0,2021-09-30,MarketResult_SEM-DA_PWR-MRC-D+1_20210929100000_20210929103836.csv
2021-09-30T03:00:00Z,1.0,4.84,2021-09-30,MarketResult_SEM-DA_PWR-MRC-D+1_20210929100000_20210929103836.csv
2021-09-30T04:00:00Z,1.0,68.34,2021-09-30,MarketResult_SEM-DA_PWR-MRC-D+1_20210929100000_20210929103836.csv
2021-09-30T05:00:00Z,1.0,123.26,2021-09-30,MarketResult_SEM-DA_PWR-MRC-D+1_20210929100000_20210929103836.csv
2021-09-30T06:00:00Z,1.0,187.54,2021-09-30,MarketResult_SEM-DA_PWR-MRC-D+1_20210929100000_20210929103836.csv
2021-09-30T07:00:00Z,1.0,200.6,2021-09-30,MarketResult_SEM-DA_PWR-MRC-D+1_20210929100000_20210929103836.csv
2021-09-30T08:00:00Z,1.0,200.09,2021-09-30,MarketResult_SEM-DA_PWR-MRC-D+1_20210929100000_20210929103836.csv
2021-09-30T09:00:00Z,1.0,187.63,2021-09-30,MarketResult_SEM-DA_PWR-MRC-D+1_20210929100000_20210929103836.csv
2021-09-30T10:00:00Z,1.0,178.0,2021-09-30,MarketResult_SEM-DA_PWR-MRC-D+1_20210929100000_20210929103836.csv
2021-09-30T11:00:00Z,1.0,181.1,2021-09-30,MarketResult_SEM-DA_PWR-MRC-D+1_20210929100000_20210929103836.csv
2021-09-30T12:00:00Z,1.0,174.39,2021-09-30,MarketResult_SEM-DA_PWR-MRC-D+1_20210929100000_20210929103836.csv
2021-09-30T13:00:00Z,1.0,170.0,2021-09-30,MarketResult_SEM-DA_PWR-MRC-D+1_20210929100000_20210929103836.csv
2021-09-30T14:00:00Z,1.0,177.32,2021-09-30,MarketResult_SEM-DA_PWR-MRC-D+1_20210929100000_20210929103836.csv
2021-09-30T15:00:00Z,1.0,192.0,2021-09-30,MarketResult_SEM-DA_PWR-MRC-D+1_20210929100000_20210929103836.csv
2021-09-30T16:00:00Z,1.0,224.95,2021-09-30,MarketResult_SEM-DA_PWR-MRC-D+1_20210929100000_20210929103836.csv
2021-09-30T17:00:00Z,1.0,235.0,2021-09-30,MarketResult_SEM-DA_PWR-MRC-D+1_20210929100000_20210929103836.csv
2021-09-30T18:00:00Z,1.0,230.45,2021-09-30,MarketResult_SEM-DA_PWR-MRC-D+1_20210929100000_20210929103836.csv
2021-09-30T19:00:00Z,1.0,201.4,2021-09-30,MarketResult_SEM-DA_PWR-MRC-D+1_20210929100000_20210929103836.csv
2021-09-30T20:00:00Z,1.0,186.43,2021-09-30,MarketResult_SEM-DA_PWR-MRC-D+1_20210929100000_20210929103836.csv
2021-09-30T21:00:00Z,1.0,155.0,2021-09-30,MarketResult_SEM-DA_PWR-MRC-D+1_20210929100000_20210929103836.csv
2021-09-30T22:00:00Z,1.0,190.18,2021-10-01,MarketResult_SEM-DA_PWR-MRC-D+1_20210930100000_20210930103847.csv
2021-09-30T23:00:00Z,1.0,143.0,2021-10-01,MarketResult_SEM-DA_PWR-MRC-D+1_20210930100000_20210930103847.csv
2021-10-01T00:00:00Z,1.0,125.0,2021-10-01,MarketResult_SEM-DA_PWR-MRC-D+1_20210930100000_20210930103847.csv
2021-10-01T01:00:00Z,1.0,97.75,2021-10-01,MarketResult_SEM-DA_PWR-MRC-D+1_20210930100000_20210930103847.csv
2021-10-01T02:00:00Z,1.0,55.0,2021-10-01,MarketResult_SEM-DA_PWR-MRC-D+1_20210930100000_20210930103847.csv
2021-10-01T03:00:00Z,1.0,45.11,2021-10-01,MarketResult_SEM-DA_PWR-MRC-D+1_20210930100000_20210930103847.csv
2021-10-01T04:00:00Z,1.0,97.75,2021-10-01,MarketResult_SEM-DA_PWR-MRC-D+1_20210930100000_20210930103847.csv
2021-10-01T05:00:00Z,1.0,180.55,2021-10-01,MarketResult_SEM-DA_PWR-MRC-D+1_20210930100000_20210930103847.csv
2021-10-01T06:00:00Z,1.0,210.0,2021-10-01,MarketResult_SEM-DA_PWR-MRC-D+1_20210930100000_20210930103847.csv
2021-10-01T07:00:00Z,1.0,235.0,2021-10-01,MarketResult_SEM-DA_PWR-MRC-D+1_20210930100000_20210930103847.csv
2021-10-01T08:00:00Z,1.0,225.77,2021-10-01,MarketResult_SEM-DA_PWR-MRC-D+1_20210930100000_20210930103847.csv
2021-10-01T09:00:00Z,1.0,202.0,2021-10-01,MarketResult_SEM-DA_PWR-MRC-D+1_20210930100000_20210930103847.csv
2021-10-01T10:00:00Z,1.0,182.73,2021-10-01,MarketResult_SEM-DA_PWR-MRC-D+1_20210930100000_20210930103847.csv
2021-10-01T11:00:00Z,1.0,162.29,2021-10-01,MarketResult_SEM-DA_PWR-MRC-D+1_20210930100000_20210930103847.csv
2021-10-01T12:00:00Z,1.0,129.4,2021-10-01,MarketResult_SEM-DA_PWR-MRC-D+1_20210930100000_20210930103847.csv
2021-10-01T13:00:00Z,1.0,119.9,2021-10-01,MarketResult_SEM-DA_PWR-MRC-D+1_20210930100000_20210930103847.csv
2021-10-01T14:00:00Z,1.0,140.0,2021-10-01,MarketResult_SEM-DA_PWR-MRC-D+1_20210930100000_20210930103847.csv
2021-10-01T15:00:00Z,1.0,190.0,2021-10-01,MarketResult_SEM-DA_PWR-MRC-D+1_20210930100000_20210930103847.csv
2021-10-01T16:00:00Z,1.0,210.0,2021-10-01,MarketResult_SEM-DA_PWR-MRC-D+1_20210930100000_20210930103847.csv
2021-10-01T17:00:00Z,1.0,268.2,2021-10-01,MarketResult_SEM-DA_PWR-MRC-D+1_20210930100000_20210930103847.csv
2021-10-01T18:00:00Z,1.0,283.6,2021-10-01,MarketResult_SEM-DA_PWR-MRC-D+1_20210930100000_20210930103847.csv
2021-10-01T19:00:00Z,1.0,234.97,2021-10-01,MarketResult_SEM-DA_PWR-MRC-D+1_20210930100000_20210930103847.csv
2021-10-01T20:00:00Z,1.0,217.27,2021-10-01,MarketResult_SEM-DA_PWR-MRC-D+1_20210930100000_20210930103847.csv
2021-10-01T21:00:00Z,1.0,204.0,2021-10-01,MarketResult_SEM-DA_PWR-MRC-D+1_20210930100000_20210930103847.csv
2021-10-01T22:00:00Z,1.0,218.37,2021-10-02,MarketResult_SEM-DA_PWR-MRC-D+1_20211001100000_20211001104033.csv
2021-10-01T23:00:00Z,1.0,195.41,2021-10-02,MarketResult_SEM-DA_PWR-MRC-D+1_20211001100000_20211001104033.csv
2021-10-02T00:00:00Z,1.0,195.5,2021-10-02,MarketResult_SEM-DA_PWR-MRC-D+1_20211001100000_20211001104033.csv
2021-10-02T01:00:00Z,1.0,186.48,2021-10-02,MarketResult_SEM-DA_PWR-MRC-D+1_20211001100000_20211001104033.csv
2021-10-02T02:00:00Z,1.0,153.9,2021-10-02,MarketResult_SEM-DA_PWR-MRC-D+1_20211001100000_20211001104033.csv
2021-10-02T03:00:00Z,1.0,134.65,2021-10-02,MarketResult_SEM-DA_PWR-MRC-D+1_20211001100000_20211001104033.csv
2021-10-02T04:00:00Z,1.0,164.0,2021-10-02,MarketResult_SEM-DA_PWR-MRC-D+1_20211001100000_20211001104033.csv
2021-10-02T05:00:00Z,1.0,193.88,2021-10-02,MarketResult_SEM-DA_PWR-MRC-D+1_20211001100000_20211001104033.csv
2021-10-02T06:00:00Z,1.0,196.66,2021-10-02,MarketResult_SEM-DA_PWR-MRC-D+1_20211001100000_20211001104033.csv
2021-10-02T07:00:00Z,1.0,234.8,2021-10-02,MarketResult_SEM-DA_PWR-MRC-D+1_20211001100000_20211001104033.csv
2021-10-02T08:00:00Z,1.0,250.9,2021-10-02,MarketResult_SEM-DA_PWR-MRC-D+1_20211001100000_20211001104033.csv
2021-10-02T09:00:00Z,1.0,240.0,2021-10-02,MarketResult_SEM-DA_PWR-MRC-D+1_20211001100000_20211001104033.csv
2021-10-02T10:00:00Z,1.0,230.0,2021-10-02,MarketResult_SEM-DA_PWR-MRC-D+1_20211001100000_20211001104033.csv
2021-10-02T11:00:00Z,1.0,235.64,2021-10-02,MarketResult_SEM-DA_PWR-MRC-D+1_20211001100000_20211001104033.csv
2021-10-02T12:00:00Z,1.0,226.0,2021-10-02,MarketResult_SEM-DA_PWR-MRC-D+1_20211001100000_20211001104033.csv
2021-10-02T13:00:00Z,1.0,211.41,2021-10-02,MarketResult_SEM-DA_PWR-MRC-D+1_20211001100000_20211001104033.csv
2021-10-02T14:00:00Z,1.0,211.41,2021-10-02,MarketResult_SEM-DA_PWR-MRC-D+1_20211001100000_20211001104033.csv
2021-10-02T15:00:00Z,1.0,221.27,2021-10-02,MarketResult_SEM-DA_PWR-MRC-D+1_20211001100000_20211001104033.csv
2021-10-02T16:00:00Z,1.0,245.0,2021-10-02,MarketResult_SEM-DA_PWR-MRC-D+1_20211001100000_20211001104033.csv
2021-10-02T17:00:00Z,1.0,299.0,2021-10-02,MarketResult_SEM-DA_PWR-MRC-D+1_20211001100000_20211001104033.csv
2021-10-02T18:00:00Z,1.0,288.0,2021-10-02,MarketResult_SEM-DA_PWR-MRC-D+1_20211001100000_20211001104033.csv
2021-10-02T19:00:00Z,1.0,220.71,2021-10-02,MarketResult_SEM-DA_PWR-MRC-D+1_20211001100000_20211001104033.csv
2021-10-02T20:00:00Z,1.0,212.0,2021-10-02,MarketResult_SEM-DA_PWR-MRC-D+1_20211001100000_20211001104033.csv
2021-10-02T21:00:00Z,1.0,201.8,2021-10-02,MarketResult_SEM-DA_PWR-MRC-D+1_20211001100000_20211001104033.csv
2021-10-02T22:00:00Z,1.0,229.8,2021-10-03,MarketResult_SEM-DA_PWR-MRC-D+1_20211002100000_20211002103841.csv
2021-10-02T23:00:00Z,1.0,201.21,2021-10-03,MarketResult_SEM-DA_PWR-MRC-D+1_20211002100000_20211002103841.csv
2021-10-03T00:00:00Z,1.0,174.85,2021-10-03,MarketResult_SEM-DA_PWR-MRC-D+1_20211002100000_20211002103841.csv
2021-10-03T01:00:00Z,1.0,151.53,2021-10-03,MarketResult_SEM-DA_PWR-MRC-D+1_20211002100000_20211002103841.csv
2021-10-03T02:00:00Z,1.0,119.0,2021-10-03,MarketResult_SEM-DA_PWR-MRC-D+1_20211002100000_20211002103841.csv
2021-10-03T03:00:00Z,1.0,81.07,2021-10-03,MarketResult_SEM-DA_PWR-MRC-D+1_20211002100000_20211002103841.csv
2021-10-03T04:00:00Z,1.0,85.26,2021-10-03,MarketResult_SEM-DA_PWR-MRC-D+1_20211002100000_20211002103841.csv
2021-10-03T05:00:00Z,1.0,135.85,2021-10-03,MarketResult_SEM-DA_PWR-MRC-D+1_20211002100000_20211002103841.csv
2021-10-03T06:00:00Z,1.0,118.8,2021-10-03,MarketResult_SEM-DA_PWR-MRC-D+1_20211002100000_20211002103841.csv
2021-10-03T07:00:00Z,1.0,165.0,2021-10-03,MarketResult_SEM-DA_PWR-MRC-D+1_20211002100000_20211002103841.csv
2021-10-03T08:00:00Z,1.0,185.0,2021-10-03,MarketResult_SEM-DA_PWR-MRC-D+1_20211002100000_20211002103841.csv
2021-10-03T09:00:00Z,1.0,183.54,2021-10-03,MarketResult_SEM-DA_PWR-MRC-D+1_20211002100000_20211002103841.csv
2021-10-03T10:00:00Z,1.0,167.1,2021-10-03,MarketResult_SEM-DA_PWR-MRC-D+1_20211002100000_20211002103841.csv
2021-10-03T11:00:00Z,1.0,170.0,2021-10-03,MarketResult_SEM-DA_PWR-MRC-D+1_20211002100000_20211002103841.csv
2021-10-03T12:00:00Z,1.0,148.7,2021-10-03,MarketResult_SEM-DA_PWR-MRC-D+1_20211002100000_20211002103841.csv
2021-10-03T13:00:00Z,1.0,138.09,2021-10-03,MarketResult_SEM-DA_PWR-MRC-D+1_20211002100000_20211002103841.csv
2021-10-03T14:00:00Z,1.0,146.9,2021-10-03,MarketResult_SEM-DA_PWR-MRC-D+1_20211002100000_20211002103841.csv
2021-10-03T15:00:00Z,1.0,180.0,2021-10-03,MarketResult_SEM-DA_PWR-MRC-D+1_20211002100000_20211002103841.csv
2021-10-03T16:00:00Z,1.0,230.5,2021-10-03,MarketResult_SEM-DA_PWR-MRC-D+1_20211002100000_20211002103841.csv
2021-10-03T17:00:00Z,1.0,272.74,2021-10-03,MarketResult_SEM-DA_PWR-MRC-D+1_20211002100000_20211002103841.csv
2021-10-03T18:00:00Z,1.0,283.0,2021-10-03,MarketResult_SEM-DA_PWR-MRC-D+1_20211002100000_20211002103841.csv
2021-10-03T19:00:00Z,1.0,209.0,2021-10-03,MarketResult_SEM-DA_PWR-MRC-D+1_20211002100000_20211002103841.csv
2021-10-03T20:00:00Z,1.0,214.24,2021-10-03,MarketResult_SEM-DA_PWR-MRC-D+1_20211002100000_20211002103841.csv
2021-10-03T21:00:00Z,1.0,171.59,2021-10-03,MarketResult_SEM-DA_PWR-MRC-D+1_20211002100000_20211002103841.csv
2021-10-03T22:00:00Z,1.0,182.28,2021-10-04,MarketResult_SEM-DA_PWR-MRC-D+1_20211003100000_20211003103846.csv
2021-10-03T23:00:00Z,1.0,155.47,2021-10-04,MarketResult_SEM-DA_PWR-MRC-D+1_20211003100000_20211003103846.csv
2021-10-04T00:00:00Z,1.0,158.9,2021-10-04,MarketResult_SEM-DA_PWR-MRC-D+1_20211003100000_20211003103846.csv
2021-10-04T01:00:00Z,1.0,161.0,2021-10-04,MarketResult_SEM-DA_PWR-MRC-D+1_20211003100000_20211003103846.csv
2021-10-04T02:00:00Z,1.0,156.7,2021-10-04,MarketResult_SEM-DA_PWR-MRC-D+1_20211003100000_20211003103846.csv
2021-10-04T03:00:00Z,1.0,161.01,2021-10-04,MarketResult_SEM-DA_PWR-MRC-D+1_20211003100000_20211003103846.csv
2021-10-04T04:00:00Z,1.0,194.59,2021-10-04,MarketResult_SEM-DA_PWR-MRC-D+1_20211003100000_20211003103846.csv
2021-10-04T05:00:00Z,1.0,225.5,2021-10-04,MarketResult_SEM-DA_PWR-MRC-D+1_20211003100000_20211003103846.csv
2021-10-04T06:00:00Z,1.0,255.0,2021-10-04,MarketResult_SEM-DA_PWR-MRC-D+1_20211003100000_20211003103846.csv
2021-10-04T07:00:00Z,1.0,284.03,2021-10-04,MarketResult_SEM-DA_PWR-MRC-D+1_20211003100000_20211003103846.csv
2021-10-04T08:00:00Z,1.0,260.0,2021-10-04,MarketResult_SEM-DA_PWR-MRC-D+1_20211003100000_20211003103846.csv
2021-10-04T09:00:00Z,1.0,217.19,2021-10-04,MarketResult_SEM-DA_PWR-MRC-D+1_20211003100000_20211003103846.csv
2021-10-04T10:00:00Z,1.0,214.77,2021-10-04,MarketResult_SEM-DA_PWR-MRC-D+1_20211003100000_20211003103846.csv
2021-10-04T11:00:00Z,1.0,214.77,2021-10-04,MarketResult_SEM-DA_PWR-MRC-D+1_20211003100000_20211003103846.csv
2021-10-04T12:00:00Z,1.0,196.78,2021-10-04,MarketResult_SEM-DA_PWR-MRC-D+1_20211003100000_20211003103846.csv
2021-10-04T13:00:00Z,1.0,196.78,2021-10-04,MarketResult_SEM-DA_PWR-MRC-D+1_20211003100000_20211003103846.csv
2021-10-04T14:00:00Z,1.0,206.52,2021-10-04,MarketResult_SEM-DA_PWR-MRC-D+1_20211003100000_20211003103846.csv
2021-10-04T15:00:00Z,1.0,297.61,2021-10-04,MarketResult_SEM-DA_PWR-MRC-D+1_20211003100000_20211003103846.csv
2021-10-04T16:00:00Z,1.0,376.0,2021-10-04,MarketResult_SEM-DA_PWR-MRC-D+1_20211003100000_20211003103846.csv
2021-10-04T17:00:00Z,1.0,434.09,2021-10-04,MarketResult_SEM-DA_PWR-MRC-D+1_20211003100000_20211003103846.csv
2021-10-04T18:00:00Z,1.0,433.59,2021-10-04,MarketResult_SEM-DA_PWR-MRC-D+1_20211003100000_20211003103846.csv
2021-10-04T19:00:00Z,1.0,347.0,2021-10-04,MarketResult_SEM-DA_PWR-MRC-D+1_20211003100000_20211003103846.csv
2021-10-04T20:00:00Z,1.0,409.22,2021-10-04,MarketResult_SEM-DA_PWR-MRC-D+1_20211003100000_20211003103846.csv
2021-10-04T21:00:00Z,1.0,221.67,2021-10-04,MarketResult_SEM-DA_PWR-MRC-D+1_20211003100000_20211003103846.csv
2021-10-04T22:00:00Z,1.0,213.1,2021-10-05,MarketResult_SEM-DA_PWR-MRC-D+1_20211004100000_20211004103843.csv
2021-10-04T23:00:00Z,1.0,198.58,2021-10-05,MarketResult_SEM-DA_PWR-MRC-D+1_20211004100000_20211004103843.csv
2021-10-05T00:00:00Z,1.0,197.52,2021-10-05,MarketResult_SEM-DA_PWR-MRC-D+1_20211004100000_20211004103843.csv
2021-10-05T01:00:00Z,1.0,186.47,2021-10-05,MarketResult_SEM-DA_PWR-MRC-D+1_20211004100000_20211004103843.csv
2021-10-05T02:00:00Z,1.0,150.45,2021-10-05,MarketResult_SEM-DA_PWR-MRC-D+1_20211004100000_20211004103843.csv
2021-10-05T03:00:00Z,1.0,145.0,2021-10-05,MarketResult_SEM-DA_PWR-MRC-D+1_20211004100000_20211004103843.csv
2021-10-05T04:00:00Z,1.0,174.68,2021-10-05,MarketResult_SEM-DA_PWR-MRC-D+1_20211004100000_20211004103843.csv
2021-10-05T05:00:00Z,1.0,213.31,2021-10-05,MarketResult_SEM-DA_PWR-MRC-D+1_20211004100000_20211004103843.csv
2021-10-05T06:00:00Z,1.0,213.24,2021-10-05,MarketResult_SEM-DA_PWR-MRC-D+1_20211004100000_20211004103843.csv
2021-10-05T07:00:00Z,1.0,255.4,2021-10-05,MarketResult_SEM-DA_PWR-MRC-D+1_20211004100000_20211004103843.csv
2021-10-05T08:00:00Z,1.0,262.85,2021-10-05,MarketResult_SEM-DA_PWR-MRC-D+1_20211004100000_20211004103843.csv
2021-10-05T09:00:00Z,1.0,227.34,2021-10-05,MarketResult_SEM-DA_PWR-MRC-D+1_20211004100000_20211004103843.csv
2021-10-05T10:00:00Z,1.0,203.24,2021-10-05,MarketResult_SEM-DA_PWR-MRC-D+1_20211004100000_20211004103843.csv
2021-10-05T11:00:00Z,1.0,192.44,2021-10-05,MarketResult_SEM-DA_PWR-MRC-D+1_20211004100000_20211004103843.csv
2021-10-05T12:00:00Z,1.0,179.0,2021-10-05,MarketResult_SEM-DA_PWR-MRC-D+1_20211004100000_20211004103843.csv
2021-10-05T13:00:00Z,1.0,174.8,2021-10-05,MarketResult_SEM-DA_PWR-MRC-D+1_20211004100000_20211004103843.csv
2021-10-05T14:00:00Z,1.0,183.24,2021-10-05,MarketResult_SEM-DA_PWR-MRC-D+1_20211004100000_20211004103843.csv
2021-10-05T15:00:00Z,1.0,200.56,2021-10-05,MarketResult_SEM-DA_PWR-MRC-D+1_20211004100000_20211004103843.csv
2021-10-05T16:00:00Z,1.0,233.36,2021-10-05,MarketResult_SEM-DA_PWR-MRC-D+1_20211004100000_20211004103843.csv
2021-10-05T17:00:00Z,1.0,290.4,2021-10-05,MarketResult_SEM-DA_PWR-MRC-D+1_20211004100000_20211004103843.csv
2021-10-05T18:00:00Z,1.0,300.43,2021-10-05,MarketResult_SEM-DA_PWR-MRC-D+1_20211004100000_20211004103843.csv
2021-10-05T19:00:00Z,1.0,245.0,2021-10-05,MarketResult_SEM-DA_PWR-MRC-D+1_20211004100000_20211004103843.csv
2021-10-05T20:00:00Z,1.0,232.0,2021-10-05,MarketResult_SEM-DA_PWR-MRC-D+1_20211004100000_20211004103843.csv
2021-10-05T21:00:00Z,1.0,198.24,2021-10-05,MarketResult_SEM-DA_PWR-MRC-D+1_20211004100000_20211004103843.csv
2021-10-05T22:00:00Z,1.0,216.98,2021-10-06,MarketResult_SEM-DA_PWR-MRC-D+1_20211005100000_20211005103848.csv
2021-10-05T23:00:00Z,1.0,198.4,2021-10-06,MarketResult_SEM-DA_PWR-MRC-D+1_20211005100000_20211005103848.csv
2021-10-06T00:00:00Z,1.0,196.33,2021-10-06,MarketResult_SEM-DA_PWR-MRC-D+1_20211005100000_20211005103848.csv
2021-10-06T01:00:00Z,1.0,198.4,2021-10-06,MarketResult_SEM-DA_PWR-MRC-D+1_20211005100000_20211005103848.csv
2021-10-06T02:00:00Z,1.0,196.33,2021-10-06,MarketResult_SEM-DA_PWR-MRC-D+1_20211005100000_20211005103848.csv
2021-10-06T03:00:00Z,1.0,198.4,2021-10-06,MarketResult_SEM-DA_PWR-MRC-D+1_20211005100000_20211005103848.csv
2021-10-06T04:00:00Z,1.0,204.22,2021-10-06,MarketResult_SEM-DA_PWR-MRC-D+1_20211005100000_20211005103848.csv
2021-10-06T05:00:00Z,1.0,263.4,2021-10-06,MarketResult_SEM-DA_PWR-MRC-D+1_20211005100000_20211005103848.csv
2021-10-06T06:00:00Z,1.0,283.92,2021-10-06,MarketResult_SEM-DA_PWR-MRC-D+1_20211005100000_20211005103848.csv
2021-10-06T07:00:00Z,1.0,328.87,2021-10-06,MarketResult_SEM-DA_PWR-MRC-D+1_20211005100000_20211005103848.csv
2021-10-06T08:00:00Z,1.0,309.0,2021-10-06,MarketResult_SEM-DA_PWR-MRC-D+1_20211005100000_20211005103848.csv
2021-10-06T09:00:00Z,1.0,249.93,2021-10-06,MarketResult_SEM-DA_PWR-MRC-D+1_20211005100000_20211005103848.csv
2021-10-06T10:00:00Z,1.0,235.0,2021-10-06,MarketResult_SEM-DA_PWR-MRC-D+1_20211005100000_20211005103848.csv
2021-10-06T11:00:00Z,1.0,224.11,2021-10-06,MarketResult_SEM-DA_PWR-MRC-D+1_20211005100000_20211005103848.csv
2021-10-06T12:00:00Z,1.0,207.68,2021-10-06,MarketResult_SEM-DA_PWR-MRC-D+1_20211005100000_20211005103848.csv
2021-10-06T13:00:00Z,1.0,203.88,2021-10-06,MarketResult_SEM-DA_PWR-MRC-D+1_20211005100000_20211005103848.csv
2021-10-06T14:00:00Z,1.0,201.0,2021-10-06,MarketResult_SEM-DA_PWR-MRC-D+1_20211005100000_20211005103848.csv
2021-10-06T15:00:00Z,1.0,220.8,2021-10-06,MarketResult_SEM-DA_PWR-MRC-D+1_20211005100000_20211005103848.csv
2021-10-06T16:00:00Z,1.0,280.06,2021-10-06,MarketResult_SEM-DA_PWR-MRC-D+1_20211005100000_20211005103848.csv
2021-10-06T17:00:00Z,1.0,299.25,2021-10-06,MarketResult_SEM-DA_PWR-MRC-D+1_20211005100000_20211005103848.csv
2021-10-06T18:00:00Z,1.0,325.0,2021-10-06,MarketResult_SEM-DA_PWR-MRC-D+1_20211005100000_20211005103848.csv
2021-10-06T19:00:00Z,1.0,260.0,2021-10-06,MarketResult_SEM-DA_PWR-MRC-D+1_20211005100000_20211005103848.csv
2021-10-06T20:00:00Z,1.0,235.3,2021-10-06,MarketResult_SEM-DA_PWR-MRC-D+1_20211005100000_20211005103848.csv
2021-10-06T21:00:00Z,1.0,193.0,2021-10-06,MarketResult_SEM-DA_PWR-MRC-D+1_20211005100000_20211005103848.csv
2021-10-06T22:00:00Z,1.0,169.74,2021-10-07,MarketResult_SEM-DA_PWR-MRC-D+1_20211006100000_20211006104013.csv
2021-10-06T23:00:00Z,1.0,151.54,2021-10-07,MarketResult_SEM-DA_PWR-MRC-D+1_20211006100000_20211006104013.csv
2021-10-07T00:00:00Z,1.0,130.39,2021-10-07,MarketResult_SEM-DA_PWR-MRC-D+1_20211006100000_20211006104013.csv
2021-10-07T01:00:00Z,1.0,130.39,2021-10-07,MarketResult_SEM-DA_PWR-MRC-D+1_20211006100000_20211006104013.csv
2021-10-07T02:00:00Z,1.0,130.0,2021-10-07,MarketResult_SEM-DA_PWR-MRC-D+1_20211006100000_20211006104013.csv
2021-10-07T03:00:00Z,1.0,130.39,2021-10-07,MarketResult_SEM-DA_PWR-MRC-D+1_20211006100000_20211006104013.csv
2021-10-07T04:00:00Z,1.0,129.55,2021-10-07,MarketResult_SEM-DA_PWR-MRC-D+1_20211006100000_20211006104013.csv
2021-10-07T05:00:00Z,1.0,172.54,2021-10-07,MarketResult_SEM-DA_PWR-MRC-D+1_20211006100000_20211006104013.csv
2021-10-07T06:00:00Z,1.0,240.55,2021-10-07,MarketResult_SEM-DA_PWR-MRC-D+1_20211006100000_20211006104013.csv
2021-10-07T07:00:00Z,1.0,254.59,2021-10-07,MarketResult_SEM-DA_PWR-MRC-D+1_20211006100000_20211006104013.csv
2021-10-07T08:00:00Z,1.0,241.0,2021-10-07,MarketResult_SEM-DA_PWR-MRC-D+1_20211006100000_20211006104013.csv
2021-10-07T09:00:00Z,1.0,199.0,2021-10-07,MarketResult_SEM-DA_PWR-MRC-D+1_20211006100000_20211006104013.csv
2021-10-07T10:00:00Z,1.0,186.31,2021-10-07,MarketResult_SEM-DA_PWR-MRC-D+1_20211006100000_20211006104013.csv
2021-10-07T11:00:00Z,1.0,175.93,2021-10-07,MarketResult_SEM-DA_PWR-MRC-D+1_20211006100000_20211006104013.csv
2021-10-07T12:00:00Z,1.0,170.98,2021-10-07,MarketResult_SEM-DA_PWR-MRC-D+1_20211006100000_20211006104013.csv
2021-10-07T13:00:00Z,1.0,170.0,2021-10-07,MarketResult_SEM-DA_PWR-MRC-D+1_20211006100000_20211006104013.csv
2021-10-07T14:00:00Z,1.0,173.57,2021-10-07,MarketResult_SEM-DA_PWR-MRC-D+1_20211006100000_20211006104013.csv
2021-10-07T15:00:00Z,1.0,207.71,2021-10-07,MarketResult_SEM-DA_PWR-MRC-D+1_20211006100000_20211006104013.csv
2021-10-07T16:00:00Z,1.0,256.81,2021-10-07,MarketResult_SEM-DA_PWR-MRC-D+1_20211006100000_20211006104013.csv
2021-10-07T17:00:00Z,1.0,293.22,2021-10-07,MarketResult_SEM-DA_PWR-MRC-D+1_20211006100000_20211006104013.csv
2021-10-07T18:00:00Z,1.0,306.07,2021-10-07,MarketResult_SEM-DA_PWR-MRC-D+1_20211006100000_20211006104013.csv
2021-10-07T19:00:00Z,1.0,319.81,2021-10-07,MarketResult_SEM-DA_PWR-MRC-D+1_20211006100000_20211006104013.csv
2021-10-07T20:00:00Z,1.0,293.04,2021-10-07,MarketResult_SEM-DA_PWR-MRC-D+1_20211006100000_20211006104013.csv
2021-10-07T21:00:00Z,1.0,277.1,2021-10-07,MarketResult_SEM-DA_PWR-MRC-D+1_20211006100000_20211006104013.csv
2021-10-07T22:00:00Z,1.0,240.05,2021-10-08,MarketResult_SEM-DA_PWR-MRC-D+1_20211007100000_20211007103853.csv
2021-10-07T23:00:00Z,1.0,229.0,2021-10-08,MarketResult_SEM-DA_PWR-MRC-D+1_20211007100000_20211007103853.csv
2021-10-08T00:00:00Z,1.0,213.0,2021-10-08,MarketResult_SEM-DA_PWR-MRC-D+1_20211007100000_20211007103853.csv
2021-10-08T01:00:00Z,1.0,211.57,2021-10-08,MarketResult_SEM-DA_PWR-MRC-D+1_20211007100000_20211007103853.csv
2021-10-08T02:00:00Z,1.0,199.0,2021-10-08,MarketResult_SEM-DA_PWR-MRC-D+1_20211007100000_20211007103853.csv
2021-10-08T03:00:00Z,1.0,208.38,2021-10-08,MarketResult_SEM-DA_PWR-MRC-D+1_20211007100000_20211007103853.csv
2021-10-08T04:00:00Z,1.0,237.85,2021-10-08,MarketResult_SEM-DA_PWR-MRC-D+1_20211007100000_20211007103853.csv
2021-10-08T05:00:00Z,1.0,250.25,2021-10-08,MarketResult_SEM-DA_PWR-MRC-D+1_20211007100000_20211007103853.csv
2021-10-08T06:00:00Z,1.0,276.54,2021-10-08,MarketResult_SEM-DA_PWR-MRC-D+1_20211007100000_20211007103853.csv
2021-10-08T07:00:00Z,1.0,321.84,2021-10-08,MarketResult_SEM-DA_PWR-MRC-D+1_20211007100000_20211007103853.csv
2021-10-08T08:00:00Z,1.0,304.38,2021-10-08,MarketResult_SEM-DA_PWR-MRC-D+1_20211007100000_20211007103853.csv
2021-10-08T09:00:00Z,1.0,255.0,2021-10-08,MarketResult_SEM-DA_PWR-MRC-D+1_20211007100000_20211007103853.csv
2021-10-08T10:00:00Z,1.0,231.9,2021-10-08,MarketResult_SEM-DA_PWR-MRC-D+1_20211007100000_20211007103853.csv
2021-10-08T11:00:00Z,1.0,221.58,2021-10-08,MarketResult_SEM-DA_PWR-MRC-D+1_20211007100000_20211007103853.csv
2021-10-08T12:00:00Z,1.0,193.11,2021-10-08,MarketResult_SEM-DA_PWR-MRC-D+1_20211007100000_20211007103853.csv
2021-10-08T13:00:00Z,1.0,190.89,2021-10-08,MarketResult_SEM-DA_PWR-MRC-D+1_20211007100000_20211007103853.csv
2021-10-08T14:00:00Z,1.0,202.0,2021-10-08,MarketResult_SEM-DA_PWR-MRC-D+1_20211007100000_20211007103853.csv
2021-10-08T15:00:00Z,1.0,253.49,2021-10-08,MarketResult_SEM-DA_PWR-MRC-D+1_20211007100000_20211007103853.csv
2021-10-08T16:00:00Z,1.0,271.0,2021-10-08,MarketResult_SEM-DA_PWR-MRC-D+1_20211007100000_20211007103853.csv
2021-10-08T17:00:00Z,1.0,299.0,2021-10-08,MarketResult_SEM-DA_PWR-MRC-D+1_20211007100000_20211007103853.csv
2021-10-08T18:00:00Z,1.0,299.0,2021-10-08,MarketResult_SEM-DA_PWR-MRC-D+1_20211007100000_20211007103853.csv
2021-10-08T19:00:00Z,1.0,240.19,2021-10-08,MarketResult_SEM-DA_PWR-MRC-D+1_20211007100000_20211007103853.csv
2021-10-08T20:00:00Z,1.0,222.15,2021-10-08,MarketResult_SEM-DA_PWR-MRC-D+1_20211007100000_20211007103853.csv
2021-10-08T21:00:00Z,1.0,189.93,2021-10-08,MarketResult_SEM-DA_PWR-MRC-D+1_20211007100000_20211007103853.csv
2021-10-08T22:00:00Z,1.0,155.0,2021-10-09,MarketResult_SEM-DA_PWR-MRC-D+1_20211008100000_20211008104216.csv
2021-10-08T23:00:00Z,1.0,194.58,2021-10-09,MarketResult_SEM-DA_PWR-MRC-D+1_20211008100000_20211008104216.csv
2021-10-09T00:00:00Z,1.0,194.0,2021-10-09,MarketResult_SEM-DA_PWR-MRC-D+1_20211008100000_20211008104216.csv
2021-10-09T01:00:00Z,1.0,188.2,2021-10-09,MarketResult_SEM-DA_PWR-MRC-D+1_20211008100000_20211008104216.csv
2021-10-09T02:00:00Z,1.0,193.61,2021-10-09,MarketResult_SEM-DA_PWR-MRC-D+1_20211008100000_20211008104216.csv
2021-10-09T03:00:00Z,1.0,199.0,2021-10-09,MarketResult_SEM-DA_PWR-MRC-D+1_20211008100000_20211008104216.csv
2021-10-09T04:00:00Z,1.0,201.23,2021-10-09,MarketResult_SEM-DA_PWR-MRC-D+1_20211008100000_20211008104216.csv
2021-10-09T05:00:00Z,1.0,236.7,2021-10-09,MarketResult_SEM-DA_PWR-MRC-D+1_20211008100000_20211008104216.csv
2021-10-09T06:00:00Z,1.0,225.0,2021-10-09,MarketResult_SEM-DA_PWR-MRC-D+1_20211008100000_20211008104216.csv
2021-10-09T07:00:00Z,1.0,252.37,2021-10-09,MarketResult_SEM-DA_PWR-MRC-D+1_20211008100000_20211008104216.csv
2021-10-09T08:00:00Z,1.0,279.0,2021-10-09,MarketResult_SEM-DA_PWR-MRC-D+1_20211008100000_20211008104216.csv
2021-10-09T09:00:00Z,1.0,286.14,2021-10-09,MarketResult_SEM-DA_PWR-MRC-D+1_20211008100000_20211008104216.csv
2021-10-09T10:00:00Z,1.0,275.23,2021-10-09,MarketResult_SEM-DA_PWR-MRC-D+1_20211008100000_20211008104216.csv
2021-10-09T11:00:00Z,1.0,269.94,2021-10-09,MarketResult_SEM-DA_PWR-MRC-D+1_20211008100000_20211008104216.csv
2021-10-09T12:00:00Z,1.0,255.0,2021-10-09,MarketResult_SEM-DA_PWR-MRC-D+1_20211008100000_20211008104216.csv
2021-10-09T13:00:00Z,1.0,252.37,2021-10-09,MarketResult_SEM-DA_PWR-MRC-D+1_20211008100000_20211008104216.csv
2021-10-09T14:00:00Z,1.0,256.54,2021-10-09,MarketResult_SEM-DA_PWR-MRC-D+1_20211008100000_20211008104216.csv
2021-10-09T15:00:00Z,1.0,275.46,2021-10-09,MarketResult_SEM-DA_PWR-MRC-D+1_20211008100000_20211008104216.csv
2021-10-09T16:00:00Z,1.0,329.79,2021-10-09,MarketResult_SEM-DA_PWR-MRC-D+1_20211008100000_20211008104216.csv
2021-10-09T17:00:00Z,1.0,354.0,2021-10-09,MarketResult_SEM-DA_PWR-MRC-D+1_20211008100000_20211008104216.csv
2021-10-09T18:00:00Z,1.0,349.02,2021-10-09,MarketResult_SEM-DA_PWR-MRC-D+1_20211008100000_20211008104216.csv
2021-10-09T19:00:00Z,1.0,269.94,2021-10-09,MarketResult_SEM-DA_PWR-MRC-D+1_20211008100000_20211008104216.csv
2021-10-09T20:00:00Z,1.0,256.91,2021-10-09,MarketResult_SEM-DA_PWR-MRC-D+1_20211008100000_20211008104216.csv
2021-10-09T21:00:00Z,1.0,240.24,2021-10-09,MarketResult_SEM-DA_PWR-MRC-D+1_20211008100000_20211008104216.csv
2021-10-09T22:00:00Z,1.0,235.72,2021-10-10,MarketResult_SEM-DA_PWR-MRC-D+1_20211009100000_20211009104017.csv
2021-10-09T23:00:00Z,1.0,211.92,2021-10-10,MarketResult_SEM-DA_PWR-MRC-D+1_20211009100000_20211009104017.csv
2021-10-10T00:00:00Z,1.0,206.55,2021-10-10,MarketResult_SEM-DA_PWR-MRC-D+1_20211009100000_20211009104017.csv
2021-10-10T01:00:00Z,1.0,198.38,2021-10-10,MarketResult_SEM-DA_PWR-MRC-D+1_20211009100000_20211009104017.csv
2021-10-10T02:00:00Z,1.0,188.27,2021-10-10,MarketResult_SEM-DA_PWR-MRC-D+1_20211009100000_20211009104017.csv
2021-10-10T03:00:00Z,1.0,183.05,2021-10-10,MarketResult_SEM-DA_PWR-MRC-D+1_20211009100000_20211009104017.csv
2021-10-10T04:00:00Z,1.0,178.0,2021-10-10,MarketResult_SEM-DA_PWR-MRC-D+1_20211009100000_20211009104017.csv
2021-10-10T05:00:00Z,1.0,191.0,2021-10-10,MarketResult_SEM-DA_PWR-MRC-D+1_20211009100000_20211009104017.csv
2021-10-10T06:00:00Z,1.0,206.03,2021-10-10,MarketResult_SEM-DA_PWR-MRC-D+1_20211009100000_20211009104017.csv
2021-10-10T07:00:00Z,1.0,210.98,2021-10-10,MarketResult_SEM-DA_PWR-MRC-D+1_20211009100000_20211009104017.csv
2021-10-10T08:00:00Z,1.0,249.0,2021-10-10,MarketResult_SEM-DA_PWR-MRC-D+1_20211009100000_20211009104017.csv
2021-10-10T09:00:00Z,1.0,253.0,2021-10-10,MarketResult_SEM-DA_PWR-MRC-D+1_20211009100000_20211009104017.csv
2021-10-10T10:00:00Z,1.0,218.71,2021-10-10,MarketResult_SEM-DA_PWR-MRC-D+1_20211009100000_20211009104017.csv
2021-10-10T11:00:00Z,1.0,212.0,2021-10-10,MarketResult_SEM-DA_PWR-MRC-D+1_20211009100000_20211009104017.csv
2021-10-10T12:00:00Z,1.0,203.59,2021-10-10,MarketResult_SEM-DA_PWR-MRC-D+1_20211009100000_20211009104017.csv
2021-10-10T13:00:00Z,1.0,199.0,2021-10-10,MarketResult_SEM-DA_PWR-MRC-D+1_20211009100000_20211009104017.csv
2021-10-10T14:00:00Z,1.0,198.84,2021-10-10,MarketResult_SEM-DA_PWR-MRC-D+1_20211009100000_20211009104017.csv
2021-10-10T15:00:00Z,1.0,211.16,2021-10-10,MarketResult_SEM-DA_PWR-MRC-D+1_20211009100000_20211009104017.csv
2021-10-10T16:00:00Z,1.0,267.0,2021-10-10,MarketResult_SEM-DA_PWR-MRC-D+1_20211009100000_20211009104017.csv
2021-10-10T17:00:00Z,1.0,341.85,2021-10-10,MarketResult_SEM-DA_PWR-MRC-D+1_20211009100000_20211009104017.csv
2021-10-10T18:00:00Z,1.0,330.79,2021-10-10,MarketResult_SEM-DA_PWR-MRC-D+1_20211009100000_20211009104017.csv
2021-10-10T19:00:00Z,1.0,260.21,2021-10-10,MarketResult_SEM-DA_PWR-MRC-D+1_20211009100000_20211009104017.csv
2021-10-10T20:00:00Z,1.0,225.0,2021-10-10,MarketResult_SEM-DA_PWR-MRC-D+1_20211009100000_20211009104017.csv
2021-10-10T21:00:00Z,1.0,201.0,2021-10-10,MarketResult_SEM-DA_PWR-MRC-D+1_20211009100000_20211009104017.csv
2021-10-10T22:00:00Z,1.0,210.0,2021-10-11,MarketResult_SEM-DA_PWR-MRC-D+1_20211010100000_20211010103847.csv
2021-10-10T23:00:00Z,1.0,208.56,2021-10-11,MarketResult_SEM-DA_PWR-MRC-D+1_20211010100000_20211010103847.csv
2021-10-11T00:00:00Z,1.0,203.34,2021-10-11,MarketResult_SEM-DA_PWR-MRC-D+1_20211010100000_20211010103847.csv
2021-10-11T01:00:00Z,1.0,200.17,2021-10-11,MarketResult_SEM-DA_PWR-MRC-D+1_20211010100000_20211010103847.csv
2021-10-11T02:00:00Z,1.0,200.0,2021-10-11,MarketResult_SEM-DA_PWR-MRC-D+1_20211010100000_20211010103847.csv
2021-10-11T03:00:00Z,1.0,200.17,2021-10-11,MarketResult_SEM-DA_PWR-MRC-D+1_20211010100000_20211010103847.csv
2021-10-11T04:00:00Z,1.0,217.8,2021-10-11,MarketResult_SEM-DA_PWR-MRC-D+1_20211010100000_20211010103847.csv
2021-10-11T05:00:00Z,1.0,239.7,2021-10-11,MarketResult_SEM-DA_PWR-MRC-D+1_20211010100000_20211010103847.csv
2021-10-11T06:00:00Z,1.0,285.0,2021-10-11,MarketResult_SEM-DA_PWR-MRC-D+1_20211010100000_20211010103847.csv
2021-10-11T07:00:00Z,1.0,340.67,2021-10-11,MarketResult_SEM-DA_PWR-MRC-D+1_20211010100000_20211010103847.csv
2021-10-11T08:00:00Z,1.0,317.56,2021-10-11,MarketResult_SEM-DA_PWR-MRC-D+1_20211010100000_20211010103847.csv
2021-10-11T09:00:00Z,1.0,302.45,2021-10-11,MarketResult_SEM-DA_PWR-MRC-D+1_20211010100000_20211010103847.csv
2021-10-11T10:00:00Z,1.0,276.53,2021-10-11,MarketResult_SEM-DA_PWR-MRC-D+1_20211010100000_20211010103847.csv
2021-10-11T11:00:00Z,1.0,255.0,2021-10-11,MarketResult_SEM-DA_PWR-MRC-D+1_20211010100000_20211010103847.csv
2021-10-11T12:00:00Z,1.0,238.62,2021-10-11,MarketResult_SEM-DA_PWR-MRC-D+1_20211010100000_20211010103847.csv
2021-10-11T13:00:00Z,1.0,231.82,2021-10-11,MarketResult_SEM-DA_PWR-MRC-D+1_20211010100000_20211010103847.csv
2021-10-11T14:00:00Z,1.0,231.98,2021-10-11,MarketResult_SEM-DA_PWR-MRC-D+1_20211010100000_20211010103847.csv
2021-10-11T15:00:00Z,1.0,259.0,2021-10-11,MarketResult_SEM-DA_PWR-MRC-D+1_20211010100000_20211010103847.csv
2021-10-11T16:00:00Z,1.0,319.27,2021-10-11,MarketResult_SEM-DA_PWR-MRC-D+1_20211010100000_20211010103847.csv
2021-10-11T17:00:00Z,1.0,388.64,2021-10-11,MarketResult_SEM-DA_PWR-MRC-D+1_20211010100000_20211010103847.csv
2021-10-11T18:00:00Z,1.0,367.24,2021-10-11,MarketResult_SEM-DA_PWR-MRC-D+1_20211010100000_20211010103847.csv
2021-10-11T19:00:00Z,1.0,283.67,2021-10-11,MarketResult_SEM-DA_PWR-MRC-D+1_20211010100000_20211010103847.csv
2021-10-11T20:00:00Z,1.0,232.75,2021-10-11,MarketResult_SEM-DA_PWR-MRC-D+1_20211010100000_20211010103847.csv
2021-10-11T21:00:00Z,1.0,209.16,2021-10-11,MarketResult_SEM-DA_PWR-MRC-D+1_20211010100000_20211010103847.csv
2021-10-11T22:00:00Z,1.0,222.5,2021-10-12,MarketResult_SEM-DA_PWR-MRC-D+1_20211011100000_20211011104143.csv
2021-10-11T23:00:00Z,1.0,194.82,2021-10-12,MarketResult_SEM-DA_PWR-MRC-D+1_20211011100000_20211011104143.csv
2021-10-12T00:00:00Z,1.0,201.0,2021-10-12,MarketResult_SEM-DA_PWR-MRC-D+1_20211011100000_20211011104143.csv
2021-10-12T01:00:00Z,1.0,196.0,2021-10-12,MarketResult_SEM-DA_PWR-MRC-D+1_20211011100000_20211011104143.csv
2021-10-12T02:00:00Z,1.0,192.0,2021-10-12,MarketResult_SEM-DA_PWR-MRC-D+1_20211011100000_20211011104143.csv
2021-10-12T03:00:00Z,1.0,196.85,2021-10-12,MarketResult_SEM-DA_PWR-MRC-D+1_20211011100000_20211011104143.csv
2021-10-12T04:00:00Z,1.0,209.87,2021-10-12,MarketResult_SEM-DA_PWR-MRC-D+1_20211011100000_20211011104143.csv
2021-10-12T05:00:00Z,1.0,236.3,2021-10-12,MarketResult_SEM-DA_PWR-MRC-D+1_20211011100000_20211011104143.csv
2021-10-12T06:00:00Z,1.0,264.03,2021-10-12,MarketResult_SEM-DA_PWR-MRC-D+1_20211011100000_20211011104143.csv
2021-10-12T07:00:00Z,1.0,303.3,2021-10-12,MarketResult_SEM-DA_PWR-MRC-D+1_20211011100000_20211011104143.csv
2021-10-12T08:00:00Z,1.0,296.51,2021-10-12,MarketResult_SEM-DA_PWR-MRC-D+1_20211011100000_20211011104143.csv
2021-10-12T09:00:00Z,1.0,278.33,2021-10-12,MarketResult_SEM-DA_PWR-MRC-D+1_20211011100000_20211011104143.csv
2021-10-12T10:00:00Z,1.0,264.0,2021-10-12,MarketResult_SEM-DA_PWR-MRC-D+1_20211011100000_20211011104143.csv
2021-10-12T11:00:00Z,1.0,267.18,2021-10-12,MarketResult_SEM-DA_PWR-MRC-D+1_20211011100000_20211011104143.csv
2021-10-12T12:00:00Z,1.0,246.29,2021-10-12,MarketResult_SEM-DA_PWR-MRC-D+1_20211011100000_20211011104143.csv
2021-10-12T13:00:00Z,1.0,245.0,2021-10-12,MarketResult_SEM-DA_PWR-MRC-D+1_20211011100000_20211011104143.csv
2021-10-12T14:00:00Z,1.0,259.51,2021-10-12,MarketResult_SEM-DA_PWR-MRC-D+1_20211011100000_20211011104143.csv
2021-10-12T15:00:00Z,1.0,334.0,2021-10-12,MarketResult_SEM-DA_PWR-MRC-D+1_20211011100000_20211011104143.csv
2021-10-12T16:00:00Z,1.0,412.86,2021-10-12,MarketResult_SEM-DA_PWR-MRC-D+1_20211011100000_20211011104143.csv
2021-10-12T17:00:00Z,1.0,495.43,2021-10-12,MarketResult_SEM-DA_PWR-MRC-D+1_20211011100000_20211011104143.csv
2021-10-12T18:00:00Z,1.0,483.45,2021-10-12,MarketResult_SEM-DA_PWR-MRC-D+1_20211011100000_20211011104143.csv
2021-10-12T19:00:00Z,1.0,362.0,2021-10-12,MarketResult_SEM-DA_PWR-MRC-D+1_20211011100000_20211011104143.csv
2021-10-12T20:00:00Z,1.0,294.0,2021-10-12,MarketResult_SEM-DA_PWR-MRC-D+1_20211011100000_20211011104143.csv
2021-10-12T21:00:00Z,1.0,235.51,2021-10-12,MarketResult_SEM-DA_PWR-MRC-D+1_20211011100000_20211011104143.csv
2021-10-12T22:00:00Z,1.0,228.66,2021-10-13,MarketResult_SEM-DA_PWR-MRC-D+1_20211012100000_20211012104411.csv
2021-10-12T23:00:00Z,1.0,207.0,2021-10-13,MarketResult_SEM-DA_PWR-MRC-D+1_20211012100000_20211012104411.csv
2021-10-13T00:00:00Z,1.0,195.51,2021-10-13,MarketResult_SEM-DA_PWR-MRC-D+1_20211012100000_20211012104411.csv
2021-10-13T01:00:00Z,1.0,192.84,2021-10-13,MarketResult_SEM-DA_PWR-MRC-D+1_20211012100000_20211012104411.csv
2021-10-13T02:00:00Z,1.0,189.1,2021-10-13,MarketResult_SEM-DA_PWR-MRC-D+1_20211012100000_20211012104411.csv
2021-10-13T03:00:00Z,1.0,189.0,2021-10-13,MarketResult_SEM-DA_PWR-MRC-D+1_20211012100000_20211012104411.csv
2021-10-13T04:00:00Z,1.0,195.93,2021-10-13,MarketResult_SEM-DA_PWR-MRC-D+1_20211012100000_20211012104411.csv
2021-10-13T05:00:00Z,1.0,230.1,2021-10-13,MarketResult_SEM-DA_PWR-MRC-D+1_20211012100000_20211012104411.csv
2021-10-13T06:00:00Z,1.0,285.0,2021-10-13,MarketResult_SEM-DA_PWR-MRC-D+1_20211012100000_20211012104411.csv
2021-10-13T07:00:00Z,1.0,308.46,2021-10-13,MarketResult_SEM-DA_PWR-MRC-D+1_20211012100000_20211012104411.csv
2021-10-13T08:00:00Z,1.0,295.0,2021-10-13,MarketResult_SEM-DA_PWR-MRC-D+1_20211012100000_20211012104411.csv
2021-10-13T09:00:00Z,1.0,268.0,2021-10-13,MarketResult_SEM-DA_PWR-MRC-D+1_20211012100000_20211012104411.csv
2021-10-13T10:00:00Z,1.0,255.0,2021-10-13,MarketResult_SEM-DA_PWR-MRC-D+1_20211012100000_20211012104411.csv
2021-10-13T11:00:00Z,1.0,244.06,2021-10-13,MarketResult_SEM-DA_PWR-MRC-D+1_20211012100000_20211012104411.csv
2021-10-13T12:00:00Z,1.0,240.95,2021-10-13,MarketResult_SEM-DA_PWR-MRC-D+1_20211012100000_20211012104411.csv
2021-10-13T13:00:00Z,1.0,224.11,2021-10-13,MarketResult_SEM-DA_PWR-MRC-D+1_20211012100000_20211012104411.csv
2021-10-13T14:00:00Z,1.0,224.28,2021-10-13,MarketResult_SEM-DA_PWR-MRC-D+1_20211012100000_20211012104411.csv
2021-10-13T15:00:00Z,1.0,259.69,2021-10-13,MarketResult_SEM-DA_PWR-MRC-D+1_20211012100000_20211012104411.csv
2021-10-13T16:00:00Z,1.0,300.0,2021-10-13,MarketResult_SEM-DA_PWR-MRC-D+1_20211012100000_20211012104411.csv
2021-10-13T17:00:00Z,1.0,338.0,2021-10-13,MarketResult_SEM-DA_PWR-MRC-D+1_20211012100000_20211012104411.csv
2021-10-13T18:00:00Z,1.0,324.0,2021-10-13,MarketResult_SEM-DA_PWR-MRC-D+1_20211012100000_20211012104411.csv
2021-10-13T19:00:00Z,1.0,248.04,2021-10-13,MarketResult_SEM-DA_PWR-MRC-D+1_20211012100000_20211012104411.csv
2021-10-13T20:00:00Z,1.0,219.48,2021-10-13,MarketResult_SEM-DA_PWR-MRC-D+1_20211012100000_20211012104411.csv
2021-10-13T21:00:00Z,1.0,197.67,2021-10-13,MarketResult_SEM-DA_PWR-MRC-D+1_20211012100000_20211012104411.csv
2021-10-13T22:00:00Z,1.0,223.51,2021-10-14,MarketResult_SEM-DA_PWR-MRC-D+1_20211013100000_20211013104236.csv
2021-10-13T23:00:00Z,1.0,199.39,2021-10-14,MarketResult_SEM-DA_PWR-MRC-D+1_20211013100000_20211013104236.csv
2021-10-14T00:00:00Z,1.0,196.0,2021-10-14,MarketResult_SEM-DA_PWR-MRC-D+1_20211013100000_20211013104236.csv
2021-10-14T01:00:00Z,1.0,185.01,2021-10-14,MarketResult_SEM-DA_PWR-MRC-D+1_20211013100000_20211013104236.csv
2021-10-14T02:00:00Z,1.0,163.3,2021-10-14,MarketResult_SEM-DA_PWR-MRC-D+1_20211013100000_20211013104236.csv
2021-10-14T03:00:00Z,1.0,165.88,2021-10-14,MarketResult_SEM-DA_PWR-MRC-D+1_20211013100000_20211013104236.csv
2021-10-14T04:00:00Z,1.0,182.99,2021-10-14,MarketResult_SEM-DA_PWR-MRC-D+1_20211013100000_20211013104236.csv
2021-10-14T05:00:00Z,1.0,205.13,2021-10-14,MarketResult_SEM-DA_PWR-MRC-D+1_20211013100000_20211013104236.csv
2021-10-14T06:00:00Z,1.0,265.24,2021-10-14,MarketResult_SEM-DA_PWR-MRC-D+1_20211013100000_20211013104236.csv
2021-10-14T07:00:00Z,1.0,288.25,2021-10-14,MarketResult_SEM-DA_PWR-MRC-D+1_20211013100000_20211013104236.csv
2021-10-14T08:00:00Z,1.0,275.52,2021-10-14,MarketResult_SEM-DA_PWR-MRC-D+1_20211013100000_20211013104236.csv
2021-10-14T09:00:00Z,1.0,236.84,2021-10-14,MarketResult_SEM-DA_PWR-MRC-D+1_20211013100000_20211013104236.csv
2021-10-14T10:00:00Z,1.0,210.75,2021-10-14,MarketResult_SEM-DA_PWR-MRC-D+1_20211013100000_20211013104236.csv
2021-10-14T11:00:00Z,1.0,201.0,2021-10-14,MarketResult_SEM-DA_PWR-MRC-D+1_20211013100000_20211013104236.csv
2021-10-14T12:00:00Z,1.0,187.12,2021-10-14,MarketResult_SEM-DA_PWR-MRC-D+1_20211013100000_20211013104236.csv
2021-10-14T13:00:00Z,1.0,180.66,2021-10-14,MarketResult_SEM-DA_PWR-MRC-D+1_20211013100000_20211013104236.csv
2021-10-14T14:00:00Z,1.0,191.36,2021-10-14,MarketResult_SEM-DA_PWR-MRC-D+1_20211013100000_20211013104236.csv
2021-10-14T15:00:00Z,1.0,215.75,2021-10-14,MarketResult_SEM-DA_PWR-MRC-D+1_20211013100000_20211013104236.csv
2021-10-14T16:00:00Z,1.0,246.0,2021-10-14,MarketResult_SEM-DA_PWR-MRC-D+1_20211013100000_20211013104236.csv
2021-10-14T17:00:00Z,1.0,296.13,2021-10-14,MarketResult_SEM-DA_PWR-MRC-D+1_20211013100000_20211013104236.csv
2021-10-14T18:00:00Z,1.0,305.32,2021-10-14,MarketResult_SEM-DA_PWR-MRC-D+1_20211013100000_20211013104236.csv
2021-10-14T19:00:00Z,1.0,252.18,2021-10-14,MarketResult_SEM-DA_PWR-MRC-D+1_20211013100000_20211013104236.csv
2021-10-14T20:00:00Z,1.0,225.97,2021-10-14,MarketResult_SEM-DA_PWR-MRC-D+1_20211013100000_20211013104236.csv
2021-10-14T21:00:00Z,1.0,206.14,2021-10-14,MarketResult_SEM-DA_PWR-MRC-D+1_20211013100000_20211013104236.csv
2021-10-14T22:00:00Z,1.0,210.77,2021-10-15,MarketResult_SEM-DA_PWR-MRC-D+1_20211014100000_20211014105220.csv
2021-10-14T23:00:00Z,1.0,203.0,2021-10-15,MarketResult_SEM-DA_PWR-MRC-D+1_20211014100000_20211014105220.csv
2021-10-15T00:00:00Z,1.0,200.38,2021-10-15,MarketResult_SEM-DA_PWR-MRC-D+1_20211014100000_20211014105220.csv
2021-10-15T01:00:00Z,1.0,205.46,2021-10-15,MarketResult_SEM-DA_PWR-MRC-D+1_20211014100000_20211014105220.csv
2021-10-15T02:00:00Z,1.0,208.0,2021-10-15,MarketResult_SEM-DA_PWR-MRC-D+1_20211014100000_20211014105220.csv
2021-10-15T03:00:00Z,1.0,213.43,2021-10-15,MarketResult_SEM-DA_PWR-MRC-D+1_20211014100000_20211014105220.csv
2021-10-15T04:00:00Z,1.0,222.06,2021-10-15,MarketResult_SEM-DA_PWR-MRC-D+1_20211014100000_20211014105220.csv
2021-10-15T05:00:00Z,1.0,243.4,2021-10-15,MarketResult_SEM-DA_PWR-MRC-D+1_20211014100000_20211014105220.csv
2021-10-15T06:00:00Z,1.0,265.12,2021-10-15,MarketResult_SEM-DA_PWR-MRC-D+1_20211014100000_20211014105220.csv
2021-10-15T07:00:00Z,1.0,308.95,2021-10-15,MarketResult_SEM-DA_PWR-MRC-D+1_20211014100000_20211014105220.csv
2021-10-15T08:00:00Z,1.0,297.0,2021-10-15,MarketResult_SEM-DA_PWR-MRC-D+1_20211014100000_20211014105220.csv
2021-10-15T09:00:00Z,1.0,290.71,2021-10-15,MarketResult_SEM-DA_PWR-MRC-D+1_20211014100000_20211014105220.csv
2021-10-15T10:00:00Z,1.0,290.71,2021-10-15,MarketResult_SEM-DA_PWR-MRC-D+1_20211014100000_20211014105220.csv
2021-10-15T11:00:00Z,1.0,321.99,2021-10-15,MarketResult_SEM-DA_PWR-MRC-D+1_20211014100000_20211014105220.csv
2021-10-15T12:00:00Z,1.0,316.0,2021-10-15,MarketResult_SEM-DA_PWR-MRC-D+1_20211014100000_20211014105220.csv
2021-10-15T13:00:00Z,1.0,297.0,2021-10-15,MarketResult_SEM-DA_PWR-MRC-D+1_20211014100000_20211014105220.csv
2021-10-15T14:00:00Z,1.0,289.57,2021-10-15,MarketResult_SEM-DA_PWR-MRC-D+1_20211014100000_20211014105220.csv
2021-10-15T15:00:00Z,1.0,352.0,2021-10-15,MarketResult_SEM-DA_PWR-MRC-D+1_20211014100000_20211014105220.csv
2021-10-15T16:00:00Z,1.0,486.68,2021-10-15,MarketResult_SEM-DA_PWR-MRC-D+1_20211014100000_20211014105220.csv
2021-10-15T17:00:00Z,1.0,480.0,2021-10-15,MarketResult_SEM-DA_PWR-MRC-D+1_20211014100000_20211014105220.csv
2021-10-15T18:00:00Z,1.0,474.02,2021-10-15,MarketResult_SEM-DA_PWR-MRC-D+1_20211014100000_20211014105220.csv
2021-10-15T19:00:00Z,1.0,351.3,2021-10-15,MarketResult_SEM-DA_PWR-MRC-D+1_20211014100000_20211014105220.csv
2021-10-15T20:00:00Z,1.0,274.63,2021-10-15,MarketResult_SEM-DA_PWR-MRC-D+1_20211014100000_20211014105220.csv
2021-10-15T21:00:00Z,1.0,227.53,2021-10-15,MarketResult_SEM-DA_PWR-MRC-D+1_20211014100000_20211014105220.csv
2021-10-15T22:00:00Z,1.0,279.0,2021-10-16,MarketResult_SEM-DA_PWR-MRC-D+1_20211015100000_20211015103715.csv
2021-10-15T23:00:00Z,1.0,235.0,2021-10-16,MarketResult_SEM-DA_PWR-MRC-D+1_20211015100000_20211015103715.csv
2021-10-16T00:00:00Z,1.0,224.42,2021-10-16,MarketResult_SEM-DA_PWR-MRC-D+1_20211015100000_20211015103715.csv
2021-10-16T01:00:00Z,1.0,216.31,2021-10-16,MarketResult_SEM-DA_PWR-MRC-D+1_20211015100000_20211015103715.csv
2021-10-16T02:00:00Z,1.0,213.08,2021-10-16,MarketResult_SEM-DA_PWR-MRC-D+1_20211015100000_20211015103715.csv
2021-10-16T03:00:00Z,1.0,205.0,2021-10-16,MarketResult_SEM-DA_PWR-MRC-D+1_20211015100000_20211015103715.csv
2021-10-16T04:00:00Z,1.0,210.43,2021-10-16,MarketResult_SEM-DA_PWR-MRC-D+1_20211015100000_20211015103715.csv
2021-10-16T05:00:00Z,1.0,222.7,2021-10-16,MarketResult_SEM-DA_PWR-MRC-D+1_20211015100000_20211015103715.csv
2021-10-16T06:00:00Z,1.0,241.87,2021-10-16,MarketResult_SEM-DA_PWR-MRC-D+1_20211015100000_20211015103715.csv
2021-10-16T07:00:00Z,1.0,267.62,2021-10-16,MarketResult_SEM-DA_PWR-MRC-D+1_20211015100000_20211015103715.csv
2021-10-16T08:00:00Z,1.0,281.76,2021-10-16,MarketResult_SEM-DA_PWR-MRC-D+1_20211015100000_20211015103715.csv
2021-10-16T09:00:00Z,1.0,259.23,2021-10-16,MarketResult_SEM-DA_PWR-MRC-D+1_20211015100000_20211015103715.csv
2021-10-16T10:00:00Z,1.0,243.99,2021-10-16,MarketResult_SEM-DA_PWR-MRC-D+1_20211015100000_20211015103715.csv
2021-10-16T11:00:00Z,1.0,234.29,2021-10-16,MarketResult_SEM-DA_PWR-MRC-D+1_20211015100000_20211015103715.csv
2021-10-16T12:00:00Z,1.0,219.22,2021-10-16,MarketResult_SEM-DA_PWR-MRC-D+1_20211015100000_20211015103715.csv
2021-10-16T13:00:00Z,1.0,202.7,2021-10-16,MarketResult_SEM-DA_PWR-MRC-D+1_20211015100000_20211015103715.csv
2021-10-16T14:00:00Z,1.0,213.0,2021-10-16,MarketResult_SEM-DA_PWR-MRC-D+1_20211015100000_20211015103715.csv
2021-10-16T15:00:00Z,1.0,241.87,2021-10-16,MarketResult_SEM-DA_PWR-MRC-D+1_20211015100000_20211015103715.csv
2021-10-16T16:00:00Z,1.0,290.6,2021-10-16,MarketResult_SEM-DA_PWR-MRC-D+1_20211015100000_20211015103715.csv
2021-10-16T17:00:00Z,1.0,300.0,2021-10-16,MarketResult_SEM-DA_PWR-MRC-D+1_20211015100000_20211015103715.csv
2021-10-16T18:00:00Z,1.0,279.96,2021-10-16,MarketResult_SEM-DA_PWR-MRC-D+1_20211015100000_20211015103715.csv
2021-10-16T19:00:00Z,1.0,218.0,2021-10-16,MarketResult_SEM-DA_PWR-MRC-D+1_20211015100000_20211015103715.csv
2021-10-16T20:00:00Z,1.0,210.75,2021-10-16,MarketResult_SEM-DA_PWR-MRC-D+1_20211015100000_20211015103715.csv
2021-10-16T21:00:00Z,1.0,188.0,2021-10-16,MarketResult_SEM-DA_PWR-MRC-D+1_20211015100000_20211015103715.csv
2021-10-16T22:00:00Z,1.0,179.0,2021-10-17,MarketResult_SEM-DA_PWR-MRC-D+1_20211016100000_20211016104239.csv
2021-10-16T23:00:00Z,1.0,171.7,2021-10-17,MarketResult_SEM-DA_PWR-MRC-D+1_20211016100000_20211016104239.csv
2021-10-17T00:00:00Z,1.0,168.0,2021-10-17,MarketResult_SEM-DA_PWR-MRC-D+1_20211016100000_20211016104239.csv
2021-10-17T01:00:00Z,1.0,158.48,2021-10-17,MarketResult_SEM-DA_PWR-MRC-D+1_20211016100000_20211016104239.csv
2021-10-17T02:00:00Z,1.0,156.38,2021-10-17,MarketResult_SEM-DA_PWR-MRC-D+1_20211016100000_20211016104239.csv
2021-10-17T03:00:00Z,1.0,149.36,2021-10-17,MarketResult_SEM-DA_PWR-MRC-D+1_20211016100000_20211016104239.csv
2021-10-17T04:00:00Z,1.0,158.48,2021-10-17,MarketResult_SEM-DA_PWR-MRC-D+1_20211016100000_20211016104239.csv
2021-10-17T05:00:00Z,1.0,170.41,2021-10-17,MarketResult_SEM-DA_PWR-MRC-D+1_20211016100000_20211016104239.csv
2021-10-17T06:00:00Z,1.0,188.15,2021-10-17,MarketResult_SEM-DA_PWR-MRC-D+1_20211016100000_20211016104239.csv
2021-10-17T07:00:00Z,1.0,199.0,2021-10-17,MarketResult_SEM-DA_PWR-MRC-D+1_20211016100000_20211016104239.csv
2021-10-17T08:00:00Z,1.0,216.13,2021-10-17,MarketResult_SEM-DA_PWR-MRC-D+1_20211016100000_20211016104239.csv
2021-10-17T09:00:00Z,1.0,226.0,2021-10-17,MarketResult_SEM-DA_PWR-MRC-D+1_20211016100000_20211016104239.csv
2021-10-17T10:00:00Z,1.0,229.0,2021-10-17,MarketResult_SEM-DA_PWR-MRC-D+1_20211016100000_20211016104239.csv
2021-10-17T11:00:00Z,1.0,237.8,2021-10-17,MarketResult_SEM-DA_PWR-MRC-D+1_20211016100000_20211016104239.csv
2021-10-17T12:00:00Z,1.0,232.1,2021-10-17,MarketResult_SEM-DA_PWR-MRC-D+1_20211016100000_20211016104239.csv
2021-10-17T13:00:00Z,1.0,221.0,2021-10-17,MarketResult_SEM-DA_PWR-MRC-D+1_20211016100000_20211016104239.csv
2021-10-17T14:00:00Z,1.0,205.85,2021-10-17,MarketResult_SEM-DA_PWR-MRC-D+1_20211016100000_20211016104239.csv
2021-10-17T15:00:00Z,1.0,244.0,2021-10-17,MarketResult_SEM-DA_PWR-MRC-D+1_20211016100000_20211016104239.csv
2021-10-17T16:00:00Z,1.0,299.0,2021-10-17,MarketResult_SEM-DA_PWR-MRC-D+1_20211016100000_20211016104239.csv
2021-10-17T17:00:00Z,1.0,338.09,2021-10-17,MarketResult_SEM-DA_PWR-MRC-D+1_20211016100000_20211016104239.csv
2021-10-17T18:00:00Z,1.0,337.09,2021-10-17,MarketResult_SEM-DA_PWR-MRC-D+1_20211016100000_20211016104239.csv
2021-10-17T19:00:00Z,1.0,244.13,2021-10-17,MarketResult_SEM-DA_PWR-MRC-D+1_20211016100000_20211016104239.csv
2021-10-17T20:00:00Z,1.0,228.91,2021-10-17,MarketResult_SEM-DA_PWR-MRC-D+1_20211016100000_20211016104239.csv
2021-10-17T21:00:00Z,1.0,214.1,2021-10-17,MarketResult_SEM-DA_PWR-MRC-D+1_20211016100000_20211016104239.csv
2021-10-17T22:00:00Z,1.0,200.0,2021-10-18,MarketResult_SEM-DA_PWR-MRC-D+1_20211017100000_20211017104026.csv
2021-10-17T23:00:00Z,1.0,169.26,2021-10-18,MarketResult_SEM-DA_PWR-MRC-D+1_20211017100000_20211017104026.csv
2021-10-18T00:00:00Z,1.0,170.83,2021-10-18,MarketResult_SEM-DA_PWR-MRC-D+1_20211017100000_20211017104026.csv
2021-10-18T01:00:00Z,1.0,156.18,2021-10-18,MarketResult_SEM-DA_PWR-MRC-D+1_20211017100000_20211017104026.csv
2021-10-18T02:00:00Z,1.0,150.01,2021-10-18,MarketResult_SEM-DA_PWR-MRC-D+1_20211017100000_20211017104026.csv
2021-10-18T03:00:00Z,1.0,147.0,2021-10-18,MarketResult_SEM-DA_PWR-MRC-D+1_20211017100000_20211017104026.csv
2021-10-18T04:00:00Z,1.0,141.62,2021-10-18,MarketResult_SEM-DA_PWR-MRC-D+1_20211017100000_20211017104026.csv
2021-10-18T05:00:00Z,1.0,173.48,2021-10-18,MarketResult_SEM-DA_PWR-MRC-D+1_20211017100000_20211017104026.csv
2021-10-18T06:00:00Z,1.0,218.45,2021-10-18,MarketResult_SEM-DA_PWR-MRC-D+1_20211017100000_20211017104026.csv
2021-10-18T07:00:00Z,1.0,228.87,2021-10-18,MarketResult_SEM-DA_PWR-MRC-D+1_20211017100000_20211017104026.csv
2021-10-18T08:00:00Z,1.0,226.26,2021-10-18,MarketResult_SEM-DA_PWR-MRC-D+1_20211017100000_20211017104026.csv
2021-10-18T09:00:00Z,1.0,215.0,2021-10-18,MarketResult_SEM-DA_PWR-MRC-D+1_20211017100000_20211017104026.csv
2021-10-18T10:00:00Z,1.0,213.49,2021-10-18,MarketResult_SEM-DA_PWR-MRC-D+1_20211017100000_20211017104026.csv
2021-10-18T11:00:00Z,1.0,206.2,2021-10-18,MarketResult_SEM-DA_PWR-MRC-D+1_20211017100000_20211017104026.csv
2021-10-18T12:00:00Z,1.0,201.0,2021-10-18,MarketResult_SEM-DA_PWR-MRC-D+1_20211017100000_20211017104026.csv
2021-10-18T13:00:00Z,1.0,201.9,2021-10-18,MarketResult_SEM-DA_PWR-MRC-D+1_20211017100000_20211017104026.csv
2021-10-18T14:00:00Z,1.0,212.2,2021-10-18,MarketResult_SEM-DA_PWR-MRC-D+1_20211017100000_20211017104026.csv
2021-10-18T15:00:00Z,1.0,241.6,2021-10-18,MarketResult_SEM-DA_PWR-MRC-D+1_20211017100000_20211017104026.csv
2021-10-18T16:00:00Z,1.0,267.1,2021-10-18,MarketResult_SEM-DA_PWR-MRC-D+1_20211017100000_20211017104026.csv
2021-10-18T17:00:00Z,1.0,307.0,2021-10-18,MarketResult_SEM-DA_PWR-MRC-D+1_20211017100000_20211017104026.csv
2021-10-18T18:00:00Z,1.0,277.76,2021-10-18,MarketResult_SEM-DA_PWR-MRC-D+1_20211017100000_20211017104026.csv
2021-10-18T19:00:00Z,1.0,231.75,2021-10-18,MarketResult_SEM-DA_PWR-MRC-D+1_20211017100000_20211017104026.csv
2021-10-18T20:00:00Z,1.0,220.01,2021-10-18,MarketResult_SEM-DA_PWR-MRC-D+1_20211017100000_20211017104026.csv
2021-10-18T21:00:00Z,1.0,174.96,2021-10-18,MarketResult_SEM-DA_PWR-MRC-D+1_20211017100000_20211017104026.csv
2021-10-18T22:00:00Z,1.0,198.0,2021-10-19,MarketResult_SEM-DA_PWR-MRC-D+1_20211018100000_20211018104838.csv
2021-10-18T23:00:00Z,1.0,173.0,2021-10-19,MarketResult_SEM-DA_PWR-MRC-D+1_20211018100000_20211018104838.csv
2021-10-19T00:00:00Z,1.0,170.51,2021-10-19,MarketResult_SEM-DA_PWR-MRC-D+1_20211018100000_20211018104838.csv
2021-10-19T01:00:00Z,1.0,174.45,2021-10-19,MarketResult_SEM-DA_PWR-MRC-D+1_20211018100000_20211018104838.csv
2021-10-19T02:00:00Z,1.0,168.5,2021-10-19,MarketResult_SEM-DA_PWR-MRC-D+1_20211018100000_20211018104838.csv
2021-10-19T03:00:00Z,1.0,170.51,2021-10-19,MarketResult_SEM-DA_PWR-MRC-D+1_20211018100000_20211018104838.csv
2021-10-19T04:00:00Z,1.0,170.51,2021-10-19,MarketResult_SEM-DA_PWR-MRC-D+1_20211018100000_20211018104838.csv
2021-10-19T05:00:00Z,1.0,201.0,2021-10-19,MarketResult_SEM-DA_PWR-MRC-D+1_20211018100000_20211018104838.csv
2021-10-19T06:00:00Z,1.0,223.29,2021-10-19,MarketResult_SEM-DA_PWR-MRC-D+1_20211018100000_20211018104838.csv
2021-10-19T07:00:00Z,1.0,253.72,2021-10-19,MarketResult_SEM-DA_PWR-MRC-D+1_20211018100000_20211018104838.csv
2021-10-19T08:00:00Z,1.0,234.0,2021-10-19,MarketResult_SEM-DA_PWR-MRC-D+1_20211018100000_20211018104838.csv
2021-10-19T09:00:00Z,1.0,209.21,2021-10-19,MarketResult_SEM-DA_PWR-MRC-D+1_20211018100000_20211018104838.csv
2021-10-19T10:00:00Z,1.0,204.0,2021-10-19,MarketResult_SEM-DA_PWR-MRC-D+1_20211018100000_20211018104838.csv
2021-10-19T11:00:00Z,1.0,184.05,2021-10-19,MarketResult_SEM-DA_PWR-MRC-D+1_20211018100000_20211018104838.csv
2021-10-19T12:00:00Z,1.0,180.0,2021-10-19,MarketResult_SEM-DA_PWR-MRC-D+1_20211018100000_20211018104838.csv
2021-10-19T13:00:00Z,1.0,176.81,2021-10-19,MarketResult_SEM-DA_PWR-MRC-D+1_20211018100000_20211018104838.csv
2021-10-19T14:00:00Z,1.0,170.8,2021-10-19,MarketResult_SEM-DA_PWR-MRC-D+1_20211018100000_20211018104838.csv
2021-10-19T15:00:00Z,1.0,186.31,2021-10-19,MarketResult_SEM-DA_PWR-MRC-D+1_20211018100000_20211018104838.csv
2021-10-19T16:00:00Z,1.0,216.0,2021-10-19,MarketResult_SEM-DA_PWR-MRC-D+1_20211018100000_20211018104838.csv
2021-10-19T17:00:00Z,1.0,259.0,2021-10-19,MarketResult_SEM-DA_PWR-MRC-D+1_20211018100000_20211018104838.csv
2021-10-19T18:00:00Z,1.0,245.54,2021-10-19,MarketResult_SEM-DA_PWR-MRC-D+1_20211018100000_20211018104838.csv
2021-10-19T19:00:00Z,1.0,217.0,2021-10-19,MarketResult_SEM-DA_PWR-MRC-D+1_20211018100000_20211018104838.csv
2021-10-19T20:00:00Z,1.0,204.74,2021-10-19,MarketResult_SEM-DA_PWR-MRC-D+1_20211018100000_20211018104838.csv
2021-10-19T21:00:00Z,1.0,190.0,2021-10-19,MarketResult_SEM-DA_PWR-MRC-D+1_20211018100000_20211018104838.csv
2021-10-19T22:00:00Z,1.0,141.89,2021-10-20,MarketResult_SEM-DA_PWR-MRC-D+1_20211019100000_20211019103647.csv
2021-10-19T23:00:00Z,1.0,135.3,2021-10-20,MarketResult_SEM-DA_PWR-MRC-D+1_20211019100000_20211019103647.csv
2021-10-20T00:00:00Z,1.0,145.95,2021-10-20,MarketResult_SEM-DA_PWR-MRC-D+1_20211019100000_20211019103647.csv
2021-10-20T01:00:00Z,1.0,146.51,2021-10-20,MarketResult_SEM-DA_PWR-MRC-D+1_20211019100000_20211019103647.csv
2021-10-20T02:00:00Z,1.0,150.35,2021-10-20,MarketResult_SEM-DA_PWR-MRC-D+1_20211019100000_20211019103647.csv
2021-10-20T03:00:00Z,1.0,164.0,2021-10-20,MarketResult_SEM-DA_PWR-MRC-D+1_20211019100000_20211019103647.csv
2021-10-20T04:00:00Z,1.0,178.49,2021-10-20,MarketResult_SEM-DA_PWR-MRC-D+1_20211019100000_20211019103647.csv
2021-10-20T05:00:00Z,1.0,221.0,2021-10-20,MarketResult_SEM-DA_PWR-MRC-D+1_20211019100000_20211019103647.csv
2021-10-20T06:00:00Z,1.0,256.0,2021-10-20,MarketResult_SEM-DA_PWR-MRC-D+1_20211019100000_20211019103647.csv
2021-10-20T07:00:00Z,1.0,318.0,2021-10-20,MarketResult_SEM-DA_PWR-MRC-D+1_20211019100000_20211019103647.csv
2021-10-20T08:00:00Z,1.0,300.0,2021-10-20,MarketResult_SEM-DA_PWR-MRC-D+1_20211019100000_20211019103647.csv
2021-10-20T09:00:00Z,1.0,285.21,2021-10-20,MarketResult_SEM-DA_PWR-MRC-D+1_20211019100000_20211019103647.csv
2021-10-20T10:00:00Z,1.0,247.0,2021-10-20,MarketResult_SEM-DA_PWR-MRC-D+1_20211019100000_20211019103647.csv
2021-10-20T11:00:00Z,1.0,216.37,2021-10-20,MarketResult_SEM-DA_PWR-MRC-D+1_20211019100000_20211019103647.csv
2021-10-20T12:00:00Z,1.0,191.0,2021-10-20,MarketResult_SEM-DA_PWR-MRC-D+1_20211019100000_20211019103647.csv
2021-10-20T13:00:00Z,1.0,180.33,2021-10-20,MarketResult_SEM-DA_PWR-MRC-D+1_20211019100000_20211019103647.csv
2021-10-20T14:00:00Z,1.0,181.14,2021-10-20,MarketResult_SEM-DA_PWR-MRC-D+1_20211019100000_20211019103647.csv
2021-10-20T15:00:00Z,1.0,212.31,2021-10-20,MarketResult_SEM-DA_PWR-MRC-D+1_20211019100000_20211019103647.csv
2021-10-20T16:00:00Z,1.0,218.77,2021-10-20,MarketResult_SEM-DA_PWR-MRC-D+1_20211019100000_20211019103647.csv
2021-10-20T17:00:00Z,1.0,289.37,2021-10-20,MarketResult_SEM-DA_PWR-MRC-D+1_20211019100000_20211019103647.csv
2021-10-20T18:00:00Z,1.0,270.51,2021-10-20,MarketResult_SEM-DA_PWR-MRC-D+1_20211019100000_20211019103647.csv
2021-10-20T19:00:00Z,1.0,199.0,2021-10-20,MarketResult_SEM-DA_PWR-MRC-D+1_20211019100000_20211019103647.csv
2021-10-20T20:00:00Z,1.0,201.74,2021-10-20,MarketResult_SEM-DA_PWR-MRC-D+1_20211019100000_20211019103647.csv
2021-10-20T21:00:00Z,1.0,178.83,2021-10-20,MarketResult_SEM-DA_PWR-MRC-D+1_20211019100000_20211019103647.csv
2021-10-20T22:00:00Z,1.0,176.61,2021-10-21,MarketResult_SEM-DA_PWR-MRC-D+1_20211020100000_20211020103927.csv
2021-10-20T23:00:00Z,1.0,113.75,2021-10-21,MarketResult_SEM-DA_PWR-MRC-D+1_20211020100000_20211020103927.csv
2021-10-21T00:00:00Z,1.0,65.0,2021-10-21,MarketResult_SEM-DA_PWR-MRC-D+1_20211020100000_20211020103927.csv
2021-10-21T01:00:00Z,1.0,95.0,2021-10-21,MarketResult_SEM-DA_PWR-MRC-D+1_20211020100000_20211020103927.csv
2021-10-21T02:00:00Z,1.0,95.0,2021-10-21,MarketResult_SEM-DA_PWR-MRC-D+1_20211020100000_20211020103927.csv
2021-10-21T03:00:00Z,1.0,113.0,2021-10-21,MarketResult_SEM-DA_PWR-MRC-D+1_20211020100000_20211020103927.csv
2021-10-21T04:00:00Z,1.0,120.0,2021-10-21,MarketResult_SEM-DA_PWR-MRC-D+1_20211020100000_20211020103927.csv
2021-10-21T05:00:00Z,1.0,195.0,2021-10-21,MarketResult_SEM-DA_PWR-MRC-D+1_20211020100000_20211020103927.csv
2021-10-21T06:00:00Z,1.0,225.0,2021-10-21,MarketResult_SEM-DA_PWR-MRC-D+1_20211020100000_20211020103927.csv
2021-10-21T07:00:00Z,1.0,275.0,2021-10-21,MarketResult_SEM-DA_PWR-MRC-D+1_20211020100000_20211020103927.csv
2021-10-21T08:00:00Z,1.0,274.97,2021-10-21,MarketResult_SEM-DA_PWR-MRC-D+1_20211020100000_20211020103927.csv
2021-10-21T09:00:00Z,1.0,255.0,2021-10-21,MarketResult_SEM-DA_PWR-MRC-D+1_20211020100000_20211020103927.csv
2021-10-21T10:00:00Z,1.0,224.32,2021-10-21,MarketResult_SEM-DA_PWR-MRC-D+1_20211020100000_20211020103927.csv
2021-10-21T11:00:00Z,1.0,209.6,2021-10-21,MarketResult_SEM-DA_PWR-MRC-D+1_20211020100000_20211020103927.csv
2021-10-21T12:00:00Z,1.0,189.22,2021-10-21,MarketResult_SEM-DA_PWR-MRC-D+1_20211020100000_20211020103927.csv
2021-10-21T13:00:00Z,1.0,180.0,2021-10-21,MarketResult_SEM-DA_PWR-MRC-D+1_20211020100000_20211020103927.csv
2021-10-21T14:00:00Z,1.0,181.87,2021-10-21,MarketResult_SEM-DA_PWR-MRC-D+1_20211020100000_20211020103927.csv
2021-10-21T15:00:00Z,1.0,202.14,2021-10-21,MarketResult_SEM-DA_PWR-MRC-D+1_20211020100000_20211020103927.csv
2021-10-21T16:00:00Z,1.0,229.4,2021-10-21,MarketResult_SEM-DA_PWR-MRC-D+1_20211020100000_20211020103927.csv
2021-10-21T17:00:00Z,1.0,291.69,2021-10-21,MarketResult_SEM-DA_PWR-MRC-D+1_20211020100000_20211020103927.csv
2021-10-21T18:00:00Z,1.0,278.0,2021-10-21,MarketResult_SEM-DA_PWR-MRC-D+1_20211020100000_20211020103927.csv
2021-10-21T19:00:00Z,1.0,219.77,2021-10-21,MarketResult_SEM-DA_PWR-MRC-D+1_20211020100000_20211020103927.csv
2021-10-21T20:00:00Z,1.0,209.78,2021-10-21,MarketResult_SEM-DA_PWR-MRC-D+1_20211020100000_20211020103927.csv
2021-10-21T21:00:00Z,1.0,190.78,2021-10-21,MarketResult_SEM-DA_PWR-MRC-D+1_20211020100000_20211020103927.csv
2021-10-21T22:00:00Z,1.0,183.98,2021-10-22,MarketResult_SEM-DA_PWR-MRC-D+1_20211021100000_20211021104341.csv
2021-10-21T23:00:00Z,1.0,150.45,2021-10-22,MarketResult_SEM-DA_PWR-MRC-D+1_20211021100000_20211021104341.csv
2021-10-22T00:00:00Z,1.0,126.15,2021-10-22,MarketResult_SEM-DA_PWR-MRC-D+1_20211021100000_20211021104341.csv
2021-10-22T01:00:00Z,1.0,114.94,2021-10-22,MarketResult_SEM-DA_PWR-MRC-D+1_20211021100000_20211021104341.csv
2021-10-22T02:00:00Z,1.0,115.0,2021-10-22,MarketResult_SEM-DA_PWR-MRC-D+1_20211021100000_20211021104341.csv
2021-10-22T03:00:00Z,1.0,120.99,2021-10-22,MarketResult_SEM-DA_PWR-MRC-D+1_20211021100000_20211021104341.csv
2021-10-22T04:00:00Z,1.0,171.0,2021-10-22,MarketResult_SEM-DA_PWR-MRC-D+1_20211021100000_20211021104341.csv
2021-10-22T05:00:00Z,1.0,201.82,2021-10-22,MarketResult_SEM-DA_PWR-MRC-D+1_20211021100000_20211021104341.csv
2021-10-22T06:00:00Z,1.0,217.0,2021-10-22,MarketResult_SEM-DA_PWR-MRC-D+1_20211021100000_20211021104341.csv
2021-10-22T07:00:00Z,1.0,247.0,2021-10-22,MarketResult_SEM-DA_PWR-MRC-D+1_20211021100000_20211021104341.csv
2021-10-22T08:00:00Z,1.0,248.0,2021-10-22,MarketResult_SEM-DA_PWR-MRC-D+1_20211021100000_20211021104341.csv
2021-10-22T09:00:00Z,1.0,246.0,2021-10-22,MarketResult_SEM-DA_PWR-MRC-D+1_20211021100000_20211021104341.csv
2021-10-22T10:00:00Z,1.0,225.0,2021-10-22,MarketResult_SEM-DA_PWR-MRC-D+1_20211021100000_20211021104341.csv
2021-10-22T11:00:00Z,1.0,218.22,2021-10-22,MarketResult_SEM-DA_PWR-MRC-D+1_20211021100000_20211021104341.csv
2021-10-22T12:00:00Z,1.0,218.22,2021-10-22,MarketResult_SEM-DA_PWR-MRC-D+1_20211021100000_20211021104341.csv
2021-10-22T13:00:00Z,1.0,218.22,2021-10-22,MarketResult_SEM-DA_PWR-MRC-D+1_20211021100000_20211021104341.csv
2021-10-22T14:00:00Z,1.0,227.0,2021-10-22,MarketResult_SEM-DA_PWR-MRC-D+1_20211021100000_20211021104341.csv
2021-10-22T15:00:00Z,1.0,258.0,2021-10-22,MarketResult_SEM-DA_PWR-MRC-D+1_20211021100000_20211021104341.csv
2021-10-22T16:00:00Z,1.0,280.0,2021-10-22,MarketResult_SEM-DA_PWR-MRC-D+1_20211021100000_20211021104341.csv
2021-10-22T17:00:00Z,1.0,356.42,2021-10-22,MarketResult_SEM-DA_PWR-MRC-D+1_20211021100000_20211021104341.csv
2021-10-22T18:00:00Z,1.0,338.0,2021-10-22,MarketResult_SEM-DA_PWR-MRC-D+1_20211021100000_20211021104341.csv
2021-10-22T19:00:00Z,1.0,271.0,2021-10-22,MarketResult_SEM-DA_PWR-MRC-D+1_20211021100000_20211021104341.csv
2021-10-22T20:00:00Z,1.0,226.75,2021-10-22,MarketResult_SEM-DA_PWR-MRC-D+1_20211021100000_20211021104341.csv
2021-10-22T21:00:00Z,1.0,212.33,2021-10-22,MarketResult_SEM-DA_PWR-MRC-D+1_20211021100000_20211021104341.csv
2021-10-22T22:00:00Z,1.0,229.73,2021-10-23,MarketResult_SEM-DA_PWR-MRC-D+1_20211022100000_20211022104202.csv
2021-10-22T23:00:00Z,1.0,213.37,2021-10-23,MarketResult_SEM-DA_PWR-MRC-D+1_20211022100000_20211022104202.csv
2021-10-23T00:00:00Z,1.0,203.6,2021-10-23,MarketResult_SEM-DA_PWR-MRC-D+1_20211022100000_20211022104202.csv
2021-10-23T01:00:00Z,1.0,174.02,2021-10-23,MarketResult_SEM-DA_PWR-MRC-D+1_20211022100000_20211022104202.csv
2021-10-23T02:00:00Z,1.0,150.02,2021-10-23,MarketResult_SEM-DA_PWR-MRC-D+1_20211022100000_20211022104202.csv
2021-10-23T03:00:00Z,1.0,140.0,2021-10-23,MarketResult_SEM-DA_PWR-MRC-D+1_20211022100000_20211022104202.csv
2021-10-23T04:00:00Z,1.0,101.62,2021-10-23,MarketResult_SEM-DA_PWR-MRC-D+1_20211022100000_20211022104202.csv
2021-10-23T05:00:00Z,1.0,115.0,2021-10-23,MarketResult_SEM-DA_PWR-MRC-D+1_20211022100000_20211022104202.csv
2021-10-23T06:00:00Z,1.0,144.0,2021-10-23,MarketResult_SEM-DA_PWR-MRC-D+1_20211022100000_20211022104202.csv
2021-10-23T07:00:00Z,1.0,175.0,2021-10-23,MarketResult_SEM-DA_PWR-MRC-D+1_20211022100000_20211022104202.csv
2021-10-23T08:00:00Z,1.0,186.1,2021-10-23,MarketResult_SEM-DA_PWR-MRC-D+1_20211022100000_20211022104202.csv
2021-10-23T09:00:00Z,1.0,174.7,2021-10-23,MarketResult_SEM-DA_PWR-MRC-D+1_20211022100000_20211022104202.csv
2021-10-23T10:00:00Z,1.0,166.18,2021-10-23,MarketResult_SEM-DA_PWR-MRC-D+1_20211022100000_20211022104202.csv
2021-10-23T11:00:00Z,1.0,145.0,2021-10-23,MarketResult_SEM-DA_PWR-MRC-D+1_20211022100000_20211022104202.csv
2021-10-23T12:00:00Z,1.0,130.56,2021-10-23,MarketResult_SEM-DA_PWR-MRC-D+1_20211022100000_20211022104202.csv
2021-10-23T13:00:00Z,1.0,122.75,2021-10-23,MarketResult_SEM-DA_PWR-MRC-D+1_20211022100000_20211022104202.csv
2021-10-23T14:00:00Z,1.0,120.0,2021-10-23,MarketResult_SEM-DA_PWR-MRC-D+1_20211022100000_20211022104202.csv
2021-10-23T15:00:00Z,1.0,127.04,2021-10-23,MarketResult_SEM-DA_PWR-MRC-D+1_20211022100000_20211022104202.csv
2021-10-23T16:00:00Z,1.0,175.0,2021-10-23,MarketResult_SEM-DA_PWR-MRC-D+1_20211022100000_20211022104202.csv
2021-10-23T17:00:00Z,1.0,209.7,2021-10-23,MarketResult_SEM-DA_PWR-MRC-D+1_20211022100000_20211022104202.csv
2021-10-23T18:00:00Z,1.0,212.41,2021-10-23,MarketResult_SEM-DA_PWR-MRC-D+1_20211022100000_20211022104202.csv
2021-10-23T19:00:00Z,1.0,193.65,2021-10-23,MarketResult_SEM-DA_PWR-MRC-D+1_20211022100000_20211022104202.csv
2021-10-23T20:00:00Z,1.0,186.1,2021-10-23,MarketResult_SEM-DA_PWR-MRC-D+1_20211022100000_20211022104202.csv
2021-10-23T21:00:00Z,1.0,168.0,2021-10-23,MarketResult_SEM-DA_PWR-MRC-D+1_20211022100000_20211022104202.csv
2021-10-23T22:00:00Z,1.0,128.0,2021-10-24,MarketResult_SEM-DA_PWR-MRC-D+1_20211023100000_20211023104301.csv
2021-10-23T23:00:00Z,1.0,113.41,2021-10-24,MarketResult_SEM-DA_PWR-MRC-D+1_20211023100000_20211023104301.csv
2021-10-24T00:00:00Z,1.0,110.33,2021-10-24,MarketResult_SEM-DA_PWR-MRC-D+1_20211023100000_20211023104301.csv
2021-10-24T01:00:00Z,1.0,96.0,2021-10-24,MarketResult_SEM-DA_PWR-MRC-D+1_20211023100000_20211023104301.csv
2021-10-24T02:00:00Z,1.0,87.52,2021-10-24,MarketResult_SEM-DA_PWR-MRC-D+1_20211023100000_20211023104301.csv
2021-10-24T03:00:00Z,1.0,86.9,2021-10-24,MarketResult_SEM-DA_PWR-MRC-D+1_20211023100000_20211023104301.csv
2021-10-24T04:00:00Z,1.0,87.52,2021-10-24,MarketResult_SEM-DA_PWR-MRC-D+1_20211023100000_20211023104301.csv
2021-10-24T05:00:00Z,1.0,103.27,2021-10-24,MarketResult_SEM-DA_PWR-MRC-D+1_20211023100000_20211023104301.csv
2021-10-24T06:00:00Z,1.0,153.86,2021-10-24,MarketResult_SEM-DA_PWR-MRC-D+1_20211023100000_20211023104301.csv
2021-10-24T07:00:00Z,1.0,177.0,2021-10-24,MarketResult_SEM-DA_PWR-MRC-D+1_20211023100000_20211023104301.csv
2021-10-24T08:00:00Z,1.0,186.3,2021-10-24,MarketResult_SEM-DA_PWR-MRC-D+1_20211023100000_20211023104301.csv
2021-10-24T09:00:00Z,1.0,217.62,2021-10-24,MarketResult_SEM-DA_PWR-MRC-D+1_20211023100000_20211023104301.csv
2021-10-24T10:00:00Z,1.0,203.0,2021-10-24,MarketResult_SEM-DA_PWR-MRC-D+1_20211023100000_20211023104301.csv
2021-10-24T11:00:00Z,1.0,207.6,2021-10-24,MarketResult_SEM-DA_PWR-MRC-D+1_20211023100000_20211023104301.csv
2021-10-24T12:00:00Z,1.0,213.1,2021-10-24,MarketResult_SEM-DA_PWR-MRC-D+1_20211023100000_20211023104301.csv
2021-10-24T13:00:00Z,1.0,185.0,2021-10-24,MarketResult_SEM-DA_PWR-MRC-D+1_20211023100000_20211023104301.csv
2021-10-24T14:00:00Z,1.0,160.08,2021-10-24,MarketResult_SEM-DA_PWR-MRC-D+1_20211023100000_20211023104301.csv
2021-10-24T15:00:00Z,1.0,200.18,2021-10-24,MarketResult_SEM-DA_PWR-MRC-D+1_20211023100000_20211023104301.csv
2021-10-24T16:00:00Z,1.0,234.24,2021-10-24,MarketResult_SEM-DA_PWR-MRC-D+1_20211023100000_20211023104301.csv
2021-10-24T17:00:00Z,1.0,278.8,2021-10-24,MarketResult_SEM-DA_PWR-MRC-D+1_20211023100000_20211023104301.csv
2021-10-24T18:00:00Z,1.0,248.0,2021-10-24,MarketResult_SEM-DA_PWR-MRC-D+1_20211023100000_20211023104301.csv
2021-10-24T19:00:00Z,1.0,210.16,2021-10-24,MarketResult_SEM-DA_PWR-MRC-D+1_20211023100000_20211023104301.csv
2021-10-24T20:00:00Z,1.0,203.1,2021-10-24,MarketResult_SEM-DA_PWR-MRC-D+1_20211023100000_20211023104301.csv
2021-10-24T21:00:00Z,1.0,180.9,2021-10-24,MarketResult_SEM-DA_PWR-MRC-D+1_20211023100000_20211023104301.csv
2021-10-24T22:00:00Z,1.0,163.0,2021-10-25,MarketResult_SEM-DA_PWR-MRC-D+1_20211024100000_20211024103654.csv
2021-10-24T23:00:00Z,1.0,139.43,2021-10-25,MarketResult_SEM-DA_PWR-MRC-D+1_20211024100000_20211024103654.csv
2021-10-25T00:00:00Z,1.0,141.65,2021-10-25,MarketResult_SEM-DA_PWR-MRC-D+1_20211024100000_20211024103654.csv
2021-10-25T01:00:00Z,1.0,132.3,2021-10-25,MarketResult_SEM-DA_PWR-MRC-D+1_20211024100000_20211024103654.csv
2021-10-25T02:00:00Z,1.0,135.0,2021-10-25,MarketResult_SEM-DA_PWR-MRC-D+1_20211024100000_20211024103654.csv
2021-10-25T03:00:00Z,1.0,147.5,2021-10-25,MarketResult_SEM-DA_PWR-MRC-D+1_20211024100000_20211024103654.csv
2021-10-25T04:00:00Z,1.0,192.36,2021-10-25,MarketResult_SEM-DA_PWR-MRC-D+1_20211024100000_20211024103654.csv
2021-10-25T05:00:00Z,1.0,220.0,2021-10-25,MarketResult_SEM-DA_PWR-MRC-D+1_20211024100000_20211024103654.csv
2021-10-25T06:00:00Z,1.0,217.34,2021-10-25,MarketResult_SEM-DA_PWR-MRC-D+1_20211024100000_20211024103654.csv
2021-10-25T07:00:00Z,1.0,222.0,2021-10-25,MarketResult_SEM-DA_PWR-MRC-D+1_20211024100000_20211024103654.csv
2021-10-25T08:00:00Z,1.0,242.91,2021-10-25,MarketResult_SEM-DA_PWR-MRC-D+1_20211024100000_20211024103654.csv
2021-10-25T09:00:00Z,1.0,231.0,2021-10-25,MarketResult_SEM-DA_PWR-MRC-D+1_20211024100000_20211024103654.csv
2021-10-25T10:00:00Z,1.0,225.0,2021-10-25,MarketResult_SEM-DA_PWR-MRC-D+1_20211024100000_20211024103654.csv
2021-10-25T11:00:00Z,1.0,215.4,2021-10-25,MarketResult_SEM-DA_PWR-MRC-D+1_20211024100000_20211024103654.csv
2021-10-25T12:00:00Z,1.0,215.41,2021-10-25,MarketResult_SEM-DA_PWR-MRC-D+1_20211024100000_20211024103654.csv
2021-10-25T13:00:00Z,1.0,203.66,2021-10-25,MarketResult_SEM-DA_PWR-MRC-D+1_20211024100000_20211024103654.csv
2021-10-25T14:00:00Z,1.0,209.03,2021-10-25,MarketResult_SEM-DA_PWR-MRC-D+1_20211024100000_20211024103654.csv
2021-10-25T15:00:00Z,1.0,222.68,2021-10-25,MarketResult_SEM-DA_PWR-MRC-D+1_20211024100000_20211024103654.csv
2021-10-25T16:00:00Z,1.0,262.95,2021-10-25,MarketResult_SEM-DA_PWR-MRC-D+1_20211024100000_20211024103654.csv
2021-10-25T17:00:00Z,1.0,307.35,2021-10-25,MarketResult_SEM-DA_PWR-MRC-D+1_20211024100000_20211024103654.csv
2021-10-25T18:00:00Z,1.0,274.8,2021-10-25,MarketResult_SEM-DA_PWR-MRC-D+1_20211024100000_20211024103654.csv
2021-10-25T19:00:00Z,1.0,220.3,2021-10-25,MarketResult_SEM-DA_PWR-MRC-D+1_20211024100000_20211024103654.csv
2021-10-25T20:00:00Z,1.0,214.99,2021-10-25,MarketResult_SEM-DA_PWR-MRC-D+1_20211024100000_20211024103654.csv
2021-10-25T21:00:00Z,1.0,188.0,2021-10-25,MarketResult_SEM-DA_PWR-MRC-D+1_20211024100000_20211024103654.csv
2021-10-25T22:00:00Z,1.0,221.0,2021-10-26,MarketResult_SEM-DA_PWR-MRC-D+1_20211025100000_20211025103737.csv
2021-10-25T23:00:00Z,1.0,200.32,2021-10-26,MarketResult_SEM-DA_PWR-MRC-D+1_20211025100000_20211025103737.csv
2021-10-26T00:00:00Z,1.0,165.0,2021-10-26,MarketResult_SEM-DA_PWR-MRC-D+1_20211025100000_20211025103737.csv
2021-10-26T01:00:00Z,1.0,130.0,2021-10-26,MarketResult_SEM-DA_PWR-MRC-D+1_20211025100000_20211025103737.csv
2021-10-26T02:00:00Z,1.0,114.19,2021-10-26,MarketResult_SEM-DA_PWR-MRC-D+1_20211025100000_20211025103737.csv
2021-10-26T03:00:00Z,1.0,106.62,2021-10-26,MarketResult_SEM-DA_PWR-MRC-D+1_20211025100000_20211025103737.csv
2021-10-26T04:00:00Z,1.0,113.76,2021-10-26,MarketResult_SEM-DA_PWR-MRC-D+1_20211025100000_20211025103737.csv
2021-10-26T05:00:00Z,1.0,150.58,2021-10-26,MarketResult_SEM-DA_PWR-MRC-D+1_20211025100000_20211025103737.csv
2021-10-26T06:00:00Z,1.0,244.09,2021-10-26,MarketResult_SEM-DA_PWR-MRC-D+1_20211025100000_20211025103737.csv
2021-10-26T07:00:00Z,1.0,263.0,2021-10-26,MarketResult_SEM-DA_PWR-MRC-D+1_20211025100000_20211025103737.csv
2021-10-26T08:00:00Z,1.0,252.5,2021-10-26,MarketResult_SEM-DA_PWR-MRC-D+1_20211025100000_20211025103737.csv
2021-10-26T09:00:00Z,1.0,225.0,2021-10-26,MarketResult_SEM-DA_PWR-MRC-D+1_20211025100000_20211025103737.csv
2021-10-26T10:00:00Z,1.0,200.9,2021-10-26,MarketResult_SEM-DA_PWR-MRC-D+1_20211025100000_20211025103737.csv
2021-10-26T11:00:00Z,1.0,187.0,2021-10-26,MarketResult_SEM-DA_PWR-MRC-D+1_20211025100000_20211025103737.csv
2021-10-26T12:00:00Z,1.0,172.5,2021-10-26,MarketResult_SEM-DA_PWR-MRC-D+1_20211025100000_20211025103737.csv
2021-10-26T13:00:00Z,1.0,157.56,2021-10-26,MarketResult_SEM-DA_PWR-MRC-D+1_20211025100000_20211025103737.csv
2021-10-26T14:00:00Z,1.0,157.5,2021-10-26,MarketResult_SEM-DA_PWR-MRC-D+1_20211025100000_20211025103737.csv
2021-10-26T15:00:00Z,1.0,191.56,2021-10-26,MarketResult_SEM-DA_PWR-MRC-D+1_20211025100000_20211025103737.csv
2021-10-26T16:00:00Z,1.0,220.0,2021-10-26,MarketResult_SEM-DA_PWR-MRC-D+1_20211025100000_20211025103737.csv
2021-10-26T17:00:00Z,1.0,244.0,2021-10-26,MarketResult_SEM-DA_PWR-MRC-D+1_20211025100000_20211025103737.csv
2021-10-26T18:00:00Z,1.0,215.0,2021-10-26,MarketResult_SEM-DA_PWR-MRC-D+1_20211025100000_20211025103737.csv
2021-10-26T19:00:00Z,1.0,187.0,2021-10-26,MarketResult_SEM-DA_PWR-MRC-D+1_20211025100000_20211025103737.csv
2021-10-26T20:00:00Z,1.0,156.01,2021-10-26,MarketResult_SEM-DA_PWR-MRC-D+1_20211025100000_20211025103737.csv
2021-10-26T21:00:00Z,1.0,112.0,2021-10-26,MarketResult_SEM-DA_PWR-MRC-D+1_20211025100000_20211025103737.csv
2021-10-26T22:00:00Z,1.0,99.0,2021-10-27,MarketResult_SEM-DA_PWR-MRC-D+1_20211026100000_20211026103730.csv
2021-10-26T23:00:00Z,1.0,82.0,2021-10-27,MarketResult_SEM-DA_PWR-MRC-D+1_20211026100000_20211026103730.csv
2021-10-27T00:00:00Z,1.0,55.51,2021-10-27,MarketResult_SEM-DA_PWR-MRC-D+1_20211026100000_20211026103730.csv
2021-10-27T01:00:00Z,1.0,66.0,2021-10-27,MarketResult_SEM-DA_PWR-MRC-D+1_20211026100000_20211026103730.csv
2021-10-27T02:00:00Z,1.0,55.51,2021-10-27,MarketResult_SEM-DA_PWR-MRC-D+1_20211026100000_20211026103730.csv
2021-10-27T03:00:00Z,1.0,64.56,2021-10-27,MarketResult_SEM-DA_PWR-MRC-D+1_20211026100000_20211026103730.csv
2021-10-27T04:00:00Z,1.0,113.0,2021-10-27,MarketResult_SEM-DA_PWR-MRC-D+1_20211026100000_20211026103730.csv
2021-10-27T05:00:00Z,1.0,171.41,2021-10-27,MarketResult_SEM-DA_PWR-MRC-D+1_20211026100000_20211026103730.csv
2021-10-27T06:00:00Z,1.0,202.9,2021-10-27,MarketResult_SEM-DA_PWR-MRC-D+1_20211026100000_20211026103730.csv
2021-10-27T07:00:00Z,1.0,225.0,2021-10-27,MarketResult_SEM-DA_PWR-MRC-D+1_20211026100000_20211026103730.csv
2021-10-27T08:00:00Z,1.0,228.92,2021-10-27,MarketResult_SEM-DA_PWR-MRC-D+1_20211026100000_20211026103730.csv
2021-10-27T09:00:00Z,1.0,219.5,2021-10-27,MarketResult_SEM-DA_PWR-MRC-D+1_20211026100000_20211026103730.csv
2021-10-27T10:00:00Z,1.0,216.0,2021-10-27,MarketResult_SEM-DA_PWR-MRC-D+1_20211026100000_20211026103730.csv
2021-10-27T11:00:00Z,1.0,211.27,2021-10-27,MarketResult_SEM-DA_PWR-MRC-D+1_20211026100000_20211026103730.csv
2021-10-27T12:00:00Z,1.0,211.27,2021-10-27,MarketResult_SEM-DA_PWR-MRC-D+1_20211026100000_20211026103730.csv
2021-10-27T13:00:00Z,1.0,210.0,2021-10-27,MarketResult_SEM-DA_PWR-MRC-D+1_20211026100000_20211026103730.csv
2021-10-27T14:00:00Z,1.0,211.27,2021-10-27,MarketResult_SEM-DA_PWR-MRC-D+1_20211026100000_20211026103730.csv
2021-10-27T15:00:00Z,1.0,225.0,2021-10-27,MarketResult_SEM-DA_PWR-MRC-D+1_20211026100000_20211026103730.csv
2021-10-27T16:00:00Z,1.0,250.0,2021-10-27,MarketResult_SEM-DA_PWR-MRC-D+1_20211026100000_20211026103730.csv
2021-10-27T17:00:00Z,1.0,294.52,2021-10-27,MarketResult_SEM-DA_PWR-MRC-D+1_20211026100000_20211026103730.csv
2021-10-27T18:00:00Z,1.0,280.94,2021-10-27,MarketResult_SEM-DA_PWR-MRC-D+1_20211026100000_20211026103730.csv
2021-10-27T19:00:00Z,1.0,245.0,2021-10-27,MarketResult_SEM-DA_PWR-MRC-D+1_20211026100000_20211026103730.csv
2021-10-27T20:00:00Z,1.0,227.0,2021-10-27,MarketResult_SEM-DA_PWR-MRC-D+1_20211026100000_20211026103730.csv
2021-10-27T21:00:00Z,1.0,211.05,2021-10-27,MarketResult_SEM-DA_PWR-MRC-D+1_20211026100000_20211026103730.csv
2021-10-27T22:00:00Z,1.0,183.3,2021-10-28,MarketResult_SEM-DA_PWR-MRC-D+1_20211027100000_20211027103652.csv
2021-10-27T23:00:00Z,1.0,166.99,2021-10-28,MarketResult_SEM-DA_PWR-MRC-D+1_20211027100000_20211027103652.csv
2021-10-28T00:00:00Z,1.0,172.43,2021-10-28,MarketResult_SEM-DA_PWR-MRC-D+1_20211027100000_20211027103652.csv
2021-10-28T01:00:00Z,1.0,172.43,2021-10-28,MarketResult_SEM-DA_PWR-MRC-D+1_20211027100000_20211027103652.csv
2021-10-28T02:00:00Z,1.0,172.43,2021-10-28,MarketResult_SEM-DA_PWR-MRC-D+1_20211027100000_20211027103652.csv
2021-10-28T03:00:00Z,1.0,172.43,2021-10-28,MarketResult_SEM-DA_PWR-MRC-D+1_20211027100000_20211027103652.csv
2021-10-28T04:00:00Z,1.0,201.49,2021-10-28,MarketResult_SEM-DA_PWR-MRC-D+1_20211027100000_20211027103652.csv
2021-10-28T05:00:00Z,1.0,217.0,2021-10-28,MarketResult_SEM-DA_PWR-MRC-D+1_20211027100000_20211027103652.csv
2021-10-28T06:00:00Z,1.0,246.4,2021-10-28,MarketResult_SEM-DA_PWR-MRC-D+1_20211027100000_20211027103652.csv
2021-10-28T07:00:00Z,1.0,263.85,2021-10-28,MarketResult_SEM-DA_PWR-MRC-D+1_20211027100000_20211027103652.csv
2021-10-28T08:00:00Z,1.0,247.64,2021-10-28,MarketResult_SEM-DA_PWR-MRC-D+1_20211027100000_20211027103652.csv
2021-10-28T09:00:00Z,1.0,227.2,2021-10-28,MarketResult_SEM-DA_PWR-MRC-D+1_20211027100000_20211027103652.csv
2021-10-28T10:00:00Z,1.0,229.11,2021-10-28,MarketResult_SEM-DA_PWR-MRC-D+1_20211027100000_20211027103652.csv
2021-10-28T11:00:00Z,1.0,221.24,2021-10-28,MarketResult_SEM-DA_PWR-MRC-D+1_20211027100000_20211027103652.csv
2021-10-28T12:00:00Z,1.0,215.0,2021-10-28,MarketResult_SEM-DA_PWR-MRC-D+1_20211027100000_20211027103652.csv
2021-10-28T13:00:00Z,1.0,215.0,2021-10-28,MarketResult_SEM-DA_PWR-MRC-D+1_20211027100000_20211027103652.csv
2021-10-28T14:00:00Z,1.0,220.0,2021-10-28,MarketResult_SEM-DA_PWR-MRC-D+1_20211027100000_20211027103652.csv
2021-10-28T15:00:00Z,1.0,249.0,2021-10-28,MarketResult_SEM-DA_PWR-MRC-D+1_20211027100000_20211027103652.csv
2021-10-28T16:00:00Z,1.0,297.48,2021-10-28,MarketResult_SEM-DA_PWR-MRC-D+1_20211027100000_20211027103652.csv
2021-10-28T17:00:00Z,1.0,341.0,2021-10-28,MarketResult_SEM-DA_PWR-MRC-D+1_20211027100000_20211027103652.csv
2021-10-28T18:00:00Z,1.0,330.0,2021-10-28,MarketResult_SEM-DA_PWR-MRC-D+1_20211027100000_20211027103652.csv
2021-10-28T19:00:00Z,1.0,301.0,2021-10-28,MarketResult_SEM-DA_PWR-MRC-D+1_20211027100000_20211027103652.csv
2021-10-28T20:00:00Z,1.0,230.23,2021-10-28,MarketResult_SEM-DA_PWR-MRC-D+1_20211027100000_20211027103652.csv
2021-10-28T21:00:00Z,1.0,218.0,2021-10-28,MarketResult_SEM-DA_PWR-MRC-D+1_20211027100000_20211027103652.csv
2021-10-28T22:00:00Z,1.0,279.31,2021-10-29,MarketResult_SEM-DA_PWR-MRC-D+1_20211028100000_20211028103651.csv
2021-10-28T23:00:00Z,1.0,296.0,2021-10-29,MarketResult_SEM-DA_PWR-MRC-D+1_20211028100000_20211028103651.csv
2021-10-29T00:00:00Z,1.0,230.0,2021-10-29,MarketResult_SEM-DA_PWR-MRC-D+1_20211028100000_20211028103651.csv
2021-10-29T01:00:00Z,1.0,229.0,2021-10-29,MarketResult_SEM-DA_PWR-MRC-D+1_20211028100000_20211028103651.csv
2021-10-29T02:00:00Z,1.0,221.7,2021-10-29,MarketResult_SEM-DA_PWR-MRC-D+1_20211028100000_20211028103651.csv
2021-10-29T03:00:00Z,1.0,216.24,2021-10-29,MarketResult_SEM-DA_PWR-MRC-D+1_20211028100000_20211028103651.csv
2021-10-29T04:00:00Z,1.0,220.9,2021-10-29,MarketResult_SEM-DA_PWR-MRC-D+1_20211028100000_20211028103651.csv
2021-10-29T05:00:00Z,1.0,216.24,2021-10-29,MarketResult_SEM-DA_PWR-MRC-D+1_20211028100000_20211028103651.csv
2021-10-29T06:00:00Z,1.0,265.55,2021-10-29,MarketResult_SEM-DA_PWR-MRC-D+1_20211028100000_20211028103651.csv
2021-10-29T07:00:00Z,1.0,312.0,2021-10-29,MarketResult_SEM-DA_PWR-MRC-D+1_20211028100000_20211028103651.csv
2021-10-29T08:00:00Z,1.0,329.0,2021-10-29,MarketResult_SEM-DA_PWR-MRC-D+1_20211028100000_20211028103651.csv
2021-10-29T09:00:00Z,1.0,332.58,2021-10-29,MarketResult_SEM-DA_PWR-MRC-D+1_20211028100000_20211028103651.csv
2021-10-29T10:00:00Z,1.0,297.0,2021-10-29,MarketResult_SEM-DA_PWR-MRC-D+1_20211028100000_20211028103651.csv
2021-10-29T11:00:00Z,1.0,240.28,2021-10-29,MarketResult_SEM-DA_PWR-MRC-D+1_20211028100000_20211028103651.csv
2021-10-29T12:00:00Z,1.0,222.35,2021-10-29,MarketResult_SEM-DA_PWR-MRC-D+1_20211028100000_20211028103651.csv
2021-10-29T13:00:00Z,1.0,214.13,2021-10-29,MarketResult_SEM-DA_PWR-MRC-D+1_20211028100000_20211028103651.csv
2021-10-29T14:00:00Z,1.0,214.13,2021-10-29,MarketResult_SEM-DA_PWR-MRC-D+1_20211028100000_20211028103651.csv
2021-10-29T15:00:00Z,1.0,229.77,2021-10-29,MarketResult_SEM-DA_PWR-MRC-D+1_20211028100000_20211028103651.csv
2021-10-29T16:00:00Z,1.0,266.73,2021-10-29,MarketResult_SEM-DA_PWR-MRC-D+1_20211028100000_20211028103651.csv
2021-10-29T17:00:00Z,1.0,301.88,2021-10-29,MarketResult_SEM-DA_PWR-MRC-D+1_20211028100000_20211028103651.csv
2021-10-29T18:00:00Z,1.0,296.0,2021-10-29,MarketResult_SEM-DA_PWR-MRC-D+1_20211028100000_20211028103651.csv
2021-10-29T19:00:00Z,1.0,227.0,2021-10-29,MarketResult_SEM-DA_PWR-MRC-D+1_20211028100000_20211028103651.csv
2021-10-29T20:00:00Z,1.0,212.1,2021-10-29,MarketResult_SEM-DA_PWR-MRC-D+1_20211028100000_20211028103651.csv
2021-10-29T21:00:00Z,1.0,186.0,2021-10-29,MarketResult_SEM-DA_PWR-MRC-D+1_20211028100000_20211028103651.csv
2021-10-29T22:00:00Z,1.0,219.72,2021-10-30,MarketResult_SEM-DA_PWR-MRC-D+1_20211029100000_20211029103624.csv
2021-10-29T23:00:00Z,1.0,213.94,2021-10-30,MarketResult_SEM-DA_PWR-MRC-D+1_20211029100000_20211029103624.csv
2021-10-30T00:00:00Z,1.0,173.0,2021-10-30,MarketResult_SEM-DA_PWR-MRC-D+1_20211029100000_20211029103624.csv
2021-10-30T01:00:00Z,1.0,170.43,2021-10-30,MarketResult_SEM-DA_PWR-MRC-D+1_20211029100000_20211029103624.csv
2021-10-30T02:00:00Z,1.0,164.47,2021-10-30,MarketResult_SEM-DA_PWR-MRC-D+1_20211029100000_20211029103624.csv
2021-10-30T03:00:00Z,1.0,143.55,2021-10-30,MarketResult_SEM-DA_PWR-MRC-D+1_20211029100000_20211029103624.csv
2021-10-30T04:00:00Z,1.0,143.55,2021-10-30,MarketResult_SEM-DA_PWR-MRC-D+1_20211029100000_20211029103624.csv
2021-10-30T05:00:00Z,1.0,167.15,2021-10-30,MarketResult_SEM-DA_PWR-MRC-D+1_20211029100000_20211029103624.csv
2021-10-30T06:00:00Z,1.0,171.54,2021-10-30,MarketResult_SEM-DA_PWR-MRC-D+1_20211029100000_20211029103624.csv
2021-10-30T07:00:00Z,1.0,205.0,2021-10-30,MarketResult_SEM-DA_PWR-MRC-D+1_20211029100000_20211029103624.csv
2021-10-30T08:00:00Z,1.0,236.67,2021-10-30,MarketResult_SEM-DA_PWR-MRC-D+1_20211029100000_20211029103624.csv
2021-10-30T09:00:00Z,1.0,250.0,2021-10-30,MarketResult_SEM-DA_PWR-MRC-D+1_20211029100000_20211029103624.csv
2021-10-30T10:00:00Z,1.0,236.78,2021-10-30,MarketResult_SEM-DA_PWR-MRC-D+1_20211029100000_20211029103624.csv
2021-10-30T11:00:00Z,1.0,216.96,2021-10-30,MarketResult_SEM-DA_PWR-MRC-D+1_20211029100000_20211029103624.csv
2021-10-30T12:00:00Z,1.0,192.21,2021-10-30,MarketResult_SEM-DA_PWR-MRC-D+1_20211029100000_20211029103624.csv
2021-10-30T13:00:00Z,1.0,173.66,2021-10-30,MarketResult_SEM-DA_PWR-MRC-D+1_20211029100000_20211029103624.csv
2021-10-30T14:00:00Z,1.0,173.0,2021-10-30,MarketResult_SEM-DA_PWR-MRC-D+1_20211029100000_20211029103624.csv
2021-10-30T15:00:00Z,1.0,195.74,2021-10-30,MarketResult_SEM-DA_PWR-MRC-D+1_20211029100000_20211029103624.csv
2021-10-30T16:00:00Z,1.0,228.0,2021-10-30,MarketResult_SEM-DA_PWR-MRC-D+1_20211029100000_20211029103624.csv
2021-10-30T17:00:00Z,1.0,249.0,2021-10-30,MarketResult_SEM-DA_PWR-MRC-D+1_20211029100000_20211029103624.csv
2021-10-30T18:00:00Z,1.0,202.03,2021-10-30,MarketResult_SEM-DA_PWR-MRC-D+1_20211029100000_20211029103624.csv
2021-10-30T19:00:00Z,1.0,159.0,2021-10-30,MarketResult_SEM-DA_PWR-MRC-D+1_20211029100000_20211029103624.csv
2021-10-30T20:00:00Z,1.0,159.39,2021-10-30,MarketResult_SEM-DA_PWR-MRC-D+1_20211029100000_20211029103624.csv
2021-10-30T21:00:00Z,1.0,151.75,2021-10-30,MarketResult_SEM-DA_PWR-MRC-D+1_20211029100000_20211029103624.csv
2021-10-30T22:00:00Z,1.0,165.0,2021-10-31,MarketResult_SEM-DA_PWR-MRC-D+1_20211030100000_20211030104153.csv
2021-10-30T23:00:00Z,1.0,145.44,2021-10-31,MarketResult_SEM-DA_PWR-MRC-D+1_20211030100000_20211030104153.csv
2021-10-31T00:00:00Z,1.0,130.0,2021-10-31,MarketResult_SEM-DA_PWR-MRC-D+1_20211030100000_20211030104153.csv
2021-10-31T01:00:00Z,1.0,112.18,2021-10-31,MarketResult_SEM-DA_PWR-MRC-D+1_20211030100000_20211030104153.csv
2021-10-31T02:00:00Z,1.0,74.0,2021-10-31,MarketResult_SEM-DA_PWR-MRC-D+1_20211030100000_20211030104153.csv
2021-10-31T03:00:00Z,1.0,50.0,2021-10-31,MarketResult_SEM-DA_PWR-MRC-D+1_20211030100000_20211030104153.csv
2021-10-31T04:00:00Z,1.0,49.6,2021-10-31,MarketResult_SEM-DA_PWR-MRC-D+1_20211030100000_20211030104153.csv
2021-10-31T05:00:00Z,1.0,85.0,2021-10-31,MarketResult_SEM-DA_PWR-MRC-D+1_20211030100000_20211030104153.csv
2021-10-31T06:00:00Z,1.0,105.49,2021-10-31,MarketResult_SEM-DA_PWR-MRC-D+1_20211030100000_20211030104153.csv
2021-10-31T07:00:00Z,1.0,110.35,2021-10-31,MarketResult_SEM-DA_PWR-MRC-D+1_20211030100000_20211030104153.csv
2021-10-31T08:00:00Z,1.0,135.0,2021-10-31,MarketResult_SEM-DA_PWR-MRC-D+1_20211030100000_20211030104153.csv
2021-10-31T09:00:00Z,1.0,165.0,2021-10-31,MarketResult_SEM-DA_PWR-MRC-D+1_20211030100000_20211030104153.csv
2021-10-31T10:00:00Z,1.0,175.0,2021-10-31,MarketResult_SEM-DA_PWR-MRC-D+1_20211030100000_20211030104153.csv
2021-10-31T11:00:00Z,1.0,162.21,2021-10-31,MarketResult_SEM-DA_PWR-MRC-D+1_20211030100000_20211030104153.csv
2021-10-31T12:00:00Z,1.0,153.32,2021-10-31,MarketResult_SEM-DA_PWR-MRC-D+1_20211030100000_20211030104153.csv
2021-10-31T13:00:00Z,1.0,141.0,2021-10-31,MarketResult_SEM-DA_PWR-MRC-D+1_20211030100000_20211030104153.csv
2021-10-31T14:00:00Z,1.0,110.35,2021-10-31,MarketResult_SEM-DA_PWR-MRC-D+1_20211030100000_20211030104153.csv
2021-10-31T15:00:00Z,1.0,109.86,2021-10-31,MarketResult_SEM-DA_PWR-MRC-D+1_20211030100000_20211030104153.csv
2021-10-31T16:00:00Z,1.0,185.0,2021-10-31,MarketResult_SEM-DA_PWR-MRC-D+1_20211030100000_20211030104153.csv
2021-10-31T17:00:00Z,1.0,222.0,2021-10-31,MarketResult_SEM-DA_PWR-MRC-D+1_20211030100000_20211030104153.csv
2021-10-31T18:00:00Z,1.0,203.24,2021-10-31,MarketResult_SEM-DA_PWR-MRC-D+1_20211030100000_20211030104153.csv
2021-10-31T19:00:00Z,1.0,181.93,2021-10-31,MarketResult_SEM-DA_PWR-MRC-D+1_20211030100000_20211030104153.csv
2021-10-31T20:00:00Z,1.0,107.86,2021-10-31,MarketResult_SEM-DA_PWR-MRC-D+1_20211030100000_20211030104153.csv
2021-10-31T21:00:00Z,1.0,106.14,2021-10-31,MarketResult_SEM-DA_PWR-MRC-D+1_20211030100000_20211030104153.csv
2021-10-31T22:00:00Z,1.0,88.54,2021-10-31,MarketResult_SEM-DA_PWR-MRC-D+1_20211030100000_20211030104153.csv
2021-10-31T23:00:00Z,1.0,75.0,2021-11-01,MarketResult_SEM-DA_PWR-MRC-D+1_20211031110000_20211031113704.csv
2021-11-01T00:00:00Z,1.0,55.0,2021-11-01,MarketResult_SEM-DA_PWR-MRC-D+1_20211031110000_20211031113704.csv
2021-11-01T01:00:00Z,1.0,25.91,2021-11-01,MarketResult_SEM-DA_PWR-MRC-D+1_20211031110000_20211031113704.csv
2021-11-01T02:00:00Z,1.0,17.39,2021-11-01,MarketResult_SEM-DA_PWR-MRC-D+1_20211031110000_20211031113704.csv
2021-11-01T03:00:00Z,1.0,17.37,2021-11-01,MarketResult_SEM-DA_PWR-MRC-D+1_20211031110000_20211031113704.csv
2021-11-01T04:00:00Z,1.0,23.17,2021-11-01,MarketResult_SEM-DA_PWR-MRC-D+1_20211031110000_20211031113704.csv
2021-11-01T05:00:00Z,1.0,56.72,2021-11-01,MarketResult_SEM-DA_PWR-MRC-D+1_20211031110000_20211031113704.csv
2021-11-01T06:00:00Z,1.0,105.65,2021-11-01,MarketResult_SEM-DA_PWR-MRC-D+1_20211031110000_20211031113704.csv
2021-11-01T07:00:00Z,1.0,140.1,2021-11-01,MarketResult_SEM-DA_PWR-MRC-D+1_20211031110000_20211031113704.csv
2021-11-01T08:00:00Z,1.0,173.73,2021-11-01,MarketResult_SEM-DA_PWR-MRC-D+1_20211031110000_20211031113704.csv
2021-11-01T09:00:00Z,1.0,166.9,2021-11-01,MarketResult_SEM-DA_PWR-MRC-D+1_20211031110000_20211031113704.csv
2021-11-01T10:00:00Z,1.0,154.48,2021-11-01,MarketResult_SEM-DA_PWR-MRC-D+1_20211031110000_20211031113704.csv
2021-11-01T11:00:00Z,1.0,154.48,2021-11-01,MarketResult_SEM-DA_PWR-MRC-D+1_20211031110000_20211031113704.csv
2021-11-01T12:00:00Z,1.0,155.0,2021-11-01,MarketResult_SEM-DA_PWR-MRC-D+1_20211031110000_20211031113704.csv
2021-11-01T13:00:00Z,1.0,154.48,2021-11-01,MarketResult_SEM-DA_PWR-MRC-D+1_20211031110000_20211031113704.csv
2021-11-01T14:00:00Z,1.0,169.08,2021-11-01,MarketResult_SEM-DA_PWR-MRC-D+1_20211031110000_20211031113704.csv
2021-11-01T15:00:00Z,1.0,163.39,2021-11-01,MarketResult_SEM-DA_PWR-MRC-D+1_20211031110000_20211031113704.csv
2021-11-01T16:00:00Z,1.0,190.69,2021-11-01,MarketResult_SEM-DA_PWR-MRC-D+1_20211031110000_20211031113704.csv
2021-11-01T17:00:00Z,1.0,274.0,2021-11-01,MarketResult_SEM-DA_PWR-MRC-D+1_20211031110000_20211031113704.csv
2021-11-01T18:00:00Z,1.0,292.0,2021-11-01,MarketResult_SEM-DA_PWR-MRC-D+1_20211031110000_20211031113704.csv
2021-11-01T19:00:00Z,1.0,238.0,2021-11-01,MarketResult_SEM-DA_PWR-MRC-D+1_20211031110000_20211031113704.csv
2021-11-01T20:00:00Z,1.0,209.0,2021-11-01,MarketResult_SEM-DA_PWR-MRC-D+1_20211031110000_20211031113704.csv
2021-11-01T21:00:00Z,1.0,166.0,2021-11-01,MarketResult_SEM-DA_PWR-MRC-D+1_20211031110000_20211031113704.csv
2021-11-01T22:00:00Z,1.0,144.0,2021-11-01,MarketResult_SEM-DA_PWR-MRC-D+1_20211031110000_20211031113704.csv
2021-11-01T23:00:00Z,1.0,181.0,2021-11-02,MarketResult_SEM-DA_PWR-MRC-D+1_20211101110000_20211101113805.csv
2021-11-02T00:00:00Z,1.0,180.72,2021-11-02,MarketResult_SEM-DA_PWR-MRC-D+1_20211101110000_20211101113805.csv
2021-11-02T01:00:00Z,1.0,159.72,2021-11-02,MarketResult_SEM-DA_PWR-MRC-D+1_20211101110000_20211101113805.csv
2021-11-02T02:00:00Z,1.0,151.76,2021-11-02,MarketResult_SEM-DA_PWR-MRC-D+1_20211101110000_20211101113805.csv
2021-11-02T03:00:00Z,1.0,151.17,2021-11-02,MarketResult_SEM-DA_PWR-MRC-D+1_20211101110000_20211101113805.csv
2021-11-02T04:00:00Z,1.0,163.0,2021-11-02,MarketResult_SEM-DA_PWR-MRC-D+1_20211101110000_20211101113805.csv
2021-11-02T05:00:00Z,1.0,188.8,2021-11-02,MarketResult_SEM-DA_PWR-MRC-D+1_20211101110000_20211101113805.csv
2021-11-02T06:00:00Z,1.0,197.0,2021-11-02,MarketResult_SEM-DA_PWR-MRC-D+1_20211101110000_20211101113805.csv
2021-11-02T07:00:00Z,1.0,240.0,2021-11-02,MarketResult_SEM-DA_PWR-MRC-D+1_20211101110000_20211101113805.csv
2021-11-02T08:00:00Z,1.0,248.35,2021-11-02,MarketResult_SEM-DA_PWR-MRC-D+1_20211101110000_20211101113805.csv
2021-11-02T09:00:00Z,1.0,246.64,2021-11-02,MarketResult_SEM-DA_PWR-MRC-D+1_20211101110000_20211101113805.csv
2021-11-02T10:00:00Z,1.0,233.67,2021-11-02,MarketResult_SEM-DA_PWR-MRC-D+1_20211101110000_20211101113805.csv
2021-11-02T11:00:00Z,1.0,220.11,2021-11-02,MarketResult_SEM-DA_PWR-MRC-D+1_20211101110000_20211101113805.csv
2021-11-02T12:00:00Z,1.0,220.22,2021-11-02,MarketResult_SEM-DA_PWR-MRC-D+1_20211101110000_20211101113805.csv
2021-11-02T13:00:00Z,1.0,220.22,2021-11-02,MarketResult_SEM-DA_PWR-MRC-D+1_20211101110000_20211101113805.csv
2021-11-02T14:00:00Z,1.0,221.0,2021-11-02,MarketResult_SEM-DA_PWR-MRC-D+1_20211101110000_20211101113805.csv
2021-11-02T15:00:00Z,1.0,240.3,2021-11-02,MarketResult_SEM-DA_PWR-MRC-D+1_20211101110000_20211101113805.csv
2021-11-02T16:00:00Z,1.0,334.02,2021-11-02,MarketResult_SEM-DA_PWR-MRC-D+1_20211101110000_20211101113805.csv
2021-11-02T17:00:00Z,1.0,476.37,2021-11-02,MarketResult_SEM-DA_PWR-MRC-D+1_20211101110000_20211101113805.csv
2021-11-02T18:00:00Z,1.0,450.0,2021-11-02,MarketResult_SEM-DA_PWR-MRC-D+1_20211101110000_20211101113805.csv
2021-11-02T19:00:00Z,1.0,297.69,2021-11-02,MarketResult_SEM-DA_PWR-MRC-D+1_20211101110000_20211101113805.csv
2021-11-02T20:00:00Z,1.0,213.06,2021-11-02,MarketResult_SEM-DA_PWR-MRC-D+1_20211101110000_20211101113805.csv
2021-11-02T21:00:00Z,1.0,175.72,2021-11-02,MarketResult_SEM-DA_PWR-MRC-D+1_20211101110000_20211101113805.csv
2021-11-02T22:00:00Z,1.0,168.38,2021-11-02,MarketResult_SEM-DA_PWR-MRC-D+1_20211101110000_20211101113805.csv
2021-11-02T23:00:00Z,1.0,183.09,2021-11-03,MarketResult_SEM-DA_PWR-MRC-D+1_20211102110000_20211102113618.csv
2021-11-03T00:00:00Z,1.0,165.3,2021-11-03,MarketResult_SEM-DA_PWR-MRC-D+1_20211102110000_20211102113618.csv
2021-11-03T01:00:00Z,1.0,155.0,2021-11-03,MarketResult_SEM-DA_PWR-MRC-D+1_20211102110000_20211102113618.csv
2021-11-03T02:00:00Z,1.0,147.41,2021-11-03,MarketResult_SEM-DA_PWR-MRC-D+1_20211102110000_20211102113618.csv
2021-11-03T03:00:00Z,1.0,145.0,2021-11-03,MarketResult_SEM-DA_PWR-MRC-D+1_20211102110000_20211102113618.csv
2021-11-03T04:00:00Z,1.0,145.89,2021-11-03,MarketResult_SEM-DA_PWR-MRC-D+1_20211102110000_20211102113618.csv
2021-11-03T05:00:00Z,1.0,166.36,2021-11-03,MarketResult_SEM-DA_PWR-MRC-D+1_20211102110000_20211102113618.csv
2021-11-03T06:00:00Z,1.0,177.3,2021-11-03,MarketResult_SEM-DA_PWR-MRC-D+1_20211102110000_20211102113618.csv
2021-11-03T07:00:00Z,1.0,201.67,2021-11-03,MarketResult_SEM-DA_PWR-MRC-D+1_20211102110000_20211102113618.csv
2021-11-03T08:00:00Z,1.0,217.82,2021-11-03,MarketResult_SEM-DA_PWR-MRC-D+1_20211102110000_20211102113618.csv
2021-11-03T09:00:00Z,1.0,211.47,2021-11-03,MarketResult_SEM-DA_PWR-MRC-D+1_20211102110000_20211102113618.csv
2021-11-03T10:00:00Z,1.0,202.05,2021-11-03,MarketResult_SEM-DA_PWR-MRC-D+1_20211102110000_20211102113618.csv
2021-11-03T11:00:00Z,1.0,185.61,2021-11-03,MarketResult_SEM-DA_PWR-MRC-D+1_20211102110000_20211102113618.csv
2021-11-03T12:00:00Z,1.0,177.92,2021-11-03,MarketResult_SEM-DA_PWR-MRC-D+1_20211102110000_20211102113618.csv
2021-11-03T13:00:00Z,1.0,166.68,2021-11-03,MarketResult_SEM-DA_PWR-MRC-D+1_20211102110000_20211102113618.csv
2021-11-03T14:00:00Z,1.0,166.38,2021-11-03,MarketResult_SEM-DA_PWR-MRC-D+1_20211102110000_20211102113618.csv
2021-11-03T15:00:00Z,1.0,175.0,2021-11-03,MarketResult_SEM-DA_PWR-MRC-D+1_20211102110000_20211102113618.csv
2021-11-03T16:00:00Z,1.0,223.05,2021-11-03,MarketResult_SEM-DA_PWR-MRC-D+1_20211102110000_20211102113618.csv
2021-11-03T17:00:00Z,1.0,252.79,2021-11-03,MarketResult_SEM-DA_PWR-MRC-D+1_20211102110000_20211102113618.csv
2021-11-03T18:00:00Z,1.0,225.73,2021-11-03,MarketResult_SEM-DA_PWR-MRC-D+1_20211102110000_20211102113618.csv
2021-11-03T19:00:00Z,1.0,199.0,2021-11-03,MarketResult_SEM-DA_PWR-MRC-D+1_20211102110000_20211102113618.csv
2021-11-03T20:00:00Z,1.0,175.0,2021-11-03,MarketResult_SEM-DA_PWR-MRC-D+1_20211102110000_20211102113618.csv
2021-11-03T21:00:00Z,1.0,163.81,2021-11-03,MarketResult_SEM-DA_PWR-MRC-D+1_20211102110000_20211102113618.csv
2021-11-03T22:00:00Z,1.0,145.0,2021-11-03,MarketResult_SEM-DA_PWR-MRC-D+1_20211102110000_20211102113618.csv
2021-11-03T23:00:00Z,1.0,164.85,2021-11-04,MarketResult_SEM-DA_PWR-MRC-D+1_20211103110000_20211103114024.csv
2021-11-04T00:00:00Z,1.0,155.0,2021-11-04,MarketResult_SEM-DA_PWR-MRC-D+1_20211103110000_20211103114024.csv
2021-11-04T01:00:00Z,1.0,147.97,2021-11-04,MarketResult_SEM-DA_PWR-MRC-D+1_20211103110000_20211103114024.csv
2021-11-04T02:00:00Z,1.0,143.9,2021-11-04,MarketResult_SEM-DA_PWR-MRC-D+1_20211103110000_20211103114024.csv
2021-11-04T03:00:00Z,1.0,143.9,2021-11-04,MarketResult_SEM-DA_PWR-MRC-D+1_20211103110000_20211103114024.csv
2021-11-04T04:00:00Z,1.0,149.74,2021-11-04,MarketResult_SEM-DA_PWR-MRC-D+1_20211103110000_20211103114024.csv
2021-11-04T05:00:00Z,1.0,166.61,2021-11-04,MarketResult_SEM-DA_PWR-MRC-D+1_20211103110000_20211103114024.csv
2021-11-04T06:00:00Z,1.0,182.06,2021-11-04,MarketResult_SEM-DA_PWR-MRC-D+1_20211103110000_20211103114024.csv
2021-11-04T07:00:00Z,1.0,216.6,2021-11-04,MarketResult_SEM-DA_PWR-MRC-D+1_20211103110000_20211103114024.csv
2021-11-04T08:00:00Z,1.0,225.0,2021-11-04,MarketResult_SEM-DA_PWR-MRC-D+1_20211103110000_20211103114024.csv
2021-11-04T09:00:00Z,1.0,215.0,2021-11-04,MarketResult_SEM-DA_PWR-MRC-D+1_20211103110000_20211103114024.csv
2021-11-04T10:00:00Z,1.0,219.0,2021-11-04,MarketResult_SEM-DA_PWR-MRC-D+1_20211103110000_20211103114024.csv
2021-11-04T11:00:00Z,1.0,199.0,2021-11-04,MarketResult_SEM-DA_PWR-MRC-D+1_20211103110000_20211103114024.csv
2021-11-04T12:00:00Z,1.0,196.8,2021-11-04,MarketResult_SEM-DA_PWR-MRC-D+1_20211103110000_20211103114024.csv
2021-11-04T13:00:00Z,1.0,187.0,2021-11-04,MarketResult_SEM-DA_PWR-MRC-D+1_20211103110000_20211103114024.csv
2021-11-04T14:00:00Z,1.0,194.0,2021-11-04,MarketResult_SEM-DA_PWR-MRC-D+1_20211103110000_20211103114024.csv
2021-11-04T15:00:00Z,1.0,201.0,2021-11-04,MarketResult_SEM-DA_PWR-MRC-D+1_20211103110000_20211103114024.csv
2021-11-04T16:00:00Z,1.0,275.0,2021-11-04,MarketResult_SEM-DA_PWR-MRC-D+1_20211103110000_20211103114024.csv
2021-11-04T17:00:00Z,1.0,327.33,2021-11-04,MarketResult_SEM-DA_PWR-MRC-D+1_20211103110000_20211103114024.csv
2021-11-04T18:00:00Z,1.0,311.1,2021-11-04,MarketResult_SEM-DA_PWR-MRC-D+1_20211103110000_20211103114024.csv
2021-11-04T19:00:00Z,1.0,294.0,2021-11-04,MarketResult_SEM-DA_PWR-MRC-D+1_20211103110000_20211103114024.csv
2021-11-04T20:00:00Z,1.0,231.93,2021-11-04,MarketResult_SEM-DA_PWR-MRC-D+1_20211103110000_20211103114024.csv
2021-11-04T21:00:00Z,1.0,199.0,2021-11-04,MarketResult_SEM-DA_PWR-MRC-D+1_20211103110000_20211103114024.csv
2021-11-04T22:00:00Z,1.0,181.99,2021-11-04,MarketResult_SEM-DA_PWR-MRC-D+1_20211103110000_20211103114024.csv
2021-11-04T23:00:00Z,1.0,195.0,2021-11-05,MarketResult_SEM-DA_PWR-MRC-D+1_20211104110000_20211104114027.csv
2021-11-05T00:00:00Z,1.0,178.8,2021-11-05,MarketResult_SEM-DA_PWR-MRC-D+1_20211104110000_20211104114027.csv
2021-11-05T01:00:00Z,1.0,169.06,2021-11-05,MarketResult_SEM-DA_PWR-MRC-D+1_20211104110000_20211104114027.csv
2021-11-05T02:00:00Z,1.0,155.95,2021-11-05,MarketResult_SEM-DA_PWR-MRC-D+1_20211104110000_20211104114027.csv
2021-11-05T03:00:00Z,1.0,153.1,2021-11-05,MarketResult_SEM-DA_PWR-MRC-D+1_20211104110000_20211104114027.csv
2021-11-05T04:00:00Z,1.0,160.8,2021-11-05,MarketResult_SEM-DA_PWR-MRC-D+1_20211104110000_20211104114027.csv
2021-11-05T05:00:00Z,1.0,179.27,2021-11-05,MarketResult_SEM-DA_PWR-MRC-D+1_20211104110000_20211104114027.csv
2021-11-05T06:00:00Z,1.0,191.84,2021-11-05,MarketResult_SEM-DA_PWR-MRC-D+1_20211104110000_20211104114027.csv
2021-11-05T07:00:00Z,1.0,227.42,2021-11-05,MarketResult_SEM-DA_PWR-MRC-D+1_20211104110000_20211104114027.csv
2021-11-05T08:00:00Z,1.0,245.0,2021-11-05,MarketResult_SEM-DA_PWR-MRC-D+1_20211104110000_20211104114027.csv
2021-11-05T09:00:00Z,1.0,246.45,2021-11-05,MarketResult_SEM-DA_PWR-MRC-D+1_20211104110000_20211104114027.csv
2021-11-05T10:00:00Z,1.0,240.0,2021-11-05,MarketResult_SEM-DA_PWR-MRC-D+1_20211104110000_20211104114027.csv
2021-11-05T11:00:00Z,1.0,240.0,2021-11-05,MarketResult_SEM-DA_PWR-MRC-D+1_20211104110000_20211104114027.csv
2021-11-05T12:00:00Z,1.0,223.0,2021-11-05,MarketResult_SEM-DA_PWR-MRC-D+1_20211104110000_20211104114027.csv
2021-11-05T13:00:00Z,1.0,214.21,2021-11-05,MarketResult_SEM-DA_PWR-MRC-D+1_20211104110000_20211104114027.csv
2021-11-05T14:00:00Z,1.0,214.21,2021-11-05,MarketResult_SEM-DA_PWR-MRC-D+1_20211104110000_20211104114027.csv
2021-11-05T15:00:00Z,1.0,215.08,2021-11-05,MarketResult_SEM-DA_PWR-MRC-D+1_20211104110000_20211104114027.csv
2021-11-05T16:00:00Z,1.0,263.17,2021-11-05,MarketResult_SEM-DA_PWR-MRC-D+1_20211104110000_20211104114027.csv
2021-11-05T17:00:00Z,1.0,313.33,2021-11-05,MarketResult_SEM-DA_PWR-MRC-D+1_20211104110000_20211104114027.csv
2021-11-05T18:00:00Z,1.0,291.0,2021-11-05,MarketResult_SEM-DA_PWR-MRC-D+1_20211104110000_20211104114027.csv
2021-11-05T19:00:00Z,1.0,230.0,2021-11-05,MarketResult_SEM-DA_PWR-MRC-D+1_20211104110000_20211104114027.csv
2021-11-05T20:00:00Z,1.0,206.65,2021-11-05,MarketResult_SEM-DA_PWR-MRC-D+1_20211104110000_20211104114027.csv
2021-11-05T21:00:00Z,1.0,193.34,2021-11-05,MarketResult_SEM-DA_PWR-MRC-D+1_20211104110000_20211104114027.csv
2021-11-05T22:00:00Z,1.0,174.4,2021-11-05,MarketResult_SEM-DA_PWR-MRC-D+1_20211104110000_20211104114027.csv
2021-11-05T23:00:00Z,1.0,211.0,2021-11-06,MarketResult_SEM-DA_PWR-MRC-D+1_20211105110000_20211105113833.csv
2021-11-06T00:00:00Z,1.0,197.09,2021-11-06,MarketResult_SEM-DA_PWR-MRC-D+1_20211105110000_20211105113833.csv
2021-11-06T01:00:00Z,1.0,185.12,2021-11-06,MarketResult_SEM-DA_PWR-MRC-D+1_20211105110000_20211105113833.csv
2021-11-06T02:00:00Z,1.0,163.7,2021-11-06,MarketResult_SEM-DA_PWR-MRC-D+1_20211105110000_20211105113833.csv
2021-11-06T03:00:00Z,1.0,145.58,2021-11-06,MarketResult_SEM-DA_PWR-MRC-D+1_20211105110000_20211105113833.csv
2021-11-06T04:00:00Z,1.0,120.0,2021-11-06,MarketResult_SEM-DA_PWR-MRC-D+1_20211105110000_20211105113833.csv
2021-11-06T05:00:00Z,1.0,118.3,2021-11-06,MarketResult_SEM-DA_PWR-MRC-D+1_20211105110000_20211105113833.csv
2021-11-06T06:00:00Z,1.0,118.52,2021-11-06,MarketResult_SEM-DA_PWR-MRC-D+1_20211105110000_20211105113833.csv
2021-11-06T07:00:00Z,1.0,116.38,2021-11-06,MarketResult_SEM-DA_PWR-MRC-D+1_20211105110000_20211105113833.csv
2021-11-06T08:00:00Z,1.0,134.61,2021-11-06,MarketResult_SEM-DA_PWR-MRC-D+1_20211105110000_20211105113833.csv
2021-11-06T09:00:00Z,1.0,156.0,2021-11-06,MarketResult_SEM-DA_PWR-MRC-D+1_20211105110000_20211105113833.csv
2021-11-06T10:00:00Z,1.0,154.62,2021-11-06,MarketResult_SEM-DA_PWR-MRC-D+1_20211105110000_20211105113833.csv
2021-11-06T11:00:00Z,1.0,150.16,2021-11-06,MarketResult_SEM-DA_PWR-MRC-D+1_20211105110000_20211105113833.csv
2021-11-06T12:00:00Z,1.0,129.0,2021-11-06,MarketResult_SEM-DA_PWR-MRC-D+1_20211105110000_20211105113833.csv
2021-11-06T13:00:00Z,1.0,128.04,2021-11-06,MarketResult_SEM-DA_PWR-MRC-D+1_20211105110000_20211105113833.csv
2021-11-06T14:00:00Z,1.0,125.4,2021-11-06,MarketResult_SEM-DA_PWR-MRC-D+1_20211105110000_20211105113833.csv
2021-11-06T15:00:00Z,1.0,134.61,2021-11-06,MarketResult_SEM-DA_PWR-MRC-D+1_20211105110000_20211105113833.csv
2021-11-06T16:00:00Z,1.0,183.0,2021-11-06,MarketResult_SEM-DA_PWR-MRC-D+1_20211105110000_20211105113833.csv
2021-11-06T17:00:00Z,1.0,224.0,2021-11-06,MarketResult_SEM-DA_PWR-MRC-D+1_20211105110000_20211105113833.csv
2021-11-06T18:00:00Z,1.0,224.0,2021-11-06,MarketResult_SEM-DA_PWR-MRC-D+1_20211105110000_20211105113833.csv
2021-11-06T19:00:00Z,1.0,193.9,2021-11-06,MarketResult_SEM-DA_PWR-MRC-D+1_20211105110000_20211105113833.csv
2021-11-06T20:00:00Z,1.0,179.8,2021-11-06,MarketResult_SEM-DA_PWR-MRC-D+1_20211105110000_20211105113833.csv
2021-11-06T21:00:00Z,1.0,166.5,2021-11-06,MarketResult_SEM-DA_PWR-MRC-D+1_20211105110000_20211105113833.csv
2021-11-06T22:00:00Z,1.0,144.79,2021-11-06,MarketResult_SEM-DA_PWR-MRC-D+1_20211105110000_20211105113833.csv
2021-11-06T23:00:00Z,1.0,128.0,2021-11-07,MarketResult_SEM-DA_PWR-MRC-D+1_20211106110000_20211106114152.csv
2021-11-07T00:00:00Z,1.0,119.31,2021-11-07,MarketResult_SEM-DA_PWR-MRC-D+1_20211106110000_20211106114152.csv
2021-11-07T01:00:00Z,1.0,109.0,2021-11-07,MarketResult_SEM-DA_PWR-MRC-D+1_20211106110000_20211106114152.csv
2021-11-07T02:00:00Z,1.0,89.0,2021-11-07,MarketResult_SEM-DA_PWR-MRC-D+1_20211106110000_20211106114152.csv
2021-11-07T03:00:00Z,1.0,89.0,2021-11-07,MarketResult_SEM-DA_PWR-MRC-D+1_20211106110000_20211106114152.csv
2021-11-07T04:00:00Z,1.0,95.0,2021-11-07,MarketResult_SEM-DA_PWR-MRC-D+1_20211106110000_20211106114152.csv
2021-11-07T05:00:00Z,1.0,68.5,2021-11-07,MarketResult_SEM-DA_PWR-MRC-D+1_20211106110000_20211106114152.csv
2021-11-07T06:00:00Z,1.0,95.2,2021-11-07,MarketResult_SEM-DA_PWR-MRC-D+1_20211106110000_20211106114152.csv
2021-11-07T07:00:00Z,1.0,141.51,2021-11-07,MarketResult_SEM-DA_PWR-MRC-D+1_20211106110000_20211106114152.csv
2021-11-07T08:00:00Z,1.0,133.35,2021-11-07,MarketResult_SEM-DA_PWR-MRC-D+1_20211106110000_20211106114152.csv
2021-11-07T09:00:00Z,1.0,159.0,2021-11-07,MarketResult_SEM-DA_PWR-MRC-D+1_20211106110000_20211106114152.csv
2021-11-07T10:00:00Z,1.0,195.68,2021-11-07,MarketResult_SEM-DA_PWR-MRC-D+1_20211106110000_20211106114152.csv
2021-11-07T11:00:00Z,1.0,205.0,2021-11-07,MarketResult_SEM-DA_PWR-MRC-D+1_20211106110000_20211106114152.csv
2021-11-07T12:00:00Z,1.0,204.0,2021-11-07,MarketResult_SEM-DA_PWR-MRC-D+1_20211106110000_20211106114152.csv
2021-11-07T13:00:00Z,1.0,213.22,2021-11-07,MarketResult_SEM-DA_PWR-MRC-D+1_20211106110000_20211106114152.csv
2021-11-07T14:00:00Z,1.0,219.0,2021-11-07,MarketResult_SEM-DA_PWR-MRC-D+1_20211106110000_20211106114152.csv
2021-11-07T15:00:00Z,1.0,199.0,2021-11-07,MarketResult_SEM-DA_PWR-MRC-D+1_20211106110000_20211106114152.csv
2021-11-07T16:00:00Z,1.0,266.59,2021-11-07,MarketResult_SEM-DA_PWR-MRC-D+1_20211106110000_20211106114152.csv
2021-11-07T17:00:00Z,1.0,371.55,2021-11-07,MarketResult_SEM-DA_PWR-MRC-D+1_20211106110000_20211106114152.csv
2021-11-07T18:00:00Z,1.0,324.72,2021-11-07,MarketResult_SEM-DA_PWR-MRC-D+1_20211106110000_20211106114152.csv
2021-11-07T19:00:00Z,1.0,266.59,2021-11-07,MarketResult_SEM-DA_PWR-MRC-D+1_20211106110000_20211106114152.csv
2021-11-07T20:00:00Z,1.0,233.3,2021-11-07,MarketResult_SEM-DA_PWR-MRC-D+1_20211106110000_20211106114152.csv
2021-11-07T21:00:00Z,1.0,212.0,2021-11-07,MarketResult_SEM-DA_PWR-MRC-D+1_20211106110000_20211106114152.csv
2021-11-07T22:00:00Z,1.0,181.72,2021-11-07,MarketResult_SEM-DA_PWR-MRC-D+1_20211106110000_20211106114152.csv
2021-11-07T23:00:00Z,1.0,160.5,2021-11-08,MarketResult_SEM-DA_PWR-MRC-D+1_20211107110000_20211107114109.csv
2021-11-08T00:00:00Z,1.0,157.0,2021-11-08,MarketResult_SEM-DA_PWR-MRC-D+1_20211107110000_20211107114109.csv
2021-11-08T01:00:00Z,1.0,145.58,2021-11-08,MarketResult_SEM-DA_PWR-MRC-D+1_20211107110000_20211107114109.csv
2021-11-08T02:00:00Z,1.0,140.8,2021-11-08,MarketResult_SEM-DA_PWR-MRC-D+1_20211107110000_20211107114109.csv
2021-11-08T03:00:00Z,1.0,130.99,2021-11-08,MarketResult_SEM-DA_PWR-MRC-D+1_20211107110000_20211107114109.csv
2021-11-08T04:00:00Z,1.0,129.31,2021-11-08,MarketResult_SEM-DA_PWR-MRC-D+1_20211107110000_20211107114109.csv
2021-11-08T05:00:00Z,1.0,129.65,2021-11-08,MarketResult_SEM-DA_PWR-MRC-D+1_20211107110000_20211107114109.csv
2021-11-08T06:00:00Z,1.0,140.8,2021-11-08,MarketResult_SEM-DA_PWR-MRC-D+1_20211107110000_20211107114109.csv
2021-11-08T07:00:00Z,1.0,196.0,2021-11-08,MarketResult_SEM-DA_PWR-MRC-D+1_20211107110000_20211107114109.csv
2021-11-08T08:00:00Z,1.0,203.95,2021-11-08,MarketResult_SEM-DA_PWR-MRC-D+1_20211107110000_20211107114109.csv
2021-11-08T09:00:00Z,1.0,197.3,2021-11-08,MarketResult_SEM-DA_PWR-MRC-D+1_20211107110000_20211107114109.csv
2021-11-08T10:00:00Z,1.0,185.0,2021-11-08,MarketResult_SEM-DA_PWR-MRC-D+1_20211107110000_20211107114109.csv
2021-11-08T11:00:00Z,1.0,187.11,2021-11-08,MarketResult_SEM-DA_PWR-MRC-D+1_20211107110000_20211107114109.csv
2021-11-08T12:00:00Z,1.0,182.87,2021-11-08,MarketResult_SEM-DA_PWR-MRC-D+1_20211107110000_20211107114109.csv
2021-11-08T13:00:00Z,1.0,180.4,2021-11-08,MarketResult_SEM-DA_PWR-MRC-D+1_20211107110000_20211107114109.csv
2021-11-08T14:00:00Z,1.0,180.09,2021-11-08,MarketResult_SEM-DA_PWR-MRC-D+1_20211107110000_20211107114109.csv
2021-11-08T15:00:00Z,1.0,180.4,2021-11-08,MarketResult_SEM-DA_PWR-MRC-D+1_20211107110000_20211107114109.csv
2021-11-08T16:00:00Z,1.0,221.82,2021-11-08,MarketResult_SEM-DA_PWR-MRC-D+1_20211107110000_20211107114109.csv
2021-11-08T17:00:00Z,1.0,248.35,2021-11-08,MarketResult_SEM-DA_PWR-MRC-D+1_20211107110000_20211107114109.csv
2021-11-08T18:00:00Z,1.0,219.0,2021-11-08,MarketResult_SEM-DA_PWR-MRC-D+1_20211107110000_20211107114109.csv
2021-11-08T19:00:00Z,1.0,186.51,2021-11-08,MarketResult_SEM-DA_PWR-MRC-D+1_20211107110000_20211107114109.csv
2021-11-08T20:00:00Z,1.0,161.49,2021-11-08,MarketResult_SEM-DA_PWR-MRC-D+1_20211107110000_20211107114109.csv
2021-11-08T21:00:00Z,1.0,164.82,2021-11-08,MarketResult_SEM-DA_PWR-MRC-D+1_20211107110000_20211107114109.csv
2021-11-08T22:00:00Z,1.0,143.0,2021-11-08,MarketResult_SEM-DA_PWR-MRC-D+1_20211107110000_20211107114109.csv
2021-11-08T23:00:00Z,1.0,174.12,2021-11-09,MarketResult_SEM-DA_PWR-MRC-D+1_20211108110000_20211108114539.csv
2021-11-09T00:00:00Z,1.0,166.96,2021-11-09,MarketResult_SEM-DA_PWR-MRC-D+1_20211108110000_20211108114539.csv
2021-11-09T01:00:00Z,1.0,156.29,2021-11-09,MarketResult_SEM-DA_PWR-MRC-D+1_20211108110000_20211108114539.csv
2021-11-09T02:00:00Z,1.0,150.0,2021-11-09,MarketResult_SEM-DA_PWR-MRC-D+1_20211108110000_20211108114539.csv
2021-11-09T03:00:00Z,1.0,155.85,2021-11-09,MarketResult_SEM-DA_PWR-MRC-D+1_20211108110000_20211108114539.csv
2021-11-09T04:00:00Z,1.0,168.0,2021-11-09,MarketResult_SEM-DA_PWR-MRC-D+1_20211108110000_20211108114539.csv
2021-11-09T05:00:00Z,1.0,185.6,2021-11-09,MarketResult_SEM-DA_PWR-MRC-D+1_20211108110000_20211108114539.csv
2021-11-09T06:00:00Z,1.0,199.9,2021-11-09,MarketResult_SEM-DA_PWR-MRC-D+1_20211108110000_20211108114539.csv
2021-11-09T07:00:00Z,1.0,206.2,2021-11-09,MarketResult_SEM-DA_PWR-MRC-D+1_20211108110000_20211108114539.csv
2021-11-09T08:00:00Z,1.0,227.9,2021-11-09,MarketResult_SEM-DA_PWR-MRC-D+1_20211108110000_20211108114539.csv
2021-11-09T09:00:00Z,1.0,212.0,2021-11-09,MarketResult_SEM-DA_PWR-MRC-D+1_20211108110000_20211108114539.csv
2021-11-09T10:00:00Z,1.0,200.48,2021-11-09,MarketResult_SEM-DA_PWR-MRC-D+1_20211108110000_20211108114539.csv
2021-11-09T11:00:00Z,1.0,197.2,2021-11-09,MarketResult_SEM-DA_PWR-MRC-D+1_20211108110000_20211108114539.csv
2021-11-09T12:00:00Z,1.0,189.0,2021-11-09,MarketResult_SEM-DA_PWR-MRC-D+1_20211108110000_20211108114539.csv
2021-11-09T13:00:00Z,1.0,185.82,2021-11-09,MarketResult_SEM-DA_PWR-MRC-D+1_20211108110000_20211108114539.csv
2021-11-09T14:00:00Z,1.0,192.65,2021-11-09,MarketResult_SEM-DA_PWR-MRC-D+1_20211108110000_20211108114539.csv
2021-11-09T15:00:00Z,1.0,197.11,2021-11-09,MarketResult_SEM-DA_PWR-MRC-D+1_20211108110000_20211108114539.csv
2021-11-09T16:00:00Z,1.0,245.6,2021-11-09,MarketResult_SEM-DA_PWR-MRC-D+1_20211108110000_20211108114539.csv
2021-11-09T17:00:00Z,1.0,294.0,2021-11-09,MarketResult_SEM-DA_PWR-MRC-D+1_20211108110000_20211108114539.csv
2021-11-09T18:00:00Z,1.0,272.0,2021-11-09,MarketResult_SEM-DA_PWR-MRC-D+1_20211108110000_20211108114539.csv
2021-11-09T19:00:00Z,1.0,227.0,2021-11-09,MarketResult_SEM-DA_PWR-MRC-D+1_20211108110000_20211108114539.csv
2021-11-09T20:00:00Z,1.0,197.09,2021-11-09,MarketResult_SEM-DA_PWR-MRC-D+1_20211108110000_20211108114539.csv
2021-11-09T21:00:00Z,1.0,191.29,2021-11-09,MarketResult_SEM-DA_PWR-MRC-D+1_20211108110000_20211108114539.csv
2021-11-09T22:00:00Z,1.0,180.7,2021-11-09,MarketResult_SEM-DA_PWR-MRC-D+1_20211108110000_20211108114539.csv
2021-11-09T23:00:00Z,1.0,175.24,2021-11-10,MarketResult_SEM-DA_PWR-MRC-D+1_20211109110000_20211109113545.csv
2021-11-10T00:00:00Z,1.0,167.88,2021-11-10,MarketResult_SEM-DA_PWR-MRC-D+1_20211109110000_20211109113545.csv
2021-11-10T01:00:00Z,1.0,164.29,2021-11-10,MarketResult_SEM-DA_PWR-MRC-D+1_20211109110000_20211109113545.csv
2021-11-10T02:00:00Z,1.0,160.29,2021-11-10,MarketResult_SEM-DA_PWR-MRC-D+1_20211109110000_20211109113545.csv
2021-11-10T03:00:00Z,1.0,160.0,2021-11-10,MarketResult_SEM-DA_PWR-MRC-D+1_20211109110000_20211109113545.csv
2021-11-10T04:00:00Z,1.0,173.98,2021-11-10,MarketResult_SEM-DA_PWR-MRC-D+1_20211109110000_20211109113545.csv
2021-11-10T05:00:00Z,1.0,182.3,2021-11-10,MarketResult_SEM-DA_PWR-MRC-D+1_20211109110000_20211109113545.csv
2021-11-10T06:00:00Z,1.0,184.44,2021-11-10,MarketResult_SEM-DA_PWR-MRC-D+1_20211109110000_20211109113545.csv
2021-11-10T07:00:00Z,1.0,236.52,2021-11-10,MarketResult_SEM-DA_PWR-MRC-D+1_20211109110000_20211109113545.csv
2021-11-10T08:00:00Z,1.0,251.0,2021-11-10,MarketResult_SEM-DA_PWR-MRC-D+1_20211109110000_20211109113545.csv
2021-11-10T09:00:00Z,1.0,251.26,2021-11-10,MarketResult_SEM-DA_PWR-MRC-D+1_20211109110000_20211109113545.csv
2021-11-10T10:00:00Z,1.0,246.63,2021-11-10,MarketResult_SEM-DA_PWR-MRC-D+1_20211109110000_20211109113545.csv
2021-11-10T11:00:00Z,1.0,251.14,2021-11-10,MarketResult_SEM-DA_PWR-MRC-D+1_20211109110000_20211109113545.csv
2021-11-10T12:00:00Z,1.0,259.6,2021-11-10,MarketResult_SEM-DA_PWR-MRC-D+1_20211109110000_20211109113545.csv
2021-11-10T13:00:00Z,1.0,263.74,2021-11-10,MarketResult_SEM-DA_PWR-MRC-D+1_20211109110000_20211109113545.csv
2021-11-10T14:00:00Z,1.0,261.3,2021-11-10,MarketResult_SEM-DA_PWR-MRC-D+1_20211109110000_20211109113545.csv
2021-11-10T15:00:00Z,1.0,268.6,2021-11-10,MarketResult_SEM-DA_PWR-MRC-D+1_20211109110000_20211109113545.csv
2021-11-10T16:00:00Z,1.0,346.0,2021-11-10,MarketResult_SEM-DA_PWR-MRC-D+1_20211109110000_20211109113545.csv
2021-11-10T17:00:00Z,1.0,460.29,2021-11-10,MarketResult_SEM-DA_PWR-MRC-D+1_20211109110000_20211109113545.csv
2021-11-10T18:00:00Z,1.0,423.0,2021-11-10,MarketResult_SEM-DA_PWR-MRC-D+1_20211109110000_20211109113545.csv
2021-11-10T19:00:00Z,1.0,279.0,2021-11-10,MarketResult_SEM-DA_PWR-MRC-D+1_20211109110000_20211109113545.csv
2021-11-10T20:00:00Z,1.0,222.1,2021-11-10,MarketResult_SEM-DA_PWR-MRC-D+1_20211109110000_20211109113545.csv
2021-11-10T21:00:00Z,1.0,189.69,2021-11-10,MarketResult_SEM-DA_PWR-MRC-D+1_20211109110000_20211109113545.csv
2021-11-10T22:00:00Z,1.0,173.98,2021-11-10,MarketResult_SEM-DA_PWR-MRC-D+1_20211109110000_20211109113545.csv
2021-11-10T23:00:00Z,1.0,188.97,2021-11-11,MarketResult_SEM-DA_PWR-MRC-D+1_20211110110000_20211110113911.csv
2021-11-11T00:00:00Z,1.0,174.29,2021-11-11,MarketResult_SEM-DA_PWR-MRC-D+1_20211110110000_20211110113911.csv
2021-11-11T01:00:00Z,1.0,164.12,2021-11-11,MarketResult_SEM-DA_PWR-MRC-D+1_20211110110000_20211110113911.csv
2021-11-11T02:00:00Z,1.0,165.0,2021-11-11,MarketResult_SEM-DA_PWR-MRC-D+1_20211110110000_20211110113911.csv
2021-11-11T03:00:00Z,1.0,153.4,2021-11-11,MarketResult_SEM-DA_PWR-MRC-D+1_20211110110000_20211110113911.csv
2021-11-11T04:00:00Z,1.0,150.3,2021-11-11,MarketResult_SEM-DA_PWR-MRC-D+1_20211110110000_20211110113911.csv
2021-11-11T05:00:00Z,1.0,155.8,2021-11-11,MarketResult_SEM-DA_PWR-MRC-D+1_20211110110000_20211110113911.csv
2021-11-11T06:00:00Z,1.0,171.56,2021-11-11,MarketResult_SEM-DA_PWR-MRC-D+1_20211110110000_20211110113911.csv
2021-11-11T07:00:00Z,1.0,204.0,2021-11-11,MarketResult_SEM-DA_PWR-MRC-D+1_20211110110000_20211110113911.csv
2021-11-11T08:00:00Z,1.0,198.36,2021-11-11,MarketResult_SEM-DA_PWR-MRC-D+1_20211110110000_20211110113911.csv
2021-11-11T09:00:00Z,1.0,186.89,2021-11-11,MarketResult_SEM-DA_PWR-MRC-D+1_20211110110000_20211110113911.csv
2021-11-11T10:00:00Z,1.0,172.5,2021-11-11,MarketResult_SEM-DA_PWR-MRC-D+1_20211110110000_20211110113911.csv
2021-11-11T11:00:00Z,1.0,157.48,2021-11-11,MarketResult_SEM-DA_PWR-MRC-D+1_20211110110000_20211110113911.csv
2021-11-11T12:00:00Z,1.0,158.0,2021-11-11,MarketResult_SEM-DA_PWR-MRC-D+1_20211110110000_20211110113911.csv
2021-11-11T13:00:00Z,1.0,140.77,2021-11-11,MarketResult_SEM-DA_PWR-MRC-D+1_20211110110000_20211110113911.csv
2021-11-11T14:00:00Z,1.0,122.69,2021-11-11,MarketResult_SEM-DA_PWR-MRC-D+1_20211110110000_20211110113911.csv
2021-11-11T15:00:00Z,1.0,122.69,2021-11-11,MarketResult_SEM-DA_PWR-MRC-D+1_20211110110000_20211110113911.csv
2021-11-11T16:00:00Z,1.0,150.28,2021-11-11,MarketResult_SEM-DA_PWR-MRC-D+1_20211110110000_20211110113911.csv
2021-11-11T17:00:00Z,1.0,184.0,2021-11-11,MarketResult_SEM-DA_PWR-MRC-D+1_20211110110000_20211110113911.csv
2021-11-11T18:00:00Z,1.0,179.16,2021-11-11,MarketResult_SEM-DA_PWR-MRC-D+1_20211110110000_20211110113911.csv
2021-11-11T19:00:00Z,1.0,157.03,2021-11-11,MarketResult_SEM-DA_PWR-MRC-D+1_20211110110000_20211110113911.csv
2021-11-11T20:00:00Z,1.0,140.77,2021-11-11,MarketResult_SEM-DA_PWR-MRC-D+1_20211110110000_20211110113911.csv
2021-11-11T21:00:00Z,1.0,139.0,2021-11-11,MarketResult_SEM-DA_PWR-MRC-D+1_20211110110000_20211110113911.csv
2021-11-11T22:00:00Z,1.0,113.52,2021-11-11,MarketResult_SEM-DA_PWR-MRC-D+1_20211110110000_20211110113911.csv
2021-11-11T23:00:00Z,1.0,93.25,2021-11-12,MarketResult_SEM-DA_PWR-MRC-D+1_20211111110000_20211111113838.csv
2021-11-12T00:00:00Z,1.0,67.5,2021-11-12,MarketResult_SEM-DA_PWR-MRC-D+1_20211111110000_20211111113838.csv
2021-11-12T01:00:00Z,1.0,46.47,2021-11-12,MarketResult_SEM-DA_PWR-MRC-D+1_20211111110000_20211111113838.csv
2021-11-12T02:00:00Z,1.0,37.43,2021-11-12,MarketResult_SEM-DA_PWR-MRC-D+1_20211111110000_20211111113838.csv
2021-11-12T03:00:00Z,1.0,14.9,2021-11-12,MarketResult_SEM-DA_PWR-MRC-D+1_20211111110000_20211111113838.csv
2021-11-12T04:00:00Z,1.0,6.83,2021-11-12,MarketResult_SEM-DA_PWR-MRC-D+1_20211111110000_20211111113838.csv
2021-11-12T05:00:00Z,1.0,0.0,2021-11-12,MarketResult_SEM-DA_PWR-MRC-D+1_20211111110000_20211111113838.csv
2021-11-12T06:00:00Z,1.0,56.0,2021-11-12,MarketResult_SEM-DA_PWR-MRC-D+1_20211111110000_20211111113838.csv
2021-11-12T07:00:00Z,1.0,123.0,2021-11-12,MarketResult_SEM-DA_PWR-MRC-D+1_20211111110000_20211111113838.csv
2021-11-12T08:00:00Z,1.0,142.0,2021-11-12,MarketResult_SEM-DA_PWR-MRC-D+1_20211111110000_20211111113838.csv
2021-11-12T09:00:00Z,1.0,150.1,2021-11-12,MarketResult_SEM-DA_PWR-MRC-D+1_20211111110000_20211111113838.csv
2021-11-12T10:00:00Z,1.0,145.0,2021-11-12,MarketResult_SEM-DA_PWR-MRC-D+1_20211111110000_20211111113838.csv
2021-11-12T11:00:00Z,1.0,145.0,2021-11-12,MarketResult_SEM-DA_PWR-MRC-D+1_20211111110000_20211111113838.csv
2021-11-12T12:00:00Z,1.0,145.8,2021-11-12,MarketResult_SEM-DA_PWR-MRC-D+1_20211111110000_20211111113838.csv
2021-11-12T13:00:00Z,1.0,145.0,2021-11-12,MarketResult_SEM-DA_PWR-MRC-D+1_20211111110000_20211111113838.csv
2021-11-12T14:00:00Z,1.0,141.62,2021-11-12,MarketResult_SEM-DA_PWR-MRC-D+1_20211111110000_20211111113838.csv
2021-11-12T15:00:00Z,1.0,154.32,2021-11-12,MarketResult_SEM-DA_PWR-MRC-D+1_20211111110000_20211111113838.csv
2021-11-12T16:00:00Z,1.0,184.03,2021-11-12,MarketResult_SEM-DA_PWR-MRC-D+1_20211111110000_20211111113838.csv
2021-11-12T17:00:00Z,1.0,222.8,2021-11-12,MarketResult_SEM-DA_PWR-MRC-D+1_20211111110000_20211111113838.csv
2021-11-12T18:00:00Z,1.0,215.9,2021-11-12,MarketResult_SEM-DA_PWR-MRC-D+1_20211111110000_20211111113838.csv
2021-11-12T19:00:00Z,1.0,199.1,2021-11-12,MarketResult_SEM-DA_PWR-MRC-D+1_20211111110000_20211111113838.csv
2021-11-12T20:00:00Z,1.0,177.98,2021-11-12,MarketResult_SEM-DA_PWR-MRC-D+1_20211111110000_20211111113838.csv
2021-11-12T21:00:00Z,1.0,169.0,2021-11-12,MarketResult_SEM-DA_PWR-MRC-D+1_20211111110000_20211111113838.csv
2021-11-12T22:00:00Z,1.0,162.58,2021-11-12,MarketResult_SEM-DA_PWR-MRC-D+1_20211111110000_20211111113838.csv
2021-11-12T23:00:00Z,1.0,200.0,2021-11-13,MarketResult_SEM-DA_PWR-MRC-D+1_20211112110000_20211112114424.csv
2021-11-13T00:00:00Z,1.0,195.78,2021-11-13,MarketResult_SEM-DA_PWR-MRC-D+1_20211112110000_20211112114424.csv
2021-11-13T01:00:00Z,1.0,190.0,2021-11-13,MarketResult_SEM-DA_PWR-MRC-D+1_20211112110000_20211112114424.csv
2021-11-13T02:00:00Z,1.0,170.0,2021-11-13,MarketResult_SEM-DA_PWR-MRC-D+1_20211112110000_20211112114424.csv
2021-11-13T03:00:00Z,1.0,175.0,2021-11-13,MarketResult_SEM-DA_PWR-MRC-D+1_20211112110000_20211112114424.csv
2021-11-13T04:00:00Z,1.0,189.0,2021-11-13,MarketResult_SEM-DA_PWR-MRC-D+1_20211112110000_20211112114424.csv
2021-11-13T05:00:00Z,1.0,231.18,2021-11-13,MarketResult_SEM-DA_PWR-MRC-D+1_20211112110000_20211112114424.csv
2021-11-13T06:00:00Z,1.0,199.0,2021-11-13,MarketResult_SEM-DA_PWR-MRC-D+1_20211112110000_20211112114424.csv
2021-11-13T07:00:00Z,1.0,175.0,2021-11-13,MarketResult_SEM-DA_PWR-MRC-D+1_20211112110000_20211112114424.csv
2021-11-13T08:00:00Z,1.0,191.7,2021-11-13,MarketResult_SEM-DA_PWR-MRC-D+1_20211112110000_20211112114424.csv
2021-11-13T09:00:00Z,1.0,198.0,2021-11-13,MarketResult_SEM-DA_PWR-MRC-D+1_20211112110000_20211112114424.csv
2021-11-13T10:00:00Z,1.0,199.0,2021-11-13,MarketResult_SEM-DA_PWR-MRC-D+1_20211112110000_20211112114424.csv
2021-11-13T11:00:00Z,1.0,197.89,2021-11-13,MarketResult_SEM-DA_PWR-MRC-D+1_20211112110000_20211112114424.csv
2021-11-13T12:00:00Z,1.0,207.0,2021-11-13,MarketResult_SEM-DA_PWR-MRC-D+1_20211112110000_20211112114424.csv
2021-11-13T13:00:00Z,1.0,204.0,2021-11-13,MarketResult_SEM-DA_PWR-MRC-D+1_20211112110000_20211112114424.csv
2021-11-13T14:00:00Z,1.0,202.9,2021-11-13,MarketResult_SEM-DA_PWR-MRC-D+1_20211112110000_20211112114424.csv
2021-11-13T15:00:00Z,1.0,198.72,2021-11-13,MarketResult_SEM-DA_PWR-MRC-D+1_20211112110000_20211112114424.csv
2021-11-13T16:00:00Z,1.0,227.65,2021-11-13,MarketResult_SEM-DA_PWR-MRC-D+1_20211112110000_20211112114424.csv
2021-11-13T17:00:00Z,1.0,330.0,2021-11-13,MarketResult_SEM-DA_PWR-MRC-D+1_20211112110000_20211112114424.csv
2021-11-13T18:00:00Z,1.0,295.0,2021-11-13,MarketResult_SEM-DA_PWR-MRC-D+1_20211112110000_20211112114424.csv
2021-11-13T19:00:00Z,1.0,211.0,2021-11-13,MarketResult_SEM-DA_PWR-MRC-D+1_20211112110000_20211112114424.csv
2021-11-13T20:00:00Z,1.0,188.19,2021-11-13,MarketResult_SEM-DA_PWR-MRC-D+1_20211112110000_20211112114424.csv
2021-11-13T21:00:00Z,1.0,187.6,2021-11-13,MarketResult_SEM-DA_PWR-MRC-D+1_20211112110000_20211112114424.csv
2021-11-13T22:00:00Z,1.0,168.0,2021-11-13,MarketResult_SEM-DA_PWR-MRC-D+1_20211112110000_20211112114424.csv
2021-11-13T23:00:00Z,1.0,213.0,2021-11-14,MarketResult_SEM-DA_PWR-MRC-D+1_20211113110000_20211113113420.csv
2021-11-14T00:00:00Z,1.0,195.78,2021-11-14,MarketResult_SEM-DA_PWR-MRC-D+1_20211113110000_20211113113420.csv
2021-11-14T01:00:00Z,1.0,161.03,2021-11-14,MarketResult_SEM-DA_PWR-MRC-D+1_20211113110000_20211113113420.csv
2021-11-14T02:00:00Z,1.0,147.31,2021-11-14,MarketResult_SEM-DA_PWR-MRC-D+1_20211113110000_20211113113420.csv
2021-11-14T03:00:00Z,1.0,138.47,2021-11-14,MarketResult_SEM-DA_PWR-MRC-D+1_20211113110000_20211113113420.csv
2021-11-14T04:00:00Z,1.0,130.69,2021-11-14,MarketResult_SEM-DA_PWR-MRC-D+1_20211113110000_20211113113420.csv
2021-11-14T05:00:00Z,1.0,135.58,2021-11-14,MarketResult_SEM-DA_PWR-MRC-D+1_20211113110000_20211113113420.csv
2021-11-14T06:00:00Z,1.0,142.7,2021-11-14,MarketResult_SEM-DA_PWR-MRC-D+1_20211113110000_20211113113420.csv
2021-11-14T07:00:00Z,1.0,142.4,2021-11-14,MarketResult_SEM-DA_PWR-MRC-D+1_20211113110000_20211113113420.csv
2021-11-14T08:00:00Z,1.0,156.7,2021-11-14,MarketResult_SEM-DA_PWR-MRC-D+1_20211113110000_20211113113420.csv
2021-11-14T09:00:00Z,1.0,164.0,2021-11-14,MarketResult_SEM-DA_PWR-MRC-D+1_20211113110000_20211113113420.csv
2021-11-14T10:00:00Z,1.0,187.26,2021-11-14,MarketResult_SEM-DA_PWR-MRC-D+1_20211113110000_20211113113420.csv
2021-11-14T11:00:00Z,1.0,190.63,2021-11-14,MarketResult_SEM-DA_PWR-MRC-D+1_20211113110000_20211113113420.csv
2021-11-14T12:00:00Z,1.0,199.45,2021-11-14,MarketResult_SEM-DA_PWR-MRC-D+1_20211113110000_20211113113420.csv
2021-11-14T13:00:00Z,1.0,197.06,2021-11-14,MarketResult_SEM-DA_PWR-MRC-D+1_20211113110000_20211113113420.csv
2021-11-14T14:00:00Z,1.0,199.59,2021-11-14,MarketResult_SEM-DA_PWR-MRC-D+1_20211113110000_20211113113420.csv
2021-11-14T15:00:00Z,1.0,167.39,2021-11-14,MarketResult_SEM-DA_PWR-MRC-D+1_20211113110000_20211113113420.csv
2021-11-14T16:00:00Z,1.0,236.38,2021-11-14,MarketResult_SEM-DA_PWR-MRC-D+1_20211113110000_20211113113420.csv
2021-11-14T17:00:00Z,1.0,319.0,2021-11-14,MarketResult_SEM-DA_PWR-MRC-D+1_20211113110000_20211113113420.csv
2021-11-14T18:00:00Z,1.0,282.0,2021-11-14,MarketResult_SEM-DA_PWR-MRC-D+1_20211113110000_20211113113420.csv
2021-11-14T19:00:00Z,1.0,208.0,2021-11-14,MarketResult_SEM-DA_PWR-MRC-D+1_20211113110000_20211113113420.csv
2021-11-14T20:00:00Z,1.0,185.0,2021-11-14,MarketResult_SEM-DA_PWR-MRC-D+1_20211113110000_20211113113420.csv
2021-11-14T21:00:00Z,1.0,180.7,2021-11-14,MarketResult_SEM-DA_PWR-MRC-D+1_20211113110000_20211113113420.csv
2021-11-14T22:00:00Z,1.0,161.03,2021-11-14,MarketResult_SEM-DA_PWR-MRC-D+1_20211113110000_20211113113420.csv
2021-11-14T23:00:00Z,1.0,157.17,2021-11-15,MarketResult_SEM-DA_PWR-MRC-D+1_20211114110000_20211114114807.csv
2021-11-15T00:00:00Z,1.0,159.0,2021-11-15,MarketResult_SEM-DA_PWR-MRC-D+1_20211114110000_20211114114807.csv
2021-11-15T01:00:00Z,1.0,158.7,2021-11-15,MarketResult_SEM-DA_PWR-MRC-D+1_20211114110000_20211114114807.csv
2021-11-15T02:00:00Z,1.0,154.01,2021-11-15,MarketResult_SEM-DA_PWR-MRC-D+1_20211114110000_20211114114807.csv
2021-11-15T03:00:00Z,1.0,145.5,2021-11-15,MarketResult_SEM-DA_PWR-MRC-D+1_20211114110000_20211114114807.csv
2021-11-15T04:00:00Z,1.0,151.0,2021-11-15,MarketResult_SEM-DA_PWR-MRC-D+1_20211114110000_20211114114807.csv
2021-11-15T05:00:00Z,1.0,162.49,2021-11-15,MarketResult_SEM-DA_PWR-MRC-D+1_20211114110000_20211114114807.csv
2021-11-15T06:00:00Z,1.0,188.75,2021-11-15,MarketResult_SEM-DA_PWR-MRC-D+1_20211114110000_20211114114807.csv
2021-11-15T07:00:00Z,1.0,227.56,2021-11-15,MarketResult_SEM-DA_PWR-MRC-D+1_20211114110000_20211114114807.csv
2021-11-15T08:00:00Z,1.0,240.0,2021-11-15,MarketResult_SEM-DA_PWR-MRC-D+1_20211114110000_20211114114807.csv
2021-11-15T09:00:00Z,1.0,255.95,2021-11-15,MarketResult_SEM-DA_PWR-MRC-D+1_20211114110000_20211114114807.csv
2021-11-15T10:00:00Z,1.0,250.0,2021-11-15,MarketResult_SEM-DA_PWR-MRC-D+1_20211114110000_20211114114807.csv
2021-11-15T11:00:00Z,1.0,247.95,2021-11-15,MarketResult_SEM-DA_PWR-MRC-D+1_20211114110000_20211114114807.csv
2021-11-15T12:00:00Z,1.0,260.0,2021-11-15,MarketResult_SEM-DA_PWR-MRC-D+1_20211114110000_20211114114807.csv
2021-11-15T13:00:00Z,1.0,270.84,2021-11-15,MarketResult_SEM-DA_PWR-MRC-D+1_20211114110000_20211114114807.csv
2021-11-15T14:00:00Z,1.0,272.95,2021-11-15,MarketResult_SEM-DA_PWR-MRC-D+1_20211114110000_20211114114807.csv
2021-11-15T15:00:00Z,1.0,280.0,2021-11-15,MarketResult_SEM-DA_PWR-MRC-D+1_20211114110000_20211114114807.csv
2021-11-15T16:00:00Z,1.0,467.44,2021-11-15,MarketResult_SEM-DA_PWR-MRC-D+1_20211114110000_20211114114807.csv
2021-11-15T17:00:00Z,1.0,490.91,2021-11-15,MarketResult_SEM-DA_PWR-MRC-D+1_20211114110000_20211114114807.csv
2021-11-15T18:00:00Z,1.0,485.84,2021-11-15,MarketResult_SEM-DA_PWR-MRC-D+1_20211114110000_20211114114807.csv
2021-11-15T19:00:00Z,1.0,390.69,2021-11-15,MarketResult_SEM-DA_PWR-MRC-D+1_20211114110000_20211114114807.csv
2021-11-15T20:00:00Z,1.0,247.47,2021-11-15,MarketResult_SEM-DA_PWR-MRC-D+1_20211114110000_20211114114807.csv
2021-11-15T21:00:00Z,1.0,188.67,2021-11-15,MarketResult_SEM-DA_PWR-MRC-D+1_20211114110000_20211114114807.csv
2021-11-15T22:00:00Z,1.0,162.0,2021-11-15,MarketResult_SEM-DA_PWR-MRC-D+1_20211114110000_20211114114807.csv
2021-11-15T23:00:00Z,1.0,200.75,2021-11-16,MarketResult_SEM-DA_PWR-MRC-D+1_20211115110000_20211115114029.csv
2021-11-16T00:00:00Z,1.0,179.41,2021-11-16,MarketResult_SEM-DA_PWR-MRC-D+1_20211115110000_20211115114029.csv
2021-11-16T01:00:00Z,1.0,165.66,2021-11-16,MarketResult_SEM-DA_PWR-MRC-D+1_20211115110000_20211115114029.csv
2021-11-16T02:00:00Z,1.0,160.22,2021-11-16,MarketResult_SEM-DA_PWR-MRC-D+1_20211115110000_20211115114029.csv
2021-11-16T03:00:00Z,1.0,153.99,2021-11-16,MarketResult_SEM-DA_PWR-MRC-D+1_20211115110000_20211115114029.csv
2021-11-16T04:00:00Z,1.0,151.6,2021-11-16,MarketResult_SEM-DA_PWR-MRC-D+1_20211115110000_20211115114029.csv
2021-11-16T05:00:00Z,1.0,157.84,2021-11-16,MarketResult_SEM-DA_PWR-MRC-D+1_20211115110000_20211115114029.csv
2021-11-16T06:00:00Z,1.0,154.37,2021-11-16,MarketResult_SEM-DA_PWR-MRC-D+1_20211115110000_20211115114029.csv
2021-11-16T07:00:00Z,1.0,192.07,2021-11-16,MarketResult_SEM-DA_PWR-MRC-D+1_20211115110000_20211115114029.csv
2021-11-16T08:00:00Z,1.0,199.0,2021-11-16,MarketResult_SEM-DA_PWR-MRC-D+1_20211115110000_20211115114029.csv
2021-11-16T09:00:00Z,1.0,195.52,2021-11-16,MarketResult_SEM-DA_PWR-MRC-D+1_20211115110000_20211115114029.csv
2021-11-16T10:00:00Z,1.0,195.52,2021-11-16,MarketResult_SEM-DA_PWR-MRC-D+1_20211115110000_20211115114029.csv
2021-11-16T11:00:00Z,1.0,175.0,2021-11-16,MarketResult_SEM-DA_PWR-MRC-D+1_20211115110000_20211115114029.csv
2021-11-16T12:00:00Z,1.0,165.0,2021-11-16,MarketResult_SEM-DA_PWR-MRC-D+1_20211115110000_20211115114029.csv
2021-11-16T13:00:00Z,1.0,158.3,2021-11-16,MarketResult_SEM-DA_PWR-MRC-D+1_20211115110000_20211115114029.csv
2021-11-16T14:00:00Z,1.0,148.45,2021-11-16,MarketResult_SEM-DA_PWR-MRC-D+1_20211115110000_20211115114029.csv
2021-11-16T15:00:00Z,1.0,155.72,2021-11-16,MarketResult_SEM-DA_PWR-MRC-D+1_20211115110000_20211115114029.csv
2021-11-16T16:00:00Z,1.0,222.89,2021-11-16,MarketResult_SEM-DA_PWR-MRC-D+1_20211115110000_20211115114029.csv
2021-11-16T17:00:00Z,1.0,269.23,2021-11-16,MarketResult_SEM-DA_PWR-MRC-D+1_20211115110000_20211115114029.csv
2021-11-16T18:00:00Z,1.0,244.5,2021-11-16,MarketResult_SEM-DA_PWR-MRC-D+1_20211115110000_20211115114029.csv
2021-11-16T19:00:00Z,1.0,219.5,2021-11-16,MarketResult_SEM-DA_PWR-MRC-D+1_20211115110000_20211115114029.csv
2021-11-16T20:00:00Z,1.0,197.0,2021-11-16,MarketResult_SEM-DA_PWR-MRC-D+1_20211115110000_20211115114029.csv
2021-11-16T21:00:00Z,1.0,175.88,2021-11-16,MarketResult_SEM-DA_PWR-MRC-D+1_20211115110000_20211115114029.csv
2021-11-16T22:00:00Z,1.0,158.59,2021-11-16,MarketResult_SEM-DA_PWR-MRC-D+1_20211115110000_20211115114029.csv
2021-11-16T23:00:00Z,1.0,192.8,2021-11-17,MarketResult_SEM-DA_PWR-MRC-D+1_20211116110000_20211116115027.csv
2021-11-17T00:00:00Z,1.0,177.0,2021-11-17,MarketResult_SEM-DA_PWR-MRC-D+1_20211116110000_20211116115027.csv
2021-11-17T01:00:00Z,1.0,168.0,2021-11-17,MarketResult_SEM-DA_PWR-MRC-D+1_20211116110000_20211116115027.csv
2021-11-17T02:00:00Z,1.0,164.69,2021-11-17,MarketResult_SEM-DA_PWR-MRC-D+1_20211116110000_20211116115027.csv
2021-11-17T03:00:00Z,1.0,160.56,2021-11-17,MarketResult_SEM-DA_PWR-MRC-D+1_20211116110000_20211116115027.csv
2021-11-17T04:00:00Z,1.0,165.0,2021-11-17,MarketResult_SEM-DA_PWR-MRC-D+1_20211116110000_20211116115027.csv
2021-11-17T05:00:00Z,1.0,175.15,2021-11-17,MarketResult_SEM-DA_PWR-MRC-D+1_20211116110000_20211116115027.csv
2021-11-17T06:00:00Z,1.0,191.6,2021-11-17,MarketResult_SEM-DA_PWR-MRC-D+1_20211116110000_20211116115027.csv
2021-11-17T07:00:00Z,1.0,219.84,2021-11-17,MarketResult_SEM-DA_PWR-MRC-D+1_20211116110000_20211116115027.csv
2021-11-17T08:00:00Z,1.0,231.8,2021-11-17,MarketResult_SEM-DA_PWR-MRC-D+1_20211116110000_20211116115027.csv
2021-11-17T09:00:00Z,1.0,234.73,2021-11-17,MarketResult_SEM-DA_PWR-MRC-D+1_20211116110000_20211116115027.csv
2021-11-17T10:00:00Z,1.0,219.31,2021-11-17,MarketResult_SEM-DA_PWR-MRC-D+1_20211116110000_20211116115027.csv
2021-11-17T11:00:00Z,1.0,222.0,2021-11-17,MarketResult_SEM-DA_PWR-MRC-D+1_20211116110000_20211116115027.csv
2021-11-17T12:00:00Z,1.0,211.69,2021-11-17,MarketResult_SEM-DA_PWR-MRC-D+1_20211116110000_20211116115027.csv
2021-11-17T13:00:00Z,1.0,208.5,2021-11-17,MarketResult_SEM-DA_PWR-MRC-D+1_20211116110000_20211116115027.csv
2021-11-17T14:00:00Z,1.0,220.9,2021-11-17,MarketResult_SEM-DA_PWR-MRC-D+1_20211116110000_20211116115027.csv
2021-11-17T15:00:00Z,1.0,234.42,2021-11-17,MarketResult_SEM-DA_PWR-MRC-D+1_20211116110000_20211116115027.csv
2021-11-17T16:00:00Z,1.0,265.2,2021-11-17,MarketResult_SEM-DA_PWR-MRC-D+1_20211116110000_20211116115027.csv
2021-11-17T17:00:00Z,1.0,305.0,2021-11-17,MarketResult_SEM-DA_PWR-MRC-D+1_20211116110000_20211116115027.csv
2021-11-17T18:00:00Z,1.0,275.32,2021-11-17,MarketResult_SEM-DA_PWR-MRC-D+1_20211116110000_20211116115027.csv
2021-11-17T19:00:00Z,1.0,229.43,2021-11-17,MarketResult_SEM-DA_PWR-MRC-D+1_20211116110000_20211116115027.csv
2021-11-17T20:00:00Z,1.0,208.0,2021-11-17,MarketResult_SEM-DA_PWR-MRC-D+1_20211116110000_20211116115027.csv
2021-11-17T21:00:00Z,1.0,182.14,2021-11-17,MarketResult_SEM-DA_PWR-MRC-D+1_20211116110000_20211116115027.csv
2021-11-17T22:00:00Z,1.0,174.36,2021-11-17,MarketResult_SEM-DA_PWR-MRC-D+1_20211116110000_20211116115027.csv
2021-11-17T23:00:00Z,1.0,188.25,2021-11-18,MarketResult_SEM-DA_PWR-MRC-D+1_20211117110000_20211117113555.csv
2021-11-18T00:00:00Z,1.0,175.0,2021-11-18,MarketResult_SEM-DA_PWR-MRC-D+1_20211117110000_20211117113555.csv
2021-11-18T01:00:00Z,1.0,172.06,2021-11-18,MarketResult_SEM-DA_PWR-MRC-D+1_20211117110000_20211117113555.csv
2021-11-18T02:00:00Z,1.0,160.6,2021-11-18,MarketResult_SEM-DA_PWR-MRC-D+1_20211117110000_20211117113555.csv
2021-11-18T03:00:00Z,1.0,144.0,2021-11-18,MarketResult_SEM-DA_PWR-MRC-D+1_20211117110000_20211117113555.csv
2021-11-18T04:00:00Z,1.0,165.9,2021-11-18,MarketResult_SEM-DA_PWR-MRC-D+1_20211117110000_20211117113555.csv
2021-11-18T05:00:00Z,1.0,171.48,2021-11-18,MarketResult_SEM-DA_PWR-MRC-D+1_20211117110000_20211117113555.csv
2021-11-18T06:00:00Z,1.0,201.7,2021-11-18,MarketResult_SEM-DA_PWR-MRC-D+1_20211117110000_20211117113555.csv
2021-11-18T07:00:00Z,1.0,224.6,2021-11-18,MarketResult_SEM-DA_PWR-MRC-D+1_20211117110000_20211117113555.csv
2021-11-18T08:00:00Z,1.0,250.06,2021-11-18,MarketResult_SEM-DA_PWR-MRC-D+1_20211117110000_20211117113555.csv
2021-11-18T09:00:00Z,1.0,235.97,2021-11-18,MarketResult_SEM-DA_PWR-MRC-D+1_20211117110000_20211117113555.csv
2021-11-18T10:00:00Z,1.0,223.4,2021-11-18,MarketResult_SEM-DA_PWR-MRC-D+1_20211117110000_20211117113555.csv
2021-11-18T11:00:00Z,1.0,208.54,2021-11-18,MarketResult_SEM-DA_PWR-MRC-D+1_20211117110000_20211117113555.csv
2021-11-18T12:00:00Z,1.0,206.3,2021-11-18,MarketResult_SEM-DA_PWR-MRC-D+1_20211117110000_20211117113555.csv
2021-11-18T13:00:00Z,1.0,214.4,2021-11-18,MarketResult_SEM-DA_PWR-MRC-D+1_20211117110000_20211117113555.csv
2021-11-18T14:00:00Z,1.0,218.29,2021-11-18,MarketResult_SEM-DA_PWR-MRC-D+1_20211117110000_20211117113555.csv
2021-11-18T15:00:00Z,1.0,228.9,2021-11-18,MarketResult_SEM-DA_PWR-MRC-D+1_20211117110000_20211117113555.csv
2021-11-18T16:00:00Z,1.0,278.5,2021-11-18,MarketResult_SEM-DA_PWR-MRC-D+1_20211117110000_20211117113555.csv
2021-11-18T17:00:00Z,1.0,295.0,2021-11-18,MarketResult_SEM-DA_PWR-MRC-D+1_20211117110000_20211117113555.csv
2021-11-18T18:00:00Z,1.0,284.0,2021-11-18,MarketResult_SEM-DA_PWR-MRC-D+1_20211117110000_20211117113555.csv
2021-11-18T19:00:00Z,1.0,250.61,2021-11-18,MarketResult_SEM-DA_PWR-MRC-D+1_20211117110000_20211117113555.csv
2021-11-18T20:00:00Z,1.0,238.0,2021-11-18,MarketResult_SEM-DA_PWR-MRC-D+1_20211117110000_20211117113555.csv
2021-11-18T21:00:00Z,1.0,216.89,2021-11-18,MarketResult_SEM-DA_PWR-MRC-D+1_20211117110000_20211117113555.csv
2021-11-18T22:00:00Z,1.0,196.0,2021-11-18,MarketResult_SEM-DA_PWR-MRC-D+1_20211117110000_20211117113555.csv
2021-11-18T23:00:00Z,1.0,207.1,2021-11-19,MarketResult_SEM-DA_PWR-MRC-D+1_20211118110000_20211118114139.csv
2021-11-19T00:00:00Z,1.0,191.0,2021-11-19,MarketResult_SEM-DA_PWR-MRC-D+1_20211118110000_20211118114139.csv
2021-11-19T01:00:00Z,1.0,182.8,2021-11-19,MarketResult_SEM-DA_PWR-MRC-D+1_20211118110000_20211118114139.csv
2021-11-19T02:00:00Z,1.0,176.0,2021-11-19,MarketResult_SEM-DA_PWR-MRC-D+1_20211118110000_20211118114139.csv
2021-11-19T03:00:00Z,1.0,172.0,2021-11-19,MarketResult_SEM-DA_PWR-MRC-D+1_20211118110000_20211118114139.csv
2021-11-19T04:00:00Z,1.0,175.0,2021-11-19,MarketResult_SEM-DA_PWR-MRC-D+1_20211118110000_20211118114139.csv
2021-11-19T05:00:00Z,1.0,192.0,2021-11-19,MarketResult_SEM-DA_PWR-MRC-D+1_20211118110000_20211118114139.csv
2021-11-19T06:00:00Z,1.0,219.0,2021-11-19,MarketResult_SEM-DA_PWR-MRC-D+1_20211118110000_20211118114139.csv
2021-11-19T07:00:00Z,1.0,223.0,2021-11-19,MarketResult_SEM-DA_PWR-MRC-D+1_20211118110000_20211118114139.csv
2021-11-19T08:00:00Z,1.0,236.0,2021-11-19,MarketResult_SEM-DA_PWR-MRC-D+1_20211118110000_20211118114139.csv
2021-11-19T09:00:00Z,1.0,237.0,2021-11-19,MarketResult_SEM-DA_PWR-MRC-D+1_20211118110000_20211118114139.csv
2021-11-19T10:00:00Z,1.0,226.0,2021-11-19,MarketResult_SEM-DA_PWR-MRC-D+1_20211118110000_20211118114139.csv
2021-11-19T11:00:00Z,1.0,220.7,2021-11-19,MarketResult_SEM-DA_PWR-MRC-D+1_20211118110000_20211118114139.csv
2021-11-19T12:00:00Z,1.0,219.0,2021-11-19,MarketResult_SEM-DA_PWR-MRC-D+1_20211118110000_20211118114139.csv
2021-11-19T13:00:00Z,1.0,216.17,2021-11-19,MarketResult_SEM-DA_PWR-MRC-D+1_20211118110000_20211118114139.csv
2021-11-19T14:00:00Z,1.0,233.0,2021-11-19,MarketResult_SEM-DA_PWR-MRC-D+1_20211118110000_20211118114139.csv
2021-11-19T15:00:00Z,1.0,236.29,2021-11-19,MarketResult_SEM-DA_PWR-MRC-D+1_20211118110000_20211118114139.csv
2021-11-19T16:00:00Z,1.0,270.0,2021-11-19,MarketResult_SEM-DA_PWR-MRC-D+1_20211118110000_20211118114139.csv
2021-11-19T17:00:00Z,1.0,304.67,2021-11-19,MarketResult_SEM-DA_PWR-MRC-D+1_20211118110000_20211118114139.csv
2021-11-19T18:00:00Z,1.0,292.01,2021-11-19,MarketResult_SEM-DA_PWR-MRC-D+1_20211118110000_20211118114139.csv
2021-11-19T19:00:00Z,1.0,262.1,2021-11-19,MarketResult_SEM-DA_PWR-MRC-D+1_20211118110000_20211118114139.csv
2021-11-19T20:00:00Z,1.0,230.5,2021-11-19,MarketResult_SEM-DA_PWR-MRC-D+1_20211118110000_20211118114139.csv
2021-11-19T21:00:00Z,1.0,224.38,2021-11-19,MarketResult_SEM-DA_PWR-MRC-D+1_20211118110000_20211118114139.csv
2021-11-19T22:00:00Z,1.0,195.45,2021-11-19,MarketResult_SEM-DA_PWR-MRC-D+1_20211118110000_20211118114139.csv
2021-11-19T23:00:00Z,1.0,219.5,2021-11-20,MarketResult_SEM-DA_PWR-MRC-D+1_20211119110000_20211119114225.csv
2021-11-20T00:00:00Z,1.0,202.47,2021-11-20,MarketResult_SEM-DA_PWR-MRC-D+1_20211119110000_20211119114225.csv
2021-11-20T01:00:00Z,1.0,189.0,2021-11-20,MarketResult_SEM-DA_PWR-MRC-D+1_20211119110000_20211119114225.csv
2021-11-20T02:00:00Z,1.0,179.0,2021-11-20,MarketResult_SEM-DA_PWR-MRC-D+1_20211119110000_20211119114225.csv
2021-11-20T03:00:00Z,1.0,175.0,2021-11-20,MarketResult_SEM-DA_PWR-MRC-D+1_20211119110000_20211119114225.csv
2021-11-20T04:00:00Z,1.0,173.33,2021-11-20,MarketResult_SEM-DA_PWR-MRC-D+1_20211119110000_20211119114225.csv
2021-11-20T05:00:00Z,1.0,170.0,2021-11-20,MarketResult_SEM-DA_PWR-MRC-D+1_20211119110000_20211119114225.csv
2021-11-20T06:00:00Z,1.0,183.4,2021-11-20,MarketResult_SEM-DA_PWR-MRC-D+1_20211119110000_20211119114225.csv
2021-11-20T07:00:00Z,1.0,185.3,2021-11-20,MarketResult_SEM-DA_PWR-MRC-D+1_20211119110000_20211119114225.csv
2021-11-20T08:00:00Z,1.0,197.7,2021-11-20,MarketResult_SEM-DA_PWR-MRC-D+1_20211119110000_20211119114225.csv
2021-11-20T09:00:00Z,1.0,218.0,2021-11-20,MarketResult_SEM-DA_PWR-MRC-D+1_20211119110000_20211119114225.csv
2021-11-20T10:00:00Z,1.0,223.0,2021-11-20,MarketResult_SEM-DA_PWR-MRC-D+1_20211119110000_20211119114225.csv
2021-11-20T11:00:00Z,1.0,224.0,2021-11-20,MarketResult_SEM-DA_PWR-MRC-D+1_20211119110000_20211119114225.csv
2021-11-20T12:00:00Z,1.0,214.0,2021-11-20,MarketResult_SEM-DA_PWR-MRC-D+1_20211119110000_20211119114225.csv
2021-11-20T13:00:00Z,1.0,214.65,2021-11-20,MarketResult_SEM-DA_PWR-MRC-D+1_20211119110000_20211119114225.csv
2021-11-20T14:00:00Z,1.0,207.14,2021-11-20,MarketResult_SEM-DA_PWR-MRC-D+1_20211119110000_20211119114225.csv
2021-11-20T15:00:00Z,1.0,201.4,2021-11-20,MarketResult_SEM-DA_PWR-MRC-D+1_20211119110000_20211119114225.csv
2021-11-20T16:00:00Z,1.0,229.0,2021-11-20,MarketResult_SEM-DA_PWR-MRC-D+1_20211119110000_20211119114225.csv
2021-11-20T17:00:00Z,1.0,277.0,2021-11-20,MarketResult_SEM-DA_PWR-MRC-D+1_20211119110000_20211119114225.csv
2021-11-20T18:00:00Z,1.0,265.2,2021-11-20,MarketResult_SEM-DA_PWR-MRC-D+1_20211119110000_20211119114225.csv
2021-11-20T19:00:00Z,1.0,224.72,2021-11-20,MarketResult_SEM-DA_PWR-MRC-D+1_20211119110000_20211119114225.csv
2021-11-20T20:00:00Z,1.0,198.0,2021-11-20,MarketResult_SEM-DA_PWR-MRC-D+1_20211119110000_20211119114225.csv
2021-11-20T21:00:00Z,1.0,189.92,2021-11-20,MarketResult_SEM-DA_PWR-MRC-D+1_20211119110000_20211119114225.csv
2021-11-20T22:00:00Z,1.0,179.15,2021-11-20,MarketResult_SEM-DA_PWR-MRC-D+1_20211119110000_20211119114225.csv
2021-11-20T23:00:00Z,1.0,211.0,2021-11-21,MarketResult_SEM-DA_PWR-MRC-D+1_20211120110000_20211120113524.csv
2021-11-21T00:00:00Z,1.0,193.66,2021-11-21,MarketResult_SEM-DA_PWR-MRC-D+1_20211120110000_20211120113524.csv
2021-11-21T01:00:00Z,1.0,179.08,2021-11-21,MarketResult_SEM-DA_PWR-MRC-D+1_20211120110000_20211120113524.csv
2021-11-21T02:00:00Z,1.0,170.3,2021-11-21,MarketResult_SEM-DA_PWR-MRC-D+1_20211120110000_20211120113524.csv
2021-11-21T03:00:00Z,1.0,161.92,2021-11-21,MarketResult_SEM-DA_PWR-MRC-D+1_20211120110000_20211120113524.csv
2021-11-21T04:00:00Z,1.0,136.34,2021-11-21,MarketResult_SEM-DA_PWR-MRC-D+1_20211120110000_20211120113524.csv
2021-11-21T05:00:00Z,1.0,151.0,2021-11-21,MarketResult_SEM-DA_PWR-MRC-D+1_20211120110000_20211120113524.csv
2021-11-21T06:00:00Z,1.0,160.0,2021-11-21,MarketResult_SEM-DA_PWR-MRC-D+1_20211120110000_20211120113524.csv
2021-11-21T07:00:00Z,1.0,171.29,2021-11-21,MarketResult_SEM-DA_PWR-MRC-D+1_20211120110000_20211120113524.csv
2021-11-21T08:00:00Z,1.0,195.99,2021-11-21,MarketResult_SEM-DA_PWR-MRC-D+1_20211120110000_20211120113524.csv
2021-11-21T09:00:00Z,1.0,209.2,2021-11-21,MarketResult_SEM-DA_PWR-MRC-D+1_20211120110000_20211120113524.csv
2021-11-21T10:00:00Z,1.0,205.55,2021-11-21,MarketResult_SEM-DA_PWR-MRC-D+1_20211120110000_20211120113524.csv
2021-11-21T11:00:00Z,1.0,203.0,2021-11-21,MarketResult_SEM-DA_PWR-MRC-D+1_20211120110000_20211120113524.csv
2021-11-21T12:00:00Z,1.0,190.0,2021-11-21,MarketResult_SEM-DA_PWR-MRC-D+1_20211120110000_20211120113524.csv
2021-11-21T13:00:00Z,1.0,197.0,2021-11-21,MarketResult_SEM-DA_PWR-MRC-D+1_20211120110000_20211120113524.csv
2021-11-21T14:00:00Z,1.0,200.34,2021-11-21,MarketResult_SEM-DA_PWR-MRC-D+1_20211120110000_20211120113524.csv
2021-11-21T15:00:00Z,1.0,220.3,2021-11-21,MarketResult_SEM-DA_PWR-MRC-D+1_20211120110000_20211120113524.csv
2021-11-21T16:00:00Z,1.0,252.0,2021-11-21,MarketResult_SEM-DA_PWR-MRC-D+1_20211120110000_20211120113524.csv
2021-11-21T17:00:00Z,1.0,299.4,2021-11-21,MarketResult_SEM-DA_PWR-MRC-D+1_20211120110000_20211120113524.csv
2021-11-21T18:00:00Z,1.0,287.2,2021-11-21,MarketResult_SEM-DA_PWR-MRC-D+1_20211120110000_20211120113524.csv
2021-11-21T19:00:00Z,1.0,242.39,2021-11-21,MarketResult_SEM-DA_PWR-MRC-D+1_20211120110000_20211120113524.csv
2021-11-21T20:00:00Z,1.0,226.51,2021-11-21,MarketResult_SEM-DA_PWR-MRC-D+1_20211120110000_20211120113524.csv
2021-11-21T21:00:00Z,1.0,205.0,2021-11-21,MarketResult_SEM-DA_PWR-MRC-D+1_20211120110000_20211120113524.csv
2021-11-21T22:00:00Z,1.0,198.53,2021-11-21,MarketResult_SEM-DA_PWR-MRC-D+1_20211120110000_20211120113524.csv
2021-11-21T23:00:00Z,1.0,178.96,2021-11-22,MarketResult_SEM-DA_PWR-MRC-D+1_20211121110000_20211121113509.csv
2021-11-22T00:00:00Z,1.0,177.75,2021-11-22,MarketResult_SEM-DA_PWR-MRC-D+1_20211121110000_20211121113509.csv
2021-11-22T01:00:00Z,1.0,174.3,2021-11-22,MarketResult_SEM-DA_PWR-MRC-D+1_20211121110000_20211121113509.csv
2021-11-22T02:00:00Z,1.0,174.24,2021-11-22,MarketResult_SEM-DA_PWR-MRC-D+1_20211121110000_20211121113509.csv
2021-11-22T03:00:00Z,1.0,173.07,2021-11-22,MarketResult_SEM-DA_PWR-MRC-D+1_20211121110000_20211121113509.csv
2021-11-22T04:00:00Z,1.0,174.3,2021-11-22,MarketResult_SEM-DA_PWR-MRC-D+1_20211121110000_20211121113509.csv
2021-11-22T05:00:00Z,1.0,178.33,2021-11-22,MarketResult_SEM-DA_PWR-MRC-D+1_20211121110000_20211121113509.csv
2021-11-22T06:00:00Z,1.0,186.05,2021-11-22,MarketResult_SEM-DA_PWR-MRC-D+1_20211121110000_20211121113509.csv
2021-11-22T07:00:00Z,1.0,211.47,2021-11-22,MarketResult_SEM-DA_PWR-MRC-D+1_20211121110000_20211121113509.csv
2021-11-22T08:00:00Z,1.0,231.71,2021-11-22,MarketResult_SEM-DA_PWR-MRC-D+1_20211121110000_20211121113509.csv
2021-11-22T09:00:00Z,1.0,231.81,2021-11-22,MarketResult_SEM-DA_PWR-MRC-D+1_20211121110000_20211121113509.csv
2021-11-22T10:00:00Z,1.0,221.81,2021-11-22,MarketResult_SEM-DA_PWR-MRC-D+1_20211121110000_20211121113509.csv
2021-11-22T11:00:00Z,1.0,221.81,2021-11-22,MarketResult_SEM-DA_PWR-MRC-D+1_20211121110000_20211121113509.csv
2021-11-22T12:00:00Z,1.0,232.11,2021-11-22,MarketResult_SEM-DA_PWR-MRC-D+1_20211121110000_20211121113509.csv
2021-11-22T13:00:00Z,1.0,243.52,2021-11-22,MarketResult_SEM-DA_PWR-MRC-D+1_20211121110000_20211121113509.csv
2021-11-22T14:00:00Z,1.0,232.11,2021-11-22,MarketResult_SEM-DA_PWR-MRC-D+1_20211121110000_20211121113509.csv
2021-11-22T15:00:00Z,1.0,253.16,2021-11-22,MarketResult_SEM-DA_PWR-MRC-D+1_20211121110000_20211121113509.csv
2021-11-22T16:00:00Z,1.0,312.0,2021-11-22,MarketResult_SEM-DA_PWR-MRC-D+1_20211121110000_20211121113509.csv
2021-11-22T17:00:00Z,1.0,443.13,2021-11-22,MarketResult_SEM-DA_PWR-MRC-D+1_20211121110000_20211121113509.csv
2021-11-22T18:00:00Z,1.0,338.09,2021-11-22,MarketResult_SEM-DA_PWR-MRC-D+1_20211121110000_20211121113509.csv
2021-11-22T19:00:00Z,1.0,292.64,2021-11-22,MarketResult_SEM-DA_PWR-MRC-D+1_20211121110000_20211121113509.csv
2021-11-22T20:00:00Z,1.0,231.71,2021-11-22,MarketResult_SEM-DA_PWR-MRC-D+1_20211121110000_20211121113509.csv
2021-11-22T21:00:00Z,1.0,221.5,2021-11-22,MarketResult_SEM-DA_PWR-MRC-D+1_20211121110000_20211121113509.csv
2021-11-22T22:00:00Z,1.0,188.59,2021-11-22,MarketResult_SEM-DA_PWR-MRC-D+1_20211121110000_20211121113509.csv
2021-11-22T23:00:00Z,1.0,185.9,2021-11-23,MarketResult_SEM-DA_PWR-MRC-D+1_20211122110000_20211122113618.csv
2021-11-23T00:00:00Z,1.0,180.72,2021-11-23,MarketResult_SEM-DA_PWR-MRC-D+1_20211122110000_20211122113618.csv
2021-11-23T01:00:00Z,1.0,178.71,2021-11-23,MarketResult_SEM-DA_PWR-MRC-D+1_20211122110000_20211122113618.csv
2021-11-23T02:00:00Z,1.0,175.39,2021-11-23,MarketResult_SEM-DA_PWR-MRC-D+1_20211122110000_20211122113618.csv
2021-11-23T03:00:00Z,1.0,177.0,2021-11-23,MarketResult_SEM-DA_PWR-MRC-D+1_20211122110000_20211122113618.csv
2021-11-23T04:00:00Z,1.0,175.39,2021-11-23,MarketResult_SEM-DA_PWR-MRC-D+1_20211122110000_20211122113618.csv
2021-11-23T05:00:00Z,1.0,179.91,2021-11-23,MarketResult_SEM-DA_PWR-MRC-D+1_20211122110000_20211122113618.csv
2021-11-23T06:00:00Z,1.0,190.69,2021-11-23,MarketResult_SEM-DA_PWR-MRC-D+1_20211122110000_20211122113618.csv
2021-11-23T07:00:00Z,1.0,226.08,2021-11-23,MarketResult_SEM-DA_PWR-MRC-D+1_20211122110000_20211122113618.csv
2021-11-23T08:00:00Z,1.0,265.65,2021-11-23,MarketResult_SEM-DA_PWR-MRC-D+1_20211122110000_20211122113618.csv
2021-11-23T09:00:00Z,1.0,280.38,2021-11-23,MarketResult_SEM-DA_PWR-MRC-D+1_20211122110000_20211122113618.csv
2021-11-23T10:00:00Z,1.0,269.0,2021-11-23,MarketResult_SEM-DA_PWR-MRC-D+1_20211122110000_20211122113618.csv
2021-11-23T11:00:00Z,1.0,263.6,2021-11-23,MarketResult_SEM-DA_PWR-MRC-D+1_20211122110000_20211122113618.csv
2021-11-23T12:00:00Z,1.0,250.7,2021-11-23,MarketResult_SEM-DA_PWR-MRC-D+1_20211122110000_20211122113618.csv
2021-11-23T13:00:00Z,1.0,265.4,2021-11-23,MarketResult_SEM-DA_PWR-MRC-D+1_20211122110000_20211122113618.csv
2021-11-23T14:00:00Z,1.0,242.89,2021-11-23,MarketResult_SEM-DA_PWR-MRC-D+1_20211122110000_20211122113618.csv
2021-11-23T15:00:00Z,1.0,239.0,2021-11-23,MarketResult_SEM-DA_PWR-MRC-D+1_20211122110000_20211122113618.csv
2021-11-23T16:00:00Z,1.0,333.31,2021-11-23,MarketResult_SEM-DA_PWR-MRC-D+1_20211122110000_20211122113618.csv
2021-11-23T17:00:00Z,1.0,414.0,2021-11-23,MarketResult_SEM-DA_PWR-MRC-D+1_20211122110000_20211122113618.csv
2021-11-23T18:00:00Z,1.0,354.25,2021-11-23,MarketResult_SEM-DA_PWR-MRC-D+1_20211122110000_20211122113618.csv
2021-11-23T19:00:00Z,1.0,257.0,2021-11-23,MarketResult_SEM-DA_PWR-MRC-D+1_20211122110000_20211122113618.csv
2021-11-23T20:00:00Z,1.0,217.61,2021-11-23,MarketResult_SEM-DA_PWR-MRC-D+1_20211122110000_20211122113618.csv
2021-11-23T21:00:00Z,1.0,199.58,2021-11-23,MarketResult_SEM-DA_PWR-MRC-D+1_20211122110000_20211122113618.csv
2021-11-23T22:00:00Z,1.0,185.21,2021-11-23,MarketResult_SEM-DA_PWR-MRC-D+1_20211122110000_20211122113618.csv
2021-11-23T23:00:00Z,1.0,207.9,2021-11-24,MarketResult_SEM-DA_PWR-MRC-D+1_20211123110000_20211123113458.csv
2021-11-24T00:00:00Z,1.0,198.03,2021-11-24,MarketResult_SEM-DA_PWR-MRC-D+1_20211123110000_20211123113458.csv
2021-11-24T01:00:00Z,1.0,190.87,2021-11-24,MarketResult_SEM-DA_PWR-MRC-D+1_20211123110000_20211123113458.csv
2021-11-24T02:00:00Z,1.0,186.0,2021-11-24,MarketResult_SEM-DA_PWR-MRC-D+1_20211123110000_20211123113458.csv
2021-11-24T03:00:00Z,1.0,180.08,2021-11-24,MarketResult_SEM-DA_PWR-MRC-D+1_20211123110000_20211123113458.csv
2021-11-24T04:00:00Z,1.0,180.08,2021-11-24,MarketResult_SEM-DA_PWR-MRC-D+1_20211123110000_20211123113458.csv
2021-11-24T05:00:00Z,1.0,185.0,2021-11-24,MarketResult_SEM-DA_PWR-MRC-D+1_20211123110000_20211123113458.csv
2021-11-24T06:00:00Z,1.0,199.0,2021-11-24,MarketResult_SEM-DA_PWR-MRC-D+1_20211123110000_20211123113458.csv
2021-11-24T07:00:00Z,1.0,209.51,2021-11-24,MarketResult_SEM-DA_PWR-MRC-D+1_20211123110000_20211123113458.csv
2021-11-24T08:00:00Z,1.0,232.9,2021-11-24,MarketResult_SEM-DA_PWR-MRC-D+1_20211123110000_20211123113458.csv
2021-11-24T09:00:00Z,1.0,248.29,2021-11-24,MarketResult_SEM-DA_PWR-MRC-D+1_20211123110000_20211123113458.csv
2021-11-24T10:00:00Z,1.0,269.22,2021-11-24,MarketResult_SEM-DA_PWR-MRC-D+1_20211123110000_20211123113458.csv
2021-11-24T11:00:00Z,1.0,262.0,2021-11-24,MarketResult_SEM-DA_PWR-MRC-D+1_20211123110000_20211123113458.csv
2021-11-24T12:00:00Z,1.0,253.0,2021-11-24,MarketResult_SEM-DA_PWR-MRC-D+1_20211123110000_20211123113458.csv
2021-11-24T13:00:00Z,1.0,240.66,2021-11-24,MarketResult_SEM-DA_PWR-MRC-D+1_20211123110000_20211123113458.csv
2021-11-24T14:00:00Z,1.0,239.63,2021-11-24,MarketResult_SEM-DA_PWR-MRC-D+1_20211123110000_20211123113458.csv
2021-11-24T15:00:00Z,1.0,238.0,2021-11-24,MarketResult_SEM-DA_PWR-MRC-D+1_20211123110000_20211123113458.csv
2021-11-24T16:00:00Z,1.0,272.0,2021-11-24,MarketResult_SEM-DA_PWR-MRC-D+1_20211123110000_20211123113458.csv
2021-11-24T17:00:00Z,1.0,306.0,2021-11-24,MarketResult_SEM-DA_PWR-MRC-D+1_20211123110000_20211123113458.csv
2021-11-24T18:00:00Z,1.0,275.0,2021-11-24,MarketResult_SEM-DA_PWR-MRC-D+1_20211123110000_20211123113458.csv
2021-11-24T19:00:00Z,1.0,195.0,2021-11-24,MarketResult_SEM-DA_PWR-MRC-D+1_20211123110000_20211123113458.csv
2021-11-24T20:00:00Z,1.0,180.78,2021-11-24,MarketResult_SEM-DA_PWR-MRC-D+1_20211123110000_20211123113458.csv
2021-11-24T21:00:00Z,1.0,191.02,2021-11-24,MarketResult_SEM-DA_PWR-MRC-D+1_20211123110000_20211123113458.csv
2021-11-24T22:00:00Z,1.0,158.19,2021-11-24,MarketResult_SEM-DA_PWR-MRC-D+1_20211123110000_20211123113458.csv
2021-11-24T23:00:00Z,1.0,168.19,2021-11-25,MarketResult_SEM-DA_PWR-MRC-D+1_20211124110000_20211124113609.csv
2021-11-25T00:00:00Z,1.0,159.64,2021-11-25,MarketResult_SEM-DA_PWR-MRC-D+1_20211124110000_20211124113609.csv
2021-11-25T01:00:00Z,1.0,159.64,2021-11-25,MarketResult_SEM-DA_PWR-MRC-D+1_20211124110000_20211124113609.csv
2021-11-25T02:00:00Z,1.0,152.0,2021-11-25,MarketResult_SEM-DA_PWR-MRC-D+1_20211124110000_20211124113609.csv
2021-11-25T03:00:00Z,1.0,158.05,2021-11-25,MarketResult_SEM-DA_PWR-MRC-D+1_20211124110000_20211124113609.csv
2021-11-25T04:00:00Z,1.0,158.63,2021-11-25,MarketResult_SEM-DA_PWR-MRC-D+1_20211124110000_20211124113609.csv
2021-11-25T05:00:00Z,1.0,159.82,2021-11-25,MarketResult_SEM-DA_PWR-MRC-D+1_20211124110000_20211124113609.csv
2021-11-25T06:00:00Z,1.0,174.03,2021-11-25,MarketResult_SEM-DA_PWR-MRC-D+1_20211124110000_20211124113609.csv
2021-11-25T07:00:00Z,1.0,213.8,2021-11-25,MarketResult_SEM-DA_PWR-MRC-D+1_20211124110000_20211124113609.csv
2021-11-25T08:00:00Z,1.0,220.56,2021-11-25,MarketResult_SEM-DA_PWR-MRC-D+1_20211124110000_20211124113609.csv
2021-11-25T09:00:00Z,1.0,209.31,2021-11-25,MarketResult_SEM-DA_PWR-MRC-D+1_20211124110000_20211124113609.csv
2021-11-25T10:00:00Z,1.0,209.31,2021-11-25,MarketResult_SEM-DA_PWR-MRC-D+1_20211124110000_20211124113609.csv
2021-11-25T11:00:00Z,1.0,207.2,2021-11-25,MarketResult_SEM-DA_PWR-MRC-D+1_20211124110000_20211124113609.csv
2021-11-25T12:00:00Z,1.0,214.7,2021-11-25,MarketResult_SEM-DA_PWR-MRC-D+1_20211124110000_20211124113609.csv
2021-11-25T13:00:00Z,1.0,231.6,2021-11-25,MarketResult_SEM-DA_PWR-MRC-D+1_20211124110000_20211124113609.csv
2021-11-25T14:00:00Z,1.0,242.45,2021-11-25,MarketResult_SEM-DA_PWR-MRC-D+1_20211124110000_20211124113609.csv
2021-11-25T15:00:00Z,1.0,251.98,2021-11-25,MarketResult_SEM-DA_PWR-MRC-D+1_20211124110000_20211124113609.csv
2021-11-25T16:00:00Z,1.0,312.64,2021-11-25,MarketResult_SEM-DA_PWR-MRC-D+1_20211124110000_20211124113609.csv
2021-11-25T17:00:00Z,1.0,363.2,2021-11-25,MarketResult_SEM-DA_PWR-MRC-D+1_20211124110000_20211124113609.csv
2021-11-25T18:00:00Z,1.0,319.99,2021-11-25,MarketResult_SEM-DA_PWR-MRC-D+1_20211124110000_20211124113609.csv
2021-11-25T19:00:00Z,1.0,228.32,2021-11-25,MarketResult_SEM-DA_PWR-MRC-D+1_20211124110000_20211124113609.csv
2021-11-25T20:00:00Z,1.0,232.11,2021-11-25,MarketResult_SEM-DA_PWR-MRC-D+1_20211124110000_20211124113609.csv
2021-11-25T21:00:00Z,1.0,228.0,2021-11-25,MarketResult_SEM-DA_PWR-MRC-D+1_20211124110000_20211124113609.csv
2021-11-25T22:00:00Z,1.0,199.75,2021-11-25,MarketResult_SEM-DA_PWR-MRC-D+1_20211124110000_20211124113609.csv
2021-11-25T23:00:00Z,1.0,210.9,2021-11-26,MarketResult_SEM-DA_PWR-MRC-D+1_20211125110000_20211125113558.csv
2021-11-26T00:00:00Z,1.0,171.33,2021-11-26,MarketResult_SEM-DA_PWR-MRC-D+1_20211125110000_20211125113558.csv
2021-11-26T01:00:00Z,1.0,165.06,2021-11-26,MarketResult_SEM-DA_PWR-MRC-D+1_20211125110000_20211125113558.csv
2021-11-26T02:00:00Z,1.0,155.78,2021-11-26,MarketResult_SEM-DA_PWR-MRC-D+1_20211125110000_20211125113558.csv
2021-11-26T03:00:00Z,1.0,136.78,2021-11-26,MarketResult_SEM-DA_PWR-MRC-D+1_20211125110000_20211125113558.csv
2021-11-26T04:00:00Z,1.0,119.42,2021-11-26,MarketResult_SEM-DA_PWR-MRC-D+1_20211125110000_20211125113558.csv
2021-11-26T05:00:00Z,1.0,119.42,2021-11-26,MarketResult_SEM-DA_PWR-MRC-D+1_20211125110000_20211125113558.csv
2021-11-26T06:00:00Z,1.0,154.59,2021-11-26,MarketResult_SEM-DA_PWR-MRC-D+1_20211125110000_20211125113558.csv
2021-11-26T07:00:00Z,1.0,207.2,2021-11-26,MarketResult_SEM-DA_PWR-MRC-D+1_20211125110000_20211125113558.csv
2021-11-26T08:00:00Z,1.0,240.22,2021-11-26,MarketResult_SEM-DA_PWR-MRC-D+1_20211125110000_20211125113558.csv
2021-11-26T09:00:00Z,1.0,248.0,2021-11-26,MarketResult_SEM-DA_PWR-MRC-D+1_20211125110000_20211125113558.csv
2021-11-26T10:00:00Z,1.0,227.9,2021-11-26,MarketResult_SEM-DA_PWR-MRC-D+1_20211125110000_20211125113558.csv
2021-11-26T11:00:00Z,1.0,213.0,2021-11-26,MarketResult_SEM-DA_PWR-MRC-D+1_20211125110000_20211125113558.csv
2021-11-26T12:00:00Z,1.0,206.18,2021-11-26,MarketResult_SEM-DA_PWR-MRC-D+1_20211125110000_20211125113558.csv
2021-11-26T13:00:00Z,1.0,213.81,2021-11-26,MarketResult_SEM-DA_PWR-MRC-D+1_20211125110000_20211125113558.csv
2021-11-26T14:00:00Z,1.0,205.0,2021-11-26,MarketResult_SEM-DA_PWR-MRC-D+1_20211125110000_20211125113558.csv
2021-11-26T15:00:00Z,1.0,219.83,2021-11-26,MarketResult_SEM-DA_PWR-MRC-D+1_20211125110000_20211125113558.csv
2021-11-26T16:00:00Z,1.0,276.51,2021-11-26,MarketResult_SEM-DA_PWR-MRC-D+1_20211125110000_20211125113558.csv
2021-11-26T17:00:00Z,1.0,302.7,2021-11-26,MarketResult_SEM-DA_PWR-MRC-D+1_20211125110000_20211125113558.csv
2021-11-26T18:00:00Z,1.0,270.0,2021-11-26,MarketResult_SEM-DA_PWR-MRC-D+1_20211125110000_20211125113558.csv
2021-11-26T19:00:00Z,1.0,234.23,2021-11-26,MarketResult_SEM-DA_PWR-MRC-D+1_20211125110000_20211125113558.csv
2021-11-26T20:00:00Z,1.0,214.1,2021-11-26,MarketResult_SEM-DA_PWR-MRC-D+1_20211125110000_20211125113558.csv
2021-11-26T21:00:00Z,1.0,194.8,2021-11-26,MarketResult_SEM-DA_PWR-MRC-D+1_20211125110000_20211125113558.csv
2021-11-26T22:00:00Z,1.0,154.59,2021-11-26,MarketResult_SEM-DA_PWR-MRC-D+1_20211125110000_20211125113558.csv
2021-11-26T23:00:00Z,1.0,165.41,2021-11-27,MarketResult_SEM-DA_PWR-MRC-D+1_20211126110000_20211126114041.csv
2021-11-27T00:00:00Z,1.0,119.38,2021-11-27,MarketResult_SEM-DA_PWR-MRC-D+1_20211126110000_20211126114041.csv
2021-11-27T01:00:00Z,1.0,116.76,2021-11-27,MarketResult_SEM-DA_PWR-MRC-D+1_20211126110000_20211126114041.csv
2021-11-27T02:00:00Z,1.0,116.76,2021-11-27,MarketResult_SEM-DA_PWR-MRC-D+1_20211126110000_20211126114041.csv
2021-11-27T03:00:00Z,1.0,99.0,2021-11-27,MarketResult_SEM-DA_PWR-MRC-D+1_20211126110000_20211126114041.csv
2021-11-27T04:00:00Z,1.0,99.0,2021-11-27,MarketResult_SEM-DA_PWR-MRC-D+1_20211126110000_20211126114041.csv
2021-11-27T05:00:00Z,1.0,102.75,2021-11-27,MarketResult_SEM-DA_PWR-MRC-D+1_20211126110000_20211126114041.csv
2021-11-27T06:00:00Z,1.0,99.0,2021-11-27,MarketResult_SEM-DA_PWR-MRC-D+1_20211126110000_20211126114041.csv
2021-11-27T07:00:00Z,1.0,170.11,2021-11-27,MarketResult_SEM-DA_PWR-MRC-D+1_20211126110000_20211126114041.csv
2021-11-27T08:00:00Z,1.0,210.6,2021-11-27,MarketResult_SEM-DA_PWR-MRC-D+1_20211126110000_20211126114041.csv
2021-11-27T09:00:00Z,1.0,240.22,2021-11-27,MarketResult_SEM-DA_PWR-MRC-D+1_20211126110000_20211126114041.csv
2021-11-27T10:00:00Z,1.0,245.2,2021-11-27,MarketResult_SEM-DA_PWR-MRC-D+1_20211126110000_20211126114041.csv
2021-11-27T11:00:00Z,1.0,247.25,2021-11-27,MarketResult_SEM-DA_PWR-MRC-D+1_20211126110000_20211126114041.csv
2021-11-27T12:00:00Z,1.0,243.0,2021-11-27,MarketResult_SEM-DA_PWR-MRC-D+1_20211126110000_20211126114041.csv
2021-11-27T13:00:00Z,1.0,232.02,2021-11-27,MarketResult_SEM-DA_PWR-MRC-D+1_20211126110000_20211126114041.csv
2021-11-27T14:00:00Z,1.0,247.0,2021-11-27,MarketResult_SEM-DA_PWR-MRC-D+1_20211126110000_20211126114041.csv
2021-11-27T15:00:00Z,1.0,244.0,2021-11-27,MarketResult_SEM-DA_PWR-MRC-D+1_20211126110000_20211126114041.csv
2021-11-27T16:00:00Z,1.0,278.01,2021-11-27,MarketResult_SEM-DA_PWR-MRC-D+1_20211126110000_20211126114041.csv
2021-11-27T17:00:00Z,1.0,310.92,2021-11-27,MarketResult_SEM-DA_PWR-MRC-D+1_20211126110000_20211126114041.csv
2021-11-27T18:00:00Z,1.0,304.0,2021-11-27,MarketResult_SEM-DA_PWR-MRC-D+1_20211126110000_20211126114041.csv
2021-11-27T19:00:00Z,1.0,278.0,2021-11-27,MarketResult_SEM-DA_PWR-MRC-D+1_20211126110000_20211126114041.csv
2021-11-27T20:00:00Z,1.0,275.0,2021-11-27,MarketResult_SEM-DA_PWR-MRC-D+1_20211126110000_20211126114041.csv
2021-11-27T21:00:00Z,1.0,286.0,2021-11-27,MarketResult_SEM-DA_PWR-MRC-D+1_20211126110000_20211126114041.csv
2021-11-27T22:00:00Z,1.0,248.19,2021-11-27,MarketResult_SEM-DA_PWR-MRC-D+1_20211126110000_20211126114041.csv
2021-11-27T23:00:00Z,1.0,318.89,2021-11-28,MarketResult_SEM-DA_PWR-MRC-D+1_20211127110000_20211127113417.csv
2021-11-28T00:00:00Z,1.0,261.0,2021-11-28,MarketResult_SEM-DA_PWR-MRC-D+1_20211127110000_20211127113417.csv
2021-11-28T01:00:00Z,1.0,241.0,2021-11-28,MarketResult_SEM-DA_PWR-MRC-D+1_20211127110000_20211127113417.csv
2021-11-28T02:00:00Z,1.0,222.0,2021-11-28,MarketResult_SEM-DA_PWR-MRC-D+1_20211127110000_20211127113417.csv
2021-11-28T03:00:00Z,1.0,213.0,2021-11-28,MarketResult_SEM-DA_PWR-MRC-D+1_20211127110000_20211127113417.csv
2021-11-28T04:00:00Z,1.0,211.0,2021-11-28,MarketResult_SEM-DA_PWR-MRC-D+1_20211127110000_20211127113417.csv
2021-11-28T05:00:00Z,1.0,211.0,2021-11-28,MarketResult_SEM-DA_PWR-MRC-D+1_20211127110000_20211127113417.csv
2021-11-28T06:00:00Z,1.0,229.69,2021-11-28,MarketResult_SEM-DA_PWR-MRC-D+1_20211127110000_20211127113417.csv
2021-11-28T07:00:00Z,1.0,199.84,2021-11-28,MarketResult_SEM-DA_PWR-MRC-D+1_20211127110000_20211127113417.csv
2021-11-28T08:00:00Z,1.0,236.0,2021-11-28,MarketResult_SEM-DA_PWR-MRC-D+1_20211127110000_20211127113417.csv
2021-11-28T09:00:00Z,1.0,245.9,2021-11-28,MarketResult_SEM-DA_PWR-MRC-D+1_20211127110000_20211127113417.csv
2021-11-28T10:00:00Z,1.0,252.92,2021-11-28,MarketResult_SEM-DA_PWR-MRC-D+1_20211127110000_20211127113417.csv
2021-11-28T11:00:00Z,1.0,245.47,2021-11-28,MarketResult_SEM-DA_PWR-MRC-D+1_20211127110000_20211127113417.csv
2021-11-28T12:00:00Z,1.0,244.94,2021-11-28,MarketResult_SEM-DA_PWR-MRC-D+1_20211127110000_20211127113417.csv
2021-11-28T13:00:00Z,1.0,239.77,2021-11-28,MarketResult_SEM-DA_PWR-MRC-D+1_20211127110000_20211127113417.csv
2021-11-28T14:00:00Z,1.0,231.2,2021-11-28,MarketResult_SEM-DA_PWR-MRC-D+1_20211127110000_20211127113417.csv
2021-11-28T15:00:00Z,1.0,232.0,2021-11-28,MarketResult_SEM-DA_PWR-MRC-D+1_20211127110000_20211127113417.csv
2021-11-28T16:00:00Z,1.0,284.87,2021-11-28,MarketResult_SEM-DA_PWR-MRC-D+1_20211127110000_20211127113417.csv
2021-11-28T17:00:00Z,1.0,348.9,2021-11-28,MarketResult_SEM-DA_PWR-MRC-D+1_20211127110000_20211127113417.csv
2021-11-28T18:00:00Z,1.0,319.4,2021-11-28,MarketResult_SEM-DA_PWR-MRC-D+1_20211127110000_20211127113417.csv
2021-11-28T19:00:00Z,1.0,276.4,2021-11-28,MarketResult_SEM-DA_PWR-MRC-D+1_20211127110000_20211127113417.csv
2021-11-28T20:00:00Z,1.0,247.02,2021-11-28,MarketResult_SEM-DA_PWR-MRC-D+1_20211127110000_20211127113417.csv
2021-11-28T21:00:00Z,1.0,235.13,2021-11-28,MarketResult_SEM-DA_PWR-MRC-D+1_20211127110000_20211127113417.csv
2021-11-28T22:00:00Z,1.0,199.0,2021-11-28,MarketResult_SEM-DA_PWR-MRC-D+1_20211127110000_20211127113417.csv
2021-11-28T23:00:00Z,1.0,203.51,2021-11-29,MarketResult_SEM-DA_PWR-MRC-D+1_20211128110000_20211128113604.csv
2021-11-29T00:00:00Z,1.0,202.0,2021-11-29,MarketResult_SEM-DA_PWR-MRC-D+1_20211128110000_20211128113604.csv
2021-11-29T01:00:00Z,1.0,195.3,2021-11-29,MarketResult_SEM-DA_PWR-MRC-D+1_20211128110000_20211128113604.csv
2021-11-29T02:00:00Z,1.0,187.4,2021-11-29,MarketResult_SEM-DA_PWR-MRC-D+1_20211128110000_20211128113604.csv
2021-11-29T03:00:00Z,1.0,180.0,2021-11-29,MarketResult_SEM-DA_PWR-MRC-D+1_20211128110000_20211128113604.csv
2021-11-29T04:00:00Z,1.0,181.0,2021-11-29,MarketResult_SEM-DA_PWR-MRC-D+1_20211128110000_20211128113604.csv
2021-11-29T05:00:00Z,1.0,186.86,2021-11-29,MarketResult_SEM-DA_PWR-MRC-D+1_20211128110000_20211128113604.csv
2021-11-29T06:00:00Z,1.0,218.0,2021-11-29,MarketResult_SEM-DA_PWR-MRC-D+1_20211128110000_20211128113604.csv
2021-11-29T07:00:00Z,1.0,337.7,2021-11-29,MarketResult_SEM-DA_PWR-MRC-D+1_20211128110000_20211128113604.csv
2021-11-29T08:00:00Z,1.0,404.7,2021-11-29,MarketResult_SEM-DA_PWR-MRC-D+1_20211128110000_20211128113604.csv
2021-11-29T09:00:00Z,1.0,412.59,2021-11-29,MarketResult_SEM-DA_PWR-MRC-D+1_20211128110000_20211128113604.csv
2021-11-29T10:00:00Z,1.0,387.0,2021-11-29,MarketResult_SEM-DA_PWR-MRC-D+1_20211128110000_20211128113604.csv
2021-11-29T11:00:00Z,1.0,371.0,2021-11-29,MarketResult_SEM-DA_PWR-MRC-D+1_20211128110000_20211128113604.csv
2021-11-29T12:00:00Z,1.0,357.0,2021-11-29,MarketResult_SEM-DA_PWR-MRC-D+1_20211128110000_20211128113604.csv
2021-11-29T13:00:00Z,1.0,337.7,2021-11-29,MarketResult_SEM-DA_PWR-MRC-D+1_20211128110000_20211128113604.csv
2021-11-29T14:00:00Z,1.0,299.0,2021-11-29,MarketResult_SEM-DA_PWR-MRC-D+1_20211128110000_20211128113604.csv
2021-11-29T15:00:00Z,1.0,210.0,2021-11-29,MarketResult_SEM-DA_PWR-MRC-D+1_20211128110000_20211128113604.csv
2021-11-29T16:00:00Z,1.0,255.0,2021-11-29,MarketResult_SEM-DA_PWR-MRC-D+1_20211128110000_20211128113604.csv
2021-11-29T17:00:00Z,1.0,306.0,2021-11-29,MarketResult_SEM-DA_PWR-MRC-D+1_20211128110000_20211128113604.csv
2021-11-29T18:00:00Z,1.0,241.6,2021-11-29,MarketResult_SEM-DA_PWR-MRC-D+1_20211128110000_20211128113604.csv
2021-11-29T19:00:00Z,1.0,199.03,2021-11-29,MarketResult_SEM-DA_PWR-MRC-D+1_20211128110000_20211128113604.csv
2021-11-29T20:00:00Z,1.0,190.0,2021-11-29,MarketResult_SEM-DA_PWR-MRC-D+1_20211128110000_20211128113604.csv
2021-11-29T21:00:00Z,1.0,188.39,2021-11-29,MarketResult_SEM-DA_PWR-MRC-D+1_20211128110000_20211128113604.csv
2021-11-29T22:00:00Z,1.0,170.0,2021-11-29,MarketResult_SEM-DA_PWR-MRC-D+1_20211128110000_20211128113604.csv
2021-11-29T23:00:00Z,1.0,210.13,2021-11-30,MarketResult_SEM-DA_PWR-MRC-D+1_20211129110000_20211129113534.csv
2021-11-30T00:00:00Z,1.0,200.44,2021-11-30,MarketResult_SEM-DA_PWR-MRC-D+1_20211129110000_20211129113534.csv
2021-11-30T01:00:00Z,1.0,197.24,2021-11-30,MarketResult_SEM-DA_PWR-MRC-D+1_20211129110000_20211129113534.csv
2021-11-30T02:00:00Z,1.0,189.25,2021-11-30,MarketResult_SEM-DA_PWR-MRC-D+1_20211129110000_20211129113534.csv
2021-11-30T03:00:00Z,1.0,181.0,2021-11-30,MarketResult_SEM-DA_PWR-MRC-D+1_20211129110000_20211129113534.csv
2021-11-30T04:00:00Z,1.0,188.0,2021-11-30,MarketResult_SEM-DA_PWR-MRC-D+1_20211129110000_20211129113534.csv
2021-11-30T05:00:00Z,1.0,200.0,2021-11-30,MarketResult_SEM-DA_PWR-MRC-D+1_20211129110000_20211129113534.csv
2021-11-30T06:00:00Z,1.0,223.16,2021-11-30,MarketResult_SEM-DA_PWR-MRC-D+1_20211129110000_20211129113534.csv
2021-11-30T07:00:00Z,1.0,238.0,2021-11-30,MarketResult_SEM-DA_PWR-MRC-D+1_20211129110000_20211129113534.csv
2021-11-30T08:00:00Z,1.0,277.72,2021-11-30,MarketResult_SEM-DA_PWR-MRC-D+1_20211129110000_20211129113534.csv
2021-11-30T09:00:00Z,1.0,286.1,2021-11-30,MarketResult_SEM-DA_PWR-MRC-D+1_20211129110000_20211129113534.csv
2021-11-30T10:00:00Z,1.0,272.9,2021-11-30,MarketResult_SEM-DA_PWR-MRC-D+1_20211129110000_20211129113534.csv
2021-11-30T11:00:00Z,1.0,255.2,2021-11-30,MarketResult_SEM-DA_PWR-MRC-D+1_20211129110000_20211129113534.csv
2021-11-30T12:00:00Z,1.0,246.79,2021-11-30,MarketResult_SEM-DA_PWR-MRC-D+1_20211129110000_20211129113534.csv
2021-11-30T13:00:00Z,1.0,233.01,2021-11-30,MarketResult_SEM-DA_PWR-MRC-D+1_20211129110000_20211129113534.csv
2021-11-30T14:00:00Z,1.0,227.0,2021-11-30,MarketResult_SEM-DA_PWR-MRC-D+1_20211129110000_20211129113534.csv
2021-11-30T15:00:00Z,1.0,225.09,2021-11-30,MarketResult_SEM-DA_PWR-MRC-D+1_20211129110000_20211129113534.csv
2021-11-30T16:00:00Z,1.0,253.0,2021-11-30,MarketResult_SEM-DA_PWR-MRC-D+1_20211129110000_20211129113534.csv
2021-11-30T17:00:00Z,1.0,291.84,2021-11-30,MarketResult_SEM-DA_PWR-MRC-D+1_20211129110000_20211129113534.csv
2021-11-30T18:00:00Z,1.0,261.9,2021-11-30,MarketResult_SEM-DA_PWR-MRC-D+1_20211129110000_20211129113534.csv
2021-11-30T19:00:00Z,1.0,239.0,2021-11-30,MarketResult_SEM-DA_PWR-MRC-D+1_20211129110000_20211129113534.csv
2021-11-30T20:00:00Z,1.0,207.97,2021-11-30,MarketResult_SEM-DA_PWR-MRC-D+1_20211129110000_20211129113534.csv
2021-11-30T21:00:00Z,1.0,207.97,2021-11-30,MarketResult_SEM-DA_PWR-MRC-D+1_20211129110000_20211129113534.csv
2021-11-30T22:00:00Z,1.0,188.82,2021-11-30,MarketResult_SEM-DA_PWR-MRC-D+1_20211129110000_20211129113534.csv
2021-11-30T23:00:00Z,1.0,160.0,2021-12-01,MarketResult_SEM-DA_PWR-MRC-D+1_20211130110000_20211130114354.csv
2021-12-01T00:00:00Z,1.0,112.56,2021-12-01,MarketResult_SEM-DA_PWR-MRC-D+1_20211130110000_20211130114354.csv
2021-12-01T01:00:00Z,1.0,115.0,2021-12-01,MarketResult_SEM-DA_PWR-MRC-D+1_20211130110000_20211130114354.csv
2021-12-01T02:00:00Z,1.0,108.33,2021-12-01,MarketResult_SEM-DA_PWR-MRC-D+1_20211130110000_20211130114354.csv
2021-12-01T03:00:00Z,1.0,105.95,2021-12-01,MarketResult_SEM-DA_PWR-MRC-D+1_20211130110000_20211130114354.csv
2021-12-01T04:00:00Z,1.0,105.95,2021-12-01,MarketResult_SEM-DA_PWR-MRC-D+1_20211130110000_20211130114354.csv
2021-12-01T05:00:00Z,1.0,108.81,2021-12-01,MarketResult_SEM-DA_PWR-MRC-D+1_20211130110000_20211130114354.csv
2021-12-01T06:00:00Z,1.0,142.33,2021-12-01,MarketResult_SEM-DA_PWR-MRC-D+1_20211130110000_20211130114354.csv
2021-12-01T07:00:00Z,1.0,200.39,2021-12-01,MarketResult_SEM-DA_PWR-MRC-D+1_20211130110000_20211130114354.csv
2021-12-01T08:00:00Z,1.0,225.22,2021-12-01,MarketResult_SEM-DA_PWR-MRC-D+1_20211130110000_20211130114354.csv
2021-12-01T09:00:00Z,1.0,232.0,2021-12-01,MarketResult_SEM-DA_PWR-MRC-D+1_20211130110000_20211130114354.csv
2021-12-01T10:00:00Z,1.0,219.54,2021-12-01,MarketResult_SEM-DA_PWR-MRC-D+1_20211130110000_20211130114354.csv
2021-12-01T11:00:00Z,1.0,215.0,2021-12-01,MarketResult_SEM-DA_PWR-MRC-D+1_20211130110000_20211130114354.csv
2021-12-01T12:00:00Z,1.0,231.8,2021-12-01,MarketResult_SEM-DA_PWR-MRC-D+1_20211130110000_20211130114354.csv
2021-12-01T13:00:00Z,1.0,228.2,2021-12-01,MarketResult_SEM-DA_PWR-MRC-D+1_20211130110000_20211130114354.csv
2021-12-01T14:00:00Z,1.0,240.1,2021-12-01,MarketResult_SEM-DA_PWR-MRC-D+1_20211130110000_20211130114354.csv
2021-12-01T15:00:00Z,1.0,243.0,2021-12-01,MarketResult_SEM-DA_PWR-MRC-D+1_20211130110000_20211130114354.csv
2021-12-01T16:00:00Z,1.0,285.3,2021-12-01,MarketResult_SEM-DA_PWR-MRC-D+1_20211130110000_20211130114354.csv
2021-12-01T17:00:00Z,1.0,318.2,2021-12-01,MarketResult_SEM-DA_PWR-MRC-D+1_20211130110000_20211130114354.csv
2021-12-01T18:00:00Z,1.0,300.53,2021-12-01,MarketResult_SEM-DA_PWR-MRC-D+1_20211130110000_20211130114354.csv
2021-12-01T19:00:00Z,1.0,280.31,2021-12-01,MarketResult_SEM-DA_PWR-MRC-D+1_20211130110000_20211130114354.csv
2021-12-01T20:00:00Z,1.0,255.57,2021-12-01,MarketResult_SEM-DA_PWR-MRC-D+1_20211130110000_20211130114354.csv
2021-12-01T21:00:00Z,1.0,247.6,2021-12-01,MarketResult_SEM-DA_PWR-MRC-D+1_20211130110000_20211130114354.csv
2021-12-01T22:00:00Z,1.0,230.21,2021-12-01,MarketResult_SEM-DA_PWR-MRC-D+1_20211130110000_20211130114354.csv
2021-12-01T23:00:00Z,1.0,224.67,2021-12-02,MarketResult_SEM-DA_PWR-MRC-D+1_20211201110000_20211201113619.csv
2021-12-02T00:00:00Z,1.0,215.0,2021-12-02,MarketResult_SEM-DA_PWR-MRC-D+1_20211201110000_20211201113619.csv
2021-12-02T01:00:00Z,1.0,211.0,2021-12-02,MarketResult_SEM-DA_PWR-MRC-D+1_20211201110000_20211201113619.csv
2021-12-02T02:00:00Z,1.0,199.0,2021-12-02,MarketResult_SEM-DA_PWR-MRC-D+1_20211201110000_20211201113619.csv
2021-12-02T03:00:00Z,1.0,190.8,2021-12-02,MarketResult_SEM-DA_PWR-MRC-D+1_20211201110000_20211201113619.csv
2021-12-02T04:00:00Z,1.0,195.99,2021-12-02,MarketResult_SEM-DA_PWR-MRC-D+1_20211201110000_20211201113619.csv
2021-12-02T05:00:00Z,1.0,198.46,2021-12-02,MarketResult_SEM-DA_PWR-MRC-D+1_20211201110000_20211201113619.csv
2021-12-02T06:00:00Z,1.0,234.0,2021-12-02,MarketResult_SEM-DA_PWR-MRC-D+1_20211201110000_20211201113619.csv
2021-12-02T07:00:00Z,1.0,236.0,2021-12-02,MarketResult_SEM-DA_PWR-MRC-D+1_20211201110000_20211201113619.csv
2021-12-02T08:00:00Z,1.0,256.9,2021-12-02,MarketResult_SEM-DA_PWR-MRC-D+1_20211201110000_20211201113619.csv
2021-12-02T09:00:00Z,1.0,262.85,2021-12-02,MarketResult_SEM-DA_PWR-MRC-D+1_20211201110000_20211201113619.csv
2021-12-02T10:00:00Z,1.0,265.3,2021-12-02,MarketResult_SEM-DA_PWR-MRC-D+1_20211201110000_20211201113619.csv
2021-12-02T11:00:00Z,1.0,264.58,2021-12-02,MarketResult_SEM-DA_PWR-MRC-D+1_20211201110000_20211201113619.csv
2021-12-02T12:00:00Z,1.0,274.54,2021-12-02,MarketResult_SEM-DA_PWR-MRC-D+1_20211201110000_20211201113619.csv
2021-12-02T13:00:00Z,1.0,297.0,2021-12-02,MarketResult_SEM-DA_PWR-MRC-D+1_20211201110000_20211201113619.csv
2021-12-02T14:00:00Z,1.0,305.68,2021-12-02,MarketResult_SEM-DA_PWR-MRC-D+1_20211201110000_20211201113619.csv
2021-12-02T15:00:00Z,1.0,317.8,2021-12-02,MarketResult_SEM-DA_PWR-MRC-D+1_20211201110000_20211201113619.csv
2021-12-02T16:00:00Z,1.0,359.38,2021-12-02,MarketResult_SEM-DA_PWR-MRC-D+1_20211201110000_20211201113619.csv
2021-12-02T17:00:00Z,1.0,447.64,2021-12-02,MarketResult_SEM-DA_PWR-MRC-D+1_20211201110000_20211201113619.csv
2021-12-02T18:00:00Z,1.0,300.31,2021-12-02,MarketResult_SEM-DA_PWR-MRC-D+1_20211201110000_20211201113619.csv
2021-12-02T19:00:00Z,1.0,247.37,2021-12-02,MarketResult_SEM-DA_PWR-MRC-D+1_20211201110000_20211201113619.csv
2021-12-02T20:00:00Z,1.0,229.86,2021-12-02,MarketResult_SEM-DA_PWR-MRC-D+1_20211201110000_20211201113619.csv
2021-12-02T21:00:00Z,1.0,220.13,2021-12-02,MarketResult_SEM-DA_PWR-MRC-D+1_20211201110000_20211201113619.csv
2021-12-02T22:00:00Z,1.0,209.01,2021-12-02,MarketResult_SEM-DA_PWR-MRC-D+1_20211201110000_20211201113619.csv
2021-12-02T23:00:00Z,1.0,215.22,2021-12-03,MarketResult_SEM-DA_PWR-MRC-D+1_20211202110000_20211202113549.csv
2021-12-03T00:00:00Z,1.0,203.0,2021-12-03,MarketResult_SEM-DA_PWR-MRC-D+1_20211202110000_20211202113549.csv
2021-12-03T01:00:00Z,1.0,200.5,2021-12-03,MarketResult_SEM-DA_PWR-MRC-D+1_20211202110000_20211202113549.csv
2021-12-03T02:00:00Z,1.0,187.82,2021-12-03,MarketResult_SEM-DA_PWR-MRC-D+1_20211202110000_20211202113549.csv
2021-12-03T03:00:00Z,1.0,190.19,2021-12-03,MarketResult_SEM-DA_PWR-MRC-D+1_20211202110000_20211202113549.csv
2021-12-03T04:00:00Z,1.0,185.0,2021-12-03,MarketResult_SEM-DA_PWR-MRC-D+1_20211202110000_20211202113549.csv
2021-12-03T05:00:00Z,1.0,208.4,2021-12-03,MarketResult_SEM-DA_PWR-MRC-D+1_20211202110000_20211202113549.csv
2021-12-03T06:00:00Z,1.0,222.62,2021-12-03,MarketResult_SEM-DA_PWR-MRC-D+1_20211202110000_20211202113549.csv
2021-12-03T07:00:00Z,1.0,271.0,2021-12-03,MarketResult_SEM-DA_PWR-MRC-D+1_20211202110000_20211202113549.csv
2021-12-03T08:00:00Z,1.0,307.11,2021-12-03,MarketResult_SEM-DA_PWR-MRC-D+1_20211202110000_20211202113549.csv
2021-12-03T09:00:00Z,1.0,310.0,2021-12-03,MarketResult_SEM-DA_PWR-MRC-D+1_20211202110000_20211202113549.csv
2021-12-03T10:00:00Z,1.0,310.02,2021-12-03,MarketResult_SEM-DA_PWR-MRC-D+1_20211202110000_20211202113549.csv
2021-12-03T11:00:00Z,1.0,335.0,2021-12-03,MarketResult_SEM-DA_PWR-MRC-D+1_20211202110000_20211202113549.csv
2021-12-03T12:00:00Z,1.0,335.0,2021-12-03,MarketResult_SEM-DA_PWR-MRC-D+1_20211202110000_20211202113549.csv
2021-12-03T13:00:00Z,1.0,330.0,2021-12-03,MarketResult_SEM-DA_PWR-MRC-D+1_20211202110000_20211202113549.csv
2021-12-03T14:00:00Z,1.0,336.0,2021-12-03,MarketResult_SEM-DA_PWR-MRC-D+1_20211202110000_20211202113549.csv
2021-12-03T15:00:00Z,1.0,341.0,2021-12-03,MarketResult_SEM-DA_PWR-MRC-D+1_20211202110000_20211202113549.csv
2021-12-03T16:00:00Z,1.0,410.0,2021-12-03,MarketResult_SEM-DA_PWR-MRC-D+1_20211202110000_20211202113549.csv
2021-12-03T17:00:00Z,1.0,411.07,2021-12-03,MarketResult_SEM-DA_PWR-MRC-D+1_20211202110000_20211202113549.csv
2021-12-03T18:00:00Z,1.0,319.0,2021-12-03,MarketResult_SEM-DA_PWR-MRC-D+1_20211202110000_20211202113549.csv
2021-12-03T19:00:00Z,1.0,290.0,2021-12-03,MarketResult_SEM-DA_PWR-MRC-D+1_20211202110000_20211202113549.csv
2021-12-03T20:00:00Z,1.0,243.36,2021-12-03,MarketResult_SEM-DA_PWR-MRC-D+1_20211202110000_20211202113549.csv
2021-12-03T21:00:00Z,1.0,244.71,2021-12-03,MarketResult_SEM-DA_PWR-MRC-D+1_20211202110000_20211202113549.csv
2021-12-03T22:00:00Z,1.0,207.11,2021-12-03,MarketResult_SEM-DA_PWR-MRC-D+1_20211202110000_20211202113549.csv
2021-12-03T23:00:00Z,1.0,145.72,2021-12-04,MarketResult_SEM-DA_PWR-MRC-D+1_20211203110000_20211203113531.csv
2021-12-04T00:00:00Z,1.0,120.0,2021-12-04,MarketResult_SEM-DA_PWR-MRC-D+1_20211203110000_20211203113531.csv
2021-12-04T01:00:00Z,1.0,100.0,2021-12-04,MarketResult_SEM-DA_PWR-MRC-D+1_20211203110000_20211203113531.csv
2021-12-04T02:00:00Z,1.0,89.59,2021-12-04,MarketResult_SEM-DA_PWR-MRC-D+1_20211203110000_20211203113531.csv
2021-12-04T03:00:00Z,1.0,82.46,2021-12-04,MarketResult_SEM-DA_PWR-MRC-D+1_20211203110000_20211203113531.csv
2021-12-04T04:00:00Z,1.0,82.46,2021-12-04,MarketResult_SEM-DA_PWR-MRC-D+1_20211203110000_20211203113531.csv
2021-12-04T05:00:00Z,1.0,79.78,2021-12-04,MarketResult_SEM-DA_PWR-MRC-D+1_20211203110000_20211203113531.csv
2021-12-04T06:00:00Z,1.0,89.29,2021-12-04,MarketResult_SEM-DA_PWR-MRC-D+1_20211203110000_20211203113531.csv
2021-12-04T07:00:00Z,1.0,161.5,2021-12-04,MarketResult_SEM-DA_PWR-MRC-D+1_20211203110000_20211203113531.csv
2021-12-04T08:00:00Z,1.0,184.38,2021-12-04,MarketResult_SEM-DA_PWR-MRC-D+1_20211203110000_20211203113531.csv
2021-12-04T09:00:00Z,1.0,233.12,2021-12-04,MarketResult_SEM-DA_PWR-MRC-D+1_20211203110000_20211203113531.csv
2021-12-04T10:00:00Z,1.0,233.12,2021-12-04,MarketResult_SEM-DA_PWR-MRC-D+1_20211203110000_20211203113531.csv
2021-12-04T11:00:00Z,1.0,229.0,2021-12-04,MarketResult_SEM-DA_PWR-MRC-D+1_20211203110000_20211203113531.csv
2021-12-04T12:00:00Z,1.0,214.69,2021-12-04,MarketResult_SEM-DA_PWR-MRC-D+1_20211203110000_20211203113531.csv
2021-12-04T13:00:00Z,1.0,207.2,2021-12-04,MarketResult_SEM-DA_PWR-MRC-D+1_20211203110000_20211203113531.csv
2021-12-04T14:00:00Z,1.0,199.0,2021-12-04,MarketResult_SEM-DA_PWR-MRC-D+1_20211203110000_20211203113531.csv
2021-12-04T15:00:00Z,1.0,195.08,2021-12-04,MarketResult_SEM-DA_PWR-MRC-D+1_20211203110000_20211203113531.csv
2021-12-04T16:00:00Z,1.0,246.0,2021-12-04,MarketResult_SEM-DA_PWR-MRC-D+1_20211203110000_20211203113531.csv
2021-12-04T17:00:00Z,1.0,284.0,2021-12-04,MarketResult_SEM-DA_PWR-MRC-D+1_20211203110000_20211203113531.csv
2021-12-04T18:00:00Z,1.0,260.49,2021-12-04,MarketResult_SEM-DA_PWR-MRC-D+1_20211203110000_20211203113531.csv
2021-12-04T19:00:00Z,1.0,243.75,2021-12-04,MarketResult_SEM-DA_PWR-MRC-D+1_20211203110000_20211203113531.csv
2021-12-04T20:00:00Z,1.0,233.85,2021-12-04,MarketResult_SEM-DA_PWR-MRC-D+1_20211203110000_20211203113531.csv
2021-12-04T21:00:00Z,1.0,217.0,2021-12-04,MarketResult_SEM-DA_PWR-MRC-D+1_20211203110000_20211203113531.csv
2021-12-04T22:00:00Z,1.0,188.71,2021-12-04,MarketResult_SEM-DA_PWR-MRC-D+1_20211203110000_20211203113531.csv
2021-12-04T23:00:00Z,1.0,170.0,2021-12-05,MarketResult_SEM-DA_PWR-MRC-D+1_20211204110000_20211204113534.csv
2021-12-05T00:00:00Z,1.0,155.0,2021-12-05,MarketResult_SEM-DA_PWR-MRC-D+1_20211204110000_20211204113534.csv
2021-12-05T01:00:00Z,1.0,140.0,2021-12-05,MarketResult_SEM-DA_PWR-MRC-D+1_20211204110000_20211204113534.csv
2021-12-05T02:00:00Z,1.0,130.71,2021-12-05,MarketResult_SEM-DA_PWR-MRC-D+1_20211204110000_20211204113534.csv
2021-12-05T03:00:00Z,1.0,129.68,2021-12-05,MarketResult_SEM-DA_PWR-MRC-D+1_20211204110000_20211204113534.csv
2021-12-05T04:00:00Z,1.0,130.71,2021-12-05,MarketResult_SEM-DA_PWR-MRC-D+1_20211204110000_20211204113534.csv
2021-12-05T05:00:00Z,1.0,144.53,2021-12-05,MarketResult_SEM-DA_PWR-MRC-D+1_20211204110000_20211204113534.csv
2021-12-05T06:00:00Z,1.0,170.0,2021-12-05,MarketResult_SEM-DA_PWR-MRC-D+1_20211204110000_20211204113534.csv
2021-12-05T07:00:00Z,1.0,184.31,2021-12-05,MarketResult_SEM-DA_PWR-MRC-D+1_20211204110000_20211204113534.csv
2021-12-05T08:00:00Z,1.0,221.08,2021-12-05,MarketResult_SEM-DA_PWR-MRC-D+1_20211204110000_20211204113534.csv
2021-12-05T09:00:00Z,1.0,221.32,2021-12-05,MarketResult_SEM-DA_PWR-MRC-D+1_20211204110000_20211204113534.csv
2021-12-05T10:00:00Z,1.0,230.75,2021-12-05,MarketResult_SEM-DA_PWR-MRC-D+1_20211204110000_20211204113534.csv
2021-12-05T11:00:00Z,1.0,235.0,2021-12-05,MarketResult_SEM-DA_PWR-MRC-D+1_20211204110000_20211204113534.csv
2021-12-05T12:00:00Z,1.0,250.53,2021-12-05,MarketResult_SEM-DA_PWR-MRC-D+1_20211204110000_20211204113534.csv
2021-12-05T13:00:00Z,1.0,254.7,2021-12-05,MarketResult_SEM-DA_PWR-MRC-D+1_20211204110000_20211204113534.csv
2021-12-05T14:00:00Z,1.0,258.42,2021-12-05,MarketResult_SEM-DA_PWR-MRC-D+1_20211204110000_20211204113534.csv
2021-12-05T15:00:00Z,1.0,253.27,2021-12-05,MarketResult_SEM-DA_PWR-MRC-D+1_20211204110000_20211204113534.csv
2021-12-05T16:00:00Z,1.0,318.52,2021-12-05,MarketResult_SEM-DA_PWR-MRC-D+1_20211204110000_20211204113534.csv
2021-12-05T17:00:00Z,1.0,367.45,2021-12-05,MarketResult_SEM-DA_PWR-MRC-D+1_20211204110000_20211204113534.csv
2021-12-05T18:00:00Z,1.0,320.4,2021-12-05,MarketResult_SEM-DA_PWR-MRC-D+1_20211204110000_20211204113534.csv
2021-12-05T19:00:00Z,1.0,239.1,2021-12-05,MarketResult_SEM-DA_PWR-MRC-D+1_20211204110000_20211204113534.csv
2021-12-05T20:00:00Z,1.0,199.7,2021-12-05,MarketResult_SEM-DA_PWR-MRC-D+1_20211204110000_20211204113534.csv
2021-12-05T21:00:00Z,1.0,202.44,2021-12-05,MarketResult_SEM-DA_PWR-MRC-D+1_20211204110000_20211204113534.csv
2021-12-05T22:00:00Z,1.0,170.0,2021-12-05,MarketResult_SEM-DA_PWR-MRC-D+1_20211204110000_20211204113534.csv
2021-12-05T23:00:00Z,1.0,147.46,2021-12-06,MarketResult_SEM-DA_PWR-MRC-D+1_20211205110000_20211205113606.csv
2021-12-06T00:00:00Z,1.0,129.65,2021-12-06,MarketResult_SEM-DA_PWR-MRC-D+1_20211205110000_20211205113606.csv
2021-12-06T01:00:00Z,1.0,120.0,2021-12-06,MarketResult_SEM-DA_PWR-MRC-D+1_20211205110000_20211205113606.csv
2021-12-06T02:00:00Z,1.0,120.0,2021-12-06,MarketResult_SEM-DA_PWR-MRC-D+1_20211205110000_20211205113606.csv
2021-12-06T03:00:00Z,1.0,116.41,2021-12-06,MarketResult_SEM-DA_PWR-MRC-D+1_20211205110000_20211205113606.csv
2021-12-06T04:00:00Z,1.0,105.74,2021-12-06,MarketResult_SEM-DA_PWR-MRC-D+1_20211205110000_20211205113606.csv
2021-12-06T05:00:00Z,1.0,105.74,2021-12-06,MarketResult_SEM-DA_PWR-MRC-D+1_20211205110000_20211205113606.csv
2021-12-06T06:00:00Z,1.0,168.39,2021-12-06,MarketResult_SEM-DA_PWR-MRC-D+1_20211205110000_20211205113606.csv
2021-12-06T07:00:00Z,1.0,223.07,2021-12-06,MarketResult_SEM-DA_PWR-MRC-D+1_20211205110000_20211205113606.csv
2021-12-06T08:00:00Z,1.0,251.64,2021-12-06,MarketResult_SEM-DA_PWR-MRC-D+1_20211205110000_20211205113606.csv
2021-12-06T09:00:00Z,1.0,245.17,2021-12-06,MarketResult_SEM-DA_PWR-MRC-D+1_20211205110000_20211205113606.csv
2021-12-06T10:00:00Z,1.0,239.1,2021-12-06,MarketResult_SEM-DA_PWR-MRC-D+1_20211205110000_20211205113606.csv
2021-12-06T11:00:00Z,1.0,240.0,2021-12-06,MarketResult_SEM-DA_PWR-MRC-D+1_20211205110000_20211205113606.csv
2021-12-06T12:00:00Z,1.0,234.95,2021-12-06,MarketResult_SEM-DA_PWR-MRC-D+1_20211205110000_20211205113606.csv
2021-12-06T13:00:00Z,1.0,232.18,2021-12-06,MarketResult_SEM-DA_PWR-MRC-D+1_20211205110000_20211205113606.csv
2021-12-06T14:00:00Z,1.0,217.0,2021-12-06,MarketResult_SEM-DA_PWR-MRC-D+1_20211205110000_20211205113606.csv
2021-12-06T15:00:00Z,1.0,203.07,2021-12-06,MarketResult_SEM-DA_PWR-MRC-D+1_20211205110000_20211205113606.csv
2021-12-06T16:00:00Z,1.0,234.94,2021-12-06,MarketResult_SEM-DA_PWR-MRC-D+1_20211205110000_20211205113606.csv
2021-12-06T17:00:00Z,1.0,262.89,2021-12-06,MarketResult_SEM-DA_PWR-MRC-D+1_20211205110000_20211205113606.csv
2021-12-06T18:00:00Z,1.0,264.48,2021-12-06,MarketResult_SEM-DA_PWR-MRC-D+1_20211205110000_20211205113606.csv
2021-12-06T19:00:00Z,1.0,259.24,2021-12-06,MarketResult_SEM-DA_PWR-MRC-D+1_20211205110000_20211205113606.csv
2021-12-06T20:00:00Z,1.0,254.17,2021-12-06,MarketResult_SEM-DA_PWR-MRC-D+1_20211205110000_20211205113606.csv
2021-12-06T21:00:00Z,1.0,251.09,2021-12-06,MarketResult_SEM-DA_PWR-MRC-D+1_20211205110000_20211205113606.csv
2021-12-06T22:00:00Z,1.0,245.9,2021-12-06,MarketResult_SEM-DA_PWR-MRC-D+1_20211205110000_20211205113606.csv
2021-12-06T23:00:00Z,1.0,277.0,2021-12-07,MarketResult_SEM-DA_PWR-MRC-D+1_20211206110000_20211206113955.csv
2021-12-07T00:00:00Z,1.0,227.89,2021-12-07,MarketResult_SEM-DA_PWR-MRC-D+1_20211206110000_20211206113955.csv
2021-12-07T01:00:00Z,1.0,227.53,2021-12-07,MarketResult_SEM-DA_PWR-MRC-D+1_20211206110000_20211206113955.csv
2021-12-07T02:00:00Z,1.0,194.78,2021-12-07,MarketResult_SEM-DA_PWR-MRC-D+1_20211206110000_20211206113955.csv
2021-12-07T03:00:00Z,1.0,141.2,2021-12-07,MarketResult_SEM-DA_PWR-MRC-D+1_20211206110000_20211206113955.csv
2021-12-07T04:00:00Z,1.0,123.0,2021-12-07,MarketResult_SEM-DA_PWR-MRC-D+1_20211206110000_20211206113955.csv
2021-12-07T05:00:00Z,1.0,90.48,2021-12-07,MarketResult_SEM-DA_PWR-MRC-D+1_20211206110000_20211206113955.csv
2021-12-07T06:00:00Z,1.0,120.0,2021-12-07,MarketResult_SEM-DA_PWR-MRC-D+1_20211206110000_20211206113955.csv
2021-12-07T07:00:00Z,1.0,199.0,2021-12-07,MarketResult_SEM-DA_PWR-MRC-D+1_20211206110000_20211206113955.csv
2021-12-07T08:00:00Z,1.0,209.0,2021-12-07,MarketResult_SEM-DA_PWR-MRC-D+1_20211206110000_20211206113955.csv
2021-12-07T09:00:00Z,1.0,209.42,2021-12-07,MarketResult_SEM-DA_PWR-MRC-D+1_20211206110000_20211206113955.csv
2021-12-07T10:00:00Z,1.0,219.0,2021-12-07,MarketResult_SEM-DA_PWR-MRC-D+1_20211206110000_20211206113955.csv
2021-12-07T11:00:00Z,1.0,220.85,2021-12-07,MarketResult_SEM-DA_PWR-MRC-D+1_20211206110000_20211206113955.csv
2021-12-07T12:00:00Z,1.0,217.0,2021-12-07,MarketResult_SEM-DA_PWR-MRC-D+1_20211206110000_20211206113955.csv
2021-12-07T13:00:00Z,1.0,221.0,2021-12-07,MarketResult_SEM-DA_PWR-MRC-D+1_20211206110000_20211206113955.csv
2021-12-07T14:00:00Z,1.0,214.5,2021-12-07,MarketResult_SEM-DA_PWR-MRC-D+1_20211206110000_20211206113955.csv
2021-12-07T15:00:00Z,1.0,218.64,2021-12-07,MarketResult_SEM-DA_PWR-MRC-D+1_20211206110000_20211206113955.csv
2021-12-07T16:00:00Z,1.0,260.0,2021-12-07,MarketResult_SEM-DA_PWR-MRC-D+1_20211206110000_20211206113955.csv
2021-12-07T17:00:00Z,1.0,275.0,2021-12-07,MarketResult_SEM-DA_PWR-MRC-D+1_20211206110000_20211206113955.csv
2021-12-07T18:00:00Z,1.0,255.91,2021-12-07,MarketResult_SEM-DA_PWR-MRC-D+1_20211206110000_20211206113955.csv
2021-12-07T19:00:00Z,1.0,240.48,2021-12-07,MarketResult_SEM-DA_PWR-MRC-D+1_20211206110000_20211206113955.csv
2021-12-07T20:00:00Z,1.0,228.83,2021-12-07,MarketResult_SEM-DA_PWR-MRC-D+1_20211206110000_20211206113955.csv
2021-12-07T21:00:00Z,1.0,218.75,2021-12-07,MarketResult_SEM-DA_PWR-MRC-D+1_20211206110000_20211206113955.csv
2021-12-07T22:00:00Z,1.0,162.12,2021-12-07,MarketResult_SEM-DA_PWR-MRC-D+1_20211206110000_20211206113955.csv
2021-12-07T23:00:00Z,1.0,143.94,2021-12-08,MarketResult_SEM-DA_PWR-MRC-D+1_20211207110000_20211207114123.csv
2021-12-08T00:00:00Z,1.0,120.0,2021-12-08,MarketResult_SEM-DA_PWR-MRC-D+1_20211207110000_20211207114123.csv
2021-12-08T01:00:00Z,1.0,90.0,2021-12-08,MarketResult_SEM-DA_PWR-MRC-D+1_20211207110000_20211207114123.csv
2021-12-08T02:00:00Z,1.0,70.73,2021-12-08,MarketResult_SEM-DA_PWR-MRC-D+1_20211207110000_20211207114123.csv
2021-12-08T03:00:00Z,1.0,55.0,2021-12-08,MarketResult_SEM-DA_PWR-MRC-D+1_20211207110000_20211207114123.csv
2021-12-08T04:00:00Z,1.0,55.0,2021-12-08,MarketResult_SEM-DA_PWR-MRC-D+1_20211207110000_20211207114123.csv
2021-12-08T05:00:00Z,1.0,55.0,2021-12-08,MarketResult_SEM-DA_PWR-MRC-D+1_20211207110000_20211207114123.csv
2021-12-08T06:00:00Z,1.0,121.91,2021-12-08,MarketResult_SEM-DA_PWR-MRC-D+1_20211207110000_20211207114123.csv
2021-12-08T07:00:00Z,1.0,164.93,2021-12-08,MarketResult_SEM-DA_PWR-MRC-D+1_20211207110000_20211207114123.csv
2021-12-08T08:00:00Z,1.0,242.59,2021-12-08,MarketResult_SEM-DA_PWR-MRC-D+1_20211207110000_20211207114123.csv
2021-12-08T09:00:00Z,1.0,242.59,2021-12-08,MarketResult_SEM-DA_PWR-MRC-D+1_20211207110000_20211207114123.csv
2021-12-08T10:00:00Z,1.0,234.52,2021-12-08,MarketResult_SEM-DA_PWR-MRC-D+1_20211207110000_20211207114123.csv
2021-12-08T11:00:00Z,1.0,240.0,2021-12-08,MarketResult_SEM-DA_PWR-MRC-D+1_20211207110000_20211207114123.csv
2021-12-08T12:00:00Z,1.0,242.47,2021-12-08,MarketResult_SEM-DA_PWR-MRC-D+1_20211207110000_20211207114123.csv
2021-12-08T13:00:00Z,1.0,241.0,2021-12-08,MarketResult_SEM-DA_PWR-MRC-D+1_20211207110000_20211207114123.csv
2021-12-08T14:00:00Z,1.0,240.74,2021-12-08,MarketResult_SEM-DA_PWR-MRC-D+1_20211207110000_20211207114123.csv
2021-12-08T15:00:00Z,1.0,242.59,2021-12-08,MarketResult_SEM-DA_PWR-MRC-D+1_20211207110000_20211207114123.csv
2021-12-08T16:00:00Z,1.0,267.74,2021-12-08,MarketResult_SEM-DA_PWR-MRC-D+1_20211207110000_20211207114123.csv
2021-12-08T17:00:00Z,1.0,296.0,2021-12-08,MarketResult_SEM-DA_PWR-MRC-D+1_20211207110000_20211207114123.csv
2021-12-08T18:00:00Z,1.0,277.8,2021-12-08,MarketResult_SEM-DA_PWR-MRC-D+1_20211207110000_20211207114123.csv
2021-12-08T19:00:00Z,1.0,251.0,2021-12-08,MarketResult_SEM-DA_PWR-MRC-D+1_20211207110000_20211207114123.csv
2021-12-08T20:00:00Z,1.0,245.1,2021-12-08,MarketResult_SEM-DA_PWR-MRC-D+1_20211207110000_20211207114123.csv
2021-12-08T21:00:00Z,1.0,238.0,2021-12-08,MarketResult_SEM-DA_PWR-MRC-D+1_20211207110000_20211207114123.csv
2021-12-08T22:00:00Z,1.0,210.0,2021-12-08,MarketResult_SEM-DA_PWR-MRC-D+1_20211207110000_20211207114123.csv
2021-12-08T23:00:00Z,1.0,236.1,2021-12-09,MarketResult_SEM-DA_PWR-MRC-D+1_20211208110000_20211208114231.csv
2021-12-09T00:00:00Z,1.0,236.28,2021-12-09,MarketResult_SEM-DA_PWR-MRC-D+1_20211208110000_20211208114231.csv
2021-12-09T01:00:00Z,1.0,253.24,2021-12-09,MarketResult_SEM-DA_PWR-MRC-D+1_20211208110000_20211208114231.csv
2021-12-09T02:00:00Z,1.0,253.24,2021-12-09,MarketResult_SEM-DA_PWR-MRC-D+1_20211208110000_20211208114231.csv
2021-12-09T03:00:00Z,1.0,230.0,2021-12-09,MarketResult_SEM-DA_PWR-MRC-D+1_20211208110000_20211208114231.csv
2021-12-09T04:00:00Z,1.0,251.0,2021-12-09,MarketResult_SEM-DA_PWR-MRC-D+1_20211208110000_20211208114231.csv
2021-12-09T05:00:00Z,1.0,255.0,2021-12-09,MarketResult_SEM-DA_PWR-MRC-D+1_20211208110000_20211208114231.csv
2021-12-09T06:00:00Z,1.0,269.6,2021-12-09,MarketResult_SEM-DA_PWR-MRC-D+1_20211208110000_20211208114231.csv
2021-12-09T07:00:00Z,1.0,299.07,2021-12-09,MarketResult_SEM-DA_PWR-MRC-D+1_20211208110000_20211208114231.csv
2021-12-09T08:00:00Z,1.0,325.0,2021-12-09,MarketResult_SEM-DA_PWR-MRC-D+1_20211208110000_20211208114231.csv
2021-12-09T09:00:00Z,1.0,331.93,2021-12-09,MarketResult_SEM-DA_PWR-MRC-D+1_20211208110000_20211208114231.csv
2021-12-09T10:00:00Z,1.0,308.0,2021-12-09,MarketResult_SEM-DA_PWR-MRC-D+1_20211208110000_20211208114231.csv
2021-12-09T11:00:00Z,1.0,288.0,2021-12-09,MarketResult_SEM-DA_PWR-MRC-D+1_20211208110000_20211208114231.csv
2021-12-09T12:00:00Z,1.0,301.0,2021-12-09,MarketResult_SEM-DA_PWR-MRC-D+1_20211208110000_20211208114231.csv
2021-12-09T13:00:00Z,1.0,278.81,2021-12-09,MarketResult_SEM-DA_PWR-MRC-D+1_20211208110000_20211208114231.csv
2021-12-09T14:00:00Z,1.0,253.68,2021-12-09,MarketResult_SEM-DA_PWR-MRC-D+1_20211208110000_20211208114231.csv
2021-12-09T15:00:00Z,1.0,251.0,2021-12-09,MarketResult_SEM-DA_PWR-MRC-D+1_20211208110000_20211208114231.csv
2021-12-09T16:00:00Z,1.0,265.18,2021-12-09,MarketResult_SEM-DA_PWR-MRC-D+1_20211208110000_20211208114231.csv
2021-12-09T17:00:00Z,1.0,275.81,2021-12-09,MarketResult_SEM-DA_PWR-MRC-D+1_20211208110000_20211208114231.csv
2021-12-09T18:00:00Z,1.0,269.0,2021-12-09,MarketResult_SEM-DA_PWR-MRC-D+1_20211208110000_20211208114231.csv
2021-12-09T19:00:00Z,1.0,260.0,2021-12-09,MarketResult_SEM-DA_PWR-MRC-D+1_20211208110000_20211208114231.csv
2021-12-09T20:00:00Z,1.0,243.74,2021-12-09,MarketResult_SEM-DA_PWR-MRC-D+1_20211208110000_20211208114231.csv
2021-12-09T21:00:00Z,1.0,235.9,2021-12-09,MarketResult_SEM-DA_PWR-MRC-D+1_20211208110000_20211208114231.csv
2021-12-09T22:00:00Z,1.0,202.07,2021-12-09,MarketResult_SEM-DA_PWR-MRC-D+1_20211208110000_20211208114231.csv
2021-12-09T23:00:00Z,1.0,208.72,2021-12-10,MarketResult_SEM-DA_PWR-MRC-D+1_20211209110000_20211209113701.csv
2021-12-10T00:00:00Z,1.0,196.0,2021-12-10,MarketResult_SEM-DA_PWR-MRC-D+1_20211209110000_20211209113701.csv
2021-12-10T01:00:00Z,1.0,194.8,2021-12-10,MarketResult_SEM-DA_PWR-MRC-D+1_20211209110000_20211209113701.csv
2021-12-10T02:00:00Z,1.0,180.26,2021-12-10,MarketResult_SEM-DA_PWR-MRC-D+1_20211209110000_20211209113701.csv
2021-12-10T03:00:00Z,1.0,173.64,2021-12-10,MarketResult_SEM-DA_PWR-MRC-D+1_20211209110000_20211209113701.csv
2021-12-10T04:00:00Z,1.0,180.26,2021-12-10,MarketResult_SEM-DA_PWR-MRC-D+1_20211209110000_20211209113701.csv
2021-12-10T05:00:00Z,1.0,190.0,2021-12-10,MarketResult_SEM-DA_PWR-MRC-D+1_20211209110000_20211209113701.csv
2021-12-10T06:00:00Z,1.0,229.0,2021-12-10,MarketResult_SEM-DA_PWR-MRC-D+1_20211209110000_20211209113701.csv
2021-12-10T07:00:00Z,1.0,255.75,2021-12-10,MarketResult_SEM-DA_PWR-MRC-D+1_20211209110000_20211209113701.csv
2021-12-10T08:00:00Z,1.0,265.03,2021-12-10,MarketResult_SEM-DA_PWR-MRC-D+1_20211209110000_20211209113701.csv
2021-12-10T09:00:00Z,1.0,260.48,2021-12-10,MarketResult_SEM-DA_PWR-MRC-D+1_20211209110000_20211209113701.csv
2021-12-10T10:00:00Z,1.0,252.88,2021-12-10,MarketResult_SEM-DA_PWR-MRC-D+1_20211209110000_20211209113701.csv
2021-12-10T11:00:00Z,1.0,250.1,2021-12-10,MarketResult_SEM-DA_PWR-MRC-D+1_20211209110000_20211209113701.csv
2021-12-10T12:00:00Z,1.0,255.75,2021-12-10,MarketResult_SEM-DA_PWR-MRC-D+1_20211209110000_20211209113701.csv
2021-12-10T13:00:00Z,1.0,255.75,2021-12-10,MarketResult_SEM-DA_PWR-MRC-D+1_20211209110000_20211209113701.csv
2021-12-10T14:00:00Z,1.0,266.5,2021-12-10,MarketResult_SEM-DA_PWR-MRC-D+1_20211209110000_20211209113701.csv
2021-12-10T15:00:00Z,1.0,268.79,2021-12-10,MarketResult_SEM-DA_PWR-MRC-D+1_20211209110000_20211209113701.csv
2021-12-10T16:00:00Z,1.0,299.0,2021-12-10,MarketResult_SEM-DA_PWR-MRC-D+1_20211209110000_20211209113701.csv
2021-12-10T17:00:00Z,1.0,330.0,2021-12-10,MarketResult_SEM-DA_PWR-MRC-D+1_20211209110000_20211209113701.csv
2021-12-10T18:00:00Z,1.0,313.37,2021-12-10,MarketResult_SEM-DA_PWR-MRC-D+1_20211209110000_20211209113701.csv
2021-12-10T19:00:00Z,1.0,291.3,2021-12-10,MarketResult_SEM-DA_PWR-MRC-D+1_20211209110000_20211209113701.csv
2021-12-10T20:00:00Z,1.0,280.0,2021-12-10,MarketResult_SEM-DA_PWR-MRC-D+1_20211209110000_20211209113701.csv
2021-12-10T21:00:00Z,1.0,274.29,2021-12-10,MarketResult_SEM-DA_PWR-MRC-D+1_20211209110000_20211209113701.csv
2021-12-10T22:00:00Z,1.0,251.22,2021-12-10,MarketResult_SEM-DA_PWR-MRC-D+1_20211209110000_20211209113701.csv
2021-12-10T23:00:00Z,1.0,251.15,2021-12-11,MarketResult_SEM-DA_PWR-MRC-D+1_20211210110000_20211210113518.csv
2021-12-11T00:00:00Z,1.0,237.8,2021-12-11,MarketResult_SEM-DA_PWR-MRC-D+1_20211210110000_20211210113518.csv
2021-12-11T01:00:00Z,1.0,214.6,2021-12-11,MarketResult_SEM-DA_PWR-MRC-D+1_20211210110000_20211210113518.csv
2021-12-11T02:00:00Z,1.0,203.42,2021-12-11,MarketResult_SEM-DA_PWR-MRC-D+1_20211210110000_20211210113518.csv
2021-12-11T03:00:00Z,1.0,195.7,2021-12-11,MarketResult_SEM-DA_PWR-MRC-D+1_20211210110000_20211210113518.csv
2021-12-11T04:00:00Z,1.0,191.57,2021-12-11,MarketResult_SEM-DA_PWR-MRC-D+1_20211210110000_20211210113518.csv
2021-12-11T05:00:00Z,1.0,186.17,2021-12-11,MarketResult_SEM-DA_PWR-MRC-D+1_20211210110000_20211210113518.csv
2021-12-11T06:00:00Z,1.0,190.0,2021-12-11,MarketResult_SEM-DA_PWR-MRC-D+1_20211210110000_20211210113518.csv
2021-12-11T07:00:00Z,1.0,199.0,2021-12-11,MarketResult_SEM-DA_PWR-MRC-D+1_20211210110000_20211210113518.csv
2021-12-11T08:00:00Z,1.0,200.11,2021-12-11,MarketResult_SEM-DA_PWR-MRC-D+1_20211210110000_20211210113518.csv
2021-12-11T09:00:00Z,1.0,239.5,2021-12-11,MarketResult_SEM-DA_PWR-MRC-D+1_20211210110000_20211210113518.csv
2021-12-11T10:00:00Z,1.0,239.5,2021-12-11,MarketResult_SEM-DA_PWR-MRC-D+1_20211210110000_20211210113518.csv
2021-12-11T11:00:00Z,1.0,232.77,2021-12-11,MarketResult_SEM-DA_PWR-MRC-D+1_20211210110000_20211210113518.csv
2021-12-11T12:00:00Z,1.0,225.0,2021-12-11,MarketResult_SEM-DA_PWR-MRC-D+1_20211210110000_20211210113518.csv
2021-12-11T13:00:00Z,1.0,226.0,2021-12-11,MarketResult_SEM-DA_PWR-MRC-D+1_20211210110000_20211210113518.csv
2021-12-11T14:00:00Z,1.0,225.0,2021-12-11,MarketResult_SEM-DA_PWR-MRC-D+1_20211210110000_20211210113518.csv
2021-12-11T15:00:00Z,1.0,240.0,2021-12-11,MarketResult_SEM-DA_PWR-MRC-D+1_20211210110000_20211210113518.csv
2021-12-11T16:00:00Z,1.0,275.81,2021-12-11,MarketResult_SEM-DA_PWR-MRC-D+1_20211210110000_20211210113518.csv
2021-12-11T17:00:00Z,1.0,301.04,2021-12-11,MarketResult_SEM-DA_PWR-MRC-D+1_20211210110000_20211210113518.csv
2021-12-11T18:00:00Z,1.0,285.0,2021-12-11,MarketResult_SEM-DA_PWR-MRC-D+1_20211210110000_20211210113518.csv
2021-12-11T19:00:00Z,1.0,275.0,2021-12-11,MarketResult_SEM-DA_PWR-MRC-D+1_20211210110000_20211210113518.csv
2021-12-11T20:00:00Z,1.0,265.0,2021-12-11,MarketResult_SEM-DA_PWR-MRC-D+1_20211210110000_20211210113518.csv
2021-12-11T21:00:00Z,1.0,256.78,2021-12-11,MarketResult_SEM-DA_PWR-MRC-D+1_20211210110000_20211210113518.csv
2021-12-11T22:00:00Z,1.0,237.3,2021-12-11,MarketResult_SEM-DA_PWR-MRC-D+1_20211210110000_20211210113518.csv
2021-12-11T23:00:00Z,1.0,280.0,2021-12-12,MarketResult_SEM-DA_PWR-MRC-D+1_20211211110000_20211211113519.csv
2021-12-12T00:00:00Z,1.0,280.0,2021-12-12,MarketResult_SEM-DA_PWR-MRC-D+1_20211211110000_20211211113519.csv
2021-12-12T01:00:00Z,1.0,260.28,2021-12-12,MarketResult_SEM-DA_PWR-MRC-D+1_20211211110000_20211211113519.csv
2021-12-12T02:00:00Z,1.0,234.0,2021-12-12,MarketResult_SEM-DA_PWR-MRC-D+1_20211211110000_20211211113519.csv
2021-12-12T03:00:00Z,1.0,229.54,2021-12-12,MarketResult_SEM-DA_PWR-MRC-D+1_20211211110000_20211211113519.csv
2021-12-12T04:00:00Z,1.0,223.8,2021-12-12,MarketResult_SEM-DA_PWR-MRC-D+1_20211211110000_20211211113519.csv
2021-12-12T05:00:00Z,1.0,224.07,2021-12-12,MarketResult_SEM-DA_PWR-MRC-D+1_20211211110000_20211211113519.csv
2021-12-12T06:00:00Z,1.0,247.14,2021-12-12,MarketResult_SEM-DA_PWR-MRC-D+1_20211211110000_20211211113519.csv
2021-12-12T07:00:00Z,1.0,230.3,2021-12-12,MarketResult_SEM-DA_PWR-MRC-D+1_20211211110000_20211211113519.csv
2021-12-12T08:00:00Z,1.0,241.26,2021-12-12,MarketResult_SEM-DA_PWR-MRC-D+1_20211211110000_20211211113519.csv
2021-12-12T09:00:00Z,1.0,250.0,2021-12-12,MarketResult_SEM-DA_PWR-MRC-D+1_20211211110000_20211211113519.csv
2021-12-12T10:00:00Z,1.0,265.72,2021-12-12,MarketResult_SEM-DA_PWR-MRC-D+1_20211211110000_20211211113519.csv
2021-12-12T11:00:00Z,1.0,239.0,2021-12-12,MarketResult_SEM-DA_PWR-MRC-D+1_20211211110000_20211211113519.csv
2021-12-12T12:00:00Z,1.0,196.54,2021-12-12,MarketResult_SEM-DA_PWR-MRC-D+1_20211211110000_20211211113519.csv
2021-12-12T13:00:00Z,1.0,194.0,2021-12-12,MarketResult_SEM-DA_PWR-MRC-D+1_20211211110000_20211211113519.csv
2021-12-12T14:00:00Z,1.0,158.46,2021-12-12,MarketResult_SEM-DA_PWR-MRC-D+1_20211211110000_20211211113519.csv
2021-12-12T15:00:00Z,1.0,157.74,2021-12-12,MarketResult_SEM-DA_PWR-MRC-D+1_20211211110000_20211211113519.csv
2021-12-12T16:00:00Z,1.0,181.81,2021-12-12,MarketResult_SEM-DA_PWR-MRC-D+1_20211211110000_20211211113519.csv
2021-12-12T17:00:00Z,1.0,223.9,2021-12-12,MarketResult_SEM-DA_PWR-MRC-D+1_20211211110000_20211211113519.csv
2021-12-12T18:00:00Z,1.0,201.0,2021-12-12,MarketResult_SEM-DA_PWR-MRC-D+1_20211211110000_20211211113519.csv
2021-12-12T19:00:00Z,1.0,196.54,2021-12-12,MarketResult_SEM-DA_PWR-MRC-D+1_20211211110000_20211211113519.csv
2021-12-12T20:00:00Z,1.0,185.0,2021-12-12,MarketResult_SEM-DA_PWR-MRC-D+1_20211211110000_20211211113519.csv
2021-12-12T21:00:00Z,1.0,196.54,2021-12-12,MarketResult_SEM-DA_PWR-MRC-D+1_20211211110000_20211211113519.csv
2021-12-12T22:00:00Z,1.0,192.0,2021-12-12,MarketResult_SEM-DA_PWR-MRC-D+1_20211211110000_20211211113519.csv
2021-12-12T23:00:00Z,1.0,199.52,2021-12-13,MarketResult_SEM-DA_PWR-MRC-D+1_20211212110000_20211212113523.csv
2021-12-13T00:00:00Z,1.0,215.8,2021-12-13,MarketResult_SEM-DA_PWR-MRC-D+1_20211212110000_20211212113523.csv
2021-12-13T01:00:00Z,1.0,220.68,2021-12-13,MarketResult_SEM-DA_PWR-MRC-D+1_20211212110000_20211212113523.csv
2021-12-13T02:00:00Z,1.0,205.6,2021-12-13,MarketResult_SEM-DA_PWR-MRC-D+1_20211212110000_20211212113523.csv
2021-12-13T03:00:00Z,1.0,205.6,2021-12-13,MarketResult_SEM-DA_PWR-MRC-D+1_20211212110000_20211212113523.csv
2021-12-13T04:00:00Z,1.0,233.57,2021-12-13,MarketResult_SEM-DA_PWR-MRC-D+1_20211212110000_20211212113523.csv
2021-12-13T05:00:00Z,1.0,259.51,2021-12-13,MarketResult_SEM-DA_PWR-MRC-D+1_20211212110000_20211212113523.csv
2021-12-13T06:00:00Z,1.0,294.3,2021-12-13,MarketResult_SEM-DA_PWR-MRC-D+1_20211212110000_20211212113523.csv
2021-12-13T07:00:00Z,1.0,260.0,2021-12-13,MarketResult_SEM-DA_PWR-MRC-D+1_20211212110000_20211212113523.csv
2021-12-13T08:00:00Z,1.0,285.33,2021-12-13,MarketResult_SEM-DA_PWR-MRC-D+1_20211212110000_20211212113523.csv
2021-12-13T09:00:00Z,1.0,294.14,2021-12-13,MarketResult_SEM-DA_PWR-MRC-D+1_20211212110000_20211212113523.csv
2021-12-13T10:00:00Z,1.0,294.61,2021-12-13,MarketResult_SEM-DA_PWR-MRC-D+1_20211212110000_20211212113523.csv
2021-12-13T11:00:00Z,1.0,294.14,2021-12-13,MarketResult_SEM-DA_PWR-MRC-D+1_20211212110000_20211212113523.csv
2021-12-13T12:00:00Z,1.0,294.0,2021-12-13,MarketResult_SEM-DA_PWR-MRC-D+1_20211212110000_20211212113523.csv
2021-12-13T13:00:00Z,1.0,294.26,2021-12-13,MarketResult_SEM-DA_PWR-MRC-D+1_20211212110000_20211212113523.csv
2021-12-13T14:00:00Z,1.0,298.0,2021-12-13,MarketResult_SEM-DA_PWR-MRC-D+1_20211212110000_20211212113523.csv
2021-12-13T15:00:00Z,1.0,307.0,2021-12-13,MarketResult_SEM-DA_PWR-MRC-D+1_20211212110000_20211212113523.csv
2021-12-13T16:00:00Z,1.0,344.16,2021-12-13,MarketResult_SEM-DA_PWR-MRC-D+1_20211212110000_20211212113523.csv
2021-12-13T17:00:00Z,1.0,375.78,2021-12-13,MarketResult_SEM-DA_PWR-MRC-D+1_20211212110000_20211212113523.csv
2021-12-13T18:00:00Z,1.0,344.98,2021-12-13,MarketResult_SEM-DA_PWR-MRC-D+1_20211212110000_20211212113523.csv
2021-12-13T19:00:00Z,1.0,315.0,2021-12-13,MarketResult_SEM-DA_PWR-MRC-D+1_20211212110000_20211212113523.csv
2021-12-13T20:00:00Z,1.0,275.3,2021-12-13,MarketResult_SEM-DA_PWR-MRC-D+1_20211212110000_20211212113523.csv
2021-12-13T21:00:00Z,1.0,267.94,2021-12-13,MarketResult_SEM-DA_PWR-MRC-D+1_20211212110000_20211212113523.csv
2021-12-13T22:00:00Z,1.0,256.61,2021-12-13,MarketResult_SEM-DA_PWR-MRC-D+1_20211212110000_20211212113523.csv
2021-12-13T23:00:00Z,1.0,263.97,2021-12-14,MarketResult_SEM-DA_PWR-MRC-D+1_20211213110000_20211213113628.csv
2021-12-14T00:00:00Z,1.0,246.05,2021-12-14,MarketResult_SEM-DA_PWR-MRC-D+1_20211213110000_20211213113628.csv
2021-12-14T01:00:00Z,1.0,228.59,2021-12-14,MarketResult_SEM-DA_PWR-MRC-D+1_20211213110000_20211213113628.csv
2021-12-14T02:00:00Z,1.0,200.85,2021-12-14,MarketResult_SEM-DA_PWR-MRC-D+1_20211213110000_20211213113628.csv
2021-12-14T03:00:00Z,1.0,193.72,2021-12-14,MarketResult_SEM-DA_PWR-MRC-D+1_20211213110000_20211213113628.csv
2021-12-14T04:00:00Z,1.0,181.92,2021-12-14,MarketResult_SEM-DA_PWR-MRC-D+1_20211213110000_20211213113628.csv
2021-12-14T05:00:00Z,1.0,193.72,2021-12-14,MarketResult_SEM-DA_PWR-MRC-D+1_20211213110000_20211213113628.csv
2021-12-14T06:00:00Z,1.0,208.37,2021-12-14,MarketResult_SEM-DA_PWR-MRC-D+1_20211213110000_20211213113628.csv
2021-12-14T07:00:00Z,1.0,268.59,2021-12-14,MarketResult_SEM-DA_PWR-MRC-D+1_20211213110000_20211213113628.csv
2021-12-14T08:00:00Z,1.0,275.0,2021-12-14,MarketResult_SEM-DA_PWR-MRC-D+1_20211213110000_20211213113628.csv
2021-12-14T09:00:00Z,1.0,278.47,2021-12-14,MarketResult_SEM-DA_PWR-MRC-D+1_20211213110000_20211213113628.csv
2021-12-14T10:00:00Z,1.0,274.64,2021-12-14,MarketResult_SEM-DA_PWR-MRC-D+1_20211213110000_20211213113628.csv
2021-12-14T11:00:00Z,1.0,273.82,2021-12-14,MarketResult_SEM-DA_PWR-MRC-D+1_20211213110000_20211213113628.csv
2021-12-14T12:00:00Z,1.0,275.0,2021-12-14,MarketResult_SEM-DA_PWR-MRC-D+1_20211213110000_20211213113628.csv
2021-12-14T13:00:00Z,1.0,274.87,2021-12-14,MarketResult_SEM-DA_PWR-MRC-D+1_20211213110000_20211213113628.csv
2021-12-14T14:00:00Z,1.0,272.71,2021-12-14,MarketResult_SEM-DA_PWR-MRC-D+1_20211213110000_20211213113628.csv
2021-12-14T15:00:00Z,1.0,275.0,2021-12-14,MarketResult_SEM-DA_PWR-MRC-D+1_20211213110000_20211213113628.csv
2021-12-14T16:00:00Z,1.0,304.09,2021-12-14,MarketResult_SEM-DA_PWR-MRC-D+1_20211213110000_20211213113628.csv
2021-12-14T17:00:00Z,1.0,332.0,2021-12-14,MarketResult_SEM-DA_PWR-MRC-D+1_20211213110000_20211213113628.csv
2021-12-14T18:00:00Z,1.0,307.0,2021-12-14,MarketResult_SEM-DA_PWR-MRC-D+1_20211213110000_20211213113628.csv
2021-12-14T19:00:00Z,1.0,285.9,2021-12-14,MarketResult_SEM-DA_PWR-MRC-D+1_20211213110000_20211213113628.csv
2021-12-14T20:00:00Z,1.0,262.51,2021-12-14,MarketResult_SEM-DA_PWR-MRC-D+1_20211213110000_20211213113628.csv
2021-12-14T21:00:00Z,1.0,254.28,2021-12-14,MarketResult_SEM-DA_PWR-MRC-D+1_20211213110000_20211213113628.csv
2021-12-14T22:00:00Z,1.0,217.69,2021-12-14,MarketResult_SEM-DA_PWR-MRC-D+1_20211213110000_20211213113628.csv
2021-12-14T23:00:00Z,1.0,215.56,2021-12-15,MarketResult_SEM-DA_PWR-MRC-D+1_20211214110000_20211214113517.csv
2021-12-15T00:00:00Z,1.0,195.36,2021-12-15,MarketResult_SEM-DA_PWR-MRC-D+1_20211214110000_20211214113517.csv
2021-12-15T01:00:00Z,1.0,180.0,2021-12-15,MarketResult_SEM-DA_PWR-MRC-D+1_20211214110000_20211214113517.csv
2021-12-15T02:00:00Z,1.0,178.16,2021-12-15,MarketResult_SEM-DA_PWR-MRC-D+1_20211214110000_20211214113517.csv
2021-12-15T03:00:00Z,1.0,170.0,2021-12-15,MarketResult_SEM-DA_PWR-MRC-D+1_20211214110000_20211214113517.csv
2021-12-15T04:00:00Z,1.0,175.0,2021-12-15,MarketResult_SEM-DA_PWR-MRC-D+1_20211214110000_20211214113517.csv
2021-12-15T05:00:00Z,1.0,186.57,2021-12-15,MarketResult_SEM-DA_PWR-MRC-D+1_20211214110000_20211214113517.csv
2021-12-15T06:00:00Z,1.0,219.93,2021-12-15,MarketResult_SEM-DA_PWR-MRC-D+1_20211214110000_20211214113517.csv
2021-12-15T07:00:00Z,1.0,270.85,2021-12-15,MarketResult_SEM-DA_PWR-MRC-D+1_20211214110000_20211214113517.csv
2021-12-15T08:00:00Z,1.0,294.58,2021-12-15,MarketResult_SEM-DA_PWR-MRC-D+1_20211214110000_20211214113517.csv
2021-12-15T09:00:00Z,1.0,306.0,2021-12-15,MarketResult_SEM-DA_PWR-MRC-D+1_20211214110000_20211214113517.csv
2021-12-15T10:00:00Z,1.0,292.08,2021-12-15,MarketResult_SEM-DA_PWR-MRC-D+1_20211214110000_20211214113517.csv
2021-12-15T11:00:00Z,1.0,291.68,2021-12-15,MarketResult_SEM-DA_PWR-MRC-D+1_20211214110000_20211214113517.csv
2021-12-15T12:00:00Z,1.0,304.11,2021-12-15,MarketResult_SEM-DA_PWR-MRC-D+1_20211214110000_20211214113517.csv
2021-12-15T13:00:00Z,1.0,321.06,2021-12-15,MarketResult_SEM-DA_PWR-MRC-D+1_20211214110000_20211214113517.csv
2021-12-15T14:00:00Z,1.0,316.41,2021-12-15,MarketResult_SEM-DA_PWR-MRC-D+1_20211214110000_20211214113517.csv
2021-12-15T15:00:00Z,1.0,327.03,2021-12-15,MarketResult_SEM-DA_PWR-MRC-D+1_20211214110000_20211214113517.csv
2021-12-15T16:00:00Z,1.0,383.0,2021-12-15,MarketResult_SEM-DA_PWR-MRC-D+1_20211214110000_20211214113517.csv
2021-12-15T17:00:00Z,1.0,418.52,2021-12-15,MarketResult_SEM-DA_PWR-MRC-D+1_20211214110000_20211214113517.csv
2021-12-15T18:00:00Z,1.0,389.9,2021-12-15,MarketResult_SEM-DA_PWR-MRC-D+1_20211214110000_20211214113517.csv
2021-12-15T19:00:00Z,1.0,352.76,2021-12-15,MarketResult_SEM-DA_PWR-MRC-D+1_20211214110000_20211214113517.csv
2021-12-15T20:00:00Z,1.0,315.93,2021-12-15,MarketResult_SEM-DA_PWR-MRC-D+1_20211214110000_20211214113517.csv
2021-12-15T21:00:00Z,1.0,291.78,2021-12-15,MarketResult_SEM-DA_PWR-MRC-D+1_20211214110000_20211214113517.csv
2021-12-15T22:00:00Z,1.0,266.81,2021-12-15,MarketResult_SEM-DA_PWR-MRC-D+1_20211214110000_20211214113517.csv
2021-12-15T23:00:00Z,1.0,247.73,2021-12-16,MarketResult_SEM-DA_PWR-MRC-D+1_20211215110000_20211215113717.csv
2021-12-16T00:00:00Z,1.0,239.08,2021-12-16,MarketResult_SEM-DA_PWR-MRC-D+1_20211215110000_20211215113717.csv
2021-12-16T01:00:00Z,1.0,245.0,2021-12-16,MarketResult_SEM-DA_PWR-MRC-D+1_20211215110000_20211215113717.csv
2021-12-16T02:00:00Z,1.0,233.0,2021-12-16,MarketResult_SEM-DA_PWR-MRC-D+1_20211215110000_20211215113717.csv
2021-12-16T03:00:00Z,1.0,232.0,2021-12-16,MarketResult_SEM-DA_PWR-MRC-D+1_20211215110000_20211215113717.csv
2021-12-16T04:00:00Z,1.0,241.0,2021-12-16,MarketResult_SEM-DA_PWR-MRC-D+1_20211215110000_20211215113717.csv
2021-12-16T05:00:00Z,1.0,252.6,2021-12-16,MarketResult_SEM-DA_PWR-MRC-D+1_20211215110000_20211215113717.csv
2021-12-16T06:00:00Z,1.0,285.37,2021-12-16,MarketResult_SEM-DA_PWR-MRC-D+1_20211215110000_20211215113717.csv
2021-12-16T07:00:00Z,1.0,307.51,2021-12-16,MarketResult_SEM-DA_PWR-MRC-D+1_20211215110000_20211215113717.csv
2021-12-16T08:00:00Z,1.0,305.26,2021-12-16,MarketResult_SEM-DA_PWR-MRC-D+1_20211215110000_20211215113717.csv
2021-12-16T09:00:00Z,1.0,307.51,2021-12-16,MarketResult_SEM-DA_PWR-MRC-D+1_20211215110000_20211215113717.csv
2021-12-16T10:00:00Z,1.0,315.98,2021-12-16,MarketResult_SEM-DA_PWR-MRC-D+1_20211215110000_20211215113717.csv
2021-12-16T11:00:00Z,1.0,338.28,2021-12-16,MarketResult_SEM-DA_PWR-MRC-D+1_20211215110000_20211215113717.csv
2021-12-16T12:00:00Z,1.0,340.4,2021-12-16,MarketResult_SEM-DA_PWR-MRC-D+1_20211215110000_20211215113717.csv
2021-12-16T13:00:00Z,1.0,348.64,2021-12-16,MarketResult_SEM-DA_PWR-MRC-D+1_20211215110000_20211215113717.csv
2021-12-16T14:00:00Z,1.0,351.76,2021-12-16,MarketResult_SEM-DA_PWR-MRC-D+1_20211215110000_20211215113717.csv
2021-12-16T15:00:00Z,1.0,350.0,2021-12-16,MarketResult_SEM-DA_PWR-MRC-D+1_20211215110000_20211215113717.csv
2021-12-16T16:00:00Z,1.0,399.0,2021-12-16,MarketResult_SEM-DA_PWR-MRC-D+1_20211215110000_20211215113717.csv
2021-12-16T17:00:00Z,1.0,461.75,2021-12-16,MarketResult_SEM-DA_PWR-MRC-D+1_20211215110000_20211215113717.csv
2021-12-16T18:00:00Z,1.0,400.0,2021-12-16,MarketResult_SEM-DA_PWR-MRC-D+1_20211215110000_20211215113717.csv
2021-12-16T19:00:00Z,1.0,350.0,2021-12-16,MarketResult_SEM-DA_PWR-MRC-D+1_20211215110000_20211215113717.csv
2021-12-16T20:00:00Z,1.0,322.4,2021-12-16,MarketResult_SEM-DA_PWR-MRC-D+1_20211215110000_20211215113717.csv
2021-12-16T21:00:00Z,1.0,297.17,2021-12-16,MarketResult_SEM-DA_PWR-MRC-D+1_20211215110000_20211215113717.csv
2021-12-16T22:00:00Z,1.0,273.01,2021-12-16,MarketResult_SEM-DA_PWR-MRC-D+1_20211215110000_20211215113717.csv
2021-12-16T23:00:00Z,1.0,289.22,2021-12-17,MarketResult_SEM-DA_PWR-MRC-D+1_20211216110000_20211216113559.csv
2021-12-17T00:00:00Z,1.0,283.0,2021-12-17,MarketResult_SEM-DA_PWR-MRC-D+1_20211216110000_20211216113559.csv
2021-12-17T01:00:00Z,1.0,271.55,2021-12-17,MarketResult_SEM-DA_PWR-MRC-D+1_20211216110000_20211216113559.csv
2021-12-17T02:00:00Z,1.0,256.0,2021-12-17,MarketResult_SEM-DA_PWR-MRC-D+1_20211216110000_20211216113559.csv
2021-12-17T03:00:00Z,1.0,251.35,2021-12-17,MarketResult_SEM-DA_PWR-MRC-D+1_20211216110000_20211216113559.csv
2021-12-17T04:00:00Z,1.0,254.06,2021-12-17,MarketResult_SEM-DA_PWR-MRC-D+1_20211216110000_20211216113559.csv
2021-12-17T05:00:00Z,1.0,272.3,2021-12-17,MarketResult_SEM-DA_PWR-MRC-D+1_20211216110000_20211216113559.csv
2021-12-17T06:00:00Z,1.0,303.12,2021-12-17,MarketResult_SEM-DA_PWR-MRC-D+1_20211216110000_20211216113559.csv
2021-12-17T07:00:00Z,1.0,325.94,2021-12-17,MarketResult_SEM-DA_PWR-MRC-D+1_20211216110000_20211216113559.csv
2021-12-17T08:00:00Z,1.0,335.8,2021-12-17,MarketResult_SEM-DA_PWR-MRC-D+1_20211216110000_20211216113559.csv
2021-12-17T09:00:00Z,1.0,340.16,2021-12-17,MarketResult_SEM-DA_PWR-MRC-D+1_20211216110000_20211216113559.csv
2021-12-17T10:00:00Z,1.0,335.0,2021-12-17,MarketResult_SEM-DA_PWR-MRC-D+1_20211216110000_20211216113559.csv
2021-12-17T11:00:00Z,1.0,330.87,2021-12-17,MarketResult_SEM-DA_PWR-MRC-D+1_20211216110000_20211216113559.csv
2021-12-17T12:00:00Z,1.0,330.87,2021-12-17,MarketResult_SEM-DA_PWR-MRC-D+1_20211216110000_20211216113559.csv
2021-12-17T13:00:00Z,1.0,330.9,2021-12-17,MarketResult_SEM-DA_PWR-MRC-D+1_20211216110000_20211216113559.csv
2021-12-17T14:00:00Z,1.0,334.0,2021-12-17,MarketResult_SEM-DA_PWR-MRC-D+1_20211216110000_20211216113559.csv
2021-12-17T15:00:00Z,1.0,330.87,2021-12-17,MarketResult_SEM-DA_PWR-MRC-D+1_20211216110000_20211216113559.csv
2021-12-17T16:00:00Z,1.0,340.16,2021-12-17,MarketResult_SEM-DA_PWR-MRC-D+1_20211216110000_20211216113559.csv
2021-12-17T17:00:00Z,1.0,355.0,2021-12-17,MarketResult_SEM-DA_PWR-MRC-D+1_20211216110000_20211216113559.csv
2021-12-17T18:00:00Z,1.0,351.76,2021-12-17,MarketResult_SEM-DA_PWR-MRC-D+1_20211216110000_20211216113559.csv
2021-12-17T19:00:00Z,1.0,330.97,2021-12-17,MarketResult_SEM-DA_PWR-MRC-D+1_20211216110000_20211216113559.csv
2021-12-17T20:00:00Z,1.0,326.13,2021-12-17,MarketResult_SEM-DA_PWR-MRC-D+1_20211216110000_20211216113559.csv
2021-12-17T21:00:00Z,1.0,279.0,2021-12-17,MarketResult_SEM-DA_PWR-MRC-D+1_20211216110000_20211216113559.csv
2021-12-17T22:00:00Z,1.0,282.2,2021-12-17,MarketResult_SEM-DA_PWR-MRC-D+1_20211216110000_20211216113559.csv
2021-12-17T23:00:00Z,1.0,313.73,2021-12-18,MarketResult_SEM-DA_PWR-MRC-D+1_20211217110000_20211217113616.csv
2021-12-18T00:00:00Z,1.0,296.72,2021-12-18,MarketResult_SEM-DA_PWR-MRC-D+1_20211217110000_20211217113616.csv
2021-12-18T01:00:00Z,1.0,293.43,2021-12-18,MarketResult_SEM-DA_PWR-MRC-D+1_20211217110000_20211217113616.csv
2021-12-18T02:00:00Z,1.0,275.09,2021-12-18,MarketResult_SEM-DA_PWR-MRC-D+1_20211217110000_20211217113616.csv
2021-12-18T03:00:00Z,1.0,256.69,2021-12-18,MarketResult_SEM-DA_PWR-MRC-D+1_20211217110000_20211217113616.csv
2021-12-18T04:00:00Z,1.0,256.5,2021-12-18,MarketResult_SEM-DA_PWR-MRC-D+1_20211217110000_20211217113616.csv
2021-12-18T05:00:00Z,1.0,266.9,2021-12-18,MarketResult_SEM-DA_PWR-MRC-D+1_20211217110000_20211217113616.csv
2021-12-18T06:00:00Z,1.0,287.78,2021-12-18,MarketResult_SEM-DA_PWR-MRC-D+1_20211217110000_20211217113616.csv
2021-12-18T07:00:00Z,1.0,283.33,2021-12-18,MarketResult_SEM-DA_PWR-MRC-D+1_20211217110000_20211217113616.csv
2021-12-18T08:00:00Z,1.0,298.77,2021-12-18,MarketResult_SEM-DA_PWR-MRC-D+1_20211217110000_20211217113616.csv
2021-12-18T09:00:00Z,1.0,323.9,2021-12-18,MarketResult_SEM-DA_PWR-MRC-D+1_20211217110000_20211217113616.csv
2021-12-18T10:00:00Z,1.0,333.01,2021-12-18,MarketResult_SEM-DA_PWR-MRC-D+1_20211217110000_20211217113616.csv
2021-12-18T11:00:00Z,1.0,338.0,2021-12-18,MarketResult_SEM-DA_PWR-MRC-D+1_20211217110000_20211217113616.csv
2021-12-18T12:00:00Z,1.0,335.0,2021-12-18,MarketResult_SEM-DA_PWR-MRC-D+1_20211217110000_20211217113616.csv
2021-12-18T13:00:00Z,1.0,340.04,2021-12-18,MarketResult_SEM-DA_PWR-MRC-D+1_20211217110000_20211217113616.csv
2021-12-18T14:00:00Z,1.0,305.66,2021-12-18,MarketResult_SEM-DA_PWR-MRC-D+1_20211217110000_20211217113616.csv
2021-12-18T15:00:00Z,1.0,334.51,2021-12-18,MarketResult_SEM-DA_PWR-MRC-D+1_20211217110000_20211217113616.csv
2021-12-18T16:00:00Z,1.0,364.0,2021-12-18,MarketResult_SEM-DA_PWR-MRC-D+1_20211217110000_20211217113616.csv
2021-12-18T17:00:00Z,1.0,400.42,2021-12-18,MarketResult_SEM-DA_PWR-MRC-D+1_20211217110000_20211217113616.csv
2021-12-18T18:00:00Z,1.0,380.0,2021-12-18,MarketResult_SEM-DA_PWR-MRC-D+1_20211217110000_20211217113616.csv
2021-12-18T19:00:00Z,1.0,343.41,2021-12-18,MarketResult_SEM-DA_PWR-MRC-D+1_20211217110000_20211217113616.csv
2021-12-18T20:00:00Z,1.0,317.57,2021-12-18,MarketResult_SEM-DA_PWR-MRC-D+1_20211217110000_20211217113616.csv
2021-12-18T21:00:00Z,1.0,317.57,2021-12-18,MarketResult_SEM-DA_PWR-MRC-D+1_20211217110000_20211217113616.csv
2021-12-18T22:00:00Z,1.0,304.0,2021-12-18,MarketResult_SEM-DA_PWR-MRC-D+1_20211217110000_20211217113616.csv
2021-12-18T23:00:00Z,1.0,330.34,2021-12-19,MarketResult_SEM-DA_PWR-MRC-D+1_20211218110000_20211218113734.csv
2021-12-19T00:00:00Z,1.0,317.16,2021-12-19,MarketResult_SEM-DA_PWR-MRC-D+1_20211218110000_20211218113734.csv
2021-12-19T01:00:00Z,1.0,302.46,2021-12-19,MarketResult_SEM-DA_PWR-MRC-D+1_20211218110000_20211218113734.csv
2021-12-19T02:00:00Z,1.0,285.0,2021-12-19,MarketResult_SEM-DA_PWR-MRC-D+1_20211218110000_20211218113734.csv
2021-12-19T03:00:00Z,1.0,271.29,2021-12-19,MarketResult_SEM-DA_PWR-MRC-D+1_20211218110000_20211218113734.csv
2021-12-19T04:00:00Z,1.0,274.55,2021-12-19,MarketResult_SEM-DA_PWR-MRC-D+1_20211218110000_20211218113734.csv
2021-12-19T05:00:00Z,1.0,283.0,2021-12-19,MarketResult_SEM-DA_PWR-MRC-D+1_20211218110000_20211218113734.csv
2021-12-19T06:00:00Z,1.0,296.0,2021-12-19,MarketResult_SEM-DA_PWR-MRC-D+1_20211218110000_20211218113734.csv
2021-12-19T07:00:00Z,1.0,292.7,2021-12-19,MarketResult_SEM-DA_PWR-MRC-D+1_20211218110000_20211218113734.csv
2021-12-19T08:00:00Z,1.0,318.4,2021-12-19,MarketResult_SEM-DA_PWR-MRC-D+1_20211218110000_20211218113734.csv
2021-12-19T09:00:00Z,1.0,325.0,2021-12-19,MarketResult_SEM-DA_PWR-MRC-D+1_20211218110000_20211218113734.csv
2021-12-19T10:00:00Z,1.0,336.79,2021-12-19,MarketResult_SEM-DA_PWR-MRC-D+1_20211218110000_20211218113734.csv
2021-12-19T11:00:00Z,1.0,350.0,2021-12-19,MarketResult_SEM-DA_PWR-MRC-D+1_20211218110000_20211218113734.csv
2021-12-19T12:00:00Z,1.0,351.75,2021-12-19,MarketResult_SEM-DA_PWR-MRC-D+1_20211218110000_20211218113734.csv
2021-12-19T13:00:00Z,1.0,336.9,2021-12-19,MarketResult_SEM-DA_PWR-MRC-D+1_20211218110000_20211218113734.csv
2021-12-19T14:00:00Z,1.0,325.0,2021-12-19,MarketResult_SEM-DA_PWR-MRC-D+1_20211218110000_20211218113734.csv
2021-12-19T15:00:00Z,1.0,327.4,2021-12-19,MarketResult_SEM-DA_PWR-MRC-D+1_20211218110000_20211218113734.csv
2021-12-19T16:00:00Z,1.0,379.99,2021-12-19,MarketResult_SEM-DA_PWR-MRC-D+1_20211218110000_20211218113734.csv
2021-12-19T17:00:00Z,1.0,415.51,2021-12-19,MarketResult_SEM-DA_PWR-MRC-D+1_20211218110000_20211218113734.csv
2021-12-19T18:00:00Z,1.0,388.91,2021-12-19,MarketResult_SEM-DA_PWR-MRC-D+1_20211218110000_20211218113734.csv
2021-12-19T19:00:00Z,1.0,341.37,2021-12-19,MarketResult_SEM-DA_PWR-MRC-D+1_20211218110000_20211218113734.csv
2021-12-19T20:00:00Z,1.0,325.55,2021-12-19,MarketResult_SEM-DA_PWR-MRC-D+1_20211218110000_20211218113734.csv
2021-12-19T21:00:00Z,1.0,335.0,2021-12-19,MarketResult_SEM-DA_PWR-MRC-D+1_20211218110000_20211218113734.csv
2021-12-19T22:00:00Z,1.0,299.78,2021-12-19,MarketResult_SEM-DA_PWR-MRC-D+1_20211218110000_20211218113734.csv
2021-12-19T23:00:00Z,1.0,309.5,2021-12-20,MarketResult_SEM-DA_PWR-MRC-D+1_20211219110000_20211219113914.csv
2021-12-20T00:00:00Z,1.0,300.0,2021-12-20,MarketResult_SEM-DA_PWR-MRC-D+1_20211219110000_20211219113914.csv
2021-12-20T01:00:00Z,1.0,292.0,2021-12-20,MarketResult_SEM-DA_PWR-MRC-D+1_20211219110000_20211219113914.csv
2021-12-20T02:00:00Z,1.0,270.29,2021-12-20,MarketResult_SEM-DA_PWR-MRC-D+1_20211219110000_20211219113914.csv
2021-12-20T03:00:00Z,1.0,267.9,2021-12-20,MarketResult_SEM-DA_PWR-MRC-D+1_20211219110000_20211219113914.csv
2021-12-20T04:00:00Z,1.0,269.24,2021-12-20,MarketResult_SEM-DA_PWR-MRC-D+1_20211219110000_20211219113914.csv
2021-12-20T05:00:00Z,1.0,295.12,2021-12-20,MarketResult_SEM-DA_PWR-MRC-D+1_20211219110000_20211219113914.csv
2021-12-20T06:00:00Z,1.0,336.3,2021-12-20,MarketResult_SEM-DA_PWR-MRC-D+1_20211219110000_20211219113914.csv
2021-12-20T07:00:00Z,1.0,375.0,2021-12-20,MarketResult_SEM-DA_PWR-MRC-D+1_20211219110000_20211219113914.csv
2021-12-20T08:00:00Z,1.0,351.43,2021-12-20,MarketResult_SEM-DA_PWR-MRC-D+1_20211219110000_20211219113914.csv
2021-12-20T09:00:00Z,1.0,357.09,2021-12-20,MarketResult_SEM-DA_PWR-MRC-D+1_20211219110000_20211219113914.csv
2021-12-20T10:00:00Z,1.0,352.75,2021-12-20,MarketResult_SEM-DA_PWR-MRC-D+1_20211219110000_20211219113914.csv
2021-12-20T11:00:00Z,1.0,352.69,2021-12-20,MarketResult_SEM-DA_PWR-MRC-D+1_20211219110000_20211219113914.csv
2021-12-20T12:00:00Z,1.0,357.47,2021-12-20,MarketResult_SEM-DA_PWR-MRC-D+1_20211219110000_20211219113914.csv
2021-12-20T13:00:00Z,1.0,355.0,2021-12-20,MarketResult_SEM-DA_PWR-MRC-D+1_20211219110000_20211219113914.csv
2021-12-20T14:00:00Z,1.0,355.0,2021-12-20,MarketResult_SEM-DA_PWR-MRC-D+1_20211219110000_20211219113914.csv
2021-12-20T15:00:00Z,1.0,355.0,2021-12-20,MarketResult_SEM-DA_PWR-MRC-D+1_20211219110000_20211219113914.csv
2021-12-20T16:00:00Z,1.0,411.14,2021-12-20,MarketResult_SEM-DA_PWR-MRC-D+1_20211219110000_20211219113914.csv
2021-12-20T17:00:00Z,1.0,492.36,2021-12-20,MarketResult_SEM-DA_PWR-MRC-D+1_20211219110000_20211219113914.csv
2021-12-20T18:00:00Z,1.0,450.0,2021-12-20,MarketResult_SEM-DA_PWR-MRC-D+1_20211219110000_20211219113914.csv
2021-12-20T19:00:00Z,1.0,380.46,2021-12-20,MarketResult_SEM-DA_PWR-MRC-D+1_20211219110000_20211219113914.csv
2021-12-20T20:00:00Z,1.0,351.14,2021-12-20,MarketResult_SEM-DA_PWR-MRC-D+1_20211219110000_20211219113914.csv
2021-12-20T21:00:00Z,1.0,352.0,2021-12-20,MarketResult_SEM-DA_PWR-MRC-D+1_20211219110000_20211219113914.csv
2021-12-20T22:00:00Z,1.0,321.7,2021-12-20,MarketResult_SEM-DA_PWR-MRC-D+1_20211219110000_20211219113914.csv
2021-12-20T23:00:00Z,1.0,335.0,2021-12-21,MarketResult_SEM-DA_PWR-MRC-D+1_20211220110000_20211220113721.csv
2021-12-21T00:00:00Z,1.0,319.0,2021-12-21,MarketResult_SEM-DA_PWR-MRC-D+1_20211220110000_20211220113721.csv
2021-12-21T01:00:00Z,1.0,297.0,2021-12-21,MarketResult_SEM-DA_PWR-MRC-D+1_20211220110000_20211220113721.csv
2021-12-21T02:00:00Z,1.0,285.6,2021-12-21,MarketResult_SEM-DA_PWR-MRC-D+1_20211220110000_20211220113721.csv
2021-12-21T03:00:00Z,1.0,282.84,2021-12-21,MarketResult_SEM-DA_PWR-MRC-D+1_20211220110000_20211220113721.csv
2021-12-21T04:00:00Z,1.0,284.4,2021-12-21,MarketResult_SEM-DA_PWR-MRC-D+1_20211220110000_20211220113721.csv
2021-12-21T05:00:00Z,1.0,310.0,2021-12-21,MarketResult_SEM-DA_PWR-MRC-D+1_20211220110000_20211220113721.csv
2021-12-21T06:00:00Z,1.0,358.75,2021-12-21,MarketResult_SEM-DA_PWR-MRC-D+1_20211220110000_20211220113721.csv
2021-12-21T07:00:00Z,1.0,379.0,2021-12-21,MarketResult_SEM-DA_PWR-MRC-D+1_20211220110000_20211220113721.csv
2021-12-21T08:00:00Z,1.0,366.79,2021-12-21,MarketResult_SEM-DA_PWR-MRC-D+1_20211220110000_20211220113721.csv
2021-12-21T09:00:00Z,1.0,366.79,2021-12-21,MarketResult_SEM-DA_PWR-MRC-D+1_20211220110000_20211220113721.csv
2021-12-21T10:00:00Z,1.0,363.24,2021-12-21,MarketResult_SEM-DA_PWR-MRC-D+1_20211220110000_20211220113721.csv
2021-12-21T11:00:00Z,1.0,358.0,2021-12-21,MarketResult_SEM-DA_PWR-MRC-D+1_20211220110000_20211220113721.csv
2021-12-21T12:00:00Z,1.0,355.49,2021-12-21,MarketResult_SEM-DA_PWR-MRC-D+1_20211220110000_20211220113721.csv
2021-12-21T13:00:00Z,1.0,351.19,2021-12-21,MarketResult_SEM-DA_PWR-MRC-D+1_20211220110000_20211220113721.csv
2021-12-21T14:00:00Z,1.0,355.59,2021-12-21,MarketResult_SEM-DA_PWR-MRC-D+1_20211220110000_20211220113721.csv
2021-12-21T15:00:00Z,1.0,355.49,2021-12-21,MarketResult_SEM-DA_PWR-MRC-D+1_20211220110000_20211220113721.csv
2021-12-21T16:00:00Z,1.0,370.72,2021-12-21,MarketResult_SEM-DA_PWR-MRC-D+1_20211220110000_20211220113721.csv
2021-12-21T17:00:00Z,1.0,404.77,2021-12-21,MarketResult_SEM-DA_PWR-MRC-D+1_20211220110000_20211220113721.csv
2021-12-21T18:00:00Z,1.0,377.08,2021-12-21,MarketResult_SEM-DA_PWR-MRC-D+1_20211220110000_20211220113721.csv
2021-12-21T19:00:00Z,1.0,355.59,2021-12-21,MarketResult_SEM-DA_PWR-MRC-D+1_20211220110000_20211220113721.csv
2021-12-21T20:00:00Z,1.0,334.0,2021-12-21,MarketResult_SEM-DA_PWR-MRC-D+1_20211220110000_20211220113721.csv
2021-12-21T21:00:00Z,1.0,338.83,2021-12-21,MarketResult_SEM-DA_PWR-MRC-D+1_20211220110000_20211220113721.csv
2021-12-21T22:00:00Z,1.0,278.5,2021-12-21,MarketResult_SEM-DA_PWR-MRC-D+1_20211220110000_20211220113721.csv
2021-12-21T23:00:00Z,1.0,302.53,2021-12-22,MarketResult_SEM-DA_PWR-MRC-D+1_20211221110000_20211221114313.csv
2021-12-22T00:00:00Z,1.0,268.81,2021-12-22,MarketResult_SEM-DA_PWR-MRC-D+1_20211221110000_20211221114313.csv
2021-12-22T01:00:00Z,1.0,294.0,2021-12-22,MarketResult_SEM-DA_PWR-MRC-D+1_20211221110000_20211221114313.csv
2021-12-22T02:00:00Z,1.0,264.21,2021-12-22,MarketResult_SEM-DA_PWR-MRC-D+1_20211221110000_20211221114313.csv
2021-12-22T03:00:00Z,1.0,231.62,2021-12-22,MarketResult_SEM-DA_PWR-MRC-D+1_20211221110000_20211221114313.csv
2021-12-22T04:00:00Z,1.0,226.0,2021-12-22,MarketResult_SEM-DA_PWR-MRC-D+1_20211221110000_20211221114313.csv
2021-12-22T05:00:00Z,1.0,235.65,2021-12-22,MarketResult_SEM-DA_PWR-MRC-D+1_20211221110000_20211221114313.csv
2021-12-22T06:00:00Z,1.0,275.0,2021-12-22,MarketResult_SEM-DA_PWR-MRC-D+1_20211221110000_20211221114313.csv
2021-12-22T07:00:00Z,1.0,365.0,2021-12-22,MarketResult_SEM-DA_PWR-MRC-D+1_20211221110000_20211221114313.csv
2021-12-22T08:00:00Z,1.0,329.0,2021-12-22,MarketResult_SEM-DA_PWR-MRC-D+1_20211221110000_20211221114313.csv
2021-12-22T09:00:00Z,1.0,386.72,2021-12-22,MarketResult_SEM-DA_PWR-MRC-D+1_20211221110000_20211221114313.csv
2021-12-22T10:00:00Z,1.0,375.0,2021-12-22,MarketResult_SEM-DA_PWR-MRC-D+1_20211221110000_20211221114313.csv
2021-12-22T11:00:00Z,1.0,390.0,2021-12-22,MarketResult_SEM-DA_PWR-MRC-D+1_20211221110000_20211221114313.csv
2021-12-22T12:00:00Z,1.0,384.96,2021-12-22,MarketResult_SEM-DA_PWR-MRC-D+1_20211221110000_20211221114313.csv
2021-12-22T13:00:00Z,1.0,400.0,2021-12-22,MarketResult_SEM-DA_PWR-MRC-D+1_20211221110000_20211221114313.csv
2021-12-22T14:00:00Z,1.0,429.27,2021-12-22,MarketResult_SEM-DA_PWR-MRC-D+1_20211221110000_20211221114313.csv
2021-12-22T15:00:00Z,1.0,430.0,2021-12-22,MarketResult_SEM-DA_PWR-MRC-D+1_20211221110000_20211221114313.csv
2021-12-22T16:00:00Z,1.0,487.9,2021-12-22,MarketResult_SEM-DA_PWR-MRC-D+1_20211221110000_20211221114313.csv
2021-12-22T17:00:00Z,1.0,495.67,2021-12-22,MarketResult_SEM-DA_PWR-MRC-D+1_20211221110000_20211221114313.csv
2021-12-22T18:00:00Z,1.0,446.1,2021-12-22,MarketResult_SEM-DA_PWR-MRC-D+1_20211221110000_20211221114313.csv
2021-12-22T19:00:00Z,1.0,403.94,2021-12-22,MarketResult_SEM-DA_PWR-MRC-D+1_20211221110000_20211221114313.csv
2021-12-22T20:00:00Z,1.0,365.91,2021-12-22,MarketResult_SEM-DA_PWR-MRC-D+1_20211221110000_20211221114313.csv
2021-12-22T21:00:00Z,1.0,349.0,2021-12-22,MarketResult_SEM-DA_PWR-MRC-D+1_20211221110000_20211221114313.csv
2021-12-22T22:00:00Z,1.0,285.34,2021-12-22,MarketResult_SEM-DA_PWR-MRC-D+1_20211221110000_20211221114313.csv
2021-12-22T23:00:00Z,1.0,345.32,2021-12-23,MarketResult_SEM-DA_PWR-MRC-D+1_20211222110000_20211222114213.csv
2021-12-23T00:00:00Z,1.0,300.0,2021-12-23,MarketResult_SEM-DA_PWR-MRC-D+1_20211222110000_20211222114213.csv
2021-12-23T01:00:00Z,1.0,295.01,2021-12-23,MarketResult_SEM-DA_PWR-MRC-D+1_20211222110000_20211222114213.csv
2021-12-23T02:00:00Z,1.0,275.0,2021-12-23,MarketResult_SEM-DA_PWR-MRC-D+1_20211222110000_20211222114213.csv
2021-12-23T03:00:00Z,1.0,258.46,2021-12-23,MarketResult_SEM-DA_PWR-MRC-D+1_20211222110000_20211222114213.csv
2021-12-23T04:00:00Z,1.0,238.4,2021-12-23,MarketResult_SEM-DA_PWR-MRC-D+1_20211222110000_20211222114213.csv
2021-12-23T05:00:00Z,1.0,308.0,2021-12-23,MarketResult_SEM-DA_PWR-MRC-D+1_20211222110000_20211222114213.csv
2021-12-23T06:00:00Z,1.0,341.72,2021-12-23,MarketResult_SEM-DA_PWR-MRC-D+1_20211222110000_20211222114213.csv
2021-12-23T07:00:00Z,1.0,379.06,2021-12-23,MarketResult_SEM-DA_PWR-MRC-D+1_20211222110000_20211222114213.csv
2021-12-23T08:00:00Z,1.0,428.0,2021-12-23,MarketResult_SEM-DA_PWR-MRC-D+1_20211222110000_20211222114213.csv
2021-12-23T09:00:00Z,1.0,436.0,2021-12-23,MarketResult_SEM-DA_PWR-MRC-D+1_20211222110000_20211222114213.csv
2021-12-23T10:00:00Z,1.0,426.58,2021-12-23,MarketResult_SEM-DA_PWR-MRC-D+1_20211222110000_20211222114213.csv
2021-12-23T11:00:00Z,1.0,420.0,2021-12-23,MarketResult_SEM-DA_PWR-MRC-D+1_20211222110000_20211222114213.csv
2021-12-23T12:00:00Z,1.0,410.17,2021-12-23,MarketResult_SEM-DA_PWR-MRC-D+1_20211222110000_20211222114213.csv
2021-12-23T13:00:00Z,1.0,408.9,2021-12-23,MarketResult_SEM-DA_PWR-MRC-D+1_20211222110000_20211222114213.csv
2021-12-23T14:00:00Z,1.0,400.0,2021-12-23,MarketResult_SEM-DA_PWR-MRC-D+1_20211222110000_20211222114213.csv
2021-12-23T15:00:00Z,1.0,417.0,2021-12-23,MarketResult_SEM-DA_PWR-MRC-D+1_20211222110000_20211222114213.csv
2021-12-23T16:00:00Z,1.0,445.27,2021-12-23,MarketResult_SEM-DA_PWR-MRC-D+1_20211222110000_20211222114213.csv
2021-12-23T17:00:00Z,1.0,471.0,2021-12-23,MarketResult_SEM-DA_PWR-MRC-D+1_20211222110000_20211222114213.csv
2021-12-23T18:00:00Z,1.0,468.39,2021-12-23,MarketResult_SEM-DA_PWR-MRC-D+1_20211222110000_20211222114213.csv
2021-12-23T19:00:00Z,1.0,449.0,2021-12-23,MarketResult_SEM-DA_PWR-MRC-D+1_20211222110000_20211222114213.csv
2021-12-23T20:00:00Z,1.0,422.09,2021-12-23,MarketResult_SEM-DA_PWR-MRC-D+1_20211222110000_20211222114213.csv
2021-12-23T21:00:00Z,1.0,388.17,2021-12-23,MarketResult_SEM-DA_PWR-MRC-D+1_20211222110000_20211222114213.csv
2021-12-23T22:00:00Z,1.0,350.0,2021-12-23,MarketResult_SEM-DA_PWR-MRC-D+1_20211222110000_20211222114213.csv
2021-12-23T23:00:00Z,1.0,344.26,2021-12-24,MarketResult_SEM-DA_PWR-MRC-D+1_20211223110000_20211223113927.csv
2021-12-24T00:00:00Z,1.0,317.22,2021-12-24,MarketResult_SEM-DA_PWR-MRC-D+1_20211223110000_20211223113927.csv
2021-12-24T01:00:00Z,1.0,290.4,2021-12-24,MarketResult_SEM-DA_PWR-MRC-D+1_20211223110000_20211223113927.csv
2021-12-24T02:00:00Z,1.0,284.86,2021-12-24,MarketResult_SEM-DA_PWR-MRC-D+1_20211223110000_20211223113927.csv
2021-12-24T03:00:00Z,1.0,238.25,2021-12-24,MarketResult_SEM-DA_PWR-MRC-D+1_20211223110000_20211223113927.csv
2021-12-24T04:00:00Z,1.0,200.0,2021-12-24,MarketResult_SEM-DA_PWR-MRC-D+1_20211223110000_20211223113927.csv
2021-12-24T05:00:00Z,1.0,188.25,2021-12-24,MarketResult_SEM-DA_PWR-MRC-D+1_20211223110000_20211223113927.csv
2021-12-24T06:00:00Z,1.0,195.0,2021-12-24,MarketResult_SEM-DA_PWR-MRC-D+1_20211223110000_20211223113927.csv
2021-12-24T07:00:00Z,1.0,272.0,2021-12-24,MarketResult_SEM-DA_PWR-MRC-D+1_20211223110000_20211223113927.csv
2021-12-24T08:00:00Z,1.0,290.4,2021-12-24,MarketResult_SEM-DA_PWR-MRC-D+1_20211223110000_20211223113927.csv
2021-12-24T09:00:00Z,1.0,321.1,2021-12-24,MarketResult_SEM-DA_PWR-MRC-D+1_20211223110000_20211223113927.csv
2021-12-24T10:00:00Z,1.0,340.0,2021-12-24,MarketResult_SEM-DA_PWR-MRC-D+1_20211223110000_20211223113927.csv
2021-12-24T11:00:00Z,1.0,343.8,2021-12-24,MarketResult_SEM-DA_PWR-MRC-D+1_20211223110000_20211223113927.csv
2021-12-24T12:00:00Z,1.0,349.88,2021-12-24,MarketResult_SEM-DA_PWR-MRC-D+1_20211223110000_20211223113927.csv
2021-12-24T13:00:00Z,1.0,340.94,2021-12-24,MarketResult_SEM-DA_PWR-MRC-D+1_20211223110000_20211223113927.csv
2021-12-24T14:00:00Z,1.0,325.6,2021-12-24,MarketResult_SEM-DA_PWR-MRC-D+1_20211223110000_20211223113927.csv
2021-12-24T15:00:00Z,1.0,303.74,2021-12-24,MarketResult_SEM-DA_PWR-MRC-D+1_20211223110000_20211223113927.csv
2021-12-24T16:00:00Z,1.0,324.19,2021-12-24,MarketResult_SEM-DA_PWR-MRC-D+1_20211223110000_20211223113927.csv
2021-12-24T17:00:00Z,1.0,336.58,2021-12-24,MarketResult_SEM-DA_PWR-MRC-D+1_20211223110000_20211223113927.csv
2021-12-24T18:00:00Z,1.0,327.84,2021-12-24,MarketResult_SEM-DA_PWR-MRC-D+1_20211223110000_20211223113927.csv
2021-12-24T19:00:00Z,1.0,303.74,2021-12-24,MarketResult_SEM-DA_PWR-MRC-D+1_20211223110000_20211223113927.csv
2021-12-24T20:00:00Z,1.0,290.4,2021-12-24,MarketResult_SEM-DA_PWR-MRC-D+1_20211223110000_20211223113927.csv
2021-12-24T21:00:00Z,1.0,277.0,2021-12-24,MarketResult_SEM-DA_PWR-MRC-D+1_20211223110000_20211223113927.csv
2021-12-24T22:00:00Z,1.0,204.25,2021-12-24,MarketResult_SEM-DA_PWR-MRC-D+1_20211223110000_20211223113927.csv
2021-12-24T23:00:00Z,1.0,157.9,2021-12-25,MarketResult_SEM-DA_PWR-MRC-D+1_20211224110000_20211224113534.csv
2021-12-25T00:00:00Z,1.0,163.33,2021-12-25,MarketResult_SEM-DA_PWR-MRC-D+1_20211224110000_20211224113534.csv
2021-12-25T01:00:00Z,1.0,135.65,2021-12-25,MarketResult_SEM-DA_PWR-MRC-D+1_20211224110000_20211224113534.csv
2021-12-25T02:00:00Z,1.0,126.18,2021-12-25,MarketResult_SEM-DA_PWR-MRC-D+1_20211224110000_20211224113534.csv
2021-12-25T03:00:00Z,1.0,125.82,2021-12-25,MarketResult_SEM-DA_PWR-MRC-D+1_20211224110000_20211224113534.csv
2021-12-25T04:00:00Z,1.0,110.98,2021-12-25,MarketResult_SEM-DA_PWR-MRC-D+1_20211224110000_20211224113534.csv
2021-12-25T05:00:00Z,1.0,120.0,2021-12-25,MarketResult_SEM-DA_PWR-MRC-D+1_20211224110000_20211224113534.csv
2021-12-25T06:00:00Z,1.0,125.82,2021-12-25,MarketResult_SEM-DA_PWR-MRC-D+1_20211224110000_20211224113534.csv
2021-12-25T07:00:00Z,1.0,131.68,2021-12-25,MarketResult_SEM-DA_PWR-MRC-D+1_20211224110000_20211224113534.csv
2021-12-25T08:00:00Z,1.0,155.0,2021-12-25,MarketResult_SEM-DA_PWR-MRC-D+1_20211224110000_20211224113534.csv
2021-12-25T09:00:00Z,1.0,187.0,2021-12-25,MarketResult_SEM-DA_PWR-MRC-D+1_20211224110000_20211224113534.csv
2021-12-25T10:00:00Z,1.0,222.0,2021-12-25,MarketResult_SEM-DA_PWR-MRC-D+1_20211224110000_20211224113534.csv
2021-12-25T11:00:00Z,1.0,238.12,2021-12-25,MarketResult_SEM-DA_PWR-MRC-D+1_20211224110000_20211224113534.csv
2021-12-25T12:00:00Z,1.0,260.0,2021-12-25,MarketResult_SEM-DA_PWR-MRC-D+1_20211224110000_20211224113534.csv
2021-12-25T13:00:00Z,1.0,264.41,2021-12-25,MarketResult_SEM-DA_PWR-MRC-D+1_20211224110000_20211224113534.csv
2021-12-25T14:00:00Z,1.0,251.56,2021-12-25,MarketResult_SEM-DA_PWR-MRC-D+1_20211224110000_20211224113534.csv
2021-12-25T15:00:00Z,1.0,236.32,2021-12-25,MarketResult_SEM-DA_PWR-MRC-D+1_20211224110000_20211224113534.csv
2021-12-25T16:00:00Z,1.0,237.23,2021-12-25,MarketResult_SEM-DA_PWR-MRC-D+1_20211224110000_20211224113534.csv
2021-12-25T17:00:00Z,1.0,251.73,2021-12-25,MarketResult_SEM-DA_PWR-MRC-D+1_20211224110000_20211224113534.csv
2021-12-25T18:00:00Z,1.0,242.64,2021-12-25,MarketResult_SEM-DA_PWR-MRC-D+1_20211224110000_20211224113534.csv
2021-12-25T19:00:00Z,1.0,239.41,2021-12-25,MarketResult_SEM-DA_PWR-MRC-D+1_20211224110000_20211224113534.csv
2021-12-25T20:00:00Z,1.0,233.8,2021-12-25,MarketResult_SEM-DA_PWR-MRC-D+1_20211224110000_20211224113534.csv
2021-12-25T21:00:00Z,1.0,219.02,2021-12-25,MarketResult_SEM-DA_PWR-MRC-D+1_20211224110000_20211224113534.csv
2021-12-25T22:00:00Z,1.0,190.6,2021-12-25,MarketResult_SEM-DA_PWR-MRC-D+1_20211224110000_20211224113534.csv
2021-12-25T23:00:00Z,1.0,177.64,2021-12-26,MarketResult_SEM-DA_PWR-MRC-D+1_20211225110000_20211225113610.csv
2021-12-26T00:00:00Z,1.0,177.4,2021-12-26,MarketResult_SEM-DA_PWR-MRC-D+1_20211225110000_20211225113610.csv
2021-12-26T01:00:00Z,1.0,160.42,2021-12-26,MarketResult_SEM-DA_PWR-MRC-D+1_20211225110000_20211225113610.csv
2021-12-26T02:00:00Z,1.0,138.94,2021-12-26,MarketResult_SEM-DA_PWR-MRC-D+1_20211225110000_20211225113610.csv
2021-12-26T03:00:00Z,1.0,127.28,2021-12-26,MarketResult_SEM-DA_PWR-MRC-D+1_20211225110000_20211225113610.csv
2021-12-26T04:00:00Z,1.0,125.9,2021-12-26,MarketResult_SEM-DA_PWR-MRC-D+1_20211225110000_20211225113610.csv
2021-12-26T05:00:00Z,1.0,133.2,2021-12-26,MarketResult_SEM-DA_PWR-MRC-D+1_20211225110000_20211225113610.csv
2021-12-26T06:00:00Z,1.0,136.5,2021-12-26,MarketResult_SEM-DA_PWR-MRC-D+1_20211225110000_20211225113610.csv
2021-12-26T07:00:00Z,1.0,141.38,2021-12-26,MarketResult_SEM-DA_PWR-MRC-D+1_20211225110000_20211225113610.csv
2021-12-26T08:00:00Z,1.0,161.15,2021-12-26,MarketResult_SEM-DA_PWR-MRC-D+1_20211225110000_20211225113610.csv
2021-12-26T09:00:00Z,1.0,182.46,2021-12-26,MarketResult_SEM-DA_PWR-MRC-D+1_20211225110000_20211225113610.csv
2021-12-26T10:00:00Z,1.0,203.79,2021-12-26,MarketResult_SEM-DA_PWR-MRC-D+1_20211225110000_20211225113610.csv
2021-12-26T11:00:00Z,1.0,212.21,2021-12-26,MarketResult_SEM-DA_PWR-MRC-D+1_20211225110000_20211225113610.csv
2021-12-26T12:00:00Z,1.0,240.0,2021-12-26,MarketResult_SEM-DA_PWR-MRC-D+1_20211225110000_20211225113610.csv
2021-12-26T13:00:00Z,1.0,236.0,2021-12-26,MarketResult_SEM-DA_PWR-MRC-D+1_20211225110000_20211225113610.csv
2021-12-26T14:00:00Z,1.0,227.34,2021-12-26,MarketResult_SEM-DA_PWR-MRC-D+1_20211225110000_20211225113610.csv
2021-12-26T15:00:00Z,1.0,220.0,2021-12-26,MarketResult_SEM-DA_PWR-MRC-D+1_20211225110000_20211225113610.csv
2021-12-26T16:00:00Z,1.0,265.08,2021-12-26,MarketResult_SEM-DA_PWR-MRC-D+1_20211225110000_20211225113610.csv
2021-12-26T17:00:00Z,1.0,317.95,2021-12-26,MarketResult_SEM-DA_PWR-MRC-D+1_20211225110000_20211225113610.csv
2021-12-26T18:00:00Z,1.0,305.53,2021-12-26,MarketResult_SEM-DA_PWR-MRC-D+1_20211225110000_20211225113610.csv
2021-12-26T19:00:00Z,1.0,283.0,2021-12-26,MarketResult_SEM-DA_PWR-MRC-D+1_20211225110000_20211225113610.csv
2021-12-26T20:00:00Z,1.0,269.0,2021-12-26,MarketResult_SEM-DA_PWR-MRC-D+1_20211225110000_20211225113610.csv
2021-12-26T21:00:00Z,1.0,234.0,2021-12-26,MarketResult_SEM-DA_PWR-MRC-D+1_20211225110000_20211225113610.csv
2021-12-26T22:00:00Z,1.0,220.0,2021-12-26,MarketResult_SEM-DA_PWR-MRC-D+1_20211225110000_20211225113610.csv
2021-12-26T23:00:00Z,1.0,202.0,2021-12-27,MarketResult_SEM-DA_PWR-MRC-D+1_20211226110000_20211226114018.csv
2021-12-27T00:00:00Z,1.0,199.0,2021-12-27,MarketResult_SEM-DA_PWR-MRC-D+1_20211226110000_20211226114018.csv
2021-12-27T01:00:00Z,1.0,201.24,2021-12-27,MarketResult_SEM-DA_PWR-MRC-D+1_20211226110000_20211226114018.csv
2021-12-27T02:00:00Z,1.0,181.27,2021-12-27,MarketResult_SEM-DA_PWR-MRC-D+1_20211226110000_20211226114018.csv
2021-12-27T03:00:00Z,1.0,177.33,2021-12-27,MarketResult_SEM-DA_PWR-MRC-D+1_20211226110000_20211226114018.csv
2021-12-27T04:00:00Z,1.0,171.81,2021-12-27,MarketResult_SEM-DA_PWR-MRC-D+1_20211226110000_20211226114018.csv
2021-12-27T05:00:00Z,1.0,177.64,2021-12-27,MarketResult_SEM-DA_PWR-MRC-D+1_20211226110000_20211226114018.csv
2021-12-27T06:00:00Z,1.0,174.0,2021-12-27,MarketResult_SEM-DA_PWR-MRC-D+1_20211226110000_20211226114018.csv
2021-12-27T07:00:00Z,1.0,174.8,2021-12-27,MarketResult_SEM-DA_PWR-MRC-D+1_20211226110000_20211226114018.csv
2021-12-27T08:00:00Z,1.0,182.76,2021-12-27,MarketResult_SEM-DA_PWR-MRC-D+1_20211226110000_20211226114018.csv
2021-12-27T09:00:00Z,1.0,203.79,2021-12-27,MarketResult_SEM-DA_PWR-MRC-D+1_20211226110000_20211226114018.csv
2021-12-27T10:00:00Z,1.0,212.21,2021-12-27,MarketResult_SEM-DA_PWR-MRC-D+1_20211226110000_20211226114018.csv
2021-12-27T11:00:00Z,1.0,224.06,2021-12-27,MarketResult_SEM-DA_PWR-MRC-D+1_20211226110000_20211226114018.csv
2021-12-27T12:00:00Z,1.0,237.0,2021-12-27,MarketResult_SEM-DA_PWR-MRC-D+1_20211226110000_20211226114018.csv
2021-12-27T13:00:00Z,1.0,231.45,2021-12-27,MarketResult_SEM-DA_PWR-MRC-D+1_20211226110000_20211226114018.csv
2021-12-27T14:00:00Z,1.0,229.0,2021-12-27,MarketResult_SEM-DA_PWR-MRC-D+1_20211226110000_20211226114018.csv
2021-12-27T15:00:00Z,1.0,229.0,2021-12-27,MarketResult_SEM-DA_PWR-MRC-D+1_20211226110000_20211226114018.csv
2021-12-27T16:00:00Z,1.0,293.0,2021-12-27,MarketResult_SEM-DA_PWR-MRC-D+1_20211226110000_20211226114018.csv
2021-12-27T17:00:00Z,1.0,340.94,2021-12-27,MarketResult_SEM-DA_PWR-MRC-D+1_20211226110000_20211226114018.csv
2021-12-27T18:00:00Z,1.0,297.04,2021-12-27,MarketResult_SEM-DA_PWR-MRC-D+1_20211226110000_20211226114018.csv
2021-12-27T19:00:00Z,1.0,259.0,2021-12-27,MarketResult_SEM-DA_PWR-MRC-D+1_20211226110000_20211226114018.csv
2021-12-27T20:00:00Z,1.0,245.0,2021-12-27,MarketResult_SEM-DA_PWR-MRC-D+1_20211226110000_20211226114018.csv
2021-12-27T21:00:00Z,1.0,212.21,2021-12-27,MarketResult_SEM-DA_PWR-MRC-D+1_20211226110000_20211226114018.csv
2021-12-27T22:00:00Z,1.0,191.51,2021-12-27,MarketResult_SEM-DA_PWR-MRC-D+1_20211226110000_20211226114018.csv
2021-12-27T23:00:00Z,1.0,255.82,2021-12-28,MarketResult_SEM-DA_PWR-MRC-D+1_20211227110000_20211227113508.csv
2021-12-28T00:00:00Z,1.0,228.52,2021-12-28,MarketResult_SEM-DA_PWR-MRC-D+1_20211227110000_20211227113508.csv
2021-12-28T01:00:00Z,1.0,221.24,2021-12-28,MarketResult_SEM-DA_PWR-MRC-D+1_20211227110000_20211227113508.csv
2021-12-28T02:00:00Z,1.0,168.0,2021-12-28,MarketResult_SEM-DA_PWR-MRC-D+1_20211227110000_20211227113508.csv
2021-12-28T03:00:00Z,1.0,140.0,2021-12-28,MarketResult_SEM-DA_PWR-MRC-D+1_20211227110000_20211227113508.csv
2021-12-28T04:00:00Z,1.0,127.8,2021-12-28,MarketResult_SEM-DA_PWR-MRC-D+1_20211227110000_20211227113508.csv
2021-12-28T05:00:00Z,1.0,112.45,2021-12-28,MarketResult_SEM-DA_PWR-MRC-D+1_20211227110000_20211227113508.csv
2021-12-28T06:00:00Z,1.0,129.86,2021-12-28,MarketResult_SEM-DA_PWR-MRC-D+1_20211227110000_20211227113508.csv
2021-12-28T07:00:00Z,1.0,155.0,2021-12-28,MarketResult_SEM-DA_PWR-MRC-D+1_20211227110000_20211227113508.csv
2021-12-28T08:00:00Z,1.0,182.76,2021-12-28,MarketResult_SEM-DA_PWR-MRC-D+1_20211227110000_20211227113508.csv
2021-12-28T09:00:00Z,1.0,200.59,2021-12-28,MarketResult_SEM-DA_PWR-MRC-D+1_20211227110000_20211227113508.csv
2021-12-28T10:00:00Z,1.0,212.47,2021-12-28,MarketResult_SEM-DA_PWR-MRC-D+1_20211227110000_20211227113508.csv
2021-12-28T11:00:00Z,1.0,234.2,2021-12-28,MarketResult_SEM-DA_PWR-MRC-D+1_20211227110000_20211227113508.csv
2021-12-28T12:00:00Z,1.0,250.8,2021-12-28,MarketResult_SEM-DA_PWR-MRC-D+1_20211227110000_20211227113508.csv
2021-12-28T13:00:00Z,1.0,238.99,2021-12-28,MarketResult_SEM-DA_PWR-MRC-D+1_20211227110000_20211227113508.csv
2021-12-28T14:00:00Z,1.0,229.0,2021-12-28,MarketResult_SEM-DA_PWR-MRC-D+1_20211227110000_20211227113508.csv
2021-12-28T15:00:00Z,1.0,231.93,2021-12-28,MarketResult_SEM-DA_PWR-MRC-D+1_20211227110000_20211227113508.csv
2021-12-28T16:00:00Z,1.0,271.5,2021-12-28,MarketResult_SEM-DA_PWR-MRC-D+1_20211227110000_20211227113508.csv
2021-12-28T17:00:00Z,1.0,321.14,2021-12-28,MarketResult_SEM-DA_PWR-MRC-D+1_20211227110000_20211227113508.csv
2021-12-28T18:00:00Z,1.0,285.14,2021-12-28,MarketResult_SEM-DA_PWR-MRC-D+1_20211227110000_20211227113508.csv
2021-12-28T19:00:00Z,1.0,278.7,2021-12-28,MarketResult_SEM-DA_PWR-MRC-D+1_20211227110000_20211227113508.csv
2021-12-28T20:00:00Z,1.0,225.0,2021-12-28,MarketResult_SEM-DA_PWR-MRC-D+1_20211227110000_20211227113508.csv
2021-12-28T21:00:00Z,1.0,208.8,2021-12-28,MarketResult_SEM-DA_PWR-MRC-D+1_20211227110000_20211227113508.csv
2021-12-28T22:00:00Z,1.0,205.0,2021-12-28,MarketResult_SEM-DA_PWR-MRC-D+1_20211227110000_20211227113508.csv
2021-12-28T23:00:00Z,1.0,242.22,2021-12-29,MarketResult_SEM-DA_PWR-MRC-D+1_20211228110000_20211228113600.csv
2021-12-29T00:00:00Z,1.0,228.68,2021-12-29,MarketResult_SEM-DA_PWR-MRC-D+1_20211228110000_20211228113600.csv
2021-12-29T01:00:00Z,1.0,182.1,2021-12-29,MarketResult_SEM-DA_PWR-MRC-D+1_20211228110000_20211228113600.csv
2021-12-29T02:00:00Z,1.0,180.05,2021-12-29,MarketResult_SEM-DA_PWR-MRC-D+1_20211228110000_20211228113600.csv
2021-12-29T03:00:00Z,1.0,158.0,2021-12-29,MarketResult_SEM-DA_PWR-MRC-D+1_20211228110000_20211228113600.csv
2021-12-29T04:00:00Z,1.0,125.23,2021-12-29,MarketResult_SEM-DA_PWR-MRC-D+1_20211228110000_20211228113600.csv
2021-12-29T05:00:00Z,1.0,120.0,2021-12-29,MarketResult_SEM-DA_PWR-MRC-D+1_20211228110000_20211228113600.csv
2021-12-29T06:00:00Z,1.0,94.72,2021-12-29,MarketResult_SEM-DA_PWR-MRC-D+1_20211228110000_20211228113600.csv
2021-12-29T07:00:00Z,1.0,129.04,2021-12-29,MarketResult_SEM-DA_PWR-MRC-D+1_20211228110000_20211228113600.csv
2021-12-29T08:00:00Z,1.0,155.82,2021-12-29,MarketResult_SEM-DA_PWR-MRC-D+1_20211228110000_20211228113600.csv
2021-12-29T09:00:00Z,1.0,168.0,2021-12-29,MarketResult_SEM-DA_PWR-MRC-D+1_20211228110000_20211228113600.csv
2021-12-29T10:00:00Z,1.0,191.35,2021-12-29,MarketResult_SEM-DA_PWR-MRC-D+1_20211228110000_20211228113600.csv
2021-12-29T11:00:00Z,1.0,194.0,2021-12-29,MarketResult_SEM-DA_PWR-MRC-D+1_20211228110000_20211228113600.csv
2021-12-29T12:00:00Z,1.0,202.95,2021-12-29,MarketResult_SEM-DA_PWR-MRC-D+1_20211228110000_20211228113600.csv
2021-12-29T13:00:00Z,1.0,190.0,2021-12-29,MarketResult_SEM-DA_PWR-MRC-D+1_20211228110000_20211228113600.csv
2021-12-29T14:00:00Z,1.0,178.94,2021-12-29,MarketResult_SEM-DA_PWR-MRC-D+1_20211228110000_20211228113600.csv
2021-12-29T15:00:00Z,1.0,187.0,2021-12-29,MarketResult_SEM-DA_PWR-MRC-D+1_20211228110000_20211228113600.csv
2021-12-29T16:00:00Z,1.0,225.46,2021-12-29,MarketResult_SEM-DA_PWR-MRC-D+1_20211228110000_20211228113600.csv
2021-12-29T17:00:00Z,1.0,266.0,2021-12-29,MarketResult_SEM-DA_PWR-MRC-D+1_20211228110000_20211228113600.csv
2021-12-29T18:00:00Z,1.0,245.11,2021-12-29,MarketResult_SEM-DA_PWR-MRC-D+1_20211228110000_20211228113600.csv
2021-12-29T19:00:00Z,1.0,249.42,2021-12-29,MarketResult_SEM-DA_PWR-MRC-D+1_20211228110000_20211228113600.csv
2021-12-29T20:00:00Z,1.0,196.4,2021-12-29,MarketResult_SEM-DA_PWR-MRC-D+1_20211228110000_20211228113600.csv
2021-12-29T21:00:00Z,1.0,166.15,2021-12-29,MarketResult_SEM-DA_PWR-MRC-D+1_20211228110000_20211228113600.csv
2021-12-29T22:00:00Z,1.0,142.77,2021-12-29,MarketResult_SEM-DA_PWR-MRC-D+1_20211228110000_20211228113600.csv
2021-12-29T23:00:00Z,1.0,96.05,2021-12-30,MarketResult_SEM-DA_PWR-MRC-D+1_20211229110000_20211229113514.csv
2021-12-30T00:00:00Z,1.0,55.63,2021-12-30,MarketResult_SEM-DA_PWR-MRC-D+1_20211229110000_20211229113514.csv
2021-12-30T01:00:00Z,1.0,46.77,2021-12-30,MarketResult_SEM-DA_PWR-MRC-D+1_20211229110000_20211229113514.csv
2021-12-30T02:00:00Z,1.0,16.32,2021-12-30,MarketResult_SEM-DA_PWR-MRC-D+1_20211229110000_20211229113514.csv
2021-12-30T03:00:00Z,1.0,8.0,2021-12-30,MarketResult_SEM-DA_PWR-MRC-D+1_20211229110000_20211229113514.csv
2021-12-30T04:00:00Z,1.0,7.0,2021-12-30,MarketResult_SEM-DA_PWR-MRC-D+1_20211229110000_20211229113514.csv
2021-12-30T05:00:00Z,1.0,44.51,2021-12-30,MarketResult_SEM-DA_PWR-MRC-D+1_20211229110000_20211229113514.csv
2021-12-30T06:00:00Z,1.0,81.04,2021-12-30,MarketResult_SEM-DA_PWR-MRC-D+1_20211229110000_20211229113514.csv
2021-12-30T07:00:00Z,1.0,128.35,2021-12-30,MarketResult_SEM-DA_PWR-MRC-D+1_20211229110000_20211229113514.csv
2021-12-30T08:00:00Z,1.0,159.72,2021-12-30,MarketResult_SEM-DA_PWR-MRC-D+1_20211229110000_20211229113514.csv
2021-12-30T09:00:00Z,1.0,188.59,2021-12-30,MarketResult_SEM-DA_PWR-MRC-D+1_20211229110000_20211229113514.csv
2021-12-30T10:00:00Z,1.0,203.8,2021-12-30,MarketResult_SEM-DA_PWR-MRC-D+1_20211229110000_20211229113514.csv
2021-12-30T11:00:00Z,1.0,221.9,2021-12-30,MarketResult_SEM-DA_PWR-MRC-D+1_20211229110000_20211229113514.csv
2021-12-30T12:00:00Z,1.0,232.97,2021-12-30,MarketResult_SEM-DA_PWR-MRC-D+1_20211229110000_20211229113514.csv
2021-12-30T13:00:00Z,1.0,231.0,2021-12-30,MarketResult_SEM-DA_PWR-MRC-D+1_20211229110000_20211229113514.csv
2021-12-30T14:00:00Z,1.0,238.88,2021-12-30,MarketResult_SEM-DA_PWR-MRC-D+1_20211229110000_20211229113514.csv
2021-12-30T15:00:00Z,1.0,215.08,2021-12-30,MarketResult_SEM-DA_PWR-MRC-D+1_20211229110000_20211229113514.csv
2021-12-30T16:00:00Z,1.0,220.7,2021-12-30,MarketResult_SEM-DA_PWR-MRC-D+1_20211229110000_20211229113514.csv
2021-12-30T17:00:00Z,1.0,277.0,2021-12-30,MarketResult_SEM-DA_PWR-MRC-D+1_20211229110000_20211229113514.csv
2021-12-30T18:00:00Z,1.0,226.2,2021-12-30,MarketResult_SEM-DA_PWR-MRC-D+1_20211229110000_20211229113514.csv
2021-12-30T19:00:00Z,1.0,215.08,2021-12-30,MarketResult_SEM-DA_PWR-MRC-D+1_20211229110000_20211229113514.csv
2021-12-30T20:00:00Z,1.0,182.0,2021-12-30,MarketResult_SEM-DA_PWR-MRC-D+1_20211229110000_20211229113514.csv
2021-12-30T21:00:00Z,1.0,178.0,2021-12-30,MarketResult_SEM-DA_PWR-MRC-D+1_20211229110000_20211229113514.csv
2021-12-30T22:00:00Z,1.0,147.97,2021-12-30,MarketResult_SEM-DA_PWR-MRC-D+1_20211229110000_20211229113514.csv
2021-12-30T23:00:00Z,1.0,135.0,2021-12-31,MarketResult_SEM-DA_PWR-MRC-D+1_20211230110000_20211230113650.csv
2021-12-31T00:00:00Z,1.0,89.0,2021-12-31,MarketResult_SEM-DA_PWR-MRC-D+1_20211230110000_20211230113650.csv
2021-12-31T01:00:00Z,1.0,65.72,2021-12-31,MarketResult_SEM-DA_PWR-MRC-D+1_20211230110000_20211230113650.csv
2021-12-31T02:00:00Z,1.0,12.0,2021-12-31,MarketResult_SEM-DA_PWR-MRC-D+1_20211230110000_20211230113650.csv
2021-12-31T03:00:00Z,1.0,0.0,2021-12-31,MarketResult_SEM-DA_PWR-MRC-D+1_20211230110000_20211230113650.csv
2021-12-31T04:00:00Z,1.0,0.0,2021-12-31,MarketResult_SEM-DA_PWR-MRC-D+1_20211230110000_20211230113650.csv
2021-12-31T05:00:00Z,1.0,0.0,2021-12-31,MarketResult_SEM-DA_PWR-MRC-D+1_20211230110000_20211230113650.csv
2021-12-31T06:00:00Z,1.0,15.47,2021-12-31,MarketResult_SEM-DA_PWR-MRC-D+1_20211230110000_20211230113650.csv
2021-12-31T07:00:00Z,1.0,87.26,2021-12-31,MarketResult_SEM-DA_PWR-MRC-D+1_20211230110000_20211230113650.csv
2021-12-31T08:00:00Z,1.0,120.0,2021-12-31,MarketResult_SEM-DA_PWR-MRC-D+1_20211230110000_20211230113650.csv
2021-12-31T09:00:00Z,1.0,158.6,2021-12-31,MarketResult_SEM-DA_PWR-MRC-D+1_20211230110000_20211230113650.csv
2021-12-31T10:00:00Z,1.0,187.38,2021-12-31,MarketResult_SEM-DA_PWR-MRC-D+1_20211230110000_20211230113650.csv
2021-12-31T11:00:00Z,1.0,189.8,2021-12-31,MarketResult_SEM-DA_PWR-MRC-D+1_20211230110000_20211230113650.csv
2021-12-31T12:00:00Z,1.0,200.83,2021-12-31,MarketResult_SEM-DA_PWR-MRC-D+1_20211230110000_20211230113650.csv
2021-12-31T13:00:00Z,1.0,191.7,2021-12-31,MarketResult_SEM-DA_PWR-MRC-D+1_20211230110000_20211230113650.csv
2021-12-31T14:00:00Z,1.0,202.0,2021-12-31,MarketResult_SEM-DA_PWR-MRC-D+1_20211230110000_20211230113650.csv
2021-12-31T15:00:00Z,1.0,175.0,2021-12-31,MarketResult_SEM-DA_PWR-MRC-D+1_20211230110000_20211230113650.csv
2021-12-31T16:00:00Z,1.0,212.72,2021-12-31,MarketResult_SEM-DA_PWR-MRC-D+1_20211230110000_20211230113650.csv
2021-12-31T17:00:00Z,1.0,264.8,2021-12-31,MarketResult_SEM-DA_PWR-MRC-D+1_20211230110000_20211230113650.csv
2021-12-31T18:00:00Z,1.0,230.0,2021-12-31,MarketResult_SEM-DA_PWR-MRC-D+1_20211230110000_20211230113650.csv
2021-12-31T19:00:00Z,1.0,189.71,2021-12-31,MarketResult_SEM-DA_PWR-MRC-D+1_20211230110000_20211230113650.csv
2021-12-31T20:00:00Z,1.0,151.15,2021-12-31,MarketResult_SEM-DA_PWR-MRC-D+1_20211230110000_20211230113650.csv
2021-12-31T21:00:00Z,1.0,140.58,2021-12-31,MarketResult_SEM-DA_PWR-MRC-D+1_20211230110000_20211230113650.csv
2021-12-31T22:00:00Z,1.0,79.97,2021-12-31,MarketResult_SEM-DA_PWR-MRC-D+1_20211230110000_20211230113650.csv
