timestamp_utc,duration_hours,price_eur_mwh,market_date,source_file
2021-12-31T23:00:00Z,1.0,0.27,2022-01-01,MarketResult_SEM-DA_PWR-MRC-D+1_20211231110000_20211231113617.csv
2022-01-01T00:00:00Z,1.0,-0.01,2022-01-01,MarketResult_SEM-DA_PWR-MRC-D+1_20211231110000_20211231113617.csv
2022-01-01T01:00:00Z,1.0,0.27,2022-01-01,MarketResult_SEM-DA_PWR-MRC-D+1_20211231110000_20211231113617.csv
2022-01-01T02:00:00Z,1.0,-0.01,2022-01-01,MarketResult_SEM-DA_PWR-MRC-D+1_20211231110000_20211231113617.csv
2022-01-01T03:00:00Z,1.0,-0.01,2022-01-01,MarketResult_SEM-DA_PWR-MRC-D+1_20211231110000_20211231113617.csv
2022-01-01T04:00:00Z,1.0,-5.27,2022-01-01,MarketResult_SEM-DA_PWR-MRC-D+1_20211231110000_20211231113617.csv
2022-01-01T05:00:00Z,1.0,-14.4,2022-01-01,MarketResult_SEM-DA_PWR-MRC-D+1_20211231110000_20211231113617.csv
2022-01-01T06:00:00Z,1.0,-23.72,2022-01-01,MarketResult_SEM-DA_PWR-MRC-D+1_20211231110000_20211231113617.csv
2022-01-01T07:00:00Z,1.0,-16.5,2022-01-01,MarketResult_SEM-DA_PWR-MRC-D+1_20211231110000_20211231113617.csv
2022-01-01T08:00:00Z,1.0,0.0,2022-01-01,MarketResult_SEM-DA_PWR-MRC-D+1_20211231110000_20211231113617.csv
2022-01-01T09:00:00Z,1.0,0.01,2022-01-01,MarketResult_SEM-DA_PWR-MRC-D+1_20211231110000_20211231113617.csv
2022-01-01T10:00:00Z,1.0,54.1,2022-01-01,MarketResult_SEM-DA_PWR-MRC-D+1_20211231110000_20211231113617.csv
2022-01-01T11:00:00Z,1.0,80.7,2022-01-01,MarketResult_SEM-DA_PWR-MRC-D+1_20211231110000_20211231113617.csv
2022-01-01T12:00:00Z,1.0,112.47,2022-01-01,MarketResult_SEM-DA_PWR-MRC-D+1_20211231110000_20211231113617.csv
2022-01-01T13:00:00Z,1.0,121.0,2022-01-01,MarketResult_SEM-DA_PWR-MRC-D+1_20211231110000_20211231113617.csv
2022-01-01T14:00:00Z,1.0,123.88,2022-01-01,MarketResult_SEM-DA_PWR-MRC-D+1_20211231110000_20211231113617.csv
2022-01-01T15:00:00Z,1.0,120.0,2022-01-01,MarketResult_SEM-DA_PWR-MRC-D+1_20211231110000_20211231113617.csv
2022-01-01T16:00:00Z,1.0,141.83,2022-01-01,MarketResult_SEM-DA_PWR-MRC-D+1_20211231110000_20211231113617.csv
2022-01-01T17:00:00Z,1.0,237.51,2022-01-01,MarketResult_SEM-DA_PWR-MRC-D+1_20211231110000_20211231113617.csv
2022-01-01T18:00:00Z,1.0,188.6,2022-01-01,MarketResult_SEM-DA_PWR-MRC-D+1_20211231110000_20211231113617.csv
2022-01-01T19:00:00Z,1.0,162.0,2022-01-01,MarketResult_SEM-DA_PWR-MRC-D+1_20211231110000_20211231113617.csv
2022-01-01T20:00:00Z,1.0,147.3,2022-01-01,MarketResult_SEM-DA_PWR-MRC-D+1_20211231110000_20211231113617.csv
2022-01-01T21:00:00Z,1.0,123.2,2022-01-01,MarketResult_SEM-DA_PWR-MRC-D+1_20211231110000_20211231113617.csv
2022-01-01T22:00:00Z,1.0,99.0,2022-01-01,MarketResult_SEM-DA_PWR-MRC-D+1_20211231110000_20211231113617.csv
2022-01-01T23:00:00Z,1.0,78.91,2022-01-02,MarketResult_SEM-DA_PWR-MRC-D+1_20220101110000_20220101114245.csv
2022-01-02T00:00:00Z,1.0,60.0,2022-01-02,MarketResult_SEM-DA_PWR-MRC-D+1_20220101110000_20220101114245.csv
2022-01-02T01:00:00Z,1.0,43.73,2022-01-02,MarketResult_SEM-DA_PWR-MRC-D+1_20220101110000_20220101114245.csv
2022-01-02T02:00:00Z,1.0,14.0,2022-01-02,MarketResult_SEM-DA_PWR-MRC-D+1_20220101110000_20220101114245.csv
2022-01-02T03:00:00Z,1.0,0.0,2022-01-02,MarketResult_SEM-DA_PWR-MRC-D+1_20220101110000_20220101114245.csv
2022-01-02T04:00:00Z,1.0,-1.31,2022-01-02,MarketResult_SEM-DA_PWR-MRC-D+1_20220101110000_20220101114245.csv
2022-01-02T05:00:00Z,1.0,-5.0,2022-01-02,MarketResult_SEM-DA_PWR-MRC-D+1_20220101110000_20220101114245.csv
2022-01-02T06:00:00Z,1.0,-19.6,2022-01-02,MarketResult_SEM-DA_PWR-MRC-D+1_20220101110000_20220101114245.csv
2022-01-02T07:00:00Z,1.0,0.0,2022-01-02,MarketResult_SEM-DA_PWR-MRC-D+1_20220101110000_20220101114245.csv
2022-01-02T08:00:00Z,1.0,0.0,2022-01-02,MarketResult_SEM-DA_PWR-MRC-D+1_20220101110000_20220101114245.csv
2022-01-02T09:00:00Z,1.0,46.1,2022-01-02,MarketResult_SEM-DA_PWR-MRC-D+1_20220101110000_20220101114245.csv
2022-01-02T10:00:00Z,1.0,92.5,2022-01-02,MarketResult_SEM-DA_PWR-MRC-D+1_20220101110000_20220101114245.csv
2022-01-02T11:00:00Z,1.0,80.78,2022-01-02,MarketResult_SEM-DA_PWR-MRC-D+1_20220101110000_20220101114245.csv
2022-01-02T12:00:00Z,1.0,89.16,2022-01-02,MarketResult_SEM-DA_PWR-MRC-D+1_20220101110000_20220101114245.csv
2022-01-02T13:00:00Z,1.0,85.13,2022-01-02,MarketResult_SEM-DA_PWR-MRC-D+1_20220101110000_20220101114245.csv
2022-01-02T14:00:00Z,1.0,96.0,2022-01-02,MarketResult_SEM-DA_PWR-MRC-D+1_20220101110000_20220101114245.csv
2022-01-02T15:00:00Z,1.0,56.83,2022-01-02,MarketResult_SEM-DA_PWR-MRC-D+1_20220101110000_20220101114245.csv
2022-01-02T16:00:00Z,1.0,120.0,2022-01-02,MarketResult_SEM-DA_PWR-MRC-D+1_20220101110000_20220101114245.csv
2022-01-02T17:00:00Z,1.0,162.0,2022-01-02,MarketResult_SEM-DA_PWR-MRC-D+1_20220101110000_20220101114245.csv
2022-01-02T18:00:00Z,1.0,133.02,2022-01-02,MarketResult_SEM-DA_PWR-MRC-D+1_20220101110000_20220101114245.csv
2022-01-02T19:00:00Z,1.0,99.74,2022-01-02,MarketResult_SEM-DA_PWR-MRC-D+1_20220101110000_20220101114245.csv
2022-01-02T20:00:00Z,1.0,79.0,2022-01-02,MarketResult_SEM-DA_PWR-MRC-D+1_20220101110000_20220101114245.csv
2022-01-02T21:00:00Z,1.0,88.91,2022-01-02,MarketResult_SEM-DA_PWR-MRC-D+1_20220101110000_20220101114245.csv
2022-01-02T22:00:00Z,1.0,0.0,2022-01-02,MarketResult_SEM-DA_PWR-MRC-D+1_20220101110000_20220101114245.csv
2022-01-02T23:00:00Z,1.0,-10.1,2022-01-03,MarketResult_SEM-DA_PWR-MRC-D+1_20220102110000_20220102113632.csv
2022-01-03T00:00:00Z,1.0,-10.0,2022-01-03,MarketResult_SEM-DA_PWR-MRC-D+1_20220102110000_20220102113632.csv
2022-01-03T01:00:00Z,1.0,-10.0,2022-01-03,MarketResult_SEM-DA_PWR-MRC-D+1_20220102110000_20220102113632.csv
2022-01-03T02:00:00Z,1.0,-18.88,2022-01-03,MarketResult_SEM-DA_PWR-MRC-D+1_20220102110000_20220102113632.csv
2022-01-03T03:00:00Z,1.0,-25.78,2022-01-03,MarketResult_SEM-DA_PWR-MRC-D+1_20220102110000_20220102113632.csv
2022-01-03T04:00:00Z,1.0,-19.7,2022-01-03,MarketResult_SEM-DA_PWR-MRC-D+1_20220102110000_20220102113632.csv
2022-01-03T05:00:00Z,1.0,0.0,2022-01-03,MarketResult_SEM-DA_PWR-MRC-D+1_20220102110000_20220102113632.csv
2022-01-03T06:00:00Z,1.0,4.0,2022-01-03,MarketResult_SEM-DA_PWR-MRC-D+1_20220102110000_20220102113632.csv
2022-01-03T07:00:00Z,1.0,23.6,2022-01-03,MarketResult_SEM-DA_PWR-MRC-D+1_20220102110000_20220102113632.csv
2022-01-03T08:00:00Z,1.0,58.26,2022-01-03,MarketResult_SEM-DA_PWR-MRC-D+1_20220102110000_20220102113632.csv
2022-01-03T09:00:00Z,1.0,82.17,2022-01-03,MarketResult_SEM-DA_PWR-MRC-D+1_20220102110000_20220102113632.csv
2022-01-03T10:00:00Z,1.0,102.2,2022-01-03,MarketResult_SEM-DA_PWR-MRC-D+1_20220102110000_20220102113632.csv
2022-01-03T11:00:00Z,1.0,112.12,2022-01-03,MarketResult_SEM-DA_PWR-MRC-D+1_20220102110000_20220102113632.csv
2022-01-03T12:00:00Z,1.0,125.0,2022-01-03,MarketResult_SEM-DA_PWR-MRC-D+1_20220102110000_20220102113632.csv
2022-01-03T13:00:00Z,1.0,134.0,2022-01-03,MarketResult_SEM-DA_PWR-MRC-D+1_20220102110000_20220102113632.csv
2022-01-03T14:00:00Z,1.0,136.0,2022-01-03,MarketResult_SEM-DA_PWR-MRC-D+1_20220102110000_20220102113632.csv
2022-01-03T15:00:00Z,1.0,137.0,2022-01-03,MarketResult_SEM-DA_PWR-MRC-D+1_20220102110000_20220102113632.csv
2022-01-03T16:00:00Z,1.0,179.49,2022-01-03,MarketResult_SEM-DA_PWR-MRC-D+1_20220102110000_20220102113632.csv
2022-01-03T17:00:00Z,1.0,251.91,2022-01-03,MarketResult_SEM-DA_PWR-MRC-D+1_20220102110000_20220102113632.csv
2022-01-03T18:00:00Z,1.0,220.92,2022-01-03,MarketResult_SEM-DA_PWR-MRC-D+1_20220102110000_20220102113632.csv
2022-01-03T19:00:00Z,1.0,184.08,2022-01-03,MarketResult_SEM-DA_PWR-MRC-D+1_20220102110000_20220102113632.csv
2022-01-03T20:00:00Z,1.0,154.56,2022-01-03,MarketResult_SEM-DA_PWR-MRC-D+1_20220102110000_20220102113632.csv
2022-01-03T21:00:00Z,1.0,149.44,2022-01-03,MarketResult_SEM-DA_PWR-MRC-D+1_20220102110000_20220102113632.csv
2022-01-03T22:00:00Z,1.0,120.24,2022-01-03,MarketResult_SEM-DA_PWR-MRC-D+1_20220102110000_20220102113632.csv
2022-01-03T23:00:00Z,1.0,129.7,2022-01-04,MarketResult_SEM-DA_PWR-MRC-D+1_20220103110000_20220103113620.csv
2022-01-04T00:00:00Z,1.0,138.18,2022-01-04,MarketResult_SEM-DA_PWR-MRC-D+1_20220103110000_20220103113620.csv
2022-01-04T01:00:00Z,1.0,143.0,2022-01-04,MarketResult_SEM-DA_PWR-MRC-D+1_20220103110000_20220103113620.csv
2022-01-04T02:00:00Z,1.0,128.71,2022-01-04,MarketResult_SEM-DA_PWR-MRC-D+1_20220103110000_20220103113620.csv
2022-01-04T03:00:00Z,1.0,112.3,2022-01-04,MarketResult_SEM-DA_PWR-MRC-D+1_20220103110000_20220103113620.csv
2022-01-04T04:00:00Z,1.0,120.0,2022-01-04,MarketResult_SEM-DA_PWR-MRC-D+1_20220103110000_20220103113620.csv
2022-01-04T05:00:00Z,1.0,129.96,2022-01-04,MarketResult_SEM-DA_PWR-MRC-D+1_20220103110000_20220103113620.csv
2022-01-04T06:00:00Z,1.0,184.74,2022-01-04,MarketResult_SEM-DA_PWR-MRC-D+1_20220103110000_20220103113620.csv
2022-01-04T07:00:00Z,1.0,277.0,2022-01-04,MarketResult_SEM-DA_PWR-MRC-D+1_20220103110000_20220103113620.csv
2022-01-04T08:00:00Z,1.0,233.0,2022-01-04,MarketResult_SEM-DA_PWR-MRC-D+1_20220103110000_20220103113620.csv
2022-01-04T09:00:00Z,1.0,201.78,2022-01-04,MarketResult_SEM-DA_PWR-MRC-D+1_20220103110000_20220103113620.csv
2022-01-04T10:00:00Z,1.0,199.35,2022-01-04,MarketResult_SEM-DA_PWR-MRC-D+1_20220103110000_20220103113620.csv
2022-01-04T11:00:00Z,1.0,197.0,2022-01-04,MarketResult_SEM-DA_PWR-MRC-D+1_20220103110000_20220103113620.csv
2022-01-04T12:00:00Z,1.0,191.7,2022-01-04,MarketResult_SEM-DA_PWR-MRC-D+1_20220103110000_20220103113620.csv
2022-01-04T13:00:00Z,1.0,182.41,2022-01-04,MarketResult_SEM-DA_PWR-MRC-D+1_20220103110000_20220103113620.csv
2022-01-04T14:00:00Z,1.0,179.33,2022-01-04,MarketResult_SEM-DA_PWR-MRC-D+1_20220103110000_20220103113620.csv
2022-01-04T15:00:00Z,1.0,179.0,2022-01-04,MarketResult_SEM-DA_PWR-MRC-D+1_20220103110000_20220103113620.csv
2022-01-04T16:00:00Z,1.0,212.0,2022-01-04,MarketResult_SEM-DA_PWR-MRC-D+1_20220103110000_20220103113620.csv
2022-01-04T17:00:00Z,1.0,248.0,2022-01-04,MarketResult_SEM-DA_PWR-MRC-D+1_20220103110000_20220103113620.csv
2022-01-04T18:00:00Z,1.0,241.1,2022-01-04,MarketResult_SEM-DA_PWR-MRC-D+1_20220103110000_20220103113620.csv
2022-01-04T19:00:00Z,1.0,221.0,2022-01-04,MarketResult_SEM-DA_PWR-MRC-D+1_20220103110000_20220103113620.csv
2022-01-04T20:00:00Z,1.0,180.49,2022-01-04,MarketResult_SEM-DA_PWR-MRC-D+1_20220103110000_20220103113620.csv
2022-01-04T21:00:00Z,1.0,180.0,2022-01-04,MarketResult_SEM-DA_PWR-MRC-D+1_20220103110000_20220103113620.csv
2022-01-04T22:00:00Z,1.0,136.0,2022-01-04,MarketResult_SEM-DA_PWR-MRC-D+1_20220103110000_20220103113620.csv
2022-01-04T23:00:00Z,1.0,197.17,2022-01-05,MarketResult_SEM-DA_PWR-MRC-D+1_20220104110000_20220104113559.csv
2022-01-05T00:00:00Z,1.0,197.17,2022-01-05,MarketResult_SEM-DA_PWR-MRC-D+1_20220104110000_20220104113559.csv
2022-01-05T01:00:00Z,1.0,195.0,2022-01-05,MarketResult_SEM-DA_PWR-MRC-D+1_20220104110000_20220104113559.csv
2022-01-05T02:00:00Z,1.0,173.0,2022-01-05,MarketResult_SEM-DA_PWR-MRC-D+1_20220104110000_20220104113559.csv
2022-01-05T03:00:00Z,1.0,172.0,2022-01-05,MarketResult_SEM-DA_PWR-MRC-D+1_20220104110000_20220104113559.csv
2022-01-05T04:00:00Z,1.0,187.59,2022-01-05,MarketResult_SEM-DA_PWR-MRC-D+1_20220104110000_20220104113559.csv
2022-01-05T05:00:00Z,1.0,195.0,2022-01-05,MarketResult_SEM-DA_PWR-MRC-D+1_20220104110000_20220104113559.csv
2022-01-05T06:00:00Z,1.0,241.41,2022-01-05,MarketResult_SEM-DA_PWR-MRC-D+1_20220104110000_20220104113559.csv
2022-01-05T07:00:00Z,1.0,231.0,2022-01-05,MarketResult_SEM-DA_PWR-MRC-D+1_20220104110000_20220104113559.csv
2022-01-05T08:00:00Z,1.0,235.0,2022-01-05,MarketResult_SEM-DA_PWR-MRC-D+1_20220104110000_20220104113559.csv
2022-01-05T09:00:00Z,1.0,255.47,2022-01-05,MarketResult_SEM-DA_PWR-MRC-D+1_20220104110000_20220104113559.csv
2022-01-05T10:00:00Z,1.0,235.87,2022-01-05,MarketResult_SEM-DA_PWR-MRC-D+1_20220104110000_20220104113559.csv
2022-01-05T11:00:00Z,1.0,235.26,2022-01-05,MarketResult_SEM-DA_PWR-MRC-D+1_20220104110000_20220104113559.csv
2022-01-05T12:00:00Z,1.0,235.26,2022-01-05,MarketResult_SEM-DA_PWR-MRC-D+1_20220104110000_20220104113559.csv
2022-01-05T13:00:00Z,1.0,244.0,2022-01-05,MarketResult_SEM-DA_PWR-MRC-D+1_20220104110000_20220104113559.csv
2022-01-05T14:00:00Z,1.0,246.0,2022-01-05,MarketResult_SEM-DA_PWR-MRC-D+1_20220104110000_20220104113559.csv
2022-01-05T15:00:00Z,1.0,260.26,2022-01-05,MarketResult_SEM-DA_PWR-MRC-D+1_20220104110000_20220104113559.csv
2022-01-05T16:00:00Z,1.0,288.82,2022-01-05,MarketResult_SEM-DA_PWR-MRC-D+1_20220104110000_20220104113559.csv
2022-01-05T17:00:00Z,1.0,350.0,2022-01-05,MarketResult_SEM-DA_PWR-MRC-D+1_20220104110000_20220104113559.csv
2022-01-05T18:00:00Z,1.0,323.7,2022-01-05,MarketResult_SEM-DA_PWR-MRC-D+1_20220104110000_20220104113559.csv
2022-01-05T19:00:00Z,1.0,311.87,2022-01-05,MarketResult_SEM-DA_PWR-MRC-D+1_20220104110000_20220104113559.csv
2022-01-05T20:00:00Z,1.0,225.0,2022-01-05,MarketResult_SEM-DA_PWR-MRC-D+1_20220104110000_20220104113559.csv
2022-01-05T21:00:00Z,1.0,209.0,2022-01-05,MarketResult_SEM-DA_PWR-MRC-D+1_20220104110000_20220104113559.csv
2022-01-05T22:00:00Z,1.0,195.0,2022-01-05,MarketResult_SEM-DA_PWR-MRC-D+1_20220104110000_20220104113559.csv
2022-01-05T23:00:00Z,1.0,229.44,2022-01-06,MarketResult_SEM-DA_PWR-MRC-D+1_20220105110000_20220105113818.csv
2022-01-06T00:00:00Z,1.0,221.89,2022-01-06,MarketResult_SEM-DA_PWR-MRC-D+1_20220105110000_20220105113818.csv
2022-01-06T01:00:00Z,1.0,187.6,2022-01-06,MarketResult_SEM-DA_PWR-MRC-D+1_20220105110000_20220105113818.csv
2022-01-06T02:00:00Z,1.0,138.6,2022-01-06,MarketResult_SEM-DA_PWR-MRC-D+1_20220105110000_20220105113818.csv
2022-01-06T03:00:00Z,1.0,89.0,2022-01-06,MarketResult_SEM-DA_PWR-MRC-D+1_20220105110000_20220105113818.csv
2022-01-06T04:00:00Z,1.0,80.0,2022-01-06,MarketResult_SEM-DA_PWR-MRC-D+1_20220105110000_20220105113818.csv
2022-01-06T05:00:00Z,1.0,78.36,2022-01-06,MarketResult_SEM-DA_PWR-MRC-D+1_20220105110000_20220105113818.csv
2022-01-06T06:00:00Z,1.0,99.0,2022-01-06,MarketResult_SEM-DA_PWR-MRC-D+1_20220105110000_20220105113818.csv
2022-01-06T07:00:00Z,1.0,173.31,2022-01-06,MarketResult_SEM-DA_PWR-MRC-D+1_20220105110000_20220105113818.csv
2022-01-06T08:00:00Z,1.0,223.71,2022-01-06,MarketResult_SEM-DA_PWR-MRC-D+1_20220105110000_20220105113818.csv
2022-01-06T09:00:00Z,1.0,227.0,2022-01-06,MarketResult_SEM-DA_PWR-MRC-D+1_20220105110000_20220105113818.csv
2022-01-06T10:00:00Z,1.0,222.03,2022-01-06,MarketResult_SEM-DA_PWR-MRC-D+1_20220105110000_20220105113818.csv
2022-01-06T11:00:00Z,1.0,223.71,2022-01-06,MarketResult_SEM-DA_PWR-MRC-D+1_20220105110000_20220105113818.csv
2022-01-06T12:00:00Z,1.0,223.71,2022-01-06,MarketResult_SEM-DA_PWR-MRC-D+1_20220105110000_20220105113818.csv
2022-01-06T13:00:00Z,1.0,223.71,2022-01-06,MarketResult_SEM-DA_PWR-MRC-D+1_20220105110000_20220105113818.csv
2022-01-06T14:00:00Z,1.0,228.53,2022-01-06,MarketResult_SEM-DA_PWR-MRC-D+1_20220105110000_20220105113818.csv
2022-01-06T15:00:00Z,1.0,228.53,2022-01-06,MarketResult_SEM-DA_PWR-MRC-D+1_20220105110000_20220105113818.csv
2022-01-06T16:00:00Z,1.0,251.36,2022-01-06,MarketResult_SEM-DA_PWR-MRC-D+1_20220105110000_20220105113818.csv
2022-01-06T17:00:00Z,1.0,263.0,2022-01-06,MarketResult_SEM-DA_PWR-MRC-D+1_20220105110000_20220105113818.csv
2022-01-06T18:00:00Z,1.0,257.29,2022-01-06,MarketResult_SEM-DA_PWR-MRC-D+1_20220105110000_20220105113818.csv
2022-01-06T19:00:00Z,1.0,243.7,2022-01-06,MarketResult_SEM-DA_PWR-MRC-D+1_20220105110000_20220105113818.csv
2022-01-06T20:00:00Z,1.0,228.53,2022-01-06,MarketResult_SEM-DA_PWR-MRC-D+1_20220105110000_20220105113818.csv
2022-01-06T21:00:00Z,1.0,214.4,2022-01-06,MarketResult_SEM-DA_PWR-MRC-D+1_20220105110000_20220105113818.csv
2022-01-06T22:00:00Z,1.0,193.88,2022-01-06,MarketResult_SEM-DA_PWR-MRC-D+1_20220105110000_20220105113818.csv
2022-01-06T23:00:00Z,1.0,189.43,2022-01-07,MarketResult_SEM-DA_PWR-MRC-D+1_20220106110000_20220106113830.csv
2022-01-07T00:00:00Z,1.0,172.24,2022-01-07,MarketResult_SEM-DA_PWR-MRC-D+1_20220106110000_20220106113830.csv
2022-01-07T01:00:00Z,1.0,155.0,2022-01-07,MarketResult_SEM-DA_PWR-MRC-D+1_20220106110000_20220106113830.csv
2022-01-07T02:00:00Z,1.0,147.65,2022-01-07,MarketResult_SEM-DA_PWR-MRC-D+1_20220106110000_20220106113830.csv
2022-01-07T03:00:00Z,1.0,140.2,2022-01-07,MarketResult_SEM-DA_PWR-MRC-D+1_20220106110000_20220106113830.csv
2022-01-07T04:00:00Z,1.0,149.95,2022-01-07,MarketResult_SEM-DA_PWR-MRC-D+1_20220106110000_20220106113830.csv
2022-01-07T05:00:00Z,1.0,162.04,2022-01-07,MarketResult_SEM-DA_PWR-MRC-D+1_20220106110000_20220106113830.csv
2022-01-07T06:00:00Z,1.0,206.99,2022-01-07,MarketResult_SEM-DA_PWR-MRC-D+1_20220106110000_20220106113830.csv
2022-01-07T07:00:00Z,1.0,216.58,2022-01-07,MarketResult_SEM-DA_PWR-MRC-D+1_20220106110000_20220106113830.csv
2022-01-07T08:00:00Z,1.0,246.16,2022-01-07,MarketResult_SEM-DA_PWR-MRC-D+1_20220106110000_20220106113830.csv
2022-01-07T09:00:00Z,1.0,254.43,2022-01-07,MarketResult_SEM-DA_PWR-MRC-D+1_20220106110000_20220106113830.csv
2022-01-07T10:00:00Z,1.0,244.53,2022-01-07,MarketResult_SEM-DA_PWR-MRC-D+1_20220106110000_20220106113830.csv
2022-01-07T11:00:00Z,1.0,246.56,2022-01-07,MarketResult_SEM-DA_PWR-MRC-D+1_20220106110000_20220106113830.csv
2022-01-07T12:00:00Z,1.0,253.53,2022-01-07,MarketResult_SEM-DA_PWR-MRC-D+1_20220106110000_20220106113830.csv
2022-01-07T13:00:00Z,1.0,229.54,2022-01-07,MarketResult_SEM-DA_PWR-MRC-D+1_20220106110000_20220106113830.csv
2022-01-07T14:00:00Z,1.0,224.69,2022-01-07,MarketResult_SEM-DA_PWR-MRC-D+1_20220106110000_20220106113830.csv
2022-01-07T15:00:00Z,1.0,243.71,2022-01-07,MarketResult_SEM-DA_PWR-MRC-D+1_20220106110000_20220106113830.csv
2022-01-07T16:00:00Z,1.0,264.77,2022-01-07,MarketResult_SEM-DA_PWR-MRC-D+1_20220106110000_20220106113830.csv
2022-01-07T17:00:00Z,1.0,310.88,2022-01-07,MarketResult_SEM-DA_PWR-MRC-D+1_20220106110000_20220106113830.csv
2022-01-07T18:00:00Z,1.0,305.0,2022-01-07,MarketResult_SEM-DA_PWR-MRC-D+1_20220106110000_20220106113830.csv
2022-01-07T19:00:00Z,1.0,295.01,2022-01-07,MarketResult_SEM-DA_PWR-MRC-D+1_20220106110000_20220106113830.csv
2022-01-07T20:00:00Z,1.0,249.0,2022-01-07,MarketResult_SEM-DA_PWR-MRC-D+1_20220106110000_20220106113830.csv
2022-01-07T21:00:00Z,1.0,216.0,2022-01-07,MarketResult_SEM-DA_PWR-MRC-D+1_20220106110000_20220106113830.csv
2022-01-07T22:00:00Z,1.0,193.6,2022-01-07,MarketResult_SEM-DA_PWR-MRC-D+1_20220106110000_20220106113830.csv
2022-01-07T23:00:00Z,1.0,249.18,2022-01-08,MarketResult_SEM-DA_PWR-MRC-D+1_20220107110000_20220107113751.csv
2022-01-08T00:00:00Z,1.0,202.18,2022-01-08,MarketResult_SEM-DA_PWR-MRC-D+1_20220107110000_20220107113751.csv
2022-01-08T01:00:00Z,1.0,154.48,2022-01-08,MarketResult_SEM-DA_PWR-MRC-D+1_20220107110000_20220107113751.csv
2022-01-08T02:00:00Z,1.0,120.04,2022-01-08,MarketResult_SEM-DA_PWR-MRC-D+1_20220107110000_20220107113751.csv
2022-01-08T03:00:00Z,1.0,85.0,2022-01-08,MarketResult_SEM-DA_PWR-MRC-D+1_20220107110000_20220107113751.csv
2022-01-08T04:00:00Z,1.0,84.74,2022-01-08,MarketResult_SEM-DA_PWR-MRC-D+1_20220107110000_20220107113751.csv
2022-01-08T05:00:00Z,1.0,84.74,2022-01-08,MarketResult_SEM-DA_PWR-MRC-D+1_20220107110000_20220107113751.csv
2022-01-08T06:00:00Z,1.0,101.83,2022-01-08,MarketResult_SEM-DA_PWR-MRC-D+1_20220107110000_20220107113751.csv
2022-01-08T07:00:00Z,1.0,164.61,2022-01-08,MarketResult_SEM-DA_PWR-MRC-D+1_20220107110000_20220107113751.csv
2022-01-08T08:00:00Z,1.0,190.0,2022-01-08,MarketResult_SEM-DA_PWR-MRC-D+1_20220107110000_20220107113751.csv
2022-01-08T09:00:00Z,1.0,205.0,2022-01-08,MarketResult_SEM-DA_PWR-MRC-D+1_20220107110000_20220107113751.csv
2022-01-08T10:00:00Z,1.0,214.83,2022-01-08,MarketResult_SEM-DA_PWR-MRC-D+1_20220107110000_20220107113751.csv
2022-01-08T11:00:00Z,1.0,220.0,2022-01-08,MarketResult_SEM-DA_PWR-MRC-D+1_20220107110000_20220107113751.csv
2022-01-08T12:00:00Z,1.0,237.0,2022-01-08,MarketResult_SEM-DA_PWR-MRC-D+1_20220107110000_20220107113751.csv
2022-01-08T13:00:00Z,1.0,211.14,2022-01-08,MarketResult_SEM-DA_PWR-MRC-D+1_20220107110000_20220107113751.csv
2022-01-08T14:00:00Z,1.0,199.0,2022-01-08,MarketResult_SEM-DA_PWR-MRC-D+1_20220107110000_20220107113751.csv
2022-01-08T15:00:00Z,1.0,192.87,2022-01-08,MarketResult_SEM-DA_PWR-MRC-D+1_20220107110000_20220107113751.csv
2022-01-08T16:00:00Z,1.0,227.53,2022-01-08,MarketResult_SEM-DA_PWR-MRC-D+1_20220107110000_20220107113751.csv
2022-01-08T17:00:00Z,1.0,283.44,2022-01-08,MarketResult_SEM-DA_PWR-MRC-D+1_20220107110000_20220107113751.csv
2022-01-08T18:00:00Z,1.0,265.0,2022-01-08,MarketResult_SEM-DA_PWR-MRC-D+1_20220107110000_20220107113751.csv
2022-01-08T19:00:00Z,1.0,221.0,2022-01-08,MarketResult_SEM-DA_PWR-MRC-D+1_20220107110000_20220107113751.csv
2022-01-08T20:00:00Z,1.0,197.0,2022-01-08,MarketResult_SEM-DA_PWR-MRC-D+1_20220107110000_20220107113751.csv
2022-01-08T21:00:00Z,1.0,192.87,2022-01-08,MarketResult_SEM-DA_PWR-MRC-D+1_20220107110000_20220107113751.csv
2022-01-08T22:00:00Z,1.0,153.73,2022-01-08,MarketResult_SEM-DA_PWR-MRC-D+1_20220107110000_20220107113751.csv
2022-01-08T23:00:00Z,1.0,185.0,2022-01-09,MarketResult_SEM-DA_PWR-MRC-D+1_20220108110000_20220108113909.csv
2022-01-09T00:00:00Z,1.0,161.82,2022-01-09,MarketResult_SEM-DA_PWR-MRC-D+1_20220108110000_20220108113909.csv
2022-01-09T01:00:00Z,1.0,134.63,2022-01-09,MarketResult_SEM-DA_PWR-MRC-D+1_20220108110000_20220108113909.csv
2022-01-09T02:00:00Z,1.0,103.89,2022-01-09,MarketResult_SEM-DA_PWR-MRC-D+1_20220108110000_20220108113909.csv
2022-01-09T03:00:00Z,1.0,85.0,2022-01-09,MarketResult_SEM-DA_PWR-MRC-D+1_20220108110000_20220108113909.csv
2022-01-09T04:00:00Z,1.0,80.01,2022-01-09,MarketResult_SEM-DA_PWR-MRC-D+1_20220108110000_20220108113909.csv
2022-01-09T05:00:00Z,1.0,85.0,2022-01-09,MarketResult_SEM-DA_PWR-MRC-D+1_20220108110000_20220108113909.csv
2022-01-09T06:00:00Z,1.0,106.0,2022-01-09,MarketResult_SEM-DA_PWR-MRC-D+1_20220108110000_20220108113909.csv
2022-01-09T07:00:00Z,1.0,94.69,2022-01-09,MarketResult_SEM-DA_PWR-MRC-D+1_20220108110000_20220108113909.csv
2022-01-09T08:00:00Z,1.0,154.98,2022-01-09,MarketResult_SEM-DA_PWR-MRC-D+1_20220108110000_20220108113909.csv
2022-01-09T09:00:00Z,1.0,166.82,2022-01-09,MarketResult_SEM-DA_PWR-MRC-D+1_20220108110000_20220108113909.csv
2022-01-09T10:00:00Z,1.0,172.5,2022-01-09,MarketResult_SEM-DA_PWR-MRC-D+1_20220108110000_20220108113909.csv
2022-01-09T11:00:00Z,1.0,185.1,2022-01-09,MarketResult_SEM-DA_PWR-MRC-D+1_20220108110000_20220108113909.csv
2022-01-09T12:00:00Z,1.0,208.53,2022-01-09,MarketResult_SEM-DA_PWR-MRC-D+1_20220108110000_20220108113909.csv
2022-01-09T13:00:00Z,1.0,210.4,2022-01-09,MarketResult_SEM-DA_PWR-MRC-D+1_20220108110000_20220108113909.csv
2022-01-09T14:00:00Z,1.0,210.0,2022-01-09,MarketResult_SEM-DA_PWR-MRC-D+1_20220108110000_20220108113909.csv
2022-01-09T15:00:00Z,1.0,195.08,2022-01-09,MarketResult_SEM-DA_PWR-MRC-D+1_20220108110000_20220108113909.csv
2022-01-09T16:00:00Z,1.0,288.0,2022-01-09,MarketResult_SEM-DA_PWR-MRC-D+1_20220108110000_20220108113909.csv
2022-01-09T17:00:00Z,1.0,343.0,2022-01-09,MarketResult_SEM-DA_PWR-MRC-D+1_20220108110000_20220108113909.csv
2022-01-09T18:00:00Z,1.0,298.0,2022-01-09,MarketResult_SEM-DA_PWR-MRC-D+1_20220108110000_20220108113909.csv
2022-01-09T19:00:00Z,1.0,249.89,2022-01-09,MarketResult_SEM-DA_PWR-MRC-D+1_20220108110000_20220108113909.csv
2022-01-09T20:00:00Z,1.0,239.0,2022-01-09,MarketResult_SEM-DA_PWR-MRC-D+1_20220108110000_20220108113909.csv
2022-01-09T21:00:00Z,1.0,211.0,2022-01-09,MarketResult_SEM-DA_PWR-MRC-D+1_20220108110000_20220108113909.csv
2022-01-09T22:00:00Z,1.0,211.95,2022-01-09,MarketResult_SEM-DA_PWR-MRC-D+1_20220108110000_20220108113909.csv
2022-01-09T23:00:00Z,1.0,213.0,2022-01-10,MarketResult_SEM-DA_PWR-MRC-D+1_20220109110000_20220109113757.csv
2022-01-10T00:00:00Z,1.0,201.37,2022-01-10,MarketResult_SEM-DA_PWR-MRC-D+1_20220109110000_20220109113757.csv
2022-01-10T01:00:00Z,1.0,185.55,2022-01-10,MarketResult_SEM-DA_PWR-MRC-D+1_20220109110000_20220109113757.csv
2022-01-10T02:00:00Z,1.0,175.09,2022-01-10,MarketResult_SEM-DA_PWR-MRC-D+1_20220109110000_20220109113757.csv
2022-01-10T03:00:00Z,1.0,170.0,2022-01-10,MarketResult_SEM-DA_PWR-MRC-D+1_20220109110000_20220109113757.csv
2022-01-10T04:00:00Z,1.0,182.32,2022-01-10,MarketResult_SEM-DA_PWR-MRC-D+1_20220109110000_20220109113757.csv
2022-01-10T05:00:00Z,1.0,199.0,2022-01-10,MarketResult_SEM-DA_PWR-MRC-D+1_20220109110000_20220109113757.csv
2022-01-10T06:00:00Z,1.0,226.0,2022-01-10,MarketResult_SEM-DA_PWR-MRC-D+1_20220109110000_20220109113757.csv
2022-01-10T07:00:00Z,1.0,241.0,2022-01-10,MarketResult_SEM-DA_PWR-MRC-D+1_20220109110000_20220109113757.csv
2022-01-10T08:00:00Z,1.0,260.0,2022-01-10,MarketResult_SEM-DA_PWR-MRC-D+1_20220109110000_20220109113757.csv
2022-01-10T09:00:00Z,1.0,240.0,2022-01-10,MarketResult_SEM-DA_PWR-MRC-D+1_20220109110000_20220109113757.csv
2022-01-10T10:00:00Z,1.0,240.14,2022-01-10,MarketResult_SEM-DA_PWR-MRC-D+1_20220109110000_20220109113757.csv
2022-01-10T11:00:00Z,1.0,243.97,2022-01-10,MarketResult_SEM-DA_PWR-MRC-D+1_20220109110000_20220109113757.csv
2022-01-10T12:00:00Z,1.0,233.12,2022-01-10,MarketResult_SEM-DA_PWR-MRC-D+1_20220109110000_20220109113757.csv
2022-01-10T13:00:00Z,1.0,235.0,2022-01-10,MarketResult_SEM-DA_PWR-MRC-D+1_20220109110000_20220109113757.csv
2022-01-10T14:00:00Z,1.0,225.0,2022-01-10,MarketResult_SEM-DA_PWR-MRC-D+1_20220109110000_20220109113757.csv
2022-01-10T15:00:00Z,1.0,230.0,2022-01-10,MarketResult_SEM-DA_PWR-MRC-D+1_20220109110000_20220109113757.csv
2022-01-10T16:00:00Z,1.0,280.01,2022-01-10,MarketResult_SEM-DA_PWR-MRC-D+1_20220109110000_20220109113757.csv
2022-01-10T17:00:00Z,1.0,313.7,2022-01-10,MarketResult_SEM-DA_PWR-MRC-D+1_20220109110000_20220109113757.csv
2022-01-10T18:00:00Z,1.0,299.0,2022-01-10,MarketResult_SEM-DA_PWR-MRC-D+1_20220109110000_20220109113757.csv
2022-01-10T19:00:00Z,1.0,275.0,2022-01-10,MarketResult_SEM-DA_PWR-MRC-D+1_20220109110000_20220109113757.csv
2022-01-10T20:00:00Z,1.0,240.99,2022-01-10,MarketResult_SEM-DA_PWR-MRC-D+1_20220109110000_20220109113757.csv
2022-01-10T21:00:00Z,1.0,223.83,2022-01-10,MarketResult_SEM-DA_PWR-MRC-D+1_20220109110000_20220109113757.csv
2022-01-10T22:00:00Z,1.0,205.0,2022-01-10,MarketResult_SEM-DA_PWR-MRC-D+1_20220109110000_20220109113757.csv
2022-01-10T23:00:00Z,1.0,221.32,2022-01-11,MarketResult_SEM-DA_PWR-MRC-D+1_20220110110000_20220110113716.csv
2022-01-11T00:00:00Z,1.0,215.0,2022-01-11,MarketResult_SEM-DA_PWR-MRC-D+1_20220110110000_20220110113716.csv
2022-01-11T01:00:00Z,1.0,210.0,2022-01-11,MarketResult_SEM-DA_PWR-MRC-D+1_20220110110000_20220110113716.csv
2022-01-11T02:00:00Z,1.0,208.23,2022-01-11,MarketResult_SEM-DA_PWR-MRC-D+1_20220110110000_20220110113716.csv
2022-01-11T03:00:00Z,1.0,208.0,2022-01-11,MarketResult_SEM-DA_PWR-MRC-D+1_20220110110000_20220110113716.csv
2022-01-11T04:00:00Z,1.0,208.23,2022-01-11,MarketResult_SEM-DA_PWR-MRC-D+1_20220110110000_20220110113716.csv
2022-01-11T05:00:00Z,1.0,219.37,2022-01-11,MarketResult_SEM-DA_PWR-MRC-D+1_20220110110000_20220110113716.csv
2022-01-11T06:00:00Z,1.0,213.74,2022-01-11,MarketResult_SEM-DA_PWR-MRC-D+1_20220110110000_20220110113716.csv
2022-01-11T07:00:00Z,1.0,231.26,2022-01-11,MarketResult_SEM-DA_PWR-MRC-D+1_20220110110000_20220110113716.csv
2022-01-11T08:00:00Z,1.0,268.0,2022-01-11,MarketResult_SEM-DA_PWR-MRC-D+1_20220110110000_20220110113716.csv
2022-01-11T09:00:00Z,1.0,271.81,2022-01-11,MarketResult_SEM-DA_PWR-MRC-D+1_20220110110000_20220110113716.csv
2022-01-11T10:00:00Z,1.0,265.0,2022-01-11,MarketResult_SEM-DA_PWR-MRC-D+1_20220110110000_20220110113716.csv
2022-01-11T11:00:00Z,1.0,260.0,2022-01-11,MarketResult_SEM-DA_PWR-MRC-D+1_20220110110000_20220110113716.csv
2022-01-11T12:00:00Z,1.0,259.35,2022-01-11,MarketResult_SEM-DA_PWR-MRC-D+1_20220110110000_20220110113716.csv
2022-01-11T13:00:00Z,1.0,255.0,2022-01-11,MarketResult_SEM-DA_PWR-MRC-D+1_20220110110000_20220110113716.csv
2022-01-11T14:00:00Z,1.0,260.0,2022-01-11,MarketResult_SEM-DA_PWR-MRC-D+1_20220110110000_20220110113716.csv
2022-01-11T15:00:00Z,1.0,265.0,2022-01-11,MarketResult_SEM-DA_PWR-MRC-D+1_20220110110000_20220110113716.csv
2022-01-11T16:00:00Z,1.0,307.07,2022-01-11,MarketResult_SEM-DA_PWR-MRC-D+1_20220110110000_20220110113716.csv
2022-01-11T17:00:00Z,1.0,332.02,2022-01-11,MarketResult_SEM-DA_PWR-MRC-D+1_20220110110000_20220110113716.csv
2022-01-11T18:00:00Z,1.0,316.0,2022-01-11,MarketResult_SEM-DA_PWR-MRC-D+1_20220110110000_20220110113716.csv
2022-01-11T19:00:00Z,1.0,271.14,2022-01-11,MarketResult_SEM-DA_PWR-MRC-D+1_20220110110000_20220110113716.csv
2022-01-11T20:00:00Z,1.0,231.26,2022-01-11,MarketResult_SEM-DA_PWR-MRC-D+1_20220110110000_20220110113716.csv
2022-01-11T21:00:00Z,1.0,219.96,2022-01-11,MarketResult_SEM-DA_PWR-MRC-D+1_20220110110000_20220110113716.csv
2022-01-11T22:00:00Z,1.0,203.02,2022-01-11,MarketResult_SEM-DA_PWR-MRC-D+1_20220110110000_20220110113716.csv
2022-01-11T23:00:00Z,1.0,196.74,2022-01-12,MarketResult_SEM-DA_PWR-MRC-D+1_20220111110000_20220111113713.csv
2022-01-12T00:00:00Z,1.0,191.94,2022-01-12,MarketResult_SEM-DA_PWR-MRC-D+1_20220111110000_20220111113713.csv
2022-01-12T01:00:00Z,1.0,188.0,2022-01-12,MarketResult_SEM-DA_PWR-MRC-D+1_20220111110000_20220111113713.csv
2022-01-12T02:00:00Z,1.0,182.0,2022-01-12,MarketResult_SEM-DA_PWR-MRC-D+1_20220111110000_20220111113713.csv
2022-01-12T03:00:00Z,1.0,180.28,2022-01-12,MarketResult_SEM-DA_PWR-MRC-D+1_20220111110000_20220111113713.csv
2022-01-12T04:00:00Z,1.0,186.0,2022-01-12,MarketResult_SEM-DA_PWR-MRC-D+1_20220111110000_20220111113713.csv
2022-01-12T05:00:00Z,1.0,184.7,2022-01-12,MarketResult_SEM-DA_PWR-MRC-D+1_20220111110000_20220111113713.csv
2022-01-12T06:00:00Z,1.0,210.0,2022-01-12,MarketResult_SEM-DA_PWR-MRC-D+1_20220111110000_20220111113713.csv
2022-01-12T07:00:00Z,1.0,213.95,2022-01-12,MarketResult_SEM-DA_PWR-MRC-D+1_20220111110000_20220111113713.csv
2022-01-12T08:00:00Z,1.0,250.0,2022-01-12,MarketResult_SEM-DA_PWR-MRC-D+1_20220111110000_20220111113713.csv
2022-01-12T09:00:00Z,1.0,252.0,2022-01-12,MarketResult_SEM-DA_PWR-MRC-D+1_20220111110000_20220111113713.csv
2022-01-12T10:00:00Z,1.0,236.63,2022-01-12,MarketResult_SEM-DA_PWR-MRC-D+1_20220111110000_20220111113713.csv
2022-01-12T11:00:00Z,1.0,217.69,2022-01-12,MarketResult_SEM-DA_PWR-MRC-D+1_20220111110000_20220111113713.csv
2022-01-12T12:00:00Z,1.0,214.23,2022-01-12,MarketResult_SEM-DA_PWR-MRC-D+1_20220111110000_20220111113713.csv
2022-01-12T13:00:00Z,1.0,214.23,2022-01-12,MarketResult_SEM-DA_PWR-MRC-D+1_20220111110000_20220111113713.csv
2022-01-12T14:00:00Z,1.0,230.83,2022-01-12,MarketResult_SEM-DA_PWR-MRC-D+1_20220111110000_20220111113713.csv
2022-01-12T15:00:00Z,1.0,244.74,2022-01-12,MarketResult_SEM-DA_PWR-MRC-D+1_20220111110000_20220111113713.csv
2022-01-12T16:00:00Z,1.0,283.32,2022-01-12,MarketResult_SEM-DA_PWR-MRC-D+1_20220111110000_20220111113713.csv
2022-01-12T17:00:00Z,1.0,300.0,2022-01-12,MarketResult_SEM-DA_PWR-MRC-D+1_20220111110000_20220111113713.csv
2022-01-12T18:00:00Z,1.0,274.74,2022-01-12,MarketResult_SEM-DA_PWR-MRC-D+1_20220111110000_20220111113713.csv
2022-01-12T19:00:00Z,1.0,251.41,2022-01-12,MarketResult_SEM-DA_PWR-MRC-D+1_20220111110000_20220111113713.csv
2022-01-12T20:00:00Z,1.0,214.23,2022-01-12,MarketResult_SEM-DA_PWR-MRC-D+1_20220111110000_20220111113713.csv
2022-01-12T21:00:00Z,1.0,210.0,2022-01-12,MarketResult_SEM-DA_PWR-MRC-D+1_20220111110000_20220111113713.csv
2022-01-12T22:00:00Z,1.0,185.04,2022-01-12,MarketResult_SEM-DA_PWR-MRC-D+1_20220111110000_20220111113713.csv
2022-01-12T23:00:00Z,1.0,191.67,2022-01-13,MarketResult_SEM-DA_PWR-MRC-D+1_20220112110000_20220112113933.csv
2022-01-13T00:00:00Z,1.0,188.0,2022-01-13,MarketResult_SEM-DA_PWR-MRC-D+1_20220112110000_20220112113933.csv
2022-01-13T01:00:00Z,1.0,184.22,2022-01-13,MarketResult_SEM-DA_PWR-MRC-D+1_20220112110000_20220112113933.csv
2022-01-13T02:00:00Z,1.0,180.0,2022-01-13,MarketResult_SEM-DA_PWR-MRC-D+1_20220112110000_20220112113933.csv
2022-01-13T03:00:00Z,1.0,179.0,2022-01-13,MarketResult_SEM-DA_PWR-MRC-D+1_20220112110000_20220112113933.csv
2022-01-13T04:00:00Z,1.0,182.0,2022-01-13,MarketResult_SEM-DA_PWR-MRC-D+1_20220112110000_20220112113933.csv
2022-01-13T05:00:00Z,1.0,186.9,2022-01-13,MarketResult_SEM-DA_PWR-MRC-D+1_20220112110000_20220112113933.csv
2022-01-13T06:00:00Z,1.0,197.21,2022-01-13,MarketResult_SEM-DA_PWR-MRC-D+1_20220112110000_20220112113933.csv
2022-01-13T07:00:00Z,1.0,211.62,2022-01-13,MarketResult_SEM-DA_PWR-MRC-D+1_20220112110000_20220112113933.csv
2022-01-13T08:00:00Z,1.0,224.16,2022-01-13,MarketResult_SEM-DA_PWR-MRC-D+1_20220112110000_20220112113933.csv
2022-01-13T09:00:00Z,1.0,227.67,2022-01-13,MarketResult_SEM-DA_PWR-MRC-D+1_20220112110000_20220112113933.csv
2022-01-13T10:00:00Z,1.0,227.67,2022-01-13,MarketResult_SEM-DA_PWR-MRC-D+1_20220112110000_20220112113933.csv
2022-01-13T11:00:00Z,1.0,220.79,2022-01-13,MarketResult_SEM-DA_PWR-MRC-D+1_20220112110000_20220112113933.csv
2022-01-13T12:00:00Z,1.0,220.79,2022-01-13,MarketResult_SEM-DA_PWR-MRC-D+1_20220112110000_20220112113933.csv
2022-01-13T13:00:00Z,1.0,221.0,2022-01-13,MarketResult_SEM-DA_PWR-MRC-D+1_20220112110000_20220112113933.csv
2022-01-13T14:00:00Z,1.0,226.0,2022-01-13,MarketResult_SEM-DA_PWR-MRC-D+1_20220112110000_20220112113933.csv
2022-01-13T15:00:00Z,1.0,233.83,2022-01-13,MarketResult_SEM-DA_PWR-MRC-D+1_20220112110000_20220112113933.csv
2022-01-13T16:00:00Z,1.0,267.19,2022-01-13,MarketResult_SEM-DA_PWR-MRC-D+1_20220112110000_20220112113933.csv
2022-01-13T17:00:00Z,1.0,293.28,2022-01-13,MarketResult_SEM-DA_PWR-MRC-D+1_20220112110000_20220112113933.csv
2022-01-13T18:00:00Z,1.0,282.12,2022-01-13,MarketResult_SEM-DA_PWR-MRC-D+1_20220112110000_20220112113933.csv
2022-01-13T19:00:00Z,1.0,265.2,2022-01-13,MarketResult_SEM-DA_PWR-MRC-D+1_20220112110000_20220112113933.csv
2022-01-13T20:00:00Z,1.0,224.0,2022-01-13,MarketResult_SEM-DA_PWR-MRC-D+1_20220112110000_20220112113933.csv
2022-01-13T21:00:00Z,1.0,205.79,2022-01-13,MarketResult_SEM-DA_PWR-MRC-D+1_20220112110000_20220112113933.csv
2022-01-13T22:00:00Z,1.0,188.06,2022-01-13,MarketResult_SEM-DA_PWR-MRC-D+1_20220112110000_20220112113933.csv
2022-01-13T23:00:00Z,1.0,175.17,2022-01-14,MarketResult_SEM-DA_PWR-MRC-D+1_20220113110000_20220113114353.csv
2022-01-14T00:00:00Z,1.0,175.17,2022-01-14,MarketResult_SEM-DA_PWR-MRC-D+1_20220113110000_20220113114353.csv
2022-01-14T01:00:00Z,1.0,175.17,2022-01-14,MarketResult_SEM-DA_PWR-MRC-D+1_20220113110000_20220113114353.csv
2022-01-14T02:00:00Z,1.0,172.9,2022-01-14,MarketResult_SEM-DA_PWR-MRC-D+1_20220113110000_20220113114353.csv
2022-01-14T03:00:00Z,1.0,172.47,2022-01-14,MarketResult_SEM-DA_PWR-MRC-D+1_20220113110000_20220113114353.csv
2022-01-14T04:00:00Z,1.0,172.72,2022-01-14,MarketResult_SEM-DA_PWR-MRC-D+1_20220113110000_20220113114353.csv
2022-01-14T05:00:00Z,1.0,176.11,2022-01-14,MarketResult_SEM-DA_PWR-MRC-D+1_20220113110000_20220113114353.csv
2022-01-14T06:00:00Z,1.0,192.72,2022-01-14,MarketResult_SEM-DA_PWR-MRC-D+1_20220113110000_20220113114353.csv
2022-01-14T07:00:00Z,1.0,207.6,2022-01-14,MarketResult_SEM-DA_PWR-MRC-D+1_20220113110000_20220113114353.csv
2022-01-14T08:00:00Z,1.0,219.96,2022-01-14,MarketResult_SEM-DA_PWR-MRC-D+1_20220113110000_20220113114353.csv
2022-01-14T09:00:00Z,1.0,219.96,2022-01-14,MarketResult_SEM-DA_PWR-MRC-D+1_20220113110000_20220113114353.csv
2022-01-14T10:00:00Z,1.0,224.17,2022-01-14,MarketResult_SEM-DA_PWR-MRC-D+1_20220113110000_20220113114353.csv
2022-01-14T11:00:00Z,1.0,220.44,2022-01-14,MarketResult_SEM-DA_PWR-MRC-D+1_20220113110000_20220113114353.csv
2022-01-14T12:00:00Z,1.0,222.0,2022-01-14,MarketResult_SEM-DA_PWR-MRC-D+1_20220113110000_20220113114353.csv
2022-01-14T13:00:00Z,1.0,231.0,2022-01-14,MarketResult_SEM-DA_PWR-MRC-D+1_20220113110000_20220113114353.csv
2022-01-14T14:00:00Z,1.0,228.8,2022-01-14,MarketResult_SEM-DA_PWR-MRC-D+1_20220113110000_20220113114353.csv
2022-01-14T15:00:00Z,1.0,240.0,2022-01-14,MarketResult_SEM-DA_PWR-MRC-D+1_20220113110000_20220113114353.csv
2022-01-14T16:00:00Z,1.0,266.14,2022-01-14,MarketResult_SEM-DA_PWR-MRC-D+1_20220113110000_20220113114353.csv
2022-01-14T17:00:00Z,1.0,322.0,2022-01-14,MarketResult_SEM-DA_PWR-MRC-D+1_20220113110000_20220113114353.csv
2022-01-14T18:00:00Z,1.0,300.0,2022-01-14,MarketResult_SEM-DA_PWR-MRC-D+1_20220113110000_20220113114353.csv
2022-01-14T19:00:00Z,1.0,250.0,2022-01-14,MarketResult_SEM-DA_PWR-MRC-D+1_20220113110000_20220113114353.csv
2022-01-14T20:00:00Z,1.0,213.5,2022-01-14,MarketResult_SEM-DA_PWR-MRC-D+1_20220113110000_20220113114353.csv
2022-01-14T21:00:00Z,1.0,187.9,2022-01-14,MarketResult_SEM-DA_PWR-MRC-D+1_20220113110000_20220113114353.csv
2022-01-14T22:00:00Z,1.0,187.25,2022-01-14,MarketResult_SEM-DA_PWR-MRC-D+1_20220113110000_20220113114353.csv
2022-01-14T23:00:00Z,1.0,224.19,2022-01-15,MarketResult_SEM-DA_PWR-MRC-D+1_20220114110000_20220114113822.csv
2022-01-15T00:00:00Z,1.0,214.6,2022-01-15,MarketResult_SEM-DA_PWR-MRC-D+1_20220114110000_20220114113822.csv
2022-01-15T01:00:00Z,1.0,209.8,2022-01-15,MarketResult_SEM-DA_PWR-MRC-D+1_20220114110000_20220114113822.csv
2022-01-15T02:00:00Z,1.0,201.05,2022-01-15,MarketResult_SEM-DA_PWR-MRC-D+1_20220114110000_20220114113822.csv
2022-01-15T03:00:00Z,1.0,201.0,2022-01-15,MarketResult_SEM-DA_PWR-MRC-D+1_20220114110000_20220114113822.csv
2022-01-15T04:00:00Z,1.0,201.0,2022-01-15,MarketResult_SEM-DA_PWR-MRC-D+1_20220114110000_20220114113822.csv
2022-01-15T05:00:00Z,1.0,209.8,2022-01-15,MarketResult_SEM-DA_PWR-MRC-D+1_20220114110000_20220114113822.csv
2022-01-15T06:00:00Z,1.0,213.09,2022-01-15,MarketResult_SEM-DA_PWR-MRC-D+1_20220114110000_20220114113822.csv
2022-01-15T07:00:00Z,1.0,221.88,2022-01-15,MarketResult_SEM-DA_PWR-MRC-D+1_20220114110000_20220114113822.csv
2022-01-15T08:00:00Z,1.0,219.92,2022-01-15,MarketResult_SEM-DA_PWR-MRC-D+1_20220114110000_20220114113822.csv
2022-01-15T09:00:00Z,1.0,234.0,2022-01-15,MarketResult_SEM-DA_PWR-MRC-D+1_20220114110000_20220114113822.csv
2022-01-15T10:00:00Z,1.0,236.53,2022-01-15,MarketResult_SEM-DA_PWR-MRC-D+1_20220114110000_20220114113822.csv
2022-01-15T11:00:00Z,1.0,235.89,2022-01-15,MarketResult_SEM-DA_PWR-MRC-D+1_20220114110000_20220114113822.csv
2022-01-15T12:00:00Z,1.0,241.45,2022-01-15,MarketResult_SEM-DA_PWR-MRC-D+1_20220114110000_20220114113822.csv
2022-01-15T13:00:00Z,1.0,235.0,2022-01-15,MarketResult_SEM-DA_PWR-MRC-D+1_20220114110000_20220114113822.csv
2022-01-15T14:00:00Z,1.0,229.0,2022-01-15,MarketResult_SEM-DA_PWR-MRC-D+1_20220114110000_20220114113822.csv
2022-01-15T15:00:00Z,1.0,235.7,2022-01-15,MarketResult_SEM-DA_PWR-MRC-D+1_20220114110000_20220114113822.csv
2022-01-15T16:00:00Z,1.0,272.11,2022-01-15,MarketResult_SEM-DA_PWR-MRC-D+1_20220114110000_20220114113822.csv
2022-01-15T17:00:00Z,1.0,306.06,2022-01-15,MarketResult_SEM-DA_PWR-MRC-D+1_20220114110000_20220114113822.csv
2022-01-15T18:00:00Z,1.0,275.0,2022-01-15,MarketResult_SEM-DA_PWR-MRC-D+1_20220114110000_20220114113822.csv
2022-01-15T19:00:00Z,1.0,241.45,2022-01-15,MarketResult_SEM-DA_PWR-MRC-D+1_20220114110000_20220114113822.csv
2022-01-15T20:00:00Z,1.0,219.92,2022-01-15,MarketResult_SEM-DA_PWR-MRC-D+1_20220114110000_20220114113822.csv
2022-01-15T21:00:00Z,1.0,219.0,2022-01-15,MarketResult_SEM-DA_PWR-MRC-D+1_20220114110000_20220114113822.csv
2022-01-15T22:00:00Z,1.0,206.4,2022-01-15,MarketResult_SEM-DA_PWR-MRC-D+1_20220114110000_20220114113822.csv
2022-01-15T23:00:00Z,1.0,230.19,2022-01-16,MarketResult_SEM-DA_PWR-MRC-D+1_20220115110000_20220115113725.csv
2022-01-16T00:00:00Z,1.0,211.0,2022-01-16,MarketResult_SEM-DA_PWR-MRC-D+1_20220115110000_20220115113725.csv
2022-01-16T01:00:00Z,1.0,202.4,2022-01-16,MarketResult_SEM-DA_PWR-MRC-D+1_20220115110000_20220115113725.csv
2022-01-16T02:00:00Z,1.0,196.0,2022-01-16,MarketResult_SEM-DA_PWR-MRC-D+1_20220115110000_20220115113725.csv
2022-01-16T03:00:00Z,1.0,189.35,2022-01-16,MarketResult_SEM-DA_PWR-MRC-D+1_20220115110000_20220115113725.csv
2022-01-16T04:00:00Z,1.0,182.83,2022-01-16,MarketResult_SEM-DA_PWR-MRC-D+1_20220115110000_20220115113725.csv
2022-01-16T05:00:00Z,1.0,179.86,2022-01-16,MarketResult_SEM-DA_PWR-MRC-D+1_20220115110000_20220115113725.csv
2022-01-16T06:00:00Z,1.0,177.87,2022-01-16,MarketResult_SEM-DA_PWR-MRC-D+1_20220115110000_20220115113725.csv
2022-01-16T07:00:00Z,1.0,181.77,2022-01-16,MarketResult_SEM-DA_PWR-MRC-D+1_20220115110000_20220115113725.csv
2022-01-16T08:00:00Z,1.0,181.51,2022-01-16,MarketResult_SEM-DA_PWR-MRC-D+1_20220115110000_20220115113725.csv
2022-01-16T09:00:00Z,1.0,203.3,2022-01-16,MarketResult_SEM-DA_PWR-MRC-D+1_20220115110000_20220115113725.csv
2022-01-16T10:00:00Z,1.0,199.0,2022-01-16,MarketResult_SEM-DA_PWR-MRC-D+1_20220115110000_20220115113725.csv
2022-01-16T11:00:00Z,1.0,218.0,2022-01-16,MarketResult_SEM-DA_PWR-MRC-D+1_20220115110000_20220115113725.csv
2022-01-16T12:00:00Z,1.0,251.59,2022-01-16,MarketResult_SEM-DA_PWR-MRC-D+1_20220115110000_20220115113725.csv
2022-01-16T13:00:00Z,1.0,212.75,2022-01-16,MarketResult_SEM-DA_PWR-MRC-D+1_20220115110000_20220115113725.csv
2022-01-16T14:00:00Z,1.0,206.91,2022-01-16,MarketResult_SEM-DA_PWR-MRC-D+1_20220115110000_20220115113725.csv
2022-01-16T15:00:00Z,1.0,195.59,2022-01-16,MarketResult_SEM-DA_PWR-MRC-D+1_20220115110000_20220115113725.csv
2022-01-16T16:00:00Z,1.0,242.0,2022-01-16,MarketResult_SEM-DA_PWR-MRC-D+1_20220115110000_20220115113725.csv
2022-01-16T17:00:00Z,1.0,305.0,2022-01-16,MarketResult_SEM-DA_PWR-MRC-D+1_20220115110000_20220115113725.csv
2022-01-16T18:00:00Z,1.0,275.0,2022-01-16,MarketResult_SEM-DA_PWR-MRC-D+1_20220115110000_20220115113725.csv
2022-01-16T19:00:00Z,1.0,238.3,2022-01-16,MarketResult_SEM-DA_PWR-MRC-D+1_20220115110000_20220115113725.csv
2022-01-16T20:00:00Z,1.0,218.0,2022-01-16,MarketResult_SEM-DA_PWR-MRC-D+1_20220115110000_20220115113725.csv
2022-01-16T21:00:00Z,1.0,210.38,2022-01-16,MarketResult_SEM-DA_PWR-MRC-D+1_20220115110000_20220115113725.csv
2022-01-16T22:00:00Z,1.0,203.46,2022-01-16,MarketResult_SEM-DA_PWR-MRC-D+1_20220115110000_20220115113725.csv
2022-01-16T23:00:00Z,1.0,208.69,2022-01-17,MarketResult_SEM-DA_PWR-MRC-D+1_20220116110000_20220116113703.csv
2022-01-17T00:00:00Z,1.0,200.0,2022-01-17,MarketResult_SEM-DA_PWR-MRC-D+1_20220116110000_20220116113703.csv
2022-01-17T01:00:00Z,1.0,199.2,2022-01-17,MarketResult_SEM-DA_PWR-MRC-D+1_20220116110000_20220116113703.csv
2022-01-17T02:00:00Z,1.0,192.88,2022-01-17,MarketResult_SEM-DA_PWR-MRC-D+1_20220116110000_20220116113703.csv
2022-01-17T03:00:00Z,1.0,192.0,2022-01-17,MarketResult_SEM-DA_PWR-MRC-D+1_20220116110000_20220116113703.csv
2022-01-17T04:00:00Z,1.0,192.26,2022-01-17,MarketResult_SEM-DA_PWR-MRC-D+1_20220116110000_20220116113703.csv
2022-01-17T05:00:00Z,1.0,195.0,2022-01-17,MarketResult_SEM-DA_PWR-MRC-D+1_20220116110000_20220116113703.csv
2022-01-17T06:00:00Z,1.0,207.0,2022-01-17,MarketResult_SEM-DA_PWR-MRC-D+1_20220116110000_20220116113703.csv
2022-01-17T07:00:00Z,1.0,223.27,2022-01-17,MarketResult_SEM-DA_PWR-MRC-D+1_20220116110000_20220116113703.csv
2022-01-17T08:00:00Z,1.0,249.0,2022-01-17,MarketResult_SEM-DA_PWR-MRC-D+1_20220116110000_20220116113703.csv
2022-01-17T09:00:00Z,1.0,249.5,2022-01-17,MarketResult_SEM-DA_PWR-MRC-D+1_20220116110000_20220116113703.csv
2022-01-17T10:00:00Z,1.0,234.27,2022-01-17,MarketResult_SEM-DA_PWR-MRC-D+1_20220116110000_20220116113703.csv
2022-01-17T11:00:00Z,1.0,227.0,2022-01-17,MarketResult_SEM-DA_PWR-MRC-D+1_20220116110000_20220116113703.csv
2022-01-17T12:00:00Z,1.0,225.0,2022-01-17,MarketResult_SEM-DA_PWR-MRC-D+1_20220116110000_20220116113703.csv
2022-01-17T13:00:00Z,1.0,229.0,2022-01-17,MarketResult_SEM-DA_PWR-MRC-D+1_20220116110000_20220116113703.csv
2022-01-17T14:00:00Z,1.0,229.0,2022-01-17,MarketResult_SEM-DA_PWR-MRC-D+1_20220116110000_20220116113703.csv
2022-01-17T15:00:00Z,1.0,228.11,2022-01-17,MarketResult_SEM-DA_PWR-MRC-D+1_20220116110000_20220116113703.csv
2022-01-17T16:00:00Z,1.0,232.0,2022-01-17,MarketResult_SEM-DA_PWR-MRC-D+1_20220116110000_20220116113703.csv
2022-01-17T17:00:00Z,1.0,250.0,2022-01-17,MarketResult_SEM-DA_PWR-MRC-D+1_20220116110000_20220116113703.csv
2022-01-17T18:00:00Z,1.0,229.0,2022-01-17,MarketResult_SEM-DA_PWR-MRC-D+1_20220116110000_20220116113703.csv
2022-01-17T19:00:00Z,1.0,218.96,2022-01-17,MarketResult_SEM-DA_PWR-MRC-D+1_20220116110000_20220116113703.csv
2022-01-17T20:00:00Z,1.0,200.42,2022-01-17,MarketResult_SEM-DA_PWR-MRC-D+1_20220116110000_20220116113703.csv
2022-01-17T21:00:00Z,1.0,215.74,2022-01-17,MarketResult_SEM-DA_PWR-MRC-D+1_20220116110000_20220116113703.csv
2022-01-17T22:00:00Z,1.0,187.0,2022-01-17,MarketResult_SEM-DA_PWR-MRC-D+1_20220116110000_20220116113703.csv
2022-01-17T23:00:00Z,1.0,196.89,2022-01-18,MarketResult_SEM-DA_PWR-MRC-D+1_20220117110000_20220117113528.csv
2022-01-18T00:00:00Z,1.0,190.04,2022-01-18,MarketResult_SEM-DA_PWR-MRC-D+1_20220117110000_20220117113528.csv
2022-01-18T01:00:00Z,1.0,187.91,2022-01-18,MarketResult_SEM-DA_PWR-MRC-D+1_20220117110000_20220117113528.csv
2022-01-18T02:00:00Z,1.0,180.0,2022-01-18,MarketResult_SEM-DA_PWR-MRC-D+1_20220117110000_20220117113528.csv
2022-01-18T03:00:00Z,1.0,169.58,2022-01-18,MarketResult_SEM-DA_PWR-MRC-D+1_20220117110000_20220117113528.csv
2022-01-18T04:00:00Z,1.0,170.41,2022-01-18,MarketResult_SEM-DA_PWR-MRC-D+1_20220117110000_20220117113528.csv
2022-01-18T05:00:00Z,1.0,176.41,2022-01-18,MarketResult_SEM-DA_PWR-MRC-D+1_20220117110000_20220117113528.csv
2022-01-18T06:00:00Z,1.0,192.0,2022-01-18,MarketResult_SEM-DA_PWR-MRC-D+1_20220117110000_20220117113528.csv
2022-01-18T07:00:00Z,1.0,203.0,2022-01-18,MarketResult_SEM-DA_PWR-MRC-D+1_20220117110000_20220117113528.csv
2022-01-18T08:00:00Z,1.0,215.0,2022-01-18,MarketResult_SEM-DA_PWR-MRC-D+1_20220117110000_20220117113528.csv
2022-01-18T09:00:00Z,1.0,219.47,2022-01-18,MarketResult_SEM-DA_PWR-MRC-D+1_20220117110000_20220117113528.csv
2022-01-18T10:00:00Z,1.0,215.0,2022-01-18,MarketResult_SEM-DA_PWR-MRC-D+1_20220117110000_20220117113528.csv
2022-01-18T11:00:00Z,1.0,210.67,2022-01-18,MarketResult_SEM-DA_PWR-MRC-D+1_20220117110000_20220117113528.csv
2022-01-18T12:00:00Z,1.0,210.0,2022-01-18,MarketResult_SEM-DA_PWR-MRC-D+1_20220117110000_20220117113528.csv
2022-01-18T13:00:00Z,1.0,206.35,2022-01-18,MarketResult_SEM-DA_PWR-MRC-D+1_20220117110000_20220117113528.csv
2022-01-18T14:00:00Z,1.0,213.46,2022-01-18,MarketResult_SEM-DA_PWR-MRC-D+1_20220117110000_20220117113528.csv
2022-01-18T15:00:00Z,1.0,219.47,2022-01-18,MarketResult_SEM-DA_PWR-MRC-D+1_20220117110000_20220117113528.csv
2022-01-18T16:00:00Z,1.0,263.12,2022-01-18,MarketResult_SEM-DA_PWR-MRC-D+1_20220117110000_20220117113528.csv
2022-01-18T17:00:00Z,1.0,275.29,2022-01-18,MarketResult_SEM-DA_PWR-MRC-D+1_20220117110000_20220117113528.csv
2022-01-18T18:00:00Z,1.0,257.68,2022-01-18,MarketResult_SEM-DA_PWR-MRC-D+1_20220117110000_20220117113528.csv
2022-01-18T19:00:00Z,1.0,234.63,2022-01-18,MarketResult_SEM-DA_PWR-MRC-D+1_20220117110000_20220117113528.csv
2022-01-18T20:00:00Z,1.0,217.88,2022-01-18,MarketResult_SEM-DA_PWR-MRC-D+1_20220117110000_20220117113528.csv
2022-01-18T21:00:00Z,1.0,214.0,2022-01-18,MarketResult_SEM-DA_PWR-MRC-D+1_20220117110000_20220117113528.csv
2022-01-18T22:00:00Z,1.0,195.23,2022-01-18,MarketResult_SEM-DA_PWR-MRC-D+1_20220117110000_20220117113528.csv
2022-01-18T23:00:00Z,1.0,192.0,2022-01-19,MarketResult_SEM-DA_PWR-MRC-D+1_20220118110000_20220118113631.csv
2022-01-19T00:00:00Z,1.0,180.0,2022-01-19,MarketResult_SEM-DA_PWR-MRC-D+1_20220118110000_20220118113631.csv
2022-01-19T01:00:00Z,1.0,177.31,2022-01-19,MarketResult_SEM-DA_PWR-MRC-D+1_20220118110000_20220118113631.csv
2022-01-19T02:00:00Z,1.0,158.54,2022-01-19,MarketResult_SEM-DA_PWR-MRC-D+1_20220118110000_20220118113631.csv
2022-01-19T03:00:00Z,1.0,157.56,2022-01-19,MarketResult_SEM-DA_PWR-MRC-D+1_20220118110000_20220118113631.csv
2022-01-19T04:00:00Z,1.0,160.0,2022-01-19,MarketResult_SEM-DA_PWR-MRC-D+1_20220118110000_20220118113631.csv
2022-01-19T05:00:00Z,1.0,165.65,2022-01-19,MarketResult_SEM-DA_PWR-MRC-D+1_20220118110000_20220118113631.csv
2022-01-19T06:00:00Z,1.0,189.0,2022-01-19,MarketResult_SEM-DA_PWR-MRC-D+1_20220118110000_20220118113631.csv
2022-01-19T07:00:00Z,1.0,216.0,2022-01-19,MarketResult_SEM-DA_PWR-MRC-D+1_20220118110000_20220118113631.csv
2022-01-19T08:00:00Z,1.0,219.96,2022-01-19,MarketResult_SEM-DA_PWR-MRC-D+1_20220118110000_20220118113631.csv
2022-01-19T09:00:00Z,1.0,225.0,2022-01-19,MarketResult_SEM-DA_PWR-MRC-D+1_20220118110000_20220118113631.csv
2022-01-19T10:00:00Z,1.0,215.0,2022-01-19,MarketResult_SEM-DA_PWR-MRC-D+1_20220118110000_20220118113631.csv
2022-01-19T11:00:00Z,1.0,206.53,2022-01-19,MarketResult_SEM-DA_PWR-MRC-D+1_20220118110000_20220118113631.csv
2022-01-19T12:00:00Z,1.0,199.0,2022-01-19,MarketResult_SEM-DA_PWR-MRC-D+1_20220118110000_20220118113631.csv
2022-01-19T13:00:00Z,1.0,188.53,2022-01-19,MarketResult_SEM-DA_PWR-MRC-D+1_20220118110000_20220118113631.csv
2022-01-19T14:00:00Z,1.0,192.0,2022-01-19,MarketResult_SEM-DA_PWR-MRC-D+1_20220118110000_20220118113631.csv
2022-01-19T15:00:00Z,1.0,189.0,2022-01-19,MarketResult_SEM-DA_PWR-MRC-D+1_20220118110000_20220118113631.csv
2022-01-19T16:00:00Z,1.0,228.0,2022-01-19,MarketResult_SEM-DA_PWR-MRC-D+1_20220118110000_20220118113631.csv
2022-01-19T17:00:00Z,1.0,258.0,2022-01-19,MarketResult_SEM-DA_PWR-MRC-D+1_20220118110000_20220118113631.csv
2022-01-19T18:00:00Z,1.0,255.0,2022-01-19,MarketResult_SEM-DA_PWR-MRC-D+1_20220118110000_20220118113631.csv
2022-01-19T19:00:00Z,1.0,239.57,2022-01-19,MarketResult_SEM-DA_PWR-MRC-D+1_20220118110000_20220118113631.csv
2022-01-19T20:00:00Z,1.0,220.89,2022-01-19,MarketResult_SEM-DA_PWR-MRC-D+1_20220118110000_20220118113631.csv
2022-01-19T21:00:00Z,1.0,225.0,2022-01-19,MarketResult_SEM-DA_PWR-MRC-D+1_20220118110000_20220118113631.csv
2022-01-19T22:00:00Z,1.0,200.0,2022-01-19,MarketResult_SEM-DA_PWR-MRC-D+1_20220118110000_20220118113631.csv
2022-01-19T23:00:00Z,1.0,188.0,2022-01-20,MarketResult_SEM-DA_PWR-MRC-D+1_20220119110000_20220119113618.csv
2022-01-20T00:00:00Z,1.0,186.98,2022-01-20,MarketResult_SEM-DA_PWR-MRC-D+1_20220119110000_20220119113618.csv
2022-01-20T01:00:00Z,1.0,184.3,2022-01-20,MarketResult_SEM-DA_PWR-MRC-D+1_20220119110000_20220119113618.csv
2022-01-20T02:00:00Z,1.0,181.23,2022-01-20,MarketResult_SEM-DA_PWR-MRC-D+1_20220119110000_20220119113618.csv
2022-01-20T03:00:00Z,1.0,181.23,2022-01-20,MarketResult_SEM-DA_PWR-MRC-D+1_20220119110000_20220119113618.csv
2022-01-20T04:00:00Z,1.0,188.0,2022-01-20,MarketResult_SEM-DA_PWR-MRC-D+1_20220119110000_20220119113618.csv
2022-01-20T05:00:00Z,1.0,206.18,2022-01-20,MarketResult_SEM-DA_PWR-MRC-D+1_20220119110000_20220119113618.csv
2022-01-20T06:00:00Z,1.0,203.68,2022-01-20,MarketResult_SEM-DA_PWR-MRC-D+1_20220119110000_20220119113618.csv
2022-01-20T07:00:00Z,1.0,204.09,2022-01-20,MarketResult_SEM-DA_PWR-MRC-D+1_20220119110000_20220119113618.csv
2022-01-20T08:00:00Z,1.0,240.4,2022-01-20,MarketResult_SEM-DA_PWR-MRC-D+1_20220119110000_20220119113618.csv
2022-01-20T09:00:00Z,1.0,245.72,2022-01-20,MarketResult_SEM-DA_PWR-MRC-D+1_20220119110000_20220119113618.csv
2022-01-20T10:00:00Z,1.0,228.42,2022-01-20,MarketResult_SEM-DA_PWR-MRC-D+1_20220119110000_20220119113618.csv
2022-01-20T11:00:00Z,1.0,229.05,2022-01-20,MarketResult_SEM-DA_PWR-MRC-D+1_20220119110000_20220119113618.csv
2022-01-20T12:00:00Z,1.0,229.6,2022-01-20,MarketResult_SEM-DA_PWR-MRC-D+1_20220119110000_20220119113618.csv
2022-01-20T13:00:00Z,1.0,221.0,2022-01-20,MarketResult_SEM-DA_PWR-MRC-D+1_20220119110000_20220119113618.csv
2022-01-20T14:00:00Z,1.0,218.62,2022-01-20,MarketResult_SEM-DA_PWR-MRC-D+1_20220119110000_20220119113618.csv
2022-01-20T15:00:00Z,1.0,232.5,2022-01-20,MarketResult_SEM-DA_PWR-MRC-D+1_20220119110000_20220119113618.csv
2022-01-20T16:00:00Z,1.0,261.0,2022-01-20,MarketResult_SEM-DA_PWR-MRC-D+1_20220119110000_20220119113618.csv
2022-01-20T17:00:00Z,1.0,314.0,2022-01-20,MarketResult_SEM-DA_PWR-MRC-D+1_20220119110000_20220119113618.csv
2022-01-20T18:00:00Z,1.0,299.0,2022-01-20,MarketResult_SEM-DA_PWR-MRC-D+1_20220119110000_20220119113618.csv
2022-01-20T19:00:00Z,1.0,263.0,2022-01-20,MarketResult_SEM-DA_PWR-MRC-D+1_20220119110000_20220119113618.csv
2022-01-20T20:00:00Z,1.0,234.12,2022-01-20,MarketResult_SEM-DA_PWR-MRC-D+1_20220119110000_20220119113618.csv
2022-01-20T21:00:00Z,1.0,210.0,2022-01-20,MarketResult_SEM-DA_PWR-MRC-D+1_20220119110000_20220119113618.csv
2022-01-20T22:00:00Z,1.0,208.78,2022-01-20,MarketResult_SEM-DA_PWR-MRC-D+1_20220119110000_20220119113618.csv
2022-01-20T23:00:00Z,1.0,205.84,2022-01-21,MarketResult_SEM-DA_PWR-MRC-D+1_20220120110000_20220120113600.csv
2022-01-21T00:00:00Z,1.0,203.2,2022-01-21,MarketResult_SEM-DA_PWR-MRC-D+1_20220120110000_20220120113600.csv
2022-01-21T01:00:00Z,1.0,198.02,2022-01-21,MarketResult_SEM-DA_PWR-MRC-D+1_20220120110000_20220120113600.csv
2022-01-21T02:00:00Z,1.0,189.42,2022-01-21,MarketResult_SEM-DA_PWR-MRC-D+1_20220120110000_20220120113600.csv
2022-01-21T03:00:00Z,1.0,185.0,2022-01-21,MarketResult_SEM-DA_PWR-MRC-D+1_20220120110000_20220120113600.csv
2022-01-21T04:00:00Z,1.0,188.0,2022-01-21,MarketResult_SEM-DA_PWR-MRC-D+1_20220120110000_20220120113600.csv
2022-01-21T05:00:00Z,1.0,195.0,2022-01-21,MarketResult_SEM-DA_PWR-MRC-D+1_20220120110000_20220120113600.csv
2022-01-21T06:00:00Z,1.0,202.29,2022-01-21,MarketResult_SEM-DA_PWR-MRC-D+1_20220120110000_20220120113600.csv
2022-01-21T07:00:00Z,1.0,244.29,2022-01-21,MarketResult_SEM-DA_PWR-MRC-D+1_20220120110000_20220120113600.csv
2022-01-21T08:00:00Z,1.0,263.0,2022-01-21,MarketResult_SEM-DA_PWR-MRC-D+1_20220120110000_20220120113600.csv
2022-01-21T09:00:00Z,1.0,258.0,2022-01-21,MarketResult_SEM-DA_PWR-MRC-D+1_20220120110000_20220120113600.csv
2022-01-21T10:00:00Z,1.0,244.0,2022-01-21,MarketResult_SEM-DA_PWR-MRC-D+1_20220120110000_20220120113600.csv
2022-01-21T11:00:00Z,1.0,228.26,2022-01-21,MarketResult_SEM-DA_PWR-MRC-D+1_20220120110000_20220120113600.csv
2022-01-21T12:00:00Z,1.0,222.32,2022-01-21,MarketResult_SEM-DA_PWR-MRC-D+1_20220120110000_20220120113600.csv
2022-01-21T13:00:00Z,1.0,214.0,2022-01-21,MarketResult_SEM-DA_PWR-MRC-D+1_20220120110000_20220120113600.csv
2022-01-21T14:00:00Z,1.0,209.35,2022-01-21,MarketResult_SEM-DA_PWR-MRC-D+1_20220120110000_20220120113600.csv
2022-01-21T15:00:00Z,1.0,213.31,2022-01-21,MarketResult_SEM-DA_PWR-MRC-D+1_20220120110000_20220120113600.csv
2022-01-21T16:00:00Z,1.0,235.0,2022-01-21,MarketResult_SEM-DA_PWR-MRC-D+1_20220120110000_20220120113600.csv
2022-01-21T17:00:00Z,1.0,268.19,2022-01-21,MarketResult_SEM-DA_PWR-MRC-D+1_20220120110000_20220120113600.csv
2022-01-21T18:00:00Z,1.0,259.0,2022-01-21,MarketResult_SEM-DA_PWR-MRC-D+1_20220120110000_20220120113600.csv
2022-01-21T19:00:00Z,1.0,229.0,2022-01-21,MarketResult_SEM-DA_PWR-MRC-D+1_20220120110000_20220120113600.csv
2022-01-21T20:00:00Z,1.0,209.0,2022-01-21,MarketResult_SEM-DA_PWR-MRC-D+1_20220120110000_20220120113600.csv
2022-01-21T21:00:00Z,1.0,196.86,2022-01-21,MarketResult_SEM-DA_PWR-MRC-D+1_20220120110000_20220120113600.csv
2022-01-21T22:00:00Z,1.0,185.35,2022-01-21,MarketResult_SEM-DA_PWR-MRC-D+1_20220120110000_20220120113600.csv
2022-01-21T23:00:00Z,1.0,200.66,2022-01-22,MarketResult_SEM-DA_PWR-MRC-D+1_20220121110000_20220121113711.csv
2022-01-22T00:00:00Z,1.0,190.45,2022-01-22,MarketResult_SEM-DA_PWR-MRC-D+1_20220121110000_20220121113711.csv
2022-01-22T01:00:00Z,1.0,186.5,2022-01-22,MarketResult_SEM-DA_PWR-MRC-D+1_20220121110000_20220121113711.csv
2022-01-22T02:00:00Z,1.0,178.32,2022-01-22,MarketResult_SEM-DA_PWR-MRC-D+1_20220121110000_20220121113711.csv
2022-01-22T03:00:00Z,1.0,176.92,2022-01-22,MarketResult_SEM-DA_PWR-MRC-D+1_20220121110000_20220121113711.csv
2022-01-22T04:00:00Z,1.0,175.82,2022-01-22,MarketResult_SEM-DA_PWR-MRC-D+1_20220121110000_20220121113711.csv
2022-01-22T05:00:00Z,1.0,174.0,2022-01-22,MarketResult_SEM-DA_PWR-MRC-D+1_20220121110000_20220121113711.csv
2022-01-22T06:00:00Z,1.0,180.0,2022-01-22,MarketResult_SEM-DA_PWR-MRC-D+1_20220121110000_20220121113711.csv
2022-01-22T07:00:00Z,1.0,193.76,2022-01-22,MarketResult_SEM-DA_PWR-MRC-D+1_20220121110000_20220121113711.csv
2022-01-22T08:00:00Z,1.0,197.14,2022-01-22,MarketResult_SEM-DA_PWR-MRC-D+1_20220121110000_20220121113711.csv
2022-01-22T09:00:00Z,1.0,209.22,2022-01-22,MarketResult_SEM-DA_PWR-MRC-D+1_20220121110000_20220121113711.csv
2022-01-22T10:00:00Z,1.0,216.0,2022-01-22,MarketResult_SEM-DA_PWR-MRC-D+1_20220121110000_20220121113711.csv
2022-01-22T11:00:00Z,1.0,203.45,2022-01-22,MarketResult_SEM-DA_PWR-MRC-D+1_20220121110000_20220121113711.csv
2022-01-22T12:00:00Z,1.0,195.25,2022-01-22,MarketResult_SEM-DA_PWR-MRC-D+1_20220121110000_20220121113711.csv
2022-01-22T13:00:00Z,1.0,191.0,2022-01-22,MarketResult_SEM-DA_PWR-MRC-D+1_20220121110000_20220121113711.csv
2022-01-22T14:00:00Z,1.0,197.61,2022-01-22,MarketResult_SEM-DA_PWR-MRC-D+1_20220121110000_20220121113711.csv
2022-01-22T15:00:00Z,1.0,199.0,2022-01-22,MarketResult_SEM-DA_PWR-MRC-D+1_20220121110000_20220121113711.csv
2022-01-22T16:00:00Z,1.0,228.0,2022-01-22,MarketResult_SEM-DA_PWR-MRC-D+1_20220121110000_20220121113711.csv
2022-01-22T17:00:00Z,1.0,260.21,2022-01-22,MarketResult_SEM-DA_PWR-MRC-D+1_20220121110000_20220121113711.csv
2022-01-22T18:00:00Z,1.0,258.0,2022-01-22,MarketResult_SEM-DA_PWR-MRC-D+1_20220121110000_20220121113711.csv
2022-01-22T19:00:00Z,1.0,222.0,2022-01-22,MarketResult_SEM-DA_PWR-MRC-D+1_20220121110000_20220121113711.csv
2022-01-22T20:00:00Z,1.0,204.0,2022-01-22,MarketResult_SEM-DA_PWR-MRC-D+1_20220121110000_20220121113711.csv
2022-01-22T21:00:00Z,1.0,199.51,2022-01-22,MarketResult_SEM-DA_PWR-MRC-D+1_20220121110000_20220121113711.csv
2022-01-22T22:00:00Z,1.0,194.95,2022-01-22,MarketResult_SEM-DA_PWR-MRC-D+1_20220121110000_20220121113711.csv
2022-01-22T23:00:00Z,1.0,215.02,2022-01-23,MarketResult_SEM-DA_PWR-MRC-D+1_20220122110000_20220122113616.csv
2022-01-23T00:00:00Z,1.0,205.3,2022-01-23,MarketResult_SEM-DA_PWR-MRC-D+1_20220122110000_20220122113616.csv
2022-01-23T01:00:00Z,1.0,199.9,2022-01-23,MarketResult_SEM-DA_PWR-MRC-D+1_20220122110000_20220122113616.csv
2022-01-23T02:00:00Z,1.0,192.5,2022-01-23,MarketResult_SEM-DA_PWR-MRC-D+1_20220122110000_20220122113616.csv
2022-01-23T03:00:00Z,1.0,190.13,2022-01-23,MarketResult_SEM-DA_PWR-MRC-D+1_20220122110000_20220122113616.csv
2022-01-23T04:00:00Z,1.0,182.94,2022-01-23,MarketResult_SEM-DA_PWR-MRC-D+1_20220122110000_20220122113616.csv
2022-01-23T05:00:00Z,1.0,180.0,2022-01-23,MarketResult_SEM-DA_PWR-MRC-D+1_20220122110000_20220122113616.csv
2022-01-23T06:00:00Z,1.0,170.0,2022-01-23,MarketResult_SEM-DA_PWR-MRC-D+1_20220122110000_20220122113616.csv
2022-01-23T07:00:00Z,1.0,182.78,2022-01-23,MarketResult_SEM-DA_PWR-MRC-D+1_20220122110000_20220122113616.csv
2022-01-23T08:00:00Z,1.0,193.0,2022-01-23,MarketResult_SEM-DA_PWR-MRC-D+1_20220122110000_20220122113616.csv
2022-01-23T09:00:00Z,1.0,211.0,2022-01-23,MarketResult_SEM-DA_PWR-MRC-D+1_20220122110000_20220122113616.csv
2022-01-23T10:00:00Z,1.0,202.75,2022-01-23,MarketResult_SEM-DA_PWR-MRC-D+1_20220122110000_20220122113616.csv
2022-01-23T11:00:00Z,1.0,211.68,2022-01-23,MarketResult_SEM-DA_PWR-MRC-D+1_20220122110000_20220122113616.csv
2022-01-23T12:00:00Z,1.0,214.28,2022-01-23,MarketResult_SEM-DA_PWR-MRC-D+1_20220122110000_20220122113616.csv
2022-01-23T13:00:00Z,1.0,196.0,2022-01-23,MarketResult_SEM-DA_PWR-MRC-D+1_20220122110000_20220122113616.csv
2022-01-23T14:00:00Z,1.0,199.0,2022-01-23,MarketResult_SEM-DA_PWR-MRC-D+1_20220122110000_20220122113616.csv
2022-01-23T15:00:00Z,1.0,190.3,2022-01-23,MarketResult_SEM-DA_PWR-MRC-D+1_20220122110000_20220122113616.csv
2022-01-23T16:00:00Z,1.0,203.0,2022-01-23,MarketResult_SEM-DA_PWR-MRC-D+1_20220122110000_20220122113616.csv
2022-01-23T17:00:00Z,1.0,232.62,2022-01-23,MarketResult_SEM-DA_PWR-MRC-D+1_20220122110000_20220122113616.csv
2022-01-23T18:00:00Z,1.0,222.28,2022-01-23,MarketResult_SEM-DA_PWR-MRC-D+1_20220122110000_20220122113616.csv
2022-01-23T19:00:00Z,1.0,201.77,2022-01-23,MarketResult_SEM-DA_PWR-MRC-D+1_20220122110000_20220122113616.csv
2022-01-23T20:00:00Z,1.0,181.76,2022-01-23,MarketResult_SEM-DA_PWR-MRC-D+1_20220122110000_20220122113616.csv
2022-01-23T21:00:00Z,1.0,196.1,2022-01-23,MarketResult_SEM-DA_PWR-MRC-D+1_20220122110000_20220122113616.csv
2022-01-23T22:00:00Z,1.0,166.04,2022-01-23,MarketResult_SEM-DA_PWR-MRC-D+1_20220122110000_20220122113616.csv
2022-01-23T23:00:00Z,1.0,173.64,2022-01-24,MarketResult_SEM-DA_PWR-MRC-D+1_20220123110000_20220123113453.csv
2022-01-24T00:00:00Z,1.0,174.54,2022-01-24,MarketResult_SEM-DA_PWR-MRC-D+1_20220123110000_20220123113453.csv
2022-01-24T01:00:00Z,1.0,179.0,2022-01-24,MarketResult_SEM-DA_PWR-MRC-D+1_20220123110000_20220123113453.csv
2022-01-24T02:00:00Z,1.0,177.0,2022-01-24,MarketResult_SEM-DA_PWR-MRC-D+1_20220123110000_20220123113453.csv
2022-01-24T03:00:00Z,1.0,177.0,2022-01-24,MarketResult_SEM-DA_PWR-MRC-D+1_20220123110000_20220123113453.csv
2022-01-24T04:00:00Z,1.0,179.5,2022-01-24,MarketResult_SEM-DA_PWR-MRC-D+1_20220123110000_20220123113453.csv
2022-01-24T05:00:00Z,1.0,190.2,2022-01-24,MarketResult_SEM-DA_PWR-MRC-D+1_20220123110000_20220123113453.csv
2022-01-24T06:00:00Z,1.0,212.0,2022-01-24,MarketResult_SEM-DA_PWR-MRC-D+1_20220123110000_20220123113453.csv
2022-01-24T07:00:00Z,1.0,233.01,2022-01-24,MarketResult_SEM-DA_PWR-MRC-D+1_20220123110000_20220123113453.csv
2022-01-24T08:00:00Z,1.0,235.0,2022-01-24,MarketResult_SEM-DA_PWR-MRC-D+1_20220123110000_20220123113453.csv
2022-01-24T09:00:00Z,1.0,235.82,2022-01-24,MarketResult_SEM-DA_PWR-MRC-D+1_20220123110000_20220123113453.csv
2022-01-24T10:00:00Z,1.0,235.0,2022-01-24,MarketResult_SEM-DA_PWR-MRC-D+1_20220123110000_20220123113453.csv
2022-01-24T11:00:00Z,1.0,241.83,2022-01-24,MarketResult_SEM-DA_PWR-MRC-D+1_20220123110000_20220123113453.csv
2022-01-24T12:00:00Z,1.0,241.97,2022-01-24,MarketResult_SEM-DA_PWR-MRC-D+1_20220123110000_20220123113453.csv
2022-01-24T13:00:00Z,1.0,246.32,2022-01-24,MarketResult_SEM-DA_PWR-MRC-D+1_20220123110000_20220123113453.csv
2022-01-24T14:00:00Z,1.0,249.88,2022-01-24,MarketResult_SEM-DA_PWR-MRC-D+1_20220123110000_20220123113453.csv
2022-01-24T15:00:00Z,1.0,247.71,2022-01-24,MarketResult_SEM-DA_PWR-MRC-D+1_20220123110000_20220123113453.csv
2022-01-24T16:00:00Z,1.0,289.0,2022-01-24,MarketResult_SEM-DA_PWR-MRC-D+1_20220123110000_20220123113453.csv
2022-01-24T17:00:00Z,1.0,380.97,2022-01-24,MarketResult_SEM-DA_PWR-MRC-D+1_20220123110000_20220123113453.csv
2022-01-24T18:00:00Z,1.0,372.77,2022-01-24,MarketResult_SEM-DA_PWR-MRC-D+1_20220123110000_20220123113453.csv
2022-01-24T19:00:00Z,1.0,300.0,2022-01-24,MarketResult_SEM-DA_PWR-MRC-D+1_20220123110000_20220123113453.csv
2022-01-24T20:00:00Z,1.0,241.33,2022-01-24,MarketResult_SEM-DA_PWR-MRC-D+1_20220123110000_20220123113453.csv
2022-01-24T21:00:00Z,1.0,221.43,2022-01-24,MarketResult_SEM-DA_PWR-MRC-D+1_20220123110000_20220123113453.csv
2022-01-24T22:00:00Z,1.0,201.38,2022-01-24,MarketResult_SEM-DA_PWR-MRC-D+1_20220123110000_20220123113453.csv
2022-01-24T23:00:00Z,1.0,215.25,2022-01-25,MarketResult_SEM-DA_PWR-MRC-D+1_20220124110000_20220124113549.csv
2022-01-25T00:00:00Z,1.0,208.7,2022-01-25,MarketResult_SEM-DA_PWR-MRC-D+1_20220124110000_20220124113549.csv
2022-01-25T01:00:00Z,1.0,206.19,2022-01-25,MarketResult_SEM-DA_PWR-MRC-D+1_20220124110000_20220124113549.csv
2022-01-25T02:00:00Z,1.0,200.0,2022-01-25,MarketResult_SEM-DA_PWR-MRC-D+1_20220124110000_20220124113549.csv
2022-01-25T03:00:00Z,1.0,199.36,2022-01-25,MarketResult_SEM-DA_PWR-MRC-D+1_20220124110000_20220124113549.csv
2022-01-25T04:00:00Z,1.0,200.41,2022-01-25,MarketResult_SEM-DA_PWR-MRC-D+1_20220124110000_20220124113549.csv
2022-01-25T05:00:00Z,1.0,212.03,2022-01-25,MarketResult_SEM-DA_PWR-MRC-D+1_20220124110000_20220124113549.csv
2022-01-25T06:00:00Z,1.0,223.44,2022-01-25,MarketResult_SEM-DA_PWR-MRC-D+1_20220124110000_20220124113549.csv
2022-01-25T07:00:00Z,1.0,255.0,2022-01-25,MarketResult_SEM-DA_PWR-MRC-D+1_20220124110000_20220124113549.csv
2022-01-25T08:00:00Z,1.0,284.0,2022-01-25,MarketResult_SEM-DA_PWR-MRC-D+1_20220124110000_20220124113549.csv
2022-01-25T09:00:00Z,1.0,302.5,2022-01-25,MarketResult_SEM-DA_PWR-MRC-D+1_20220124110000_20220124113549.csv
2022-01-25T10:00:00Z,1.0,294.0,2022-01-25,MarketResult_SEM-DA_PWR-MRC-D+1_20220124110000_20220124113549.csv
2022-01-25T11:00:00Z,1.0,292.0,2022-01-25,MarketResult_SEM-DA_PWR-MRC-D+1_20220124110000_20220124113549.csv
2022-01-25T12:00:00Z,1.0,294.0,2022-01-25,MarketResult_SEM-DA_PWR-MRC-D+1_20220124110000_20220124113549.csv
2022-01-25T13:00:00Z,1.0,292.0,2022-01-25,MarketResult_SEM-DA_PWR-MRC-D+1_20220124110000_20220124113549.csv
2022-01-25T14:00:00Z,1.0,288.0,2022-01-25,MarketResult_SEM-DA_PWR-MRC-D+1_20220124110000_20220124113549.csv
2022-01-25T15:00:00Z,1.0,274.0,2022-01-25,MarketResult_SEM-DA_PWR-MRC-D+1_20220124110000_20220124113549.csv
2022-01-25T16:00:00Z,1.0,320.76,2022-01-25,MarketResult_SEM-DA_PWR-MRC-D+1_20220124110000_20220124113549.csv
2022-01-25T17:00:00Z,1.0,378.0,2022-01-25,MarketResult_SEM-DA_PWR-MRC-D+1_20220124110000_20220124113549.csv
2022-01-25T18:00:00Z,1.0,345.0,2022-01-25,MarketResult_SEM-DA_PWR-MRC-D+1_20220124110000_20220124113549.csv
2022-01-25T19:00:00Z,1.0,300.0,2022-01-25,MarketResult_SEM-DA_PWR-MRC-D+1_20220124110000_20220124113549.csv
2022-01-25T20:00:00Z,1.0,252.4,2022-01-25,MarketResult_SEM-DA_PWR-MRC-D+1_20220124110000_20220124113549.csv
2022-01-25T21:00:00Z,1.0,223.12,2022-01-25,MarketResult_SEM-DA_PWR-MRC-D+1_20220124110000_20220124113549.csv
2022-01-25T22:00:00Z,1.0,201.05,2022-01-25,MarketResult_SEM-DA_PWR-MRC-D+1_20220124110000_20220124113549.csv
2022-01-25T23:00:00Z,1.0,282.0,2022-01-26,MarketResult_SEM-DA_PWR-MRC-D+1_20220125110000_20220125113614.csv
2022-01-26T00:00:00Z,1.0,311.0,2022-01-26,MarketResult_SEM-DA_PWR-MRC-D+1_20220125110000_20220125113614.csv
2022-01-26T01:00:00Z,1.0,260.0,2022-01-26,MarketResult_SEM-DA_PWR-MRC-D+1_20220125110000_20220125113614.csv
2022-01-26T02:00:00Z,1.0,232.0,2022-01-26,MarketResult_SEM-DA_PWR-MRC-D+1_20220125110000_20220125113614.csv
2022-01-26T03:00:00Z,1.0,215.8,2022-01-26,MarketResult_SEM-DA_PWR-MRC-D+1_20220125110000_20220125113614.csv
2022-01-26T04:00:00Z,1.0,215.8,2022-01-26,MarketResult_SEM-DA_PWR-MRC-D+1_20220125110000_20220125113614.csv
2022-01-26T05:00:00Z,1.0,228.66,2022-01-26,MarketResult_SEM-DA_PWR-MRC-D+1_20220125110000_20220125113614.csv
2022-01-26T06:00:00Z,1.0,262.96,2022-01-26,MarketResult_SEM-DA_PWR-MRC-D+1_20220125110000_20220125113614.csv
2022-01-26T07:00:00Z,1.0,309.18,2022-01-26,MarketResult_SEM-DA_PWR-MRC-D+1_20220125110000_20220125113614.csv
2022-01-26T08:00:00Z,1.0,331.0,2022-01-26,MarketResult_SEM-DA_PWR-MRC-D+1_20220125110000_20220125113614.csv
2022-01-26T09:00:00Z,1.0,316.51,2022-01-26,MarketResult_SEM-DA_PWR-MRC-D+1_20220125110000_20220125113614.csv
2022-01-26T10:00:00Z,1.0,268.48,2022-01-26,MarketResult_SEM-DA_PWR-MRC-D+1_20220125110000_20220125113614.csv
2022-01-26T11:00:00Z,1.0,240.27,2022-01-26,MarketResult_SEM-DA_PWR-MRC-D+1_20220125110000_20220125113614.csv
2022-01-26T12:00:00Z,1.0,228.66,2022-01-26,MarketResult_SEM-DA_PWR-MRC-D+1_20220125110000_20220125113614.csv
2022-01-26T13:00:00Z,1.0,213.0,2022-01-26,MarketResult_SEM-DA_PWR-MRC-D+1_20220125110000_20220125113614.csv
2022-01-26T14:00:00Z,1.0,209.49,2022-01-26,MarketResult_SEM-DA_PWR-MRC-D+1_20220125110000_20220125113614.csv
2022-01-26T15:00:00Z,1.0,204.0,2022-01-26,MarketResult_SEM-DA_PWR-MRC-D+1_20220125110000_20220125113614.csv
2022-01-26T16:00:00Z,1.0,233.0,2022-01-26,MarketResult_SEM-DA_PWR-MRC-D+1_20220125110000_20220125113614.csv
2022-01-26T17:00:00Z,1.0,260.0,2022-01-26,MarketResult_SEM-DA_PWR-MRC-D+1_20220125110000_20220125113614.csv
2022-01-26T18:00:00Z,1.0,232.0,2022-01-26,MarketResult_SEM-DA_PWR-MRC-D+1_20220125110000_20220125113614.csv
2022-01-26T19:00:00Z,1.0,235.0,2022-01-26,MarketResult_SEM-DA_PWR-MRC-D+1_20220125110000_20220125113614.csv
2022-01-26T20:00:00Z,1.0,221.99,2022-01-26,MarketResult_SEM-DA_PWR-MRC-D+1_20220125110000_20220125113614.csv
2022-01-26T21:00:00Z,1.0,210.32,2022-01-26,MarketResult_SEM-DA_PWR-MRC-D+1_20220125110000_20220125113614.csv
2022-01-26T22:00:00Z,1.0,164.0,2022-01-26,MarketResult_SEM-DA_PWR-MRC-D+1_20220125110000_20220125113614.csv
2022-01-26T23:00:00Z,1.0,198.0,2022-01-27,MarketResult_SEM-DA_PWR-MRC-D+1_20220126110000_20220126113653.csv
2022-01-27T00:00:00Z,1.0,189.21,2022-01-27,MarketResult_SEM-DA_PWR-MRC-D+1_20220126110000_20220126113653.csv
2022-01-27T01:00:00Z,1.0,201.0,2022-01-27,MarketResult_SEM-DA_PWR-MRC-D+1_20220126110000_20220126113653.csv
2022-01-27T02:00:00Z,1.0,175.03,2022-01-27,MarketResult_SEM-DA_PWR-MRC-D+1_20220126110000_20220126113653.csv
2022-01-27T03:00:00Z,1.0,175.03,2022-01-27,MarketResult_SEM-DA_PWR-MRC-D+1_20220126110000_20220126113653.csv
2022-01-27T04:00:00Z,1.0,182.0,2022-01-27,MarketResult_SEM-DA_PWR-MRC-D+1_20220126110000_20220126113653.csv
2022-01-27T05:00:00Z,1.0,217.0,2022-01-27,MarketResult_SEM-DA_PWR-MRC-D+1_20220126110000_20220126113653.csv
2022-01-27T06:00:00Z,1.0,235.03,2022-01-27,MarketResult_SEM-DA_PWR-MRC-D+1_20220126110000_20220126113653.csv
2022-01-27T07:00:00Z,1.0,217.36,2022-01-27,MarketResult_SEM-DA_PWR-MRC-D+1_20220126110000_20220126113653.csv
2022-01-27T08:00:00Z,1.0,224.21,2022-01-27,MarketResult_SEM-DA_PWR-MRC-D+1_20220126110000_20220126113653.csv
2022-01-27T09:00:00Z,1.0,251.0,2022-01-27,MarketResult_SEM-DA_PWR-MRC-D+1_20220126110000_20220126113653.csv
2022-01-27T10:00:00Z,1.0,254.0,2022-01-27,MarketResult_SEM-DA_PWR-MRC-D+1_20220126110000_20220126113653.csv
2022-01-27T11:00:00Z,1.0,237.0,2022-01-27,MarketResult_SEM-DA_PWR-MRC-D+1_20220126110000_20220126113653.csv
2022-01-27T12:00:00Z,1.0,223.27,2022-01-27,MarketResult_SEM-DA_PWR-MRC-D+1_20220126110000_20220126113653.csv
2022-01-27T13:00:00Z,1.0,213.41,2022-01-27,MarketResult_SEM-DA_PWR-MRC-D+1_20220126110000_20220126113653.csv
2022-01-27T14:00:00Z,1.0,209.0,2022-01-27,MarketResult_SEM-DA_PWR-MRC-D+1_20220126110000_20220126113653.csv
2022-01-27T15:00:00Z,1.0,216.5,2022-01-27,MarketResult_SEM-DA_PWR-MRC-D+1_20220126110000_20220126113653.csv
2022-01-27T16:00:00Z,1.0,253.0,2022-01-27,MarketResult_SEM-DA_PWR-MRC-D+1_20220126110000_20220126113653.csv
2022-01-27T17:00:00Z,1.0,314.0,2022-01-27,MarketResult_SEM-DA_PWR-MRC-D+1_20220126110000_20220126113653.csv
2022-01-27T18:00:00Z,1.0,321.0,2022-01-27,MarketResult_SEM-DA_PWR-MRC-D+1_20220126110000_20220126113653.csv
2022-01-27T19:00:00Z,1.0,319.21,2022-01-27,MarketResult_SEM-DA_PWR-MRC-D+1_20220126110000_20220126113653.csv
2022-01-27T20:00:00Z,1.0,280.82,2022-01-27,MarketResult_SEM-DA_PWR-MRC-D+1_20220126110000_20220126113653.csv
2022-01-27T21:00:00Z,1.0,257.0,2022-01-27,MarketResult_SEM-DA_PWR-MRC-D+1_20220126110000_20220126113653.csv
2022-01-27T22:00:00Z,1.0,235.0,2022-01-27,MarketResult_SEM-DA_PWR-MRC-D+1_20220126110000_20220126113653.csv
2022-01-27T23:00:00Z,1.0,275.0,2022-01-28,MarketResult_SEM-DA_PWR-MRC-D+1_20220127110000_20220127113522.csv
2022-01-28T00:00:00Z,1.0,235.0,2022-01-28,MarketResult_SEM-DA_PWR-MRC-D+1_20220127110000_20220127113522.csv
2022-01-28T01:00:00Z,1.0,234.85,2022-01-28,MarketResult_SEM-DA_PWR-MRC-D+1_20220127110000_20220127113522.csv
2022-01-28T02:00:00Z,1.0,213.01,2022-01-28,MarketResult_SEM-DA_PWR-MRC-D+1_20220127110000_20220127113522.csv
2022-01-28T03:00:00Z,1.0,208.36,2022-01-28,MarketResult_SEM-DA_PWR-MRC-D+1_20220127110000_20220127113522.csv
2022-01-28T04:00:00Z,1.0,208.0,2022-01-28,MarketResult_SEM-DA_PWR-MRC-D+1_20220127110000_20220127113522.csv
2022-01-28T05:00:00Z,1.0,205.65,2022-01-28,MarketResult_SEM-DA_PWR-MRC-D+1_20220127110000_20220127113522.csv
2022-01-28T06:00:00Z,1.0,217.04,2022-01-28,MarketResult_SEM-DA_PWR-MRC-D+1_20220127110000_20220127113522.csv
2022-01-28T07:00:00Z,1.0,298.0,2022-01-28,MarketResult_SEM-DA_PWR-MRC-D+1_20220127110000_20220127113522.csv
2022-01-28T08:00:00Z,1.0,299.0,2022-01-28,MarketResult_SEM-DA_PWR-MRC-D+1_20220127110000_20220127113522.csv
2022-01-28T09:00:00Z,1.0,275.0,2022-01-28,MarketResult_SEM-DA_PWR-MRC-D+1_20220127110000_20220127113522.csv
2022-01-28T10:00:00Z,1.0,230.47,2022-01-28,MarketResult_SEM-DA_PWR-MRC-D+1_20220127110000_20220127113522.csv
2022-01-28T11:00:00Z,1.0,220.0,2022-01-28,MarketResult_SEM-DA_PWR-MRC-D+1_20220127110000_20220127113522.csv
2022-01-28T12:00:00Z,1.0,210.0,2022-01-28,MarketResult_SEM-DA_PWR-MRC-D+1_20220127110000_20220127113522.csv
2022-01-28T13:00:00Z,1.0,207.94,2022-01-28,MarketResult_SEM-DA_PWR-MRC-D+1_20220127110000_20220127113522.csv
2022-01-28T14:00:00Z,1.0,206.04,2022-01-28,MarketResult_SEM-DA_PWR-MRC-D+1_20220127110000_20220127113522.csv
2022-01-28T15:00:00Z,1.0,193.39,2022-01-28,MarketResult_SEM-DA_PWR-MRC-D+1_20220127110000_20220127113522.csv
2022-01-28T16:00:00Z,1.0,212.0,2022-01-28,MarketResult_SEM-DA_PWR-MRC-D+1_20220127110000_20220127113522.csv
2022-01-28T17:00:00Z,1.0,242.0,2022-01-28,MarketResult_SEM-DA_PWR-MRC-D+1_20220127110000_20220127113522.csv
2022-01-28T18:00:00Z,1.0,209.18,2022-01-28,MarketResult_SEM-DA_PWR-MRC-D+1_20220127110000_20220127113522.csv
2022-01-28T19:00:00Z,1.0,207.94,2022-01-28,MarketResult_SEM-DA_PWR-MRC-D+1_20220127110000_20220127113522.csv
2022-01-28T20:00:00Z,1.0,203.43,2022-01-28,MarketResult_SEM-DA_PWR-MRC-D+1_20220127110000_20220127113522.csv
2022-01-28T21:00:00Z,1.0,192.37,2022-01-28,MarketResult_SEM-DA_PWR-MRC-D+1_20220127110000_20220127113522.csv
2022-01-28T22:00:00Z,1.0,163.84,2022-01-28,MarketResult_SEM-DA_PWR-MRC-D+1_20220127110000_20220127113522.csv
2022-01-28T23:00:00Z,1.0,140.0,2022-01-29,MarketResult_SEM-DA_PWR-MRC-D+1_20220128110000_20220128113850.csv
2022-01-29T00:00:00Z,1.0,99.0,2022-01-29,MarketResult_SEM-DA_PWR-MRC-D+1_20220128110000_20220128113850.csv
2022-01-29T01:00:00Z,1.0,64.14,2022-01-29,MarketResult_SEM-DA_PWR-MRC-D+1_20220128110000_20220128113850.csv
2022-01-29T02:00:00Z,1.0,8.0,2022-01-29,MarketResult_SEM-DA_PWR-MRC-D+1_20220128110000_20220128113850.csv
2022-01-29T03:00:00Z,1.0,-1.29,2022-01-29,MarketResult_SEM-DA_PWR-MRC-D+1_20220128110000_20220128113850.csv
2022-01-29T04:00:00Z,1.0,-2.0,2022-01-29,MarketResult_SEM-DA_PWR-MRC-D+1_20220128110000_20220128113850.csv
2022-01-29T05:00:00Z,1.0,-2.07,2022-01-29,MarketResult_SEM-DA_PWR-MRC-D+1_20220128110000_20220128113850.csv
2022-01-29T06:00:00Z,1.0,15.0,2022-01-29,MarketResult_SEM-DA_PWR-MRC-D+1_20220128110000_20220128113850.csv
2022-01-29T07:00:00Z,1.0,75.0,2022-01-29,MarketResult_SEM-DA_PWR-MRC-D+1_20220128110000_20220128113850.csv
2022-01-29T08:00:00Z,1.0,124.3,2022-01-29,MarketResult_SEM-DA_PWR-MRC-D+1_20220128110000_20220128113850.csv
2022-01-29T09:00:00Z,1.0,179.35,2022-01-29,MarketResult_SEM-DA_PWR-MRC-D+1_20220128110000_20220128113850.csv
2022-01-29T10:00:00Z,1.0,194.0,2022-01-29,MarketResult_SEM-DA_PWR-MRC-D+1_20220128110000_20220128113850.csv
2022-01-29T11:00:00Z,1.0,207.98,2022-01-29,MarketResult_SEM-DA_PWR-MRC-D+1_20220128110000_20220128113850.csv
2022-01-29T12:00:00Z,1.0,210.12,2022-01-29,MarketResult_SEM-DA_PWR-MRC-D+1_20220128110000_20220128113850.csv
2022-01-29T13:00:00Z,1.0,195.73,2022-01-29,MarketResult_SEM-DA_PWR-MRC-D+1_20220128110000_20220128113850.csv
2022-01-29T14:00:00Z,1.0,193.46,2022-01-29,MarketResult_SEM-DA_PWR-MRC-D+1_20220128110000_20220128113850.csv
2022-01-29T15:00:00Z,1.0,209.05,2022-01-29,MarketResult_SEM-DA_PWR-MRC-D+1_20220128110000_20220128113850.csv
2022-01-29T16:00:00Z,1.0,225.02,2022-01-29,MarketResult_SEM-DA_PWR-MRC-D+1_20220128110000_20220128113850.csv
2022-01-29T17:00:00Z,1.0,299.0,2022-01-29,MarketResult_SEM-DA_PWR-MRC-D+1_20220128110000_20220128113850.csv
2022-01-29T18:00:00Z,1.0,335.0,2022-01-29,MarketResult_SEM-DA_PWR-MRC-D+1_20220128110000_20220128113850.csv
2022-01-29T19:00:00Z,1.0,299.0,2022-01-29,MarketResult_SEM-DA_PWR-MRC-D+1_20220128110000_20220128113850.csv
2022-01-29T20:00:00Z,1.0,294.81,2022-01-29,MarketResult_SEM-DA_PWR-MRC-D+1_20220128110000_20220128113850.csv
2022-01-29T21:00:00Z,1.0,293.13,2022-01-29,MarketResult_SEM-DA_PWR-MRC-D+1_20220128110000_20220128113850.csv
2022-01-29T22:00:00Z,1.0,250.0,2022-01-29,MarketResult_SEM-DA_PWR-MRC-D+1_20220128110000_20220128113850.csv
2022-01-29T23:00:00Z,1.0,235.0,2022-01-30,MarketResult_SEM-DA_PWR-MRC-D+1_20220129110000_20220129113528.csv
2022-01-30T00:00:00Z,1.0,231.25,2022-01-30,MarketResult_SEM-DA_PWR-MRC-D+1_20220129110000_20220129113528.csv
2022-01-30T01:00:00Z,1.0,233.0,2022-01-30,MarketResult_SEM-DA_PWR-MRC-D+1_20220129110000_20220129113528.csv
2022-01-30T02:00:00Z,1.0,218.95,2022-01-30,MarketResult_SEM-DA_PWR-MRC-D+1_20220129110000_20220129113528.csv
2022-01-30T03:00:00Z,1.0,221.94,2022-01-30,MarketResult_SEM-DA_PWR-MRC-D+1_20220129110000_20220129113528.csv
2022-01-30T04:00:00Z,1.0,225.24,2022-01-30,MarketResult_SEM-DA_PWR-MRC-D+1_20220129110000_20220129113528.csv
2022-01-30T05:00:00Z,1.0,211.96,2022-01-30,MarketResult_SEM-DA_PWR-MRC-D+1_20220129110000_20220129113528.csv
2022-01-30T06:00:00Z,1.0,231.0,2022-01-30,MarketResult_SEM-DA_PWR-MRC-D+1_20220129110000_20220129113528.csv
2022-01-30T07:00:00Z,1.0,226.55,2022-01-30,MarketResult_SEM-DA_PWR-MRC-D+1_20220129110000_20220129113528.csv
2022-01-30T08:00:00Z,1.0,243.89,2022-01-30,MarketResult_SEM-DA_PWR-MRC-D+1_20220129110000_20220129113528.csv
2022-01-30T09:00:00Z,1.0,293.89,2022-01-30,MarketResult_SEM-DA_PWR-MRC-D+1_20220129110000_20220129113528.csv
2022-01-30T10:00:00Z,1.0,280.63,2022-01-30,MarketResult_SEM-DA_PWR-MRC-D+1_20220129110000_20220129113528.csv
2022-01-30T11:00:00Z,1.0,268.0,2022-01-30,MarketResult_SEM-DA_PWR-MRC-D+1_20220129110000_20220129113528.csv
2022-01-30T12:00:00Z,1.0,224.0,2022-01-30,MarketResult_SEM-DA_PWR-MRC-D+1_20220129110000_20220129113528.csv
2022-01-30T13:00:00Z,1.0,196.02,2022-01-30,MarketResult_SEM-DA_PWR-MRC-D+1_20220129110000_20220129113528.csv
2022-01-30T14:00:00Z,1.0,161.0,2022-01-30,MarketResult_SEM-DA_PWR-MRC-D+1_20220129110000_20220129113528.csv
2022-01-30T15:00:00Z,1.0,156.47,2022-01-30,MarketResult_SEM-DA_PWR-MRC-D+1_20220129110000_20220129113528.csv
2022-01-30T16:00:00Z,1.0,163.27,2022-01-30,MarketResult_SEM-DA_PWR-MRC-D+1_20220129110000_20220129113528.csv
2022-01-30T17:00:00Z,1.0,188.53,2022-01-30,MarketResult_SEM-DA_PWR-MRC-D+1_20220129110000_20220129113528.csv
2022-01-30T18:00:00Z,1.0,199.0,2022-01-30,MarketResult_SEM-DA_PWR-MRC-D+1_20220129110000_20220129113528.csv
2022-01-30T19:00:00Z,1.0,182.18,2022-01-30,MarketResult_SEM-DA_PWR-MRC-D+1_20220129110000_20220129113528.csv
2022-01-30T20:00:00Z,1.0,165.25,2022-01-30,MarketResult_SEM-DA_PWR-MRC-D+1_20220129110000_20220129113528.csv
2022-01-30T21:00:00Z,1.0,156.39,2022-01-30,MarketResult_SEM-DA_PWR-MRC-D+1_20220129110000_20220129113528.csv
2022-01-30T22:00:00Z,1.0,120.0,2022-01-30,MarketResult_SEM-DA_PWR-MRC-D+1_20220129110000_20220129113528.csv
2022-01-30T23:00:00Z,1.0,105.98,2022-01-31,MarketResult_SEM-DA_PWR-MRC-D+1_20220130110000_20220130113548.csv
2022-01-31T00:00:00Z,1.0,110.79,2022-01-31,MarketResult_SEM-DA_PWR-MRC-D+1_20220130110000_20220130113548.csv
2022-01-31T01:00:00Z,1.0,98.93,2022-01-31,MarketResult_SEM-DA_PWR-MRC-D+1_20220130110000_20220130113548.csv
2022-01-31T02:00:00Z,1.0,80.85,2022-01-31,MarketResult_SEM-DA_PWR-MRC-D+1_20220130110000_20220130113548.csv
2022-01-31T03:00:00Z,1.0,73.21,2022-01-31,MarketResult_SEM-DA_PWR-MRC-D+1_20220130110000_20220130113548.csv
2022-01-31T04:00:00Z,1.0,80.02,2022-01-31,MarketResult_SEM-DA_PWR-MRC-D+1_20220130110000_20220130113548.csv
2022-01-31T05:00:00Z,1.0,143.22,2022-01-31,MarketResult_SEM-DA_PWR-MRC-D+1_20220130110000_20220130113548.csv
2022-01-31T06:00:00Z,1.0,206.0,2022-01-31,MarketResult_SEM-DA_PWR-MRC-D+1_20220130110000_20220130113548.csv
2022-01-31T07:00:00Z,1.0,263.32,2022-01-31,MarketResult_SEM-DA_PWR-MRC-D+1_20220130110000_20220130113548.csv
2022-01-31T08:00:00Z,1.0,257.42,2022-01-31,MarketResult_SEM-DA_PWR-MRC-D+1_20220130110000_20220130113548.csv
2022-01-31T09:00:00Z,1.0,266.53,2022-01-31,MarketResult_SEM-DA_PWR-MRC-D+1_20220130110000_20220130113548.csv
2022-01-31T10:00:00Z,1.0,257.06,2022-01-31,MarketResult_SEM-DA_PWR-MRC-D+1_20220130110000_20220130113548.csv
2022-01-31T11:00:00Z,1.0,255.53,2022-01-31,MarketResult_SEM-DA_PWR-MRC-D+1_20220130110000_20220130113548.csv
2022-01-31T12:00:00Z,1.0,245.0,2022-01-31,MarketResult_SEM-DA_PWR-MRC-D+1_20220130110000_20220130113548.csv
2022-01-31T13:00:00Z,1.0,234.0,2022-01-31,MarketResult_SEM-DA_PWR-MRC-D+1_20220130110000_20220130113548.csv
2022-01-31T14:00:00Z,1.0,226.43,2022-01-31,MarketResult_SEM-DA_PWR-MRC-D+1_20220130110000_20220130113548.csv
2022-01-31T15:00:00Z,1.0,224.81,2022-01-31,MarketResult_SEM-DA_PWR-MRC-D+1_20220130110000_20220130113548.csv
2022-01-31T16:00:00Z,1.0,252.53,2022-01-31,MarketResult_SEM-DA_PWR-MRC-D+1_20220130110000_20220130113548.csv
2022-01-31T17:00:00Z,1.0,323.0,2022-01-31,MarketResult_SEM-DA_PWR-MRC-D+1_20220130110000_20220130113548.csv
2022-01-31T18:00:00Z,1.0,313.0,2022-01-31,MarketResult_SEM-DA_PWR-MRC-D+1_20220130110000_20220130113548.csv
2022-01-31T19:00:00Z,1.0,278.0,2022-01-31,MarketResult_SEM-DA_PWR-MRC-D+1_20220130110000_20220130113548.csv
2022-01-31T20:00:00Z,1.0,231.0,2022-01-31,MarketResult_SEM-DA_PWR-MRC-D+1_20220130110000_20220130113548.csv
2022-01-31T21:00:00Z,1.0,207.8,2022-01-31,MarketResult_SEM-DA_PWR-MRC-D+1_20220130110000_20220130113548.csv
2022-01-31T22:00:00Z,1.0,190.79,2022-01-31,MarketResult_SEM-DA_PWR-MRC-D+1_20220130110000_20220130113548.csv
2022-01-31T23:00:00Z,1.0,154.64,2022-02-01,MarketResult_SEM-DA_PWR-MRC-D+1_20220131110000_20220131114126.csv
2022-02-01T00:00:00Z,1.0,120.0,2022-02-01,MarketResult_SEM-DA_PWR-MRC-D+1_20220131110000_20220131114126.csv
2022-02-01T01:00:00Z,1.0,106.21,2022-02-01,MarketResult_SEM-DA_PWR-MRC-D+1_20220131110000_20220131114126.csv
2022-02-01T02:00:00Z,1.0,94.0,2022-02-01,MarketResult_SEM-DA_PWR-MRC-D+1_20220131110000_20220131114126.csv
2022-02-01T03:00:00Z,1.0,82.98,2022-02-01,MarketResult_SEM-DA_PWR-MRC-D+1_20220131110000_20220131114126.csv
2022-02-01T04:00:00Z,1.0,88.0,2022-02-01,MarketResult_SEM-DA_PWR-MRC-D+1_20220131110000_20220131114126.csv
2022-02-01T05:00:00Z,1.0,99.0,2022-02-01,MarketResult_SEM-DA_PWR-MRC-D+1_20220131110000_20220131114126.csv
2022-02-01T06:00:00Z,1.0,120.0,2022-02-01,MarketResult_SEM-DA_PWR-MRC-D+1_20220131110000_20220131114126.csv
2022-02-01T07:00:00Z,1.0,192.0,2022-02-01,MarketResult_SEM-DA_PWR-MRC-D+1_20220131110000_20220131114126.csv
2022-02-01T08:00:00Z,1.0,210.0,2022-02-01,MarketResult_SEM-DA_PWR-MRC-D+1_20220131110000_20220131114126.csv
2022-02-01T09:00:00Z,1.0,219.0,2022-02-01,MarketResult_SEM-DA_PWR-MRC-D+1_20220131110000_20220131114126.csv
2022-02-01T10:00:00Z,1.0,210.0,2022-02-01,MarketResult_SEM-DA_PWR-MRC-D+1_20220131110000_20220131114126.csv
2022-02-01T11:00:00Z,1.0,210.0,2022-02-01,MarketResult_SEM-DA_PWR-MRC-D+1_20220131110000_20220131114126.csv
2022-02-01T12:00:00Z,1.0,200.0,2022-02-01,MarketResult_SEM-DA_PWR-MRC-D+1_20220131110000_20220131114126.csv
2022-02-01T13:00:00Z,1.0,192.0,2022-02-01,MarketResult_SEM-DA_PWR-MRC-D+1_20220131110000_20220131114126.csv
2022-02-01T14:00:00Z,1.0,185.0,2022-02-01,MarketResult_SEM-DA_PWR-MRC-D+1_20220131110000_20220131114126.csv
2022-02-01T15:00:00Z,1.0,187.0,2022-02-01,MarketResult_SEM-DA_PWR-MRC-D+1_20220131110000_20220131114126.csv
2022-02-01T16:00:00Z,1.0,197.97,2022-02-01,MarketResult_SEM-DA_PWR-MRC-D+1_20220131110000_20220131114126.csv
2022-02-01T17:00:00Z,1.0,267.0,2022-02-01,MarketResult_SEM-DA_PWR-MRC-D+1_20220131110000_20220131114126.csv
2022-02-01T18:00:00Z,1.0,268.0,2022-02-01,MarketResult_SEM-DA_PWR-MRC-D+1_20220131110000_20220131114126.csv
2022-02-01T19:00:00Z,1.0,275.0,2022-02-01,MarketResult_SEM-DA_PWR-MRC-D+1_20220131110000_20220131114126.csv
2022-02-01T20:00:00Z,1.0,205.0,2022-02-01,MarketResult_SEM-DA_PWR-MRC-D+1_20220131110000_20220131114126.csv
2022-02-01T21:00:00Z,1.0,215.0,2022-02-01,MarketResult_SEM-DA_PWR-MRC-D+1_20220131110000_20220131114126.csv
2022-02-01T22:00:00Z,1.0,192.0,2022-02-01,MarketResult_SEM-DA_PWR-MRC-D+1_20220131110000_20220131114126.csv
2022-02-01T23:00:00Z,1.0,174.4,2022-02-02,MarketResult_SEM-DA_PWR-MRC-D+1_20220201110000_20220201113701.csv
2022-02-02T00:00:00Z,1.0,171.0,2022-02-02,MarketResult_SEM-DA_PWR-MRC-D+1_20220201110000_20220201113701.csv
2022-02-02T01:00:00Z,1.0,171.0,2022-02-02,MarketResult_SEM-DA_PWR-MRC-D+1_20220201110000_20220201113701.csv
2022-02-02T02:00:00Z,1.0,163.36,2022-02-02,MarketResult_SEM-DA_PWR-MRC-D+1_20220201110000_20220201113701.csv
2022-02-02T03:00:00Z,1.0,166.61,2022-02-02,MarketResult_SEM-DA_PWR-MRC-D+1_20220201110000_20220201113701.csv
2022-02-02T04:00:00Z,1.0,172.0,2022-02-02,MarketResult_SEM-DA_PWR-MRC-D+1_20220201110000_20220201113701.csv
2022-02-02T05:00:00Z,1.0,179.89,2022-02-02,MarketResult_SEM-DA_PWR-MRC-D+1_20220201110000_20220201113701.csv
2022-02-02T06:00:00Z,1.0,196.69,2022-02-02,MarketResult_SEM-DA_PWR-MRC-D+1_20220201110000_20220201113701.csv
2022-02-02T07:00:00Z,1.0,213.28,2022-02-02,MarketResult_SEM-DA_PWR-MRC-D+1_20220201110000_20220201113701.csv
2022-02-02T08:00:00Z,1.0,232.0,2022-02-02,MarketResult_SEM-DA_PWR-MRC-D+1_20220201110000_20220201113701.csv
2022-02-02T09:00:00Z,1.0,240.0,2022-02-02,MarketResult_SEM-DA_PWR-MRC-D+1_20220201110000_20220201113701.csv
2022-02-02T10:00:00Z,1.0,228.0,2022-02-02,MarketResult_SEM-DA_PWR-MRC-D+1_20220201110000_20220201113701.csv
2022-02-02T11:00:00Z,1.0,222.34,2022-02-02,MarketResult_SEM-DA_PWR-MRC-D+1_20220201110000_20220201113701.csv
2022-02-02T12:00:00Z,1.0,215.0,2022-02-02,MarketResult_SEM-DA_PWR-MRC-D+1_20220201110000_20220201113701.csv
2022-02-02T13:00:00Z,1.0,207.33,2022-02-02,MarketResult_SEM-DA_PWR-MRC-D+1_20220201110000_20220201113701.csv
2022-02-02T14:00:00Z,1.0,207.0,2022-02-02,MarketResult_SEM-DA_PWR-MRC-D+1_20220201110000_20220201113701.csv
2022-02-02T15:00:00Z,1.0,217.82,2022-02-02,MarketResult_SEM-DA_PWR-MRC-D+1_20220201110000_20220201113701.csv
2022-02-02T16:00:00Z,1.0,256.56,2022-02-02,MarketResult_SEM-DA_PWR-MRC-D+1_20220201110000_20220201113701.csv
2022-02-02T17:00:00Z,1.0,292.0,2022-02-02,MarketResult_SEM-DA_PWR-MRC-D+1_20220201110000_20220201113701.csv
2022-02-02T18:00:00Z,1.0,286.17,2022-02-02,MarketResult_SEM-DA_PWR-MRC-D+1_20220201110000_20220201113701.csv
2022-02-02T19:00:00Z,1.0,259.75,2022-02-02,MarketResult_SEM-DA_PWR-MRC-D+1_20220201110000_20220201113701.csv
2022-02-02T20:00:00Z,1.0,231.0,2022-02-02,MarketResult_SEM-DA_PWR-MRC-D+1_20220201110000_20220201113701.csv
2022-02-02T21:00:00Z,1.0,208.0,2022-02-02,MarketResult_SEM-DA_PWR-MRC-D+1_20220201110000_20220201113701.csv
2022-02-02T22:00:00Z,1.0,188.3,2022-02-02,MarketResult_SEM-DA_PWR-MRC-D+1_20220201110000_20220201113701.csv
2022-02-02T23:00:00Z,1.0,193.51,2022-02-03,MarketResult_SEM-DA_PWR-MRC-D+1_20220202110000_20220202114733.csv
2022-02-03T00:00:00Z,1.0,182.0,2022-02-03,MarketResult_SEM-DA_PWR-MRC-D+1_20220202110000_20220202114733.csv
2022-02-03T01:00:00Z,1.0,175.0,2022-02-03,MarketResult_SEM-DA_PWR-MRC-D+1_20220202110000_20220202114733.csv
2022-02-03T02:00:00Z,1.0,168.0,2022-02-03,MarketResult_SEM-DA_PWR-MRC-D+1_20220202110000_20220202114733.csv
2022-02-03T03:00:00Z,1.0,157.4,2022-02-03,MarketResult_SEM-DA_PWR-MRC-D+1_20220202110000_20220202114733.csv
2022-02-03T04:00:00Z,1.0,161.0,2022-02-03,MarketResult_SEM-DA_PWR-MRC-D+1_20220202110000_20220202114733.csv
2022-02-03T05:00:00Z,1.0,168.0,2022-02-03,MarketResult_SEM-DA_PWR-MRC-D+1_20220202110000_20220202114733.csv
2022-02-03T06:00:00Z,1.0,184.25,2022-02-03,MarketResult_SEM-DA_PWR-MRC-D+1_20220202110000_20220202114733.csv
2022-02-03T07:00:00Z,1.0,218.14,2022-02-03,MarketResult_SEM-DA_PWR-MRC-D+1_20220202110000_20220202114733.csv
2022-02-03T08:00:00Z,1.0,231.2,2022-02-03,MarketResult_SEM-DA_PWR-MRC-D+1_20220202110000_20220202114733.csv
2022-02-03T09:00:00Z,1.0,226.0,2022-02-03,MarketResult_SEM-DA_PWR-MRC-D+1_20220202110000_20220202114733.csv
2022-02-03T10:00:00Z,1.0,210.0,2022-02-03,MarketResult_SEM-DA_PWR-MRC-D+1_20220202110000_20220202114733.csv
2022-02-03T11:00:00Z,1.0,192.8,2022-02-03,MarketResult_SEM-DA_PWR-MRC-D+1_20220202110000_20220202114733.csv
2022-02-03T12:00:00Z,1.0,183.0,2022-02-03,MarketResult_SEM-DA_PWR-MRC-D+1_20220202110000_20220202114733.csv
2022-02-03T13:00:00Z,1.0,177.25,2022-02-03,MarketResult_SEM-DA_PWR-MRC-D+1_20220202110000_20220202114733.csv
2022-02-03T14:00:00Z,1.0,173.42,2022-02-03,MarketResult_SEM-DA_PWR-MRC-D+1_20220202110000_20220202114733.csv
2022-02-03T15:00:00Z,1.0,173.42,2022-02-03,MarketResult_SEM-DA_PWR-MRC-D+1_20220202110000_20220202114733.csv
2022-02-03T16:00:00Z,1.0,189.73,2022-02-03,MarketResult_SEM-DA_PWR-MRC-D+1_20220202110000_20220202114733.csv
2022-02-03T17:00:00Z,1.0,224.0,2022-02-03,MarketResult_SEM-DA_PWR-MRC-D+1_20220202110000_20220202114733.csv
2022-02-03T18:00:00Z,1.0,230.0,2022-02-03,MarketResult_SEM-DA_PWR-MRC-D+1_20220202110000_20220202114733.csv
2022-02-03T19:00:00Z,1.0,218.08,2022-02-03,MarketResult_SEM-DA_PWR-MRC-D+1_20220202110000_20220202114733.csv
2022-02-03T20:00:00Z,1.0,198.43,2022-02-03,MarketResult_SEM-DA_PWR-MRC-D+1_20220202110000_20220202114733.csv
2022-02-03T21:00:00Z,1.0,194.28,2022-02-03,MarketResult_SEM-DA_PWR-MRC-D+1_20220202110000_20220202114733.csv
2022-02-03T22:00:00Z,1.0,179.26,2022-02-03,MarketResult_SEM-DA_PWR-MRC-D+1_20220202110000_20220202114733.csv
2022-02-03T23:00:00Z,1.0,186.4,2022-02-04,MarketResult_SEM-DA_PWR-MRC-D+1_20220203110000_20220203113624.csv
2022-02-04T00:00:00Z,1.0,180.02,2022-02-04,MarketResult_SEM-DA_PWR-MRC-D+1_20220203110000_20220203113624.csv
2022-02-04T01:00:00Z,1.0,176.0,2022-02-04,MarketResult_SEM-DA_PWR-MRC-D+1_20220203110000_20220203113624.csv
2022-02-04T02:00:00Z,1.0,165.0,2022-02-04,MarketResult_SEM-DA_PWR-MRC-D+1_20220203110000_20220203113624.csv
2022-02-04T03:00:00Z,1.0,160.85,2022-02-04,MarketResult_SEM-DA_PWR-MRC-D+1_20220203110000_20220203113624.csv
2022-02-04T04:00:00Z,1.0,153.69,2022-02-04,MarketResult_SEM-DA_PWR-MRC-D+1_20220203110000_20220203113624.csv
2022-02-04T05:00:00Z,1.0,157.57,2022-02-04,MarketResult_SEM-DA_PWR-MRC-D+1_20220203110000_20220203113624.csv
2022-02-04T06:00:00Z,1.0,164.27,2022-02-04,MarketResult_SEM-DA_PWR-MRC-D+1_20220203110000_20220203113624.csv
2022-02-04T07:00:00Z,1.0,226.39,2022-02-04,MarketResult_SEM-DA_PWR-MRC-D+1_20220203110000_20220203113624.csv
2022-02-04T08:00:00Z,1.0,235.0,2022-02-04,MarketResult_SEM-DA_PWR-MRC-D+1_20220203110000_20220203113624.csv
2022-02-04T09:00:00Z,1.0,233.0,2022-02-04,MarketResult_SEM-DA_PWR-MRC-D+1_20220203110000_20220203113624.csv
2022-02-04T10:00:00Z,1.0,202.0,2022-02-04,MarketResult_SEM-DA_PWR-MRC-D+1_20220203110000_20220203113624.csv
2022-02-04T11:00:00Z,1.0,188.03,2022-02-04,MarketResult_SEM-DA_PWR-MRC-D+1_20220203110000_20220203113624.csv
2022-02-04T12:00:00Z,1.0,170.56,2022-02-04,MarketResult_SEM-DA_PWR-MRC-D+1_20220203110000_20220203113624.csv
2022-02-04T13:00:00Z,1.0,158.69,2022-02-04,MarketResult_SEM-DA_PWR-MRC-D+1_20220203110000_20220203113624.csv
2022-02-04T14:00:00Z,1.0,154.0,2022-02-04,MarketResult_SEM-DA_PWR-MRC-D+1_20220203110000_20220203113624.csv
2022-02-04T15:00:00Z,1.0,163.09,2022-02-04,MarketResult_SEM-DA_PWR-MRC-D+1_20220203110000_20220203113624.csv
2022-02-04T16:00:00Z,1.0,194.0,2022-02-04,MarketResult_SEM-DA_PWR-MRC-D+1_20220203110000_20220203113624.csv
2022-02-04T17:00:00Z,1.0,242.03,2022-02-04,MarketResult_SEM-DA_PWR-MRC-D+1_20220203110000_20220203113624.csv
2022-02-04T18:00:00Z,1.0,257.0,2022-02-04,MarketResult_SEM-DA_PWR-MRC-D+1_20220203110000_20220203113624.csv
2022-02-04T19:00:00Z,1.0,241.29,2022-02-04,MarketResult_SEM-DA_PWR-MRC-D+1_20220203110000_20220203113624.csv
2022-02-04T20:00:00Z,1.0,226.0,2022-02-04,MarketResult_SEM-DA_PWR-MRC-D+1_20220203110000_20220203113624.csv
2022-02-04T21:00:00Z,1.0,204.94,2022-02-04,MarketResult_SEM-DA_PWR-MRC-D+1_20220203110000_20220203113624.csv
2022-02-04T22:00:00Z,1.0,190.52,2022-02-04,MarketResult_SEM-DA_PWR-MRC-D+1_20220203110000_20220203113624.csv
2022-02-04T23:00:00Z,1.0,223.54,2022-02-05,MarketResult_SEM-DA_PWR-MRC-D+1_20220204110000_20220204113659.csv
2022-02-05T00:00:00Z,1.0,186.7,2022-02-05,MarketResult_SEM-DA_PWR-MRC-D+1_20220204110000_20220204113659.csv
2022-02-05T01:00:00Z,1.0,176.06,2022-02-05,MarketResult_SEM-DA_PWR-MRC-D+1_20220204110000_20220204113659.csv
2022-02-05T02:00:00Z,1.0,161.0,2022-02-05,MarketResult_SEM-DA_PWR-MRC-D+1_20220204110000_20220204113659.csv
2022-02-05T03:00:00Z,1.0,139.55,2022-02-05,MarketResult_SEM-DA_PWR-MRC-D+1_20220204110000_20220204113659.csv
2022-02-05T04:00:00Z,1.0,134.31,2022-02-05,MarketResult_SEM-DA_PWR-MRC-D+1_20220204110000_20220204113659.csv
2022-02-05T05:00:00Z,1.0,95.93,2022-02-05,MarketResult_SEM-DA_PWR-MRC-D+1_20220204110000_20220204113659.csv
2022-02-05T06:00:00Z,1.0,64.0,2022-02-05,MarketResult_SEM-DA_PWR-MRC-D+1_20220204110000_20220204113659.csv
2022-02-05T07:00:00Z,1.0,89.0,2022-02-05,MarketResult_SEM-DA_PWR-MRC-D+1_20220204110000_20220204113659.csv
2022-02-05T08:00:00Z,1.0,134.59,2022-02-05,MarketResult_SEM-DA_PWR-MRC-D+1_20220204110000_20220204113659.csv
2022-02-05T09:00:00Z,1.0,137.61,2022-02-05,MarketResult_SEM-DA_PWR-MRC-D+1_20220204110000_20220204113659.csv
2022-02-05T10:00:00Z,1.0,137.61,2022-02-05,MarketResult_SEM-DA_PWR-MRC-D+1_20220204110000_20220204113659.csv
2022-02-05T11:00:00Z,1.0,148.16,2022-02-05,MarketResult_SEM-DA_PWR-MRC-D+1_20220204110000_20220204113659.csv
2022-02-05T12:00:00Z,1.0,143.16,2022-02-05,MarketResult_SEM-DA_PWR-MRC-D+1_20220204110000_20220204113659.csv
2022-02-05T13:00:00Z,1.0,143.16,2022-02-05,MarketResult_SEM-DA_PWR-MRC-D+1_20220204110000_20220204113659.csv
2022-02-05T14:00:00Z,1.0,137.61,2022-02-05,MarketResult_SEM-DA_PWR-MRC-D+1_20220204110000_20220204113659.csv
2022-02-05T15:00:00Z,1.0,134.59,2022-02-05,MarketResult_SEM-DA_PWR-MRC-D+1_20220204110000_20220204113659.csv
2022-02-05T16:00:00Z,1.0,150.91,2022-02-05,MarketResult_SEM-DA_PWR-MRC-D+1_20220204110000_20220204113659.csv
2022-02-05T17:00:00Z,1.0,196.21,2022-02-05,MarketResult_SEM-DA_PWR-MRC-D+1_20220204110000_20220204113659.csv
2022-02-05T18:00:00Z,1.0,218.69,2022-02-05,MarketResult_SEM-DA_PWR-MRC-D+1_20220204110000_20220204113659.csv
2022-02-05T19:00:00Z,1.0,180.74,2022-02-05,MarketResult_SEM-DA_PWR-MRC-D+1_20220204110000_20220204113659.csv
2022-02-05T20:00:00Z,1.0,158.0,2022-02-05,MarketResult_SEM-DA_PWR-MRC-D+1_20220204110000_20220204113659.csv
2022-02-05T21:00:00Z,1.0,143.16,2022-02-05,MarketResult_SEM-DA_PWR-MRC-D+1_20220204110000_20220204113659.csv
2022-02-05T22:00:00Z,1.0,134.31,2022-02-05,MarketResult_SEM-DA_PWR-MRC-D+1_20220204110000_20220204113659.csv
2022-02-05T23:00:00Z,1.0,85.0,2022-02-06,MarketResult_SEM-DA_PWR-MRC-D+1_20220205110000_20220205113640.csv
2022-02-06T00:00:00Z,1.0,36.81,2022-02-06,MarketResult_SEM-DA_PWR-MRC-D+1_20220205110000_20220205113640.csv
2022-02-06T01:00:00Z,1.0,0.0,2022-02-06,MarketResult_SEM-DA_PWR-MRC-D+1_20220205110000_20220205113640.csv
2022-02-06T02:00:00Z,1.0,0.0,2022-02-06,MarketResult_SEM-DA_PWR-MRC-D+1_20220205110000_20220205113640.csv
2022-02-06T03:00:00Z,1.0,-0.78,2022-02-06,MarketResult_SEM-DA_PWR-MRC-D+1_20220205110000_20220205113640.csv
2022-02-06T04:00:00Z,1.0,-5.63,2022-02-06,MarketResult_SEM-DA_PWR-MRC-D+1_20220205110000_20220205113640.csv
2022-02-06T05:00:00Z,1.0,-7.27,2022-02-06,MarketResult_SEM-DA_PWR-MRC-D+1_20220205110000_20220205113640.csv
2022-02-06T06:00:00Z,1.0,-0.72,2022-02-06,MarketResult_SEM-DA_PWR-MRC-D+1_20220205110000_20220205113640.csv
2022-02-06T07:00:00Z,1.0,0.0,2022-02-06,MarketResult_SEM-DA_PWR-MRC-D+1_20220205110000_20220205113640.csv
2022-02-06T08:00:00Z,1.0,0.0,2022-02-06,MarketResult_SEM-DA_PWR-MRC-D+1_20220205110000_20220205113640.csv
2022-02-06T09:00:00Z,1.0,90.0,2022-02-06,MarketResult_SEM-DA_PWR-MRC-D+1_20220205110000_20220205113640.csv
2022-02-06T10:00:00Z,1.0,142.09,2022-02-06,MarketResult_SEM-DA_PWR-MRC-D+1_20220205110000_20220205113640.csv
2022-02-06T11:00:00Z,1.0,144.41,2022-02-06,MarketResult_SEM-DA_PWR-MRC-D+1_20220205110000_20220205113640.csv
2022-02-06T12:00:00Z,1.0,146.43,2022-02-06,MarketResult_SEM-DA_PWR-MRC-D+1_20220205110000_20220205113640.csv
2022-02-06T13:00:00Z,1.0,157.22,2022-02-06,MarketResult_SEM-DA_PWR-MRC-D+1_20220205110000_20220205113640.csv
2022-02-06T14:00:00Z,1.0,142.55,2022-02-06,MarketResult_SEM-DA_PWR-MRC-D+1_20220205110000_20220205113640.csv
2022-02-06T15:00:00Z,1.0,133.3,2022-02-06,MarketResult_SEM-DA_PWR-MRC-D+1_20220205110000_20220205113640.csv
2022-02-06T16:00:00Z,1.0,143.16,2022-02-06,MarketResult_SEM-DA_PWR-MRC-D+1_20220205110000_20220205113640.csv
2022-02-06T17:00:00Z,1.0,204.41,2022-02-06,MarketResult_SEM-DA_PWR-MRC-D+1_20220205110000_20220205113640.csv
2022-02-06T18:00:00Z,1.0,240.02,2022-02-06,MarketResult_SEM-DA_PWR-MRC-D+1_20220205110000_20220205113640.csv
2022-02-06T19:00:00Z,1.0,223.42,2022-02-06,MarketResult_SEM-DA_PWR-MRC-D+1_20220205110000_20220205113640.csv
2022-02-06T20:00:00Z,1.0,215.0,2022-02-06,MarketResult_SEM-DA_PWR-MRC-D+1_20220205110000_20220205113640.csv
2022-02-06T21:00:00Z,1.0,268.0,2022-02-06,MarketResult_SEM-DA_PWR-MRC-D+1_20220205110000_20220205113640.csv
2022-02-06T22:00:00Z,1.0,265.0,2022-02-06,MarketResult_SEM-DA_PWR-MRC-D+1_20220205110000_20220205113640.csv
2022-02-06T23:00:00Z,1.0,410.06,2022-02-07,MarketResult_SEM-DA_PWR-MRC-D+1_20220206110000_20220206113516.csv
2022-02-07T00:00:00Z,1.0,494.37,2022-02-07,MarketResult_SEM-DA_PWR-MRC-D+1_20220206110000_20220206113516.csv
2022-02-07T01:00:00Z,1.0,410.06,2022-02-07,MarketResult_SEM-DA_PWR-MRC-D+1_20220206110000_20220206113516.csv
2022-02-07T02:00:00Z,1.0,344.0,2022-02-07,MarketResult_SEM-DA_PWR-MRC-D+1_20220206110000_20220206113516.csv
2022-02-07T03:00:00Z,1.0,238.31,2022-02-07,MarketResult_SEM-DA_PWR-MRC-D+1_20220206110000_20220206113516.csv
2022-02-07T04:00:00Z,1.0,205.84,2022-02-07,MarketResult_SEM-DA_PWR-MRC-D+1_20220206110000_20220206113516.csv
2022-02-07T05:00:00Z,1.0,194.75,2022-02-07,MarketResult_SEM-DA_PWR-MRC-D+1_20220206110000_20220206113516.csv
2022-02-07T06:00:00Z,1.0,201.89,2022-02-07,MarketResult_SEM-DA_PWR-MRC-D+1_20220206110000_20220206113516.csv
2022-02-07T07:00:00Z,1.0,253.45,2022-02-07,MarketResult_SEM-DA_PWR-MRC-D+1_20220206110000_20220206113516.csv
2022-02-07T08:00:00Z,1.0,269.66,2022-02-07,MarketResult_SEM-DA_PWR-MRC-D+1_20220206110000_20220206113516.csv
2022-02-07T09:00:00Z,1.0,262.98,2022-02-07,MarketResult_SEM-DA_PWR-MRC-D+1_20220206110000_20220206113516.csv
2022-02-07T10:00:00Z,1.0,227.01,2022-02-07,MarketResult_SEM-DA_PWR-MRC-D+1_20220206110000_20220206113516.csv
2022-02-07T11:00:00Z,1.0,200.0,2022-02-07,MarketResult_SEM-DA_PWR-MRC-D+1_20220206110000_20220206113516.csv
2022-02-07T12:00:00Z,1.0,185.0,2022-02-07,MarketResult_SEM-DA_PWR-MRC-D+1_20220206110000_20220206113516.csv
2022-02-07T13:00:00Z,1.0,173.0,2022-02-07,MarketResult_SEM-DA_PWR-MRC-D+1_20220206110000_20220206113516.csv
2022-02-07T14:00:00Z,1.0,164.5,2022-02-07,MarketResult_SEM-DA_PWR-MRC-D+1_20220206110000_20220206113516.csv
2022-02-07T15:00:00Z,1.0,165.19,2022-02-07,MarketResult_SEM-DA_PWR-MRC-D+1_20220206110000_20220206113516.csv
2022-02-07T16:00:00Z,1.0,190.0,2022-02-07,MarketResult_SEM-DA_PWR-MRC-D+1_20220206110000_20220206113516.csv
2022-02-07T17:00:00Z,1.0,233.68,2022-02-07,MarketResult_SEM-DA_PWR-MRC-D+1_20220206110000_20220206113516.csv
2022-02-07T18:00:00Z,1.0,216.86,2022-02-07,MarketResult_SEM-DA_PWR-MRC-D+1_20220206110000_20220206113516.csv
2022-02-07T19:00:00Z,1.0,197.72,2022-02-07,MarketResult_SEM-DA_PWR-MRC-D+1_20220206110000_20220206113516.csv
2022-02-07T20:00:00Z,1.0,171.46,2022-02-07,MarketResult_SEM-DA_PWR-MRC-D+1_20220206110000_20220206113516.csv
2022-02-07T21:00:00Z,1.0,171.46,2022-02-07,MarketResult_SEM-DA_PWR-MRC-D+1_20220206110000_20220206113516.csv
2022-02-07T22:00:00Z,1.0,138.68,2022-02-07,MarketResult_SEM-DA_PWR-MRC-D+1_20220206110000_20220206113516.csv
2022-02-07T23:00:00Z,1.0,97.58,2022-02-08,MarketResult_SEM-DA_PWR-MRC-D+1_20220207110000_20220207113543.csv
2022-02-08T00:00:00Z,1.0,105.63,2022-02-08,MarketResult_SEM-DA_PWR-MRC-D+1_20220207110000_20220207113543.csv
2022-02-08T01:00:00Z,1.0,112.0,2022-02-08,MarketResult_SEM-DA_PWR-MRC-D+1_20220207110000_20220207113543.csv
2022-02-08T02:00:00Z,1.0,105.63,2022-02-08,MarketResult_SEM-DA_PWR-MRC-D+1_20220207110000_20220207113543.csv
2022-02-08T03:00:00Z,1.0,97.64,2022-02-08,MarketResult_SEM-DA_PWR-MRC-D+1_20220207110000_20220207113543.csv
2022-02-08T04:00:00Z,1.0,105.63,2022-02-08,MarketResult_SEM-DA_PWR-MRC-D+1_20220207110000_20220207113543.csv
2022-02-08T05:00:00Z,1.0,125.75,2022-02-08,MarketResult_SEM-DA_PWR-MRC-D+1_20220207110000_20220207113543.csv
2022-02-08T06:00:00Z,1.0,156.65,2022-02-08,MarketResult_SEM-DA_PWR-MRC-D+1_20220207110000_20220207113543.csv
2022-02-08T07:00:00Z,1.0,164.84,2022-02-08,MarketResult_SEM-DA_PWR-MRC-D+1_20220207110000_20220207113543.csv
2022-02-08T08:00:00Z,1.0,192.64,2022-02-08,MarketResult_SEM-DA_PWR-MRC-D+1_20220207110000_20220207113543.csv
2022-02-08T09:00:00Z,1.0,203.05,2022-02-08,MarketResult_SEM-DA_PWR-MRC-D+1_20220207110000_20220207113543.csv
2022-02-08T10:00:00Z,1.0,184.76,2022-02-08,MarketResult_SEM-DA_PWR-MRC-D+1_20220207110000_20220207113543.csv
2022-02-08T11:00:00Z,1.0,177.13,2022-02-08,MarketResult_SEM-DA_PWR-MRC-D+1_20220207110000_20220207113543.csv
2022-02-08T12:00:00Z,1.0,172.66,2022-02-08,MarketResult_SEM-DA_PWR-MRC-D+1_20220207110000_20220207113543.csv
2022-02-08T13:00:00Z,1.0,170.0,2022-02-08,MarketResult_SEM-DA_PWR-MRC-D+1_20220207110000_20220207113543.csv
2022-02-08T14:00:00Z,1.0,171.31,2022-02-08,MarketResult_SEM-DA_PWR-MRC-D+1_20220207110000_20220207113543.csv
2022-02-08T15:00:00Z,1.0,172.66,2022-02-08,MarketResult_SEM-DA_PWR-MRC-D+1_20220207110000_20220207113543.csv
2022-02-08T16:00:00Z,1.0,207.0,2022-02-08,MarketResult_SEM-DA_PWR-MRC-D+1_20220207110000_20220207113543.csv
2022-02-08T17:00:00Z,1.0,239.0,2022-02-08,MarketResult_SEM-DA_PWR-MRC-D+1_20220207110000_20220207113543.csv
2022-02-08T18:00:00Z,1.0,244.45,2022-02-08,MarketResult_SEM-DA_PWR-MRC-D+1_20220207110000_20220207113543.csv
2022-02-08T19:00:00Z,1.0,227.93,2022-02-08,MarketResult_SEM-DA_PWR-MRC-D+1_20220207110000_20220207113543.csv
2022-02-08T20:00:00Z,1.0,180.84,2022-02-08,MarketResult_SEM-DA_PWR-MRC-D+1_20220207110000_20220207113543.csv
2022-02-08T21:00:00Z,1.0,178.96,2022-02-08,MarketResult_SEM-DA_PWR-MRC-D+1_20220207110000_20220207113543.csv
2022-02-08T22:00:00Z,1.0,155.6,2022-02-08,MarketResult_SEM-DA_PWR-MRC-D+1_20220207110000_20220207113543.csv
2022-02-08T23:00:00Z,1.0,170.36,2022-02-09,MarketResult_SEM-DA_PWR-MRC-D+1_20220208110000_20220208113543.csv
2022-02-09T00:00:00Z,1.0,160.0,2022-02-09,MarketResult_SEM-DA_PWR-MRC-D+1_20220208110000_20220208113543.csv
2022-02-09T01:00:00Z,1.0,162.97,2022-02-09,MarketResult_SEM-DA_PWR-MRC-D+1_20220208110000_20220208113543.csv
2022-02-09T02:00:00Z,1.0,144.84,2022-02-09,MarketResult_SEM-DA_PWR-MRC-D+1_20220208110000_20220208113543.csv
2022-02-09T03:00:00Z,1.0,136.0,2022-02-09,MarketResult_SEM-DA_PWR-MRC-D+1_20220208110000_20220208113543.csv
2022-02-09T04:00:00Z,1.0,133.0,2022-02-09,MarketResult_SEM-DA_PWR-MRC-D+1_20220208110000_20220208113543.csv
2022-02-09T05:00:00Z,1.0,148.32,2022-02-09,MarketResult_SEM-DA_PWR-MRC-D+1_20220208110000_20220208113543.csv
2022-02-09T06:00:00Z,1.0,191.15,2022-02-09,MarketResult_SEM-DA_PWR-MRC-D+1_20220208110000_20220208113543.csv
2022-02-09T07:00:00Z,1.0,186.2,2022-02-09,MarketResult_SEM-DA_PWR-MRC-D+1_20220208110000_20220208113543.csv
2022-02-09T08:00:00Z,1.0,232.0,2022-02-09,MarketResult_SEM-DA_PWR-MRC-D+1_20220208110000_20220208113543.csv
2022-02-09T09:00:00Z,1.0,229.89,2022-02-09,MarketResult_SEM-DA_PWR-MRC-D+1_20220208110000_20220208113543.csv
2022-02-09T10:00:00Z,1.0,206.0,2022-02-09,MarketResult_SEM-DA_PWR-MRC-D+1_20220208110000_20220208113543.csv
2022-02-09T11:00:00Z,1.0,187.58,2022-02-09,MarketResult_SEM-DA_PWR-MRC-D+1_20220208110000_20220208113543.csv
2022-02-09T12:00:00Z,1.0,185.0,2022-02-09,MarketResult_SEM-DA_PWR-MRC-D+1_20220208110000_20220208113543.csv
2022-02-09T13:00:00Z,1.0,183.31,2022-02-09,MarketResult_SEM-DA_PWR-MRC-D+1_20220208110000_20220208113543.csv
2022-02-09T14:00:00Z,1.0,192.94,2022-02-09,MarketResult_SEM-DA_PWR-MRC-D+1_20220208110000_20220208113543.csv
2022-02-09T15:00:00Z,1.0,185.0,2022-02-09,MarketResult_SEM-DA_PWR-MRC-D+1_20220208110000_20220208113543.csv
2022-02-09T16:00:00Z,1.0,220.11,2022-02-09,MarketResult_SEM-DA_PWR-MRC-D+1_20220208110000_20220208113543.csv
2022-02-09T17:00:00Z,1.0,264.85,2022-02-09,MarketResult_SEM-DA_PWR-MRC-D+1_20220208110000_20220208113543.csv
2022-02-09T18:00:00Z,1.0,271.44,2022-02-09,MarketResult_SEM-DA_PWR-MRC-D+1_20220208110000_20220208113543.csv
2022-02-09T19:00:00Z,1.0,247.0,2022-02-09,MarketResult_SEM-DA_PWR-MRC-D+1_20220208110000_20220208113543.csv
2022-02-09T20:00:00Z,1.0,214.0,2022-02-09,MarketResult_SEM-DA_PWR-MRC-D+1_20220208110000_20220208113543.csv
2022-02-09T21:00:00Z,1.0,197.0,2022-02-09,MarketResult_SEM-DA_PWR-MRC-D+1_20220208110000_20220208113543.csv
2022-02-09T22:00:00Z,1.0,171.29,2022-02-09,MarketResult_SEM-DA_PWR-MRC-D+1_20220208110000_20220208113543.csv
2022-02-09T23:00:00Z,1.0,177.0,2022-02-10,MarketResult_SEM-DA_PWR-MRC-D+1_20220209110000_20220209113714.csv
2022-02-10T00:00:00Z,1.0,160.77,2022-02-10,MarketResult_SEM-DA_PWR-MRC-D+1_20220209110000_20220209113714.csv
2022-02-10T01:00:00Z,1.0,155.16,2022-02-10,MarketResult_SEM-DA_PWR-MRC-D+1_20220209110000_20220209113714.csv
2022-02-10T02:00:00Z,1.0,147.12,2022-02-10,MarketResult_SEM-DA_PWR-MRC-D+1_20220209110000_20220209113714.csv
2022-02-10T03:00:00Z,1.0,146.86,2022-02-10,MarketResult_SEM-DA_PWR-MRC-D+1_20220209110000_20220209113714.csv
2022-02-10T04:00:00Z,1.0,146.86,2022-02-10,MarketResult_SEM-DA_PWR-MRC-D+1_20220209110000_20220209113714.csv
2022-02-10T05:00:00Z,1.0,147.12,2022-02-10,MarketResult_SEM-DA_PWR-MRC-D+1_20220209110000_20220209113714.csv
2022-02-10T06:00:00Z,1.0,154.57,2022-02-10,MarketResult_SEM-DA_PWR-MRC-D+1_20220209110000_20220209113714.csv
2022-02-10T07:00:00Z,1.0,198.12,2022-02-10,MarketResult_SEM-DA_PWR-MRC-D+1_20220209110000_20220209113714.csv
2022-02-10T08:00:00Z,1.0,199.0,2022-02-10,MarketResult_SEM-DA_PWR-MRC-D+1_20220209110000_20220209113714.csv
2022-02-10T09:00:00Z,1.0,199.0,2022-02-10,MarketResult_SEM-DA_PWR-MRC-D+1_20220209110000_20220209113714.csv
2022-02-10T10:00:00Z,1.0,180.58,2022-02-10,MarketResult_SEM-DA_PWR-MRC-D+1_20220209110000_20220209113714.csv
2022-02-10T11:00:00Z,1.0,165.66,2022-02-10,MarketResult_SEM-DA_PWR-MRC-D+1_20220209110000_20220209113714.csv
2022-02-10T12:00:00Z,1.0,159.9,2022-02-10,MarketResult_SEM-DA_PWR-MRC-D+1_20220209110000_20220209113714.csv
2022-02-10T13:00:00Z,1.0,159.9,2022-02-10,MarketResult_SEM-DA_PWR-MRC-D+1_20220209110000_20220209113714.csv
2022-02-10T14:00:00Z,1.0,162.11,2022-02-10,MarketResult_SEM-DA_PWR-MRC-D+1_20220209110000_20220209113714.csv
2022-02-10T15:00:00Z,1.0,173.58,2022-02-10,MarketResult_SEM-DA_PWR-MRC-D+1_20220209110000_20220209113714.csv
2022-02-10T16:00:00Z,1.0,200.85,2022-02-10,MarketResult_SEM-DA_PWR-MRC-D+1_20220209110000_20220209113714.csv
2022-02-10T17:00:00Z,1.0,246.79,2022-02-10,MarketResult_SEM-DA_PWR-MRC-D+1_20220209110000_20220209113714.csv
2022-02-10T18:00:00Z,1.0,273.4,2022-02-10,MarketResult_SEM-DA_PWR-MRC-D+1_20220209110000_20220209113714.csv
2022-02-10T19:00:00Z,1.0,273.64,2022-02-10,MarketResult_SEM-DA_PWR-MRC-D+1_20220209110000_20220209113714.csv
2022-02-10T20:00:00Z,1.0,249.59,2022-02-10,MarketResult_SEM-DA_PWR-MRC-D+1_20220209110000_20220209113714.csv
2022-02-10T21:00:00Z,1.0,235.6,2022-02-10,MarketResult_SEM-DA_PWR-MRC-D+1_20220209110000_20220209113714.csv
2022-02-10T22:00:00Z,1.0,206.3,2022-02-10,MarketResult_SEM-DA_PWR-MRC-D+1_20220209110000_20220209113714.csv
2022-02-10T23:00:00Z,1.0,200.0,2022-02-11,MarketResult_SEM-DA_PWR-MRC-D+1_20220210110000_20220210113644.csv
2022-02-11T00:00:00Z,1.0,196.27,2022-02-11,MarketResult_SEM-DA_PWR-MRC-D+1_20220210110000_20220210113644.csv
2022-02-11T01:00:00Z,1.0,192.76,2022-02-11,MarketResult_SEM-DA_PWR-MRC-D+1_20220210110000_20220210113644.csv
2022-02-11T02:00:00Z,1.0,185.8,2022-02-11,MarketResult_SEM-DA_PWR-MRC-D+1_20220210110000_20220210113644.csv
2022-02-11T03:00:00Z,1.0,185.8,2022-02-11,MarketResult_SEM-DA_PWR-MRC-D+1_20220210110000_20220210113644.csv
2022-02-11T04:00:00Z,1.0,185.74,2022-02-11,MarketResult_SEM-DA_PWR-MRC-D+1_20220210110000_20220210113644.csv
2022-02-11T05:00:00Z,1.0,189.85,2022-02-11,MarketResult_SEM-DA_PWR-MRC-D+1_20220210110000_20220210113644.csv
2022-02-11T06:00:00Z,1.0,205.57,2022-02-11,MarketResult_SEM-DA_PWR-MRC-D+1_20220210110000_20220210113644.csv
2022-02-11T07:00:00Z,1.0,244.0,2022-02-11,MarketResult_SEM-DA_PWR-MRC-D+1_20220210110000_20220210113644.csv
2022-02-11T08:00:00Z,1.0,247.73,2022-02-11,MarketResult_SEM-DA_PWR-MRC-D+1_20220210110000_20220210113644.csv
2022-02-11T09:00:00Z,1.0,241.97,2022-02-11,MarketResult_SEM-DA_PWR-MRC-D+1_20220210110000_20220210113644.csv
2022-02-11T10:00:00Z,1.0,217.33,2022-02-11,MarketResult_SEM-DA_PWR-MRC-D+1_20220210110000_20220210113644.csv
2022-02-11T11:00:00Z,1.0,205.0,2022-02-11,MarketResult_SEM-DA_PWR-MRC-D+1_20220210110000_20220210113644.csv
2022-02-11T12:00:00Z,1.0,188.0,2022-02-11,MarketResult_SEM-DA_PWR-MRC-D+1_20220210110000_20220210113644.csv
2022-02-11T13:00:00Z,1.0,168.0,2022-02-11,MarketResult_SEM-DA_PWR-MRC-D+1_20220210110000_20220210113644.csv
2022-02-11T14:00:00Z,1.0,154.9,2022-02-11,MarketResult_SEM-DA_PWR-MRC-D+1_20220210110000_20220210113644.csv
2022-02-11T15:00:00Z,1.0,151.45,2022-02-11,MarketResult_SEM-DA_PWR-MRC-D+1_20220210110000_20220210113644.csv
2022-02-11T16:00:00Z,1.0,154.9,2022-02-11,MarketResult_SEM-DA_PWR-MRC-D+1_20220210110000_20220210113644.csv
2022-02-11T17:00:00Z,1.0,172.88,2022-02-11,MarketResult_SEM-DA_PWR-MRC-D+1_20220210110000_20220210113644.csv
2022-02-11T18:00:00Z,1.0,180.85,2022-02-11,MarketResult_SEM-DA_PWR-MRC-D+1_20220210110000_20220210113644.csv
2022-02-11T19:00:00Z,1.0,154.9,2022-02-11,MarketResult_SEM-DA_PWR-MRC-D+1_20220210110000_20220210113644.csv
2022-02-11T20:00:00Z,1.0,150.81,2022-02-11,MarketResult_SEM-DA_PWR-MRC-D+1_20220210110000_20220210113644.csv
2022-02-11T21:00:00Z,1.0,142.78,2022-02-11,MarketResult_SEM-DA_PWR-MRC-D+1_20220210110000_20220210113644.csv
2022-02-11T22:00:00Z,1.0,90.41,2022-02-11,MarketResult_SEM-DA_PWR-MRC-D+1_20220210110000_20220210113644.csv
2022-02-11T23:00:00Z,1.0,62.22,2022-02-12,MarketResult_SEM-DA_PWR-MRC-D+1_20220211110000_20220211113546.csv
2022-02-12T00:00:00Z,1.0,53.85,2022-02-12,MarketResult_SEM-DA_PWR-MRC-D+1_20220211110000_20220211113546.csv
2022-02-12T01:00:00Z,1.0,40.0,2022-02-12,MarketResult_SEM-DA_PWR-MRC-D+1_20220211110000_20220211113546.csv
2022-02-12T02:00:00Z,1.0,10.0,2022-02-12,MarketResult_SEM-DA_PWR-MRC-D+1_20220211110000_20220211113546.csv
2022-02-12T03:00:00Z,1.0,5.0,2022-02-12,MarketResult_SEM-DA_PWR-MRC-D+1_20220211110000_20220211113546.csv
2022-02-12T04:00:00Z,1.0,5.0,2022-02-12,MarketResult_SEM-DA_PWR-MRC-D+1_20220211110000_20220211113546.csv
2022-02-12T05:00:00Z,1.0,12.0,2022-02-12,MarketResult_SEM-DA_PWR-MRC-D+1_20220211110000_20220211113546.csv
2022-02-12T06:00:00Z,1.0,40.0,2022-02-12,MarketResult_SEM-DA_PWR-MRC-D+1_20220211110000_20220211113546.csv
2022-02-12T07:00:00Z,1.0,129.97,2022-02-12,MarketResult_SEM-DA_PWR-MRC-D+1_20220211110000_20220211113546.csv
2022-02-12T08:00:00Z,1.0,171.44,2022-02-12,MarketResult_SEM-DA_PWR-MRC-D+1_20220211110000_20220211113546.csv
2022-02-12T09:00:00Z,1.0,182.3,2022-02-12,MarketResult_SEM-DA_PWR-MRC-D+1_20220211110000_20220211113546.csv
2022-02-12T10:00:00Z,1.0,184.28,2022-02-12,MarketResult_SEM-DA_PWR-MRC-D+1_20220211110000_20220211113546.csv
2022-02-12T11:00:00Z,1.0,177.0,2022-02-12,MarketResult_SEM-DA_PWR-MRC-D+1_20220211110000_20220211113546.csv
2022-02-12T12:00:00Z,1.0,173.16,2022-02-12,MarketResult_SEM-DA_PWR-MRC-D+1_20220211110000_20220211113546.csv
2022-02-12T13:00:00Z,1.0,173.37,2022-02-12,MarketResult_SEM-DA_PWR-MRC-D+1_20220211110000_20220211113546.csv
2022-02-12T14:00:00Z,1.0,167.0,2022-02-12,MarketResult_SEM-DA_PWR-MRC-D+1_20220211110000_20220211113546.csv
2022-02-12T15:00:00Z,1.0,175.0,2022-02-12,MarketResult_SEM-DA_PWR-MRC-D+1_20220211110000_20220211113546.csv
2022-02-12T16:00:00Z,1.0,201.86,2022-02-12,MarketResult_SEM-DA_PWR-MRC-D+1_20220211110000_20220211113546.csv
2022-02-12T17:00:00Z,1.0,242.66,2022-02-12,MarketResult_SEM-DA_PWR-MRC-D+1_20220211110000_20220211113546.csv
2022-02-12T18:00:00Z,1.0,274.55,2022-02-12,MarketResult_SEM-DA_PWR-MRC-D+1_20220211110000_20220211113546.csv
2022-02-12T19:00:00Z,1.0,276.4,2022-02-12,MarketResult_SEM-DA_PWR-MRC-D+1_20220211110000_20220211113546.csv
2022-02-12T20:00:00Z,1.0,225.8,2022-02-12,MarketResult_SEM-DA_PWR-MRC-D+1_20220211110000_20220211113546.csv
2022-02-12T21:00:00Z,1.0,209.6,2022-02-12,MarketResult_SEM-DA_PWR-MRC-D+1_20220211110000_20220211113546.csv
2022-02-12T22:00:00Z,1.0,224.0,2022-02-12,MarketResult_SEM-DA_PWR-MRC-D+1_20220211110000_20220211113546.csv
2022-02-12T23:00:00Z,1.0,231.71,2022-02-13,MarketResult_SEM-DA_PWR-MRC-D+1_20220212110000_20220212113616.csv
2022-02-13T00:00:00Z,1.0,227.0,2022-02-13,MarketResult_SEM-DA_PWR-MRC-D+1_20220212110000_20220212113616.csv
2022-02-13T01:00:00Z,1.0,259.1,2022-02-13,MarketResult_SEM-DA_PWR-MRC-D+1_20220212110000_20220212113616.csv
2022-02-13T02:00:00Z,1.0,262.0,2022-02-13,MarketResult_SEM-DA_PWR-MRC-D+1_20220212110000_20220212113616.csv
2022-02-13T03:00:00Z,1.0,274.85,2022-02-13,MarketResult_SEM-DA_PWR-MRC-D+1_20220212110000_20220212113616.csv
2022-02-13T04:00:00Z,1.0,275.0,2022-02-13,MarketResult_SEM-DA_PWR-MRC-D+1_20220212110000_20220212113616.csv
2022-02-13T05:00:00Z,1.0,277.0,2022-02-13,MarketResult_SEM-DA_PWR-MRC-D+1_20220212110000_20220212113616.csv
2022-02-13T06:00:00Z,1.0,226.7,2022-02-13,MarketResult_SEM-DA_PWR-MRC-D+1_20220212110000_20220212113616.csv
2022-02-13T07:00:00Z,1.0,187.81,2022-02-13,MarketResult_SEM-DA_PWR-MRC-D+1_20220212110000_20220212113616.csv
2022-02-13T08:00:00Z,1.0,195.23,2022-02-13,MarketResult_SEM-DA_PWR-MRC-D+1_20220212110000_20220212113616.csv
2022-02-13T09:00:00Z,1.0,195.0,2022-02-13,MarketResult_SEM-DA_PWR-MRC-D+1_20220212110000_20220212113616.csv
2022-02-13T10:00:00Z,1.0,216.87,2022-02-13,MarketResult_SEM-DA_PWR-MRC-D+1_20220212110000_20220212113616.csv
2022-02-13T11:00:00Z,1.0,214.76,2022-02-13,MarketResult_SEM-DA_PWR-MRC-D+1_20220212110000_20220212113616.csv
2022-02-13T12:00:00Z,1.0,226.46,2022-02-13,MarketResult_SEM-DA_PWR-MRC-D+1_20220212110000_20220212113616.csv
2022-02-13T13:00:00Z,1.0,198.11,2022-02-13,MarketResult_SEM-DA_PWR-MRC-D+1_20220212110000_20220212113616.csv
2022-02-13T14:00:00Z,1.0,185.57,2022-02-13,MarketResult_SEM-DA_PWR-MRC-D+1_20220212110000_20220212113616.csv
2022-02-13T15:00:00Z,1.0,180.0,2022-02-13,MarketResult_SEM-DA_PWR-MRC-D+1_20220212110000_20220212113616.csv
2022-02-13T16:00:00Z,1.0,205.97,2022-02-13,MarketResult_SEM-DA_PWR-MRC-D+1_20220212110000_20220212113616.csv
2022-02-13T17:00:00Z,1.0,256.24,2022-02-13,MarketResult_SEM-DA_PWR-MRC-D+1_20220212110000_20220212113616.csv
2022-02-13T18:00:00Z,1.0,254.13,2022-02-13,MarketResult_SEM-DA_PWR-MRC-D+1_20220212110000_20220212113616.csv
2022-02-13T19:00:00Z,1.0,216.95,2022-02-13,MarketResult_SEM-DA_PWR-MRC-D+1_20220212110000_20220212113616.csv
2022-02-13T20:00:00Z,1.0,194.52,2022-02-13,MarketResult_SEM-DA_PWR-MRC-D+1_20220212110000_20220212113616.csv
2022-02-13T21:00:00Z,1.0,198.01,2022-02-13,MarketResult_SEM-DA_PWR-MRC-D+1_20220212110000_20220212113616.csv
2022-02-13T22:00:00Z,1.0,174.0,2022-02-13,MarketResult_SEM-DA_PWR-MRC-D+1_20220212110000_20220212113616.csv
2022-02-13T23:00:00Z,1.0,203.0,2022-02-14,MarketResult_SEM-DA_PWR-MRC-D+1_20220213110000_20220213113735.csv
2022-02-14T00:00:00Z,1.0,192.0,2022-02-14,MarketResult_SEM-DA_PWR-MRC-D+1_20220213110000_20220213113735.csv
2022-02-14T01:00:00Z,1.0,175.08,2022-02-14,MarketResult_SEM-DA_PWR-MRC-D+1_20220213110000_20220213113735.csv
2022-02-14T02:00:00Z,1.0,150.08,2022-02-14,MarketResult_SEM-DA_PWR-MRC-D+1_20220213110000_20220213113735.csv
2022-02-14T03:00:00Z,1.0,140.0,2022-02-14,MarketResult_SEM-DA_PWR-MRC-D+1_20220213110000_20220213113735.csv
2022-02-14T04:00:00Z,1.0,120.0,2022-02-14,MarketResult_SEM-DA_PWR-MRC-D+1_20220213110000_20220213113735.csv
2022-02-14T05:00:00Z,1.0,96.0,2022-02-14,MarketResult_SEM-DA_PWR-MRC-D+1_20220213110000_20220213113735.csv
2022-02-14T06:00:00Z,1.0,139.99,2022-02-14,MarketResult_SEM-DA_PWR-MRC-D+1_20220213110000_20220213113735.csv
2022-02-14T07:00:00Z,1.0,160.7,2022-02-14,MarketResult_SEM-DA_PWR-MRC-D+1_20220213110000_20220213113735.csv
2022-02-14T08:00:00Z,1.0,184.11,2022-02-14,MarketResult_SEM-DA_PWR-MRC-D+1_20220213110000_20220213113735.csv
2022-02-14T09:00:00Z,1.0,184.11,2022-02-14,MarketResult_SEM-DA_PWR-MRC-D+1_20220213110000_20220213113735.csv
2022-02-14T10:00:00Z,1.0,178.54,2022-02-14,MarketResult_SEM-DA_PWR-MRC-D+1_20220213110000_20220213113735.csv
2022-02-14T11:00:00Z,1.0,172.51,2022-02-14,MarketResult_SEM-DA_PWR-MRC-D+1_20220213110000_20220213113735.csv
2022-02-14T12:00:00Z,1.0,172.0,2022-02-14,MarketResult_SEM-DA_PWR-MRC-D+1_20220213110000_20220213113735.csv
2022-02-14T13:00:00Z,1.0,173.0,2022-02-14,MarketResult_SEM-DA_PWR-MRC-D+1_20220213110000_20220213113735.csv
2022-02-14T14:00:00Z,1.0,175.0,2022-02-14,MarketResult_SEM-DA_PWR-MRC-D+1_20220213110000_20220213113735.csv
2022-02-14T15:00:00Z,1.0,184.11,2022-02-14,MarketResult_SEM-DA_PWR-MRC-D+1_20220213110000_20220213113735.csv
2022-02-14T16:00:00Z,1.0,208.13,2022-02-14,MarketResult_SEM-DA_PWR-MRC-D+1_20220213110000_20220213113735.csv
2022-02-14T17:00:00Z,1.0,260.75,2022-02-14,MarketResult_SEM-DA_PWR-MRC-D+1_20220213110000_20220213113735.csv
2022-02-14T18:00:00Z,1.0,289.87,2022-02-14,MarketResult_SEM-DA_PWR-MRC-D+1_20220213110000_20220213113735.csv
2022-02-14T19:00:00Z,1.0,259.41,2022-02-14,MarketResult_SEM-DA_PWR-MRC-D+1_20220213110000_20220213113735.csv
2022-02-14T20:00:00Z,1.0,213.0,2022-02-14,MarketResult_SEM-DA_PWR-MRC-D+1_20220213110000_20220213113735.csv
2022-02-14T21:00:00Z,1.0,198.0,2022-02-14,MarketResult_SEM-DA_PWR-MRC-D+1_20220213110000_20220213113735.csv
2022-02-14T22:00:00Z,1.0,182.45,2022-02-14,MarketResult_SEM-DA_PWR-MRC-D+1_20220213110000_20220213113735.csv
2022-02-14T23:00:00Z,1.0,158.32,2022-02-15,MarketResult_SEM-DA_PWR-MRC-D+1_20220214110000_20220214113604.csv
2022-02-15T00:00:00Z,1.0,136.87,2022-02-15,MarketResult_SEM-DA_PWR-MRC-D+1_20220214110000_20220214113604.csv
2022-02-15T01:00:00Z,1.0,70.1,2022-02-15,MarketResult_SEM-DA_PWR-MRC-D+1_20220214110000_20220214113604.csv
2022-02-15T02:00:00Z,1.0,50.0,2022-02-15,MarketResult_SEM-DA_PWR-MRC-D+1_20220214110000_20220214113604.csv
2022-02-15T03:00:00Z,1.0,56.78,2022-02-15,MarketResult_SEM-DA_PWR-MRC-D+1_20220214110000_20220214113604.csv
2022-02-15T04:00:00Z,1.0,77.0,2022-02-15,MarketResult_SEM-DA_PWR-MRC-D+1_20220214110000_20220214113604.csv
2022-02-15T05:00:00Z,1.0,95.0,2022-02-15,MarketResult_SEM-DA_PWR-MRC-D+1_20220214110000_20220214113604.csv
2022-02-15T06:00:00Z,1.0,158.62,2022-02-15,MarketResult_SEM-DA_PWR-MRC-D+1_20220214110000_20220214113604.csv
2022-02-15T07:00:00Z,1.0,208.39,2022-02-15,MarketResult_SEM-DA_PWR-MRC-D+1_20220214110000_20220214113604.csv
2022-02-15T08:00:00Z,1.0,213.0,2022-02-15,MarketResult_SEM-DA_PWR-MRC-D+1_20220214110000_20220214113604.csv
2022-02-15T09:00:00Z,1.0,220.0,2022-02-15,MarketResult_SEM-DA_PWR-MRC-D+1_20220214110000_20220214113604.csv
2022-02-15T10:00:00Z,1.0,213.22,2022-02-15,MarketResult_SEM-DA_PWR-MRC-D+1_20220214110000_20220214113604.csv
2022-02-15T11:00:00Z,1.0,207.79,2022-02-15,MarketResult_SEM-DA_PWR-MRC-D+1_20220214110000_20220214113604.csv
2022-02-15T12:00:00Z,1.0,195.0,2022-02-15,MarketResult_SEM-DA_PWR-MRC-D+1_20220214110000_20220214113604.csv
2022-02-15T13:00:00Z,1.0,187.0,2022-02-15,MarketResult_SEM-DA_PWR-MRC-D+1_20220214110000_20220214113604.csv
2022-02-15T14:00:00Z,1.0,190.54,2022-02-15,MarketResult_SEM-DA_PWR-MRC-D+1_20220214110000_20220214113604.csv
2022-02-15T15:00:00Z,1.0,207.1,2022-02-15,MarketResult_SEM-DA_PWR-MRC-D+1_20220214110000_20220214113604.csv
2022-02-15T16:00:00Z,1.0,231.58,2022-02-15,MarketResult_SEM-DA_PWR-MRC-D+1_20220214110000_20220214113604.csv
2022-02-15T17:00:00Z,1.0,257.7,2022-02-15,MarketResult_SEM-DA_PWR-MRC-D+1_20220214110000_20220214113604.csv
2022-02-15T18:00:00Z,1.0,270.75,2022-02-15,MarketResult_SEM-DA_PWR-MRC-D+1_20220214110000_20220214113604.csv
2022-02-15T19:00:00Z,1.0,248.44,2022-02-15,MarketResult_SEM-DA_PWR-MRC-D+1_20220214110000_20220214113604.csv
2022-02-15T20:00:00Z,1.0,197.0,2022-02-15,MarketResult_SEM-DA_PWR-MRC-D+1_20220214110000_20220214113604.csv
2022-02-15T21:00:00Z,1.0,184.0,2022-02-15,MarketResult_SEM-DA_PWR-MRC-D+1_20220214110000_20220214113604.csv
2022-02-15T22:00:00Z,1.0,162.17,2022-02-15,MarketResult_SEM-DA_PWR-MRC-D+1_20220214110000_20220214113604.csv
2022-02-15T23:00:00Z,1.0,89.0,2022-02-16,MarketResult_SEM-DA_PWR-MRC-D+1_20220215110000_20220215113551.csv
2022-02-16T00:00:00Z,1.0,40.0,2022-02-16,MarketResult_SEM-DA_PWR-MRC-D+1_20220215110000_20220215113551.csv
2022-02-16T01:00:00Z,1.0,0.0,2022-02-16,MarketResult_SEM-DA_PWR-MRC-D+1_20220215110000_20220215113551.csv
2022-02-16T02:00:00Z,1.0,-3.96,2022-02-16,MarketResult_SEM-DA_PWR-MRC-D+1_20220215110000_20220215113551.csv
2022-02-16T03:00:00Z,1.0,-5.0,2022-02-16,MarketResult_SEM-DA_PWR-MRC-D+1_20220215110000_20220215113551.csv
2022-02-16T04:00:00Z,1.0,-5.0,2022-02-16,MarketResult_SEM-DA_PWR-MRC-D+1_20220215110000_20220215113551.csv
2022-02-16T05:00:00Z,1.0,-4.96,2022-02-16,MarketResult_SEM-DA_PWR-MRC-D+1_20220215110000_20220215113551.csv
2022-02-16T06:00:00Z,1.0,40.0,2022-02-16,MarketResult_SEM-DA_PWR-MRC-D+1_20220215110000_20220215113551.csv
2022-02-16T07:00:00Z,1.0,164.0,2022-02-16,MarketResult_SEM-DA_PWR-MRC-D+1_20220215110000_20220215113551.csv
2022-02-16T08:00:00Z,1.0,183.07,2022-02-16,MarketResult_SEM-DA_PWR-MRC-D+1_20220215110000_20220215113551.csv
2022-02-16T09:00:00Z,1.0,185.0,2022-02-16,MarketResult_SEM-DA_PWR-MRC-D+1_20220215110000_20220215113551.csv
2022-02-16T10:00:00Z,1.0,173.04,2022-02-16,MarketResult_SEM-DA_PWR-MRC-D+1_20220215110000_20220215113551.csv
2022-02-16T11:00:00Z,1.0,173.65,2022-02-16,MarketResult_SEM-DA_PWR-MRC-D+1_20220215110000_20220215113551.csv
2022-02-16T12:00:00Z,1.0,179.34,2022-02-16,MarketResult_SEM-DA_PWR-MRC-D+1_20220215110000_20220215113551.csv
2022-02-16T13:00:00Z,1.0,175.0,2022-02-16,MarketResult_SEM-DA_PWR-MRC-D+1_20220215110000_20220215113551.csv
2022-02-16T14:00:00Z,1.0,157.02,2022-02-16,MarketResult_SEM-DA_PWR-MRC-D+1_20220215110000_20220215113551.csv
2022-02-16T15:00:00Z,1.0,154.0,2022-02-16,MarketResult_SEM-DA_PWR-MRC-D+1_20220215110000_20220215113551.csv
2022-02-16T16:00:00Z,1.0,168.0,2022-02-16,MarketResult_SEM-DA_PWR-MRC-D+1_20220215110000_20220215113551.csv
2022-02-16T17:00:00Z,1.0,185.0,2022-02-16,MarketResult_SEM-DA_PWR-MRC-D+1_20220215110000_20220215113551.csv
2022-02-16T18:00:00Z,1.0,209.0,2022-02-16,MarketResult_SEM-DA_PWR-MRC-D+1_20220215110000_20220215113551.csv
2022-02-16T19:00:00Z,1.0,190.0,2022-02-16,MarketResult_SEM-DA_PWR-MRC-D+1_20220215110000_20220215113551.csv
2022-02-16T20:00:00Z,1.0,177.27,2022-02-16,MarketResult_SEM-DA_PWR-MRC-D+1_20220215110000_20220215113551.csv
2022-02-16T21:00:00Z,1.0,156.68,2022-02-16,MarketResult_SEM-DA_PWR-MRC-D+1_20220215110000_20220215113551.csv
2022-02-16T22:00:00Z,1.0,104.94,2022-02-16,MarketResult_SEM-DA_PWR-MRC-D+1_20220215110000_20220215113551.csv
2022-02-16T23:00:00Z,1.0,65.0,2022-02-17,MarketResult_SEM-DA_PWR-MRC-D+1_20220216110000_20220216113626.csv
2022-02-17T00:00:00Z,1.0,28.0,2022-02-17,MarketResult_SEM-DA_PWR-MRC-D+1_20220216110000_20220216113626.csv
2022-02-17T01:00:00Z,1.0,11.61,2022-02-17,MarketResult_SEM-DA_PWR-MRC-D+1_20220216110000_20220216113626.csv
2022-02-17T02:00:00Z,1.0,1.0,2022-02-17,MarketResult_SEM-DA_PWR-MRC-D+1_20220216110000_20220216113626.csv
2022-02-17T03:00:00Z,1.0,5.0,2022-02-17,MarketResult_SEM-DA_PWR-MRC-D+1_20220216110000_20220216113626.csv
2022-02-17T04:00:00Z,1.0,20.52,2022-02-17,MarketResult_SEM-DA_PWR-MRC-D+1_20220216110000_20220216113626.csv
2022-02-17T05:00:00Z,1.0,82.28,2022-02-17,MarketResult_SEM-DA_PWR-MRC-D+1_20220216110000_20220216113626.csv
2022-02-17T06:00:00Z,1.0,150.34,2022-02-17,MarketResult_SEM-DA_PWR-MRC-D+1_20220216110000_20220216113626.csv
2022-02-17T07:00:00Z,1.0,181.7,2022-02-17,MarketResult_SEM-DA_PWR-MRC-D+1_20220216110000_20220216113626.csv
2022-02-17T08:00:00Z,1.0,176.86,2022-02-17,MarketResult_SEM-DA_PWR-MRC-D+1_20220216110000_20220216113626.csv
2022-02-17T09:00:00Z,1.0,175.86,2022-02-17,MarketResult_SEM-DA_PWR-MRC-D+1_20220216110000_20220216113626.csv
2022-02-17T10:00:00Z,1.0,164.84,2022-02-17,MarketResult_SEM-DA_PWR-MRC-D+1_20220216110000_20220216113626.csv
2022-02-17T11:00:00Z,1.0,153.07,2022-02-17,MarketResult_SEM-DA_PWR-MRC-D+1_20220216110000_20220216113626.csv
2022-02-17T12:00:00Z,1.0,153.05,2022-02-17,MarketResult_SEM-DA_PWR-MRC-D+1_20220216110000_20220216113626.csv
2022-02-17T13:00:00Z,1.0,150.32,2022-02-17,MarketResult_SEM-DA_PWR-MRC-D+1_20220216110000_20220216113626.csv
2022-02-17T14:00:00Z,1.0,154.94,2022-02-17,MarketResult_SEM-DA_PWR-MRC-D+1_20220216110000_20220216113626.csv
2022-02-17T15:00:00Z,1.0,165.9,2022-02-17,MarketResult_SEM-DA_PWR-MRC-D+1_20220216110000_20220216113626.csv
2022-02-17T16:00:00Z,1.0,188.0,2022-02-17,MarketResult_SEM-DA_PWR-MRC-D+1_20220216110000_20220216113626.csv
2022-02-17T17:00:00Z,1.0,221.19,2022-02-17,MarketResult_SEM-DA_PWR-MRC-D+1_20220216110000_20220216113626.csv
2022-02-17T18:00:00Z,1.0,259.84,2022-02-17,MarketResult_SEM-DA_PWR-MRC-D+1_20220216110000_20220216113626.csv
2022-02-17T19:00:00Z,1.0,247.0,2022-02-17,MarketResult_SEM-DA_PWR-MRC-D+1_20220216110000_20220216113626.csv
2022-02-17T20:00:00Z,1.0,226.0,2022-02-17,MarketResult_SEM-DA_PWR-MRC-D+1_20220216110000_20220216113626.csv
2022-02-17T21:00:00Z,1.0,195.0,2022-02-17,MarketResult_SEM-DA_PWR-MRC-D+1_20220216110000_20220216113626.csv
2022-02-17T22:00:00Z,1.0,175.71,2022-02-17,MarketResult_SEM-DA_PWR-MRC-D+1_20220216110000_20220216113626.csv
2022-02-17T23:00:00Z,1.0,175.84,2022-02-18,MarketResult_SEM-DA_PWR-MRC-D+1_20220217110000_20220217113831.csv
2022-02-18T00:00:00Z,1.0,150.52,2022-02-18,MarketResult_SEM-DA_PWR-MRC-D+1_20220217110000_20220217113831.csv
2022-02-18T01:00:00Z,1.0,146.28,2022-02-18,MarketResult_SEM-DA_PWR-MRC-D+1_20220217110000_20220217113831.csv
2022-02-18T02:00:00Z,1.0,135.4,2022-02-18,MarketResult_SEM-DA_PWR-MRC-D+1_20220217110000_20220217113831.csv
2022-02-18T03:00:00Z,1.0,78.0,2022-02-18,MarketResult_SEM-DA_PWR-MRC-D+1_20220217110000_20220217113831.csv
2022-02-18T04:00:00Z,1.0,69.0,2022-02-18,MarketResult_SEM-DA_PWR-MRC-D+1_20220217110000_20220217113831.csv
2022-02-18T05:00:00Z,1.0,111.66,2022-02-18,MarketResult_SEM-DA_PWR-MRC-D+1_20220217110000_20220217113831.csv
2022-02-18T06:00:00Z,1.0,149.42,2022-02-18,MarketResult_SEM-DA_PWR-MRC-D+1_20220217110000_20220217113831.csv
2022-02-18T07:00:00Z,1.0,183.74,2022-02-18,MarketResult_SEM-DA_PWR-MRC-D+1_20220217110000_20220217113831.csv
2022-02-18T08:00:00Z,1.0,187.83,2022-02-18,MarketResult_SEM-DA_PWR-MRC-D+1_20220217110000_20220217113831.csv
2022-02-18T09:00:00Z,1.0,187.84,2022-02-18,MarketResult_SEM-DA_PWR-MRC-D+1_20220217110000_20220217113831.csv
2022-02-18T10:00:00Z,1.0,181.0,2022-02-18,MarketResult_SEM-DA_PWR-MRC-D+1_20220217110000_20220217113831.csv
2022-02-18T11:00:00Z,1.0,183.0,2022-02-18,MarketResult_SEM-DA_PWR-MRC-D+1_20220217110000_20220217113831.csv
2022-02-18T12:00:00Z,1.0,176.13,2022-02-18,MarketResult_SEM-DA_PWR-MRC-D+1_20220217110000_20220217113831.csv
2022-02-18T13:00:00Z,1.0,164.54,2022-02-18,MarketResult_SEM-DA_PWR-MRC-D+1_20220217110000_20220217113831.csv
2022-02-18T14:00:00Z,1.0,155.82,2022-02-18,MarketResult_SEM-DA_PWR-MRC-D+1_20220217110000_20220217113831.csv
2022-02-18T15:00:00Z,1.0,158.84,2022-02-18,MarketResult_SEM-DA_PWR-MRC-D+1_20220217110000_20220217113831.csv
2022-02-18T16:00:00Z,1.0,165.58,2022-02-18,MarketResult_SEM-DA_PWR-MRC-D+1_20220217110000_20220217113831.csv
2022-02-18T17:00:00Z,1.0,199.0,2022-02-18,MarketResult_SEM-DA_PWR-MRC-D+1_20220217110000_20220217113831.csv
2022-02-18T18:00:00Z,1.0,213.53,2022-02-18,MarketResult_SEM-DA_PWR-MRC-D+1_20220217110000_20220217113831.csv
2022-02-18T19:00:00Z,1.0,197.84,2022-02-18,MarketResult_SEM-DA_PWR-MRC-D+1_20220217110000_20220217113831.csv
2022-02-18T20:00:00Z,1.0,187.5,2022-02-18,MarketResult_SEM-DA_PWR-MRC-D+1_20220217110000_20220217113831.csv
2022-02-18T21:00:00Z,1.0,170.06,2022-02-18,MarketResult_SEM-DA_PWR-MRC-D+1_20220217110000_20220217113831.csv
2022-02-18T22:00:00Z,1.0,149.0,2022-02-18,MarketResult_SEM-DA_PWR-MRC-D+1_20220217110000_20220217113831.csv
2022-02-19T23:00:00Z,1.0,1.14,2022-02-20,MarketResult_SEM-DA_PWR-MRC-D+1_20220219110000_20220219113601.csv
2022-02-20T00:00:00Z,1.0,0.0,2022-02-20,MarketResult_SEM-DA_PWR-MRC-D+1_20220219110000_20220219113601.csv
2022-02-20T01:00:00Z,1.0,-8.27,2022-02-20,MarketResult_SEM-DA_PWR-MRC-D+1_20220219110000_20220219113601.csv
2022-02-20T02:00:00Z,1.0,-10.02,2022-02-20,MarketResult_SEM-DA_PWR-MRC-D+1_20220219110000_20220219113601.csv
2022-02-20T03:00:00Z,1.0,-10.25,2022-02-20,MarketResult_SEM-DA_PWR-MRC-D+1_20220219110000_20220219113601.csv
2022-02-20T04:00:00Z,1.0,-10.25,2022-02-20,MarketResult_SEM-DA_PWR-MRC-D+1_20220219110000_20220219113601.csv
2022-02-20T05:00:00Z,1.0,-10.31,2022-02-20,MarketResult_SEM-DA_PWR-MRC-D+1_20220219110000_20220219113601.csv
2022-02-20T06:00:00Z,1.0,-12.27,2022-02-20,MarketResult_SEM-DA_PWR-MRC-D+1_20220219110000_20220219113601.csv
2022-02-20T07:00:00Z,1.0,0.0,2022-02-20,MarketResult_SEM-DA_PWR-MRC-D+1_20220219110000_20220219113601.csv
2022-02-20T08:00:00Z,1.0,0.0,2022-02-20,MarketResult_SEM-DA_PWR-MRC-D+1_20220219110000_20220219113601.csv
2022-02-20T09:00:00Z,1.0,11.03,2022-02-20,MarketResult_SEM-DA_PWR-MRC-D+1_20220219110000_20220219113601.csv
2022-02-20T10:00:00Z,1.0,106.0,2022-02-20,MarketResult_SEM-DA_PWR-MRC-D+1_20220219110000_20220219113601.csv
2022-02-20T11:00:00Z,1.0,120.0,2022-02-20,MarketResult_SEM-DA_PWR-MRC-D+1_20220219110000_20220219113601.csv
2022-02-20T12:00:00Z,1.0,150.0,2022-02-20,MarketResult_SEM-DA_PWR-MRC-D+1_20220219110000_20220219113601.csv
2022-02-20T13:00:00Z,1.0,150.0,2022-02-20,MarketResult_SEM-DA_PWR-MRC-D+1_20220219110000_20220219113601.csv
2022-02-20T14:00:00Z,1.0,152.2,2022-02-20,MarketResult_SEM-DA_PWR-MRC-D+1_20220219110000_20220219113601.csv
2022-02-20T15:00:00Z,1.0,135.66,2022-02-20,MarketResult_SEM-DA_PWR-MRC-D+1_20220219110000_20220219113601.csv
2022-02-20T16:00:00Z,1.0,139.0,2022-02-20,MarketResult_SEM-DA_PWR-MRC-D+1_20220219110000_20220219113601.csv
2022-02-20T17:00:00Z,1.0,200.15,2022-02-20,MarketResult_SEM-DA_PWR-MRC-D+1_20220219110000_20220219113601.csv
2022-02-20T18:00:00Z,1.0,206.52,2022-02-20,MarketResult_SEM-DA_PWR-MRC-D+1_20220219110000_20220219113601.csv
2022-02-20T19:00:00Z,1.0,175.0,2022-02-20,MarketResult_SEM-DA_PWR-MRC-D+1_20220219110000_20220219113601.csv
2022-02-20T20:00:00Z,1.0,151.41,2022-02-20,MarketResult_SEM-DA_PWR-MRC-D+1_20220219110000_20220219113601.csv
2022-02-20T21:00:00Z,1.0,106.07,2022-02-20,MarketResult_SEM-DA_PWR-MRC-D+1_20220219110000_20220219113601.csv
2022-02-20T22:00:00Z,1.0,47.0,2022-02-20,MarketResult_SEM-DA_PWR-MRC-D+1_20220219110000_20220219113601.csv
2022-02-20T23:00:00Z,1.0,25.0,2022-02-21,MarketResult_SEM-DA_PWR-MRC-D+1_20220220110000_20220220113616.csv
2022-02-21T00:00:00Z,1.0,55.0,2022-02-21,MarketResult_SEM-DA_PWR-MRC-D+1_20220220110000_20220220113616.csv
2022-02-21T01:00:00Z,1.0,56.0,2022-02-21,MarketResult_SEM-DA_PWR-MRC-D+1_20220220110000_20220220113616.csv
2022-02-21T02:00:00Z,1.0,44.13,2022-02-21,MarketResult_SEM-DA_PWR-MRC-D+1_20220220110000_20220220113616.csv
2022-02-21T03:00:00Z,1.0,25.0,2022-02-21,MarketResult_SEM-DA_PWR-MRC-D+1_20220220110000_20220220113616.csv
2022-02-21T04:00:00Z,1.0,25.0,2022-02-21,MarketResult_SEM-DA_PWR-MRC-D+1_20220220110000_20220220113616.csv
2022-02-21T05:00:00Z,1.0,2.0,2022-02-21,MarketResult_SEM-DA_PWR-MRC-D+1_20220220110000_20220220113616.csv
2022-02-21T06:00:00Z,1.0,94.93,2022-02-21,MarketResult_SEM-DA_PWR-MRC-D+1_20220220110000_20220220113616.csv
2022-02-21T07:00:00Z,1.0,176.0,2022-02-21,MarketResult_SEM-DA_PWR-MRC-D+1_20220220110000_20220220113616.csv
2022-02-21T08:00:00Z,1.0,176.0,2022-02-21,MarketResult_SEM-DA_PWR-MRC-D+1_20220220110000_20220220113616.csv
2022-02-21T09:00:00Z,1.0,196.02,2022-02-21,MarketResult_SEM-DA_PWR-MRC-D+1_20220220110000_20220220113616.csv
2022-02-21T10:00:00Z,1.0,176.0,2022-02-21,MarketResult_SEM-DA_PWR-MRC-D+1_20220220110000_20220220113616.csv
2022-02-21T11:00:00Z,1.0,161.89,2022-02-21,MarketResult_SEM-DA_PWR-MRC-D+1_20220220110000_20220220113616.csv
2022-02-21T12:00:00Z,1.0,176.0,2022-02-21,MarketResult_SEM-DA_PWR-MRC-D+1_20220220110000_20220220113616.csv
2022-02-21T13:00:00Z,1.0,177.0,2022-02-21,MarketResult_SEM-DA_PWR-MRC-D+1_20220220110000_20220220113616.csv
2022-02-21T14:00:00Z,1.0,176.11,2022-02-21,MarketResult_SEM-DA_PWR-MRC-D+1_20220220110000_20220220113616.csv
2022-02-21T15:00:00Z,1.0,185.8,2022-02-21,MarketResult_SEM-DA_PWR-MRC-D+1_20220220110000_20220220113616.csv
2022-02-21T16:00:00Z,1.0,219.9,2022-02-21,MarketResult_SEM-DA_PWR-MRC-D+1_20220220110000_20220220113616.csv
2022-02-21T17:00:00Z,1.0,281.0,2022-02-21,MarketResult_SEM-DA_PWR-MRC-D+1_20220220110000_20220220113616.csv
2022-02-21T18:00:00Z,1.0,331.94,2022-02-21,MarketResult_SEM-DA_PWR-MRC-D+1_20220220110000_20220220113616.csv
2022-02-21T19:00:00Z,1.0,294.18,2022-02-21,MarketResult_SEM-DA_PWR-MRC-D+1_20220220110000_20220220113616.csv
2022-02-21T20:00:00Z,1.0,241.79,2022-02-21,MarketResult_SEM-DA_PWR-MRC-D+1_20220220110000_20220220113616.csv
2022-02-21T21:00:00Z,1.0,214.0,2022-02-21,MarketResult_SEM-DA_PWR-MRC-D+1_20220220110000_20220220113616.csv
2022-02-21T22:00:00Z,1.0,189.0,2022-02-21,MarketResult_SEM-DA_PWR-MRC-D+1_20220220110000_20220220113616.csv
2022-02-21T23:00:00Z,1.0,187.0,2022-02-22,MarketResult_SEM-DA_PWR-MRC-D+1_20220221110000_20220221113532.csv
2022-02-22T00:00:00Z,1.0,134.26,2022-02-22,MarketResult_SEM-DA_PWR-MRC-D+1_20220221110000_20220221113532.csv
2022-02-22T01:00:00Z,1.0,99.0,2022-02-22,MarketResult_SEM-DA_PWR-MRC-D+1_20220221110000_20220221113532.csv
2022-02-22T02:00:00Z,1.0,49.0,2022-02-22,MarketResult_SEM-DA_PWR-MRC-D+1_20220221110000_20220221113532.csv
2022-02-22T03:00:00Z,1.0,25.0,2022-02-22,MarketResult_SEM-DA_PWR-MRC-D+1_20220221110000_20220221113532.csv
2022-02-22T04:00:00Z,1.0,25.0,2022-02-22,MarketResult_SEM-DA_PWR-MRC-D+1_20220221110000_20220221113532.csv
2022-02-22T05:00:00Z,1.0,58.88,2022-02-22,MarketResult_SEM-DA_PWR-MRC-D+1_20220221110000_20220221113532.csv
2022-02-22T06:00:00Z,1.0,153.16,2022-02-22,MarketResult_SEM-DA_PWR-MRC-D+1_20220221110000_20220221113532.csv
2022-02-22T07:00:00Z,1.0,203.46,2022-02-22,MarketResult_SEM-DA_PWR-MRC-D+1_20220221110000_20220221113532.csv
2022-02-22T08:00:00Z,1.0,205.08,2022-02-22,MarketResult_SEM-DA_PWR-MRC-D+1_20220221110000_20220221113532.csv
2022-02-22T09:00:00Z,1.0,214.0,2022-02-22,MarketResult_SEM-DA_PWR-MRC-D+1_20220221110000_20220221113532.csv
2022-02-22T10:00:00Z,1.0,188.0,2022-02-22,MarketResult_SEM-DA_PWR-MRC-D+1_20220221110000_20220221113532.csv
2022-02-22T11:00:00Z,1.0,177.0,2022-02-22,MarketResult_SEM-DA_PWR-MRC-D+1_20220221110000_20220221113532.csv
2022-02-22T12:00:00Z,1.0,176.0,2022-02-22,MarketResult_SEM-DA_PWR-MRC-D+1_20220221110000_20220221113532.csv
2022-02-22T13:00:00Z,1.0,152.62,2022-02-22,MarketResult_SEM-DA_PWR-MRC-D+1_20220221110000_20220221113532.csv
2022-02-22T14:00:00Z,1.0,145.0,2022-02-22,MarketResult_SEM-DA_PWR-MRC-D+1_20220221110000_20220221113532.csv
2022-02-22T15:00:00Z,1.0,145.0,2022-02-22,MarketResult_SEM-DA_PWR-MRC-D+1_20220221110000_20220221113532.csv
2022-02-22T16:00:00Z,1.0,168.59,2022-02-22,MarketResult_SEM-DA_PWR-MRC-D+1_20220221110000_20220221113532.csv
2022-02-22T17:00:00Z,1.0,214.51,2022-02-22,MarketResult_SEM-DA_PWR-MRC-D+1_20220221110000_20220221113532.csv
2022-02-22T18:00:00Z,1.0,265.0,2022-02-22,MarketResult_SEM-DA_PWR-MRC-D+1_20220221110000_20220221113532.csv
2022-02-22T19:00:00Z,1.0,246.88,2022-02-22,MarketResult_SEM-DA_PWR-MRC-D+1_20220221110000_20220221113532.csv
2022-02-22T20:00:00Z,1.0,216.5,2022-02-22,MarketResult_SEM-DA_PWR-MRC-D+1_20220221110000_20220221113532.csv
2022-02-22T21:00:00Z,1.0,216.38,2022-02-22,MarketResult_SEM-DA_PWR-MRC-D+1_20220221110000_20220221113532.csv
2022-02-22T22:00:00Z,1.0,175.71,2022-02-22,MarketResult_SEM-DA_PWR-MRC-D+1_20220221110000_20220221113532.csv
2022-02-22T23:00:00Z,1.0,150.0,2022-02-23,MarketResult_SEM-DA_PWR-MRC-D+1_20220222110000_20220222113702.csv
2022-02-23T00:00:00Z,1.0,141.52,2022-02-23,MarketResult_SEM-DA_PWR-MRC-D+1_20220222110000_20220222113702.csv
2022-02-23T01:00:00Z,1.0,120.0,2022-02-23,MarketResult_SEM-DA_PWR-MRC-D+1_20220222110000_20220222113702.csv
2022-02-23T02:00:00Z,1.0,96.25,2022-02-23,MarketResult_SEM-DA_PWR-MRC-D+1_20220222110000_20220222113702.csv
2022-02-23T03:00:00Z,1.0,73.87,2022-02-23,MarketResult_SEM-DA_PWR-MRC-D+1_20220222110000_20220222113702.csv
2022-02-23T04:00:00Z,1.0,62.85,2022-02-23,MarketResult_SEM-DA_PWR-MRC-D+1_20220222110000_20220222113702.csv
2022-02-23T05:00:00Z,1.0,73.1,2022-02-23,MarketResult_SEM-DA_PWR-MRC-D+1_20220222110000_20220222113702.csv
2022-02-23T06:00:00Z,1.0,120.0,2022-02-23,MarketResult_SEM-DA_PWR-MRC-D+1_20220222110000_20220222113702.csv
2022-02-23T07:00:00Z,1.0,167.0,2022-02-23,MarketResult_SEM-DA_PWR-MRC-D+1_20220222110000_20220222113702.csv
2022-02-23T08:00:00Z,1.0,215.0,2022-02-23,MarketResult_SEM-DA_PWR-MRC-D+1_20220222110000_20220222113702.csv
2022-02-23T09:00:00Z,1.0,206.01,2022-02-23,MarketResult_SEM-DA_PWR-MRC-D+1_20220222110000_20220222113702.csv
2022-02-23T10:00:00Z,1.0,187.84,2022-02-23,MarketResult_SEM-DA_PWR-MRC-D+1_20220222110000_20220222113702.csv
2022-02-23T11:00:00Z,1.0,172.19,2022-02-23,MarketResult_SEM-DA_PWR-MRC-D+1_20220222110000_20220222113702.csv
2022-02-23T12:00:00Z,1.0,170.0,2022-02-23,MarketResult_SEM-DA_PWR-MRC-D+1_20220222110000_20220222113702.csv
2022-02-23T13:00:00Z,1.0,161.56,2022-02-23,MarketResult_SEM-DA_PWR-MRC-D+1_20220222110000_20220222113702.csv
2022-02-23T14:00:00Z,1.0,162.93,2022-02-23,MarketResult_SEM-DA_PWR-MRC-D+1_20220222110000_20220222113702.csv
2022-02-23T15:00:00Z,1.0,174.0,2022-02-23,MarketResult_SEM-DA_PWR-MRC-D+1_20220222110000_20220222113702.csv
2022-02-23T16:00:00Z,1.0,200.16,2022-02-23,MarketResult_SEM-DA_PWR-MRC-D+1_20220222110000_20220222113702.csv
2022-02-23T17:00:00Z,1.0,232.83,2022-02-23,MarketResult_SEM-DA_PWR-MRC-D+1_20220222110000_20220222113702.csv
2022-02-23T18:00:00Z,1.0,243.0,2022-02-23,MarketResult_SEM-DA_PWR-MRC-D+1_20220222110000_20220222113702.csv
2022-02-23T19:00:00Z,1.0,216.0,2022-02-23,MarketResult_SEM-DA_PWR-MRC-D+1_20220222110000_20220222113702.csv
2022-02-23T20:00:00Z,1.0,192.3,2022-02-23,MarketResult_SEM-DA_PWR-MRC-D+1_20220222110000_20220222113702.csv
2022-02-23T21:00:00Z,1.0,189.0,2022-02-23,MarketResult_SEM-DA_PWR-MRC-D+1_20220222110000_20220222113702.csv
2022-02-23T22:00:00Z,1.0,170.1,2022-02-23,MarketResult_SEM-DA_PWR-MRC-D+1_20220222110000_20220222113702.csv
2022-02-23T23:00:00Z,1.0,155.0,2022-02-24,MarketResult_SEM-DA_PWR-MRC-D+1_20220223110000_20220223113518.csv
2022-02-24T00:00:00Z,1.0,145.07,2022-02-24,MarketResult_SEM-DA_PWR-MRC-D+1_20220223110000_20220223113518.csv
2022-02-24T01:00:00Z,1.0,142.76,2022-02-24,MarketResult_SEM-DA_PWR-MRC-D+1_20220223110000_20220223113518.csv
2022-02-24T02:00:00Z,1.0,125.0,2022-02-24,MarketResult_SEM-DA_PWR-MRC-D+1_20220223110000_20220223113518.csv
2022-02-24T03:00:00Z,1.0,120.72,2022-02-24,MarketResult_SEM-DA_PWR-MRC-D+1_20220223110000_20220223113518.csv
2022-02-24T04:00:00Z,1.0,115.29,2022-02-24,MarketResult_SEM-DA_PWR-MRC-D+1_20220223110000_20220223113518.csv
2022-02-24T05:00:00Z,1.0,139.62,2022-02-24,MarketResult_SEM-DA_PWR-MRC-D+1_20220223110000_20220223113518.csv
2022-02-24T06:00:00Z,1.0,158.45,2022-02-24,MarketResult_SEM-DA_PWR-MRC-D+1_20220223110000_20220223113518.csv
2022-02-24T07:00:00Z,1.0,226.82,2022-02-24,MarketResult_SEM-DA_PWR-MRC-D+1_20220223110000_20220223113518.csv
2022-02-24T08:00:00Z,1.0,254.75,2022-02-24,MarketResult_SEM-DA_PWR-MRC-D+1_20220223110000_20220223113518.csv
2022-02-24T09:00:00Z,1.0,244.95,2022-02-24,MarketResult_SEM-DA_PWR-MRC-D+1_20220223110000_20220223113518.csv
2022-02-24T10:00:00Z,1.0,199.0,2022-02-24,MarketResult_SEM-DA_PWR-MRC-D+1_20220223110000_20220223113518.csv
2022-02-24T11:00:00Z,1.0,180.98,2022-02-24,MarketResult_SEM-DA_PWR-MRC-D+1_20220223110000_20220223113518.csv
2022-02-24T12:00:00Z,1.0,172.74,2022-02-24,MarketResult_SEM-DA_PWR-MRC-D+1_20220223110000_20220223113518.csv
2022-02-24T13:00:00Z,1.0,166.16,2022-02-24,MarketResult_SEM-DA_PWR-MRC-D+1_20220223110000_20220223113518.csv
2022-02-24T14:00:00Z,1.0,163.5,2022-02-24,MarketResult_SEM-DA_PWR-MRC-D+1_20220223110000_20220223113518.csv
2022-02-24T15:00:00Z,1.0,179.96,2022-02-24,MarketResult_SEM-DA_PWR-MRC-D+1_20220223110000_20220223113518.csv
2022-02-24T16:00:00Z,1.0,196.68,2022-02-24,MarketResult_SEM-DA_PWR-MRC-D+1_20220223110000_20220223113518.csv
2022-02-24T17:00:00Z,1.0,224.26,2022-02-24,MarketResult_SEM-DA_PWR-MRC-D+1_20220223110000_20220223113518.csv
2022-02-24T18:00:00Z,1.0,255.0,2022-02-24,MarketResult_SEM-DA_PWR-MRC-D+1_20220223110000_20220223113518.csv
2022-02-24T19:00:00Z,1.0,225.12,2022-02-24,MarketResult_SEM-DA_PWR-MRC-D+1_20220223110000_20220223113518.csv
2022-02-24T20:00:00Z,1.0,194.04,2022-02-24,MarketResult_SEM-DA_PWR-MRC-D+1_20220223110000_20220223113518.csv
2022-02-24T21:00:00Z,1.0,179.42,2022-02-24,MarketResult_SEM-DA_PWR-MRC-D+1_20220223110000_20220223113518.csv
2022-02-24T22:00:00Z,1.0,155.12,2022-02-24,MarketResult_SEM-DA_PWR-MRC-D+1_20220223110000_20220223113518.csv
2022-02-24T23:00:00Z,1.0,199.98,2022-02-25,MarketResult_SEM-DA_PWR-MRC-D+1_20220224110000_20220224113535.csv
2022-02-25T00:00:00Z,1.0,179.03,2022-02-25,MarketResult_SEM-DA_PWR-MRC-D+1_20220224110000_20220224113535.csv
2022-02-25T01:00:00Z,1.0,182.51,2022-02-25,MarketResult_SEM-DA_PWR-MRC-D+1_20220224110000_20220224113535.csv
2022-02-25T02:00:00Z,1.0,168.51,2022-02-25,MarketResult_SEM-DA_PWR-MRC-D+1_20220224110000_20220224113535.csv
2022-02-25T03:00:00Z,1.0,175.0,2022-02-25,MarketResult_SEM-DA_PWR-MRC-D+1_20220224110000_20220224113535.csv
2022-02-25T04:00:00Z,1.0,215.7,2022-02-25,MarketResult_SEM-DA_PWR-MRC-D+1_20220224110000_20220224113535.csv
2022-02-25T05:00:00Z,1.0,234.76,2022-02-25,MarketResult_SEM-DA_PWR-MRC-D+1_20220224110000_20220224113535.csv
2022-02-25T06:00:00Z,1.0,295.12,2022-02-25,MarketResult_SEM-DA_PWR-MRC-D+1_20220224110000_20220224113535.csv
2022-02-25T07:00:00Z,1.0,324.0,2022-02-25,MarketResult_SEM-DA_PWR-MRC-D+1_20220224110000_20220224113535.csv
2022-02-25T08:00:00Z,1.0,350.0,2022-02-25,MarketResult_SEM-DA_PWR-MRC-D+1_20220224110000_20220224113535.csv
2022-02-25T09:00:00Z,1.0,325.0,2022-02-25,MarketResult_SEM-DA_PWR-MRC-D+1_20220224110000_20220224113535.csv
2022-02-25T10:00:00Z,1.0,315.5,2022-02-25,MarketResult_SEM-DA_PWR-MRC-D+1_20220224110000_20220224113535.csv
2022-02-25T11:00:00Z,1.0,350.0,2022-02-25,MarketResult_SEM-DA_PWR-MRC-D+1_20220224110000_20220224113535.csv
2022-02-25T12:00:00Z,1.0,315.0,2022-02-25,MarketResult_SEM-DA_PWR-MRC-D+1_20220224110000_20220224113535.csv
2022-02-25T13:00:00Z,1.0,286.04,2022-02-25,MarketResult_SEM-DA_PWR-MRC-D+1_20220224110000_20220224113535.csv
2022-02-25T14:00:00Z,1.0,260.33,2022-02-25,MarketResult_SEM-DA_PWR-MRC-D+1_20220224110000_20220224113535.csv
2022-02-25T15:00:00Z,1.0,250.0,2022-02-25,MarketResult_SEM-DA_PWR-MRC-D+1_20220224110000_20220224113535.csv
2022-02-25T16:00:00Z,1.0,292.31,2022-02-25,MarketResult_SEM-DA_PWR-MRC-D+1_20220224110000_20220224113535.csv
2022-02-25T17:00:00Z,1.0,361.72,2022-02-25,MarketResult_SEM-DA_PWR-MRC-D+1_20220224110000_20220224113535.csv
2022-02-25T18:00:00Z,1.0,351.0,2022-02-25,MarketResult_SEM-DA_PWR-MRC-D+1_20220224110000_20220224113535.csv
2022-02-25T19:00:00Z,1.0,265.0,2022-02-25,MarketResult_SEM-DA_PWR-MRC-D+1_20220224110000_20220224113535.csv
2022-02-25T20:00:00Z,1.0,255.0,2022-02-25,MarketResult_SEM-DA_PWR-MRC-D+1_20220224110000_20220224113535.csv
2022-02-25T21:00:00Z,1.0,223.32,2022-02-25,MarketResult_SEM-DA_PWR-MRC-D+1_20220224110000_20220224113535.csv
2022-02-25T22:00:00Z,1.0,205.73,2022-02-25,MarketResult_SEM-DA_PWR-MRC-D+1_20220224110000_20220224113535.csv
2022-02-25T23:00:00Z,1.0,189.23,2022-02-26,MarketResult_SEM-DA_PWR-MRC-D+1_20220225110000_20220225113716.csv
2022-02-26T00:00:00Z,1.0,150.0,2022-02-26,MarketResult_SEM-DA_PWR-MRC-D+1_20220225110000_20220225113716.csv
2022-02-26T01:00:00Z,1.0,100.6,2022-02-26,MarketResult_SEM-DA_PWR-MRC-D+1_20220225110000_20220225113716.csv
2022-02-26T02:00:00Z,1.0,62.0,2022-02-26,MarketResult_SEM-DA_PWR-MRC-D+1_20220225110000_20220225113716.csv
2022-02-26T03:00:00Z,1.0,35.0,2022-02-26,MarketResult_SEM-DA_PWR-MRC-D+1_20220225110000_20220225113716.csv
2022-02-26T04:00:00Z,1.0,25.0,2022-02-26,MarketResult_SEM-DA_PWR-MRC-D+1_20220225110000_20220225113716.csv
2022-02-26T05:00:00Z,1.0,14.07,2022-02-26,MarketResult_SEM-DA_PWR-MRC-D+1_20220225110000_20220225113716.csv
2022-02-26T06:00:00Z,1.0,15.7,2022-02-26,MarketResult_SEM-DA_PWR-MRC-D+1_20220225110000_20220225113716.csv
2022-02-26T07:00:00Z,1.0,29.0,2022-02-26,MarketResult_SEM-DA_PWR-MRC-D+1_20220225110000_20220225113716.csv
2022-02-26T08:00:00Z,1.0,147.77,2022-02-26,MarketResult_SEM-DA_PWR-MRC-D+1_20220225110000_20220225113716.csv
2022-02-26T09:00:00Z,1.0,227.37,2022-02-26,MarketResult_SEM-DA_PWR-MRC-D+1_20220225110000_20220225113716.csv
2022-02-26T10:00:00Z,1.0,206.94,2022-02-26,MarketResult_SEM-DA_PWR-MRC-D+1_20220225110000_20220225113716.csv
2022-02-26T11:00:00Z,1.0,180.05,2022-02-26,MarketResult_SEM-DA_PWR-MRC-D+1_20220225110000_20220225113716.csv
2022-02-26T12:00:00Z,1.0,168.91,2022-02-26,MarketResult_SEM-DA_PWR-MRC-D+1_20220225110000_20220225113716.csv
2022-02-26T13:00:00Z,1.0,164.74,2022-02-26,MarketResult_SEM-DA_PWR-MRC-D+1_20220225110000_20220225113716.csv
2022-02-26T14:00:00Z,1.0,159.15,2022-02-26,MarketResult_SEM-DA_PWR-MRC-D+1_20220225110000_20220225113716.csv
2022-02-26T15:00:00Z,1.0,155.0,2022-02-26,MarketResult_SEM-DA_PWR-MRC-D+1_20220225110000_20220225113716.csv
2022-02-26T16:00:00Z,1.0,208.21,2022-02-26,MarketResult_SEM-DA_PWR-MRC-D+1_20220225110000_20220225113716.csv
2022-02-26T17:00:00Z,1.0,260.87,2022-02-26,MarketResult_SEM-DA_PWR-MRC-D+1_20220225110000_20220225113716.csv
2022-02-26T18:00:00Z,1.0,278.0,2022-02-26,MarketResult_SEM-DA_PWR-MRC-D+1_20220225110000_20220225113716.csv
2022-02-26T19:00:00Z,1.0,187.0,2022-02-26,MarketResult_SEM-DA_PWR-MRC-D+1_20220225110000_20220225113716.csv
2022-02-26T20:00:00Z,1.0,184.3,2022-02-26,MarketResult_SEM-DA_PWR-MRC-D+1_20220225110000_20220225113716.csv
2022-02-26T21:00:00Z,1.0,159.69,2022-02-26,MarketResult_SEM-DA_PWR-MRC-D+1_20220225110000_20220225113716.csv
2022-02-26T22:00:00Z,1.0,128.0,2022-02-26,MarketResult_SEM-DA_PWR-MRC-D+1_20220225110000_20220225113716.csv
2022-02-26T23:00:00Z,1.0,127.78,2022-02-27,MarketResult_SEM-DA_PWR-MRC-D+1_20220226110000_20220226113526.csv
2022-02-27T00:00:00Z,1.0,135.46,2022-02-27,MarketResult_SEM-DA_PWR-MRC-D+1_20220226110000_20220226113526.csv
2022-02-27T01:00:00Z,1.0,159.06,2022-02-27,MarketResult_SEM-DA_PWR-MRC-D+1_20220226110000_20220226113526.csv
2022-02-27T02:00:00Z,1.0,166.8,2022-02-27,MarketResult_SEM-DA_PWR-MRC-D+1_20220226110000_20220226113526.csv
2022-02-27T03:00:00Z,1.0,171.0,2022-02-27,MarketResult_SEM-DA_PWR-MRC-D+1_20220226110000_20220226113526.csv
2022-02-27T04:00:00Z,1.0,180.0,2022-02-27,MarketResult_SEM-DA_PWR-MRC-D+1_20220226110000_20220226113526.csv
2022-02-27T05:00:00Z,1.0,202.04,2022-02-27,MarketResult_SEM-DA_PWR-MRC-D+1_20220226110000_20220226113526.csv
2022-02-27T06:00:00Z,1.0,225.41,2022-02-27,MarketResult_SEM-DA_PWR-MRC-D+1_20220226110000_20220226113526.csv
2022-02-27T07:00:00Z,1.0,239.33,2022-02-27,MarketResult_SEM-DA_PWR-MRC-D+1_20220226110000_20220226113526.csv
2022-02-27T08:00:00Z,1.0,259.5,2022-02-27,MarketResult_SEM-DA_PWR-MRC-D+1_20220226110000_20220226113526.csv
2022-02-27T09:00:00Z,1.0,298.52,2022-02-27,MarketResult_SEM-DA_PWR-MRC-D+1_20220226110000_20220226113526.csv
2022-02-27T10:00:00Z,1.0,273.12,2022-02-27,MarketResult_SEM-DA_PWR-MRC-D+1_20220226110000_20220226113526.csv
2022-02-27T11:00:00Z,1.0,230.98,2022-02-27,MarketResult_SEM-DA_PWR-MRC-D+1_20220226110000_20220226113526.csv
2022-02-27T12:00:00Z,1.0,220.8,2022-02-27,MarketResult_SEM-DA_PWR-MRC-D+1_20220226110000_20220226113526.csv
2022-02-27T13:00:00Z,1.0,216.0,2022-02-27,MarketResult_SEM-DA_PWR-MRC-D+1_20220226110000_20220226113526.csv
2022-02-27T14:00:00Z,1.0,194.31,2022-02-27,MarketResult_SEM-DA_PWR-MRC-D+1_20220226110000_20220226113526.csv
2022-02-27T15:00:00Z,1.0,148.82,2022-02-27,MarketResult_SEM-DA_PWR-MRC-D+1_20220226110000_20220226113526.csv
2022-02-27T16:00:00Z,1.0,188.61,2022-02-27,MarketResult_SEM-DA_PWR-MRC-D+1_20220226110000_20220226113526.csv
2022-02-27T17:00:00Z,1.0,255.05,2022-02-27,MarketResult_SEM-DA_PWR-MRC-D+1_20220226110000_20220226113526.csv
2022-02-27T18:00:00Z,1.0,265.85,2022-02-27,MarketResult_SEM-DA_PWR-MRC-D+1_20220226110000_20220226113526.csv
2022-02-27T19:00:00Z,1.0,259.64,2022-02-27,MarketResult_SEM-DA_PWR-MRC-D+1_20220226110000_20220226113526.csv
2022-02-27T20:00:00Z,1.0,181.31,2022-02-27,MarketResult_SEM-DA_PWR-MRC-D+1_20220226110000_20220226113526.csv
2022-02-27T21:00:00Z,1.0,138.31,2022-02-27,MarketResult_SEM-DA_PWR-MRC-D+1_20220226110000_20220226113526.csv
2022-02-27T22:00:00Z,1.0,100.0,2022-02-27,MarketResult_SEM-DA_PWR-MRC-D+1_20220226110000_20220226113526.csv
2022-02-27T23:00:00Z,1.0,137.27,2022-02-28,MarketResult_SEM-DA_PWR-MRC-D+1_20220227110000_20220227113633.csv
2022-02-28T00:00:00Z,1.0,145.02,2022-02-28,MarketResult_SEM-DA_PWR-MRC-D+1_20220227110000_20220227113633.csv
2022-02-28T01:00:00Z,1.0,161.0,2022-02-28,MarketResult_SEM-DA_PWR-MRC-D+1_20220227110000_20220227113633.csv
2022-02-28T02:00:00Z,1.0,155.0,2022-02-28,MarketResult_SEM-DA_PWR-MRC-D+1_20220227110000_20220227113633.csv
2022-02-28T03:00:00Z,1.0,167.56,2022-02-28,MarketResult_SEM-DA_PWR-MRC-D+1_20220227110000_20220227113633.csv
2022-02-28T04:00:00Z,1.0,196.45,2022-02-28,MarketResult_SEM-DA_PWR-MRC-D+1_20220227110000_20220227113633.csv
2022-02-28T05:00:00Z,1.0,247.04,2022-02-28,MarketResult_SEM-DA_PWR-MRC-D+1_20220227110000_20220227113633.csv
2022-02-28T06:00:00Z,1.0,299.0,2022-02-28,MarketResult_SEM-DA_PWR-MRC-D+1_20220227110000_20220227113633.csv
2022-02-28T07:00:00Z,1.0,275.0,2022-02-28,MarketResult_SEM-DA_PWR-MRC-D+1_20220227110000_20220227113633.csv
2022-02-28T08:00:00Z,1.0,283.16,2022-02-28,MarketResult_SEM-DA_PWR-MRC-D+1_20220227110000_20220227113633.csv
2022-02-28T09:00:00Z,1.0,278.6,2022-02-28,MarketResult_SEM-DA_PWR-MRC-D+1_20220227110000_20220227113633.csv
2022-02-28T10:00:00Z,1.0,264.79,2022-02-28,MarketResult_SEM-DA_PWR-MRC-D+1_20220227110000_20220227113633.csv
2022-02-28T11:00:00Z,1.0,249.4,2022-02-28,MarketResult_SEM-DA_PWR-MRC-D+1_20220227110000_20220227113633.csv
2022-02-28T12:00:00Z,1.0,249.4,2022-02-28,MarketResult_SEM-DA_PWR-MRC-D+1_20220227110000_20220227113633.csv
2022-02-28T13:00:00Z,1.0,257.04,2022-02-28,MarketResult_SEM-DA_PWR-MRC-D+1_20220227110000_20220227113633.csv
2022-02-28T14:00:00Z,1.0,259.0,2022-02-28,MarketResult_SEM-DA_PWR-MRC-D+1_20220227110000_20220227113633.csv
2022-02-28T15:00:00Z,1.0,252.5,2022-02-28,MarketResult_SEM-DA_PWR-MRC-D+1_20220227110000_20220227113633.csv
2022-02-28T16:00:00Z,1.0,300.0,2022-02-28,MarketResult_SEM-DA_PWR-MRC-D+1_20220227110000_20220227113633.csv
2022-02-28T17:00:00Z,1.0,330.02,2022-02-28,MarketResult_SEM-DA_PWR-MRC-D+1_20220227110000_20220227113633.csv
2022-02-28T18:00:00Z,1.0,367.1,2022-02-28,MarketResult_SEM-DA_PWR-MRC-D+1_20220227110000_20220227113633.csv
2022-02-28T19:00:00Z,1.0,341.0,2022-02-28,MarketResult_SEM-DA_PWR-MRC-D+1_20220227110000_20220227113633.csv
2022-02-28T20:00:00Z,1.0,293.24,2022-02-28,MarketResult_SEM-DA_PWR-MRC-D+1_20220227110000_20220227113633.csv
2022-02-28T21:00:00Z,1.0,256.06,2022-02-28,MarketResult_SEM-DA_PWR-MRC-D+1_20220227110000_20220227113633.csv
2022-02-28T22:00:00Z,1.0,226.34,2022-02-28,MarketResult_SEM-DA_PWR-MRC-D+1_20220227110000_20220227113633.csv
2022-02-28T23:00:00Z,1.0,255.84,2022-03-01,MarketResult_SEM-DA_PWR-MRC-D+1_20220228110000_20220228113454.csv
2022-03-01T00:00:00Z,1.0,262.16,2022-03-01,MarketResult_SEM-DA_PWR-MRC-D+1_20220228110000_20220228113454.csv
2022-03-01T01:00:00Z,1.0,260.45,2022-03-01,MarketResult_SEM-DA_PWR-MRC-D+1_20220228110000_20220228113454.csv
2022-03-01T02:00:00Z,1.0,249.0,2022-03-01,MarketResult_SEM-DA_PWR-MRC-D+1_20220228110000_20220228113454.csv
2022-03-01T03:00:00Z,1.0,244.99,2022-03-01,MarketResult_SEM-DA_PWR-MRC-D+1_20220228110000_20220228113454.csv
2022-03-01T04:00:00Z,1.0,246.58,2022-03-01,MarketResult_SEM-DA_PWR-MRC-D+1_20220228110000_20220228113454.csv
2022-03-01T05:00:00Z,1.0,274.23,2022-03-01,MarketResult_SEM-DA_PWR-MRC-D+1_20220228110000_20220228113454.csv
2022-03-01T06:00:00Z,1.0,300.0,2022-03-01,MarketResult_SEM-DA_PWR-MRC-D+1_20220228110000_20220228113454.csv
2022-03-01T07:00:00Z,1.0,330.75,2022-03-01,MarketResult_SEM-DA_PWR-MRC-D+1_20220228110000_20220228113454.csv
2022-03-01T08:00:00Z,1.0,332.0,2022-03-01,MarketResult_SEM-DA_PWR-MRC-D+1_20220228110000_20220228113454.csv
2022-03-01T09:00:00Z,1.0,312.95,2022-03-01,MarketResult_SEM-DA_PWR-MRC-D+1_20220228110000_20220228113454.csv
2022-03-01T10:00:00Z,1.0,290.51,2022-03-01,MarketResult_SEM-DA_PWR-MRC-D+1_20220228110000_20220228113454.csv
2022-03-01T11:00:00Z,1.0,282.0,2022-03-01,MarketResult_SEM-DA_PWR-MRC-D+1_20220228110000_20220228113454.csv
2022-03-01T12:00:00Z,1.0,285.0,2022-03-01,MarketResult_SEM-DA_PWR-MRC-D+1_20220228110000_20220228113454.csv
2022-03-01T13:00:00Z,1.0,286.23,2022-03-01,MarketResult_SEM-DA_PWR-MRC-D+1_20220228110000_20220228113454.csv
2022-03-01T14:00:00Z,1.0,283.71,2022-03-01,MarketResult_SEM-DA_PWR-MRC-D+1_20220228110000_20220228113454.csv
2022-03-01T15:00:00Z,1.0,296.0,2022-03-01,MarketResult_SEM-DA_PWR-MRC-D+1_20220228110000_20220228113454.csv
2022-03-01T16:00:00Z,1.0,343.0,2022-03-01,MarketResult_SEM-DA_PWR-MRC-D+1_20220228110000_20220228113454.csv
2022-03-01T17:00:00Z,1.0,378.67,2022-03-01,MarketResult_SEM-DA_PWR-MRC-D+1_20220228110000_20220228113454.csv
2022-03-01T18:00:00Z,1.0,408.0,2022-03-01,MarketResult_SEM-DA_PWR-MRC-D+1_20220228110000_20220228113454.csv
2022-03-01T19:00:00Z,1.0,325.0,2022-03-01,MarketResult_SEM-DA_PWR-MRC-D+1_20220228110000_20220228113454.csv
2022-03-01T20:00:00Z,1.0,281.79,2022-03-01,MarketResult_SEM-DA_PWR-MRC-D+1_20220228110000_20220228113454.csv
2022-03-01T21:00:00Z,1.0,270.52,2022-03-01,MarketResult_SEM-DA_PWR-MRC-D+1_20220228110000_20220228113454.csv
2022-03-01T22:00:00Z,1.0,251.01,2022-03-01,MarketResult_SEM-DA_PWR-MRC-D+1_20220228110000_20220228113454.csv
2022-03-01T23:00:00Z,1.0,243.53,2022-03-02,MarketResult_SEM-DA_PWR-MRC-D+1_20220301110000_20220301113621.csv
2022-03-02T00:00:00Z,1.0,228.54,2022-03-02,MarketResult_SEM-DA_PWR-MRC-D+1_20220301110000_20220301113621.csv
2022-03-02T01:00:00Z,1.0,212.47,2022-03-02,MarketResult_SEM-DA_PWR-MRC-D+1_20220301110000_20220301113621.csv
2022-03-02T02:00:00Z,1.0,202.0,2022-03-02,MarketResult_SEM-DA_PWR-MRC-D+1_20220301110000_20220301113621.csv
2022-03-02T03:00:00Z,1.0,201.63,2022-03-02,MarketResult_SEM-DA_PWR-MRC-D+1_20220301110000_20220301113621.csv
2022-03-02T04:00:00Z,1.0,202.71,2022-03-02,MarketResult_SEM-DA_PWR-MRC-D+1_20220301110000_20220301113621.csv
2022-03-02T05:00:00Z,1.0,221.35,2022-03-02,MarketResult_SEM-DA_PWR-MRC-D+1_20220301110000_20220301113621.csv
2022-03-02T06:00:00Z,1.0,245.0,2022-03-02,MarketResult_SEM-DA_PWR-MRC-D+1_20220301110000_20220301113621.csv
2022-03-02T07:00:00Z,1.0,273.0,2022-03-02,MarketResult_SEM-DA_PWR-MRC-D+1_20220301110000_20220301113621.csv
2022-03-02T08:00:00Z,1.0,287.85,2022-03-02,MarketResult_SEM-DA_PWR-MRC-D+1_20220301110000_20220301113621.csv
2022-03-02T09:00:00Z,1.0,266.82,2022-03-02,MarketResult_SEM-DA_PWR-MRC-D+1_20220301110000_20220301113621.csv
2022-03-02T10:00:00Z,1.0,264.0,2022-03-02,MarketResult_SEM-DA_PWR-MRC-D+1_20220301110000_20220301113621.csv
2022-03-02T11:00:00Z,1.0,264.0,2022-03-02,MarketResult_SEM-DA_PWR-MRC-D+1_20220301110000_20220301113621.csv
2022-03-02T12:00:00Z,1.0,261.91,2022-03-02,MarketResult_SEM-DA_PWR-MRC-D+1_20220301110000_20220301113621.csv
2022-03-02T13:00:00Z,1.0,257.29,2022-03-02,MarketResult_SEM-DA_PWR-MRC-D+1_20220301110000_20220301113621.csv
2022-03-02T14:00:00Z,1.0,258.0,2022-03-02,MarketResult_SEM-DA_PWR-MRC-D+1_20220301110000_20220301113621.csv
2022-03-02T15:00:00Z,1.0,256.11,2022-03-02,MarketResult_SEM-DA_PWR-MRC-D+1_20220301110000_20220301113621.csv
2022-03-02T16:00:00Z,1.0,280.22,2022-03-02,MarketResult_SEM-DA_PWR-MRC-D+1_20220301110000_20220301113621.csv
2022-03-02T17:00:00Z,1.0,308.53,2022-03-02,MarketResult_SEM-DA_PWR-MRC-D+1_20220301110000_20220301113621.csv
2022-03-02T18:00:00Z,1.0,332.0,2022-03-02,MarketResult_SEM-DA_PWR-MRC-D+1_20220301110000_20220301113621.csv
2022-03-02T19:00:00Z,1.0,295.0,2022-03-02,MarketResult_SEM-DA_PWR-MRC-D+1_20220301110000_20220301113621.csv
2022-03-02T20:00:00Z,1.0,265.41,2022-03-02,MarketResult_SEM-DA_PWR-MRC-D+1_20220301110000_20220301113621.csv
2022-03-02T21:00:00Z,1.0,265.41,2022-03-02,MarketResult_SEM-DA_PWR-MRC-D+1_20220301110000_20220301113621.csv
2022-03-02T22:00:00Z,1.0,244.0,2022-03-02,MarketResult_SEM-DA_PWR-MRC-D+1_20220301110000_20220301113621.csv
2022-03-02T23:00:00Z,1.0,290.5,2022-03-03,MarketResult_SEM-DA_PWR-MRC-D+1_20220302110000_20220302113754.csv
2022-03-03T00:00:00Z,1.0,284.0,2022-03-03,MarketResult_SEM-DA_PWR-MRC-D+1_20220302110000_20220302113754.csv
2022-03-03T01:00:00Z,1.0,282.0,2022-03-03,MarketResult_SEM-DA_PWR-MRC-D+1_20220302110000_20220302113754.csv
2022-03-03T02:00:00Z,1.0,272.89,2022-03-03,MarketResult_SEM-DA_PWR-MRC-D+1_20220302110000_20220302113754.csv
2022-03-03T03:00:00Z,1.0,279.0,2022-03-03,MarketResult_SEM-DA_PWR-MRC-D+1_20220302110000_20220302113754.csv
2022-03-03T04:00:00Z,1.0,288.88,2022-03-03,MarketResult_SEM-DA_PWR-MRC-D+1_20220302110000_20220302113754.csv
2022-03-03T05:00:00Z,1.0,344.61,2022-03-03,MarketResult_SEM-DA_PWR-MRC-D+1_20220302110000_20220302113754.csv
2022-03-03T06:00:00Z,1.0,399.62,2022-03-03,MarketResult_SEM-DA_PWR-MRC-D+1_20220302110000_20220302113754.csv
2022-03-03T07:00:00Z,1.0,419.94,2022-03-03,MarketResult_SEM-DA_PWR-MRC-D+1_20220302110000_20220302113754.csv
2022-03-03T08:00:00Z,1.0,418.6,2022-03-03,MarketResult_SEM-DA_PWR-MRC-D+1_20220302110000_20220302113754.csv
2022-03-03T09:00:00Z,1.0,441.02,2022-03-03,MarketResult_SEM-DA_PWR-MRC-D+1_20220302110000_20220302113754.csv
2022-03-03T10:00:00Z,1.0,418.64,2022-03-03,MarketResult_SEM-DA_PWR-MRC-D+1_20220302110000_20220302113754.csv
2022-03-03T11:00:00Z,1.0,422.86,2022-03-03,MarketResult_SEM-DA_PWR-MRC-D+1_20220302110000_20220302113754.csv
2022-03-03T12:00:00Z,1.0,438.56,2022-03-03,MarketResult_SEM-DA_PWR-MRC-D+1_20220302110000_20220302113754.csv
2022-03-03T13:00:00Z,1.0,438.56,2022-03-03,MarketResult_SEM-DA_PWR-MRC-D+1_20220302110000_20220302113754.csv
2022-03-03T14:00:00Z,1.0,400.76,2022-03-03,MarketResult_SEM-DA_PWR-MRC-D+1_20220302110000_20220302113754.csv
2022-03-03T15:00:00Z,1.0,364.92,2022-03-03,MarketResult_SEM-DA_PWR-MRC-D+1_20220302110000_20220302113754.csv
2022-03-03T16:00:00Z,1.0,420.28,2022-03-03,MarketResult_SEM-DA_PWR-MRC-D+1_20220302110000_20220302113754.csv
2022-03-03T17:00:00Z,1.0,483.0,2022-03-03,MarketResult_SEM-DA_PWR-MRC-D+1_20220302110000_20220302113754.csv
2022-03-03T18:00:00Z,1.0,619.99,2022-03-03,MarketResult_SEM-DA_PWR-MRC-D+1_20220302110000_20220302113754.csv
2022-03-03T19:00:00Z,1.0,530.0,2022-03-03,MarketResult_SEM-DA_PWR-MRC-D+1_20220302110000_20220302113754.csv
2022-03-03T20:00:00Z,1.0,438.56,2022-03-03,MarketResult_SEM-DA_PWR-MRC-D+1_20220302110000_20220302113754.csv
2022-03-03T21:00:00Z,1.0,376.47,2022-03-03,MarketResult_SEM-DA_PWR-MRC-D+1_20220302110000_20220302113754.csv
2022-03-03T22:00:00Z,1.0,376.17,2022-03-03,MarketResult_SEM-DA_PWR-MRC-D+1_20220302110000_20220302113754.csv
2022-03-03T23:00:00Z,1.0,422.47,2022-03-04,MarketResult_SEM-DA_PWR-MRC-D+1_20220303110000_20220303113600.csv
2022-03-04T00:00:00Z,1.0,393.72,2022-03-04,MarketResult_SEM-DA_PWR-MRC-D+1_20220303110000_20220303113600.csv
2022-03-04T01:00:00Z,1.0,387.84,2022-03-04,MarketResult_SEM-DA_PWR-MRC-D+1_20220303110000_20220303113600.csv
2022-03-04T02:00:00Z,1.0,373.1,2022-03-04,MarketResult_SEM-DA_PWR-MRC-D+1_20220303110000_20220303113600.csv
2022-03-04T03:00:00Z,1.0,352.79,2022-03-04,MarketResult_SEM-DA_PWR-MRC-D+1_20220303110000_20220303113600.csv
2022-03-04T04:00:00Z,1.0,370.0,2022-03-04,MarketResult_SEM-DA_PWR-MRC-D+1_20220303110000_20220303113600.csv
2022-03-04T05:00:00Z,1.0,397.0,2022-03-04,MarketResult_SEM-DA_PWR-MRC-D+1_20220303110000_20220303113600.csv
2022-03-04T06:00:00Z,1.0,405.15,2022-03-04,MarketResult_SEM-DA_PWR-MRC-D+1_20220303110000_20220303113600.csv
2022-03-04T07:00:00Z,1.0,441.0,2022-03-04,MarketResult_SEM-DA_PWR-MRC-D+1_20220303110000_20220303113600.csv
2022-03-04T08:00:00Z,1.0,433.02,2022-03-04,MarketResult_SEM-DA_PWR-MRC-D+1_20220303110000_20220303113600.csv
2022-03-04T09:00:00Z,1.0,436.0,2022-03-04,MarketResult_SEM-DA_PWR-MRC-D+1_20220303110000_20220303113600.csv
2022-03-04T10:00:00Z,1.0,422.73,2022-03-04,MarketResult_SEM-DA_PWR-MRC-D+1_20220303110000_20220303113600.csv
2022-03-04T11:00:00Z,1.0,513.51,2022-03-04,MarketResult_SEM-DA_PWR-MRC-D+1_20220303110000_20220303113600.csv
2022-03-04T12:00:00Z,1.0,531.0,2022-03-04,MarketResult_SEM-DA_PWR-MRC-D+1_20220303110000_20220303113600.csv
2022-03-04T13:00:00Z,1.0,447.2,2022-03-04,MarketResult_SEM-DA_PWR-MRC-D+1_20220303110000_20220303113600.csv
2022-03-04T14:00:00Z,1.0,423.0,2022-03-04,MarketResult_SEM-DA_PWR-MRC-D+1_20220303110000_20220303113600.csv
2022-03-04T15:00:00Z,1.0,411.13,2022-03-04,MarketResult_SEM-DA_PWR-MRC-D+1_20220303110000_20220303113600.csv
2022-03-04T16:00:00Z,1.0,453.74,2022-03-04,MarketResult_SEM-DA_PWR-MRC-D+1_20220303110000_20220303113600.csv
2022-03-04T17:00:00Z,1.0,578.0,2022-03-04,MarketResult_SEM-DA_PWR-MRC-D+1_20220303110000_20220303113600.csv
2022-03-04T18:00:00Z,1.0,668.0,2022-03-04,MarketResult_SEM-DA_PWR-MRC-D+1_20220303110000_20220303113600.csv
2022-03-04T19:00:00Z,1.0,593.68,2022-03-04,MarketResult_SEM-DA_PWR-MRC-D+1_20220303110000_20220303113600.csv
2022-03-04T20:00:00Z,1.0,438.15,2022-03-04,MarketResult_SEM-DA_PWR-MRC-D+1_20220303110000_20220303113600.csv
2022-03-04T21:00:00Z,1.0,435.72,2022-03-04,MarketResult_SEM-DA_PWR-MRC-D+1_20220303110000_20220303113600.csv
2022-03-04T22:00:00Z,1.0,400.26,2022-03-04,MarketResult_SEM-DA_PWR-MRC-D+1_20220303110000_20220303113600.csv
2022-03-04T23:00:00Z,1.0,417.99,2022-03-05,MarketResult_SEM-DA_PWR-MRC-D+1_20220304110000_20220304113606.csv
2022-03-05T00:00:00Z,1.0,405.57,2022-03-05,MarketResult_SEM-DA_PWR-MRC-D+1_20220304110000_20220304113606.csv
2022-03-05T01:00:00Z,1.0,400.15,2022-03-05,MarketResult_SEM-DA_PWR-MRC-D+1_20220304110000_20220304113606.csv
2022-03-05T02:00:00Z,1.0,376.0,2022-03-05,MarketResult_SEM-DA_PWR-MRC-D+1_20220304110000_20220304113606.csv
2022-03-05T03:00:00Z,1.0,350.67,2022-03-05,MarketResult_SEM-DA_PWR-MRC-D+1_20220304110000_20220304113606.csv
2022-03-05T04:00:00Z,1.0,347.0,2022-03-05,MarketResult_SEM-DA_PWR-MRC-D+1_20220304110000_20220304113606.csv
2022-03-05T05:00:00Z,1.0,349.82,2022-03-05,MarketResult_SEM-DA_PWR-MRC-D+1_20220304110000_20220304113606.csv
2022-03-05T06:00:00Z,1.0,369.0,2022-03-05,MarketResult_SEM-DA_PWR-MRC-D+1_20220304110000_20220304113606.csv
2022-03-05T07:00:00Z,1.0,390.9,2022-03-05,MarketResult_SEM-DA_PWR-MRC-D+1_20220304110000_20220304113606.csv
2022-03-05T08:00:00Z,1.0,383.4,2022-03-05,MarketResult_SEM-DA_PWR-MRC-D+1_20220304110000_20220304113606.csv
2022-03-05T09:00:00Z,1.0,408.22,2022-03-05,MarketResult_SEM-DA_PWR-MRC-D+1_20220304110000_20220304113606.csv
2022-03-05T10:00:00Z,1.0,430.0,2022-03-05,MarketResult_SEM-DA_PWR-MRC-D+1_20220304110000_20220304113606.csv
2022-03-05T11:00:00Z,1.0,421.0,2022-03-05,MarketResult_SEM-DA_PWR-MRC-D+1_20220304110000_20220304113606.csv
2022-03-05T12:00:00Z,1.0,450.58,2022-03-05,MarketResult_SEM-DA_PWR-MRC-D+1_20220304110000_20220304113606.csv
2022-03-05T13:00:00Z,1.0,420.7,2022-03-05,MarketResult_SEM-DA_PWR-MRC-D+1_20220304110000_20220304113606.csv
2022-03-05T14:00:00Z,1.0,395.9,2022-03-05,MarketResult_SEM-DA_PWR-MRC-D+1_20220304110000_20220304113606.csv
2022-03-05T15:00:00Z,1.0,386.55,2022-03-05,MarketResult_SEM-DA_PWR-MRC-D+1_20220304110000_20220304113606.csv
2022-03-05T16:00:00Z,1.0,400.1,2022-03-05,MarketResult_SEM-DA_PWR-MRC-D+1_20220304110000_20220304113606.csv
2022-03-05T17:00:00Z,1.0,450.0,2022-03-05,MarketResult_SEM-DA_PWR-MRC-D+1_20220304110000_20220304113606.csv
2022-03-05T18:00:00Z,1.0,556.0,2022-03-05,MarketResult_SEM-DA_PWR-MRC-D+1_20220304110000_20220304113606.csv
2022-03-05T19:00:00Z,1.0,443.1,2022-03-05,MarketResult_SEM-DA_PWR-MRC-D+1_20220304110000_20220304113606.csv
2022-03-05T20:00:00Z,1.0,407.46,2022-03-05,MarketResult_SEM-DA_PWR-MRC-D+1_20220304110000_20220304113606.csv
2022-03-05T21:00:00Z,1.0,394.6,2022-03-05,MarketResult_SEM-DA_PWR-MRC-D+1_20220304110000_20220304113606.csv
2022-03-05T22:00:00Z,1.0,376.7,2022-03-05,MarketResult_SEM-DA_PWR-MRC-D+1_20220304110000_20220304113606.csv
2022-03-05T23:00:00Z,1.0,443.93,2022-03-06,MarketResult_SEM-DA_PWR-MRC-D+1_20220305110000_20220305113654.csv
2022-03-06T00:00:00Z,1.0,427.49,2022-03-06,MarketResult_SEM-DA_PWR-MRC-D+1_20220305110000_20220305113654.csv
2022-03-06T01:00:00Z,1.0,425.67,2022-03-06,MarketResult_SEM-DA_PWR-MRC-D+1_20220305110000_20220305113654.csv
2022-03-06T02:00:00Z,1.0,388.06,2022-03-06,MarketResult_SEM-DA_PWR-MRC-D+1_20220305110000_20220305113654.csv
2022-03-06T03:00:00Z,1.0,374.61,2022-03-06,MarketResult_SEM-DA_PWR-MRC-D+1_20220305110000_20220305113654.csv
2022-03-06T04:00:00Z,1.0,374.61,2022-03-06,MarketResult_SEM-DA_PWR-MRC-D+1_20220305110000_20220305113654.csv
2022-03-06T05:00:00Z,1.0,375.0,2022-03-06,MarketResult_SEM-DA_PWR-MRC-D+1_20220305110000_20220305113654.csv
2022-03-06T06:00:00Z,1.0,391.0,2022-03-06,MarketResult_SEM-DA_PWR-MRC-D+1_20220305110000_20220305113654.csv
2022-03-06T07:00:00Z,1.0,382.29,2022-03-06,MarketResult_SEM-DA_PWR-MRC-D+1_20220305110000_20220305113654.csv
2022-03-06T08:00:00Z,1.0,391.98,2022-03-06,MarketResult_SEM-DA_PWR-MRC-D+1_20220305110000_20220305113654.csv
2022-03-06T09:00:00Z,1.0,422.17,2022-03-06,MarketResult_SEM-DA_PWR-MRC-D+1_20220305110000_20220305113654.csv
2022-03-06T10:00:00Z,1.0,441.8,2022-03-06,MarketResult_SEM-DA_PWR-MRC-D+1_20220305110000_20220305113654.csv
2022-03-06T11:00:00Z,1.0,468.17,2022-03-06,MarketResult_SEM-DA_PWR-MRC-D+1_20220305110000_20220305113654.csv
2022-03-06T12:00:00Z,1.0,511.22,2022-03-06,MarketResult_SEM-DA_PWR-MRC-D+1_20220305110000_20220305113654.csv
2022-03-06T13:00:00Z,1.0,529.0,2022-03-06,MarketResult_SEM-DA_PWR-MRC-D+1_20220305110000_20220305113654.csv
2022-03-06T14:00:00Z,1.0,499.0,2022-03-06,MarketResult_SEM-DA_PWR-MRC-D+1_20220305110000_20220305113654.csv
2022-03-06T15:00:00Z,1.0,435.11,2022-03-06,MarketResult_SEM-DA_PWR-MRC-D+1_20220305110000_20220305113654.csv
2022-03-06T16:00:00Z,1.0,442.03,2022-03-06,MarketResult_SEM-DA_PWR-MRC-D+1_20220305110000_20220305113654.csv
2022-03-06T17:00:00Z,1.0,567.0,2022-03-06,MarketResult_SEM-DA_PWR-MRC-D+1_20220305110000_20220305113654.csv
2022-03-06T18:00:00Z,1.0,661.13,2022-03-06,MarketResult_SEM-DA_PWR-MRC-D+1_20220305110000_20220305113654.csv
2022-03-06T19:00:00Z,1.0,520.78,2022-03-06,MarketResult_SEM-DA_PWR-MRC-D+1_20220305110000_20220305113654.csv
2022-03-06T20:00:00Z,1.0,440.0,2022-03-06,MarketResult_SEM-DA_PWR-MRC-D+1_20220305110000_20220305113654.csv
2022-03-06T21:00:00Z,1.0,448.99,2022-03-06,MarketResult_SEM-DA_PWR-MRC-D+1_20220305110000_20220305113654.csv
2022-03-06T22:00:00Z,1.0,413.9,2022-03-06,MarketResult_SEM-DA_PWR-MRC-D+1_20220305110000_20220305113654.csv
2022-03-06T23:00:00Z,1.0,470.55,2022-03-07,MarketResult_SEM-DA_PWR-MRC-D+1_20220306110000_20220306113655.csv
2022-03-07T00:00:00Z,1.0,436.11,2022-03-07,MarketResult_SEM-DA_PWR-MRC-D+1_20220306110000_20220306113655.csv
2022-03-07T01:00:00Z,1.0,448.88,2022-03-07,MarketResult_SEM-DA_PWR-MRC-D+1_20220306110000_20220306113655.csv
2022-03-07T02:00:00Z,1.0,401.0,2022-03-07,MarketResult_SEM-DA_PWR-MRC-D+1_20220306110000_20220306113655.csv
2022-03-07T03:00:00Z,1.0,375.0,2022-03-07,MarketResult_SEM-DA_PWR-MRC-D+1_20220306110000_20220306113655.csv
2022-03-07T04:00:00Z,1.0,364.12,2022-03-07,MarketResult_SEM-DA_PWR-MRC-D+1_20220306110000_20220306113655.csv
2022-03-07T05:00:00Z,1.0,406.06,2022-03-07,MarketResult_SEM-DA_PWR-MRC-D+1_20220306110000_20220306113655.csv
2022-03-07T06:00:00Z,1.0,473.03,2022-03-07,MarketResult_SEM-DA_PWR-MRC-D+1_20220306110000_20220306113655.csv
2022-03-07T07:00:00Z,1.0,561.59,2022-03-07,MarketResult_SEM-DA_PWR-MRC-D+1_20220306110000_20220306113655.csv
2022-03-07T08:00:00Z,1.0,636.0,2022-03-07,MarketResult_SEM-DA_PWR-MRC-D+1_20220306110000_20220306113655.csv
2022-03-07T09:00:00Z,1.0,581.0,2022-03-07,MarketResult_SEM-DA_PWR-MRC-D+1_20220306110000_20220306113655.csv
2022-03-07T10:00:00Z,1.0,450.0,2022-03-07,MarketResult_SEM-DA_PWR-MRC-D+1_20220306110000_20220306113655.csv
2022-03-07T11:00:00Z,1.0,400.0,2022-03-07,MarketResult_SEM-DA_PWR-MRC-D+1_20220306110000_20220306113655.csv
2022-03-07T12:00:00Z,1.0,411.6,2022-03-07,MarketResult_SEM-DA_PWR-MRC-D+1_20220306110000_20220306113655.csv
2022-03-07T13:00:00Z,1.0,372.17,2022-03-07,MarketResult_SEM-DA_PWR-MRC-D+1_20220306110000_20220306113655.csv
2022-03-07T14:00:00Z,1.0,347.32,2022-03-07,MarketResult_SEM-DA_PWR-MRC-D+1_20220306110000_20220306113655.csv
2022-03-07T15:00:00Z,1.0,320.0,2022-03-07,MarketResult_SEM-DA_PWR-MRC-D+1_20220306110000_20220306113655.csv
2022-03-07T16:00:00Z,1.0,369.82,2022-03-07,MarketResult_SEM-DA_PWR-MRC-D+1_20220306110000_20220306113655.csv
2022-03-07T17:00:00Z,1.0,425.0,2022-03-07,MarketResult_SEM-DA_PWR-MRC-D+1_20220306110000_20220306113655.csv
2022-03-07T18:00:00Z,1.0,457.0,2022-03-07,MarketResult_SEM-DA_PWR-MRC-D+1_20220306110000_20220306113655.csv
2022-03-07T19:00:00Z,1.0,440.0,2022-03-07,MarketResult_SEM-DA_PWR-MRC-D+1_20220306110000_20220306113655.csv
2022-03-07T20:00:00Z,1.0,395.94,2022-03-07,MarketResult_SEM-DA_PWR-MRC-D+1_20220306110000_20220306113655.csv
2022-03-07T21:00:00Z,1.0,355.0,2022-03-07,MarketResult_SEM-DA_PWR-MRC-D+1_20220306110000_20220306113655.csv
2022-03-07T22:00:00Z,1.0,261.35,2022-03-07,MarketResult_SEM-DA_PWR-MRC-D+1_20220306110000_20220306113655.csv
2022-03-07T23:00:00Z,1.0,127.68,2022-03-08,MarketResult_SEM-DA_PWR-MRC-D+1_20220307110000_20220307113722.csv
2022-03-08T00:00:00Z,1.0,121.0,2022-03-08,MarketResult_SEM-DA_PWR-MRC-D+1_20220307110000_20220307113722.csv
2022-03-08T01:00:00Z,1.0,63.0,2022-03-08,MarketResult_SEM-DA_PWR-MRC-D+1_20220307110000_20220307113722.csv
2022-03-08T02:00:00Z,1.0,1.0,2022-03-08,MarketResult_SEM-DA_PWR-MRC-D+1_20220307110000_20220307113722.csv
2022-03-08T03:00:00Z,1.0,0.0,2022-03-08,MarketResult_SEM-DA_PWR-MRC-D+1_20220307110000_20220307113722.csv
2022-03-08T04:00:00Z,1.0,0.0,2022-03-08,MarketResult_SEM-DA_PWR-MRC-D+1_20220307110000_20220307113722.csv
2022-03-08T05:00:00Z,1.0,0.0,2022-03-08,MarketResult_SEM-DA_PWR-MRC-D+1_20220307110000_20220307113722.csv
2022-03-08T06:00:00Z,1.0,59.0,2022-03-08,MarketResult_SEM-DA_PWR-MRC-D+1_20220307110000_20220307113722.csv
2022-03-08T07:00:00Z,1.0,215.93,2022-03-08,MarketResult_SEM-DA_PWR-MRC-D+1_20220307110000_20220307113722.csv
2022-03-08T08:00:00Z,1.0,222.68,2022-03-08,MarketResult_SEM-DA_PWR-MRC-D+1_20220307110000_20220307113722.csv
2022-03-08T09:00:00Z,1.0,245.76,2022-03-08,MarketResult_SEM-DA_PWR-MRC-D+1_20220307110000_20220307113722.csv
2022-03-08T10:00:00Z,1.0,241.0,2022-03-08,MarketResult_SEM-DA_PWR-MRC-D+1_20220307110000_20220307113722.csv
2022-03-08T11:00:00Z,1.0,310.0,2022-03-08,MarketResult_SEM-DA_PWR-MRC-D+1_20220307110000_20220307113722.csv
2022-03-08T12:00:00Z,1.0,317.75,2022-03-08,MarketResult_SEM-DA_PWR-MRC-D+1_20220307110000_20220307113722.csv
2022-03-08T13:00:00Z,1.0,278.8,2022-03-08,MarketResult_SEM-DA_PWR-MRC-D+1_20220307110000_20220307113722.csv
2022-03-08T14:00:00Z,1.0,233.74,2022-03-08,MarketResult_SEM-DA_PWR-MRC-D+1_20220307110000_20220307113722.csv
2022-03-08T15:00:00Z,1.0,233.74,2022-03-08,MarketResult_SEM-DA_PWR-MRC-D+1_20220307110000_20220307113722.csv
2022-03-08T16:00:00Z,1.0,250.8,2022-03-08,MarketResult_SEM-DA_PWR-MRC-D+1_20220307110000_20220307113722.csv
2022-03-08T17:00:00Z,1.0,355.0,2022-03-08,MarketResult_SEM-DA_PWR-MRC-D+1_20220307110000_20220307113722.csv
2022-03-08T18:00:00Z,1.0,433.0,2022-03-08,MarketResult_SEM-DA_PWR-MRC-D+1_20220307110000_20220307113722.csv
2022-03-08T19:00:00Z,1.0,489.31,2022-03-08,MarketResult_SEM-DA_PWR-MRC-D+1_20220307110000_20220307113722.csv
2022-03-08T20:00:00Z,1.0,414.48,2022-03-08,MarketResult_SEM-DA_PWR-MRC-D+1_20220307110000_20220307113722.csv
2022-03-08T21:00:00Z,1.0,326.23,2022-03-08,MarketResult_SEM-DA_PWR-MRC-D+1_20220307110000_20220307113722.csv
2022-03-08T22:00:00Z,1.0,214.57,2022-03-08,MarketResult_SEM-DA_PWR-MRC-D+1_20220307110000_20220307113722.csv
2022-03-08T23:00:00Z,1.0,195.04,2022-03-09,MarketResult_SEM-DA_PWR-MRC-D+1_20220308110000_20220308113651.csv
2022-03-09T00:00:00Z,1.0,150.75,2022-03-09,MarketResult_SEM-DA_PWR-MRC-D+1_20220308110000_20220308113651.csv
2022-03-09T01:00:00Z,1.0,99.69,2022-03-09,MarketResult_SEM-DA_PWR-MRC-D+1_20220308110000_20220308113651.csv
2022-03-09T02:00:00Z,1.0,83.9,2022-03-09,MarketResult_SEM-DA_PWR-MRC-D+1_20220308110000_20220308113651.csv
2022-03-09T03:00:00Z,1.0,65.0,2022-03-09,MarketResult_SEM-DA_PWR-MRC-D+1_20220308110000_20220308113651.csv
2022-03-09T04:00:00Z,1.0,65.0,2022-03-09,MarketResult_SEM-DA_PWR-MRC-D+1_20220308110000_20220308113651.csv
2022-03-09T05:00:00Z,1.0,99.0,2022-03-09,MarketResult_SEM-DA_PWR-MRC-D+1_20220308110000_20220308113651.csv
2022-03-09T06:00:00Z,1.0,179.46,2022-03-09,MarketResult_SEM-DA_PWR-MRC-D+1_20220308110000_20220308113651.csv
2022-03-09T07:00:00Z,1.0,304.84,2022-03-09,MarketResult_SEM-DA_PWR-MRC-D+1_20220308110000_20220308113651.csv
2022-03-09T08:00:00Z,1.0,388.0,2022-03-09,MarketResult_SEM-DA_PWR-MRC-D+1_20220308110000_20220308113651.csv
2022-03-09T09:00:00Z,1.0,448.5,2022-03-09,MarketResult_SEM-DA_PWR-MRC-D+1_20220308110000_20220308113651.csv
2022-03-09T10:00:00Z,1.0,478.92,2022-03-09,MarketResult_SEM-DA_PWR-MRC-D+1_20220308110000_20220308113651.csv
2022-03-09T11:00:00Z,1.0,487.75,2022-03-09,MarketResult_SEM-DA_PWR-MRC-D+1_20220308110000_20220308113651.csv
2022-03-09T12:00:00Z,1.0,521.54,2022-03-09,MarketResult_SEM-DA_PWR-MRC-D+1_20220308110000_20220308113651.csv
2022-03-09T13:00:00Z,1.0,505.85,2022-03-09,MarketResult_SEM-DA_PWR-MRC-D+1_20220308110000_20220308113651.csv
2022-03-09T14:00:00Z,1.0,520.0,2022-03-09,MarketResult_SEM-DA_PWR-MRC-D+1_20220308110000_20220308113651.csv
2022-03-09T15:00:00Z,1.0,590.0,2022-03-09,MarketResult_SEM-DA_PWR-MRC-D+1_20220308110000_20220308113651.csv
2022-03-09T16:00:00Z,1.0,599.0,2022-03-09,MarketResult_SEM-DA_PWR-MRC-D+1_20220308110000_20220308113651.csv
2022-03-09T17:00:00Z,1.0,640.0,2022-03-09,MarketResult_SEM-DA_PWR-MRC-D+1_20220308110000_20220308113651.csv
2022-03-09T18:00:00Z,1.0,705.47,2022-03-09,MarketResult_SEM-DA_PWR-MRC-D+1_20220308110000_20220308113651.csv
2022-03-09T19:00:00Z,1.0,705.47,2022-03-09,MarketResult_SEM-DA_PWR-MRC-D+1_20220308110000_20220308113651.csv
2022-03-09T20:00:00Z,1.0,624.0,2022-03-09,MarketResult_SEM-DA_PWR-MRC-D+1_20220308110000_20220308113651.csv
2022-03-09T21:00:00Z,1.0,549.0,2022-03-09,MarketResult_SEM-DA_PWR-MRC-D+1_20220308110000_20220308113651.csv
2022-03-09T22:00:00Z,1.0,600.71,2022-03-09,MarketResult_SEM-DA_PWR-MRC-D+1_20220308110000_20220308113651.csv
2022-03-09T23:00:00Z,1.0,381.0,2022-03-10,MarketResult_SEM-DA_PWR-MRC-D+1_20220309110000_20220309113727.csv
2022-03-10T00:00:00Z,1.0,438.79,2022-03-10,MarketResult_SEM-DA_PWR-MRC-D+1_20220309110000_20220309113727.csv
2022-03-10T01:00:00Z,1.0,416.34,2022-03-10,MarketResult_SEM-DA_PWR-MRC-D+1_20220309110000_20220309113727.csv
2022-03-10T02:00:00Z,1.0,398.0,2022-03-10,MarketResult_SEM-DA_PWR-MRC-D+1_20220309110000_20220309113727.csv
2022-03-10T03:00:00Z,1.0,378.0,2022-03-10,MarketResult_SEM-DA_PWR-MRC-D+1_20220309110000_20220309113727.csv
2022-03-10T04:00:00Z,1.0,361.81,2022-03-10,MarketResult_SEM-DA_PWR-MRC-D+1_20220309110000_20220309113727.csv
2022-03-10T05:00:00Z,1.0,385.16,2022-03-10,MarketResult_SEM-DA_PWR-MRC-D+1_20220309110000_20220309113727.csv
2022-03-10T06:00:00Z,1.0,410.52,2022-03-10,MarketResult_SEM-DA_PWR-MRC-D+1_20220309110000_20220309113727.csv
2022-03-10T07:00:00Z,1.0,474.3,2022-03-10,MarketResult_SEM-DA_PWR-MRC-D+1_20220309110000_20220309113727.csv
2022-03-10T08:00:00Z,1.0,437.59,2022-03-10,MarketResult_SEM-DA_PWR-MRC-D+1_20220309110000_20220309113727.csv
2022-03-10T09:00:00Z,1.0,387.0,2022-03-10,MarketResult_SEM-DA_PWR-MRC-D+1_20220309110000_20220309113727.csv
2022-03-10T10:00:00Z,1.0,357.0,2022-03-10,MarketResult_SEM-DA_PWR-MRC-D+1_20220309110000_20220309113727.csv
2022-03-10T11:00:00Z,1.0,326.56,2022-03-10,MarketResult_SEM-DA_PWR-MRC-D+1_20220309110000_20220309113727.csv
2022-03-10T12:00:00Z,1.0,305.0,2022-03-10,MarketResult_SEM-DA_PWR-MRC-D+1_20220309110000_20220309113727.csv
2022-03-10T13:00:00Z,1.0,279.64,2022-03-10,MarketResult_SEM-DA_PWR-MRC-D+1_20220309110000_20220309113727.csv
2022-03-10T14:00:00Z,1.0,258.91,2022-03-10,MarketResult_SEM-DA_PWR-MRC-D+1_20220309110000_20220309113727.csv
2022-03-10T15:00:00Z,1.0,254.13,2022-03-10,MarketResult_SEM-DA_PWR-MRC-D+1_20220309110000_20220309113727.csv
2022-03-10T16:00:00Z,1.0,287.39,2022-03-10,MarketResult_SEM-DA_PWR-MRC-D+1_20220309110000_20220309113727.csv
2022-03-10T17:00:00Z,1.0,345.0,2022-03-10,MarketResult_SEM-DA_PWR-MRC-D+1_20220309110000_20220309113727.csv
2022-03-10T18:00:00Z,1.0,357.0,2022-03-10,MarketResult_SEM-DA_PWR-MRC-D+1_20220309110000_20220309113727.csv
2022-03-10T19:00:00Z,1.0,347.38,2022-03-10,MarketResult_SEM-DA_PWR-MRC-D+1_20220309110000_20220309113727.csv
2022-03-10T20:00:00Z,1.0,275.0,2022-03-10,MarketResult_SEM-DA_PWR-MRC-D+1_20220309110000_20220309113727.csv
2022-03-10T21:00:00Z,1.0,250.12,2022-03-10,MarketResult_SEM-DA_PWR-MRC-D+1_20220309110000_20220309113727.csv
2022-03-10T22:00:00Z,1.0,230.29,2022-03-10,MarketResult_SEM-DA_PWR-MRC-D+1_20220309110000_20220309113727.csv
2022-03-10T23:00:00Z,1.0,175.0,2022-03-11,MarketResult_SEM-DA_PWR-MRC-D+1_20220310110000_20220310114116.csv
2022-03-11T00:00:00Z,1.0,149.72,2022-03-11,MarketResult_SEM-DA_PWR-MRC-D+1_20220310110000_20220310114116.csv
2022-03-11T01:00:00Z,1.0,117.59,2022-03-11,MarketResult_SEM-DA_PWR-MRC-D+1_20220310110000_20220310114116.csv
2022-03-11T02:00:00Z,1.0,90.0,2022-03-11,MarketResult_SEM-DA_PWR-MRC-D+1_20220310110000_20220310114116.csv
2022-03-11T03:00:00Z,1.0,80.08,2022-03-11,MarketResult_SEM-DA_PWR-MRC-D+1_20220310110000_20220310114116.csv
2022-03-11T04:00:00Z,1.0,83.18,2022-03-11,MarketResult_SEM-DA_PWR-MRC-D+1_20220310110000_20220310114116.csv
2022-03-11T05:00:00Z,1.0,121.0,2022-03-11,MarketResult_SEM-DA_PWR-MRC-D+1_20220310110000_20220310114116.csv
2022-03-11T06:00:00Z,1.0,222.16,2022-03-11,MarketResult_SEM-DA_PWR-MRC-D+1_20220310110000_20220310114116.csv
2022-03-11T07:00:00Z,1.0,294.75,2022-03-11,MarketResult_SEM-DA_PWR-MRC-D+1_20220310110000_20220310114116.csv
2022-03-11T08:00:00Z,1.0,331.0,2022-03-11,MarketResult_SEM-DA_PWR-MRC-D+1_20220310110000_20220310114116.csv
2022-03-11T09:00:00Z,1.0,325.0,2022-03-11,MarketResult_SEM-DA_PWR-MRC-D+1_20220310110000_20220310114116.csv
2022-03-11T10:00:00Z,1.0,304.88,2022-03-11,MarketResult_SEM-DA_PWR-MRC-D+1_20220310110000_20220310114116.csv
2022-03-11T11:00:00Z,1.0,323.0,2022-03-11,MarketResult_SEM-DA_PWR-MRC-D+1_20220310110000_20220310114116.csv
2022-03-11T12:00:00Z,1.0,320.0,2022-03-11,MarketResult_SEM-DA_PWR-MRC-D+1_20220310110000_20220310114116.csv
2022-03-11T13:00:00Z,1.0,297.0,2022-03-11,MarketResult_SEM-DA_PWR-MRC-D+1_20220310110000_20220310114116.csv
2022-03-11T14:00:00Z,1.0,280.0,2022-03-11,MarketResult_SEM-DA_PWR-MRC-D+1_20220310110000_20220310114116.csv
2022-03-11T15:00:00Z,1.0,299.0,2022-03-11,MarketResult_SEM-DA_PWR-MRC-D+1_20220310110000_20220310114116.csv
2022-03-11T16:00:00Z,1.0,321.39,2022-03-11,MarketResult_SEM-DA_PWR-MRC-D+1_20220310110000_20220310114116.csv
2022-03-11T17:00:00Z,1.0,365.2,2022-03-11,MarketResult_SEM-DA_PWR-MRC-D+1_20220310110000_20220310114116.csv
2022-03-11T18:00:00Z,1.0,422.8,2022-03-11,MarketResult_SEM-DA_PWR-MRC-D+1_20220310110000_20220310114116.csv
2022-03-11T19:00:00Z,1.0,416.0,2022-03-11,MarketResult_SEM-DA_PWR-MRC-D+1_20220310110000_20220310114116.csv
2022-03-11T20:00:00Z,1.0,400.07,2022-03-11,MarketResult_SEM-DA_PWR-MRC-D+1_20220310110000_20220310114116.csv
2022-03-11T21:00:00Z,1.0,382.0,2022-03-11,MarketResult_SEM-DA_PWR-MRC-D+1_20220310110000_20220310114116.csv
2022-03-11T22:00:00Z,1.0,374.5,2022-03-11,MarketResult_SEM-DA_PWR-MRC-D+1_20220310110000_20220310114116.csv
2022-03-11T23:00:00Z,1.0,369.5,2022-03-12,MarketResult_SEM-DA_PWR-MRC-D+1_20220311110000_20220311113834.csv
2022-03-12T00:00:00Z,1.0,321.0,2022-03-12,MarketResult_SEM-DA_PWR-MRC-D+1_20220311110000_20220311113834.csv
2022-03-12T01:00:00Z,1.0,278.0,2022-03-12,MarketResult_SEM-DA_PWR-MRC-D+1_20220311110000_20220311113834.csv
2022-03-12T02:00:00Z,1.0,254.11,2022-03-12,MarketResult_SEM-DA_PWR-MRC-D+1_20220311110000_20220311113834.csv
2022-03-12T03:00:00Z,1.0,240.0,2022-03-12,MarketResult_SEM-DA_PWR-MRC-D+1_20220311110000_20220311113834.csv
2022-03-12T04:00:00Z,1.0,243.27,2022-03-12,MarketResult_SEM-DA_PWR-MRC-D+1_20220311110000_20220311113834.csv
2022-03-12T05:00:00Z,1.0,250.96,2022-03-12,MarketResult_SEM-DA_PWR-MRC-D+1_20220311110000_20220311113834.csv
2022-03-12T06:00:00Z,1.0,290.0,2022-03-12,MarketResult_SEM-DA_PWR-MRC-D+1_20220311110000_20220311113834.csv
2022-03-12T07:00:00Z,1.0,323.0,2022-03-12,MarketResult_SEM-DA_PWR-MRC-D+1_20220311110000_20220311113834.csv
2022-03-12T08:00:00Z,1.0,355.0,2022-03-12,MarketResult_SEM-DA_PWR-MRC-D+1_20220311110000_20220311113834.csv
2022-03-12T09:00:00Z,1.0,404.42,2022-03-12,MarketResult_SEM-DA_PWR-MRC-D+1_20220311110000_20220311113834.csv
2022-03-12T10:00:00Z,1.0,388.0,2022-03-12,MarketResult_SEM-DA_PWR-MRC-D+1_20220311110000_20220311113834.csv
2022-03-12T11:00:00Z,1.0,290.0,2022-03-12,MarketResult_SEM-DA_PWR-MRC-D+1_20220311110000_20220311113834.csv
2022-03-12T12:00:00Z,1.0,251.74,2022-03-12,MarketResult_SEM-DA_PWR-MRC-D+1_20220311110000_20220311113834.csv
2022-03-12T13:00:00Z,1.0,225.0,2022-03-12,MarketResult_SEM-DA_PWR-MRC-D+1_20220311110000_20220311113834.csv
2022-03-12T14:00:00Z,1.0,221.28,2022-03-12,MarketResult_SEM-DA_PWR-MRC-D+1_20220311110000_20220311113834.csv
2022-03-12T15:00:00Z,1.0,228.11,2022-03-12,MarketResult_SEM-DA_PWR-MRC-D+1_20220311110000_20220311113834.csv
2022-03-12T16:00:00Z,1.0,230.0,2022-03-12,MarketResult_SEM-DA_PWR-MRC-D+1_20220311110000_20220311113834.csv
2022-03-12T17:00:00Z,1.0,255.0,2022-03-12,MarketResult_SEM-DA_PWR-MRC-D+1_20220311110000_20220311113834.csv
2022-03-12T18:00:00Z,1.0,256.73,2022-03-12,MarketResult_SEM-DA_PWR-MRC-D+1_20220311110000_20220311113834.csv
2022-03-12T19:00:00Z,1.0,233.82,2022-03-12,MarketResult_SEM-DA_PWR-MRC-D+1_20220311110000_20220311113834.csv
2022-03-12T20:00:00Z,1.0,217.0,2022-03-12,MarketResult_SEM-DA_PWR-MRC-D+1_20220311110000_20220311113834.csv
2022-03-12T21:00:00Z,1.0,193.29,2022-03-12,MarketResult_SEM-DA_PWR-MRC-D+1_20220311110000_20220311113834.csv
2022-03-12T22:00:00Z,1.0,175.0,2022-03-12,MarketResult_SEM-DA_PWR-MRC-D+1_20220311110000_20220311113834.csv
2022-03-12T23:00:00Z,1.0,120.0,2022-03-13,MarketResult_SEM-DA_PWR-MRC-D+1_20220312110000_20220312113911.csv
2022-03-13T00:00:00Z,1.0,107.13,2022-03-13,MarketResult_SEM-DA_PWR-MRC-D+1_20220312110000_20220312113911.csv
2022-03-13T01:00:00Z,1.0,85.76,2022-03-13,MarketResult_SEM-DA_PWR-MRC-D+1_20220312110000_20220312113911.csv
2022-03-13T02:00:00Z,1.0,85.76,2022-03-13,MarketResult_SEM-DA_PWR-MRC-D+1_20220312110000_20220312113911.csv
2022-03-13T03:00:00Z,1.0,72.32,2022-03-13,MarketResult_SEM-DA_PWR-MRC-D+1_20220312110000_20220312113911.csv
2022-03-13T04:00:00Z,1.0,64.18,2022-03-13,MarketResult_SEM-DA_PWR-MRC-D+1_20220312110000_20220312113911.csv
2022-03-13T05:00:00Z,1.0,55.0,2022-03-13,MarketResult_SEM-DA_PWR-MRC-D+1_20220312110000_20220312113911.csv
2022-03-13T06:00:00Z,1.0,55.5,2022-03-13,MarketResult_SEM-DA_PWR-MRC-D+1_20220312110000_20220312113911.csv
2022-03-13T07:00:00Z,1.0,63.33,2022-03-13,MarketResult_SEM-DA_PWR-MRC-D+1_20220312110000_20220312113911.csv
2022-03-13T08:00:00Z,1.0,86.71,2022-03-13,MarketResult_SEM-DA_PWR-MRC-D+1_20220312110000_20220312113911.csv
2022-03-13T09:00:00Z,1.0,120.0,2022-03-13,MarketResult_SEM-DA_PWR-MRC-D+1_20220312110000_20220312113911.csv
2022-03-13T10:00:00Z,1.0,171.31,2022-03-13,MarketResult_SEM-DA_PWR-MRC-D+1_20220312110000_20220312113911.csv
2022-03-13T11:00:00Z,1.0,190.0,2022-03-13,MarketResult_SEM-DA_PWR-MRC-D+1_20220312110000_20220312113911.csv
2022-03-13T12:00:00Z,1.0,175.0,2022-03-13,MarketResult_SEM-DA_PWR-MRC-D+1_20220312110000_20220312113911.csv
2022-03-13T13:00:00Z,1.0,182.38,2022-03-13,MarketResult_SEM-DA_PWR-MRC-D+1_20220312110000_20220312113911.csv
2022-03-13T14:00:00Z,1.0,186.89,2022-03-13,MarketResult_SEM-DA_PWR-MRC-D+1_20220312110000_20220312113911.csv
2022-03-13T15:00:00Z,1.0,206.54,2022-03-13,MarketResult_SEM-DA_PWR-MRC-D+1_20220312110000_20220312113911.csv
2022-03-13T16:00:00Z,1.0,227.28,2022-03-13,MarketResult_SEM-DA_PWR-MRC-D+1_20220312110000_20220312113911.csv
2022-03-13T17:00:00Z,1.0,260.0,2022-03-13,MarketResult_SEM-DA_PWR-MRC-D+1_20220312110000_20220312113911.csv
2022-03-13T18:00:00Z,1.0,315.41,2022-03-13,MarketResult_SEM-DA_PWR-MRC-D+1_20220312110000_20220312113911.csv
2022-03-13T19:00:00Z,1.0,317.07,2022-03-13,MarketResult_SEM-DA_PWR-MRC-D+1_20220312110000_20220312113911.csv
2022-03-13T20:00:00Z,1.0,297.66,2022-03-13,MarketResult_SEM-DA_PWR-MRC-D+1_20220312110000_20220312113911.csv
2022-03-13T21:00:00Z,1.0,288.0,2022-03-13,MarketResult_SEM-DA_PWR-MRC-D+1_20220312110000_20220312113911.csv
2022-03-13T22:00:00Z,1.0,250.3,2022-03-13,MarketResult_SEM-DA_PWR-MRC-D+1_20220312110000_20220312113911.csv
2022-03-13T23:00:00Z,1.0,256.0,2022-03-14,MarketResult_SEM-DA_PWR-MRC-D+1_20220313110000_20220313113733.csv
2022-03-14T00:00:00Z,1.0,250.5,2022-03-14,MarketResult_SEM-DA_PWR-MRC-D+1_20220313110000_20220313113733.csv
2022-03-14T01:00:00Z,1.0,250.3,2022-03-14,MarketResult_SEM-DA_PWR-MRC-D+1_20220313110000_20220313113733.csv
2022-03-14T02:00:00Z,1.0,233.15,2022-03-14,MarketResult_SEM-DA_PWR-MRC-D+1_20220313110000_20220313113733.csv
2022-03-14T03:00:00Z,1.0,232.0,2022-03-14,MarketResult_SEM-DA_PWR-MRC-D+1_20220313110000_20220313113733.csv
2022-03-14T04:00:00Z,1.0,240.0,2022-03-14,MarketResult_SEM-DA_PWR-MRC-D+1_20220313110000_20220313113733.csv
2022-03-14T05:00:00Z,1.0,257.29,2022-03-14,MarketResult_SEM-DA_PWR-MRC-D+1_20220313110000_20220313113733.csv
2022-03-14T06:00:00Z,1.0,285.06,2022-03-14,MarketResult_SEM-DA_PWR-MRC-D+1_20220313110000_20220313113733.csv
2022-03-14T07:00:00Z,1.0,275.0,2022-03-14,MarketResult_SEM-DA_PWR-MRC-D+1_20220313110000_20220313113733.csv
2022-03-14T08:00:00Z,1.0,284.04,2022-03-14,MarketResult_SEM-DA_PWR-MRC-D+1_20220313110000_20220313113733.csv
2022-03-14T09:00:00Z,1.0,270.0,2022-03-14,MarketResult_SEM-DA_PWR-MRC-D+1_20220313110000_20220313113733.csv
2022-03-14T10:00:00Z,1.0,265.0,2022-03-14,MarketResult_SEM-DA_PWR-MRC-D+1_20220313110000_20220313113733.csv
2022-03-14T11:00:00Z,1.0,261.17,2022-03-14,MarketResult_SEM-DA_PWR-MRC-D+1_20220313110000_20220313113733.csv
2022-03-14T12:00:00Z,1.0,261.17,2022-03-14,MarketResult_SEM-DA_PWR-MRC-D+1_20220313110000_20220313113733.csv
2022-03-14T13:00:00Z,1.0,261.17,2022-03-14,MarketResult_SEM-DA_PWR-MRC-D+1_20220313110000_20220313113733.csv
2022-03-14T14:00:00Z,1.0,261.17,2022-03-14,MarketResult_SEM-DA_PWR-MRC-D+1_20220313110000_20220313113733.csv
2022-03-14T15:00:00Z,1.0,266.94,2022-03-14,MarketResult_SEM-DA_PWR-MRC-D+1_20220313110000_20220313113733.csv
2022-03-14T16:00:00Z,1.0,310.0,2022-03-14,MarketResult_SEM-DA_PWR-MRC-D+1_20220313110000_20220313113733.csv
2022-03-14T17:00:00Z,1.0,424.4,2022-03-14,MarketResult_SEM-DA_PWR-MRC-D+1_20220313110000_20220313113733.csv
2022-03-14T18:00:00Z,1.0,480.0,2022-03-14,MarketResult_SEM-DA_PWR-MRC-D+1_20220313110000_20220313113733.csv
2022-03-14T19:00:00Z,1.0,435.0,2022-03-14,MarketResult_SEM-DA_PWR-MRC-D+1_20220313110000_20220313113733.csv
2022-03-14T20:00:00Z,1.0,340.0,2022-03-14,MarketResult_SEM-DA_PWR-MRC-D+1_20220313110000_20220313113733.csv
2022-03-14T21:00:00Z,1.0,297.0,2022-03-14,MarketResult_SEM-DA_PWR-MRC-D+1_20220313110000_20220313113733.csv
2022-03-14T22:00:00Z,1.0,266.94,2022-03-14,MarketResult_SEM-DA_PWR-MRC-D+1_20220313110000_20220313113733.csv
2022-03-14T23:00:00Z,1.0,270.0,2022-03-15,MarketResult_SEM-DA_PWR-MRC-D+1_20220314110000_20220314114106.csv
2022-03-15T00:00:00Z,1.0,245.26,2022-03-15,MarketResult_SEM-DA_PWR-MRC-D+1_20220314110000_20220314114106.csv
2022-03-15T01:00:00Z,1.0,231.17,2022-03-15,MarketResult_SEM-DA_PWR-MRC-D+1_20220314110000_20220314114106.csv
2022-03-15T02:00:00Z,1.0,226.76,2022-03-15,MarketResult_SEM-DA_PWR-MRC-D+1_20220314110000_20220314114106.csv
2022-03-15T03:00:00Z,1.0,224.2,2022-03-15,MarketResult_SEM-DA_PWR-MRC-D+1_20220314110000_20220314114106.csv
2022-03-15T04:00:00Z,1.0,226.0,2022-03-15,MarketResult_SEM-DA_PWR-MRC-D+1_20220314110000_20220314114106.csv
2022-03-15T05:00:00Z,1.0,229.35,2022-03-15,MarketResult_SEM-DA_PWR-MRC-D+1_20220314110000_20220314114106.csv
2022-03-15T06:00:00Z,1.0,245.44,2022-03-15,MarketResult_SEM-DA_PWR-MRC-D+1_20220314110000_20220314114106.csv
2022-03-15T07:00:00Z,1.0,322.0,2022-03-15,MarketResult_SEM-DA_PWR-MRC-D+1_20220314110000_20220314114106.csv
2022-03-15T08:00:00Z,1.0,305.0,2022-03-15,MarketResult_SEM-DA_PWR-MRC-D+1_20220314110000_20220314114106.csv
2022-03-15T09:00:00Z,1.0,282.93,2022-03-15,MarketResult_SEM-DA_PWR-MRC-D+1_20220314110000_20220314114106.csv
2022-03-15T10:00:00Z,1.0,262.0,2022-03-15,MarketResult_SEM-DA_PWR-MRC-D+1_20220314110000_20220314114106.csv
2022-03-15T11:00:00Z,1.0,240.93,2022-03-15,MarketResult_SEM-DA_PWR-MRC-D+1_20220314110000_20220314114106.csv
2022-03-15T12:00:00Z,1.0,239.0,2022-03-15,MarketResult_SEM-DA_PWR-MRC-D+1_20220314110000_20220314114106.csv
2022-03-15T13:00:00Z,1.0,236.0,2022-03-15,MarketResult_SEM-DA_PWR-MRC-D+1_20220314110000_20220314114106.csv
2022-03-15T14:00:00Z,1.0,243.73,2022-03-15,MarketResult_SEM-DA_PWR-MRC-D+1_20220314110000_20220314114106.csv
2022-03-15T15:00:00Z,1.0,262.0,2022-03-15,MarketResult_SEM-DA_PWR-MRC-D+1_20220314110000_20220314114106.csv
2022-03-15T16:00:00Z,1.0,288.35,2022-03-15,MarketResult_SEM-DA_PWR-MRC-D+1_20220314110000_20220314114106.csv
2022-03-15T17:00:00Z,1.0,350.88,2022-03-15,MarketResult_SEM-DA_PWR-MRC-D+1_20220314110000_20220314114106.csv
2022-03-15T18:00:00Z,1.0,406.69,2022-03-15,MarketResult_SEM-DA_PWR-MRC-D+1_20220314110000_20220314114106.csv
2022-03-15T19:00:00Z,1.0,404.0,2022-03-15,MarketResult_SEM-DA_PWR-MRC-D+1_20220314110000_20220314114106.csv
2022-03-15T20:00:00Z,1.0,345.03,2022-03-15,MarketResult_SEM-DA_PWR-MRC-D+1_20220314110000_20220314114106.csv
2022-03-15T21:00:00Z,1.0,293.97,2022-03-15,MarketResult_SEM-DA_PWR-MRC-D+1_20220314110000_20220314114106.csv
2022-03-15T22:00:00Z,1.0,253.0,2022-03-15,MarketResult_SEM-DA_PWR-MRC-D+1_20220314110000_20220314114106.csv
2022-03-15T23:00:00Z,1.0,264.59,2022-03-16,MarketResult_SEM-DA_PWR-MRC-D+1_20220315110000_20220315113838.csv
2022-03-16T00:00:00Z,1.0,255.0,2022-03-16,MarketResult_SEM-DA_PWR-MRC-D+1_20220315110000_20220315113838.csv
2022-03-16T01:00:00Z,1.0,253.78,2022-03-16,MarketResult_SEM-DA_PWR-MRC-D+1_20220315110000_20220315113838.csv
2022-03-16T02:00:00Z,1.0,253.78,2022-03-16,MarketResult_SEM-DA_PWR-MRC-D+1_20220315110000_20220315113838.csv
2022-03-16T03:00:00Z,1.0,253.78,2022-03-16,MarketResult_SEM-DA_PWR-MRC-D+1_20220315110000_20220315113838.csv
2022-03-16T04:00:00Z,1.0,253.78,2022-03-16,MarketResult_SEM-DA_PWR-MRC-D+1_20220315110000_20220315113838.csv
2022-03-16T05:00:00Z,1.0,280.0,2022-03-16,MarketResult_SEM-DA_PWR-MRC-D+1_20220315110000_20220315113838.csv
2022-03-16T06:00:00Z,1.0,291.0,2022-03-16,MarketResult_SEM-DA_PWR-MRC-D+1_20220315110000_20220315113838.csv
2022-03-16T07:00:00Z,1.0,328.5,2022-03-16,MarketResult_SEM-DA_PWR-MRC-D+1_20220315110000_20220315113838.csv
2022-03-16T08:00:00Z,1.0,355.0,2022-03-16,MarketResult_SEM-DA_PWR-MRC-D+1_20220315110000_20220315113838.csv
2022-03-16T09:00:00Z,1.0,391.0,2022-03-16,MarketResult_SEM-DA_PWR-MRC-D+1_20220315110000_20220315113838.csv
2022-03-16T10:00:00Z,1.0,400.04,2022-03-16,MarketResult_SEM-DA_PWR-MRC-D+1_20220315110000_20220315113838.csv
2022-03-16T11:00:00Z,1.0,380.0,2022-03-16,MarketResult_SEM-DA_PWR-MRC-D+1_20220315110000_20220315113838.csv
2022-03-16T12:00:00Z,1.0,352.74,2022-03-16,MarketResult_SEM-DA_PWR-MRC-D+1_20220315110000_20220315113838.csv
2022-03-16T13:00:00Z,1.0,317.0,2022-03-16,MarketResult_SEM-DA_PWR-MRC-D+1_20220315110000_20220315113838.csv
2022-03-16T14:00:00Z,1.0,288.0,2022-03-16,MarketResult_SEM-DA_PWR-MRC-D+1_20220315110000_20220315113838.csv
2022-03-16T15:00:00Z,1.0,279.05,2022-03-16,MarketResult_SEM-DA_PWR-MRC-D+1_20220315110000_20220315113838.csv
2022-03-16T16:00:00Z,1.0,325.0,2022-03-16,MarketResult_SEM-DA_PWR-MRC-D+1_20220315110000_20220315113838.csv
2022-03-16T17:00:00Z,1.0,380.0,2022-03-16,MarketResult_SEM-DA_PWR-MRC-D+1_20220315110000_20220315113838.csv
2022-03-16T18:00:00Z,1.0,413.0,2022-03-16,MarketResult_SEM-DA_PWR-MRC-D+1_20220315110000_20220315113838.csv
2022-03-16T19:00:00Z,1.0,400.0,2022-03-16,MarketResult_SEM-DA_PWR-MRC-D+1_20220315110000_20220315113838.csv
2022-03-16T20:00:00Z,1.0,311.0,2022-03-16,MarketResult_SEM-DA_PWR-MRC-D+1_20220315110000_20220315113838.csv
2022-03-16T21:00:00Z,1.0,281.14,2022-03-16,MarketResult_SEM-DA_PWR-MRC-D+1_20220315110000_20220315113838.csv
2022-03-16T22:00:00Z,1.0,256.44,2022-03-16,MarketResult_SEM-DA_PWR-MRC-D+1_20220315110000_20220315113838.csv
2022-03-16T23:00:00Z,1.0,292.27,2022-03-17,MarketResult_SEM-DA_PWR-MRC-D+1_20220316110000_20220316113752.csv
2022-03-17T00:00:00Z,1.0,248.0,2022-03-17,MarketResult_SEM-DA_PWR-MRC-D+1_20220316110000_20220316113752.csv
2022-03-17T01:00:00Z,1.0,231.79,2022-03-17,MarketResult_SEM-DA_PWR-MRC-D+1_20220316110000_20220316113752.csv
2022-03-17T02:00:00Z,1.0,204.33,2022-03-17,MarketResult_SEM-DA_PWR-MRC-D+1_20220316110000_20220316113752.csv
2022-03-17T03:00:00Z,1.0,191.7,2022-03-17,MarketResult_SEM-DA_PWR-MRC-D+1_20220316110000_20220316113752.csv
2022-03-17T04:00:00Z,1.0,180.9,2022-03-17,MarketResult_SEM-DA_PWR-MRC-D+1_20220316110000_20220316113752.csv
2022-03-17T05:00:00Z,1.0,156.1,2022-03-17,MarketResult_SEM-DA_PWR-MRC-D+1_20220316110000_20220316113752.csv
2022-03-17T06:00:00Z,1.0,183.74,2022-03-17,MarketResult_SEM-DA_PWR-MRC-D+1_20220316110000_20220316113752.csv
2022-03-17T07:00:00Z,1.0,210.0,2022-03-17,MarketResult_SEM-DA_PWR-MRC-D+1_20220316110000_20220316113752.csv
2022-03-17T08:00:00Z,1.0,237.03,2022-03-17,MarketResult_SEM-DA_PWR-MRC-D+1_20220316110000_20220316113752.csv
2022-03-17T09:00:00Z,1.0,241.0,2022-03-17,MarketResult_SEM-DA_PWR-MRC-D+1_20220316110000_20220316113752.csv
2022-03-17T10:00:00Z,1.0,236.48,2022-03-17,MarketResult_SEM-DA_PWR-MRC-D+1_20220316110000_20220316113752.csv
2022-03-17T11:00:00Z,1.0,225.0,2022-03-17,MarketResult_SEM-DA_PWR-MRC-D+1_20220316110000_20220316113752.csv
2022-03-17T12:00:00Z,1.0,215.41,2022-03-17,MarketResult_SEM-DA_PWR-MRC-D+1_20220316110000_20220316113752.csv
2022-03-17T13:00:00Z,1.0,216.0,2022-03-17,MarketResult_SEM-DA_PWR-MRC-D+1_20220316110000_20220316113752.csv
2022-03-17T14:00:00Z,1.0,204.96,2022-03-17,MarketResult_SEM-DA_PWR-MRC-D+1_20220316110000_20220316113752.csv
2022-03-17T15:00:00Z,1.0,225.74,2022-03-17,MarketResult_SEM-DA_PWR-MRC-D+1_20220316110000_20220316113752.csv
2022-03-17T16:00:00Z,1.0,253.0,2022-03-17,MarketResult_SEM-DA_PWR-MRC-D+1_20220316110000_20220316113752.csv
2022-03-17T17:00:00Z,1.0,293.0,2022-03-17,MarketResult_SEM-DA_PWR-MRC-D+1_20220316110000_20220316113752.csv
2022-03-17T18:00:00Z,1.0,353.0,2022-03-17,MarketResult_SEM-DA_PWR-MRC-D+1_20220316110000_20220316113752.csv
2022-03-17T19:00:00Z,1.0,363.3,2022-03-17,MarketResult_SEM-DA_PWR-MRC-D+1_20220316110000_20220316113752.csv
2022-03-17T20:00:00Z,1.0,345.0,2022-03-17,MarketResult_SEM-DA_PWR-MRC-D+1_20220316110000_20220316113752.csv
2022-03-17T21:00:00Z,1.0,304.75,2022-03-17,MarketResult_SEM-DA_PWR-MRC-D+1_20220316110000_20220316113752.csv
2022-03-17T22:00:00Z,1.0,277.56,2022-03-17,MarketResult_SEM-DA_PWR-MRC-D+1_20220316110000_20220316113752.csv
2022-03-17T23:00:00Z,1.0,370.0,2022-03-18,MarketResult_SEM-DA_PWR-MRC-D+1_20220317110000_20220317115802.csv
2022-03-18T00:00:00Z,1.0,319.0,2022-03-18,MarketResult_SEM-DA_PWR-MRC-D+1_20220317110000_20220317115802.csv
2022-03-18T01:00:00Z,1.0,251.45,2022-03-18,MarketResult_SEM-DA_PWR-MRC-D+1_20220317110000_20220317115802.csv
2022-03-18T02:00:00Z,1.0,224.93,2022-03-18,MarketResult_SEM-DA_PWR-MRC-D+1_20220317110000_20220317115802.csv
2022-03-18T03:00:00Z,1.0,211.0,2022-03-18,MarketResult_SEM-DA_PWR-MRC-D+1_20220317110000_20220317115802.csv
2022-03-18T04:00:00Z,1.0,200.0,2022-03-18,MarketResult_SEM-DA_PWR-MRC-D+1_20220317110000_20220317115802.csv
2022-03-18T05:00:00Z,1.0,197.57,2022-03-18,MarketResult_SEM-DA_PWR-MRC-D+1_20220317110000_20220317115802.csv
2022-03-18T06:00:00Z,1.0,199.0,2022-03-18,MarketResult_SEM-DA_PWR-MRC-D+1_20220317110000_20220317115802.csv
2022-03-18T07:00:00Z,1.0,239.18,2022-03-18,MarketResult_SEM-DA_PWR-MRC-D+1_20220317110000_20220317115802.csv
2022-03-18T08:00:00Z,1.0,243.66,2022-03-18,MarketResult_SEM-DA_PWR-MRC-D+1_20220317110000_20220317115802.csv
2022-03-18T09:00:00Z,1.0,241.0,2022-03-18,MarketResult_SEM-DA_PWR-MRC-D+1_20220317110000_20220317115802.csv
2022-03-18T10:00:00Z,1.0,229.71,2022-03-18,MarketResult_SEM-DA_PWR-MRC-D+1_20220317110000_20220317115802.csv
2022-03-18T11:00:00Z,1.0,217.78,2022-03-18,MarketResult_SEM-DA_PWR-MRC-D+1_20220317110000_20220317115802.csv
2022-03-18T12:00:00Z,1.0,215.0,2022-03-18,MarketResult_SEM-DA_PWR-MRC-D+1_20220317110000_20220317115802.csv
2022-03-18T13:00:00Z,1.0,201.0,2022-03-18,MarketResult_SEM-DA_PWR-MRC-D+1_20220317110000_20220317115802.csv
2022-03-18T14:00:00Z,1.0,190.41,2022-03-18,MarketResult_SEM-DA_PWR-MRC-D+1_20220317110000_20220317115802.csv
2022-03-18T15:00:00Z,1.0,192.0,2022-03-18,MarketResult_SEM-DA_PWR-MRC-D+1_20220317110000_20220317115802.csv
2022-03-18T16:00:00Z,1.0,215.61,2022-03-18,MarketResult_SEM-DA_PWR-MRC-D+1_20220317110000_20220317115802.csv
2022-03-18T17:00:00Z,1.0,249.0,2022-03-18,MarketResult_SEM-DA_PWR-MRC-D+1_20220317110000_20220317115802.csv
2022-03-18T18:00:00Z,1.0,280.0,2022-03-18,MarketResult_SEM-DA_PWR-MRC-D+1_20220317110000_20220317115802.csv
2022-03-18T19:00:00Z,1.0,254.0,2022-03-18,MarketResult_SEM-DA_PWR-MRC-D+1_20220317110000_20220317115802.csv
2022-03-18T20:00:00Z,1.0,219.0,2022-03-18,MarketResult_SEM-DA_PWR-MRC-D+1_20220317110000_20220317115802.csv
2022-03-18T21:00:00Z,1.0,208.26,2022-03-18,MarketResult_SEM-DA_PWR-MRC-D+1_20220317110000_20220317115802.csv
2022-03-18T22:00:00Z,1.0,197.57,2022-03-18,MarketResult_SEM-DA_PWR-MRC-D+1_20220317110000_20220317115802.csv
2022-03-18T23:00:00Z,1.0,224.0,2022-03-19,MarketResult_SEM-DA_PWR-MRC-D+1_20220318110000_20220318113814.csv
2022-03-19T00:00:00Z,1.0,194.2,2022-03-19,MarketResult_SEM-DA_PWR-MRC-D+1_20220318110000_20220318113814.csv
2022-03-19T01:00:00Z,1.0,170.0,2022-03-19,MarketResult_SEM-DA_PWR-MRC-D+1_20220318110000_20220318113814.csv
2022-03-19T02:00:00Z,1.0,111.01,2022-03-19,MarketResult_SEM-DA_PWR-MRC-D+1_20220318110000_20220318113814.csv
2022-03-19T03:00:00Z,1.0,99.0,2022-03-19,MarketResult_SEM-DA_PWR-MRC-D+1_20220318110000_20220318113814.csv
2022-03-19T04:00:00Z,1.0,71.61,2022-03-19,MarketResult_SEM-DA_PWR-MRC-D+1_20220318110000_20220318113814.csv
2022-03-19T05:00:00Z,1.0,60.0,2022-03-19,MarketResult_SEM-DA_PWR-MRC-D+1_20220318110000_20220318113814.csv
2022-03-19T06:00:00Z,1.0,45.0,2022-03-19,MarketResult_SEM-DA_PWR-MRC-D+1_20220318110000_20220318113814.csv
2022-03-19T07:00:00Z,1.0,94.51,2022-03-19,MarketResult_SEM-DA_PWR-MRC-D+1_20220318110000_20220318113814.csv
2022-03-19T08:00:00Z,1.0,171.62,2022-03-19,MarketResult_SEM-DA_PWR-MRC-D+1_20220318110000_20220318113814.csv
2022-03-19T09:00:00Z,1.0,210.0,2022-03-19,MarketResult_SEM-DA_PWR-MRC-D+1_20220318110000_20220318113814.csv
2022-03-19T10:00:00Z,1.0,192.41,2022-03-19,MarketResult_SEM-DA_PWR-MRC-D+1_20220318110000_20220318113814.csv
2022-03-19T11:00:00Z,1.0,171.94,2022-03-19,MarketResult_SEM-DA_PWR-MRC-D+1_20220318110000_20220318113814.csv
2022-03-19T12:00:00Z,1.0,167.0,2022-03-19,MarketResult_SEM-DA_PWR-MRC-D+1_20220318110000_20220318113814.csv
2022-03-19T13:00:00Z,1.0,135.0,2022-03-19,MarketResult_SEM-DA_PWR-MRC-D+1_20220318110000_20220318113814.csv
2022-03-19T14:00:00Z,1.0,131.0,2022-03-19,MarketResult_SEM-DA_PWR-MRC-D+1_20220318110000_20220318113814.csv
2022-03-19T15:00:00Z,1.0,159.64,2022-03-19,MarketResult_SEM-DA_PWR-MRC-D+1_20220318110000_20220318113814.csv
2022-03-19T16:00:00Z,1.0,179.0,2022-03-19,MarketResult_SEM-DA_PWR-MRC-D+1_20220318110000_20220318113814.csv
2022-03-19T17:00:00Z,1.0,226.0,2022-03-19,MarketResult_SEM-DA_PWR-MRC-D+1_20220318110000_20220318113814.csv
2022-03-19T18:00:00Z,1.0,272.0,2022-03-19,MarketResult_SEM-DA_PWR-MRC-D+1_20220318110000_20220318113814.csv
2022-03-19T19:00:00Z,1.0,273.91,2022-03-19,MarketResult_SEM-DA_PWR-MRC-D+1_20220318110000_20220318113814.csv
2022-03-19T20:00:00Z,1.0,227.0,2022-03-19,MarketResult_SEM-DA_PWR-MRC-D+1_20220318110000_20220318113814.csv
2022-03-19T21:00:00Z,1.0,214.0,2022-03-19,MarketResult_SEM-DA_PWR-MRC-D+1_20220318110000_20220318113814.csv
2022-03-19T22:00:00Z,1.0,193.0,2022-03-19,MarketResult_SEM-DA_PWR-MRC-D+1_20220318110000_20220318113814.csv
2022-03-19T23:00:00Z,1.0,156.1,2022-03-20,MarketResult_SEM-DA_PWR-MRC-D+1_20220319110000_20220319113742.csv
2022-03-20T00:00:00Z,1.0,159.0,2022-03-20,MarketResult_SEM-DA_PWR-MRC-D+1_20220319110000_20220319113742.csv
2022-03-20T01:00:00Z,1.0,157.01,2022-03-20,MarketResult_SEM-DA_PWR-MRC-D+1_20220319110000_20220319113742.csv
2022-03-20T02:00:00Z,1.0,155.01,2022-03-20,MarketResult_SEM-DA_PWR-MRC-D+1_20220319110000_20220319113742.csv
2022-03-20T03:00:00Z,1.0,153.01,2022-03-20,MarketResult_SEM-DA_PWR-MRC-D+1_20220319110000_20220319113742.csv
2022-03-20T04:00:00Z,1.0,163.0,2022-03-20,MarketResult_SEM-DA_PWR-MRC-D+1_20220319110000_20220319113742.csv
2022-03-20T05:00:00Z,1.0,176.82,2022-03-20,MarketResult_SEM-DA_PWR-MRC-D+1_20220319110000_20220319113742.csv
2022-03-20T06:00:00Z,1.0,207.0,2022-03-20,MarketResult_SEM-DA_PWR-MRC-D+1_20220319110000_20220319113742.csv
2022-03-20T07:00:00Z,1.0,173.46,2022-03-20,MarketResult_SEM-DA_PWR-MRC-D+1_20220319110000_20220319113742.csv
2022-03-20T08:00:00Z,1.0,218.0,2022-03-20,MarketResult_SEM-DA_PWR-MRC-D+1_20220319110000_20220319113742.csv
2022-03-20T09:00:00Z,1.0,218.6,2022-03-20,MarketResult_SEM-DA_PWR-MRC-D+1_20220319110000_20220319113742.csv
2022-03-20T10:00:00Z,1.0,195.0,2022-03-20,MarketResult_SEM-DA_PWR-MRC-D+1_20220319110000_20220319113742.csv
2022-03-20T11:00:00Z,1.0,206.0,2022-03-20,MarketResult_SEM-DA_PWR-MRC-D+1_20220319110000_20220319113742.csv
2022-03-20T12:00:00Z,1.0,209.6,2022-03-20,MarketResult_SEM-DA_PWR-MRC-D+1_20220319110000_20220319113742.csv
2022-03-20T13:00:00Z,1.0,222.5,2022-03-20,MarketResult_SEM-DA_PWR-MRC-D+1_20220319110000_20220319113742.csv
2022-03-20T14:00:00Z,1.0,234.0,2022-03-20,MarketResult_SEM-DA_PWR-MRC-D+1_20220319110000_20220319113742.csv
2022-03-20T15:00:00Z,1.0,224.72,2022-03-20,MarketResult_SEM-DA_PWR-MRC-D+1_20220319110000_20220319113742.csv
2022-03-20T16:00:00Z,1.0,232.7,2022-03-20,MarketResult_SEM-DA_PWR-MRC-D+1_20220319110000_20220319113742.csv
2022-03-20T17:00:00Z,1.0,281.57,2022-03-20,MarketResult_SEM-DA_PWR-MRC-D+1_20220319110000_20220319113742.csv
2022-03-20T18:00:00Z,1.0,342.0,2022-03-20,MarketResult_SEM-DA_PWR-MRC-D+1_20220319110000_20220319113742.csv
2022-03-20T19:00:00Z,1.0,340.17,2022-03-20,MarketResult_SEM-DA_PWR-MRC-D+1_20220319110000_20220319113742.csv
2022-03-20T20:00:00Z,1.0,285.22,2022-03-20,MarketResult_SEM-DA_PWR-MRC-D+1_20220319110000_20220319113742.csv
2022-03-20T21:00:00Z,1.0,242.0,2022-03-20,MarketResult_SEM-DA_PWR-MRC-D+1_20220319110000_20220319113742.csv
2022-03-20T22:00:00Z,1.0,216.24,2022-03-20,MarketResult_SEM-DA_PWR-MRC-D+1_20220319110000_20220319113742.csv
2022-03-20T23:00:00Z,1.0,215.0,2022-03-21,MarketResult_SEM-DA_PWR-MRC-D+1_20220320110000_20220320113653.csv
2022-03-21T00:00:00Z,1.0,211.88,2022-03-21,MarketResult_SEM-DA_PWR-MRC-D+1_20220320110000_20220320113653.csv
2022-03-21T01:00:00Z,1.0,206.0,2022-03-21,MarketResult_SEM-DA_PWR-MRC-D+1_20220320110000_20220320113653.csv
2022-03-21T02:00:00Z,1.0,199.0,2022-03-21,MarketResult_SEM-DA_PWR-MRC-D+1_20220320110000_20220320113653.csv
2022-03-21T03:00:00Z,1.0,194.2,2022-03-21,MarketResult_SEM-DA_PWR-MRC-D+1_20220320110000_20220320113653.csv
2022-03-21T04:00:00Z,1.0,200.41,2022-03-21,MarketResult_SEM-DA_PWR-MRC-D+1_20220320110000_20220320113653.csv
2022-03-21T05:00:00Z,1.0,219.17,2022-03-21,MarketResult_SEM-DA_PWR-MRC-D+1_20220320110000_20220320113653.csv
2022-03-21T06:00:00Z,1.0,282.58,2022-03-21,MarketResult_SEM-DA_PWR-MRC-D+1_20220320110000_20220320113653.csv
2022-03-21T07:00:00Z,1.0,353.2,2022-03-21,MarketResult_SEM-DA_PWR-MRC-D+1_20220320110000_20220320113653.csv
2022-03-21T08:00:00Z,1.0,285.0,2022-03-21,MarketResult_SEM-DA_PWR-MRC-D+1_20220320110000_20220320113653.csv
2022-03-21T09:00:00Z,1.0,302.7,2022-03-21,MarketResult_SEM-DA_PWR-MRC-D+1_20220320110000_20220320113653.csv
2022-03-21T10:00:00Z,1.0,259.0,2022-03-21,MarketResult_SEM-DA_PWR-MRC-D+1_20220320110000_20220320113653.csv
2022-03-21T11:00:00Z,1.0,227.0,2022-03-21,MarketResult_SEM-DA_PWR-MRC-D+1_20220320110000_20220320113653.csv
2022-03-21T12:00:00Z,1.0,229.8,2022-03-21,MarketResult_SEM-DA_PWR-MRC-D+1_20220320110000_20220320113653.csv
2022-03-21T13:00:00Z,1.0,205.8,2022-03-21,MarketResult_SEM-DA_PWR-MRC-D+1_20220320110000_20220320113653.csv
2022-03-21T14:00:00Z,1.0,197.37,2022-03-21,MarketResult_SEM-DA_PWR-MRC-D+1_20220320110000_20220320113653.csv
2022-03-21T15:00:00Z,1.0,205.8,2022-03-21,MarketResult_SEM-DA_PWR-MRC-D+1_20220320110000_20220320113653.csv
2022-03-21T16:00:00Z,1.0,232.0,2022-03-21,MarketResult_SEM-DA_PWR-MRC-D+1_20220320110000_20220320113653.csv
2022-03-21T17:00:00Z,1.0,283.0,2022-03-21,MarketResult_SEM-DA_PWR-MRC-D+1_20220320110000_20220320113653.csv
2022-03-21T18:00:00Z,1.0,315.05,2022-03-21,MarketResult_SEM-DA_PWR-MRC-D+1_20220320110000_20220320113653.csv
2022-03-21T19:00:00Z,1.0,289.0,2022-03-21,MarketResult_SEM-DA_PWR-MRC-D+1_20220320110000_20220320113653.csv
2022-03-21T20:00:00Z,1.0,229.36,2022-03-21,MarketResult_SEM-DA_PWR-MRC-D+1_20220320110000_20220320113653.csv
2022-03-21T21:00:00Z,1.0,224.24,2022-03-21,MarketResult_SEM-DA_PWR-MRC-D+1_20220320110000_20220320113653.csv
2022-03-21T22:00:00Z,1.0,204.0,2022-03-21,MarketResult_SEM-DA_PWR-MRC-D+1_20220320110000_20220320113653.csv
2022-03-21T23:00:00Z,1.0,203.0,2022-03-22,MarketResult_SEM-DA_PWR-MRC-D+1_20220321110000_20220321113727.csv
2022-03-22T00:00:00Z,1.0,196.31,2022-03-22,MarketResult_SEM-DA_PWR-MRC-D+1_20220321110000_20220321113727.csv
2022-03-22T01:00:00Z,1.0,198.21,2022-03-22,MarketResult_SEM-DA_PWR-MRC-D+1_20220321110000_20220321113727.csv
2022-03-22T02:00:00Z,1.0,189.0,2022-03-22,MarketResult_SEM-DA_PWR-MRC-D+1_20220321110000_20220321113727.csv
2022-03-22T03:00:00Z,1.0,189.0,2022-03-22,MarketResult_SEM-DA_PWR-MRC-D+1_20220321110000_20220321113727.csv
2022-03-22T04:00:00Z,1.0,194.0,2022-03-22,MarketResult_SEM-DA_PWR-MRC-D+1_20220321110000_20220321113727.csv
2022-03-22T05:00:00Z,1.0,209.0,2022-03-22,MarketResult_SEM-DA_PWR-MRC-D+1_20220321110000_20220321113727.csv
2022-03-22T06:00:00Z,1.0,236.35,2022-03-22,MarketResult_SEM-DA_PWR-MRC-D+1_20220321110000_20220321113727.csv
2022-03-22T07:00:00Z,1.0,287.62,2022-03-22,MarketResult_SEM-DA_PWR-MRC-D+1_20220321110000_20220321113727.csv
2022-03-22T08:00:00Z,1.0,243.07,2022-03-22,MarketResult_SEM-DA_PWR-MRC-D+1_20220321110000_20220321113727.csv
2022-03-22T09:00:00Z,1.0,237.49,2022-03-22,MarketResult_SEM-DA_PWR-MRC-D+1_20220321110000_20220321113727.csv
2022-03-22T10:00:00Z,1.0,213.5,2022-03-22,MarketResult_SEM-DA_PWR-MRC-D+1_20220321110000_20220321113727.csv
2022-03-22T11:00:00Z,1.0,203.0,2022-03-22,MarketResult_SEM-DA_PWR-MRC-D+1_20220321110000_20220321113727.csv
2022-03-22T12:00:00Z,1.0,201.5,2022-03-22,MarketResult_SEM-DA_PWR-MRC-D+1_20220321110000_20220321113727.csv
2022-03-22T13:00:00Z,1.0,197.74,2022-03-22,MarketResult_SEM-DA_PWR-MRC-D+1_20220321110000_20220321113727.csv
2022-03-22T14:00:00Z,1.0,196.07,2022-03-22,MarketResult_SEM-DA_PWR-MRC-D+1_20220321110000_20220321113727.csv
2022-03-22T15:00:00Z,1.0,207.0,2022-03-22,MarketResult_SEM-DA_PWR-MRC-D+1_20220321110000_20220321113727.csv
2022-03-22T16:00:00Z,1.0,225.91,2022-03-22,MarketResult_SEM-DA_PWR-MRC-D+1_20220321110000_20220321113727.csv
2022-03-22T17:00:00Z,1.0,275.0,2022-03-22,MarketResult_SEM-DA_PWR-MRC-D+1_20220321110000_20220321113727.csv
2022-03-22T18:00:00Z,1.0,310.35,2022-03-22,MarketResult_SEM-DA_PWR-MRC-D+1_20220321110000_20220321113727.csv
2022-03-22T19:00:00Z,1.0,292.4,2022-03-22,MarketResult_SEM-DA_PWR-MRC-D+1_20220321110000_20220321113727.csv
2022-03-22T20:00:00Z,1.0,244.0,2022-03-22,MarketResult_SEM-DA_PWR-MRC-D+1_20220321110000_20220321113727.csv
2022-03-22T21:00:00Z,1.0,232.0,2022-03-22,MarketResult_SEM-DA_PWR-MRC-D+1_20220321110000_20220321113727.csv
2022-03-22T22:00:00Z,1.0,210.63,2022-03-22,MarketResult_SEM-DA_PWR-MRC-D+1_20220321110000_20220321113727.csv
2022-03-22T23:00:00Z,1.0,225.69,2022-03-23,MarketResult_SEM-DA_PWR-MRC-D+1_20220322110000_20220322113706.csv
2022-03-23T00:00:00Z,1.0,219.0,2022-03-23,MarketResult_SEM-DA_PWR-MRC-D+1_20220322110000_20220322113706.csv
2022-03-23T01:00:00Z,1.0,220.0,2022-03-23,MarketResult_SEM-DA_PWR-MRC-D+1_20220322110000_20220322113706.csv
2022-03-23T02:00:00Z,1.0,219.51,2022-03-23,MarketResult_SEM-DA_PWR-MRC-D+1_20220322110000_20220322113706.csv
2022-03-23T03:00:00Z,1.0,225.07,2022-03-23,MarketResult_SEM-DA_PWR-MRC-D+1_20220322110000_20220322113706.csv
2022-03-23T04:00:00Z,1.0,233.98,2022-03-23,MarketResult_SEM-DA_PWR-MRC-D+1_20220322110000_20220322113706.csv
2022-03-23T05:00:00Z,1.0,258.0,2022-03-23,MarketResult_SEM-DA_PWR-MRC-D+1_20220322110000_20220322113706.csv
2022-03-23T06:00:00Z,1.0,268.47,2022-03-23,MarketResult_SEM-DA_PWR-MRC-D+1_20220322110000_20220322113706.csv
2022-03-23T07:00:00Z,1.0,266.71,2022-03-23,MarketResult_SEM-DA_PWR-MRC-D+1_20220322110000_20220322113706.csv
2022-03-23T08:00:00Z,1.0,263.81,2022-03-23,MarketResult_SEM-DA_PWR-MRC-D+1_20220322110000_20220322113706.csv
2022-03-23T09:00:00Z,1.0,251.1,2022-03-23,MarketResult_SEM-DA_PWR-MRC-D+1_20220322110000_20220322113706.csv
2022-03-23T10:00:00Z,1.0,238.53,2022-03-23,MarketResult_SEM-DA_PWR-MRC-D+1_20220322110000_20220322113706.csv
2022-03-23T11:00:00Z,1.0,223.5,2022-03-23,MarketResult_SEM-DA_PWR-MRC-D+1_20220322110000_20220322113706.csv
2022-03-23T12:00:00Z,1.0,222.69,2022-03-23,MarketResult_SEM-DA_PWR-MRC-D+1_20220322110000_20220322113706.csv
2022-03-23T13:00:00Z,1.0,222.4,2022-03-23,MarketResult_SEM-DA_PWR-MRC-D+1_20220322110000_20220322113706.csv
2022-03-23T14:00:00Z,1.0,222.5,2022-03-23,MarketResult_SEM-DA_PWR-MRC-D+1_20220322110000_20220322113706.csv
2022-03-23T15:00:00Z,1.0,232.62,2022-03-23,MarketResult_SEM-DA_PWR-MRC-D+1_20220322110000_20220322113706.csv
2022-03-23T16:00:00Z,1.0,263.81,2022-03-23,MarketResult_SEM-DA_PWR-MRC-D+1_20220322110000_20220322113706.csv
2022-03-23T17:00:00Z,1.0,320.7,2022-03-23,MarketResult_SEM-DA_PWR-MRC-D+1_20220322110000_20220322113706.csv
2022-03-23T18:00:00Z,1.0,364.56,2022-03-23,MarketResult_SEM-DA_PWR-MRC-D+1_20220322110000_20220322113706.csv
2022-03-23T19:00:00Z,1.0,352.12,2022-03-23,MarketResult_SEM-DA_PWR-MRC-D+1_20220322110000_20220322113706.csv
2022-03-23T20:00:00Z,1.0,288.0,2022-03-23,MarketResult_SEM-DA_PWR-MRC-D+1_20220322110000_20220322113706.csv
2022-03-23T21:00:00Z,1.0,255.16,2022-03-23,MarketResult_SEM-DA_PWR-MRC-D+1_20220322110000_20220322113706.csv
2022-03-23T22:00:00Z,1.0,242.3,2022-03-23,MarketResult_SEM-DA_PWR-MRC-D+1_20220322110000_20220322113706.csv
2022-03-23T23:00:00Z,1.0,278.17,2022-03-24,MarketResult_SEM-DA_PWR-MRC-D+1_20220323110000_20220323113751.csv
2022-03-24T00:00:00Z,1.0,256.7,2022-03-24,MarketResult_SEM-DA_PWR-MRC-D+1_20220323110000_20220323113751.csv
2022-03-24T01:00:00Z,1.0,248.71,2022-03-24,MarketResult_SEM-DA_PWR-MRC-D+1_20220323110000_20220323113751.csv
2022-03-24T02:00:00Z,1.0,244.0,2022-03-24,MarketResult_SEM-DA_PWR-MRC-D+1_20220323110000_20220323113751.csv
2022-03-24T03:00:00Z,1.0,235.41,2022-03-24,MarketResult_SEM-DA_PWR-MRC-D+1_20220323110000_20220323113751.csv
2022-03-24T04:00:00Z,1.0,241.46,2022-03-24,MarketResult_SEM-DA_PWR-MRC-D+1_20220323110000_20220323113751.csv
2022-03-24T05:00:00Z,1.0,273.0,2022-03-24,MarketResult_SEM-DA_PWR-MRC-D+1_20220323110000_20220323113751.csv
2022-03-24T06:00:00Z,1.0,297.0,2022-03-24,MarketResult_SEM-DA_PWR-MRC-D+1_20220323110000_20220323113751.csv
2022-03-24T07:00:00Z,1.0,320.72,2022-03-24,MarketResult_SEM-DA_PWR-MRC-D+1_20220323110000_20220323113751.csv
2022-03-24T08:00:00Z,1.0,332.0,2022-03-24,MarketResult_SEM-DA_PWR-MRC-D+1_20220323110000_20220323113751.csv
2022-03-24T09:00:00Z,1.0,340.0,2022-03-24,MarketResult_SEM-DA_PWR-MRC-D+1_20220323110000_20220323113751.csv
2022-03-24T10:00:00Z,1.0,307.76,2022-03-24,MarketResult_SEM-DA_PWR-MRC-D+1_20220323110000_20220323113751.csv
2022-03-24T11:00:00Z,1.0,293.2,2022-03-24,MarketResult_SEM-DA_PWR-MRC-D+1_20220323110000_20220323113751.csv
2022-03-24T12:00:00Z,1.0,290.0,2022-03-24,MarketResult_SEM-DA_PWR-MRC-D+1_20220323110000_20220323113751.csv
2022-03-24T13:00:00Z,1.0,287.3,2022-03-24,MarketResult_SEM-DA_PWR-MRC-D+1_20220323110000_20220323113751.csv
2022-03-24T14:00:00Z,1.0,271.73,2022-03-24,MarketResult_SEM-DA_PWR-MRC-D+1_20220323110000_20220323113751.csv
2022-03-24T15:00:00Z,1.0,283.21,2022-03-24,MarketResult_SEM-DA_PWR-MRC-D+1_20220323110000_20220323113751.csv
2022-03-24T16:00:00Z,1.0,314.65,2022-03-24,MarketResult_SEM-DA_PWR-MRC-D+1_20220323110000_20220323113751.csv
2022-03-24T17:00:00Z,1.0,344.53,2022-03-24,MarketResult_SEM-DA_PWR-MRC-D+1_20220323110000_20220323113751.csv
2022-03-24T18:00:00Z,1.0,410.46,2022-03-24,MarketResult_SEM-DA_PWR-MRC-D+1_20220323110000_20220323113751.csv
2022-03-24T19:00:00Z,1.0,395.52,2022-03-24,MarketResult_SEM-DA_PWR-MRC-D+1_20220323110000_20220323113751.csv
2022-03-24T20:00:00Z,1.0,342.49,2022-03-24,MarketResult_SEM-DA_PWR-MRC-D+1_20220323110000_20220323113751.csv
2022-03-24T21:00:00Z,1.0,282.14,2022-03-24,MarketResult_SEM-DA_PWR-MRC-D+1_20220323110000_20220323113751.csv
2022-03-24T22:00:00Z,1.0,256.7,2022-03-24,MarketResult_SEM-DA_PWR-MRC-D+1_20220323110000_20220323113751.csv
2022-03-24T23:00:00Z,1.0,266.83,2022-03-25,MarketResult_SEM-DA_PWR-MRC-D+1_20220324110000_20220324113606.csv
2022-03-25T00:00:00Z,1.0,261.35,2022-03-25,MarketResult_SEM-DA_PWR-MRC-D+1_20220324110000_20220324113606.csv
2022-03-25T01:00:00Z,1.0,260.3,2022-03-25,MarketResult_SEM-DA_PWR-MRC-D+1_20220324110000_20220324113606.csv
2022-03-25T02:00:00Z,1.0,255.29,2022-03-25,MarketResult_SEM-DA_PWR-MRC-D+1_20220324110000_20220324113606.csv
2022-03-25T03:00:00Z,1.0,250.0,2022-03-25,MarketResult_SEM-DA_PWR-MRC-D+1_20220324110000_20220324113606.csv
2022-03-25T04:00:00Z,1.0,259.07,2022-03-25,MarketResult_SEM-DA_PWR-MRC-D+1_20220324110000_20220324113606.csv
2022-03-25T05:00:00Z,1.0,274.06,2022-03-25,MarketResult_SEM-DA_PWR-MRC-D+1_20220324110000_20220324113606.csv
2022-03-25T06:00:00Z,1.0,280.66,2022-03-25,MarketResult_SEM-DA_PWR-MRC-D+1_20220324110000_20220324113606.csv
2022-03-25T07:00:00Z,1.0,348.0,2022-03-25,MarketResult_SEM-DA_PWR-MRC-D+1_20220324110000_20220324113606.csv
2022-03-25T08:00:00Z,1.0,350.68,2022-03-25,MarketResult_SEM-DA_PWR-MRC-D+1_20220324110000_20220324113606.csv
2022-03-25T09:00:00Z,1.0,347.0,2022-03-25,MarketResult_SEM-DA_PWR-MRC-D+1_20220324110000_20220324113606.csv
2022-03-25T10:00:00Z,1.0,330.0,2022-03-25,MarketResult_SEM-DA_PWR-MRC-D+1_20220324110000_20220324113606.csv
2022-03-25T11:00:00Z,1.0,316.55,2022-03-25,MarketResult_SEM-DA_PWR-MRC-D+1_20220324110000_20220324113606.csv
2022-03-25T12:00:00Z,1.0,312.88,2022-03-25,MarketResult_SEM-DA_PWR-MRC-D+1_20220324110000_20220324113606.csv
2022-03-25T13:00:00Z,1.0,307.53,2022-03-25,MarketResult_SEM-DA_PWR-MRC-D+1_20220324110000_20220324113606.csv
2022-03-25T14:00:00Z,1.0,293.34,2022-03-25,MarketResult_SEM-DA_PWR-MRC-D+1_20220324110000_20220324113606.csv
2022-03-25T15:00:00Z,1.0,300.27,2022-03-25,MarketResult_SEM-DA_PWR-MRC-D+1_20220324110000_20220324113606.csv
2022-03-25T16:00:00Z,1.0,319.62,2022-03-25,MarketResult_SEM-DA_PWR-MRC-D+1_20220324110000_20220324113606.csv
2022-03-25T17:00:00Z,1.0,370.0,2022-03-25,MarketResult_SEM-DA_PWR-MRC-D+1_20220324110000_20220324113606.csv
2022-03-25T18:00:00Z,1.0,457.33,2022-03-25,MarketResult_SEM-DA_PWR-MRC-D+1_20220324110000_20220324113606.csv
2022-03-25T19:00:00Z,1.0,436.18,2022-03-25,MarketResult_SEM-DA_PWR-MRC-D+1_20220324110000_20220324113606.csv
2022-03-25T20:00:00Z,1.0,343.0,2022-03-25,MarketResult_SEM-DA_PWR-MRC-D+1_20220324110000_20220324113606.csv
2022-03-25T21:00:00Z,1.0,295.01,2022-03-25,MarketResult_SEM-DA_PWR-MRC-D+1_20220324110000_20220324113606.csv
2022-03-25T22:00:00Z,1.0,286.3,2022-03-25,MarketResult_SEM-DA_PWR-MRC-D+1_20220324110000_20220324113606.csv
2022-03-25T23:00:00Z,1.0,273.89,2022-03-26,MarketResult_SEM-DA_PWR-MRC-D+1_20220325110000_20220325113628.csv
2022-03-26T00:00:00Z,1.0,252.54,2022-03-26,MarketResult_SEM-DA_PWR-MRC-D+1_20220325110000_20220325113628.csv
2022-03-26T01:00:00Z,1.0,245.01,2022-03-26,MarketResult_SEM-DA_PWR-MRC-D+1_20220325110000_20220325113628.csv
2022-03-26T02:00:00Z,1.0,229.0,2022-03-26,MarketResult_SEM-DA_PWR-MRC-D+1_20220325110000_20220325113628.csv
2022-03-26T03:00:00Z,1.0,223.07,2022-03-26,MarketResult_SEM-DA_PWR-MRC-D+1_20220325110000_20220325113628.csv
2022-03-26T04:00:00Z,1.0,223.07,2022-03-26,MarketResult_SEM-DA_PWR-MRC-D+1_20220325110000_20220325113628.csv
2022-03-26T05:00:00Z,1.0,233.07,2022-03-26,MarketResult_SEM-DA_PWR-MRC-D+1_20220325110000_20220325113628.csv
2022-03-26T06:00:00Z,1.0,233.07,2022-03-26,MarketResult_SEM-DA_PWR-MRC-D+1_20220325110000_20220325113628.csv
2022-03-26T07:00:00Z,1.0,252.85,2022-03-26,MarketResult_SEM-DA_PWR-MRC-D+1_20220325110000_20220325113628.csv
2022-03-26T08:00:00Z,1.0,272.8,2022-03-26,MarketResult_SEM-DA_PWR-MRC-D+1_20220325110000_20220325113628.csv
2022-03-26T09:00:00Z,1.0,279.4,2022-03-26,MarketResult_SEM-DA_PWR-MRC-D+1_20220325110000_20220325113628.csv
2022-03-26T10:00:00Z,1.0,257.41,2022-03-26,MarketResult_SEM-DA_PWR-MRC-D+1_20220325110000_20220325113628.csv
2022-03-26T11:00:00Z,1.0,252.75,2022-03-26,MarketResult_SEM-DA_PWR-MRC-D+1_20220325110000_20220325113628.csv
2022-03-26T12:00:00Z,1.0,230.9,2022-03-26,MarketResult_SEM-DA_PWR-MRC-D+1_20220325110000_20220325113628.csv
2022-03-26T13:00:00Z,1.0,218.18,2022-03-26,MarketResult_SEM-DA_PWR-MRC-D+1_20220325110000_20220325113628.csv
2022-03-26T14:00:00Z,1.0,217.66,2022-03-26,MarketResult_SEM-DA_PWR-MRC-D+1_20220325110000_20220325113628.csv
2022-03-26T15:00:00Z,1.0,222.85,2022-03-26,MarketResult_SEM-DA_PWR-MRC-D+1_20220325110000_20220325113628.csv
2022-03-26T16:00:00Z,1.0,245.0,2022-03-26,MarketResult_SEM-DA_PWR-MRC-D+1_20220325110000_20220325113628.csv
2022-03-26T17:00:00Z,1.0,268.4,2022-03-26,MarketResult_SEM-DA_PWR-MRC-D+1_20220325110000_20220325113628.csv
2022-03-26T18:00:00Z,1.0,330.02,2022-03-26,MarketResult_SEM-DA_PWR-MRC-D+1_20220325110000_20220325113628.csv
2022-03-26T19:00:00Z,1.0,335.02,2022-03-26,MarketResult_SEM-DA_PWR-MRC-D+1_20220325110000_20220325113628.csv
2022-03-26T20:00:00Z,1.0,295.0,2022-03-26,MarketResult_SEM-DA_PWR-MRC-D+1_20220325110000_20220325113628.csv
2022-03-26T21:00:00Z,1.0,264.6,2022-03-26,MarketResult_SEM-DA_PWR-MRC-D+1_20220325110000_20220325113628.csv
2022-03-26T22:00:00Z,1.0,276.0,2022-03-26,MarketResult_SEM-DA_PWR-MRC-D+1_20220325110000_20220325113628.csv
2022-03-26T23:00:00Z,1.0,309.5,2022-03-27,MarketResult_SEM-DA_PWR-MRC-D+1_20220326110000_20220326113542.csv
2022-03-27T00:00:00Z,1.0,291.0,2022-03-27,MarketResult_SEM-DA_PWR-MRC-D+1_20220326110000_20220326113542.csv
2022-03-27T01:00:00Z,1.0,275.0,2022-03-27,MarketResult_SEM-DA_PWR-MRC-D+1_20220326110000_20220326113542.csv
2022-03-27T02:00:00Z,1.0,253.17,2022-03-27,MarketResult_SEM-DA_PWR-MRC-D+1_20220326110000_20220326113542.csv
2022-03-27T03:00:00Z,1.0,249.23,2022-03-27,MarketResult_SEM-DA_PWR-MRC-D+1_20220326110000_20220326113542.csv
2022-03-27T04:00:00Z,1.0,253.0,2022-03-27,MarketResult_SEM-DA_PWR-MRC-D+1_20220326110000_20220326113542.csv
2022-03-27T05:00:00Z,1.0,249.23,2022-03-27,MarketResult_SEM-DA_PWR-MRC-D+1_20220326110000_20220326113542.csv
2022-03-27T06:00:00Z,1.0,237.93,2022-03-27,MarketResult_SEM-DA_PWR-MRC-D+1_20220326110000_20220326113542.csv
2022-03-27T07:00:00Z,1.0,237.93,2022-03-27,MarketResult_SEM-DA_PWR-MRC-D+1_20220326110000_20220326113542.csv
2022-03-27T08:00:00Z,1.0,254.88,2022-03-27,MarketResult_SEM-DA_PWR-MRC-D+1_20220326110000_20220326113542.csv
2022-03-27T09:00:00Z,1.0,284.74,2022-03-27,MarketResult_SEM-DA_PWR-MRC-D+1_20220326110000_20220326113542.csv
2022-03-27T10:00:00Z,1.0,282.59,2022-03-27,MarketResult_SEM-DA_PWR-MRC-D+1_20220326110000_20220326113542.csv
2022-03-27T11:00:00Z,1.0,275.0,2022-03-27,MarketResult_SEM-DA_PWR-MRC-D+1_20220326110000_20220326113542.csv
2022-03-27T12:00:00Z,1.0,255.17,2022-03-27,MarketResult_SEM-DA_PWR-MRC-D+1_20220326110000_20220326113542.csv
2022-03-27T13:00:00Z,1.0,248.8,2022-03-27,MarketResult_SEM-DA_PWR-MRC-D+1_20220326110000_20220326113542.csv
2022-03-27T14:00:00Z,1.0,246.89,2022-03-27,MarketResult_SEM-DA_PWR-MRC-D+1_20220326110000_20220326113542.csv
2022-03-27T15:00:00Z,1.0,255.5,2022-03-27,MarketResult_SEM-DA_PWR-MRC-D+1_20220326110000_20220326113542.csv
2022-03-27T16:00:00Z,1.0,289.34,2022-03-27,MarketResult_SEM-DA_PWR-MRC-D+1_20220326110000_20220326113542.csv
2022-03-27T17:00:00Z,1.0,335.97,2022-03-27,MarketResult_SEM-DA_PWR-MRC-D+1_20220326110000_20220326113542.csv
2022-03-27T18:00:00Z,1.0,355.71,2022-03-27,MarketResult_SEM-DA_PWR-MRC-D+1_20220326110000_20220326113542.csv
2022-03-27T19:00:00Z,1.0,355.7,2022-03-27,MarketResult_SEM-DA_PWR-MRC-D+1_20220326110000_20220326113542.csv
2022-03-27T20:00:00Z,1.0,288.06,2022-03-27,MarketResult_SEM-DA_PWR-MRC-D+1_20220326110000_20220326113542.csv
2022-03-27T21:00:00Z,1.0,261.0,2022-03-27,MarketResult_SEM-DA_PWR-MRC-D+1_20220326110000_20220326113542.csv
2022-03-27T22:00:00Z,1.0,243.35,2022-03-28,MarketResult_SEM-DA_PWR-MRC-D+1_20220327100000_20220327103544.csv
2022-03-27T23:00:00Z,1.0,237.25,2022-03-28,MarketResult_SEM-DA_PWR-MRC-D+1_20220327100000_20220327103544.csv
2022-03-28T00:00:00Z,1.0,229.92,2022-03-28,MarketResult_SEM-DA_PWR-MRC-D+1_20220327100000_20220327103544.csv
2022-03-28T01:00:00Z,1.0,226.54,2022-03-28,MarketResult_SEM-DA_PWR-MRC-D+1_20220327100000_20220327103544.csv
2022-03-28T02:00:00Z,1.0,225.23,2022-03-28,MarketResult_SEM-DA_PWR-MRC-D+1_20220327100000_20220327103544.csv
2022-03-28T03:00:00Z,1.0,226.54,2022-03-28,MarketResult_SEM-DA_PWR-MRC-D+1_20220327100000_20220327103544.csv
2022-03-28T04:00:00Z,1.0,240.0,2022-03-28,MarketResult_SEM-DA_PWR-MRC-D+1_20220327100000_20220327103544.csv
2022-03-28T05:00:00Z,1.0,254.1,2022-03-28,MarketResult_SEM-DA_PWR-MRC-D+1_20220327100000_20220327103544.csv
2022-03-28T06:00:00Z,1.0,313.57,2022-03-28,MarketResult_SEM-DA_PWR-MRC-D+1_20220327100000_20220327103544.csv
2022-03-28T07:00:00Z,1.0,336.87,2022-03-28,MarketResult_SEM-DA_PWR-MRC-D+1_20220327100000_20220327103544.csv
2022-03-28T08:00:00Z,1.0,367.0,2022-03-28,MarketResult_SEM-DA_PWR-MRC-D+1_20220327100000_20220327103544.csv
2022-03-28T09:00:00Z,1.0,321.38,2022-03-28,MarketResult_SEM-DA_PWR-MRC-D+1_20220327100000_20220327103544.csv
2022-03-28T10:00:00Z,1.0,315.0,2022-03-28,MarketResult_SEM-DA_PWR-MRC-D+1_20220327100000_20220327103544.csv
2022-03-28T11:00:00Z,1.0,295.18,2022-03-28,MarketResult_SEM-DA_PWR-MRC-D+1_20220327100000_20220327103544.csv
2022-03-28T12:00:00Z,1.0,267.0,2022-03-28,MarketResult_SEM-DA_PWR-MRC-D+1_20220327100000_20220327103544.csv
2022-03-28T13:00:00Z,1.0,256.93,2022-03-28,MarketResult_SEM-DA_PWR-MRC-D+1_20220327100000_20220327103544.csv
2022-03-28T14:00:00Z,1.0,256.93,2022-03-28,MarketResult_SEM-DA_PWR-MRC-D+1_20220327100000_20220327103544.csv
2022-03-28T15:00:00Z,1.0,281.6,2022-03-28,MarketResult_SEM-DA_PWR-MRC-D+1_20220327100000_20220327103544.csv
2022-03-28T16:00:00Z,1.0,328.98,2022-03-28,MarketResult_SEM-DA_PWR-MRC-D+1_20220327100000_20220327103544.csv
2022-03-28T17:00:00Z,1.0,367.0,2022-03-28,MarketResult_SEM-DA_PWR-MRC-D+1_20220327100000_20220327103544.csv
2022-03-28T18:00:00Z,1.0,361.2,2022-03-28,MarketResult_SEM-DA_PWR-MRC-D+1_20220327100000_20220327103544.csv
2022-03-28T19:00:00Z,1.0,346.77,2022-03-28,MarketResult_SEM-DA_PWR-MRC-D+1_20220327100000_20220327103544.csv
2022-03-28T20:00:00Z,1.0,293.0,2022-03-28,MarketResult_SEM-DA_PWR-MRC-D+1_20220327100000_20220327103544.csv
2022-03-28T21:00:00Z,1.0,251.7,2022-03-28,MarketResult_SEM-DA_PWR-MRC-D+1_20220327100000_20220327103544.csv
2022-03-28T22:00:00Z,1.0,232.0,2022-03-29,MarketResult_SEM-DA_PWR-MRC-D+1_20220328100000_20220328103655.csv
2022-03-28T23:00:00Z,1.0,219.0,2022-03-29,MarketResult_SEM-DA_PWR-MRC-D+1_20220328100000_20220328103655.csv
2022-03-29T00:00:00Z,1.0,219.0,2022-03-29,MarketResult_SEM-DA_PWR-MRC-D+1_20220328100000_20220328103655.csv
2022-03-29T01:00:00Z,1.0,215.0,2022-03-29,MarketResult_SEM-DA_PWR-MRC-D+1_20220328100000_20220328103655.csv
2022-03-29T02:00:00Z,1.0,212.34,2022-03-29,MarketResult_SEM-DA_PWR-MRC-D+1_20220328100000_20220328103655.csv
2022-03-29T03:00:00Z,1.0,215.36,2022-03-29,MarketResult_SEM-DA_PWR-MRC-D+1_20220328100000_20220328103655.csv
2022-03-29T04:00:00Z,1.0,223.48,2022-03-29,MarketResult_SEM-DA_PWR-MRC-D+1_20220328100000_20220328103655.csv
2022-03-29T05:00:00Z,1.0,262.0,2022-03-29,MarketResult_SEM-DA_PWR-MRC-D+1_20220328100000_20220328103655.csv
2022-03-29T06:00:00Z,1.0,320.8,2022-03-29,MarketResult_SEM-DA_PWR-MRC-D+1_20220328100000_20220328103655.csv
2022-03-29T07:00:00Z,1.0,346.77,2022-03-29,MarketResult_SEM-DA_PWR-MRC-D+1_20220328100000_20220328103655.csv
2022-03-29T08:00:00Z,1.0,395.0,2022-03-29,MarketResult_SEM-DA_PWR-MRC-D+1_20220328100000_20220328103655.csv
2022-03-29T09:00:00Z,1.0,376.9,2022-03-29,MarketResult_SEM-DA_PWR-MRC-D+1_20220328100000_20220328103655.csv
2022-03-29T10:00:00Z,1.0,350.58,2022-03-29,MarketResult_SEM-DA_PWR-MRC-D+1_20220328100000_20220328103655.csv
2022-03-29T11:00:00Z,1.0,337.38,2022-03-29,MarketResult_SEM-DA_PWR-MRC-D+1_20220328100000_20220328103655.csv
2022-03-29T12:00:00Z,1.0,313.9,2022-03-29,MarketResult_SEM-DA_PWR-MRC-D+1_20220328100000_20220328103655.csv
2022-03-29T13:00:00Z,1.0,283.33,2022-03-29,MarketResult_SEM-DA_PWR-MRC-D+1_20220328100000_20220328103655.csv
2022-03-29T14:00:00Z,1.0,281.78,2022-03-29,MarketResult_SEM-DA_PWR-MRC-D+1_20220328100000_20220328103655.csv
2022-03-29T15:00:00Z,1.0,302.18,2022-03-29,MarketResult_SEM-DA_PWR-MRC-D+1_20220328100000_20220328103655.csv
2022-03-29T16:00:00Z,1.0,329.9,2022-03-29,MarketResult_SEM-DA_PWR-MRC-D+1_20220328100000_20220328103655.csv
2022-03-29T17:00:00Z,1.0,354.77,2022-03-29,MarketResult_SEM-DA_PWR-MRC-D+1_20220328100000_20220328103655.csv
2022-03-29T18:00:00Z,1.0,346.4,2022-03-29,MarketResult_SEM-DA_PWR-MRC-D+1_20220328100000_20220328103655.csv
2022-03-29T19:00:00Z,1.0,336.23,2022-03-29,MarketResult_SEM-DA_PWR-MRC-D+1_20220328100000_20220328103655.csv
2022-03-29T20:00:00Z,1.0,270.0,2022-03-29,MarketResult_SEM-DA_PWR-MRC-D+1_20220328100000_20220328103655.csv
2022-03-29T21:00:00Z,1.0,248.0,2022-03-29,MarketResult_SEM-DA_PWR-MRC-D+1_20220328100000_20220328103655.csv
2022-03-29T22:00:00Z,1.0,283.21,2022-03-30,MarketResult_SEM-DA_PWR-MRC-D+1_20220329100000_20220329103856.csv
2022-03-29T23:00:00Z,1.0,271.0,2022-03-30,MarketResult_SEM-DA_PWR-MRC-D+1_20220329100000_20220329103856.csv
2022-03-30T00:00:00Z,1.0,255.0,2022-03-30,MarketResult_SEM-DA_PWR-MRC-D+1_20220329100000_20220329103856.csv
2022-03-30T01:00:00Z,1.0,251.19,2022-03-30,MarketResult_SEM-DA_PWR-MRC-D+1_20220329100000_20220329103856.csv
2022-03-30T02:00:00Z,1.0,245.0,2022-03-30,MarketResult_SEM-DA_PWR-MRC-D+1_20220329100000_20220329103856.csv
2022-03-30T03:00:00Z,1.0,247.0,2022-03-30,MarketResult_SEM-DA_PWR-MRC-D+1_20220329100000_20220329103856.csv
2022-03-30T04:00:00Z,1.0,259.1,2022-03-30,MarketResult_SEM-DA_PWR-MRC-D+1_20220329100000_20220329103856.csv
2022-03-30T05:00:00Z,1.0,280.0,2022-03-30,MarketResult_SEM-DA_PWR-MRC-D+1_20220329100000_20220329103856.csv
2022-03-30T06:00:00Z,1.0,342.87,2022-03-30,MarketResult_SEM-DA_PWR-MRC-D+1_20220329100000_20220329103856.csv
2022-03-30T07:00:00Z,1.0,370.06,2022-03-30,MarketResult_SEM-DA_PWR-MRC-D+1_20220329100000_20220329103856.csv
2022-03-30T08:00:00Z,1.0,389.0,2022-03-30,MarketResult_SEM-DA_PWR-MRC-D+1_20220329100000_20220329103856.csv
2022-03-30T09:00:00Z,1.0,349.65,2022-03-30,MarketResult_SEM-DA_PWR-MRC-D+1_20220329100000_20220329103856.csv
2022-03-30T10:00:00Z,1.0,351.0,2022-03-30,MarketResult_SEM-DA_PWR-MRC-D+1_20220329100000_20220329103856.csv
2022-03-30T11:00:00Z,1.0,323.0,2022-03-30,MarketResult_SEM-DA_PWR-MRC-D+1_20220329100000_20220329103856.csv
2022-03-30T12:00:00Z,1.0,306.0,2022-03-30,MarketResult_SEM-DA_PWR-MRC-D+1_20220329100000_20220329103856.csv
2022-03-30T13:00:00Z,1.0,280.0,2022-03-30,MarketResult_SEM-DA_PWR-MRC-D+1_20220329100000_20220329103856.csv
2022-03-30T14:00:00Z,1.0,269.0,2022-03-30,MarketResult_SEM-DA_PWR-MRC-D+1_20220329100000_20220329103856.csv
2022-03-30T15:00:00Z,1.0,274.43,2022-03-30,MarketResult_SEM-DA_PWR-MRC-D+1_20220329100000_20220329103856.csv
2022-03-30T16:00:00Z,1.0,272.47,2022-03-30,MarketResult_SEM-DA_PWR-MRC-D+1_20220329100000_20220329103856.csv
2022-03-30T17:00:00Z,1.0,272.37,2022-03-30,MarketResult_SEM-DA_PWR-MRC-D+1_20220329100000_20220329103856.csv
2022-03-30T18:00:00Z,1.0,272.37,2022-03-30,MarketResult_SEM-DA_PWR-MRC-D+1_20220329100000_20220329103856.csv
2022-03-30T19:00:00Z,1.0,260.0,2022-03-30,MarketResult_SEM-DA_PWR-MRC-D+1_20220329100000_20220329103856.csv
2022-03-30T20:00:00Z,1.0,256.36,2022-03-30,MarketResult_SEM-DA_PWR-MRC-D+1_20220329100000_20220329103856.csv
2022-03-30T21:00:00Z,1.0,240.95,2022-03-30,MarketResult_SEM-DA_PWR-MRC-D+1_20220329100000_20220329103856.csv
2022-03-30T22:00:00Z,1.0,240.59,2022-03-31,MarketResult_SEM-DA_PWR-MRC-D+1_20220330100000_20220330103516.csv
2022-03-30T23:00:00Z,1.0,235.0,2022-03-31,MarketResult_SEM-DA_PWR-MRC-D+1_20220330100000_20220330103516.csv
2022-03-31T00:00:00Z,1.0,225.52,2022-03-31,MarketResult_SEM-DA_PWR-MRC-D+1_20220330100000_20220330103516.csv
2022-03-31T01:00:00Z,1.0,225.0,2022-03-31,MarketResult_SEM-DA_PWR-MRC-D+1_20220330100000_20220330103516.csv
2022-03-31T02:00:00Z,1.0,230.0,2022-03-31,MarketResult_SEM-DA_PWR-MRC-D+1_20220330100000_20220330103516.csv
2022-03-31T03:00:00Z,1.0,235.88,2022-03-31,MarketResult_SEM-DA_PWR-MRC-D+1_20220330100000_20220330103516.csv
2022-03-31T04:00:00Z,1.0,250.0,2022-03-31,MarketResult_SEM-DA_PWR-MRC-D+1_20220330100000_20220330103516.csv
2022-03-31T05:00:00Z,1.0,269.75,2022-03-31,MarketResult_SEM-DA_PWR-MRC-D+1_20220330100000_20220330103516.csv
2022-03-31T06:00:00Z,1.0,311.79,2022-03-31,MarketResult_SEM-DA_PWR-MRC-D+1_20220330100000_20220330103516.csv
2022-03-31T07:00:00Z,1.0,364.36,2022-03-31,MarketResult_SEM-DA_PWR-MRC-D+1_20220330100000_20220330103516.csv
2022-03-31T08:00:00Z,1.0,375.38,2022-03-31,MarketResult_SEM-DA_PWR-MRC-D+1_20220330100000_20220330103516.csv
2022-03-31T09:00:00Z,1.0,333.0,2022-03-31,MarketResult_SEM-DA_PWR-MRC-D+1_20220330100000_20220330103516.csv
2022-03-31T10:00:00Z,1.0,300.0,2022-03-31,MarketResult_SEM-DA_PWR-MRC-D+1_20220330100000_20220330103516.csv
2022-03-31T11:00:00Z,1.0,292.0,2022-03-31,MarketResult_SEM-DA_PWR-MRC-D+1_20220330100000_20220330103516.csv
2022-03-31T12:00:00Z,1.0,276.0,2022-03-31,MarketResult_SEM-DA_PWR-MRC-D+1_20220330100000_20220330103516.csv
2022-03-31T13:00:00Z,1.0,256.0,2022-03-31,MarketResult_SEM-DA_PWR-MRC-D+1_20220330100000_20220330103516.csv
2022-03-31T14:00:00Z,1.0,250.83,2022-03-31,MarketResult_SEM-DA_PWR-MRC-D+1_20220330100000_20220330103516.csv
2022-03-31T15:00:00Z,1.0,265.83,2022-03-31,MarketResult_SEM-DA_PWR-MRC-D+1_20220330100000_20220330103516.csv
2022-03-31T16:00:00Z,1.0,281.22,2022-03-31,MarketResult_SEM-DA_PWR-MRC-D+1_20220330100000_20220330103516.csv
2022-03-31T17:00:00Z,1.0,310.0,2022-03-31,MarketResult_SEM-DA_PWR-MRC-D+1_20220330100000_20220330103516.csv
2022-03-31T18:00:00Z,1.0,354.47,2022-03-31,MarketResult_SEM-DA_PWR-MRC-D+1_20220330100000_20220330103516.csv
2022-03-31T19:00:00Z,1.0,343.85,2022-03-31,MarketResult_SEM-DA_PWR-MRC-D+1_20220330100000_20220330103516.csv
2022-03-31T20:00:00Z,1.0,300.0,2022-03-31,MarketResult_SEM-DA_PWR-MRC-D+1_20220330100000_20220330103516.csv
2022-03-31T21:00:00Z,1.0,268.96,2022-03-31,MarketResult_SEM-DA_PWR-MRC-D+1_20220330100000_20220330103516.csv
2022-03-31T22:00:00Z,1.0,295.0,2022-04-01,MarketResult_SEM-DA_PWR-MRC-D+1_20220331100000_20220331105834.csv
2022-03-31T23:00:00Z,1.0,260.83,2022-04-01,MarketResult_SEM-DA_PWR-MRC-D+1_20220331100000_20220331105834.csv
2022-04-01T00:00:00Z,1.0,262.07,2022-04-01,MarketResult_SEM-DA_PWR-MRC-D+1_20220331100000_20220331105834.csv
2022-04-01T01:00:00Z,1.0,250.9,2022-04-01,MarketResult_SEM-DA_PWR-MRC-D+1_20220331100000_20220331105834.csv
2022-04-01T02:00:00Z,1.0,245.03,2022-04-01,MarketResult_SEM-DA_PWR-MRC-D+1_20220331100000_20220331105834.csv
2022-04-01T03:00:00Z,1.0,249.7,2022-04-01,MarketResult_SEM-DA_PWR-MRC-D+1_20220331100000_20220331105834.csv
2022-04-01T04:00:00Z,1.0,268.8,2022-04-01,MarketResult_SEM-DA_PWR-MRC-D+1_20220331100000_20220331105834.csv
2022-04-01T05:00:00Z,1.0,287.03,2022-04-01,MarketResult_SEM-DA_PWR-MRC-D+1_20220331100000_20220331105834.csv
2022-04-01T06:00:00Z,1.0,295.9,2022-04-01,MarketResult_SEM-DA_PWR-MRC-D+1_20220331100000_20220331105834.csv
2022-04-01T07:00:00Z,1.0,359.0,2022-04-01,MarketResult_SEM-DA_PWR-MRC-D+1_20220331100000_20220331105834.csv
2022-04-01T08:00:00Z,1.0,370.8,2022-04-01,MarketResult_SEM-DA_PWR-MRC-D+1_20220331100000_20220331105834.csv
2022-04-01T09:00:00Z,1.0,340.0,2022-04-01,MarketResult_SEM-DA_PWR-MRC-D+1_20220331100000_20220331105834.csv
2022-04-01T10:00:00Z,1.0,314.5,2022-04-01,MarketResult_SEM-DA_PWR-MRC-D+1_20220331100000_20220331105834.csv
2022-04-01T11:00:00Z,1.0,301.0,2022-04-01,MarketResult_SEM-DA_PWR-MRC-D+1_20220331100000_20220331105834.csv
2022-04-01T12:00:00Z,1.0,277.43,2022-04-01,MarketResult_SEM-DA_PWR-MRC-D+1_20220331100000_20220331105834.csv
2022-04-01T13:00:00Z,1.0,266.68,2022-04-01,MarketResult_SEM-DA_PWR-MRC-D+1_20220331100000_20220331105834.csv
2022-04-01T14:00:00Z,1.0,266.68,2022-04-01,MarketResult_SEM-DA_PWR-MRC-D+1_20220331100000_20220331105834.csv
2022-04-01T15:00:00Z,1.0,274.0,2022-04-01,MarketResult_SEM-DA_PWR-MRC-D+1_20220331100000_20220331105834.csv
2022-04-01T16:00:00Z,1.0,294.51,2022-04-01,MarketResult_SEM-DA_PWR-MRC-D+1_20220331100000_20220331105834.csv
2022-04-01T17:00:00Z,1.0,347.97,2022-04-01,MarketResult_SEM-DA_PWR-MRC-D+1_20220331100000_20220331105834.csv
2022-04-01T18:00:00Z,1.0,373.76,2022-04-01,MarketResult_SEM-DA_PWR-MRC-D+1_20220331100000_20220331105834.csv
2022-04-01T19:00:00Z,1.0,367.0,2022-04-01,MarketResult_SEM-DA_PWR-MRC-D+1_20220331100000_20220331105834.csv
2022-04-01T20:00:00Z,1.0,317.0,2022-04-01,MarketResult_SEM-DA_PWR-MRC-D+1_20220331100000_20220331105834.csv
2022-04-01T21:00:00Z,1.0,286.58,2022-04-01,MarketResult_SEM-DA_PWR-MRC-D+1_20220331100000_20220331105834.csv
2022-04-01T22:00:00Z,1.0,370.17,2022-04-02,MarketResult_SEM-DA_PWR-MRC-D+1_20220401100000_20220401103443.csv
2022-04-01T23:00:00Z,1.0,326.0,2022-04-02,MarketResult_SEM-DA_PWR-MRC-D+1_20220401100000_20220401103443.csv
2022-04-02T00:00:00Z,1.0,305.0,2022-04-02,MarketResult_SEM-DA_PWR-MRC-D+1_20220401100000_20220401103443.csv
2022-04-02T01:00:00Z,1.0,275.0,2022-04-02,MarketResult_SEM-DA_PWR-MRC-D+1_20220401100000_20220401103443.csv
2022-04-02T02:00:00Z,1.0,260.9,2022-04-02,MarketResult_SEM-DA_PWR-MRC-D+1_20220401100000_20220401103443.csv
2022-04-02T03:00:00Z,1.0,265.0,2022-04-02,MarketResult_SEM-DA_PWR-MRC-D+1_20220401100000_20220401103443.csv
2022-04-02T04:00:00Z,1.0,279.0,2022-04-02,MarketResult_SEM-DA_PWR-MRC-D+1_20220401100000_20220401103443.csv
2022-04-02T05:00:00Z,1.0,295.0,2022-04-02,MarketResult_SEM-DA_PWR-MRC-D+1_20220401100000_20220401103443.csv
2022-04-02T06:00:00Z,1.0,323.0,2022-04-02,MarketResult_SEM-DA_PWR-MRC-D+1_20220401100000_20220401103443.csv
2022-04-02T07:00:00Z,1.0,352.0,2022-04-02,MarketResult_SEM-DA_PWR-MRC-D+1_20220401100000_20220401103443.csv
2022-04-02T08:00:00Z,1.0,363.02,2022-04-02,MarketResult_SEM-DA_PWR-MRC-D+1_20220401100000_20220401103443.csv
2022-04-02T09:00:00Z,1.0,360.0,2022-04-02,MarketResult_SEM-DA_PWR-MRC-D+1_20220401100000_20220401103443.csv
2022-04-02T10:00:00Z,1.0,347.67,2022-04-02,MarketResult_SEM-DA_PWR-MRC-D+1_20220401100000_20220401103443.csv
2022-04-02T11:00:00Z,1.0,335.0,2022-04-02,MarketResult_SEM-DA_PWR-MRC-D+1_20220401100000_20220401103443.csv
2022-04-02T12:00:00Z,1.0,308.18,2022-04-02,MarketResult_SEM-DA_PWR-MRC-D+1_20220401100000_20220401103443.csv
2022-04-02T13:00:00Z,1.0,280.0,2022-04-02,MarketResult_SEM-DA_PWR-MRC-D+1_20220401100000_20220401103443.csv
2022-04-02T14:00:00Z,1.0,281.4,2022-04-02,MarketResult_SEM-DA_PWR-MRC-D+1_20220401100000_20220401103443.csv
2022-04-02T15:00:00Z,1.0,285.0,2022-04-02,MarketResult_SEM-DA_PWR-MRC-D+1_20220401100000_20220401103443.csv
2022-04-02T16:00:00Z,1.0,308.0,2022-04-02,MarketResult_SEM-DA_PWR-MRC-D+1_20220401100000_20220401103443.csv
2022-04-02T17:00:00Z,1.0,360.0,2022-04-02,MarketResult_SEM-DA_PWR-MRC-D+1_20220401100000_20220401103443.csv
2022-04-02T18:00:00Z,1.0,392.69,2022-04-02,MarketResult_SEM-DA_PWR-MRC-D+1_20220401100000_20220401103443.csv
2022-04-02T19:00:00Z,1.0,375.0,2022-04-02,MarketResult_SEM-DA_PWR-MRC-D+1_20220401100000_20220401103443.csv
2022-04-02T20:00:00Z,1.0,400.0,2022-04-02,MarketResult_SEM-DA_PWR-MRC-D+1_20220401100000_20220401103443.csv
2022-04-02T21:00:00Z,1.0,327.2,2022-04-02,MarketResult_SEM-DA_PWR-MRC-D+1_20220401100000_20220401103443.csv
2022-04-02T22:00:00Z,1.0,333.15,2022-04-03,MarketResult_SEM-DA_PWR-MRC-D+1_20220402100000_20220402103441.csv
2022-04-02T23:00:00Z,1.0,318.2,2022-04-03,MarketResult_SEM-DA_PWR-MRC-D+1_20220402100000_20220402103441.csv
2022-04-03T00:00:00Z,1.0,316.23,2022-04-03,MarketResult_SEM-DA_PWR-MRC-D+1_20220402100000_20220402103441.csv
2022-04-03T01:00:00Z,1.0,301.42,2022-04-03,MarketResult_SEM-DA_PWR-MRC-D+1_20220402100000_20220402103441.csv
2022-04-03T02:00:00Z,1.0,290.8,2022-04-03,MarketResult_SEM-DA_PWR-MRC-D+1_20220402100000_20220402103441.csv
2022-04-03T03:00:00Z,1.0,297.77,2022-04-03,MarketResult_SEM-DA_PWR-MRC-D+1_20220402100000_20220402103441.csv
2022-04-03T04:00:00Z,1.0,285.0,2022-04-03,MarketResult_SEM-DA_PWR-MRC-D+1_20220402100000_20220402103441.csv
2022-04-03T05:00:00Z,1.0,286.28,2022-04-03,MarketResult_SEM-DA_PWR-MRC-D+1_20220402100000_20220402103441.csv
2022-04-03T06:00:00Z,1.0,296.03,2022-04-03,MarketResult_SEM-DA_PWR-MRC-D+1_20220402100000_20220402103441.csv
2022-04-03T07:00:00Z,1.0,296.0,2022-04-03,MarketResult_SEM-DA_PWR-MRC-D+1_20220402100000_20220402103441.csv
2022-04-03T08:00:00Z,1.0,320.0,2022-04-03,MarketResult_SEM-DA_PWR-MRC-D+1_20220402100000_20220402103441.csv
2022-04-03T09:00:00Z,1.0,316.0,2022-04-03,MarketResult_SEM-DA_PWR-MRC-D+1_20220402100000_20220402103441.csv
2022-04-03T10:00:00Z,1.0,312.0,2022-04-03,MarketResult_SEM-DA_PWR-MRC-D+1_20220402100000_20220402103441.csv
2022-04-03T11:00:00Z,1.0,307.79,2022-04-03,MarketResult_SEM-DA_PWR-MRC-D+1_20220402100000_20220402103441.csv
2022-04-03T12:00:00Z,1.0,277.36,2022-04-03,MarketResult_SEM-DA_PWR-MRC-D+1_20220402100000_20220402103441.csv
2022-04-03T13:00:00Z,1.0,265.0,2022-04-03,MarketResult_SEM-DA_PWR-MRC-D+1_20220402100000_20220402103441.csv
2022-04-03T14:00:00Z,1.0,252.6,2022-04-03,MarketResult_SEM-DA_PWR-MRC-D+1_20220402100000_20220402103441.csv
2022-04-03T15:00:00Z,1.0,263.0,2022-04-03,MarketResult_SEM-DA_PWR-MRC-D+1_20220402100000_20220402103441.csv
2022-04-03T16:00:00Z,1.0,271.85,2022-04-03,MarketResult_SEM-DA_PWR-MRC-D+1_20220402100000_20220402103441.csv
2022-04-03T17:00:00Z,1.0,284.33,2022-04-03,MarketResult_SEM-DA_PWR-MRC-D+1_20220402100000_20220402103441.csv
2022-04-03T18:00:00Z,1.0,285.77,2022-04-03,MarketResult_SEM-DA_PWR-MRC-D+1_20220402100000_20220402103441.csv
2022-04-03T19:00:00Z,1.0,275.68,2022-04-03,MarketResult_SEM-DA_PWR-MRC-D+1_20220402100000_20220402103441.csv
2022-04-03T20:00:00Z,1.0,243.96,2022-04-03,MarketResult_SEM-DA_PWR-MRC-D+1_20220402100000_20220402103441.csv
2022-04-03T21:00:00Z,1.0,199.8,2022-04-03,MarketResult_SEM-DA_PWR-MRC-D+1_20220402100000_20220402103441.csv
2022-04-03T22:00:00Z,1.0,197.0,2022-04-04,MarketResult_SEM-DA_PWR-MRC-D+1_20220403100000_20220403114108.csv
2022-04-03T23:00:00Z,1.0,182.99,2022-04-04,MarketResult_SEM-DA_PWR-MRC-D+1_20220403100000_20220403114108.csv
2022-04-04T00:00:00Z,1.0,171.96,2022-04-04,MarketResult_SEM-DA_PWR-MRC-D+1_20220403100000_20220403114108.csv
2022-04-04T01:00:00Z,1.0,159.82,2022-04-04,MarketResult_SEM-DA_PWR-MRC-D+1_20220403100000_20220403114108.csv
2022-04-04T02:00:00Z,1.0,150.47,2022-04-04,MarketResult_SEM-DA_PWR-MRC-D+1_20220403100000_20220403114108.csv
2022-04-04T03:00:00Z,1.0,130.47,2022-04-04,MarketResult_SEM-DA_PWR-MRC-D+1_20220403100000_20220403114108.csv
2022-04-04T04:00:00Z,1.0,158.67,2022-04-04,MarketResult_SEM-DA_PWR-MRC-D+1_20220403100000_20220403114108.csv
2022-04-04T05:00:00Z,1.0,188.57,2022-04-04,MarketResult_SEM-DA_PWR-MRC-D+1_20220403100000_20220403114108.csv
2022-04-04T06:00:00Z,1.0,209.72,2022-04-04,MarketResult_SEM-DA_PWR-MRC-D+1_20220403100000_20220403114108.csv
2022-04-04T07:00:00Z,1.0,263.0,2022-04-04,MarketResult_SEM-DA_PWR-MRC-D+1_20220403100000_20220403114108.csv
2022-04-04T08:00:00Z,1.0,274.2,2022-04-04,MarketResult_SEM-DA_PWR-MRC-D+1_20220403100000_20220403114108.csv
2022-04-04T09:00:00Z,1.0,264.0,2022-04-04,MarketResult_SEM-DA_PWR-MRC-D+1_20220403100000_20220403114108.csv
2022-04-04T10:00:00Z,1.0,259.62,2022-04-04,MarketResult_SEM-DA_PWR-MRC-D+1_20220403100000_20220403114108.csv
2022-04-04T11:00:00Z,1.0,257.33,2022-04-04,MarketResult_SEM-DA_PWR-MRC-D+1_20220403100000_20220403114108.csv
2022-04-04T12:00:00Z,1.0,231.82,2022-04-04,MarketResult_SEM-DA_PWR-MRC-D+1_20220403100000_20220403114108.csv
2022-04-04T13:00:00Z,1.0,219.92,2022-04-04,MarketResult_SEM-DA_PWR-MRC-D+1_20220403100000_20220403114108.csv
2022-04-04T14:00:00Z,1.0,227.71,2022-04-04,MarketResult_SEM-DA_PWR-MRC-D+1_20220403100000_20220403114108.csv
2022-04-04T15:00:00Z,1.0,236.82,2022-04-04,MarketResult_SEM-DA_PWR-MRC-D+1_20220403100000_20220403114108.csv
2022-04-04T16:00:00Z,1.0,279.78,2022-04-04,MarketResult_SEM-DA_PWR-MRC-D+1_20220403100000_20220403114108.csv
2022-04-04T17:00:00Z,1.0,306.98,2022-04-04,MarketResult_SEM-DA_PWR-MRC-D+1_20220403100000_20220403114108.csv
2022-04-04T18:00:00Z,1.0,311.96,2022-04-04,MarketResult_SEM-DA_PWR-MRC-D+1_20220403100000_20220403114108.csv
2022-04-04T19:00:00Z,1.0,277.78,2022-04-04,MarketResult_SEM-DA_PWR-MRC-D+1_20220403100000_20220403114108.csv
2022-04-04T20:00:00Z,1.0,260.8,2022-04-04,MarketResult_SEM-DA_PWR-MRC-D+1_20220403100000_20220403114108.csv
2022-04-04T21:00:00Z,1.0,189.26,2022-04-04,MarketResult_SEM-DA_PWR-MRC-D+1_20220403100000_20220403114108.csv
2022-04-04T22:00:00Z,1.0,203.7,2022-04-05,MarketResult_SEM-DA_PWR-MRC-D+1_20220404100000_20220404103640.csv
2022-04-04T23:00:00Z,1.0,191.54,2022-04-05,MarketResult_SEM-DA_PWR-MRC-D+1_20220404100000_20220404103640.csv
2022-04-05T00:00:00Z,1.0,191.0,2022-04-05,MarketResult_SEM-DA_PWR-MRC-D+1_20220404100000_20220404103640.csv
2022-04-05T01:00:00Z,1.0,177.0,2022-04-05,MarketResult_SEM-DA_PWR-MRC-D+1_20220404100000_20220404103640.csv
2022-04-05T02:00:00Z,1.0,172.24,2022-04-05,MarketResult_SEM-DA_PWR-MRC-D+1_20220404100000_20220404103640.csv
2022-04-05T03:00:00Z,1.0,172.24,2022-04-05,MarketResult_SEM-DA_PWR-MRC-D+1_20220404100000_20220404103640.csv
2022-04-05T04:00:00Z,1.0,181.0,2022-04-05,MarketResult_SEM-DA_PWR-MRC-D+1_20220404100000_20220404103640.csv
2022-04-05T05:00:00Z,1.0,220.03,2022-04-05,MarketResult_SEM-DA_PWR-MRC-D+1_20220404100000_20220404103640.csv
2022-04-05T06:00:00Z,1.0,263.08,2022-04-05,MarketResult_SEM-DA_PWR-MRC-D+1_20220404100000_20220404103640.csv
2022-04-05T07:00:00Z,1.0,295.0,2022-04-05,MarketResult_SEM-DA_PWR-MRC-D+1_20220404100000_20220404103640.csv
2022-04-05T08:00:00Z,1.0,293.06,2022-04-05,MarketResult_SEM-DA_PWR-MRC-D+1_20220404100000_20220404103640.csv
2022-04-05T09:00:00Z,1.0,269.0,2022-04-05,MarketResult_SEM-DA_PWR-MRC-D+1_20220404100000_20220404103640.csv
2022-04-05T10:00:00Z,1.0,232.22,2022-04-05,MarketResult_SEM-DA_PWR-MRC-D+1_20220404100000_20220404103640.csv
2022-04-05T11:00:00Z,1.0,218.0,2022-04-05,MarketResult_SEM-DA_PWR-MRC-D+1_20220404100000_20220404103640.csv
2022-04-05T12:00:00Z,1.0,200.0,2022-04-05,MarketResult_SEM-DA_PWR-MRC-D+1_20220404100000_20220404103640.csv
2022-04-05T13:00:00Z,1.0,195.1,2022-04-05,MarketResult_SEM-DA_PWR-MRC-D+1_20220404100000_20220404103640.csv
2022-04-05T14:00:00Z,1.0,198.96,2022-04-05,MarketResult_SEM-DA_PWR-MRC-D+1_20220404100000_20220404103640.csv
2022-04-05T15:00:00Z,1.0,202.66,2022-04-05,MarketResult_SEM-DA_PWR-MRC-D+1_20220404100000_20220404103640.csv
2022-04-05T16:00:00Z,1.0,239.7,2022-04-05,MarketResult_SEM-DA_PWR-MRC-D+1_20220404100000_20220404103640.csv
2022-04-05T17:00:00Z,1.0,263.67,2022-04-05,MarketResult_SEM-DA_PWR-MRC-D+1_20220404100000_20220404103640.csv
2022-04-05T18:00:00Z,1.0,253.68,2022-04-05,MarketResult_SEM-DA_PWR-MRC-D+1_20220404100000_20220404103640.csv
2022-04-05T19:00:00Z,1.0,239.88,2022-04-05,MarketResult_SEM-DA_PWR-MRC-D+1_20220404100000_20220404103640.csv
2022-04-05T20:00:00Z,1.0,239.0,2022-04-05,MarketResult_SEM-DA_PWR-MRC-D+1_20220404100000_20220404103640.csv
2022-04-05T21:00:00Z,1.0,202.66,2022-04-05,MarketResult_SEM-DA_PWR-MRC-D+1_20220404100000_20220404103640.csv
2022-04-05T22:00:00Z,1.0,155.0,2022-04-06,MarketResult_SEM-DA_PWR-MRC-D+1_20220405100000_20220405103603.csv
2022-04-05T23:00:00Z,1.0,125.0,2022-04-06,MarketResult_SEM-DA_PWR-MRC-D+1_20220405100000_20220405103603.csv
2022-04-06T00:00:00Z,1.0,125.0,2022-04-06,MarketResult_SEM-DA_PWR-MRC-D+1_20220405100000_20220405103603.csv
2022-04-06T01:00:00Z,1.0,126.0,2022-04-06,MarketResult_SEM-DA_PWR-MRC-D+1_20220405100000_20220405103603.csv
2022-04-06T02:00:00Z,1.0,123.63,2022-04-06,MarketResult_SEM-DA_PWR-MRC-D+1_20220405100000_20220405103603.csv
2022-04-06T03:00:00Z,1.0,126.65,2022-04-06,MarketResult_SEM-DA_PWR-MRC-D+1_20220405100000_20220405103603.csv
2022-04-06T04:00:00Z,1.0,130.78,2022-04-06,MarketResult_SEM-DA_PWR-MRC-D+1_20220405100000_20220405103603.csv
2022-04-06T05:00:00Z,1.0,180.54,2022-04-06,MarketResult_SEM-DA_PWR-MRC-D+1_20220405100000_20220405103603.csv
2022-04-06T06:00:00Z,1.0,218.0,2022-04-06,MarketResult_SEM-DA_PWR-MRC-D+1_20220405100000_20220405103603.csv
2022-04-06T07:00:00Z,1.0,248.61,2022-04-06,MarketResult_SEM-DA_PWR-MRC-D+1_20220405100000_20220405103603.csv
2022-04-06T08:00:00Z,1.0,244.0,2022-04-06,MarketResult_SEM-DA_PWR-MRC-D+1_20220405100000_20220405103603.csv
2022-04-06T09:00:00Z,1.0,230.77,2022-04-06,MarketResult_SEM-DA_PWR-MRC-D+1_20220405100000_20220405103603.csv
2022-04-06T10:00:00Z,1.0,210.55,2022-04-06,MarketResult_SEM-DA_PWR-MRC-D+1_20220405100000_20220405103603.csv
2022-04-06T11:00:00Z,1.0,200.0,2022-04-06,MarketResult_SEM-DA_PWR-MRC-D+1_20220405100000_20220405103603.csv
2022-04-06T12:00:00Z,1.0,180.0,2022-04-06,MarketResult_SEM-DA_PWR-MRC-D+1_20220405100000_20220405103603.csv
2022-04-06T13:00:00Z,1.0,172.24,2022-04-06,MarketResult_SEM-DA_PWR-MRC-D+1_20220405100000_20220405103603.csv
2022-04-06T14:00:00Z,1.0,172.24,2022-04-06,MarketResult_SEM-DA_PWR-MRC-D+1_20220405100000_20220405103603.csv
2022-04-06T15:00:00Z,1.0,180.0,2022-04-06,MarketResult_SEM-DA_PWR-MRC-D+1_20220405100000_20220405103603.csv
2022-04-06T16:00:00Z,1.0,200.87,2022-04-06,MarketResult_SEM-DA_PWR-MRC-D+1_20220405100000_20220405103603.csv
2022-04-06T17:00:00Z,1.0,200.87,2022-04-06,MarketResult_SEM-DA_PWR-MRC-D+1_20220405100000_20220405103603.csv
2022-04-06T18:00:00Z,1.0,204.89,2022-04-06,MarketResult_SEM-DA_PWR-MRC-D+1_20220405100000_20220405103603.csv
2022-04-06T19:00:00Z,1.0,211.0,2022-04-06,MarketResult_SEM-DA_PWR-MRC-D+1_20220405100000_20220405103603.csv
2022-04-06T20:00:00Z,1.0,207.3,2022-04-06,MarketResult_SEM-DA_PWR-MRC-D+1_20220405100000_20220405103603.csv
2022-04-06T21:00:00Z,1.0,182.5,2022-04-06,MarketResult_SEM-DA_PWR-MRC-D+1_20220405100000_20220405103603.csv
2022-04-06T22:00:00Z,1.0,67.0,2022-04-07,MarketResult_SEM-DA_PWR-MRC-D+1_20220406100000_20220406103533.csv
2022-04-06T23:00:00Z,1.0,77.99,2022-04-07,MarketResult_SEM-DA_PWR-MRC-D+1_20220406100000_20220406103533.csv
2022-04-07T00:00:00Z,1.0,75.0,2022-04-07,MarketResult_SEM-DA_PWR-MRC-D+1_20220406100000_20220406103533.csv
2022-04-07T01:00:00Z,1.0,65.0,2022-04-07,MarketResult_SEM-DA_PWR-MRC-D+1_20220406100000_20220406103533.csv
2022-04-07T02:00:00Z,1.0,65.0,2022-04-07,MarketResult_SEM-DA_PWR-MRC-D+1_20220406100000_20220406103533.csv
2022-04-07T03:00:00Z,1.0,64.0,2022-04-07,MarketResult_SEM-DA_PWR-MRC-D+1_20220406100000_20220406103533.csv
2022-04-07T04:00:00Z,1.0,83.9,2022-04-07,MarketResult_SEM-DA_PWR-MRC-D+1_20220406100000_20220406103533.csv
2022-04-07T05:00:00Z,1.0,120.0,2022-04-07,MarketResult_SEM-DA_PWR-MRC-D+1_20220406100000_20220406103533.csv
2022-04-07T06:00:00Z,1.0,222.9,2022-04-07,MarketResult_SEM-DA_PWR-MRC-D+1_20220406100000_20220406103533.csv
2022-04-07T07:00:00Z,1.0,236.8,2022-04-07,MarketResult_SEM-DA_PWR-MRC-D+1_20220406100000_20220406103533.csv
2022-04-07T08:00:00Z,1.0,233.0,2022-04-07,MarketResult_SEM-DA_PWR-MRC-D+1_20220406100000_20220406103533.csv
2022-04-07T09:00:00Z,1.0,220.3,2022-04-07,MarketResult_SEM-DA_PWR-MRC-D+1_20220406100000_20220406103533.csv
2022-04-07T10:00:00Z,1.0,220.0,2022-04-07,MarketResult_SEM-DA_PWR-MRC-D+1_20220406100000_20220406103533.csv
2022-04-07T11:00:00Z,1.0,224.0,2022-04-07,MarketResult_SEM-DA_PWR-MRC-D+1_20220406100000_20220406103533.csv
2022-04-07T12:00:00Z,1.0,219.78,2022-04-07,MarketResult_SEM-DA_PWR-MRC-D+1_20220406100000_20220406103533.csv
2022-04-07T13:00:00Z,1.0,213.06,2022-04-07,MarketResult_SEM-DA_PWR-MRC-D+1_20220406100000_20220406103533.csv
2022-04-07T14:00:00Z,1.0,215.97,2022-04-07,MarketResult_SEM-DA_PWR-MRC-D+1_20220406100000_20220406103533.csv
2022-04-07T15:00:00Z,1.0,229.93,2022-04-07,MarketResult_SEM-DA_PWR-MRC-D+1_20220406100000_20220406103533.csv
2022-04-07T16:00:00Z,1.0,240.16,2022-04-07,MarketResult_SEM-DA_PWR-MRC-D+1_20220406100000_20220406103533.csv
2022-04-07T17:00:00Z,1.0,281.0,2022-04-07,MarketResult_SEM-DA_PWR-MRC-D+1_20220406100000_20220406103533.csv
2022-04-07T18:00:00Z,1.0,335.0,2022-04-07,MarketResult_SEM-DA_PWR-MRC-D+1_20220406100000_20220406103533.csv
2022-04-07T19:00:00Z,1.0,389.0,2022-04-07,MarketResult_SEM-DA_PWR-MRC-D+1_20220406100000_20220406103533.csv
2022-04-07T20:00:00Z,1.0,420.0,2022-04-07,MarketResult_SEM-DA_PWR-MRC-D+1_20220406100000_20220406103533.csv
2022-04-07T21:00:00Z,1.0,500.0,2022-04-07,MarketResult_SEM-DA_PWR-MRC-D+1_20220406100000_20220406103533.csv
2022-04-07T22:00:00Z,1.0,280.07,2022-04-08,MarketResult_SEM-DA_PWR-MRC-D+1_20220407100000_20220407103438.csv
2022-04-07T23:00:00Z,1.0,280.0,2022-04-08,MarketResult_SEM-DA_PWR-MRC-D+1_20220407100000_20220407103438.csv
2022-04-08T00:00:00Z,1.0,271.32,2022-04-08,MarketResult_SEM-DA_PWR-MRC-D+1_20220407100000_20220407103438.csv
2022-04-08T01:00:00Z,1.0,263.02,2022-04-08,MarketResult_SEM-DA_PWR-MRC-D+1_20220407100000_20220407103438.csv
2022-04-08T02:00:00Z,1.0,246.63,2022-04-08,MarketResult_SEM-DA_PWR-MRC-D+1_20220407100000_20220407103438.csv
2022-04-08T03:00:00Z,1.0,247.0,2022-04-08,MarketResult_SEM-DA_PWR-MRC-D+1_20220407100000_20220407103438.csv
2022-04-08T04:00:00Z,1.0,251.3,2022-04-08,MarketResult_SEM-DA_PWR-MRC-D+1_20220407100000_20220407103438.csv
2022-04-08T05:00:00Z,1.0,263.02,2022-04-08,MarketResult_SEM-DA_PWR-MRC-D+1_20220407100000_20220407103438.csv
2022-04-08T06:00:00Z,1.0,317.4,2022-04-08,MarketResult_SEM-DA_PWR-MRC-D+1_20220407100000_20220407103438.csv
2022-04-08T07:00:00Z,1.0,343.0,2022-04-08,MarketResult_SEM-DA_PWR-MRC-D+1_20220407100000_20220407103438.csv
2022-04-08T08:00:00Z,1.0,320.0,2022-04-08,MarketResult_SEM-DA_PWR-MRC-D+1_20220407100000_20220407103438.csv
2022-04-08T09:00:00Z,1.0,295.64,2022-04-08,MarketResult_SEM-DA_PWR-MRC-D+1_20220407100000_20220407103438.csv
2022-04-08T10:00:00Z,1.0,273.3,2022-04-08,MarketResult_SEM-DA_PWR-MRC-D+1_20220407100000_20220407103438.csv
2022-04-08T11:00:00Z,1.0,265.28,2022-04-08,MarketResult_SEM-DA_PWR-MRC-D+1_20220407100000_20220407103438.csv
2022-04-08T12:00:00Z,1.0,238.2,2022-04-08,MarketResult_SEM-DA_PWR-MRC-D+1_20220407100000_20220407103438.csv
2022-04-08T13:00:00Z,1.0,220.28,2022-04-08,MarketResult_SEM-DA_PWR-MRC-D+1_20220407100000_20220407103438.csv
2022-04-08T14:00:00Z,1.0,218.9,2022-04-08,MarketResult_SEM-DA_PWR-MRC-D+1_20220407100000_20220407103438.csv
2022-04-08T15:00:00Z,1.0,224.0,2022-04-08,MarketResult_SEM-DA_PWR-MRC-D+1_20220407100000_20220407103438.csv
2022-04-08T16:00:00Z,1.0,239.73,2022-04-08,MarketResult_SEM-DA_PWR-MRC-D+1_20220407100000_20220407103438.csv
2022-04-08T17:00:00Z,1.0,263.57,2022-04-08,MarketResult_SEM-DA_PWR-MRC-D+1_20220407100000_20220407103438.csv
2022-04-08T18:00:00Z,1.0,281.0,2022-04-08,MarketResult_SEM-DA_PWR-MRC-D+1_20220407100000_20220407103438.csv
2022-04-08T19:00:00Z,1.0,289.0,2022-04-08,MarketResult_SEM-DA_PWR-MRC-D+1_20220407100000_20220407103438.csv
2022-04-08T20:00:00Z,1.0,282.15,2022-04-08,MarketResult_SEM-DA_PWR-MRC-D+1_20220407100000_20220407103438.csv
2022-04-08T21:00:00Z,1.0,251.78,2022-04-08,MarketResult_SEM-DA_PWR-MRC-D+1_20220407100000_20220407103438.csv
2022-04-08T22:00:00Z,1.0,266.84,2022-04-09,MarketResult_SEM-DA_PWR-MRC-D+1_20220408100000_20220408104001.csv
2022-04-08T23:00:00Z,1.0,255.0,2022-04-09,MarketResult_SEM-DA_PWR-MRC-D+1_20220408100000_20220408104001.csv
2022-04-09T00:00:00Z,1.0,248.24,2022-04-09,MarketResult_SEM-DA_PWR-MRC-D+1_20220408100000_20220408104001.csv
2022-04-09T01:00:00Z,1.0,240.12,2022-04-09,MarketResult_SEM-DA_PWR-MRC-D+1_20220408100000_20220408104001.csv
2022-04-09T02:00:00Z,1.0,239.11,2022-04-09,MarketResult_SEM-DA_PWR-MRC-D+1_20220408100000_20220408104001.csv
2022-04-09T03:00:00Z,1.0,240.12,2022-04-09,MarketResult_SEM-DA_PWR-MRC-D+1_20220408100000_20220408104001.csv
2022-04-09T04:00:00Z,1.0,239.11,2022-04-09,MarketResult_SEM-DA_PWR-MRC-D+1_20220408100000_20220408104001.csv
2022-04-09T05:00:00Z,1.0,251.8,2022-04-09,MarketResult_SEM-DA_PWR-MRC-D+1_20220408100000_20220408104001.csv
2022-04-09T06:00:00Z,1.0,264.09,2022-04-09,MarketResult_SEM-DA_PWR-MRC-D+1_20220408100000_20220408104001.csv
2022-04-09T07:00:00Z,1.0,304.0,2022-04-09,MarketResult_SEM-DA_PWR-MRC-D+1_20220408100000_20220408104001.csv
2022-04-09T08:00:00Z,1.0,343.0,2022-04-09,MarketResult_SEM-DA_PWR-MRC-D+1_20220408100000_20220408104001.csv
2022-04-09T09:00:00Z,1.0,345.49,2022-04-09,MarketResult_SEM-DA_PWR-MRC-D+1_20220408100000_20220408104001.csv
2022-04-09T10:00:00Z,1.0,308.68,2022-04-09,MarketResult_SEM-DA_PWR-MRC-D+1_20220408100000_20220408104001.csv
2022-04-09T11:00:00Z,1.0,297.77,2022-04-09,MarketResult_SEM-DA_PWR-MRC-D+1_20220408100000_20220408104001.csv
2022-04-09T12:00:00Z,1.0,279.67,2022-04-09,MarketResult_SEM-DA_PWR-MRC-D+1_20220408100000_20220408104001.csv
2022-04-09T13:00:00Z,1.0,264.88,2022-04-09,MarketResult_SEM-DA_PWR-MRC-D+1_20220408100000_20220408104001.csv
2022-04-09T14:00:00Z,1.0,256.58,2022-04-09,MarketResult_SEM-DA_PWR-MRC-D+1_20220408100000_20220408104001.csv
2022-04-09T15:00:00Z,1.0,264.76,2022-04-09,MarketResult_SEM-DA_PWR-MRC-D+1_20220408100000_20220408104001.csv
2022-04-09T16:00:00Z,1.0,266.9,2022-04-09,MarketResult_SEM-DA_PWR-MRC-D+1_20220408100000_20220408104001.csv
2022-04-09T17:00:00Z,1.0,286.0,2022-04-09,MarketResult_SEM-DA_PWR-MRC-D+1_20220408100000_20220408104001.csv
2022-04-09T18:00:00Z,1.0,293.59,2022-04-09,MarketResult_SEM-DA_PWR-MRC-D+1_20220408100000_20220408104001.csv
2022-04-09T19:00:00Z,1.0,306.36,2022-04-09,MarketResult_SEM-DA_PWR-MRC-D+1_20220408100000_20220408104001.csv
2022-04-09T20:00:00Z,1.0,279.55,2022-04-09,MarketResult_SEM-DA_PWR-MRC-D+1_20220408100000_20220408104001.csv
2022-04-09T21:00:00Z,1.0,265.43,2022-04-09,MarketResult_SEM-DA_PWR-MRC-D+1_20220408100000_20220408104001.csv
2022-04-09T22:00:00Z,1.0,276.0,2022-04-10,MarketResult_SEM-DA_PWR-MRC-D+1_20220409100000_20220409103516.csv
2022-04-09T23:00:00Z,1.0,253.0,2022-04-10,MarketResult_SEM-DA_PWR-MRC-D+1_20220409100000_20220409103516.csv
2022-04-10T00:00:00Z,1.0,232.16,2022-04-10,MarketResult_SEM-DA_PWR-MRC-D+1_20220409100000_20220409103516.csv
2022-04-10T01:00:00Z,1.0,223.95,2022-04-10,MarketResult_SEM-DA_PWR-MRC-D+1_20220409100000_20220409103516.csv
2022-04-10T02:00:00Z,1.0,208.95,2022-04-10,MarketResult_SEM-DA_PWR-MRC-D+1_20220409100000_20220409103516.csv
2022-04-10T03:00:00Z,1.0,206.13,2022-04-10,MarketResult_SEM-DA_PWR-MRC-D+1_20220409100000_20220409103516.csv
2022-04-10T04:00:00Z,1.0,180.52,2022-04-10,MarketResult_SEM-DA_PWR-MRC-D+1_20220409100000_20220409103516.csv
2022-04-10T05:00:00Z,1.0,177.63,2022-04-10,MarketResult_SEM-DA_PWR-MRC-D+1_20220409100000_20220409103516.csv
2022-04-10T06:00:00Z,1.0,189.0,2022-04-10,MarketResult_SEM-DA_PWR-MRC-D+1_20220409100000_20220409103516.csv
2022-04-10T07:00:00Z,1.0,218.42,2022-04-10,MarketResult_SEM-DA_PWR-MRC-D+1_20220409100000_20220409103516.csv
2022-04-10T08:00:00Z,1.0,224.41,2022-04-10,MarketResult_SEM-DA_PWR-MRC-D+1_20220409100000_20220409103516.csv
2022-04-10T09:00:00Z,1.0,225.98,2022-04-10,MarketResult_SEM-DA_PWR-MRC-D+1_20220409100000_20220409103516.csv
2022-04-10T10:00:00Z,1.0,221.78,2022-04-10,MarketResult_SEM-DA_PWR-MRC-D+1_20220409100000_20220409103516.csv
2022-04-10T11:00:00Z,1.0,215.5,2022-04-10,MarketResult_SEM-DA_PWR-MRC-D+1_20220409100000_20220409103516.csv
2022-04-10T12:00:00Z,1.0,177.63,2022-04-10,MarketResult_SEM-DA_PWR-MRC-D+1_20220409100000_20220409103516.csv
2022-04-10T13:00:00Z,1.0,169.0,2022-04-10,MarketResult_SEM-DA_PWR-MRC-D+1_20220409100000_20220409103516.csv
2022-04-10T14:00:00Z,1.0,163.21,2022-04-10,MarketResult_SEM-DA_PWR-MRC-D+1_20220409100000_20220409103516.csv
2022-04-10T15:00:00Z,1.0,176.4,2022-04-10,MarketResult_SEM-DA_PWR-MRC-D+1_20220409100000_20220409103516.csv
2022-04-10T16:00:00Z,1.0,200.0,2022-04-10,MarketResult_SEM-DA_PWR-MRC-D+1_20220409100000_20220409103516.csv
2022-04-10T17:00:00Z,1.0,210.0,2022-04-10,MarketResult_SEM-DA_PWR-MRC-D+1_20220409100000_20220409103516.csv
2022-04-10T18:00:00Z,1.0,177.63,2022-04-10,MarketResult_SEM-DA_PWR-MRC-D+1_20220409100000_20220409103516.csv
2022-04-10T19:00:00Z,1.0,176.4,2022-04-10,MarketResult_SEM-DA_PWR-MRC-D+1_20220409100000_20220409103516.csv
2022-04-10T20:00:00Z,1.0,155.0,2022-04-10,MarketResult_SEM-DA_PWR-MRC-D+1_20220409100000_20220409103516.csv
2022-04-10T21:00:00Z,1.0,100.0,2022-04-10,MarketResult_SEM-DA_PWR-MRC-D+1_20220409100000_20220409103516.csv
2022-04-10T22:00:00Z,1.0,0.0,2022-04-11,MarketResult_SEM-DA_PWR-MRC-D+1_20220410100000_20220410103607.csv
2022-04-10T23:00:00Z,1.0,0.0,2022-04-11,MarketResult_SEM-DA_PWR-MRC-D+1_20220410100000_20220410103607.csv
2022-04-11T00:00:00Z,1.0,0.0,2022-04-11,MarketResult_SEM-DA_PWR-MRC-D+1_20220410100000_20220410103607.csv
2022-04-11T01:00:00Z,1.0,0.0,2022-04-11,MarketResult_SEM-DA_PWR-MRC-D+1_20220410100000_20220410103607.csv
2022-04-11T02:00:00Z,1.0,0.0,2022-04-11,MarketResult_SEM-DA_PWR-MRC-D+1_20220410100000_20220410103607.csv
2022-04-11T03:00:00Z,1.0,0.0,2022-04-11,MarketResult_SEM-DA_PWR-MRC-D+1_20220410100000_20220410103607.csv
2022-04-11T04:00:00Z,1.0,0.0,2022-04-11,MarketResult_SEM-DA_PWR-MRC-D+1_20220410100000_20220410103607.csv
2022-04-11T05:00:00Z,1.0,60.0,2022-04-11,MarketResult_SEM-DA_PWR-MRC-D+1_20220410100000_20220410103607.csv
2022-04-11T06:00:00Z,1.0,180.0,2022-04-11,MarketResult_SEM-DA_PWR-MRC-D+1_20220410100000_20220410103607.csv
2022-04-11T07:00:00Z,1.0,240.0,2022-04-11,MarketResult_SEM-DA_PWR-MRC-D+1_20220410100000_20220410103607.csv
2022-04-11T08:00:00Z,1.0,234.0,2022-04-11,MarketResult_SEM-DA_PWR-MRC-D+1_20220410100000_20220410103607.csv
2022-04-11T09:00:00Z,1.0,217.0,2022-04-11,MarketResult_SEM-DA_PWR-MRC-D+1_20220410100000_20220410103607.csv
2022-04-11T10:00:00Z,1.0,227.17,2022-04-11,MarketResult_SEM-DA_PWR-MRC-D+1_20220410100000_20220410103607.csv
2022-04-11T11:00:00Z,1.0,213.01,2022-04-11,MarketResult_SEM-DA_PWR-MRC-D+1_20220410100000_20220410103607.csv
2022-04-11T12:00:00Z,1.0,198.0,2022-04-11,MarketResult_SEM-DA_PWR-MRC-D+1_20220410100000_20220410103607.csv
2022-04-11T13:00:00Z,1.0,192.6,2022-04-11,MarketResult_SEM-DA_PWR-MRC-D+1_20220410100000_20220410103607.csv
2022-04-11T14:00:00Z,1.0,207.0,2022-04-11,MarketResult_SEM-DA_PWR-MRC-D+1_20220410100000_20220410103607.csv
2022-04-11T15:00:00Z,1.0,233.68,2022-04-11,MarketResult_SEM-DA_PWR-MRC-D+1_20220410100000_20220410103607.csv
2022-04-11T16:00:00Z,1.0,257.0,2022-04-11,MarketResult_SEM-DA_PWR-MRC-D+1_20220410100000_20220410103607.csv
2022-04-11T17:00:00Z,1.0,286.21,2022-04-11,MarketResult_SEM-DA_PWR-MRC-D+1_20220410100000_20220410103607.csv
2022-04-11T18:00:00Z,1.0,279.61,2022-04-11,MarketResult_SEM-DA_PWR-MRC-D+1_20220410100000_20220410103607.csv
2022-04-11T19:00:00Z,1.0,264.78,2022-04-11,MarketResult_SEM-DA_PWR-MRC-D+1_20220410100000_20220410103607.csv
2022-04-11T20:00:00Z,1.0,250.0,2022-04-11,MarketResult_SEM-DA_PWR-MRC-D+1_20220410100000_20220410103607.csv
2022-04-11T21:00:00Z,1.0,220.0,2022-04-11,MarketResult_SEM-DA_PWR-MRC-D+1_20220410100000_20220410103607.csv
2022-04-11T22:00:00Z,1.0,221.78,2022-04-12,MarketResult_SEM-DA_PWR-MRC-D+1_20220411100000_20220411103557.csv
2022-04-11T23:00:00Z,1.0,210.11,2022-04-12,MarketResult_SEM-DA_PWR-MRC-D+1_20220411100000_20220411103557.csv
2022-04-12T00:00:00Z,1.0,220.0,2022-04-12,MarketResult_SEM-DA_PWR-MRC-D+1_20220411100000_20220411103557.csv
2022-04-12T01:00:00Z,1.0,220.83,2022-04-12,MarketResult_SEM-DA_PWR-MRC-D+1_20220411100000_20220411103557.csv
2022-04-12T02:00:00Z,1.0,224.79,2022-04-12,MarketResult_SEM-DA_PWR-MRC-D+1_20220411100000_20220411103557.csv
2022-04-12T03:00:00Z,1.0,235.0,2022-04-12,MarketResult_SEM-DA_PWR-MRC-D+1_20220411100000_20220411103557.csv
2022-04-12T04:00:00Z,1.0,250.0,2022-04-12,MarketResult_SEM-DA_PWR-MRC-D+1_20220411100000_20220411103557.csv
2022-04-12T05:00:00Z,1.0,252.85,2022-04-12,MarketResult_SEM-DA_PWR-MRC-D+1_20220411100000_20220411103557.csv
2022-04-12T06:00:00Z,1.0,255.82,2022-04-12,MarketResult_SEM-DA_PWR-MRC-D+1_20220411100000_20220411103557.csv
2022-04-12T07:00:00Z,1.0,296.82,2022-04-12,MarketResult_SEM-DA_PWR-MRC-D+1_20220411100000_20220411103557.csv
2022-04-12T08:00:00Z,1.0,298.78,2022-04-12,MarketResult_SEM-DA_PWR-MRC-D+1_20220411100000_20220411103557.csv
2022-04-12T09:00:00Z,1.0,309.5,2022-04-12,MarketResult_SEM-DA_PWR-MRC-D+1_20220411100000_20220411103557.csv
2022-04-12T10:00:00Z,1.0,330.94,2022-04-12,MarketResult_SEM-DA_PWR-MRC-D+1_20220411100000_20220411103557.csv
2022-04-12T11:00:00Z,1.0,302.15,2022-04-12,MarketResult_SEM-DA_PWR-MRC-D+1_20220411100000_20220411103557.csv
2022-04-12T12:00:00Z,1.0,302.15,2022-04-12,MarketResult_SEM-DA_PWR-MRC-D+1_20220411100000_20220411103557.csv
2022-04-12T13:00:00Z,1.0,289.25,2022-04-12,MarketResult_SEM-DA_PWR-MRC-D+1_20220411100000_20220411103557.csv
2022-04-12T14:00:00Z,1.0,293.2,2022-04-12,MarketResult_SEM-DA_PWR-MRC-D+1_20220411100000_20220411103557.csv
2022-04-12T15:00:00Z,1.0,330.0,2022-04-12,MarketResult_SEM-DA_PWR-MRC-D+1_20220411100000_20220411103557.csv
2022-04-12T16:00:00Z,1.0,365.76,2022-04-12,MarketResult_SEM-DA_PWR-MRC-D+1_20220411100000_20220411103557.csv
2022-04-12T17:00:00Z,1.0,350.0,2022-04-12,MarketResult_SEM-DA_PWR-MRC-D+1_20220411100000_20220411103557.csv
2022-04-12T18:00:00Z,1.0,325.0,2022-04-12,MarketResult_SEM-DA_PWR-MRC-D+1_20220411100000_20220411103557.csv
2022-04-12T19:00:00Z,1.0,310.14,2022-04-12,MarketResult_SEM-DA_PWR-MRC-D+1_20220411100000_20220411103557.csv
2022-04-12T20:00:00Z,1.0,290.62,2022-04-12,MarketResult_SEM-DA_PWR-MRC-D+1_20220411100000_20220411103557.csv
2022-04-12T21:00:00Z,1.0,243.34,2022-04-12,MarketResult_SEM-DA_PWR-MRC-D+1_20220411100000_20220411103557.csv
2022-04-12T22:00:00Z,1.0,244.4,2022-04-13,MarketResult_SEM-DA_PWR-MRC-D+1_20220412100000_20220412103654.csv
2022-04-12T23:00:00Z,1.0,233.62,2022-04-13,MarketResult_SEM-DA_PWR-MRC-D+1_20220412100000_20220412103654.csv
2022-04-13T00:00:00Z,1.0,227.9,2022-04-13,MarketResult_SEM-DA_PWR-MRC-D+1_20220412100000_20220412103654.csv
2022-04-13T01:00:00Z,1.0,225.99,2022-04-13,MarketResult_SEM-DA_PWR-MRC-D+1_20220412100000_20220412103654.csv
2022-04-13T02:00:00Z,1.0,224.58,2022-04-13,MarketResult_SEM-DA_PWR-MRC-D+1_20220412100000_20220412103654.csv
2022-04-13T03:00:00Z,1.0,225.0,2022-04-13,MarketResult_SEM-DA_PWR-MRC-D+1_20220412100000_20220412103654.csv
2022-04-13T04:00:00Z,1.0,228.73,2022-04-13,MarketResult_SEM-DA_PWR-MRC-D+1_20220412100000_20220412103654.csv
2022-04-13T05:00:00Z,1.0,238.8,2022-04-13,MarketResult_SEM-DA_PWR-MRC-D+1_20220412100000_20220412103654.csv
2022-04-13T06:00:00Z,1.0,279.8,2022-04-13,MarketResult_SEM-DA_PWR-MRC-D+1_20220412100000_20220412103654.csv
2022-04-13T07:00:00Z,1.0,367.0,2022-04-13,MarketResult_SEM-DA_PWR-MRC-D+1_20220412100000_20220412103654.csv
2022-04-13T08:00:00Z,1.0,378.06,2022-04-13,MarketResult_SEM-DA_PWR-MRC-D+1_20220412100000_20220412103654.csv
2022-04-13T09:00:00Z,1.0,379.21,2022-04-13,MarketResult_SEM-DA_PWR-MRC-D+1_20220412100000_20220412103654.csv
2022-04-13T10:00:00Z,1.0,367.0,2022-04-13,MarketResult_SEM-DA_PWR-MRC-D+1_20220412100000_20220412103654.csv
2022-04-13T11:00:00Z,1.0,343.12,2022-04-13,MarketResult_SEM-DA_PWR-MRC-D+1_20220412100000_20220412103654.csv
2022-04-13T12:00:00Z,1.0,299.0,2022-04-13,MarketResult_SEM-DA_PWR-MRC-D+1_20220412100000_20220412103654.csv
2022-04-13T13:00:00Z,1.0,275.0,2022-04-13,MarketResult_SEM-DA_PWR-MRC-D+1_20220412100000_20220412103654.csv
2022-04-13T14:00:00Z,1.0,265.11,2022-04-13,MarketResult_SEM-DA_PWR-MRC-D+1_20220412100000_20220412103654.csv
2022-04-13T15:00:00Z,1.0,272.06,2022-04-13,MarketResult_SEM-DA_PWR-MRC-D+1_20220412100000_20220412103654.csv
2022-04-13T16:00:00Z,1.0,320.7,2022-04-13,MarketResult_SEM-DA_PWR-MRC-D+1_20220412100000_20220412103654.csv
2022-04-13T17:00:00Z,1.0,320.42,2022-04-13,MarketResult_SEM-DA_PWR-MRC-D+1_20220412100000_20220412103654.csv
2022-04-13T18:00:00Z,1.0,318.57,2022-04-13,MarketResult_SEM-DA_PWR-MRC-D+1_20220412100000_20220412103654.csv
2022-04-13T19:00:00Z,1.0,299.57,2022-04-13,MarketResult_SEM-DA_PWR-MRC-D+1_20220412100000_20220412103654.csv
2022-04-13T20:00:00Z,1.0,270.0,2022-04-13,MarketResult_SEM-DA_PWR-MRC-D+1_20220412100000_20220412103654.csv
2022-04-13T21:00:00Z,1.0,240.2,2022-04-13,MarketResult_SEM-DA_PWR-MRC-D+1_20220412100000_20220412103654.csv
2022-04-13T22:00:00Z,1.0,217.0,2022-04-14,MarketResult_SEM-DA_PWR-MRC-D+1_20220413100000_20220413104043.csv
2022-04-13T23:00:00Z,1.0,206.91,2022-04-14,MarketResult_SEM-DA_PWR-MRC-D+1_20220413100000_20220413104043.csv
2022-04-14T00:00:00Z,1.0,199.1,2022-04-14,MarketResult_SEM-DA_PWR-MRC-D+1_20220413100000_20220413104043.csv
2022-04-14T01:00:00Z,1.0,193.26,2022-04-14,MarketResult_SEM-DA_PWR-MRC-D+1_20220413100000_20220413104043.csv
2022-04-14T02:00:00Z,1.0,192.5,2022-04-14,MarketResult_SEM-DA_PWR-MRC-D+1_20220413100000_20220413104043.csv
2022-04-14T03:00:00Z,1.0,193.26,2022-04-14,MarketResult_SEM-DA_PWR-MRC-D+1_20220413100000_20220413104043.csv
2022-04-14T04:00:00Z,1.0,200.79,2022-04-14,MarketResult_SEM-DA_PWR-MRC-D+1_20220413100000_20220413104043.csv
2022-04-14T05:00:00Z,1.0,203.09,2022-04-14,MarketResult_SEM-DA_PWR-MRC-D+1_20220413100000_20220413104043.csv
2022-04-14T06:00:00Z,1.0,260.0,2022-04-14,MarketResult_SEM-DA_PWR-MRC-D+1_20220413100000_20220413104043.csv
2022-04-14T07:00:00Z,1.0,285.4,2022-04-14,MarketResult_SEM-DA_PWR-MRC-D+1_20220413100000_20220413104043.csv
2022-04-14T08:00:00Z,1.0,258.06,2022-04-14,MarketResult_SEM-DA_PWR-MRC-D+1_20220413100000_20220413104043.csv
2022-04-14T09:00:00Z,1.0,234.0,2022-04-14,MarketResult_SEM-DA_PWR-MRC-D+1_20220413100000_20220413104043.csv
2022-04-14T10:00:00Z,1.0,213.0,2022-04-14,MarketResult_SEM-DA_PWR-MRC-D+1_20220413100000_20220413104043.csv
2022-04-14T11:00:00Z,1.0,201.61,2022-04-14,MarketResult_SEM-DA_PWR-MRC-D+1_20220413100000_20220413104043.csv
2022-04-14T12:00:00Z,1.0,195.0,2022-04-14,MarketResult_SEM-DA_PWR-MRC-D+1_20220413100000_20220413104043.csv
2022-04-14T13:00:00Z,1.0,192.87,2022-04-14,MarketResult_SEM-DA_PWR-MRC-D+1_20220413100000_20220413104043.csv
2022-04-14T14:00:00Z,1.0,195.0,2022-04-14,MarketResult_SEM-DA_PWR-MRC-D+1_20220413100000_20220413104043.csv
2022-04-14T15:00:00Z,1.0,211.48,2022-04-14,MarketResult_SEM-DA_PWR-MRC-D+1_20220413100000_20220413104043.csv
2022-04-14T16:00:00Z,1.0,244.72,2022-04-14,MarketResult_SEM-DA_PWR-MRC-D+1_20220413100000_20220413104043.csv
2022-04-14T17:00:00Z,1.0,279.0,2022-04-14,MarketResult_SEM-DA_PWR-MRC-D+1_20220413100000_20220413104043.csv
2022-04-14T18:00:00Z,1.0,278.0,2022-04-14,MarketResult_SEM-DA_PWR-MRC-D+1_20220413100000_20220413104043.csv
2022-04-14T19:00:00Z,1.0,265.84,2022-04-14,MarketResult_SEM-DA_PWR-MRC-D+1_20220413100000_20220413104043.csv
2022-04-14T20:00:00Z,1.0,247.61,2022-04-14,MarketResult_SEM-DA_PWR-MRC-D+1_20220413100000_20220413104043.csv
2022-04-14T21:00:00Z,1.0,216.87,2022-04-14,MarketResult_SEM-DA_PWR-MRC-D+1_20220413100000_20220413104043.csv
2022-04-14T22:00:00Z,1.0,195.13,2022-04-15,MarketResult_SEM-DA_PWR-MRC-D+1_20220414100000_20220414103613.csv
2022-04-14T23:00:00Z,1.0,181.74,2022-04-15,MarketResult_SEM-DA_PWR-MRC-D+1_20220414100000_20220414103613.csv
2022-04-15T00:00:00Z,1.0,175.2,2022-04-15,MarketResult_SEM-DA_PWR-MRC-D+1_20220414100000_20220414103613.csv
2022-04-15T01:00:00Z,1.0,169.2,2022-04-15,MarketResult_SEM-DA_PWR-MRC-D+1_20220414100000_20220414103613.csv
2022-04-15T02:00:00Z,1.0,167.87,2022-04-15,MarketResult_SEM-DA_PWR-MRC-D+1_20220414100000_20220414103613.csv
2022-04-15T03:00:00Z,1.0,170.9,2022-04-15,MarketResult_SEM-DA_PWR-MRC-D+1_20220414100000_20220414103613.csv
2022-04-15T04:00:00Z,1.0,190.66,2022-04-15,MarketResult_SEM-DA_PWR-MRC-D+1_20220414100000_20220414103613.csv
2022-04-15T05:00:00Z,1.0,195.43,2022-04-15,MarketResult_SEM-DA_PWR-MRC-D+1_20220414100000_20220414103613.csv
2022-04-15T06:00:00Z,1.0,232.77,2022-04-15,MarketResult_SEM-DA_PWR-MRC-D+1_20220414100000_20220414103613.csv
2022-04-15T07:00:00Z,1.0,238.71,2022-04-15,MarketResult_SEM-DA_PWR-MRC-D+1_20220414100000_20220414103613.csv
2022-04-15T08:00:00Z,1.0,226.0,2022-04-15,MarketResult_SEM-DA_PWR-MRC-D+1_20220414100000_20220414103613.csv
2022-04-15T09:00:00Z,1.0,230.94,2022-04-15,MarketResult_SEM-DA_PWR-MRC-D+1_20220414100000_20220414103613.csv
2022-04-15T10:00:00Z,1.0,207.46,2022-04-15,MarketResult_SEM-DA_PWR-MRC-D+1_20220414100000_20220414103613.csv
2022-04-15T11:00:00Z,1.0,207.46,2022-04-15,MarketResult_SEM-DA_PWR-MRC-D+1_20220414100000_20220414103613.csv
2022-04-15T12:00:00Z,1.0,202.9,2022-04-15,MarketResult_SEM-DA_PWR-MRC-D+1_20220414100000_20220414103613.csv
2022-04-15T13:00:00Z,1.0,195.0,2022-04-15,MarketResult_SEM-DA_PWR-MRC-D+1_20220414100000_20220414103613.csv
2022-04-15T14:00:00Z,1.0,185.88,2022-04-15,MarketResult_SEM-DA_PWR-MRC-D+1_20220414100000_20220414103613.csv
2022-04-15T15:00:00Z,1.0,195.32,2022-04-15,MarketResult_SEM-DA_PWR-MRC-D+1_20220414100000_20220414103613.csv
2022-04-15T16:00:00Z,1.0,219.0,2022-04-15,MarketResult_SEM-DA_PWR-MRC-D+1_20220414100000_20220414103613.csv
2022-04-15T17:00:00Z,1.0,247.0,2022-04-15,MarketResult_SEM-DA_PWR-MRC-D+1_20220414100000_20220414103613.csv
2022-04-15T18:00:00Z,1.0,245.0,2022-04-15,MarketResult_SEM-DA_PWR-MRC-D+1_20220414100000_20220414103613.csv
2022-04-15T19:00:00Z,1.0,241.64,2022-04-15,MarketResult_SEM-DA_PWR-MRC-D+1_20220414100000_20220414103613.csv
2022-04-15T20:00:00Z,1.0,226.5,2022-04-15,MarketResult_SEM-DA_PWR-MRC-D+1_20220414100000_20220414103613.csv
2022-04-15T21:00:00Z,1.0,195.44,2022-04-15,MarketResult_SEM-DA_PWR-MRC-D+1_20220414100000_20220414103613.csv
2022-04-15T22:00:00Z,1.0,199.7,2022-04-16,MarketResult_SEM-DA_PWR-MRC-D+1_20220415100000_20220415103651.csv
2022-04-15T23:00:00Z,1.0,181.04,2022-04-16,MarketResult_SEM-DA_PWR-MRC-D+1_20220415100000_20220415103651.csv
2022-04-16T00:00:00Z,1.0,148.25,2022-04-16,MarketResult_SEM-DA_PWR-MRC-D+1_20220415100000_20220415103651.csv
2022-04-16T01:00:00Z,1.0,143.73,2022-04-16,MarketResult_SEM-DA_PWR-MRC-D+1_20220415100000_20220415103651.csv
2022-04-16T02:00:00Z,1.0,135.63,2022-04-16,MarketResult_SEM-DA_PWR-MRC-D+1_20220415100000_20220415103651.csv
2022-04-16T03:00:00Z,1.0,132.38,2022-04-16,MarketResult_SEM-DA_PWR-MRC-D+1_20220415100000_20220415103651.csv
2022-04-16T04:00:00Z,1.0,139.0,2022-04-16,MarketResult_SEM-DA_PWR-MRC-D+1_20220415100000_20220415103651.csv
2022-04-16T05:00:00Z,1.0,136.0,2022-04-16,MarketResult_SEM-DA_PWR-MRC-D+1_20220415100000_20220415103651.csv
2022-04-16T06:00:00Z,1.0,152.32,2022-04-16,MarketResult_SEM-DA_PWR-MRC-D+1_20220415100000_20220415103651.csv
2022-04-16T07:00:00Z,1.0,156.54,2022-04-16,MarketResult_SEM-DA_PWR-MRC-D+1_20220415100000_20220415103651.csv
2022-04-16T08:00:00Z,1.0,149.02,2022-04-16,MarketResult_SEM-DA_PWR-MRC-D+1_20220415100000_20220415103651.csv
2022-04-16T09:00:00Z,1.0,127.8,2022-04-16,MarketResult_SEM-DA_PWR-MRC-D+1_20220415100000_20220415103651.csv
2022-04-16T10:00:00Z,1.0,123.94,2022-04-16,MarketResult_SEM-DA_PWR-MRC-D+1_20220415100000_20220415103651.csv
2022-04-16T11:00:00Z,1.0,94.85,2022-04-16,MarketResult_SEM-DA_PWR-MRC-D+1_20220415100000_20220415103651.csv
2022-04-16T12:00:00Z,1.0,83.7,2022-04-16,MarketResult_SEM-DA_PWR-MRC-D+1_20220415100000_20220415103651.csv
2022-04-16T13:00:00Z,1.0,79.5,2022-04-16,MarketResult_SEM-DA_PWR-MRC-D+1_20220415100000_20220415103651.csv
2022-04-16T14:00:00Z,1.0,84.01,2022-04-16,MarketResult_SEM-DA_PWR-MRC-D+1_20220415100000_20220415103651.csv
2022-04-16T15:00:00Z,1.0,114.0,2022-04-16,MarketResult_SEM-DA_PWR-MRC-D+1_20220415100000_20220415103651.csv
2022-04-16T16:00:00Z,1.0,142.05,2022-04-16,MarketResult_SEM-DA_PWR-MRC-D+1_20220415100000_20220415103651.csv
2022-04-16T17:00:00Z,1.0,155.73,2022-04-16,MarketResult_SEM-DA_PWR-MRC-D+1_20220415100000_20220415103651.csv
2022-04-16T18:00:00Z,1.0,156.54,2022-04-16,MarketResult_SEM-DA_PWR-MRC-D+1_20220415100000_20220415103651.csv
2022-04-16T19:00:00Z,1.0,156.54,2022-04-16,MarketResult_SEM-DA_PWR-MRC-D+1_20220415100000_20220415103651.csv
2022-04-16T20:00:00Z,1.0,152.32,2022-04-16,MarketResult_SEM-DA_PWR-MRC-D+1_20220415100000_20220415103651.csv
2022-04-16T21:00:00Z,1.0,142.48,2022-04-16,MarketResult_SEM-DA_PWR-MRC-D+1_20220415100000_20220415103651.csv
2022-04-16T22:00:00Z,1.0,159.96,2022-04-17,MarketResult_SEM-DA_PWR-MRC-D+1_20220416100000_20220416103605.csv
2022-04-16T23:00:00Z,1.0,151.12,2022-04-17,MarketResult_SEM-DA_PWR-MRC-D+1_20220416100000_20220416103605.csv
2022-04-17T00:00:00Z,1.0,144.11,2022-04-17,MarketResult_SEM-DA_PWR-MRC-D+1_20220416100000_20220416103605.csv
2022-04-17T01:00:00Z,1.0,147.94,2022-04-17,MarketResult_SEM-DA_PWR-MRC-D+1_20220416100000_20220416103605.csv
2022-04-17T02:00:00Z,1.0,150.0,2022-04-17,MarketResult_SEM-DA_PWR-MRC-D+1_20220416100000_20220416103605.csv
2022-04-17T03:00:00Z,1.0,147.14,2022-04-17,MarketResult_SEM-DA_PWR-MRC-D+1_20220416100000_20220416103605.csv
2022-04-17T04:00:00Z,1.0,132.75,2022-04-17,MarketResult_SEM-DA_PWR-MRC-D+1_20220416100000_20220416103605.csv
2022-04-17T05:00:00Z,1.0,133.27,2022-04-17,MarketResult_SEM-DA_PWR-MRC-D+1_20220416100000_20220416103605.csv
2022-04-17T06:00:00Z,1.0,141.8,2022-04-17,MarketResult_SEM-DA_PWR-MRC-D+1_20220416100000_20220416103605.csv
2022-04-17T07:00:00Z,1.0,159.44,2022-04-17,MarketResult_SEM-DA_PWR-MRC-D+1_20220416100000_20220416103605.csv
2022-04-17T08:00:00Z,1.0,178.0,2022-04-17,MarketResult_SEM-DA_PWR-MRC-D+1_20220416100000_20220416103605.csv
2022-04-17T09:00:00Z,1.0,245.0,2022-04-17,MarketResult_SEM-DA_PWR-MRC-D+1_20220416100000_20220416103605.csv
2022-04-17T10:00:00Z,1.0,226.44,2022-04-17,MarketResult_SEM-DA_PWR-MRC-D+1_20220416100000_20220416103605.csv
2022-04-17T11:00:00Z,1.0,191.0,2022-04-17,MarketResult_SEM-DA_PWR-MRC-D+1_20220416100000_20220416103605.csv
2022-04-17T12:00:00Z,1.0,169.74,2022-04-17,MarketResult_SEM-DA_PWR-MRC-D+1_20220416100000_20220416103605.csv
2022-04-17T13:00:00Z,1.0,155.0,2022-04-17,MarketResult_SEM-DA_PWR-MRC-D+1_20220416100000_20220416103605.csv
2022-04-17T14:00:00Z,1.0,149.0,2022-04-17,MarketResult_SEM-DA_PWR-MRC-D+1_20220416100000_20220416103605.csv
2022-04-17T15:00:00Z,1.0,162.0,2022-04-17,MarketResult_SEM-DA_PWR-MRC-D+1_20220416100000_20220416103605.csv
2022-04-17T16:00:00Z,1.0,170.0,2022-04-17,MarketResult_SEM-DA_PWR-MRC-D+1_20220416100000_20220416103605.csv
2022-04-17T17:00:00Z,1.0,193.07,2022-04-17,MarketResult_SEM-DA_PWR-MRC-D+1_20220416100000_20220416103605.csv
2022-04-17T18:00:00Z,1.0,179.0,2022-04-17,MarketResult_SEM-DA_PWR-MRC-D+1_20220416100000_20220416103605.csv
2022-04-17T19:00:00Z,1.0,189.73,2022-04-17,MarketResult_SEM-DA_PWR-MRC-D+1_20220416100000_20220416103605.csv
2022-04-17T20:00:00Z,1.0,197.7,2022-04-17,MarketResult_SEM-DA_PWR-MRC-D+1_20220416100000_20220416103605.csv
2022-04-17T21:00:00Z,1.0,156.06,2022-04-17,MarketResult_SEM-DA_PWR-MRC-D+1_20220416100000_20220416103605.csv
2022-04-17T22:00:00Z,1.0,148.0,2022-04-18,MarketResult_SEM-DA_PWR-MRC-D+1_20220417100000_20220417103600.csv
2022-04-17T23:00:00Z,1.0,130.7,2022-04-18,MarketResult_SEM-DA_PWR-MRC-D+1_20220417100000_20220417103600.csv
2022-04-18T00:00:00Z,1.0,130.0,2022-04-18,MarketResult_SEM-DA_PWR-MRC-D+1_20220417100000_20220417103600.csv
2022-04-18T01:00:00Z,1.0,130.7,2022-04-18,MarketResult_SEM-DA_PWR-MRC-D+1_20220417100000_20220417103600.csv
2022-04-18T02:00:00Z,1.0,135.94,2022-04-18,MarketResult_SEM-DA_PWR-MRC-D+1_20220417100000_20220417103600.csv
2022-04-18T03:00:00Z,1.0,148.0,2022-04-18,MarketResult_SEM-DA_PWR-MRC-D+1_20220417100000_20220417103600.csv
2022-04-18T04:00:00Z,1.0,143.31,2022-04-18,MarketResult_SEM-DA_PWR-MRC-D+1_20220417100000_20220417103600.csv
2022-04-18T05:00:00Z,1.0,146.73,2022-04-18,MarketResult_SEM-DA_PWR-MRC-D+1_20220417100000_20220417103600.csv
2022-04-18T06:00:00Z,1.0,149.38,2022-04-18,MarketResult_SEM-DA_PWR-MRC-D+1_20220417100000_20220417103600.csv
2022-04-18T07:00:00Z,1.0,154.05,2022-04-18,MarketResult_SEM-DA_PWR-MRC-D+1_20220417100000_20220417103600.csv
2022-04-18T08:00:00Z,1.0,154.05,2022-04-18,MarketResult_SEM-DA_PWR-MRC-D+1_20220417100000_20220417103600.csv
2022-04-18T09:00:00Z,1.0,148.0,2022-04-18,MarketResult_SEM-DA_PWR-MRC-D+1_20220417100000_20220417103600.csv
2022-04-18T10:00:00Z,1.0,143.6,2022-04-18,MarketResult_SEM-DA_PWR-MRC-D+1_20220417100000_20220417103600.csv
2022-04-18T11:00:00Z,1.0,142.66,2022-04-18,MarketResult_SEM-DA_PWR-MRC-D+1_20220417100000_20220417103600.csv
2022-04-18T12:00:00Z,1.0,130.87,2022-04-18,MarketResult_SEM-DA_PWR-MRC-D+1_20220417100000_20220417103600.csv
2022-04-18T13:00:00Z,1.0,94.0,2022-04-18,MarketResult_SEM-DA_PWR-MRC-D+1_20220417100000_20220417103600.csv
2022-04-18T14:00:00Z,1.0,96.1,2022-04-18,MarketResult_SEM-DA_PWR-MRC-D+1_20220417100000_20220417103600.csv
2022-04-18T15:00:00Z,1.0,131.1,2022-04-18,MarketResult_SEM-DA_PWR-MRC-D+1_20220417100000_20220417103600.csv
2022-04-18T16:00:00Z,1.0,147.06,2022-04-18,MarketResult_SEM-DA_PWR-MRC-D+1_20220417100000_20220417103600.csv
2022-04-18T17:00:00Z,1.0,167.59,2022-04-18,MarketResult_SEM-DA_PWR-MRC-D+1_20220417100000_20220417103600.csv
2022-04-18T18:00:00Z,1.0,197.25,2022-04-18,MarketResult_SEM-DA_PWR-MRC-D+1_20220417100000_20220417103600.csv
2022-04-18T19:00:00Z,1.0,213.3,2022-04-18,MarketResult_SEM-DA_PWR-MRC-D+1_20220417100000_20220417103600.csv
2022-04-18T20:00:00Z,1.0,215.0,2022-04-18,MarketResult_SEM-DA_PWR-MRC-D+1_20220417100000_20220417103600.csv
2022-04-18T21:00:00Z,1.0,190.0,2022-04-18,MarketResult_SEM-DA_PWR-MRC-D+1_20220417100000_20220417103600.csv
2022-04-18T22:00:00Z,1.0,178.28,2022-04-19,MarketResult_SEM-DA_PWR-MRC-D+1_20220418100000_20220418103521.csv
2022-04-18T23:00:00Z,1.0,170.9,2022-04-19,MarketResult_SEM-DA_PWR-MRC-D+1_20220418100000_20220418103521.csv
2022-04-19T00:00:00Z,1.0,161.0,2022-04-19,MarketResult_SEM-DA_PWR-MRC-D+1_20220418100000_20220418103521.csv
2022-04-19T01:00:00Z,1.0,157.75,2022-04-19,MarketResult_SEM-DA_PWR-MRC-D+1_20220418100000_20220418103521.csv
2022-04-19T02:00:00Z,1.0,154.74,2022-04-19,MarketResult_SEM-DA_PWR-MRC-D+1_20220418100000_20220418103521.csv
2022-04-19T03:00:00Z,1.0,165.34,2022-04-19,MarketResult_SEM-DA_PWR-MRC-D+1_20220418100000_20220418103521.csv
2022-04-19T04:00:00Z,1.0,178.38,2022-04-19,MarketResult_SEM-DA_PWR-MRC-D+1_20220418100000_20220418103521.csv
2022-04-19T05:00:00Z,1.0,200.0,2022-04-19,MarketResult_SEM-DA_PWR-MRC-D+1_20220418100000_20220418103521.csv
2022-04-19T06:00:00Z,1.0,251.4,2022-04-19,MarketResult_SEM-DA_PWR-MRC-D+1_20220418100000_20220418103521.csv
2022-04-19T07:00:00Z,1.0,284.2,2022-04-19,MarketResult_SEM-DA_PWR-MRC-D+1_20220418100000_20220418103521.csv
2022-04-19T08:00:00Z,1.0,290.48,2022-04-19,MarketResult_SEM-DA_PWR-MRC-D+1_20220418100000_20220418103521.csv
2022-04-19T09:00:00Z,1.0,261.69,2022-04-19,MarketResult_SEM-DA_PWR-MRC-D+1_20220418100000_20220418103521.csv
2022-04-19T10:00:00Z,1.0,247.46,2022-04-19,MarketResult_SEM-DA_PWR-MRC-D+1_20220418100000_20220418103521.csv
2022-04-19T11:00:00Z,1.0,232.44,2022-04-19,MarketResult_SEM-DA_PWR-MRC-D+1_20220418100000_20220418103521.csv
2022-04-19T12:00:00Z,1.0,209.07,2022-04-19,MarketResult_SEM-DA_PWR-MRC-D+1_20220418100000_20220418103521.csv
2022-04-19T13:00:00Z,1.0,202.67,2022-04-19,MarketResult_SEM-DA_PWR-MRC-D+1_20220418100000_20220418103521.csv
2022-04-19T14:00:00Z,1.0,197.1,2022-04-19,MarketResult_SEM-DA_PWR-MRC-D+1_20220418100000_20220418103521.csv
2022-04-19T15:00:00Z,1.0,232.6,2022-04-19,MarketResult_SEM-DA_PWR-MRC-D+1_20220418100000_20220418103521.csv
2022-04-19T16:00:00Z,1.0,255.0,2022-04-19,MarketResult_SEM-DA_PWR-MRC-D+1_20220418100000_20220418103521.csv
2022-04-19T17:00:00Z,1.0,259.2,2022-04-19,MarketResult_SEM-DA_PWR-MRC-D+1_20220418100000_20220418103521.csv
2022-04-19T18:00:00Z,1.0,248.3,2022-04-19,MarketResult_SEM-DA_PWR-MRC-D+1_20220418100000_20220418103521.csv
2022-04-19T19:00:00Z,1.0,250.0,2022-04-19,MarketResult_SEM-DA_PWR-MRC-D+1_20220418100000_20220418103521.csv
2022-04-19T20:00:00Z,1.0,245.0,2022-04-19,MarketResult_SEM-DA_PWR-MRC-D+1_20220418100000_20220418103521.csv
2022-04-19T21:00:00Z,1.0,190.0,2022-04-19,MarketResult_SEM-DA_PWR-MRC-D+1_20220418100000_20220418103521.csv
2022-04-19T22:00:00Z,1.0,203.4,2022-04-20,MarketResult_SEM-DA_PWR-MRC-D+1_20220419100000_20220419103535.csv
2022-04-19T23:00:00Z,1.0,187.5,2022-04-20,MarketResult_SEM-DA_PWR-MRC-D+1_20220419100000_20220419103535.csv
2022-04-20T00:00:00Z,1.0,183.55,2022-04-20,MarketResult_SEM-DA_PWR-MRC-D+1_20220419100000_20220419103535.csv
2022-04-20T01:00:00Z,1.0,179.55,2022-04-20,MarketResult_SEM-DA_PWR-MRC-D+1_20220419100000_20220419103535.csv
2022-04-20T02:00:00Z,1.0,178.45,2022-04-20,MarketResult_SEM-DA_PWR-MRC-D+1_20220419100000_20220419103535.csv
2022-04-20T03:00:00Z,1.0,178.45,2022-04-20,MarketResult_SEM-DA_PWR-MRC-D+1_20220419100000_20220419103535.csv
2022-04-20T04:00:00Z,1.0,201.3,2022-04-20,MarketResult_SEM-DA_PWR-MRC-D+1_20220419100000_20220419103535.csv
2022-04-20T05:00:00Z,1.0,220.68,2022-04-20,MarketResult_SEM-DA_PWR-MRC-D+1_20220419100000_20220419103535.csv
2022-04-20T06:00:00Z,1.0,290.0,2022-04-20,MarketResult_SEM-DA_PWR-MRC-D+1_20220419100000_20220419103535.csv
2022-04-20T07:00:00Z,1.0,330.0,2022-04-20,MarketResult_SEM-DA_PWR-MRC-D+1_20220419100000_20220419103535.csv
2022-04-20T08:00:00Z,1.0,304.99,2022-04-20,MarketResult_SEM-DA_PWR-MRC-D+1_20220419100000_20220419103535.csv
2022-04-20T09:00:00Z,1.0,311.0,2022-04-20,MarketResult_SEM-DA_PWR-MRC-D+1_20220419100000_20220419103535.csv
2022-04-20T10:00:00Z,1.0,268.21,2022-04-20,MarketResult_SEM-DA_PWR-MRC-D+1_20220419100000_20220419103535.csv
2022-04-20T11:00:00Z,1.0,215.0,2022-04-20,MarketResult_SEM-DA_PWR-MRC-D+1_20220419100000_20220419103535.csv
2022-04-20T12:00:00Z,1.0,182.28,2022-04-20,MarketResult_SEM-DA_PWR-MRC-D+1_20220419100000_20220419103535.csv
2022-04-20T13:00:00Z,1.0,178.33,2022-04-20,MarketResult_SEM-DA_PWR-MRC-D+1_20220419100000_20220419103535.csv
2022-04-20T14:00:00Z,1.0,178.33,2022-04-20,MarketResult_SEM-DA_PWR-MRC-D+1_20220419100000_20220419103535.csv
2022-04-20T15:00:00Z,1.0,211.0,2022-04-20,MarketResult_SEM-DA_PWR-MRC-D+1_20220419100000_20220419103535.csv
2022-04-20T16:00:00Z,1.0,234.0,2022-04-20,MarketResult_SEM-DA_PWR-MRC-D+1_20220419100000_20220419103535.csv
2022-04-20T17:00:00Z,1.0,252.11,2022-04-20,MarketResult_SEM-DA_PWR-MRC-D+1_20220419100000_20220419103535.csv
2022-04-20T18:00:00Z,1.0,246.63,2022-04-20,MarketResult_SEM-DA_PWR-MRC-D+1_20220419100000_20220419103535.csv
2022-04-20T19:00:00Z,1.0,235.0,2022-04-20,MarketResult_SEM-DA_PWR-MRC-D+1_20220419100000_20220419103535.csv
2022-04-20T20:00:00Z,1.0,212.4,2022-04-20,MarketResult_SEM-DA_PWR-MRC-D+1_20220419100000_20220419103535.csv
2022-04-20T21:00:00Z,1.0,179.15,2022-04-20,MarketResult_SEM-DA_PWR-MRC-D+1_20220419100000_20220419103535.csv
2022-04-20T22:00:00Z,1.0,185.1,2022-04-21,MarketResult_SEM-DA_PWR-MRC-D+1_20220420100000_20220420103532.csv
2022-04-20T23:00:00Z,1.0,172.33,2022-04-21,MarketResult_SEM-DA_PWR-MRC-D+1_20220420100000_20220420103532.csv
2022-04-21T00:00:00Z,1.0,161.92,2022-04-21,MarketResult_SEM-DA_PWR-MRC-D+1_20220420100000_20220420103532.csv
2022-04-21T01:00:00Z,1.0,160.0,2022-04-21,MarketResult_SEM-DA_PWR-MRC-D+1_20220420100000_20220420103532.csv
2022-04-21T02:00:00Z,1.0,153.14,2022-04-21,MarketResult_SEM-DA_PWR-MRC-D+1_20220420100000_20220420103532.csv
2022-04-21T03:00:00Z,1.0,152.0,2022-04-21,MarketResult_SEM-DA_PWR-MRC-D+1_20220420100000_20220420103532.csv
2022-04-21T04:00:00Z,1.0,159.2,2022-04-21,MarketResult_SEM-DA_PWR-MRC-D+1_20220420100000_20220420103532.csv
2022-04-21T05:00:00Z,1.0,185.0,2022-04-21,MarketResult_SEM-DA_PWR-MRC-D+1_20220420100000_20220420103532.csv
2022-04-21T06:00:00Z,1.0,233.56,2022-04-21,MarketResult_SEM-DA_PWR-MRC-D+1_20220420100000_20220420103532.csv
2022-04-21T07:00:00Z,1.0,243.3,2022-04-21,MarketResult_SEM-DA_PWR-MRC-D+1_20220420100000_20220420103532.csv
2022-04-21T08:00:00Z,1.0,225.0,2022-04-21,MarketResult_SEM-DA_PWR-MRC-D+1_20220420100000_20220420103532.csv
2022-04-21T09:00:00Z,1.0,200.8,2022-04-21,MarketResult_SEM-DA_PWR-MRC-D+1_20220420100000_20220420103532.csv
2022-04-21T10:00:00Z,1.0,179.69,2022-04-21,MarketResult_SEM-DA_PWR-MRC-D+1_20220420100000_20220420103532.csv
2022-04-21T11:00:00Z,1.0,166.23,2022-04-21,MarketResult_SEM-DA_PWR-MRC-D+1_20220420100000_20220420103532.csv
2022-04-21T12:00:00Z,1.0,153.72,2022-04-21,MarketResult_SEM-DA_PWR-MRC-D+1_20220420100000_20220420103532.csv
2022-04-21T13:00:00Z,1.0,144.71,2022-04-21,MarketResult_SEM-DA_PWR-MRC-D+1_20220420100000_20220420103532.csv
2022-04-21T14:00:00Z,1.0,146.21,2022-04-21,MarketResult_SEM-DA_PWR-MRC-D+1_20220420100000_20220420103532.csv
2022-04-21T15:00:00Z,1.0,165.07,2022-04-21,MarketResult_SEM-DA_PWR-MRC-D+1_20220420100000_20220420103532.csv
2022-04-21T16:00:00Z,1.0,211.0,2022-04-21,MarketResult_SEM-DA_PWR-MRC-D+1_20220420100000_20220420103532.csv
2022-04-21T17:00:00Z,1.0,230.4,2022-04-21,MarketResult_SEM-DA_PWR-MRC-D+1_20220420100000_20220420103532.csv
2022-04-21T18:00:00Z,1.0,232.06,2022-04-21,MarketResult_SEM-DA_PWR-MRC-D+1_20220420100000_20220420103532.csv
2022-04-21T19:00:00Z,1.0,223.0,2022-04-21,MarketResult_SEM-DA_PWR-MRC-D+1_20220420100000_20220420103532.csv
2022-04-21T20:00:00Z,1.0,200.7,2022-04-21,MarketResult_SEM-DA_PWR-MRC-D+1_20220420100000_20220420103532.csv
2022-04-21T21:00:00Z,1.0,163.0,2022-04-21,MarketResult_SEM-DA_PWR-MRC-D+1_20220420100000_20220420103532.csv
2022-04-21T22:00:00Z,1.0,187.0,2022-04-22,MarketResult_SEM-DA_PWR-MRC-D+1_20220421100000_20220421103701.csv
2022-04-21T23:00:00Z,1.0,168.84,2022-04-22,MarketResult_SEM-DA_PWR-MRC-D+1_20220421100000_20220421103701.csv
2022-04-22T00:00:00Z,1.0,165.76,2022-04-22,MarketResult_SEM-DA_PWR-MRC-D+1_20220421100000_20220421103701.csv
2022-04-22T01:00:00Z,1.0,160.83,2022-04-22,MarketResult_SEM-DA_PWR-MRC-D+1_20220421100000_20220421103701.csv
2022-04-22T02:00:00Z,1.0,154.0,2022-04-22,MarketResult_SEM-DA_PWR-MRC-D+1_20220421100000_20220421103701.csv
2022-04-22T03:00:00Z,1.0,160.0,2022-04-22,MarketResult_SEM-DA_PWR-MRC-D+1_20220421100000_20220421103701.csv
2022-04-22T04:00:00Z,1.0,171.11,2022-04-22,MarketResult_SEM-DA_PWR-MRC-D+1_20220421100000_20220421103701.csv
2022-04-22T05:00:00Z,1.0,176.4,2022-04-22,MarketResult_SEM-DA_PWR-MRC-D+1_20220421100000_20220421103701.csv
2022-04-22T06:00:00Z,1.0,217.0,2022-04-22,MarketResult_SEM-DA_PWR-MRC-D+1_20220421100000_20220421103701.csv
2022-04-22T07:00:00Z,1.0,245.0,2022-04-22,MarketResult_SEM-DA_PWR-MRC-D+1_20220421100000_20220421103701.csv
2022-04-22T08:00:00Z,1.0,227.0,2022-04-22,MarketResult_SEM-DA_PWR-MRC-D+1_20220421100000_20220421103701.csv
2022-04-22T09:00:00Z,1.0,193.3,2022-04-22,MarketResult_SEM-DA_PWR-MRC-D+1_20220421100000_20220421103701.csv
2022-04-22T10:00:00Z,1.0,177.5,2022-04-22,MarketResult_SEM-DA_PWR-MRC-D+1_20220421100000_20220421103701.csv
2022-04-22T11:00:00Z,1.0,170.02,2022-04-22,MarketResult_SEM-DA_PWR-MRC-D+1_20220421100000_20220421103701.csv
2022-04-22T12:00:00Z,1.0,153.24,2022-04-22,MarketResult_SEM-DA_PWR-MRC-D+1_20220421100000_20220421103701.csv
2022-04-22T13:00:00Z,1.0,140.3,2022-04-22,MarketResult_SEM-DA_PWR-MRC-D+1_20220421100000_20220421103701.csv
2022-04-22T14:00:00Z,1.0,147.88,2022-04-22,MarketResult_SEM-DA_PWR-MRC-D+1_20220421100000_20220421103701.csv
2022-04-22T15:00:00Z,1.0,172.3,2022-04-22,MarketResult_SEM-DA_PWR-MRC-D+1_20220421100000_20220421103701.csv
2022-04-22T16:00:00Z,1.0,193.7,2022-04-22,MarketResult_SEM-DA_PWR-MRC-D+1_20220421100000_20220421103701.csv
2022-04-22T17:00:00Z,1.0,210.76,2022-04-22,MarketResult_SEM-DA_PWR-MRC-D+1_20220421100000_20220421103701.csv
2022-04-22T18:00:00Z,1.0,222.0,2022-04-22,MarketResult_SEM-DA_PWR-MRC-D+1_20220421100000_20220421103701.csv
2022-04-22T19:00:00Z,1.0,212.3,2022-04-22,MarketResult_SEM-DA_PWR-MRC-D+1_20220421100000_20220421103701.csv
2022-04-22T20:00:00Z,1.0,216.36,2022-04-22,MarketResult_SEM-DA_PWR-MRC-D+1_20220421100000_20220421103701.csv
2022-04-22T21:00:00Z,1.0,173.93,2022-04-22,MarketResult_SEM-DA_PWR-MRC-D+1_20220421100000_20220421103701.csv
2022-04-22T22:00:00Z,1.0,175.0,2022-04-23,MarketResult_SEM-DA_PWR-MRC-D+1_20220422100000_20220422114136.csv
2022-04-22T23:00:00Z,1.0,159.4,2022-04-23,MarketResult_SEM-DA_PWR-MRC-D+1_20220422100000_20220422114136.csv
2022-04-23T00:00:00Z,1.0,154.36,2022-04-23,MarketResult_SEM-DA_PWR-MRC-D+1_20220422100000_20220422114136.csv
2022-04-23T01:00:00Z,1.0,145.0,2022-04-23,MarketResult_SEM-DA_PWR-MRC-D+1_20220422100000_20220422114136.csv
2022-04-23T02:00:00Z,1.0,135.43,2022-04-23,MarketResult_SEM-DA_PWR-MRC-D+1_20220422100000_20220422114136.csv
2022-04-23T03:00:00Z,1.0,134.99,2022-04-23,MarketResult_SEM-DA_PWR-MRC-D+1_20220422100000_20220422114136.csv
2022-04-23T04:00:00Z,1.0,135.0,2022-04-23,MarketResult_SEM-DA_PWR-MRC-D+1_20220422100000_20220422114136.csv
2022-04-23T05:00:00Z,1.0,151.1,2022-04-23,MarketResult_SEM-DA_PWR-MRC-D+1_20220422100000_20220422114136.csv
2022-04-23T06:00:00Z,1.0,172.0,2022-04-23,MarketResult_SEM-DA_PWR-MRC-D+1_20220422100000_20220422114136.csv
2022-04-23T07:00:00Z,1.0,207.0,2022-04-23,MarketResult_SEM-DA_PWR-MRC-D+1_20220422100000_20220422114136.csv
2022-04-23T08:00:00Z,1.0,206.0,2022-04-23,MarketResult_SEM-DA_PWR-MRC-D+1_20220422100000_20220422114136.csv
2022-04-23T09:00:00Z,1.0,204.7,2022-04-23,MarketResult_SEM-DA_PWR-MRC-D+1_20220422100000_20220422114136.csv
2022-04-23T10:00:00Z,1.0,186.63,2022-04-23,MarketResult_SEM-DA_PWR-MRC-D+1_20220422100000_20220422114136.csv
2022-04-23T11:00:00Z,1.0,139.66,2022-04-23,MarketResult_SEM-DA_PWR-MRC-D+1_20220422100000_20220422114136.csv
2022-04-23T12:00:00Z,1.0,115.7,2022-04-23,MarketResult_SEM-DA_PWR-MRC-D+1_20220422100000_20220422114136.csv
2022-04-23T13:00:00Z,1.0,102.93,2022-04-23,MarketResult_SEM-DA_PWR-MRC-D+1_20220422100000_20220422114136.csv
2022-04-23T14:00:00Z,1.0,101.7,2022-04-23,MarketResult_SEM-DA_PWR-MRC-D+1_20220422100000_20220422114136.csv
2022-04-23T15:00:00Z,1.0,123.31,2022-04-23,MarketResult_SEM-DA_PWR-MRC-D+1_20220422100000_20220422114136.csv
2022-04-23T16:00:00Z,1.0,157.0,2022-04-23,MarketResult_SEM-DA_PWR-MRC-D+1_20220422100000_20220422114136.csv
2022-04-23T17:00:00Z,1.0,189.88,2022-04-23,MarketResult_SEM-DA_PWR-MRC-D+1_20220422100000_20220422114136.csv
2022-04-23T18:00:00Z,1.0,197.2,2022-04-23,MarketResult_SEM-DA_PWR-MRC-D+1_20220422100000_20220422114136.csv
2022-04-23T19:00:00Z,1.0,198.35,2022-04-23,MarketResult_SEM-DA_PWR-MRC-D+1_20220422100000_20220422114136.csv
2022-04-23T20:00:00Z,1.0,215.0,2022-04-23,MarketResult_SEM-DA_PWR-MRC-D+1_20220422100000_20220422114136.csv
2022-04-23T21:00:00Z,1.0,178.9,2022-04-23,MarketResult_SEM-DA_PWR-MRC-D+1_20220422100000_20220422114136.csv
2022-04-23T22:00:00Z,1.0,218.07,2022-04-24,MarketResult_SEM-DA_PWR-MRC-D+1_20220423100000_20220423103545.csv
2022-04-23T23:00:00Z,1.0,188.31,2022-04-24,MarketResult_SEM-DA_PWR-MRC-D+1_20220423100000_20220423103545.csv
2022-04-24T00:00:00Z,1.0,174.78,2022-04-24,MarketResult_SEM-DA_PWR-MRC-D+1_20220423100000_20220423103545.csv
2022-04-24T01:00:00Z,1.0,152.0,2022-04-24,MarketResult_SEM-DA_PWR-MRC-D+1_20220423100000_20220423103545.csv
2022-04-24T02:00:00Z,1.0,136.6,2022-04-24,MarketResult_SEM-DA_PWR-MRC-D+1_20220423100000_20220423103545.csv
2022-04-24T03:00:00Z,1.0,135.0,2022-04-24,MarketResult_SEM-DA_PWR-MRC-D+1_20220423100000_20220423103545.csv
2022-04-24T04:00:00Z,1.0,139.0,2022-04-24,MarketResult_SEM-DA_PWR-MRC-D+1_20220423100000_20220423103545.csv
2022-04-24T05:00:00Z,1.0,145.0,2022-04-24,MarketResult_SEM-DA_PWR-MRC-D+1_20220423100000_20220423103545.csv
2022-04-24T06:00:00Z,1.0,166.42,2022-04-24,MarketResult_SEM-DA_PWR-MRC-D+1_20220423100000_20220423103545.csv
2022-04-24T07:00:00Z,1.0,170.0,2022-04-24,MarketResult_SEM-DA_PWR-MRC-D+1_20220423100000_20220423103545.csv
2022-04-24T08:00:00Z,1.0,183.01,2022-04-24,MarketResult_SEM-DA_PWR-MRC-D+1_20220423100000_20220423103545.csv
2022-04-24T09:00:00Z,1.0,192.26,2022-04-24,MarketResult_SEM-DA_PWR-MRC-D+1_20220423100000_20220423103545.csv
2022-04-24T10:00:00Z,1.0,192.14,2022-04-24,MarketResult_SEM-DA_PWR-MRC-D+1_20220423100000_20220423103545.csv
2022-04-24T11:00:00Z,1.0,184.0,2022-04-24,MarketResult_SEM-DA_PWR-MRC-D+1_20220423100000_20220423103545.csv
2022-04-24T12:00:00Z,1.0,164.0,2022-04-24,MarketResult_SEM-DA_PWR-MRC-D+1_20220423100000_20220423103545.csv
2022-04-24T13:00:00Z,1.0,161.0,2022-04-24,MarketResult_SEM-DA_PWR-MRC-D+1_20220423100000_20220423103545.csv
2022-04-24T14:00:00Z,1.0,168.18,2022-04-24,MarketResult_SEM-DA_PWR-MRC-D+1_20220423100000_20220423103545.csv
2022-04-24T15:00:00Z,1.0,176.42,2022-04-24,MarketResult_SEM-DA_PWR-MRC-D+1_20220423100000_20220423103545.csv
2022-04-24T16:00:00Z,1.0,187.0,2022-04-24,MarketResult_SEM-DA_PWR-MRC-D+1_20220423100000_20220423103545.csv
2022-04-24T17:00:00Z,1.0,216.34,2022-04-24,MarketResult_SEM-DA_PWR-MRC-D+1_20220423100000_20220423103545.csv
2022-04-24T18:00:00Z,1.0,227.24,2022-04-24,MarketResult_SEM-DA_PWR-MRC-D+1_20220423100000_20220423103545.csv
2022-04-24T19:00:00Z,1.0,240.49,2022-04-24,MarketResult_SEM-DA_PWR-MRC-D+1_20220423100000_20220423103545.csv
2022-04-24T20:00:00Z,1.0,245.0,2022-04-24,MarketResult_SEM-DA_PWR-MRC-D+1_20220423100000_20220423103545.csv
2022-04-24T21:00:00Z,1.0,216.29,2022-04-24,MarketResult_SEM-DA_PWR-MRC-D+1_20220423100000_20220423103545.csv
2022-04-24T22:00:00Z,1.0,200.55,2022-04-25,MarketResult_SEM-DA_PWR-MRC-D+1_20220424100000_20220424103509.csv
2022-04-24T23:00:00Z,1.0,197.57,2022-04-25,MarketResult_SEM-DA_PWR-MRC-D+1_20220424100000_20220424103509.csv
2022-04-25T00:00:00Z,1.0,194.75,2022-04-25,MarketResult_SEM-DA_PWR-MRC-D+1_20220424100000_20220424103509.csv
2022-04-25T01:00:00Z,1.0,195.0,2022-04-25,MarketResult_SEM-DA_PWR-MRC-D+1_20220424100000_20220424103509.csv
2022-04-25T02:00:00Z,1.0,193.45,2022-04-25,MarketResult_SEM-DA_PWR-MRC-D+1_20220424100000_20220424103509.csv
2022-04-25T03:00:00Z,1.0,195.79,2022-04-25,MarketResult_SEM-DA_PWR-MRC-D+1_20220424100000_20220424103509.csv
2022-04-25T04:00:00Z,1.0,214.0,2022-04-25,MarketResult_SEM-DA_PWR-MRC-D+1_20220424100000_20220424103509.csv
2022-04-25T05:00:00Z,1.0,223.48,2022-04-25,MarketResult_SEM-DA_PWR-MRC-D+1_20220424100000_20220424103509.csv
2022-04-25T06:00:00Z,1.0,247.0,2022-04-25,MarketResult_SEM-DA_PWR-MRC-D+1_20220424100000_20220424103509.csv
2022-04-25T07:00:00Z,1.0,259.82,2022-04-25,MarketResult_SEM-DA_PWR-MRC-D+1_20220424100000_20220424103509.csv
2022-04-25T08:00:00Z,1.0,279.0,2022-04-25,MarketResult_SEM-DA_PWR-MRC-D+1_20220424100000_20220424103509.csv
2022-04-25T09:00:00Z,1.0,265.0,2022-04-25,MarketResult_SEM-DA_PWR-MRC-D+1_20220424100000_20220424103509.csv
2022-04-25T10:00:00Z,1.0,238.0,2022-04-25,MarketResult_SEM-DA_PWR-MRC-D+1_20220424100000_20220424103509.csv
2022-04-25T11:00:00Z,1.0,234.65,2022-04-25,MarketResult_SEM-DA_PWR-MRC-D+1_20220424100000_20220424103509.csv
2022-04-25T12:00:00Z,1.0,218.0,2022-04-25,MarketResult_SEM-DA_PWR-MRC-D+1_20220424100000_20220424103509.csv
2022-04-25T13:00:00Z,1.0,217.99,2022-04-25,MarketResult_SEM-DA_PWR-MRC-D+1_20220424100000_20220424103509.csv
2022-04-25T14:00:00Z,1.0,220.72,2022-04-25,MarketResult_SEM-DA_PWR-MRC-D+1_20220424100000_20220424103509.csv
2022-04-25T15:00:00Z,1.0,242.3,2022-04-25,MarketResult_SEM-DA_PWR-MRC-D+1_20220424100000_20220424103509.csv
2022-04-25T16:00:00Z,1.0,261.4,2022-04-25,MarketResult_SEM-DA_PWR-MRC-D+1_20220424100000_20220424103509.csv
2022-04-25T17:00:00Z,1.0,278.0,2022-04-25,MarketResult_SEM-DA_PWR-MRC-D+1_20220424100000_20220424103509.csv
2022-04-25T18:00:00Z,1.0,276.9,2022-04-25,MarketResult_SEM-DA_PWR-MRC-D+1_20220424100000_20220424103509.csv
2022-04-25T19:00:00Z,1.0,270.8,2022-04-25,MarketResult_SEM-DA_PWR-MRC-D+1_20220424100000_20220424103509.csv
2022-04-25T20:00:00Z,1.0,250.74,2022-04-25,MarketResult_SEM-DA_PWR-MRC-D+1_20220424100000_20220424103509.csv
2022-04-25T21:00:00Z,1.0,213.63,2022-04-25,MarketResult_SEM-DA_PWR-MRC-D+1_20220424100000_20220424103509.csv
2022-04-25T22:00:00Z,1.0,169.0,2022-04-26,MarketResult_SEM-DA_PWR-MRC-D+1_20220425100000_20220425103541.csv
2022-04-25T23:00:00Z,1.0,170.0,2022-04-26,MarketResult_SEM-DA_PWR-MRC-D+1_20220425100000_20220425103541.csv
2022-04-26T00:00:00Z,1.0,168.14,2022-04-26,MarketResult_SEM-DA_PWR-MRC-D+1_20220425100000_20220425103541.csv
2022-04-26T01:00:00Z,1.0,171.0,2022-04-26,MarketResult_SEM-DA_PWR-MRC-D+1_20220425100000_20220425103541.csv
2022-04-26T02:00:00Z,1.0,169.0,2022-04-26,MarketResult_SEM-DA_PWR-MRC-D+1_20220425100000_20220425103541.csv
2022-04-26T03:00:00Z,1.0,169.0,2022-04-26,MarketResult_SEM-DA_PWR-MRC-D+1_20220425100000_20220425103541.csv
2022-04-26T04:00:00Z,1.0,180.62,2022-04-26,MarketResult_SEM-DA_PWR-MRC-D+1_20220425100000_20220425103541.csv
2022-04-26T05:00:00Z,1.0,199.59,2022-04-26,MarketResult_SEM-DA_PWR-MRC-D+1_20220425100000_20220425103541.csv
2022-04-26T06:00:00Z,1.0,247.0,2022-04-26,MarketResult_SEM-DA_PWR-MRC-D+1_20220425100000_20220425103541.csv
2022-04-26T07:00:00Z,1.0,267.43,2022-04-26,MarketResult_SEM-DA_PWR-MRC-D+1_20220425100000_20220425103541.csv
2022-04-26T08:00:00Z,1.0,265.0,2022-04-26,MarketResult_SEM-DA_PWR-MRC-D+1_20220425100000_20220425103541.csv
2022-04-26T09:00:00Z,1.0,258.21,2022-04-26,MarketResult_SEM-DA_PWR-MRC-D+1_20220425100000_20220425103541.csv
2022-04-26T10:00:00Z,1.0,227.9,2022-04-26,MarketResult_SEM-DA_PWR-MRC-D+1_20220425100000_20220425103541.csv
2022-04-26T11:00:00Z,1.0,220.9,2022-04-26,MarketResult_SEM-DA_PWR-MRC-D+1_20220425100000_20220425103541.csv
2022-04-26T12:00:00Z,1.0,217.07,2022-04-26,MarketResult_SEM-DA_PWR-MRC-D+1_20220425100000_20220425103541.csv
2022-04-26T13:00:00Z,1.0,213.39,2022-04-26,MarketResult_SEM-DA_PWR-MRC-D+1_20220425100000_20220425103541.csv
2022-04-26T14:00:00Z,1.0,212.0,2022-04-26,MarketResult_SEM-DA_PWR-MRC-D+1_20220425100000_20220425103541.csv
2022-04-26T15:00:00Z,1.0,238.2,2022-04-26,MarketResult_SEM-DA_PWR-MRC-D+1_20220425100000_20220425103541.csv
2022-04-26T16:00:00Z,1.0,267.0,2022-04-26,MarketResult_SEM-DA_PWR-MRC-D+1_20220425100000_20220425103541.csv
2022-04-26T17:00:00Z,1.0,279.66,2022-04-26,MarketResult_SEM-DA_PWR-MRC-D+1_20220425100000_20220425103541.csv
2022-04-26T18:00:00Z,1.0,272.7,2022-04-26,MarketResult_SEM-DA_PWR-MRC-D+1_20220425100000_20220425103541.csv
2022-04-26T19:00:00Z,1.0,263.4,2022-04-26,MarketResult_SEM-DA_PWR-MRC-D+1_20220425100000_20220425103541.csv
2022-04-26T20:00:00Z,1.0,248.0,2022-04-26,MarketResult_SEM-DA_PWR-MRC-D+1_20220425100000_20220425103541.csv
2022-04-26T21:00:00Z,1.0,187.36,2022-04-26,MarketResult_SEM-DA_PWR-MRC-D+1_20220425100000_20220425103541.csv
2022-04-26T22:00:00Z,1.0,157.06,2022-04-27,MarketResult_SEM-DA_PWR-MRC-D+1_20220426100000_20220426103512.csv
2022-04-26T23:00:00Z,1.0,148.69,2022-04-27,MarketResult_SEM-DA_PWR-MRC-D+1_20220426100000_20220426103512.csv
2022-04-27T00:00:00Z,1.0,152.29,2022-04-27,MarketResult_SEM-DA_PWR-MRC-D+1_20220426100000_20220426103512.csv
2022-04-27T01:00:00Z,1.0,149.38,2022-04-27,MarketResult_SEM-DA_PWR-MRC-D+1_20220426100000_20220426103512.csv
2022-04-27T02:00:00Z,1.0,148.14,2022-04-27,MarketResult_SEM-DA_PWR-MRC-D+1_20220426100000_20220426103512.csv
2022-04-27T03:00:00Z,1.0,143.0,2022-04-27,MarketResult_SEM-DA_PWR-MRC-D+1_20220426100000_20220426103512.csv
2022-04-27T04:00:00Z,1.0,153.25,2022-04-27,MarketResult_SEM-DA_PWR-MRC-D+1_20220426100000_20220426103512.csv
2022-04-27T05:00:00Z,1.0,166.13,2022-04-27,MarketResult_SEM-DA_PWR-MRC-D+1_20220426100000_20220426103512.csv
2022-04-27T06:00:00Z,1.0,232.0,2022-04-27,MarketResult_SEM-DA_PWR-MRC-D+1_20220426100000_20220426103512.csv
2022-04-27T07:00:00Z,1.0,265.31,2022-04-27,MarketResult_SEM-DA_PWR-MRC-D+1_20220426100000_20220426103512.csv
2022-04-27T08:00:00Z,1.0,247.31,2022-04-27,MarketResult_SEM-DA_PWR-MRC-D+1_20220426100000_20220426103512.csv
2022-04-27T09:00:00Z,1.0,239.37,2022-04-27,MarketResult_SEM-DA_PWR-MRC-D+1_20220426100000_20220426103512.csv
2022-04-27T10:00:00Z,1.0,236.36,2022-04-27,MarketResult_SEM-DA_PWR-MRC-D+1_20220426100000_20220426103512.csv
2022-04-27T11:00:00Z,1.0,226.3,2022-04-27,MarketResult_SEM-DA_PWR-MRC-D+1_20220426100000_20220426103512.csv
2022-04-27T12:00:00Z,1.0,215.07,2022-04-27,MarketResult_SEM-DA_PWR-MRC-D+1_20220426100000_20220426103512.csv
2022-04-27T13:00:00Z,1.0,209.62,2022-04-27,MarketResult_SEM-DA_PWR-MRC-D+1_20220426100000_20220426103512.csv
2022-04-27T14:00:00Z,1.0,211.7,2022-04-27,MarketResult_SEM-DA_PWR-MRC-D+1_20220426100000_20220426103512.csv
2022-04-27T15:00:00Z,1.0,248.87,2022-04-27,MarketResult_SEM-DA_PWR-MRC-D+1_20220426100000_20220426103512.csv
2022-04-27T16:00:00Z,1.0,274.5,2022-04-27,MarketResult_SEM-DA_PWR-MRC-D+1_20220426100000_20220426103512.csv
2022-04-27T17:00:00Z,1.0,294.04,2022-04-27,MarketResult_SEM-DA_PWR-MRC-D+1_20220426100000_20220426103512.csv
2022-04-27T18:00:00Z,1.0,279.58,2022-04-27,MarketResult_SEM-DA_PWR-MRC-D+1_20220426100000_20220426103512.csv
2022-04-27T19:00:00Z,1.0,273.0,2022-04-27,MarketResult_SEM-DA_PWR-MRC-D+1_20220426100000_20220426103512.csv
2022-04-27T20:00:00Z,1.0,255.84,2022-04-27,MarketResult_SEM-DA_PWR-MRC-D+1_20220426100000_20220426103512.csv
2022-04-27T21:00:00Z,1.0,200.0,2022-04-27,MarketResult_SEM-DA_PWR-MRC-D+1_20220426100000_20220426103512.csv
2022-04-27T22:00:00Z,1.0,175.32,2022-04-28,MarketResult_SEM-DA_PWR-MRC-D+1_20220427100000_20220427103437.csv
2022-04-27T23:00:00Z,1.0,185.01,2022-04-28,MarketResult_SEM-DA_PWR-MRC-D+1_20220427100000_20220427103437.csv
2022-04-28T00:00:00Z,1.0,179.0,2022-04-28,MarketResult_SEM-DA_PWR-MRC-D+1_20220427100000_20220427103437.csv
2022-04-28T01:00:00Z,1.0,178.11,2022-04-28,MarketResult_SEM-DA_PWR-MRC-D+1_20220427100000_20220427103437.csv
2022-04-28T02:00:00Z,1.0,174.68,2022-04-28,MarketResult_SEM-DA_PWR-MRC-D+1_20220427100000_20220427103437.csv
2022-04-28T03:00:00Z,1.0,175.1,2022-04-28,MarketResult_SEM-DA_PWR-MRC-D+1_20220427100000_20220427103437.csv
2022-04-28T04:00:00Z,1.0,175.78,2022-04-28,MarketResult_SEM-DA_PWR-MRC-D+1_20220427100000_20220427103437.csv
2022-04-28T05:00:00Z,1.0,215.9,2022-04-28,MarketResult_SEM-DA_PWR-MRC-D+1_20220427100000_20220427103437.csv
2022-04-28T06:00:00Z,1.0,280.61,2022-04-28,MarketResult_SEM-DA_PWR-MRC-D+1_20220427100000_20220427103437.csv
2022-04-28T07:00:00Z,1.0,295.97,2022-04-28,MarketResult_SEM-DA_PWR-MRC-D+1_20220427100000_20220427103437.csv
2022-04-28T08:00:00Z,1.0,295.27,2022-04-28,MarketResult_SEM-DA_PWR-MRC-D+1_20220427100000_20220427103437.csv
2022-04-28T09:00:00Z,1.0,290.0,2022-04-28,MarketResult_SEM-DA_PWR-MRC-D+1_20220427100000_20220427103437.csv
2022-04-28T10:00:00Z,1.0,274.01,2022-04-28,MarketResult_SEM-DA_PWR-MRC-D+1_20220427100000_20220427103437.csv
2022-04-28T11:00:00Z,1.0,269.3,2022-04-28,MarketResult_SEM-DA_PWR-MRC-D+1_20220427100000_20220427103437.csv
2022-04-28T12:00:00Z,1.0,260.0,2022-04-28,MarketResult_SEM-DA_PWR-MRC-D+1_20220427100000_20220427103437.csv
2022-04-28T13:00:00Z,1.0,250.2,2022-04-28,MarketResult_SEM-DA_PWR-MRC-D+1_20220427100000_20220427103437.csv
2022-04-28T14:00:00Z,1.0,246.86,2022-04-28,MarketResult_SEM-DA_PWR-MRC-D+1_20220427100000_20220427103437.csv
2022-04-28T15:00:00Z,1.0,279.46,2022-04-28,MarketResult_SEM-DA_PWR-MRC-D+1_20220427100000_20220427103437.csv
2022-04-28T16:00:00Z,1.0,300.0,2022-04-28,MarketResult_SEM-DA_PWR-MRC-D+1_20220427100000_20220427103437.csv
2022-04-28T17:00:00Z,1.0,310.68,2022-04-28,MarketResult_SEM-DA_PWR-MRC-D+1_20220427100000_20220427103437.csv
2022-04-28T18:00:00Z,1.0,303.0,2022-04-28,MarketResult_SEM-DA_PWR-MRC-D+1_20220427100000_20220427103437.csv
2022-04-28T19:00:00Z,1.0,291.4,2022-04-28,MarketResult_SEM-DA_PWR-MRC-D+1_20220427100000_20220427103437.csv
2022-04-28T20:00:00Z,1.0,274.27,2022-04-28,MarketResult_SEM-DA_PWR-MRC-D+1_20220427100000_20220427103437.csv
2022-04-28T21:00:00Z,1.0,223.0,2022-04-28,MarketResult_SEM-DA_PWR-MRC-D+1_20220427100000_20220427103437.csv
2022-04-28T22:00:00Z,1.0,173.52,2022-04-29,MarketResult_SEM-DA_PWR-MRC-D+1_20220428100000_20220428103522.csv
2022-04-28T23:00:00Z,1.0,171.16,2022-04-29,MarketResult_SEM-DA_PWR-MRC-D+1_20220428100000_20220428103522.csv
2022-04-29T00:00:00Z,1.0,167.0,2022-04-29,MarketResult_SEM-DA_PWR-MRC-D+1_20220428100000_20220428103522.csv
2022-04-29T01:00:00Z,1.0,165.0,2022-04-29,MarketResult_SEM-DA_PWR-MRC-D+1_20220428100000_20220428103522.csv
2022-04-29T02:00:00Z,1.0,161.88,2022-04-29,MarketResult_SEM-DA_PWR-MRC-D+1_20220428100000_20220428103522.csv
2022-04-29T03:00:00Z,1.0,166.02,2022-04-29,MarketResult_SEM-DA_PWR-MRC-D+1_20220428100000_20220428103522.csv
2022-04-29T04:00:00Z,1.0,165.52,2022-04-29,MarketResult_SEM-DA_PWR-MRC-D+1_20220428100000_20220428103522.csv
2022-04-29T05:00:00Z,1.0,190.03,2022-04-29,MarketResult_SEM-DA_PWR-MRC-D+1_20220428100000_20220428103522.csv
2022-04-29T06:00:00Z,1.0,265.22,2022-04-29,MarketResult_SEM-DA_PWR-MRC-D+1_20220428100000_20220428103522.csv
2022-04-29T07:00:00Z,1.0,300.0,2022-04-29,MarketResult_SEM-DA_PWR-MRC-D+1_20220428100000_20220428103522.csv
2022-04-29T08:00:00Z,1.0,300.2,2022-04-29,MarketResult_SEM-DA_PWR-MRC-D+1_20220428100000_20220428103522.csv
2022-04-29T09:00:00Z,1.0,294.25,2022-04-29,MarketResult_SEM-DA_PWR-MRC-D+1_20220428100000_20220428103522.csv
2022-04-29T10:00:00Z,1.0,282.04,2022-04-29,MarketResult_SEM-DA_PWR-MRC-D+1_20220428100000_20220428103522.csv
2022-04-29T11:00:00Z,1.0,270.0,2022-04-29,MarketResult_SEM-DA_PWR-MRC-D+1_20220428100000_20220428103522.csv
2022-04-29T12:00:00Z,1.0,250.56,2022-04-29,MarketResult_SEM-DA_PWR-MRC-D+1_20220428100000_20220428103522.csv
2022-04-29T13:00:00Z,1.0,235.0,2022-04-29,MarketResult_SEM-DA_PWR-MRC-D+1_20220428100000_20220428103522.csv
2022-04-29T14:00:00Z,1.0,224.31,2022-04-29,MarketResult_SEM-DA_PWR-MRC-D+1_20220428100000_20220428103522.csv
2022-04-29T15:00:00Z,1.0,243.83,2022-04-29,MarketResult_SEM-DA_PWR-MRC-D+1_20220428100000_20220428103522.csv
2022-04-29T16:00:00Z,1.0,269.77,2022-04-29,MarketResult_SEM-DA_PWR-MRC-D+1_20220428100000_20220428103522.csv
2022-04-29T17:00:00Z,1.0,282.7,2022-04-29,MarketResult_SEM-DA_PWR-MRC-D+1_20220428100000_20220428103522.csv
2022-04-29T18:00:00Z,1.0,271.22,2022-04-29,MarketResult_SEM-DA_PWR-MRC-D+1_20220428100000_20220428103522.csv
2022-04-29T19:00:00Z,1.0,265.0,2022-04-29,MarketResult_SEM-DA_PWR-MRC-D+1_20220428100000_20220428103522.csv
2022-04-29T20:00:00Z,1.0,249.8,2022-04-29,MarketResult_SEM-DA_PWR-MRC-D+1_20220428100000_20220428103522.csv
2022-04-29T21:00:00Z,1.0,206.77,2022-04-29,MarketResult_SEM-DA_PWR-MRC-D+1_20220428100000_20220428103522.csv
2022-04-29T22:00:00Z,1.0,189.99,2022-04-30,MarketResult_SEM-DA_PWR-MRC-D+1_20220429100000_20220429103517.csv
2022-04-29T23:00:00Z,1.0,163.86,2022-04-30,MarketResult_SEM-DA_PWR-MRC-D+1_20220429100000_20220429103517.csv
2022-04-30T00:00:00Z,1.0,161.62,2022-04-30,MarketResult_SEM-DA_PWR-MRC-D+1_20220429100000_20220429103517.csv
2022-04-30T01:00:00Z,1.0,156.45,2022-04-30,MarketResult_SEM-DA_PWR-MRC-D+1_20220429100000_20220429103517.csv
2022-04-30T02:00:00Z,1.0,151.26,2022-04-30,MarketResult_SEM-DA_PWR-MRC-D+1_20220429100000_20220429103517.csv
2022-04-30T03:00:00Z,1.0,151.26,2022-04-30,MarketResult_SEM-DA_PWR-MRC-D+1_20220429100000_20220429103517.csv
2022-04-30T04:00:00Z,1.0,152.0,2022-04-30,MarketResult_SEM-DA_PWR-MRC-D+1_20220429100000_20220429103517.csv
2022-04-30T05:00:00Z,1.0,152.17,2022-04-30,MarketResult_SEM-DA_PWR-MRC-D+1_20220429100000_20220429103517.csv
2022-04-30T06:00:00Z,1.0,180.19,2022-04-30,MarketResult_SEM-DA_PWR-MRC-D+1_20220429100000_20220429103517.csv
2022-04-30T07:00:00Z,1.0,189.13,2022-04-30,MarketResult_SEM-DA_PWR-MRC-D+1_20220429100000_20220429103517.csv
2022-04-30T08:00:00Z,1.0,189.13,2022-04-30,MarketResult_SEM-DA_PWR-MRC-D+1_20220429100000_20220429103517.csv
2022-04-30T09:00:00Z,1.0,179.06,2022-04-30,MarketResult_SEM-DA_PWR-MRC-D+1_20220429100000_20220429103517.csv
2022-04-30T10:00:00Z,1.0,168.6,2022-04-30,MarketResult_SEM-DA_PWR-MRC-D+1_20220429100000_20220429103517.csv
2022-04-30T11:00:00Z,1.0,159.14,2022-04-30,MarketResult_SEM-DA_PWR-MRC-D+1_20220429100000_20220429103517.csv
2022-04-30T12:00:00Z,1.0,150.11,2022-04-30,MarketResult_SEM-DA_PWR-MRC-D+1_20220429100000_20220429103517.csv
2022-04-30T13:00:00Z,1.0,143.87,2022-04-30,MarketResult_SEM-DA_PWR-MRC-D+1_20220429100000_20220429103517.csv
2022-04-30T14:00:00Z,1.0,140.0,2022-04-30,MarketResult_SEM-DA_PWR-MRC-D+1_20220429100000_20220429103517.csv
2022-04-30T15:00:00Z,1.0,151.86,2022-04-30,MarketResult_SEM-DA_PWR-MRC-D+1_20220429100000_20220429103517.csv
2022-04-30T16:00:00Z,1.0,157.67,2022-04-30,MarketResult_SEM-DA_PWR-MRC-D+1_20220429100000_20220429103517.csv
2022-04-30T17:00:00Z,1.0,168.66,2022-04-30,MarketResult_SEM-DA_PWR-MRC-D+1_20220429100000_20220429103517.csv
2022-04-30T18:00:00Z,1.0,157.6,2022-04-30,MarketResult_SEM-DA_PWR-MRC-D+1_20220429100000_20220429103517.csv
2022-04-30T19:00:00Z,1.0,157.6,2022-04-30,MarketResult_SEM-DA_PWR-MRC-D+1_20220429100000_20220429103517.csv
2022-04-30T20:00:00Z,1.0,151.86,2022-04-30,MarketResult_SEM-DA_PWR-MRC-D+1_20220429100000_20220429103517.csv
2022-04-30T21:00:00Z,1.0,136.79,2022-04-30,MarketResult_SEM-DA_PWR-MRC-D+1_20220429100000_20220429103517.csv
2022-04-30T22:00:00Z,1.0,104.4,2022-05-01,MarketResult_SEM-DA_PWR-MRC-D+1_20220430100000_20220430103455.csv
2022-04-30T23:00:00Z,1.0,97.66,2022-05-01,MarketResult_SEM-DA_PWR-MRC-D+1_20220430100000_20220430103455.csv
2022-05-01T00:00:00Z,1.0,96.06,2022-05-01,MarketResult_SEM-DA_PWR-MRC-D+1_20220430100000_20220430103455.csv
2022-05-01T01:00:00Z,1.0,91.0,2022-05-01,MarketResult_SEM-DA_PWR-MRC-D+1_20220430100000_20220430103455.csv
2022-05-01T02:00:00Z,1.0,95.0,2022-05-01,MarketResult_SEM-DA_PWR-MRC-D+1_20220430100000_20220430103455.csv
2022-05-01T03:00:00Z,1.0,96.32,2022-05-01,MarketResult_SEM-DA_PWR-MRC-D+1_20220430100000_20220430103455.csv
2022-05-01T04:00:00Z,1.0,98.94,2022-05-01,MarketResult_SEM-DA_PWR-MRC-D+1_20220430100000_20220430103455.csv
2022-05-01T05:00:00Z,1.0,100.0,2022-05-01,MarketResult_SEM-DA_PWR-MRC-D+1_20220430100000_20220430103455.csv
2022-05-01T06:00:00Z,1.0,103.71,2022-05-01,MarketResult_SEM-DA_PWR-MRC-D+1_20220430100000_20220430103455.csv
2022-05-01T07:00:00Z,1.0,120.0,2022-05-01,MarketResult_SEM-DA_PWR-MRC-D+1_20220430100000_20220430103455.csv
2022-05-01T08:00:00Z,1.0,130.9,2022-05-01,MarketResult_SEM-DA_PWR-MRC-D+1_20220430100000_20220430103455.csv
2022-05-01T09:00:00Z,1.0,147.69,2022-05-01,MarketResult_SEM-DA_PWR-MRC-D+1_20220430100000_20220430103455.csv
2022-05-01T10:00:00Z,1.0,150.09,2022-05-01,MarketResult_SEM-DA_PWR-MRC-D+1_20220430100000_20220430103455.csv
2022-05-01T11:00:00Z,1.0,157.46,2022-05-01,MarketResult_SEM-DA_PWR-MRC-D+1_20220430100000_20220430103455.csv
2022-05-01T12:00:00Z,1.0,148.04,2022-05-01,MarketResult_SEM-DA_PWR-MRC-D+1_20220430100000_20220430103455.csv
2022-05-01T13:00:00Z,1.0,135.79,2022-05-01,MarketResult_SEM-DA_PWR-MRC-D+1_20220430100000_20220430103455.csv
2022-05-01T14:00:00Z,1.0,135.76,2022-05-01,MarketResult_SEM-DA_PWR-MRC-D+1_20220430100000_20220430103455.csv
2022-05-01T15:00:00Z,1.0,152.21,2022-05-01,MarketResult_SEM-DA_PWR-MRC-D+1_20220430100000_20220430103455.csv
2022-05-01T16:00:00Z,1.0,192.47,2022-05-01,MarketResult_SEM-DA_PWR-MRC-D+1_20220430100000_20220430103455.csv
2022-05-01T17:00:00Z,1.0,218.39,2022-05-01,MarketResult_SEM-DA_PWR-MRC-D+1_20220430100000_20220430103455.csv
2022-05-01T18:00:00Z,1.0,214.92,2022-05-01,MarketResult_SEM-DA_PWR-MRC-D+1_20220430100000_20220430103455.csv
2022-05-01T19:00:00Z,1.0,218.02,2022-05-01,MarketResult_SEM-DA_PWR-MRC-D+1_20220430100000_20220430103455.csv
2022-05-01T20:00:00Z,1.0,231.84,2022-05-01,MarketResult_SEM-DA_PWR-MRC-D+1_20220430100000_20220430103455.csv
2022-05-01T21:00:00Z,1.0,179.0,2022-05-01,MarketResult_SEM-DA_PWR-MRC-D+1_20220430100000_20220430103455.csv
2022-05-01T22:00:00Z,1.0,126.7,2022-05-02,MarketResult_SEM-DA_PWR-MRC-D+1_20220501100000_20220501103530.csv
2022-05-01T23:00:00Z,1.0,113.19,2022-05-02,MarketResult_SEM-DA_PWR-MRC-D+1_20220501100000_20220501103530.csv
2022-05-02T00:00:00Z,1.0,113.19,2022-05-02,MarketResult_SEM-DA_PWR-MRC-D+1_20220501100000_20220501103530.csv
2022-05-02T01:00:00Z,1.0,113.19,2022-05-02,MarketResult_SEM-DA_PWR-MRC-D+1_20220501100000_20220501103530.csv
2022-05-02T02:00:00Z,1.0,106.92,2022-05-02,MarketResult_SEM-DA_PWR-MRC-D+1_20220501100000_20220501103530.csv
2022-05-02T03:00:00Z,1.0,106.71,2022-05-02,MarketResult_SEM-DA_PWR-MRC-D+1_20220501100000_20220501103530.csv
2022-05-02T04:00:00Z,1.0,106.93,2022-05-02,MarketResult_SEM-DA_PWR-MRC-D+1_20220501100000_20220501103530.csv
2022-05-02T05:00:00Z,1.0,106.7,2022-05-02,MarketResult_SEM-DA_PWR-MRC-D+1_20220501100000_20220501103530.csv
2022-05-02T06:00:00Z,1.0,124.01,2022-05-02,MarketResult_SEM-DA_PWR-MRC-D+1_20220501100000_20220501103530.csv
2022-05-02T07:00:00Z,1.0,191.22,2022-05-02,MarketResult_SEM-DA_PWR-MRC-D+1_20220501100000_20220501103530.csv
2022-05-02T08:00:00Z,1.0,202.03,2022-05-02,MarketResult_SEM-DA_PWR-MRC-D+1_20220501100000_20220501103530.csv
2022-05-02T09:00:00Z,1.0,213.58,2022-05-02,MarketResult_SEM-DA_PWR-MRC-D+1_20220501100000_20220501103530.csv
2022-05-02T10:00:00Z,1.0,215.0,2022-05-02,MarketResult_SEM-DA_PWR-MRC-D+1_20220501100000_20220501103530.csv
2022-05-02T11:00:00Z,1.0,215.0,2022-05-02,MarketResult_SEM-DA_PWR-MRC-D+1_20220501100000_20220501103530.csv
2022-05-02T12:00:00Z,1.0,205.0,2022-05-02,MarketResult_SEM-DA_PWR-MRC-D+1_20220501100000_20220501103530.csv
2022-05-02T13:00:00Z,1.0,197.2,2022-05-02,MarketResult_SEM-DA_PWR-MRC-D+1_20220501100000_20220501103530.csv
2022-05-02T14:00:00Z,1.0,210.7,2022-05-02,MarketResult_SEM-DA_PWR-MRC-D+1_20220501100000_20220501103530.csv
2022-05-02T15:00:00Z,1.0,233.0,2022-05-02,MarketResult_SEM-DA_PWR-MRC-D+1_20220501100000_20220501103530.csv
2022-05-02T16:00:00Z,1.0,249.13,2022-05-02,MarketResult_SEM-DA_PWR-MRC-D+1_20220501100000_20220501103530.csv
2022-05-02T17:00:00Z,1.0,248.54,2022-05-02,MarketResult_SEM-DA_PWR-MRC-D+1_20220501100000_20220501103530.csv
2022-05-02T18:00:00Z,1.0,244.2,2022-05-02,MarketResult_SEM-DA_PWR-MRC-D+1_20220501100000_20220501103530.csv
2022-05-02T19:00:00Z,1.0,232.12,2022-05-02,MarketResult_SEM-DA_PWR-MRC-D+1_20220501100000_20220501103530.csv
2022-05-02T20:00:00Z,1.0,233.5,2022-05-02,MarketResult_SEM-DA_PWR-MRC-D+1_20220501100000_20220501103530.csv
2022-05-02T21:00:00Z,1.0,175.0,2022-05-02,MarketResult_SEM-DA_PWR-MRC-D+1_20220501100000_20220501103530.csv
2022-05-02T22:00:00Z,1.0,156.0,2022-05-03,MarketResult_SEM-DA_PWR-MRC-D+1_20220502100000_20220502103535.csv
2022-05-02T23:00:00Z,1.0,137.48,2022-05-03,MarketResult_SEM-DA_PWR-MRC-D+1_20220502100000_20220502103535.csv
2022-05-03T00:00:00Z,1.0,137.48,2022-05-03,MarketResult_SEM-DA_PWR-MRC-D+1_20220502100000_20220502103535.csv
2022-05-03T01:00:00Z,1.0,130.0,2022-05-03,MarketResult_SEM-DA_PWR-MRC-D+1_20220502100000_20220502103535.csv
2022-05-03T02:00:00Z,1.0,128.65,2022-05-03,MarketResult_SEM-DA_PWR-MRC-D+1_20220502100000_20220502103535.csv
2022-05-03T03:00:00Z,1.0,128.0,2022-05-03,MarketResult_SEM-DA_PWR-MRC-D+1_20220502100000_20220502103535.csv
2022-05-03T04:00:00Z,1.0,134.53,2022-05-03,MarketResult_SEM-DA_PWR-MRC-D+1_20220502100000_20220502103535.csv
2022-05-03T05:00:00Z,1.0,166.04,2022-05-03,MarketResult_SEM-DA_PWR-MRC-D+1_20220502100000_20220502103535.csv
2022-05-03T06:00:00Z,1.0,258.37,2022-05-03,MarketResult_SEM-DA_PWR-MRC-D+1_20220502100000_20220502103535.csv
2022-05-03T07:00:00Z,1.0,276.0,2022-05-03,MarketResult_SEM-DA_PWR-MRC-D+1_20220502100000_20220502103535.csv
2022-05-03T08:00:00Z,1.0,274.3,2022-05-03,MarketResult_SEM-DA_PWR-MRC-D+1_20220502100000_20220502103535.csv
2022-05-03T09:00:00Z,1.0,275.77,2022-05-03,MarketResult_SEM-DA_PWR-MRC-D+1_20220502100000_20220502103535.csv
2022-05-03T10:00:00Z,1.0,276.0,2022-05-03,MarketResult_SEM-DA_PWR-MRC-D+1_20220502100000_20220502103535.csv
2022-05-03T11:00:00Z,1.0,274.06,2022-05-03,MarketResult_SEM-DA_PWR-MRC-D+1_20220502100000_20220502103535.csv
2022-05-03T12:00:00Z,1.0,255.0,2022-05-03,MarketResult_SEM-DA_PWR-MRC-D+1_20220502100000_20220502103535.csv
2022-05-03T13:00:00Z,1.0,228.3,2022-05-03,MarketResult_SEM-DA_PWR-MRC-D+1_20220502100000_20220502103535.csv
2022-05-03T14:00:00Z,1.0,228.3,2022-05-03,MarketResult_SEM-DA_PWR-MRC-D+1_20220502100000_20220502103535.csv
2022-05-03T15:00:00Z,1.0,249.1,2022-05-03,MarketResult_SEM-DA_PWR-MRC-D+1_20220502100000_20220502103535.csv
2022-05-03T16:00:00Z,1.0,274.7,2022-05-03,MarketResult_SEM-DA_PWR-MRC-D+1_20220502100000_20220502103535.csv
2022-05-03T17:00:00Z,1.0,272.0,2022-05-03,MarketResult_SEM-DA_PWR-MRC-D+1_20220502100000_20220502103535.csv
2022-05-03T18:00:00Z,1.0,262.64,2022-05-03,MarketResult_SEM-DA_PWR-MRC-D+1_20220502100000_20220502103535.csv
2022-05-03T19:00:00Z,1.0,250.86,2022-05-03,MarketResult_SEM-DA_PWR-MRC-D+1_20220502100000_20220502103535.csv
2022-05-03T20:00:00Z,1.0,224.0,2022-05-03,MarketResult_SEM-DA_PWR-MRC-D+1_20220502100000_20220502103535.csv
2022-05-03T21:00:00Z,1.0,174.4,2022-05-03,MarketResult_SEM-DA_PWR-MRC-D+1_20220502100000_20220502103535.csv
2022-05-03T22:00:00Z,1.0,158.81,2022-05-04,MarketResult_SEM-DA_PWR-MRC-D+1_20220503100000_20220503103822.csv
2022-05-03T23:00:00Z,1.0,135.1,2022-05-04,MarketResult_SEM-DA_PWR-MRC-D+1_20220503100000_20220503103822.csv
2022-05-04T00:00:00Z,1.0,131.18,2022-05-04,MarketResult_SEM-DA_PWR-MRC-D+1_20220503100000_20220503103822.csv
2022-05-04T01:00:00Z,1.0,127.44,2022-05-04,MarketResult_SEM-DA_PWR-MRC-D+1_20220503100000_20220503103822.csv
2022-05-04T02:00:00Z,1.0,123.92,2022-05-04,MarketResult_SEM-DA_PWR-MRC-D+1_20220503100000_20220503103822.csv
2022-05-04T03:00:00Z,1.0,128.0,2022-05-04,MarketResult_SEM-DA_PWR-MRC-D+1_20220503100000_20220503103822.csv
2022-05-04T04:00:00Z,1.0,125.0,2022-05-04,MarketResult_SEM-DA_PWR-MRC-D+1_20220503100000_20220503103822.csv
2022-05-04T05:00:00Z,1.0,142.0,2022-05-04,MarketResult_SEM-DA_PWR-MRC-D+1_20220503100000_20220503103822.csv
2022-05-04T06:00:00Z,1.0,224.0,2022-05-04,MarketResult_SEM-DA_PWR-MRC-D+1_20220503100000_20220503103822.csv
2022-05-04T07:00:00Z,1.0,241.0,2022-05-04,MarketResult_SEM-DA_PWR-MRC-D+1_20220503100000_20220503103822.csv
2022-05-04T08:00:00Z,1.0,222.4,2022-05-04,MarketResult_SEM-DA_PWR-MRC-D+1_20220503100000_20220503103822.csv
2022-05-04T09:00:00Z,1.0,211.1,2022-05-04,MarketResult_SEM-DA_PWR-MRC-D+1_20220503100000_20220503103822.csv
2022-05-04T10:00:00Z,1.0,200.7,2022-05-04,MarketResult_SEM-DA_PWR-MRC-D+1_20220503100000_20220503103822.csv
2022-05-04T11:00:00Z,1.0,200.29,2022-05-04,MarketResult_SEM-DA_PWR-MRC-D+1_20220503100000_20220503103822.csv
2022-05-04T12:00:00Z,1.0,195.1,2022-05-04,MarketResult_SEM-DA_PWR-MRC-D+1_20220503100000_20220503103822.csv
2022-05-04T13:00:00Z,1.0,179.0,2022-05-04,MarketResult_SEM-DA_PWR-MRC-D+1_20220503100000_20220503103822.csv
2022-05-04T14:00:00Z,1.0,180.29,2022-05-04,MarketResult_SEM-DA_PWR-MRC-D+1_20220503100000_20220503103822.csv
2022-05-04T15:00:00Z,1.0,214.1,2022-05-04,MarketResult_SEM-DA_PWR-MRC-D+1_20220503100000_20220503103822.csv
2022-05-04T16:00:00Z,1.0,252.2,2022-05-04,MarketResult_SEM-DA_PWR-MRC-D+1_20220503100000_20220503103822.csv
2022-05-04T17:00:00Z,1.0,269.0,2022-05-04,MarketResult_SEM-DA_PWR-MRC-D+1_20220503100000_20220503103822.csv
2022-05-04T18:00:00Z,1.0,265.0,2022-05-04,MarketResult_SEM-DA_PWR-MRC-D+1_20220503100000_20220503103822.csv
2022-05-04T19:00:00Z,1.0,259.48,2022-05-04,MarketResult_SEM-DA_PWR-MRC-D+1_20220503100000_20220503103822.csv
2022-05-04T20:00:00Z,1.0,261.4,2022-05-04,MarketResult_SEM-DA_PWR-MRC-D+1_20220503100000_20220503103822.csv
2022-05-04T21:00:00Z,1.0,197.91,2022-05-04,MarketResult_SEM-DA_PWR-MRC-D+1_20220503100000_20220503103822.csv
2022-05-04T22:00:00Z,1.0,155.0,2022-05-05,MarketResult_SEM-DA_PWR-MRC-D+1_20220504100000_20220504103502.csv
2022-05-04T23:00:00Z,1.0,145.0,2022-05-05,MarketResult_SEM-DA_PWR-MRC-D+1_20220504100000_20220504103502.csv
2022-05-05T00:00:00Z,1.0,140.04,2022-05-05,MarketResult_SEM-DA_PWR-MRC-D+1_20220504100000_20220504103502.csv
2022-05-05T01:00:00Z,1.0,139.0,2022-05-05,MarketResult_SEM-DA_PWR-MRC-D+1_20220504100000_20220504103502.csv
2022-05-05T02:00:00Z,1.0,133.0,2022-05-05,MarketResult_SEM-DA_PWR-MRC-D+1_20220504100000_20220504103502.csv
2022-05-05T03:00:00Z,1.0,133.0,2022-05-05,MarketResult_SEM-DA_PWR-MRC-D+1_20220504100000_20220504103502.csv
2022-05-05T04:00:00Z,1.0,130.98,2022-05-05,MarketResult_SEM-DA_PWR-MRC-D+1_20220504100000_20220504103502.csv
2022-05-05T05:00:00Z,1.0,145.08,2022-05-05,MarketResult_SEM-DA_PWR-MRC-D+1_20220504100000_20220504103502.csv
2022-05-05T06:00:00Z,1.0,235.0,2022-05-05,MarketResult_SEM-DA_PWR-MRC-D+1_20220504100000_20220504103502.csv
2022-05-05T07:00:00Z,1.0,242.0,2022-05-05,MarketResult_SEM-DA_PWR-MRC-D+1_20220504100000_20220504103502.csv
2022-05-05T08:00:00Z,1.0,222.0,2022-05-05,MarketResult_SEM-DA_PWR-MRC-D+1_20220504100000_20220504103502.csv
2022-05-05T09:00:00Z,1.0,200.0,2022-05-05,MarketResult_SEM-DA_PWR-MRC-D+1_20220504100000_20220504103502.csv
2022-05-05T10:00:00Z,1.0,188.0,2022-05-05,MarketResult_SEM-DA_PWR-MRC-D+1_20220504100000_20220504103502.csv
2022-05-05T11:00:00Z,1.0,180.79,2022-05-05,MarketResult_SEM-DA_PWR-MRC-D+1_20220504100000_20220504103502.csv
2022-05-05T12:00:00Z,1.0,177.44,2022-05-05,MarketResult_SEM-DA_PWR-MRC-D+1_20220504100000_20220504103502.csv
2022-05-05T13:00:00Z,1.0,171.43,2022-05-05,MarketResult_SEM-DA_PWR-MRC-D+1_20220504100000_20220504103502.csv
2022-05-05T14:00:00Z,1.0,169.0,2022-05-05,MarketResult_SEM-DA_PWR-MRC-D+1_20220504100000_20220504103502.csv
2022-05-05T15:00:00Z,1.0,172.17,2022-05-05,MarketResult_SEM-DA_PWR-MRC-D+1_20220504100000_20220504103502.csv
2022-05-05T16:00:00Z,1.0,185.0,2022-05-05,MarketResult_SEM-DA_PWR-MRC-D+1_20220504100000_20220504103502.csv
2022-05-05T17:00:00Z,1.0,209.0,2022-05-05,MarketResult_SEM-DA_PWR-MRC-D+1_20220504100000_20220504103502.csv
2022-05-05T18:00:00Z,1.0,209.0,2022-05-05,MarketResult_SEM-DA_PWR-MRC-D+1_20220504100000_20220504103502.csv
2022-05-05T19:00:00Z,1.0,199.0,2022-05-05,MarketResult_SEM-DA_PWR-MRC-D+1_20220504100000_20220504103502.csv
2022-05-05T20:00:00Z,1.0,198.0,2022-05-05,MarketResult_SEM-DA_PWR-MRC-D+1_20220504100000_20220504103502.csv
2022-05-05T21:00:00Z,1.0,139.68,2022-05-05,MarketResult_SEM-DA_PWR-MRC-D+1_20220504100000_20220504103502.csv
2022-05-05T22:00:00Z,1.0,127.76,2022-05-06,MarketResult_SEM-DA_PWR-MRC-D+1_20220505100000_20220505103538.csv
2022-05-05T23:00:00Z,1.0,109.75,2022-05-06,MarketResult_SEM-DA_PWR-MRC-D+1_20220505100000_20220505103538.csv
2022-05-06T00:00:00Z,1.0,102.12,2022-05-06,MarketResult_SEM-DA_PWR-MRC-D+1_20220505100000_20220505103538.csv
2022-05-06T01:00:00Z,1.0,102.12,2022-05-06,MarketResult_SEM-DA_PWR-MRC-D+1_20220505100000_20220505103538.csv
2022-05-06T02:00:00Z,1.0,99.72,2022-05-06,MarketResult_SEM-DA_PWR-MRC-D+1_20220505100000_20220505103538.csv
2022-05-06T03:00:00Z,1.0,99.72,2022-05-06,MarketResult_SEM-DA_PWR-MRC-D+1_20220505100000_20220505103538.csv
2022-05-06T04:00:00Z,1.0,101.44,2022-05-06,MarketResult_SEM-DA_PWR-MRC-D+1_20220505100000_20220505103538.csv
2022-05-06T05:00:00Z,1.0,115.0,2022-05-06,MarketResult_SEM-DA_PWR-MRC-D+1_20220505100000_20220505103538.csv
2022-05-06T06:00:00Z,1.0,145.0,2022-05-06,MarketResult_SEM-DA_PWR-MRC-D+1_20220505100000_20220505103538.csv
2022-05-06T07:00:00Z,1.0,198.17,2022-05-06,MarketResult_SEM-DA_PWR-MRC-D+1_20220505100000_20220505103538.csv
2022-05-06T08:00:00Z,1.0,185.0,2022-05-06,MarketResult_SEM-DA_PWR-MRC-D+1_20220505100000_20220505103538.csv
2022-05-06T09:00:00Z,1.0,161.02,2022-05-06,MarketResult_SEM-DA_PWR-MRC-D+1_20220505100000_20220505103538.csv
2022-05-06T10:00:00Z,1.0,145.68,2022-05-06,MarketResult_SEM-DA_PWR-MRC-D+1_20220505100000_20220505103538.csv
2022-05-06T11:00:00Z,1.0,144.0,2022-05-06,MarketResult_SEM-DA_PWR-MRC-D+1_20220505100000_20220505103538.csv
2022-05-06T12:00:00Z,1.0,144.0,2022-05-06,MarketResult_SEM-DA_PWR-MRC-D+1_20220505100000_20220505103538.csv
2022-05-06T13:00:00Z,1.0,130.59,2022-05-06,MarketResult_SEM-DA_PWR-MRC-D+1_20220505100000_20220505103538.csv
2022-05-06T14:00:00Z,1.0,129.96,2022-05-06,MarketResult_SEM-DA_PWR-MRC-D+1_20220505100000_20220505103538.csv
2022-05-06T15:00:00Z,1.0,192.0,2022-05-06,MarketResult_SEM-DA_PWR-MRC-D+1_20220505100000_20220505103538.csv
2022-05-06T16:00:00Z,1.0,219.45,2022-05-06,MarketResult_SEM-DA_PWR-MRC-D+1_20220505100000_20220505103538.csv
2022-05-06T17:00:00Z,1.0,227.6,2022-05-06,MarketResult_SEM-DA_PWR-MRC-D+1_20220505100000_20220505103538.csv
2022-05-06T18:00:00Z,1.0,225.0,2022-05-06,MarketResult_SEM-DA_PWR-MRC-D+1_20220505100000_20220505103538.csv
2022-05-06T19:00:00Z,1.0,222.6,2022-05-06,MarketResult_SEM-DA_PWR-MRC-D+1_20220505100000_20220505103538.csv
2022-05-06T20:00:00Z,1.0,252.0,2022-05-06,MarketResult_SEM-DA_PWR-MRC-D+1_20220505100000_20220505103538.csv
2022-05-06T21:00:00Z,1.0,210.6,2022-05-06,MarketResult_SEM-DA_PWR-MRC-D+1_20220505100000_20220505103538.csv
2022-05-06T22:00:00Z,1.0,158.33,2022-05-07,MarketResult_SEM-DA_PWR-MRC-D+1_20220506100000_20220506103820.csv
2022-05-06T23:00:00Z,1.0,160.01,2022-05-07,MarketResult_SEM-DA_PWR-MRC-D+1_20220506100000_20220506103820.csv
2022-05-07T00:00:00Z,1.0,146.21,2022-05-07,MarketResult_SEM-DA_PWR-MRC-D+1_20220506100000_20220506103820.csv
2022-05-07T01:00:00Z,1.0,140.04,2022-05-07,MarketResult_SEM-DA_PWR-MRC-D+1_20220506100000_20220506103820.csv
2022-05-07T02:00:00Z,1.0,131.88,2022-05-07,MarketResult_SEM-DA_PWR-MRC-D+1_20220506100000_20220506103820.csv
2022-05-07T03:00:00Z,1.0,131.88,2022-05-07,MarketResult_SEM-DA_PWR-MRC-D+1_20220506100000_20220506103820.csv
2022-05-07T04:00:00Z,1.0,127.61,2022-05-07,MarketResult_SEM-DA_PWR-MRC-D+1_20220506100000_20220506103820.csv
2022-05-07T05:00:00Z,1.0,110.0,2022-05-07,MarketResult_SEM-DA_PWR-MRC-D+1_20220506100000_20220506103820.csv
2022-05-07T06:00:00Z,1.0,155.41,2022-05-07,MarketResult_SEM-DA_PWR-MRC-D+1_20220506100000_20220506103820.csv
2022-05-07T07:00:00Z,1.0,197.15,2022-05-07,MarketResult_SEM-DA_PWR-MRC-D+1_20220506100000_20220506103820.csv
2022-05-07T08:00:00Z,1.0,204.06,2022-05-07,MarketResult_SEM-DA_PWR-MRC-D+1_20220506100000_20220506103820.csv
2022-05-07T09:00:00Z,1.0,217.33,2022-05-07,MarketResult_SEM-DA_PWR-MRC-D+1_20220506100000_20220506103820.csv
2022-05-07T10:00:00Z,1.0,199.0,2022-05-07,MarketResult_SEM-DA_PWR-MRC-D+1_20220506100000_20220506103820.csv
2022-05-07T11:00:00Z,1.0,197.0,2022-05-07,MarketResult_SEM-DA_PWR-MRC-D+1_20220506100000_20220506103820.csv
2022-05-07T12:00:00Z,1.0,178.28,2022-05-07,MarketResult_SEM-DA_PWR-MRC-D+1_20220506100000_20220506103820.csv
2022-05-07T13:00:00Z,1.0,155.66,2022-05-07,MarketResult_SEM-DA_PWR-MRC-D+1_20220506100000_20220506103820.csv
2022-05-07T14:00:00Z,1.0,148.49,2022-05-07,MarketResult_SEM-DA_PWR-MRC-D+1_20220506100000_20220506103820.csv
2022-05-07T15:00:00Z,1.0,173.76,2022-05-07,MarketResult_SEM-DA_PWR-MRC-D+1_20220506100000_20220506103820.csv
2022-05-07T16:00:00Z,1.0,200.0,2022-05-07,MarketResult_SEM-DA_PWR-MRC-D+1_20220506100000_20220506103820.csv
2022-05-07T17:00:00Z,1.0,206.73,2022-05-07,MarketResult_SEM-DA_PWR-MRC-D+1_20220506100000_20220506103820.csv
2022-05-07T18:00:00Z,1.0,204.4,2022-05-07,MarketResult_SEM-DA_PWR-MRC-D+1_20220506100000_20220506103820.csv
2022-05-07T19:00:00Z,1.0,195.0,2022-05-07,MarketResult_SEM-DA_PWR-MRC-D+1_20220506100000_20220506103820.csv
2022-05-07T20:00:00Z,1.0,188.92,2022-05-07,MarketResult_SEM-DA_PWR-MRC-D+1_20220506100000_20220506103820.csv
2022-05-07T21:00:00Z,1.0,159.49,2022-05-07,MarketResult_SEM-DA_PWR-MRC-D+1_20220506100000_20220506103820.csv
2022-05-07T22:00:00Z,1.0,190.0,2022-05-08,MarketResult_SEM-DA_PWR-MRC-D+1_20220507100000_20220507103447.csv
2022-05-07T23:00:00Z,1.0,192.2,2022-05-08,MarketResult_SEM-DA_PWR-MRC-D+1_20220507100000_20220507103447.csv
2022-05-08T00:00:00Z,1.0,179.39,2022-05-08,MarketResult_SEM-DA_PWR-MRC-D+1_20220507100000_20220507103447.csv
2022-05-08T01:00:00Z,1.0,159.75,2022-05-08,MarketResult_SEM-DA_PWR-MRC-D+1_20220507100000_20220507103447.csv
2022-05-08T02:00:00Z,1.0,153.43,2022-05-08,MarketResult_SEM-DA_PWR-MRC-D+1_20220507100000_20220507103447.csv
2022-05-08T03:00:00Z,1.0,153.43,2022-05-08,MarketResult_SEM-DA_PWR-MRC-D+1_20220507100000_20220507103447.csv
2022-05-08T04:00:00Z,1.0,145.92,2022-05-08,MarketResult_SEM-DA_PWR-MRC-D+1_20220507100000_20220507103447.csv
2022-05-08T05:00:00Z,1.0,145.92,2022-05-08,MarketResult_SEM-DA_PWR-MRC-D+1_20220507100000_20220507103447.csv
2022-05-08T06:00:00Z,1.0,159.42,2022-05-08,MarketResult_SEM-DA_PWR-MRC-D+1_20220507100000_20220507103447.csv
2022-05-08T07:00:00Z,1.0,159.49,2022-05-08,MarketResult_SEM-DA_PWR-MRC-D+1_20220507100000_20220507103447.csv
2022-05-08T08:00:00Z,1.0,154.47,2022-05-08,MarketResult_SEM-DA_PWR-MRC-D+1_20220507100000_20220507103447.csv
2022-05-08T09:00:00Z,1.0,152.54,2022-05-08,MarketResult_SEM-DA_PWR-MRC-D+1_20220507100000_20220507103447.csv
2022-05-08T10:00:00Z,1.0,145.76,2022-05-08,MarketResult_SEM-DA_PWR-MRC-D+1_20220507100000_20220507103447.csv
2022-05-08T11:00:00Z,1.0,126.0,2022-05-08,MarketResult_SEM-DA_PWR-MRC-D+1_20220507100000_20220507103447.csv
2022-05-08T12:00:00Z,1.0,102.51,2022-05-08,MarketResult_SEM-DA_PWR-MRC-D+1_20220507100000_20220507103447.csv
2022-05-08T13:00:00Z,1.0,100.4,2022-05-08,MarketResult_SEM-DA_PWR-MRC-D+1_20220507100000_20220507103447.csv
2022-05-08T14:00:00Z,1.0,99.18,2022-05-08,MarketResult_SEM-DA_PWR-MRC-D+1_20220507100000_20220507103447.csv
2022-05-08T15:00:00Z,1.0,124.24,2022-05-08,MarketResult_SEM-DA_PWR-MRC-D+1_20220507100000_20220507103447.csv
2022-05-08T16:00:00Z,1.0,152.54,2022-05-08,MarketResult_SEM-DA_PWR-MRC-D+1_20220507100000_20220507103447.csv
2022-05-08T17:00:00Z,1.0,159.56,2022-05-08,MarketResult_SEM-DA_PWR-MRC-D+1_20220507100000_20220507103447.csv
2022-05-08T18:00:00Z,1.0,166.06,2022-05-08,MarketResult_SEM-DA_PWR-MRC-D+1_20220507100000_20220507103447.csv
2022-05-08T19:00:00Z,1.0,196.8,2022-05-08,MarketResult_SEM-DA_PWR-MRC-D+1_20220507100000_20220507103447.csv
2022-05-08T20:00:00Z,1.0,189.0,2022-05-08,MarketResult_SEM-DA_PWR-MRC-D+1_20220507100000_20220507103447.csv
2022-05-08T21:00:00Z,1.0,162.0,2022-05-08,MarketResult_SEM-DA_PWR-MRC-D+1_20220507100000_20220507103447.csv
2022-05-08T22:00:00Z,1.0,167.22,2022-05-09,MarketResult_SEM-DA_PWR-MRC-D+1_20220508100000_20220508103537.csv
2022-05-08T23:00:00Z,1.0,116.43,2022-05-09,MarketResult_SEM-DA_PWR-MRC-D+1_20220508100000_20220508103537.csv
2022-05-09T00:00:00Z,1.0,100.1,2022-05-09,MarketResult_SEM-DA_PWR-MRC-D+1_20220508100000_20220508103537.csv
2022-05-09T01:00:00Z,1.0,90.06,2022-05-09,MarketResult_SEM-DA_PWR-MRC-D+1_20220508100000_20220508103537.csv
2022-05-09T02:00:00Z,1.0,66.82,2022-05-09,MarketResult_SEM-DA_PWR-MRC-D+1_20220508100000_20220508103537.csv
2022-05-09T03:00:00Z,1.0,66.82,2022-05-09,MarketResult_SEM-DA_PWR-MRC-D+1_20220508100000_20220508103537.csv
2022-05-09T04:00:00Z,1.0,66.82,2022-05-09,MarketResult_SEM-DA_PWR-MRC-D+1_20220508100000_20220508103537.csv
2022-05-09T05:00:00Z,1.0,89.36,2022-05-09,MarketResult_SEM-DA_PWR-MRC-D+1_20220508100000_20220508103537.csv
2022-05-09T06:00:00Z,1.0,140.0,2022-05-09,MarketResult_SEM-DA_PWR-MRC-D+1_20220508100000_20220508103537.csv
2022-05-09T07:00:00Z,1.0,172.8,2022-05-09,MarketResult_SEM-DA_PWR-MRC-D+1_20220508100000_20220508103537.csv
2022-05-09T08:00:00Z,1.0,157.59,2022-05-09,MarketResult_SEM-DA_PWR-MRC-D+1_20220508100000_20220508103537.csv
2022-05-09T09:00:00Z,1.0,120.0,2022-05-09,MarketResult_SEM-DA_PWR-MRC-D+1_20220508100000_20220508103537.csv
2022-05-09T10:00:00Z,1.0,108.71,2022-05-09,MarketResult_SEM-DA_PWR-MRC-D+1_20220508100000_20220508103537.csv
2022-05-09T11:00:00Z,1.0,103.0,2022-05-09,MarketResult_SEM-DA_PWR-MRC-D+1_20220508100000_20220508103537.csv
2022-05-09T12:00:00Z,1.0,90.37,2022-05-09,MarketResult_SEM-DA_PWR-MRC-D+1_20220508100000_20220508103537.csv
2022-05-09T13:00:00Z,1.0,87.0,2022-05-09,MarketResult_SEM-DA_PWR-MRC-D+1_20220508100000_20220508103537.csv
2022-05-09T14:00:00Z,1.0,90.37,2022-05-09,MarketResult_SEM-DA_PWR-MRC-D+1_20220508100000_20220508103537.csv
2022-05-09T15:00:00Z,1.0,98.48,2022-05-09,MarketResult_SEM-DA_PWR-MRC-D+1_20220508100000_20220508103537.csv
2022-05-09T16:00:00Z,1.0,140.0,2022-05-09,MarketResult_SEM-DA_PWR-MRC-D+1_20220508100000_20220508103537.csv
2022-05-09T17:00:00Z,1.0,152.54,2022-05-09,MarketResult_SEM-DA_PWR-MRC-D+1_20220508100000_20220508103537.csv
2022-05-09T18:00:00Z,1.0,152.54,2022-05-09,MarketResult_SEM-DA_PWR-MRC-D+1_20220508100000_20220508103537.csv
2022-05-09T19:00:00Z,1.0,160.0,2022-05-09,MarketResult_SEM-DA_PWR-MRC-D+1_20220508100000_20220508103537.csv
2022-05-09T20:00:00Z,1.0,164.98,2022-05-09,MarketResult_SEM-DA_PWR-MRC-D+1_20220508100000_20220508103537.csv
2022-05-09T21:00:00Z,1.0,111.0,2022-05-09,MarketResult_SEM-DA_PWR-MRC-D+1_20220508100000_20220508103537.csv
2022-05-09T22:00:00Z,1.0,99.0,2022-05-10,MarketResult_SEM-DA_PWR-MRC-D+1_20220509100000_20220509104031.csv
2022-05-09T23:00:00Z,1.0,76.38,2022-05-10,MarketResult_SEM-DA_PWR-MRC-D+1_20220509100000_20220509104031.csv
2022-05-10T00:00:00Z,1.0,72.2,2022-05-10,MarketResult_SEM-DA_PWR-MRC-D+1_20220509100000_20220509104031.csv
2022-05-10T01:00:00Z,1.0,70.63,2022-05-10,MarketResult_SEM-DA_PWR-MRC-D+1_20220509100000_20220509104031.csv
2022-05-10T02:00:00Z,1.0,66.39,2022-05-10,MarketResult_SEM-DA_PWR-MRC-D+1_20220509100000_20220509104031.csv
2022-05-10T03:00:00Z,1.0,63.2,2022-05-10,MarketResult_SEM-DA_PWR-MRC-D+1_20220509100000_20220509104031.csv
2022-05-10T04:00:00Z,1.0,66.39,2022-05-10,MarketResult_SEM-DA_PWR-MRC-D+1_20220509100000_20220509104031.csv
2022-05-10T05:00:00Z,1.0,82.72,2022-05-10,MarketResult_SEM-DA_PWR-MRC-D+1_20220509100000_20220509104031.csv
2022-05-10T06:00:00Z,1.0,140.8,2022-05-10,MarketResult_SEM-DA_PWR-MRC-D+1_20220509100000_20220509104031.csv
2022-05-10T07:00:00Z,1.0,148.93,2022-05-10,MarketResult_SEM-DA_PWR-MRC-D+1_20220509100000_20220509104031.csv
2022-05-10T08:00:00Z,1.0,121.23,2022-05-10,MarketResult_SEM-DA_PWR-MRC-D+1_20220509100000_20220509104031.csv
2022-05-10T09:00:00Z,1.0,94.3,2022-05-10,MarketResult_SEM-DA_PWR-MRC-D+1_20220509100000_20220509104031.csv
2022-05-10T10:00:00Z,1.0,80.0,2022-05-10,MarketResult_SEM-DA_PWR-MRC-D+1_20220509100000_20220509104031.csv
2022-05-10T11:00:00Z,1.0,75.8,2022-05-10,MarketResult_SEM-DA_PWR-MRC-D+1_20220509100000_20220509104031.csv
2022-05-10T12:00:00Z,1.0,70.0,2022-05-10,MarketResult_SEM-DA_PWR-MRC-D+1_20220509100000_20220509104031.csv
2022-05-10T13:00:00Z,1.0,66.39,2022-05-10,MarketResult_SEM-DA_PWR-MRC-D+1_20220509100000_20220509104031.csv
2022-05-10T14:00:00Z,1.0,68.59,2022-05-10,MarketResult_SEM-DA_PWR-MRC-D+1_20220509100000_20220509104031.csv
2022-05-10T15:00:00Z,1.0,85.0,2022-05-10,MarketResult_SEM-DA_PWR-MRC-D+1_20220509100000_20220509104031.csv
2022-05-10T16:00:00Z,1.0,101.62,2022-05-10,MarketResult_SEM-DA_PWR-MRC-D+1_20220509100000_20220509104031.csv
2022-05-10T17:00:00Z,1.0,118.94,2022-05-10,MarketResult_SEM-DA_PWR-MRC-D+1_20220509100000_20220509104031.csv
2022-05-10T18:00:00Z,1.0,115.74,2022-05-10,MarketResult_SEM-DA_PWR-MRC-D+1_20220509100000_20220509104031.csv
2022-05-10T19:00:00Z,1.0,106.85,2022-05-10,MarketResult_SEM-DA_PWR-MRC-D+1_20220509100000_20220509104031.csv
2022-05-10T20:00:00Z,1.0,84.0,2022-05-10,MarketResult_SEM-DA_PWR-MRC-D+1_20220509100000_20220509104031.csv
2022-05-10T21:00:00Z,1.0,71.22,2022-05-10,MarketResult_SEM-DA_PWR-MRC-D+1_20220509100000_20220509104031.csv
2022-05-10T22:00:00Z,1.0,0.0,2022-05-11,MarketResult_SEM-DA_PWR-MRC-D+1_20220510100000_20220510114149.csv
2022-05-10T23:00:00Z,1.0,46.86,2022-05-11,MarketResult_SEM-DA_PWR-MRC-D+1_20220510100000_20220510114149.csv
2022-05-11T00:00:00Z,1.0,29.37,2022-05-11,MarketResult_SEM-DA_PWR-MRC-D+1_20220510100000_20220510114149.csv
2022-05-11T01:00:00Z,1.0,42.87,2022-05-11,MarketResult_SEM-DA_PWR-MRC-D+1_20220510100000_20220510114149.csv
2022-05-11T02:00:00Z,1.0,46.12,2022-05-11,MarketResult_SEM-DA_PWR-MRC-D+1_20220510100000_20220510114149.csv
2022-05-11T03:00:00Z,1.0,49.64,2022-05-11,MarketResult_SEM-DA_PWR-MRC-D+1_20220510100000_20220510114149.csv
2022-05-11T04:00:00Z,1.0,67.23,2022-05-11,MarketResult_SEM-DA_PWR-MRC-D+1_20220510100000_20220510114149.csv
2022-05-11T05:00:00Z,1.0,83.98,2022-05-11,MarketResult_SEM-DA_PWR-MRC-D+1_20220510100000_20220510114149.csv
2022-05-11T06:00:00Z,1.0,141.8,2022-05-11,MarketResult_SEM-DA_PWR-MRC-D+1_20220510100000_20220510114149.csv
2022-05-11T07:00:00Z,1.0,142.63,2022-05-11,MarketResult_SEM-DA_PWR-MRC-D+1_20220510100000_20220510114149.csv
2022-05-11T08:00:00Z,1.0,120.0,2022-05-11,MarketResult_SEM-DA_PWR-MRC-D+1_20220510100000_20220510114149.csv
2022-05-11T09:00:00Z,1.0,94.65,2022-05-11,MarketResult_SEM-DA_PWR-MRC-D+1_20220510100000_20220510114149.csv
2022-05-11T10:00:00Z,1.0,77.0,2022-05-11,MarketResult_SEM-DA_PWR-MRC-D+1_20220510100000_20220510114149.csv
2022-05-11T11:00:00Z,1.0,75.0,2022-05-11,MarketResult_SEM-DA_PWR-MRC-D+1_20220510100000_20220510114149.csv
2022-05-11T12:00:00Z,1.0,58.08,2022-05-11,MarketResult_SEM-DA_PWR-MRC-D+1_20220510100000_20220510114149.csv
2022-05-11T13:00:00Z,1.0,53.54,2022-05-11,MarketResult_SEM-DA_PWR-MRC-D+1_20220510100000_20220510114149.csv
2022-05-11T14:00:00Z,1.0,56.92,2022-05-11,MarketResult_SEM-DA_PWR-MRC-D+1_20220510100000_20220510114149.csv
2022-05-11T15:00:00Z,1.0,89.0,2022-05-11,MarketResult_SEM-DA_PWR-MRC-D+1_20220510100000_20220510114149.csv
2022-05-11T16:00:00Z,1.0,84.21,2022-05-11,MarketResult_SEM-DA_PWR-MRC-D+1_20220510100000_20220510114149.csv
2022-05-11T17:00:00Z,1.0,84.0,2022-05-11,MarketResult_SEM-DA_PWR-MRC-D+1_20220510100000_20220510114149.csv
2022-05-11T18:00:00Z,1.0,87.88,2022-05-11,MarketResult_SEM-DA_PWR-MRC-D+1_20220510100000_20220510114149.csv
2022-05-11T19:00:00Z,1.0,91.1,2022-05-11,MarketResult_SEM-DA_PWR-MRC-D+1_20220510100000_20220510114149.csv
2022-05-11T20:00:00Z,1.0,111.7,2022-05-11,MarketResult_SEM-DA_PWR-MRC-D+1_20220510100000_20220510114149.csv
2022-05-11T21:00:00Z,1.0,82.35,2022-05-11,MarketResult_SEM-DA_PWR-MRC-D+1_20220510100000_20220510114149.csv
2022-05-11T22:00:00Z,1.0,99.83,2022-05-12,MarketResult_SEM-DA_PWR-MRC-D+1_20220511100000_20220511103552.csv
2022-05-11T23:00:00Z,1.0,86.23,2022-05-12,MarketResult_SEM-DA_PWR-MRC-D+1_20220511100000_20220511103552.csv
2022-05-12T00:00:00Z,1.0,85.79,2022-05-12,MarketResult_SEM-DA_PWR-MRC-D+1_20220511100000_20220511103552.csv
2022-05-12T01:00:00Z,1.0,83.74,2022-05-12,MarketResult_SEM-DA_PWR-MRC-D+1_20220511100000_20220511103552.csv
2022-05-12T02:00:00Z,1.0,81.75,2022-05-12,MarketResult_SEM-DA_PWR-MRC-D+1_20220511100000_20220511103552.csv
2022-05-12T03:00:00Z,1.0,81.81,2022-05-12,MarketResult_SEM-DA_PWR-MRC-D+1_20220511100000_20220511103552.csv
2022-05-12T04:00:00Z,1.0,84.0,2022-05-12,MarketResult_SEM-DA_PWR-MRC-D+1_20220511100000_20220511103552.csv
2022-05-12T05:00:00Z,1.0,90.82,2022-05-12,MarketResult_SEM-DA_PWR-MRC-D+1_20220511100000_20220511103552.csv
2022-05-12T06:00:00Z,1.0,148.06,2022-05-12,MarketResult_SEM-DA_PWR-MRC-D+1_20220511100000_20220511103552.csv
2022-05-12T07:00:00Z,1.0,145.0,2022-05-12,MarketResult_SEM-DA_PWR-MRC-D+1_20220511100000_20220511103552.csv
2022-05-12T08:00:00Z,1.0,113.81,2022-05-12,MarketResult_SEM-DA_PWR-MRC-D+1_20220511100000_20220511103552.csv
2022-05-12T09:00:00Z,1.0,85.0,2022-05-12,MarketResult_SEM-DA_PWR-MRC-D+1_20220511100000_20220511103552.csv
2022-05-12T10:00:00Z,1.0,72.67,2022-05-12,MarketResult_SEM-DA_PWR-MRC-D+1_20220511100000_20220511103552.csv
2022-05-12T11:00:00Z,1.0,69.24,2022-05-12,MarketResult_SEM-DA_PWR-MRC-D+1_20220511100000_20220511103552.csv
2022-05-12T12:00:00Z,1.0,63.53,2022-05-12,MarketResult_SEM-DA_PWR-MRC-D+1_20220511100000_20220511103552.csv
2022-05-12T13:00:00Z,1.0,60.28,2022-05-12,MarketResult_SEM-DA_PWR-MRC-D+1_20220511100000_20220511103552.csv
2022-05-12T14:00:00Z,1.0,59.73,2022-05-12,MarketResult_SEM-DA_PWR-MRC-D+1_20220511100000_20220511103552.csv
2022-05-12T15:00:00Z,1.0,74.09,2022-05-12,MarketResult_SEM-DA_PWR-MRC-D+1_20220511100000_20220511103552.csv
2022-05-12T16:00:00Z,1.0,85.0,2022-05-12,MarketResult_SEM-DA_PWR-MRC-D+1_20220511100000_20220511103552.csv
2022-05-12T17:00:00Z,1.0,81.63,2022-05-12,MarketResult_SEM-DA_PWR-MRC-D+1_20220511100000_20220511103552.csv
2022-05-12T18:00:00Z,1.0,83.94,2022-05-12,MarketResult_SEM-DA_PWR-MRC-D+1_20220511100000_20220511103552.csv
2022-05-12T19:00:00Z,1.0,74.8,2022-05-12,MarketResult_SEM-DA_PWR-MRC-D+1_20220511100000_20220511103552.csv
2022-05-12T20:00:00Z,1.0,83.0,2022-05-12,MarketResult_SEM-DA_PWR-MRC-D+1_20220511100000_20220511103552.csv
2022-05-12T21:00:00Z,1.0,55.93,2022-05-12,MarketResult_SEM-DA_PWR-MRC-D+1_20220511100000_20220511103552.csv
2022-05-12T22:00:00Z,1.0,80.0,2022-05-13,MarketResult_SEM-DA_PWR-MRC-D+1_20220512100000_20220512103525.csv
2022-05-12T23:00:00Z,1.0,67.72,2022-05-13,MarketResult_SEM-DA_PWR-MRC-D+1_20220512100000_20220512103525.csv
2022-05-13T00:00:00Z,1.0,46.34,2022-05-13,MarketResult_SEM-DA_PWR-MRC-D+1_20220512100000_20220512103525.csv
2022-05-13T01:00:00Z,1.0,39.4,2022-05-13,MarketResult_SEM-DA_PWR-MRC-D+1_20220512100000_20220512103525.csv
2022-05-13T02:00:00Z,1.0,35.0,2022-05-13,MarketResult_SEM-DA_PWR-MRC-D+1_20220512100000_20220512103525.csv
2022-05-13T03:00:00Z,1.0,35.0,2022-05-13,MarketResult_SEM-DA_PWR-MRC-D+1_20220512100000_20220512103525.csv
2022-05-13T04:00:00Z,1.0,33.26,2022-05-13,MarketResult_SEM-DA_PWR-MRC-D+1_20220512100000_20220512103525.csv
2022-05-13T05:00:00Z,1.0,46.54,2022-05-13,MarketResult_SEM-DA_PWR-MRC-D+1_20220512100000_20220512103525.csv
2022-05-13T06:00:00Z,1.0,97.6,2022-05-13,MarketResult_SEM-DA_PWR-MRC-D+1_20220512100000_20220512103525.csv
2022-05-13T07:00:00Z,1.0,110.92,2022-05-13,MarketResult_SEM-DA_PWR-MRC-D+1_20220512100000_20220512103525.csv
2022-05-13T08:00:00Z,1.0,97.66,2022-05-13,MarketResult_SEM-DA_PWR-MRC-D+1_20220512100000_20220512103525.csv
2022-05-13T09:00:00Z,1.0,72.35,2022-05-13,MarketResult_SEM-DA_PWR-MRC-D+1_20220512100000_20220512103525.csv
2022-05-13T10:00:00Z,1.0,69.6,2022-05-13,MarketResult_SEM-DA_PWR-MRC-D+1_20220512100000_20220512103525.csv
2022-05-13T11:00:00Z,1.0,65.12,2022-05-13,MarketResult_SEM-DA_PWR-MRC-D+1_20220512100000_20220512103525.csv
2022-05-13T12:00:00Z,1.0,57.7,2022-05-13,MarketResult_SEM-DA_PWR-MRC-D+1_20220512100000_20220512103525.csv
2022-05-13T13:00:00Z,1.0,65.0,2022-05-13,MarketResult_SEM-DA_PWR-MRC-D+1_20220512100000_20220512103525.csv
2022-05-13T14:00:00Z,1.0,69.22,2022-05-13,MarketResult_SEM-DA_PWR-MRC-D+1_20220512100000_20220512103525.csv
2022-05-13T15:00:00Z,1.0,97.94,2022-05-13,MarketResult_SEM-DA_PWR-MRC-D+1_20220512100000_20220512103525.csv
2022-05-13T16:00:00Z,1.0,105.0,2022-05-13,MarketResult_SEM-DA_PWR-MRC-D+1_20220512100000_20220512103525.csv
2022-05-13T17:00:00Z,1.0,107.79,2022-05-13,MarketResult_SEM-DA_PWR-MRC-D+1_20220512100000_20220512103525.csv
2022-05-13T18:00:00Z,1.0,125.67,2022-05-13,MarketResult_SEM-DA_PWR-MRC-D+1_20220512100000_20220512103525.csv
2022-05-13T19:00:00Z,1.0,141.25,2022-05-13,MarketResult_SEM-DA_PWR-MRC-D+1_20220512100000_20220512103525.csv
2022-05-13T20:00:00Z,1.0,162.0,2022-05-13,MarketResult_SEM-DA_PWR-MRC-D+1_20220512100000_20220512103525.csv
2022-05-13T21:00:00Z,1.0,143.3,2022-05-13,MarketResult_SEM-DA_PWR-MRC-D+1_20220512100000_20220512103525.csv
2022-05-13T22:00:00Z,1.0,99.82,2022-05-14,MarketResult_SEM-DA_PWR-MRC-D+1_20220513100000_20220513103517.csv
2022-05-13T23:00:00Z,1.0,90.02,2022-05-14,MarketResult_SEM-DA_PWR-MRC-D+1_20220513100000_20220513103517.csv
2022-05-14T00:00:00Z,1.0,90.02,2022-05-14,MarketResult_SEM-DA_PWR-MRC-D+1_20220513100000_20220513103517.csv
2022-05-14T01:00:00Z,1.0,90.02,2022-05-14,MarketResult_SEM-DA_PWR-MRC-D+1_20220513100000_20220513103517.csv
2022-05-14T02:00:00Z,1.0,84.0,2022-05-14,MarketResult_SEM-DA_PWR-MRC-D+1_20220513100000_20220513103517.csv
2022-05-14T03:00:00Z,1.0,86.46,2022-05-14,MarketResult_SEM-DA_PWR-MRC-D+1_20220513100000_20220513103517.csv
2022-05-14T04:00:00Z,1.0,99.0,2022-05-14,MarketResult_SEM-DA_PWR-MRC-D+1_20220513100000_20220513103517.csv
2022-05-14T05:00:00Z,1.0,127.54,2022-05-14,MarketResult_SEM-DA_PWR-MRC-D+1_20220513100000_20220513103517.csv
2022-05-14T06:00:00Z,1.0,141.79,2022-05-14,MarketResult_SEM-DA_PWR-MRC-D+1_20220513100000_20220513103517.csv
2022-05-14T07:00:00Z,1.0,155.43,2022-05-14,MarketResult_SEM-DA_PWR-MRC-D+1_20220513100000_20220513103517.csv
2022-05-14T08:00:00Z,1.0,141.52,2022-05-14,MarketResult_SEM-DA_PWR-MRC-D+1_20220513100000_20220513103517.csv
2022-05-14T09:00:00Z,1.0,134.9,2022-05-14,MarketResult_SEM-DA_PWR-MRC-D+1_20220513100000_20220513103517.csv
2022-05-14T10:00:00Z,1.0,121.26,2022-05-14,MarketResult_SEM-DA_PWR-MRC-D+1_20220513100000_20220513103517.csv
2022-05-14T11:00:00Z,1.0,107.18,2022-05-14,MarketResult_SEM-DA_PWR-MRC-D+1_20220513100000_20220513103517.csv
2022-05-14T12:00:00Z,1.0,104.86,2022-05-14,MarketResult_SEM-DA_PWR-MRC-D+1_20220513100000_20220513103517.csv
2022-05-14T13:00:00Z,1.0,97.04,2022-05-14,MarketResult_SEM-DA_PWR-MRC-D+1_20220513100000_20220513103517.csv
2022-05-14T14:00:00Z,1.0,107.18,2022-05-14,MarketResult_SEM-DA_PWR-MRC-D+1_20220513100000_20220513103517.csv
2022-05-14T15:00:00Z,1.0,160.0,2022-05-14,MarketResult_SEM-DA_PWR-MRC-D+1_20220513100000_20220513103517.csv
2022-05-14T16:00:00Z,1.0,190.67,2022-05-14,MarketResult_SEM-DA_PWR-MRC-D+1_20220513100000_20220513103517.csv
2022-05-14T17:00:00Z,1.0,215.0,2022-05-14,MarketResult_SEM-DA_PWR-MRC-D+1_20220513100000_20220513103517.csv
2022-05-14T18:00:00Z,1.0,222.39,2022-05-14,MarketResult_SEM-DA_PWR-MRC-D+1_20220513100000_20220513103517.csv
2022-05-14T19:00:00Z,1.0,214.98,2022-05-14,MarketResult_SEM-DA_PWR-MRC-D+1_20220513100000_20220513103517.csv
2022-05-14T20:00:00Z,1.0,222.5,2022-05-14,MarketResult_SEM-DA_PWR-MRC-D+1_20220513100000_20220513103517.csv
2022-05-14T21:00:00Z,1.0,203.71,2022-05-14,MarketResult_SEM-DA_PWR-MRC-D+1_20220513100000_20220513103517.csv
2022-05-14T22:00:00Z,1.0,191.14,2022-05-15,MarketResult_SEM-DA_PWR-MRC-D+1_20220514100000_20220514103528.csv
2022-05-14T23:00:00Z,1.0,165.41,2022-05-15,MarketResult_SEM-DA_PWR-MRC-D+1_20220514100000_20220514103528.csv
2022-05-15T00:00:00Z,1.0,140.54,2022-05-15,MarketResult_SEM-DA_PWR-MRC-D+1_20220514100000_20220514103528.csv
2022-05-15T01:00:00Z,1.0,124.26,2022-05-15,MarketResult_SEM-DA_PWR-MRC-D+1_20220514100000_20220514103528.csv
2022-05-15T02:00:00Z,1.0,110.47,2022-05-15,MarketResult_SEM-DA_PWR-MRC-D+1_20220514100000_20220514103528.csv
2022-05-15T03:00:00Z,1.0,109.91,2022-05-15,MarketResult_SEM-DA_PWR-MRC-D+1_20220514100000_20220514103528.csv
2022-05-15T04:00:00Z,1.0,105.0,2022-05-15,MarketResult_SEM-DA_PWR-MRC-D+1_20220514100000_20220514103528.csv
2022-05-15T05:00:00Z,1.0,101.57,2022-05-15,MarketResult_SEM-DA_PWR-MRC-D+1_20220514100000_20220514103528.csv
2022-05-15T06:00:00Z,1.0,122.88,2022-05-15,MarketResult_SEM-DA_PWR-MRC-D+1_20220514100000_20220514103528.csv
2022-05-15T07:00:00Z,1.0,138.99,2022-05-15,MarketResult_SEM-DA_PWR-MRC-D+1_20220514100000_20220514103528.csv
2022-05-15T08:00:00Z,1.0,148.0,2022-05-15,MarketResult_SEM-DA_PWR-MRC-D+1_20220514100000_20220514103528.csv
2022-05-15T09:00:00Z,1.0,144.82,2022-05-15,MarketResult_SEM-DA_PWR-MRC-D+1_20220514100000_20220514103528.csv
2022-05-15T10:00:00Z,1.0,138.06,2022-05-15,MarketResult_SEM-DA_PWR-MRC-D+1_20220514100000_20220514103528.csv
2022-05-15T11:00:00Z,1.0,124.26,2022-05-15,MarketResult_SEM-DA_PWR-MRC-D+1_20220514100000_20220514103528.csv
2022-05-15T12:00:00Z,1.0,113.24,2022-05-15,MarketResult_SEM-DA_PWR-MRC-D+1_20220514100000_20220514103528.csv
2022-05-15T13:00:00Z,1.0,97.5,2022-05-15,MarketResult_SEM-DA_PWR-MRC-D+1_20220514100000_20220514103528.csv
2022-05-15T14:00:00Z,1.0,102.72,2022-05-15,MarketResult_SEM-DA_PWR-MRC-D+1_20220514100000_20220514103528.csv
2022-05-15T15:00:00Z,1.0,123.46,2022-05-15,MarketResult_SEM-DA_PWR-MRC-D+1_20220514100000_20220514103528.csv
2022-05-15T16:00:00Z,1.0,132.5,2022-05-15,MarketResult_SEM-DA_PWR-MRC-D+1_20220514100000_20220514103528.csv
2022-05-15T17:00:00Z,1.0,129.22,2022-05-15,MarketResult_SEM-DA_PWR-MRC-D+1_20220514100000_20220514103528.csv
2022-05-15T18:00:00Z,1.0,124.26,2022-05-15,MarketResult_SEM-DA_PWR-MRC-D+1_20220514100000_20220514103528.csv
2022-05-15T19:00:00Z,1.0,120.33,2022-05-15,MarketResult_SEM-DA_PWR-MRC-D+1_20220514100000_20220514103528.csv
2022-05-15T20:00:00Z,1.0,117.0,2022-05-15,MarketResult_SEM-DA_PWR-MRC-D+1_20220514100000_20220514103528.csv
2022-05-15T21:00:00Z,1.0,91.49,2022-05-15,MarketResult_SEM-DA_PWR-MRC-D+1_20220514100000_20220514103528.csv
2022-05-15T22:00:00Z,1.0,104.3,2022-05-16,MarketResult_SEM-DA_PWR-MRC-D+1_20220515100000_20220515103614.csv
2022-05-15T23:00:00Z,1.0,91.59,2022-05-16,MarketResult_SEM-DA_PWR-MRC-D+1_20220515100000_20220515103614.csv
2022-05-16T00:00:00Z,1.0,86.97,2022-05-16,MarketResult_SEM-DA_PWR-MRC-D+1_20220515100000_20220515103614.csv
2022-05-16T01:00:00Z,1.0,82.97,2022-05-16,MarketResult_SEM-DA_PWR-MRC-D+1_20220515100000_20220515103614.csv
2022-05-16T02:00:00Z,1.0,82.97,2022-05-16,MarketResult_SEM-DA_PWR-MRC-D+1_20220515100000_20220515103614.csv
2022-05-16T03:00:00Z,1.0,84.5,2022-05-16,MarketResult_SEM-DA_PWR-MRC-D+1_20220515100000_20220515103614.csv
2022-05-16T04:00:00Z,1.0,88.9,2022-05-16,MarketResult_SEM-DA_PWR-MRC-D+1_20220515100000_20220515103614.csv
2022-05-16T05:00:00Z,1.0,112.0,2022-05-16,MarketResult_SEM-DA_PWR-MRC-D+1_20220515100000_20220515103614.csv
2022-05-16T06:00:00Z,1.0,118.86,2022-05-16,MarketResult_SEM-DA_PWR-MRC-D+1_20220515100000_20220515103614.csv
2022-05-16T07:00:00Z,1.0,139.0,2022-05-16,MarketResult_SEM-DA_PWR-MRC-D+1_20220515100000_20220515103614.csv
2022-05-16T08:00:00Z,1.0,155.0,2022-05-16,MarketResult_SEM-DA_PWR-MRC-D+1_20220515100000_20220515103614.csv
2022-05-16T09:00:00Z,1.0,140.24,2022-05-16,MarketResult_SEM-DA_PWR-MRC-D+1_20220515100000_20220515103614.csv
2022-05-16T10:00:00Z,1.0,132.0,2022-05-16,MarketResult_SEM-DA_PWR-MRC-D+1_20220515100000_20220515103614.csv
2022-05-16T11:00:00Z,1.0,127.33,2022-05-16,MarketResult_SEM-DA_PWR-MRC-D+1_20220515100000_20220515103614.csv
2022-05-16T12:00:00Z,1.0,111.59,2022-05-16,MarketResult_SEM-DA_PWR-MRC-D+1_20220515100000_20220515103614.csv
2022-05-16T13:00:00Z,1.0,98.33,2022-05-16,MarketResult_SEM-DA_PWR-MRC-D+1_20220515100000_20220515103614.csv
2022-05-16T14:00:00Z,1.0,98.33,2022-05-16,MarketResult_SEM-DA_PWR-MRC-D+1_20220515100000_20220515103614.csv
2022-05-16T15:00:00Z,1.0,120.13,2022-05-16,MarketResult_SEM-DA_PWR-MRC-D+1_20220515100000_20220515103614.csv
2022-05-16T16:00:00Z,1.0,139.47,2022-05-16,MarketResult_SEM-DA_PWR-MRC-D+1_20220515100000_20220515103614.csv
2022-05-16T17:00:00Z,1.0,140.24,2022-05-16,MarketResult_SEM-DA_PWR-MRC-D+1_20220515100000_20220515103614.csv
2022-05-16T18:00:00Z,1.0,137.9,2022-05-16,MarketResult_SEM-DA_PWR-MRC-D+1_20220515100000_20220515103614.csv
2022-05-16T19:00:00Z,1.0,120.0,2022-05-16,MarketResult_SEM-DA_PWR-MRC-D+1_20220515100000_20220515103614.csv
2022-05-16T20:00:00Z,1.0,131.71,2022-05-16,MarketResult_SEM-DA_PWR-MRC-D+1_20220515100000_20220515103614.csv
2022-05-16T21:00:00Z,1.0,104.27,2022-05-16,MarketResult_SEM-DA_PWR-MRC-D+1_20220515100000_20220515103614.csv
2022-05-16T22:00:00Z,1.0,75.0,2022-05-17,MarketResult_SEM-DA_PWR-MRC-D+1_20220516100000_20220516103727.csv
2022-05-16T23:00:00Z,1.0,43.7,2022-05-17,MarketResult_SEM-DA_PWR-MRC-D+1_20220516100000_20220516103727.csv
2022-05-17T00:00:00Z,1.0,31.15,2022-05-17,MarketResult_SEM-DA_PWR-MRC-D+1_20220516100000_20220516103727.csv
2022-05-17T01:00:00Z,1.0,25.0,2022-05-17,MarketResult_SEM-DA_PWR-MRC-D+1_20220516100000_20220516103727.csv
2022-05-17T02:00:00Z,1.0,17.6,2022-05-17,MarketResult_SEM-DA_PWR-MRC-D+1_20220516100000_20220516103727.csv
2022-05-17T03:00:00Z,1.0,25.0,2022-05-17,MarketResult_SEM-DA_PWR-MRC-D+1_20220516100000_20220516103727.csv
2022-05-17T04:00:00Z,1.0,35.0,2022-05-17,MarketResult_SEM-DA_PWR-MRC-D+1_20220516100000_20220516103727.csv
2022-05-17T05:00:00Z,1.0,59.46,2022-05-17,MarketResult_SEM-DA_PWR-MRC-D+1_20220516100000_20220516103727.csv
2022-05-17T06:00:00Z,1.0,88.92,2022-05-17,MarketResult_SEM-DA_PWR-MRC-D+1_20220516100000_20220516103727.csv
2022-05-17T07:00:00Z,1.0,119.24,2022-05-17,MarketResult_SEM-DA_PWR-MRC-D+1_20220516100000_20220516103727.csv
2022-05-17T08:00:00Z,1.0,141.96,2022-05-17,MarketResult_SEM-DA_PWR-MRC-D+1_20220516100000_20220516103727.csv
2022-05-17T09:00:00Z,1.0,150.87,2022-05-17,MarketResult_SEM-DA_PWR-MRC-D+1_20220516100000_20220516103727.csv
2022-05-17T10:00:00Z,1.0,156.95,2022-05-17,MarketResult_SEM-DA_PWR-MRC-D+1_20220516100000_20220516103727.csv
2022-05-17T11:00:00Z,1.0,153.57,2022-05-17,MarketResult_SEM-DA_PWR-MRC-D+1_20220516100000_20220516103727.csv
2022-05-17T12:00:00Z,1.0,143.37,2022-05-17,MarketResult_SEM-DA_PWR-MRC-D+1_20220516100000_20220516103727.csv
2022-05-17T13:00:00Z,1.0,139.81,2022-05-17,MarketResult_SEM-DA_PWR-MRC-D+1_20220516100000_20220516103727.csv
2022-05-17T14:00:00Z,1.0,134.57,2022-05-17,MarketResult_SEM-DA_PWR-MRC-D+1_20220516100000_20220516103727.csv
2022-05-17T15:00:00Z,1.0,167.0,2022-05-17,MarketResult_SEM-DA_PWR-MRC-D+1_20220516100000_20220516103727.csv
2022-05-17T16:00:00Z,1.0,184.0,2022-05-17,MarketResult_SEM-DA_PWR-MRC-D+1_20220516100000_20220516103727.csv
2022-05-17T17:00:00Z,1.0,165.0,2022-05-17,MarketResult_SEM-DA_PWR-MRC-D+1_20220516100000_20220516103727.csv
2022-05-17T18:00:00Z,1.0,143.1,2022-05-17,MarketResult_SEM-DA_PWR-MRC-D+1_20220516100000_20220516103727.csv
2022-05-17T19:00:00Z,1.0,117.25,2022-05-17,MarketResult_SEM-DA_PWR-MRC-D+1_20220516100000_20220516103727.csv
2022-05-17T20:00:00Z,1.0,108.13,2022-05-17,MarketResult_SEM-DA_PWR-MRC-D+1_20220516100000_20220516103727.csv
2022-05-17T21:00:00Z,1.0,105.88,2022-05-17,MarketResult_SEM-DA_PWR-MRC-D+1_20220516100000_20220516103727.csv
2022-05-17T22:00:00Z,1.0,132.91,2022-05-18,MarketResult_SEM-DA_PWR-MRC-D+1_20220517100000_20220517103523.csv
2022-05-17T23:00:00Z,1.0,95.28,2022-05-18,MarketResult_SEM-DA_PWR-MRC-D+1_20220517100000_20220517103523.csv
2022-05-18T00:00:00Z,1.0,55.0,2022-05-18,MarketResult_SEM-DA_PWR-MRC-D+1_20220517100000_20220517103523.csv
2022-05-18T01:00:00Z,1.0,50.0,2022-05-18,MarketResult_SEM-DA_PWR-MRC-D+1_20220517100000_20220517103523.csv
2022-05-18T02:00:00Z,1.0,53.16,2022-05-18,MarketResult_SEM-DA_PWR-MRC-D+1_20220517100000_20220517103523.csv
2022-05-18T03:00:00Z,1.0,55.0,2022-05-18,MarketResult_SEM-DA_PWR-MRC-D+1_20220517100000_20220517103523.csv
2022-05-18T04:00:00Z,1.0,95.28,2022-05-18,MarketResult_SEM-DA_PWR-MRC-D+1_20220517100000_20220517103523.csv
2022-05-18T05:00:00Z,1.0,140.16,2022-05-18,MarketResult_SEM-DA_PWR-MRC-D+1_20220517100000_20220517103523.csv
2022-05-18T06:00:00Z,1.0,250.0,2022-05-18,MarketResult_SEM-DA_PWR-MRC-D+1_20220517100000_20220517103523.csv
2022-05-18T07:00:00Z,1.0,250.0,2022-05-18,MarketResult_SEM-DA_PWR-MRC-D+1_20220517100000_20220517103523.csv
2022-05-18T08:00:00Z,1.0,196.38,2022-05-18,MarketResult_SEM-DA_PWR-MRC-D+1_20220517100000_20220517103523.csv
2022-05-18T09:00:00Z,1.0,155.48,2022-05-18,MarketResult_SEM-DA_PWR-MRC-D+1_20220517100000_20220517103523.csv
2022-05-18T10:00:00Z,1.0,141.09,2022-05-18,MarketResult_SEM-DA_PWR-MRC-D+1_20220517100000_20220517103523.csv
2022-05-18T11:00:00Z,1.0,147.98,2022-05-18,MarketResult_SEM-DA_PWR-MRC-D+1_20220517100000_20220517103523.csv
2022-05-18T12:00:00Z,1.0,125.4,2022-05-18,MarketResult_SEM-DA_PWR-MRC-D+1_20220517100000_20220517103523.csv
2022-05-18T13:00:00Z,1.0,120.0,2022-05-18,MarketResult_SEM-DA_PWR-MRC-D+1_20220517100000_20220517103523.csv
2022-05-18T14:00:00Z,1.0,103.66,2022-05-18,MarketResult_SEM-DA_PWR-MRC-D+1_20220517100000_20220517103523.csv
2022-05-18T15:00:00Z,1.0,149.72,2022-05-18,MarketResult_SEM-DA_PWR-MRC-D+1_20220517100000_20220517103523.csv
2022-05-18T16:00:00Z,1.0,176.74,2022-05-18,MarketResult_SEM-DA_PWR-MRC-D+1_20220517100000_20220517103523.csv
2022-05-18T17:00:00Z,1.0,178.92,2022-05-18,MarketResult_SEM-DA_PWR-MRC-D+1_20220517100000_20220517103523.csv
2022-05-18T18:00:00Z,1.0,169.75,2022-05-18,MarketResult_SEM-DA_PWR-MRC-D+1_20220517100000_20220517103523.csv
2022-05-18T19:00:00Z,1.0,155.0,2022-05-18,MarketResult_SEM-DA_PWR-MRC-D+1_20220517100000_20220517103523.csv
2022-05-18T20:00:00Z,1.0,168.9,2022-05-18,MarketResult_SEM-DA_PWR-MRC-D+1_20220517100000_20220517103523.csv
2022-05-18T21:00:00Z,1.0,149.33,2022-05-18,MarketResult_SEM-DA_PWR-MRC-D+1_20220517100000_20220517103523.csv
2022-05-18T22:00:00Z,1.0,117.55,2022-05-19,MarketResult_SEM-DA_PWR-MRC-D+1_20220518100000_20220518103601.csv
2022-05-18T23:00:00Z,1.0,114.38,2022-05-19,MarketResult_SEM-DA_PWR-MRC-D+1_20220518100000_20220518103601.csv
2022-05-19T00:00:00Z,1.0,106.83,2022-05-19,MarketResult_SEM-DA_PWR-MRC-D+1_20220518100000_20220518103601.csv
2022-05-19T01:00:00Z,1.0,98.93,2022-05-19,MarketResult_SEM-DA_PWR-MRC-D+1_20220518100000_20220518103601.csv
2022-05-19T02:00:00Z,1.0,101.7,2022-05-19,MarketResult_SEM-DA_PWR-MRC-D+1_20220518100000_20220518103601.csv
2022-05-19T03:00:00Z,1.0,94.75,2022-05-19,MarketResult_SEM-DA_PWR-MRC-D+1_20220518100000_20220518103601.csv
2022-05-19T04:00:00Z,1.0,99.0,2022-05-19,MarketResult_SEM-DA_PWR-MRC-D+1_20220518100000_20220518103601.csv
2022-05-19T05:00:00Z,1.0,121.6,2022-05-19,MarketResult_SEM-DA_PWR-MRC-D+1_20220518100000_20220518103601.csv
2022-05-19T06:00:00Z,1.0,159.02,2022-05-19,MarketResult_SEM-DA_PWR-MRC-D+1_20220518100000_20220518103601.csv
2022-05-19T07:00:00Z,1.0,185.66,2022-05-19,MarketResult_SEM-DA_PWR-MRC-D+1_20220518100000_20220518103601.csv
2022-05-19T08:00:00Z,1.0,147.79,2022-05-19,MarketResult_SEM-DA_PWR-MRC-D+1_20220518100000_20220518103601.csv
2022-05-19T09:00:00Z,1.0,129.88,2022-05-19,MarketResult_SEM-DA_PWR-MRC-D+1_20220518100000_20220518103601.csv
2022-05-19T10:00:00Z,1.0,112.73,2022-05-19,MarketResult_SEM-DA_PWR-MRC-D+1_20220518100000_20220518103601.csv
2022-05-19T11:00:00Z,1.0,111.54,2022-05-19,MarketResult_SEM-DA_PWR-MRC-D+1_20220518100000_20220518103601.csv
2022-05-19T12:00:00Z,1.0,95.66,2022-05-19,MarketResult_SEM-DA_PWR-MRC-D+1_20220518100000_20220518103601.csv
2022-05-19T13:00:00Z,1.0,95.66,2022-05-19,MarketResult_SEM-DA_PWR-MRC-D+1_20220518100000_20220518103601.csv
2022-05-19T14:00:00Z,1.0,101.3,2022-05-19,MarketResult_SEM-DA_PWR-MRC-D+1_20220518100000_20220518103601.csv
2022-05-19T15:00:00Z,1.0,124.25,2022-05-19,MarketResult_SEM-DA_PWR-MRC-D+1_20220518100000_20220518103601.csv
2022-05-19T16:00:00Z,1.0,141.6,2022-05-19,MarketResult_SEM-DA_PWR-MRC-D+1_20220518100000_20220518103601.csv
2022-05-19T17:00:00Z,1.0,147.68,2022-05-19,MarketResult_SEM-DA_PWR-MRC-D+1_20220518100000_20220518103601.csv
2022-05-19T18:00:00Z,1.0,170.75,2022-05-19,MarketResult_SEM-DA_PWR-MRC-D+1_20220518100000_20220518103601.csv
2022-05-19T19:00:00Z,1.0,176.14,2022-05-19,MarketResult_SEM-DA_PWR-MRC-D+1_20220518100000_20220518103601.csv
2022-05-19T20:00:00Z,1.0,179.87,2022-05-19,MarketResult_SEM-DA_PWR-MRC-D+1_20220518100000_20220518103601.csv
2022-05-19T21:00:00Z,1.0,148.03,2022-05-19,MarketResult_SEM-DA_PWR-MRC-D+1_20220518100000_20220518103601.csv
2022-05-19T22:00:00Z,1.0,128.24,2022-05-20,MarketResult_SEM-DA_PWR-MRC-D+1_20220519100000_20220519103711.csv
2022-05-19T23:00:00Z,1.0,103.01,2022-05-20,MarketResult_SEM-DA_PWR-MRC-D+1_20220519100000_20220519103711.csv
2022-05-20T00:00:00Z,1.0,81.0,2022-05-20,MarketResult_SEM-DA_PWR-MRC-D+1_20220519100000_20220519103711.csv
2022-05-20T01:00:00Z,1.0,70.0,2022-05-20,MarketResult_SEM-DA_PWR-MRC-D+1_20220519100000_20220519103711.csv
2022-05-20T02:00:00Z,1.0,65.0,2022-05-20,MarketResult_SEM-DA_PWR-MRC-D+1_20220519100000_20220519103711.csv
2022-05-20T03:00:00Z,1.0,60.0,2022-05-20,MarketResult_SEM-DA_PWR-MRC-D+1_20220519100000_20220519103711.csv
2022-05-20T04:00:00Z,1.0,72.37,2022-05-20,MarketResult_SEM-DA_PWR-MRC-D+1_20220519100000_20220519103711.csv
2022-05-20T05:00:00Z,1.0,125.0,2022-05-20,MarketResult_SEM-DA_PWR-MRC-D+1_20220519100000_20220519103711.csv
2022-05-20T06:00:00Z,1.0,134.28,2022-05-20,MarketResult_SEM-DA_PWR-MRC-D+1_20220519100000_20220519103711.csv
2022-05-20T07:00:00Z,1.0,177.06,2022-05-20,MarketResult_SEM-DA_PWR-MRC-D+1_20220519100000_20220519103711.csv
2022-05-20T08:00:00Z,1.0,183.86,2022-05-20,MarketResult_SEM-DA_PWR-MRC-D+1_20220519100000_20220519103711.csv
2022-05-20T09:00:00Z,1.0,166.44,2022-05-20,MarketResult_SEM-DA_PWR-MRC-D+1_20220519100000_20220519103711.csv
2022-05-20T10:00:00Z,1.0,161.0,2022-05-20,MarketResult_SEM-DA_PWR-MRC-D+1_20220519100000_20220519103711.csv
2022-05-20T11:00:00Z,1.0,153.45,2022-05-20,MarketResult_SEM-DA_PWR-MRC-D+1_20220519100000_20220519103711.csv
2022-05-20T12:00:00Z,1.0,134.53,2022-05-20,MarketResult_SEM-DA_PWR-MRC-D+1_20220519100000_20220519103711.csv
2022-05-20T13:00:00Z,1.0,117.2,2022-05-20,MarketResult_SEM-DA_PWR-MRC-D+1_20220519100000_20220519103711.csv
2022-05-20T14:00:00Z,1.0,114.64,2022-05-20,MarketResult_SEM-DA_PWR-MRC-D+1_20220519100000_20220519103711.csv
2022-05-20T15:00:00Z,1.0,125.01,2022-05-20,MarketResult_SEM-DA_PWR-MRC-D+1_20220519100000_20220519103711.csv
2022-05-20T16:00:00Z,1.0,134.47,2022-05-20,MarketResult_SEM-DA_PWR-MRC-D+1_20220519100000_20220519103711.csv
2022-05-20T17:00:00Z,1.0,141.16,2022-05-20,MarketResult_SEM-DA_PWR-MRC-D+1_20220519100000_20220519103711.csv
2022-05-20T18:00:00Z,1.0,142.52,2022-05-20,MarketResult_SEM-DA_PWR-MRC-D+1_20220519100000_20220519103711.csv
2022-05-20T19:00:00Z,1.0,149.91,2022-05-20,MarketResult_SEM-DA_PWR-MRC-D+1_20220519100000_20220519103711.csv
2022-05-20T20:00:00Z,1.0,150.05,2022-05-20,MarketResult_SEM-DA_PWR-MRC-D+1_20220519100000_20220519103711.csv
2022-05-20T21:00:00Z,1.0,144.01,2022-05-20,MarketResult_SEM-DA_PWR-MRC-D+1_20220519100000_20220519103711.csv
2022-05-20T22:00:00Z,1.0,81.3,2022-05-21,MarketResult_SEM-DA_PWR-MRC-D+1_20220520100000_20220520103621.csv
2022-05-20T23:00:00Z,1.0,111.94,2022-05-21,MarketResult_SEM-DA_PWR-MRC-D+1_20220520100000_20220520103621.csv
2022-05-21T00:00:00Z,1.0,97.29,2022-05-21,MarketResult_SEM-DA_PWR-MRC-D+1_20220520100000_20220520103621.csv
2022-05-21T01:00:00Z,1.0,86.41,2022-05-21,MarketResult_SEM-DA_PWR-MRC-D+1_20220520100000_20220520103621.csv
2022-05-21T02:00:00Z,1.0,83.47,2022-05-21,MarketResult_SEM-DA_PWR-MRC-D+1_20220520100000_20220520103621.csv
2022-05-21T03:00:00Z,1.0,97.49,2022-05-21,MarketResult_SEM-DA_PWR-MRC-D+1_20220520100000_20220520103621.csv
2022-05-21T04:00:00Z,1.0,98.1,2022-05-21,MarketResult_SEM-DA_PWR-MRC-D+1_20220520100000_20220520103621.csv
2022-05-21T05:00:00Z,1.0,126.85,2022-05-21,MarketResult_SEM-DA_PWR-MRC-D+1_20220520100000_20220520103621.csv
2022-05-21T06:00:00Z,1.0,125.0,2022-05-21,MarketResult_SEM-DA_PWR-MRC-D+1_20220520100000_20220520103621.csv
2022-05-21T07:00:00Z,1.0,145.01,2022-05-21,MarketResult_SEM-DA_PWR-MRC-D+1_20220520100000_20220520103621.csv
2022-05-21T08:00:00Z,1.0,155.0,2022-05-21,MarketResult_SEM-DA_PWR-MRC-D+1_20220520100000_20220520103621.csv
2022-05-21T09:00:00Z,1.0,155.0,2022-05-21,MarketResult_SEM-DA_PWR-MRC-D+1_20220520100000_20220520103621.csv
2022-05-21T10:00:00Z,1.0,132.58,2022-05-21,MarketResult_SEM-DA_PWR-MRC-D+1_20220520100000_20220520103621.csv
2022-05-21T11:00:00Z,1.0,114.42,2022-05-21,MarketResult_SEM-DA_PWR-MRC-D+1_20220520100000_20220520103621.csv
2022-05-21T12:00:00Z,1.0,105.93,2022-05-21,MarketResult_SEM-DA_PWR-MRC-D+1_20220520100000_20220520103621.csv
2022-05-21T13:00:00Z,1.0,98.59,2022-05-21,MarketResult_SEM-DA_PWR-MRC-D+1_20220520100000_20220520103621.csv
2022-05-21T14:00:00Z,1.0,86.89,2022-05-21,MarketResult_SEM-DA_PWR-MRC-D+1_20220520100000_20220520103621.csv
2022-05-21T15:00:00Z,1.0,101.01,2022-05-21,MarketResult_SEM-DA_PWR-MRC-D+1_20220520100000_20220520103621.csv
2022-05-21T16:00:00Z,1.0,127.52,2022-05-21,MarketResult_SEM-DA_PWR-MRC-D+1_20220520100000_20220520103621.csv
2022-05-21T17:00:00Z,1.0,149.29,2022-05-21,MarketResult_SEM-DA_PWR-MRC-D+1_20220520100000_20220520103621.csv
2022-05-21T18:00:00Z,1.0,139.19,2022-05-21,MarketResult_SEM-DA_PWR-MRC-D+1_20220520100000_20220520103621.csv
2022-05-21T19:00:00Z,1.0,135.95,2022-05-21,MarketResult_SEM-DA_PWR-MRC-D+1_20220520100000_20220520103621.csv
2022-05-21T20:00:00Z,1.0,170.0,2022-05-21,MarketResult_SEM-DA_PWR-MRC-D+1_20220520100000_20220520103621.csv
2022-05-21T21:00:00Z,1.0,142.58,2022-05-21,MarketResult_SEM-DA_PWR-MRC-D+1_20220520100000_20220520103621.csv
2022-05-21T22:00:00Z,1.0,130.18,2022-05-22,MarketResult_SEM-DA_PWR-MRC-D+1_20220521100000_20220521103628.csv
2022-05-21T23:00:00Z,1.0,122.05,2022-05-22,MarketResult_SEM-DA_PWR-MRC-D+1_20220521100000_20220521103628.csv
2022-05-22T00:00:00Z,1.0,116.66,2022-05-22,MarketResult_SEM-DA_PWR-MRC-D+1_20220521100000_20220521103628.csv
2022-05-22T01:00:00Z,1.0,102.13,2022-05-22,MarketResult_SEM-DA_PWR-MRC-D+1_20220521100000_20220521103628.csv
2022-05-22T02:00:00Z,1.0,90.18,2022-05-22,MarketResult_SEM-DA_PWR-MRC-D+1_20220521100000_20220521103628.csv
2022-05-22T03:00:00Z,1.0,90.18,2022-05-22,MarketResult_SEM-DA_PWR-MRC-D+1_20220521100000_20220521103628.csv
2022-05-22T04:00:00Z,1.0,89.45,2022-05-22,MarketResult_SEM-DA_PWR-MRC-D+1_20220521100000_20220521103628.csv
2022-05-22T05:00:00Z,1.0,110.47,2022-05-22,MarketResult_SEM-DA_PWR-MRC-D+1_20220521100000_20220521103628.csv
2022-05-22T06:00:00Z,1.0,129.91,2022-05-22,MarketResult_SEM-DA_PWR-MRC-D+1_20220521100000_20220521103628.csv
2022-05-22T07:00:00Z,1.0,121.12,2022-05-22,MarketResult_SEM-DA_PWR-MRC-D+1_20220521100000_20220521103628.csv
2022-05-22T08:00:00Z,1.0,124.95,2022-05-22,MarketResult_SEM-DA_PWR-MRC-D+1_20220521100000_20220521103628.csv
2022-05-22T09:00:00Z,1.0,124.53,2022-05-22,MarketResult_SEM-DA_PWR-MRC-D+1_20220521100000_20220521103628.csv
2022-05-22T10:00:00Z,1.0,125.0,2022-05-22,MarketResult_SEM-DA_PWR-MRC-D+1_20220521100000_20220521103628.csv
2022-05-22T11:00:00Z,1.0,117.55,2022-05-22,MarketResult_SEM-DA_PWR-MRC-D+1_20220521100000_20220521103628.csv
2022-05-22T12:00:00Z,1.0,101.41,2022-05-22,MarketResult_SEM-DA_PWR-MRC-D+1_20220521100000_20220521103628.csv
2022-05-22T13:00:00Z,1.0,90.83,2022-05-22,MarketResult_SEM-DA_PWR-MRC-D+1_20220521100000_20220521103628.csv
2022-05-22T14:00:00Z,1.0,95.39,2022-05-22,MarketResult_SEM-DA_PWR-MRC-D+1_20220521100000_20220521103628.csv
2022-05-22T15:00:00Z,1.0,102.91,2022-05-22,MarketResult_SEM-DA_PWR-MRC-D+1_20220521100000_20220521103628.csv
2022-05-22T16:00:00Z,1.0,125.0,2022-05-22,MarketResult_SEM-DA_PWR-MRC-D+1_20220521100000_20220521103628.csv
2022-05-22T17:00:00Z,1.0,145.2,2022-05-22,MarketResult_SEM-DA_PWR-MRC-D+1_20220521100000_20220521103628.csv
2022-05-22T18:00:00Z,1.0,147.56,2022-05-22,MarketResult_SEM-DA_PWR-MRC-D+1_20220521100000_20220521103628.csv
2022-05-22T19:00:00Z,1.0,160.0,2022-05-22,MarketResult_SEM-DA_PWR-MRC-D+1_20220521100000_20220521103628.csv
2022-05-22T20:00:00Z,1.0,181.53,2022-05-22,MarketResult_SEM-DA_PWR-MRC-D+1_20220521100000_20220521103628.csv
2022-05-22T21:00:00Z,1.0,154.0,2022-05-22,MarketResult_SEM-DA_PWR-MRC-D+1_20220521100000_20220521103628.csv
2022-05-22T22:00:00Z,1.0,137.6,2022-05-23,MarketResult_SEM-DA_PWR-MRC-D+1_20220522100000_20220522103647.csv
2022-05-22T23:00:00Z,1.0,126.18,2022-05-23,MarketResult_SEM-DA_PWR-MRC-D+1_20220522100000_20220522103647.csv
2022-05-23T00:00:00Z,1.0,121.57,2022-05-23,MarketResult_SEM-DA_PWR-MRC-D+1_20220522100000_20220522103647.csv
2022-05-23T01:00:00Z,1.0,120.56,2022-05-23,MarketResult_SEM-DA_PWR-MRC-D+1_20220522100000_20220522103647.csv
2022-05-23T02:00:00Z,1.0,125.0,2022-05-23,MarketResult_SEM-DA_PWR-MRC-D+1_20220522100000_20220522103647.csv
2022-05-23T03:00:00Z,1.0,135.0,2022-05-23,MarketResult_SEM-DA_PWR-MRC-D+1_20220522100000_20220522103647.csv
2022-05-23T04:00:00Z,1.0,142.12,2022-05-23,MarketResult_SEM-DA_PWR-MRC-D+1_20220522100000_20220522103647.csv
2022-05-23T05:00:00Z,1.0,158.45,2022-05-23,MarketResult_SEM-DA_PWR-MRC-D+1_20220522100000_20220522103647.csv
2022-05-23T06:00:00Z,1.0,199.87,2022-05-23,MarketResult_SEM-DA_PWR-MRC-D+1_20220522100000_20220522103647.csv
2022-05-23T07:00:00Z,1.0,235.73,2022-05-23,MarketResult_SEM-DA_PWR-MRC-D+1_20220522100000_20220522103647.csv
2022-05-23T08:00:00Z,1.0,231.83,2022-05-23,MarketResult_SEM-DA_PWR-MRC-D+1_20220522100000_20220522103647.csv
2022-05-23T09:00:00Z,1.0,233.41,2022-05-23,MarketResult_SEM-DA_PWR-MRC-D+1_20220522100000_20220522103647.csv
2022-05-23T10:00:00Z,1.0,221.5,2022-05-23,MarketResult_SEM-DA_PWR-MRC-D+1_20220522100000_20220522103647.csv
2022-05-23T11:00:00Z,1.0,206.56,2022-05-23,MarketResult_SEM-DA_PWR-MRC-D+1_20220522100000_20220522103647.csv
2022-05-23T12:00:00Z,1.0,195.0,2022-05-23,MarketResult_SEM-DA_PWR-MRC-D+1_20220522100000_20220522103647.csv
2022-05-23T13:00:00Z,1.0,180.99,2022-05-23,MarketResult_SEM-DA_PWR-MRC-D+1_20220522100000_20220522103647.csv
2022-05-23T14:00:00Z,1.0,171.0,2022-05-23,MarketResult_SEM-DA_PWR-MRC-D+1_20220522100000_20220522103647.csv
2022-05-23T15:00:00Z,1.0,185.0,2022-05-23,MarketResult_SEM-DA_PWR-MRC-D+1_20220522100000_20220522103647.csv
2022-05-23T16:00:00Z,1.0,194.0,2022-05-23,MarketResult_SEM-DA_PWR-MRC-D+1_20220522100000_20220522103647.csv
2022-05-23T17:00:00Z,1.0,193.8,2022-05-23,MarketResult_SEM-DA_PWR-MRC-D+1_20220522100000_20220522103647.csv
2022-05-23T18:00:00Z,1.0,189.6,2022-05-23,MarketResult_SEM-DA_PWR-MRC-D+1_20220522100000_20220522103647.csv
2022-05-23T19:00:00Z,1.0,177.47,2022-05-23,MarketResult_SEM-DA_PWR-MRC-D+1_20220522100000_20220522103647.csv
2022-05-23T20:00:00Z,1.0,175.0,2022-05-23,MarketResult_SEM-DA_PWR-MRC-D+1_20220522100000_20220522103647.csv
2022-05-23T21:00:00Z,1.0,159.37,2022-05-23,MarketResult_SEM-DA_PWR-MRC-D+1_20220522100000_20220522103647.csv
2022-05-23T22:00:00Z,1.0,168.04,2022-05-24,MarketResult_SEM-DA_PWR-MRC-D+1_20220523100000_20220523103550.csv
2022-05-23T23:00:00Z,1.0,154.74,2022-05-24,MarketResult_SEM-DA_PWR-MRC-D+1_20220523100000_20220523103550.csv
2022-05-24T00:00:00Z,1.0,137.0,2022-05-24,MarketResult_SEM-DA_PWR-MRC-D+1_20220523100000_20220523103550.csv
2022-05-24T01:00:00Z,1.0,131.65,2022-05-24,MarketResult_SEM-DA_PWR-MRC-D+1_20220523100000_20220523103550.csv
2022-05-24T02:00:00Z,1.0,127.21,2022-05-24,MarketResult_SEM-DA_PWR-MRC-D+1_20220523100000_20220523103550.csv
2022-05-24T03:00:00Z,1.0,129.66,2022-05-24,MarketResult_SEM-DA_PWR-MRC-D+1_20220523100000_20220523103550.csv
2022-05-24T04:00:00Z,1.0,143.24,2022-05-24,MarketResult_SEM-DA_PWR-MRC-D+1_20220523100000_20220523103550.csv
2022-05-24T05:00:00Z,1.0,150.96,2022-05-24,MarketResult_SEM-DA_PWR-MRC-D+1_20220523100000_20220523103550.csv
2022-05-24T06:00:00Z,1.0,187.9,2022-05-24,MarketResult_SEM-DA_PWR-MRC-D+1_20220523100000_20220523103550.csv
2022-05-24T07:00:00Z,1.0,200.0,2022-05-24,MarketResult_SEM-DA_PWR-MRC-D+1_20220523100000_20220523103550.csv
2022-05-24T08:00:00Z,1.0,183.15,2022-05-24,MarketResult_SEM-DA_PWR-MRC-D+1_20220523100000_20220523103550.csv
2022-05-24T09:00:00Z,1.0,165.0,2022-05-24,MarketResult_SEM-DA_PWR-MRC-D+1_20220523100000_20220523103550.csv
2022-05-24T10:00:00Z,1.0,155.18,2022-05-24,MarketResult_SEM-DA_PWR-MRC-D+1_20220523100000_20220523103550.csv
2022-05-24T11:00:00Z,1.0,155.0,2022-05-24,MarketResult_SEM-DA_PWR-MRC-D+1_20220523100000_20220523103550.csv
2022-05-24T12:00:00Z,1.0,150.57,2022-05-24,MarketResult_SEM-DA_PWR-MRC-D+1_20220523100000_20220523103550.csv
2022-05-24T13:00:00Z,1.0,144.15,2022-05-24,MarketResult_SEM-DA_PWR-MRC-D+1_20220523100000_20220523103550.csv
2022-05-24T14:00:00Z,1.0,142.95,2022-05-24,MarketResult_SEM-DA_PWR-MRC-D+1_20220523100000_20220523103550.csv
2022-05-24T15:00:00Z,1.0,158.05,2022-05-24,MarketResult_SEM-DA_PWR-MRC-D+1_20220523100000_20220523103550.csv
2022-05-24T16:00:00Z,1.0,173.99,2022-05-24,MarketResult_SEM-DA_PWR-MRC-D+1_20220523100000_20220523103550.csv
2022-05-24T17:00:00Z,1.0,180.0,2022-05-24,MarketResult_SEM-DA_PWR-MRC-D+1_20220523100000_20220523103550.csv
2022-05-24T18:00:00Z,1.0,178.2,2022-05-24,MarketResult_SEM-DA_PWR-MRC-D+1_20220523100000_20220523103550.csv
2022-05-24T19:00:00Z,1.0,173.99,2022-05-24,MarketResult_SEM-DA_PWR-MRC-D+1_20220523100000_20220523103550.csv
2022-05-24T20:00:00Z,1.0,165.0,2022-05-24,MarketResult_SEM-DA_PWR-MRC-D+1_20220523100000_20220523103550.csv
2022-05-24T21:00:00Z,1.0,150.74,2022-05-24,MarketResult_SEM-DA_PWR-MRC-D+1_20220523100000_20220523103550.csv
2022-05-24T22:00:00Z,1.0,160.2,2022-05-25,MarketResult_SEM-DA_PWR-MRC-D+1_20220524100000_20220524103642.csv
2022-05-24T23:00:00Z,1.0,147.72,2022-05-25,MarketResult_SEM-DA_PWR-MRC-D+1_20220524100000_20220524103642.csv
2022-05-25T00:00:00Z,1.0,123.0,2022-05-25,MarketResult_SEM-DA_PWR-MRC-D+1_20220524100000_20220524103642.csv
2022-05-25T01:00:00Z,1.0,96.74,2022-05-25,MarketResult_SEM-DA_PWR-MRC-D+1_20220524100000_20220524103642.csv
2022-05-25T02:00:00Z,1.0,85.0,2022-05-25,MarketResult_SEM-DA_PWR-MRC-D+1_20220524100000_20220524103642.csv
2022-05-25T03:00:00Z,1.0,57.59,2022-05-25,MarketResult_SEM-DA_PWR-MRC-D+1_20220524100000_20220524103642.csv
2022-05-25T04:00:00Z,1.0,56.0,2022-05-25,MarketResult_SEM-DA_PWR-MRC-D+1_20220524100000_20220524103642.csv
2022-05-25T05:00:00Z,1.0,96.74,2022-05-25,MarketResult_SEM-DA_PWR-MRC-D+1_20220524100000_20220524103642.csv
2022-05-25T06:00:00Z,1.0,130.0,2022-05-25,MarketResult_SEM-DA_PWR-MRC-D+1_20220524100000_20220524103642.csv
2022-05-25T07:00:00Z,1.0,150.87,2022-05-25,MarketResult_SEM-DA_PWR-MRC-D+1_20220524100000_20220524103642.csv
2022-05-25T08:00:00Z,1.0,143.75,2022-05-25,MarketResult_SEM-DA_PWR-MRC-D+1_20220524100000_20220524103642.csv
2022-05-25T09:00:00Z,1.0,135.0,2022-05-25,MarketResult_SEM-DA_PWR-MRC-D+1_20220524100000_20220524103642.csv
2022-05-25T10:00:00Z,1.0,131.14,2022-05-25,MarketResult_SEM-DA_PWR-MRC-D+1_20220524100000_20220524103642.csv
2022-05-25T11:00:00Z,1.0,117.44,2022-05-25,MarketResult_SEM-DA_PWR-MRC-D+1_20220524100000_20220524103642.csv
2022-05-25T12:00:00Z,1.0,99.46,2022-05-25,MarketResult_SEM-DA_PWR-MRC-D+1_20220524100000_20220524103642.csv
2022-05-25T13:00:00Z,1.0,96.74,2022-05-25,MarketResult_SEM-DA_PWR-MRC-D+1_20220524100000_20220524103642.csv
2022-05-25T14:00:00Z,1.0,99.0,2022-05-25,MarketResult_SEM-DA_PWR-MRC-D+1_20220524100000_20220524103642.csv
2022-05-25T15:00:00Z,1.0,120.85,2022-05-25,MarketResult_SEM-DA_PWR-MRC-D+1_20220524100000_20220524103642.csv
2022-05-25T16:00:00Z,1.0,138.28,2022-05-25,MarketResult_SEM-DA_PWR-MRC-D+1_20220524100000_20220524103642.csv
2022-05-25T17:00:00Z,1.0,150.0,2022-05-25,MarketResult_SEM-DA_PWR-MRC-D+1_20220524100000_20220524103642.csv
2022-05-25T18:00:00Z,1.0,159.0,2022-05-25,MarketResult_SEM-DA_PWR-MRC-D+1_20220524100000_20220524103642.csv
2022-05-25T19:00:00Z,1.0,159.23,2022-05-25,MarketResult_SEM-DA_PWR-MRC-D+1_20220524100000_20220524103642.csv
2022-05-25T20:00:00Z,1.0,165.0,2022-05-25,MarketResult_SEM-DA_PWR-MRC-D+1_20220524100000_20220524103642.csv
2022-05-25T21:00:00Z,1.0,148.55,2022-05-25,MarketResult_SEM-DA_PWR-MRC-D+1_20220524100000_20220524103642.csv
2022-05-25T22:00:00Z,1.0,142.5,2022-05-26,MarketResult_SEM-DA_PWR-MRC-D+1_20220525100000_20220525104023.csv
2022-05-25T23:00:00Z,1.0,135.0,2022-05-26,MarketResult_SEM-DA_PWR-MRC-D+1_20220525100000_20220525104023.csv
2022-05-26T00:00:00Z,1.0,127.82,2022-05-26,MarketResult_SEM-DA_PWR-MRC-D+1_20220525100000_20220525104023.csv
2022-05-26T01:00:00Z,1.0,123.76,2022-05-26,MarketResult_SEM-DA_PWR-MRC-D+1_20220525100000_20220525104023.csv
2022-05-26T02:00:00Z,1.0,108.31,2022-05-26,MarketResult_SEM-DA_PWR-MRC-D+1_20220525100000_20220525104023.csv
2022-05-26T03:00:00Z,1.0,108.31,2022-05-26,MarketResult_SEM-DA_PWR-MRC-D+1_20220525100000_20220525104023.csv
2022-05-26T04:00:00Z,1.0,118.0,2022-05-26,MarketResult_SEM-DA_PWR-MRC-D+1_20220525100000_20220525104023.csv
2022-05-26T05:00:00Z,1.0,134.56,2022-05-26,MarketResult_SEM-DA_PWR-MRC-D+1_20220525100000_20220525104023.csv
2022-05-26T06:00:00Z,1.0,141.72,2022-05-26,MarketResult_SEM-DA_PWR-MRC-D+1_20220525100000_20220525104023.csv
2022-05-26T07:00:00Z,1.0,162.9,2022-05-26,MarketResult_SEM-DA_PWR-MRC-D+1_20220525100000_20220525104023.csv
2022-05-26T08:00:00Z,1.0,163.0,2022-05-26,MarketResult_SEM-DA_PWR-MRC-D+1_20220525100000_20220525104023.csv
2022-05-26T09:00:00Z,1.0,141.6,2022-05-26,MarketResult_SEM-DA_PWR-MRC-D+1_20220525100000_20220525104023.csv
2022-05-26T10:00:00Z,1.0,141.11,2022-05-26,MarketResult_SEM-DA_PWR-MRC-D+1_20220525100000_20220525104023.csv
2022-05-26T11:00:00Z,1.0,125.0,2022-05-26,MarketResult_SEM-DA_PWR-MRC-D+1_20220525100000_20220525104023.csv
2022-05-26T12:00:00Z,1.0,116.19,2022-05-26,MarketResult_SEM-DA_PWR-MRC-D+1_20220525100000_20220525104023.csv
2022-05-26T13:00:00Z,1.0,110.73,2022-05-26,MarketResult_SEM-DA_PWR-MRC-D+1_20220525100000_20220525104023.csv
2022-05-26T14:00:00Z,1.0,115.5,2022-05-26,MarketResult_SEM-DA_PWR-MRC-D+1_20220525100000_20220525104023.csv
2022-05-26T15:00:00Z,1.0,128.48,2022-05-26,MarketResult_SEM-DA_PWR-MRC-D+1_20220525100000_20220525104023.csv
2022-05-26T16:00:00Z,1.0,134.53,2022-05-26,MarketResult_SEM-DA_PWR-MRC-D+1_20220525100000_20220525104023.csv
2022-05-26T17:00:00Z,1.0,148.9,2022-05-26,MarketResult_SEM-DA_PWR-MRC-D+1_20220525100000_20220525104023.csv
2022-05-26T18:00:00Z,1.0,153.74,2022-05-26,MarketResult_SEM-DA_PWR-MRC-D+1_20220525100000_20220525104023.csv
2022-05-26T19:00:00Z,1.0,157.0,2022-05-26,MarketResult_SEM-DA_PWR-MRC-D+1_20220525100000_20220525104023.csv
2022-05-26T20:00:00Z,1.0,159.2,2022-05-26,MarketResult_SEM-DA_PWR-MRC-D+1_20220525100000_20220525104023.csv
2022-05-26T21:00:00Z,1.0,136.75,2022-05-26,MarketResult_SEM-DA_PWR-MRC-D+1_20220525100000_20220525104023.csv
2022-05-26T22:00:00Z,1.0,123.0,2022-05-27,MarketResult_SEM-DA_PWR-MRC-D+1_20220526100000_20220526103613.csv
2022-05-26T23:00:00Z,1.0,110.43,2022-05-27,MarketResult_SEM-DA_PWR-MRC-D+1_20220526100000_20220526103613.csv
2022-05-27T00:00:00Z,1.0,105.84,2022-05-27,MarketResult_SEM-DA_PWR-MRC-D+1_20220526100000_20220526103613.csv
2022-05-27T01:00:00Z,1.0,98.0,2022-05-27,MarketResult_SEM-DA_PWR-MRC-D+1_20220526100000_20220526103613.csv
2022-05-27T02:00:00Z,1.0,96.16,2022-05-27,MarketResult_SEM-DA_PWR-MRC-D+1_20220526100000_20220526103613.csv
2022-05-27T03:00:00Z,1.0,98.82,2022-05-27,MarketResult_SEM-DA_PWR-MRC-D+1_20220526100000_20220526103613.csv
2022-05-27T04:00:00Z,1.0,117.0,2022-05-27,MarketResult_SEM-DA_PWR-MRC-D+1_20220526100000_20220526103613.csv
2022-05-27T05:00:00Z,1.0,124.15,2022-05-27,MarketResult_SEM-DA_PWR-MRC-D+1_20220526100000_20220526103613.csv
2022-05-27T06:00:00Z,1.0,133.0,2022-05-27,MarketResult_SEM-DA_PWR-MRC-D+1_20220526100000_20220526103613.csv
2022-05-27T07:00:00Z,1.0,144.91,2022-05-27,MarketResult_SEM-DA_PWR-MRC-D+1_20220526100000_20220526103613.csv
2022-05-27T08:00:00Z,1.0,146.0,2022-05-27,MarketResult_SEM-DA_PWR-MRC-D+1_20220526100000_20220526103613.csv
2022-05-27T09:00:00Z,1.0,130.0,2022-05-27,MarketResult_SEM-DA_PWR-MRC-D+1_20220526100000_20220526103613.csv
2022-05-27T10:00:00Z,1.0,124.87,2022-05-27,MarketResult_SEM-DA_PWR-MRC-D+1_20220526100000_20220526103613.csv
2022-05-27T11:00:00Z,1.0,125.0,2022-05-27,MarketResult_SEM-DA_PWR-MRC-D+1_20220526100000_20220526103613.csv
2022-05-27T12:00:00Z,1.0,123.8,2022-05-27,MarketResult_SEM-DA_PWR-MRC-D+1_20220526100000_20220526103613.csv
2022-05-27T13:00:00Z,1.0,116.68,2022-05-27,MarketResult_SEM-DA_PWR-MRC-D+1_20220526100000_20220526103613.csv
2022-05-27T14:00:00Z,1.0,116.68,2022-05-27,MarketResult_SEM-DA_PWR-MRC-D+1_20220526100000_20220526103613.csv
2022-05-27T15:00:00Z,1.0,117.95,2022-05-27,MarketResult_SEM-DA_PWR-MRC-D+1_20220526100000_20220526103613.csv
2022-05-27T16:00:00Z,1.0,130.12,2022-05-27,MarketResult_SEM-DA_PWR-MRC-D+1_20220526100000_20220526103613.csv
2022-05-27T17:00:00Z,1.0,150.06,2022-05-27,MarketResult_SEM-DA_PWR-MRC-D+1_20220526100000_20220526103613.csv
2022-05-27T18:00:00Z,1.0,150.83,2022-05-27,MarketResult_SEM-DA_PWR-MRC-D+1_20220526100000_20220526103613.csv
2022-05-27T19:00:00Z,1.0,153.7,2022-05-27,MarketResult_SEM-DA_PWR-MRC-D+1_20220526100000_20220526103613.csv
2022-05-27T20:00:00Z,1.0,161.1,2022-05-27,MarketResult_SEM-DA_PWR-MRC-D+1_20220526100000_20220526103613.csv
2022-05-27T21:00:00Z,1.0,142.8,2022-05-27,MarketResult_SEM-DA_PWR-MRC-D+1_20220526100000_20220526103613.csv
2022-05-27T22:00:00Z,1.0,159.58,2022-05-28,MarketResult_SEM-DA_PWR-MRC-D+1_20220527100000_20220527103558.csv
2022-05-27T23:00:00Z,1.0,136.84,2022-05-28,MarketResult_SEM-DA_PWR-MRC-D+1_20220527100000_20220527103558.csv
2022-05-28T00:00:00Z,1.0,118.77,2022-05-28,MarketResult_SEM-DA_PWR-MRC-D+1_20220527100000_20220527103558.csv
2022-05-28T01:00:00Z,1.0,112.68,2022-05-28,MarketResult_SEM-DA_PWR-MRC-D+1_20220527100000_20220527103558.csv
2022-05-28T02:00:00Z,1.0,112.35,2022-05-28,MarketResult_SEM-DA_PWR-MRC-D+1_20220527100000_20220527103558.csv
2022-05-28T03:00:00Z,1.0,108.39,2022-05-28,MarketResult_SEM-DA_PWR-MRC-D+1_20220527100000_20220527103558.csv
2022-05-28T04:00:00Z,1.0,108.38,2022-05-28,MarketResult_SEM-DA_PWR-MRC-D+1_20220527100000_20220527103558.csv
2022-05-28T05:00:00Z,1.0,112.96,2022-05-28,MarketResult_SEM-DA_PWR-MRC-D+1_20220527100000_20220527103558.csv
2022-05-28T06:00:00Z,1.0,122.59,2022-05-28,MarketResult_SEM-DA_PWR-MRC-D+1_20220527100000_20220527103558.csv
2022-05-28T07:00:00Z,1.0,159.83,2022-05-28,MarketResult_SEM-DA_PWR-MRC-D+1_20220527100000_20220527103558.csv
2022-05-28T08:00:00Z,1.0,177.34,2022-05-28,MarketResult_SEM-DA_PWR-MRC-D+1_20220527100000_20220527103558.csv
2022-05-28T09:00:00Z,1.0,176.7,2022-05-28,MarketResult_SEM-DA_PWR-MRC-D+1_20220527100000_20220527103558.csv
2022-05-28T10:00:00Z,1.0,166.8,2022-05-28,MarketResult_SEM-DA_PWR-MRC-D+1_20220527100000_20220527103558.csv
2022-05-28T11:00:00Z,1.0,154.9,2022-05-28,MarketResult_SEM-DA_PWR-MRC-D+1_20220527100000_20220527103558.csv
2022-05-28T12:00:00Z,1.0,147.0,2022-05-28,MarketResult_SEM-DA_PWR-MRC-D+1_20220527100000_20220527103558.csv
2022-05-28T13:00:00Z,1.0,129.0,2022-05-28,MarketResult_SEM-DA_PWR-MRC-D+1_20220527100000_20220527103558.csv
2022-05-28T14:00:00Z,1.0,117.62,2022-05-28,MarketResult_SEM-DA_PWR-MRC-D+1_20220527100000_20220527103558.csv
2022-05-28T15:00:00Z,1.0,120.2,2022-05-28,MarketResult_SEM-DA_PWR-MRC-D+1_20220527100000_20220527103558.csv
2022-05-28T16:00:00Z,1.0,143.0,2022-05-28,MarketResult_SEM-DA_PWR-MRC-D+1_20220527100000_20220527103558.csv
2022-05-28T17:00:00Z,1.0,146.24,2022-05-28,MarketResult_SEM-DA_PWR-MRC-D+1_20220527100000_20220527103558.csv
2022-05-28T18:00:00Z,1.0,165.52,2022-05-28,MarketResult_SEM-DA_PWR-MRC-D+1_20220527100000_20220527103558.csv
2022-05-28T19:00:00Z,1.0,154.53,2022-05-28,MarketResult_SEM-DA_PWR-MRC-D+1_20220527100000_20220527103558.csv
2022-05-28T20:00:00Z,1.0,151.24,2022-05-28,MarketResult_SEM-DA_PWR-MRC-D+1_20220527100000_20220527103558.csv
2022-05-28T21:00:00Z,1.0,131.64,2022-05-28,MarketResult_SEM-DA_PWR-MRC-D+1_20220527100000_20220527103558.csv
2022-05-28T22:00:00Z,1.0,172.3,2022-05-29,MarketResult_SEM-DA_PWR-MRC-D+1_20220528100000_20220528103638.csv
2022-05-28T23:00:00Z,1.0,154.52,2022-05-29,MarketResult_SEM-DA_PWR-MRC-D+1_20220528100000_20220528103638.csv
2022-05-29T00:00:00Z,1.0,155.19,2022-05-29,MarketResult_SEM-DA_PWR-MRC-D+1_20220528100000_20220528103638.csv
2022-05-29T01:00:00Z,1.0,150.03,2022-05-29,MarketResult_SEM-DA_PWR-MRC-D+1_20220528100000_20220528103638.csv
2022-05-29T02:00:00Z,1.0,142.21,2022-05-29,MarketResult_SEM-DA_PWR-MRC-D+1_20220528100000_20220528103638.csv
2022-05-29T03:00:00Z,1.0,138.3,2022-05-29,MarketResult_SEM-DA_PWR-MRC-D+1_20220528100000_20220528103638.csv
2022-05-29T04:00:00Z,1.0,138.09,2022-05-29,MarketResult_SEM-DA_PWR-MRC-D+1_20220528100000_20220528103638.csv
2022-05-29T05:00:00Z,1.0,141.06,2022-05-29,MarketResult_SEM-DA_PWR-MRC-D+1_20220528100000_20220528103638.csv
2022-05-29T06:00:00Z,1.0,149.1,2022-05-29,MarketResult_SEM-DA_PWR-MRC-D+1_20220528100000_20220528103638.csv
2022-05-29T07:00:00Z,1.0,153.6,2022-05-29,MarketResult_SEM-DA_PWR-MRC-D+1_20220528100000_20220528103638.csv
2022-05-29T08:00:00Z,1.0,165.8,2022-05-29,MarketResult_SEM-DA_PWR-MRC-D+1_20220528100000_20220528103638.csv
2022-05-29T09:00:00Z,1.0,193.7,2022-05-29,MarketResult_SEM-DA_PWR-MRC-D+1_20220528100000_20220528103638.csv
2022-05-29T10:00:00Z,1.0,206.84,2022-05-29,MarketResult_SEM-DA_PWR-MRC-D+1_20220528100000_20220528103638.csv
2022-05-29T11:00:00Z,1.0,206.5,2022-05-29,MarketResult_SEM-DA_PWR-MRC-D+1_20220528100000_20220528103638.csv
2022-05-29T12:00:00Z,1.0,194.38,2022-05-29,MarketResult_SEM-DA_PWR-MRC-D+1_20220528100000_20220528103638.csv
2022-05-29T13:00:00Z,1.0,156.1,2022-05-29,MarketResult_SEM-DA_PWR-MRC-D+1_20220528100000_20220528103638.csv
2022-05-29T14:00:00Z,1.0,151.4,2022-05-29,MarketResult_SEM-DA_PWR-MRC-D+1_20220528100000_20220528103638.csv
2022-05-29T15:00:00Z,1.0,168.12,2022-05-29,MarketResult_SEM-DA_PWR-MRC-D+1_20220528100000_20220528103638.csv
2022-05-29T16:00:00Z,1.0,177.22,2022-05-29,MarketResult_SEM-DA_PWR-MRC-D+1_20220528100000_20220528103638.csv
2022-05-29T17:00:00Z,1.0,201.44,2022-05-29,MarketResult_SEM-DA_PWR-MRC-D+1_20220528100000_20220528103638.csv
2022-05-29T18:00:00Z,1.0,202.1,2022-05-29,MarketResult_SEM-DA_PWR-MRC-D+1_20220528100000_20220528103638.csv
2022-05-29T19:00:00Z,1.0,207.0,2022-05-29,MarketResult_SEM-DA_PWR-MRC-D+1_20220528100000_20220528103638.csv
2022-05-29T20:00:00Z,1.0,215.35,2022-05-29,MarketResult_SEM-DA_PWR-MRC-D+1_20220528100000_20220528103638.csv
2022-05-29T21:00:00Z,1.0,206.58,2022-05-29,MarketResult_SEM-DA_PWR-MRC-D+1_20220528100000_20220528103638.csv
2022-05-29T22:00:00Z,1.0,164.14,2022-05-30,MarketResult_SEM-DA_PWR-MRC-D+1_20220529100000_20220529103623.csv
2022-05-29T23:00:00Z,1.0,168.35,2022-05-30,MarketResult_SEM-DA_PWR-MRC-D+1_20220529100000_20220529103623.csv
2022-05-30T00:00:00Z,1.0,154.09,2022-05-30,MarketResult_SEM-DA_PWR-MRC-D+1_20220529100000_20220529103623.csv
2022-05-30T01:00:00Z,1.0,151.41,2022-05-30,MarketResult_SEM-DA_PWR-MRC-D+1_20220529100000_20220529103623.csv
2022-05-30T02:00:00Z,1.0,151.0,2022-05-30,MarketResult_SEM-DA_PWR-MRC-D+1_20220529100000_20220529103623.csv
2022-05-30T03:00:00Z,1.0,160.0,2022-05-30,MarketResult_SEM-DA_PWR-MRC-D+1_20220529100000_20220529103623.csv
2022-05-30T04:00:00Z,1.0,164.0,2022-05-30,MarketResult_SEM-DA_PWR-MRC-D+1_20220529100000_20220529103623.csv
2022-05-30T05:00:00Z,1.0,193.01,2022-05-30,MarketResult_SEM-DA_PWR-MRC-D+1_20220529100000_20220529103623.csv
2022-05-30T06:00:00Z,1.0,295.0,2022-05-30,MarketResult_SEM-DA_PWR-MRC-D+1_20220529100000_20220529103623.csv
2022-05-30T07:00:00Z,1.0,304.47,2022-05-30,MarketResult_SEM-DA_PWR-MRC-D+1_20220529100000_20220529103623.csv
2022-05-30T08:00:00Z,1.0,300.0,2022-05-30,MarketResult_SEM-DA_PWR-MRC-D+1_20220529100000_20220529103623.csv
2022-05-30T09:00:00Z,1.0,300.0,2022-05-30,MarketResult_SEM-DA_PWR-MRC-D+1_20220529100000_20220529103623.csv
2022-05-30T10:00:00Z,1.0,295.0,2022-05-30,MarketResult_SEM-DA_PWR-MRC-D+1_20220529100000_20220529103623.csv
2022-05-30T11:00:00Z,1.0,295.0,2022-05-30,MarketResult_SEM-DA_PWR-MRC-D+1_20220529100000_20220529103623.csv
2022-05-30T12:00:00Z,1.0,278.52,2022-05-30,MarketResult_SEM-DA_PWR-MRC-D+1_20220529100000_20220529103623.csv
2022-05-30T13:00:00Z,1.0,254.77,2022-05-30,MarketResult_SEM-DA_PWR-MRC-D+1_20220529100000_20220529103623.csv
2022-05-30T14:00:00Z,1.0,244.0,2022-05-30,MarketResult_SEM-DA_PWR-MRC-D+1_20220529100000_20220529103623.csv
2022-05-30T15:00:00Z,1.0,269.8,2022-05-30,MarketResult_SEM-DA_PWR-MRC-D+1_20220529100000_20220529103623.csv
2022-05-30T16:00:00Z,1.0,289.14,2022-05-30,MarketResult_SEM-DA_PWR-MRC-D+1_20220529100000_20220529103623.csv
2022-05-30T17:00:00Z,1.0,291.0,2022-05-30,MarketResult_SEM-DA_PWR-MRC-D+1_20220529100000_20220529103623.csv
2022-05-30T18:00:00Z,1.0,265.71,2022-05-30,MarketResult_SEM-DA_PWR-MRC-D+1_20220529100000_20220529103623.csv
2022-05-30T19:00:00Z,1.0,256.01,2022-05-30,MarketResult_SEM-DA_PWR-MRC-D+1_20220529100000_20220529103623.csv
2022-05-30T20:00:00Z,1.0,259.7,2022-05-30,MarketResult_SEM-DA_PWR-MRC-D+1_20220529100000_20220529103623.csv
2022-05-30T21:00:00Z,1.0,235.15,2022-05-30,MarketResult_SEM-DA_PWR-MRC-D+1_20220529100000_20220529103623.csv
2022-05-30T22:00:00Z,1.0,173.37,2022-05-31,MarketResult_SEM-DA_PWR-MRC-D+1_20220530100000_20220530103647.csv
2022-05-30T23:00:00Z,1.0,159.25,2022-05-31,MarketResult_SEM-DA_PWR-MRC-D+1_20220530100000_20220530103647.csv
2022-05-31T00:00:00Z,1.0,149.25,2022-05-31,MarketResult_SEM-DA_PWR-MRC-D+1_20220530100000_20220530103647.csv
2022-05-31T01:00:00Z,1.0,147.65,2022-05-31,MarketResult_SEM-DA_PWR-MRC-D+1_20220530100000_20220530103647.csv
2022-05-31T02:00:00Z,1.0,147.65,2022-05-31,MarketResult_SEM-DA_PWR-MRC-D+1_20220530100000_20220530103647.csv
2022-05-31T03:00:00Z,1.0,147.65,2022-05-31,MarketResult_SEM-DA_PWR-MRC-D+1_20220530100000_20220530103647.csv
2022-05-31T04:00:00Z,1.0,151.0,2022-05-31,MarketResult_SEM-DA_PWR-MRC-D+1_20220530100000_20220530103647.csv
2022-05-31T05:00:00Z,1.0,191.0,2022-05-31,MarketResult_SEM-DA_PWR-MRC-D+1_20220530100000_20220530103647.csv
2022-05-31T06:00:00Z,1.0,240.56,2022-05-31,MarketResult_SEM-DA_PWR-MRC-D+1_20220530100000_20220530103647.csv
2022-05-31T07:00:00Z,1.0,302.0,2022-05-31,MarketResult_SEM-DA_PWR-MRC-D+1_20220530100000_20220530103647.csv
2022-05-31T08:00:00Z,1.0,284.92,2022-05-31,MarketResult_SEM-DA_PWR-MRC-D+1_20220530100000_20220530103647.csv
2022-05-31T09:00:00Z,1.0,279.95,2022-05-31,MarketResult_SEM-DA_PWR-MRC-D+1_20220530100000_20220530103647.csv
2022-05-31T10:00:00Z,1.0,263.25,2022-05-31,MarketResult_SEM-DA_PWR-MRC-D+1_20220530100000_20220530103647.csv
2022-05-31T11:00:00Z,1.0,263.0,2022-05-31,MarketResult_SEM-DA_PWR-MRC-D+1_20220530100000_20220530103647.csv
2022-05-31T12:00:00Z,1.0,222.43,2022-05-31,MarketResult_SEM-DA_PWR-MRC-D+1_20220530100000_20220530103647.csv
2022-05-31T13:00:00Z,1.0,218.12,2022-05-31,MarketResult_SEM-DA_PWR-MRC-D+1_20220530100000_20220530103647.csv
2022-05-31T14:00:00Z,1.0,211.3,2022-05-31,MarketResult_SEM-DA_PWR-MRC-D+1_20220530100000_20220530103647.csv
2022-05-31T15:00:00Z,1.0,223.29,2022-05-31,MarketResult_SEM-DA_PWR-MRC-D+1_20220530100000_20220530103647.csv
2022-05-31T16:00:00Z,1.0,233.86,2022-05-31,MarketResult_SEM-DA_PWR-MRC-D+1_20220530100000_20220530103647.csv
2022-05-31T17:00:00Z,1.0,254.02,2022-05-31,MarketResult_SEM-DA_PWR-MRC-D+1_20220530100000_20220530103647.csv
2022-05-31T18:00:00Z,1.0,245.0,2022-05-31,MarketResult_SEM-DA_PWR-MRC-D+1_20220530100000_20220530103647.csv
2022-05-31T19:00:00Z,1.0,222.8,2022-05-31,MarketResult_SEM-DA_PWR-MRC-D+1_20220530100000_20220530103647.csv
2022-05-31T20:00:00Z,1.0,218.58,2022-05-31,MarketResult_SEM-DA_PWR-MRC-D+1_20220530100000_20220530103647.csv
2022-05-31T21:00:00Z,1.0,197.82,2022-05-31,MarketResult_SEM-DA_PWR-MRC-D+1_20220530100000_20220530103647.csv
2022-05-31T22:00:00Z,1.0,182.38,2022-06-01,MarketResult_SEM-DA_PWR-MRC-D+1_20220531100000_20220531104116.csv
2022-05-31T23:00:00Z,1.0,158.53,2022-06-01,MarketResult_SEM-DA_PWR-MRC-D+1_20220531100000_20220531104116.csv
2022-06-01T00:00:00Z,1.0,150.0,2022-06-01,MarketResult_SEM-DA_PWR-MRC-D+1_20220531100000_20220531104116.csv
2022-06-01T01:00:00Z,1.0,148.14,2022-06-01,MarketResult_SEM-DA_PWR-MRC-D+1_20220531100000_20220531104116.csv
2022-06-01T02:00:00Z,1.0,148.14,2022-06-01,MarketResult_SEM-DA_PWR-MRC-D+1_20220531100000_20220531104116.csv
2022-06-01T03:00:00Z,1.0,149.0,2022-06-01,MarketResult_SEM-DA_PWR-MRC-D+1_20220531100000_20220531104116.csv
2022-06-01T04:00:00Z,1.0,153.54,2022-06-01,MarketResult_SEM-DA_PWR-MRC-D+1_20220531100000_20220531104116.csv
2022-06-01T05:00:00Z,1.0,183.33,2022-06-01,MarketResult_SEM-DA_PWR-MRC-D+1_20220531100000_20220531104116.csv
2022-06-01T06:00:00Z,1.0,231.0,2022-06-01,MarketResult_SEM-DA_PWR-MRC-D+1_20220531100000_20220531104116.csv
2022-06-01T07:00:00Z,1.0,328.41,2022-06-01,MarketResult_SEM-DA_PWR-MRC-D+1_20220531100000_20220531104116.csv
2022-06-01T08:00:00Z,1.0,320.97,2022-06-01,MarketResult_SEM-DA_PWR-MRC-D+1_20220531100000_20220531104116.csv
2022-06-01T09:00:00Z,1.0,336.98,2022-06-01,MarketResult_SEM-DA_PWR-MRC-D+1_20220531100000_20220531104116.csv
2022-06-01T10:00:00Z,1.0,331.46,2022-06-01,MarketResult_SEM-DA_PWR-MRC-D+1_20220531100000_20220531104116.csv
2022-06-01T11:00:00Z,1.0,328.46,2022-06-01,MarketResult_SEM-DA_PWR-MRC-D+1_20220531100000_20220531104116.csv
2022-06-01T12:00:00Z,1.0,290.0,2022-06-01,MarketResult_SEM-DA_PWR-MRC-D+1_20220531100000_20220531104116.csv
2022-06-01T13:00:00Z,1.0,277.01,2022-06-01,MarketResult_SEM-DA_PWR-MRC-D+1_20220531100000_20220531104116.csv
2022-06-01T14:00:00Z,1.0,267.0,2022-06-01,MarketResult_SEM-DA_PWR-MRC-D+1_20220531100000_20220531104116.csv
2022-06-01T15:00:00Z,1.0,309.0,2022-06-01,MarketResult_SEM-DA_PWR-MRC-D+1_20220531100000_20220531104116.csv
2022-06-01T16:00:00Z,1.0,350.0,2022-06-01,MarketResult_SEM-DA_PWR-MRC-D+1_20220531100000_20220531104116.csv
2022-06-01T17:00:00Z,1.0,337.84,2022-06-01,MarketResult_SEM-DA_PWR-MRC-D+1_20220531100000_20220531104116.csv
2022-06-01T18:00:00Z,1.0,280.0,2022-06-01,MarketResult_SEM-DA_PWR-MRC-D+1_20220531100000_20220531104116.csv
2022-06-01T19:00:00Z,1.0,255.2,2022-06-01,MarketResult_SEM-DA_PWR-MRC-D+1_20220531100000_20220531104116.csv
2022-06-01T20:00:00Z,1.0,232.0,2022-06-01,MarketResult_SEM-DA_PWR-MRC-D+1_20220531100000_20220531104116.csv
2022-06-01T21:00:00Z,1.0,211.84,2022-06-01,MarketResult_SEM-DA_PWR-MRC-D+1_20220531100000_20220531104116.csv
2022-06-01T22:00:00Z,1.0,174.97,2022-06-02,MarketResult_SEM-DA_PWR-MRC-D+1_20220601100000_20220601103608.csv
2022-06-01T23:00:00Z,1.0,154.24,2022-06-02,MarketResult_SEM-DA_PWR-MRC-D+1_20220601100000_20220601103608.csv
2022-06-02T00:00:00Z,1.0,149.09,2022-06-02,MarketResult_SEM-DA_PWR-MRC-D+1_20220601100000_20220601103608.csv
2022-06-02T01:00:00Z,1.0,141.02,2022-06-02,MarketResult_SEM-DA_PWR-MRC-D+1_20220601100000_20220601103608.csv
2022-06-02T02:00:00Z,1.0,140.46,2022-06-02,MarketResult_SEM-DA_PWR-MRC-D+1_20220601100000_20220601103608.csv
2022-06-02T03:00:00Z,1.0,137.39,2022-06-02,MarketResult_SEM-DA_PWR-MRC-D+1_20220601100000_20220601103608.csv
2022-06-02T04:00:00Z,1.0,134.13,2022-06-02,MarketResult_SEM-DA_PWR-MRC-D+1_20220601100000_20220601103608.csv
2022-06-02T05:00:00Z,1.0,155.22,2022-06-02,MarketResult_SEM-DA_PWR-MRC-D+1_20220601100000_20220601103608.csv
2022-06-02T06:00:00Z,1.0,197.73,2022-06-02,MarketResult_SEM-DA_PWR-MRC-D+1_20220601100000_20220601103608.csv
2022-06-02T07:00:00Z,1.0,207.33,2022-06-02,MarketResult_SEM-DA_PWR-MRC-D+1_20220601100000_20220601103608.csv
2022-06-02T08:00:00Z,1.0,204.69,2022-06-02,MarketResult_SEM-DA_PWR-MRC-D+1_20220601100000_20220601103608.csv
2022-06-02T09:00:00Z,1.0,202.15,2022-06-02,MarketResult_SEM-DA_PWR-MRC-D+1_20220601100000_20220601103608.csv
2022-06-02T10:00:00Z,1.0,200.0,2022-06-02,MarketResult_SEM-DA_PWR-MRC-D+1_20220601100000_20220601103608.csv
2022-06-02T11:00:00Z,1.0,194.45,2022-06-02,MarketResult_SEM-DA_PWR-MRC-D+1_20220601100000_20220601103608.csv
2022-06-02T12:00:00Z,1.0,183.86,2022-06-02,MarketResult_SEM-DA_PWR-MRC-D+1_20220601100000_20220601103608.csv
2022-06-02T13:00:00Z,1.0,170.0,2022-06-02,MarketResult_SEM-DA_PWR-MRC-D+1_20220601100000_20220601103608.csv
2022-06-02T14:00:00Z,1.0,169.75,2022-06-02,MarketResult_SEM-DA_PWR-MRC-D+1_20220601100000_20220601103608.csv
2022-06-02T15:00:00Z,1.0,192.89,2022-06-02,MarketResult_SEM-DA_PWR-MRC-D+1_20220601100000_20220601103608.csv
2022-06-02T16:00:00Z,1.0,205.96,2022-06-02,MarketResult_SEM-DA_PWR-MRC-D+1_20220601100000_20220601103608.csv
2022-06-02T17:00:00Z,1.0,221.0,2022-06-02,MarketResult_SEM-DA_PWR-MRC-D+1_20220601100000_20220601103608.csv
2022-06-02T18:00:00Z,1.0,217.8,2022-06-02,MarketResult_SEM-DA_PWR-MRC-D+1_20220601100000_20220601103608.csv
2022-06-02T19:00:00Z,1.0,212.94,2022-06-02,MarketResult_SEM-DA_PWR-MRC-D+1_20220601100000_20220601103608.csv
2022-06-02T20:00:00Z,1.0,208.86,2022-06-02,MarketResult_SEM-DA_PWR-MRC-D+1_20220601100000_20220601103608.csv
2022-06-02T21:00:00Z,1.0,181.49,2022-06-02,MarketResult_SEM-DA_PWR-MRC-D+1_20220601100000_20220601103608.csv
2022-06-02T22:00:00Z,1.0,165.1,2022-06-03,MarketResult_SEM-DA_PWR-MRC-D+1_20220602100000_20220602103721.csv
2022-06-02T23:00:00Z,1.0,149.0,2022-06-03,MarketResult_SEM-DA_PWR-MRC-D+1_20220602100000_20220602103721.csv
2022-06-03T00:00:00Z,1.0,140.0,2022-06-03,MarketResult_SEM-DA_PWR-MRC-D+1_20220602100000_20220602103721.csv
2022-06-03T01:00:00Z,1.0,131.0,2022-06-03,MarketResult_SEM-DA_PWR-MRC-D+1_20220602100000_20220602103721.csv
2022-06-03T02:00:00Z,1.0,123.82,2022-06-03,MarketResult_SEM-DA_PWR-MRC-D+1_20220602100000_20220602103721.csv
2022-06-03T03:00:00Z,1.0,115.0,2022-06-03,MarketResult_SEM-DA_PWR-MRC-D+1_20220602100000_20220602103721.csv
2022-06-03T04:00:00Z,1.0,116.73,2022-06-03,MarketResult_SEM-DA_PWR-MRC-D+1_20220602100000_20220602103721.csv
2022-06-03T05:00:00Z,1.0,140.67,2022-06-03,MarketResult_SEM-DA_PWR-MRC-D+1_20220602100000_20220602103721.csv
2022-06-03T06:00:00Z,1.0,191.75,2022-06-03,MarketResult_SEM-DA_PWR-MRC-D+1_20220602100000_20220602103721.csv
2022-06-03T07:00:00Z,1.0,201.54,2022-06-03,MarketResult_SEM-DA_PWR-MRC-D+1_20220602100000_20220602103721.csv
2022-06-03T08:00:00Z,1.0,197.11,2022-06-03,MarketResult_SEM-DA_PWR-MRC-D+1_20220602100000_20220602103721.csv
2022-06-03T09:00:00Z,1.0,191.4,2022-06-03,MarketResult_SEM-DA_PWR-MRC-D+1_20220602100000_20220602103721.csv
2022-06-03T10:00:00Z,1.0,171.0,2022-06-03,MarketResult_SEM-DA_PWR-MRC-D+1_20220602100000_20220602103721.csv
2022-06-03T11:00:00Z,1.0,159.5,2022-06-03,MarketResult_SEM-DA_PWR-MRC-D+1_20220602100000_20220602103721.csv
2022-06-03T12:00:00Z,1.0,143.4,2022-06-03,MarketResult_SEM-DA_PWR-MRC-D+1_20220602100000_20220602103721.csv
2022-06-03T13:00:00Z,1.0,137.75,2022-06-03,MarketResult_SEM-DA_PWR-MRC-D+1_20220602100000_20220602103721.csv
2022-06-03T14:00:00Z,1.0,133.0,2022-06-03,MarketResult_SEM-DA_PWR-MRC-D+1_20220602100000_20220602103721.csv
2022-06-03T15:00:00Z,1.0,145.0,2022-06-03,MarketResult_SEM-DA_PWR-MRC-D+1_20220602100000_20220602103721.csv
2022-06-03T16:00:00Z,1.0,175.71,2022-06-03,MarketResult_SEM-DA_PWR-MRC-D+1_20220602100000_20220602103721.csv
2022-06-03T17:00:00Z,1.0,191.4,2022-06-03,MarketResult_SEM-DA_PWR-MRC-D+1_20220602100000_20220602103721.csv
2022-06-03T18:00:00Z,1.0,185.14,2022-06-03,MarketResult_SEM-DA_PWR-MRC-D+1_20220602100000_20220602103721.csv
2022-06-03T19:00:00Z,1.0,172.0,2022-06-03,MarketResult_SEM-DA_PWR-MRC-D+1_20220602100000_20220602103721.csv
2022-06-03T20:00:00Z,1.0,153.21,2022-06-03,MarketResult_SEM-DA_PWR-MRC-D+1_20220602100000_20220602103721.csv
2022-06-03T21:00:00Z,1.0,109.5,2022-06-03,MarketResult_SEM-DA_PWR-MRC-D+1_20220602100000_20220602103721.csv
2022-06-03T22:00:00Z,1.0,180.0,2022-06-04,MarketResult_SEM-DA_PWR-MRC-D+1_20220603100000_20220603103413.csv
2022-06-03T23:00:00Z,1.0,154.21,2022-06-04,MarketResult_SEM-DA_PWR-MRC-D+1_20220603100000_20220603103413.csv
2022-06-04T00:00:00Z,1.0,138.0,2022-06-04,MarketResult_SEM-DA_PWR-MRC-D+1_20220603100000_20220603103413.csv
2022-06-04T01:00:00Z,1.0,130.0,2022-06-04,MarketResult_SEM-DA_PWR-MRC-D+1_20220603100000_20220603103413.csv
2022-06-04T02:00:00Z,1.0,128.57,2022-06-04,MarketResult_SEM-DA_PWR-MRC-D+1_20220603100000_20220603103413.csv
2022-06-04T03:00:00Z,1.0,123.0,2022-06-04,MarketResult_SEM-DA_PWR-MRC-D+1_20220603100000_20220603103413.csv
2022-06-04T04:00:00Z,1.0,122.0,2022-06-04,MarketResult_SEM-DA_PWR-MRC-D+1_20220603100000_20220603103413.csv
2022-06-04T05:00:00Z,1.0,126.96,2022-06-04,MarketResult_SEM-DA_PWR-MRC-D+1_20220603100000_20220603103413.csv
2022-06-04T06:00:00Z,1.0,139.98,2022-06-04,MarketResult_SEM-DA_PWR-MRC-D+1_20220603100000_20220603103413.csv
2022-06-04T07:00:00Z,1.0,156.0,2022-06-04,MarketResult_SEM-DA_PWR-MRC-D+1_20220603100000_20220603103413.csv
2022-06-04T08:00:00Z,1.0,161.1,2022-06-04,MarketResult_SEM-DA_PWR-MRC-D+1_20220603100000_20220603103413.csv
2022-06-04T09:00:00Z,1.0,157.66,2022-06-04,MarketResult_SEM-DA_PWR-MRC-D+1_20220603100000_20220603103413.csv
2022-06-04T10:00:00Z,1.0,142.0,2022-06-04,MarketResult_SEM-DA_PWR-MRC-D+1_20220603100000_20220603103413.csv
2022-06-04T11:00:00Z,1.0,125.06,2022-06-04,MarketResult_SEM-DA_PWR-MRC-D+1_20220603100000_20220603103413.csv
2022-06-04T12:00:00Z,1.0,114.59,2022-06-04,MarketResult_SEM-DA_PWR-MRC-D+1_20220603100000_20220603103413.csv
2022-06-04T13:00:00Z,1.0,113.0,2022-06-04,MarketResult_SEM-DA_PWR-MRC-D+1_20220603100000_20220603103413.csv
2022-06-04T14:00:00Z,1.0,114.59,2022-06-04,MarketResult_SEM-DA_PWR-MRC-D+1_20220603100000_20220603103413.csv
2022-06-04T15:00:00Z,1.0,129.85,2022-06-04,MarketResult_SEM-DA_PWR-MRC-D+1_20220603100000_20220603103413.csv
2022-06-04T16:00:00Z,1.0,145.55,2022-06-04,MarketResult_SEM-DA_PWR-MRC-D+1_20220603100000_20220603103413.csv
2022-06-04T17:00:00Z,1.0,175.96,2022-06-04,MarketResult_SEM-DA_PWR-MRC-D+1_20220603100000_20220603103413.csv
2022-06-04T18:00:00Z,1.0,186.04,2022-06-04,MarketResult_SEM-DA_PWR-MRC-D+1_20220603100000_20220603103413.csv
2022-06-04T19:00:00Z,1.0,178.32,2022-06-04,MarketResult_SEM-DA_PWR-MRC-D+1_20220603100000_20220603103413.csv
2022-06-04T20:00:00Z,1.0,178.82,2022-06-04,MarketResult_SEM-DA_PWR-MRC-D+1_20220603100000_20220603103413.csv
2022-06-04T21:00:00Z,1.0,153.7,2022-06-04,MarketResult_SEM-DA_PWR-MRC-D+1_20220603100000_20220603103413.csv
2022-06-04T22:00:00Z,1.0,150.0,2022-06-05,MarketResult_SEM-DA_PWR-MRC-D+1_20220604100000_20220604103428.csv
2022-06-04T23:00:00Z,1.0,145.37,2022-06-05,MarketResult_SEM-DA_PWR-MRC-D+1_20220604100000_20220604103428.csv
2022-06-05T00:00:00Z,1.0,133.45,2022-06-05,MarketResult_SEM-DA_PWR-MRC-D+1_20220604100000_20220604103428.csv
2022-06-05T01:00:00Z,1.0,129.96,2022-06-05,MarketResult_SEM-DA_PWR-MRC-D+1_20220604100000_20220604103428.csv
2022-06-05T02:00:00Z,1.0,126.39,2022-06-05,MarketResult_SEM-DA_PWR-MRC-D+1_20220604100000_20220604103428.csv
2022-06-05T03:00:00Z,1.0,126.26,2022-06-05,MarketResult_SEM-DA_PWR-MRC-D+1_20220604100000_20220604103428.csv
2022-06-05T04:00:00Z,1.0,141.77,2022-06-05,MarketResult_SEM-DA_PWR-MRC-D+1_20220604100000_20220604103428.csv
2022-06-05T05:00:00Z,1.0,142.33,2022-06-05,MarketResult_SEM-DA_PWR-MRC-D+1_20220604100000_20220604103428.csv
2022-06-05T06:00:00Z,1.0,143.0,2022-06-05,MarketResult_SEM-DA_PWR-MRC-D+1_20220604100000_20220604103428.csv
2022-06-05T07:00:00Z,1.0,146.03,2022-06-05,MarketResult_SEM-DA_PWR-MRC-D+1_20220604100000_20220604103428.csv
2022-06-05T08:00:00Z,1.0,155.0,2022-06-05,MarketResult_SEM-DA_PWR-MRC-D+1_20220604100000_20220604103428.csv
2022-06-05T09:00:00Z,1.0,166.95,2022-06-05,MarketResult_SEM-DA_PWR-MRC-D+1_20220604100000_20220604103428.csv
2022-06-05T10:00:00Z,1.0,168.57,2022-06-05,MarketResult_SEM-DA_PWR-MRC-D+1_20220604100000_20220604103428.csv
2022-06-05T11:00:00Z,1.0,166.95,2022-06-05,MarketResult_SEM-DA_PWR-MRC-D+1_20220604100000_20220604103428.csv
2022-06-05T12:00:00Z,1.0,162.16,2022-06-05,MarketResult_SEM-DA_PWR-MRC-D+1_20220604100000_20220604103428.csv
2022-06-05T13:00:00Z,1.0,151.99,2022-06-05,MarketResult_SEM-DA_PWR-MRC-D+1_20220604100000_20220604103428.csv
2022-06-05T14:00:00Z,1.0,145.0,2022-06-05,MarketResult_SEM-DA_PWR-MRC-D+1_20220604100000_20220604103428.csv
2022-06-05T15:00:00Z,1.0,158.66,2022-06-05,MarketResult_SEM-DA_PWR-MRC-D+1_20220604100000_20220604103428.csv
2022-06-05T16:00:00Z,1.0,169.18,2022-06-05,MarketResult_SEM-DA_PWR-MRC-D+1_20220604100000_20220604103428.csv
2022-06-05T17:00:00Z,1.0,179.8,2022-06-05,MarketResult_SEM-DA_PWR-MRC-D+1_20220604100000_20220604103428.csv
2022-06-05T18:00:00Z,1.0,180.2,2022-06-05,MarketResult_SEM-DA_PWR-MRC-D+1_20220604100000_20220604103428.csv
2022-06-05T19:00:00Z,1.0,179.0,2022-06-05,MarketResult_SEM-DA_PWR-MRC-D+1_20220604100000_20220604103428.csv
2022-06-05T20:00:00Z,1.0,177.7,2022-06-05,MarketResult_SEM-DA_PWR-MRC-D+1_20220604100000_20220604103428.csv
2022-06-05T21:00:00Z,1.0,159.0,2022-06-05,MarketResult_SEM-DA_PWR-MRC-D+1_20220604100000_20220604103428.csv
2022-06-05T22:00:00Z,1.0,174.35,2022-06-06,MarketResult_SEM-DA_PWR-MRC-D+1_20220605100000_20220605103511.csv
2022-06-05T23:00:00Z,1.0,175.54,2022-06-06,MarketResult_SEM-DA_PWR-MRC-D+1_20220605100000_20220605103511.csv
2022-06-06T00:00:00Z,1.0,172.63,2022-06-06,MarketResult_SEM-DA_PWR-MRC-D+1_20220605100000_20220605103511.csv
2022-06-06T01:00:00Z,1.0,166.09,2022-06-06,MarketResult_SEM-DA_PWR-MRC-D+1_20220605100000_20220605103511.csv
2022-06-06T02:00:00Z,1.0,165.27,2022-06-06,MarketResult_SEM-DA_PWR-MRC-D+1_20220605100000_20220605103511.csv
2022-06-06T03:00:00Z,1.0,165.27,2022-06-06,MarketResult_SEM-DA_PWR-MRC-D+1_20220605100000_20220605103511.csv
2022-06-06T04:00:00Z,1.0,160.81,2022-06-06,MarketResult_SEM-DA_PWR-MRC-D+1_20220605100000_20220605103511.csv
2022-06-06T05:00:00Z,1.0,164.36,2022-06-06,MarketResult_SEM-DA_PWR-MRC-D+1_20220605100000_20220605103511.csv
2022-06-06T06:00:00Z,1.0,176.7,2022-06-06,MarketResult_SEM-DA_PWR-MRC-D+1_20220605100000_20220605103511.csv
2022-06-06T07:00:00Z,1.0,191.67,2022-06-06,MarketResult_SEM-DA_PWR-MRC-D+1_20220605100000_20220605103511.csv
2022-06-06T08:00:00Z,1.0,200.97,2022-06-06,MarketResult_SEM-DA_PWR-MRC-D+1_20220605100000_20220605103511.csv
2022-06-06T09:00:00Z,1.0,215.0,2022-06-06,MarketResult_SEM-DA_PWR-MRC-D+1_20220605100000_20220605103511.csv
2022-06-06T10:00:00Z,1.0,220.0,2022-06-06,MarketResult_SEM-DA_PWR-MRC-D+1_20220605100000_20220605103511.csv
2022-06-06T11:00:00Z,1.0,215.89,2022-06-06,MarketResult_SEM-DA_PWR-MRC-D+1_20220605100000_20220605103511.csv
2022-06-06T12:00:00Z,1.0,209.08,2022-06-06,MarketResult_SEM-DA_PWR-MRC-D+1_20220605100000_20220605103511.csv
2022-06-06T13:00:00Z,1.0,188.24,2022-06-06,MarketResult_SEM-DA_PWR-MRC-D+1_20220605100000_20220605103511.csv
2022-06-06T14:00:00Z,1.0,184.36,2022-06-06,MarketResult_SEM-DA_PWR-MRC-D+1_20220605100000_20220605103511.csv
2022-06-06T15:00:00Z,1.0,191.83,2022-06-06,MarketResult_SEM-DA_PWR-MRC-D+1_20220605100000_20220605103511.csv
2022-06-06T16:00:00Z,1.0,217.6,2022-06-06,MarketResult_SEM-DA_PWR-MRC-D+1_20220605100000_20220605103511.csv
2022-06-06T17:00:00Z,1.0,222.0,2022-06-06,MarketResult_SEM-DA_PWR-MRC-D+1_20220605100000_20220605103511.csv
2022-06-06T18:00:00Z,1.0,221.86,2022-06-06,MarketResult_SEM-DA_PWR-MRC-D+1_20220605100000_20220605103511.csv
2022-06-06T19:00:00Z,1.0,220.0,2022-06-06,MarketResult_SEM-DA_PWR-MRC-D+1_20220605100000_20220605103511.csv
2022-06-06T20:00:00Z,1.0,213.27,2022-06-06,MarketResult_SEM-DA_PWR-MRC-D+1_20220605100000_20220605103511.csv
2022-06-06T21:00:00Z,1.0,193.65,2022-06-06,MarketResult_SEM-DA_PWR-MRC-D+1_20220605100000_20220605103511.csv
2022-06-06T22:00:00Z,1.0,183.08,2022-06-07,MarketResult_SEM-DA_PWR-MRC-D+1_20220606100000_20220606103430.csv
2022-06-06T23:00:00Z,1.0,172.07,2022-06-07,MarketResult_SEM-DA_PWR-MRC-D+1_20220606100000_20220606103430.csv
2022-06-07T00:00:00Z,1.0,163.95,2022-06-07,MarketResult_SEM-DA_PWR-MRC-D+1_20220606100000_20220606103430.csv
2022-06-07T01:00:00Z,1.0,161.57,2022-06-07,MarketResult_SEM-DA_PWR-MRC-D+1_20220606100000_20220606103430.csv
2022-06-07T02:00:00Z,1.0,160.0,2022-06-07,MarketResult_SEM-DA_PWR-MRC-D+1_20220606100000_20220606103430.csv
2022-06-07T03:00:00Z,1.0,166.7,2022-06-07,MarketResult_SEM-DA_PWR-MRC-D+1_20220606100000_20220606103430.csv
2022-06-07T04:00:00Z,1.0,159.7,2022-06-07,MarketResult_SEM-DA_PWR-MRC-D+1_20220606100000_20220606103430.csv
2022-06-07T05:00:00Z,1.0,196.09,2022-06-07,MarketResult_SEM-DA_PWR-MRC-D+1_20220606100000_20220606103430.csv
2022-06-07T06:00:00Z,1.0,230.3,2022-06-07,MarketResult_SEM-DA_PWR-MRC-D+1_20220606100000_20220606103430.csv
2022-06-07T07:00:00Z,1.0,286.56,2022-06-07,MarketResult_SEM-DA_PWR-MRC-D+1_20220606100000_20220606103430.csv
2022-06-07T08:00:00Z,1.0,260.0,2022-06-07,MarketResult_SEM-DA_PWR-MRC-D+1_20220606100000_20220606103430.csv
2022-06-07T09:00:00Z,1.0,232.3,2022-06-07,MarketResult_SEM-DA_PWR-MRC-D+1_20220606100000_20220606103430.csv
2022-06-07T10:00:00Z,1.0,209.72,2022-06-07,MarketResult_SEM-DA_PWR-MRC-D+1_20220606100000_20220606103430.csv
2022-06-07T11:00:00Z,1.0,191.08,2022-06-07,MarketResult_SEM-DA_PWR-MRC-D+1_20220606100000_20220606103430.csv
2022-06-07T12:00:00Z,1.0,170.96,2022-06-07,MarketResult_SEM-DA_PWR-MRC-D+1_20220606100000_20220606103430.csv
2022-06-07T13:00:00Z,1.0,161.72,2022-06-07,MarketResult_SEM-DA_PWR-MRC-D+1_20220606100000_20220606103430.csv
2022-06-07T14:00:00Z,1.0,165.9,2022-06-07,MarketResult_SEM-DA_PWR-MRC-D+1_20220606100000_20220606103430.csv
2022-06-07T15:00:00Z,1.0,185.69,2022-06-07,MarketResult_SEM-DA_PWR-MRC-D+1_20220606100000_20220606103430.csv
2022-06-07T16:00:00Z,1.0,209.0,2022-06-07,MarketResult_SEM-DA_PWR-MRC-D+1_20220606100000_20220606103430.csv
2022-06-07T17:00:00Z,1.0,215.0,2022-06-07,MarketResult_SEM-DA_PWR-MRC-D+1_20220606100000_20220606103430.csv
2022-06-07T18:00:00Z,1.0,215.0,2022-06-07,MarketResult_SEM-DA_PWR-MRC-D+1_20220606100000_20220606103430.csv
2022-06-07T19:00:00Z,1.0,200.0,2022-06-07,MarketResult_SEM-DA_PWR-MRC-D+1_20220606100000_20220606103430.csv
2022-06-07T20:00:00Z,1.0,208.17,2022-06-07,MarketResult_SEM-DA_PWR-MRC-D+1_20220606100000_20220606103430.csv
2022-06-07T21:00:00Z,1.0,172.24,2022-06-07,MarketResult_SEM-DA_PWR-MRC-D+1_20220606100000_20220606103430.csv
2022-06-07T22:00:00Z,1.0,152.61,2022-06-08,MarketResult_SEM-DA_PWR-MRC-D+1_20220607100000_20220607103609.csv
2022-06-07T23:00:00Z,1.0,145.95,2022-06-08,MarketResult_SEM-DA_PWR-MRC-D+1_20220607100000_20220607103609.csv
2022-06-08T00:00:00Z,1.0,120.0,2022-06-08,MarketResult_SEM-DA_PWR-MRC-D+1_20220607100000_20220607103609.csv
2022-06-08T01:00:00Z,1.0,112.0,2022-06-08,MarketResult_SEM-DA_PWR-MRC-D+1_20220607100000_20220607103609.csv
2022-06-08T02:00:00Z,1.0,110.27,2022-06-08,MarketResult_SEM-DA_PWR-MRC-D+1_20220607100000_20220607103609.csv
2022-06-08T03:00:00Z,1.0,110.27,2022-06-08,MarketResult_SEM-DA_PWR-MRC-D+1_20220607100000_20220607103609.csv
2022-06-08T04:00:00Z,1.0,109.55,2022-06-08,MarketResult_SEM-DA_PWR-MRC-D+1_20220607100000_20220607103609.csv
2022-06-08T05:00:00Z,1.0,144.0,2022-06-08,MarketResult_SEM-DA_PWR-MRC-D+1_20220607100000_20220607103609.csv
2022-06-08T06:00:00Z,1.0,157.0,2022-06-08,MarketResult_SEM-DA_PWR-MRC-D+1_20220607100000_20220607103609.csv
2022-06-08T07:00:00Z,1.0,181.13,2022-06-08,MarketResult_SEM-DA_PWR-MRC-D+1_20220607100000_20220607103609.csv
2022-06-08T08:00:00Z,1.0,174.32,2022-06-08,MarketResult_SEM-DA_PWR-MRC-D+1_20220607100000_20220607103609.csv
2022-06-08T09:00:00Z,1.0,158.99,2022-06-08,MarketResult_SEM-DA_PWR-MRC-D+1_20220607100000_20220607103609.csv
2022-06-08T10:00:00Z,1.0,152.01,2022-06-08,MarketResult_SEM-DA_PWR-MRC-D+1_20220607100000_20220607103609.csv
2022-06-08T11:00:00Z,1.0,145.66,2022-06-08,MarketResult_SEM-DA_PWR-MRC-D+1_20220607100000_20220607103609.csv
2022-06-08T12:00:00Z,1.0,143.28,2022-06-08,MarketResult_SEM-DA_PWR-MRC-D+1_20220607100000_20220607103609.csv
2022-06-08T13:00:00Z,1.0,131.0,2022-06-08,MarketResult_SEM-DA_PWR-MRC-D+1_20220607100000_20220607103609.csv
2022-06-08T14:00:00Z,1.0,119.34,2022-06-08,MarketResult_SEM-DA_PWR-MRC-D+1_20220607100000_20220607103609.csv
2022-06-08T15:00:00Z,1.0,123.4,2022-06-08,MarketResult_SEM-DA_PWR-MRC-D+1_20220607100000_20220607103609.csv
2022-06-08T16:00:00Z,1.0,145.51,2022-06-08,MarketResult_SEM-DA_PWR-MRC-D+1_20220607100000_20220607103609.csv
2022-06-08T17:00:00Z,1.0,157.63,2022-06-08,MarketResult_SEM-DA_PWR-MRC-D+1_20220607100000_20220607103609.csv
2022-06-08T18:00:00Z,1.0,159.2,2022-06-08,MarketResult_SEM-DA_PWR-MRC-D+1_20220607100000_20220607103609.csv
2022-06-08T19:00:00Z,1.0,161.0,2022-06-08,MarketResult_SEM-DA_PWR-MRC-D+1_20220607100000_20220607103609.csv
2022-06-08T20:00:00Z,1.0,161.62,2022-06-08,MarketResult_SEM-DA_PWR-MRC-D+1_20220607100000_20220607103609.csv
2022-06-08T21:00:00Z,1.0,140.0,2022-06-08,MarketResult_SEM-DA_PWR-MRC-D+1_20220607100000_20220607103609.csv
2022-06-08T22:00:00Z,1.0,146.64,2022-06-09,MarketResult_SEM-DA_PWR-MRC-D+1_20220608100000_20220608103631.csv
2022-06-08T23:00:00Z,1.0,136.0,2022-06-09,MarketResult_SEM-DA_PWR-MRC-D+1_20220608100000_20220608103631.csv
2022-06-09T00:00:00Z,1.0,128.12,2022-06-09,MarketResult_SEM-DA_PWR-MRC-D+1_20220608100000_20220608103631.csv
2022-06-09T01:00:00Z,1.0,127.31,2022-06-09,MarketResult_SEM-DA_PWR-MRC-D+1_20220608100000_20220608103631.csv
2022-06-09T02:00:00Z,1.0,125.0,2022-06-09,MarketResult_SEM-DA_PWR-MRC-D+1_20220608100000_20220608103631.csv
2022-06-09T03:00:00Z,1.0,127.23,2022-06-09,MarketResult_SEM-DA_PWR-MRC-D+1_20220608100000_20220608103631.csv
2022-06-09T04:00:00Z,1.0,127.3,2022-06-09,MarketResult_SEM-DA_PWR-MRC-D+1_20220608100000_20220608103631.csv
2022-06-09T05:00:00Z,1.0,140.69,2022-06-09,MarketResult_SEM-DA_PWR-MRC-D+1_20220608100000_20220608103631.csv
2022-06-09T06:00:00Z,1.0,153.0,2022-06-09,MarketResult_SEM-DA_PWR-MRC-D+1_20220608100000_20220608103631.csv
2022-06-09T07:00:00Z,1.0,177.27,2022-06-09,MarketResult_SEM-DA_PWR-MRC-D+1_20220608100000_20220608103631.csv
2022-06-09T08:00:00Z,1.0,166.0,2022-06-09,MarketResult_SEM-DA_PWR-MRC-D+1_20220608100000_20220608103631.csv
2022-06-09T09:00:00Z,1.0,154.38,2022-06-09,MarketResult_SEM-DA_PWR-MRC-D+1_20220608100000_20220608103631.csv
2022-06-09T10:00:00Z,1.0,148.0,2022-06-09,MarketResult_SEM-DA_PWR-MRC-D+1_20220608100000_20220608103631.csv
2022-06-09T11:00:00Z,1.0,136.97,2022-06-09,MarketResult_SEM-DA_PWR-MRC-D+1_20220608100000_20220608103631.csv
2022-06-09T12:00:00Z,1.0,133.16,2022-06-09,MarketResult_SEM-DA_PWR-MRC-D+1_20220608100000_20220608103631.csv
2022-06-09T13:00:00Z,1.0,125.0,2022-06-09,MarketResult_SEM-DA_PWR-MRC-D+1_20220608100000_20220608103631.csv
2022-06-09T14:00:00Z,1.0,119.0,2022-06-09,MarketResult_SEM-DA_PWR-MRC-D+1_20220608100000_20220608103631.csv
2022-06-09T15:00:00Z,1.0,135.02,2022-06-09,MarketResult_SEM-DA_PWR-MRC-D+1_20220608100000_20220608103631.csv
2022-06-09T16:00:00Z,1.0,153.61,2022-06-09,MarketResult_SEM-DA_PWR-MRC-D+1_20220608100000_20220608103631.csv
2022-06-09T17:00:00Z,1.0,158.03,2022-06-09,MarketResult_SEM-DA_PWR-MRC-D+1_20220608100000_20220608103631.csv
2022-06-09T18:00:00Z,1.0,150.16,2022-06-09,MarketResult_SEM-DA_PWR-MRC-D+1_20220608100000_20220608103631.csv
2022-06-09T19:00:00Z,1.0,133.39,2022-06-09,MarketResult_SEM-DA_PWR-MRC-D+1_20220608100000_20220608103631.csv
2022-06-09T20:00:00Z,1.0,128.4,2022-06-09,MarketResult_SEM-DA_PWR-MRC-D+1_20220608100000_20220608103631.csv
2022-06-09T21:00:00Z,1.0,106.18,2022-06-09,MarketResult_SEM-DA_PWR-MRC-D+1_20220608100000_20220608103631.csv
2022-06-09T22:00:00Z,1.0,123.08,2022-06-10,MarketResult_SEM-DA_PWR-MRC-D+1_20220609100000_20220609103652.csv
2022-06-09T23:00:00Z,1.0,70.35,2022-06-10,MarketResult_SEM-DA_PWR-MRC-D+1_20220609100000_20220609103652.csv
2022-06-10T00:00:00Z,1.0,46.14,2022-06-10,MarketResult_SEM-DA_PWR-MRC-D+1_20220609100000_20220609103652.csv
2022-06-10T01:00:00Z,1.0,35.0,2022-06-10,MarketResult_SEM-DA_PWR-MRC-D+1_20220609100000_20220609103652.csv
2022-06-10T02:00:00Z,1.0,34.0,2022-06-10,MarketResult_SEM-DA_PWR-MRC-D+1_20220609100000_20220609103652.csv
2022-06-10T03:00:00Z,1.0,34.0,2022-06-10,MarketResult_SEM-DA_PWR-MRC-D+1_20220609100000_20220609103652.csv
2022-06-10T04:00:00Z,1.0,30.4,2022-06-10,MarketResult_SEM-DA_PWR-MRC-D+1_20220609100000_20220609103652.csv
2022-06-10T05:00:00Z,1.0,60.35,2022-06-10,MarketResult_SEM-DA_PWR-MRC-D+1_20220609100000_20220609103652.csv
2022-06-10T06:00:00Z,1.0,121.0,2022-06-10,MarketResult_SEM-DA_PWR-MRC-D+1_20220609100000_20220609103652.csv
2022-06-10T07:00:00Z,1.0,149.67,2022-06-10,MarketResult_SEM-DA_PWR-MRC-D+1_20220609100000_20220609103652.csv
2022-06-10T08:00:00Z,1.0,137.68,2022-06-10,MarketResult_SEM-DA_PWR-MRC-D+1_20220609100000_20220609103652.csv
2022-06-10T09:00:00Z,1.0,107.0,2022-06-10,MarketResult_SEM-DA_PWR-MRC-D+1_20220609100000_20220609103652.csv
2022-06-10T10:00:00Z,1.0,99.0,2022-06-10,MarketResult_SEM-DA_PWR-MRC-D+1_20220609100000_20220609103652.csv
2022-06-10T11:00:00Z,1.0,104.0,2022-06-10,MarketResult_SEM-DA_PWR-MRC-D+1_20220609100000_20220609103652.csv
2022-06-10T12:00:00Z,1.0,78.0,2022-06-10,MarketResult_SEM-DA_PWR-MRC-D+1_20220609100000_20220609103652.csv
2022-06-10T13:00:00Z,1.0,65.0,2022-06-10,MarketResult_SEM-DA_PWR-MRC-D+1_20220609100000_20220609103652.csv
2022-06-10T14:00:00Z,1.0,59.75,2022-06-10,MarketResult_SEM-DA_PWR-MRC-D+1_20220609100000_20220609103652.csv
2022-06-10T15:00:00Z,1.0,70.5,2022-06-10,MarketResult_SEM-DA_PWR-MRC-D+1_20220609100000_20220609103652.csv
2022-06-10T16:00:00Z,1.0,92.4,2022-06-10,MarketResult_SEM-DA_PWR-MRC-D+1_20220609100000_20220609103652.csv
2022-06-10T17:00:00Z,1.0,107.3,2022-06-10,MarketResult_SEM-DA_PWR-MRC-D+1_20220609100000_20220609103652.csv
2022-06-10T18:00:00Z,1.0,110.0,2022-06-10,MarketResult_SEM-DA_PWR-MRC-D+1_20220609100000_20220609103652.csv
2022-06-10T19:00:00Z,1.0,105.27,2022-06-10,MarketResult_SEM-DA_PWR-MRC-D+1_20220609100000_20220609103652.csv
2022-06-10T20:00:00Z,1.0,102.0,2022-06-10,MarketResult_SEM-DA_PWR-MRC-D+1_20220609100000_20220609103652.csv
2022-06-10T21:00:00Z,1.0,69.0,2022-06-10,MarketResult_SEM-DA_PWR-MRC-D+1_20220609100000_20220609103652.csv
2022-06-10T22:00:00Z,1.0,15.22,2022-06-11,MarketResult_SEM-DA_PWR-MRC-D+1_20220610100000_20220610103516.csv
2022-06-10T23:00:00Z,1.0,0.52,2022-06-11,MarketResult_SEM-DA_PWR-MRC-D+1_20220610100000_20220610103516.csv
2022-06-11T00:00:00Z,1.0,0.0,2022-06-11,MarketResult_SEM-DA_PWR-MRC-D+1_20220610100000_20220610103516.csv
2022-06-11T01:00:00Z,1.0,0.0,2022-06-11,MarketResult_SEM-DA_PWR-MRC-D+1_20220610100000_20220610103516.csv
2022-06-11T02:00:00Z,1.0,0.0,2022-06-11,MarketResult_SEM-DA_PWR-MRC-D+1_20220610100000_20220610103516.csv
2022-06-11T03:00:00Z,1.0,0.0,2022-06-11,MarketResult_SEM-DA_PWR-MRC-D+1_20220610100000_20220610103516.csv
2022-06-11T04:00:00Z,1.0,0.0,2022-06-11,MarketResult_SEM-DA_PWR-MRC-D+1_20220610100000_20220610103516.csv
2022-06-11T05:00:00Z,1.0,0.52,2022-06-11,MarketResult_SEM-DA_PWR-MRC-D+1_20220610100000_20220610103516.csv
2022-06-11T06:00:00Z,1.0,5.0,2022-06-11,MarketResult_SEM-DA_PWR-MRC-D+1_20220610100000_20220610103516.csv
2022-06-11T07:00:00Z,1.0,46.0,2022-06-11,MarketResult_SEM-DA_PWR-MRC-D+1_20220610100000_20220610103516.csv
2022-06-11T08:00:00Z,1.0,20.0,2022-06-11,MarketResult_SEM-DA_PWR-MRC-D+1_20220610100000_20220610103516.csv
2022-06-11T09:00:00Z,1.0,21.5,2022-06-11,MarketResult_SEM-DA_PWR-MRC-D+1_20220610100000_20220610103516.csv
2022-06-11T10:00:00Z,1.0,21.0,2022-06-11,MarketResult_SEM-DA_PWR-MRC-D+1_20220610100000_20220610103516.csv
2022-06-11T11:00:00Z,1.0,17.0,2022-06-11,MarketResult_SEM-DA_PWR-MRC-D+1_20220610100000_20220610103516.csv
2022-06-11T12:00:00Z,1.0,7.13,2022-06-11,MarketResult_SEM-DA_PWR-MRC-D+1_20220610100000_20220610103516.csv
2022-06-11T13:00:00Z,1.0,1.0,2022-06-11,MarketResult_SEM-DA_PWR-MRC-D+1_20220610100000_20220610103516.csv
2022-06-11T14:00:00Z,1.0,5.0,2022-06-11,MarketResult_SEM-DA_PWR-MRC-D+1_20220610100000_20220610103516.csv
2022-06-11T15:00:00Z,1.0,30.0,2022-06-11,MarketResult_SEM-DA_PWR-MRC-D+1_20220610100000_20220610103516.csv
2022-06-11T16:00:00Z,1.0,78.46,2022-06-11,MarketResult_SEM-DA_PWR-MRC-D+1_20220610100000_20220610103516.csv
2022-06-11T17:00:00Z,1.0,91.43,2022-06-11,MarketResult_SEM-DA_PWR-MRC-D+1_20220610100000_20220610103516.csv
2022-06-11T18:00:00Z,1.0,101.12,2022-06-11,MarketResult_SEM-DA_PWR-MRC-D+1_20220610100000_20220610103516.csv
2022-06-11T19:00:00Z,1.0,108.0,2022-06-11,MarketResult_SEM-DA_PWR-MRC-D+1_20220610100000_20220610103516.csv
2022-06-11T20:00:00Z,1.0,124.0,2022-06-11,MarketResult_SEM-DA_PWR-MRC-D+1_20220610100000_20220610103516.csv
2022-06-11T21:00:00Z,1.0,141.43,2022-06-11,MarketResult_SEM-DA_PWR-MRC-D+1_20220610100000_20220610103516.csv
2022-06-11T22:00:00Z,1.0,152.74,2022-06-12,MarketResult_SEM-DA_PWR-MRC-D+1_20220611100000_20220611103451.csv
2022-06-11T23:00:00Z,1.0,123.0,2022-06-12,MarketResult_SEM-DA_PWR-MRC-D+1_20220611100000_20220611103451.csv
2022-06-12T00:00:00Z,1.0,100.0,2022-06-12,MarketResult_SEM-DA_PWR-MRC-D+1_20220611100000_20220611103451.csv
2022-06-12T01:00:00Z,1.0,98.04,2022-06-12,MarketResult_SEM-DA_PWR-MRC-D+1_20220611100000_20220611103451.csv
2022-06-12T02:00:00Z,1.0,90.1,2022-06-12,MarketResult_SEM-DA_PWR-MRC-D+1_20220611100000_20220611103451.csv
2022-06-12T03:00:00Z,1.0,89.96,2022-06-12,MarketResult_SEM-DA_PWR-MRC-D+1_20220611100000_20220611103451.csv
2022-06-12T04:00:00Z,1.0,89.93,2022-06-12,MarketResult_SEM-DA_PWR-MRC-D+1_20220611100000_20220611103451.csv
2022-06-12T05:00:00Z,1.0,89.96,2022-06-12,MarketResult_SEM-DA_PWR-MRC-D+1_20220611100000_20220611103451.csv
2022-06-12T06:00:00Z,1.0,89.93,2022-06-12,MarketResult_SEM-DA_PWR-MRC-D+1_20220611100000_20220611103451.csv
2022-06-12T07:00:00Z,1.0,88.0,2022-06-12,MarketResult_SEM-DA_PWR-MRC-D+1_20220611100000_20220611103451.csv
2022-06-12T08:00:00Z,1.0,79.39,2022-06-12,MarketResult_SEM-DA_PWR-MRC-D+1_20220611100000_20220611103451.csv
2022-06-12T09:00:00Z,1.0,78.21,2022-06-12,MarketResult_SEM-DA_PWR-MRC-D+1_20220611100000_20220611103451.csv
2022-06-12T10:00:00Z,1.0,89.69,2022-06-12,MarketResult_SEM-DA_PWR-MRC-D+1_20220611100000_20220611103451.csv
2022-06-12T11:00:00Z,1.0,89.69,2022-06-12,MarketResult_SEM-DA_PWR-MRC-D+1_20220611100000_20220611103451.csv
2022-06-12T12:00:00Z,1.0,84.93,2022-06-12,MarketResult_SEM-DA_PWR-MRC-D+1_20220611100000_20220611103451.csv
2022-06-12T13:00:00Z,1.0,75.94,2022-06-12,MarketResult_SEM-DA_PWR-MRC-D+1_20220611100000_20220611103451.csv
2022-06-12T14:00:00Z,1.0,67.0,2022-06-12,MarketResult_SEM-DA_PWR-MRC-D+1_20220611100000_20220611103451.csv
2022-06-12T15:00:00Z,1.0,84.67,2022-06-12,MarketResult_SEM-DA_PWR-MRC-D+1_20220611100000_20220611103451.csv
2022-06-12T16:00:00Z,1.0,113.0,2022-06-12,MarketResult_SEM-DA_PWR-MRC-D+1_20220611100000_20220611103451.csv
2022-06-12T17:00:00Z,1.0,148.1,2022-06-12,MarketResult_SEM-DA_PWR-MRC-D+1_20220611100000_20220611103451.csv
2022-06-12T18:00:00Z,1.0,161.0,2022-06-12,MarketResult_SEM-DA_PWR-MRC-D+1_20220611100000_20220611103451.csv
2022-06-12T19:00:00Z,1.0,171.44,2022-06-12,MarketResult_SEM-DA_PWR-MRC-D+1_20220611100000_20220611103451.csv
2022-06-12T20:00:00Z,1.0,185.3,2022-06-12,MarketResult_SEM-DA_PWR-MRC-D+1_20220611100000_20220611103451.csv
2022-06-12T21:00:00Z,1.0,182.34,2022-06-12,MarketResult_SEM-DA_PWR-MRC-D+1_20220611100000_20220611103451.csv
2022-06-12T22:00:00Z,1.0,169.0,2022-06-13,MarketResult_SEM-DA_PWR-MRC-D+1_20220612100000_20220612103526.csv
2022-06-12T23:00:00Z,1.0,144.96,2022-06-13,MarketResult_SEM-DA_PWR-MRC-D+1_20220612100000_20220612103526.csv
2022-06-13T00:00:00Z,1.0,140.0,2022-06-13,MarketResult_SEM-DA_PWR-MRC-D+1_20220612100000_20220612103526.csv
2022-06-13T01:00:00Z,1.0,136.6,2022-06-13,MarketResult_SEM-DA_PWR-MRC-D+1_20220612100000_20220612103526.csv
2022-06-13T02:00:00Z,1.0,140.0,2022-06-13,MarketResult_SEM-DA_PWR-MRC-D+1_20220612100000_20220612103526.csv
2022-06-13T03:00:00Z,1.0,146.0,2022-06-13,MarketResult_SEM-DA_PWR-MRC-D+1_20220612100000_20220612103526.csv
2022-06-13T04:00:00Z,1.0,155.0,2022-06-13,MarketResult_SEM-DA_PWR-MRC-D+1_20220612100000_20220612103526.csv
2022-06-13T05:00:00Z,1.0,178.0,2022-06-13,MarketResult_SEM-DA_PWR-MRC-D+1_20220612100000_20220612103526.csv
2022-06-13T06:00:00Z,1.0,158.17,2022-06-13,MarketResult_SEM-DA_PWR-MRC-D+1_20220612100000_20220612103526.csv
2022-06-13T07:00:00Z,1.0,178.43,2022-06-13,MarketResult_SEM-DA_PWR-MRC-D+1_20220612100000_20220612103526.csv
2022-06-13T08:00:00Z,1.0,171.87,2022-06-13,MarketResult_SEM-DA_PWR-MRC-D+1_20220612100000_20220612103526.csv
2022-06-13T09:00:00Z,1.0,162.4,2022-06-13,MarketResult_SEM-DA_PWR-MRC-D+1_20220612100000_20220612103526.csv
2022-06-13T10:00:00Z,1.0,177.37,2022-06-13,MarketResult_SEM-DA_PWR-MRC-D+1_20220612100000_20220612103526.csv
2022-06-13T11:00:00Z,1.0,166.95,2022-06-13,MarketResult_SEM-DA_PWR-MRC-D+1_20220612100000_20220612103526.csv
2022-06-13T12:00:00Z,1.0,145.0,2022-06-13,MarketResult_SEM-DA_PWR-MRC-D+1_20220612100000_20220612103526.csv
2022-06-13T13:00:00Z,1.0,135.32,2022-06-13,MarketResult_SEM-DA_PWR-MRC-D+1_20220612100000_20220612103526.csv
2022-06-13T14:00:00Z,1.0,135.31,2022-06-13,MarketResult_SEM-DA_PWR-MRC-D+1_20220612100000_20220612103526.csv
2022-06-13T15:00:00Z,1.0,155.62,2022-06-13,MarketResult_SEM-DA_PWR-MRC-D+1_20220612100000_20220612103526.csv
2022-06-13T16:00:00Z,1.0,188.0,2022-06-13,MarketResult_SEM-DA_PWR-MRC-D+1_20220612100000_20220612103526.csv
2022-06-13T17:00:00Z,1.0,200.0,2022-06-13,MarketResult_SEM-DA_PWR-MRC-D+1_20220612100000_20220612103526.csv
2022-06-13T18:00:00Z,1.0,196.49,2022-06-13,MarketResult_SEM-DA_PWR-MRC-D+1_20220612100000_20220612103526.csv
2022-06-13T19:00:00Z,1.0,190.62,2022-06-13,MarketResult_SEM-DA_PWR-MRC-D+1_20220612100000_20220612103526.csv
2022-06-13T20:00:00Z,1.0,189.0,2022-06-13,MarketResult_SEM-DA_PWR-MRC-D+1_20220612100000_20220612103526.csv
2022-06-13T21:00:00Z,1.0,158.17,2022-06-13,MarketResult_SEM-DA_PWR-MRC-D+1_20220612100000_20220612103526.csv
2022-06-13T22:00:00Z,1.0,172.76,2022-06-14,MarketResult_SEM-DA_PWR-MRC-D+1_20220613100000_20220613103537.csv
2022-06-13T23:00:00Z,1.0,167.68,2022-06-14,MarketResult_SEM-DA_PWR-MRC-D+1_20220613100000_20220613103537.csv
2022-06-14T00:00:00Z,1.0,161.55,2022-06-14,MarketResult_SEM-DA_PWR-MRC-D+1_20220613100000_20220613103537.csv
2022-06-14T01:00:00Z,1.0,156.75,2022-06-14,MarketResult_SEM-DA_PWR-MRC-D+1_20220613100000_20220613103537.csv
2022-06-14T02:00:00Z,1.0,155.79,2022-06-14,MarketResult_SEM-DA_PWR-MRC-D+1_20220613100000_20220613103537.csv
2022-06-14T03:00:00Z,1.0,154.3,2022-06-14,MarketResult_SEM-DA_PWR-MRC-D+1_20220613100000_20220613103537.csv
2022-06-14T04:00:00Z,1.0,135.96,2022-06-14,MarketResult_SEM-DA_PWR-MRC-D+1_20220613100000_20220613103537.csv
2022-06-14T05:00:00Z,1.0,167.0,2022-06-14,MarketResult_SEM-DA_PWR-MRC-D+1_20220613100000_20220613103537.csv
2022-06-14T06:00:00Z,1.0,192.28,2022-06-14,MarketResult_SEM-DA_PWR-MRC-D+1_20220613100000_20220613103537.csv
2022-06-14T07:00:00Z,1.0,202.29,2022-06-14,MarketResult_SEM-DA_PWR-MRC-D+1_20220613100000_20220613103537.csv
2022-06-14T08:00:00Z,1.0,191.97,2022-06-14,MarketResult_SEM-DA_PWR-MRC-D+1_20220613100000_20220613103537.csv
2022-06-14T09:00:00Z,1.0,185.0,2022-06-14,MarketResult_SEM-DA_PWR-MRC-D+1_20220613100000_20220613103537.csv
2022-06-14T10:00:00Z,1.0,179.31,2022-06-14,MarketResult_SEM-DA_PWR-MRC-D+1_20220613100000_20220613103537.csv
2022-06-14T11:00:00Z,1.0,175.0,2022-06-14,MarketResult_SEM-DA_PWR-MRC-D+1_20220613100000_20220613103537.csv
2022-06-14T12:00:00Z,1.0,166.14,2022-06-14,MarketResult_SEM-DA_PWR-MRC-D+1_20220613100000_20220613103537.csv
2022-06-14T13:00:00Z,1.0,166.14,2022-06-14,MarketResult_SEM-DA_PWR-MRC-D+1_20220613100000_20220613103537.csv
2022-06-14T14:00:00Z,1.0,167.0,2022-06-14,MarketResult_SEM-DA_PWR-MRC-D+1_20220613100000_20220613103537.csv
2022-06-14T15:00:00Z,1.0,190.93,2022-06-14,MarketResult_SEM-DA_PWR-MRC-D+1_20220613100000_20220613103537.csv
2022-06-14T16:00:00Z,1.0,222.91,2022-06-14,MarketResult_SEM-DA_PWR-MRC-D+1_20220613100000_20220613103537.csv
2022-06-14T17:00:00Z,1.0,237.86,2022-06-14,MarketResult_SEM-DA_PWR-MRC-D+1_20220613100000_20220613103537.csv
2022-06-14T18:00:00Z,1.0,234.2,2022-06-14,MarketResult_SEM-DA_PWR-MRC-D+1_20220613100000_20220613103537.csv
2022-06-14T19:00:00Z,1.0,226.0,2022-06-14,MarketResult_SEM-DA_PWR-MRC-D+1_20220613100000_20220613103537.csv
2022-06-14T20:00:00Z,1.0,217.47,2022-06-14,MarketResult_SEM-DA_PWR-MRC-D+1_20220613100000_20220613103537.csv
2022-06-14T21:00:00Z,1.0,189.92,2022-06-14,MarketResult_SEM-DA_PWR-MRC-D+1_20220613100000_20220613103537.csv
2022-06-14T22:00:00Z,1.0,183.12,2022-06-15,MarketResult_SEM-DA_PWR-MRC-D+1_20220614100000_20220614103413.csv
2022-06-14T23:00:00Z,1.0,172.9,2022-06-15,MarketResult_SEM-DA_PWR-MRC-D+1_20220614100000_20220614103413.csv
2022-06-15T00:00:00Z,1.0,171.21,2022-06-15,MarketResult_SEM-DA_PWR-MRC-D+1_20220614100000_20220614103413.csv
2022-06-15T01:00:00Z,1.0,165.0,2022-06-15,MarketResult_SEM-DA_PWR-MRC-D+1_20220614100000_20220614103413.csv
2022-06-15T02:00:00Z,1.0,161.82,2022-06-15,MarketResult_SEM-DA_PWR-MRC-D+1_20220614100000_20220614103413.csv
2022-06-15T03:00:00Z,1.0,164.12,2022-06-15,MarketResult_SEM-DA_PWR-MRC-D+1_20220614100000_20220614103413.csv
2022-06-15T04:00:00Z,1.0,165.0,2022-06-15,MarketResult_SEM-DA_PWR-MRC-D+1_20220614100000_20220614103413.csv
2022-06-15T05:00:00Z,1.0,185.0,2022-06-15,MarketResult_SEM-DA_PWR-MRC-D+1_20220614100000_20220614103413.csv
2022-06-15T06:00:00Z,1.0,215.0,2022-06-15,MarketResult_SEM-DA_PWR-MRC-D+1_20220614100000_20220614103413.csv
2022-06-15T07:00:00Z,1.0,240.0,2022-06-15,MarketResult_SEM-DA_PWR-MRC-D+1_20220614100000_20220614103413.csv
2022-06-15T08:00:00Z,1.0,223.0,2022-06-15,MarketResult_SEM-DA_PWR-MRC-D+1_20220614100000_20220614103413.csv
2022-06-15T09:00:00Z,1.0,195.62,2022-06-15,MarketResult_SEM-DA_PWR-MRC-D+1_20220614100000_20220614103413.csv
2022-06-15T10:00:00Z,1.0,189.47,2022-06-15,MarketResult_SEM-DA_PWR-MRC-D+1_20220614100000_20220614103413.csv
2022-06-15T11:00:00Z,1.0,187.2,2022-06-15,MarketResult_SEM-DA_PWR-MRC-D+1_20220614100000_20220614103413.csv
2022-06-15T12:00:00Z,1.0,180.49,2022-06-15,MarketResult_SEM-DA_PWR-MRC-D+1_20220614100000_20220614103413.csv
2022-06-15T13:00:00Z,1.0,180.0,2022-06-15,MarketResult_SEM-DA_PWR-MRC-D+1_20220614100000_20220614103413.csv
2022-06-15T14:00:00Z,1.0,180.41,2022-06-15,MarketResult_SEM-DA_PWR-MRC-D+1_20220614100000_20220614103413.csv
2022-06-15T15:00:00Z,1.0,202.0,2022-06-15,MarketResult_SEM-DA_PWR-MRC-D+1_20220614100000_20220614103413.csv
2022-06-15T16:00:00Z,1.0,240.0,2022-06-15,MarketResult_SEM-DA_PWR-MRC-D+1_20220614100000_20220614103413.csv
2022-06-15T17:00:00Z,1.0,262.0,2022-06-15,MarketResult_SEM-DA_PWR-MRC-D+1_20220614100000_20220614103413.csv
2022-06-15T18:00:00Z,1.0,256.87,2022-06-15,MarketResult_SEM-DA_PWR-MRC-D+1_20220614100000_20220614103413.csv
2022-06-15T19:00:00Z,1.0,238.28,2022-06-15,MarketResult_SEM-DA_PWR-MRC-D+1_20220614100000_20220614103413.csv
2022-06-15T20:00:00Z,1.0,227.0,2022-06-15,MarketResult_SEM-DA_PWR-MRC-D+1_20220614100000_20220614103413.csv
2022-06-15T21:00:00Z,1.0,197.79,2022-06-15,MarketResult_SEM-DA_PWR-MRC-D+1_20220614100000_20220614103413.csv
2022-06-15T22:00:00Z,1.0,200.0,2022-06-16,MarketResult_SEM-DA_PWR-MRC-D+1_20220615100000_20220615103932.csv
2022-06-15T23:00:00Z,1.0,192.69,2022-06-16,MarketResult_SEM-DA_PWR-MRC-D+1_20220615100000_20220615103932.csv
2022-06-16T00:00:00Z,1.0,184.41,2022-06-16,MarketResult_SEM-DA_PWR-MRC-D+1_20220615100000_20220615103932.csv
2022-06-16T01:00:00Z,1.0,175.4,2022-06-16,MarketResult_SEM-DA_PWR-MRC-D+1_20220615100000_20220615103932.csv
2022-06-16T02:00:00Z,1.0,173.0,2022-06-16,MarketResult_SEM-DA_PWR-MRC-D+1_20220615100000_20220615103932.csv
2022-06-16T03:00:00Z,1.0,173.28,2022-06-16,MarketResult_SEM-DA_PWR-MRC-D+1_20220615100000_20220615103932.csv
2022-06-16T04:00:00Z,1.0,180.83,2022-06-16,MarketResult_SEM-DA_PWR-MRC-D+1_20220615100000_20220615103932.csv
2022-06-16T05:00:00Z,1.0,205.69,2022-06-16,MarketResult_SEM-DA_PWR-MRC-D+1_20220615100000_20220615103932.csv
2022-06-16T06:00:00Z,1.0,238.5,2022-06-16,MarketResult_SEM-DA_PWR-MRC-D+1_20220615100000_20220615103932.csv
2022-06-16T07:00:00Z,1.0,255.0,2022-06-16,MarketResult_SEM-DA_PWR-MRC-D+1_20220615100000_20220615103932.csv
2022-06-16T08:00:00Z,1.0,242.88,2022-06-16,MarketResult_SEM-DA_PWR-MRC-D+1_20220615100000_20220615103932.csv
2022-06-16T09:00:00Z,1.0,220.0,2022-06-16,MarketResult_SEM-DA_PWR-MRC-D+1_20220615100000_20220615103932.csv
2022-06-16T10:00:00Z,1.0,212.0,2022-06-16,MarketResult_SEM-DA_PWR-MRC-D+1_20220615100000_20220615103932.csv
2022-06-16T11:00:00Z,1.0,207.4,2022-06-16,MarketResult_SEM-DA_PWR-MRC-D+1_20220615100000_20220615103932.csv
2022-06-16T12:00:00Z,1.0,194.03,2022-06-16,MarketResult_SEM-DA_PWR-MRC-D+1_20220615100000_20220615103932.csv
2022-06-16T13:00:00Z,1.0,193.16,2022-06-16,MarketResult_SEM-DA_PWR-MRC-D+1_20220615100000_20220615103932.csv
2022-06-16T14:00:00Z,1.0,195.79,2022-06-16,MarketResult_SEM-DA_PWR-MRC-D+1_20220615100000_20220615103932.csv
2022-06-16T15:00:00Z,1.0,222.56,2022-06-16,MarketResult_SEM-DA_PWR-MRC-D+1_20220615100000_20220615103932.csv
2022-06-16T16:00:00Z,1.0,253.94,2022-06-16,MarketResult_SEM-DA_PWR-MRC-D+1_20220615100000_20220615103932.csv
2022-06-16T17:00:00Z,1.0,275.7,2022-06-16,MarketResult_SEM-DA_PWR-MRC-D+1_20220615100000_20220615103932.csv
2022-06-16T18:00:00Z,1.0,265.0,2022-06-16,MarketResult_SEM-DA_PWR-MRC-D+1_20220615100000_20220615103932.csv
2022-06-16T19:00:00Z,1.0,242.96,2022-06-16,MarketResult_SEM-DA_PWR-MRC-D+1_20220615100000_20220615103932.csv
2022-06-16T20:00:00Z,1.0,225.95,2022-06-16,MarketResult_SEM-DA_PWR-MRC-D+1_20220615100000_20220615103932.csv
2022-06-16T21:00:00Z,1.0,200.0,2022-06-16,MarketResult_SEM-DA_PWR-MRC-D+1_20220615100000_20220615103932.csv
2022-06-16T22:00:00Z,1.0,240.0,2022-06-17,MarketResult_SEM-DA_PWR-MRC-D+1_20220616100000_20220616103856.csv
2022-06-16T23:00:00Z,1.0,226.44,2022-06-17,MarketResult_SEM-DA_PWR-MRC-D+1_20220616100000_20220616103856.csv
2022-06-17T00:00:00Z,1.0,200.27,2022-06-17,MarketResult_SEM-DA_PWR-MRC-D+1_20220616100000_20220616103856.csv
2022-06-17T01:00:00Z,1.0,178.0,2022-06-17,MarketResult_SEM-DA_PWR-MRC-D+1_20220616100000_20220616103856.csv
2022-06-17T02:00:00Z,1.0,170.0,2022-06-17,MarketResult_SEM-DA_PWR-MRC-D+1_20220616100000_20220616103856.csv
2022-06-17T03:00:00Z,1.0,173.03,2022-06-17,MarketResult_SEM-DA_PWR-MRC-D+1_20220616100000_20220616103856.csv
2022-06-17T04:00:00Z,1.0,172.3,2022-06-17,MarketResult_SEM-DA_PWR-MRC-D+1_20220616100000_20220616103856.csv
2022-06-17T05:00:00Z,1.0,223.63,2022-06-17,MarketResult_SEM-DA_PWR-MRC-D+1_20220616100000_20220616103856.csv
2022-06-17T06:00:00Z,1.0,260.0,2022-06-17,MarketResult_SEM-DA_PWR-MRC-D+1_20220616100000_20220616103856.csv
2022-06-17T07:00:00Z,1.0,281.4,2022-06-17,MarketResult_SEM-DA_PWR-MRC-D+1_20220616100000_20220616103856.csv
2022-06-17T08:00:00Z,1.0,271.38,2022-06-17,MarketResult_SEM-DA_PWR-MRC-D+1_20220616100000_20220616103856.csv
2022-06-17T09:00:00Z,1.0,271.94,2022-06-17,MarketResult_SEM-DA_PWR-MRC-D+1_20220616100000_20220616103856.csv
2022-06-17T10:00:00Z,1.0,271.86,2022-06-17,MarketResult_SEM-DA_PWR-MRC-D+1_20220616100000_20220616103856.csv
2022-06-17T11:00:00Z,1.0,272.1,2022-06-17,MarketResult_SEM-DA_PWR-MRC-D+1_20220616100000_20220616103856.csv
2022-06-17T12:00:00Z,1.0,272.35,2022-06-17,MarketResult_SEM-DA_PWR-MRC-D+1_20220616100000_20220616103856.csv
2022-06-17T13:00:00Z,1.0,266.76,2022-06-17,MarketResult_SEM-DA_PWR-MRC-D+1_20220616100000_20220616103856.csv
2022-06-17T14:00:00Z,1.0,263.67,2022-06-17,MarketResult_SEM-DA_PWR-MRC-D+1_20220616100000_20220616103856.csv
2022-06-17T15:00:00Z,1.0,277.0,2022-06-17,MarketResult_SEM-DA_PWR-MRC-D+1_20220616100000_20220616103856.csv
2022-06-17T16:00:00Z,1.0,305.0,2022-06-17,MarketResult_SEM-DA_PWR-MRC-D+1_20220616100000_20220616103856.csv
2022-06-17T17:00:00Z,1.0,313.08,2022-06-17,MarketResult_SEM-DA_PWR-MRC-D+1_20220616100000_20220616103856.csv
2022-06-17T18:00:00Z,1.0,309.06,2022-06-17,MarketResult_SEM-DA_PWR-MRC-D+1_20220616100000_20220616103856.csv
2022-06-17T19:00:00Z,1.0,299.0,2022-06-17,MarketResult_SEM-DA_PWR-MRC-D+1_20220616100000_20220616103856.csv
2022-06-17T20:00:00Z,1.0,290.0,2022-06-17,MarketResult_SEM-DA_PWR-MRC-D+1_20220616100000_20220616103856.csv
2022-06-17T21:00:00Z,1.0,263.79,2022-06-17,MarketResult_SEM-DA_PWR-MRC-D+1_20220616100000_20220616103856.csv
2022-06-17T22:00:00Z,1.0,225.53,2022-06-18,MarketResult_SEM-DA_PWR-MRC-D+1_20220617100000_20220617103755.csv
2022-06-17T23:00:00Z,1.0,190.0,2022-06-18,MarketResult_SEM-DA_PWR-MRC-D+1_20220617100000_20220617103755.csv
2022-06-18T00:00:00Z,1.0,176.04,2022-06-18,MarketResult_SEM-DA_PWR-MRC-D+1_20220617100000_20220617103755.csv
2022-06-18T01:00:00Z,1.0,162.99,2022-06-18,MarketResult_SEM-DA_PWR-MRC-D+1_20220617100000_20220617103755.csv
2022-06-18T02:00:00Z,1.0,150.0,2022-06-18,MarketResult_SEM-DA_PWR-MRC-D+1_20220617100000_20220617103755.csv
2022-06-18T03:00:00Z,1.0,140.0,2022-06-18,MarketResult_SEM-DA_PWR-MRC-D+1_20220617100000_20220617103755.csv
2022-06-18T04:00:00Z,1.0,155.56,2022-06-18,MarketResult_SEM-DA_PWR-MRC-D+1_20220617100000_20220617103755.csv
2022-06-18T05:00:00Z,1.0,161.77,2022-06-18,MarketResult_SEM-DA_PWR-MRC-D+1_20220617100000_20220617103755.csv
2022-06-18T06:00:00Z,1.0,176.0,2022-06-18,MarketResult_SEM-DA_PWR-MRC-D+1_20220617100000_20220617103755.csv
2022-06-18T07:00:00Z,1.0,196.9,2022-06-18,MarketResult_SEM-DA_PWR-MRC-D+1_20220617100000_20220617103755.csv
2022-06-18T08:00:00Z,1.0,185.0,2022-06-18,MarketResult_SEM-DA_PWR-MRC-D+1_20220617100000_20220617103755.csv
2022-06-18T09:00:00Z,1.0,171.31,2022-06-18,MarketResult_SEM-DA_PWR-MRC-D+1_20220617100000_20220617103755.csv
2022-06-18T10:00:00Z,1.0,157.62,2022-06-18,MarketResult_SEM-DA_PWR-MRC-D+1_20220617100000_20220617103755.csv
2022-06-18T11:00:00Z,1.0,154.98,2022-06-18,MarketResult_SEM-DA_PWR-MRC-D+1_20220617100000_20220617103755.csv
2022-06-18T12:00:00Z,1.0,144.9,2022-06-18,MarketResult_SEM-DA_PWR-MRC-D+1_20220617100000_20220617103755.csv
2022-06-18T13:00:00Z,1.0,134.79,2022-06-18,MarketResult_SEM-DA_PWR-MRC-D+1_20220617100000_20220617103755.csv
2022-06-18T14:00:00Z,1.0,141.2,2022-06-18,MarketResult_SEM-DA_PWR-MRC-D+1_20220617100000_20220617103755.csv
2022-06-18T15:00:00Z,1.0,152.0,2022-06-18,MarketResult_SEM-DA_PWR-MRC-D+1_20220617100000_20220617103755.csv
2022-06-18T16:00:00Z,1.0,161.78,2022-06-18,MarketResult_SEM-DA_PWR-MRC-D+1_20220617100000_20220617103755.csv
2022-06-18T17:00:00Z,1.0,155.29,2022-06-18,MarketResult_SEM-DA_PWR-MRC-D+1_20220617100000_20220617103755.csv
2022-06-18T18:00:00Z,1.0,155.29,2022-06-18,MarketResult_SEM-DA_PWR-MRC-D+1_20220617100000_20220617103755.csv
2022-06-18T19:00:00Z,1.0,146.55,2022-06-18,MarketResult_SEM-DA_PWR-MRC-D+1_20220617100000_20220617103755.csv
2022-06-18T20:00:00Z,1.0,140.79,2022-06-18,MarketResult_SEM-DA_PWR-MRC-D+1_20220617100000_20220617103755.csv
2022-06-18T21:00:00Z,1.0,145.05,2022-06-18,MarketResult_SEM-DA_PWR-MRC-D+1_20220617100000_20220617103755.csv
2022-06-18T22:00:00Z,1.0,230.01,2022-06-19,MarketResult_SEM-DA_PWR-MRC-D+1_20220618100000_20220618104153.csv
2022-06-18T23:00:00Z,1.0,202.46,2022-06-19,MarketResult_SEM-DA_PWR-MRC-D+1_20220618100000_20220618104153.csv
2022-06-19T00:00:00Z,1.0,174.83,2022-06-19,MarketResult_SEM-DA_PWR-MRC-D+1_20220618100000_20220618104153.csv
2022-06-19T01:00:00Z,1.0,162.05,2022-06-19,MarketResult_SEM-DA_PWR-MRC-D+1_20220618100000_20220618104153.csv
2022-06-19T02:00:00Z,1.0,153.3,2022-06-19,MarketResult_SEM-DA_PWR-MRC-D+1_20220618100000_20220618104153.csv
2022-06-19T03:00:00Z,1.0,143.06,2022-06-19,MarketResult_SEM-DA_PWR-MRC-D+1_20220618100000_20220618104153.csv
2022-06-19T04:00:00Z,1.0,135.7,2022-06-19,MarketResult_SEM-DA_PWR-MRC-D+1_20220618100000_20220618104153.csv
2022-06-19T05:00:00Z,1.0,137.81,2022-06-19,MarketResult_SEM-DA_PWR-MRC-D+1_20220618100000_20220618104153.csv
2022-06-19T06:00:00Z,1.0,124.6,2022-06-19,MarketResult_SEM-DA_PWR-MRC-D+1_20220618100000_20220618104153.csv
2022-06-19T07:00:00Z,1.0,131.44,2022-06-19,MarketResult_SEM-DA_PWR-MRC-D+1_20220618100000_20220618104153.csv
2022-06-19T08:00:00Z,1.0,145.86,2022-06-19,MarketResult_SEM-DA_PWR-MRC-D+1_20220618100000_20220618104153.csv
2022-06-19T09:00:00Z,1.0,151.0,2022-06-19,MarketResult_SEM-DA_PWR-MRC-D+1_20220618100000_20220618104153.csv
2022-06-19T10:00:00Z,1.0,157.01,2022-06-19,MarketResult_SEM-DA_PWR-MRC-D+1_20220618100000_20220618104153.csv
2022-06-19T11:00:00Z,1.0,160.16,2022-06-19,MarketResult_SEM-DA_PWR-MRC-D+1_20220618100000_20220618104153.csv
2022-06-19T12:00:00Z,1.0,144.92,2022-06-19,MarketResult_SEM-DA_PWR-MRC-D+1_20220618100000_20220618104153.csv
2022-06-19T13:00:00Z,1.0,125.0,2022-06-19,MarketResult_SEM-DA_PWR-MRC-D+1_20220618100000_20220618104153.csv
2022-06-19T14:00:00Z,1.0,116.05,2022-06-19,MarketResult_SEM-DA_PWR-MRC-D+1_20220618100000_20220618104153.csv
2022-06-19T15:00:00Z,1.0,149.38,2022-06-19,MarketResult_SEM-DA_PWR-MRC-D+1_20220618100000_20220618104153.csv
2022-06-19T16:00:00Z,1.0,156.68,2022-06-19,MarketResult_SEM-DA_PWR-MRC-D+1_20220618100000_20220618104153.csv
2022-06-19T17:00:00Z,1.0,163.02,2022-06-19,MarketResult_SEM-DA_PWR-MRC-D+1_20220618100000_20220618104153.csv
2022-06-19T18:00:00Z,1.0,167.0,2022-06-19,MarketResult_SEM-DA_PWR-MRC-D+1_20220618100000_20220618104153.csv
2022-06-19T19:00:00Z,1.0,196.1,2022-06-19,MarketResult_SEM-DA_PWR-MRC-D+1_20220618100000_20220618104153.csv
2022-06-19T20:00:00Z,1.0,194.0,2022-06-19,MarketResult_SEM-DA_PWR-MRC-D+1_20220618100000_20220618104153.csv
2022-06-19T21:00:00Z,1.0,206.94,2022-06-19,MarketResult_SEM-DA_PWR-MRC-D+1_20220618100000_20220618104153.csv
2022-06-19T22:00:00Z,1.0,192.96,2022-06-20,MarketResult_SEM-DA_PWR-MRC-D+1_20220619100000_20220619104004.csv
2022-06-19T23:00:00Z,1.0,174.88,2022-06-20,MarketResult_SEM-DA_PWR-MRC-D+1_20220619100000_20220619104004.csv
2022-06-20T00:00:00Z,1.0,168.12,2022-06-20,MarketResult_SEM-DA_PWR-MRC-D+1_20220619100000_20220619104004.csv
2022-06-20T01:00:00Z,1.0,168.0,2022-06-20,MarketResult_SEM-DA_PWR-MRC-D+1_20220619100000_20220619104004.csv
2022-06-20T02:00:00Z,1.0,169.59,2022-06-20,MarketResult_SEM-DA_PWR-MRC-D+1_20220619100000_20220619104004.csv
2022-06-20T03:00:00Z,1.0,180.11,2022-06-20,MarketResult_SEM-DA_PWR-MRC-D+1_20220619100000_20220619104004.csv
2022-06-20T04:00:00Z,1.0,171.62,2022-06-20,MarketResult_SEM-DA_PWR-MRC-D+1_20220619100000_20220619104004.csv
2022-06-20T05:00:00Z,1.0,165.53,2022-06-20,MarketResult_SEM-DA_PWR-MRC-D+1_20220619100000_20220619104004.csv
2022-06-20T06:00:00Z,1.0,254.0,2022-06-20,MarketResult_SEM-DA_PWR-MRC-D+1_20220619100000_20220619104004.csv
2022-06-20T07:00:00Z,1.0,274.25,2022-06-20,MarketResult_SEM-DA_PWR-MRC-D+1_20220619100000_20220619104004.csv
2022-06-20T08:00:00Z,1.0,257.32,2022-06-20,MarketResult_SEM-DA_PWR-MRC-D+1_20220619100000_20220619104004.csv
2022-06-20T09:00:00Z,1.0,240.0,2022-06-20,MarketResult_SEM-DA_PWR-MRC-D+1_20220619100000_20220619104004.csv
2022-06-20T10:00:00Z,1.0,217.0,2022-06-20,MarketResult_SEM-DA_PWR-MRC-D+1_20220619100000_20220619104004.csv
2022-06-20T11:00:00Z,1.0,205.0,2022-06-20,MarketResult_SEM-DA_PWR-MRC-D+1_20220619100000_20220619104004.csv
2022-06-20T12:00:00Z,1.0,178.46,2022-06-20,MarketResult_SEM-DA_PWR-MRC-D+1_20220619100000_20220619104004.csv
2022-06-20T13:00:00Z,1.0,171.12,2022-06-20,MarketResult_SEM-DA_PWR-MRC-D+1_20220619100000_20220619104004.csv
2022-06-20T14:00:00Z,1.0,170.7,2022-06-20,MarketResult_SEM-DA_PWR-MRC-D+1_20220619100000_20220619104004.csv
2022-06-20T15:00:00Z,1.0,216.1,2022-06-20,MarketResult_SEM-DA_PWR-MRC-D+1_20220619100000_20220619104004.csv
2022-06-20T16:00:00Z,1.0,271.4,2022-06-20,MarketResult_SEM-DA_PWR-MRC-D+1_20220619100000_20220619104004.csv
2022-06-20T17:00:00Z,1.0,300.0,2022-06-20,MarketResult_SEM-DA_PWR-MRC-D+1_20220619100000_20220619104004.csv
2022-06-20T18:00:00Z,1.0,296.0,2022-06-20,MarketResult_SEM-DA_PWR-MRC-D+1_20220619100000_20220619104004.csv
2022-06-20T19:00:00Z,1.0,266.76,2022-06-20,MarketResult_SEM-DA_PWR-MRC-D+1_20220619100000_20220619104004.csv
2022-06-20T20:00:00Z,1.0,231.5,2022-06-20,MarketResult_SEM-DA_PWR-MRC-D+1_20220619100000_20220619104004.csv
2022-06-20T21:00:00Z,1.0,197.13,2022-06-20,MarketResult_SEM-DA_PWR-MRC-D+1_20220619100000_20220619104004.csv
2022-06-20T22:00:00Z,1.0,210.29,2022-06-21,MarketResult_SEM-DA_PWR-MRC-D+1_20220620100000_20220620103700.csv
2022-06-20T23:00:00Z,1.0,189.0,2022-06-21,MarketResult_SEM-DA_PWR-MRC-D+1_20220620100000_20220620103700.csv
2022-06-21T00:00:00Z,1.0,179.66,2022-06-21,MarketResult_SEM-DA_PWR-MRC-D+1_20220620100000_20220620103700.csv
2022-06-21T01:00:00Z,1.0,175.0,2022-06-21,MarketResult_SEM-DA_PWR-MRC-D+1_20220620100000_20220620103700.csv
2022-06-21T02:00:00Z,1.0,175.11,2022-06-21,MarketResult_SEM-DA_PWR-MRC-D+1_20220620100000_20220620103700.csv
2022-06-21T03:00:00Z,1.0,177.44,2022-06-21,MarketResult_SEM-DA_PWR-MRC-D+1_20220620100000_20220620103700.csv
2022-06-21T04:00:00Z,1.0,163.0,2022-06-21,MarketResult_SEM-DA_PWR-MRC-D+1_20220620100000_20220620103700.csv
2022-06-21T05:00:00Z,1.0,211.0,2022-06-21,MarketResult_SEM-DA_PWR-MRC-D+1_20220620100000_20220620103700.csv
2022-06-21T06:00:00Z,1.0,285.34,2022-06-21,MarketResult_SEM-DA_PWR-MRC-D+1_20220620100000_20220620103700.csv
2022-06-21T07:00:00Z,1.0,294.52,2022-06-21,MarketResult_SEM-DA_PWR-MRC-D+1_20220620100000_20220620103700.csv
2022-06-21T08:00:00Z,1.0,283.0,2022-06-21,MarketResult_SEM-DA_PWR-MRC-D+1_20220620100000_20220620103700.csv
2022-06-21T09:00:00Z,1.0,268.5,2022-06-21,MarketResult_SEM-DA_PWR-MRC-D+1_20220620100000_20220620103700.csv
2022-06-21T10:00:00Z,1.0,258.0,2022-06-21,MarketResult_SEM-DA_PWR-MRC-D+1_20220620100000_20220620103700.csv
2022-06-21T11:00:00Z,1.0,251.2,2022-06-21,MarketResult_SEM-DA_PWR-MRC-D+1_20220620100000_20220620103700.csv
2022-06-21T12:00:00Z,1.0,244.0,2022-06-21,MarketResult_SEM-DA_PWR-MRC-D+1_20220620100000_20220620103700.csv
2022-06-21T13:00:00Z,1.0,240.28,2022-06-21,MarketResult_SEM-DA_PWR-MRC-D+1_20220620100000_20220620103700.csv
2022-06-21T14:00:00Z,1.0,260.0,2022-06-21,MarketResult_SEM-DA_PWR-MRC-D+1_20220620100000_20220620103700.csv
2022-06-21T15:00:00Z,1.0,307.0,2022-06-21,MarketResult_SEM-DA_PWR-MRC-D+1_20220620100000_20220620103700.csv
2022-06-21T16:00:00Z,1.0,335.0,2022-06-21,MarketResult_SEM-DA_PWR-MRC-D+1_20220620100000_20220620103700.csv
2022-06-21T17:00:00Z,1.0,372.0,2022-06-21,MarketResult_SEM-DA_PWR-MRC-D+1_20220620100000_20220620103700.csv
2022-06-21T18:00:00Z,1.0,365.79,2022-06-21,MarketResult_SEM-DA_PWR-MRC-D+1_20220620100000_20220620103700.csv
2022-06-21T19:00:00Z,1.0,319.0,2022-06-21,MarketResult_SEM-DA_PWR-MRC-D+1_20220620100000_20220620103700.csv
2022-06-21T20:00:00Z,1.0,283.9,2022-06-21,MarketResult_SEM-DA_PWR-MRC-D+1_20220620100000_20220620103700.csv
2022-06-21T21:00:00Z,1.0,260.0,2022-06-21,MarketResult_SEM-DA_PWR-MRC-D+1_20220620100000_20220620103700.csv
2022-06-21T22:00:00Z,1.0,217.96,2022-06-22,MarketResult_SEM-DA_PWR-MRC-D+1_20220621100000_20220621104221.csv
2022-06-21T23:00:00Z,1.0,185.72,2022-06-22,MarketResult_SEM-DA_PWR-MRC-D+1_20220621100000_20220621104221.csv
2022-06-22T00:00:00Z,1.0,178.91,2022-06-22,MarketResult_SEM-DA_PWR-MRC-D+1_20220621100000_20220621104221.csv
2022-06-22T01:00:00Z,1.0,169.45,2022-06-22,MarketResult_SEM-DA_PWR-MRC-D+1_20220621100000_20220621104221.csv
2022-06-22T02:00:00Z,1.0,168.16,2022-06-22,MarketResult_SEM-DA_PWR-MRC-D+1_20220621100000_20220621104221.csv
2022-06-22T03:00:00Z,1.0,166.06,2022-06-22,MarketResult_SEM-DA_PWR-MRC-D+1_20220621100000_20220621104221.csv
2022-06-22T04:00:00Z,1.0,173.0,2022-06-22,MarketResult_SEM-DA_PWR-MRC-D+1_20220621100000_20220621104221.csv
2022-06-22T05:00:00Z,1.0,208.52,2022-06-22,MarketResult_SEM-DA_PWR-MRC-D+1_20220621100000_20220621104221.csv
2022-06-22T06:00:00Z,1.0,293.47,2022-06-22,MarketResult_SEM-DA_PWR-MRC-D+1_20220621100000_20220621104221.csv
2022-06-22T07:00:00Z,1.0,305.28,2022-06-22,MarketResult_SEM-DA_PWR-MRC-D+1_20220621100000_20220621104221.csv
2022-06-22T08:00:00Z,1.0,290.9,2022-06-22,MarketResult_SEM-DA_PWR-MRC-D+1_20220621100000_20220621104221.csv
2022-06-22T09:00:00Z,1.0,250.52,2022-06-22,MarketResult_SEM-DA_PWR-MRC-D+1_20220621100000_20220621104221.csv
2022-06-22T10:00:00Z,1.0,245.31,2022-06-22,MarketResult_SEM-DA_PWR-MRC-D+1_20220621100000_20220621104221.csv
2022-06-22T11:00:00Z,1.0,228.89,2022-06-22,MarketResult_SEM-DA_PWR-MRC-D+1_20220621100000_20220621104221.csv
2022-06-22T12:00:00Z,1.0,226.23,2022-06-22,MarketResult_SEM-DA_PWR-MRC-D+1_20220621100000_20220621104221.csv
2022-06-22T13:00:00Z,1.0,221.64,2022-06-22,MarketResult_SEM-DA_PWR-MRC-D+1_20220621100000_20220621104221.csv
2022-06-22T14:00:00Z,1.0,226.0,2022-06-22,MarketResult_SEM-DA_PWR-MRC-D+1_20220621100000_20220621104221.csv
2022-06-22T15:00:00Z,1.0,282.1,2022-06-22,MarketResult_SEM-DA_PWR-MRC-D+1_20220621100000_20220621104221.csv
2022-06-22T16:00:00Z,1.0,344.92,2022-06-22,MarketResult_SEM-DA_PWR-MRC-D+1_20220621100000_20220621104221.csv
2022-06-22T17:00:00Z,1.0,374.83,2022-06-22,MarketResult_SEM-DA_PWR-MRC-D+1_20220621100000_20220621104221.csv
2022-06-22T18:00:00Z,1.0,358.1,2022-06-22,MarketResult_SEM-DA_PWR-MRC-D+1_20220621100000_20220621104221.csv
2022-06-22T19:00:00Z,1.0,323.02,2022-06-22,MarketResult_SEM-DA_PWR-MRC-D+1_20220621100000_20220621104221.csv
2022-06-22T20:00:00Z,1.0,274.0,2022-06-22,MarketResult_SEM-DA_PWR-MRC-D+1_20220621100000_20220621104221.csv
2022-06-22T21:00:00Z,1.0,237.0,2022-06-22,MarketResult_SEM-DA_PWR-MRC-D+1_20220621100000_20220621104221.csv
2022-06-22T22:00:00Z,1.0,228.35,2022-06-23,MarketResult_SEM-DA_PWR-MRC-D+1_20220622100000_20220622103610.csv
2022-06-22T23:00:00Z,1.0,203.3,2022-06-23,MarketResult_SEM-DA_PWR-MRC-D+1_20220622100000_20220622103610.csv
2022-06-23T00:00:00Z,1.0,203.11,2022-06-23,MarketResult_SEM-DA_PWR-MRC-D+1_20220622100000_20220622103610.csv
2022-06-23T01:00:00Z,1.0,199.86,2022-06-23,MarketResult_SEM-DA_PWR-MRC-D+1_20220622100000_20220622103610.csv
2022-06-23T02:00:00Z,1.0,195.0,2022-06-23,MarketResult_SEM-DA_PWR-MRC-D+1_20220622100000_20220622103610.csv
2022-06-23T03:00:00Z,1.0,195.0,2022-06-23,MarketResult_SEM-DA_PWR-MRC-D+1_20220622100000_20220622103610.csv
2022-06-23T04:00:00Z,1.0,201.92,2022-06-23,MarketResult_SEM-DA_PWR-MRC-D+1_20220622100000_20220622103610.csv
2022-06-23T05:00:00Z,1.0,225.64,2022-06-23,MarketResult_SEM-DA_PWR-MRC-D+1_20220622100000_20220622103610.csv
2022-06-23T06:00:00Z,1.0,287.22,2022-06-23,MarketResult_SEM-DA_PWR-MRC-D+1_20220622100000_20220622103610.csv
2022-06-23T07:00:00Z,1.0,299.18,2022-06-23,MarketResult_SEM-DA_PWR-MRC-D+1_20220622100000_20220622103610.csv
2022-06-23T08:00:00Z,1.0,280.0,2022-06-23,MarketResult_SEM-DA_PWR-MRC-D+1_20220622100000_20220622103610.csv
2022-06-23T09:00:00Z,1.0,260.0,2022-06-23,MarketResult_SEM-DA_PWR-MRC-D+1_20220622100000_20220622103610.csv
2022-06-23T10:00:00Z,1.0,259.67,2022-06-23,MarketResult_SEM-DA_PWR-MRC-D+1_20220622100000_20220622103610.csv
2022-06-23T11:00:00Z,1.0,252.74,2022-06-23,MarketResult_SEM-DA_PWR-MRC-D+1_20220622100000_20220622103610.csv
2022-06-23T12:00:00Z,1.0,252.0,2022-06-23,MarketResult_SEM-DA_PWR-MRC-D+1_20220622100000_20220622103610.csv
2022-06-23T13:00:00Z,1.0,251.0,2022-06-23,MarketResult_SEM-DA_PWR-MRC-D+1_20220622100000_20220622103610.csv
2022-06-23T14:00:00Z,1.0,270.08,2022-06-23,MarketResult_SEM-DA_PWR-MRC-D+1_20220622100000_20220622103610.csv
2022-06-23T15:00:00Z,1.0,311.9,2022-06-23,MarketResult_SEM-DA_PWR-MRC-D+1_20220622100000_20220622103610.csv
2022-06-23T16:00:00Z,1.0,362.8,2022-06-23,MarketResult_SEM-DA_PWR-MRC-D+1_20220622100000_20220622103610.csv
2022-06-23T17:00:00Z,1.0,384.0,2022-06-23,MarketResult_SEM-DA_PWR-MRC-D+1_20220622100000_20220622103610.csv
2022-06-23T18:00:00Z,1.0,381.37,2022-06-23,MarketResult_SEM-DA_PWR-MRC-D+1_20220622100000_20220622103610.csv
2022-06-23T19:00:00Z,1.0,329.7,2022-06-23,MarketResult_SEM-DA_PWR-MRC-D+1_20220622100000_20220622103610.csv
2022-06-23T20:00:00Z,1.0,287.2,2022-06-23,MarketResult_SEM-DA_PWR-MRC-D+1_20220622100000_20220622103610.csv
2022-06-23T21:00:00Z,1.0,248.33,2022-06-23,MarketResult_SEM-DA_PWR-MRC-D+1_20220622100000_20220622103610.csv
2022-06-23T22:00:00Z,1.0,235.0,2022-06-24,MarketResult_SEM-DA_PWR-MRC-D+1_20220623100000_20220623103629.csv
2022-06-23T23:00:00Z,1.0,201.58,2022-06-24,MarketResult_SEM-DA_PWR-MRC-D+1_20220623100000_20220623103629.csv
2022-06-24T00:00:00Z,1.0,194.51,2022-06-24,MarketResult_SEM-DA_PWR-MRC-D+1_20220623100000_20220623103629.csv
2022-06-24T01:00:00Z,1.0,185.28,2022-06-24,MarketResult_SEM-DA_PWR-MRC-D+1_20220623100000_20220623103629.csv
2022-06-24T02:00:00Z,1.0,179.67,2022-06-24,MarketResult_SEM-DA_PWR-MRC-D+1_20220623100000_20220623103629.csv
2022-06-24T03:00:00Z,1.0,172.41,2022-06-24,MarketResult_SEM-DA_PWR-MRC-D+1_20220623100000_20220623103629.csv
2022-06-24T04:00:00Z,1.0,171.95,2022-06-24,MarketResult_SEM-DA_PWR-MRC-D+1_20220623100000_20220623103629.csv
2022-06-24T05:00:00Z,1.0,198.11,2022-06-24,MarketResult_SEM-DA_PWR-MRC-D+1_20220623100000_20220623103629.csv
2022-06-24T06:00:00Z,1.0,259.29,2022-06-24,MarketResult_SEM-DA_PWR-MRC-D+1_20220623100000_20220623103629.csv
2022-06-24T07:00:00Z,1.0,286.64,2022-06-24,MarketResult_SEM-DA_PWR-MRC-D+1_20220623100000_20220623103629.csv
2022-06-24T08:00:00Z,1.0,267.1,2022-06-24,MarketResult_SEM-DA_PWR-MRC-D+1_20220623100000_20220623103629.csv
2022-06-24T09:00:00Z,1.0,256.58,2022-06-24,MarketResult_SEM-DA_PWR-MRC-D+1_20220623100000_20220623103629.csv
2022-06-24T10:00:00Z,1.0,233.87,2022-06-24,MarketResult_SEM-DA_PWR-MRC-D+1_20220623100000_20220623103629.csv
2022-06-24T11:00:00Z,1.0,218.1,2022-06-24,MarketResult_SEM-DA_PWR-MRC-D+1_20220623100000_20220623103629.csv
2022-06-24T12:00:00Z,1.0,201.68,2022-06-24,MarketResult_SEM-DA_PWR-MRC-D+1_20220623100000_20220623103629.csv
2022-06-24T13:00:00Z,1.0,187.36,2022-06-24,MarketResult_SEM-DA_PWR-MRC-D+1_20220623100000_20220623103629.csv
2022-06-24T14:00:00Z,1.0,181.68,2022-06-24,MarketResult_SEM-DA_PWR-MRC-D+1_20220623100000_20220623103629.csv
2022-06-24T15:00:00Z,1.0,192.0,2022-06-24,MarketResult_SEM-DA_PWR-MRC-D+1_20220623100000_20220623103629.csv
2022-06-24T16:00:00Z,1.0,198.7,2022-06-24,MarketResult_SEM-DA_PWR-MRC-D+1_20220623100000_20220623103629.csv
2022-06-24T17:00:00Z,1.0,196.17,2022-06-24,MarketResult_SEM-DA_PWR-MRC-D+1_20220623100000_20220623103629.csv
2022-06-24T18:00:00Z,1.0,199.6,2022-06-24,MarketResult_SEM-DA_PWR-MRC-D+1_20220623100000_20220623103629.csv
2022-06-24T19:00:00Z,1.0,187.49,2022-06-24,MarketResult_SEM-DA_PWR-MRC-D+1_20220623100000_20220623103629.csv
2022-06-24T20:00:00Z,1.0,179.96,2022-06-24,MarketResult_SEM-DA_PWR-MRC-D+1_20220623100000_20220623103629.csv
2022-06-24T21:00:00Z,1.0,164.15,2022-06-24,MarketResult_SEM-DA_PWR-MRC-D+1_20220623100000_20220623103629.csv
2022-06-24T22:00:00Z,1.0,201.1,2022-06-25,MarketResult_SEM-DA_PWR-MRC-D+1_20220624100000_20220624103621.csv
2022-06-24T23:00:00Z,1.0,184.18,2022-06-25,MarketResult_SEM-DA_PWR-MRC-D+1_20220624100000_20220624103621.csv
2022-06-25T00:00:00Z,1.0,163.12,2022-06-25,MarketResult_SEM-DA_PWR-MRC-D+1_20220624100000_20220624103621.csv
2022-06-25T01:00:00Z,1.0,151.0,2022-06-25,MarketResult_SEM-DA_PWR-MRC-D+1_20220624100000_20220624103621.csv
2022-06-25T02:00:00Z,1.0,142.32,2022-06-25,MarketResult_SEM-DA_PWR-MRC-D+1_20220624100000_20220624103621.csv
2022-06-25T03:00:00Z,1.0,137.15,2022-06-25,MarketResult_SEM-DA_PWR-MRC-D+1_20220624100000_20220624103621.csv
2022-06-25T04:00:00Z,1.0,128.0,2022-06-25,MarketResult_SEM-DA_PWR-MRC-D+1_20220624100000_20220624103621.csv
2022-06-25T05:00:00Z,1.0,141.0,2022-06-25,MarketResult_SEM-DA_PWR-MRC-D+1_20220624100000_20220624103621.csv
2022-06-25T06:00:00Z,1.0,147.79,2022-06-25,MarketResult_SEM-DA_PWR-MRC-D+1_20220624100000_20220624103621.csv
2022-06-25T07:00:00Z,1.0,173.0,2022-06-25,MarketResult_SEM-DA_PWR-MRC-D+1_20220624100000_20220624103621.csv
2022-06-25T08:00:00Z,1.0,171.18,2022-06-25,MarketResult_SEM-DA_PWR-MRC-D+1_20220624100000_20220624103621.csv
2022-06-25T09:00:00Z,1.0,168.81,2022-06-25,MarketResult_SEM-DA_PWR-MRC-D+1_20220624100000_20220624103621.csv
2022-06-25T10:00:00Z,1.0,146.45,2022-06-25,MarketResult_SEM-DA_PWR-MRC-D+1_20220624100000_20220624103621.csv
2022-06-25T11:00:00Z,1.0,140.0,2022-06-25,MarketResult_SEM-DA_PWR-MRC-D+1_20220624100000_20220624103621.csv
2022-06-25T12:00:00Z,1.0,115.38,2022-06-25,MarketResult_SEM-DA_PWR-MRC-D+1_20220624100000_20220624103621.csv
2022-06-25T13:00:00Z,1.0,114.97,2022-06-25,MarketResult_SEM-DA_PWR-MRC-D+1_20220624100000_20220624103621.csv
2022-06-25T14:00:00Z,1.0,114.2,2022-06-25,MarketResult_SEM-DA_PWR-MRC-D+1_20220624100000_20220624103621.csv
2022-06-25T15:00:00Z,1.0,141.61,2022-06-25,MarketResult_SEM-DA_PWR-MRC-D+1_20220624100000_20220624103621.csv
2022-06-25T16:00:00Z,1.0,171.18,2022-06-25,MarketResult_SEM-DA_PWR-MRC-D+1_20220624100000_20220624103621.csv
2022-06-25T17:00:00Z,1.0,179.3,2022-06-25,MarketResult_SEM-DA_PWR-MRC-D+1_20220624100000_20220624103621.csv
2022-06-25T18:00:00Z,1.0,180.5,2022-06-25,MarketResult_SEM-DA_PWR-MRC-D+1_20220624100000_20220624103621.csv
2022-06-25T19:00:00Z,1.0,174.9,2022-06-25,MarketResult_SEM-DA_PWR-MRC-D+1_20220624100000_20220624103621.csv
2022-06-25T20:00:00Z,1.0,171.18,2022-06-25,MarketResult_SEM-DA_PWR-MRC-D+1_20220624100000_20220624103621.csv
2022-06-25T21:00:00Z,1.0,169.0,2022-06-25,MarketResult_SEM-DA_PWR-MRC-D+1_20220624100000_20220624103621.csv
2022-06-25T22:00:00Z,1.0,135.0,2022-06-26,MarketResult_SEM-DA_PWR-MRC-D+1_20220625100000_20220625103626.csv
2022-06-25T23:00:00Z,1.0,125.74,2022-06-26,MarketResult_SEM-DA_PWR-MRC-D+1_20220625100000_20220625103626.csv
2022-06-26T00:00:00Z,1.0,120.33,2022-06-26,MarketResult_SEM-DA_PWR-MRC-D+1_20220625100000_20220625103626.csv
2022-06-26T01:00:00Z,1.0,120.33,2022-06-26,MarketResult_SEM-DA_PWR-MRC-D+1_20220625100000_20220625103626.csv
2022-06-26T02:00:00Z,1.0,120.33,2022-06-26,MarketResult_SEM-DA_PWR-MRC-D+1_20220625100000_20220625103626.csv
2022-06-26T03:00:00Z,1.0,118.9,2022-06-26,MarketResult_SEM-DA_PWR-MRC-D+1_20220625100000_20220625103626.csv
2022-06-26T04:00:00Z,1.0,117.96,2022-06-26,MarketResult_SEM-DA_PWR-MRC-D+1_20220625100000_20220625103626.csv
2022-06-26T05:00:00Z,1.0,125.74,2022-06-26,MarketResult_SEM-DA_PWR-MRC-D+1_20220625100000_20220625103626.csv
2022-06-26T06:00:00Z,1.0,143.75,2022-06-26,MarketResult_SEM-DA_PWR-MRC-D+1_20220625100000_20220625103626.csv
2022-06-26T07:00:00Z,1.0,173.14,2022-06-26,MarketResult_SEM-DA_PWR-MRC-D+1_20220625100000_20220625103626.csv
2022-06-26T08:00:00Z,1.0,169.24,2022-06-26,MarketResult_SEM-DA_PWR-MRC-D+1_20220625100000_20220625103626.csv
2022-06-26T09:00:00Z,1.0,176.0,2022-06-26,MarketResult_SEM-DA_PWR-MRC-D+1_20220625100000_20220625103626.csv
2022-06-26T10:00:00Z,1.0,175.0,2022-06-26,MarketResult_SEM-DA_PWR-MRC-D+1_20220625100000_20220625103626.csv
2022-06-26T11:00:00Z,1.0,168.18,2022-06-26,MarketResult_SEM-DA_PWR-MRC-D+1_20220625100000_20220625103626.csv
2022-06-26T12:00:00Z,1.0,148.15,2022-06-26,MarketResult_SEM-DA_PWR-MRC-D+1_20220625100000_20220625103626.csv
2022-06-26T13:00:00Z,1.0,135.0,2022-06-26,MarketResult_SEM-DA_PWR-MRC-D+1_20220625100000_20220625103626.csv
2022-06-26T14:00:00Z,1.0,156.5,2022-06-26,MarketResult_SEM-DA_PWR-MRC-D+1_20220625100000_20220625103626.csv
2022-06-26T15:00:00Z,1.0,164.92,2022-06-26,MarketResult_SEM-DA_PWR-MRC-D+1_20220625100000_20220625103626.csv
2022-06-26T16:00:00Z,1.0,164.9,2022-06-26,MarketResult_SEM-DA_PWR-MRC-D+1_20220625100000_20220625103626.csv
2022-06-26T17:00:00Z,1.0,196.1,2022-06-26,MarketResult_SEM-DA_PWR-MRC-D+1_20220625100000_20220625103626.csv
2022-06-26T18:00:00Z,1.0,199.2,2022-06-26,MarketResult_SEM-DA_PWR-MRC-D+1_20220625100000_20220625103626.csv
2022-06-26T19:00:00Z,1.0,188.5,2022-06-26,MarketResult_SEM-DA_PWR-MRC-D+1_20220625100000_20220625103626.csv
2022-06-26T20:00:00Z,1.0,186.4,2022-06-26,MarketResult_SEM-DA_PWR-MRC-D+1_20220625100000_20220625103626.csv
2022-06-26T21:00:00Z,1.0,180.57,2022-06-26,MarketResult_SEM-DA_PWR-MRC-D+1_20220625100000_20220625103626.csv
2022-06-26T22:00:00Z,1.0,180.0,2022-06-27,MarketResult_SEM-DA_PWR-MRC-D+1_20220626100000_20220626103625.csv
2022-06-26T23:00:00Z,1.0,159.0,2022-06-27,MarketResult_SEM-DA_PWR-MRC-D+1_20220626100000_20220626103625.csv
2022-06-27T00:00:00Z,1.0,157.58,2022-06-27,MarketResult_SEM-DA_PWR-MRC-D+1_20220626100000_20220626103625.csv
2022-06-27T01:00:00Z,1.0,158.0,2022-06-27,MarketResult_SEM-DA_PWR-MRC-D+1_20220626100000_20220626103625.csv
2022-06-27T02:00:00Z,1.0,171.0,2022-06-27,MarketResult_SEM-DA_PWR-MRC-D+1_20220626100000_20220626103625.csv
2022-06-27T03:00:00Z,1.0,177.0,2022-06-27,MarketResult_SEM-DA_PWR-MRC-D+1_20220626100000_20220626103625.csv
2022-06-27T04:00:00Z,1.0,181.0,2022-06-27,MarketResult_SEM-DA_PWR-MRC-D+1_20220626100000_20220626103625.csv
2022-06-27T05:00:00Z,1.0,180.7,2022-06-27,MarketResult_SEM-DA_PWR-MRC-D+1_20220626100000_20220626103625.csv
2022-06-27T06:00:00Z,1.0,233.9,2022-06-27,MarketResult_SEM-DA_PWR-MRC-D+1_20220626100000_20220626103625.csv
2022-06-27T07:00:00Z,1.0,335.0,2022-06-27,MarketResult_SEM-DA_PWR-MRC-D+1_20220626100000_20220626103625.csv
2022-06-27T08:00:00Z,1.0,295.0,2022-06-27,MarketResult_SEM-DA_PWR-MRC-D+1_20220626100000_20220626103625.csv
2022-06-27T09:00:00Z,1.0,281.72,2022-06-27,MarketResult_SEM-DA_PWR-MRC-D+1_20220626100000_20220626103625.csv
2022-06-27T10:00:00Z,1.0,265.55,2022-06-27,MarketResult_SEM-DA_PWR-MRC-D+1_20220626100000_20220626103625.csv
2022-06-27T11:00:00Z,1.0,229.02,2022-06-27,MarketResult_SEM-DA_PWR-MRC-D+1_20220626100000_20220626103625.csv
2022-06-27T12:00:00Z,1.0,181.94,2022-06-27,MarketResult_SEM-DA_PWR-MRC-D+1_20220626100000_20220626103625.csv
2022-06-27T13:00:00Z,1.0,162.45,2022-06-27,MarketResult_SEM-DA_PWR-MRC-D+1_20220626100000_20220626103625.csv
2022-06-27T14:00:00Z,1.0,158.53,2022-06-27,MarketResult_SEM-DA_PWR-MRC-D+1_20220626100000_20220626103625.csv
2022-06-27T15:00:00Z,1.0,158.53,2022-06-27,MarketResult_SEM-DA_PWR-MRC-D+1_20220626100000_20220626103625.csv
2022-06-27T16:00:00Z,1.0,160.53,2022-06-27,MarketResult_SEM-DA_PWR-MRC-D+1_20220626100000_20220626103625.csv
2022-06-27T17:00:00Z,1.0,140.0,2022-06-27,MarketResult_SEM-DA_PWR-MRC-D+1_20220626100000_20220626103625.csv
2022-06-27T18:00:00Z,1.0,131.97,2022-06-27,MarketResult_SEM-DA_PWR-MRC-D+1_20220626100000_20220626103625.csv
2022-06-27T19:00:00Z,1.0,156.77,2022-06-27,MarketResult_SEM-DA_PWR-MRC-D+1_20220626100000_20220626103625.csv
2022-06-27T20:00:00Z,1.0,132.79,2022-06-27,MarketResult_SEM-DA_PWR-MRC-D+1_20220626100000_20220626103625.csv
2022-06-27T21:00:00Z,1.0,129.0,2022-06-27,MarketResult_SEM-DA_PWR-MRC-D+1_20220626100000_20220626103625.csv
2022-06-27T22:00:00Z,1.0,119.12,2022-06-28,MarketResult_SEM-DA_PWR-MRC-D+1_20220627100000_20220627103703.csv
2022-06-27T23:00:00Z,1.0,75.0,2022-06-28,MarketResult_SEM-DA_PWR-MRC-D+1_20220627100000_20220627103703.csv
2022-06-28T00:00:00Z,1.0,65.0,2022-06-28,MarketResult_SEM-DA_PWR-MRC-D+1_20220627100000_20220627103703.csv
2022-06-28T01:00:00Z,1.0,55.0,2022-06-28,MarketResult_SEM-DA_PWR-MRC-D+1_20220627100000_20220627103703.csv
2022-06-28T02:00:00Z,1.0,55.0,2022-06-28,MarketResult_SEM-DA_PWR-MRC-D+1_20220627100000_20220627103703.csv
2022-06-28T03:00:00Z,1.0,55.0,2022-06-28,MarketResult_SEM-DA_PWR-MRC-D+1_20220627100000_20220627103703.csv
2022-06-28T04:00:00Z,1.0,65.0,2022-06-28,MarketResult_SEM-DA_PWR-MRC-D+1_20220627100000_20220627103703.csv
2022-06-28T05:00:00Z,1.0,131.05,2022-06-28,MarketResult_SEM-DA_PWR-MRC-D+1_20220627100000_20220627103703.csv
2022-06-28T06:00:00Z,1.0,193.29,2022-06-28,MarketResult_SEM-DA_PWR-MRC-D+1_20220627100000_20220627103703.csv
2022-06-28T07:00:00Z,1.0,213.14,2022-06-28,MarketResult_SEM-DA_PWR-MRC-D+1_20220627100000_20220627103703.csv
2022-06-28T08:00:00Z,1.0,209.1,2022-06-28,MarketResult_SEM-DA_PWR-MRC-D+1_20220627100000_20220627103703.csv
2022-06-28T09:00:00Z,1.0,184.5,2022-06-28,MarketResult_SEM-DA_PWR-MRC-D+1_20220627100000_20220627103703.csv
2022-06-28T10:00:00Z,1.0,174.0,2022-06-28,MarketResult_SEM-DA_PWR-MRC-D+1_20220627100000_20220627103703.csv
2022-06-28T11:00:00Z,1.0,162.52,2022-06-28,MarketResult_SEM-DA_PWR-MRC-D+1_20220627100000_20220627103703.csv
2022-06-28T12:00:00Z,1.0,150.73,2022-06-28,MarketResult_SEM-DA_PWR-MRC-D+1_20220627100000_20220627103703.csv
2022-06-28T13:00:00Z,1.0,149.0,2022-06-28,MarketResult_SEM-DA_PWR-MRC-D+1_20220627100000_20220627103703.csv
2022-06-28T14:00:00Z,1.0,148.22,2022-06-28,MarketResult_SEM-DA_PWR-MRC-D+1_20220627100000_20220627103703.csv
2022-06-28T15:00:00Z,1.0,176.49,2022-06-28,MarketResult_SEM-DA_PWR-MRC-D+1_20220627100000_20220627103703.csv
2022-06-28T16:00:00Z,1.0,194.06,2022-06-28,MarketResult_SEM-DA_PWR-MRC-D+1_20220627100000_20220627103703.csv
2022-06-28T17:00:00Z,1.0,204.28,2022-06-28,MarketResult_SEM-DA_PWR-MRC-D+1_20220627100000_20220627103703.csv
2022-06-28T18:00:00Z,1.0,207.0,2022-06-28,MarketResult_SEM-DA_PWR-MRC-D+1_20220627100000_20220627103703.csv
2022-06-28T19:00:00Z,1.0,215.0,2022-06-28,MarketResult_SEM-DA_PWR-MRC-D+1_20220627100000_20220627103703.csv
2022-06-28T20:00:00Z,1.0,209.0,2022-06-28,MarketResult_SEM-DA_PWR-MRC-D+1_20220627100000_20220627103703.csv
2022-06-28T21:00:00Z,1.0,198.41,2022-06-28,MarketResult_SEM-DA_PWR-MRC-D+1_20220627100000_20220627103703.csv
2022-06-28T22:00:00Z,1.0,160.39,2022-06-29,MarketResult_SEM-DA_PWR-MRC-D+1_20220628100000_20220628103729.csv
2022-06-28T23:00:00Z,1.0,152.57,2022-06-29,MarketResult_SEM-DA_PWR-MRC-D+1_20220628100000_20220628103729.csv
2022-06-29T00:00:00Z,1.0,152.57,2022-06-29,MarketResult_SEM-DA_PWR-MRC-D+1_20220628100000_20220628103729.csv
2022-06-29T01:00:00Z,1.0,156.76,2022-06-29,MarketResult_SEM-DA_PWR-MRC-D+1_20220628100000_20220628103729.csv
2022-06-29T02:00:00Z,1.0,161.51,2022-06-29,MarketResult_SEM-DA_PWR-MRC-D+1_20220628100000_20220628103729.csv
2022-06-29T03:00:00Z,1.0,161.51,2022-06-29,MarketResult_SEM-DA_PWR-MRC-D+1_20220628100000_20220628103729.csv
2022-06-29T04:00:00Z,1.0,161.85,2022-06-29,MarketResult_SEM-DA_PWR-MRC-D+1_20220628100000_20220628103729.csv
2022-06-29T05:00:00Z,1.0,183.15,2022-06-29,MarketResult_SEM-DA_PWR-MRC-D+1_20220628100000_20220628103729.csv
2022-06-29T06:00:00Z,1.0,223.67,2022-06-29,MarketResult_SEM-DA_PWR-MRC-D+1_20220628100000_20220628103729.csv
2022-06-29T07:00:00Z,1.0,292.0,2022-06-29,MarketResult_SEM-DA_PWR-MRC-D+1_20220628100000_20220628103729.csv
2022-06-29T08:00:00Z,1.0,285.25,2022-06-29,MarketResult_SEM-DA_PWR-MRC-D+1_20220628100000_20220628103729.csv
2022-06-29T09:00:00Z,1.0,263.66,2022-06-29,MarketResult_SEM-DA_PWR-MRC-D+1_20220628100000_20220628103729.csv
2022-06-29T10:00:00Z,1.0,248.0,2022-06-29,MarketResult_SEM-DA_PWR-MRC-D+1_20220628100000_20220628103729.csv
2022-06-29T11:00:00Z,1.0,232.07,2022-06-29,MarketResult_SEM-DA_PWR-MRC-D+1_20220628100000_20220628103729.csv
2022-06-29T12:00:00Z,1.0,239.2,2022-06-29,MarketResult_SEM-DA_PWR-MRC-D+1_20220628100000_20220628103729.csv
2022-06-29T13:00:00Z,1.0,240.4,2022-06-29,MarketResult_SEM-DA_PWR-MRC-D+1_20220628100000_20220628103729.csv
2022-06-29T14:00:00Z,1.0,258.5,2022-06-29,MarketResult_SEM-DA_PWR-MRC-D+1_20220628100000_20220628103729.csv
2022-06-29T15:00:00Z,1.0,310.9,2022-06-29,MarketResult_SEM-DA_PWR-MRC-D+1_20220628100000_20220628103729.csv
2022-06-29T16:00:00Z,1.0,338.6,2022-06-29,MarketResult_SEM-DA_PWR-MRC-D+1_20220628100000_20220628103729.csv
2022-06-29T17:00:00Z,1.0,374.89,2022-06-29,MarketResult_SEM-DA_PWR-MRC-D+1_20220628100000_20220628103729.csv
2022-06-29T18:00:00Z,1.0,365.11,2022-06-29,MarketResult_SEM-DA_PWR-MRC-D+1_20220628100000_20220628103729.csv
2022-06-29T19:00:00Z,1.0,330.0,2022-06-29,MarketResult_SEM-DA_PWR-MRC-D+1_20220628100000_20220628103729.csv
2022-06-29T20:00:00Z,1.0,289.0,2022-06-29,MarketResult_SEM-DA_PWR-MRC-D+1_20220628100000_20220628103729.csv
2022-06-29T21:00:00Z,1.0,228.59,2022-06-29,MarketResult_SEM-DA_PWR-MRC-D+1_20220628100000_20220628103729.csv
2022-07-02T22:00:00Z,1.0,184.77,2022-07-03,MarketResult_SEM-DA_PWR-MRC-D+1_20220702100000_20220702103413.csv
2022-07-02T23:00:00Z,1.0,191.56,2022-07-03,MarketResult_SEM-DA_PWR-MRC-D+1_20220702100000_20220702103413.csv
2022-07-03T00:00:00Z,1.0,187.0,2022-07-03,MarketResult_SEM-DA_PWR-MRC-D+1_20220702100000_20220702103413.csv
2022-07-03T01:00:00Z,1.0,184.61,2022-07-03,MarketResult_SEM-DA_PWR-MRC-D+1_20220702100000_20220702103413.csv
2022-07-03T02:00:00Z,1.0,182.24,2022-07-03,MarketResult_SEM-DA_PWR-MRC-D+1_20220702100000_20220702103413.csv
2022-07-03T03:00:00Z,1.0,175.81,2022-07-03,MarketResult_SEM-DA_PWR-MRC-D+1_20220702100000_20220702103413.csv
2022-07-03T04:00:00Z,1.0,174.52,2022-07-03,MarketResult_SEM-DA_PWR-MRC-D+1_20220702100000_20220702103413.csv
2022-07-03T05:00:00Z,1.0,179.06,2022-07-03,MarketResult_SEM-DA_PWR-MRC-D+1_20220702100000_20220702103413.csv
2022-07-03T06:00:00Z,1.0,180.5,2022-07-03,MarketResult_SEM-DA_PWR-MRC-D+1_20220702100000_20220702103413.csv
2022-07-03T07:00:00Z,1.0,186.97,2022-07-03,MarketResult_SEM-DA_PWR-MRC-D+1_20220702100000_20220702103413.csv
2022-07-03T08:00:00Z,1.0,192.01,2022-07-03,MarketResult_SEM-DA_PWR-MRC-D+1_20220702100000_20220702103413.csv
2022-07-03T09:00:00Z,1.0,204.17,2022-07-03,MarketResult_SEM-DA_PWR-MRC-D+1_20220702100000_20220702103413.csv
2022-07-03T10:00:00Z,1.0,195.54,2022-07-03,MarketResult_SEM-DA_PWR-MRC-D+1_20220702100000_20220702103413.csv
2022-07-03T11:00:00Z,1.0,193.9,2022-07-03,MarketResult_SEM-DA_PWR-MRC-D+1_20220702100000_20220702103413.csv
2022-07-03T12:00:00Z,1.0,179.0,2022-07-03,MarketResult_SEM-DA_PWR-MRC-D+1_20220702100000_20220702103413.csv
2022-07-03T13:00:00Z,1.0,169.0,2022-07-03,MarketResult_SEM-DA_PWR-MRC-D+1_20220702100000_20220702103413.csv
2022-07-03T14:00:00Z,1.0,157.86,2022-07-03,MarketResult_SEM-DA_PWR-MRC-D+1_20220702100000_20220702103413.csv
2022-07-03T15:00:00Z,1.0,176.38,2022-07-03,MarketResult_SEM-DA_PWR-MRC-D+1_20220702100000_20220702103413.csv
2022-07-03T16:00:00Z,1.0,223.66,2022-07-03,MarketResult_SEM-DA_PWR-MRC-D+1_20220702100000_20220702103413.csv
2022-07-03T17:00:00Z,1.0,234.34,2022-07-03,MarketResult_SEM-DA_PWR-MRC-D+1_20220702100000_20220702103413.csv
2022-07-03T18:00:00Z,1.0,230.08,2022-07-03,MarketResult_SEM-DA_PWR-MRC-D+1_20220702100000_20220702103413.csv
2022-07-03T19:00:00Z,1.0,223.75,2022-07-03,MarketResult_SEM-DA_PWR-MRC-D+1_20220702100000_20220702103413.csv
2022-07-03T20:00:00Z,1.0,204.67,2022-07-03,MarketResult_SEM-DA_PWR-MRC-D+1_20220702100000_20220702103413.csv
2022-07-03T21:00:00Z,1.0,185.76,2022-07-03,MarketResult_SEM-DA_PWR-MRC-D+1_20220702100000_20220702103413.csv
2022-07-03T22:00:00Z,1.0,176.85,2022-07-04,MarketResult_SEM-DA_PWR-MRC-D+1_20220703100000_20220703103505.csv
2022-07-03T23:00:00Z,1.0,155.3,2022-07-04,MarketResult_SEM-DA_PWR-MRC-D+1_20220703100000_20220703103505.csv
2022-07-04T00:00:00Z,1.0,139.09,2022-07-04,MarketResult_SEM-DA_PWR-MRC-D+1_20220703100000_20220703103505.csv
2022-07-04T01:00:00Z,1.0,138.99,2022-07-04,MarketResult_SEM-DA_PWR-MRC-D+1_20220703100000_20220703103505.csv
2022-07-04T02:00:00Z,1.0,137.45,2022-07-04,MarketResult_SEM-DA_PWR-MRC-D+1_20220703100000_20220703103505.csv
2022-07-04T03:00:00Z,1.0,137.45,2022-07-04,MarketResult_SEM-DA_PWR-MRC-D+1_20220703100000_20220703103505.csv
2022-07-04T04:00:00Z,1.0,139.71,2022-07-04,MarketResult_SEM-DA_PWR-MRC-D+1_20220703100000_20220703103505.csv
2022-07-04T05:00:00Z,1.0,167.94,2022-07-04,MarketResult_SEM-DA_PWR-MRC-D+1_20220703100000_20220703103505.csv
2022-07-04T06:00:00Z,1.0,201.32,2022-07-04,MarketResult_SEM-DA_PWR-MRC-D+1_20220703100000_20220703103505.csv
2022-07-04T07:00:00Z,1.0,228.91,2022-07-04,MarketResult_SEM-DA_PWR-MRC-D+1_20220703100000_20220703103505.csv
2022-07-04T08:00:00Z,1.0,224.26,2022-07-04,MarketResult_SEM-DA_PWR-MRC-D+1_20220703100000_20220703103505.csv
2022-07-04T09:00:00Z,1.0,212.5,2022-07-04,MarketResult_SEM-DA_PWR-MRC-D+1_20220703100000_20220703103505.csv
2022-07-04T10:00:00Z,1.0,197.06,2022-07-04,MarketResult_SEM-DA_PWR-MRC-D+1_20220703100000_20220703103505.csv
2022-07-04T11:00:00Z,1.0,195.0,2022-07-04,MarketResult_SEM-DA_PWR-MRC-D+1_20220703100000_20220703103505.csv
2022-07-04T12:00:00Z,1.0,186.55,2022-07-04,MarketResult_SEM-DA_PWR-MRC-D+1_20220703100000_20220703103505.csv
2022-07-04T13:00:00Z,1.0,183.15,2022-07-04,MarketResult_SEM-DA_PWR-MRC-D+1_20220703100000_20220703103505.csv
2022-07-04T14:00:00Z,1.0,184.32,2022-07-04,MarketResult_SEM-DA_PWR-MRC-D+1_20220703100000_20220703103505.csv
2022-07-04T15:00:00Z,1.0,203.73,2022-07-04,MarketResult_SEM-DA_PWR-MRC-D+1_20220703100000_20220703103505.csv
2022-07-04T16:00:00Z,1.0,235.0,2022-07-04,MarketResult_SEM-DA_PWR-MRC-D+1_20220703100000_20220703103505.csv
2022-07-04T17:00:00Z,1.0,255.48,2022-07-04,MarketResult_SEM-DA_PWR-MRC-D+1_20220703100000_20220703103505.csv
2022-07-04T18:00:00Z,1.0,246.54,2022-07-04,MarketResult_SEM-DA_PWR-MRC-D+1_20220703100000_20220703103505.csv
2022-07-04T19:00:00Z,1.0,253.91,2022-07-04,MarketResult_SEM-DA_PWR-MRC-D+1_20220703100000_20220703103505.csv
2022-07-04T20:00:00Z,1.0,259.65,2022-07-04,MarketResult_SEM-DA_PWR-MRC-D+1_20220703100000_20220703103505.csv
2022-07-04T21:00:00Z,1.0,234.23,2022-07-04,MarketResult_SEM-DA_PWR-MRC-D+1_20220703100000_20220703103505.csv
2022-07-04T22:00:00Z,1.0,210.35,2022-07-05,MarketResult_SEM-DA_PWR-MRC-D+1_20220704100000_20220704103354.csv
2022-07-04T23:00:00Z,1.0,196.57,2022-07-05,MarketResult_SEM-DA_PWR-MRC-D+1_20220704100000_20220704103354.csv
2022-07-05T00:00:00Z,1.0,187.49,2022-07-05,MarketResult_SEM-DA_PWR-MRC-D+1_20220704100000_20220704103354.csv
2022-07-05T01:00:00Z,1.0,180.23,2022-07-05,MarketResult_SEM-DA_PWR-MRC-D+1_20220704100000_20220704103354.csv
2022-07-05T02:00:00Z,1.0,175.0,2022-07-05,MarketResult_SEM-DA_PWR-MRC-D+1_20220704100000_20220704103354.csv
2022-07-05T03:00:00Z,1.0,177.36,2022-07-05,MarketResult_SEM-DA_PWR-MRC-D+1_20220704100000_20220704103354.csv
2022-07-05T04:00:00Z,1.0,185.82,2022-07-05,MarketResult_SEM-DA_PWR-MRC-D+1_20220704100000_20220704103354.csv
2022-07-05T05:00:00Z,1.0,218.3,2022-07-05,MarketResult_SEM-DA_PWR-MRC-D+1_20220704100000_20220704103354.csv
2022-07-05T06:00:00Z,1.0,255.53,2022-07-05,MarketResult_SEM-DA_PWR-MRC-D+1_20220704100000_20220704103354.csv
2022-07-05T07:00:00Z,1.0,279.78,2022-07-05,MarketResult_SEM-DA_PWR-MRC-D+1_20220704100000_20220704103354.csv
2022-07-05T08:00:00Z,1.0,279.78,2022-07-05,MarketResult_SEM-DA_PWR-MRC-D+1_20220704100000_20220704103354.csv
2022-07-05T09:00:00Z,1.0,271.64,2022-07-05,MarketResult_SEM-DA_PWR-MRC-D+1_20220704100000_20220704103354.csv
2022-07-05T10:00:00Z,1.0,269.64,2022-07-05,MarketResult_SEM-DA_PWR-MRC-D+1_20220704100000_20220704103354.csv
2022-07-05T11:00:00Z,1.0,268.8,2022-07-05,MarketResult_SEM-DA_PWR-MRC-D+1_20220704100000_20220704103354.csv
2022-07-05T12:00:00Z,1.0,254.34,2022-07-05,MarketResult_SEM-DA_PWR-MRC-D+1_20220704100000_20220704103354.csv
2022-07-05T13:00:00Z,1.0,232.0,2022-07-05,MarketResult_SEM-DA_PWR-MRC-D+1_20220704100000_20220704103354.csv
2022-07-05T14:00:00Z,1.0,235.0,2022-07-05,MarketResult_SEM-DA_PWR-MRC-D+1_20220704100000_20220704103354.csv
2022-07-05T15:00:00Z,1.0,253.9,2022-07-05,MarketResult_SEM-DA_PWR-MRC-D+1_20220704100000_20220704103354.csv
2022-07-05T16:00:00Z,1.0,280.0,2022-07-05,MarketResult_SEM-DA_PWR-MRC-D+1_20220704100000_20220704103354.csv
2022-07-05T17:00:00Z,1.0,278.75,2022-07-05,MarketResult_SEM-DA_PWR-MRC-D+1_20220704100000_20220704103354.csv
2022-07-05T18:00:00Z,1.0,276.57,2022-07-05,MarketResult_SEM-DA_PWR-MRC-D+1_20220704100000_20220704103354.csv
2022-07-05T19:00:00Z,1.0,263.0,2022-07-05,MarketResult_SEM-DA_PWR-MRC-D+1_20220704100000_20220704103354.csv
2022-07-05T20:00:00Z,1.0,243.67,2022-07-05,MarketResult_SEM-DA_PWR-MRC-D+1_20220704100000_20220704103354.csv
2022-07-05T21:00:00Z,1.0,218.13,2022-07-05,MarketResult_SEM-DA_PWR-MRC-D+1_20220704100000_20220704103354.csv
2022-07-05T22:00:00Z,1.0,293.98,2022-07-06,MarketResult_SEM-DA_PWR-MRC-D+1_20220705100000_20220705103401.csv
2022-07-05T23:00:00Z,1.0,283.32,2022-07-06,MarketResult_SEM-DA_PWR-MRC-D+1_20220705100000_20220705103401.csv
2022-07-06T00:00:00Z,1.0,268.0,2022-07-06,MarketResult_SEM-DA_PWR-MRC-D+1_20220705100000_20220705103401.csv
2022-07-06T01:00:00Z,1.0,240.0,2022-07-06,MarketResult_SEM-DA_PWR-MRC-D+1_20220705100000_20220705103401.csv
2022-07-06T02:00:00Z,1.0,221.0,2022-07-06,MarketResult_SEM-DA_PWR-MRC-D+1_20220705100000_20220705103401.csv
2022-07-06T03:00:00Z,1.0,215.0,2022-07-06,MarketResult_SEM-DA_PWR-MRC-D+1_20220705100000_20220705103401.csv
2022-07-06T04:00:00Z,1.0,203.0,2022-07-06,MarketResult_SEM-DA_PWR-MRC-D+1_20220705100000_20220705103401.csv
2022-07-06T05:00:00Z,1.0,258.69,2022-07-06,MarketResult_SEM-DA_PWR-MRC-D+1_20220705100000_20220705103401.csv
2022-07-06T06:00:00Z,1.0,301.99,2022-07-06,MarketResult_SEM-DA_PWR-MRC-D+1_20220705100000_20220705103401.csv
2022-07-06T07:00:00Z,1.0,326.6,2022-07-06,MarketResult_SEM-DA_PWR-MRC-D+1_20220705100000_20220705103401.csv
2022-07-06T08:00:00Z,1.0,301.16,2022-07-06,MarketResult_SEM-DA_PWR-MRC-D+1_20220705100000_20220705103401.csv
2022-07-06T09:00:00Z,1.0,271.05,2022-07-06,MarketResult_SEM-DA_PWR-MRC-D+1_20220705100000_20220705103401.csv
2022-07-06T10:00:00Z,1.0,244.11,2022-07-06,MarketResult_SEM-DA_PWR-MRC-D+1_20220705100000_20220705103401.csv
2022-07-06T11:00:00Z,1.0,228.87,2022-07-06,MarketResult_SEM-DA_PWR-MRC-D+1_20220705100000_20220705103401.csv
2022-07-06T12:00:00Z,1.0,212.0,2022-07-06,MarketResult_SEM-DA_PWR-MRC-D+1_20220705100000_20220705103401.csv
2022-07-06T13:00:00Z,1.0,201.33,2022-07-06,MarketResult_SEM-DA_PWR-MRC-D+1_20220705100000_20220705103401.csv
2022-07-06T14:00:00Z,1.0,201.33,2022-07-06,MarketResult_SEM-DA_PWR-MRC-D+1_20220705100000_20220705103401.csv
2022-07-06T15:00:00Z,1.0,223.0,2022-07-06,MarketResult_SEM-DA_PWR-MRC-D+1_20220705100000_20220705103401.csv
2022-07-06T16:00:00Z,1.0,269.89,2022-07-06,MarketResult_SEM-DA_PWR-MRC-D+1_20220705100000_20220705103401.csv
2022-07-06T17:00:00Z,1.0,279.37,2022-07-06,MarketResult_SEM-DA_PWR-MRC-D+1_20220705100000_20220705103401.csv
2022-07-06T18:00:00Z,1.0,289.0,2022-07-06,MarketResult_SEM-DA_PWR-MRC-D+1_20220705100000_20220705103401.csv
2022-07-06T19:00:00Z,1.0,277.89,2022-07-06,MarketResult_SEM-DA_PWR-MRC-D+1_20220705100000_20220705103401.csv
2022-07-06T20:00:00Z,1.0,258.0,2022-07-06,MarketResult_SEM-DA_PWR-MRC-D+1_20220705100000_20220705103401.csv
2022-07-06T21:00:00Z,1.0,236.48,2022-07-06,MarketResult_SEM-DA_PWR-MRC-D+1_20220705100000_20220705103401.csv
2022-07-06T22:00:00Z,1.0,180.04,2022-07-07,MarketResult_SEM-DA_PWR-MRC-D+1_20220706100000_20220706105045.csv
2022-07-06T23:00:00Z,1.0,166.33,2022-07-07,MarketResult_SEM-DA_PWR-MRC-D+1_20220706100000_20220706105045.csv
2022-07-07T00:00:00Z,1.0,161.0,2022-07-07,MarketResult_SEM-DA_PWR-MRC-D+1_20220706100000_20220706105045.csv
2022-07-07T01:00:00Z,1.0,159.86,2022-07-07,MarketResult_SEM-DA_PWR-MRC-D+1_20220706100000_20220706105045.csv
2022-07-07T02:00:00Z,1.0,161.0,2022-07-07,MarketResult_SEM-DA_PWR-MRC-D+1_20220706100000_20220706105045.csv
2022-07-07T03:00:00Z,1.0,166.6,2022-07-07,MarketResult_SEM-DA_PWR-MRC-D+1_20220706100000_20220706105045.csv
2022-07-07T04:00:00Z,1.0,176.14,2022-07-07,MarketResult_SEM-DA_PWR-MRC-D+1_20220706100000_20220706105045.csv
2022-07-07T05:00:00Z,1.0,194.84,2022-07-07,MarketResult_SEM-DA_PWR-MRC-D+1_20220706100000_20220706105045.csv
2022-07-07T06:00:00Z,1.0,227.27,2022-07-07,MarketResult_SEM-DA_PWR-MRC-D+1_20220706100000_20220706105045.csv
2022-07-07T07:00:00Z,1.0,305.0,2022-07-07,MarketResult_SEM-DA_PWR-MRC-D+1_20220706100000_20220706105045.csv
2022-07-07T08:00:00Z,1.0,293.4,2022-07-07,MarketResult_SEM-DA_PWR-MRC-D+1_20220706100000_20220706105045.csv
2022-07-07T09:00:00Z,1.0,280.0,2022-07-07,MarketResult_SEM-DA_PWR-MRC-D+1_20220706100000_20220706105045.csv
2022-07-07T10:00:00Z,1.0,285.0,2022-07-07,MarketResult_SEM-DA_PWR-MRC-D+1_20220706100000_20220706105045.csv
2022-07-07T11:00:00Z,1.0,277.0,2022-07-07,MarketResult_SEM-DA_PWR-MRC-D+1_20220706100000_20220706105045.csv
2022-07-07T12:00:00Z,1.0,251.41,2022-07-07,MarketResult_SEM-DA_PWR-MRC-D+1_20220706100000_20220706105045.csv
2022-07-07T13:00:00Z,1.0,240.19,2022-07-07,MarketResult_SEM-DA_PWR-MRC-D+1_20220706100000_20220706105045.csv
2022-07-07T14:00:00Z,1.0,240.19,2022-07-07,MarketResult_SEM-DA_PWR-MRC-D+1_20220706100000_20220706105045.csv
2022-07-07T15:00:00Z,1.0,253.81,2022-07-07,MarketResult_SEM-DA_PWR-MRC-D+1_20220706100000_20220706105045.csv
2022-07-07T16:00:00Z,1.0,301.19,2022-07-07,MarketResult_SEM-DA_PWR-MRC-D+1_20220706100000_20220706105045.csv
2022-07-07T17:00:00Z,1.0,324.8,2022-07-07,MarketResult_SEM-DA_PWR-MRC-D+1_20220706100000_20220706105045.csv
2022-07-07T18:00:00Z,1.0,324.77,2022-07-07,MarketResult_SEM-DA_PWR-MRC-D+1_20220706100000_20220706105045.csv
2022-07-07T19:00:00Z,1.0,314.68,2022-07-07,MarketResult_SEM-DA_PWR-MRC-D+1_20220706100000_20220706105045.csv
2022-07-07T20:00:00Z,1.0,310.0,2022-07-07,MarketResult_SEM-DA_PWR-MRC-D+1_20220706100000_20220706105045.csv
2022-07-07T21:00:00Z,1.0,267.0,2022-07-07,MarketResult_SEM-DA_PWR-MRC-D+1_20220706100000_20220706105045.csv
2022-07-07T22:00:00Z,1.0,243.86,2022-07-08,MarketResult_SEM-DA_PWR-MRC-D+1_20220707100000_20220707103501.csv
2022-07-07T23:00:00Z,1.0,223.0,2022-07-08,MarketResult_SEM-DA_PWR-MRC-D+1_20220707100000_20220707103501.csv
2022-07-08T00:00:00Z,1.0,193.25,2022-07-08,MarketResult_SEM-DA_PWR-MRC-D+1_20220707100000_20220707103501.csv
2022-07-08T01:00:00Z,1.0,193.0,2022-07-08,MarketResult_SEM-DA_PWR-MRC-D+1_20220707100000_20220707103501.csv
2022-07-08T02:00:00Z,1.0,191.5,2022-07-08,MarketResult_SEM-DA_PWR-MRC-D+1_20220707100000_20220707103501.csv
2022-07-08T03:00:00Z,1.0,191.52,2022-07-08,MarketResult_SEM-DA_PWR-MRC-D+1_20220707100000_20220707103501.csv
2022-07-08T04:00:00Z,1.0,191.49,2022-07-08,MarketResult_SEM-DA_PWR-MRC-D+1_20220707100000_20220707103501.csv
2022-07-08T05:00:00Z,1.0,235.0,2022-07-08,MarketResult_SEM-DA_PWR-MRC-D+1_20220707100000_20220707103501.csv
2022-07-08T06:00:00Z,1.0,328.14,2022-07-08,MarketResult_SEM-DA_PWR-MRC-D+1_20220707100000_20220707103501.csv
2022-07-08T07:00:00Z,1.0,359.01,2022-07-08,MarketResult_SEM-DA_PWR-MRC-D+1_20220707100000_20220707103501.csv
2022-07-08T08:00:00Z,1.0,340.56,2022-07-08,MarketResult_SEM-DA_PWR-MRC-D+1_20220707100000_20220707103501.csv
2022-07-08T09:00:00Z,1.0,330.94,2022-07-08,MarketResult_SEM-DA_PWR-MRC-D+1_20220707100000_20220707103501.csv
2022-07-08T10:00:00Z,1.0,290.82,2022-07-08,MarketResult_SEM-DA_PWR-MRC-D+1_20220707100000_20220707103501.csv
2022-07-08T11:00:00Z,1.0,269.18,2022-07-08,MarketResult_SEM-DA_PWR-MRC-D+1_20220707100000_20220707103501.csv
2022-07-08T12:00:00Z,1.0,251.11,2022-07-08,MarketResult_SEM-DA_PWR-MRC-D+1_20220707100000_20220707103501.csv
2022-07-08T13:00:00Z,1.0,244.0,2022-07-08,MarketResult_SEM-DA_PWR-MRC-D+1_20220707100000_20220707103501.csv
2022-07-08T14:00:00Z,1.0,244.0,2022-07-08,MarketResult_SEM-DA_PWR-MRC-D+1_20220707100000_20220707103501.csv
2022-07-08T15:00:00Z,1.0,267.0,2022-07-08,MarketResult_SEM-DA_PWR-MRC-D+1_20220707100000_20220707103501.csv
2022-07-08T16:00:00Z,1.0,312.1,2022-07-08,MarketResult_SEM-DA_PWR-MRC-D+1_20220707100000_20220707103501.csv
2022-07-08T17:00:00Z,1.0,325.0,2022-07-08,MarketResult_SEM-DA_PWR-MRC-D+1_20220707100000_20220707103501.csv
2022-07-08T18:00:00Z,1.0,330.0,2022-07-08,MarketResult_SEM-DA_PWR-MRC-D+1_20220707100000_20220707103501.csv
2022-07-08T19:00:00Z,1.0,309.0,2022-07-08,MarketResult_SEM-DA_PWR-MRC-D+1_20220707100000_20220707103501.csv
2022-07-08T20:00:00Z,1.0,290.68,2022-07-08,MarketResult_SEM-DA_PWR-MRC-D+1_20220707100000_20220707103501.csv
2022-07-08T21:00:00Z,1.0,266.57,2022-07-08,MarketResult_SEM-DA_PWR-MRC-D+1_20220707100000_20220707103501.csv
2022-07-08T22:00:00Z,1.0,258.98,2022-07-09,MarketResult_SEM-DA_PWR-MRC-D+1_20220708100000_20220708103510.csv
2022-07-08T23:00:00Z,1.0,238.94,2022-07-09,MarketResult_SEM-DA_PWR-MRC-D+1_20220708100000_20220708103510.csv
2022-07-09T00:00:00Z,1.0,220.0,2022-07-09,MarketResult_SEM-DA_PWR-MRC-D+1_20220708100000_20220708103510.csv
2022-07-09T01:00:00Z,1.0,209.47,2022-07-09,MarketResult_SEM-DA_PWR-MRC-D+1_20220708100000_20220708103510.csv
2022-07-09T02:00:00Z,1.0,196.77,2022-07-09,MarketResult_SEM-DA_PWR-MRC-D+1_20220708100000_20220708103510.csv
2022-07-09T03:00:00Z,1.0,194.14,2022-07-09,MarketResult_SEM-DA_PWR-MRC-D+1_20220708100000_20220708103510.csv
2022-07-09T04:00:00Z,1.0,190.26,2022-07-09,MarketResult_SEM-DA_PWR-MRC-D+1_20220708100000_20220708103510.csv
2022-07-09T05:00:00Z,1.0,200.0,2022-07-09,MarketResult_SEM-DA_PWR-MRC-D+1_20220708100000_20220708103510.csv
2022-07-09T06:00:00Z,1.0,218.89,2022-07-09,MarketResult_SEM-DA_PWR-MRC-D+1_20220708100000_20220708103510.csv
2022-07-09T07:00:00Z,1.0,235.93,2022-07-09,MarketResult_SEM-DA_PWR-MRC-D+1_20220708100000_20220708103510.csv
2022-07-09T08:00:00Z,1.0,242.0,2022-07-09,MarketResult_SEM-DA_PWR-MRC-D+1_20220708100000_20220708103510.csv
2022-07-09T09:00:00Z,1.0,249.24,2022-07-09,MarketResult_SEM-DA_PWR-MRC-D+1_20220708100000_20220708103510.csv
2022-07-09T10:00:00Z,1.0,240.0,2022-07-09,MarketResult_SEM-DA_PWR-MRC-D+1_20220708100000_20220708103510.csv
2022-07-09T11:00:00Z,1.0,232.5,2022-07-09,MarketResult_SEM-DA_PWR-MRC-D+1_20220708100000_20220708103510.csv
2022-07-09T12:00:00Z,1.0,225.11,2022-07-09,MarketResult_SEM-DA_PWR-MRC-D+1_20220708100000_20220708103510.csv
2022-07-09T13:00:00Z,1.0,220.24,2022-07-09,MarketResult_SEM-DA_PWR-MRC-D+1_20220708100000_20220708103510.csv
2022-07-09T14:00:00Z,1.0,220.24,2022-07-09,MarketResult_SEM-DA_PWR-MRC-D+1_20220708100000_20220708103510.csv
2022-07-09T15:00:00Z,1.0,224.59,2022-07-09,MarketResult_SEM-DA_PWR-MRC-D+1_20220708100000_20220708103510.csv
2022-07-09T16:00:00Z,1.0,249.06,2022-07-09,MarketResult_SEM-DA_PWR-MRC-D+1_20220708100000_20220708103510.csv
2022-07-09T17:00:00Z,1.0,275.0,2022-07-09,MarketResult_SEM-DA_PWR-MRC-D+1_20220708100000_20220708103510.csv
2022-07-09T18:00:00Z,1.0,296.79,2022-07-09,MarketResult_SEM-DA_PWR-MRC-D+1_20220708100000_20220708103510.csv
2022-07-09T19:00:00Z,1.0,298.55,2022-07-09,MarketResult_SEM-DA_PWR-MRC-D+1_20220708100000_20220708103510.csv
2022-07-09T20:00:00Z,1.0,289.0,2022-07-09,MarketResult_SEM-DA_PWR-MRC-D+1_20220708100000_20220708103510.csv
2022-07-09T21:00:00Z,1.0,278.0,2022-07-09,MarketResult_SEM-DA_PWR-MRC-D+1_20220708100000_20220708103510.csv
2022-07-09T22:00:00Z,1.0,245.0,2022-07-10,MarketResult_SEM-DA_PWR-MRC-D+1_20220709100000_20220709103556.csv
2022-07-09T23:00:00Z,1.0,212.43,2022-07-10,MarketResult_SEM-DA_PWR-MRC-D+1_20220709100000_20220709103556.csv
2022-07-10T00:00:00Z,1.0,206.0,2022-07-10,MarketResult_SEM-DA_PWR-MRC-D+1_20220709100000_20220709103556.csv
2022-07-10T01:00:00Z,1.0,192.25,2022-07-10,MarketResult_SEM-DA_PWR-MRC-D+1_20220709100000_20220709103556.csv
2022-07-10T02:00:00Z,1.0,184.5,2022-07-10,MarketResult_SEM-DA_PWR-MRC-D+1_20220709100000_20220709103556.csv
2022-07-10T03:00:00Z,1.0,179.66,2022-07-10,MarketResult_SEM-DA_PWR-MRC-D+1_20220709100000_20220709103556.csv
2022-07-10T04:00:00Z,1.0,171.79,2022-07-10,MarketResult_SEM-DA_PWR-MRC-D+1_20220709100000_20220709103556.csv
2022-07-10T05:00:00Z,1.0,176.0,2022-07-10,MarketResult_SEM-DA_PWR-MRC-D+1_20220709100000_20220709103556.csv
2022-07-10T06:00:00Z,1.0,185.35,2022-07-10,MarketResult_SEM-DA_PWR-MRC-D+1_20220709100000_20220709103556.csv
2022-07-10T07:00:00Z,1.0,204.73,2022-07-10,MarketResult_SEM-DA_PWR-MRC-D+1_20220709100000_20220709103556.csv
2022-07-10T08:00:00Z,1.0,211.44,2022-07-10,MarketResult_SEM-DA_PWR-MRC-D+1_20220709100000_20220709103556.csv
2022-07-10T09:00:00Z,1.0,221.47,2022-07-10,MarketResult_SEM-DA_PWR-MRC-D+1_20220709100000_20220709103556.csv
2022-07-10T10:00:00Z,1.0,227.0,2022-07-10,MarketResult_SEM-DA_PWR-MRC-D+1_20220709100000_20220709103556.csv
2022-07-10T11:00:00Z,1.0,219.0,2022-07-10,MarketResult_SEM-DA_PWR-MRC-D+1_20220709100000_20220709103556.csv
2022-07-10T12:00:00Z,1.0,201.63,2022-07-10,MarketResult_SEM-DA_PWR-MRC-D+1_20220709100000_20220709103556.csv
2022-07-10T13:00:00Z,1.0,194.0,2022-07-10,MarketResult_SEM-DA_PWR-MRC-D+1_20220709100000_20220709103556.csv
2022-07-10T14:00:00Z,1.0,194.0,2022-07-10,MarketResult_SEM-DA_PWR-MRC-D+1_20220709100000_20220709103556.csv
2022-07-10T15:00:00Z,1.0,205.06,2022-07-10,MarketResult_SEM-DA_PWR-MRC-D+1_20220709100000_20220709103556.csv
2022-07-10T16:00:00Z,1.0,260.22,2022-07-10,MarketResult_SEM-DA_PWR-MRC-D+1_20220709100000_20220709103556.csv
2022-07-10T17:00:00Z,1.0,313.0,2022-07-10,MarketResult_SEM-DA_PWR-MRC-D+1_20220709100000_20220709103556.csv
2022-07-10T18:00:00Z,1.0,325.43,2022-07-10,MarketResult_SEM-DA_PWR-MRC-D+1_20220709100000_20220709103556.csv
2022-07-10T19:00:00Z,1.0,318.73,2022-07-10,MarketResult_SEM-DA_PWR-MRC-D+1_20220709100000_20220709103556.csv
2022-07-10T20:00:00Z,1.0,318.8,2022-07-10,MarketResult_SEM-DA_PWR-MRC-D+1_20220709100000_20220709103556.csv
2022-07-10T21:00:00Z,1.0,293.1,2022-07-10,MarketResult_SEM-DA_PWR-MRC-D+1_20220709100000_20220709103556.csv
2022-07-10T22:00:00Z,1.0,254.33,2022-07-11,MarketResult_SEM-DA_PWR-MRC-D+1_20220710100000_20220710103441.csv
2022-07-10T23:00:00Z,1.0,235.0,2022-07-11,MarketResult_SEM-DA_PWR-MRC-D+1_20220710100000_20220710103441.csv
2022-07-11T00:00:00Z,1.0,219.43,2022-07-11,MarketResult_SEM-DA_PWR-MRC-D+1_20220710100000_20220710103441.csv
2022-07-11T01:00:00Z,1.0,213.44,2022-07-11,MarketResult_SEM-DA_PWR-MRC-D+1_20220710100000_20220710103441.csv
2022-07-11T02:00:00Z,1.0,214.0,2022-07-11,MarketResult_SEM-DA_PWR-MRC-D+1_20220710100000_20220710103441.csv
2022-07-11T03:00:00Z,1.0,206.71,2022-07-11,MarketResult_SEM-DA_PWR-MRC-D+1_20220710100000_20220710103441.csv
2022-07-11T04:00:00Z,1.0,192.52,2022-07-11,MarketResult_SEM-DA_PWR-MRC-D+1_20220710100000_20220710103441.csv
2022-07-11T05:00:00Z,1.0,223.16,2022-07-11,MarketResult_SEM-DA_PWR-MRC-D+1_20220710100000_20220710103441.csv
2022-07-11T06:00:00Z,1.0,345.0,2022-07-11,MarketResult_SEM-DA_PWR-MRC-D+1_20220710100000_20220710103441.csv
2022-07-11T07:00:00Z,1.0,399.0,2022-07-11,MarketResult_SEM-DA_PWR-MRC-D+1_20220710100000_20220710103441.csv
2022-07-11T08:00:00Z,1.0,384.0,2022-07-11,MarketResult_SEM-DA_PWR-MRC-D+1_20220710100000_20220710103441.csv
2022-07-11T09:00:00Z,1.0,362.92,2022-07-11,MarketResult_SEM-DA_PWR-MRC-D+1_20220710100000_20220710103441.csv
2022-07-11T10:00:00Z,1.0,337.12,2022-07-11,MarketResult_SEM-DA_PWR-MRC-D+1_20220710100000_20220710103441.csv
2022-07-11T11:00:00Z,1.0,270.02,2022-07-11,MarketResult_SEM-DA_PWR-MRC-D+1_20220710100000_20220710103441.csv
2022-07-11T12:00:00Z,1.0,208.68,2022-07-11,MarketResult_SEM-DA_PWR-MRC-D+1_20220710100000_20220710103441.csv
2022-07-11T13:00:00Z,1.0,200.0,2022-07-11,MarketResult_SEM-DA_PWR-MRC-D+1_20220710100000_20220710103441.csv
2022-07-11T14:00:00Z,1.0,211.67,2022-07-11,MarketResult_SEM-DA_PWR-MRC-D+1_20220710100000_20220710103441.csv
2022-07-11T15:00:00Z,1.0,230.0,2022-07-11,MarketResult_SEM-DA_PWR-MRC-D+1_20220710100000_20220710103441.csv
2022-07-11T16:00:00Z,1.0,270.49,2022-07-11,MarketResult_SEM-DA_PWR-MRC-D+1_20220710100000_20220710103441.csv
2022-07-11T17:00:00Z,1.0,275.0,2022-07-11,MarketResult_SEM-DA_PWR-MRC-D+1_20220710100000_20220710103441.csv
2022-07-11T18:00:00Z,1.0,239.0,2022-07-11,MarketResult_SEM-DA_PWR-MRC-D+1_20220710100000_20220710103441.csv
2022-07-11T19:00:00Z,1.0,200.8,2022-07-11,MarketResult_SEM-DA_PWR-MRC-D+1_20220710100000_20220710103441.csv
2022-07-11T20:00:00Z,1.0,198.2,2022-07-11,MarketResult_SEM-DA_PWR-MRC-D+1_20220710100000_20220710103441.csv
2022-07-11T21:00:00Z,1.0,184.0,2022-07-11,MarketResult_SEM-DA_PWR-MRC-D+1_20220710100000_20220710103441.csv
2022-07-11T22:00:00Z,1.0,227.0,2022-07-12,MarketResult_SEM-DA_PWR-MRC-D+1_20220711100000_20220711103616.csv
2022-07-11T23:00:00Z,1.0,205.0,2022-07-12,MarketResult_SEM-DA_PWR-MRC-D+1_20220711100000_20220711103616.csv
2022-07-12T00:00:00Z,1.0,197.3,2022-07-12,MarketResult_SEM-DA_PWR-MRC-D+1_20220711100000_20220711103616.csv
2022-07-12T01:00:00Z,1.0,193.7,2022-07-12,MarketResult_SEM-DA_PWR-MRC-D+1_20220711100000_20220711103616.csv
2022-07-12T02:00:00Z,1.0,195.0,2022-07-12,MarketResult_SEM-DA_PWR-MRC-D+1_20220711100000_20220711103616.csv
2022-07-12T03:00:00Z,1.0,199.29,2022-07-12,MarketResult_SEM-DA_PWR-MRC-D+1_20220711100000_20220711103616.csv
2022-07-12T04:00:00Z,1.0,200.71,2022-07-12,MarketResult_SEM-DA_PWR-MRC-D+1_20220711100000_20220711103616.csv
2022-07-12T05:00:00Z,1.0,218.4,2022-07-12,MarketResult_SEM-DA_PWR-MRC-D+1_20220711100000_20220711103616.csv
2022-07-12T06:00:00Z,1.0,260.0,2022-07-12,MarketResult_SEM-DA_PWR-MRC-D+1_20220711100000_20220711103616.csv
2022-07-12T07:00:00Z,1.0,319.41,2022-07-12,MarketResult_SEM-DA_PWR-MRC-D+1_20220711100000_20220711103616.csv
2022-07-12T08:00:00Z,1.0,316.3,2022-07-12,MarketResult_SEM-DA_PWR-MRC-D+1_20220711100000_20220711103616.csv
2022-07-12T09:00:00Z,1.0,313.14,2022-07-12,MarketResult_SEM-DA_PWR-MRC-D+1_20220711100000_20220711103616.csv
2022-07-12T10:00:00Z,1.0,313.5,2022-07-12,MarketResult_SEM-DA_PWR-MRC-D+1_20220711100000_20220711103616.csv
2022-07-12T11:00:00Z,1.0,300.75,2022-07-12,MarketResult_SEM-DA_PWR-MRC-D+1_20220711100000_20220711103616.csv
2022-07-12T12:00:00Z,1.0,280.54,2022-07-12,MarketResult_SEM-DA_PWR-MRC-D+1_20220711100000_20220711103616.csv
2022-07-12T13:00:00Z,1.0,275.08,2022-07-12,MarketResult_SEM-DA_PWR-MRC-D+1_20220711100000_20220711103616.csv
2022-07-12T14:00:00Z,1.0,283.7,2022-07-12,MarketResult_SEM-DA_PWR-MRC-D+1_20220711100000_20220711103616.csv
2022-07-12T15:00:00Z,1.0,305.0,2022-07-12,MarketResult_SEM-DA_PWR-MRC-D+1_20220711100000_20220711103616.csv
2022-07-12T16:00:00Z,1.0,335.17,2022-07-12,MarketResult_SEM-DA_PWR-MRC-D+1_20220711100000_20220711103616.csv
2022-07-12T17:00:00Z,1.0,314.4,2022-07-12,MarketResult_SEM-DA_PWR-MRC-D+1_20220711100000_20220711103616.csv
2022-07-12T18:00:00Z,1.0,290.39,2022-07-12,MarketResult_SEM-DA_PWR-MRC-D+1_20220711100000_20220711103616.csv
2022-07-12T19:00:00Z,1.0,236.61,2022-07-12,MarketResult_SEM-DA_PWR-MRC-D+1_20220711100000_20220711103616.csv
2022-07-12T20:00:00Z,1.0,234.25,2022-07-12,MarketResult_SEM-DA_PWR-MRC-D+1_20220711100000_20220711103616.csv
2022-07-12T21:00:00Z,1.0,229.17,2022-07-12,MarketResult_SEM-DA_PWR-MRC-D+1_20220711100000_20220711103616.csv
2022-07-12T22:00:00Z,1.0,267.61,2022-07-13,MarketResult_SEM-DA_PWR-MRC-D+1_20220712100000_20220712103850.csv
2022-07-12T23:00:00Z,1.0,257.52,2022-07-13,MarketResult_SEM-DA_PWR-MRC-D+1_20220712100000_20220712103850.csv
2022-07-13T00:00:00Z,1.0,242.57,2022-07-13,MarketResult_SEM-DA_PWR-MRC-D+1_20220712100000_20220712103850.csv
2022-07-13T01:00:00Z,1.0,235.0,2022-07-13,MarketResult_SEM-DA_PWR-MRC-D+1_20220712100000_20220712103850.csv
2022-07-13T02:00:00Z,1.0,235.0,2022-07-13,MarketResult_SEM-DA_PWR-MRC-D+1_20220712100000_20220712103850.csv
2022-07-13T03:00:00Z,1.0,239.73,2022-07-13,MarketResult_SEM-DA_PWR-MRC-D+1_20220712100000_20220712103850.csv
2022-07-13T04:00:00Z,1.0,243.37,2022-07-13,MarketResult_SEM-DA_PWR-MRC-D+1_20220712100000_20220712103850.csv
2022-07-13T05:00:00Z,1.0,254.82,2022-07-13,MarketResult_SEM-DA_PWR-MRC-D+1_20220712100000_20220712103850.csv
2022-07-13T06:00:00Z,1.0,341.67,2022-07-13,MarketResult_SEM-DA_PWR-MRC-D+1_20220712100000_20220712103850.csv
2022-07-13T07:00:00Z,1.0,375.0,2022-07-13,MarketResult_SEM-DA_PWR-MRC-D+1_20220712100000_20220712103850.csv
2022-07-13T08:00:00Z,1.0,348.66,2022-07-13,MarketResult_SEM-DA_PWR-MRC-D+1_20220712100000_20220712103850.csv
2022-07-13T09:00:00Z,1.0,328.02,2022-07-13,MarketResult_SEM-DA_PWR-MRC-D+1_20220712100000_20220712103850.csv
2022-07-13T10:00:00Z,1.0,296.0,2022-07-13,MarketResult_SEM-DA_PWR-MRC-D+1_20220712100000_20220712103850.csv
2022-07-13T11:00:00Z,1.0,273.33,2022-07-13,MarketResult_SEM-DA_PWR-MRC-D+1_20220712100000_20220712103850.csv
2022-07-13T12:00:00Z,1.0,255.0,2022-07-13,MarketResult_SEM-DA_PWR-MRC-D+1_20220712100000_20220712103850.csv
2022-07-13T13:00:00Z,1.0,245.62,2022-07-13,MarketResult_SEM-DA_PWR-MRC-D+1_20220712100000_20220712103850.csv
2022-07-13T14:00:00Z,1.0,245.0,2022-07-13,MarketResult_SEM-DA_PWR-MRC-D+1_20220712100000_20220712103850.csv
2022-07-13T15:00:00Z,1.0,265.29,2022-07-13,MarketResult_SEM-DA_PWR-MRC-D+1_20220712100000_20220712103850.csv
2022-07-13T16:00:00Z,1.0,284.3,2022-07-13,MarketResult_SEM-DA_PWR-MRC-D+1_20220712100000_20220712103850.csv
2022-07-13T17:00:00Z,1.0,296.1,2022-07-13,MarketResult_SEM-DA_PWR-MRC-D+1_20220712100000_20220712103850.csv
2022-07-13T18:00:00Z,1.0,292.7,2022-07-13,MarketResult_SEM-DA_PWR-MRC-D+1_20220712100000_20220712103850.csv
2022-07-13T19:00:00Z,1.0,291.55,2022-07-13,MarketResult_SEM-DA_PWR-MRC-D+1_20220712100000_20220712103850.csv
2022-07-13T20:00:00Z,1.0,267.63,2022-07-13,MarketResult_SEM-DA_PWR-MRC-D+1_20220712100000_20220712103850.csv
2022-07-13T21:00:00Z,1.0,264.42,2022-07-13,MarketResult_SEM-DA_PWR-MRC-D+1_20220712100000_20220712103850.csv
2022-07-13T22:00:00Z,1.0,306.0,2022-07-14,MarketResult_SEM-DA_PWR-MRC-D+1_20220713100000_20220713103501.csv
2022-07-13T23:00:00Z,1.0,306.0,2022-07-14,MarketResult_SEM-DA_PWR-MRC-D+1_20220713100000_20220713103501.csv
2022-07-14T00:00:00Z,1.0,279.22,2022-07-14,MarketResult_SEM-DA_PWR-MRC-D+1_20220713100000_20220713103501.csv
2022-07-14T01:00:00Z,1.0,267.0,2022-07-14,MarketResult_SEM-DA_PWR-MRC-D+1_20220713100000_20220713103501.csv
2022-07-14T02:00:00Z,1.0,262.34,2022-07-14,MarketResult_SEM-DA_PWR-MRC-D+1_20220713100000_20220713103501.csv
2022-07-14T03:00:00Z,1.0,267.0,2022-07-14,MarketResult_SEM-DA_PWR-MRC-D+1_20220713100000_20220713103501.csv
2022-07-14T04:00:00Z,1.0,274.53,2022-07-14,MarketResult_SEM-DA_PWR-MRC-D+1_20220713100000_20220713103501.csv
2022-07-14T05:00:00Z,1.0,309.4,2022-07-14,MarketResult_SEM-DA_PWR-MRC-D+1_20220713100000_20220713103501.csv
2022-07-14T06:00:00Z,1.0,365.87,2022-07-14,MarketResult_SEM-DA_PWR-MRC-D+1_20220713100000_20220713103501.csv
2022-07-14T07:00:00Z,1.0,392.0,2022-07-14,MarketResult_SEM-DA_PWR-MRC-D+1_20220713100000_20220713103501.csv
2022-07-14T08:00:00Z,1.0,379.32,2022-07-14,MarketResult_SEM-DA_PWR-MRC-D+1_20220713100000_20220713103501.csv
2022-07-14T09:00:00Z,1.0,356.0,2022-07-14,MarketResult_SEM-DA_PWR-MRC-D+1_20220713100000_20220713103501.csv
2022-07-14T10:00:00Z,1.0,352.69,2022-07-14,MarketResult_SEM-DA_PWR-MRC-D+1_20220713100000_20220713103501.csv
2022-07-14T11:00:00Z,1.0,335.0,2022-07-14,MarketResult_SEM-DA_PWR-MRC-D+1_20220713100000_20220713103501.csv
2022-07-14T12:00:00Z,1.0,322.48,2022-07-14,MarketResult_SEM-DA_PWR-MRC-D+1_20220713100000_20220713103501.csv
2022-07-14T13:00:00Z,1.0,304.68,2022-07-14,MarketResult_SEM-DA_PWR-MRC-D+1_20220713100000_20220713103501.csv
2022-07-14T14:00:00Z,1.0,316.0,2022-07-14,MarketResult_SEM-DA_PWR-MRC-D+1_20220713100000_20220713103501.csv
2022-07-14T15:00:00Z,1.0,341.32,2022-07-14,MarketResult_SEM-DA_PWR-MRC-D+1_20220713100000_20220713103501.csv
2022-07-14T16:00:00Z,1.0,378.0,2022-07-14,MarketResult_SEM-DA_PWR-MRC-D+1_20220713100000_20220713103501.csv
2022-07-14T17:00:00Z,1.0,390.18,2022-07-14,MarketResult_SEM-DA_PWR-MRC-D+1_20220713100000_20220713103501.csv
2022-07-14T18:00:00Z,1.0,381.52,2022-07-14,MarketResult_SEM-DA_PWR-MRC-D+1_20220713100000_20220713103501.csv
2022-07-14T19:00:00Z,1.0,369.14,2022-07-14,MarketResult_SEM-DA_PWR-MRC-D+1_20220713100000_20220713103501.csv
2022-07-14T20:00:00Z,1.0,374.83,2022-07-14,MarketResult_SEM-DA_PWR-MRC-D+1_20220713100000_20220713103501.csv
2022-07-14T21:00:00Z,1.0,347.8,2022-07-14,MarketResult_SEM-DA_PWR-MRC-D+1_20220713100000_20220713103501.csv
2022-07-14T22:00:00Z,1.0,279.64,2022-07-15,MarketResult_SEM-DA_PWR-MRC-D+1_20220714100000_20220714103630.csv
2022-07-14T23:00:00Z,1.0,257.09,2022-07-15,MarketResult_SEM-DA_PWR-MRC-D+1_20220714100000_20220714103630.csv
2022-07-15T00:00:00Z,1.0,239.1,2022-07-15,MarketResult_SEM-DA_PWR-MRC-D+1_20220714100000_20220714103630.csv
2022-07-15T01:00:00Z,1.0,225.0,2022-07-15,MarketResult_SEM-DA_PWR-MRC-D+1_20220714100000_20220714103630.csv
2022-07-15T02:00:00Z,1.0,219.36,2022-07-15,MarketResult_SEM-DA_PWR-MRC-D+1_20220714100000_20220714103630.csv
2022-07-15T03:00:00Z,1.0,219.36,2022-07-15,MarketResult_SEM-DA_PWR-MRC-D+1_20220714100000_20220714103630.csv
2022-07-15T04:00:00Z,1.0,219.36,2022-07-15,MarketResult_SEM-DA_PWR-MRC-D+1_20220714100000_20220714103630.csv
2022-07-15T05:00:00Z,1.0,254.81,2022-07-15,MarketResult_SEM-DA_PWR-MRC-D+1_20220714100000_20220714103630.csv
2022-07-15T06:00:00Z,1.0,308.08,2022-07-15,MarketResult_SEM-DA_PWR-MRC-D+1_20220714100000_20220714103630.csv
2022-07-15T07:00:00Z,1.0,337.94,2022-07-15,MarketResult_SEM-DA_PWR-MRC-D+1_20220714100000_20220714103630.csv
2022-07-15T08:00:00Z,1.0,319.47,2022-07-15,MarketResult_SEM-DA_PWR-MRC-D+1_20220714100000_20220714103630.csv
2022-07-15T09:00:00Z,1.0,311.27,2022-07-15,MarketResult_SEM-DA_PWR-MRC-D+1_20220714100000_20220714103630.csv
2022-07-15T10:00:00Z,1.0,302.27,2022-07-15,MarketResult_SEM-DA_PWR-MRC-D+1_20220714100000_20220714103630.csv
2022-07-15T11:00:00Z,1.0,296.0,2022-07-15,MarketResult_SEM-DA_PWR-MRC-D+1_20220714100000_20220714103630.csv
2022-07-15T12:00:00Z,1.0,288.31,2022-07-15,MarketResult_SEM-DA_PWR-MRC-D+1_20220714100000_20220714103630.csv
2022-07-15T13:00:00Z,1.0,282.57,2022-07-15,MarketResult_SEM-DA_PWR-MRC-D+1_20220714100000_20220714103630.csv
2022-07-15T14:00:00Z,1.0,289.72,2022-07-15,MarketResult_SEM-DA_PWR-MRC-D+1_20220714100000_20220714103630.csv
2022-07-15T15:00:00Z,1.0,316.52,2022-07-15,MarketResult_SEM-DA_PWR-MRC-D+1_20220714100000_20220714103630.csv
2022-07-15T16:00:00Z,1.0,339.0,2022-07-15,MarketResult_SEM-DA_PWR-MRC-D+1_20220714100000_20220714103630.csv
2022-07-15T17:00:00Z,1.0,357.32,2022-07-15,MarketResult_SEM-DA_PWR-MRC-D+1_20220714100000_20220714103630.csv
2022-07-15T18:00:00Z,1.0,360.43,2022-07-15,MarketResult_SEM-DA_PWR-MRC-D+1_20220714100000_20220714103630.csv
2022-07-15T19:00:00Z,1.0,350.0,2022-07-15,MarketResult_SEM-DA_PWR-MRC-D+1_20220714100000_20220714103630.csv
2022-07-15T20:00:00Z,1.0,341.0,2022-07-15,MarketResult_SEM-DA_PWR-MRC-D+1_20220714100000_20220714103630.csv
2022-07-15T21:00:00Z,1.0,336.3,2022-07-15,MarketResult_SEM-DA_PWR-MRC-D+1_20220714100000_20220714103630.csv
2022-07-15T22:00:00Z,1.0,263.35,2022-07-16,MarketResult_SEM-DA_PWR-MRC-D+1_20220715100000_20220715103810.csv
2022-07-15T23:00:00Z,1.0,234.74,2022-07-16,MarketResult_SEM-DA_PWR-MRC-D+1_20220715100000_20220715103810.csv
2022-07-16T00:00:00Z,1.0,227.54,2022-07-16,MarketResult_SEM-DA_PWR-MRC-D+1_20220715100000_20220715103810.csv
2022-07-16T01:00:00Z,1.0,222.28,2022-07-16,MarketResult_SEM-DA_PWR-MRC-D+1_20220715100000_20220715103810.csv
2022-07-16T02:00:00Z,1.0,214.0,2022-07-16,MarketResult_SEM-DA_PWR-MRC-D+1_20220715100000_20220715103810.csv
2022-07-16T03:00:00Z,1.0,210.0,2022-07-16,MarketResult_SEM-DA_PWR-MRC-D+1_20220715100000_20220715103810.csv
2022-07-16T04:00:00Z,1.0,197.63,2022-07-16,MarketResult_SEM-DA_PWR-MRC-D+1_20220715100000_20220715103810.csv
2022-07-16T05:00:00Z,1.0,204.28,2022-07-16,MarketResult_SEM-DA_PWR-MRC-D+1_20220715100000_20220715103810.csv
2022-07-16T06:00:00Z,1.0,214.2,2022-07-16,MarketResult_SEM-DA_PWR-MRC-D+1_20220715100000_20220715103810.csv
2022-07-16T07:00:00Z,1.0,237.02,2022-07-16,MarketResult_SEM-DA_PWR-MRC-D+1_20220715100000_20220715103810.csv
2022-07-16T08:00:00Z,1.0,250.04,2022-07-16,MarketResult_SEM-DA_PWR-MRC-D+1_20220715100000_20220715103810.csv
2022-07-16T09:00:00Z,1.0,250.31,2022-07-16,MarketResult_SEM-DA_PWR-MRC-D+1_20220715100000_20220715103810.csv
2022-07-16T10:00:00Z,1.0,245.0,2022-07-16,MarketResult_SEM-DA_PWR-MRC-D+1_20220715100000_20220715103810.csv
2022-07-16T11:00:00Z,1.0,229.14,2022-07-16,MarketResult_SEM-DA_PWR-MRC-D+1_20220715100000_20220715103810.csv
2022-07-16T12:00:00Z,1.0,209.7,2022-07-16,MarketResult_SEM-DA_PWR-MRC-D+1_20220715100000_20220715103810.csv
2022-07-16T13:00:00Z,1.0,205.76,2022-07-16,MarketResult_SEM-DA_PWR-MRC-D+1_20220715100000_20220715103810.csv
2022-07-16T14:00:00Z,1.0,205.13,2022-07-16,MarketResult_SEM-DA_PWR-MRC-D+1_20220715100000_20220715103810.csv
2022-07-16T15:00:00Z,1.0,212.99,2022-07-16,MarketResult_SEM-DA_PWR-MRC-D+1_20220715100000_20220715103810.csv
2022-07-16T16:00:00Z,1.0,251.14,2022-07-16,MarketResult_SEM-DA_PWR-MRC-D+1_20220715100000_20220715103810.csv
2022-07-16T17:00:00Z,1.0,293.02,2022-07-16,MarketResult_SEM-DA_PWR-MRC-D+1_20220715100000_20220715103810.csv
2022-07-16T18:00:00Z,1.0,301.0,2022-07-16,MarketResult_SEM-DA_PWR-MRC-D+1_20220715100000_20220715103810.csv
2022-07-16T19:00:00Z,1.0,289.94,2022-07-16,MarketResult_SEM-DA_PWR-MRC-D+1_20220715100000_20220715103810.csv
2022-07-16T20:00:00Z,1.0,275.0,2022-07-16,MarketResult_SEM-DA_PWR-MRC-D+1_20220715100000_20220715103810.csv
2022-07-16T21:00:00Z,1.0,243.28,2022-07-16,MarketResult_SEM-DA_PWR-MRC-D+1_20220715100000_20220715103810.csv
2022-07-16T22:00:00Z,1.0,219.0,2022-07-17,MarketResult_SEM-DA_PWR-MRC-D+1_20220716100000_20220716103547.csv
2022-07-16T23:00:00Z,1.0,205.73,2022-07-17,MarketResult_SEM-DA_PWR-MRC-D+1_20220716100000_20220716103547.csv
2022-07-17T00:00:00Z,1.0,205.23,2022-07-17,MarketResult_SEM-DA_PWR-MRC-D+1_20220716100000_20220716103547.csv
2022-07-17T01:00:00Z,1.0,200.98,2022-07-17,MarketResult_SEM-DA_PWR-MRC-D+1_20220716100000_20220716103547.csv
2022-07-17T02:00:00Z,1.0,201.48,2022-07-17,MarketResult_SEM-DA_PWR-MRC-D+1_20220716100000_20220716103547.csv
2022-07-17T03:00:00Z,1.0,201.34,2022-07-17,MarketResult_SEM-DA_PWR-MRC-D+1_20220716100000_20220716103547.csv
2022-07-17T04:00:00Z,1.0,194.64,2022-07-17,MarketResult_SEM-DA_PWR-MRC-D+1_20220716100000_20220716103547.csv
2022-07-17T05:00:00Z,1.0,194.59,2022-07-17,MarketResult_SEM-DA_PWR-MRC-D+1_20220716100000_20220716103547.csv
2022-07-17T06:00:00Z,1.0,207.41,2022-07-17,MarketResult_SEM-DA_PWR-MRC-D+1_20220716100000_20220716103547.csv
2022-07-17T07:00:00Z,1.0,196.84,2022-07-17,MarketResult_SEM-DA_PWR-MRC-D+1_20220716100000_20220716103547.csv
2022-07-17T08:00:00Z,1.0,208.96,2022-07-17,MarketResult_SEM-DA_PWR-MRC-D+1_20220716100000_20220716103547.csv
2022-07-17T09:00:00Z,1.0,210.78,2022-07-17,MarketResult_SEM-DA_PWR-MRC-D+1_20220716100000_20220716103547.csv
2022-07-17T10:00:00Z,1.0,208.72,2022-07-17,MarketResult_SEM-DA_PWR-MRC-D+1_20220716100000_20220716103547.csv
2022-07-17T11:00:00Z,1.0,209.18,2022-07-17,MarketResult_SEM-DA_PWR-MRC-D+1_20220716100000_20220716103547.csv
2022-07-17T12:00:00Z,1.0,201.41,2022-07-17,MarketResult_SEM-DA_PWR-MRC-D+1_20220716100000_20220716103547.csv
2022-07-17T13:00:00Z,1.0,192.79,2022-07-17,MarketResult_SEM-DA_PWR-MRC-D+1_20220716100000_20220716103547.csv
2022-07-17T14:00:00Z,1.0,181.21,2022-07-17,MarketResult_SEM-DA_PWR-MRC-D+1_20220716100000_20220716103547.csv
2022-07-17T15:00:00Z,1.0,206.32,2022-07-17,MarketResult_SEM-DA_PWR-MRC-D+1_20220716100000_20220716103547.csv
2022-07-17T16:00:00Z,1.0,265.55,2022-07-17,MarketResult_SEM-DA_PWR-MRC-D+1_20220716100000_20220716103547.csv
2022-07-17T17:00:00Z,1.0,298.4,2022-07-17,MarketResult_SEM-DA_PWR-MRC-D+1_20220716100000_20220716103547.csv
2022-07-17T18:00:00Z,1.0,300.0,2022-07-17,MarketResult_SEM-DA_PWR-MRC-D+1_20220716100000_20220716103547.csv
2022-07-17T19:00:00Z,1.0,293.17,2022-07-17,MarketResult_SEM-DA_PWR-MRC-D+1_20220716100000_20220716103547.csv
2022-07-17T20:00:00Z,1.0,307.0,2022-07-17,MarketResult_SEM-DA_PWR-MRC-D+1_20220716100000_20220716103547.csv
2022-07-17T21:00:00Z,1.0,271.0,2022-07-17,MarketResult_SEM-DA_PWR-MRC-D+1_20220716100000_20220716103547.csv
2022-07-17T22:00:00Z,1.0,203.1,2022-07-18,MarketResult_SEM-DA_PWR-MRC-D+1_20220717100000_20220717103655.csv
2022-07-17T23:00:00Z,1.0,203.1,2022-07-18,MarketResult_SEM-DA_PWR-MRC-D+1_20220717100000_20220717103655.csv
2022-07-18T00:00:00Z,1.0,190.0,2022-07-18,MarketResult_SEM-DA_PWR-MRC-D+1_20220717100000_20220717103655.csv
2022-07-18T01:00:00Z,1.0,185.98,2022-07-18,MarketResult_SEM-DA_PWR-MRC-D+1_20220717100000_20220717103655.csv
2022-07-18T02:00:00Z,1.0,185.0,2022-07-18,MarketResult_SEM-DA_PWR-MRC-D+1_20220717100000_20220717103655.csv
2022-07-18T03:00:00Z,1.0,187.6,2022-07-18,MarketResult_SEM-DA_PWR-MRC-D+1_20220717100000_20220717103655.csv
2022-07-18T04:00:00Z,1.0,192.2,2022-07-18,MarketResult_SEM-DA_PWR-MRC-D+1_20220717100000_20220717103655.csv
2022-07-18T05:00:00Z,1.0,202.82,2022-07-18,MarketResult_SEM-DA_PWR-MRC-D+1_20220717100000_20220717103655.csv
2022-07-18T06:00:00Z,1.0,265.0,2022-07-18,MarketResult_SEM-DA_PWR-MRC-D+1_20220717100000_20220717103655.csv
2022-07-18T07:00:00Z,1.0,413.34,2022-07-18,MarketResult_SEM-DA_PWR-MRC-D+1_20220717100000_20220717103655.csv
2022-07-18T08:00:00Z,1.0,437.94,2022-07-18,MarketResult_SEM-DA_PWR-MRC-D+1_20220717100000_20220717103655.csv
2022-07-18T09:00:00Z,1.0,429.2,2022-07-18,MarketResult_SEM-DA_PWR-MRC-D+1_20220717100000_20220717103655.csv
2022-07-18T10:00:00Z,1.0,417.31,2022-07-18,MarketResult_SEM-DA_PWR-MRC-D+1_20220717100000_20220717103655.csv
2022-07-18T11:00:00Z,1.0,419.0,2022-07-18,MarketResult_SEM-DA_PWR-MRC-D+1_20220717100000_20220717103655.csv
2022-07-18T12:00:00Z,1.0,375.0,2022-07-18,MarketResult_SEM-DA_PWR-MRC-D+1_20220717100000_20220717103655.csv
2022-07-18T13:00:00Z,1.0,350.0,2022-07-18,MarketResult_SEM-DA_PWR-MRC-D+1_20220717100000_20220717103655.csv
2022-07-18T14:00:00Z,1.0,373.24,2022-07-18,MarketResult_SEM-DA_PWR-MRC-D+1_20220717100000_20220717103655.csv
2022-07-18T15:00:00Z,1.0,451.0,2022-07-18,MarketResult_SEM-DA_PWR-MRC-D+1_20220717100000_20220717103655.csv
2022-07-18T16:00:00Z,1.0,400.0,2022-07-18,MarketResult_SEM-DA_PWR-MRC-D+1_20220717100000_20220717103655.csv
2022-07-18T17:00:00Z,1.0,410.0,2022-07-18,MarketResult_SEM-DA_PWR-MRC-D+1_20220717100000_20220717103655.csv
2022-07-18T18:00:00Z,1.0,350.99,2022-07-18,MarketResult_SEM-DA_PWR-MRC-D+1_20220717100000_20220717103655.csv
2022-07-18T19:00:00Z,1.0,300.0,2022-07-18,MarketResult_SEM-DA_PWR-MRC-D+1_20220717100000_20220717103655.csv
2022-07-18T20:00:00Z,1.0,275.0,2022-07-18,MarketResult_SEM-DA_PWR-MRC-D+1_20220717100000_20220717103655.csv
2022-07-18T21:00:00Z,1.0,265.0,2022-07-18,MarketResult_SEM-DA_PWR-MRC-D+1_20220717100000_20220717103655.csv
2022-07-18T22:00:00Z,1.0,227.59,2022-07-19,MarketResult_SEM-DA_PWR-MRC-D+1_20220718100000_20220718103531.csv
2022-07-18T23:00:00Z,1.0,214.0,2022-07-19,MarketResult_SEM-DA_PWR-MRC-D+1_20220718100000_20220718103531.csv
2022-07-19T00:00:00Z,1.0,196.72,2022-07-19,MarketResult_SEM-DA_PWR-MRC-D+1_20220718100000_20220718103531.csv
2022-07-19T01:00:00Z,1.0,187.0,2022-07-19,MarketResult_SEM-DA_PWR-MRC-D+1_20220718100000_20220718103531.csv
2022-07-19T02:00:00Z,1.0,186.86,2022-07-19,MarketResult_SEM-DA_PWR-MRC-D+1_20220718100000_20220718103531.csv
2022-07-19T03:00:00Z,1.0,187.36,2022-07-19,MarketResult_SEM-DA_PWR-MRC-D+1_20220718100000_20220718103531.csv
2022-07-19T04:00:00Z,1.0,179.0,2022-07-19,MarketResult_SEM-DA_PWR-MRC-D+1_20220718100000_20220718103531.csv
2022-07-19T05:00:00Z,1.0,204.8,2022-07-19,MarketResult_SEM-DA_PWR-MRC-D+1_20220718100000_20220718103531.csv
2022-07-19T06:00:00Z,1.0,247.6,2022-07-19,MarketResult_SEM-DA_PWR-MRC-D+1_20220718100000_20220718103531.csv
2022-07-19T07:00:00Z,1.0,312.94,2022-07-19,MarketResult_SEM-DA_PWR-MRC-D+1_20220718100000_20220718103531.csv
2022-07-19T08:00:00Z,1.0,312.94,2022-07-19,MarketResult_SEM-DA_PWR-MRC-D+1_20220718100000_20220718103531.csv
2022-07-19T09:00:00Z,1.0,303.1,2022-07-19,MarketResult_SEM-DA_PWR-MRC-D+1_20220718100000_20220718103531.csv
2022-07-19T10:00:00Z,1.0,275.0,2022-07-19,MarketResult_SEM-DA_PWR-MRC-D+1_20220718100000_20220718103531.csv
2022-07-19T11:00:00Z,1.0,259.38,2022-07-19,MarketResult_SEM-DA_PWR-MRC-D+1_20220718100000_20220718103531.csv
2022-07-19T12:00:00Z,1.0,235.64,2022-07-19,MarketResult_SEM-DA_PWR-MRC-D+1_20220718100000_20220718103531.csv
2022-07-19T13:00:00Z,1.0,228.83,2022-07-19,MarketResult_SEM-DA_PWR-MRC-D+1_20220718100000_20220718103531.csv
2022-07-19T14:00:00Z,1.0,228.76,2022-07-19,MarketResult_SEM-DA_PWR-MRC-D+1_20220718100000_20220718103531.csv
2022-07-19T15:00:00Z,1.0,236.68,2022-07-19,MarketResult_SEM-DA_PWR-MRC-D+1_20220718100000_20220718103531.csv
2022-07-19T16:00:00Z,1.0,235.78,2022-07-19,MarketResult_SEM-DA_PWR-MRC-D+1_20220718100000_20220718103531.csv
2022-07-19T17:00:00Z,1.0,233.89,2022-07-19,MarketResult_SEM-DA_PWR-MRC-D+1_20220718100000_20220718103531.csv
2022-07-19T18:00:00Z,1.0,225.0,2022-07-19,MarketResult_SEM-DA_PWR-MRC-D+1_20220718100000_20220718103531.csv
2022-07-19T19:00:00Z,1.0,206.08,2022-07-19,MarketResult_SEM-DA_PWR-MRC-D+1_20220718100000_20220718103531.csv
2022-07-19T20:00:00Z,1.0,187.64,2022-07-19,MarketResult_SEM-DA_PWR-MRC-D+1_20220718100000_20220718103531.csv
2022-07-19T21:00:00Z,1.0,180.87,2022-07-19,MarketResult_SEM-DA_PWR-MRC-D+1_20220718100000_20220718103531.csv
2022-07-19T22:00:00Z,1.0,181.62,2022-07-20,MarketResult_SEM-DA_PWR-MRC-D+1_20220719100000_20220719115850.csv
2022-07-19T23:00:00Z,1.0,186.03,2022-07-20,MarketResult_SEM-DA_PWR-MRC-D+1_20220719100000_20220719115850.csv
2022-07-20T00:00:00Z,1.0,173.0,2022-07-20,MarketResult_SEM-DA_PWR-MRC-D+1_20220719100000_20220719115850.csv
2022-07-20T01:00:00Z,1.0,173.26,2022-07-20,MarketResult_SEM-DA_PWR-MRC-D+1_20220719100000_20220719115850.csv
2022-07-20T02:00:00Z,1.0,173.26,2022-07-20,MarketResult_SEM-DA_PWR-MRC-D+1_20220719100000_20220719115850.csv
2022-07-20T03:00:00Z,1.0,173.0,2022-07-20,MarketResult_SEM-DA_PWR-MRC-D+1_20220719100000_20220719115850.csv
2022-07-20T04:00:00Z,1.0,176.83,2022-07-20,MarketResult_SEM-DA_PWR-MRC-D+1_20220719100000_20220719115850.csv
2022-07-20T05:00:00Z,1.0,180.21,2022-07-20,MarketResult_SEM-DA_PWR-MRC-D+1_20220719100000_20220719115850.csv
2022-07-20T06:00:00Z,1.0,225.0,2022-07-20,MarketResult_SEM-DA_PWR-MRC-D+1_20220719100000_20220719115850.csv
2022-07-20T07:00:00Z,1.0,260.0,2022-07-20,MarketResult_SEM-DA_PWR-MRC-D+1_20220719100000_20220719115850.csv
2022-07-20T08:00:00Z,1.0,255.0,2022-07-20,MarketResult_SEM-DA_PWR-MRC-D+1_20220719100000_20220719115850.csv
2022-07-20T09:00:00Z,1.0,260.0,2022-07-20,MarketResult_SEM-DA_PWR-MRC-D+1_20220719100000_20220719115850.csv
2022-07-20T10:00:00Z,1.0,251.24,2022-07-20,MarketResult_SEM-DA_PWR-MRC-D+1_20220719100000_20220719115850.csv
2022-07-20T11:00:00Z,1.0,244.29,2022-07-20,MarketResult_SEM-DA_PWR-MRC-D+1_20220719100000_20220719115850.csv
2022-07-20T12:00:00Z,1.0,228.8,2022-07-20,MarketResult_SEM-DA_PWR-MRC-D+1_20220719100000_20220719115850.csv
2022-07-20T13:00:00Z,1.0,232.94,2022-07-20,MarketResult_SEM-DA_PWR-MRC-D+1_20220719100000_20220719115850.csv
2022-07-20T14:00:00Z,1.0,244.0,2022-07-20,MarketResult_SEM-DA_PWR-MRC-D+1_20220719100000_20220719115850.csv
2022-07-20T15:00:00Z,1.0,264.35,2022-07-20,MarketResult_SEM-DA_PWR-MRC-D+1_20220719100000_20220719115850.csv
2022-07-20T16:00:00Z,1.0,295.03,2022-07-20,MarketResult_SEM-DA_PWR-MRC-D+1_20220719100000_20220719115850.csv
2022-07-20T17:00:00Z,1.0,295.04,2022-07-20,MarketResult_SEM-DA_PWR-MRC-D+1_20220719100000_20220719115850.csv
2022-07-20T18:00:00Z,1.0,273.7,2022-07-20,MarketResult_SEM-DA_PWR-MRC-D+1_20220719100000_20220719115850.csv
2022-07-20T19:00:00Z,1.0,253.23,2022-07-20,MarketResult_SEM-DA_PWR-MRC-D+1_20220719100000_20220719115850.csv
2022-07-20T20:00:00Z,1.0,240.0,2022-07-20,MarketResult_SEM-DA_PWR-MRC-D+1_20220719100000_20220719115850.csv
2022-07-20T21:00:00Z,1.0,224.9,2022-07-20,MarketResult_SEM-DA_PWR-MRC-D+1_20220719100000_20220719115850.csv
2022-07-20T22:00:00Z,1.0,222.21,2022-07-21,MarketResult_SEM-DA_PWR-MRC-D+1_20220720100000_20220720103523.csv
2022-07-20T23:00:00Z,1.0,208.36,2022-07-21,MarketResult_SEM-DA_PWR-MRC-D+1_20220720100000_20220720103523.csv
2022-07-21T00:00:00Z,1.0,201.43,2022-07-21,MarketResult_SEM-DA_PWR-MRC-D+1_20220720100000_20220720103523.csv
2022-07-21T01:00:00Z,1.0,198.33,2022-07-21,MarketResult_SEM-DA_PWR-MRC-D+1_20220720100000_20220720103523.csv
2022-07-21T02:00:00Z,1.0,196.44,2022-07-21,MarketResult_SEM-DA_PWR-MRC-D+1_20220720100000_20220720103523.csv
2022-07-21T03:00:00Z,1.0,197.36,2022-07-21,MarketResult_SEM-DA_PWR-MRC-D+1_20220720100000_20220720103523.csv
2022-07-21T04:00:00Z,1.0,200.6,2022-07-21,MarketResult_SEM-DA_PWR-MRC-D+1_20220720100000_20220720103523.csv
2022-07-21T05:00:00Z,1.0,242.02,2022-07-21,MarketResult_SEM-DA_PWR-MRC-D+1_20220720100000_20220720103523.csv
2022-07-21T06:00:00Z,1.0,300.0,2022-07-21,MarketResult_SEM-DA_PWR-MRC-D+1_20220720100000_20220720103523.csv
2022-07-21T07:00:00Z,1.0,378.92,2022-07-21,MarketResult_SEM-DA_PWR-MRC-D+1_20220720100000_20220720103523.csv
2022-07-21T08:00:00Z,1.0,378.0,2022-07-21,MarketResult_SEM-DA_PWR-MRC-D+1_20220720100000_20220720103523.csv
2022-07-21T09:00:00Z,1.0,364.0,2022-07-21,MarketResult_SEM-DA_PWR-MRC-D+1_20220720100000_20220720103523.csv
2022-07-21T10:00:00Z,1.0,375.94,2022-07-21,MarketResult_SEM-DA_PWR-MRC-D+1_20220720100000_20220720103523.csv
2022-07-21T11:00:00Z,1.0,381.04,2022-07-21,MarketResult_SEM-DA_PWR-MRC-D+1_20220720100000_20220720103523.csv
2022-07-21T12:00:00Z,1.0,379.49,2022-07-21,MarketResult_SEM-DA_PWR-MRC-D+1_20220720100000_20220720103523.csv
2022-07-21T13:00:00Z,1.0,370.5,2022-07-21,MarketResult_SEM-DA_PWR-MRC-D+1_20220720100000_20220720103523.csv
2022-07-21T14:00:00Z,1.0,370.08,2022-07-21,MarketResult_SEM-DA_PWR-MRC-D+1_20220720100000_20220720103523.csv
2022-07-21T15:00:00Z,1.0,432.01,2022-07-21,MarketResult_SEM-DA_PWR-MRC-D+1_20220720100000_20220720103523.csv
2022-07-21T16:00:00Z,1.0,431.0,2022-07-21,MarketResult_SEM-DA_PWR-MRC-D+1_20220720100000_20220720103523.csv
2022-07-21T17:00:00Z,1.0,472.92,2022-07-21,MarketResult_SEM-DA_PWR-MRC-D+1_20220720100000_20220720103523.csv
2022-07-21T18:00:00Z,1.0,422.0,2022-07-21,MarketResult_SEM-DA_PWR-MRC-D+1_20220720100000_20220720103523.csv
2022-07-21T19:00:00Z,1.0,354.0,2022-07-21,MarketResult_SEM-DA_PWR-MRC-D+1_20220720100000_20220720103523.csv
2022-07-21T20:00:00Z,1.0,360.06,2022-07-21,MarketResult_SEM-DA_PWR-MRC-D+1_20220720100000_20220720103523.csv
2022-07-21T21:00:00Z,1.0,305.0,2022-07-21,MarketResult_SEM-DA_PWR-MRC-D+1_20220720100000_20220720103523.csv
2022-07-21T22:00:00Z,1.0,255.0,2022-07-22,MarketResult_SEM-DA_PWR-MRC-D+1_20220721100000_20220721103523.csv
2022-07-21T23:00:00Z,1.0,230.06,2022-07-22,MarketResult_SEM-DA_PWR-MRC-D+1_20220721100000_20220721103523.csv
2022-07-22T00:00:00Z,1.0,223.2,2022-07-22,MarketResult_SEM-DA_PWR-MRC-D+1_20220721100000_20220721103523.csv
2022-07-22T01:00:00Z,1.0,223.18,2022-07-22,MarketResult_SEM-DA_PWR-MRC-D+1_20220721100000_20220721103523.csv
2022-07-22T02:00:00Z,1.0,223.19,2022-07-22,MarketResult_SEM-DA_PWR-MRC-D+1_20220721100000_20220721103523.csv
2022-07-22T03:00:00Z,1.0,223.17,2022-07-22,MarketResult_SEM-DA_PWR-MRC-D+1_20220721100000_20220721103523.csv
2022-07-22T04:00:00Z,1.0,223.17,2022-07-22,MarketResult_SEM-DA_PWR-MRC-D+1_20220721100000_20220721103523.csv
2022-07-22T05:00:00Z,1.0,250.0,2022-07-22,MarketResult_SEM-DA_PWR-MRC-D+1_20220721100000_20220721103523.csv
2022-07-22T06:00:00Z,1.0,309.0,2022-07-22,MarketResult_SEM-DA_PWR-MRC-D+1_20220721100000_20220721103523.csv
2022-07-22T07:00:00Z,1.0,378.65,2022-07-22,MarketResult_SEM-DA_PWR-MRC-D+1_20220721100000_20220721103523.csv
2022-07-22T08:00:00Z,1.0,350.1,2022-07-22,MarketResult_SEM-DA_PWR-MRC-D+1_20220721100000_20220721103523.csv
2022-07-22T09:00:00Z,1.0,347.16,2022-07-22,MarketResult_SEM-DA_PWR-MRC-D+1_20220721100000_20220721103523.csv
2022-07-22T10:00:00Z,1.0,343.0,2022-07-22,MarketResult_SEM-DA_PWR-MRC-D+1_20220721100000_20220721103523.csv
2022-07-22T11:00:00Z,1.0,338.12,2022-07-22,MarketResult_SEM-DA_PWR-MRC-D+1_20220721100000_20220721103523.csv
2022-07-22T12:00:00Z,1.0,327.0,2022-07-22,MarketResult_SEM-DA_PWR-MRC-D+1_20220721100000_20220721103523.csv
2022-07-22T13:00:00Z,1.0,317.0,2022-07-22,MarketResult_SEM-DA_PWR-MRC-D+1_20220721100000_20220721103523.csv
2022-07-22T14:00:00Z,1.0,320.5,2022-07-22,MarketResult_SEM-DA_PWR-MRC-D+1_20220721100000_20220721103523.csv
2022-07-22T15:00:00Z,1.0,345.84,2022-07-22,MarketResult_SEM-DA_PWR-MRC-D+1_20220721100000_20220721103523.csv
2022-07-22T16:00:00Z,1.0,350.0,2022-07-22,MarketResult_SEM-DA_PWR-MRC-D+1_20220721100000_20220721103523.csv
2022-07-22T17:00:00Z,1.0,348.21,2022-07-22,MarketResult_SEM-DA_PWR-MRC-D+1_20220721100000_20220721103523.csv
2022-07-22T18:00:00Z,1.0,337.99,2022-07-22,MarketResult_SEM-DA_PWR-MRC-D+1_20220721100000_20220721103523.csv
2022-07-22T19:00:00Z,1.0,298.08,2022-07-22,MarketResult_SEM-DA_PWR-MRC-D+1_20220721100000_20220721103523.csv
2022-07-22T20:00:00Z,1.0,336.0,2022-07-22,MarketResult_SEM-DA_PWR-MRC-D+1_20220721100000_20220721103523.csv
2022-07-22T21:00:00Z,1.0,275.33,2022-07-22,MarketResult_SEM-DA_PWR-MRC-D+1_20220721100000_20220721103523.csv
2022-07-22T22:00:00Z,1.0,332.83,2022-07-23,MarketResult_SEM-DA_PWR-MRC-D+1_20220722100000_20220722103423.csv
2022-07-22T23:00:00Z,1.0,288.03,2022-07-23,MarketResult_SEM-DA_PWR-MRC-D+1_20220722100000_20220722103423.csv
2022-07-23T00:00:00Z,1.0,282.5,2022-07-23,MarketResult_SEM-DA_PWR-MRC-D+1_20220722100000_20220722103423.csv
2022-07-23T01:00:00Z,1.0,273.45,2022-07-23,MarketResult_SEM-DA_PWR-MRC-D+1_20220722100000_20220722103423.csv
2022-07-23T02:00:00Z,1.0,245.07,2022-07-23,MarketResult_SEM-DA_PWR-MRC-D+1_20220722100000_20220722103423.csv
2022-07-23T03:00:00Z,1.0,236.5,2022-07-23,MarketResult_SEM-DA_PWR-MRC-D+1_20220722100000_20220722103423.csv
2022-07-23T04:00:00Z,1.0,213.21,2022-07-23,MarketResult_SEM-DA_PWR-MRC-D+1_20220722100000_20220722103423.csv
2022-07-23T05:00:00Z,1.0,220.0,2022-07-23,MarketResult_SEM-DA_PWR-MRC-D+1_20220722100000_20220722103423.csv
2022-07-23T06:00:00Z,1.0,260.0,2022-07-23,MarketResult_SEM-DA_PWR-MRC-D+1_20220722100000_20220722103423.csv
2022-07-23T07:00:00Z,1.0,278.26,2022-07-23,MarketResult_SEM-DA_PWR-MRC-D+1_20220722100000_20220722103423.csv
2022-07-23T08:00:00Z,1.0,284.38,2022-07-23,MarketResult_SEM-DA_PWR-MRC-D+1_20220722100000_20220722103423.csv
2022-07-23T09:00:00Z,1.0,280.0,2022-07-23,MarketResult_SEM-DA_PWR-MRC-D+1_20220722100000_20220722103423.csv
2022-07-23T10:00:00Z,1.0,262.41,2022-07-23,MarketResult_SEM-DA_PWR-MRC-D+1_20220722100000_20220722103423.csv
2022-07-23T11:00:00Z,1.0,253.07,2022-07-23,MarketResult_SEM-DA_PWR-MRC-D+1_20220722100000_20220722103423.csv
2022-07-23T12:00:00Z,1.0,229.34,2022-07-23,MarketResult_SEM-DA_PWR-MRC-D+1_20220722100000_20220722103423.csv
2022-07-23T13:00:00Z,1.0,216.3,2022-07-23,MarketResult_SEM-DA_PWR-MRC-D+1_20220722100000_20220722103423.csv
2022-07-23T14:00:00Z,1.0,216.4,2022-07-23,MarketResult_SEM-DA_PWR-MRC-D+1_20220722100000_20220722103423.csv
2022-07-23T15:00:00Z,1.0,246.04,2022-07-23,MarketResult_SEM-DA_PWR-MRC-D+1_20220722100000_20220722103423.csv
2022-07-23T16:00:00Z,1.0,291.66,2022-07-23,MarketResult_SEM-DA_PWR-MRC-D+1_20220722100000_20220722103423.csv
2022-07-23T17:00:00Z,1.0,292.05,2022-07-23,MarketResult_SEM-DA_PWR-MRC-D+1_20220722100000_20220722103423.csv
2022-07-23T18:00:00Z,1.0,273.45,2022-07-23,MarketResult_SEM-DA_PWR-MRC-D+1_20220722100000_20220722103423.csv
2022-07-23T19:00:00Z,1.0,256.97,2022-07-23,MarketResult_SEM-DA_PWR-MRC-D+1_20220722100000_20220722103423.csv
2022-07-23T20:00:00Z,1.0,242.07,2022-07-23,MarketResult_SEM-DA_PWR-MRC-D+1_20220722100000_20220722103423.csv
2022-07-23T21:00:00Z,1.0,224.06,2022-07-23,MarketResult_SEM-DA_PWR-MRC-D+1_20220722100000_20220722103423.csv
2022-07-23T22:00:00Z,1.0,295.77,2022-07-24,MarketResult_SEM-DA_PWR-MRC-D+1_20220723100000_20220723103636.csv
2022-07-23T23:00:00Z,1.0,259.59,2022-07-24,MarketResult_SEM-DA_PWR-MRC-D+1_20220723100000_20220723103636.csv
2022-07-24T00:00:00Z,1.0,234.29,2022-07-24,MarketResult_SEM-DA_PWR-MRC-D+1_20220723100000_20220723103636.csv
2022-07-24T01:00:00Z,1.0,225.33,2022-07-24,MarketResult_SEM-DA_PWR-MRC-D+1_20220723100000_20220723103636.csv
2022-07-24T02:00:00Z,1.0,213.68,2022-07-24,MarketResult_SEM-DA_PWR-MRC-D+1_20220723100000_20220723103636.csv
2022-07-24T03:00:00Z,1.0,208.98,2022-07-24,MarketResult_SEM-DA_PWR-MRC-D+1_20220723100000_20220723103636.csv
2022-07-24T04:00:00Z,1.0,208.98,2022-07-24,MarketResult_SEM-DA_PWR-MRC-D+1_20220723100000_20220723103636.csv
2022-07-24T05:00:00Z,1.0,203.0,2022-07-24,MarketResult_SEM-DA_PWR-MRC-D+1_20220723100000_20220723103636.csv
2022-07-24T06:00:00Z,1.0,215.18,2022-07-24,MarketResult_SEM-DA_PWR-MRC-D+1_20220723100000_20220723103636.csv
2022-07-24T07:00:00Z,1.0,216.4,2022-07-24,MarketResult_SEM-DA_PWR-MRC-D+1_20220723100000_20220723103636.csv
2022-07-24T08:00:00Z,1.0,213.13,2022-07-24,MarketResult_SEM-DA_PWR-MRC-D+1_20220723100000_20220723103636.csv
2022-07-24T09:00:00Z,1.0,226.0,2022-07-24,MarketResult_SEM-DA_PWR-MRC-D+1_20220723100000_20220723103636.csv
2022-07-24T10:00:00Z,1.0,227.13,2022-07-24,MarketResult_SEM-DA_PWR-MRC-D+1_20220723100000_20220723103636.csv
2022-07-24T11:00:00Z,1.0,227.13,2022-07-24,MarketResult_SEM-DA_PWR-MRC-D+1_20220723100000_20220723103636.csv
2022-07-24T12:00:00Z,1.0,215.0,2022-07-24,MarketResult_SEM-DA_PWR-MRC-D+1_20220723100000_20220723103636.csv
2022-07-24T13:00:00Z,1.0,210.0,2022-07-24,MarketResult_SEM-DA_PWR-MRC-D+1_20220723100000_20220723103636.csv
2022-07-24T14:00:00Z,1.0,208.7,2022-07-24,MarketResult_SEM-DA_PWR-MRC-D+1_20220723100000_20220723103636.csv
2022-07-24T15:00:00Z,1.0,267.51,2022-07-24,MarketResult_SEM-DA_PWR-MRC-D+1_20220723100000_20220723103636.csv
2022-07-24T16:00:00Z,1.0,319.0,2022-07-24,MarketResult_SEM-DA_PWR-MRC-D+1_20220723100000_20220723103636.csv
2022-07-24T17:00:00Z,1.0,360.78,2022-07-24,MarketResult_SEM-DA_PWR-MRC-D+1_20220723100000_20220723103636.csv
2022-07-24T18:00:00Z,1.0,358.8,2022-07-24,MarketResult_SEM-DA_PWR-MRC-D+1_20220723100000_20220723103636.csv
2022-07-24T19:00:00Z,1.0,362.34,2022-07-24,MarketResult_SEM-DA_PWR-MRC-D+1_20220723100000_20220723103636.csv
2022-07-24T20:00:00Z,1.0,359.96,2022-07-24,MarketResult_SEM-DA_PWR-MRC-D+1_20220723100000_20220723103636.csv
2022-07-24T21:00:00Z,1.0,414.0,2022-07-24,MarketResult_SEM-DA_PWR-MRC-D+1_20220723100000_20220723103636.csv
2022-07-24T22:00:00Z,1.0,372.97,2022-07-25,MarketResult_SEM-DA_PWR-MRC-D+1_20220724100000_20220724103809.csv
2022-07-24T23:00:00Z,1.0,315.0,2022-07-25,MarketResult_SEM-DA_PWR-MRC-D+1_20220724100000_20220724103809.csv
2022-07-25T00:00:00Z,1.0,272.57,2022-07-25,MarketResult_SEM-DA_PWR-MRC-D+1_20220724100000_20220724103809.csv
2022-07-25T01:00:00Z,1.0,256.53,2022-07-25,MarketResult_SEM-DA_PWR-MRC-D+1_20220724100000_20220724103809.csv
2022-07-25T02:00:00Z,1.0,243.21,2022-07-25,MarketResult_SEM-DA_PWR-MRC-D+1_20220724100000_20220724103809.csv
2022-07-25T03:00:00Z,1.0,234.29,2022-07-25,MarketResult_SEM-DA_PWR-MRC-D+1_20220724100000_20220724103809.csv
2022-07-25T04:00:00Z,1.0,222.87,2022-07-25,MarketResult_SEM-DA_PWR-MRC-D+1_20220724100000_20220724103809.csv
2022-07-25T05:00:00Z,1.0,245.0,2022-07-25,MarketResult_SEM-DA_PWR-MRC-D+1_20220724100000_20220724103809.csv
2022-07-25T06:00:00Z,1.0,270.0,2022-07-25,MarketResult_SEM-DA_PWR-MRC-D+1_20220724100000_20220724103809.csv
2022-07-25T07:00:00Z,1.0,290.0,2022-07-25,MarketResult_SEM-DA_PWR-MRC-D+1_20220724100000_20220724103809.csv
2022-07-25T08:00:00Z,1.0,284.72,2022-07-25,MarketResult_SEM-DA_PWR-MRC-D+1_20220724100000_20220724103809.csv
2022-07-25T09:00:00Z,1.0,267.23,2022-07-25,MarketResult_SEM-DA_PWR-MRC-D+1_20220724100000_20220724103809.csv
2022-07-25T10:00:00Z,1.0,256.71,2022-07-25,MarketResult_SEM-DA_PWR-MRC-D+1_20220724100000_20220724103809.csv
2022-07-25T11:00:00Z,1.0,240.0,2022-07-25,MarketResult_SEM-DA_PWR-MRC-D+1_20220724100000_20220724103809.csv
2022-07-25T12:00:00Z,1.0,225.79,2022-07-25,MarketResult_SEM-DA_PWR-MRC-D+1_20220724100000_20220724103809.csv
2022-07-25T13:00:00Z,1.0,214.49,2022-07-25,MarketResult_SEM-DA_PWR-MRC-D+1_20220724100000_20220724103809.csv
2022-07-25T14:00:00Z,1.0,215.48,2022-07-25,MarketResult_SEM-DA_PWR-MRC-D+1_20220724100000_20220724103809.csv
2022-07-25T15:00:00Z,1.0,229.79,2022-07-25,MarketResult_SEM-DA_PWR-MRC-D+1_20220724100000_20220724103809.csv
2022-07-25T16:00:00Z,1.0,293.65,2022-07-25,MarketResult_SEM-DA_PWR-MRC-D+1_20220724100000_20220724103809.csv
2022-07-25T17:00:00Z,1.0,320.0,2022-07-25,MarketResult_SEM-DA_PWR-MRC-D+1_20220724100000_20220724103809.csv
2022-07-25T18:00:00Z,1.0,325.55,2022-07-25,MarketResult_SEM-DA_PWR-MRC-D+1_20220724100000_20220724103809.csv
2022-07-25T19:00:00Z,1.0,330.5,2022-07-25,MarketResult_SEM-DA_PWR-MRC-D+1_20220724100000_20220724103809.csv
2022-07-25T20:00:00Z,1.0,360.0,2022-07-25,MarketResult_SEM-DA_PWR-MRC-D+1_20220724100000_20220724103809.csv
2022-07-25T21:00:00Z,1.0,332.67,2022-07-25,MarketResult_SEM-DA_PWR-MRC-D+1_20220724100000_20220724103809.csv
2022-07-25T22:00:00Z,1.0,274.12,2022-07-26,MarketResult_SEM-DA_PWR-MRC-D+1_20220725100000_20220725103602.csv
2022-07-25T23:00:00Z,1.0,267.98,2022-07-26,MarketResult_SEM-DA_PWR-MRC-D+1_20220725100000_20220725103602.csv
2022-07-26T00:00:00Z,1.0,260.0,2022-07-26,MarketResult_SEM-DA_PWR-MRC-D+1_20220725100000_20220725103602.csv
2022-07-26T01:00:00Z,1.0,263.13,2022-07-26,MarketResult_SEM-DA_PWR-MRC-D+1_20220725100000_20220725103602.csv
2022-07-26T02:00:00Z,1.0,257.06,2022-07-26,MarketResult_SEM-DA_PWR-MRC-D+1_20220725100000_20220725103602.csv
2022-07-26T03:00:00Z,1.0,265.89,2022-07-26,MarketResult_SEM-DA_PWR-MRC-D+1_20220725100000_20220725103602.csv
2022-07-26T04:00:00Z,1.0,277.37,2022-07-26,MarketResult_SEM-DA_PWR-MRC-D+1_20220725100000_20220725103602.csv
2022-07-26T05:00:00Z,1.0,309.0,2022-07-26,MarketResult_SEM-DA_PWR-MRC-D+1_20220725100000_20220725103602.csv
2022-07-26T06:00:00Z,1.0,330.28,2022-07-26,MarketResult_SEM-DA_PWR-MRC-D+1_20220725100000_20220725103602.csv
2022-07-26T07:00:00Z,1.0,363.4,2022-07-26,MarketResult_SEM-DA_PWR-MRC-D+1_20220725100000_20220725103602.csv
2022-07-26T08:00:00Z,1.0,344.3,2022-07-26,MarketResult_SEM-DA_PWR-MRC-D+1_20220725100000_20220725103602.csv
2022-07-26T09:00:00Z,1.0,320.7,2022-07-26,MarketResult_SEM-DA_PWR-MRC-D+1_20220725100000_20220725103602.csv
2022-07-26T10:00:00Z,1.0,320.29,2022-07-26,MarketResult_SEM-DA_PWR-MRC-D+1_20220725100000_20220725103602.csv
2022-07-26T11:00:00Z,1.0,316.13,2022-07-26,MarketResult_SEM-DA_PWR-MRC-D+1_20220725100000_20220725103602.csv
2022-07-26T12:00:00Z,1.0,295.0,2022-07-26,MarketResult_SEM-DA_PWR-MRC-D+1_20220725100000_20220725103602.csv
2022-07-26T13:00:00Z,1.0,270.0,2022-07-26,MarketResult_SEM-DA_PWR-MRC-D+1_20220725100000_20220725103602.csv
2022-07-26T14:00:00Z,1.0,289.6,2022-07-26,MarketResult_SEM-DA_PWR-MRC-D+1_20220725100000_20220725103602.csv
2022-07-26T15:00:00Z,1.0,294.77,2022-07-26,MarketResult_SEM-DA_PWR-MRC-D+1_20220725100000_20220725103602.csv
2022-07-26T16:00:00Z,1.0,343.8,2022-07-26,MarketResult_SEM-DA_PWR-MRC-D+1_20220725100000_20220725103602.csv
2022-07-26T17:00:00Z,1.0,361.67,2022-07-26,MarketResult_SEM-DA_PWR-MRC-D+1_20220725100000_20220725103602.csv
2022-07-26T18:00:00Z,1.0,366.25,2022-07-26,MarketResult_SEM-DA_PWR-MRC-D+1_20220725100000_20220725103602.csv
2022-07-26T19:00:00Z,1.0,331.0,2022-07-26,MarketResult_SEM-DA_PWR-MRC-D+1_20220725100000_20220725103602.csv
2022-07-26T20:00:00Z,1.0,320.29,2022-07-26,MarketResult_SEM-DA_PWR-MRC-D+1_20220725100000_20220725103602.csv
2022-07-26T21:00:00Z,1.0,296.46,2022-07-26,MarketResult_SEM-DA_PWR-MRC-D+1_20220725100000_20220725103602.csv
2022-07-26T22:00:00Z,1.0,309.83,2022-07-27,MarketResult_SEM-DA_PWR-MRC-D+1_20220726100000_20220726105245.csv
2022-07-26T23:00:00Z,1.0,300.51,2022-07-27,MarketResult_SEM-DA_PWR-MRC-D+1_20220726100000_20220726105245.csv
2022-07-27T00:00:00Z,1.0,267.0,2022-07-27,MarketResult_SEM-DA_PWR-MRC-D+1_20220726100000_20220726105245.csv
2022-07-27T01:00:00Z,1.0,253.0,2022-07-27,MarketResult_SEM-DA_PWR-MRC-D+1_20220726100000_20220726105245.csv
2022-07-27T02:00:00Z,1.0,250.75,2022-07-27,MarketResult_SEM-DA_PWR-MRC-D+1_20220726100000_20220726105245.csv
2022-07-27T03:00:00Z,1.0,250.75,2022-07-27,MarketResult_SEM-DA_PWR-MRC-D+1_20220726100000_20220726105245.csv
2022-07-27T04:00:00Z,1.0,250.79,2022-07-27,MarketResult_SEM-DA_PWR-MRC-D+1_20220726100000_20220726105245.csv
2022-07-27T05:00:00Z,1.0,277.94,2022-07-27,MarketResult_SEM-DA_PWR-MRC-D+1_20220726100000_20220726105245.csv
2022-07-27T06:00:00Z,1.0,335.13,2022-07-27,MarketResult_SEM-DA_PWR-MRC-D+1_20220726100000_20220726105245.csv
2022-07-27T07:00:00Z,1.0,376.04,2022-07-27,MarketResult_SEM-DA_PWR-MRC-D+1_20220726100000_20220726105245.csv
2022-07-27T08:00:00Z,1.0,382.0,2022-07-27,MarketResult_SEM-DA_PWR-MRC-D+1_20220726100000_20220726105245.csv
2022-07-27T09:00:00Z,1.0,369.0,2022-07-27,MarketResult_SEM-DA_PWR-MRC-D+1_20220726100000_20220726105245.csv
2022-07-27T10:00:00Z,1.0,382.0,2022-07-27,MarketResult_SEM-DA_PWR-MRC-D+1_20220726100000_20220726105245.csv
2022-07-27T11:00:00Z,1.0,381.9,2022-07-27,MarketResult_SEM-DA_PWR-MRC-D+1_20220726100000_20220726105245.csv
2022-07-27T12:00:00Z,1.0,372.9,2022-07-27,MarketResult_SEM-DA_PWR-MRC-D+1_20220726100000_20220726105245.csv
2022-07-27T13:00:00Z,1.0,352.0,2022-07-27,MarketResult_SEM-DA_PWR-MRC-D+1_20220726100000_20220726105245.csv
2022-07-27T14:00:00Z,1.0,356.47,2022-07-27,MarketResult_SEM-DA_PWR-MRC-D+1_20220726100000_20220726105245.csv
2022-07-27T15:00:00Z,1.0,371.0,2022-07-27,MarketResult_SEM-DA_PWR-MRC-D+1_20220726100000_20220726105245.csv
2022-07-27T16:00:00Z,1.0,401.85,2022-07-27,MarketResult_SEM-DA_PWR-MRC-D+1_20220726100000_20220726105245.csv
2022-07-27T17:00:00Z,1.0,396.5,2022-07-27,MarketResult_SEM-DA_PWR-MRC-D+1_20220726100000_20220726105245.csv
2022-07-27T18:00:00Z,1.0,370.49,2022-07-27,MarketResult_SEM-DA_PWR-MRC-D+1_20220726100000_20220726105245.csv
2022-07-27T19:00:00Z,1.0,336.67,2022-07-27,MarketResult_SEM-DA_PWR-MRC-D+1_20220726100000_20220726105245.csv
2022-07-27T20:00:00Z,1.0,326.41,2022-07-27,MarketResult_SEM-DA_PWR-MRC-D+1_20220726100000_20220726105245.csv
2022-07-27T21:00:00Z,1.0,315.86,2022-07-27,MarketResult_SEM-DA_PWR-MRC-D+1_20220726100000_20220726105245.csv
2022-07-27T22:00:00Z,1.0,360.43,2022-07-28,MarketResult_SEM-DA_PWR-MRC-D+1_20220727100000_20220727103913.csv
2022-07-27T23:00:00Z,1.0,320.11,2022-07-28,MarketResult_SEM-DA_PWR-MRC-D+1_20220727100000_20220727103913.csv
2022-07-28T00:00:00Z,1.0,320.4,2022-07-28,MarketResult_SEM-DA_PWR-MRC-D+1_20220727100000_20220727103913.csv
2022-07-28T01:00:00Z,1.0,312.52,2022-07-28,MarketResult_SEM-DA_PWR-MRC-D+1_20220727100000_20220727103913.csv
2022-07-28T02:00:00Z,1.0,300.0,2022-07-28,MarketResult_SEM-DA_PWR-MRC-D+1_20220727100000_20220727103913.csv
2022-07-28T03:00:00Z,1.0,305.98,2022-07-28,MarketResult_SEM-DA_PWR-MRC-D+1_20220727100000_20220727103913.csv
2022-07-28T04:00:00Z,1.0,312.35,2022-07-28,MarketResult_SEM-DA_PWR-MRC-D+1_20220727100000_20220727103913.csv
2022-07-28T05:00:00Z,1.0,309.89,2022-07-28,MarketResult_SEM-DA_PWR-MRC-D+1_20220727100000_20220727103913.csv
2022-07-28T06:00:00Z,1.0,377.93,2022-07-28,MarketResult_SEM-DA_PWR-MRC-D+1_20220727100000_20220727103913.csv
2022-07-28T07:00:00Z,1.0,405.0,2022-07-28,MarketResult_SEM-DA_PWR-MRC-D+1_20220727100000_20220727103913.csv
2022-07-28T08:00:00Z,1.0,406.59,2022-07-28,MarketResult_SEM-DA_PWR-MRC-D+1_20220727100000_20220727103913.csv
2022-07-28T09:00:00Z,1.0,388.89,2022-07-28,MarketResult_SEM-DA_PWR-MRC-D+1_20220727100000_20220727103913.csv
2022-07-28T10:00:00Z,1.0,382.66,2022-07-28,MarketResult_SEM-DA_PWR-MRC-D+1_20220727100000_20220727103913.csv
2022-07-28T11:00:00Z,1.0,387.12,2022-07-28,MarketResult_SEM-DA_PWR-MRC-D+1_20220727100000_20220727103913.csv
2022-07-28T12:00:00Z,1.0,377.39,2022-07-28,MarketResult_SEM-DA_PWR-MRC-D+1_20220727100000_20220727103913.csv
2022-07-28T13:00:00Z,1.0,377.39,2022-07-28,MarketResult_SEM-DA_PWR-MRC-D+1_20220727100000_20220727103913.csv
2022-07-28T14:00:00Z,1.0,389.46,2022-07-28,MarketResult_SEM-DA_PWR-MRC-D+1_20220727100000_20220727103913.csv
2022-07-28T15:00:00Z,1.0,428.8,2022-07-28,MarketResult_SEM-DA_PWR-MRC-D+1_20220727100000_20220727103913.csv
2022-07-28T16:00:00Z,1.0,458.81,2022-07-28,MarketResult_SEM-DA_PWR-MRC-D+1_20220727100000_20220727103913.csv
2022-07-28T17:00:00Z,1.0,423.27,2022-07-28,MarketResult_SEM-DA_PWR-MRC-D+1_20220727100000_20220727103913.csv
2022-07-28T18:00:00Z,1.0,423.27,2022-07-28,MarketResult_SEM-DA_PWR-MRC-D+1_20220727100000_20220727103913.csv
2022-07-28T19:00:00Z,1.0,405.0,2022-07-28,MarketResult_SEM-DA_PWR-MRC-D+1_20220727100000_20220727103913.csv
2022-07-28T20:00:00Z,1.0,389.46,2022-07-28,MarketResult_SEM-DA_PWR-MRC-D+1_20220727100000_20220727103913.csv
2022-07-28T21:00:00Z,1.0,368.52,2022-07-28,MarketResult_SEM-DA_PWR-MRC-D+1_20220727100000_20220727103913.csv
2022-07-28T22:00:00Z,1.0,329.6,2022-07-29,MarketResult_SEM-DA_PWR-MRC-D+1_20220728100000_20220728103652.csv
2022-07-28T23:00:00Z,1.0,310.08,2022-07-29,MarketResult_SEM-DA_PWR-MRC-D+1_20220728100000_20220728103652.csv
2022-07-29T00:00:00Z,1.0,320.1,2022-07-29,MarketResult_SEM-DA_PWR-MRC-D+1_20220728100000_20220728103652.csv
2022-07-29T01:00:00Z,1.0,317.02,2022-07-29,MarketResult_SEM-DA_PWR-MRC-D+1_20220728100000_20220728103652.csv
2022-07-29T02:00:00Z,1.0,306.47,2022-07-29,MarketResult_SEM-DA_PWR-MRC-D+1_20220728100000_20220728103652.csv
2022-07-29T03:00:00Z,1.0,309.04,2022-07-29,MarketResult_SEM-DA_PWR-MRC-D+1_20220728100000_20220728103652.csv
2022-07-29T04:00:00Z,1.0,310.29,2022-07-29,MarketResult_SEM-DA_PWR-MRC-D+1_20220728100000_20220728103652.csv
2022-07-29T05:00:00Z,1.0,327.44,2022-07-29,MarketResult_SEM-DA_PWR-MRC-D+1_20220728100000_20220728103652.csv
2022-07-29T06:00:00Z,1.0,384.0,2022-07-29,MarketResult_SEM-DA_PWR-MRC-D+1_20220728100000_20220728103652.csv
2022-07-29T07:00:00Z,1.0,430.0,2022-07-29,MarketResult_SEM-DA_PWR-MRC-D+1_20220728100000_20220728103652.csv
2022-07-29T08:00:00Z,1.0,416.81,2022-07-29,MarketResult_SEM-DA_PWR-MRC-D+1_20220728100000_20220728103652.csv
2022-07-29T09:00:00Z,1.0,382.34,2022-07-29,MarketResult_SEM-DA_PWR-MRC-D+1_20220728100000_20220728103652.csv
2022-07-29T10:00:00Z,1.0,368.0,2022-07-29,MarketResult_SEM-DA_PWR-MRC-D+1_20220728100000_20220728103652.csv
2022-07-29T11:00:00Z,1.0,354.9,2022-07-29,MarketResult_SEM-DA_PWR-MRC-D+1_20220728100000_20220728103652.csv
2022-07-29T12:00:00Z,1.0,337.87,2022-07-29,MarketResult_SEM-DA_PWR-MRC-D+1_20220728100000_20220728103652.csv
2022-07-29T13:00:00Z,1.0,325.0,2022-07-29,MarketResult_SEM-DA_PWR-MRC-D+1_20220728100000_20220728103652.csv
2022-07-29T14:00:00Z,1.0,353.2,2022-07-29,MarketResult_SEM-DA_PWR-MRC-D+1_20220728100000_20220728103652.csv
2022-07-29T15:00:00Z,1.0,353.2,2022-07-29,MarketResult_SEM-DA_PWR-MRC-D+1_20220728100000_20220728103652.csv
2022-07-29T16:00:00Z,1.0,353.2,2022-07-29,MarketResult_SEM-DA_PWR-MRC-D+1_20220728100000_20220728103652.csv
2022-07-29T17:00:00Z,1.0,353.2,2022-07-29,MarketResult_SEM-DA_PWR-MRC-D+1_20220728100000_20220728103652.csv
2022-07-29T18:00:00Z,1.0,345.9,2022-07-29,MarketResult_SEM-DA_PWR-MRC-D+1_20220728100000_20220728103652.csv
2022-07-29T19:00:00Z,1.0,327.5,2022-07-29,MarketResult_SEM-DA_PWR-MRC-D+1_20220728100000_20220728103652.csv
2022-07-29T20:00:00Z,1.0,299.0,2022-07-29,MarketResult_SEM-DA_PWR-MRC-D+1_20220728100000_20220728103652.csv
2022-07-29T21:00:00Z,1.0,300.36,2022-07-29,MarketResult_SEM-DA_PWR-MRC-D+1_20220728100000_20220728103652.csv
2022-07-29T22:00:00Z,1.0,307.72,2022-07-30,MarketResult_SEM-DA_PWR-MRC-D+1_20220729100000_20220729104515.csv
2022-07-29T23:00:00Z,1.0,300.0,2022-07-30,MarketResult_SEM-DA_PWR-MRC-D+1_20220729100000_20220729104515.csv
2022-07-30T00:00:00Z,1.0,277.39,2022-07-30,MarketResult_SEM-DA_PWR-MRC-D+1_20220729100000_20220729104515.csv
2022-07-30T01:00:00Z,1.0,250.79,2022-07-30,MarketResult_SEM-DA_PWR-MRC-D+1_20220729100000_20220729104515.csv
2022-07-30T02:00:00Z,1.0,242.91,2022-07-30,MarketResult_SEM-DA_PWR-MRC-D+1_20220729100000_20220729104515.csv
2022-07-30T03:00:00Z,1.0,242.91,2022-07-30,MarketResult_SEM-DA_PWR-MRC-D+1_20220729100000_20220729104515.csv
2022-07-30T04:00:00Z,1.0,247.2,2022-07-30,MarketResult_SEM-DA_PWR-MRC-D+1_20220729100000_20220729104515.csv
2022-07-30T05:00:00Z,1.0,279.87,2022-07-30,MarketResult_SEM-DA_PWR-MRC-D+1_20220729100000_20220729104515.csv
2022-07-30T06:00:00Z,1.0,325.0,2022-07-30,MarketResult_SEM-DA_PWR-MRC-D+1_20220729100000_20220729104515.csv
2022-07-30T07:00:00Z,1.0,335.15,2022-07-30,MarketResult_SEM-DA_PWR-MRC-D+1_20220729100000_20220729104515.csv
2022-07-30T08:00:00Z,1.0,331.32,2022-07-30,MarketResult_SEM-DA_PWR-MRC-D+1_20220729100000_20220729104515.csv
2022-07-30T09:00:00Z,1.0,334.95,2022-07-30,MarketResult_SEM-DA_PWR-MRC-D+1_20220729100000_20220729104515.csv
2022-07-30T10:00:00Z,1.0,344.31,2022-07-30,MarketResult_SEM-DA_PWR-MRC-D+1_20220729100000_20220729104515.csv
2022-07-30T11:00:00Z,1.0,341.01,2022-07-30,MarketResult_SEM-DA_PWR-MRC-D+1_20220729100000_20220729104515.csv
2022-07-30T12:00:00Z,1.0,331.1,2022-07-30,MarketResult_SEM-DA_PWR-MRC-D+1_20220729100000_20220729104515.csv
2022-07-30T13:00:00Z,1.0,335.25,2022-07-30,MarketResult_SEM-DA_PWR-MRC-D+1_20220729100000_20220729104515.csv
2022-07-30T14:00:00Z,1.0,340.0,2022-07-30,MarketResult_SEM-DA_PWR-MRC-D+1_20220729100000_20220729104515.csv
2022-07-30T15:00:00Z,1.0,335.1,2022-07-30,MarketResult_SEM-DA_PWR-MRC-D+1_20220729100000_20220729104515.csv
2022-07-30T16:00:00Z,1.0,362.8,2022-07-30,MarketResult_SEM-DA_PWR-MRC-D+1_20220729100000_20220729104515.csv
2022-07-30T17:00:00Z,1.0,389.27,2022-07-30,MarketResult_SEM-DA_PWR-MRC-D+1_20220729100000_20220729104515.csv
2022-07-30T18:00:00Z,1.0,386.83,2022-07-30,MarketResult_SEM-DA_PWR-MRC-D+1_20220729100000_20220729104515.csv
2022-07-30T19:00:00Z,1.0,377.09,2022-07-30,MarketResult_SEM-DA_PWR-MRC-D+1_20220729100000_20220729104515.csv
2022-07-30T20:00:00Z,1.0,389.48,2022-07-30,MarketResult_SEM-DA_PWR-MRC-D+1_20220729100000_20220729104515.csv
2022-07-30T21:00:00Z,1.0,352.85,2022-07-30,MarketResult_SEM-DA_PWR-MRC-D+1_20220729100000_20220729104515.csv
2022-07-30T22:00:00Z,1.0,325.18,2022-07-31,MarketResult_SEM-DA_PWR-MRC-D+1_20220730100000_20220730103608.csv
2022-07-30T23:00:00Z,1.0,303.0,2022-07-31,MarketResult_SEM-DA_PWR-MRC-D+1_20220730100000_20220730103608.csv
2022-07-31T00:00:00Z,1.0,286.0,2022-07-31,MarketResult_SEM-DA_PWR-MRC-D+1_20220730100000_20220730103608.csv
2022-07-31T01:00:00Z,1.0,277.47,2022-07-31,MarketResult_SEM-DA_PWR-MRC-D+1_20220730100000_20220730103608.csv
2022-07-31T02:00:00Z,1.0,268.98,2022-07-31,MarketResult_SEM-DA_PWR-MRC-D+1_20220730100000_20220730103608.csv
2022-07-31T03:00:00Z,1.0,267.69,2022-07-31,MarketResult_SEM-DA_PWR-MRC-D+1_20220730100000_20220730103608.csv
2022-07-31T04:00:00Z,1.0,258.44,2022-07-31,MarketResult_SEM-DA_PWR-MRC-D+1_20220730100000_20220730103608.csv
2022-07-31T05:00:00Z,1.0,244.13,2022-07-31,MarketResult_SEM-DA_PWR-MRC-D+1_20220730100000_20220730103608.csv
2022-07-31T06:00:00Z,1.0,263.49,2022-07-31,MarketResult_SEM-DA_PWR-MRC-D+1_20220730100000_20220730103608.csv
2022-07-31T07:00:00Z,1.0,270.1,2022-07-31,MarketResult_SEM-DA_PWR-MRC-D+1_20220730100000_20220730103608.csv
2022-07-31T08:00:00Z,1.0,275.73,2022-07-31,MarketResult_SEM-DA_PWR-MRC-D+1_20220730100000_20220730103608.csv
2022-07-31T09:00:00Z,1.0,282.45,2022-07-31,MarketResult_SEM-DA_PWR-MRC-D+1_20220730100000_20220730103608.csv
2022-07-31T10:00:00Z,1.0,284.02,2022-07-31,MarketResult_SEM-DA_PWR-MRC-D+1_20220730100000_20220730103608.csv
2022-07-31T11:00:00Z,1.0,284.8,2022-07-31,MarketResult_SEM-DA_PWR-MRC-D+1_20220730100000_20220730103608.csv
2022-07-31T12:00:00Z,1.0,268.55,2022-07-31,MarketResult_SEM-DA_PWR-MRC-D+1_20220730100000_20220730103608.csv
2022-07-31T13:00:00Z,1.0,268.55,2022-07-31,MarketResult_SEM-DA_PWR-MRC-D+1_20220730100000_20220730103608.csv
2022-07-31T14:00:00Z,1.0,269.0,2022-07-31,MarketResult_SEM-DA_PWR-MRC-D+1_20220730100000_20220730103608.csv
2022-07-31T15:00:00Z,1.0,301.69,2022-07-31,MarketResult_SEM-DA_PWR-MRC-D+1_20220730100000_20220730103608.csv
2022-07-31T16:00:00Z,1.0,347.0,2022-07-31,MarketResult_SEM-DA_PWR-MRC-D+1_20220730100000_20220730103608.csv
2022-07-31T17:00:00Z,1.0,382.86,2022-07-31,MarketResult_SEM-DA_PWR-MRC-D+1_20220730100000_20220730103608.csv
2022-07-31T18:00:00Z,1.0,360.13,2022-07-31,MarketResult_SEM-DA_PWR-MRC-D+1_20220730100000_20220730103608.csv
2022-07-31T19:00:00Z,1.0,355.0,2022-07-31,MarketResult_SEM-DA_PWR-MRC-D+1_20220730100000_20220730103608.csv
2022-07-31T20:00:00Z,1.0,354.02,2022-07-31,MarketResult_SEM-DA_PWR-MRC-D+1_20220730100000_20220730103608.csv
2022-07-31T21:00:00Z,1.0,356.69,2022-07-31,MarketResult_SEM-DA_PWR-MRC-D+1_20220730100000_20220730103608.csv
2022-07-31T22:00:00Z,1.0,302.73,2022-08-01,MarketResult_SEM-DA_PWR-MRC-D+1_20220731100000_20220731103912.csv
2022-07-31T23:00:00Z,1.0,298.78,2022-08-01,MarketResult_SEM-DA_PWR-MRC-D+1_20220731100000_20220731103912.csv
2022-08-01T00:00:00Z,1.0,287.74,2022-08-01,MarketResult_SEM-DA_PWR-MRC-D+1_20220731100000_20220731103912.csv
2022-08-01T01:00:00Z,1.0,285.09,2022-08-01,MarketResult_SEM-DA_PWR-MRC-D+1_20220731100000_20220731103912.csv
2022-08-01T02:00:00Z,1.0,281.3,2022-08-01,MarketResult_SEM-DA_PWR-MRC-D+1_20220731100000_20220731103912.csv
2022-08-01T03:00:00Z,1.0,283.54,2022-08-01,MarketResult_SEM-DA_PWR-MRC-D+1_20220731100000_20220731103912.csv
2022-08-01T04:00:00Z,1.0,273.54,2022-08-01,MarketResult_SEM-DA_PWR-MRC-D+1_20220731100000_20220731103912.csv
2022-08-01T05:00:00Z,1.0,288.0,2022-08-01,MarketResult_SEM-DA_PWR-MRC-D+1_20220731100000_20220731103912.csv
2022-08-01T06:00:00Z,1.0,333.0,2022-08-01,MarketResult_SEM-DA_PWR-MRC-D+1_20220731100000_20220731103912.csv
2022-08-01T07:00:00Z,1.0,360.9,2022-08-01,MarketResult_SEM-DA_PWR-MRC-D+1_20220731100000_20220731103912.csv
2022-08-01T08:00:00Z,1.0,365.95,2022-08-01,MarketResult_SEM-DA_PWR-MRC-D+1_20220731100000_20220731103912.csv
2022-08-01T09:00:00Z,1.0,347.31,2022-08-01,MarketResult_SEM-DA_PWR-MRC-D+1_20220731100000_20220731103912.csv
2022-08-01T10:00:00Z,1.0,308.78,2022-08-01,MarketResult_SEM-DA_PWR-MRC-D+1_20220731100000_20220731103912.csv
2022-08-01T11:00:00Z,1.0,298.54,2022-08-01,MarketResult_SEM-DA_PWR-MRC-D+1_20220731100000_20220731103912.csv
2022-08-01T12:00:00Z,1.0,271.87,2022-08-01,MarketResult_SEM-DA_PWR-MRC-D+1_20220731100000_20220731103912.csv
2022-08-01T13:00:00Z,1.0,250.57,2022-08-01,MarketResult_SEM-DA_PWR-MRC-D+1_20220731100000_20220731103912.csv
2022-08-01T14:00:00Z,1.0,238.74,2022-08-01,MarketResult_SEM-DA_PWR-MRC-D+1_20220731100000_20220731103912.csv
2022-08-01T15:00:00Z,1.0,243.68,2022-08-01,MarketResult_SEM-DA_PWR-MRC-D+1_20220731100000_20220731103912.csv
2022-08-01T16:00:00Z,1.0,243.68,2022-08-01,MarketResult_SEM-DA_PWR-MRC-D+1_20220731100000_20220731103912.csv
2022-08-01T17:00:00Z,1.0,230.0,2022-08-01,MarketResult_SEM-DA_PWR-MRC-D+1_20220731100000_20220731103912.csv
2022-08-01T18:00:00Z,1.0,204.23,2022-08-01,MarketResult_SEM-DA_PWR-MRC-D+1_20220731100000_20220731103912.csv
2022-08-01T19:00:00Z,1.0,238.74,2022-08-01,MarketResult_SEM-DA_PWR-MRC-D+1_20220731100000_20220731103912.csv
2022-08-01T20:00:00Z,1.0,221.23,2022-08-01,MarketResult_SEM-DA_PWR-MRC-D+1_20220731100000_20220731103912.csv
2022-08-01T21:00:00Z,1.0,200.77,2022-08-01,MarketResult_SEM-DA_PWR-MRC-D+1_20220731100000_20220731103912.csv
2022-08-01T22:00:00Z,1.0,248.13,2022-08-02,MarketResult_SEM-DA_PWR-MRC-D+1_20220801100000_20220801103624.csv
2022-08-01T23:00:00Z,1.0,237.08,2022-08-02,MarketResult_SEM-DA_PWR-MRC-D+1_20220801100000_20220801103624.csv
2022-08-02T00:00:00Z,1.0,226.89,2022-08-02,MarketResult_SEM-DA_PWR-MRC-D+1_20220801100000_20220801103624.csv
2022-08-02T01:00:00Z,1.0,220.42,2022-08-02,MarketResult_SEM-DA_PWR-MRC-D+1_20220801100000_20220801103624.csv
2022-08-02T02:00:00Z,1.0,201.41,2022-08-02,MarketResult_SEM-DA_PWR-MRC-D+1_20220801100000_20220801103624.csv
2022-08-02T03:00:00Z,1.0,205.05,2022-08-02,MarketResult_SEM-DA_PWR-MRC-D+1_20220801100000_20220801103624.csv
2022-08-02T04:00:00Z,1.0,220.42,2022-08-02,MarketResult_SEM-DA_PWR-MRC-D+1_20220801100000_20220801103624.csv
2022-08-02T05:00:00Z,1.0,237.59,2022-08-02,MarketResult_SEM-DA_PWR-MRC-D+1_20220801100000_20220801103624.csv
2022-08-02T06:00:00Z,1.0,257.41,2022-08-02,MarketResult_SEM-DA_PWR-MRC-D+1_20220801100000_20220801103624.csv
2022-08-02T07:00:00Z,1.0,314.11,2022-08-02,MarketResult_SEM-DA_PWR-MRC-D+1_20220801100000_20220801103624.csv
2022-08-02T08:00:00Z,1.0,303.0,2022-08-02,MarketResult_SEM-DA_PWR-MRC-D+1_20220801100000_20220801103624.csv
2022-08-02T09:00:00Z,1.0,280.5,2022-08-02,MarketResult_SEM-DA_PWR-MRC-D+1_20220801100000_20220801103624.csv
2022-08-02T10:00:00Z,1.0,256.39,2022-08-02,MarketResult_SEM-DA_PWR-MRC-D+1_20220801100000_20220801103624.csv
2022-08-02T11:00:00Z,1.0,243.01,2022-08-02,MarketResult_SEM-DA_PWR-MRC-D+1_20220801100000_20220801103624.csv
2022-08-02T12:00:00Z,1.0,226.0,2022-08-02,MarketResult_SEM-DA_PWR-MRC-D+1_20220801100000_20220801103624.csv
2022-08-02T13:00:00Z,1.0,224.69,2022-08-02,MarketResult_SEM-DA_PWR-MRC-D+1_20220801100000_20220801103624.csv
2022-08-02T14:00:00Z,1.0,225.25,2022-08-02,MarketResult_SEM-DA_PWR-MRC-D+1_20220801100000_20220801103624.csv
2022-08-02T15:00:00Z,1.0,245.9,2022-08-02,MarketResult_SEM-DA_PWR-MRC-D+1_20220801100000_20220801103624.csv
2022-08-02T16:00:00Z,1.0,279.02,2022-08-02,MarketResult_SEM-DA_PWR-MRC-D+1_20220801100000_20220801103624.csv
2022-08-02T17:00:00Z,1.0,286.03,2022-08-02,MarketResult_SEM-DA_PWR-MRC-D+1_20220801100000_20220801103624.csv
2022-08-02T18:00:00Z,1.0,289.28,2022-08-02,MarketResult_SEM-DA_PWR-MRC-D+1_20220801100000_20220801103624.csv
2022-08-02T19:00:00Z,1.0,289.28,2022-08-02,MarketResult_SEM-DA_PWR-MRC-D+1_20220801100000_20220801103624.csv
2022-08-02T20:00:00Z,1.0,290.15,2022-08-02,MarketResult_SEM-DA_PWR-MRC-D+1_20220801100000_20220801103624.csv
2022-08-02T21:00:00Z,1.0,240.49,2022-08-02,MarketResult_SEM-DA_PWR-MRC-D+1_20220801100000_20220801103624.csv
2022-08-02T22:00:00Z,1.0,200.0,2022-08-03,MarketResult_SEM-DA_PWR-MRC-D+1_20220802100000_20220802103650.csv
2022-08-02T23:00:00Z,1.0,205.0,2022-08-03,MarketResult_SEM-DA_PWR-MRC-D+1_20220802100000_20220802103650.csv
2022-08-03T00:00:00Z,1.0,182.21,2022-08-03,MarketResult_SEM-DA_PWR-MRC-D+1_20220802100000_20220802103650.csv
2022-08-03T01:00:00Z,1.0,180.52,2022-08-03,MarketResult_SEM-DA_PWR-MRC-D+1_20220802100000_20220802103650.csv
2022-08-03T02:00:00Z,1.0,179.99,2022-08-03,MarketResult_SEM-DA_PWR-MRC-D+1_20220802100000_20220802103650.csv
2022-08-03T03:00:00Z,1.0,180.52,2022-08-03,MarketResult_SEM-DA_PWR-MRC-D+1_20220802100000_20220802103650.csv
2022-08-03T04:00:00Z,1.0,213.21,2022-08-03,MarketResult_SEM-DA_PWR-MRC-D+1_20220802100000_20220802103650.csv
2022-08-03T05:00:00Z,1.0,240.97,2022-08-03,MarketResult_SEM-DA_PWR-MRC-D+1_20220802100000_20220802103650.csv
2022-08-03T06:00:00Z,1.0,239.59,2022-08-03,MarketResult_SEM-DA_PWR-MRC-D+1_20220802100000_20220802103650.csv
2022-08-03T07:00:00Z,1.0,284.55,2022-08-03,MarketResult_SEM-DA_PWR-MRC-D+1_20220802100000_20220802103650.csv
2022-08-03T08:00:00Z,1.0,264.46,2022-08-03,MarketResult_SEM-DA_PWR-MRC-D+1_20220802100000_20220802103650.csv
2022-08-03T09:00:00Z,1.0,246.0,2022-08-03,MarketResult_SEM-DA_PWR-MRC-D+1_20220802100000_20220802103650.csv
2022-08-03T10:00:00Z,1.0,245.0,2022-08-03,MarketResult_SEM-DA_PWR-MRC-D+1_20220802100000_20220802103650.csv
2022-08-03T11:00:00Z,1.0,243.75,2022-08-03,MarketResult_SEM-DA_PWR-MRC-D+1_20220802100000_20220802103650.csv
2022-08-03T12:00:00Z,1.0,251.4,2022-08-03,MarketResult_SEM-DA_PWR-MRC-D+1_20220802100000_20220802103650.csv
2022-08-03T13:00:00Z,1.0,261.25,2022-08-03,MarketResult_SEM-DA_PWR-MRC-D+1_20220802100000_20220802103650.csv
2022-08-03T14:00:00Z,1.0,264.22,2022-08-03,MarketResult_SEM-DA_PWR-MRC-D+1_20220802100000_20220802103650.csv
2022-08-03T15:00:00Z,1.0,291.0,2022-08-03,MarketResult_SEM-DA_PWR-MRC-D+1_20220802100000_20220802103650.csv
2022-08-03T16:00:00Z,1.0,371.0,2022-08-03,MarketResult_SEM-DA_PWR-MRC-D+1_20220802100000_20220802103650.csv
2022-08-03T17:00:00Z,1.0,398.0,2022-08-03,MarketResult_SEM-DA_PWR-MRC-D+1_20220802100000_20220802103650.csv
2022-08-03T18:00:00Z,1.0,398.0,2022-08-03,MarketResult_SEM-DA_PWR-MRC-D+1_20220802100000_20220802103650.csv
2022-08-03T19:00:00Z,1.0,397.14,2022-08-03,MarketResult_SEM-DA_PWR-MRC-D+1_20220802100000_20220802103650.csv
2022-08-03T20:00:00Z,1.0,410.0,2022-08-03,MarketResult_SEM-DA_PWR-MRC-D+1_20220802100000_20220802103650.csv
2022-08-03T21:00:00Z,1.0,384.7,2022-08-03,MarketResult_SEM-DA_PWR-MRC-D+1_20220802100000_20220802103650.csv
2022-08-03T22:00:00Z,1.0,309.05,2022-08-04,MarketResult_SEM-DA_PWR-MRC-D+1_20220803100000_20220803103605.csv
2022-08-03T23:00:00Z,1.0,291.0,2022-08-04,MarketResult_SEM-DA_PWR-MRC-D+1_20220803100000_20220803103605.csv
2022-08-04T00:00:00Z,1.0,263.46,2022-08-04,MarketResult_SEM-DA_PWR-MRC-D+1_20220803100000_20220803103605.csv
2022-08-04T01:00:00Z,1.0,250.0,2022-08-04,MarketResult_SEM-DA_PWR-MRC-D+1_20220803100000_20220803103605.csv
2022-08-04T02:00:00Z,1.0,243.63,2022-08-04,MarketResult_SEM-DA_PWR-MRC-D+1_20220803100000_20220803103605.csv
2022-08-04T03:00:00Z,1.0,242.14,2022-08-04,MarketResult_SEM-DA_PWR-MRC-D+1_20220803100000_20220803103605.csv
2022-08-04T04:00:00Z,1.0,246.28,2022-08-04,MarketResult_SEM-DA_PWR-MRC-D+1_20220803100000_20220803103605.csv
2022-08-04T05:00:00Z,1.0,287.0,2022-08-04,MarketResult_SEM-DA_PWR-MRC-D+1_20220803100000_20220803103605.csv
2022-08-04T06:00:00Z,1.0,379.0,2022-08-04,MarketResult_SEM-DA_PWR-MRC-D+1_20220803100000_20220803103605.csv
2022-08-04T07:00:00Z,1.0,376.73,2022-08-04,MarketResult_SEM-DA_PWR-MRC-D+1_20220803100000_20220803103605.csv
2022-08-04T08:00:00Z,1.0,317.54,2022-08-04,MarketResult_SEM-DA_PWR-MRC-D+1_20220803100000_20220803103605.csv
2022-08-04T09:00:00Z,1.0,289.77,2022-08-04,MarketResult_SEM-DA_PWR-MRC-D+1_20220803100000_20220803103605.csv
2022-08-04T10:00:00Z,1.0,278.35,2022-08-04,MarketResult_SEM-DA_PWR-MRC-D+1_20220803100000_20220803103605.csv
2022-08-04T11:00:00Z,1.0,270.7,2022-08-04,MarketResult_SEM-DA_PWR-MRC-D+1_20220803100000_20220803103605.csv
2022-08-04T12:00:00Z,1.0,262.6,2022-08-04,MarketResult_SEM-DA_PWR-MRC-D+1_20220803100000_20220803103605.csv
2022-08-04T13:00:00Z,1.0,260.65,2022-08-04,MarketResult_SEM-DA_PWR-MRC-D+1_20220803100000_20220803103605.csv
2022-08-04T14:00:00Z,1.0,263.0,2022-08-04,MarketResult_SEM-DA_PWR-MRC-D+1_20220803100000_20220803103605.csv
2022-08-04T15:00:00Z,1.0,300.0,2022-08-04,MarketResult_SEM-DA_PWR-MRC-D+1_20220803100000_20220803103605.csv
2022-08-04T16:00:00Z,1.0,343.51,2022-08-04,MarketResult_SEM-DA_PWR-MRC-D+1_20220803100000_20220803103605.csv
2022-08-04T17:00:00Z,1.0,368.32,2022-08-04,MarketResult_SEM-DA_PWR-MRC-D+1_20220803100000_20220803103605.csv
2022-08-04T18:00:00Z,1.0,369.4,2022-08-04,MarketResult_SEM-DA_PWR-MRC-D+1_20220803100000_20220803103605.csv
2022-08-04T19:00:00Z,1.0,371.0,2022-08-04,MarketResult_SEM-DA_PWR-MRC-D+1_20220803100000_20220803103605.csv
2022-08-04T20:00:00Z,1.0,371.92,2022-08-04,MarketResult_SEM-DA_PWR-MRC-D+1_20220803100000_20220803103605.csv
2022-08-04T21:00:00Z,1.0,321.0,2022-08-04,MarketResult_SEM-DA_PWR-MRC-D+1_20220803100000_20220803103605.csv
2022-08-04T22:00:00Z,1.0,318.0,2022-08-05,MarketResult_SEM-DA_PWR-MRC-D+1_20220804100000_20220804103611.csv
2022-08-04T23:00:00Z,1.0,305.0,2022-08-05,MarketResult_SEM-DA_PWR-MRC-D+1_20220804100000_20220804103611.csv
2022-08-05T00:00:00Z,1.0,290.95,2022-08-05,MarketResult_SEM-DA_PWR-MRC-D+1_20220804100000_20220804103611.csv
2022-08-05T01:00:00Z,1.0,267.05,2022-08-05,MarketResult_SEM-DA_PWR-MRC-D+1_20220804100000_20220804103611.csv
2022-08-05T02:00:00Z,1.0,264.0,2022-08-05,MarketResult_SEM-DA_PWR-MRC-D+1_20220804100000_20220804103611.csv
2022-08-05T03:00:00Z,1.0,264.0,2022-08-05,MarketResult_SEM-DA_PWR-MRC-D+1_20220804100000_20220804103611.csv
2022-08-05T04:00:00Z,1.0,264.0,2022-08-05,MarketResult_SEM-DA_PWR-MRC-D+1_20220804100000_20220804103611.csv
2022-08-05T05:00:00Z,1.0,302.58,2022-08-05,MarketResult_SEM-DA_PWR-MRC-D+1_20220804100000_20220804103611.csv
2022-08-05T06:00:00Z,1.0,394.42,2022-08-05,MarketResult_SEM-DA_PWR-MRC-D+1_20220804100000_20220804103611.csv
2022-08-05T07:00:00Z,1.0,425.97,2022-08-05,MarketResult_SEM-DA_PWR-MRC-D+1_20220804100000_20220804103611.csv
2022-08-05T08:00:00Z,1.0,399.0,2022-08-05,MarketResult_SEM-DA_PWR-MRC-D+1_20220804100000_20220804103611.csv
2022-08-05T09:00:00Z,1.0,335.0,2022-08-05,MarketResult_SEM-DA_PWR-MRC-D+1_20220804100000_20220804103611.csv
2022-08-05T10:00:00Z,1.0,314.87,2022-08-05,MarketResult_SEM-DA_PWR-MRC-D+1_20220804100000_20220804103611.csv
2022-08-05T11:00:00Z,1.0,295.95,2022-08-05,MarketResult_SEM-DA_PWR-MRC-D+1_20220804100000_20220804103611.csv
2022-08-05T12:00:00Z,1.0,294.22,2022-08-05,MarketResult_SEM-DA_PWR-MRC-D+1_20220804100000_20220804103611.csv
2022-08-05T13:00:00Z,1.0,292.0,2022-08-05,MarketResult_SEM-DA_PWR-MRC-D+1_20220804100000_20220804103611.csv
2022-08-05T14:00:00Z,1.0,290.0,2022-08-05,MarketResult_SEM-DA_PWR-MRC-D+1_20220804100000_20220804103611.csv
2022-08-05T15:00:00Z,1.0,306.0,2022-08-05,MarketResult_SEM-DA_PWR-MRC-D+1_20220804100000_20220804103611.csv
2022-08-05T16:00:00Z,1.0,378.82,2022-08-05,MarketResult_SEM-DA_PWR-MRC-D+1_20220804100000_20220804103611.csv
2022-08-05T17:00:00Z,1.0,392.0,2022-08-05,MarketResult_SEM-DA_PWR-MRC-D+1_20220804100000_20220804103611.csv
2022-08-05T18:00:00Z,1.0,397.0,2022-08-05,MarketResult_SEM-DA_PWR-MRC-D+1_20220804100000_20220804103611.csv
2022-08-05T19:00:00Z,1.0,403.0,2022-08-05,MarketResult_SEM-DA_PWR-MRC-D+1_20220804100000_20220804103611.csv
2022-08-05T20:00:00Z,1.0,407.0,2022-08-05,MarketResult_SEM-DA_PWR-MRC-D+1_20220804100000_20220804103611.csv
2022-08-05T21:00:00Z,1.0,351.04,2022-08-05,MarketResult_SEM-DA_PWR-MRC-D+1_20220804100000_20220804103611.csv
2022-08-05T22:00:00Z,1.0,384.0,2022-08-06,MarketResult_SEM-DA_PWR-MRC-D+1_20220805100000_20220805103632.csv
2022-08-05T23:00:00Z,1.0,326.0,2022-08-06,MarketResult_SEM-DA_PWR-MRC-D+1_20220805100000_20220805103632.csv
2022-08-06T00:00:00Z,1.0,306.28,2022-08-06,MarketResult_SEM-DA_PWR-MRC-D+1_20220805100000_20220805103632.csv
2022-08-06T01:00:00Z,1.0,288.81,2022-08-06,MarketResult_SEM-DA_PWR-MRC-D+1_20220805100000_20220805103632.csv
2022-08-06T02:00:00Z,1.0,279.3,2022-08-06,MarketResult_SEM-DA_PWR-MRC-D+1_20220805100000_20220805103632.csv
2022-08-06T03:00:00Z,1.0,273.84,2022-08-06,MarketResult_SEM-DA_PWR-MRC-D+1_20220805100000_20220805103632.csv
2022-08-06T04:00:00Z,1.0,270.0,2022-08-06,MarketResult_SEM-DA_PWR-MRC-D+1_20220805100000_20220805103632.csv
2022-08-06T05:00:00Z,1.0,290.81,2022-08-06,MarketResult_SEM-DA_PWR-MRC-D+1_20220805100000_20220805103632.csv
2022-08-06T06:00:00Z,1.0,298.56,2022-08-06,MarketResult_SEM-DA_PWR-MRC-D+1_20220805100000_20220805103632.csv
2022-08-06T07:00:00Z,1.0,341.81,2022-08-06,MarketResult_SEM-DA_PWR-MRC-D+1_20220805100000_20220805103632.csv
2022-08-06T08:00:00Z,1.0,327.64,2022-08-06,MarketResult_SEM-DA_PWR-MRC-D+1_20220805100000_20220805103632.csv
2022-08-06T09:00:00Z,1.0,315.0,2022-08-06,MarketResult_SEM-DA_PWR-MRC-D+1_20220805100000_20220805103632.csv
2022-08-06T10:00:00Z,1.0,295.4,2022-08-06,MarketResult_SEM-DA_PWR-MRC-D+1_20220805100000_20220805103632.csv
2022-08-06T11:00:00Z,1.0,279.7,2022-08-06,MarketResult_SEM-DA_PWR-MRC-D+1_20220805100000_20220805103632.csv
2022-08-06T12:00:00Z,1.0,268.0,2022-08-06,MarketResult_SEM-DA_PWR-MRC-D+1_20220805100000_20220805103632.csv
2022-08-06T13:00:00Z,1.0,249.06,2022-08-06,MarketResult_SEM-DA_PWR-MRC-D+1_20220805100000_20220805103632.csv
2022-08-06T14:00:00Z,1.0,245.64,2022-08-06,MarketResult_SEM-DA_PWR-MRC-D+1_20220805100000_20220805103632.csv
2022-08-06T15:00:00Z,1.0,266.7,2022-08-06,MarketResult_SEM-DA_PWR-MRC-D+1_20220805100000_20220805103632.csv
2022-08-06T16:00:00Z,1.0,319.0,2022-08-06,MarketResult_SEM-DA_PWR-MRC-D+1_20220805100000_20220805103632.csv
2022-08-06T17:00:00Z,1.0,343.76,2022-08-06,MarketResult_SEM-DA_PWR-MRC-D+1_20220805100000_20220805103632.csv
2022-08-06T18:00:00Z,1.0,345.17,2022-08-06,MarketResult_SEM-DA_PWR-MRC-D+1_20220805100000_20220805103632.csv
2022-08-06T19:00:00Z,1.0,340.0,2022-08-06,MarketResult_SEM-DA_PWR-MRC-D+1_20220805100000_20220805103632.csv
2022-08-06T20:00:00Z,1.0,339.0,2022-08-06,MarketResult_SEM-DA_PWR-MRC-D+1_20220805100000_20220805103632.csv
2022-08-06T21:00:00Z,1.0,290.54,2022-08-06,MarketResult_SEM-DA_PWR-MRC-D+1_20220805100000_20220805103632.csv
2022-08-06T22:00:00Z,1.0,277.19,2022-08-07,MarketResult_SEM-DA_PWR-MRC-D+1_20220806100000_20220806103814.csv
2022-08-06T23:00:00Z,1.0,274.27,2022-08-07,MarketResult_SEM-DA_PWR-MRC-D+1_20220806100000_20220806103814.csv
2022-08-07T00:00:00Z,1.0,253.0,2022-08-07,MarketResult_SEM-DA_PWR-MRC-D+1_20220806100000_20220806103814.csv
2022-08-07T01:00:00Z,1.0,249.0,2022-08-07,MarketResult_SEM-DA_PWR-MRC-D+1_20220806100000_20220806103814.csv
2022-08-07T02:00:00Z,1.0,239.47,2022-08-07,MarketResult_SEM-DA_PWR-MRC-D+1_20220806100000_20220806103814.csv
2022-08-07T03:00:00Z,1.0,239.47,2022-08-07,MarketResult_SEM-DA_PWR-MRC-D+1_20220806100000_20220806103814.csv
2022-08-07T04:00:00Z,1.0,239.47,2022-08-07,MarketResult_SEM-DA_PWR-MRC-D+1_20220806100000_20220806103814.csv
2022-08-07T05:00:00Z,1.0,244.34,2022-08-07,MarketResult_SEM-DA_PWR-MRC-D+1_20220806100000_20220806103814.csv
2022-08-07T06:00:00Z,1.0,237.23,2022-08-07,MarketResult_SEM-DA_PWR-MRC-D+1_20220806100000_20220806103814.csv
2022-08-07T07:00:00Z,1.0,253.0,2022-08-07,MarketResult_SEM-DA_PWR-MRC-D+1_20220806100000_20220806103814.csv
2022-08-07T08:00:00Z,1.0,258.26,2022-08-07,MarketResult_SEM-DA_PWR-MRC-D+1_20220806100000_20220806103814.csv
2022-08-07T09:00:00Z,1.0,258.0,2022-08-07,MarketResult_SEM-DA_PWR-MRC-D+1_20220806100000_20220806103814.csv
2022-08-07T10:00:00Z,1.0,265.0,2022-08-07,MarketResult_SEM-DA_PWR-MRC-D+1_20220806100000_20220806103814.csv
2022-08-07T11:00:00Z,1.0,273.87,2022-08-07,MarketResult_SEM-DA_PWR-MRC-D+1_20220806100000_20220806103814.csv
2022-08-07T12:00:00Z,1.0,272.89,2022-08-07,MarketResult_SEM-DA_PWR-MRC-D+1_20220806100000_20220806103814.csv
2022-08-07T13:00:00Z,1.0,267.49,2022-08-07,MarketResult_SEM-DA_PWR-MRC-D+1_20220806100000_20220806103814.csv
2022-08-07T14:00:00Z,1.0,248.91,2022-08-07,MarketResult_SEM-DA_PWR-MRC-D+1_20220806100000_20220806103814.csv
2022-08-07T15:00:00Z,1.0,263.0,2022-08-07,MarketResult_SEM-DA_PWR-MRC-D+1_20220806100000_20220806103814.csv
2022-08-07T16:00:00Z,1.0,312.8,2022-08-07,MarketResult_SEM-DA_PWR-MRC-D+1_20220806100000_20220806103814.csv
2022-08-07T17:00:00Z,1.0,343.0,2022-08-07,MarketResult_SEM-DA_PWR-MRC-D+1_20220806100000_20220806103814.csv
2022-08-07T18:00:00Z,1.0,341.21,2022-08-07,MarketResult_SEM-DA_PWR-MRC-D+1_20220806100000_20220806103814.csv
2022-08-07T19:00:00Z,1.0,335.87,2022-08-07,MarketResult_SEM-DA_PWR-MRC-D+1_20220806100000_20220806103814.csv
2022-08-07T20:00:00Z,1.0,340.0,2022-08-07,MarketResult_SEM-DA_PWR-MRC-D+1_20220806100000_20220806103814.csv
2022-08-07T21:00:00Z,1.0,306.21,2022-08-07,MarketResult_SEM-DA_PWR-MRC-D+1_20220806100000_20220806103814.csv
2022-08-07T22:00:00Z,1.0,290.58,2022-08-08,MarketResult_SEM-DA_PWR-MRC-D+1_20220807100000_20220807103703.csv
2022-08-07T23:00:00Z,1.0,273.11,2022-08-08,MarketResult_SEM-DA_PWR-MRC-D+1_20220807100000_20220807103703.csv
2022-08-08T00:00:00Z,1.0,260.81,2022-08-08,MarketResult_SEM-DA_PWR-MRC-D+1_20220807100000_20220807103703.csv
2022-08-08T01:00:00Z,1.0,246.77,2022-08-08,MarketResult_SEM-DA_PWR-MRC-D+1_20220807100000_20220807103703.csv
2022-08-08T02:00:00Z,1.0,245.0,2022-08-08,MarketResult_SEM-DA_PWR-MRC-D+1_20220807100000_20220807103703.csv
2022-08-08T03:00:00Z,1.0,260.68,2022-08-08,MarketResult_SEM-DA_PWR-MRC-D+1_20220807100000_20220807103703.csv
2022-08-08T04:00:00Z,1.0,260.68,2022-08-08,MarketResult_SEM-DA_PWR-MRC-D+1_20220807100000_20220807103703.csv
2022-08-08T05:00:00Z,1.0,285.68,2022-08-08,MarketResult_SEM-DA_PWR-MRC-D+1_20220807100000_20220807103703.csv
2022-08-08T06:00:00Z,1.0,334.16,2022-08-08,MarketResult_SEM-DA_PWR-MRC-D+1_20220807100000_20220807103703.csv
2022-08-08T07:00:00Z,1.0,375.0,2022-08-08,MarketResult_SEM-DA_PWR-MRC-D+1_20220807100000_20220807103703.csv
2022-08-08T08:00:00Z,1.0,340.7,2022-08-08,MarketResult_SEM-DA_PWR-MRC-D+1_20220807100000_20220807103703.csv
2022-08-08T09:00:00Z,1.0,324.6,2022-08-08,MarketResult_SEM-DA_PWR-MRC-D+1_20220807100000_20220807103703.csv
2022-08-08T10:00:00Z,1.0,317.14,2022-08-08,MarketResult_SEM-DA_PWR-MRC-D+1_20220807100000_20220807103703.csv
2022-08-08T11:00:00Z,1.0,315.81,2022-08-08,MarketResult_SEM-DA_PWR-MRC-D+1_20220807100000_20220807103703.csv
2022-08-08T12:00:00Z,1.0,312.11,2022-08-08,MarketResult_SEM-DA_PWR-MRC-D+1_20220807100000_20220807103703.csv
2022-08-08T13:00:00Z,1.0,312.51,2022-08-08,MarketResult_SEM-DA_PWR-MRC-D+1_20220807100000_20220807103703.csv
2022-08-08T14:00:00Z,1.0,320.25,2022-08-08,MarketResult_SEM-DA_PWR-MRC-D+1_20220807100000_20220807103703.csv
2022-08-08T15:00:00Z,1.0,384.0,2022-08-08,MarketResult_SEM-DA_PWR-MRC-D+1_20220807100000_20220807103703.csv
2022-08-08T16:00:00Z,1.0,439.0,2022-08-08,MarketResult_SEM-DA_PWR-MRC-D+1_20220807100000_20220807103703.csv
2022-08-08T17:00:00Z,1.0,453.65,2022-08-08,MarketResult_SEM-DA_PWR-MRC-D+1_20220807100000_20220807103703.csv
2022-08-08T18:00:00Z,1.0,432.0,2022-08-08,MarketResult_SEM-DA_PWR-MRC-D+1_20220807100000_20220807103703.csv
2022-08-08T19:00:00Z,1.0,386.0,2022-08-08,MarketResult_SEM-DA_PWR-MRC-D+1_20220807100000_20220807103703.csv
2022-08-08T20:00:00Z,1.0,386.0,2022-08-08,MarketResult_SEM-DA_PWR-MRC-D+1_20220807100000_20220807103703.csv
2022-08-08T21:00:00Z,1.0,332.76,2022-08-08,MarketResult_SEM-DA_PWR-MRC-D+1_20220807100000_20220807103703.csv
2022-08-08T22:00:00Z,1.0,308.42,2022-08-09,MarketResult_SEM-DA_PWR-MRC-D+1_20220808100000_20220808103700.csv
2022-08-08T23:00:00Z,1.0,290.0,2022-08-09,MarketResult_SEM-DA_PWR-MRC-D+1_20220808100000_20220808103700.csv
2022-08-09T00:00:00Z,1.0,283.0,2022-08-09,MarketResult_SEM-DA_PWR-MRC-D+1_20220808100000_20220808103700.csv
2022-08-09T01:00:00Z,1.0,276.0,2022-08-09,MarketResult_SEM-DA_PWR-MRC-D+1_20220808100000_20220808103700.csv
2022-08-09T02:00:00Z,1.0,270.0,2022-08-09,MarketResult_SEM-DA_PWR-MRC-D+1_20220808100000_20220808103700.csv
2022-08-09T03:00:00Z,1.0,280.24,2022-08-09,MarketResult_SEM-DA_PWR-MRC-D+1_20220808100000_20220808103700.csv
2022-08-09T04:00:00Z,1.0,276.5,2022-08-09,MarketResult_SEM-DA_PWR-MRC-D+1_20220808100000_20220808103700.csv
2022-08-09T05:00:00Z,1.0,306.37,2022-08-09,MarketResult_SEM-DA_PWR-MRC-D+1_20220808100000_20220808103700.csv
2022-08-09T06:00:00Z,1.0,345.79,2022-08-09,MarketResult_SEM-DA_PWR-MRC-D+1_20220808100000_20220808103700.csv
2022-08-09T07:00:00Z,1.0,392.0,2022-08-09,MarketResult_SEM-DA_PWR-MRC-D+1_20220808100000_20220808103700.csv
2022-08-09T08:00:00Z,1.0,375.0,2022-08-09,MarketResult_SEM-DA_PWR-MRC-D+1_20220808100000_20220808103700.csv
2022-08-09T09:00:00Z,1.0,340.0,2022-08-09,MarketResult_SEM-DA_PWR-MRC-D+1_20220808100000_20220808103700.csv
2022-08-09T10:00:00Z,1.0,324.01,2022-08-09,MarketResult_SEM-DA_PWR-MRC-D+1_20220808100000_20220808103700.csv
2022-08-09T11:00:00Z,1.0,322.65,2022-08-09,MarketResult_SEM-DA_PWR-MRC-D+1_20220808100000_20220808103700.csv
2022-08-09T12:00:00Z,1.0,316.0,2022-08-09,MarketResult_SEM-DA_PWR-MRC-D+1_20220808100000_20220808103700.csv
2022-08-09T13:00:00Z,1.0,313.65,2022-08-09,MarketResult_SEM-DA_PWR-MRC-D+1_20220808100000_20220808103700.csv
2022-08-09T14:00:00Z,1.0,327.48,2022-08-09,MarketResult_SEM-DA_PWR-MRC-D+1_20220808100000_20220808103700.csv
2022-08-09T15:00:00Z,1.0,370.0,2022-08-09,MarketResult_SEM-DA_PWR-MRC-D+1_20220808100000_20220808103700.csv
2022-08-09T16:00:00Z,1.0,418.0,2022-08-09,MarketResult_SEM-DA_PWR-MRC-D+1_20220808100000_20220808103700.csv
2022-08-09T17:00:00Z,1.0,434.66,2022-08-09,MarketResult_SEM-DA_PWR-MRC-D+1_20220808100000_20220808103700.csv
2022-08-09T18:00:00Z,1.0,418.0,2022-08-09,MarketResult_SEM-DA_PWR-MRC-D+1_20220808100000_20220808103700.csv
2022-08-09T19:00:00Z,1.0,395.18,2022-08-09,MarketResult_SEM-DA_PWR-MRC-D+1_20220808100000_20220808103700.csv
2022-08-09T20:00:00Z,1.0,388.12,2022-08-09,MarketResult_SEM-DA_PWR-MRC-D+1_20220808100000_20220808103700.csv
2022-08-09T21:00:00Z,1.0,340.22,2022-08-09,MarketResult_SEM-DA_PWR-MRC-D+1_20220808100000_20220808103700.csv
2022-08-09T22:00:00Z,1.0,296.99,2022-08-10,MarketResult_SEM-DA_PWR-MRC-D+1_20220809100000_20220809103630.csv
2022-08-09T23:00:00Z,1.0,280.92,2022-08-10,MarketResult_SEM-DA_PWR-MRC-D+1_20220809100000_20220809103630.csv
2022-08-10T00:00:00Z,1.0,278.0,2022-08-10,MarketResult_SEM-DA_PWR-MRC-D+1_20220809100000_20220809103630.csv
2022-08-10T01:00:00Z,1.0,274.12,2022-08-10,MarketResult_SEM-DA_PWR-MRC-D+1_20220809100000_20220809103630.csv
2022-08-10T02:00:00Z,1.0,274.12,2022-08-10,MarketResult_SEM-DA_PWR-MRC-D+1_20220809100000_20220809103630.csv
2022-08-10T03:00:00Z,1.0,275.28,2022-08-10,MarketResult_SEM-DA_PWR-MRC-D+1_20220809100000_20220809103630.csv
2022-08-10T04:00:00Z,1.0,280.0,2022-08-10,MarketResult_SEM-DA_PWR-MRC-D+1_20220809100000_20220809103630.csv
2022-08-10T05:00:00Z,1.0,294.0,2022-08-10,MarketResult_SEM-DA_PWR-MRC-D+1_20220809100000_20220809103630.csv
2022-08-10T06:00:00Z,1.0,359.76,2022-08-10,MarketResult_SEM-DA_PWR-MRC-D+1_20220809100000_20220809103630.csv
2022-08-10T07:00:00Z,1.0,395.0,2022-08-10,MarketResult_SEM-DA_PWR-MRC-D+1_20220809100000_20220809103630.csv
2022-08-10T08:00:00Z,1.0,345.07,2022-08-10,MarketResult_SEM-DA_PWR-MRC-D+1_20220809100000_20220809103630.csv
2022-08-10T09:00:00Z,1.0,317.49,2022-08-10,MarketResult_SEM-DA_PWR-MRC-D+1_20220809100000_20220809103630.csv
2022-08-10T10:00:00Z,1.0,309.79,2022-08-10,MarketResult_SEM-DA_PWR-MRC-D+1_20220809100000_20220809103630.csv
2022-08-10T11:00:00Z,1.0,304.25,2022-08-10,MarketResult_SEM-DA_PWR-MRC-D+1_20220809100000_20220809103630.csv
2022-08-10T12:00:00Z,1.0,296.13,2022-08-10,MarketResult_SEM-DA_PWR-MRC-D+1_20220809100000_20220809103630.csv
2022-08-10T13:00:00Z,1.0,293.54,2022-08-10,MarketResult_SEM-DA_PWR-MRC-D+1_20220809100000_20220809103630.csv
2022-08-10T14:00:00Z,1.0,304.25,2022-08-10,MarketResult_SEM-DA_PWR-MRC-D+1_20220809100000_20220809103630.csv
2022-08-10T15:00:00Z,1.0,351.2,2022-08-10,MarketResult_SEM-DA_PWR-MRC-D+1_20220809100000_20220809103630.csv
2022-08-10T16:00:00Z,1.0,412.58,2022-08-10,MarketResult_SEM-DA_PWR-MRC-D+1_20220809100000_20220809103630.csv
2022-08-10T17:00:00Z,1.0,444.14,2022-08-10,MarketResult_SEM-DA_PWR-MRC-D+1_20220809100000_20220809103630.csv
2022-08-10T18:00:00Z,1.0,420.37,2022-08-10,MarketResult_SEM-DA_PWR-MRC-D+1_20220809100000_20220809103630.csv
2022-08-10T19:00:00Z,1.0,400.21,2022-08-10,MarketResult_SEM-DA_PWR-MRC-D+1_20220809100000_20220809103630.csv
2022-08-10T20:00:00Z,1.0,396.67,2022-08-10,MarketResult_SEM-DA_PWR-MRC-D+1_20220809100000_20220809103630.csv
2022-08-10T21:00:00Z,1.0,346.0,2022-08-10,MarketResult_SEM-DA_PWR-MRC-D+1_20220809100000_20220809103630.csv
2022-08-10T22:00:00Z,1.0,300.0,2022-08-11,MarketResult_SEM-DA_PWR-MRC-D+1_20220810100000_20220810103653.csv
2022-08-10T23:00:00Z,1.0,273.0,2022-08-11,MarketResult_SEM-DA_PWR-MRC-D+1_20220810100000_20220810103653.csv
2022-08-11T00:00:00Z,1.0,279.0,2022-08-11,MarketResult_SEM-DA_PWR-MRC-D+1_20220810100000_20220810103653.csv
2022-08-11T01:00:00Z,1.0,265.0,2022-08-11,MarketResult_SEM-DA_PWR-MRC-D+1_20220810100000_20220810103653.csv
2022-08-11T02:00:00Z,1.0,252.99,2022-08-11,MarketResult_SEM-DA_PWR-MRC-D+1_20220810100000_20220810103653.csv
2022-08-11T03:00:00Z,1.0,254.35,2022-08-11,MarketResult_SEM-DA_PWR-MRC-D+1_20220810100000_20220810103653.csv
2022-08-11T04:00:00Z,1.0,277.88,2022-08-11,MarketResult_SEM-DA_PWR-MRC-D+1_20220810100000_20220810103653.csv
2022-08-11T05:00:00Z,1.0,277.88,2022-08-11,MarketResult_SEM-DA_PWR-MRC-D+1_20220810100000_20220810103653.csv
2022-08-11T06:00:00Z,1.0,336.0,2022-08-11,MarketResult_SEM-DA_PWR-MRC-D+1_20220810100000_20220810103653.csv
2022-08-11T07:00:00Z,1.0,402.0,2022-08-11,MarketResult_SEM-DA_PWR-MRC-D+1_20220810100000_20220810103653.csv
2022-08-11T08:00:00Z,1.0,400.0,2022-08-11,MarketResult_SEM-DA_PWR-MRC-D+1_20220810100000_20220810103653.csv
2022-08-11T09:00:00Z,1.0,389.0,2022-08-11,MarketResult_SEM-DA_PWR-MRC-D+1_20220810100000_20220810103653.csv
2022-08-11T10:00:00Z,1.0,389.0,2022-08-11,MarketResult_SEM-DA_PWR-MRC-D+1_20220810100000_20220810103653.csv
2022-08-11T11:00:00Z,1.0,389.0,2022-08-11,MarketResult_SEM-DA_PWR-MRC-D+1_20220810100000_20220810103653.csv
2022-08-11T12:00:00Z,1.0,389.0,2022-08-11,MarketResult_SEM-DA_PWR-MRC-D+1_20220810100000_20220810103653.csv
2022-08-11T13:00:00Z,1.0,374.26,2022-08-11,MarketResult_SEM-DA_PWR-MRC-D+1_20220810100000_20220810103653.csv
2022-08-11T14:00:00Z,1.0,372.2,2022-08-11,MarketResult_SEM-DA_PWR-MRC-D+1_20220810100000_20220810103653.csv
2022-08-11T15:00:00Z,1.0,414.0,2022-08-11,MarketResult_SEM-DA_PWR-MRC-D+1_20220810100000_20220810103653.csv
2022-08-11T16:00:00Z,1.0,432.0,2022-08-11,MarketResult_SEM-DA_PWR-MRC-D+1_20220810100000_20220810103653.csv
2022-08-11T17:00:00Z,1.0,451.7,2022-08-11,MarketResult_SEM-DA_PWR-MRC-D+1_20220810100000_20220810103653.csv
2022-08-11T18:00:00Z,1.0,432.0,2022-08-11,MarketResult_SEM-DA_PWR-MRC-D+1_20220810100000_20220810103653.csv
2022-08-11T19:00:00Z,1.0,399.66,2022-08-11,MarketResult_SEM-DA_PWR-MRC-D+1_20220810100000_20220810103653.csv
2022-08-11T20:00:00Z,1.0,389.0,2022-08-11,MarketResult_SEM-DA_PWR-MRC-D+1_20220810100000_20220810103653.csv
2022-08-11T21:00:00Z,1.0,323.0,2022-08-11,MarketResult_SEM-DA_PWR-MRC-D+1_20220810100000_20220810103653.csv
2022-08-11T22:00:00Z,1.0,323.64,2022-08-12,MarketResult_SEM-DA_PWR-MRC-D+1_20220811100000_20220811103852.csv
2022-08-11T23:00:00Z,1.0,293.31,2022-08-12,MarketResult_SEM-DA_PWR-MRC-D+1_20220811100000_20220811103852.csv
2022-08-12T00:00:00Z,1.0,303.29,2022-08-12,MarketResult_SEM-DA_PWR-MRC-D+1_20220811100000_20220811103852.csv
2022-08-12T01:00:00Z,1.0,285.37,2022-08-12,MarketResult_SEM-DA_PWR-MRC-D+1_20220811100000_20220811103852.csv
2022-08-12T02:00:00Z,1.0,286.72,2022-08-12,MarketResult_SEM-DA_PWR-MRC-D+1_20220811100000_20220811103852.csv
2022-08-12T03:00:00Z,1.0,300.04,2022-08-12,MarketResult_SEM-DA_PWR-MRC-D+1_20220811100000_20220811103852.csv
2022-08-12T04:00:00Z,1.0,323.64,2022-08-12,MarketResult_SEM-DA_PWR-MRC-D+1_20220811100000_20220811103852.csv
2022-08-12T05:00:00Z,1.0,323.64,2022-08-12,MarketResult_SEM-DA_PWR-MRC-D+1_20220811100000_20220811103852.csv
2022-08-12T06:00:00Z,1.0,393.0,2022-08-12,MarketResult_SEM-DA_PWR-MRC-D+1_20220811100000_20220811103852.csv
2022-08-12T07:00:00Z,1.0,429.93,2022-08-12,MarketResult_SEM-DA_PWR-MRC-D+1_20220811100000_20220811103852.csv
2022-08-12T08:00:00Z,1.0,411.37,2022-08-12,MarketResult_SEM-DA_PWR-MRC-D+1_20220811100000_20220811103852.csv
2022-08-12T09:00:00Z,1.0,395.72,2022-08-12,MarketResult_SEM-DA_PWR-MRC-D+1_20220811100000_20220811103852.csv
2022-08-12T10:00:00Z,1.0,374.3,2022-08-12,MarketResult_SEM-DA_PWR-MRC-D+1_20220811100000_20220811103852.csv
2022-08-12T11:00:00Z,1.0,364.42,2022-08-12,MarketResult_SEM-DA_PWR-MRC-D+1_20220811100000_20220811103852.csv
2022-08-12T12:00:00Z,1.0,360.13,2022-08-12,MarketResult_SEM-DA_PWR-MRC-D+1_20220811100000_20220811103852.csv
2022-08-12T13:00:00Z,1.0,359.76,2022-08-12,MarketResult_SEM-DA_PWR-MRC-D+1_20220811100000_20220811103852.csv
2022-08-12T14:00:00Z,1.0,370.59,2022-08-12,MarketResult_SEM-DA_PWR-MRC-D+1_20220811100000_20220811103852.csv
2022-08-12T15:00:00Z,1.0,420.95,2022-08-12,MarketResult_SEM-DA_PWR-MRC-D+1_20220811100000_20220811103852.csv
2022-08-12T16:00:00Z,1.0,430.0,2022-08-12,MarketResult_SEM-DA_PWR-MRC-D+1_20220811100000_20220811103852.csv
2022-08-12T17:00:00Z,1.0,430.45,2022-08-12,MarketResult_SEM-DA_PWR-MRC-D+1_20220811100000_20220811103852.csv
2022-08-12T18:00:00Z,1.0,415.0,2022-08-12,MarketResult_SEM-DA_PWR-MRC-D+1_20220811100000_20220811103852.csv
2022-08-12T19:00:00Z,1.0,393.0,2022-08-12,MarketResult_SEM-DA_PWR-MRC-D+1_20220811100000_20220811103852.csv
2022-08-12T20:00:00Z,1.0,381.0,2022-08-12,MarketResult_SEM-DA_PWR-MRC-D+1_20220811100000_20220811103852.csv
2022-08-12T21:00:00Z,1.0,356.43,2022-08-12,MarketResult_SEM-DA_PWR-MRC-D+1_20220811100000_20220811103852.csv
2022-08-12T22:00:00Z,1.0,350.99,2022-08-13,MarketResult_SEM-DA_PWR-MRC-D+1_20220812100000_20220812104012.csv
2022-08-12T23:00:00Z,1.0,334.42,2022-08-13,MarketResult_SEM-DA_PWR-MRC-D+1_20220812100000_20220812104012.csv
2022-08-13T00:00:00Z,1.0,338.01,2022-08-13,MarketResult_SEM-DA_PWR-MRC-D+1_20220812100000_20220812104012.csv
2022-08-13T01:00:00Z,1.0,332.0,2022-08-13,MarketResult_SEM-DA_PWR-MRC-D+1_20220812100000_20220812104012.csv
2022-08-13T02:00:00Z,1.0,325.0,2022-08-13,MarketResult_SEM-DA_PWR-MRC-D+1_20220812100000_20220812104012.csv
2022-08-13T03:00:00Z,1.0,325.0,2022-08-13,MarketResult_SEM-DA_PWR-MRC-D+1_20220812100000_20220812104012.csv
2022-08-13T04:00:00Z,1.0,326.52,2022-08-13,MarketResult_SEM-DA_PWR-MRC-D+1_20220812100000_20220812104012.csv
2022-08-13T05:00:00Z,1.0,335.66,2022-08-13,MarketResult_SEM-DA_PWR-MRC-D+1_20220812100000_20220812104012.csv
2022-08-13T06:00:00Z,1.0,340.62,2022-08-13,MarketResult_SEM-DA_PWR-MRC-D+1_20220812100000_20220812104012.csv
2022-08-13T07:00:00Z,1.0,366.19,2022-08-13,MarketResult_SEM-DA_PWR-MRC-D+1_20220812100000_20220812104012.csv
2022-08-13T08:00:00Z,1.0,369.5,2022-08-13,MarketResult_SEM-DA_PWR-MRC-D+1_20220812100000_20220812104012.csv
2022-08-13T09:00:00Z,1.0,366.19,2022-08-13,MarketResult_SEM-DA_PWR-MRC-D+1_20220812100000_20220812104012.csv
2022-08-13T10:00:00Z,1.0,361.6,2022-08-13,MarketResult_SEM-DA_PWR-MRC-D+1_20220812100000_20220812104012.csv
2022-08-13T11:00:00Z,1.0,357.84,2022-08-13,MarketResult_SEM-DA_PWR-MRC-D+1_20220812100000_20220812104012.csv
2022-08-13T12:00:00Z,1.0,345.78,2022-08-13,MarketResult_SEM-DA_PWR-MRC-D+1_20220812100000_20220812104012.csv
2022-08-13T13:00:00Z,1.0,345.49,2022-08-13,MarketResult_SEM-DA_PWR-MRC-D+1_20220812100000_20220812104012.csv
2022-08-13T14:00:00Z,1.0,345.45,2022-08-13,MarketResult_SEM-DA_PWR-MRC-D+1_20220812100000_20220812104012.csv
2022-08-13T15:00:00Z,1.0,385.0,2022-08-13,MarketResult_SEM-DA_PWR-MRC-D+1_20220812100000_20220812104012.csv
2022-08-13T16:00:00Z,1.0,404.25,2022-08-13,MarketResult_SEM-DA_PWR-MRC-D+1_20220812100000_20220812104012.csv
2022-08-13T17:00:00Z,1.0,404.25,2022-08-13,MarketResult_SEM-DA_PWR-MRC-D+1_20220812100000_20220812104012.csv
2022-08-13T18:00:00Z,1.0,400.8,2022-08-13,MarketResult_SEM-DA_PWR-MRC-D+1_20220812100000_20220812104012.csv
2022-08-13T19:00:00Z,1.0,401.0,2022-08-13,MarketResult_SEM-DA_PWR-MRC-D+1_20220812100000_20220812104012.csv
2022-08-13T20:00:00Z,1.0,391.05,2022-08-13,MarketResult_SEM-DA_PWR-MRC-D+1_20220812100000_20220812104012.csv
2022-08-13T21:00:00Z,1.0,356.0,2022-08-13,MarketResult_SEM-DA_PWR-MRC-D+1_20220812100000_20220812104012.csv
2022-08-13T22:00:00Z,1.0,384.07,2022-08-14,MarketResult_SEM-DA_PWR-MRC-D+1_20220813100000_20220813103424.csv
2022-08-13T23:00:00Z,1.0,374.0,2022-08-14,MarketResult_SEM-DA_PWR-MRC-D+1_20220813100000_20220813103424.csv
2022-08-14T00:00:00Z,1.0,358.35,2022-08-14,MarketResult_SEM-DA_PWR-MRC-D+1_20220813100000_20220813103424.csv
2022-08-14T01:00:00Z,1.0,353.0,2022-08-14,MarketResult_SEM-DA_PWR-MRC-D+1_20220813100000_20220813103424.csv
2022-08-14T02:00:00Z,1.0,342.33,2022-08-14,MarketResult_SEM-DA_PWR-MRC-D+1_20220813100000_20220813103424.csv
2022-08-14T03:00:00Z,1.0,351.07,2022-08-14,MarketResult_SEM-DA_PWR-MRC-D+1_20220813100000_20220813103424.csv
2022-08-14T04:00:00Z,1.0,345.0,2022-08-14,MarketResult_SEM-DA_PWR-MRC-D+1_20220813100000_20220813103424.csv
2022-08-14T05:00:00Z,1.0,335.0,2022-08-14,MarketResult_SEM-DA_PWR-MRC-D+1_20220813100000_20220813103424.csv
2022-08-14T06:00:00Z,1.0,345.0,2022-08-14,MarketResult_SEM-DA_PWR-MRC-D+1_20220813100000_20220813103424.csv
2022-08-14T07:00:00Z,1.0,355.0,2022-08-14,MarketResult_SEM-DA_PWR-MRC-D+1_20220813100000_20220813103424.csv
2022-08-14T08:00:00Z,1.0,370.0,2022-08-14,MarketResult_SEM-DA_PWR-MRC-D+1_20220813100000_20220813103424.csv
2022-08-14T09:00:00Z,1.0,376.02,2022-08-14,MarketResult_SEM-DA_PWR-MRC-D+1_20220813100000_20220813103424.csv
2022-08-14T10:00:00Z,1.0,376.17,2022-08-14,MarketResult_SEM-DA_PWR-MRC-D+1_20220813100000_20220813103424.csv
2022-08-14T11:00:00Z,1.0,379.4,2022-08-14,MarketResult_SEM-DA_PWR-MRC-D+1_20220813100000_20220813103424.csv
2022-08-14T12:00:00Z,1.0,375.0,2022-08-14,MarketResult_SEM-DA_PWR-MRC-D+1_20220813100000_20220813103424.csv
2022-08-14T13:00:00Z,1.0,367.6,2022-08-14,MarketResult_SEM-DA_PWR-MRC-D+1_20220813100000_20220813103424.csv
2022-08-14T14:00:00Z,1.0,363.04,2022-08-14,MarketResult_SEM-DA_PWR-MRC-D+1_20220813100000_20220813103424.csv
2022-08-14T15:00:00Z,1.0,394.25,2022-08-14,MarketResult_SEM-DA_PWR-MRC-D+1_20220813100000_20220813103424.csv
2022-08-14T16:00:00Z,1.0,415.0,2022-08-14,MarketResult_SEM-DA_PWR-MRC-D+1_20220813100000_20220813103424.csv
2022-08-14T17:00:00Z,1.0,424.0,2022-08-14,MarketResult_SEM-DA_PWR-MRC-D+1_20220813100000_20220813103424.csv
2022-08-14T18:00:00Z,1.0,405.21,2022-08-14,MarketResult_SEM-DA_PWR-MRC-D+1_20220813100000_20220813103424.csv
2022-08-14T19:00:00Z,1.0,415.0,2022-08-14,MarketResult_SEM-DA_PWR-MRC-D+1_20220813100000_20220813103424.csv
2022-08-14T20:00:00Z,1.0,413.0,2022-08-14,MarketResult_SEM-DA_PWR-MRC-D+1_20220813100000_20220813103424.csv
2022-08-14T21:00:00Z,1.0,384.07,2022-08-14,MarketResult_SEM-DA_PWR-MRC-D+1_20220813100000_20220813103424.csv
2022-08-14T22:00:00Z,1.0,371.24,2022-08-15,MarketResult_SEM-DA_PWR-MRC-D+1_20220814100000_20220814103624.csv
2022-08-14T23:00:00Z,1.0,365.98,2022-08-15,MarketResult_SEM-DA_PWR-MRC-D+1_20220814100000_20220814103624.csv
2022-08-15T00:00:00Z,1.0,350.77,2022-08-15,MarketResult_SEM-DA_PWR-MRC-D+1_20220814100000_20220814103624.csv
2022-08-15T01:00:00Z,1.0,343.27,2022-08-15,MarketResult_SEM-DA_PWR-MRC-D+1_20220814100000_20220814103624.csv
2022-08-15T02:00:00Z,1.0,339.0,2022-08-15,MarketResult_SEM-DA_PWR-MRC-D+1_20220814100000_20220814103624.csv
2022-08-15T03:00:00Z,1.0,345.0,2022-08-15,MarketResult_SEM-DA_PWR-MRC-D+1_20220814100000_20220814103624.csv
2022-08-15T04:00:00Z,1.0,361.62,2022-08-15,MarketResult_SEM-DA_PWR-MRC-D+1_20220814100000_20220814103624.csv
2022-08-15T05:00:00Z,1.0,372.54,2022-08-15,MarketResult_SEM-DA_PWR-MRC-D+1_20220814100000_20220814103624.csv
2022-08-15T06:00:00Z,1.0,389.5,2022-08-15,MarketResult_SEM-DA_PWR-MRC-D+1_20220814100000_20220814103624.csv
2022-08-15T07:00:00Z,1.0,428.49,2022-08-15,MarketResult_SEM-DA_PWR-MRC-D+1_20220814100000_20220814103624.csv
2022-08-15T08:00:00Z,1.0,413.0,2022-08-15,MarketResult_SEM-DA_PWR-MRC-D+1_20220814100000_20220814103624.csv
2022-08-15T09:00:00Z,1.0,397.19,2022-08-15,MarketResult_SEM-DA_PWR-MRC-D+1_20220814100000_20220814103624.csv
2022-08-15T10:00:00Z,1.0,389.77,2022-08-15,MarketResult_SEM-DA_PWR-MRC-D+1_20220814100000_20220814103624.csv
2022-08-15T11:00:00Z,1.0,387.64,2022-08-15,MarketResult_SEM-DA_PWR-MRC-D+1_20220814100000_20220814103624.csv
2022-08-15T12:00:00Z,1.0,380.02,2022-08-15,MarketResult_SEM-DA_PWR-MRC-D+1_20220814100000_20220814103624.csv
2022-08-15T13:00:00Z,1.0,376.5,2022-08-15,MarketResult_SEM-DA_PWR-MRC-D+1_20220814100000_20220814103624.csv
2022-08-15T14:00:00Z,1.0,379.84,2022-08-15,MarketResult_SEM-DA_PWR-MRC-D+1_20220814100000_20220814103624.csv
2022-08-15T15:00:00Z,1.0,379.67,2022-08-15,MarketResult_SEM-DA_PWR-MRC-D+1_20220814100000_20220814103624.csv
2022-08-15T16:00:00Z,1.0,382.51,2022-08-15,MarketResult_SEM-DA_PWR-MRC-D+1_20220814100000_20220814103624.csv
2022-08-15T17:00:00Z,1.0,369.56,2022-08-15,MarketResult_SEM-DA_PWR-MRC-D+1_20220814100000_20220814103624.csv
2022-08-15T18:00:00Z,1.0,352.15,2022-08-15,MarketResult_SEM-DA_PWR-MRC-D+1_20220814100000_20220814103624.csv
2022-08-15T19:00:00Z,1.0,368.53,2022-08-15,MarketResult_SEM-DA_PWR-MRC-D+1_20220814100000_20220814103624.csv
2022-08-15T20:00:00Z,1.0,353.09,2022-08-15,MarketResult_SEM-DA_PWR-MRC-D+1_20220814100000_20220814103624.csv
2022-08-15T21:00:00Z,1.0,298.53,2022-08-15,MarketResult_SEM-DA_PWR-MRC-D+1_20220814100000_20220814103624.csv
2022-08-15T22:00:00Z,1.0,368.0,2022-08-16,MarketResult_SEM-DA_PWR-MRC-D+1_20220815100000_20220815103537.csv
2022-08-15T23:00:00Z,1.0,336.18,2022-08-16,MarketResult_SEM-DA_PWR-MRC-D+1_20220815100000_20220815103537.csv
2022-08-16T00:00:00Z,1.0,307.46,2022-08-16,MarketResult_SEM-DA_PWR-MRC-D+1_20220815100000_20220815103537.csv
2022-08-16T01:00:00Z,1.0,289.0,2022-08-16,MarketResult_SEM-DA_PWR-MRC-D+1_20220815100000_20220815103537.csv
2022-08-16T02:00:00Z,1.0,279.12,2022-08-16,MarketResult_SEM-DA_PWR-MRC-D+1_20220815100000_20220815103537.csv
2022-08-16T03:00:00Z,1.0,283.41,2022-08-16,MarketResult_SEM-DA_PWR-MRC-D+1_20220815100000_20220815103537.csv
2022-08-16T04:00:00Z,1.0,297.38,2022-08-16,MarketResult_SEM-DA_PWR-MRC-D+1_20220815100000_20220815103537.csv
2022-08-16T05:00:00Z,1.0,330.98,2022-08-16,MarketResult_SEM-DA_PWR-MRC-D+1_20220815100000_20220815103537.csv
2022-08-16T06:00:00Z,1.0,393.31,2022-08-16,MarketResult_SEM-DA_PWR-MRC-D+1_20220815100000_20220815103537.csv
2022-08-16T07:00:00Z,1.0,416.0,2022-08-16,MarketResult_SEM-DA_PWR-MRC-D+1_20220815100000_20220815103537.csv
2022-08-16T08:00:00Z,1.0,411.0,2022-08-16,MarketResult_SEM-DA_PWR-MRC-D+1_20220815100000_20220815103537.csv
2022-08-16T09:00:00Z,1.0,401.0,2022-08-16,MarketResult_SEM-DA_PWR-MRC-D+1_20220815100000_20220815103537.csv
2022-08-16T10:00:00Z,1.0,389.21,2022-08-16,MarketResult_SEM-DA_PWR-MRC-D+1_20220815100000_20220815103537.csv
2022-08-16T11:00:00Z,1.0,382.18,2022-08-16,MarketResult_SEM-DA_PWR-MRC-D+1_20220815100000_20220815103537.csv
2022-08-16T12:00:00Z,1.0,371.83,2022-08-16,MarketResult_SEM-DA_PWR-MRC-D+1_20220815100000_20220815103537.csv
2022-08-16T13:00:00Z,1.0,377.0,2022-08-16,MarketResult_SEM-DA_PWR-MRC-D+1_20220815100000_20220815103537.csv
2022-08-16T14:00:00Z,1.0,385.0,2022-08-16,MarketResult_SEM-DA_PWR-MRC-D+1_20220815100000_20220815103537.csv
2022-08-16T15:00:00Z,1.0,412.87,2022-08-16,MarketResult_SEM-DA_PWR-MRC-D+1_20220815100000_20220815103537.csv
2022-08-16T16:00:00Z,1.0,416.0,2022-08-16,MarketResult_SEM-DA_PWR-MRC-D+1_20220815100000_20220815103537.csv
2022-08-16T17:00:00Z,1.0,416.0,2022-08-16,MarketResult_SEM-DA_PWR-MRC-D+1_20220815100000_20220815103537.csv
2022-08-16T18:00:00Z,1.0,401.04,2022-08-16,MarketResult_SEM-DA_PWR-MRC-D+1_20220815100000_20220815103537.csv
2022-08-16T19:00:00Z,1.0,395.0,2022-08-16,MarketResult_SEM-DA_PWR-MRC-D+1_20220815100000_20220815103537.csv
2022-08-16T20:00:00Z,1.0,407.03,2022-08-16,MarketResult_SEM-DA_PWR-MRC-D+1_20220815100000_20220815103537.csv
2022-08-16T21:00:00Z,1.0,389.0,2022-08-16,MarketResult_SEM-DA_PWR-MRC-D+1_20220815100000_20220815103537.csv
2022-08-16T22:00:00Z,1.0,339.73,2022-08-17,MarketResult_SEM-DA_PWR-MRC-D+1_20220816100000_20220816111440.csv
2022-08-16T23:00:00Z,1.0,326.81,2022-08-17,MarketResult_SEM-DA_PWR-MRC-D+1_20220816100000_20220816111440.csv
2022-08-17T00:00:00Z,1.0,327.62,2022-08-17,MarketResult_SEM-DA_PWR-MRC-D+1_20220816100000_20220816111440.csv
2022-08-17T01:00:00Z,1.0,320.0,2022-08-17,MarketResult_SEM-DA_PWR-MRC-D+1_20220816100000_20220816111440.csv
2022-08-17T02:00:00Z,1.0,320.0,2022-08-17,MarketResult_SEM-DA_PWR-MRC-D+1_20220816100000_20220816111440.csv
2022-08-17T03:00:00Z,1.0,321.98,2022-08-17,MarketResult_SEM-DA_PWR-MRC-D+1_20220816100000_20220816111440.csv
2022-08-17T04:00:00Z,1.0,334.9,2022-08-17,MarketResult_SEM-DA_PWR-MRC-D+1_20220816100000_20220816111440.csv
2022-08-17T05:00:00Z,1.0,355.67,2022-08-17,MarketResult_SEM-DA_PWR-MRC-D+1_20220816100000_20220816111440.csv
2022-08-17T06:00:00Z,1.0,400.9,2022-08-17,MarketResult_SEM-DA_PWR-MRC-D+1_20220816100000_20220816111440.csv
2022-08-17T07:00:00Z,1.0,439.67,2022-08-17,MarketResult_SEM-DA_PWR-MRC-D+1_20220816100000_20220816111440.csv
2022-08-17T08:00:00Z,1.0,450.35,2022-08-17,MarketResult_SEM-DA_PWR-MRC-D+1_20220816100000_20220816111440.csv
2022-08-17T09:00:00Z,1.0,452.21,2022-08-17,MarketResult_SEM-DA_PWR-MRC-D+1_20220816100000_20220816111440.csv
2022-08-17T10:00:00Z,1.0,471.26,2022-08-17,MarketResult_SEM-DA_PWR-MRC-D+1_20220816100000_20220816111440.csv
2022-08-17T11:00:00Z,1.0,471.26,2022-08-17,MarketResult_SEM-DA_PWR-MRC-D+1_20220816100000_20220816111440.csv
2022-08-17T12:00:00Z,1.0,471.0,2022-08-17,MarketResult_SEM-DA_PWR-MRC-D+1_20220816100000_20220816111440.csv
2022-08-17T13:00:00Z,1.0,468.0,2022-08-17,MarketResult_SEM-DA_PWR-MRC-D+1_20220816100000_20220816111440.csv
2022-08-17T14:00:00Z,1.0,472.26,2022-08-17,MarketResult_SEM-DA_PWR-MRC-D+1_20220816100000_20220816111440.csv
2022-08-17T15:00:00Z,1.0,485.86,2022-08-17,MarketResult_SEM-DA_PWR-MRC-D+1_20220816100000_20220816111440.csv
2022-08-17T16:00:00Z,1.0,476.31,2022-08-17,MarketResult_SEM-DA_PWR-MRC-D+1_20220816100000_20220816111440.csv
2022-08-17T17:00:00Z,1.0,470.0,2022-08-17,MarketResult_SEM-DA_PWR-MRC-D+1_20220816100000_20220816111440.csv
2022-08-17T18:00:00Z,1.0,452.44,2022-08-17,MarketResult_SEM-DA_PWR-MRC-D+1_20220816100000_20220816111440.csv
2022-08-17T19:00:00Z,1.0,437.22,2022-08-17,MarketResult_SEM-DA_PWR-MRC-D+1_20220816100000_20220816111440.csv
2022-08-17T20:00:00Z,1.0,417.61,2022-08-17,MarketResult_SEM-DA_PWR-MRC-D+1_20220816100000_20220816111440.csv
2022-08-17T21:00:00Z,1.0,385.47,2022-08-17,MarketResult_SEM-DA_PWR-MRC-D+1_20220816100000_20220816111440.csv
2022-08-17T22:00:00Z,1.0,403.0,2022-08-18,MarketResult_SEM-DA_PWR-MRC-D+1_20220817100000_20220817103601.csv
2022-08-17T23:00:00Z,1.0,383.65,2022-08-18,MarketResult_SEM-DA_PWR-MRC-D+1_20220817100000_20220817103601.csv
2022-08-18T00:00:00Z,1.0,367.0,2022-08-18,MarketResult_SEM-DA_PWR-MRC-D+1_20220817100000_20220817103601.csv
2022-08-18T01:00:00Z,1.0,349.0,2022-08-18,MarketResult_SEM-DA_PWR-MRC-D+1_20220817100000_20220817103601.csv
2022-08-18T02:00:00Z,1.0,337.79,2022-08-18,MarketResult_SEM-DA_PWR-MRC-D+1_20220817100000_20220817103601.csv
2022-08-18T03:00:00Z,1.0,335.0,2022-08-18,MarketResult_SEM-DA_PWR-MRC-D+1_20220817100000_20220817103601.csv
2022-08-18T04:00:00Z,1.0,357.57,2022-08-18,MarketResult_SEM-DA_PWR-MRC-D+1_20220817100000_20220817103601.csv
2022-08-18T05:00:00Z,1.0,391.34,2022-08-18,MarketResult_SEM-DA_PWR-MRC-D+1_20220817100000_20220817103601.csv
2022-08-18T06:00:00Z,1.0,422.87,2022-08-18,MarketResult_SEM-DA_PWR-MRC-D+1_20220817100000_20220817103601.csv
2022-08-18T07:00:00Z,1.0,474.39,2022-08-18,MarketResult_SEM-DA_PWR-MRC-D+1_20220817100000_20220817103601.csv
2022-08-18T08:00:00Z,1.0,471.77,2022-08-18,MarketResult_SEM-DA_PWR-MRC-D+1_20220817100000_20220817103601.csv
2022-08-18T09:00:00Z,1.0,460.0,2022-08-18,MarketResult_SEM-DA_PWR-MRC-D+1_20220817100000_20220817103601.csv
2022-08-18T10:00:00Z,1.0,450.0,2022-08-18,MarketResult_SEM-DA_PWR-MRC-D+1_20220817100000_20220817103601.csv
2022-08-18T11:00:00Z,1.0,425.0,2022-08-18,MarketResult_SEM-DA_PWR-MRC-D+1_20220817100000_20220817103601.csv
2022-08-18T12:00:00Z,1.0,419.08,2022-08-18,MarketResult_SEM-DA_PWR-MRC-D+1_20220817100000_20220817103601.csv
2022-08-18T13:00:00Z,1.0,407.76,2022-08-18,MarketResult_SEM-DA_PWR-MRC-D+1_20220817100000_20220817103601.csv
2022-08-18T14:00:00Z,1.0,402.97,2022-08-18,MarketResult_SEM-DA_PWR-MRC-D+1_20220817100000_20220817103601.csv
2022-08-18T15:00:00Z,1.0,389.2,2022-08-18,MarketResult_SEM-DA_PWR-MRC-D+1_20220817100000_20220817103601.csv
2022-08-18T16:00:00Z,1.0,390.44,2022-08-18,MarketResult_SEM-DA_PWR-MRC-D+1_20220817100000_20220817103601.csv
2022-08-18T17:00:00Z,1.0,390.68,2022-08-18,MarketResult_SEM-DA_PWR-MRC-D+1_20220817100000_20220817103601.csv
2022-08-18T18:00:00Z,1.0,390.13,2022-08-18,MarketResult_SEM-DA_PWR-MRC-D+1_20220817100000_20220817103601.csv
2022-08-18T19:00:00Z,1.0,398.96,2022-08-18,MarketResult_SEM-DA_PWR-MRC-D+1_20220817100000_20220817103601.csv
2022-08-18T20:00:00Z,1.0,402.33,2022-08-18,MarketResult_SEM-DA_PWR-MRC-D+1_20220817100000_20220817103601.csv
2022-08-18T21:00:00Z,1.0,354.08,2022-08-18,MarketResult_SEM-DA_PWR-MRC-D+1_20220817100000_20220817103601.csv
2022-08-18T22:00:00Z,1.0,321.7,2022-08-19,MarketResult_SEM-DA_PWR-MRC-D+1_20220818100000_20220818103513.csv
2022-08-18T23:00:00Z,1.0,325.0,2022-08-19,MarketResult_SEM-DA_PWR-MRC-D+1_20220818100000_20220818103513.csv
2022-08-19T00:00:00Z,1.0,300.01,2022-08-19,MarketResult_SEM-DA_PWR-MRC-D+1_20220818100000_20220818103513.csv
2022-08-19T01:00:00Z,1.0,295.36,2022-08-19,MarketResult_SEM-DA_PWR-MRC-D+1_20220818100000_20220818103513.csv
2022-08-19T02:00:00Z,1.0,290.32,2022-08-19,MarketResult_SEM-DA_PWR-MRC-D+1_20220818100000_20220818103513.csv
2022-08-19T03:00:00Z,1.0,295.36,2022-08-19,MarketResult_SEM-DA_PWR-MRC-D+1_20220818100000_20220818103513.csv
2022-08-19T04:00:00Z,1.0,322.24,2022-08-19,MarketResult_SEM-DA_PWR-MRC-D+1_20220818100000_20220818103513.csv
2022-08-19T05:00:00Z,1.0,339.0,2022-08-19,MarketResult_SEM-DA_PWR-MRC-D+1_20220818100000_20220818103513.csv
2022-08-19T06:00:00Z,1.0,382.21,2022-08-19,MarketResult_SEM-DA_PWR-MRC-D+1_20220818100000_20220818103513.csv
2022-08-19T07:00:00Z,1.0,402.07,2022-08-19,MarketResult_SEM-DA_PWR-MRC-D+1_20220818100000_20220818103513.csv
2022-08-19T08:00:00Z,1.0,388.95,2022-08-19,MarketResult_SEM-DA_PWR-MRC-D+1_20220818100000_20220818103513.csv
2022-08-19T09:00:00Z,1.0,384.08,2022-08-19,MarketResult_SEM-DA_PWR-MRC-D+1_20220818100000_20220818103513.csv
2022-08-19T10:00:00Z,1.0,372.65,2022-08-19,MarketResult_SEM-DA_PWR-MRC-D+1_20220818100000_20220818103513.csv
2022-08-19T11:00:00Z,1.0,365.82,2022-08-19,MarketResult_SEM-DA_PWR-MRC-D+1_20220818100000_20220818103513.csv
2022-08-19T12:00:00Z,1.0,353.34,2022-08-19,MarketResult_SEM-DA_PWR-MRC-D+1_20220818100000_20220818103513.csv
2022-08-19T13:00:00Z,1.0,353.34,2022-08-19,MarketResult_SEM-DA_PWR-MRC-D+1_20220818100000_20220818103513.csv
2022-08-19T14:00:00Z,1.0,353.34,2022-08-19,MarketResult_SEM-DA_PWR-MRC-D+1_20220818100000_20220818103513.csv
2022-08-19T15:00:00Z,1.0,365.64,2022-08-19,MarketResult_SEM-DA_PWR-MRC-D+1_20220818100000_20220818103513.csv
2022-08-19T16:00:00Z,1.0,378.6,2022-08-19,MarketResult_SEM-DA_PWR-MRC-D+1_20220818100000_20220818103513.csv
2022-08-19T17:00:00Z,1.0,378.61,2022-08-19,MarketResult_SEM-DA_PWR-MRC-D+1_20220818100000_20220818103513.csv
2022-08-19T18:00:00Z,1.0,383.26,2022-08-19,MarketResult_SEM-DA_PWR-MRC-D+1_20220818100000_20220818103513.csv
2022-08-19T19:00:00Z,1.0,385.94,2022-08-19,MarketResult_SEM-DA_PWR-MRC-D+1_20220818100000_20220818103513.csv
2022-08-19T20:00:00Z,1.0,379.0,2022-08-19,MarketResult_SEM-DA_PWR-MRC-D+1_20220818100000_20220818103513.csv
2022-08-19T21:00:00Z,1.0,339.0,2022-08-19,MarketResult_SEM-DA_PWR-MRC-D+1_20220818100000_20220818103513.csv
2022-08-19T22:00:00Z,1.0,399.0,2022-08-20,MarketResult_SEM-DA_PWR-MRC-D+1_20220819100000_20220819103434.csv
2022-08-19T23:00:00Z,1.0,399.0,2022-08-20,MarketResult_SEM-DA_PWR-MRC-D+1_20220819100000_20220819103434.csv
2022-08-20T00:00:00Z,1.0,309.0,2022-08-20,MarketResult_SEM-DA_PWR-MRC-D+1_20220819100000_20220819103434.csv
2022-08-20T01:00:00Z,1.0,255.04,2022-08-20,MarketResult_SEM-DA_PWR-MRC-D+1_20220819100000_20220819103434.csv
2022-08-20T02:00:00Z,1.0,205.0,2022-08-20,MarketResult_SEM-DA_PWR-MRC-D+1_20220819100000_20220819103434.csv
2022-08-20T03:00:00Z,1.0,200.88,2022-08-20,MarketResult_SEM-DA_PWR-MRC-D+1_20220819100000_20220819103434.csv
2022-08-20T04:00:00Z,1.0,141.94,2022-08-20,MarketResult_SEM-DA_PWR-MRC-D+1_20220819100000_20220819103434.csv
2022-08-20T05:00:00Z,1.0,180.0,2022-08-20,MarketResult_SEM-DA_PWR-MRC-D+1_20220819100000_20220819103434.csv
2022-08-20T06:00:00Z,1.0,272.8,2022-08-20,MarketResult_SEM-DA_PWR-MRC-D+1_20220819100000_20220819103434.csv
2022-08-20T07:00:00Z,1.0,295.3,2022-08-20,MarketResult_SEM-DA_PWR-MRC-D+1_20220819100000_20220819103434.csv
2022-08-20T08:00:00Z,1.0,286.94,2022-08-20,MarketResult_SEM-DA_PWR-MRC-D+1_20220819100000_20220819103434.csv
2022-08-20T09:00:00Z,1.0,299.97,2022-08-20,MarketResult_SEM-DA_PWR-MRC-D+1_20220819100000_20220819103434.csv
2022-08-20T10:00:00Z,1.0,286.94,2022-08-20,MarketResult_SEM-DA_PWR-MRC-D+1_20220819100000_20220819103434.csv
2022-08-20T11:00:00Z,1.0,281.34,2022-08-20,MarketResult_SEM-DA_PWR-MRC-D+1_20220819100000_20220819103434.csv
2022-08-20T12:00:00Z,1.0,273.17,2022-08-20,MarketResult_SEM-DA_PWR-MRC-D+1_20220819100000_20220819103434.csv
2022-08-20T13:00:00Z,1.0,271.3,2022-08-20,MarketResult_SEM-DA_PWR-MRC-D+1_20220819100000_20220819103434.csv
2022-08-20T14:00:00Z,1.0,278.45,2022-08-20,MarketResult_SEM-DA_PWR-MRC-D+1_20220819100000_20220819103434.csv
2022-08-20T15:00:00Z,1.0,295.73,2022-08-20,MarketResult_SEM-DA_PWR-MRC-D+1_20220819100000_20220819103434.csv
2022-08-20T16:00:00Z,1.0,379.16,2022-08-20,MarketResult_SEM-DA_PWR-MRC-D+1_20220819100000_20220819103434.csv
2022-08-20T17:00:00Z,1.0,414.0,2022-08-20,MarketResult_SEM-DA_PWR-MRC-D+1_20220819100000_20220819103434.csv
2022-08-20T18:00:00Z,1.0,467.08,2022-08-20,MarketResult_SEM-DA_PWR-MRC-D+1_20220819100000_20220819103434.csv
2022-08-20T19:00:00Z,1.0,493.98,2022-08-20,MarketResult_SEM-DA_PWR-MRC-D+1_20220819100000_20220819103434.csv
2022-08-20T20:00:00Z,1.0,494.98,2022-08-20,MarketResult_SEM-DA_PWR-MRC-D+1_20220819100000_20220819103434.csv
2022-08-20T21:00:00Z,1.0,470.0,2022-08-20,MarketResult_SEM-DA_PWR-MRC-D+1_20220819100000_20220819103434.csv
2022-08-20T22:00:00Z,1.0,400.1,2022-08-21,MarketResult_SEM-DA_PWR-MRC-D+1_20220820100000_20220820103341.csv
2022-08-20T23:00:00Z,1.0,381.13,2022-08-21,MarketResult_SEM-DA_PWR-MRC-D+1_20220820100000_20220820103341.csv
2022-08-21T00:00:00Z,1.0,371.9,2022-08-21,MarketResult_SEM-DA_PWR-MRC-D+1_20220820100000_20220820103341.csv
2022-08-21T01:00:00Z,1.0,365.7,2022-08-21,MarketResult_SEM-DA_PWR-MRC-D+1_20220820100000_20220820103341.csv
2022-08-21T02:00:00Z,1.0,362.0,2022-08-21,MarketResult_SEM-DA_PWR-MRC-D+1_20220820100000_20220820103341.csv
2022-08-21T03:00:00Z,1.0,360.57,2022-08-21,MarketResult_SEM-DA_PWR-MRC-D+1_20220820100000_20220820103341.csv
2022-08-21T04:00:00Z,1.0,365.7,2022-08-21,MarketResult_SEM-DA_PWR-MRC-D+1_20220820100000_20220820103341.csv
2022-08-21T05:00:00Z,1.0,371.73,2022-08-21,MarketResult_SEM-DA_PWR-MRC-D+1_20220820100000_20220820103341.csv
2022-08-21T06:00:00Z,1.0,340.49,2022-08-21,MarketResult_SEM-DA_PWR-MRC-D+1_20220820100000_20220820103341.csv
2022-08-21T07:00:00Z,1.0,354.51,2022-08-21,MarketResult_SEM-DA_PWR-MRC-D+1_20220820100000_20220820103341.csv
2022-08-21T08:00:00Z,1.0,349.86,2022-08-21,MarketResult_SEM-DA_PWR-MRC-D+1_20220820100000_20220820103341.csv
2022-08-21T09:00:00Z,1.0,365.53,2022-08-21,MarketResult_SEM-DA_PWR-MRC-D+1_20220820100000_20220820103341.csv
2022-08-21T10:00:00Z,1.0,384.3,2022-08-21,MarketResult_SEM-DA_PWR-MRC-D+1_20220820100000_20220820103341.csv
2022-08-21T11:00:00Z,1.0,371.4,2022-08-21,MarketResult_SEM-DA_PWR-MRC-D+1_20220820100000_20220820103341.csv
2022-08-21T12:00:00Z,1.0,366.11,2022-08-21,MarketResult_SEM-DA_PWR-MRC-D+1_20220820100000_20220820103341.csv
2022-08-21T13:00:00Z,1.0,366.0,2022-08-21,MarketResult_SEM-DA_PWR-MRC-D+1_20220820100000_20220820103341.csv
2022-08-21T14:00:00Z,1.0,371.31,2022-08-21,MarketResult_SEM-DA_PWR-MRC-D+1_20220820100000_20220820103341.csv
2022-08-21T15:00:00Z,1.0,419.0,2022-08-21,MarketResult_SEM-DA_PWR-MRC-D+1_20220820100000_20220820103341.csv
2022-08-21T16:00:00Z,1.0,481.84,2022-08-21,MarketResult_SEM-DA_PWR-MRC-D+1_20220820100000_20220820103341.csv
2022-08-21T17:00:00Z,1.0,463.19,2022-08-21,MarketResult_SEM-DA_PWR-MRC-D+1_20220820100000_20220820103341.csv
2022-08-21T18:00:00Z,1.0,437.74,2022-08-21,MarketResult_SEM-DA_PWR-MRC-D+1_20220820100000_20220820103341.csv
2022-08-21T19:00:00Z,1.0,450.0,2022-08-21,MarketResult_SEM-DA_PWR-MRC-D+1_20220820100000_20220820103341.csv
2022-08-21T20:00:00Z,1.0,433.98,2022-08-21,MarketResult_SEM-DA_PWR-MRC-D+1_20220820100000_20220820103341.csv
2022-08-21T21:00:00Z,1.0,372.41,2022-08-21,MarketResult_SEM-DA_PWR-MRC-D+1_20220820100000_20220820103341.csv
2022-08-21T22:00:00Z,1.0,392.41,2022-08-22,MarketResult_SEM-DA_PWR-MRC-D+1_20220821100000_20220821103612.csv
2022-08-21T23:00:00Z,1.0,387.43,2022-08-22,MarketResult_SEM-DA_PWR-MRC-D+1_20220821100000_20220821103612.csv
2022-08-22T00:00:00Z,1.0,368.44,2022-08-22,MarketResult_SEM-DA_PWR-MRC-D+1_20220821100000_20220821103612.csv
2022-08-22T01:00:00Z,1.0,364.21,2022-08-22,MarketResult_SEM-DA_PWR-MRC-D+1_20220821100000_20220821103612.csv
2022-08-22T02:00:00Z,1.0,364.21,2022-08-22,MarketResult_SEM-DA_PWR-MRC-D+1_20220821100000_20220821103612.csv
2022-08-22T03:00:00Z,1.0,366.46,2022-08-22,MarketResult_SEM-DA_PWR-MRC-D+1_20220821100000_20220821103612.csv
2022-08-22T04:00:00Z,1.0,372.43,2022-08-22,MarketResult_SEM-DA_PWR-MRC-D+1_20220821100000_20220821103612.csv
2022-08-22T05:00:00Z,1.0,372.6,2022-08-22,MarketResult_SEM-DA_PWR-MRC-D+1_20220821100000_20220821103612.csv
2022-08-22T06:00:00Z,1.0,386.37,2022-08-22,MarketResult_SEM-DA_PWR-MRC-D+1_20220821100000_20220821103612.csv
2022-08-22T07:00:00Z,1.0,425.0,2022-08-22,MarketResult_SEM-DA_PWR-MRC-D+1_20220821100000_20220821103612.csv
2022-08-22T08:00:00Z,1.0,438.74,2022-08-22,MarketResult_SEM-DA_PWR-MRC-D+1_20220821100000_20220821103612.csv
2022-08-22T09:00:00Z,1.0,453.64,2022-08-22,MarketResult_SEM-DA_PWR-MRC-D+1_20220821100000_20220821103612.csv
2022-08-22T10:00:00Z,1.0,458.69,2022-08-22,MarketResult_SEM-DA_PWR-MRC-D+1_20220821100000_20220821103612.csv
2022-08-22T11:00:00Z,1.0,457.9,2022-08-22,MarketResult_SEM-DA_PWR-MRC-D+1_20220821100000_20220821103612.csv
2022-08-22T12:00:00Z,1.0,445.91,2022-08-22,MarketResult_SEM-DA_PWR-MRC-D+1_20220821100000_20220821103612.csv
2022-08-22T13:00:00Z,1.0,433.0,2022-08-22,MarketResult_SEM-DA_PWR-MRC-D+1_20220821100000_20220821103612.csv
2022-08-22T14:00:00Z,1.0,421.31,2022-08-22,MarketResult_SEM-DA_PWR-MRC-D+1_20220821100000_20220821103612.csv
2022-08-22T15:00:00Z,1.0,425.0,2022-08-22,MarketResult_SEM-DA_PWR-MRC-D+1_20220821100000_20220821103612.csv
2022-08-22T16:00:00Z,1.0,453.64,2022-08-22,MarketResult_SEM-DA_PWR-MRC-D+1_20220821100000_20220821103612.csv
2022-08-22T17:00:00Z,1.0,446.55,2022-08-22,MarketResult_SEM-DA_PWR-MRC-D+1_20220821100000_20220821103612.csv
2022-08-22T18:00:00Z,1.0,420.48,2022-08-22,MarketResult_SEM-DA_PWR-MRC-D+1_20220821100000_20220821103612.csv
2022-08-22T19:00:00Z,1.0,407.27,2022-08-22,MarketResult_SEM-DA_PWR-MRC-D+1_20220821100000_20220821103612.csv
2022-08-22T20:00:00Z,1.0,400.38,2022-08-22,MarketResult_SEM-DA_PWR-MRC-D+1_20220821100000_20220821103612.csv
2022-08-22T21:00:00Z,1.0,369.63,2022-08-22,MarketResult_SEM-DA_PWR-MRC-D+1_20220821100000_20220821103612.csv
2022-08-22T22:00:00Z,1.0,447.29,2022-08-23,MarketResult_SEM-DA_PWR-MRC-D+1_20220822100000_20220822103533.csv
2022-08-22T23:00:00Z,1.0,437.67,2022-08-23,MarketResult_SEM-DA_PWR-MRC-D+1_20220822100000_20220822103533.csv
2022-08-23T00:00:00Z,1.0,424.0,2022-08-23,MarketResult_SEM-DA_PWR-MRC-D+1_20220822100000_20220822103533.csv
2022-08-23T01:00:00Z,1.0,416.0,2022-08-23,MarketResult_SEM-DA_PWR-MRC-D+1_20220822100000_20220822103533.csv
2022-08-23T02:00:00Z,1.0,409.79,2022-08-23,MarketResult_SEM-DA_PWR-MRC-D+1_20220822100000_20220822103533.csv
2022-08-23T03:00:00Z,1.0,419.39,2022-08-23,MarketResult_SEM-DA_PWR-MRC-D+1_20220822100000_20220822103533.csv
2022-08-23T04:00:00Z,1.0,438.99,2022-08-23,MarketResult_SEM-DA_PWR-MRC-D+1_20220822100000_20220822103533.csv
2022-08-23T05:00:00Z,1.0,460.17,2022-08-23,MarketResult_SEM-DA_PWR-MRC-D+1_20220822100000_20220822103533.csv
2022-08-23T06:00:00Z,1.0,502.5,2022-08-23,MarketResult_SEM-DA_PWR-MRC-D+1_20220822100000_20220822103533.csv
2022-08-23T07:00:00Z,1.0,559.3,2022-08-23,MarketResult_SEM-DA_PWR-MRC-D+1_20220822100000_20220822103533.csv
2022-08-23T08:00:00Z,1.0,577.0,2022-08-23,MarketResult_SEM-DA_PWR-MRC-D+1_20220822100000_20220822103533.csv
2022-08-23T09:00:00Z,1.0,559.3,2022-08-23,MarketResult_SEM-DA_PWR-MRC-D+1_20220822100000_20220822103533.csv
2022-08-23T10:00:00Z,1.0,550.42,2022-08-23,MarketResult_SEM-DA_PWR-MRC-D+1_20220822100000_20220822103533.csv
2022-08-23T11:00:00Z,1.0,550.0,2022-08-23,MarketResult_SEM-DA_PWR-MRC-D+1_20220822100000_20220822103533.csv
2022-08-23T12:00:00Z,1.0,540.0,2022-08-23,MarketResult_SEM-DA_PWR-MRC-D+1_20220822100000_20220822103533.csv
2022-08-23T13:00:00Z,1.0,535.06,2022-08-23,MarketResult_SEM-DA_PWR-MRC-D+1_20220822100000_20220822103533.csv
2022-08-23T14:00:00Z,1.0,518.05,2022-08-23,MarketResult_SEM-DA_PWR-MRC-D+1_20220822100000_20220822103533.csv
2022-08-23T15:00:00Z,1.0,550.0,2022-08-23,MarketResult_SEM-DA_PWR-MRC-D+1_20220822100000_20220822103533.csv
2022-08-23T16:00:00Z,1.0,536.22,2022-08-23,MarketResult_SEM-DA_PWR-MRC-D+1_20220822100000_20220822103533.csv
2022-08-23T17:00:00Z,1.0,536.22,2022-08-23,MarketResult_SEM-DA_PWR-MRC-D+1_20220822100000_20220822103533.csv
2022-08-23T18:00:00Z,1.0,527.87,2022-08-23,MarketResult_SEM-DA_PWR-MRC-D+1_20220822100000_20220822103533.csv
2022-08-23T19:00:00Z,1.0,516.12,2022-08-23,MarketResult_SEM-DA_PWR-MRC-D+1_20220822100000_20220822103533.csv
2022-08-23T20:00:00Z,1.0,507.77,2022-08-23,MarketResult_SEM-DA_PWR-MRC-D+1_20220822100000_20220822103533.csv
2022-08-23T21:00:00Z,1.0,491.57,2022-08-23,MarketResult_SEM-DA_PWR-MRC-D+1_20220822100000_20220822103533.csv
2022-08-23T22:00:00Z,1.0,495.0,2022-08-24,MarketResult_SEM-DA_PWR-MRC-D+1_20220823100000_20220823104045.csv
2022-08-23T23:00:00Z,1.0,480.0,2022-08-24,MarketResult_SEM-DA_PWR-MRC-D+1_20220823100000_20220823104045.csv
2022-08-24T00:00:00Z,1.0,456.55,2022-08-24,MarketResult_SEM-DA_PWR-MRC-D+1_20220823100000_20220823104045.csv
2022-08-24T01:00:00Z,1.0,449.53,2022-08-24,MarketResult_SEM-DA_PWR-MRC-D+1_20220823100000_20220823104045.csv
2022-08-24T02:00:00Z,1.0,445.0,2022-08-24,MarketResult_SEM-DA_PWR-MRC-D+1_20220823100000_20220823104045.csv
2022-08-24T03:00:00Z,1.0,435.51,2022-08-24,MarketResult_SEM-DA_PWR-MRC-D+1_20220823100000_20220823104045.csv
2022-08-24T04:00:00Z,1.0,431.92,2022-08-24,MarketResult_SEM-DA_PWR-MRC-D+1_20220823100000_20220823104045.csv
2022-08-24T05:00:00Z,1.0,438.22,2022-08-24,MarketResult_SEM-DA_PWR-MRC-D+1_20220823100000_20220823104045.csv
2022-08-24T06:00:00Z,1.0,499.54,2022-08-24,MarketResult_SEM-DA_PWR-MRC-D+1_20220823100000_20220823104045.csv
2022-08-24T07:00:00Z,1.0,592.55,2022-08-24,MarketResult_SEM-DA_PWR-MRC-D+1_20220823100000_20220823104045.csv
2022-08-24T08:00:00Z,1.0,591.36,2022-08-24,MarketResult_SEM-DA_PWR-MRC-D+1_20220823100000_20220823104045.csv
2022-08-24T09:00:00Z,1.0,560.0,2022-08-24,MarketResult_SEM-DA_PWR-MRC-D+1_20220823100000_20220823104045.csv
2022-08-24T10:00:00Z,1.0,498.54,2022-08-24,MarketResult_SEM-DA_PWR-MRC-D+1_20220823100000_20220823104045.csv
2022-08-24T11:00:00Z,1.0,485.0,2022-08-24,MarketResult_SEM-DA_PWR-MRC-D+1_20220823100000_20220823104045.csv
2022-08-24T12:00:00Z,1.0,454.3,2022-08-24,MarketResult_SEM-DA_PWR-MRC-D+1_20220823100000_20220823104045.csv
2022-08-24T13:00:00Z,1.0,441.56,2022-08-24,MarketResult_SEM-DA_PWR-MRC-D+1_20220823100000_20220823104045.csv
2022-08-24T14:00:00Z,1.0,438.62,2022-08-24,MarketResult_SEM-DA_PWR-MRC-D+1_20220823100000_20220823104045.csv
2022-08-24T15:00:00Z,1.0,440.0,2022-08-24,MarketResult_SEM-DA_PWR-MRC-D+1_20220823100000_20220823104045.csv
2022-08-24T16:00:00Z,1.0,447.5,2022-08-24,MarketResult_SEM-DA_PWR-MRC-D+1_20220823100000_20220823104045.csv
2022-08-24T17:00:00Z,1.0,460.0,2022-08-24,MarketResult_SEM-DA_PWR-MRC-D+1_20220823100000_20220823104045.csv
2022-08-24T18:00:00Z,1.0,460.0,2022-08-24,MarketResult_SEM-DA_PWR-MRC-D+1_20220823100000_20220823104045.csv
2022-08-24T19:00:00Z,1.0,473.85,2022-08-24,MarketResult_SEM-DA_PWR-MRC-D+1_20220823100000_20220823104045.csv
2022-08-24T20:00:00Z,1.0,498.54,2022-08-24,MarketResult_SEM-DA_PWR-MRC-D+1_20220823100000_20220823104045.csv
2022-08-24T21:00:00Z,1.0,463.09,2022-08-24,MarketResult_SEM-DA_PWR-MRC-D+1_20220823100000_20220823104045.csv
2022-08-24T22:00:00Z,1.0,454.0,2022-08-25,MarketResult_SEM-DA_PWR-MRC-D+1_20220824100000_20220824103512.csv
2022-08-24T23:00:00Z,1.0,448.64,2022-08-25,MarketResult_SEM-DA_PWR-MRC-D+1_20220824100000_20220824103512.csv
2022-08-25T00:00:00Z,1.0,446.19,2022-08-25,MarketResult_SEM-DA_PWR-MRC-D+1_20220824100000_20220824103512.csv
2022-08-25T01:00:00Z,1.0,439.49,2022-08-25,MarketResult_SEM-DA_PWR-MRC-D+1_20220824100000_20220824103512.csv
2022-08-25T02:00:00Z,1.0,439.49,2022-08-25,MarketResult_SEM-DA_PWR-MRC-D+1_20220824100000_20220824103512.csv
2022-08-25T03:00:00Z,1.0,448.41,2022-08-25,MarketResult_SEM-DA_PWR-MRC-D+1_20220824100000_20220824103512.csv
2022-08-25T04:00:00Z,1.0,463.0,2022-08-25,MarketResult_SEM-DA_PWR-MRC-D+1_20220824100000_20220824103512.csv
2022-08-25T05:00:00Z,1.0,468.0,2022-08-25,MarketResult_SEM-DA_PWR-MRC-D+1_20220824100000_20220824103512.csv
2022-08-25T06:00:00Z,1.0,532.52,2022-08-25,MarketResult_SEM-DA_PWR-MRC-D+1_20220824100000_20220824103512.csv
2022-08-25T07:00:00Z,1.0,556.5,2022-08-25,MarketResult_SEM-DA_PWR-MRC-D+1_20220824100000_20220824103512.csv
2022-08-25T08:00:00Z,1.0,550.0,2022-08-25,MarketResult_SEM-DA_PWR-MRC-D+1_20220824100000_20220824103512.csv
2022-08-25T09:00:00Z,1.0,519.17,2022-08-25,MarketResult_SEM-DA_PWR-MRC-D+1_20220824100000_20220824103512.csv
2022-08-25T10:00:00Z,1.0,540.0,2022-08-25,MarketResult_SEM-DA_PWR-MRC-D+1_20220824100000_20220824103512.csv
2022-08-25T11:00:00Z,1.0,503.7,2022-08-25,MarketResult_SEM-DA_PWR-MRC-D+1_20220824100000_20220824103512.csv
2022-08-25T12:00:00Z,1.0,499.56,2022-08-25,MarketResult_SEM-DA_PWR-MRC-D+1_20220824100000_20220824103512.csv
2022-08-25T13:00:00Z,1.0,475.0,2022-08-25,MarketResult_SEM-DA_PWR-MRC-D+1_20220824100000_20220824103512.csv
2022-08-25T14:00:00Z,1.0,465.0,2022-08-25,MarketResult_SEM-DA_PWR-MRC-D+1_20220824100000_20220824103512.csv
2022-08-25T15:00:00Z,1.0,489.0,2022-08-25,MarketResult_SEM-DA_PWR-MRC-D+1_20220824100000_20220824103512.csv
2022-08-25T16:00:00Z,1.0,500.56,2022-08-25,MarketResult_SEM-DA_PWR-MRC-D+1_20220824100000_20220824103512.csv
2022-08-25T17:00:00Z,1.0,494.98,2022-08-25,MarketResult_SEM-DA_PWR-MRC-D+1_20220824100000_20220824103512.csv
2022-08-25T18:00:00Z,1.0,475.0,2022-08-25,MarketResult_SEM-DA_PWR-MRC-D+1_20220824100000_20220824103512.csv
2022-08-25T19:00:00Z,1.0,475.0,2022-08-25,MarketResult_SEM-DA_PWR-MRC-D+1_20220824100000_20220824103512.csv
2022-08-25T20:00:00Z,1.0,465.0,2022-08-25,MarketResult_SEM-DA_PWR-MRC-D+1_20220824100000_20220824103512.csv
2022-08-25T21:00:00Z,1.0,440.0,2022-08-25,MarketResult_SEM-DA_PWR-MRC-D+1_20220824100000_20220824103512.csv
2022-08-25T22:00:00Z,1.0,507.8,2022-08-26,MarketResult_SEM-DA_PWR-MRC-D+1_20220825100000_20220825103704.csv
2022-08-25T23:00:00Z,1.0,499.38,2022-08-26,MarketResult_SEM-DA_PWR-MRC-D+1_20220825100000_20220825103704.csv
2022-08-26T00:00:00Z,1.0,492.95,2022-08-26,MarketResult_SEM-DA_PWR-MRC-D+1_20220825100000_20220825103704.csv
2022-08-26T01:00:00Z,1.0,475.0,2022-08-26,MarketResult_SEM-DA_PWR-MRC-D+1_20220825100000_20220825103704.csv
2022-08-26T02:00:00Z,1.0,472.11,2022-08-26,MarketResult_SEM-DA_PWR-MRC-D+1_20220825100000_20220825103704.csv
2022-08-26T03:00:00Z,1.0,472.11,2022-08-26,MarketResult_SEM-DA_PWR-MRC-D+1_20220825100000_20220825103704.csv
2022-08-26T04:00:00Z,1.0,487.3,2022-08-26,MarketResult_SEM-DA_PWR-MRC-D+1_20220825100000_20220825103704.csv
2022-08-26T05:00:00Z,1.0,492.06,2022-08-26,MarketResult_SEM-DA_PWR-MRC-D+1_20220825100000_20220825103704.csv
2022-08-26T06:00:00Z,1.0,591.8,2022-08-26,MarketResult_SEM-DA_PWR-MRC-D+1_20220825100000_20220825103704.csv
2022-08-26T07:00:00Z,1.0,601.31,2022-08-26,MarketResult_SEM-DA_PWR-MRC-D+1_20220825100000_20220825103704.csv
2022-08-26T08:00:00Z,1.0,600.0,2022-08-26,MarketResult_SEM-DA_PWR-MRC-D+1_20220825100000_20220825103704.csv
2022-08-26T09:00:00Z,1.0,600.0,2022-08-26,MarketResult_SEM-DA_PWR-MRC-D+1_20220825100000_20220825103704.csv
2022-08-26T10:00:00Z,1.0,599.47,2022-08-26,MarketResult_SEM-DA_PWR-MRC-D+1_20220825100000_20220825103704.csv
2022-08-26T11:00:00Z,1.0,600.0,2022-08-26,MarketResult_SEM-DA_PWR-MRC-D+1_20220825100000_20220825103704.csv
2022-08-26T12:00:00Z,1.0,599.0,2022-08-26,MarketResult_SEM-DA_PWR-MRC-D+1_20220825100000_20220825103704.csv
2022-08-26T13:00:00Z,1.0,591.8,2022-08-26,MarketResult_SEM-DA_PWR-MRC-D+1_20220825100000_20220825103704.csv
2022-08-26T14:00:00Z,1.0,598.76,2022-08-26,MarketResult_SEM-DA_PWR-MRC-D+1_20220825100000_20220825103704.csv
2022-08-26T15:00:00Z,1.0,599.0,2022-08-26,MarketResult_SEM-DA_PWR-MRC-D+1_20220825100000_20220825103704.csv
2022-08-26T16:00:00Z,1.0,600.0,2022-08-26,MarketResult_SEM-DA_PWR-MRC-D+1_20220825100000_20220825103704.csv
2022-08-26T17:00:00Z,1.0,600.0,2022-08-26,MarketResult_SEM-DA_PWR-MRC-D+1_20220825100000_20220825103704.csv
2022-08-26T18:00:00Z,1.0,585.7,2022-08-26,MarketResult_SEM-DA_PWR-MRC-D+1_20220825100000_20220825103704.csv
2022-08-26T19:00:00Z,1.0,566.53,2022-08-26,MarketResult_SEM-DA_PWR-MRC-D+1_20220825100000_20220825103704.csv
2022-08-26T20:00:00Z,1.0,559.85,2022-08-26,MarketResult_SEM-DA_PWR-MRC-D+1_20220825100000_20220825103704.csv
2022-08-26T21:00:00Z,1.0,513.36,2022-08-26,MarketResult_SEM-DA_PWR-MRC-D+1_20220825100000_20220825103704.csv
2022-08-26T22:00:00Z,1.0,537.07,2022-08-27,MarketResult_SEM-DA_PWR-MRC-D+1_20220826100000_20220826104316.csv
2022-08-26T23:00:00Z,1.0,514.85,2022-08-27,MarketResult_SEM-DA_PWR-MRC-D+1_20220826100000_20220826104316.csv
2022-08-27T00:00:00Z,1.0,502.62,2022-08-27,MarketResult_SEM-DA_PWR-MRC-D+1_20220826100000_20220826104316.csv
2022-08-27T01:00:00Z,1.0,491.08,2022-08-27,MarketResult_SEM-DA_PWR-MRC-D+1_20220826100000_20220826104316.csv
2022-08-27T02:00:00Z,1.0,491.08,2022-08-27,MarketResult_SEM-DA_PWR-MRC-D+1_20220826100000_20220826104316.csv
2022-08-27T03:00:00Z,1.0,489.0,2022-08-27,MarketResult_SEM-DA_PWR-MRC-D+1_20220826100000_20220826104316.csv
2022-08-27T04:00:00Z,1.0,492.04,2022-08-27,MarketResult_SEM-DA_PWR-MRC-D+1_20220826100000_20220826104316.csv
2022-08-27T05:00:00Z,1.0,500.0,2022-08-27,MarketResult_SEM-DA_PWR-MRC-D+1_20220826100000_20220826104316.csv
2022-08-27T06:00:00Z,1.0,524.08,2022-08-27,MarketResult_SEM-DA_PWR-MRC-D+1_20220826100000_20220826104316.csv
2022-08-27T07:00:00Z,1.0,587.2,2022-08-27,MarketResult_SEM-DA_PWR-MRC-D+1_20220826100000_20220826104316.csv
2022-08-27T08:00:00Z,1.0,586.0,2022-08-27,MarketResult_SEM-DA_PWR-MRC-D+1_20220826100000_20220826104316.csv
2022-08-27T09:00:00Z,1.0,571.8,2022-08-27,MarketResult_SEM-DA_PWR-MRC-D+1_20220826100000_20220826104316.csv
2022-08-27T10:00:00Z,1.0,556.0,2022-08-27,MarketResult_SEM-DA_PWR-MRC-D+1_20220826100000_20220826104316.csv
2022-08-27T11:00:00Z,1.0,525.92,2022-08-27,MarketResult_SEM-DA_PWR-MRC-D+1_20220826100000_20220826104316.csv
2022-08-27T12:00:00Z,1.0,514.0,2022-08-27,MarketResult_SEM-DA_PWR-MRC-D+1_20220826100000_20220826104316.csv
2022-08-27T13:00:00Z,1.0,507.07,2022-08-27,MarketResult_SEM-DA_PWR-MRC-D+1_20220826100000_20220826104316.csv
2022-08-27T14:00:00Z,1.0,513.85,2022-08-27,MarketResult_SEM-DA_PWR-MRC-D+1_20220826100000_20220826104316.csv
2022-08-27T15:00:00Z,1.0,540.7,2022-08-27,MarketResult_SEM-DA_PWR-MRC-D+1_20220826100000_20220826104316.csv
2022-08-27T16:00:00Z,1.0,610.0,2022-08-27,MarketResult_SEM-DA_PWR-MRC-D+1_20220826100000_20220826104316.csv
2022-08-27T17:00:00Z,1.0,653.17,2022-08-27,MarketResult_SEM-DA_PWR-MRC-D+1_20220826100000_20220826104316.csv
2022-08-27T18:00:00Z,1.0,633.35,2022-08-27,MarketResult_SEM-DA_PWR-MRC-D+1_20220826100000_20220826104316.csv
2022-08-27T19:00:00Z,1.0,618.35,2022-08-27,MarketResult_SEM-DA_PWR-MRC-D+1_20220826100000_20220826104316.csv
2022-08-27T20:00:00Z,1.0,595.27,2022-08-27,MarketResult_SEM-DA_PWR-MRC-D+1_20220826100000_20220826104316.csv
2022-08-27T21:00:00Z,1.0,523.0,2022-08-27,MarketResult_SEM-DA_PWR-MRC-D+1_20220826100000_20220826104316.csv
2022-08-27T22:00:00Z,1.0,519.55,2022-08-28,MarketResult_SEM-DA_PWR-MRC-D+1_20220827100000_20220827103549.csv
2022-08-27T23:00:00Z,1.0,505.33,2022-08-28,MarketResult_SEM-DA_PWR-MRC-D+1_20220827100000_20220827103549.csv
2022-08-28T00:00:00Z,1.0,512.32,2022-08-28,MarketResult_SEM-DA_PWR-MRC-D+1_20220827100000_20220827103549.csv
2022-08-28T01:00:00Z,1.0,492.74,2022-08-28,MarketResult_SEM-DA_PWR-MRC-D+1_20220827100000_20220827103549.csv
2022-08-28T02:00:00Z,1.0,491.3,2022-08-28,MarketResult_SEM-DA_PWR-MRC-D+1_20220827100000_20220827103549.csv
2022-08-28T03:00:00Z,1.0,485.33,2022-08-28,MarketResult_SEM-DA_PWR-MRC-D+1_20220827100000_20220827103549.csv
2022-08-28T04:00:00Z,1.0,485.33,2022-08-28,MarketResult_SEM-DA_PWR-MRC-D+1_20220827100000_20220827103549.csv
2022-08-28T05:00:00Z,1.0,485.33,2022-08-28,MarketResult_SEM-DA_PWR-MRC-D+1_20220827100000_20220827103549.csv
2022-08-28T06:00:00Z,1.0,479.7,2022-08-28,MarketResult_SEM-DA_PWR-MRC-D+1_20220827100000_20220827103549.csv
2022-08-28T07:00:00Z,1.0,479.7,2022-08-28,MarketResult_SEM-DA_PWR-MRC-D+1_20220827100000_20220827103549.csv
2022-08-28T08:00:00Z,1.0,503.25,2022-08-28,MarketResult_SEM-DA_PWR-MRC-D+1_20220827100000_20220827103549.csv
2022-08-28T09:00:00Z,1.0,529.0,2022-08-28,MarketResult_SEM-DA_PWR-MRC-D+1_20220827100000_20220827103549.csv
2022-08-28T10:00:00Z,1.0,529.0,2022-08-28,MarketResult_SEM-DA_PWR-MRC-D+1_20220827100000_20220827103549.csv
2022-08-28T11:00:00Z,1.0,514.85,2022-08-28,MarketResult_SEM-DA_PWR-MRC-D+1_20220827100000_20220827103549.csv
2022-08-28T12:00:00Z,1.0,492.05,2022-08-28,MarketResult_SEM-DA_PWR-MRC-D+1_20220827100000_20220827103549.csv
2022-08-28T13:00:00Z,1.0,489.0,2022-08-28,MarketResult_SEM-DA_PWR-MRC-D+1_20220827100000_20220827103549.csv
2022-08-28T14:00:00Z,1.0,494.62,2022-08-28,MarketResult_SEM-DA_PWR-MRC-D+1_20220827100000_20220827103549.csv
2022-08-28T15:00:00Z,1.0,513.85,2022-08-28,MarketResult_SEM-DA_PWR-MRC-D+1_20220827100000_20220827103549.csv
2022-08-28T16:00:00Z,1.0,581.0,2022-08-28,MarketResult_SEM-DA_PWR-MRC-D+1_20220827100000_20220827103549.csv
2022-08-28T17:00:00Z,1.0,578.0,2022-08-28,MarketResult_SEM-DA_PWR-MRC-D+1_20220827100000_20220827103549.csv
2022-08-28T18:00:00Z,1.0,539.0,2022-08-28,MarketResult_SEM-DA_PWR-MRC-D+1_20220827100000_20220827103549.csv
2022-08-28T19:00:00Z,1.0,520.0,2022-08-28,MarketResult_SEM-DA_PWR-MRC-D+1_20220827100000_20220827103549.csv
2022-08-28T20:00:00Z,1.0,503.25,2022-08-28,MarketResult_SEM-DA_PWR-MRC-D+1_20220827100000_20220827103549.csv
2022-08-28T21:00:00Z,1.0,485.33,2022-08-28,MarketResult_SEM-DA_PWR-MRC-D+1_20220827100000_20220827103549.csv
2022-08-28T22:00:00Z,1.0,474.9,2022-08-29,MarketResult_SEM-DA_PWR-MRC-D+1_20220828100000_20220828103331.csv
2022-08-28T23:00:00Z,1.0,421.6,2022-08-29,MarketResult_SEM-DA_PWR-MRC-D+1_20220828100000_20220828103331.csv
2022-08-29T00:00:00Z,1.0,410.0,2022-08-29,MarketResult_SEM-DA_PWR-MRC-D+1_20220828100000_20220828103331.csv
2022-08-29T01:00:00Z,1.0,401.59,2022-08-29,MarketResult_SEM-DA_PWR-MRC-D+1_20220828100000_20220828103331.csv
2022-08-29T02:00:00Z,1.0,401.59,2022-08-29,MarketResult_SEM-DA_PWR-MRC-D+1_20220828100000_20220828103331.csv
2022-08-29T03:00:00Z,1.0,401.59,2022-08-29,MarketResult_SEM-DA_PWR-MRC-D+1_20220828100000_20220828103331.csv
2022-08-29T04:00:00Z,1.0,414.93,2022-08-29,MarketResult_SEM-DA_PWR-MRC-D+1_20220828100000_20220828103331.csv
2022-08-29T05:00:00Z,1.0,425.93,2022-08-29,MarketResult_SEM-DA_PWR-MRC-D+1_20220828100000_20220828103331.csv
2022-08-29T06:00:00Z,1.0,500.0,2022-08-29,MarketResult_SEM-DA_PWR-MRC-D+1_20220828100000_20220828103331.csv
2022-08-29T07:00:00Z,1.0,593.2,2022-08-29,MarketResult_SEM-DA_PWR-MRC-D+1_20220828100000_20220828103331.csv
2022-08-29T08:00:00Z,1.0,593.2,2022-08-29,MarketResult_SEM-DA_PWR-MRC-D+1_20220828100000_20220828103331.csv
2022-08-29T09:00:00Z,1.0,593.2,2022-08-29,MarketResult_SEM-DA_PWR-MRC-D+1_20220828100000_20220828103331.csv
2022-08-29T10:00:00Z,1.0,560.0,2022-08-29,MarketResult_SEM-DA_PWR-MRC-D+1_20220828100000_20220828103331.csv
2022-08-29T11:00:00Z,1.0,517.98,2022-08-29,MarketResult_SEM-DA_PWR-MRC-D+1_20220828100000_20220828103331.csv
2022-08-29T12:00:00Z,1.0,501.0,2022-08-29,MarketResult_SEM-DA_PWR-MRC-D+1_20220828100000_20220828103331.csv
2022-08-29T13:00:00Z,1.0,500.0,2022-08-29,MarketResult_SEM-DA_PWR-MRC-D+1_20220828100000_20220828103331.csv
2022-08-29T14:00:00Z,1.0,523.9,2022-08-29,MarketResult_SEM-DA_PWR-MRC-D+1_20220828100000_20220828103331.csv
2022-08-29T15:00:00Z,1.0,593.2,2022-08-29,MarketResult_SEM-DA_PWR-MRC-D+1_20220828100000_20220828103331.csv
2022-08-29T16:00:00Z,1.0,615.0,2022-08-29,MarketResult_SEM-DA_PWR-MRC-D+1_20220828100000_20220828103331.csv
2022-08-29T17:00:00Z,1.0,600.0,2022-08-29,MarketResult_SEM-DA_PWR-MRC-D+1_20220828100000_20220828103331.csv
2022-08-29T18:00:00Z,1.0,522.73,2022-08-29,MarketResult_SEM-DA_PWR-MRC-D+1_20220828100000_20220828103331.csv
2022-08-29T19:00:00Z,1.0,500.0,2022-08-29,MarketResult_SEM-DA_PWR-MRC-D+1_20220828100000_20220828103331.csv
2022-08-29T20:00:00Z,1.0,600.0,2022-08-29,MarketResult_SEM-DA_PWR-MRC-D+1_20220828100000_20220828103331.csv
2022-08-29T21:00:00Z,1.0,502.33,2022-08-29,MarketResult_SEM-DA_PWR-MRC-D+1_20220828100000_20220828103331.csv
2022-08-29T22:00:00Z,1.0,466.04,2022-08-30,MarketResult_SEM-DA_PWR-MRC-D+1_20220829100000_20220829103646.csv
2022-08-29T23:00:00Z,1.0,435.92,2022-08-30,MarketResult_SEM-DA_PWR-MRC-D+1_20220829100000_20220829103646.csv
2022-08-30T00:00:00Z,1.0,436.0,2022-08-30,MarketResult_SEM-DA_PWR-MRC-D+1_20220829100000_20220829103646.csv
2022-08-30T01:00:00Z,1.0,423.86,2022-08-30,MarketResult_SEM-DA_PWR-MRC-D+1_20220829100000_20220829103646.csv
2022-08-30T02:00:00Z,1.0,415.22,2022-08-30,MarketResult_SEM-DA_PWR-MRC-D+1_20220829100000_20220829103646.csv
2022-08-30T03:00:00Z,1.0,418.97,2022-08-30,MarketResult_SEM-DA_PWR-MRC-D+1_20220829100000_20220829103646.csv
2022-08-30T04:00:00Z,1.0,412.56,2022-08-30,MarketResult_SEM-DA_PWR-MRC-D+1_20220829100000_20220829103646.csv
2022-08-30T05:00:00Z,1.0,475.0,2022-08-30,MarketResult_SEM-DA_PWR-MRC-D+1_20220829100000_20220829103646.csv
2022-08-30T06:00:00Z,1.0,489.0,2022-08-30,MarketResult_SEM-DA_PWR-MRC-D+1_20220829100000_20220829103646.csv
2022-08-30T07:00:00Z,1.0,595.78,2022-08-30,MarketResult_SEM-DA_PWR-MRC-D+1_20220829100000_20220829103646.csv
2022-08-30T08:00:00Z,1.0,596.79,2022-08-30,MarketResult_SEM-DA_PWR-MRC-D+1_20220829100000_20220829103646.csv
2022-08-30T09:00:00Z,1.0,582.11,2022-08-30,MarketResult_SEM-DA_PWR-MRC-D+1_20220829100000_20220829103646.csv
2022-08-30T10:00:00Z,1.0,585.0,2022-08-30,MarketResult_SEM-DA_PWR-MRC-D+1_20220829100000_20220829103646.csv
2022-08-30T11:00:00Z,1.0,577.0,2022-08-30,MarketResult_SEM-DA_PWR-MRC-D+1_20220829100000_20220829103646.csv
2022-08-30T12:00:00Z,1.0,531.0,2022-08-30,MarketResult_SEM-DA_PWR-MRC-D+1_20220829100000_20220829103646.csv
2022-08-30T13:00:00Z,1.0,520.74,2022-08-30,MarketResult_SEM-DA_PWR-MRC-D+1_20220829100000_20220829103646.csv
2022-08-30T14:00:00Z,1.0,542.35,2022-08-30,MarketResult_SEM-DA_PWR-MRC-D+1_20220829100000_20220829103646.csv
2022-08-30T15:00:00Z,1.0,626.34,2022-08-30,MarketResult_SEM-DA_PWR-MRC-D+1_20220829100000_20220829103646.csv
2022-08-30T16:00:00Z,1.0,625.0,2022-08-30,MarketResult_SEM-DA_PWR-MRC-D+1_20220829100000_20220829103646.csv
2022-08-30T17:00:00Z,1.0,639.0,2022-08-30,MarketResult_SEM-DA_PWR-MRC-D+1_20220829100000_20220829103646.csv
2022-08-30T18:00:00Z,1.0,600.0,2022-08-30,MarketResult_SEM-DA_PWR-MRC-D+1_20220829100000_20220829103646.csv
2022-08-30T19:00:00Z,1.0,575.3,2022-08-30,MarketResult_SEM-DA_PWR-MRC-D+1_20220829100000_20220829103646.csv
2022-08-30T20:00:00Z,1.0,555.0,2022-08-30,MarketResult_SEM-DA_PWR-MRC-D+1_20220829100000_20220829103646.csv
2022-08-30T21:00:00Z,1.0,499.0,2022-08-30,MarketResult_SEM-DA_PWR-MRC-D+1_20220829100000_20220829103646.csv
2022-08-30T22:00:00Z,1.0,418.7,2022-08-31,MarketResult_SEM-DA_PWR-MRC-D+1_20220830100000_20220830103711.csv
2022-08-30T23:00:00Z,1.0,401.25,2022-08-31,MarketResult_SEM-DA_PWR-MRC-D+1_20220830100000_20220830103711.csv
2022-08-31T00:00:00Z,1.0,400.12,2022-08-31,MarketResult_SEM-DA_PWR-MRC-D+1_20220830100000_20220830103711.csv
2022-08-31T01:00:00Z,1.0,391.28,2022-08-31,MarketResult_SEM-DA_PWR-MRC-D+1_20220830100000_20220830103711.csv
2022-08-31T02:00:00Z,1.0,391.28,2022-08-31,MarketResult_SEM-DA_PWR-MRC-D+1_20220830100000_20220830103711.csv
2022-08-31T03:00:00Z,1.0,391.28,2022-08-31,MarketResult_SEM-DA_PWR-MRC-D+1_20220830100000_20220830103711.csv
2022-08-31T04:00:00Z,1.0,390.0,2022-08-31,MarketResult_SEM-DA_PWR-MRC-D+1_20220830100000_20220830103711.csv
2022-08-31T05:00:00Z,1.0,427.38,2022-08-31,MarketResult_SEM-DA_PWR-MRC-D+1_20220830100000_20220830103711.csv
2022-08-31T06:00:00Z,1.0,426.13,2022-08-31,MarketResult_SEM-DA_PWR-MRC-D+1_20220830100000_20220830103711.csv
2022-08-31T07:00:00Z,1.0,491.59,2022-08-31,MarketResult_SEM-DA_PWR-MRC-D+1_20220830100000_20220830103711.csv
2022-08-31T08:00:00Z,1.0,473.33,2022-08-31,MarketResult_SEM-DA_PWR-MRC-D+1_20220830100000_20220830103711.csv
2022-08-31T09:00:00Z,1.0,440.0,2022-08-31,MarketResult_SEM-DA_PWR-MRC-D+1_20220830100000_20220830103711.csv
2022-08-31T10:00:00Z,1.0,426.0,2022-08-31,MarketResult_SEM-DA_PWR-MRC-D+1_20220830100000_20220830103711.csv
2022-08-31T11:00:00Z,1.0,426.13,2022-08-31,MarketResult_SEM-DA_PWR-MRC-D+1_20220830100000_20220830103711.csv
2022-08-31T12:00:00Z,1.0,399.04,2022-08-31,MarketResult_SEM-DA_PWR-MRC-D+1_20220830100000_20220830103711.csv
2022-08-31T13:00:00Z,1.0,399.0,2022-08-31,MarketResult_SEM-DA_PWR-MRC-D+1_20220830100000_20220830103711.csv
2022-08-31T14:00:00Z,1.0,430.0,2022-08-31,MarketResult_SEM-DA_PWR-MRC-D+1_20220830100000_20220830103711.csv
2022-08-31T15:00:00Z,1.0,468.64,2022-08-31,MarketResult_SEM-DA_PWR-MRC-D+1_20220830100000_20220830103711.csv
2022-08-31T16:00:00Z,1.0,508.0,2022-08-31,MarketResult_SEM-DA_PWR-MRC-D+1_20220830100000_20220830103711.csv
2022-08-31T17:00:00Z,1.0,512.67,2022-08-31,MarketResult_SEM-DA_PWR-MRC-D+1_20220830100000_20220830103711.csv
2022-08-31T18:00:00Z,1.0,494.0,2022-08-31,MarketResult_SEM-DA_PWR-MRC-D+1_20220830100000_20220830103711.csv
2022-08-31T19:00:00Z,1.0,478.54,2022-08-31,MarketResult_SEM-DA_PWR-MRC-D+1_20220830100000_20220830103711.csv
2022-08-31T20:00:00Z,1.0,444.15,2022-08-31,MarketResult_SEM-DA_PWR-MRC-D+1_20220830100000_20220830103711.csv
2022-08-31T21:00:00Z,1.0,398.01,2022-08-31,MarketResult_SEM-DA_PWR-MRC-D+1_20220830100000_20220830103711.csv
2022-08-31T22:00:00Z,1.0,334.45,2022-09-01,MarketResult_SEM-DA_PWR-MRC-D+1_20220831100000_20220831103913.csv
2022-08-31T23:00:00Z,1.0,356.0,2022-09-01,MarketResult_SEM-DA_PWR-MRC-D+1_20220831100000_20220831103913.csv
2022-09-01T00:00:00Z,1.0,360.24,2022-09-01,MarketResult_SEM-DA_PWR-MRC-D+1_20220831100000_20220831103913.csv
2022-09-01T01:00:00Z,1.0,351.34,2022-09-01,MarketResult_SEM-DA_PWR-MRC-D+1_20220831100000_20220831103913.csv
2022-09-01T02:00:00Z,1.0,351.18,2022-09-01,MarketResult_SEM-DA_PWR-MRC-D+1_20220831100000_20220831103913.csv
2022-09-01T03:00:00Z,1.0,353.0,2022-09-01,MarketResult_SEM-DA_PWR-MRC-D+1_20220831100000_20220831103913.csv
2022-09-01T04:00:00Z,1.0,361.17,2022-09-01,MarketResult_SEM-DA_PWR-MRC-D+1_20220831100000_20220831103913.csv
2022-09-01T05:00:00Z,1.0,362.17,2022-09-01,MarketResult_SEM-DA_PWR-MRC-D+1_20220831100000_20220831103913.csv
2022-09-01T06:00:00Z,1.0,421.0,2022-09-01,MarketResult_SEM-DA_PWR-MRC-D+1_20220831100000_20220831103913.csv
2022-09-01T07:00:00Z,1.0,485.0,2022-09-01,MarketResult_SEM-DA_PWR-MRC-D+1_20220831100000_20220831103913.csv
2022-09-01T08:00:00Z,1.0,466.21,2022-09-01,MarketResult_SEM-DA_PWR-MRC-D+1_20220831100000_20220831103913.csv
2022-09-01T09:00:00Z,1.0,446.67,2022-09-01,MarketResult_SEM-DA_PWR-MRC-D+1_20220831100000_20220831103913.csv
2022-09-01T10:00:00Z,1.0,401.0,2022-09-01,MarketResult_SEM-DA_PWR-MRC-D+1_20220831100000_20220831103913.csv
2022-09-01T11:00:00Z,1.0,409.11,2022-09-01,MarketResult_SEM-DA_PWR-MRC-D+1_20220831100000_20220831103913.csv
2022-09-01T12:00:00Z,1.0,411.0,2022-09-01,MarketResult_SEM-DA_PWR-MRC-D+1_20220831100000_20220831103913.csv
2022-09-01T13:00:00Z,1.0,410.74,2022-09-01,MarketResult_SEM-DA_PWR-MRC-D+1_20220831100000_20220831103913.csv
2022-09-01T14:00:00Z,1.0,456.62,2022-09-01,MarketResult_SEM-DA_PWR-MRC-D+1_20220831100000_20220831103913.csv
2022-09-01T15:00:00Z,1.0,487.25,2022-09-01,MarketResult_SEM-DA_PWR-MRC-D+1_20220831100000_20220831103913.csv
2022-09-01T16:00:00Z,1.0,495.63,2022-09-01,MarketResult_SEM-DA_PWR-MRC-D+1_20220831100000_20220831103913.csv
2022-09-01T17:00:00Z,1.0,498.4,2022-09-01,MarketResult_SEM-DA_PWR-MRC-D+1_20220831100000_20220831103913.csv
2022-09-01T18:00:00Z,1.0,487.25,2022-09-01,MarketResult_SEM-DA_PWR-MRC-D+1_20220831100000_20220831103913.csv
2022-09-01T19:00:00Z,1.0,467.0,2022-09-01,MarketResult_SEM-DA_PWR-MRC-D+1_20220831100000_20220831103913.csv
2022-09-01T20:00:00Z,1.0,418.0,2022-09-01,MarketResult_SEM-DA_PWR-MRC-D+1_20220831100000_20220831103913.csv
2022-09-01T21:00:00Z,1.0,340.72,2022-09-01,MarketResult_SEM-DA_PWR-MRC-D+1_20220831100000_20220831103913.csv
2022-09-01T22:00:00Z,1.0,298.03,2022-09-02,MarketResult_SEM-DA_PWR-MRC-D+1_20220901100000_20220901103724.csv
2022-09-01T23:00:00Z,1.0,274.33,2022-09-02,MarketResult_SEM-DA_PWR-MRC-D+1_20220901100000_20220901103724.csv
2022-09-02T00:00:00Z,1.0,261.74,2022-09-02,MarketResult_SEM-DA_PWR-MRC-D+1_20220901100000_20220901103724.csv
2022-09-02T01:00:00Z,1.0,266.76,2022-09-02,MarketResult_SEM-DA_PWR-MRC-D+1_20220901100000_20220901103724.csv
2022-09-02T02:00:00Z,1.0,267.47,2022-09-02,MarketResult_SEM-DA_PWR-MRC-D+1_20220901100000_20220901103724.csv
2022-09-02T03:00:00Z,1.0,268.66,2022-09-02,MarketResult_SEM-DA_PWR-MRC-D+1_20220901100000_20220901103724.csv
2022-09-02T04:00:00Z,1.0,275.53,2022-09-02,MarketResult_SEM-DA_PWR-MRC-D+1_20220901100000_20220901103724.csv
2022-09-02T05:00:00Z,1.0,299.0,2022-09-02,MarketResult_SEM-DA_PWR-MRC-D+1_20220901100000_20220901103724.csv
2022-09-02T06:00:00Z,1.0,399.0,2022-09-02,MarketResult_SEM-DA_PWR-MRC-D+1_20220901100000_20220901103724.csv
2022-09-02T07:00:00Z,1.0,429.31,2022-09-02,MarketResult_SEM-DA_PWR-MRC-D+1_20220901100000_20220901103724.csv
2022-09-02T08:00:00Z,1.0,425.0,2022-09-02,MarketResult_SEM-DA_PWR-MRC-D+1_20220901100000_20220901103724.csv
2022-09-02T09:00:00Z,1.0,432.4,2022-09-02,MarketResult_SEM-DA_PWR-MRC-D+1_20220901100000_20220901103724.csv
2022-09-02T10:00:00Z,1.0,393.61,2022-09-02,MarketResult_SEM-DA_PWR-MRC-D+1_20220901100000_20220901103724.csv
2022-09-02T11:00:00Z,1.0,379.64,2022-09-02,MarketResult_SEM-DA_PWR-MRC-D+1_20220901100000_20220901103724.csv
2022-09-02T12:00:00Z,1.0,340.76,2022-09-02,MarketResult_SEM-DA_PWR-MRC-D+1_20220901100000_20220901103724.csv
2022-09-02T13:00:00Z,1.0,339.0,2022-09-02,MarketResult_SEM-DA_PWR-MRC-D+1_20220901100000_20220901103724.csv
2022-09-02T14:00:00Z,1.0,349.0,2022-09-02,MarketResult_SEM-DA_PWR-MRC-D+1_20220901100000_20220901103724.csv
2022-09-02T15:00:00Z,1.0,409.0,2022-09-02,MarketResult_SEM-DA_PWR-MRC-D+1_20220901100000_20220901103724.csv
2022-09-02T16:00:00Z,1.0,418.0,2022-09-02,MarketResult_SEM-DA_PWR-MRC-D+1_20220901100000_20220901103724.csv
2022-09-02T17:00:00Z,1.0,416.0,2022-09-02,MarketResult_SEM-DA_PWR-MRC-D+1_20220901100000_20220901103724.csv
2022-09-02T18:00:00Z,1.0,379.0,2022-09-02,MarketResult_SEM-DA_PWR-MRC-D+1_20220901100000_20220901103724.csv
2022-09-02T19:00:00Z,1.0,364.21,2022-09-02,MarketResult_SEM-DA_PWR-MRC-D+1_20220901100000_20220901103724.csv
2022-09-02T20:00:00Z,1.0,275.25,2022-09-02,MarketResult_SEM-DA_PWR-MRC-D+1_20220901100000_20220901103724.csv
2022-09-02T21:00:00Z,1.0,256.37,2022-09-02,MarketResult_SEM-DA_PWR-MRC-D+1_20220901100000_20220901103724.csv
2022-09-02T22:00:00Z,1.0,295.0,2022-09-03,MarketResult_SEM-DA_PWR-MRC-D+1_20220902100000_20220902103704.csv
2022-09-02T23:00:00Z,1.0,291.49,2022-09-03,MarketResult_SEM-DA_PWR-MRC-D+1_20220902100000_20220902103704.csv
2022-09-03T00:00:00Z,1.0,283.13,2022-09-03,MarketResult_SEM-DA_PWR-MRC-D+1_20220902100000_20220902103704.csv
2022-09-03T01:00:00Z,1.0,259.95,2022-09-03,MarketResult_SEM-DA_PWR-MRC-D+1_20220902100000_20220902103704.csv
2022-09-03T02:00:00Z,1.0,256.26,2022-09-03,MarketResult_SEM-DA_PWR-MRC-D+1_20220902100000_20220902103704.csv
2022-09-03T03:00:00Z,1.0,261.15,2022-09-03,MarketResult_SEM-DA_PWR-MRC-D+1_20220902100000_20220902103704.csv
2022-09-03T04:00:00Z,1.0,275.45,2022-09-03,MarketResult_SEM-DA_PWR-MRC-D+1_20220902100000_20220902103704.csv
2022-09-03T05:00:00Z,1.0,299.3,2022-09-03,MarketResult_SEM-DA_PWR-MRC-D+1_20220902100000_20220902103704.csv
2022-09-03T06:00:00Z,1.0,291.13,2022-09-03,MarketResult_SEM-DA_PWR-MRC-D+1_20220902100000_20220902103704.csv
2022-09-03T07:00:00Z,1.0,343.87,2022-09-03,MarketResult_SEM-DA_PWR-MRC-D+1_20220902100000_20220902103704.csv
2022-09-03T08:00:00Z,1.0,345.0,2022-09-03,MarketResult_SEM-DA_PWR-MRC-D+1_20220902100000_20220902103704.csv
2022-09-03T09:00:00Z,1.0,307.17,2022-09-03,MarketResult_SEM-DA_PWR-MRC-D+1_20220902100000_20220902103704.csv
2022-09-03T10:00:00Z,1.0,294.92,2022-09-03,MarketResult_SEM-DA_PWR-MRC-D+1_20220902100000_20220902103704.csv
2022-09-03T11:00:00Z,1.0,281.28,2022-09-03,MarketResult_SEM-DA_PWR-MRC-D+1_20220902100000_20220902103704.csv
2022-09-03T12:00:00Z,1.0,267.78,2022-09-03,MarketResult_SEM-DA_PWR-MRC-D+1_20220902100000_20220902103704.csv
2022-09-03T13:00:00Z,1.0,259.68,2022-09-03,MarketResult_SEM-DA_PWR-MRC-D+1_20220902100000_20220902103704.csv
2022-09-03T14:00:00Z,1.0,260.89,2022-09-03,MarketResult_SEM-DA_PWR-MRC-D+1_20220902100000_20220902103704.csv
2022-09-03T15:00:00Z,1.0,281.5,2022-09-03,MarketResult_SEM-DA_PWR-MRC-D+1_20220902100000_20220902103704.csv
2022-09-03T16:00:00Z,1.0,330.09,2022-09-03,MarketResult_SEM-DA_PWR-MRC-D+1_20220902100000_20220902103704.csv
2022-09-03T17:00:00Z,1.0,340.16,2022-09-03,MarketResult_SEM-DA_PWR-MRC-D+1_20220902100000_20220902103704.csv
2022-09-03T18:00:00Z,1.0,333.52,2022-09-03,MarketResult_SEM-DA_PWR-MRC-D+1_20220902100000_20220902103704.csv
2022-09-03T19:00:00Z,1.0,337.54,2022-09-03,MarketResult_SEM-DA_PWR-MRC-D+1_20220902100000_20220902103704.csv
2022-09-03T20:00:00Z,1.0,294.92,2022-09-03,MarketResult_SEM-DA_PWR-MRC-D+1_20220902100000_20220902103704.csv
2022-09-03T21:00:00Z,1.0,270.57,2022-09-03,MarketResult_SEM-DA_PWR-MRC-D+1_20220902100000_20220902103704.csv
2022-09-03T22:00:00Z,1.0,269.37,2022-09-04,MarketResult_SEM-DA_PWR-MRC-D+1_20220903100000_20220903103716.csv
2022-09-03T23:00:00Z,1.0,250.0,2022-09-04,MarketResult_SEM-DA_PWR-MRC-D+1_20220903100000_20220903103716.csv
2022-09-04T00:00:00Z,1.0,241.67,2022-09-04,MarketResult_SEM-DA_PWR-MRC-D+1_20220903100000_20220903103716.csv
2022-09-04T01:00:00Z,1.0,230.96,2022-09-04,MarketResult_SEM-DA_PWR-MRC-D+1_20220903100000_20220903103716.csv
2022-09-04T02:00:00Z,1.0,223.34,2022-09-04,MarketResult_SEM-DA_PWR-MRC-D+1_20220903100000_20220903103716.csv
2022-09-04T03:00:00Z,1.0,206.53,2022-09-04,MarketResult_SEM-DA_PWR-MRC-D+1_20220903100000_20220903103716.csv
2022-09-04T04:00:00Z,1.0,207.81,2022-09-04,MarketResult_SEM-DA_PWR-MRC-D+1_20220903100000_20220903103716.csv
2022-09-04T05:00:00Z,1.0,200.79,2022-09-04,MarketResult_SEM-DA_PWR-MRC-D+1_20220903100000_20220903103716.csv
2022-09-04T06:00:00Z,1.0,191.23,2022-09-04,MarketResult_SEM-DA_PWR-MRC-D+1_20220903100000_20220903103716.csv
2022-09-04T07:00:00Z,1.0,255.0,2022-09-04,MarketResult_SEM-DA_PWR-MRC-D+1_20220903100000_20220903103716.csv
2022-09-04T08:00:00Z,1.0,262.62,2022-09-04,MarketResult_SEM-DA_PWR-MRC-D+1_20220903100000_20220903103716.csv
2022-09-04T09:00:00Z,1.0,262.94,2022-09-04,MarketResult_SEM-DA_PWR-MRC-D+1_20220903100000_20220903103716.csv
2022-09-04T10:00:00Z,1.0,274.87,2022-09-04,MarketResult_SEM-DA_PWR-MRC-D+1_20220903100000_20220903103716.csv
2022-09-04T11:00:00Z,1.0,245.6,2022-09-04,MarketResult_SEM-DA_PWR-MRC-D+1_20220903100000_20220903103716.csv
2022-09-04T12:00:00Z,1.0,270.0,2022-09-04,MarketResult_SEM-DA_PWR-MRC-D+1_20220903100000_20220903103716.csv
2022-09-04T13:00:00Z,1.0,245.0,2022-09-04,MarketResult_SEM-DA_PWR-MRC-D+1_20220903100000_20220903103716.csv
2022-09-04T14:00:00Z,1.0,220.18,2022-09-04,MarketResult_SEM-DA_PWR-MRC-D+1_20220903100000_20220903103716.csv
2022-09-04T15:00:00Z,1.0,260.4,2022-09-04,MarketResult_SEM-DA_PWR-MRC-D+1_20220903100000_20220903103716.csv
2022-09-04T16:00:00Z,1.0,300.0,2022-09-04,MarketResult_SEM-DA_PWR-MRC-D+1_20220903100000_20220903103716.csv
2022-09-04T17:00:00Z,1.0,330.24,2022-09-04,MarketResult_SEM-DA_PWR-MRC-D+1_20220903100000_20220903103716.csv
2022-09-04T18:00:00Z,1.0,284.81,2022-09-04,MarketResult_SEM-DA_PWR-MRC-D+1_20220903100000_20220903103716.csv
2022-09-04T19:00:00Z,1.0,257.0,2022-09-04,MarketResult_SEM-DA_PWR-MRC-D+1_20220903100000_20220903103716.csv
2022-09-04T20:00:00Z,1.0,200.79,2022-09-04,MarketResult_SEM-DA_PWR-MRC-D+1_20220903100000_20220903103716.csv
2022-09-04T21:00:00Z,1.0,183.97,2022-09-04,MarketResult_SEM-DA_PWR-MRC-D+1_20220903100000_20220903103716.csv
2022-09-04T22:00:00Z,1.0,216.81,2022-09-05,MarketResult_SEM-DA_PWR-MRC-D+1_20220904100000_20220904103708.csv
2022-09-04T23:00:00Z,1.0,216.81,2022-09-05,MarketResult_SEM-DA_PWR-MRC-D+1_20220904100000_20220904103708.csv
2022-09-05T00:00:00Z,1.0,217.45,2022-09-05,MarketResult_SEM-DA_PWR-MRC-D+1_20220904100000_20220904103708.csv
2022-09-05T01:00:00Z,1.0,217.42,2022-09-05,MarketResult_SEM-DA_PWR-MRC-D+1_20220904100000_20220904103708.csv
2022-09-05T02:00:00Z,1.0,217.52,2022-09-05,MarketResult_SEM-DA_PWR-MRC-D+1_20220904100000_20220904103708.csv
2022-09-05T03:00:00Z,1.0,220.02,2022-09-05,MarketResult_SEM-DA_PWR-MRC-D+1_20220904100000_20220904103708.csv
2022-09-05T04:00:00Z,1.0,248.22,2022-09-05,MarketResult_SEM-DA_PWR-MRC-D+1_20220904100000_20220904103708.csv
2022-09-05T05:00:00Z,1.0,328.27,2022-09-05,MarketResult_SEM-DA_PWR-MRC-D+1_20220904100000_20220904103708.csv
2022-09-05T06:00:00Z,1.0,400.22,2022-09-05,MarketResult_SEM-DA_PWR-MRC-D+1_20220904100000_20220904103708.csv
2022-09-05T07:00:00Z,1.0,458.9,2022-09-05,MarketResult_SEM-DA_PWR-MRC-D+1_20220904100000_20220904103708.csv
2022-09-05T08:00:00Z,1.0,377.9,2022-09-05,MarketResult_SEM-DA_PWR-MRC-D+1_20220904100000_20220904103708.csv
2022-09-05T09:00:00Z,1.0,295.0,2022-09-05,MarketResult_SEM-DA_PWR-MRC-D+1_20220904100000_20220904103708.csv
2022-09-05T10:00:00Z,1.0,237.33,2022-09-05,MarketResult_SEM-DA_PWR-MRC-D+1_20220904100000_20220904103708.csv
2022-09-05T11:00:00Z,1.0,216.81,2022-09-05,MarketResult_SEM-DA_PWR-MRC-D+1_20220904100000_20220904103708.csv
2022-09-05T12:00:00Z,1.0,200.09,2022-09-05,MarketResult_SEM-DA_PWR-MRC-D+1_20220904100000_20220904103708.csv
2022-09-05T13:00:00Z,1.0,200.09,2022-09-05,MarketResult_SEM-DA_PWR-MRC-D+1_20220904100000_20220904103708.csv
2022-09-05T14:00:00Z,1.0,199.0,2022-09-05,MarketResult_SEM-DA_PWR-MRC-D+1_20220904100000_20220904103708.csv
2022-09-05T15:00:00Z,1.0,216.81,2022-09-05,MarketResult_SEM-DA_PWR-MRC-D+1_20220904100000_20220904103708.csv
2022-09-05T16:00:00Z,1.0,216.81,2022-09-05,MarketResult_SEM-DA_PWR-MRC-D+1_20220904100000_20220904103708.csv
2022-09-05T17:00:00Z,1.0,249.0,2022-09-05,MarketResult_SEM-DA_PWR-MRC-D+1_20220904100000_20220904103708.csv
2022-09-05T18:00:00Z,1.0,216.81,2022-09-05,MarketResult_SEM-DA_PWR-MRC-D+1_20220904100000_20220904103708.csv
2022-09-05T19:00:00Z,1.0,380.33,2022-09-05,MarketResult_SEM-DA_PWR-MRC-D+1_20220904100000_20220904103708.csv
2022-09-05T20:00:00Z,1.0,286.37,2022-09-05,MarketResult_SEM-DA_PWR-MRC-D+1_20220904100000_20220904103708.csv
2022-09-05T21:00:00Z,1.0,216.81,2022-09-05,MarketResult_SEM-DA_PWR-MRC-D+1_20220904100000_20220904103708.csv
2022-09-05T22:00:00Z,1.0,267.0,2022-09-06,MarketResult_SEM-DA_PWR-MRC-D+1_20220905100000_20220905103704.csv
2022-09-05T23:00:00Z,1.0,244.19,2022-09-06,MarketResult_SEM-DA_PWR-MRC-D+1_20220905100000_20220905103704.csv
2022-09-06T00:00:00Z,1.0,237.25,2022-09-06,MarketResult_SEM-DA_PWR-MRC-D+1_20220905100000_20220905103704.csv
2022-09-06T01:00:00Z,1.0,241.88,2022-09-06,MarketResult_SEM-DA_PWR-MRC-D+1_20220905100000_20220905103704.csv
2022-09-06T02:00:00Z,1.0,244.0,2022-09-06,MarketResult_SEM-DA_PWR-MRC-D+1_20220905100000_20220905103704.csv
2022-09-06T03:00:00Z,1.0,272.0,2022-09-06,MarketResult_SEM-DA_PWR-MRC-D+1_20220905100000_20220905103704.csv
2022-09-06T04:00:00Z,1.0,288.3,2022-09-06,MarketResult_SEM-DA_PWR-MRC-D+1_20220905100000_20220905103704.csv
2022-09-06T05:00:00Z,1.0,433.29,2022-09-06,MarketResult_SEM-DA_PWR-MRC-D+1_20220905100000_20220905103704.csv
2022-09-06T06:00:00Z,1.0,360.0,2022-09-06,MarketResult_SEM-DA_PWR-MRC-D+1_20220905100000_20220905103704.csv
2022-09-06T07:00:00Z,1.0,380.82,2022-09-06,MarketResult_SEM-DA_PWR-MRC-D+1_20220905100000_20220905103704.csv
2022-09-06T08:00:00Z,1.0,289.0,2022-09-06,MarketResult_SEM-DA_PWR-MRC-D+1_20220905100000_20220905103704.csv
2022-09-06T09:00:00Z,1.0,267.8,2022-09-06,MarketResult_SEM-DA_PWR-MRC-D+1_20220905100000_20220905103704.csv
2022-09-06T10:00:00Z,1.0,267.8,2022-09-06,MarketResult_SEM-DA_PWR-MRC-D+1_20220905100000_20220905103704.csv
2022-09-06T11:00:00Z,1.0,267.8,2022-09-06,MarketResult_SEM-DA_PWR-MRC-D+1_20220905100000_20220905103704.csv
2022-09-06T12:00:00Z,1.0,267.8,2022-09-06,MarketResult_SEM-DA_PWR-MRC-D+1_20220905100000_20220905103704.csv
2022-09-06T13:00:00Z,1.0,267.8,2022-09-06,MarketResult_SEM-DA_PWR-MRC-D+1_20220905100000_20220905103704.csv
2022-09-06T14:00:00Z,1.0,269.27,2022-09-06,MarketResult_SEM-DA_PWR-MRC-D+1_20220905100000_20220905103704.csv
2022-09-06T15:00:00Z,1.0,356.0,2022-09-06,MarketResult_SEM-DA_PWR-MRC-D+1_20220905100000_20220905103704.csv
2022-09-06T16:00:00Z,1.0,425.0,2022-09-06,MarketResult_SEM-DA_PWR-MRC-D+1_20220905100000_20220905103704.csv
2022-09-06T17:00:00Z,1.0,444.61,2022-09-06,MarketResult_SEM-DA_PWR-MRC-D+1_20220905100000_20220905103704.csv
2022-09-06T18:00:00Z,1.0,424.46,2022-09-06,MarketResult_SEM-DA_PWR-MRC-D+1_20220905100000_20220905103704.csv
2022-09-06T19:00:00Z,1.0,398.0,2022-09-06,MarketResult_SEM-DA_PWR-MRC-D+1_20220905100000_20220905103704.csv
2022-09-06T20:00:00Z,1.0,347.0,2022-09-06,MarketResult_SEM-DA_PWR-MRC-D+1_20220905100000_20220905103704.csv
2022-09-06T21:00:00Z,1.0,294.59,2022-09-06,MarketResult_SEM-DA_PWR-MRC-D+1_20220905100000_20220905103704.csv
2022-09-06T22:00:00Z,1.0,225.0,2022-09-07,MarketResult_SEM-DA_PWR-MRC-D+1_20220906100000_20220906103650.csv
2022-09-06T23:00:00Z,1.0,215.86,2022-09-07,MarketResult_SEM-DA_PWR-MRC-D+1_20220906100000_20220906103650.csv
2022-09-07T00:00:00Z,1.0,197.58,2022-09-07,MarketResult_SEM-DA_PWR-MRC-D+1_20220906100000_20220906103650.csv
2022-09-07T01:00:00Z,1.0,197.19,2022-09-07,MarketResult_SEM-DA_PWR-MRC-D+1_20220906100000_20220906103650.csv
2022-09-07T02:00:00Z,1.0,197.19,2022-09-07,MarketResult_SEM-DA_PWR-MRC-D+1_20220906100000_20220906103650.csv
2022-09-07T03:00:00Z,1.0,199.7,2022-09-07,MarketResult_SEM-DA_PWR-MRC-D+1_20220906100000_20220906103650.csv
2022-09-07T04:00:00Z,1.0,211.46,2022-09-07,MarketResult_SEM-DA_PWR-MRC-D+1_20220906100000_20220906103650.csv
2022-09-07T05:00:00Z,1.0,215.0,2022-09-07,MarketResult_SEM-DA_PWR-MRC-D+1_20220906100000_20220906103650.csv
2022-09-07T06:00:00Z,1.0,251.86,2022-09-07,MarketResult_SEM-DA_PWR-MRC-D+1_20220906100000_20220906103650.csv
2022-09-07T07:00:00Z,1.0,321.1,2022-09-07,MarketResult_SEM-DA_PWR-MRC-D+1_20220906100000_20220906103650.csv
2022-09-07T08:00:00Z,1.0,307.89,2022-09-07,MarketResult_SEM-DA_PWR-MRC-D+1_20220906100000_20220906103650.csv
2022-09-07T09:00:00Z,1.0,240.55,2022-09-07,MarketResult_SEM-DA_PWR-MRC-D+1_20220906100000_20220906103650.csv
2022-09-07T10:00:00Z,1.0,239.95,2022-09-07,MarketResult_SEM-DA_PWR-MRC-D+1_20220906100000_20220906103650.csv
2022-09-07T11:00:00Z,1.0,232.8,2022-09-07,MarketResult_SEM-DA_PWR-MRC-D+1_20220906100000_20220906103650.csv
2022-09-07T12:00:00Z,1.0,232.8,2022-09-07,MarketResult_SEM-DA_PWR-MRC-D+1_20220906100000_20220906103650.csv
2022-09-07T13:00:00Z,1.0,244.03,2022-09-07,MarketResult_SEM-DA_PWR-MRC-D+1_20220906100000_20220906103650.csv
2022-09-07T14:00:00Z,1.0,254.44,2022-09-07,MarketResult_SEM-DA_PWR-MRC-D+1_20220906100000_20220906103650.csv
2022-09-07T15:00:00Z,1.0,330.75,2022-09-07,MarketResult_SEM-DA_PWR-MRC-D+1_20220906100000_20220906103650.csv
2022-09-07T16:00:00Z,1.0,325.5,2022-09-07,MarketResult_SEM-DA_PWR-MRC-D+1_20220906100000_20220906103650.csv
2022-09-07T17:00:00Z,1.0,401.85,2022-09-07,MarketResult_SEM-DA_PWR-MRC-D+1_20220906100000_20220906103650.csv
2022-09-07T18:00:00Z,1.0,342.7,2022-09-07,MarketResult_SEM-DA_PWR-MRC-D+1_20220906100000_20220906103650.csv
2022-09-07T19:00:00Z,1.0,323.52,2022-09-07,MarketResult_SEM-DA_PWR-MRC-D+1_20220906100000_20220906103650.csv
2022-09-07T20:00:00Z,1.0,255.0,2022-09-07,MarketResult_SEM-DA_PWR-MRC-D+1_20220906100000_20220906103650.csv
2022-09-07T21:00:00Z,1.0,221.0,2022-09-07,MarketResult_SEM-DA_PWR-MRC-D+1_20220906100000_20220906103650.csv
2022-09-07T22:00:00Z,1.0,198.0,2022-09-08,MarketResult_SEM-DA_PWR-MRC-D+1_20220907100000_20220907103702.csv
2022-09-07T23:00:00Z,1.0,184.85,2022-09-08,MarketResult_SEM-DA_PWR-MRC-D+1_20220907100000_20220907103702.csv
2022-09-08T00:00:00Z,1.0,176.67,2022-09-08,MarketResult_SEM-DA_PWR-MRC-D+1_20220907100000_20220907103702.csv
2022-09-08T01:00:00Z,1.0,167.23,2022-09-08,MarketResult_SEM-DA_PWR-MRC-D+1_20220907100000_20220907103702.csv
2022-09-08T02:00:00Z,1.0,165.97,2022-09-08,MarketResult_SEM-DA_PWR-MRC-D+1_20220907100000_20220907103702.csv
2022-09-08T03:00:00Z,1.0,167.23,2022-09-08,MarketResult_SEM-DA_PWR-MRC-D+1_20220907100000_20220907103702.csv
2022-09-08T04:00:00Z,1.0,171.4,2022-09-08,MarketResult_SEM-DA_PWR-MRC-D+1_20220907100000_20220907103702.csv
2022-09-08T05:00:00Z,1.0,194.0,2022-09-08,MarketResult_SEM-DA_PWR-MRC-D+1_20220907100000_20220907103702.csv
2022-09-08T06:00:00Z,1.0,244.31,2022-09-08,MarketResult_SEM-DA_PWR-MRC-D+1_20220907100000_20220907103702.csv
2022-09-08T07:00:00Z,1.0,289.0,2022-09-08,MarketResult_SEM-DA_PWR-MRC-D+1_20220907100000_20220907103702.csv
2022-09-08T08:00:00Z,1.0,289.0,2022-09-08,MarketResult_SEM-DA_PWR-MRC-D+1_20220907100000_20220907103702.csv
2022-09-08T09:00:00Z,1.0,256.48,2022-09-08,MarketResult_SEM-DA_PWR-MRC-D+1_20220907100000_20220907103702.csv
2022-09-08T10:00:00Z,1.0,256.0,2022-09-08,MarketResult_SEM-DA_PWR-MRC-D+1_20220907100000_20220907103702.csv
2022-09-08T11:00:00Z,1.0,249.35,2022-09-08,MarketResult_SEM-DA_PWR-MRC-D+1_20220907100000_20220907103702.csv
2022-09-08T12:00:00Z,1.0,249.35,2022-09-08,MarketResult_SEM-DA_PWR-MRC-D+1_20220907100000_20220907103702.csv
2022-09-08T13:00:00Z,1.0,246.59,2022-09-08,MarketResult_SEM-DA_PWR-MRC-D+1_20220907100000_20220907103702.csv
2022-09-08T14:00:00Z,1.0,249.41,2022-09-08,MarketResult_SEM-DA_PWR-MRC-D+1_20220907100000_20220907103702.csv
2022-09-08T15:00:00Z,1.0,271.26,2022-09-08,MarketResult_SEM-DA_PWR-MRC-D+1_20220907100000_20220907103702.csv
2022-09-08T16:00:00Z,1.0,271.26,2022-09-08,MarketResult_SEM-DA_PWR-MRC-D+1_20220907100000_20220907103702.csv
2022-09-08T17:00:00Z,1.0,279.0,2022-09-08,MarketResult_SEM-DA_PWR-MRC-D+1_20220907100000_20220907103702.csv
2022-09-08T18:00:00Z,1.0,271.26,2022-09-08,MarketResult_SEM-DA_PWR-MRC-D+1_20220907100000_20220907103702.csv
2022-09-08T19:00:00Z,1.0,259.18,2022-09-08,MarketResult_SEM-DA_PWR-MRC-D+1_20220907100000_20220907103702.csv
2022-09-08T20:00:00Z,1.0,241.59,2022-09-08,MarketResult_SEM-DA_PWR-MRC-D+1_20220907100000_20220907103702.csv
2022-09-08T21:00:00Z,1.0,193.21,2022-09-08,MarketResult_SEM-DA_PWR-MRC-D+1_20220907100000_20220907103702.csv
2022-09-08T22:00:00Z,1.0,271.0,2022-09-09,MarketResult_SEM-DA_PWR-MRC-D+1_20220908100000_20220908103431.csv
2022-09-08T23:00:00Z,1.0,264.51,2022-09-09,MarketResult_SEM-DA_PWR-MRC-D+1_20220908100000_20220908103431.csv
2022-09-09T00:00:00Z,1.0,248.15,2022-09-09,MarketResult_SEM-DA_PWR-MRC-D+1_20220908100000_20220908103431.csv
2022-09-09T01:00:00Z,1.0,242.8,2022-09-09,MarketResult_SEM-DA_PWR-MRC-D+1_20220908100000_20220908103431.csv
2022-09-09T02:00:00Z,1.0,237.5,2022-09-09,MarketResult_SEM-DA_PWR-MRC-D+1_20220908100000_20220908103431.csv
2022-09-09T03:00:00Z,1.0,242.8,2022-09-09,MarketResult_SEM-DA_PWR-MRC-D+1_20220908100000_20220908103431.csv
2022-09-09T04:00:00Z,1.0,242.8,2022-09-09,MarketResult_SEM-DA_PWR-MRC-D+1_20220908100000_20220908103431.csv
2022-09-09T05:00:00Z,1.0,249.92,2022-09-09,MarketResult_SEM-DA_PWR-MRC-D+1_20220908100000_20220908103431.csv
2022-09-09T06:00:00Z,1.0,315.03,2022-09-09,MarketResult_SEM-DA_PWR-MRC-D+1_20220908100000_20220908103431.csv
2022-09-09T07:00:00Z,1.0,332.0,2022-09-09,MarketResult_SEM-DA_PWR-MRC-D+1_20220908100000_20220908103431.csv
2022-09-09T08:00:00Z,1.0,325.0,2022-09-09,MarketResult_SEM-DA_PWR-MRC-D+1_20220908100000_20220908103431.csv
2022-09-09T09:00:00Z,1.0,316.5,2022-09-09,MarketResult_SEM-DA_PWR-MRC-D+1_20220908100000_20220908103431.csv
2022-09-09T10:00:00Z,1.0,309.58,2022-09-09,MarketResult_SEM-DA_PWR-MRC-D+1_20220908100000_20220908103431.csv
2022-09-09T11:00:00Z,1.0,297.69,2022-09-09,MarketResult_SEM-DA_PWR-MRC-D+1_20220908100000_20220908103431.csv
2022-09-09T12:00:00Z,1.0,293.85,2022-09-09,MarketResult_SEM-DA_PWR-MRC-D+1_20220908100000_20220908103431.csv
2022-09-09T13:00:00Z,1.0,293.47,2022-09-09,MarketResult_SEM-DA_PWR-MRC-D+1_20220908100000_20220908103431.csv
2022-09-09T14:00:00Z,1.0,300.4,2022-09-09,MarketResult_SEM-DA_PWR-MRC-D+1_20220908100000_20220908103431.csv
2022-09-09T15:00:00Z,1.0,324.85,2022-09-09,MarketResult_SEM-DA_PWR-MRC-D+1_20220908100000_20220908103431.csv
2022-09-09T16:00:00Z,1.0,340.0,2022-09-09,MarketResult_SEM-DA_PWR-MRC-D+1_20220908100000_20220908103431.csv
2022-09-09T17:00:00Z,1.0,352.6,2022-09-09,MarketResult_SEM-DA_PWR-MRC-D+1_20220908100000_20220908103431.csv
2022-09-09T18:00:00Z,1.0,372.0,2022-09-09,MarketResult_SEM-DA_PWR-MRC-D+1_20220908100000_20220908103431.csv
2022-09-09T19:00:00Z,1.0,366.88,2022-09-09,MarketResult_SEM-DA_PWR-MRC-D+1_20220908100000_20220908103431.csv
2022-09-09T20:00:00Z,1.0,338.62,2022-09-09,MarketResult_SEM-DA_PWR-MRC-D+1_20220908100000_20220908103431.csv
2022-09-09T21:00:00Z,1.0,271.0,2022-09-09,MarketResult_SEM-DA_PWR-MRC-D+1_20220908100000_20220908103431.csv
2022-09-09T22:00:00Z,1.0,326.56,2022-09-10,MarketResult_SEM-DA_PWR-MRC-D+1_20220909100000_20220909103802.csv
2022-09-09T23:00:00Z,1.0,288.0,2022-09-10,MarketResult_SEM-DA_PWR-MRC-D+1_20220909100000_20220909103802.csv
2022-09-10T00:00:00Z,1.0,271.0,2022-09-10,MarketResult_SEM-DA_PWR-MRC-D+1_20220909100000_20220909103802.csv
2022-09-10T01:00:00Z,1.0,253.91,2022-09-10,MarketResult_SEM-DA_PWR-MRC-D+1_20220909100000_20220909103802.csv
2022-09-10T02:00:00Z,1.0,253.91,2022-09-10,MarketResult_SEM-DA_PWR-MRC-D+1_20220909100000_20220909103802.csv
2022-09-10T03:00:00Z,1.0,256.43,2022-09-10,MarketResult_SEM-DA_PWR-MRC-D+1_20220909100000_20220909103802.csv
2022-09-10T04:00:00Z,1.0,275.45,2022-09-10,MarketResult_SEM-DA_PWR-MRC-D+1_20220909100000_20220909103802.csv
2022-09-10T05:00:00Z,1.0,309.6,2022-09-10,MarketResult_SEM-DA_PWR-MRC-D+1_20220909100000_20220909103802.csv
2022-09-10T06:00:00Z,1.0,345.21,2022-09-10,MarketResult_SEM-DA_PWR-MRC-D+1_20220909100000_20220909103802.csv
2022-09-10T07:00:00Z,1.0,370.72,2022-09-10,MarketResult_SEM-DA_PWR-MRC-D+1_20220909100000_20220909103802.csv
2022-09-10T08:00:00Z,1.0,389.0,2022-09-10,MarketResult_SEM-DA_PWR-MRC-D+1_20220909100000_20220909103802.csv
2022-09-10T09:00:00Z,1.0,389.0,2022-09-10,MarketResult_SEM-DA_PWR-MRC-D+1_20220909100000_20220909103802.csv
2022-09-10T10:00:00Z,1.0,366.0,2022-09-10,MarketResult_SEM-DA_PWR-MRC-D+1_20220909100000_20220909103802.csv
2022-09-10T11:00:00Z,1.0,342.8,2022-09-10,MarketResult_SEM-DA_PWR-MRC-D+1_20220909100000_20220909103802.csv
2022-09-10T12:00:00Z,1.0,316.89,2022-09-10,MarketResult_SEM-DA_PWR-MRC-D+1_20220909100000_20220909103802.csv
2022-09-10T13:00:00Z,1.0,307.82,2022-09-10,MarketResult_SEM-DA_PWR-MRC-D+1_20220909100000_20220909103802.csv
2022-09-10T14:00:00Z,1.0,325.8,2022-09-10,MarketResult_SEM-DA_PWR-MRC-D+1_20220909100000_20220909103802.csv
2022-09-10T15:00:00Z,1.0,389.0,2022-09-10,MarketResult_SEM-DA_PWR-MRC-D+1_20220909100000_20220909103802.csv
2022-09-10T16:00:00Z,1.0,389.0,2022-09-10,MarketResult_SEM-DA_PWR-MRC-D+1_20220909100000_20220909103802.csv
2022-09-10T17:00:00Z,1.0,389.0,2022-09-10,MarketResult_SEM-DA_PWR-MRC-D+1_20220909100000_20220909103802.csv
2022-09-10T18:00:00Z,1.0,383.79,2022-09-10,MarketResult_SEM-DA_PWR-MRC-D+1_20220909100000_20220909103802.csv
2022-09-10T19:00:00Z,1.0,375.0,2022-09-10,MarketResult_SEM-DA_PWR-MRC-D+1_20220909100000_20220909103802.csv
2022-09-10T20:00:00Z,1.0,401.0,2022-09-10,MarketResult_SEM-DA_PWR-MRC-D+1_20220909100000_20220909103802.csv
2022-09-10T21:00:00Z,1.0,325.0,2022-09-10,MarketResult_SEM-DA_PWR-MRC-D+1_20220909100000_20220909103802.csv
2022-09-10T22:00:00Z,1.0,416.67,2022-09-11,MarketResult_SEM-DA_PWR-MRC-D+1_20220910100000_20220910104436.csv
2022-09-10T23:00:00Z,1.0,368.13,2022-09-11,MarketResult_SEM-DA_PWR-MRC-D+1_20220910100000_20220910104436.csv
2022-09-11T00:00:00Z,1.0,346.0,2022-09-11,MarketResult_SEM-DA_PWR-MRC-D+1_20220910100000_20220910104436.csv
2022-09-11T01:00:00Z,1.0,336.9,2022-09-11,MarketResult_SEM-DA_PWR-MRC-D+1_20220910100000_20220910104436.csv
2022-09-11T02:00:00Z,1.0,312.0,2022-09-11,MarketResult_SEM-DA_PWR-MRC-D+1_20220910100000_20220910104436.csv
2022-09-11T03:00:00Z,1.0,298.87,2022-09-11,MarketResult_SEM-DA_PWR-MRC-D+1_20220910100000_20220910104436.csv
2022-09-11T04:00:00Z,1.0,309.0,2022-09-11,MarketResult_SEM-DA_PWR-MRC-D+1_20220910100000_20220910104436.csv
2022-09-11T05:00:00Z,1.0,299.0,2022-09-11,MarketResult_SEM-DA_PWR-MRC-D+1_20220910100000_20220910104436.csv
2022-09-11T06:00:00Z,1.0,254.37,2022-09-11,MarketResult_SEM-DA_PWR-MRC-D+1_20220910100000_20220910104436.csv
2022-09-11T07:00:00Z,1.0,299.0,2022-09-11,MarketResult_SEM-DA_PWR-MRC-D+1_20220910100000_20220910104436.csv
2022-09-11T08:00:00Z,1.0,328.0,2022-09-11,MarketResult_SEM-DA_PWR-MRC-D+1_20220910100000_20220910104436.csv
2022-09-11T09:00:00Z,1.0,339.0,2022-09-11,MarketResult_SEM-DA_PWR-MRC-D+1_20220910100000_20220910104436.csv
2022-09-11T10:00:00Z,1.0,335.0,2022-09-11,MarketResult_SEM-DA_PWR-MRC-D+1_20220910100000_20220910104436.csv
2022-09-11T11:00:00Z,1.0,292.79,2022-09-11,MarketResult_SEM-DA_PWR-MRC-D+1_20220910100000_20220910104436.csv
2022-09-11T12:00:00Z,1.0,282.17,2022-09-11,MarketResult_SEM-DA_PWR-MRC-D+1_20220910100000_20220910104436.csv
2022-09-11T13:00:00Z,1.0,275.0,2022-09-11,MarketResult_SEM-DA_PWR-MRC-D+1_20220910100000_20220910104436.csv
2022-09-11T14:00:00Z,1.0,288.5,2022-09-11,MarketResult_SEM-DA_PWR-MRC-D+1_20220910100000_20220910104436.csv
2022-09-11T15:00:00Z,1.0,349.0,2022-09-11,MarketResult_SEM-DA_PWR-MRC-D+1_20220910100000_20220910104436.csv
2022-09-11T16:00:00Z,1.0,376.76,2022-09-11,MarketResult_SEM-DA_PWR-MRC-D+1_20220910100000_20220910104436.csv
2022-09-11T17:00:00Z,1.0,379.0,2022-09-11,MarketResult_SEM-DA_PWR-MRC-D+1_20220910100000_20220910104436.csv
2022-09-11T18:00:00Z,1.0,371.99,2022-09-11,MarketResult_SEM-DA_PWR-MRC-D+1_20220910100000_20220910104436.csv
2022-09-11T19:00:00Z,1.0,429.0,2022-09-11,MarketResult_SEM-DA_PWR-MRC-D+1_20220910100000_20220910104436.csv
2022-09-11T20:00:00Z,1.0,388.0,2022-09-11,MarketResult_SEM-DA_PWR-MRC-D+1_20220910100000_20220910104436.csv
2022-09-11T21:00:00Z,1.0,285.0,2022-09-11,MarketResult_SEM-DA_PWR-MRC-D+1_20220910100000_20220910104436.csv
2022-09-11T22:00:00Z,1.0,301.54,2022-09-12,MarketResult_SEM-DA_PWR-MRC-D+1_20220911100000_20220911103623.csv
2022-09-11T23:00:00Z,1.0,286.0,2022-09-12,MarketResult_SEM-DA_PWR-MRC-D+1_20220911100000_20220911103623.csv
2022-09-12T00:00:00Z,1.0,289.17,2022-09-12,MarketResult_SEM-DA_PWR-MRC-D+1_20220911100000_20220911103623.csv
2022-09-12T01:00:00Z,1.0,280.0,2022-09-12,MarketResult_SEM-DA_PWR-MRC-D+1_20220911100000_20220911103623.csv
2022-09-12T02:00:00Z,1.0,270.62,2022-09-12,MarketResult_SEM-DA_PWR-MRC-D+1_20220911100000_20220911103623.csv
2022-09-12T03:00:00Z,1.0,280.0,2022-09-12,MarketResult_SEM-DA_PWR-MRC-D+1_20220911100000_20220911103623.csv
2022-09-12T04:00:00Z,1.0,320.36,2022-09-12,MarketResult_SEM-DA_PWR-MRC-D+1_20220911100000_20220911103623.csv
2022-09-12T05:00:00Z,1.0,378.0,2022-09-12,MarketResult_SEM-DA_PWR-MRC-D+1_20220911100000_20220911103623.csv
2022-09-12T06:00:00Z,1.0,393.0,2022-09-12,MarketResult_SEM-DA_PWR-MRC-D+1_20220911100000_20220911103623.csv
2022-09-12T07:00:00Z,1.0,458.25,2022-09-12,MarketResult_SEM-DA_PWR-MRC-D+1_20220911100000_20220911103623.csv
2022-09-12T08:00:00Z,1.0,442.1,2022-09-12,MarketResult_SEM-DA_PWR-MRC-D+1_20220911100000_20220911103623.csv
2022-09-12T09:00:00Z,1.0,415.0,2022-09-12,MarketResult_SEM-DA_PWR-MRC-D+1_20220911100000_20220911103623.csv
2022-09-12T10:00:00Z,1.0,391.06,2022-09-12,MarketResult_SEM-DA_PWR-MRC-D+1_20220911100000_20220911103623.csv
2022-09-12T11:00:00Z,1.0,375.0,2022-09-12,MarketResult_SEM-DA_PWR-MRC-D+1_20220911100000_20220911103623.csv
2022-09-12T12:00:00Z,1.0,365.5,2022-09-12,MarketResult_SEM-DA_PWR-MRC-D+1_20220911100000_20220911103623.csv
2022-09-12T13:00:00Z,1.0,349.69,2022-09-12,MarketResult_SEM-DA_PWR-MRC-D+1_20220911100000_20220911103623.csv
2022-09-12T14:00:00Z,1.0,375.81,2022-09-12,MarketResult_SEM-DA_PWR-MRC-D+1_20220911100000_20220911103623.csv
2022-09-12T15:00:00Z,1.0,403.81,2022-09-12,MarketResult_SEM-DA_PWR-MRC-D+1_20220911100000_20220911103623.csv
2022-09-12T16:00:00Z,1.0,425.0,2022-09-12,MarketResult_SEM-DA_PWR-MRC-D+1_20220911100000_20220911103623.csv
2022-09-12T17:00:00Z,1.0,386.0,2022-09-12,MarketResult_SEM-DA_PWR-MRC-D+1_20220911100000_20220911103623.csv
2022-09-12T18:00:00Z,1.0,338.0,2022-09-12,MarketResult_SEM-DA_PWR-MRC-D+1_20220911100000_20220911103623.csv
2022-09-12T19:00:00Z,1.0,315.0,2022-09-12,MarketResult_SEM-DA_PWR-MRC-D+1_20220911100000_20220911103623.csv
2022-09-12T20:00:00Z,1.0,335.0,2022-09-12,MarketResult_SEM-DA_PWR-MRC-D+1_20220911100000_20220911103623.csv
2022-09-12T21:00:00Z,1.0,287.85,2022-09-12,MarketResult_SEM-DA_PWR-MRC-D+1_20220911100000_20220911103623.csv
2022-09-12T22:00:00Z,1.0,291.82,2022-09-13,MarketResult_SEM-DA_PWR-MRC-D+1_20220912100000_20220912103444.csv
2022-09-12T23:00:00Z,1.0,279.71,2022-09-13,MarketResult_SEM-DA_PWR-MRC-D+1_20220912100000_20220912103444.csv
2022-09-13T00:00:00Z,1.0,276.87,2022-09-13,MarketResult_SEM-DA_PWR-MRC-D+1_20220912100000_20220912103444.csv
2022-09-13T01:00:00Z,1.0,270.0,2022-09-13,MarketResult_SEM-DA_PWR-MRC-D+1_20220912100000_20220912103444.csv
2022-09-13T02:00:00Z,1.0,264.39,2022-09-13,MarketResult_SEM-DA_PWR-MRC-D+1_20220912100000_20220912103444.csv
2022-09-13T03:00:00Z,1.0,275.01,2022-09-13,MarketResult_SEM-DA_PWR-MRC-D+1_20220912100000_20220912103444.csv
2022-09-13T04:00:00Z,1.0,289.92,2022-09-13,MarketResult_SEM-DA_PWR-MRC-D+1_20220912100000_20220912103444.csv
2022-09-13T05:00:00Z,1.0,280.0,2022-09-13,MarketResult_SEM-DA_PWR-MRC-D+1_20220912100000_20220912103444.csv
2022-09-13T06:00:00Z,1.0,288.93,2022-09-13,MarketResult_SEM-DA_PWR-MRC-D+1_20220912100000_20220912103444.csv
2022-09-13T07:00:00Z,1.0,374.6,2022-09-13,MarketResult_SEM-DA_PWR-MRC-D+1_20220912100000_20220912103444.csv
2022-09-13T08:00:00Z,1.0,391.0,2022-09-13,MarketResult_SEM-DA_PWR-MRC-D+1_20220912100000_20220912103444.csv
2022-09-13T09:00:00Z,1.0,388.52,2022-09-13,MarketResult_SEM-DA_PWR-MRC-D+1_20220912100000_20220912103444.csv
2022-09-13T10:00:00Z,1.0,368.86,2022-09-13,MarketResult_SEM-DA_PWR-MRC-D+1_20220912100000_20220912103444.csv
2022-09-13T11:00:00Z,1.0,366.0,2022-09-13,MarketResult_SEM-DA_PWR-MRC-D+1_20220912100000_20220912103444.csv
2022-09-13T12:00:00Z,1.0,360.0,2022-09-13,MarketResult_SEM-DA_PWR-MRC-D+1_20220912100000_20220912103444.csv
2022-09-13T13:00:00Z,1.0,358.75,2022-09-13,MarketResult_SEM-DA_PWR-MRC-D+1_20220912100000_20220912103444.csv
2022-09-13T14:00:00Z,1.0,375.0,2022-09-13,MarketResult_SEM-DA_PWR-MRC-D+1_20220912100000_20220912103444.csv
2022-09-13T15:00:00Z,1.0,399.0,2022-09-13,MarketResult_SEM-DA_PWR-MRC-D+1_20220912100000_20220912103444.csv
2022-09-13T16:00:00Z,1.0,405.01,2022-09-13,MarketResult_SEM-DA_PWR-MRC-D+1_20220912100000_20220912103444.csv
2022-09-13T17:00:00Z,1.0,391.0,2022-09-13,MarketResult_SEM-DA_PWR-MRC-D+1_20220912100000_20220912103444.csv
2022-09-13T18:00:00Z,1.0,388.0,2022-09-13,MarketResult_SEM-DA_PWR-MRC-D+1_20220912100000_20220912103444.csv
2022-09-13T19:00:00Z,1.0,375.15,2022-09-13,MarketResult_SEM-DA_PWR-MRC-D+1_20220912100000_20220912103444.csv
2022-09-13T20:00:00Z,1.0,343.33,2022-09-13,MarketResult_SEM-DA_PWR-MRC-D+1_20220912100000_20220912103444.csv
2022-09-13T21:00:00Z,1.0,280.0,2022-09-13,MarketResult_SEM-DA_PWR-MRC-D+1_20220912100000_20220912103444.csv
2022-09-13T22:00:00Z,1.0,295.28,2022-09-14,MarketResult_SEM-DA_PWR-MRC-D+1_20220913100000_20220913103553.csv
2022-09-13T23:00:00Z,1.0,299.21,2022-09-14,MarketResult_SEM-DA_PWR-MRC-D+1_20220913100000_20220913103553.csv
2022-09-14T00:00:00Z,1.0,284.64,2022-09-14,MarketResult_SEM-DA_PWR-MRC-D+1_20220913100000_20220913103553.csv
2022-09-14T01:00:00Z,1.0,269.0,2022-09-14,MarketResult_SEM-DA_PWR-MRC-D+1_20220913100000_20220913103553.csv
2022-09-14T02:00:00Z,1.0,265.29,2022-09-14,MarketResult_SEM-DA_PWR-MRC-D+1_20220913100000_20220913103553.csv
2022-09-14T03:00:00Z,1.0,265.0,2022-09-14,MarketResult_SEM-DA_PWR-MRC-D+1_20220913100000_20220913103553.csv
2022-09-14T04:00:00Z,1.0,275.0,2022-09-14,MarketResult_SEM-DA_PWR-MRC-D+1_20220913100000_20220913103553.csv
2022-09-14T05:00:00Z,1.0,331.5,2022-09-14,MarketResult_SEM-DA_PWR-MRC-D+1_20220913100000_20220913103553.csv
2022-09-14T06:00:00Z,1.0,379.0,2022-09-14,MarketResult_SEM-DA_PWR-MRC-D+1_20220913100000_20220913103553.csv
2022-09-14T07:00:00Z,1.0,402.0,2022-09-14,MarketResult_SEM-DA_PWR-MRC-D+1_20220913100000_20220913103553.csv
2022-09-14T08:00:00Z,1.0,380.07,2022-09-14,MarketResult_SEM-DA_PWR-MRC-D+1_20220913100000_20220913103553.csv
2022-09-14T09:00:00Z,1.0,393.0,2022-09-14,MarketResult_SEM-DA_PWR-MRC-D+1_20220913100000_20220913103553.csv
2022-09-14T10:00:00Z,1.0,367.0,2022-09-14,MarketResult_SEM-DA_PWR-MRC-D+1_20220913100000_20220913103553.csv
2022-09-14T11:00:00Z,1.0,358.91,2022-09-14,MarketResult_SEM-DA_PWR-MRC-D+1_20220913100000_20220913103553.csv
2022-09-14T12:00:00Z,1.0,338.12,2022-09-14,MarketResult_SEM-DA_PWR-MRC-D+1_20220913100000_20220913103553.csv
2022-09-14T13:00:00Z,1.0,330.0,2022-09-14,MarketResult_SEM-DA_PWR-MRC-D+1_20220913100000_20220913103553.csv
2022-09-14T14:00:00Z,1.0,335.0,2022-09-14,MarketResult_SEM-DA_PWR-MRC-D+1_20220913100000_20220913103553.csv
2022-09-14T15:00:00Z,1.0,385.0,2022-09-14,MarketResult_SEM-DA_PWR-MRC-D+1_20220913100000_20220913103553.csv
2022-09-14T16:00:00Z,1.0,375.01,2022-09-14,MarketResult_SEM-DA_PWR-MRC-D+1_20220913100000_20220913103553.csv
2022-09-14T17:00:00Z,1.0,380.07,2022-09-14,MarketResult_SEM-DA_PWR-MRC-D+1_20220913100000_20220913103553.csv
2022-09-14T18:00:00Z,1.0,375.01,2022-09-14,MarketResult_SEM-DA_PWR-MRC-D+1_20220913100000_20220913103553.csv
2022-09-14T19:00:00Z,1.0,373.33,2022-09-14,MarketResult_SEM-DA_PWR-MRC-D+1_20220913100000_20220913103553.csv
2022-09-14T20:00:00Z,1.0,379.72,2022-09-14,MarketResult_SEM-DA_PWR-MRC-D+1_20220913100000_20220913103553.csv
2022-09-14T21:00:00Z,1.0,282.04,2022-09-14,MarketResult_SEM-DA_PWR-MRC-D+1_20220913100000_20220913103553.csv
2022-09-14T22:00:00Z,1.0,329.68,2022-09-15,MarketResult_SEM-DA_PWR-MRC-D+1_20220914100000_20220914103603.csv
2022-09-14T23:00:00Z,1.0,329.61,2022-09-15,MarketResult_SEM-DA_PWR-MRC-D+1_20220914100000_20220914103603.csv
2022-09-15T00:00:00Z,1.0,323.46,2022-09-15,MarketResult_SEM-DA_PWR-MRC-D+1_20220914100000_20220914103603.csv
2022-09-15T01:00:00Z,1.0,306.13,2022-09-15,MarketResult_SEM-DA_PWR-MRC-D+1_20220914100000_20220914103603.csv
2022-09-15T02:00:00Z,1.0,294.62,2022-09-15,MarketResult_SEM-DA_PWR-MRC-D+1_20220914100000_20220914103603.csv
2022-09-15T03:00:00Z,1.0,298.47,2022-09-15,MarketResult_SEM-DA_PWR-MRC-D+1_20220914100000_20220914103603.csv
2022-09-15T04:00:00Z,1.0,308.0,2022-09-15,MarketResult_SEM-DA_PWR-MRC-D+1_20220914100000_20220914103603.csv
2022-09-15T05:00:00Z,1.0,366.0,2022-09-15,MarketResult_SEM-DA_PWR-MRC-D+1_20220914100000_20220914103603.csv
2022-09-15T06:00:00Z,1.0,433.0,2022-09-15,MarketResult_SEM-DA_PWR-MRC-D+1_20220914100000_20220914103603.csv
2022-09-15T07:00:00Z,1.0,434.0,2022-09-15,MarketResult_SEM-DA_PWR-MRC-D+1_20220914100000_20220914103603.csv
2022-09-15T08:00:00Z,1.0,422.2,2022-09-15,MarketResult_SEM-DA_PWR-MRC-D+1_20220914100000_20220914103603.csv
2022-09-15T09:00:00Z,1.0,381.0,2022-09-15,MarketResult_SEM-DA_PWR-MRC-D+1_20220914100000_20220914103603.csv
2022-09-15T10:00:00Z,1.0,348.6,2022-09-15,MarketResult_SEM-DA_PWR-MRC-D+1_20220914100000_20220914103603.csv
2022-09-15T11:00:00Z,1.0,335.1,2022-09-15,MarketResult_SEM-DA_PWR-MRC-D+1_20220914100000_20220914103603.csv
2022-09-15T12:00:00Z,1.0,329.58,2022-09-15,MarketResult_SEM-DA_PWR-MRC-D+1_20220914100000_20220914103603.csv
2022-09-15T13:00:00Z,1.0,321.6,2022-09-15,MarketResult_SEM-DA_PWR-MRC-D+1_20220914100000_20220914103603.csv
2022-09-15T14:00:00Z,1.0,318.9,2022-09-15,MarketResult_SEM-DA_PWR-MRC-D+1_20220914100000_20220914103603.csv
2022-09-15T15:00:00Z,1.0,344.0,2022-09-15,MarketResult_SEM-DA_PWR-MRC-D+1_20220914100000_20220914103603.csv
2022-09-15T16:00:00Z,1.0,402.76,2022-09-15,MarketResult_SEM-DA_PWR-MRC-D+1_20220914100000_20220914103603.csv
2022-09-15T17:00:00Z,1.0,403.0,2022-09-15,MarketResult_SEM-DA_PWR-MRC-D+1_20220914100000_20220914103603.csv
2022-09-15T18:00:00Z,1.0,411.19,2022-09-15,MarketResult_SEM-DA_PWR-MRC-D+1_20220914100000_20220914103603.csv
2022-09-15T19:00:00Z,1.0,385.0,2022-09-15,MarketResult_SEM-DA_PWR-MRC-D+1_20220914100000_20220914103603.csv
2022-09-15T20:00:00Z,1.0,341.86,2022-09-15,MarketResult_SEM-DA_PWR-MRC-D+1_20220914100000_20220914103603.csv
2022-09-15T21:00:00Z,1.0,306.63,2022-09-15,MarketResult_SEM-DA_PWR-MRC-D+1_20220914100000_20220914103603.csv
2022-09-15T22:00:00Z,1.0,367.46,2022-09-16,MarketResult_SEM-DA_PWR-MRC-D+1_20220915100000_20220915103817.csv
2022-09-15T23:00:00Z,1.0,336.2,2022-09-16,MarketResult_SEM-DA_PWR-MRC-D+1_20220915100000_20220915103817.csv
2022-09-16T00:00:00Z,1.0,320.35,2022-09-16,MarketResult_SEM-DA_PWR-MRC-D+1_20220915100000_20220915103817.csv
2022-09-16T01:00:00Z,1.0,302.57,2022-09-16,MarketResult_SEM-DA_PWR-MRC-D+1_20220915100000_20220915103817.csv
2022-09-16T02:00:00Z,1.0,297.48,2022-09-16,MarketResult_SEM-DA_PWR-MRC-D+1_20220915100000_20220915103817.csv
2022-09-16T03:00:00Z,1.0,305.08,2022-09-16,MarketResult_SEM-DA_PWR-MRC-D+1_20220915100000_20220915103817.csv
2022-09-16T04:00:00Z,1.0,350.64,2022-09-16,MarketResult_SEM-DA_PWR-MRC-D+1_20220915100000_20220915103817.csv
2022-09-16T05:00:00Z,1.0,382.0,2022-09-16,MarketResult_SEM-DA_PWR-MRC-D+1_20220915100000_20220915103817.csv
2022-09-16T06:00:00Z,1.0,444.21,2022-09-16,MarketResult_SEM-DA_PWR-MRC-D+1_20220915100000_20220915103817.csv
2022-09-16T07:00:00Z,1.0,443.21,2022-09-16,MarketResult_SEM-DA_PWR-MRC-D+1_20220915100000_20220915103817.csv
2022-09-16T08:00:00Z,1.0,400.01,2022-09-16,MarketResult_SEM-DA_PWR-MRC-D+1_20220915100000_20220915103817.csv
2022-09-16T09:00:00Z,1.0,366.0,2022-09-16,MarketResult_SEM-DA_PWR-MRC-D+1_20220915100000_20220915103817.csv
2022-09-16T10:00:00Z,1.0,331.0,2022-09-16,MarketResult_SEM-DA_PWR-MRC-D+1_20220915100000_20220915103817.csv
2022-09-16T11:00:00Z,1.0,317.33,2022-09-16,MarketResult_SEM-DA_PWR-MRC-D+1_20220915100000_20220915103817.csv
2022-09-16T12:00:00Z,1.0,316.99,2022-09-16,MarketResult_SEM-DA_PWR-MRC-D+1_20220915100000_20220915103817.csv
2022-09-16T13:00:00Z,1.0,311.0,2022-09-16,MarketResult_SEM-DA_PWR-MRC-D+1_20220915100000_20220915103817.csv
2022-09-16T14:00:00Z,1.0,304.1,2022-09-16,MarketResult_SEM-DA_PWR-MRC-D+1_20220915100000_20220915103817.csv
2022-09-16T15:00:00Z,1.0,326.7,2022-09-16,MarketResult_SEM-DA_PWR-MRC-D+1_20220915100000_20220915103817.csv
2022-09-16T16:00:00Z,1.0,379.8,2022-09-16,MarketResult_SEM-DA_PWR-MRC-D+1_20220915100000_20220915103817.csv
2022-09-16T17:00:00Z,1.0,432.01,2022-09-16,MarketResult_SEM-DA_PWR-MRC-D+1_20220915100000_20220915103817.csv
2022-09-16T18:00:00Z,1.0,447.0,2022-09-16,MarketResult_SEM-DA_PWR-MRC-D+1_20220915100000_20220915103817.csv
2022-09-16T19:00:00Z,1.0,425.0,2022-09-16,MarketResult_SEM-DA_PWR-MRC-D+1_20220915100000_20220915103817.csv
2022-09-16T20:00:00Z,1.0,374.0,2022-09-16,MarketResult_SEM-DA_PWR-MRC-D+1_20220915100000_20220915103817.csv
2022-09-16T21:00:00Z,1.0,326.55,2022-09-16,MarketResult_SEM-DA_PWR-MRC-D+1_20220915100000_20220915103817.csv
2022-09-16T22:00:00Z,1.0,290.99,2022-09-17,MarketResult_SEM-DA_PWR-MRC-D+1_20220916100000_20220916103456.csv
2022-09-16T23:00:00Z,1.0,269.23,2022-09-17,MarketResult_SEM-DA_PWR-MRC-D+1_20220916100000_20220916103456.csv
2022-09-17T00:00:00Z,1.0,257.85,2022-09-17,MarketResult_SEM-DA_PWR-MRC-D+1_20220916100000_20220916103456.csv
2022-09-17T01:00:00Z,1.0,243.0,2022-09-17,MarketResult_SEM-DA_PWR-MRC-D+1_20220916100000_20220916103456.csv
2022-09-17T02:00:00Z,1.0,234.0,2022-09-17,MarketResult_SEM-DA_PWR-MRC-D+1_20220916100000_20220916103456.csv
2022-09-17T03:00:00Z,1.0,241.25,2022-09-17,MarketResult_SEM-DA_PWR-MRC-D+1_20220916100000_20220916103456.csv
2022-09-17T04:00:00Z,1.0,248.0,2022-09-17,MarketResult_SEM-DA_PWR-MRC-D+1_20220916100000_20220916103456.csv
2022-09-17T05:00:00Z,1.0,274.85,2022-09-17,MarketResult_SEM-DA_PWR-MRC-D+1_20220916100000_20220916103456.csv
2022-09-17T06:00:00Z,1.0,266.0,2022-09-17,MarketResult_SEM-DA_PWR-MRC-D+1_20220916100000_20220916103456.csv
2022-09-17T07:00:00Z,1.0,320.94,2022-09-17,MarketResult_SEM-DA_PWR-MRC-D+1_20220916100000_20220916103456.csv
2022-09-17T08:00:00Z,1.0,304.9,2022-09-17,MarketResult_SEM-DA_PWR-MRC-D+1_20220916100000_20220916103456.csv
2022-09-17T09:00:00Z,1.0,287.14,2022-09-17,MarketResult_SEM-DA_PWR-MRC-D+1_20220916100000_20220916103456.csv
2022-09-17T10:00:00Z,1.0,277.98,2022-09-17,MarketResult_SEM-DA_PWR-MRC-D+1_20220916100000_20220916103456.csv
2022-09-17T11:00:00Z,1.0,263.79,2022-09-17,MarketResult_SEM-DA_PWR-MRC-D+1_20220916100000_20220916103456.csv
2022-09-17T12:00:00Z,1.0,250.25,2022-09-17,MarketResult_SEM-DA_PWR-MRC-D+1_20220916100000_20220916103456.csv
2022-09-17T13:00:00Z,1.0,245.28,2022-09-17,MarketResult_SEM-DA_PWR-MRC-D+1_20220916100000_20220916103456.csv
2022-09-17T14:00:00Z,1.0,246.99,2022-09-17,MarketResult_SEM-DA_PWR-MRC-D+1_20220916100000_20220916103456.csv
2022-09-17T15:00:00Z,1.0,259.18,2022-09-17,MarketResult_SEM-DA_PWR-MRC-D+1_20220916100000_20220916103456.csv
2022-09-17T16:00:00Z,1.0,291.78,2022-09-17,MarketResult_SEM-DA_PWR-MRC-D+1_20220916100000_20220916103456.csv
2022-09-17T17:00:00Z,1.0,347.06,2022-09-17,MarketResult_SEM-DA_PWR-MRC-D+1_20220916100000_20220916103456.csv
2022-09-17T18:00:00Z,1.0,355.0,2022-09-17,MarketResult_SEM-DA_PWR-MRC-D+1_20220916100000_20220916103456.csv
2022-09-17T19:00:00Z,1.0,340.0,2022-09-17,MarketResult_SEM-DA_PWR-MRC-D+1_20220916100000_20220916103456.csv
2022-09-17T20:00:00Z,1.0,290.13,2022-09-17,MarketResult_SEM-DA_PWR-MRC-D+1_20220916100000_20220916103456.csv
2022-09-17T21:00:00Z,1.0,269.73,2022-09-17,MarketResult_SEM-DA_PWR-MRC-D+1_20220916100000_20220916103456.csv
2022-09-17T22:00:00Z,1.0,285.18,2022-09-18,MarketResult_SEM-DA_PWR-MRC-D+1_20220917100000_20220917103434.csv
2022-09-17T23:00:00Z,1.0,253.61,2022-09-18,MarketResult_SEM-DA_PWR-MRC-D+1_20220917100000_20220917103434.csv
2022-09-18T00:00:00Z,1.0,232.99,2022-09-18,MarketResult_SEM-DA_PWR-MRC-D+1_20220917100000_20220917103434.csv
2022-09-18T01:00:00Z,1.0,234.0,2022-09-18,MarketResult_SEM-DA_PWR-MRC-D+1_20220917100000_20220917103434.csv
2022-09-18T02:00:00Z,1.0,213.0,2022-09-18,MarketResult_SEM-DA_PWR-MRC-D+1_20220917100000_20220917103434.csv
2022-09-18T03:00:00Z,1.0,228.94,2022-09-18,MarketResult_SEM-DA_PWR-MRC-D+1_20220917100000_20220917103434.csv
2022-09-18T04:00:00Z,1.0,230.23,2022-09-18,MarketResult_SEM-DA_PWR-MRC-D+1_20220917100000_20220917103434.csv
2022-09-18T05:00:00Z,1.0,238.0,2022-09-18,MarketResult_SEM-DA_PWR-MRC-D+1_20220917100000_20220917103434.csv
2022-09-18T06:00:00Z,1.0,235.0,2022-09-18,MarketResult_SEM-DA_PWR-MRC-D+1_20220917100000_20220917103434.csv
2022-09-18T07:00:00Z,1.0,248.48,2022-09-18,MarketResult_SEM-DA_PWR-MRC-D+1_20220917100000_20220917103434.csv
2022-09-18T08:00:00Z,1.0,253.8,2022-09-18,MarketResult_SEM-DA_PWR-MRC-D+1_20220917100000_20220917103434.csv
2022-09-18T09:00:00Z,1.0,260.5,2022-09-18,MarketResult_SEM-DA_PWR-MRC-D+1_20220917100000_20220917103434.csv
2022-09-18T10:00:00Z,1.0,267.05,2022-09-18,MarketResult_SEM-DA_PWR-MRC-D+1_20220917100000_20220917103434.csv
2022-09-18T11:00:00Z,1.0,267.05,2022-09-18,MarketResult_SEM-DA_PWR-MRC-D+1_20220917100000_20220917103434.csv
2022-09-18T12:00:00Z,1.0,260.67,2022-09-18,MarketResult_SEM-DA_PWR-MRC-D+1_20220917100000_20220917103434.csv
2022-09-18T13:00:00Z,1.0,256.8,2022-09-18,MarketResult_SEM-DA_PWR-MRC-D+1_20220917100000_20220917103434.csv
2022-09-18T14:00:00Z,1.0,254.24,2022-09-18,MarketResult_SEM-DA_PWR-MRC-D+1_20220917100000_20220917103434.csv
2022-09-18T15:00:00Z,1.0,270.28,2022-09-18,MarketResult_SEM-DA_PWR-MRC-D+1_20220917100000_20220917103434.csv
2022-09-18T16:00:00Z,1.0,316.98,2022-09-18,MarketResult_SEM-DA_PWR-MRC-D+1_20220917100000_20220917103434.csv
2022-09-18T17:00:00Z,1.0,346.36,2022-09-18,MarketResult_SEM-DA_PWR-MRC-D+1_20220917100000_20220917103434.csv
2022-09-18T18:00:00Z,1.0,370.0,2022-09-18,MarketResult_SEM-DA_PWR-MRC-D+1_20220917100000_20220917103434.csv
2022-09-18T19:00:00Z,1.0,317.75,2022-09-18,MarketResult_SEM-DA_PWR-MRC-D+1_20220917100000_20220917103434.csv
2022-09-18T20:00:00Z,1.0,264.73,2022-09-18,MarketResult_SEM-DA_PWR-MRC-D+1_20220917100000_20220917103434.csv
2022-09-18T21:00:00Z,1.0,250.0,2022-09-18,MarketResult_SEM-DA_PWR-MRC-D+1_20220917100000_20220917103434.csv
2022-09-18T22:00:00Z,1.0,248.52,2022-09-19,MarketResult_SEM-DA_PWR-MRC-D+1_20220918100000_20220918103543.csv
2022-09-18T23:00:00Z,1.0,236.6,2022-09-19,MarketResult_SEM-DA_PWR-MRC-D+1_20220918100000_20220918103543.csv
2022-09-19T00:00:00Z,1.0,234.1,2022-09-19,MarketResult_SEM-DA_PWR-MRC-D+1_20220918100000_20220918103543.csv
2022-09-19T01:00:00Z,1.0,225.0,2022-09-19,MarketResult_SEM-DA_PWR-MRC-D+1_20220918100000_20220918103543.csv
2022-09-19T02:00:00Z,1.0,213.0,2022-09-19,MarketResult_SEM-DA_PWR-MRC-D+1_20220918100000_20220918103543.csv
2022-09-19T03:00:00Z,1.0,228.94,2022-09-19,MarketResult_SEM-DA_PWR-MRC-D+1_20220918100000_20220918103543.csv
2022-09-19T04:00:00Z,1.0,236.6,2022-09-19,MarketResult_SEM-DA_PWR-MRC-D+1_20220918100000_20220918103543.csv
2022-09-19T05:00:00Z,1.0,257.29,2022-09-19,MarketResult_SEM-DA_PWR-MRC-D+1_20220918100000_20220918103543.csv
2022-09-19T06:00:00Z,1.0,257.29,2022-09-19,MarketResult_SEM-DA_PWR-MRC-D+1_20220918100000_20220918103543.csv
2022-09-19T07:00:00Z,1.0,285.0,2022-09-19,MarketResult_SEM-DA_PWR-MRC-D+1_20220918100000_20220918103543.csv
2022-09-19T08:00:00Z,1.0,288.95,2022-09-19,MarketResult_SEM-DA_PWR-MRC-D+1_20220918100000_20220918103543.csv
2022-09-19T09:00:00Z,1.0,274.95,2022-09-19,MarketResult_SEM-DA_PWR-MRC-D+1_20220918100000_20220918103543.csv
2022-09-19T10:00:00Z,1.0,266.0,2022-09-19,MarketResult_SEM-DA_PWR-MRC-D+1_20220918100000_20220918103543.csv
2022-09-19T11:00:00Z,1.0,262.35,2022-09-19,MarketResult_SEM-DA_PWR-MRC-D+1_20220918100000_20220918103543.csv
2022-09-19T12:00:00Z,1.0,258.39,2022-09-19,MarketResult_SEM-DA_PWR-MRC-D+1_20220918100000_20220918103543.csv
2022-09-19T13:00:00Z,1.0,253.36,2022-09-19,MarketResult_SEM-DA_PWR-MRC-D+1_20220918100000_20220918103543.csv
2022-09-19T14:00:00Z,1.0,254.24,2022-09-19,MarketResult_SEM-DA_PWR-MRC-D+1_20220918100000_20220918103543.csv
2022-09-19T15:00:00Z,1.0,273.83,2022-09-19,MarketResult_SEM-DA_PWR-MRC-D+1_20220918100000_20220918103543.csv
2022-09-19T16:00:00Z,1.0,303.19,2022-09-19,MarketResult_SEM-DA_PWR-MRC-D+1_20220918100000_20220918103543.csv
2022-09-19T17:00:00Z,1.0,361.65,2022-09-19,MarketResult_SEM-DA_PWR-MRC-D+1_20220918100000_20220918103543.csv
2022-09-19T18:00:00Z,1.0,363.71,2022-09-19,MarketResult_SEM-DA_PWR-MRC-D+1_20220918100000_20220918103543.csv
2022-09-19T19:00:00Z,1.0,302.33,2022-09-19,MarketResult_SEM-DA_PWR-MRC-D+1_20220918100000_20220918103543.csv
2022-09-19T20:00:00Z,1.0,264.61,2022-09-19,MarketResult_SEM-DA_PWR-MRC-D+1_20220918100000_20220918103543.csv
2022-09-19T21:00:00Z,1.0,248.52,2022-09-19,MarketResult_SEM-DA_PWR-MRC-D+1_20220918100000_20220918103543.csv
2022-09-19T22:00:00Z,1.0,265.84,2022-09-20,MarketResult_SEM-DA_PWR-MRC-D+1_20220919100000_20220919103507.csv
2022-09-19T23:00:00Z,1.0,257.85,2022-09-20,MarketResult_SEM-DA_PWR-MRC-D+1_20220919100000_20220919103507.csv
2022-09-20T00:00:00Z,1.0,248.63,2022-09-20,MarketResult_SEM-DA_PWR-MRC-D+1_20220919100000_20220919103507.csv
2022-09-20T01:00:00Z,1.0,243.31,2022-09-20,MarketResult_SEM-DA_PWR-MRC-D+1_20220919100000_20220919103507.csv
2022-09-20T02:00:00Z,1.0,238.66,2022-09-20,MarketResult_SEM-DA_PWR-MRC-D+1_20220919100000_20220919103507.csv
2022-09-20T03:00:00Z,1.0,235.45,2022-09-20,MarketResult_SEM-DA_PWR-MRC-D+1_20220919100000_20220919103507.csv
2022-09-20T04:00:00Z,1.0,236.25,2022-09-20,MarketResult_SEM-DA_PWR-MRC-D+1_20220919100000_20220919103507.csv
2022-09-20T05:00:00Z,1.0,273.04,2022-09-20,MarketResult_SEM-DA_PWR-MRC-D+1_20220919100000_20220919103507.csv
2022-09-20T06:00:00Z,1.0,366.32,2022-09-20,MarketResult_SEM-DA_PWR-MRC-D+1_20220919100000_20220919103507.csv
2022-09-20T07:00:00Z,1.0,382.0,2022-09-20,MarketResult_SEM-DA_PWR-MRC-D+1_20220919100000_20220919103507.csv
2022-09-20T08:00:00Z,1.0,370.0,2022-09-20,MarketResult_SEM-DA_PWR-MRC-D+1_20220919100000_20220919103507.csv
2022-09-20T09:00:00Z,1.0,355.87,2022-09-20,MarketResult_SEM-DA_PWR-MRC-D+1_20220919100000_20220919103507.csv
2022-09-20T10:00:00Z,1.0,345.15,2022-09-20,MarketResult_SEM-DA_PWR-MRC-D+1_20220919100000_20220919103507.csv
2022-09-20T11:00:00Z,1.0,335.0,2022-09-20,MarketResult_SEM-DA_PWR-MRC-D+1_20220919100000_20220919103507.csv
2022-09-20T12:00:00Z,1.0,330.33,2022-09-20,MarketResult_SEM-DA_PWR-MRC-D+1_20220919100000_20220919103507.csv
2022-09-20T13:00:00Z,1.0,310.0,2022-09-20,MarketResult_SEM-DA_PWR-MRC-D+1_20220919100000_20220919103507.csv
2022-09-20T14:00:00Z,1.0,335.0,2022-09-20,MarketResult_SEM-DA_PWR-MRC-D+1_20220919100000_20220919103507.csv
2022-09-20T15:00:00Z,1.0,371.0,2022-09-20,MarketResult_SEM-DA_PWR-MRC-D+1_20220919100000_20220919103507.csv
2022-09-20T16:00:00Z,1.0,379.0,2022-09-20,MarketResult_SEM-DA_PWR-MRC-D+1_20220919100000_20220919103507.csv
2022-09-20T17:00:00Z,1.0,375.0,2022-09-20,MarketResult_SEM-DA_PWR-MRC-D+1_20220919100000_20220919103507.csv
2022-09-20T18:00:00Z,1.0,370.0,2022-09-20,MarketResult_SEM-DA_PWR-MRC-D+1_20220919100000_20220919103507.csv
2022-09-20T19:00:00Z,1.0,345.0,2022-09-20,MarketResult_SEM-DA_PWR-MRC-D+1_20220919100000_20220919103507.csv
2022-09-20T20:00:00Z,1.0,310.0,2022-09-20,MarketResult_SEM-DA_PWR-MRC-D+1_20220919100000_20220919103507.csv
2022-09-20T21:00:00Z,1.0,243.41,2022-09-20,MarketResult_SEM-DA_PWR-MRC-D+1_20220919100000_20220919103507.csv
2022-09-20T22:00:00Z,1.0,261.0,2022-09-21,MarketResult_SEM-DA_PWR-MRC-D+1_20220920100000_20220920103501.csv
2022-09-20T23:00:00Z,1.0,251.17,2022-09-21,MarketResult_SEM-DA_PWR-MRC-D+1_20220920100000_20220920103501.csv
2022-09-21T00:00:00Z,1.0,240.91,2022-09-21,MarketResult_SEM-DA_PWR-MRC-D+1_20220920100000_20220920103501.csv
2022-09-21T01:00:00Z,1.0,229.0,2022-09-21,MarketResult_SEM-DA_PWR-MRC-D+1_20220920100000_20220920103501.csv
2022-09-21T02:00:00Z,1.0,214.39,2022-09-21,MarketResult_SEM-DA_PWR-MRC-D+1_20220920100000_20220920103501.csv
2022-09-21T03:00:00Z,1.0,213.57,2022-09-21,MarketResult_SEM-DA_PWR-MRC-D+1_20220920100000_20220920103501.csv
2022-09-21T04:00:00Z,1.0,220.9,2022-09-21,MarketResult_SEM-DA_PWR-MRC-D+1_20220920100000_20220920103501.csv
2022-09-21T05:00:00Z,1.0,255.0,2022-09-21,MarketResult_SEM-DA_PWR-MRC-D+1_20220920100000_20220920103501.csv
2022-09-21T06:00:00Z,1.0,325.0,2022-09-21,MarketResult_SEM-DA_PWR-MRC-D+1_20220920100000_20220920103501.csv
2022-09-21T07:00:00Z,1.0,355.0,2022-09-21,MarketResult_SEM-DA_PWR-MRC-D+1_20220920100000_20220920103501.csv
2022-09-21T08:00:00Z,1.0,340.0,2022-09-21,MarketResult_SEM-DA_PWR-MRC-D+1_20220920100000_20220920103501.csv
2022-09-21T09:00:00Z,1.0,304.2,2022-09-21,MarketResult_SEM-DA_PWR-MRC-D+1_20220920100000_20220920103501.csv
2022-09-21T10:00:00Z,1.0,286.57,2022-09-21,MarketResult_SEM-DA_PWR-MRC-D+1_20220920100000_20220920103501.csv
2022-09-21T11:00:00Z,1.0,262.2,2022-09-21,MarketResult_SEM-DA_PWR-MRC-D+1_20220920100000_20220920103501.csv
2022-09-21T12:00:00Z,1.0,233.54,2022-09-21,MarketResult_SEM-DA_PWR-MRC-D+1_20220920100000_20220920103501.csv
2022-09-21T13:00:00Z,1.0,214.25,2022-09-21,MarketResult_SEM-DA_PWR-MRC-D+1_20220920100000_20220920103501.csv
2022-09-21T14:00:00Z,1.0,209.0,2022-09-21,MarketResult_SEM-DA_PWR-MRC-D+1_20220920100000_20220920103501.csv
2022-09-21T15:00:00Z,1.0,256.0,2022-09-21,MarketResult_SEM-DA_PWR-MRC-D+1_20220920100000_20220920103501.csv
2022-09-21T16:00:00Z,1.0,287.85,2022-09-21,MarketResult_SEM-DA_PWR-MRC-D+1_20220920100000_20220920103501.csv
2022-09-21T17:00:00Z,1.0,286.57,2022-09-21,MarketResult_SEM-DA_PWR-MRC-D+1_20220920100000_20220920103501.csv
2022-09-21T18:00:00Z,1.0,269.0,2022-09-21,MarketResult_SEM-DA_PWR-MRC-D+1_20220920100000_20220920103501.csv
2022-09-21T19:00:00Z,1.0,221.0,2022-09-21,MarketResult_SEM-DA_PWR-MRC-D+1_20220920100000_20220920103501.csv
2022-09-21T20:00:00Z,1.0,196.1,2022-09-21,MarketResult_SEM-DA_PWR-MRC-D+1_20220920100000_20220920103501.csv
2022-09-21T21:00:00Z,1.0,188.97,2022-09-21,MarketResult_SEM-DA_PWR-MRC-D+1_20220920100000_20220920103501.csv
2022-09-21T22:00:00Z,1.0,214.0,2022-09-22,MarketResult_SEM-DA_PWR-MRC-D+1_20220921100000_20220921103412.csv
2022-09-21T23:00:00Z,1.0,198.88,2022-09-22,MarketResult_SEM-DA_PWR-MRC-D+1_20220921100000_20220921103412.csv
2022-09-22T00:00:00Z,1.0,197.05,2022-09-22,MarketResult_SEM-DA_PWR-MRC-D+1_20220921100000_20220921103412.csv
2022-09-22T01:00:00Z,1.0,197.24,2022-09-22,MarketResult_SEM-DA_PWR-MRC-D+1_20220921100000_20220921103412.csv
2022-09-22T02:00:00Z,1.0,204.73,2022-09-22,MarketResult_SEM-DA_PWR-MRC-D+1_20220921100000_20220921103412.csv
2022-09-22T03:00:00Z,1.0,230.7,2022-09-22,MarketResult_SEM-DA_PWR-MRC-D+1_20220921100000_20220921103412.csv
2022-09-22T04:00:00Z,1.0,245.97,2022-09-22,MarketResult_SEM-DA_PWR-MRC-D+1_20220921100000_20220921103412.csv
2022-09-22T05:00:00Z,1.0,256.45,2022-09-22,MarketResult_SEM-DA_PWR-MRC-D+1_20220921100000_20220921103412.csv
2022-09-22T06:00:00Z,1.0,259.72,2022-09-22,MarketResult_SEM-DA_PWR-MRC-D+1_20220921100000_20220921103412.csv
2022-09-22T07:00:00Z,1.0,334.63,2022-09-22,MarketResult_SEM-DA_PWR-MRC-D+1_20220921100000_20220921103412.csv
2022-09-22T08:00:00Z,1.0,315.0,2022-09-22,MarketResult_SEM-DA_PWR-MRC-D+1_20220921100000_20220921103412.csv
2022-09-22T09:00:00Z,1.0,298.5,2022-09-22,MarketResult_SEM-DA_PWR-MRC-D+1_20220921100000_20220921103412.csv
2022-09-22T10:00:00Z,1.0,285.2,2022-09-22,MarketResult_SEM-DA_PWR-MRC-D+1_20220921100000_20220921103412.csv
2022-09-22T11:00:00Z,1.0,298.5,2022-09-22,MarketResult_SEM-DA_PWR-MRC-D+1_20220921100000_20220921103412.csv
2022-09-22T12:00:00Z,1.0,298.05,2022-09-22,MarketResult_SEM-DA_PWR-MRC-D+1_20220921100000_20220921103412.csv
2022-09-22T13:00:00Z,1.0,299.0,2022-09-22,MarketResult_SEM-DA_PWR-MRC-D+1_20220921100000_20220921103412.csv
2022-09-22T14:00:00Z,1.0,299.25,2022-09-22,MarketResult_SEM-DA_PWR-MRC-D+1_20220921100000_20220921103412.csv
2022-09-22T15:00:00Z,1.0,354.5,2022-09-22,MarketResult_SEM-DA_PWR-MRC-D+1_20220921100000_20220921103412.csv
2022-09-22T16:00:00Z,1.0,374.83,2022-09-22,MarketResult_SEM-DA_PWR-MRC-D+1_20220921100000_20220921103412.csv
2022-09-22T17:00:00Z,1.0,379.0,2022-09-22,MarketResult_SEM-DA_PWR-MRC-D+1_20220921100000_20220921103412.csv
2022-09-22T18:00:00Z,1.0,375.97,2022-09-22,MarketResult_SEM-DA_PWR-MRC-D+1_20220921100000_20220921103412.csv
2022-09-22T19:00:00Z,1.0,353.07,2022-09-22,MarketResult_SEM-DA_PWR-MRC-D+1_20220921100000_20220921103412.csv
2022-09-22T20:00:00Z,1.0,295.47,2022-09-22,MarketResult_SEM-DA_PWR-MRC-D+1_20220921100000_20220921103412.csv
2022-09-22T21:00:00Z,1.0,244.9,2022-09-22,MarketResult_SEM-DA_PWR-MRC-D+1_20220921100000_20220921103412.csv
2022-09-22T22:00:00Z,1.0,251.05,2022-09-23,MarketResult_SEM-DA_PWR-MRC-D+1_20220922100000_20220922103844.csv
2022-09-22T23:00:00Z,1.0,246.02,2022-09-23,MarketResult_SEM-DA_PWR-MRC-D+1_20220922100000_20220922103844.csv
2022-09-23T00:00:00Z,1.0,231.18,2022-09-23,MarketResult_SEM-DA_PWR-MRC-D+1_20220922100000_20220922103844.csv
2022-09-23T01:00:00Z,1.0,225.0,2022-09-23,MarketResult_SEM-DA_PWR-MRC-D+1_20220922100000_20220922103844.csv
2022-09-23T02:00:00Z,1.0,220.0,2022-09-23,MarketResult_SEM-DA_PWR-MRC-D+1_20220922100000_20220922103844.csv
2022-09-23T03:00:00Z,1.0,227.25,2022-09-23,MarketResult_SEM-DA_PWR-MRC-D+1_20220922100000_20220922103844.csv
2022-09-23T04:00:00Z,1.0,228.0,2022-09-23,MarketResult_SEM-DA_PWR-MRC-D+1_20220922100000_20220922103844.csv
2022-09-23T05:00:00Z,1.0,253.83,2022-09-23,MarketResult_SEM-DA_PWR-MRC-D+1_20220922100000_20220922103844.csv
2022-09-23T06:00:00Z,1.0,330.44,2022-09-23,MarketResult_SEM-DA_PWR-MRC-D+1_20220922100000_20220922103844.csv
2022-09-23T07:00:00Z,1.0,373.74,2022-09-23,MarketResult_SEM-DA_PWR-MRC-D+1_20220922100000_20220922103844.csv
2022-09-23T08:00:00Z,1.0,359.0,2022-09-23,MarketResult_SEM-DA_PWR-MRC-D+1_20220922100000_20220922103844.csv
2022-09-23T09:00:00Z,1.0,335.0,2022-09-23,MarketResult_SEM-DA_PWR-MRC-D+1_20220922100000_20220922103844.csv
2022-09-23T10:00:00Z,1.0,305.0,2022-09-23,MarketResult_SEM-DA_PWR-MRC-D+1_20220922100000_20220922103844.csv
2022-09-23T11:00:00Z,1.0,269.0,2022-09-23,MarketResult_SEM-DA_PWR-MRC-D+1_20220922100000_20220922103844.csv
2022-09-23T12:00:00Z,1.0,249.52,2022-09-23,MarketResult_SEM-DA_PWR-MRC-D+1_20220922100000_20220922103844.csv
2022-09-23T13:00:00Z,1.0,240.43,2022-09-23,MarketResult_SEM-DA_PWR-MRC-D+1_20220922100000_20220922103844.csv
2022-09-23T14:00:00Z,1.0,216.11,2022-09-23,MarketResult_SEM-DA_PWR-MRC-D+1_20220922100000_20220922103844.csv
2022-09-23T15:00:00Z,1.0,249.0,2022-09-23,MarketResult_SEM-DA_PWR-MRC-D+1_20220922100000_20220922103844.csv
2022-09-23T16:00:00Z,1.0,256.62,2022-09-23,MarketResult_SEM-DA_PWR-MRC-D+1_20220922100000_20220922103844.csv
2022-09-23T17:00:00Z,1.0,259.0,2022-09-23,MarketResult_SEM-DA_PWR-MRC-D+1_20220922100000_20220922103844.csv
2022-09-23T18:00:00Z,1.0,267.0,2022-09-23,MarketResult_SEM-DA_PWR-MRC-D+1_20220922100000_20220922103844.csv
2022-09-23T19:00:00Z,1.0,255.0,2022-09-23,MarketResult_SEM-DA_PWR-MRC-D+1_20220922100000_20220922103844.csv
2022-09-23T20:00:00Z,1.0,244.5,2022-09-23,MarketResult_SEM-DA_PWR-MRC-D+1_20220922100000_20220922103844.csv
2022-09-23T21:00:00Z,1.0,221.36,2022-09-23,MarketResult_SEM-DA_PWR-MRC-D+1_20220922100000_20220922103844.csv
2022-09-23T22:00:00Z,1.0,295.0,2022-09-24,MarketResult_SEM-DA_PWR-MRC-D+1_20220923100000_20220923103528.csv
2022-09-23T23:00:00Z,1.0,278.69,2022-09-24,MarketResult_SEM-DA_PWR-MRC-D+1_20220923100000_20220923103528.csv
2022-09-24T00:00:00Z,1.0,259.82,2022-09-24,MarketResult_SEM-DA_PWR-MRC-D+1_20220923100000_20220923103528.csv
2022-09-24T01:00:00Z,1.0,237.7,2022-09-24,MarketResult_SEM-DA_PWR-MRC-D+1_20220923100000_20220923103528.csv
2022-09-24T02:00:00Z,1.0,222.6,2022-09-24,MarketResult_SEM-DA_PWR-MRC-D+1_20220923100000_20220923103528.csv
2022-09-24T03:00:00Z,1.0,217.9,2022-09-24,MarketResult_SEM-DA_PWR-MRC-D+1_20220923100000_20220923103528.csv
2022-09-24T04:00:00Z,1.0,226.05,2022-09-24,MarketResult_SEM-DA_PWR-MRC-D+1_20220923100000_20220923103528.csv
2022-09-24T05:00:00Z,1.0,245.46,2022-09-24,MarketResult_SEM-DA_PWR-MRC-D+1_20220923100000_20220923103528.csv
2022-09-24T06:00:00Z,1.0,245.21,2022-09-24,MarketResult_SEM-DA_PWR-MRC-D+1_20220923100000_20220923103528.csv
2022-09-24T07:00:00Z,1.0,309.0,2022-09-24,MarketResult_SEM-DA_PWR-MRC-D+1_20220923100000_20220923103528.csv
2022-09-24T08:00:00Z,1.0,313.34,2022-09-24,MarketResult_SEM-DA_PWR-MRC-D+1_20220923100000_20220923103528.csv
2022-09-24T09:00:00Z,1.0,284.91,2022-09-24,MarketResult_SEM-DA_PWR-MRC-D+1_20220923100000_20220923103528.csv
2022-09-24T10:00:00Z,1.0,256.53,2022-09-24,MarketResult_SEM-DA_PWR-MRC-D+1_20220923100000_20220923103528.csv
2022-09-24T11:00:00Z,1.0,243.81,2022-09-24,MarketResult_SEM-DA_PWR-MRC-D+1_20220923100000_20220923103528.csv
2022-09-24T12:00:00Z,1.0,223.0,2022-09-24,MarketResult_SEM-DA_PWR-MRC-D+1_20220923100000_20220923103528.csv
2022-09-24T13:00:00Z,1.0,208.0,2022-09-24,MarketResult_SEM-DA_PWR-MRC-D+1_20220923100000_20220923103528.csv
2022-09-24T14:00:00Z,1.0,208.0,2022-09-24,MarketResult_SEM-DA_PWR-MRC-D+1_20220923100000_20220923103528.csv
2022-09-24T15:00:00Z,1.0,223.0,2022-09-24,MarketResult_SEM-DA_PWR-MRC-D+1_20220923100000_20220923103528.csv
2022-09-24T16:00:00Z,1.0,282.85,2022-09-24,MarketResult_SEM-DA_PWR-MRC-D+1_20220923100000_20220923103528.csv
2022-09-24T17:00:00Z,1.0,315.68,2022-09-24,MarketResult_SEM-DA_PWR-MRC-D+1_20220923100000_20220923103528.csv
2022-09-24T18:00:00Z,1.0,318.0,2022-09-24,MarketResult_SEM-DA_PWR-MRC-D+1_20220923100000_20220923103528.csv
2022-09-24T19:00:00Z,1.0,313.81,2022-09-24,MarketResult_SEM-DA_PWR-MRC-D+1_20220923100000_20220923103528.csv
2022-09-24T20:00:00Z,1.0,275.58,2022-09-24,MarketResult_SEM-DA_PWR-MRC-D+1_20220923100000_20220923103528.csv
2022-09-24T21:00:00Z,1.0,254.57,2022-09-24,MarketResult_SEM-DA_PWR-MRC-D+1_20220923100000_20220923103528.csv
2022-09-24T22:00:00Z,1.0,317.9,2022-09-25,MarketResult_SEM-DA_PWR-MRC-D+1_20220924100000_20220924103501.csv
2022-09-24T23:00:00Z,1.0,288.92,2022-09-25,MarketResult_SEM-DA_PWR-MRC-D+1_20220924100000_20220924103501.csv
2022-09-25T00:00:00Z,1.0,275.0,2022-09-25,MarketResult_SEM-DA_PWR-MRC-D+1_20220924100000_20220924103501.csv
2022-09-25T01:00:00Z,1.0,250.0,2022-09-25,MarketResult_SEM-DA_PWR-MRC-D+1_20220924100000_20220924103501.csv
2022-09-25T02:00:00Z,1.0,226.42,2022-09-25,MarketResult_SEM-DA_PWR-MRC-D+1_20220924100000_20220924103501.csv
2022-09-25T03:00:00Z,1.0,225.0,2022-09-25,MarketResult_SEM-DA_PWR-MRC-D+1_20220924100000_20220924103501.csv
2022-09-25T04:00:00Z,1.0,225.12,2022-09-25,MarketResult_SEM-DA_PWR-MRC-D+1_20220924100000_20220924103501.csv
2022-09-25T05:00:00Z,1.0,228.16,2022-09-25,MarketResult_SEM-DA_PWR-MRC-D+1_20220924100000_20220924103501.csv
2022-09-25T06:00:00Z,1.0,248.74,2022-09-25,MarketResult_SEM-DA_PWR-MRC-D+1_20220924100000_20220924103501.csv
2022-09-25T07:00:00Z,1.0,293.97,2022-09-25,MarketResult_SEM-DA_PWR-MRC-D+1_20220924100000_20220924103501.csv
2022-09-25T08:00:00Z,1.0,296.41,2022-09-25,MarketResult_SEM-DA_PWR-MRC-D+1_20220924100000_20220924103501.csv
2022-09-25T09:00:00Z,1.0,295.03,2022-09-25,MarketResult_SEM-DA_PWR-MRC-D+1_20220924100000_20220924103501.csv
2022-09-25T10:00:00Z,1.0,243.01,2022-09-25,MarketResult_SEM-DA_PWR-MRC-D+1_20220924100000_20220924103501.csv
2022-09-25T11:00:00Z,1.0,209.68,2022-09-25,MarketResult_SEM-DA_PWR-MRC-D+1_20220924100000_20220924103501.csv
2022-09-25T12:00:00Z,1.0,199.21,2022-09-25,MarketResult_SEM-DA_PWR-MRC-D+1_20220924100000_20220924103501.csv
2022-09-25T13:00:00Z,1.0,191.0,2022-09-25,MarketResult_SEM-DA_PWR-MRC-D+1_20220924100000_20220924103501.csv
2022-09-25T14:00:00Z,1.0,183.27,2022-09-25,MarketResult_SEM-DA_PWR-MRC-D+1_20220924100000_20220924103501.csv
2022-09-25T15:00:00Z,1.0,189.0,2022-09-25,MarketResult_SEM-DA_PWR-MRC-D+1_20220924100000_20220924103501.csv
2022-09-25T16:00:00Z,1.0,227.93,2022-09-25,MarketResult_SEM-DA_PWR-MRC-D+1_20220924100000_20220924103501.csv
2022-09-25T17:00:00Z,1.0,220.22,2022-09-25,MarketResult_SEM-DA_PWR-MRC-D+1_20220924100000_20220924103501.csv
2022-09-25T18:00:00Z,1.0,170.0,2022-09-25,MarketResult_SEM-DA_PWR-MRC-D+1_20220924100000_20220924103501.csv
2022-09-25T19:00:00Z,1.0,200.19,2022-09-25,MarketResult_SEM-DA_PWR-MRC-D+1_20220924100000_20220924103501.csv
2022-09-25T20:00:00Z,1.0,209.0,2022-09-25,MarketResult_SEM-DA_PWR-MRC-D+1_20220924100000_20220924103501.csv
2022-09-25T21:00:00Z,1.0,144.0,2022-09-25,MarketResult_SEM-DA_PWR-MRC-D+1_20220924100000_20220924103501.csv
2022-09-25T22:00:00Z,1.0,81.84,2022-09-26,MarketResult_SEM-DA_PWR-MRC-D+1_20220925100000_20220925103620.csv
2022-09-25T23:00:00Z,1.0,39.68,2022-09-26,MarketResult_SEM-DA_PWR-MRC-D+1_20220925100000_20220925103620.csv
2022-09-26T00:00:00Z,1.0,3.0,2022-09-26,MarketResult_SEM-DA_PWR-MRC-D+1_20220925100000_20220925103620.csv
2022-09-26T01:00:00Z,1.0,7.8,2022-09-26,MarketResult_SEM-DA_PWR-MRC-D+1_20220925100000_20220925103620.csv
2022-09-26T02:00:00Z,1.0,2.71,2022-09-26,MarketResult_SEM-DA_PWR-MRC-D+1_20220925100000_20220925103620.csv
2022-09-26T03:00:00Z,1.0,3.0,2022-09-26,MarketResult_SEM-DA_PWR-MRC-D+1_20220925100000_20220925103620.csv
2022-09-26T04:00:00Z,1.0,27.0,2022-09-26,MarketResult_SEM-DA_PWR-MRC-D+1_20220925100000_20220925103620.csv
2022-09-26T05:00:00Z,1.0,170.65,2022-09-26,MarketResult_SEM-DA_PWR-MRC-D+1_20220925100000_20220925103620.csv
2022-09-26T06:00:00Z,1.0,198.0,2022-09-26,MarketResult_SEM-DA_PWR-MRC-D+1_20220925100000_20220925103620.csv
2022-09-26T07:00:00Z,1.0,271.37,2022-09-26,MarketResult_SEM-DA_PWR-MRC-D+1_20220925100000_20220925103620.csv
2022-09-26T08:00:00Z,1.0,261.0,2022-09-26,MarketResult_SEM-DA_PWR-MRC-D+1_20220925100000_20220925103620.csv
2022-09-26T09:00:00Z,1.0,227.58,2022-09-26,MarketResult_SEM-DA_PWR-MRC-D+1_20220925100000_20220925103620.csv
2022-09-26T10:00:00Z,1.0,200.25,2022-09-26,MarketResult_SEM-DA_PWR-MRC-D+1_20220925100000_20220925103620.csv
2022-09-26T11:00:00Z,1.0,193.0,2022-09-26,MarketResult_SEM-DA_PWR-MRC-D+1_20220925100000_20220925103620.csv
2022-09-26T12:00:00Z,1.0,172.67,2022-09-26,MarketResult_SEM-DA_PWR-MRC-D+1_20220925100000_20220925103620.csv
2022-09-26T13:00:00Z,1.0,165.57,2022-09-26,MarketResult_SEM-DA_PWR-MRC-D+1_20220925100000_20220925103620.csv
2022-09-26T14:00:00Z,1.0,164.42,2022-09-26,MarketResult_SEM-DA_PWR-MRC-D+1_20220925100000_20220925103620.csv
2022-09-26T15:00:00Z,1.0,170.81,2022-09-26,MarketResult_SEM-DA_PWR-MRC-D+1_20220925100000_20220925103620.csv
2022-09-26T16:00:00Z,1.0,199.0,2022-09-26,MarketResult_SEM-DA_PWR-MRC-D+1_20220925100000_20220925103620.csv
2022-09-26T17:00:00Z,1.0,225.73,2022-09-26,MarketResult_SEM-DA_PWR-MRC-D+1_20220925100000_20220925103620.csv
2022-09-26T18:00:00Z,1.0,241.0,2022-09-26,MarketResult_SEM-DA_PWR-MRC-D+1_20220925100000_20220925103620.csv
2022-09-26T19:00:00Z,1.0,229.0,2022-09-26,MarketResult_SEM-DA_PWR-MRC-D+1_20220925100000_20220925103620.csv
2022-09-26T20:00:00Z,1.0,230.45,2022-09-26,MarketResult_SEM-DA_PWR-MRC-D+1_20220925100000_20220925103620.csv
2022-09-26T21:00:00Z,1.0,201.7,2022-09-26,MarketResult_SEM-DA_PWR-MRC-D+1_20220925100000_20220925103620.csv
2022-09-26T22:00:00Z,1.0,206.0,2022-09-27,MarketResult_SEM-DA_PWR-MRC-D+1_20220926100000_20220926103540.csv
2022-09-26T23:00:00Z,1.0,177.0,2022-09-27,MarketResult_SEM-DA_PWR-MRC-D+1_20220926100000_20220926103540.csv
2022-09-27T00:00:00Z,1.0,151.0,2022-09-27,MarketResult_SEM-DA_PWR-MRC-D+1_20220926100000_20220926103540.csv
2022-09-27T01:00:00Z,1.0,138.0,2022-09-27,MarketResult_SEM-DA_PWR-MRC-D+1_20220926100000_20220926103540.csv
2022-09-27T02:00:00Z,1.0,136.99,2022-09-27,MarketResult_SEM-DA_PWR-MRC-D+1_20220926100000_20220926103540.csv
2022-09-27T03:00:00Z,1.0,145.0,2022-09-27,MarketResult_SEM-DA_PWR-MRC-D+1_20220926100000_20220926103540.csv
2022-09-27T04:00:00Z,1.0,174.0,2022-09-27,MarketResult_SEM-DA_PWR-MRC-D+1_20220926100000_20220926103540.csv
2022-09-27T05:00:00Z,1.0,204.2,2022-09-27,MarketResult_SEM-DA_PWR-MRC-D+1_20220926100000_20220926103540.csv
2022-09-27T06:00:00Z,1.0,219.24,2022-09-27,MarketResult_SEM-DA_PWR-MRC-D+1_20220926100000_20220926103540.csv
2022-09-27T07:00:00Z,1.0,243.0,2022-09-27,MarketResult_SEM-DA_PWR-MRC-D+1_20220926100000_20220926103540.csv
2022-09-27T08:00:00Z,1.0,200.0,2022-09-27,MarketResult_SEM-DA_PWR-MRC-D+1_20220926100000_20220926103540.csv
2022-09-27T09:00:00Z,1.0,189.11,2022-09-27,MarketResult_SEM-DA_PWR-MRC-D+1_20220926100000_20220926103540.csv
2022-09-27T10:00:00Z,1.0,180.25,2022-09-27,MarketResult_SEM-DA_PWR-MRC-D+1_20220926100000_20220926103540.csv
2022-09-27T11:00:00Z,1.0,185.83,2022-09-27,MarketResult_SEM-DA_PWR-MRC-D+1_20220926100000_20220926103540.csv
2022-09-27T12:00:00Z,1.0,172.67,2022-09-27,MarketResult_SEM-DA_PWR-MRC-D+1_20220926100000_20220926103540.csv
2022-09-27T13:00:00Z,1.0,168.39,2022-09-27,MarketResult_SEM-DA_PWR-MRC-D+1_20220926100000_20220926103540.csv
2022-09-27T14:00:00Z,1.0,168.39,2022-09-27,MarketResult_SEM-DA_PWR-MRC-D+1_20220926100000_20220926103540.csv
2022-09-27T15:00:00Z,1.0,204.0,2022-09-27,MarketResult_SEM-DA_PWR-MRC-D+1_20220926100000_20220926103540.csv
2022-09-27T16:00:00Z,1.0,260.62,2022-09-27,MarketResult_SEM-DA_PWR-MRC-D+1_20220926100000_20220926103540.csv
2022-09-27T17:00:00Z,1.0,296.4,2022-09-27,MarketResult_SEM-DA_PWR-MRC-D+1_20220926100000_20220926103540.csv
2022-09-27T18:00:00Z,1.0,327.48,2022-09-27,MarketResult_SEM-DA_PWR-MRC-D+1_20220926100000_20220926103540.csv
2022-09-27T19:00:00Z,1.0,287.0,2022-09-27,MarketResult_SEM-DA_PWR-MRC-D+1_20220926100000_20220926103540.csv
2022-09-27T20:00:00Z,1.0,248.95,2022-09-27,MarketResult_SEM-DA_PWR-MRC-D+1_20220926100000_20220926103540.csv
2022-09-27T21:00:00Z,1.0,196.7,2022-09-27,MarketResult_SEM-DA_PWR-MRC-D+1_20220926100000_20220926103540.csv
2022-09-27T22:00:00Z,1.0,188.89,2022-09-28,MarketResult_SEM-DA_PWR-MRC-D+1_20220927100000_20220927103642.csv
2022-09-27T23:00:00Z,1.0,185.0,2022-09-28,MarketResult_SEM-DA_PWR-MRC-D+1_20220927100000_20220927103642.csv
2022-09-28T00:00:00Z,1.0,185.0,2022-09-28,MarketResult_SEM-DA_PWR-MRC-D+1_20220927100000_20220927103642.csv
2022-09-28T01:00:00Z,1.0,188.0,2022-09-28,MarketResult_SEM-DA_PWR-MRC-D+1_20220927100000_20220927103642.csv
2022-09-28T02:00:00Z,1.0,183.0,2022-09-28,MarketResult_SEM-DA_PWR-MRC-D+1_20220927100000_20220927103642.csv
2022-09-28T03:00:00Z,1.0,176.12,2022-09-28,MarketResult_SEM-DA_PWR-MRC-D+1_20220927100000_20220927103642.csv
2022-09-28T04:00:00Z,1.0,185.0,2022-09-28,MarketResult_SEM-DA_PWR-MRC-D+1_20220927100000_20220927103642.csv
2022-09-28T05:00:00Z,1.0,214.4,2022-09-28,MarketResult_SEM-DA_PWR-MRC-D+1_20220927100000_20220927103642.csv
2022-09-28T06:00:00Z,1.0,278.78,2022-09-28,MarketResult_SEM-DA_PWR-MRC-D+1_20220927100000_20220927103642.csv
2022-09-28T07:00:00Z,1.0,305.06,2022-09-28,MarketResult_SEM-DA_PWR-MRC-D+1_20220927100000_20220927103642.csv
2022-09-28T08:00:00Z,1.0,294.98,2022-09-28,MarketResult_SEM-DA_PWR-MRC-D+1_20220927100000_20220927103642.csv
2022-09-28T09:00:00Z,1.0,273.0,2022-09-28,MarketResult_SEM-DA_PWR-MRC-D+1_20220927100000_20220927103642.csv
2022-09-28T10:00:00Z,1.0,232.26,2022-09-28,MarketResult_SEM-DA_PWR-MRC-D+1_20220927100000_20220927103642.csv
2022-09-28T11:00:00Z,1.0,211.36,2022-09-28,MarketResult_SEM-DA_PWR-MRC-D+1_20220927100000_20220927103642.csv
2022-09-28T12:00:00Z,1.0,200.38,2022-09-28,MarketResult_SEM-DA_PWR-MRC-D+1_20220927100000_20220927103642.csv
2022-09-28T13:00:00Z,1.0,180.0,2022-09-28,MarketResult_SEM-DA_PWR-MRC-D+1_20220927100000_20220927103642.csv
2022-09-28T14:00:00Z,1.0,184.12,2022-09-28,MarketResult_SEM-DA_PWR-MRC-D+1_20220927100000_20220927103642.csv
2022-09-28T15:00:00Z,1.0,234.0,2022-09-28,MarketResult_SEM-DA_PWR-MRC-D+1_20220927100000_20220927103642.csv
2022-09-28T16:00:00Z,1.0,265.0,2022-09-28,MarketResult_SEM-DA_PWR-MRC-D+1_20220927100000_20220927103642.csv
2022-09-28T17:00:00Z,1.0,283.0,2022-09-28,MarketResult_SEM-DA_PWR-MRC-D+1_20220927100000_20220927103642.csv
2022-09-28T18:00:00Z,1.0,299.0,2022-09-28,MarketResult_SEM-DA_PWR-MRC-D+1_20220927100000_20220927103642.csv
2022-09-28T19:00:00Z,1.0,261.0,2022-09-28,MarketResult_SEM-DA_PWR-MRC-D+1_20220927100000_20220927103642.csv
2022-09-28T20:00:00Z,1.0,199.0,2022-09-28,MarketResult_SEM-DA_PWR-MRC-D+1_20220927100000_20220927103642.csv
2022-09-28T21:00:00Z,1.0,168.87,2022-09-28,MarketResult_SEM-DA_PWR-MRC-D+1_20220927100000_20220927103642.csv
2022-09-28T22:00:00Z,1.0,205.27,2022-09-29,MarketResult_SEM-DA_PWR-MRC-D+1_20220928100000_20220928103513.csv
2022-09-28T23:00:00Z,1.0,201.18,2022-09-29,MarketResult_SEM-DA_PWR-MRC-D+1_20220928100000_20220928103513.csv
2022-09-29T00:00:00Z,1.0,195.8,2022-09-29,MarketResult_SEM-DA_PWR-MRC-D+1_20220928100000_20220928103513.csv
2022-09-29T01:00:00Z,1.0,205.01,2022-09-29,MarketResult_SEM-DA_PWR-MRC-D+1_20220928100000_20220928103513.csv
2022-09-29T02:00:00Z,1.0,199.0,2022-09-29,MarketResult_SEM-DA_PWR-MRC-D+1_20220928100000_20220928103513.csv
2022-09-29T03:00:00Z,1.0,204.0,2022-09-29,MarketResult_SEM-DA_PWR-MRC-D+1_20220928100000_20220928103513.csv
2022-09-29T04:00:00Z,1.0,213.0,2022-09-29,MarketResult_SEM-DA_PWR-MRC-D+1_20220928100000_20220928103513.csv
2022-09-29T05:00:00Z,1.0,220.63,2022-09-29,MarketResult_SEM-DA_PWR-MRC-D+1_20220928100000_20220928103513.csv
2022-09-29T06:00:00Z,1.0,272.0,2022-09-29,MarketResult_SEM-DA_PWR-MRC-D+1_20220928100000_20220928103513.csv
2022-09-29T07:00:00Z,1.0,310.01,2022-09-29,MarketResult_SEM-DA_PWR-MRC-D+1_20220928100000_20220928103513.csv
2022-09-29T08:00:00Z,1.0,339.46,2022-09-29,MarketResult_SEM-DA_PWR-MRC-D+1_20220928100000_20220928103513.csv
2022-09-29T09:00:00Z,1.0,342.29,2022-09-29,MarketResult_SEM-DA_PWR-MRC-D+1_20220928100000_20220928103513.csv
2022-09-29T10:00:00Z,1.0,325.42,2022-09-29,MarketResult_SEM-DA_PWR-MRC-D+1_20220928100000_20220928103513.csv
2022-09-29T11:00:00Z,1.0,313.76,2022-09-29,MarketResult_SEM-DA_PWR-MRC-D+1_20220928100000_20220928103513.csv
2022-09-29T12:00:00Z,1.0,314.54,2022-09-29,MarketResult_SEM-DA_PWR-MRC-D+1_20220928100000_20220928103513.csv
2022-09-29T13:00:00Z,1.0,320.0,2022-09-29,MarketResult_SEM-DA_PWR-MRC-D+1_20220928100000_20220928103513.csv
2022-09-29T14:00:00Z,1.0,338.61,2022-09-29,MarketResult_SEM-DA_PWR-MRC-D+1_20220928100000_20220928103513.csv
2022-09-29T15:00:00Z,1.0,405.92,2022-09-29,MarketResult_SEM-DA_PWR-MRC-D+1_20220928100000_20220928103513.csv
2022-09-29T16:00:00Z,1.0,440.0,2022-09-29,MarketResult_SEM-DA_PWR-MRC-D+1_20220928100000_20220928103513.csv
2022-09-29T17:00:00Z,1.0,441.7,2022-09-29,MarketResult_SEM-DA_PWR-MRC-D+1_20220928100000_20220928103513.csv
2022-09-29T18:00:00Z,1.0,440.7,2022-09-29,MarketResult_SEM-DA_PWR-MRC-D+1_20220928100000_20220928103513.csv
2022-09-29T19:00:00Z,1.0,401.0,2022-09-29,MarketResult_SEM-DA_PWR-MRC-D+1_20220928100000_20220928103513.csv
2022-09-29T20:00:00Z,1.0,300.0,2022-09-29,MarketResult_SEM-DA_PWR-MRC-D+1_20220928100000_20220928103513.csv
2022-09-29T21:00:00Z,1.0,211.8,2022-09-29,MarketResult_SEM-DA_PWR-MRC-D+1_20220928100000_20220928103513.csv
2022-09-29T22:00:00Z,1.0,317.0,2022-09-30,MarketResult_SEM-DA_PWR-MRC-D+1_20220929100000_20220929103542.csv
2022-09-29T23:00:00Z,1.0,211.0,2022-09-30,MarketResult_SEM-DA_PWR-MRC-D+1_20220929100000_20220929103542.csv
2022-09-30T00:00:00Z,1.0,179.0,2022-09-30,MarketResult_SEM-DA_PWR-MRC-D+1_20220929100000_20220929103542.csv
2022-09-30T01:00:00Z,1.0,152.5,2022-09-30,MarketResult_SEM-DA_PWR-MRC-D+1_20220929100000_20220929103542.csv
2022-09-30T02:00:00Z,1.0,143.0,2022-09-30,MarketResult_SEM-DA_PWR-MRC-D+1_20220929100000_20220929103542.csv
2022-09-30T03:00:00Z,1.0,89.0,2022-09-30,MarketResult_SEM-DA_PWR-MRC-D+1_20220929100000_20220929103542.csv
2022-09-30T04:00:00Z,1.0,59.0,2022-09-30,MarketResult_SEM-DA_PWR-MRC-D+1_20220929100000_20220929103542.csv
2022-09-30T05:00:00Z,1.0,1.0,2022-09-30,MarketResult_SEM-DA_PWR-MRC-D+1_20220929100000_20220929103542.csv
2022-09-30T06:00:00Z,1.0,110.0,2022-09-30,MarketResult_SEM-DA_PWR-MRC-D+1_20220929100000_20220929103542.csv
2022-09-30T07:00:00Z,1.0,149.0,2022-09-30,MarketResult_SEM-DA_PWR-MRC-D+1_20220929100000_20220929103542.csv
2022-09-30T08:00:00Z,1.0,150.0,2022-09-30,MarketResult_SEM-DA_PWR-MRC-D+1_20220929100000_20220929103542.csv
2022-09-30T09:00:00Z,1.0,144.64,2022-09-30,MarketResult_SEM-DA_PWR-MRC-D+1_20220929100000_20220929103542.csv
2022-09-30T10:00:00Z,1.0,144.64,2022-09-30,MarketResult_SEM-DA_PWR-MRC-D+1_20220929100000_20220929103542.csv
2022-09-30T11:00:00Z,1.0,144.64,2022-09-30,MarketResult_SEM-DA_PWR-MRC-D+1_20220929100000_20220929103542.csv
2022-09-30T12:00:00Z,1.0,127.69,2022-09-30,MarketResult_SEM-DA_PWR-MRC-D+1_20220929100000_20220929103542.csv
2022-09-30T13:00:00Z,1.0,119.0,2022-09-30,MarketResult_SEM-DA_PWR-MRC-D+1_20220929100000_20220929103542.csv
2022-09-30T14:00:00Z,1.0,109.0,2022-09-30,MarketResult_SEM-DA_PWR-MRC-D+1_20220929100000_20220929103542.csv
2022-09-30T15:00:00Z,1.0,145.36,2022-09-30,MarketResult_SEM-DA_PWR-MRC-D+1_20220929100000_20220929103542.csv
2022-09-30T16:00:00Z,1.0,155.18,2022-09-30,MarketResult_SEM-DA_PWR-MRC-D+1_20220929100000_20220929103542.csv
2022-09-30T17:00:00Z,1.0,185.0,2022-09-30,MarketResult_SEM-DA_PWR-MRC-D+1_20220929100000_20220929103542.csv
2022-09-30T18:00:00Z,1.0,189.99,2022-09-30,MarketResult_SEM-DA_PWR-MRC-D+1_20220929100000_20220929103542.csv
2022-09-30T19:00:00Z,1.0,187.69,2022-09-30,MarketResult_SEM-DA_PWR-MRC-D+1_20220929100000_20220929103542.csv
2022-09-30T20:00:00Z,1.0,152.3,2022-09-30,MarketResult_SEM-DA_PWR-MRC-D+1_20220929100000_20220929103542.csv
2022-09-30T21:00:00Z,1.0,126.0,2022-09-30,MarketResult_SEM-DA_PWR-MRC-D+1_20220929100000_20220929103542.csv
2022-09-30T22:00:00Z,1.0,160.76,2022-10-01,MarketResult_SEM-DA_PWR-MRC-D+1_20220930100000_20220930103622.csv
2022-09-30T23:00:00Z,1.0,141.0,2022-10-01,MarketResult_SEM-DA_PWR-MRC-D+1_20220930100000_20220930103622.csv
2022-10-01T00:00:00Z,1.0,95.0,2022-10-01,MarketResult_SEM-DA_PWR-MRC-D+1_20220930100000_20220930103622.csv
2022-10-01T01:00:00Z,1.0,82.58,2022-10-01,MarketResult_SEM-DA_PWR-MRC-D+1_20220930100000_20220930103622.csv
2022-10-01T02:00:00Z,1.0,51.81,2022-10-01,MarketResult_SEM-DA_PWR-MRC-D+1_20220930100000_20220930103622.csv
2022-10-01T03:00:00Z,1.0,53.85,2022-10-01,MarketResult_SEM-DA_PWR-MRC-D+1_20220930100000_20220930103622.csv
2022-10-01T04:00:00Z,1.0,74.0,2022-10-01,MarketResult_SEM-DA_PWR-MRC-D+1_20220930100000_20220930103622.csv
2022-10-01T05:00:00Z,1.0,111.0,2022-10-01,MarketResult_SEM-DA_PWR-MRC-D+1_20220930100000_20220930103622.csv
2022-10-01T06:00:00Z,1.0,135.2,2022-10-01,MarketResult_SEM-DA_PWR-MRC-D+1_20220930100000_20220930103622.csv
2022-10-01T07:00:00Z,1.0,188.66,2022-10-01,MarketResult_SEM-DA_PWR-MRC-D+1_20220930100000_20220930103622.csv
2022-10-01T08:00:00Z,1.0,194.46,2022-10-01,MarketResult_SEM-DA_PWR-MRC-D+1_20220930100000_20220930103622.csv
2022-10-01T09:00:00Z,1.0,167.0,2022-10-01,MarketResult_SEM-DA_PWR-MRC-D+1_20220930100000_20220930103622.csv
2022-10-01T10:00:00Z,1.0,130.0,2022-10-01,MarketResult_SEM-DA_PWR-MRC-D+1_20220930100000_20220930103622.csv
2022-10-01T11:00:00Z,1.0,113.61,2022-10-01,MarketResult_SEM-DA_PWR-MRC-D+1_20220930100000_20220930103622.csv
2022-10-01T12:00:00Z,1.0,87.57,2022-10-01,MarketResult_SEM-DA_PWR-MRC-D+1_20220930100000_20220930103622.csv
2022-10-01T13:00:00Z,1.0,85.0,2022-10-01,MarketResult_SEM-DA_PWR-MRC-D+1_20220930100000_20220930103622.csv
2022-10-01T14:00:00Z,1.0,93.62,2022-10-01,MarketResult_SEM-DA_PWR-MRC-D+1_20220930100000_20220930103622.csv
2022-10-01T15:00:00Z,1.0,158.3,2022-10-01,MarketResult_SEM-DA_PWR-MRC-D+1_20220930100000_20220930103622.csv
2022-10-01T16:00:00Z,1.0,196.77,2022-10-01,MarketResult_SEM-DA_PWR-MRC-D+1_20220930100000_20220930103622.csv
2022-10-01T17:00:00Z,1.0,224.0,2022-10-01,MarketResult_SEM-DA_PWR-MRC-D+1_20220930100000_20220930103622.csv
2022-10-01T18:00:00Z,1.0,265.16,2022-10-01,MarketResult_SEM-DA_PWR-MRC-D+1_20220930100000_20220930103622.csv
2022-10-01T19:00:00Z,1.0,225.97,2022-10-01,MarketResult_SEM-DA_PWR-MRC-D+1_20220930100000_20220930103622.csv
2022-10-01T20:00:00Z,1.0,189.0,2022-10-01,MarketResult_SEM-DA_PWR-MRC-D+1_20220930100000_20220930103622.csv
2022-10-01T21:00:00Z,1.0,197.8,2022-10-01,MarketResult_SEM-DA_PWR-MRC-D+1_20220930100000_20220930103622.csv
2022-10-01T22:00:00Z,1.0,253.24,2022-10-02,MarketResult_SEM-DA_PWR-MRC-D+1_20221001100000_20221001103515.csv
2022-10-01T23:00:00Z,1.0,239.0,2022-10-02,MarketResult_SEM-DA_PWR-MRC-D+1_20221001100000_20221001103515.csv
2022-10-02T00:00:00Z,1.0,221.9,2022-10-02,MarketResult_SEM-DA_PWR-MRC-D+1_20221001100000_20221001103515.csv
2022-10-02T01:00:00Z,1.0,230.0,2022-10-02,MarketResult_SEM-DA_PWR-MRC-D+1_20221001100000_20221001103515.csv
2022-10-02T02:00:00Z,1.0,230.0,2022-10-02,MarketResult_SEM-DA_PWR-MRC-D+1_20221001100000_20221001103515.csv
2022-10-02T03:00:00Z,1.0,219.56,2022-10-02,MarketResult_SEM-DA_PWR-MRC-D+1_20221001100000_20221001103515.csv
2022-10-02T04:00:00Z,1.0,263.65,2022-10-02,MarketResult_SEM-DA_PWR-MRC-D+1_20221001100000_20221001103515.csv
2022-10-02T05:00:00Z,1.0,352.0,2022-10-02,MarketResult_SEM-DA_PWR-MRC-D+1_20221001100000_20221001103515.csv
2022-10-02T06:00:00Z,1.0,187.83,2022-10-02,MarketResult_SEM-DA_PWR-MRC-D+1_20221001100000_20221001103515.csv
2022-10-02T07:00:00Z,1.0,179.67,2022-10-02,MarketResult_SEM-DA_PWR-MRC-D+1_20221001100000_20221001103515.csv
2022-10-02T08:00:00Z,1.0,217.3,2022-10-02,MarketResult_SEM-DA_PWR-MRC-D+1_20221001100000_20221001103515.csv
2022-10-02T09:00:00Z,1.0,237.81,2022-10-02,MarketResult_SEM-DA_PWR-MRC-D+1_20221001100000_20221001103515.csv
2022-10-02T10:00:00Z,1.0,232.0,2022-10-02,MarketResult_SEM-DA_PWR-MRC-D+1_20221001100000_20221001103515.csv
2022-10-02T11:00:00Z,1.0,239.0,2022-10-02,MarketResult_SEM-DA_PWR-MRC-D+1_20221001100000_20221001103515.csv
2022-10-02T12:00:00Z,1.0,235.48,2022-10-02,MarketResult_SEM-DA_PWR-MRC-D+1_20221001100000_20221001103515.csv
2022-10-02T13:00:00Z,1.0,191.0,2022-10-02,MarketResult_SEM-DA_PWR-MRC-D+1_20221001100000_20221001103515.csv
2022-10-02T14:00:00Z,1.0,201.37,2022-10-02,MarketResult_SEM-DA_PWR-MRC-D+1_20221001100000_20221001103515.csv
2022-10-02T15:00:00Z,1.0,225.0,2022-10-02,MarketResult_SEM-DA_PWR-MRC-D+1_20221001100000_20221001103515.csv
2022-10-02T16:00:00Z,1.0,275.91,2022-10-02,MarketResult_SEM-DA_PWR-MRC-D+1_20221001100000_20221001103515.csv
2022-10-02T17:00:00Z,1.0,335.0,2022-10-02,MarketResult_SEM-DA_PWR-MRC-D+1_20221001100000_20221001103515.csv
2022-10-02T18:00:00Z,1.0,350.0,2022-10-02,MarketResult_SEM-DA_PWR-MRC-D+1_20221001100000_20221001103515.csv
2022-10-02T19:00:00Z,1.0,293.0,2022-10-02,MarketResult_SEM-DA_PWR-MRC-D+1_20221001100000_20221001103515.csv
2022-10-02T20:00:00Z,1.0,293.94,2022-10-02,MarketResult_SEM-DA_PWR-MRC-D+1_20221001100000_20221001103515.csv
2022-10-02T21:00:00Z,1.0,233.55,2022-10-02,MarketResult_SEM-DA_PWR-MRC-D+1_20221001100000_20221001103515.csv
2022-10-02T22:00:00Z,1.0,330.0,2022-10-03,MarketResult_SEM-DA_PWR-MRC-D+1_20221002100000_20221002103554.csv
2022-10-02T23:00:00Z,1.0,279.01,2022-10-03,MarketResult_SEM-DA_PWR-MRC-D+1_20221002100000_20221002103554.csv
2022-10-03T00:00:00Z,1.0,221.05,2022-10-03,MarketResult_SEM-DA_PWR-MRC-D+1_20221002100000_20221002103554.csv
2022-10-03T01:00:00Z,1.0,206.22,2022-10-03,MarketResult_SEM-DA_PWR-MRC-D+1_20221002100000_20221002103554.csv
2022-10-03T02:00:00Z,1.0,190.44,2022-10-03,MarketResult_SEM-DA_PWR-MRC-D+1_20221002100000_20221002103554.csv
2022-10-03T03:00:00Z,1.0,190.15,2022-10-03,MarketResult_SEM-DA_PWR-MRC-D+1_20221002100000_20221002103554.csv
2022-10-03T04:00:00Z,1.0,207.56,2022-10-03,MarketResult_SEM-DA_PWR-MRC-D+1_20221002100000_20221002103554.csv
2022-10-03T05:00:00Z,1.0,249.59,2022-10-03,MarketResult_SEM-DA_PWR-MRC-D+1_20221002100000_20221002103554.csv
2022-10-03T06:00:00Z,1.0,312.56,2022-10-03,MarketResult_SEM-DA_PWR-MRC-D+1_20221002100000_20221002103554.csv
2022-10-03T07:00:00Z,1.0,332.0,2022-10-03,MarketResult_SEM-DA_PWR-MRC-D+1_20221002100000_20221002103554.csv
2022-10-03T08:00:00Z,1.0,286.76,2022-10-03,MarketResult_SEM-DA_PWR-MRC-D+1_20221002100000_20221002103554.csv
2022-10-03T09:00:00Z,1.0,231.9,2022-10-03,MarketResult_SEM-DA_PWR-MRC-D+1_20221002100000_20221002103554.csv
2022-10-03T10:00:00Z,1.0,191.1,2022-10-03,MarketResult_SEM-DA_PWR-MRC-D+1_20221002100000_20221002103554.csv
2022-10-03T11:00:00Z,1.0,185.0,2022-10-03,MarketResult_SEM-DA_PWR-MRC-D+1_20221002100000_20221002103554.csv
2022-10-03T12:00:00Z,1.0,160.0,2022-10-03,MarketResult_SEM-DA_PWR-MRC-D+1_20221002100000_20221002103554.csv
2022-10-03T13:00:00Z,1.0,145.01,2022-10-03,MarketResult_SEM-DA_PWR-MRC-D+1_20221002100000_20221002103554.csv
2022-10-03T14:00:00Z,1.0,145.01,2022-10-03,MarketResult_SEM-DA_PWR-MRC-D+1_20221002100000_20221002103554.csv
2022-10-03T15:00:00Z,1.0,160.0,2022-10-03,MarketResult_SEM-DA_PWR-MRC-D+1_20221002100000_20221002103554.csv
2022-10-03T16:00:00Z,1.0,179.42,2022-10-03,MarketResult_SEM-DA_PWR-MRC-D+1_20221002100000_20221002103554.csv
2022-10-03T17:00:00Z,1.0,179.42,2022-10-03,MarketResult_SEM-DA_PWR-MRC-D+1_20221002100000_20221002103554.csv
2022-10-03T18:00:00Z,1.0,180.0,2022-10-03,MarketResult_SEM-DA_PWR-MRC-D+1_20221002100000_20221002103554.csv
2022-10-03T19:00:00Z,1.0,179.42,2022-10-03,MarketResult_SEM-DA_PWR-MRC-D+1_20221002100000_20221002103554.csv
2022-10-03T20:00:00Z,1.0,141.03,2022-10-03,MarketResult_SEM-DA_PWR-MRC-D+1_20221002100000_20221002103554.csv
2022-10-03T21:00:00Z,1.0,70.0,2022-10-03,MarketResult_SEM-DA_PWR-MRC-D+1_20221002100000_20221002103554.csv
2022-10-03T22:00:00Z,1.0,51.4,2022-10-04,MarketResult_SEM-DA_PWR-MRC-D+1_20221003100000_20221003103705.csv
2022-10-03T23:00:00Z,1.0,42.84,2022-10-04,MarketResult_SEM-DA_PWR-MRC-D+1_20221003100000_20221003103705.csv
2022-10-04T00:00:00Z,1.0,42.84,2022-10-04,MarketResult_SEM-DA_PWR-MRC-D+1_20221003100000_20221003103705.csv
2022-10-04T01:00:00Z,1.0,32.38,2022-10-04,MarketResult_SEM-DA_PWR-MRC-D+1_20221003100000_20221003103705.csv
2022-10-04T02:00:00Z,1.0,42.84,2022-10-04,MarketResult_SEM-DA_PWR-MRC-D+1_20221003100000_20221003103705.csv
2022-10-04T03:00:00Z,1.0,24.0,2022-10-04,MarketResult_SEM-DA_PWR-MRC-D+1_20221003100000_20221003103705.csv
2022-10-04T04:00:00Z,1.0,89.0,2022-10-04,MarketResult_SEM-DA_PWR-MRC-D+1_20221003100000_20221003103705.csv
2022-10-04T05:00:00Z,1.0,144.45,2022-10-04,MarketResult_SEM-DA_PWR-MRC-D+1_20221003100000_20221003103705.csv
2022-10-04T06:00:00Z,1.0,158.42,2022-10-04,MarketResult_SEM-DA_PWR-MRC-D+1_20221003100000_20221003103705.csv
2022-10-04T07:00:00Z,1.0,244.58,2022-10-04,MarketResult_SEM-DA_PWR-MRC-D+1_20221003100000_20221003103705.csv
2022-10-04T08:00:00Z,1.0,260.0,2022-10-04,MarketResult_SEM-DA_PWR-MRC-D+1_20221003100000_20221003103705.csv
2022-10-04T09:00:00Z,1.0,235.23,2022-10-04,MarketResult_SEM-DA_PWR-MRC-D+1_20221003100000_20221003103705.csv
2022-10-04T10:00:00Z,1.0,208.91,2022-10-04,MarketResult_SEM-DA_PWR-MRC-D+1_20221003100000_20221003103705.csv
2022-10-04T11:00:00Z,1.0,220.0,2022-10-04,MarketResult_SEM-DA_PWR-MRC-D+1_20221003100000_20221003103705.csv
2022-10-04T12:00:00Z,1.0,204.45,2022-10-04,MarketResult_SEM-DA_PWR-MRC-D+1_20221003100000_20221003103705.csv
2022-10-04T13:00:00Z,1.0,199.0,2022-10-04,MarketResult_SEM-DA_PWR-MRC-D+1_20221003100000_20221003103705.csv
2022-10-04T14:00:00Z,1.0,220.0,2022-10-04,MarketResult_SEM-DA_PWR-MRC-D+1_20221003100000_20221003103705.csv
2022-10-04T15:00:00Z,1.0,240.3,2022-10-04,MarketResult_SEM-DA_PWR-MRC-D+1_20221003100000_20221003103705.csv
2022-10-04T16:00:00Z,1.0,289.46,2022-10-04,MarketResult_SEM-DA_PWR-MRC-D+1_20221003100000_20221003103705.csv
2022-10-04T17:00:00Z,1.0,298.08,2022-10-04,MarketResult_SEM-DA_PWR-MRC-D+1_20221003100000_20221003103705.csv
2022-10-04T18:00:00Z,1.0,282.24,2022-10-04,MarketResult_SEM-DA_PWR-MRC-D+1_20221003100000_20221003103705.csv
2022-10-04T19:00:00Z,1.0,213.48,2022-10-04,MarketResult_SEM-DA_PWR-MRC-D+1_20221003100000_20221003103705.csv
2022-10-04T20:00:00Z,1.0,199.0,2022-10-04,MarketResult_SEM-DA_PWR-MRC-D+1_20221003100000_20221003103705.csv
2022-10-04T21:00:00Z,1.0,165.53,2022-10-04,MarketResult_SEM-DA_PWR-MRC-D+1_20221003100000_20221003103705.csv
2022-10-04T22:00:00Z,1.0,125.0,2022-10-05,MarketResult_SEM-DA_PWR-MRC-D+1_20221004100000_20221004103540.csv
2022-10-04T23:00:00Z,1.0,104.88,2022-10-05,MarketResult_SEM-DA_PWR-MRC-D+1_20221004100000_20221004103540.csv
2022-10-05T00:00:00Z,1.0,91.5,2022-10-05,MarketResult_SEM-DA_PWR-MRC-D+1_20221004100000_20221004103540.csv
2022-10-05T01:00:00Z,1.0,82.26,2022-10-05,MarketResult_SEM-DA_PWR-MRC-D+1_20221004100000_20221004103540.csv
2022-10-05T02:00:00Z,1.0,77.0,2022-10-05,MarketResult_SEM-DA_PWR-MRC-D+1_20221004100000_20221004103540.csv
2022-10-05T03:00:00Z,1.0,88.0,2022-10-05,MarketResult_SEM-DA_PWR-MRC-D+1_20221004100000_20221004103540.csv
2022-10-05T04:00:00Z,1.0,125.91,2022-10-05,MarketResult_SEM-DA_PWR-MRC-D+1_20221004100000_20221004103540.csv
2022-10-05T05:00:00Z,1.0,135.95,2022-10-05,MarketResult_SEM-DA_PWR-MRC-D+1_20221004100000_20221004103540.csv
2022-10-05T06:00:00Z,1.0,205.04,2022-10-05,MarketResult_SEM-DA_PWR-MRC-D+1_20221004100000_20221004103540.csv
2022-10-05T07:00:00Z,1.0,194.0,2022-10-05,MarketResult_SEM-DA_PWR-MRC-D+1_20221004100000_20221004103540.csv
2022-10-05T08:00:00Z,1.0,184.74,2022-10-05,MarketResult_SEM-DA_PWR-MRC-D+1_20221004100000_20221004103540.csv
2022-10-05T09:00:00Z,1.0,152.76,2022-10-05,MarketResult_SEM-DA_PWR-MRC-D+1_20221004100000_20221004103540.csv
2022-10-05T10:00:00Z,1.0,132.16,2022-10-05,MarketResult_SEM-DA_PWR-MRC-D+1_20221004100000_20221004103540.csv
2022-10-05T11:00:00Z,1.0,115.0,2022-10-05,MarketResult_SEM-DA_PWR-MRC-D+1_20221004100000_20221004103540.csv
2022-10-05T12:00:00Z,1.0,103.79,2022-10-05,MarketResult_SEM-DA_PWR-MRC-D+1_20221004100000_20221004103540.csv
2022-10-05T13:00:00Z,1.0,95.81,2022-10-05,MarketResult_SEM-DA_PWR-MRC-D+1_20221004100000_20221004103540.csv
2022-10-05T14:00:00Z,1.0,105.0,2022-10-05,MarketResult_SEM-DA_PWR-MRC-D+1_20221004100000_20221004103540.csv
2022-10-05T15:00:00Z,1.0,133.0,2022-10-05,MarketResult_SEM-DA_PWR-MRC-D+1_20221004100000_20221004103540.csv
2022-10-05T16:00:00Z,1.0,154.77,2022-10-05,MarketResult_SEM-DA_PWR-MRC-D+1_20221004100000_20221004103540.csv
2022-10-05T17:00:00Z,1.0,189.0,2022-10-05,MarketResult_SEM-DA_PWR-MRC-D+1_20221004100000_20221004103540.csv
2022-10-05T18:00:00Z,1.0,203.51,2022-10-05,MarketResult_SEM-DA_PWR-MRC-D+1_20221004100000_20221004103540.csv
2022-10-05T19:00:00Z,1.0,156.0,2022-10-05,MarketResult_SEM-DA_PWR-MRC-D+1_20221004100000_20221004103540.csv
2022-10-05T20:00:00Z,1.0,136.49,2022-10-05,MarketResult_SEM-DA_PWR-MRC-D+1_20221004100000_20221004103540.csv
2022-10-05T21:00:00Z,1.0,103.79,2022-10-05,MarketResult_SEM-DA_PWR-MRC-D+1_20221004100000_20221004103540.csv
2022-10-05T22:00:00Z,1.0,54.09,2022-10-06,MarketResult_SEM-DA_PWR-MRC-D+1_20221005100000_20221005104425.csv
2022-10-05T23:00:00Z,1.0,18.6,2022-10-06,MarketResult_SEM-DA_PWR-MRC-D+1_20221005100000_20221005104425.csv
2022-10-06T00:00:00Z,1.0,11.72,2022-10-06,MarketResult_SEM-DA_PWR-MRC-D+1_20221005100000_20221005104425.csv
2022-10-06T01:00:00Z,1.0,10.03,2022-10-06,MarketResult_SEM-DA_PWR-MRC-D+1_20221005100000_20221005104425.csv
2022-10-06T02:00:00Z,1.0,3.38,2022-10-06,MarketResult_SEM-DA_PWR-MRC-D+1_20221005100000_20221005104425.csv
2022-10-06T03:00:00Z,1.0,10.96,2022-10-06,MarketResult_SEM-DA_PWR-MRC-D+1_20221005100000_20221005104425.csv
2022-10-06T04:00:00Z,1.0,39.17,2022-10-06,MarketResult_SEM-DA_PWR-MRC-D+1_20221005100000_20221005104425.csv
2022-10-06T05:00:00Z,1.0,96.5,2022-10-06,MarketResult_SEM-DA_PWR-MRC-D+1_20221005100000_20221005104425.csv
2022-10-06T06:00:00Z,1.0,147.0,2022-10-06,MarketResult_SEM-DA_PWR-MRC-D+1_20221005100000_20221005104425.csv
2022-10-06T07:00:00Z,1.0,170.0,2022-10-06,MarketResult_SEM-DA_PWR-MRC-D+1_20221005100000_20221005104425.csv
2022-10-06T08:00:00Z,1.0,128.53,2022-10-06,MarketResult_SEM-DA_PWR-MRC-D+1_20221005100000_20221005104425.csv
2022-10-06T09:00:00Z,1.0,95.06,2022-10-06,MarketResult_SEM-DA_PWR-MRC-D+1_20221005100000_20221005104425.csv
2022-10-06T10:00:00Z,1.0,85.0,2022-10-06,MarketResult_SEM-DA_PWR-MRC-D+1_20221005100000_20221005104425.csv
2022-10-06T11:00:00Z,1.0,80.0,2022-10-06,MarketResult_SEM-DA_PWR-MRC-D+1_20221005100000_20221005104425.csv
2022-10-06T12:00:00Z,1.0,77.66,2022-10-06,MarketResult_SEM-DA_PWR-MRC-D+1_20221005100000_20221005104425.csv
2022-10-06T13:00:00Z,1.0,77.66,2022-10-06,MarketResult_SEM-DA_PWR-MRC-D+1_20221005100000_20221005104425.csv
2022-10-06T14:00:00Z,1.0,80.22,2022-10-06,MarketResult_SEM-DA_PWR-MRC-D+1_20221005100000_20221005104425.csv
2022-10-06T15:00:00Z,1.0,104.35,2022-10-06,MarketResult_SEM-DA_PWR-MRC-D+1_20221005100000_20221005104425.csv
2022-10-06T16:00:00Z,1.0,121.16,2022-10-06,MarketResult_SEM-DA_PWR-MRC-D+1_20221005100000_20221005104425.csv
2022-10-06T17:00:00Z,1.0,139.52,2022-10-06,MarketResult_SEM-DA_PWR-MRC-D+1_20221005100000_20221005104425.csv
2022-10-06T18:00:00Z,1.0,147.03,2022-10-06,MarketResult_SEM-DA_PWR-MRC-D+1_20221005100000_20221005104425.csv
2022-10-06T19:00:00Z,1.0,123.0,2022-10-06,MarketResult_SEM-DA_PWR-MRC-D+1_20221005100000_20221005104425.csv
2022-10-06T20:00:00Z,1.0,92.98,2022-10-06,MarketResult_SEM-DA_PWR-MRC-D+1_20221005100000_20221005104425.csv
2022-10-06T21:00:00Z,1.0,65.03,2022-10-06,MarketResult_SEM-DA_PWR-MRC-D+1_20221005100000_20221005104425.csv
2022-10-06T22:00:00Z,1.0,62.0,2022-10-07,MarketResult_SEM-DA_PWR-MRC-D+1_20221006100000_20221006103425.csv
2022-10-06T23:00:00Z,1.0,13.59,2022-10-07,MarketResult_SEM-DA_PWR-MRC-D+1_20221006100000_20221006103425.csv
2022-10-07T00:00:00Z,1.0,6.49,2022-10-07,MarketResult_SEM-DA_PWR-MRC-D+1_20221006100000_20221006103425.csv
2022-10-07T01:00:00Z,1.0,4.41,2022-10-07,MarketResult_SEM-DA_PWR-MRC-D+1_20221006100000_20221006103425.csv
2022-10-07T02:00:00Z,1.0,0.0,2022-10-07,MarketResult_SEM-DA_PWR-MRC-D+1_20221006100000_20221006103425.csv
2022-10-07T03:00:00Z,1.0,0.0,2022-10-07,MarketResult_SEM-DA_PWR-MRC-D+1_20221006100000_20221006103425.csv
2022-10-07T04:00:00Z,1.0,4.57,2022-10-07,MarketResult_SEM-DA_PWR-MRC-D+1_20221006100000_20221006103425.csv
2022-10-07T05:00:00Z,1.0,143.58,2022-10-07,MarketResult_SEM-DA_PWR-MRC-D+1_20221006100000_20221006103425.csv
2022-10-07T06:00:00Z,1.0,237.44,2022-10-07,MarketResult_SEM-DA_PWR-MRC-D+1_20221006100000_20221006103425.csv
2022-10-07T07:00:00Z,1.0,235.0,2022-10-07,MarketResult_SEM-DA_PWR-MRC-D+1_20221006100000_20221006103425.csv
2022-10-07T08:00:00Z,1.0,214.69,2022-10-07,MarketResult_SEM-DA_PWR-MRC-D+1_20221006100000_20221006103425.csv
2022-10-07T09:00:00Z,1.0,195.0,2022-10-07,MarketResult_SEM-DA_PWR-MRC-D+1_20221006100000_20221006103425.csv
2022-10-07T10:00:00Z,1.0,165.0,2022-10-07,MarketResult_SEM-DA_PWR-MRC-D+1_20221006100000_20221006103425.csv
2022-10-07T11:00:00Z,1.0,149.01,2022-10-07,MarketResult_SEM-DA_PWR-MRC-D+1_20221006100000_20221006103425.csv
2022-10-07T12:00:00Z,1.0,119.18,2022-10-07,MarketResult_SEM-DA_PWR-MRC-D+1_20221006100000_20221006103425.csv
2022-10-07T13:00:00Z,1.0,119.18,2022-10-07,MarketResult_SEM-DA_PWR-MRC-D+1_20221006100000_20221006103425.csv
2022-10-07T14:00:00Z,1.0,115.46,2022-10-07,MarketResult_SEM-DA_PWR-MRC-D+1_20221006100000_20221006103425.csv
2022-10-07T15:00:00Z,1.0,136.0,2022-10-07,MarketResult_SEM-DA_PWR-MRC-D+1_20221006100000_20221006103425.csv
2022-10-07T16:00:00Z,1.0,171.48,2022-10-07,MarketResult_SEM-DA_PWR-MRC-D+1_20221006100000_20221006103425.csv
2022-10-07T17:00:00Z,1.0,214.91,2022-10-07,MarketResult_SEM-DA_PWR-MRC-D+1_20221006100000_20221006103425.csv
2022-10-07T18:00:00Z,1.0,231.18,2022-10-07,MarketResult_SEM-DA_PWR-MRC-D+1_20221006100000_20221006103425.csv
2022-10-07T19:00:00Z,1.0,190.03,2022-10-07,MarketResult_SEM-DA_PWR-MRC-D+1_20221006100000_20221006103425.csv
2022-10-07T20:00:00Z,1.0,205.69,2022-10-07,MarketResult_SEM-DA_PWR-MRC-D+1_20221006100000_20221006103425.csv
2022-10-07T21:00:00Z,1.0,319.11,2022-10-07,MarketResult_SEM-DA_PWR-MRC-D+1_20221006100000_20221006103425.csv
2022-10-07T22:00:00Z,1.0,148.46,2022-10-08,MarketResult_SEM-DA_PWR-MRC-D+1_20221007100000_20221007103921.csv
2022-10-07T23:00:00Z,1.0,230.0,2022-10-08,MarketResult_SEM-DA_PWR-MRC-D+1_20221007100000_20221007103921.csv
2022-10-08T00:00:00Z,1.0,213.0,2022-10-08,MarketResult_SEM-DA_PWR-MRC-D+1_20221007100000_20221007103921.csv
2022-10-08T01:00:00Z,1.0,212.0,2022-10-08,MarketResult_SEM-DA_PWR-MRC-D+1_20221007100000_20221007103921.csv
2022-10-08T02:00:00Z,1.0,220.0,2022-10-08,MarketResult_SEM-DA_PWR-MRC-D+1_20221007100000_20221007103921.csv
2022-10-08T03:00:00Z,1.0,227.67,2022-10-08,MarketResult_SEM-DA_PWR-MRC-D+1_20221007100000_20221007103921.csv
2022-10-08T04:00:00Z,1.0,267.0,2022-10-08,MarketResult_SEM-DA_PWR-MRC-D+1_20221007100000_20221007103921.csv
2022-10-08T05:00:00Z,1.0,185.0,2022-10-08,MarketResult_SEM-DA_PWR-MRC-D+1_20221007100000_20221007103921.csv
2022-10-08T06:00:00Z,1.0,196.06,2022-10-08,MarketResult_SEM-DA_PWR-MRC-D+1_20221007100000_20221007103921.csv
2022-10-08T07:00:00Z,1.0,250.1,2022-10-08,MarketResult_SEM-DA_PWR-MRC-D+1_20221007100000_20221007103921.csv
2022-10-08T08:00:00Z,1.0,290.0,2022-10-08,MarketResult_SEM-DA_PWR-MRC-D+1_20221007100000_20221007103921.csv
2022-10-08T09:00:00Z,1.0,330.85,2022-10-08,MarketResult_SEM-DA_PWR-MRC-D+1_20221007100000_20221007103921.csv
2022-10-08T10:00:00Z,1.0,241.69,2022-10-08,MarketResult_SEM-DA_PWR-MRC-D+1_20221007100000_20221007103921.csv
2022-10-08T11:00:00Z,1.0,221.37,2022-10-08,MarketResult_SEM-DA_PWR-MRC-D+1_20221007100000_20221007103921.csv
2022-10-08T12:00:00Z,1.0,197.8,2022-10-08,MarketResult_SEM-DA_PWR-MRC-D+1_20221007100000_20221007103921.csv
2022-10-08T13:00:00Z,1.0,189.0,2022-10-08,MarketResult_SEM-DA_PWR-MRC-D+1_20221007100000_20221007103921.csv
2022-10-08T14:00:00Z,1.0,162.05,2022-10-08,MarketResult_SEM-DA_PWR-MRC-D+1_20221007100000_20221007103921.csv
2022-10-08T15:00:00Z,1.0,197.63,2022-10-08,MarketResult_SEM-DA_PWR-MRC-D+1_20221007100000_20221007103921.csv
2022-10-08T16:00:00Z,1.0,272.3,2022-10-08,MarketResult_SEM-DA_PWR-MRC-D+1_20221007100000_20221007103921.csv
2022-10-08T17:00:00Z,1.0,290.26,2022-10-08,MarketResult_SEM-DA_PWR-MRC-D+1_20221007100000_20221007103921.csv
2022-10-08T18:00:00Z,1.0,270.0,2022-10-08,MarketResult_SEM-DA_PWR-MRC-D+1_20221007100000_20221007103921.csv
2022-10-08T19:00:00Z,1.0,219.0,2022-10-08,MarketResult_SEM-DA_PWR-MRC-D+1_20221007100000_20221007103921.csv
2022-10-08T20:00:00Z,1.0,177.97,2022-10-08,MarketResult_SEM-DA_PWR-MRC-D+1_20221007100000_20221007103921.csv
2022-10-08T21:00:00Z,1.0,174.0,2022-10-08,MarketResult_SEM-DA_PWR-MRC-D+1_20221007100000_20221007103921.csv
2022-10-08T22:00:00Z,1.0,227.56,2022-10-09,MarketResult_SEM-DA_PWR-MRC-D+1_20221008100000_20221008103519.csv
2022-10-08T23:00:00Z,1.0,190.0,2022-10-09,MarketResult_SEM-DA_PWR-MRC-D+1_20221008100000_20221008103519.csv
2022-10-09T00:00:00Z,1.0,146.27,2022-10-09,MarketResult_SEM-DA_PWR-MRC-D+1_20221008100000_20221008103519.csv
2022-10-09T01:00:00Z,1.0,89.0,2022-10-09,MarketResult_SEM-DA_PWR-MRC-D+1_20221008100000_20221008103519.csv
2022-10-09T02:00:00Z,1.0,89.0,2022-10-09,MarketResult_SEM-DA_PWR-MRC-D+1_20221008100000_20221008103519.csv
2022-10-09T03:00:00Z,1.0,55.0,2022-10-09,MarketResult_SEM-DA_PWR-MRC-D+1_20221008100000_20221008103519.csv
2022-10-09T04:00:00Z,1.0,33.0,2022-10-09,MarketResult_SEM-DA_PWR-MRC-D+1_20221008100000_20221008103519.csv
2022-10-09T05:00:00Z,1.0,35.35,2022-10-09,MarketResult_SEM-DA_PWR-MRC-D+1_20221008100000_20221008103519.csv
2022-10-09T06:00:00Z,1.0,76.72,2022-10-09,MarketResult_SEM-DA_PWR-MRC-D+1_20221008100000_20221008103519.csv
2022-10-09T07:00:00Z,1.0,89.0,2022-10-09,MarketResult_SEM-DA_PWR-MRC-D+1_20221008100000_20221008103519.csv
2022-10-09T08:00:00Z,1.0,74.53,2022-10-09,MarketResult_SEM-DA_PWR-MRC-D+1_20221008100000_20221008103519.csv
2022-10-09T09:00:00Z,1.0,63.9,2022-10-09,MarketResult_SEM-DA_PWR-MRC-D+1_20221008100000_20221008103519.csv
2022-10-09T10:00:00Z,1.0,50.43,2022-10-09,MarketResult_SEM-DA_PWR-MRC-D+1_20221008100000_20221008103519.csv
2022-10-09T11:00:00Z,1.0,35.0,2022-10-09,MarketResult_SEM-DA_PWR-MRC-D+1_20221008100000_20221008103519.csv
2022-10-09T12:00:00Z,1.0,55.0,2022-10-09,MarketResult_SEM-DA_PWR-MRC-D+1_20221008100000_20221008103519.csv
2022-10-09T13:00:00Z,1.0,95.0,2022-10-09,MarketResult_SEM-DA_PWR-MRC-D+1_20221008100000_20221008103519.csv
2022-10-09T14:00:00Z,1.0,114.67,2022-10-09,MarketResult_SEM-DA_PWR-MRC-D+1_20221008100000_20221008103519.csv
2022-10-09T15:00:00Z,1.0,155.65,2022-10-09,MarketResult_SEM-DA_PWR-MRC-D+1_20221008100000_20221008103519.csv
2022-10-09T16:00:00Z,1.0,215.0,2022-10-09,MarketResult_SEM-DA_PWR-MRC-D+1_20221008100000_20221008103519.csv
2022-10-09T17:00:00Z,1.0,281.83,2022-10-09,MarketResult_SEM-DA_PWR-MRC-D+1_20221008100000_20221008103519.csv
2022-10-09T18:00:00Z,1.0,257.31,2022-10-09,MarketResult_SEM-DA_PWR-MRC-D+1_20221008100000_20221008103519.csv
2022-10-09T19:00:00Z,1.0,195.11,2022-10-09,MarketResult_SEM-DA_PWR-MRC-D+1_20221008100000_20221008103519.csv
2022-10-09T20:00:00Z,1.0,180.0,2022-10-09,MarketResult_SEM-DA_PWR-MRC-D+1_20221008100000_20221008103519.csv
2022-10-09T21:00:00Z,1.0,157.4,2022-10-09,MarketResult_SEM-DA_PWR-MRC-D+1_20221008100000_20221008103519.csv
2022-10-09T22:00:00Z,1.0,143.44,2022-10-10,MarketResult_SEM-DA_PWR-MRC-D+1_20221009100000_20221009103534.csv
2022-10-09T23:00:00Z,1.0,139.0,2022-10-10,MarketResult_SEM-DA_PWR-MRC-D+1_20221009100000_20221009103534.csv
2022-10-10T00:00:00Z,1.0,133.6,2022-10-10,MarketResult_SEM-DA_PWR-MRC-D+1_20221009100000_20221009103534.csv
2022-10-10T01:00:00Z,1.0,127.37,2022-10-10,MarketResult_SEM-DA_PWR-MRC-D+1_20221009100000_20221009103534.csv
2022-10-10T02:00:00Z,1.0,123.8,2022-10-10,MarketResult_SEM-DA_PWR-MRC-D+1_20221009100000_20221009103534.csv
2022-10-10T03:00:00Z,1.0,133.72,2022-10-10,MarketResult_SEM-DA_PWR-MRC-D+1_20221009100000_20221009103534.csv
2022-10-10T04:00:00Z,1.0,152.48,2022-10-10,MarketResult_SEM-DA_PWR-MRC-D+1_20221009100000_20221009103534.csv
2022-10-10T05:00:00Z,1.0,177.0,2022-10-10,MarketResult_SEM-DA_PWR-MRC-D+1_20221009100000_20221009103534.csv
2022-10-10T06:00:00Z,1.0,226.39,2022-10-10,MarketResult_SEM-DA_PWR-MRC-D+1_20221009100000_20221009103534.csv
2022-10-10T07:00:00Z,1.0,219.17,2022-10-10,MarketResult_SEM-DA_PWR-MRC-D+1_20221009100000_20221009103534.csv
2022-10-10T08:00:00Z,1.0,235.0,2022-10-10,MarketResult_SEM-DA_PWR-MRC-D+1_20221009100000_20221009103534.csv
2022-10-10T09:00:00Z,1.0,201.39,2022-10-10,MarketResult_SEM-DA_PWR-MRC-D+1_20221009100000_20221009103534.csv
2022-10-10T10:00:00Z,1.0,160.0,2022-10-10,MarketResult_SEM-DA_PWR-MRC-D+1_20221009100000_20221009103534.csv
2022-10-10T11:00:00Z,1.0,150.22,2022-10-10,MarketResult_SEM-DA_PWR-MRC-D+1_20221009100000_20221009103534.csv
2022-10-10T12:00:00Z,1.0,151.68,2022-10-10,MarketResult_SEM-DA_PWR-MRC-D+1_20221009100000_20221009103534.csv
2022-10-10T13:00:00Z,1.0,150.21,2022-10-10,MarketResult_SEM-DA_PWR-MRC-D+1_20221009100000_20221009103534.csv
2022-10-10T14:00:00Z,1.0,150.21,2022-10-10,MarketResult_SEM-DA_PWR-MRC-D+1_20221009100000_20221009103534.csv
2022-10-10T15:00:00Z,1.0,225.0,2022-10-10,MarketResult_SEM-DA_PWR-MRC-D+1_20221009100000_20221009103534.csv
2022-10-10T16:00:00Z,1.0,263.0,2022-10-10,MarketResult_SEM-DA_PWR-MRC-D+1_20221009100000_20221009103534.csv
2022-10-10T17:00:00Z,1.0,377.0,2022-10-10,MarketResult_SEM-DA_PWR-MRC-D+1_20221009100000_20221009103534.csv
2022-10-10T18:00:00Z,1.0,395.0,2022-10-10,MarketResult_SEM-DA_PWR-MRC-D+1_20221009100000_20221009103534.csv
2022-10-10T19:00:00Z,1.0,355.0,2022-10-10,MarketResult_SEM-DA_PWR-MRC-D+1_20221009100000_20221009103534.csv
2022-10-10T20:00:00Z,1.0,307.0,2022-10-10,MarketResult_SEM-DA_PWR-MRC-D+1_20221009100000_20221009103534.csv
2022-10-10T21:00:00Z,1.0,202.64,2022-10-10,MarketResult_SEM-DA_PWR-MRC-D+1_20221009100000_20221009103534.csv
2022-10-10T22:00:00Z,1.0,199.45,2022-10-11,MarketResult_SEM-DA_PWR-MRC-D+1_20221010100000_20221010103445.csv
2022-10-10T23:00:00Z,1.0,182.83,2022-10-11,MarketResult_SEM-DA_PWR-MRC-D+1_20221010100000_20221010103445.csv
2022-10-11T00:00:00Z,1.0,185.0,2022-10-11,MarketResult_SEM-DA_PWR-MRC-D+1_20221010100000_20221010103445.csv
2022-10-11T01:00:00Z,1.0,180.69,2022-10-11,MarketResult_SEM-DA_PWR-MRC-D+1_20221010100000_20221010103445.csv
2022-10-11T02:00:00Z,1.0,176.77,2022-10-11,MarketResult_SEM-DA_PWR-MRC-D+1_20221010100000_20221010103445.csv
2022-10-11T03:00:00Z,1.0,178.97,2022-10-11,MarketResult_SEM-DA_PWR-MRC-D+1_20221010100000_20221010103445.csv
2022-10-11T04:00:00Z,1.0,192.84,2022-10-11,MarketResult_SEM-DA_PWR-MRC-D+1_20221010100000_20221010103445.csv
2022-10-11T05:00:00Z,1.0,219.0,2022-10-11,MarketResult_SEM-DA_PWR-MRC-D+1_20221010100000_20221010103445.csv
2022-10-11T06:00:00Z,1.0,289.0,2022-10-11,MarketResult_SEM-DA_PWR-MRC-D+1_20221010100000_20221010103445.csv
2022-10-11T07:00:00Z,1.0,293.19,2022-10-11,MarketResult_SEM-DA_PWR-MRC-D+1_20221010100000_20221010103445.csv
2022-10-11T08:00:00Z,1.0,269.0,2022-10-11,MarketResult_SEM-DA_PWR-MRC-D+1_20221010100000_20221010103445.csv
2022-10-11T09:00:00Z,1.0,230.31,2022-10-11,MarketResult_SEM-DA_PWR-MRC-D+1_20221010100000_20221010103445.csv
2022-10-11T10:00:00Z,1.0,200.08,2022-10-11,MarketResult_SEM-DA_PWR-MRC-D+1_20221010100000_20221010103445.csv
2022-10-11T11:00:00Z,1.0,188.94,2022-10-11,MarketResult_SEM-DA_PWR-MRC-D+1_20221010100000_20221010103445.csv
2022-10-11T12:00:00Z,1.0,183.94,2022-10-11,MarketResult_SEM-DA_PWR-MRC-D+1_20221010100000_20221010103445.csv
2022-10-11T13:00:00Z,1.0,173.0,2022-10-11,MarketResult_SEM-DA_PWR-MRC-D+1_20221010100000_20221010103445.csv
2022-10-11T14:00:00Z,1.0,183.1,2022-10-11,MarketResult_SEM-DA_PWR-MRC-D+1_20221010100000_20221010103445.csv
2022-10-11T15:00:00Z,1.0,184.86,2022-10-11,MarketResult_SEM-DA_PWR-MRC-D+1_20221010100000_20221010103445.csv
2022-10-11T16:00:00Z,1.0,211.0,2022-10-11,MarketResult_SEM-DA_PWR-MRC-D+1_20221010100000_20221010103445.csv
2022-10-11T17:00:00Z,1.0,211.0,2022-10-11,MarketResult_SEM-DA_PWR-MRC-D+1_20221010100000_20221010103445.csv
2022-10-11T18:00:00Z,1.0,188.94,2022-10-11,MarketResult_SEM-DA_PWR-MRC-D+1_20221010100000_20221010103445.csv
2022-10-11T19:00:00Z,1.0,183.95,2022-10-11,MarketResult_SEM-DA_PWR-MRC-D+1_20221010100000_20221010103445.csv
2022-10-11T20:00:00Z,1.0,181.38,2022-10-11,MarketResult_SEM-DA_PWR-MRC-D+1_20221010100000_20221010103445.csv
2022-10-11T21:00:00Z,1.0,164.0,2022-10-11,MarketResult_SEM-DA_PWR-MRC-D+1_20221010100000_20221010103445.csv
2022-10-11T22:00:00Z,1.0,130.55,2022-10-12,MarketResult_SEM-DA_PWR-MRC-D+1_20221011100000_20221011103447.csv
2022-10-11T23:00:00Z,1.0,125.0,2022-10-12,MarketResult_SEM-DA_PWR-MRC-D+1_20221011100000_20221011103447.csv
2022-10-12T00:00:00Z,1.0,125.0,2022-10-12,MarketResult_SEM-DA_PWR-MRC-D+1_20221011100000_20221011103447.csv
2022-10-12T01:00:00Z,1.0,130.55,2022-10-12,MarketResult_SEM-DA_PWR-MRC-D+1_20221011100000_20221011103447.csv
2022-10-12T02:00:00Z,1.0,139.17,2022-10-12,MarketResult_SEM-DA_PWR-MRC-D+1_20221011100000_20221011103447.csv
2022-10-12T03:00:00Z,1.0,144.71,2022-10-12,MarketResult_SEM-DA_PWR-MRC-D+1_20221011100000_20221011103447.csv
2022-10-12T04:00:00Z,1.0,156.88,2022-10-12,MarketResult_SEM-DA_PWR-MRC-D+1_20221011100000_20221011103447.csv
2022-10-12T05:00:00Z,1.0,175.36,2022-10-12,MarketResult_SEM-DA_PWR-MRC-D+1_20221011100000_20221011103447.csv
2022-10-12T06:00:00Z,1.0,228.89,2022-10-12,MarketResult_SEM-DA_PWR-MRC-D+1_20221011100000_20221011103447.csv
2022-10-12T07:00:00Z,1.0,265.0,2022-10-12,MarketResult_SEM-DA_PWR-MRC-D+1_20221011100000_20221011103447.csv
2022-10-12T08:00:00Z,1.0,259.33,2022-10-12,MarketResult_SEM-DA_PWR-MRC-D+1_20221011100000_20221011103447.csv
2022-10-12T09:00:00Z,1.0,225.02,2022-10-12,MarketResult_SEM-DA_PWR-MRC-D+1_20221011100000_20221011103447.csv
2022-10-12T10:00:00Z,1.0,206.6,2022-10-12,MarketResult_SEM-DA_PWR-MRC-D+1_20221011100000_20221011103447.csv
2022-10-12T11:00:00Z,1.0,203.86,2022-10-12,MarketResult_SEM-DA_PWR-MRC-D+1_20221011100000_20221011103447.csv
2022-10-12T12:00:00Z,1.0,203.77,2022-10-12,MarketResult_SEM-DA_PWR-MRC-D+1_20221011100000_20221011103447.csv
2022-10-12T13:00:00Z,1.0,215.36,2022-10-12,MarketResult_SEM-DA_PWR-MRC-D+1_20221011100000_20221011103447.csv
2022-10-12T14:00:00Z,1.0,210.42,2022-10-12,MarketResult_SEM-DA_PWR-MRC-D+1_20221011100000_20221011103447.csv
2022-10-12T15:00:00Z,1.0,240.0,2022-10-12,MarketResult_SEM-DA_PWR-MRC-D+1_20221011100000_20221011103447.csv
2022-10-12T16:00:00Z,1.0,295.0,2022-10-12,MarketResult_SEM-DA_PWR-MRC-D+1_20221011100000_20221011103447.csv
2022-10-12T17:00:00Z,1.0,374.01,2022-10-12,MarketResult_SEM-DA_PWR-MRC-D+1_20221011100000_20221011103447.csv
2022-10-12T18:00:00Z,1.0,375.0,2022-10-12,MarketResult_SEM-DA_PWR-MRC-D+1_20221011100000_20221011103447.csv
2022-10-12T19:00:00Z,1.0,303.46,2022-10-12,MarketResult_SEM-DA_PWR-MRC-D+1_20221011100000_20221011103447.csv
2022-10-12T20:00:00Z,1.0,340.0,2022-10-12,MarketResult_SEM-DA_PWR-MRC-D+1_20221011100000_20221011103447.csv
2022-10-12T21:00:00Z,1.0,219.94,2022-10-12,MarketResult_SEM-DA_PWR-MRC-D+1_20221011100000_20221011103447.csv
2022-10-12T22:00:00Z,1.0,199.0,2022-10-13,MarketResult_SEM-DA_PWR-MRC-D+1_20221012100000_20221012103816.csv
2022-10-12T23:00:00Z,1.0,187.0,2022-10-13,MarketResult_SEM-DA_PWR-MRC-D+1_20221012100000_20221012103816.csv
2022-10-13T00:00:00Z,1.0,184.0,2022-10-13,MarketResult_SEM-DA_PWR-MRC-D+1_20221012100000_20221012103816.csv
2022-10-13T01:00:00Z,1.0,180.99,2022-10-13,MarketResult_SEM-DA_PWR-MRC-D+1_20221012100000_20221012103816.csv
2022-10-13T02:00:00Z,1.0,177.11,2022-10-13,MarketResult_SEM-DA_PWR-MRC-D+1_20221012100000_20221012103816.csv
2022-10-13T03:00:00Z,1.0,175.88,2022-10-13,MarketResult_SEM-DA_PWR-MRC-D+1_20221012100000_20221012103816.csv
2022-10-13T04:00:00Z,1.0,181.0,2022-10-13,MarketResult_SEM-DA_PWR-MRC-D+1_20221012100000_20221012103816.csv
2022-10-13T05:00:00Z,1.0,204.54,2022-10-13,MarketResult_SEM-DA_PWR-MRC-D+1_20221012100000_20221012103816.csv
2022-10-13T06:00:00Z,1.0,318.0,2022-10-13,MarketResult_SEM-DA_PWR-MRC-D+1_20221012100000_20221012103816.csv
2022-10-13T07:00:00Z,1.0,318.0,2022-10-13,MarketResult_SEM-DA_PWR-MRC-D+1_20221012100000_20221012103816.csv
2022-10-13T08:00:00Z,1.0,303.0,2022-10-13,MarketResult_SEM-DA_PWR-MRC-D+1_20221012100000_20221012103816.csv
2022-10-13T09:00:00Z,1.0,285.39,2022-10-13,MarketResult_SEM-DA_PWR-MRC-D+1_20221012100000_20221012103816.csv
2022-10-13T10:00:00Z,1.0,264.99,2022-10-13,MarketResult_SEM-DA_PWR-MRC-D+1_20221012100000_20221012103816.csv
2022-10-13T11:00:00Z,1.0,249.61,2022-10-13,MarketResult_SEM-DA_PWR-MRC-D+1_20221012100000_20221012103816.csv
2022-10-13T12:00:00Z,1.0,223.76,2022-10-13,MarketResult_SEM-DA_PWR-MRC-D+1_20221012100000_20221012103816.csv
2022-10-13T13:00:00Z,1.0,221.78,2022-10-13,MarketResult_SEM-DA_PWR-MRC-D+1_20221012100000_20221012103816.csv
2022-10-13T14:00:00Z,1.0,216.84,2022-10-13,MarketResult_SEM-DA_PWR-MRC-D+1_20221012100000_20221012103816.csv
2022-10-13T15:00:00Z,1.0,255.61,2022-10-13,MarketResult_SEM-DA_PWR-MRC-D+1_20221012100000_20221012103816.csv
2022-10-13T16:00:00Z,1.0,279.0,2022-10-13,MarketResult_SEM-DA_PWR-MRC-D+1_20221012100000_20221012103816.csv
2022-10-13T17:00:00Z,1.0,331.62,2022-10-13,MarketResult_SEM-DA_PWR-MRC-D+1_20221012100000_20221012103816.csv
2022-10-13T18:00:00Z,1.0,285.11,2022-10-13,MarketResult_SEM-DA_PWR-MRC-D+1_20221012100000_20221012103816.csv
2022-10-13T19:00:00Z,1.0,224.89,2022-10-13,MarketResult_SEM-DA_PWR-MRC-D+1_20221012100000_20221012103816.csv
2022-10-13T20:00:00Z,1.0,195.78,2022-10-13,MarketResult_SEM-DA_PWR-MRC-D+1_20221012100000_20221012103816.csv
2022-10-13T21:00:00Z,1.0,173.0,2022-10-13,MarketResult_SEM-DA_PWR-MRC-D+1_20221012100000_20221012103816.csv
2022-10-13T22:00:00Z,1.0,185.0,2022-10-14,MarketResult_SEM-DA_PWR-MRC-D+1_20221013100000_20221013103436.csv
2022-10-13T23:00:00Z,1.0,175.74,2022-10-14,MarketResult_SEM-DA_PWR-MRC-D+1_20221013100000_20221013103436.csv
2022-10-14T00:00:00Z,1.0,171.64,2022-10-14,MarketResult_SEM-DA_PWR-MRC-D+1_20221013100000_20221013103436.csv
2022-10-14T01:00:00Z,1.0,175.0,2022-10-14,MarketResult_SEM-DA_PWR-MRC-D+1_20221013100000_20221013103436.csv
2022-10-14T02:00:00Z,1.0,176.95,2022-10-14,MarketResult_SEM-DA_PWR-MRC-D+1_20221013100000_20221013103436.csv
2022-10-14T03:00:00Z,1.0,192.07,2022-10-14,MarketResult_SEM-DA_PWR-MRC-D+1_20221013100000_20221013103436.csv
2022-10-14T04:00:00Z,1.0,183.98,2022-10-14,MarketResult_SEM-DA_PWR-MRC-D+1_20221013100000_20221013103436.csv
2022-10-14T05:00:00Z,1.0,199.0,2022-10-14,MarketResult_SEM-DA_PWR-MRC-D+1_20221013100000_20221013103436.csv
2022-10-14T06:00:00Z,1.0,251.27,2022-10-14,MarketResult_SEM-DA_PWR-MRC-D+1_20221013100000_20221013103436.csv
2022-10-14T07:00:00Z,1.0,304.0,2022-10-14,MarketResult_SEM-DA_PWR-MRC-D+1_20221013100000_20221013103436.csv
2022-10-14T08:00:00Z,1.0,311.15,2022-10-14,MarketResult_SEM-DA_PWR-MRC-D+1_20221013100000_20221013103436.csv
2022-10-14T09:00:00Z,1.0,288.0,2022-10-14,MarketResult_SEM-DA_PWR-MRC-D+1_20221013100000_20221013103436.csv
2022-10-14T10:00:00Z,1.0,264.64,2022-10-14,MarketResult_SEM-DA_PWR-MRC-D+1_20221013100000_20221013103436.csv
2022-10-14T11:00:00Z,1.0,245.8,2022-10-14,MarketResult_SEM-DA_PWR-MRC-D+1_20221013100000_20221013103436.csv
2022-10-14T12:00:00Z,1.0,227.79,2022-10-14,MarketResult_SEM-DA_PWR-MRC-D+1_20221013100000_20221013103436.csv
2022-10-14T13:00:00Z,1.0,208.44,2022-10-14,MarketResult_SEM-DA_PWR-MRC-D+1_20221013100000_20221013103436.csv
2022-10-14T14:00:00Z,1.0,196.3,2022-10-14,MarketResult_SEM-DA_PWR-MRC-D+1_20221013100000_20221013103436.csv
2022-10-14T15:00:00Z,1.0,256.84,2022-10-14,MarketResult_SEM-DA_PWR-MRC-D+1_20221013100000_20221013103436.csv
2022-10-14T16:00:00Z,1.0,285.0,2022-10-14,MarketResult_SEM-DA_PWR-MRC-D+1_20221013100000_20221013103436.csv
2022-10-14T17:00:00Z,1.0,299.0,2022-10-14,MarketResult_SEM-DA_PWR-MRC-D+1_20221013100000_20221013103436.csv
2022-10-14T18:00:00Z,1.0,267.53,2022-10-14,MarketResult_SEM-DA_PWR-MRC-D+1_20221013100000_20221013103436.csv
2022-10-14T19:00:00Z,1.0,225.0,2022-10-14,MarketResult_SEM-DA_PWR-MRC-D+1_20221013100000_20221013103436.csv
2022-10-14T20:00:00Z,1.0,184.1,2022-10-14,MarketResult_SEM-DA_PWR-MRC-D+1_20221013100000_20221013103436.csv
2022-10-14T21:00:00Z,1.0,171.16,2022-10-14,MarketResult_SEM-DA_PWR-MRC-D+1_20221013100000_20221013103436.csv
2022-10-14T22:00:00Z,1.0,179.68,2022-10-15,MarketResult_SEM-DA_PWR-MRC-D+1_20221014100000_20221014103454.csv
2022-10-14T23:00:00Z,1.0,153.0,2022-10-15,MarketResult_SEM-DA_PWR-MRC-D+1_20221014100000_20221014103454.csv
2022-10-15T00:00:00Z,1.0,136.0,2022-10-15,MarketResult_SEM-DA_PWR-MRC-D+1_20221014100000_20221014103454.csv
2022-10-15T01:00:00Z,1.0,128.0,2022-10-15,MarketResult_SEM-DA_PWR-MRC-D+1_20221014100000_20221014103454.csv
2022-10-15T02:00:00Z,1.0,125.0,2022-10-15,MarketResult_SEM-DA_PWR-MRC-D+1_20221014100000_20221014103454.csv
2022-10-15T03:00:00Z,1.0,133.11,2022-10-15,MarketResult_SEM-DA_PWR-MRC-D+1_20221014100000_20221014103454.csv
2022-10-15T04:00:00Z,1.0,140.0,2022-10-15,MarketResult_SEM-DA_PWR-MRC-D+1_20221014100000_20221014103454.csv
2022-10-15T05:00:00Z,1.0,150.67,2022-10-15,MarketResult_SEM-DA_PWR-MRC-D+1_20221014100000_20221014103454.csv
2022-10-15T06:00:00Z,1.0,169.99,2022-10-15,MarketResult_SEM-DA_PWR-MRC-D+1_20221014100000_20221014103454.csv
2022-10-15T07:00:00Z,1.0,192.78,2022-10-15,MarketResult_SEM-DA_PWR-MRC-D+1_20221014100000_20221014103454.csv
2022-10-15T08:00:00Z,1.0,188.79,2022-10-15,MarketResult_SEM-DA_PWR-MRC-D+1_20221014100000_20221014103454.csv
2022-10-15T09:00:00Z,1.0,158.43,2022-10-15,MarketResult_SEM-DA_PWR-MRC-D+1_20221014100000_20221014103454.csv
2022-10-15T10:00:00Z,1.0,131.0,2022-10-15,MarketResult_SEM-DA_PWR-MRC-D+1_20221014100000_20221014103454.csv
2022-10-15T11:00:00Z,1.0,108.7,2022-10-15,MarketResult_SEM-DA_PWR-MRC-D+1_20221014100000_20221014103454.csv
2022-10-15T12:00:00Z,1.0,86.07,2022-10-15,MarketResult_SEM-DA_PWR-MRC-D+1_20221014100000_20221014103454.csv
2022-10-15T13:00:00Z,1.0,63.37,2022-10-15,MarketResult_SEM-DA_PWR-MRC-D+1_20221014100000_20221014103454.csv
2022-10-15T14:00:00Z,1.0,77.55,2022-10-15,MarketResult_SEM-DA_PWR-MRC-D+1_20221014100000_20221014103454.csv
2022-10-15T15:00:00Z,1.0,98.0,2022-10-15,MarketResult_SEM-DA_PWR-MRC-D+1_20221014100000_20221014103454.csv
2022-10-15T16:00:00Z,1.0,155.0,2022-10-15,MarketResult_SEM-DA_PWR-MRC-D+1_20221014100000_20221014103454.csv
2022-10-15T17:00:00Z,1.0,184.73,2022-10-15,MarketResult_SEM-DA_PWR-MRC-D+1_20221014100000_20221014103454.csv
2022-10-15T18:00:00Z,1.0,174.73,2022-10-15,MarketResult_SEM-DA_PWR-MRC-D+1_20221014100000_20221014103454.csv
2022-10-15T19:00:00Z,1.0,144.2,2022-10-15,MarketResult_SEM-DA_PWR-MRC-D+1_20221014100000_20221014103454.csv
2022-10-15T20:00:00Z,1.0,150.48,2022-10-15,MarketResult_SEM-DA_PWR-MRC-D+1_20221014100000_20221014103454.csv
2022-10-15T21:00:00Z,1.0,136.23,2022-10-15,MarketResult_SEM-DA_PWR-MRC-D+1_20221014100000_20221014103454.csv
2022-10-15T22:00:00Z,1.0,155.0,2022-10-16,MarketResult_SEM-DA_PWR-MRC-D+1_20221015100000_20221015103553.csv
2022-10-15T23:00:00Z,1.0,125.0,2022-10-16,MarketResult_SEM-DA_PWR-MRC-D+1_20221015100000_20221015103553.csv
2022-10-16T00:00:00Z,1.0,115.0,2022-10-16,MarketResult_SEM-DA_PWR-MRC-D+1_20221015100000_20221015103553.csv
2022-10-16T01:00:00Z,1.0,110.4,2022-10-16,MarketResult_SEM-DA_PWR-MRC-D+1_20221015100000_20221015103553.csv
2022-10-16T02:00:00Z,1.0,110.4,2022-10-16,MarketResult_SEM-DA_PWR-MRC-D+1_20221015100000_20221015103553.csv
2022-10-16T03:00:00Z,1.0,85.0,2022-10-16,MarketResult_SEM-DA_PWR-MRC-D+1_20221015100000_20221015103553.csv
2022-10-16T04:00:00Z,1.0,104.19,2022-10-16,MarketResult_SEM-DA_PWR-MRC-D+1_20221015100000_20221015103553.csv
2022-10-16T05:00:00Z,1.0,100.5,2022-10-16,MarketResult_SEM-DA_PWR-MRC-D+1_20221015100000_20221015103553.csv
2022-10-16T06:00:00Z,1.0,134.43,2022-10-16,MarketResult_SEM-DA_PWR-MRC-D+1_20221015100000_20221015103553.csv
2022-10-16T07:00:00Z,1.0,175.0,2022-10-16,MarketResult_SEM-DA_PWR-MRC-D+1_20221015100000_20221015103553.csv
2022-10-16T08:00:00Z,1.0,220.0,2022-10-16,MarketResult_SEM-DA_PWR-MRC-D+1_20221015100000_20221015103553.csv
2022-10-16T09:00:00Z,1.0,251.28,2022-10-16,MarketResult_SEM-DA_PWR-MRC-D+1_20221015100000_20221015103553.csv
2022-10-16T10:00:00Z,1.0,300.0,2022-10-16,MarketResult_SEM-DA_PWR-MRC-D+1_20221015100000_20221015103553.csv
2022-10-16T11:00:00Z,1.0,212.06,2022-10-16,MarketResult_SEM-DA_PWR-MRC-D+1_20221015100000_20221015103553.csv
2022-10-16T12:00:00Z,1.0,150.0,2022-10-16,MarketResult_SEM-DA_PWR-MRC-D+1_20221015100000_20221015103553.csv
2022-10-16T13:00:00Z,1.0,124.81,2022-10-16,MarketResult_SEM-DA_PWR-MRC-D+1_20221015100000_20221015103553.csv
2022-10-16T14:00:00Z,1.0,113.99,2022-10-16,MarketResult_SEM-DA_PWR-MRC-D+1_20221015100000_20221015103553.csv
2022-10-16T15:00:00Z,1.0,108.31,2022-10-16,MarketResult_SEM-DA_PWR-MRC-D+1_20221015100000_20221015103553.csv
2022-10-16T16:00:00Z,1.0,107.71,2022-10-16,MarketResult_SEM-DA_PWR-MRC-D+1_20221015100000_20221015103553.csv
2022-10-16T17:00:00Z,1.0,104.61,2022-10-16,MarketResult_SEM-DA_PWR-MRC-D+1_20221015100000_20221015103553.csv
2022-10-16T18:00:00Z,1.0,101.16,2022-10-16,MarketResult_SEM-DA_PWR-MRC-D+1_20221015100000_20221015103553.csv
2022-10-16T19:00:00Z,1.0,115.05,2022-10-16,MarketResult_SEM-DA_PWR-MRC-D+1_20221015100000_20221015103553.csv
2022-10-16T20:00:00Z,1.0,93.0,2022-10-16,MarketResult_SEM-DA_PWR-MRC-D+1_20221015100000_20221015103553.csv
2022-10-16T21:00:00Z,1.0,55.0,2022-10-16,MarketResult_SEM-DA_PWR-MRC-D+1_20221015100000_20221015103553.csv
2022-10-16T22:00:00Z,1.0,2.6,2022-10-17,MarketResult_SEM-DA_PWR-MRC-D+1_20221016100000_20221016103558.csv
2022-10-16T23:00:00Z,1.0,0.0,2022-10-17,MarketResult_SEM-DA_PWR-MRC-D+1_20221016100000_20221016103558.csv
2022-10-17T00:00:00Z,1.0,-1.0,2022-10-17,MarketResult_SEM-DA_PWR-MRC-D+1_20221016100000_20221016103558.csv
2022-10-17T01:00:00Z,1.0,-5.27,2022-10-17,MarketResult_SEM-DA_PWR-MRC-D+1_20221016100000_20221016103558.csv
2022-10-17T02:00:00Z,1.0,-10.0,2022-10-17,MarketResult_SEM-DA_PWR-MRC-D+1_20221016100000_20221016103558.csv
2022-10-17T03:00:00Z,1.0,-10.31,2022-10-17,MarketResult_SEM-DA_PWR-MRC-D+1_20221016100000_20221016103558.csv
2022-10-17T04:00:00Z,1.0,-10.05,2022-10-17,MarketResult_SEM-DA_PWR-MRC-D+1_20221016100000_20221016103558.csv
2022-10-17T05:00:00Z,1.0,1.0,2022-10-17,MarketResult_SEM-DA_PWR-MRC-D+1_20221016100000_20221016103558.csv
2022-10-17T06:00:00Z,1.0,76.3,2022-10-17,MarketResult_SEM-DA_PWR-MRC-D+1_20221016100000_20221016103558.csv
2022-10-17T07:00:00Z,1.0,96.8,2022-10-17,MarketResult_SEM-DA_PWR-MRC-D+1_20221016100000_20221016103558.csv
2022-10-17T08:00:00Z,1.0,101.78,2022-10-17,MarketResult_SEM-DA_PWR-MRC-D+1_20221016100000_20221016103558.csv
2022-10-17T09:00:00Z,1.0,104.68,2022-10-17,MarketResult_SEM-DA_PWR-MRC-D+1_20221016100000_20221016103558.csv
2022-10-17T10:00:00Z,1.0,103.91,2022-10-17,MarketResult_SEM-DA_PWR-MRC-D+1_20221016100000_20221016103558.csv
2022-10-17T11:00:00Z,1.0,114.76,2022-10-17,MarketResult_SEM-DA_PWR-MRC-D+1_20221016100000_20221016103558.csv
2022-10-17T12:00:00Z,1.0,121.0,2022-10-17,MarketResult_SEM-DA_PWR-MRC-D+1_20221016100000_20221016103558.csv
2022-10-17T13:00:00Z,1.0,118.0,2022-10-17,MarketResult_SEM-DA_PWR-MRC-D+1_20221016100000_20221016103558.csv
2022-10-17T14:00:00Z,1.0,121.7,2022-10-17,MarketResult_SEM-DA_PWR-MRC-D+1_20221016100000_20221016103558.csv
2022-10-17T15:00:00Z,1.0,179.58,2022-10-17,MarketResult_SEM-DA_PWR-MRC-D+1_20221016100000_20221016103558.csv
2022-10-17T16:00:00Z,1.0,240.0,2022-10-17,MarketResult_SEM-DA_PWR-MRC-D+1_20221016100000_20221016103558.csv
2022-10-17T17:00:00Z,1.0,335.05,2022-10-17,MarketResult_SEM-DA_PWR-MRC-D+1_20221016100000_20221016103558.csv
2022-10-17T18:00:00Z,1.0,340.43,2022-10-17,MarketResult_SEM-DA_PWR-MRC-D+1_20221016100000_20221016103558.csv
2022-10-17T19:00:00Z,1.0,266.0,2022-10-17,MarketResult_SEM-DA_PWR-MRC-D+1_20221016100000_20221016103558.csv
2022-10-17T20:00:00Z,1.0,231.72,2022-10-17,MarketResult_SEM-DA_PWR-MRC-D+1_20221016100000_20221016103558.csv
2022-10-17T21:00:00Z,1.0,147.44,2022-10-17,MarketResult_SEM-DA_PWR-MRC-D+1_20221016100000_20221016103558.csv
2022-10-17T22:00:00Z,1.0,117.79,2022-10-18,MarketResult_SEM-DA_PWR-MRC-D+1_20221017100000_20221017103907.csv
2022-10-17T23:00:00Z,1.0,110.0,2022-10-18,MarketResult_SEM-DA_PWR-MRC-D+1_20221017100000_20221017103907.csv
2022-10-18T00:00:00Z,1.0,106.48,2022-10-18,MarketResult_SEM-DA_PWR-MRC-D+1_20221017100000_20221017103907.csv
2022-10-18T01:00:00Z,1.0,110.0,2022-10-18,MarketResult_SEM-DA_PWR-MRC-D+1_20221017100000_20221017103907.csv
2022-10-18T02:00:00Z,1.0,107.06,2022-10-18,MarketResult_SEM-DA_PWR-MRC-D+1_20221017100000_20221017103907.csv
2022-10-18T03:00:00Z,1.0,107.46,2022-10-18,MarketResult_SEM-DA_PWR-MRC-D+1_20221017100000_20221017103907.csv
2022-10-18T04:00:00Z,1.0,111.68,2022-10-18,MarketResult_SEM-DA_PWR-MRC-D+1_20221017100000_20221017103907.csv
2022-10-18T05:00:00Z,1.0,129.0,2022-10-18,MarketResult_SEM-DA_PWR-MRC-D+1_20221017100000_20221017103907.csv
2022-10-18T06:00:00Z,1.0,215.0,2022-10-18,MarketResult_SEM-DA_PWR-MRC-D+1_20221017100000_20221017103907.csv
2022-10-18T07:00:00Z,1.0,237.45,2022-10-18,MarketResult_SEM-DA_PWR-MRC-D+1_20221017100000_20221017103907.csv
2022-10-18T08:00:00Z,1.0,208.91,2022-10-18,MarketResult_SEM-DA_PWR-MRC-D+1_20221017100000_20221017103907.csv
2022-10-18T09:00:00Z,1.0,187.0,2022-10-18,MarketResult_SEM-DA_PWR-MRC-D+1_20221017100000_20221017103907.csv
2022-10-18T10:00:00Z,1.0,155.0,2022-10-18,MarketResult_SEM-DA_PWR-MRC-D+1_20221017100000_20221017103907.csv
2022-10-18T11:00:00Z,1.0,140.49,2022-10-18,MarketResult_SEM-DA_PWR-MRC-D+1_20221017100000_20221017103907.csv
2022-10-18T12:00:00Z,1.0,122.04,2022-10-18,MarketResult_SEM-DA_PWR-MRC-D+1_20221017100000_20221017103907.csv
2022-10-18T13:00:00Z,1.0,112.02,2022-10-18,MarketResult_SEM-DA_PWR-MRC-D+1_20221017100000_20221017103907.csv
2022-10-18T14:00:00Z,1.0,110.32,2022-10-18,MarketResult_SEM-DA_PWR-MRC-D+1_20221017100000_20221017103907.csv
2022-10-18T15:00:00Z,1.0,133.67,2022-10-18,MarketResult_SEM-DA_PWR-MRC-D+1_20221017100000_20221017103907.csv
2022-10-18T16:00:00Z,1.0,159.0,2022-10-18,MarketResult_SEM-DA_PWR-MRC-D+1_20221017100000_20221017103907.csv
2022-10-18T17:00:00Z,1.0,159.0,2022-10-18,MarketResult_SEM-DA_PWR-MRC-D+1_20221017100000_20221017103907.csv
2022-10-18T18:00:00Z,1.0,122.02,2022-10-18,MarketResult_SEM-DA_PWR-MRC-D+1_20221017100000_20221017103907.csv
2022-10-18T19:00:00Z,1.0,120.52,2022-10-18,MarketResult_SEM-DA_PWR-MRC-D+1_20221017100000_20221017103907.csv
2022-10-18T20:00:00Z,1.0,104.34,2022-10-18,MarketResult_SEM-DA_PWR-MRC-D+1_20221017100000_20221017103907.csv
2022-10-18T21:00:00Z,1.0,92.75,2022-10-18,MarketResult_SEM-DA_PWR-MRC-D+1_20221017100000_20221017103907.csv
2022-10-18T22:00:00Z,1.0,65.0,2022-10-19,MarketResult_SEM-DA_PWR-MRC-D+1_20221018100000_20221018103426.csv
2022-10-18T23:00:00Z,1.0,47.57,2022-10-19,MarketResult_SEM-DA_PWR-MRC-D+1_20221018100000_20221018103426.csv
2022-10-19T00:00:00Z,1.0,36.66,2022-10-19,MarketResult_SEM-DA_PWR-MRC-D+1_20221018100000_20221018103426.csv
2022-10-19T01:00:00Z,1.0,39.19,2022-10-19,MarketResult_SEM-DA_PWR-MRC-D+1_20221018100000_20221018103426.csv
2022-10-19T02:00:00Z,1.0,39.74,2022-10-19,MarketResult_SEM-DA_PWR-MRC-D+1_20221018100000_20221018103426.csv
2022-10-19T03:00:00Z,1.0,26.83,2022-10-19,MarketResult_SEM-DA_PWR-MRC-D+1_20221018100000_20221018103426.csv
2022-10-19T04:00:00Z,1.0,41.34,2022-10-19,MarketResult_SEM-DA_PWR-MRC-D+1_20221018100000_20221018103426.csv
2022-10-19T05:00:00Z,1.0,62.45,2022-10-19,MarketResult_SEM-DA_PWR-MRC-D+1_20221018100000_20221018103426.csv
2022-10-19T06:00:00Z,1.0,98.0,2022-10-19,MarketResult_SEM-DA_PWR-MRC-D+1_20221018100000_20221018103426.csv
2022-10-19T07:00:00Z,1.0,121.0,2022-10-19,MarketResult_SEM-DA_PWR-MRC-D+1_20221018100000_20221018103426.csv
2022-10-19T08:00:00Z,1.0,120.24,2022-10-19,MarketResult_SEM-DA_PWR-MRC-D+1_20221018100000_20221018103426.csv
2022-10-19T09:00:00Z,1.0,85.0,2022-10-19,MarketResult_SEM-DA_PWR-MRC-D+1_20221018100000_20221018103426.csv
2022-10-19T10:00:00Z,1.0,74.0,2022-10-19,MarketResult_SEM-DA_PWR-MRC-D+1_20221018100000_20221018103426.csv
2022-10-19T11:00:00Z,1.0,65.0,2022-10-19,MarketResult_SEM-DA_PWR-MRC-D+1_20221018100000_20221018103426.csv
2022-10-19T12:00:00Z,1.0,62.0,2022-10-19,MarketResult_SEM-DA_PWR-MRC-D+1_20221018100000_20221018103426.csv
2022-10-19T13:00:00Z,1.0,53.66,2022-10-19,MarketResult_SEM-DA_PWR-MRC-D+1_20221018100000_20221018103426.csv
2022-10-19T14:00:00Z,1.0,50.0,2022-10-19,MarketResult_SEM-DA_PWR-MRC-D+1_20221018100000_20221018103426.csv
2022-10-19T15:00:00Z,1.0,47.68,2022-10-19,MarketResult_SEM-DA_PWR-MRC-D+1_20221018100000_20221018103426.csv
2022-10-19T16:00:00Z,1.0,58.0,2022-10-19,MarketResult_SEM-DA_PWR-MRC-D+1_20221018100000_20221018103426.csv
2022-10-19T17:00:00Z,1.0,76.93,2022-10-19,MarketResult_SEM-DA_PWR-MRC-D+1_20221018100000_20221018103426.csv
2022-10-19T18:00:00Z,1.0,86.37,2022-10-19,MarketResult_SEM-DA_PWR-MRC-D+1_20221018100000_20221018103426.csv
2022-10-19T19:00:00Z,1.0,65.3,2022-10-19,MarketResult_SEM-DA_PWR-MRC-D+1_20221018100000_20221018103426.csv
2022-10-19T20:00:00Z,1.0,62.46,2022-10-19,MarketResult_SEM-DA_PWR-MRC-D+1_20221018100000_20221018103426.csv
2022-10-19T21:00:00Z,1.0,53.3,2022-10-19,MarketResult_SEM-DA_PWR-MRC-D+1_20221018100000_20221018103426.csv
2022-10-19T22:00:00Z,1.0,39.25,2022-10-20,MarketResult_SEM-DA_PWR-MRC-D+1_20221019100000_20221019103424.csv
2022-10-19T23:00:00Z,1.0,40.67,2022-10-20,MarketResult_SEM-DA_PWR-MRC-D+1_20221019100000_20221019103424.csv
2022-10-20T00:00:00Z,1.0,45.92,2022-10-20,MarketResult_SEM-DA_PWR-MRC-D+1_20221019100000_20221019103424.csv
2022-10-20T01:00:00Z,1.0,49.78,2022-10-20,MarketResult_SEM-DA_PWR-MRC-D+1_20221019100000_20221019103424.csv
2022-10-20T02:00:00Z,1.0,54.68,2022-10-20,MarketResult_SEM-DA_PWR-MRC-D+1_20221019100000_20221019103424.csv
2022-10-20T03:00:00Z,1.0,55.0,2022-10-20,MarketResult_SEM-DA_PWR-MRC-D+1_20221019100000_20221019103424.csv
2022-10-20T04:00:00Z,1.0,61.3,2022-10-20,MarketResult_SEM-DA_PWR-MRC-D+1_20221019100000_20221019103424.csv
2022-10-20T05:00:00Z,1.0,67.47,2022-10-20,MarketResult_SEM-DA_PWR-MRC-D+1_20221019100000_20221019103424.csv
2022-10-20T06:00:00Z,1.0,68.0,2022-10-20,MarketResult_SEM-DA_PWR-MRC-D+1_20221019100000_20221019103424.csv
2022-10-20T07:00:00Z,1.0,130.66,2022-10-20,MarketResult_SEM-DA_PWR-MRC-D+1_20221019100000_20221019103424.csv
2022-10-20T08:00:00Z,1.0,123.2,2022-10-20,MarketResult_SEM-DA_PWR-MRC-D+1_20221019100000_20221019103424.csv
2022-10-20T09:00:00Z,1.0,116.0,2022-10-20,MarketResult_SEM-DA_PWR-MRC-D+1_20221019100000_20221019103424.csv
2022-10-20T10:00:00Z,1.0,104.0,2022-10-20,MarketResult_SEM-DA_PWR-MRC-D+1_20221019100000_20221019103424.csv
2022-10-20T11:00:00Z,1.0,95.0,2022-10-20,MarketResult_SEM-DA_PWR-MRC-D+1_20221019100000_20221019103424.csv
2022-10-20T12:00:00Z,1.0,88.41,2022-10-20,MarketResult_SEM-DA_PWR-MRC-D+1_20221019100000_20221019103424.csv
2022-10-20T13:00:00Z,1.0,76.94,2022-10-20,MarketResult_SEM-DA_PWR-MRC-D+1_20221019100000_20221019103424.csv
2022-10-20T14:00:00Z,1.0,78.8,2022-10-20,MarketResult_SEM-DA_PWR-MRC-D+1_20221019100000_20221019103424.csv
2022-10-20T15:00:00Z,1.0,89.32,2022-10-20,MarketResult_SEM-DA_PWR-MRC-D+1_20221019100000_20221019103424.csv
2022-10-20T16:00:00Z,1.0,115.0,2022-10-20,MarketResult_SEM-DA_PWR-MRC-D+1_20221019100000_20221019103424.csv
2022-10-20T17:00:00Z,1.0,104.0,2022-10-20,MarketResult_SEM-DA_PWR-MRC-D+1_20221019100000_20221019103424.csv
2022-10-20T18:00:00Z,1.0,87.74,2022-10-20,MarketResult_SEM-DA_PWR-MRC-D+1_20221019100000_20221019103424.csv
2022-10-20T19:00:00Z,1.0,67.02,2022-10-20,MarketResult_SEM-DA_PWR-MRC-D+1_20221019100000_20221019103424.csv
2022-10-20T20:00:00Z,1.0,66.98,2022-10-20,MarketResult_SEM-DA_PWR-MRC-D+1_20221019100000_20221019103424.csv
2022-10-20T21:00:00Z,1.0,54.02,2022-10-20,MarketResult_SEM-DA_PWR-MRC-D+1_20221019100000_20221019103424.csv
2022-10-20T22:00:00Z,1.0,101.84,2022-10-21,MarketResult_SEM-DA_PWR-MRC-D+1_20221020100000_20221020103749.csv
2022-10-20T23:00:00Z,1.0,80.86,2022-10-21,MarketResult_SEM-DA_PWR-MRC-D+1_20221020100000_20221020103749.csv
2022-10-21T00:00:00Z,1.0,79.85,2022-10-21,MarketResult_SEM-DA_PWR-MRC-D+1_20221020100000_20221020103749.csv
2022-10-21T01:00:00Z,1.0,74.85,2022-10-21,MarketResult_SEM-DA_PWR-MRC-D+1_20221020100000_20221020103749.csv
2022-10-21T02:00:00Z,1.0,70.86,2022-10-21,MarketResult_SEM-DA_PWR-MRC-D+1_20221020100000_20221020103749.csv
2022-10-21T03:00:00Z,1.0,66.0,2022-10-21,MarketResult_SEM-DA_PWR-MRC-D+1_20221020100000_20221020103749.csv
2022-10-21T04:00:00Z,1.0,66.83,2022-10-21,MarketResult_SEM-DA_PWR-MRC-D+1_20221020100000_20221020103749.csv
2022-10-21T05:00:00Z,1.0,80.01,2022-10-21,MarketResult_SEM-DA_PWR-MRC-D+1_20221020100000_20221020103749.csv
2022-10-21T06:00:00Z,1.0,95.32,2022-10-21,MarketResult_SEM-DA_PWR-MRC-D+1_20221020100000_20221020103749.csv
2022-10-21T07:00:00Z,1.0,110.57,2022-10-21,MarketResult_SEM-DA_PWR-MRC-D+1_20221020100000_20221020103749.csv
2022-10-21T08:00:00Z,1.0,117.09,2022-10-21,MarketResult_SEM-DA_PWR-MRC-D+1_20221020100000_20221020103749.csv
2022-10-21T09:00:00Z,1.0,112.15,2022-10-21,MarketResult_SEM-DA_PWR-MRC-D+1_20221020100000_20221020103749.csv
2022-10-21T10:00:00Z,1.0,107.05,2022-10-21,MarketResult_SEM-DA_PWR-MRC-D+1_20221020100000_20221020103749.csv
2022-10-21T11:00:00Z,1.0,109.4,2022-10-21,MarketResult_SEM-DA_PWR-MRC-D+1_20221020100000_20221020103749.csv
2022-10-21T12:00:00Z,1.0,88.26,2022-10-21,MarketResult_SEM-DA_PWR-MRC-D+1_20221020100000_20221020103749.csv
2022-10-21T13:00:00Z,1.0,84.0,2022-10-21,MarketResult_SEM-DA_PWR-MRC-D+1_20221020100000_20221020103749.csv
2022-10-21T14:00:00Z,1.0,82.0,2022-10-21,MarketResult_SEM-DA_PWR-MRC-D+1_20221020100000_20221020103749.csv
2022-10-21T15:00:00Z,1.0,88.77,2022-10-21,MarketResult_SEM-DA_PWR-MRC-D+1_20221020100000_20221020103749.csv
2022-10-21T16:00:00Z,1.0,118.91,2022-10-21,MarketResult_SEM-DA_PWR-MRC-D+1_20221020100000_20221020103749.csv
2022-10-21T17:00:00Z,1.0,142.74,2022-10-21,MarketResult_SEM-DA_PWR-MRC-D+1_20221020100000_20221020103749.csv
2022-10-21T18:00:00Z,1.0,134.0,2022-10-21,MarketResult_SEM-DA_PWR-MRC-D+1_20221020100000_20221020103749.csv
2022-10-21T19:00:00Z,1.0,103.33,2022-10-21,MarketResult_SEM-DA_PWR-MRC-D+1_20221020100000_20221020103749.csv
2022-10-21T20:00:00Z,1.0,100.02,2022-10-21,MarketResult_SEM-DA_PWR-MRC-D+1_20221020100000_20221020103749.csv
2022-10-21T21:00:00Z,1.0,85.98,2022-10-21,MarketResult_SEM-DA_PWR-MRC-D+1_20221020100000_20221020103749.csv
2022-10-21T22:00:00Z,1.0,121.97,2022-10-22,MarketResult_SEM-DA_PWR-MRC-D+1_20221021100000_20221021103535.csv
2022-10-21T23:00:00Z,1.0,103.5,2022-10-22,MarketResult_SEM-DA_PWR-MRC-D+1_20221021100000_20221021103535.csv
2022-10-22T00:00:00Z,1.0,95.0,2022-10-22,MarketResult_SEM-DA_PWR-MRC-D+1_20221021100000_20221021103535.csv
2022-10-22T01:00:00Z,1.0,93.4,2022-10-22,MarketResult_SEM-DA_PWR-MRC-D+1_20221021100000_20221021103535.csv
2022-10-22T02:00:00Z,1.0,90.02,2022-10-22,MarketResult_SEM-DA_PWR-MRC-D+1_20221021100000_20221021103535.csv
2022-10-22T03:00:00Z,1.0,90.02,2022-10-22,MarketResult_SEM-DA_PWR-MRC-D+1_20221021100000_20221021103535.csv
2022-10-22T04:00:00Z,1.0,94.21,2022-10-22,MarketResult_SEM-DA_PWR-MRC-D+1_20221021100000_20221021103535.csv
2022-10-22T05:00:00Z,1.0,97.41,2022-10-22,MarketResult_SEM-DA_PWR-MRC-D+1_20221021100000_20221021103535.csv
2022-10-22T06:00:00Z,1.0,92.56,2022-10-22,MarketResult_SEM-DA_PWR-MRC-D+1_20221021100000_20221021103535.csv
2022-10-22T07:00:00Z,1.0,95.63,2022-10-22,MarketResult_SEM-DA_PWR-MRC-D+1_20221021100000_20221021103535.csv
2022-10-22T08:00:00Z,1.0,112.45,2022-10-22,MarketResult_SEM-DA_PWR-MRC-D+1_20221021100000_20221021103535.csv
2022-10-22T09:00:00Z,1.0,107.64,2022-10-22,MarketResult_SEM-DA_PWR-MRC-D+1_20221021100000_20221021103535.csv
2022-10-22T10:00:00Z,1.0,98.41,2022-10-22,MarketResult_SEM-DA_PWR-MRC-D+1_20221021100000_20221021103535.csv
2022-10-22T11:00:00Z,1.0,91.89,2022-10-22,MarketResult_SEM-DA_PWR-MRC-D+1_20221021100000_20221021103535.csv
2022-10-22T12:00:00Z,1.0,90.94,2022-10-22,MarketResult_SEM-DA_PWR-MRC-D+1_20221021100000_20221021103535.csv
2022-10-22T13:00:00Z,1.0,93.04,2022-10-22,MarketResult_SEM-DA_PWR-MRC-D+1_20221021100000_20221021103535.csv
2022-10-22T14:00:00Z,1.0,106.0,2022-10-22,MarketResult_SEM-DA_PWR-MRC-D+1_20221021100000_20221021103535.csv
2022-10-22T15:00:00Z,1.0,135.94,2022-10-22,MarketResult_SEM-DA_PWR-MRC-D+1_20221021100000_20221021103535.csv
2022-10-22T16:00:00Z,1.0,184.04,2022-10-22,MarketResult_SEM-DA_PWR-MRC-D+1_20221021100000_20221021103535.csv
2022-10-22T17:00:00Z,1.0,198.34,2022-10-22,MarketResult_SEM-DA_PWR-MRC-D+1_20221021100000_20221021103535.csv
2022-10-22T18:00:00Z,1.0,188.69,2022-10-22,MarketResult_SEM-DA_PWR-MRC-D+1_20221021100000_20221021103535.csv
2022-10-22T19:00:00Z,1.0,145.08,2022-10-22,MarketResult_SEM-DA_PWR-MRC-D+1_20221021100000_20221021103535.csv
2022-10-22T20:00:00Z,1.0,131.15,2022-10-22,MarketResult_SEM-DA_PWR-MRC-D+1_20221021100000_20221021103535.csv
2022-10-22T21:00:00Z,1.0,110.0,2022-10-22,MarketResult_SEM-DA_PWR-MRC-D+1_20221021100000_20221021103535.csv
2022-10-22T22:00:00Z,1.0,130.46,2022-10-23,MarketResult_SEM-DA_PWR-MRC-D+1_20221022100000_20221022103455.csv
2022-10-22T23:00:00Z,1.0,121.0,2022-10-23,MarketResult_SEM-DA_PWR-MRC-D+1_20221022100000_20221022103455.csv
2022-10-23T00:00:00Z,1.0,118.0,2022-10-23,MarketResult_SEM-DA_PWR-MRC-D+1_20221022100000_20221022103455.csv
2022-10-23T01:00:00Z,1.0,109.79,2022-10-23,MarketResult_SEM-DA_PWR-MRC-D+1_20221022100000_20221022103455.csv
2022-10-23T02:00:00Z,1.0,100.37,2022-10-23,MarketResult_SEM-DA_PWR-MRC-D+1_20221022100000_20221022103455.csv
2022-10-23T03:00:00Z,1.0,99.0,2022-10-23,MarketResult_SEM-DA_PWR-MRC-D+1_20221022100000_20221022103455.csv
2022-10-23T04:00:00Z,1.0,100.0,2022-10-23,MarketResult_SEM-DA_PWR-MRC-D+1_20221022100000_20221022103455.csv
2022-10-23T05:00:00Z,1.0,96.51,2022-10-23,MarketResult_SEM-DA_PWR-MRC-D+1_20221022100000_20221022103455.csv
2022-10-23T06:00:00Z,1.0,95.48,2022-10-23,MarketResult_SEM-DA_PWR-MRC-D+1_20221022100000_20221022103455.csv
2022-10-23T07:00:00Z,1.0,92.47,2022-10-23,MarketResult_SEM-DA_PWR-MRC-D+1_20221022100000_20221022103455.csv
2022-10-23T08:00:00Z,1.0,102.11,2022-10-23,MarketResult_SEM-DA_PWR-MRC-D+1_20221022100000_20221022103455.csv
2022-10-23T09:00:00Z,1.0,103.22,2022-10-23,MarketResult_SEM-DA_PWR-MRC-D+1_20221022100000_20221022103455.csv
2022-10-23T10:00:00Z,1.0,100.4,2022-10-23,MarketResult_SEM-DA_PWR-MRC-D+1_20221022100000_20221022103455.csv
2022-10-23T11:00:00Z,1.0,103.47,2022-10-23,MarketResult_SEM-DA_PWR-MRC-D+1_20221022100000_20221022103455.csv
2022-10-23T12:00:00Z,1.0,112.39,2022-10-23,MarketResult_SEM-DA_PWR-MRC-D+1_20221022100000_20221022103455.csv
2022-10-23T13:00:00Z,1.0,112.39,2022-10-23,MarketResult_SEM-DA_PWR-MRC-D+1_20221022100000_20221022103455.csv
2022-10-23T14:00:00Z,1.0,120.31,2022-10-23,MarketResult_SEM-DA_PWR-MRC-D+1_20221022100000_20221022103455.csv
2022-10-23T15:00:00Z,1.0,142.75,2022-10-23,MarketResult_SEM-DA_PWR-MRC-D+1_20221022100000_20221022103455.csv
2022-10-23T16:00:00Z,1.0,179.0,2022-10-23,MarketResult_SEM-DA_PWR-MRC-D+1_20221022100000_20221022103455.csv
2022-10-23T17:00:00Z,1.0,200.01,2022-10-23,MarketResult_SEM-DA_PWR-MRC-D+1_20221022100000_20221022103455.csv
2022-10-23T18:00:00Z,1.0,266.69,2022-10-23,MarketResult_SEM-DA_PWR-MRC-D+1_20221022100000_20221022103455.csv
2022-10-23T19:00:00Z,1.0,201.02,2022-10-23,MarketResult_SEM-DA_PWR-MRC-D+1_20221022100000_20221022103455.csv
2022-10-23T20:00:00Z,1.0,161.54,2022-10-23,MarketResult_SEM-DA_PWR-MRC-D+1_20221022100000_20221022103455.csv
2022-10-23T21:00:00Z,1.0,119.0,2022-10-23,MarketResult_SEM-DA_PWR-MRC-D+1_20221022100000_20221022103455.csv
2022-10-23T22:00:00Z,1.0,85.34,2022-10-24,MarketResult_SEM-DA_PWR-MRC-D+1_20221023100000_20221023103503.csv
2022-10-23T23:00:00Z,1.0,107.86,2022-10-24,MarketResult_SEM-DA_PWR-MRC-D+1_20221023100000_20221023103503.csv
2022-10-24T00:00:00Z,1.0,83.05,2022-10-24,MarketResult_SEM-DA_PWR-MRC-D+1_20221023100000_20221023103503.csv
2022-10-24T01:00:00Z,1.0,82.48,2022-10-24,MarketResult_SEM-DA_PWR-MRC-D+1_20221023100000_20221023103503.csv
2022-10-24T02:00:00Z,1.0,75.79,2022-10-24,MarketResult_SEM-DA_PWR-MRC-D+1_20221023100000_20221023103503.csv
2022-10-24T03:00:00Z,1.0,77.13,2022-10-24,MarketResult_SEM-DA_PWR-MRC-D+1_20221023100000_20221023103503.csv
2022-10-24T04:00:00Z,1.0,94.13,2022-10-24,MarketResult_SEM-DA_PWR-MRC-D+1_20221023100000_20221023103503.csv
2022-10-24T05:00:00Z,1.0,122.76,2022-10-24,MarketResult_SEM-DA_PWR-MRC-D+1_20221023100000_20221023103503.csv
2022-10-24T06:00:00Z,1.0,132.0,2022-10-24,MarketResult_SEM-DA_PWR-MRC-D+1_20221023100000_20221023103503.csv
2022-10-24T07:00:00Z,1.0,161.92,2022-10-24,MarketResult_SEM-DA_PWR-MRC-D+1_20221023100000_20221023103503.csv
2022-10-24T08:00:00Z,1.0,149.95,2022-10-24,MarketResult_SEM-DA_PWR-MRC-D+1_20221023100000_20221023103503.csv
2022-10-24T09:00:00Z,1.0,127.74,2022-10-24,MarketResult_SEM-DA_PWR-MRC-D+1_20221023100000_20221023103503.csv
2022-10-24T10:00:00Z,1.0,101.52,2022-10-24,MarketResult_SEM-DA_PWR-MRC-D+1_20221023100000_20221023103503.csv
2022-10-24T11:00:00Z,1.0,85.0,2022-10-24,MarketResult_SEM-DA_PWR-MRC-D+1_20221023100000_20221023103503.csv
2022-10-24T12:00:00Z,1.0,74.42,2022-10-24,MarketResult_SEM-DA_PWR-MRC-D+1_20221023100000_20221023103503.csv
2022-10-24T13:00:00Z,1.0,70.31,2022-10-24,MarketResult_SEM-DA_PWR-MRC-D+1_20221023100000_20221023103503.csv
2022-10-24T14:00:00Z,1.0,70.31,2022-10-24,MarketResult_SEM-DA_PWR-MRC-D+1_20221023100000_20221023103503.csv
2022-10-24T15:00:00Z,1.0,91.11,2022-10-24,MarketResult_SEM-DA_PWR-MRC-D+1_20221023100000_20221023103503.csv
2022-10-24T16:00:00Z,1.0,122.0,2022-10-24,MarketResult_SEM-DA_PWR-MRC-D+1_20221023100000_20221023103503.csv
2022-10-24T17:00:00Z,1.0,145.0,2022-10-24,MarketResult_SEM-DA_PWR-MRC-D+1_20221023100000_20221023103503.csv
2022-10-24T18:00:00Z,1.0,146.0,2022-10-24,MarketResult_SEM-DA_PWR-MRC-D+1_20221023100000_20221023103503.csv
2022-10-24T19:00:00Z,1.0,115.0,2022-10-24,MarketResult_SEM-DA_PWR-MRC-D+1_20221023100000_20221023103503.csv
2022-10-24T20:00:00Z,1.0,90.15,2022-10-24,MarketResult_SEM-DA_PWR-MRC-D+1_20221023100000_20221023103503.csv
2022-10-24T21:00:00Z,1.0,76.54,2022-10-24,MarketResult_SEM-DA_PWR-MRC-D+1_20221023100000_20221023103503.csv
2022-10-24T22:00:00Z,1.0,71.4,2022-10-25,MarketResult_SEM-DA_PWR-MRC-D+1_20221024100000_20221024103536.csv
2022-10-24T23:00:00Z,1.0,71.4,2022-10-25,MarketResult_SEM-DA_PWR-MRC-D+1_20221024100000_20221024103536.csv
2022-10-25T00:00:00Z,1.0,66.53,2022-10-25,MarketResult_SEM-DA_PWR-MRC-D+1_20221024100000_20221024103536.csv
2022-10-25T01:00:00Z,1.0,67.72,2022-10-25,MarketResult_SEM-DA_PWR-MRC-D+1_20221024100000_20221024103536.csv
2022-10-25T02:00:00Z,1.0,65.12,2022-10-25,MarketResult_SEM-DA_PWR-MRC-D+1_20221024100000_20221024103536.csv
2022-10-25T03:00:00Z,1.0,71.4,2022-10-25,MarketResult_SEM-DA_PWR-MRC-D+1_20221024100000_20221024103536.csv
2022-10-25T04:00:00Z,1.0,76.0,2022-10-25,MarketResult_SEM-DA_PWR-MRC-D+1_20221024100000_20221024103536.csv
2022-10-25T05:00:00Z,1.0,75.49,2022-10-25,MarketResult_SEM-DA_PWR-MRC-D+1_20221024100000_20221024103536.csv
2022-10-25T06:00:00Z,1.0,105.0,2022-10-25,MarketResult_SEM-DA_PWR-MRC-D+1_20221024100000_20221024103536.csv
2022-10-25T07:00:00Z,1.0,119.31,2022-10-25,MarketResult_SEM-DA_PWR-MRC-D+1_20221024100000_20221024103536.csv
2022-10-25T08:00:00Z,1.0,118.81,2022-10-25,MarketResult_SEM-DA_PWR-MRC-D+1_20221024100000_20221024103536.csv
2022-10-25T09:00:00Z,1.0,98.3,2022-10-25,MarketResult_SEM-DA_PWR-MRC-D+1_20221024100000_20221024103536.csv
2022-10-25T10:00:00Z,1.0,87.28,2022-10-25,MarketResult_SEM-DA_PWR-MRC-D+1_20221024100000_20221024103536.csv
2022-10-25T11:00:00Z,1.0,72.3,2022-10-25,MarketResult_SEM-DA_PWR-MRC-D+1_20221024100000_20221024103536.csv
2022-10-25T12:00:00Z,1.0,68.91,2022-10-25,MarketResult_SEM-DA_PWR-MRC-D+1_20221024100000_20221024103536.csv
2022-10-25T13:00:00Z,1.0,68.88,2022-10-25,MarketResult_SEM-DA_PWR-MRC-D+1_20221024100000_20221024103536.csv
2022-10-25T14:00:00Z,1.0,76.58,2022-10-25,MarketResult_SEM-DA_PWR-MRC-D+1_20221024100000_20221024103536.csv
2022-10-25T15:00:00Z,1.0,93.81,2022-10-25,MarketResult_SEM-DA_PWR-MRC-D+1_20221024100000_20221024103536.csv
2022-10-25T16:00:00Z,1.0,112.0,2022-10-25,MarketResult_SEM-DA_PWR-MRC-D+1_20221024100000_20221024103536.csv
2022-10-25T17:00:00Z,1.0,116.76,2022-10-25,MarketResult_SEM-DA_PWR-MRC-D+1_20221024100000_20221024103536.csv
2022-10-25T18:00:00Z,1.0,89.0,2022-10-25,MarketResult_SEM-DA_PWR-MRC-D+1_20221024100000_20221024103536.csv
2022-10-25T19:00:00Z,1.0,76.21,2022-10-25,MarketResult_SEM-DA_PWR-MRC-D+1_20221024100000_20221024103536.csv
2022-10-25T20:00:00Z,1.0,74.0,2022-10-25,MarketResult_SEM-DA_PWR-MRC-D+1_20221024100000_20221024103536.csv
2022-10-25T21:00:00Z,1.0,64.44,2022-10-25,MarketResult_SEM-DA_PWR-MRC-D+1_20221024100000_20221024103536.csv
2022-10-25T22:00:00Z,1.0,56.24,2022-10-26,MarketResult_SEM-DA_PWR-MRC-D+1_20221025100000_20221025103448.csv
2022-10-25T23:00:00Z,1.0,46.38,2022-10-26,MarketResult_SEM-DA_PWR-MRC-D+1_20221025100000_20221025103448.csv
2022-10-26T00:00:00Z,1.0,44.91,2022-10-26,MarketResult_SEM-DA_PWR-MRC-D+1_20221025100000_20221025103448.csv
2022-10-26T01:00:00Z,1.0,35.0,2022-10-26,MarketResult_SEM-DA_PWR-MRC-D+1_20221025100000_20221025103448.csv
2022-10-26T02:00:00Z,1.0,12.72,2022-10-26,MarketResult_SEM-DA_PWR-MRC-D+1_20221025100000_20221025103448.csv
2022-10-26T03:00:00Z,1.0,5.0,2022-10-26,MarketResult_SEM-DA_PWR-MRC-D+1_20221025100000_20221025103448.csv
2022-10-26T04:00:00Z,1.0,14.3,2022-10-26,MarketResult_SEM-DA_PWR-MRC-D+1_20221025100000_20221025103448.csv
2022-10-26T05:00:00Z,1.0,40.0,2022-10-26,MarketResult_SEM-DA_PWR-MRC-D+1_20221025100000_20221025103448.csv
2022-10-26T06:00:00Z,1.0,58.2,2022-10-26,MarketResult_SEM-DA_PWR-MRC-D+1_20221025100000_20221025103448.csv
2022-10-26T07:00:00Z,1.0,93.12,2022-10-26,MarketResult_SEM-DA_PWR-MRC-D+1_20221025100000_20221025103448.csv
2022-10-26T08:00:00Z,1.0,89.73,2022-10-26,MarketResult_SEM-DA_PWR-MRC-D+1_20221025100000_20221025103448.csv
2022-10-26T09:00:00Z,1.0,70.0,2022-10-26,MarketResult_SEM-DA_PWR-MRC-D+1_20221025100000_20221025103448.csv
2022-10-26T10:00:00Z,1.0,61.0,2022-10-26,MarketResult_SEM-DA_PWR-MRC-D+1_20221025100000_20221025103448.csv
2022-10-26T11:00:00Z,1.0,59.27,2022-10-26,MarketResult_SEM-DA_PWR-MRC-D+1_20221025100000_20221025103448.csv
2022-10-26T12:00:00Z,1.0,47.0,2022-10-26,MarketResult_SEM-DA_PWR-MRC-D+1_20221025100000_20221025103448.csv
2022-10-26T13:00:00Z,1.0,46.38,2022-10-26,MarketResult_SEM-DA_PWR-MRC-D+1_20221025100000_20221025103448.csv
2022-10-26T14:00:00Z,1.0,58.15,2022-10-26,MarketResult_SEM-DA_PWR-MRC-D+1_20221025100000_20221025103448.csv
2022-10-26T15:00:00Z,1.0,55.0,2022-10-26,MarketResult_SEM-DA_PWR-MRC-D+1_20221025100000_20221025103448.csv
2022-10-26T16:00:00Z,1.0,69.0,2022-10-26,MarketResult_SEM-DA_PWR-MRC-D+1_20221025100000_20221025103448.csv
2022-10-26T17:00:00Z,1.0,102.65,2022-10-26,MarketResult_SEM-DA_PWR-MRC-D+1_20221025100000_20221025103448.csv
2022-10-26T18:00:00Z,1.0,97.23,2022-10-26,MarketResult_SEM-DA_PWR-MRC-D+1_20221025100000_20221025103448.csv
2022-10-26T19:00:00Z,1.0,75.0,2022-10-26,MarketResult_SEM-DA_PWR-MRC-D+1_20221025100000_20221025103448.csv
2022-10-26T20:00:00Z,1.0,69.9,2022-10-26,MarketResult_SEM-DA_PWR-MRC-D+1_20221025100000_20221025103448.csv
2022-10-26T21:00:00Z,1.0,63.08,2022-10-26,MarketResult_SEM-DA_PWR-MRC-D+1_20221025100000_20221025103448.csv
2022-10-26T22:00:00Z,1.0,61.19,2022-10-27,MarketResult_SEM-DA_PWR-MRC-D+1_20221026100000_20221026104125.csv
2022-10-26T23:00:00Z,1.0,57.85,2022-10-27,MarketResult_SEM-DA_PWR-MRC-D+1_20221026100000_20221026104125.csv
2022-10-27T00:00:00Z,1.0,64.67,2022-10-27,MarketResult_SEM-DA_PWR-MRC-D+1_20221026100000_20221026104125.csv
2022-10-27T01:00:00Z,1.0,64.67,2022-10-27,MarketResult_SEM-DA_PWR-MRC-D+1_20221026100000_20221026104125.csv
2022-10-27T02:00:00Z,1.0,64.87,2022-10-27,MarketResult_SEM-DA_PWR-MRC-D+1_20221026100000_20221026104125.csv
2022-10-27T03:00:00Z,1.0,64.87,2022-10-27,MarketResult_SEM-DA_PWR-MRC-D+1_20221026100000_20221026104125.csv
2022-10-27T04:00:00Z,1.0,57.69,2022-10-27,MarketResult_SEM-DA_PWR-MRC-D+1_20221026100000_20221026104125.csv
2022-10-27T05:00:00Z,1.0,67.68,2022-10-27,MarketResult_SEM-DA_PWR-MRC-D+1_20221026100000_20221026104125.csv
2022-10-27T06:00:00Z,1.0,73.6,2022-10-27,MarketResult_SEM-DA_PWR-MRC-D+1_20221026100000_20221026104125.csv
2022-10-27T07:00:00Z,1.0,103.55,2022-10-27,MarketResult_SEM-DA_PWR-MRC-D+1_20221026100000_20221026104125.csv
2022-10-27T08:00:00Z,1.0,100.52,2022-10-27,MarketResult_SEM-DA_PWR-MRC-D+1_20221026100000_20221026104125.csv
2022-10-27T09:00:00Z,1.0,86.3,2022-10-27,MarketResult_SEM-DA_PWR-MRC-D+1_20221026100000_20221026104125.csv
2022-10-27T10:00:00Z,1.0,81.79,2022-10-27,MarketResult_SEM-DA_PWR-MRC-D+1_20221026100000_20221026104125.csv
2022-10-27T11:00:00Z,1.0,81.7,2022-10-27,MarketResult_SEM-DA_PWR-MRC-D+1_20221026100000_20221026104125.csv
2022-10-27T12:00:00Z,1.0,78.83,2022-10-27,MarketResult_SEM-DA_PWR-MRC-D+1_20221026100000_20221026104125.csv
2022-10-27T13:00:00Z,1.0,75.9,2022-10-27,MarketResult_SEM-DA_PWR-MRC-D+1_20221026100000_20221026104125.csv
2022-10-27T14:00:00Z,1.0,79.25,2022-10-27,MarketResult_SEM-DA_PWR-MRC-D+1_20221026100000_20221026104125.csv
2022-10-27T15:00:00Z,1.0,98.51,2022-10-27,MarketResult_SEM-DA_PWR-MRC-D+1_20221026100000_20221026104125.csv
2022-10-27T16:00:00Z,1.0,109.0,2022-10-27,MarketResult_SEM-DA_PWR-MRC-D+1_20221026100000_20221026104125.csv
2022-10-27T17:00:00Z,1.0,115.53,2022-10-27,MarketResult_SEM-DA_PWR-MRC-D+1_20221026100000_20221026104125.csv
2022-10-27T18:00:00Z,1.0,98.5,2022-10-27,MarketResult_SEM-DA_PWR-MRC-D+1_20221026100000_20221026104125.csv
2022-10-27T19:00:00Z,1.0,71.85,2022-10-27,MarketResult_SEM-DA_PWR-MRC-D+1_20221026100000_20221026104125.csv
2022-10-27T20:00:00Z,1.0,70.0,2022-10-27,MarketResult_SEM-DA_PWR-MRC-D+1_20221026100000_20221026104125.csv
2022-10-27T21:00:00Z,1.0,67.65,2022-10-27,MarketResult_SEM-DA_PWR-MRC-D+1_20221026100000_20221026104125.csv
2022-10-27T22:00:00Z,1.0,76.62,2022-10-28,MarketResult_SEM-DA_PWR-MRC-D+1_20221027100000_20221027103409.csv
2022-10-27T23:00:00Z,1.0,82.96,2022-10-28,MarketResult_SEM-DA_PWR-MRC-D+1_20221027100000_20221027103409.csv
2022-10-28T00:00:00Z,1.0,89.0,2022-10-28,MarketResult_SEM-DA_PWR-MRC-D+1_20221027100000_20221027103409.csv
2022-10-28T01:00:00Z,1.0,90.58,2022-10-28,MarketResult_SEM-DA_PWR-MRC-D+1_20221027100000_20221027103409.csv
2022-10-28T02:00:00Z,1.0,89.82,2022-10-28,MarketResult_SEM-DA_PWR-MRC-D+1_20221027100000_20221027103409.csv
2022-10-28T03:00:00Z,1.0,89.82,2022-10-28,MarketResult_SEM-DA_PWR-MRC-D+1_20221027100000_20221027103409.csv
2022-10-28T04:00:00Z,1.0,85.87,2022-10-28,MarketResult_SEM-DA_PWR-MRC-D+1_20221027100000_20221027103409.csv
2022-10-28T05:00:00Z,1.0,85.1,2022-10-28,MarketResult_SEM-DA_PWR-MRC-D+1_20221027100000_20221027103409.csv
2022-10-28T06:00:00Z,1.0,101.5,2022-10-28,MarketResult_SEM-DA_PWR-MRC-D+1_20221027100000_20221027103409.csv
2022-10-28T07:00:00Z,1.0,124.0,2022-10-28,MarketResult_SEM-DA_PWR-MRC-D+1_20221027100000_20221027103409.csv
2022-10-28T08:00:00Z,1.0,103.91,2022-10-28,MarketResult_SEM-DA_PWR-MRC-D+1_20221027100000_20221027103409.csv
2022-10-28T09:00:00Z,1.0,83.96,2022-10-28,MarketResult_SEM-DA_PWR-MRC-D+1_20221027100000_20221027103409.csv
2022-10-28T10:00:00Z,1.0,75.0,2022-10-28,MarketResult_SEM-DA_PWR-MRC-D+1_20221027100000_20221027103409.csv
2022-10-28T11:00:00Z,1.0,66.99,2022-10-28,MarketResult_SEM-DA_PWR-MRC-D+1_20221027100000_20221027103409.csv
2022-10-28T12:00:00Z,1.0,62.31,2022-10-28,MarketResult_SEM-DA_PWR-MRC-D+1_20221027100000_20221027103409.csv
2022-10-28T13:00:00Z,1.0,63.06,2022-10-28,MarketResult_SEM-DA_PWR-MRC-D+1_20221027100000_20221027103409.csv
2022-10-28T14:00:00Z,1.0,66.52,2022-10-28,MarketResult_SEM-DA_PWR-MRC-D+1_20221027100000_20221027103409.csv
2022-10-28T15:00:00Z,1.0,70.0,2022-10-28,MarketResult_SEM-DA_PWR-MRC-D+1_20221027100000_20221027103409.csv
2022-10-28T16:00:00Z,1.0,86.17,2022-10-28,MarketResult_SEM-DA_PWR-MRC-D+1_20221027100000_20221027103409.csv
2022-10-28T17:00:00Z,1.0,114.0,2022-10-28,MarketResult_SEM-DA_PWR-MRC-D+1_20221027100000_20221027103409.csv
2022-10-28T18:00:00Z,1.0,104.42,2022-10-28,MarketResult_SEM-DA_PWR-MRC-D+1_20221027100000_20221027103409.csv
2022-10-28T19:00:00Z,1.0,87.25,2022-10-28,MarketResult_SEM-DA_PWR-MRC-D+1_20221027100000_20221027103409.csv
2022-10-28T20:00:00Z,1.0,78.8,2022-10-28,MarketResult_SEM-DA_PWR-MRC-D+1_20221027100000_20221027103409.csv
2022-10-28T21:00:00Z,1.0,75.67,2022-10-28,MarketResult_SEM-DA_PWR-MRC-D+1_20221027100000_20221027103409.csv
2022-10-28T22:00:00Z,1.0,80.68,2022-10-29,MarketResult_SEM-DA_PWR-MRC-D+1_20221028100000_20221028103748.csv
2022-10-28T23:00:00Z,1.0,82.6,2022-10-29,MarketResult_SEM-DA_PWR-MRC-D+1_20221028100000_20221028103748.csv
2022-10-29T00:00:00Z,1.0,90.0,2022-10-29,MarketResult_SEM-DA_PWR-MRC-D+1_20221028100000_20221028103748.csv
2022-10-29T01:00:00Z,1.0,93.27,2022-10-29,MarketResult_SEM-DA_PWR-MRC-D+1_20221028100000_20221028103748.csv
2022-10-29T02:00:00Z,1.0,94.0,2022-10-29,MarketResult_SEM-DA_PWR-MRC-D+1_20221028100000_20221028103748.csv
2022-10-29T03:00:00Z,1.0,93.0,2022-10-29,MarketResult_SEM-DA_PWR-MRC-D+1_20221028100000_20221028103748.csv
2022-10-29T04:00:00Z,1.0,89.26,2022-10-29,MarketResult_SEM-DA_PWR-MRC-D+1_20221028100000_20221028103748.csv
2022-10-29T05:00:00Z,1.0,88.65,2022-10-29,MarketResult_SEM-DA_PWR-MRC-D+1_20221028100000_20221028103748.csv
2022-10-29T06:00:00Z,1.0,88.1,2022-10-29,MarketResult_SEM-DA_PWR-MRC-D+1_20221028100000_20221028103748.csv
2022-10-29T07:00:00Z,1.0,99.0,2022-10-29,MarketResult_SEM-DA_PWR-MRC-D+1_20221028100000_20221028103748.csv
2022-10-29T08:00:00Z,1.0,102.71,2022-10-29,MarketResult_SEM-DA_PWR-MRC-D+1_20221028100000_20221028103748.csv
2022-10-29T09:00:00Z,1.0,91.79,2022-10-29,MarketResult_SEM-DA_PWR-MRC-D+1_20221028100000_20221028103748.csv
2022-10-29T10:00:00Z,1.0,85.0,2022-10-29,MarketResult_SEM-DA_PWR-MRC-D+1_20221028100000_20221028103748.csv
2022-10-29T11:00:00Z,1.0,75.0,2022-10-29,MarketResult_SEM-DA_PWR-MRC-D+1_20221028100000_20221028103748.csv
2022-10-29T12:00:00Z,1.0,68.44,2022-10-29,MarketResult_SEM-DA_PWR-MRC-D+1_20221028100000_20221028103748.csv
2022-10-29T13:00:00Z,1.0,66.9,2022-10-29,MarketResult_SEM-DA_PWR-MRC-D+1_20221028100000_20221028103748.csv
2022-10-29T14:00:00Z,1.0,66.9,2022-10-29,MarketResult_SEM-DA_PWR-MRC-D+1_20221028100000_20221028103748.csv
2022-10-29T15:00:00Z,1.0,68.44,2022-10-29,MarketResult_SEM-DA_PWR-MRC-D+1_20221028100000_20221028103748.csv
2022-10-29T16:00:00Z,1.0,88.77,2022-10-29,MarketResult_SEM-DA_PWR-MRC-D+1_20221028100000_20221028103748.csv
2022-10-29T17:00:00Z,1.0,95.0,2022-10-29,MarketResult_SEM-DA_PWR-MRC-D+1_20221028100000_20221028103748.csv
2022-10-29T18:00:00Z,1.0,88.72,2022-10-29,MarketResult_SEM-DA_PWR-MRC-D+1_20221028100000_20221028103748.csv
2022-10-29T19:00:00Z,1.0,82.4,2022-10-29,MarketResult_SEM-DA_PWR-MRC-D+1_20221028100000_20221028103748.csv
2022-10-29T20:00:00Z,1.0,80.59,2022-10-29,MarketResult_SEM-DA_PWR-MRC-D+1_20221028100000_20221028103748.csv
2022-10-29T21:00:00Z,1.0,80.0,2022-10-29,MarketResult_SEM-DA_PWR-MRC-D+1_20221028100000_20221028103748.csv
2022-10-29T22:00:00Z,1.0,15.0,2022-10-30,MarketResult_SEM-DA_PWR-MRC-D+1_20221029100000_20221029103810.csv
2022-10-29T23:00:00Z,1.0,1.0,2022-10-30,MarketResult_SEM-DA_PWR-MRC-D+1_20221029100000_20221029103810.csv
2022-10-30T00:00:00Z,1.0,0.0,2022-10-30,MarketResult_SEM-DA_PWR-MRC-D+1_20221029100000_20221029103810.csv
2022-10-30T01:00:00Z,1.0,0.0,2022-10-30,MarketResult_SEM-DA_PWR-MRC-D+1_20221029100000_20221029103810.csv
2022-10-30T02:00:00Z,1.0,0.0,2022-10-30,MarketResult_SEM-DA_PWR-MRC-D+1_20221029100000_20221029103810.csv
2022-10-30T03:00:00Z,1.0,1.0,2022-10-30,MarketResult_SEM-DA_PWR-MRC-D+1_20221029100000_20221029103810.csv
2022-10-30T04:00:00Z,1.0,5.38,2022-10-30,MarketResult_SEM-DA_PWR-MRC-D+1_20221029100000_20221029103810.csv
2022-10-30T05:00:00Z,1.0,13.84,2022-10-30,MarketResult_SEM-DA_PWR-MRC-D+1_20221029100000_20221029103810.csv
2022-10-30T06:00:00Z,1.0,51.11,2022-10-30,MarketResult_SEM-DA_PWR-MRC-D+1_20221029100000_20221029103810.csv
2022-10-30T07:00:00Z,1.0,73.2,2022-10-30,MarketResult_SEM-DA_PWR-MRC-D+1_20221029100000_20221029103810.csv
2022-10-30T08:00:00Z,1.0,82.73,2022-10-30,MarketResult_SEM-DA_PWR-MRC-D+1_20221029100000_20221029103810.csv
2022-10-30T09:00:00Z,1.0,85.0,2022-10-30,MarketResult_SEM-DA_PWR-MRC-D+1_20221029100000_20221029103810.csv
2022-10-30T10:00:00Z,1.0,85.0,2022-10-30,MarketResult_SEM-DA_PWR-MRC-D+1_20221029100000_20221029103810.csv
2022-10-30T11:00:00Z,1.0,85.0,2022-10-30,MarketResult_SEM-DA_PWR-MRC-D+1_20221029100000_20221029103810.csv
2022-10-30T12:00:00Z,1.0,84.65,2022-10-30,MarketResult_SEM-DA_PWR-MRC-D+1_20221029100000_20221029103810.csv
2022-10-30T13:00:00Z,1.0,87.07,2022-10-30,MarketResult_SEM-DA_PWR-MRC-D+1_20221029100000_20221029103810.csv
2022-10-30T14:00:00Z,1.0,93.93,2022-10-30,MarketResult_SEM-DA_PWR-MRC-D+1_20221029100000_20221029103810.csv
2022-10-30T15:00:00Z,1.0,95.0,2022-10-30,MarketResult_SEM-DA_PWR-MRC-D+1_20221029100000_20221029103810.csv
2022-10-30T16:00:00Z,1.0,107.27,2022-10-30,MarketResult_SEM-DA_PWR-MRC-D+1_20221029100000_20221029103810.csv
2022-10-30T17:00:00Z,1.0,135.7,2022-10-30,MarketResult_SEM-DA_PWR-MRC-D+1_20221029100000_20221029103810.csv
2022-10-30T18:00:00Z,1.0,129.61,2022-10-30,MarketResult_SEM-DA_PWR-MRC-D+1_20221029100000_20221029103810.csv
2022-10-30T19:00:00Z,1.0,107.81,2022-10-30,MarketResult_SEM-DA_PWR-MRC-D+1_20221029100000_20221029103810.csv
2022-10-30T20:00:00Z,1.0,97.43,2022-10-30,MarketResult_SEM-DA_PWR-MRC-D+1_20221029100000_20221029103810.csv
2022-10-30T21:00:00Z,1.0,94.92,2022-10-30,MarketResult_SEM-DA_PWR-MRC-D+1_20221029100000_20221029103810.csv
2022-10-30T22:00:00Z,1.0,72.32,2022-10-30,MarketResult_SEM-DA_PWR-MRC-D+1_20221029100000_20221029103810.csv
2022-10-30T23:00:00Z,1.0,50.0,2022-10-31,MarketResult_SEM-DA_PWR-MRC-D+1_20221030110000_20221030113427.csv
2022-10-31T00:00:00Z,1.0,24.8,2022-10-31,MarketResult_SEM-DA_PWR-MRC-D+1_20221030110000_20221030113427.csv
2022-10-31T01:00:00Z,1.0,5.35,2022-10-31,MarketResult_SEM-DA_PWR-MRC-D+1_20221030110000_20221030113427.csv
2022-10-31T02:00:00Z,1.0,5.41,2022-10-31,MarketResult_SEM-DA_PWR-MRC-D+1_20221030110000_20221030113427.csv
2022-10-31T03:00:00Z,1.0,9.0,2022-10-31,MarketResult_SEM-DA_PWR-MRC-D+1_20221030110000_20221030113427.csv
2022-10-31T04:00:00Z,1.0,15.46,2022-10-31,MarketResult_SEM-DA_PWR-MRC-D+1_20221030110000_20221030113427.csv
2022-10-31T05:00:00Z,1.0,57.98,2022-10-31,MarketResult_SEM-DA_PWR-MRC-D+1_20221030110000_20221030113427.csv
2022-10-31T06:00:00Z,1.0,88.36,2022-10-31,MarketResult_SEM-DA_PWR-MRC-D+1_20221030110000_20221030113427.csv
2022-10-31T07:00:00Z,1.0,86.5,2022-10-31,MarketResult_SEM-DA_PWR-MRC-D+1_20221030110000_20221030113427.csv
2022-10-31T08:00:00Z,1.0,99.25,2022-10-31,MarketResult_SEM-DA_PWR-MRC-D+1_20221030110000_20221030113427.csv
2022-10-31T09:00:00Z,1.0,114.84,2022-10-31,MarketResult_SEM-DA_PWR-MRC-D+1_20221030110000_20221030113427.csv
2022-10-31T10:00:00Z,1.0,119.52,2022-10-31,MarketResult_SEM-DA_PWR-MRC-D+1_20221030110000_20221030113427.csv
2022-10-31T11:00:00Z,1.0,119.0,2022-10-31,MarketResult_SEM-DA_PWR-MRC-D+1_20221030110000_20221030113427.csv
2022-10-31T12:00:00Z,1.0,128.92,2022-10-31,MarketResult_SEM-DA_PWR-MRC-D+1_20221030110000_20221030113427.csv
2022-10-31T13:00:00Z,1.0,137.38,2022-10-31,MarketResult_SEM-DA_PWR-MRC-D+1_20221030110000_20221030113427.csv
2022-10-31T14:00:00Z,1.0,137.53,2022-10-31,MarketResult_SEM-DA_PWR-MRC-D+1_20221030110000_20221030113427.csv
2022-10-31T15:00:00Z,1.0,160.01,2022-10-31,MarketResult_SEM-DA_PWR-MRC-D+1_20221030110000_20221030113427.csv
2022-10-31T16:00:00Z,1.0,192.8,2022-10-31,MarketResult_SEM-DA_PWR-MRC-D+1_20221030110000_20221030113427.csv
2022-10-31T17:00:00Z,1.0,211.36,2022-10-31,MarketResult_SEM-DA_PWR-MRC-D+1_20221030110000_20221030113427.csv
2022-10-31T18:00:00Z,1.0,195.97,2022-10-31,MarketResult_SEM-DA_PWR-MRC-D+1_20221030110000_20221030113427.csv
2022-10-31T19:00:00Z,1.0,172.39,2022-10-31,MarketResult_SEM-DA_PWR-MRC-D+1_20221030110000_20221030113427.csv
2022-10-31T20:00:00Z,1.0,143.98,2022-10-31,MarketResult_SEM-DA_PWR-MRC-D+1_20221030110000_20221030113427.csv
2022-10-31T21:00:00Z,1.0,122.35,2022-10-31,MarketResult_SEM-DA_PWR-MRC-D+1_20221030110000_20221030113427.csv
2022-10-31T22:00:00Z,1.0,114.0,2022-10-31,MarketResult_SEM-DA_PWR-MRC-D+1_20221030110000_20221030113427.csv
2022-10-31T23:00:00Z,1.0,105.0,2022-11-01,MarketResult_SEM-DA_PWR-MRC-D+1_20221031110000_20221031113510.csv
2022-11-01T00:00:00Z,1.0,92.28,2022-11-01,MarketResult_SEM-DA_PWR-MRC-D+1_20221031110000_20221031113510.csv
2022-11-01T01:00:00Z,1.0,89.0,2022-11-01,MarketResult_SEM-DA_PWR-MRC-D+1_20221031110000_20221031113510.csv
2022-11-01T02:00:00Z,1.0,80.0,2022-11-01,MarketResult_SEM-DA_PWR-MRC-D+1_20221031110000_20221031113510.csv
2022-11-01T03:00:00Z,1.0,68.44,2022-11-01,MarketResult_SEM-DA_PWR-MRC-D+1_20221031110000_20221031113510.csv
2022-11-01T04:00:00Z,1.0,62.81,2022-11-01,MarketResult_SEM-DA_PWR-MRC-D+1_20221031110000_20221031113510.csv
2022-11-01T05:00:00Z,1.0,69.56,2022-11-01,MarketResult_SEM-DA_PWR-MRC-D+1_20221031110000_20221031113510.csv
2022-11-01T06:00:00Z,1.0,89.04,2022-11-01,MarketResult_SEM-DA_PWR-MRC-D+1_20221031110000_20221031113510.csv
2022-11-01T07:00:00Z,1.0,106.94,2022-11-01,MarketResult_SEM-DA_PWR-MRC-D+1_20221031110000_20221031113510.csv
2022-11-01T08:00:00Z,1.0,120.55,2022-11-01,MarketResult_SEM-DA_PWR-MRC-D+1_20221031110000_20221031113510.csv
2022-11-01T09:00:00Z,1.0,118.22,2022-11-01,MarketResult_SEM-DA_PWR-MRC-D+1_20221031110000_20221031113510.csv
2022-11-01T10:00:00Z,1.0,111.23,2022-11-01,MarketResult_SEM-DA_PWR-MRC-D+1_20221031110000_20221031113510.csv
2022-11-01T11:00:00Z,1.0,105.25,2022-11-01,MarketResult_SEM-DA_PWR-MRC-D+1_20221031110000_20221031113510.csv
2022-11-01T12:00:00Z,1.0,100.45,2022-11-01,MarketResult_SEM-DA_PWR-MRC-D+1_20221031110000_20221031113510.csv
2022-11-01T13:00:00Z,1.0,104.76,2022-11-01,MarketResult_SEM-DA_PWR-MRC-D+1_20221031110000_20221031113510.csv
2022-11-01T14:00:00Z,1.0,102.15,2022-11-01,MarketResult_SEM-DA_PWR-MRC-D+1_20221031110000_20221031113510.csv
2022-11-01T15:00:00Z,1.0,114.07,2022-11-01,MarketResult_SEM-DA_PWR-MRC-D+1_20221031110000_20221031113510.csv
2022-11-01T16:00:00Z,1.0,134.0,2022-11-01,MarketResult_SEM-DA_PWR-MRC-D+1_20221031110000_20221031113510.csv
2022-11-01T17:00:00Z,1.0,155.56,2022-11-01,MarketResult_SEM-DA_PWR-MRC-D+1_20221031110000_20221031113510.csv
2022-11-01T18:00:00Z,1.0,145.0,2022-11-01,MarketResult_SEM-DA_PWR-MRC-D+1_20221031110000_20221031113510.csv
2022-11-01T19:00:00Z,1.0,122.0,2022-11-01,MarketResult_SEM-DA_PWR-MRC-D+1_20221031110000_20221031113510.csv
2022-11-01T20:00:00Z,1.0,107.0,2022-11-01,MarketResult_SEM-DA_PWR-MRC-D+1_20221031110000_20221031113510.csv
2022-11-01T21:00:00Z,1.0,101.62,2022-11-01,MarketResult_SEM-DA_PWR-MRC-D+1_20221031110000_20221031113510.csv
2022-11-01T22:00:00Z,1.0,89.0,2022-11-01,MarketResult_SEM-DA_PWR-MRC-D+1_20221031110000_20221031113510.csv
2022-11-01T23:00:00Z,1.0,76.42,2022-11-02,MarketResult_SEM-DA_PWR-MRC-D+1_20221101110000_20221101113617.csv
2022-11-02T00:00:00Z,1.0,66.05,2022-11-02,MarketResult_SEM-DA_PWR-MRC-D+1_20221101110000_20221101113617.csv
2022-11-02T01:00:00Z,1.0,62.0,2022-11-02,MarketResult_SEM-DA_PWR-MRC-D+1_20221101110000_20221101113617.csv
2022-11-02T02:00:00Z,1.0,41.0,2022-11-02,MarketResult_SEM-DA_PWR-MRC-D+1_20221101110000_20221101113617.csv
2022-11-02T03:00:00Z,1.0,32.28,2022-11-02,MarketResult_SEM-DA_PWR-MRC-D+1_20221101110000_20221101113617.csv
2022-11-02T04:00:00Z,1.0,34.0,2022-11-02,MarketResult_SEM-DA_PWR-MRC-D+1_20221101110000_20221101113617.csv
2022-11-02T05:00:00Z,1.0,15.0,2022-11-02,MarketResult_SEM-DA_PWR-MRC-D+1_20221101110000_20221101113617.csv
2022-11-02T06:00:00Z,1.0,49.36,2022-11-02,MarketResult_SEM-DA_PWR-MRC-D+1_20221101110000_20221101113617.csv
2022-11-02T07:00:00Z,1.0,65.0,2022-11-02,MarketResult_SEM-DA_PWR-MRC-D+1_20221101110000_20221101113617.csv
2022-11-02T08:00:00Z,1.0,69.0,2022-11-02,MarketResult_SEM-DA_PWR-MRC-D+1_20221101110000_20221101113617.csv
2022-11-02T09:00:00Z,1.0,66.29,2022-11-02,MarketResult_SEM-DA_PWR-MRC-D+1_20221101110000_20221101113617.csv
2022-11-02T10:00:00Z,1.0,60.0,2022-11-02,MarketResult_SEM-DA_PWR-MRC-D+1_20221101110000_20221101113617.csv
2022-11-02T11:00:00Z,1.0,53.58,2022-11-02,MarketResult_SEM-DA_PWR-MRC-D+1_20221101110000_20221101113617.csv
2022-11-02T12:00:00Z,1.0,58.79,2022-11-02,MarketResult_SEM-DA_PWR-MRC-D+1_20221101110000_20221101113617.csv
2022-11-02T13:00:00Z,1.0,63.71,2022-11-02,MarketResult_SEM-DA_PWR-MRC-D+1_20221101110000_20221101113617.csv
2022-11-02T14:00:00Z,1.0,66.0,2022-11-02,MarketResult_SEM-DA_PWR-MRC-D+1_20221101110000_20221101113617.csv
2022-11-02T15:00:00Z,1.0,65.43,2022-11-02,MarketResult_SEM-DA_PWR-MRC-D+1_20221101110000_20221101113617.csv
2022-11-02T16:00:00Z,1.0,92.0,2022-11-02,MarketResult_SEM-DA_PWR-MRC-D+1_20221101110000_20221101113617.csv
2022-11-02T17:00:00Z,1.0,120.05,2022-11-02,MarketResult_SEM-DA_PWR-MRC-D+1_20221101110000_20221101113617.csv
2022-11-02T18:00:00Z,1.0,115.0,2022-11-02,MarketResult_SEM-DA_PWR-MRC-D+1_20221101110000_20221101113617.csv
2022-11-02T19:00:00Z,1.0,103.44,2022-11-02,MarketResult_SEM-DA_PWR-MRC-D+1_20221101110000_20221101113617.csv
2022-11-02T20:00:00Z,1.0,91.7,2022-11-02,MarketResult_SEM-DA_PWR-MRC-D+1_20221101110000_20221101113617.csv
2022-11-02T21:00:00Z,1.0,85.42,2022-11-02,MarketResult_SEM-DA_PWR-MRC-D+1_20221101110000_20221101113617.csv
2022-11-02T22:00:00Z,1.0,75.66,2022-11-02,MarketResult_SEM-DA_PWR-MRC-D+1_20221101110000_20221101113617.csv
2022-11-02T23:00:00Z,1.0,75.0,2022-11-03,MarketResult_SEM-DA_PWR-MRC-D+1_20221102110000_20221102113827.csv
2022-11-03T00:00:00Z,1.0,70.04,2022-11-03,MarketResult_SEM-DA_PWR-MRC-D+1_20221102110000_20221102113827.csv
2022-11-03T01:00:00Z,1.0,68.64,2022-11-03,MarketResult_SEM-DA_PWR-MRC-D+1_20221102110000_20221102113827.csv
2022-11-03T02:00:00Z,1.0,66.26,2022-11-03,MarketResult_SEM-DA_PWR-MRC-D+1_20221102110000_20221102113827.csv
2022-11-03T03:00:00Z,1.0,67.83,2022-11-03,MarketResult_SEM-DA_PWR-MRC-D+1_20221102110000_20221102113827.csv
2022-11-03T04:00:00Z,1.0,76.18,2022-11-03,MarketResult_SEM-DA_PWR-MRC-D+1_20221102110000_20221102113827.csv
2022-11-03T05:00:00Z,1.0,94.95,2022-11-03,MarketResult_SEM-DA_PWR-MRC-D+1_20221102110000_20221102113827.csv
2022-11-03T06:00:00Z,1.0,105.22,2022-11-03,MarketResult_SEM-DA_PWR-MRC-D+1_20221102110000_20221102113827.csv
2022-11-03T07:00:00Z,1.0,104.01,2022-11-03,MarketResult_SEM-DA_PWR-MRC-D+1_20221102110000_20221102113827.csv
2022-11-03T08:00:00Z,1.0,115.0,2022-11-03,MarketResult_SEM-DA_PWR-MRC-D+1_20221102110000_20221102113827.csv
2022-11-03T09:00:00Z,1.0,116.75,2022-11-03,MarketResult_SEM-DA_PWR-MRC-D+1_20221102110000_20221102113827.csv
2022-11-03T10:00:00Z,1.0,120.0,2022-11-03,MarketResult_SEM-DA_PWR-MRC-D+1_20221102110000_20221102113827.csv
2022-11-03T11:00:00Z,1.0,123.77,2022-11-03,MarketResult_SEM-DA_PWR-MRC-D+1_20221102110000_20221102113827.csv
2022-11-03T12:00:00Z,1.0,135.42,2022-11-03,MarketResult_SEM-DA_PWR-MRC-D+1_20221102110000_20221102113827.csv
2022-11-03T13:00:00Z,1.0,144.53,2022-11-03,MarketResult_SEM-DA_PWR-MRC-D+1_20221102110000_20221102113827.csv
2022-11-03T14:00:00Z,1.0,141.47,2022-11-03,MarketResult_SEM-DA_PWR-MRC-D+1_20221102110000_20221102113827.csv
2022-11-03T15:00:00Z,1.0,146.0,2022-11-03,MarketResult_SEM-DA_PWR-MRC-D+1_20221102110000_20221102113827.csv
2022-11-03T16:00:00Z,1.0,168.24,2022-11-03,MarketResult_SEM-DA_PWR-MRC-D+1_20221102110000_20221102113827.csv
2022-11-03T17:00:00Z,1.0,195.24,2022-11-03,MarketResult_SEM-DA_PWR-MRC-D+1_20221102110000_20221102113827.csv
2022-11-03T18:00:00Z,1.0,169.98,2022-11-03,MarketResult_SEM-DA_PWR-MRC-D+1_20221102110000_20221102113827.csv
2022-11-03T19:00:00Z,1.0,143.12,2022-11-03,MarketResult_SEM-DA_PWR-MRC-D+1_20221102110000_20221102113827.csv
2022-11-03T20:00:00Z,1.0,118.23,2022-11-03,MarketResult_SEM-DA_PWR-MRC-D+1_20221102110000_20221102113827.csv
2022-11-03T21:00:00Z,1.0,110.0,2022-11-03,MarketResult_SEM-DA_PWR-MRC-D+1_20221102110000_20221102113827.csv
2022-11-03T22:00:00Z,1.0,104.01,2022-11-03,MarketResult_SEM-DA_PWR-MRC-D+1_20221102110000_20221102113827.csv
2022-11-03T23:00:00Z,1.0,179.38,2022-11-04,MarketResult_SEM-DA_PWR-MRC-D+1_20221103110000_20221103113457.csv
2022-11-04T00:00:00Z,1.0,166.03,2022-11-04,MarketResult_SEM-DA_PWR-MRC-D+1_20221103110000_20221103113457.csv
2022-11-04T01:00:00Z,1.0,159.2,2022-11-04,MarketResult_SEM-DA_PWR-MRC-D+1_20221103110000_20221103113457.csv
2022-11-04T02:00:00Z,1.0,155.18,2022-11-04,MarketResult_SEM-DA_PWR-MRC-D+1_20221103110000_20221103113457.csv
2022-11-04T03:00:00Z,1.0,153.21,2022-11-04,MarketResult_SEM-DA_PWR-MRC-D+1_20221103110000_20221103113457.csv
2022-11-04T04:00:00Z,1.0,155.29,2022-11-04,MarketResult_SEM-DA_PWR-MRC-D+1_20221103110000_20221103113457.csv
2022-11-04T05:00:00Z,1.0,165.0,2022-11-04,MarketResult_SEM-DA_PWR-MRC-D+1_20221103110000_20221103113457.csv
2022-11-04T06:00:00Z,1.0,183.12,2022-11-04,MarketResult_SEM-DA_PWR-MRC-D+1_20221103110000_20221103113457.csv
2022-11-04T07:00:00Z,1.0,200.66,2022-11-04,MarketResult_SEM-DA_PWR-MRC-D+1_20221103110000_20221103113457.csv
2022-11-04T08:00:00Z,1.0,211.86,2022-11-04,MarketResult_SEM-DA_PWR-MRC-D+1_20221103110000_20221103113457.csv
2022-11-04T09:00:00Z,1.0,203.91,2022-11-04,MarketResult_SEM-DA_PWR-MRC-D+1_20221103110000_20221103113457.csv
2022-11-04T10:00:00Z,1.0,189.96,2022-11-04,MarketResult_SEM-DA_PWR-MRC-D+1_20221103110000_20221103113457.csv
2022-11-04T11:00:00Z,1.0,181.15,2022-11-04,MarketResult_SEM-DA_PWR-MRC-D+1_20221103110000_20221103113457.csv
2022-11-04T12:00:00Z,1.0,185.32,2022-11-04,MarketResult_SEM-DA_PWR-MRC-D+1_20221103110000_20221103113457.csv
2022-11-04T13:00:00Z,1.0,188.0,2022-11-04,MarketResult_SEM-DA_PWR-MRC-D+1_20221103110000_20221103113457.csv
2022-11-04T14:00:00Z,1.0,192.63,2022-11-04,MarketResult_SEM-DA_PWR-MRC-D+1_20221103110000_20221103113457.csv
2022-11-04T15:00:00Z,1.0,197.14,2022-11-04,MarketResult_SEM-DA_PWR-MRC-D+1_20221103110000_20221103113457.csv
2022-11-04T16:00:00Z,1.0,254.0,2022-11-04,MarketResult_SEM-DA_PWR-MRC-D+1_20221103110000_20221103113457.csv
2022-11-04T17:00:00Z,1.0,288.0,2022-11-04,MarketResult_SEM-DA_PWR-MRC-D+1_20221103110000_20221103113457.csv
2022-11-04T18:00:00Z,1.0,247.0,2022-11-04,MarketResult_SEM-DA_PWR-MRC-D+1_20221103110000_20221103113457.csv
2022-11-04T19:00:00Z,1.0,203.12,2022-11-04,MarketResult_SEM-DA_PWR-MRC-D+1_20221103110000_20221103113457.csv
2022-11-04T20:00:00Z,1.0,175.6,2022-11-04,MarketResult_SEM-DA_PWR-MRC-D+1_20221103110000_20221103113457.csv
2022-11-04T21:00:00Z,1.0,175.56,2022-11-04,MarketResult_SEM-DA_PWR-MRC-D+1_20221103110000_20221103113457.csv
2022-11-04T22:00:00Z,1.0,160.8,2022-11-04,MarketResult_SEM-DA_PWR-MRC-D+1_20221103110000_20221103113457.csv
2022-11-04T23:00:00Z,1.0,149.66,2022-11-05,MarketResult_SEM-DA_PWR-MRC-D+1_20221104110000_20221104113527.csv
2022-11-05T00:00:00Z,1.0,130.62,2022-11-05,MarketResult_SEM-DA_PWR-MRC-D+1_20221104110000_20221104113527.csv
2022-11-05T01:00:00Z,1.0,116.43,2022-11-05,MarketResult_SEM-DA_PWR-MRC-D+1_20221104110000_20221104113527.csv
2022-11-05T02:00:00Z,1.0,93.44,2022-11-05,MarketResult_SEM-DA_PWR-MRC-D+1_20221104110000_20221104113527.csv
2022-11-05T03:00:00Z,1.0,84.99,2022-11-05,MarketResult_SEM-DA_PWR-MRC-D+1_20221104110000_20221104113527.csv
2022-11-05T04:00:00Z,1.0,84.99,2022-11-05,MarketResult_SEM-DA_PWR-MRC-D+1_20221104110000_20221104113527.csv
2022-11-05T05:00:00Z,1.0,89.0,2022-11-05,MarketResult_SEM-DA_PWR-MRC-D+1_20221104110000_20221104113527.csv
2022-11-05T06:00:00Z,1.0,103.05,2022-11-05,MarketResult_SEM-DA_PWR-MRC-D+1_20221104110000_20221104113527.csv
2022-11-05T07:00:00Z,1.0,121.84,2022-11-05,MarketResult_SEM-DA_PWR-MRC-D+1_20221104110000_20221104113527.csv
2022-11-05T08:00:00Z,1.0,135.0,2022-11-05,MarketResult_SEM-DA_PWR-MRC-D+1_20221104110000_20221104113527.csv
2022-11-05T09:00:00Z,1.0,157.28,2022-11-05,MarketResult_SEM-DA_PWR-MRC-D+1_20221104110000_20221104113527.csv
2022-11-05T10:00:00Z,1.0,152.0,2022-11-05,MarketResult_SEM-DA_PWR-MRC-D+1_20221104110000_20221104113527.csv
2022-11-05T11:00:00Z,1.0,140.0,2022-11-05,MarketResult_SEM-DA_PWR-MRC-D+1_20221104110000_20221104113527.csv
2022-11-05T12:00:00Z,1.0,135.0,2022-11-05,MarketResult_SEM-DA_PWR-MRC-D+1_20221104110000_20221104113527.csv
2022-11-05T13:00:00Z,1.0,128.41,2022-11-05,MarketResult_SEM-DA_PWR-MRC-D+1_20221104110000_20221104113527.csv
2022-11-05T14:00:00Z,1.0,127.89,2022-11-05,MarketResult_SEM-DA_PWR-MRC-D+1_20221104110000_20221104113527.csv
2022-11-05T15:00:00Z,1.0,136.92,2022-11-05,MarketResult_SEM-DA_PWR-MRC-D+1_20221104110000_20221104113527.csv
2022-11-05T16:00:00Z,1.0,162.0,2022-11-05,MarketResult_SEM-DA_PWR-MRC-D+1_20221104110000_20221104113527.csv
2022-11-05T17:00:00Z,1.0,184.0,2022-11-05,MarketResult_SEM-DA_PWR-MRC-D+1_20221104110000_20221104113527.csv
2022-11-05T18:00:00Z,1.0,161.0,2022-11-05,MarketResult_SEM-DA_PWR-MRC-D+1_20221104110000_20221104113527.csv
2022-11-05T19:00:00Z,1.0,121.86,2022-11-05,MarketResult_SEM-DA_PWR-MRC-D+1_20221104110000_20221104113527.csv
2022-11-05T20:00:00Z,1.0,121.82,2022-11-05,MarketResult_SEM-DA_PWR-MRC-D+1_20221104110000_20221104113527.csv
2022-11-05T21:00:00Z,1.0,119.72,2022-11-05,MarketResult_SEM-DA_PWR-MRC-D+1_20221104110000_20221104113527.csv
2022-11-05T22:00:00Z,1.0,114.51,2022-11-05,MarketResult_SEM-DA_PWR-MRC-D+1_20221104110000_20221104113527.csv
2022-11-05T23:00:00Z,1.0,128.04,2022-11-06,MarketResult_SEM-DA_PWR-MRC-D+1_20221105110000_20221105113406.csv
2022-11-06T00:00:00Z,1.0,112.58,2022-11-06,MarketResult_SEM-DA_PWR-MRC-D+1_20221105110000_20221105113406.csv
2022-11-06T01:00:00Z,1.0,99.45,2022-11-06,MarketResult_SEM-DA_PWR-MRC-D+1_20221105110000_20221105113406.csv
2022-11-06T02:00:00Z,1.0,89.75,2022-11-06,MarketResult_SEM-DA_PWR-MRC-D+1_20221105110000_20221105113406.csv
2022-11-06T03:00:00Z,1.0,77.95,2022-11-06,MarketResult_SEM-DA_PWR-MRC-D+1_20221105110000_20221105113406.csv
2022-11-06T04:00:00Z,1.0,72.27,2022-11-06,MarketResult_SEM-DA_PWR-MRC-D+1_20221105110000_20221105113406.csv
2022-11-06T05:00:00Z,1.0,66.73,2022-11-06,MarketResult_SEM-DA_PWR-MRC-D+1_20221105110000_20221105113406.csv
2022-11-06T06:00:00Z,1.0,79.32,2022-11-06,MarketResult_SEM-DA_PWR-MRC-D+1_20221105110000_20221105113406.csv
2022-11-06T07:00:00Z,1.0,89.0,2022-11-06,MarketResult_SEM-DA_PWR-MRC-D+1_20221105110000_20221105113406.csv
2022-11-06T08:00:00Z,1.0,99.08,2022-11-06,MarketResult_SEM-DA_PWR-MRC-D+1_20221105110000_20221105113406.csv
2022-11-06T09:00:00Z,1.0,120.92,2022-11-06,MarketResult_SEM-DA_PWR-MRC-D+1_20221105110000_20221105113406.csv
2022-11-06T10:00:00Z,1.0,129.78,2022-11-06,MarketResult_SEM-DA_PWR-MRC-D+1_20221105110000_20221105113406.csv
2022-11-06T11:00:00Z,1.0,117.97,2022-11-06,MarketResult_SEM-DA_PWR-MRC-D+1_20221105110000_20221105113406.csv
2022-11-06T12:00:00Z,1.0,128.02,2022-11-06,MarketResult_SEM-DA_PWR-MRC-D+1_20221105110000_20221105113406.csv
2022-11-06T13:00:00Z,1.0,121.0,2022-11-06,MarketResult_SEM-DA_PWR-MRC-D+1_20221105110000_20221105113406.csv
2022-11-06T14:00:00Z,1.0,129.29,2022-11-06,MarketResult_SEM-DA_PWR-MRC-D+1_20221105110000_20221105113406.csv
2022-11-06T15:00:00Z,1.0,109.09,2022-11-06,MarketResult_SEM-DA_PWR-MRC-D+1_20221105110000_20221105113406.csv
2022-11-06T16:00:00Z,1.0,141.0,2022-11-06,MarketResult_SEM-DA_PWR-MRC-D+1_20221105110000_20221105113406.csv
2022-11-06T17:00:00Z,1.0,180.26,2022-11-06,MarketResult_SEM-DA_PWR-MRC-D+1_20221105110000_20221105113406.csv
2022-11-06T18:00:00Z,1.0,150.0,2022-11-06,MarketResult_SEM-DA_PWR-MRC-D+1_20221105110000_20221105113406.csv
2022-11-06T19:00:00Z,1.0,136.09,2022-11-06,MarketResult_SEM-DA_PWR-MRC-D+1_20221105110000_20221105113406.csv
2022-11-06T20:00:00Z,1.0,114.05,2022-11-06,MarketResult_SEM-DA_PWR-MRC-D+1_20221105110000_20221105113406.csv
2022-11-06T21:00:00Z,1.0,100.0,2022-11-06,MarketResult_SEM-DA_PWR-MRC-D+1_20221105110000_20221105113406.csv
2022-11-06T22:00:00Z,1.0,75.0,2022-11-06,MarketResult_SEM-DA_PWR-MRC-D+1_20221105110000_20221105113406.csv
2022-11-06T23:00:00Z,1.0,74.48,2022-11-07,MarketResult_SEM-DA_PWR-MRC-D+1_20221106110000_20221106113608.csv
2022-11-07T00:00:00Z,1.0,74.48,2022-11-07,MarketResult_SEM-DA_PWR-MRC-D+1_20221106110000_20221106113608.csv
2022-11-07T01:00:00Z,1.0,53.16,2022-11-07,MarketResult_SEM-DA_PWR-MRC-D+1_20221106110000_20221106113608.csv
2022-11-07T02:00:00Z,1.0,33.94,2022-11-07,MarketResult_SEM-DA_PWR-MRC-D+1_20221106110000_20221106113608.csv
2022-11-07T03:00:00Z,1.0,6.07,2022-11-07,MarketResult_SEM-DA_PWR-MRC-D+1_20221106110000_20221106113608.csv
2022-11-07T04:00:00Z,1.0,13.0,2022-11-07,MarketResult_SEM-DA_PWR-MRC-D+1_20221106110000_20221106113608.csv
2022-11-07T05:00:00Z,1.0,25.0,2022-11-07,MarketResult_SEM-DA_PWR-MRC-D+1_20221106110000_20221106113608.csv
2022-11-07T06:00:00Z,1.0,95.97,2022-11-07,MarketResult_SEM-DA_PWR-MRC-D+1_20221106110000_20221106113608.csv
2022-11-07T07:00:00Z,1.0,110.26,2022-11-07,MarketResult_SEM-DA_PWR-MRC-D+1_20221106110000_20221106113608.csv
2022-11-07T08:00:00Z,1.0,122.0,2022-11-07,MarketResult_SEM-DA_PWR-MRC-D+1_20221106110000_20221106113608.csv
2022-11-07T09:00:00Z,1.0,129.56,2022-11-07,MarketResult_SEM-DA_PWR-MRC-D+1_20221106110000_20221106113608.csv
2022-11-07T10:00:00Z,1.0,112.58,2022-11-07,MarketResult_SEM-DA_PWR-MRC-D+1_20221106110000_20221106113608.csv
2022-11-07T11:00:00Z,1.0,112.79,2022-11-07,MarketResult_SEM-DA_PWR-MRC-D+1_20221106110000_20221106113608.csv
2022-11-07T12:00:00Z,1.0,109.5,2022-11-07,MarketResult_SEM-DA_PWR-MRC-D+1_20221106110000_20221106113608.csv
2022-11-07T13:00:00Z,1.0,101.0,2022-11-07,MarketResult_SEM-DA_PWR-MRC-D+1_20221106110000_20221106113608.csv
2022-11-07T14:00:00Z,1.0,98.0,2022-11-07,MarketResult_SEM-DA_PWR-MRC-D+1_20221106110000_20221106113608.csv
2022-11-07T15:00:00Z,1.0,99.0,2022-11-07,MarketResult_SEM-DA_PWR-MRC-D+1_20221106110000_20221106113608.csv
2022-11-07T16:00:00Z,1.0,124.94,2022-11-07,MarketResult_SEM-DA_PWR-MRC-D+1_20221106110000_20221106113608.csv
2022-11-07T17:00:00Z,1.0,160.81,2022-11-07,MarketResult_SEM-DA_PWR-MRC-D+1_20221106110000_20221106113608.csv
2022-11-07T18:00:00Z,1.0,132.0,2022-11-07,MarketResult_SEM-DA_PWR-MRC-D+1_20221106110000_20221106113608.csv
2022-11-07T19:00:00Z,1.0,130.0,2022-11-07,MarketResult_SEM-DA_PWR-MRC-D+1_20221106110000_20221106113608.csv
2022-11-07T20:00:00Z,1.0,104.3,2022-11-07,MarketResult_SEM-DA_PWR-MRC-D+1_20221106110000_20221106113608.csv
2022-11-07T21:00:00Z,1.0,100.0,2022-11-07,MarketResult_SEM-DA_PWR-MRC-D+1_20221106110000_20221106113608.csv
2022-11-07T22:00:00Z,1.0,82.74,2022-11-07,MarketResult_SEM-DA_PWR-MRC-D+1_20221106110000_20221106113608.csv
2022-11-07T23:00:00Z,1.0,67.13,2022-11-08,MarketResult_SEM-DA_PWR-MRC-D+1_20221107110000_20221107113435.csv
2022-11-08T00:00:00Z,1.0,56.05,2022-11-08,MarketResult_SEM-DA_PWR-MRC-D+1_20221107110000_20221107113435.csv
2022-11-08T01:00:00Z,1.0,56.71,2022-11-08,MarketResult_SEM-DA_PWR-MRC-D+1_20221107110000_20221107113435.csv
2022-11-08T02:00:00Z,1.0,51.3,2022-11-08,MarketResult_SEM-DA_PWR-MRC-D+1_20221107110000_20221107113435.csv
2022-11-08T03:00:00Z,1.0,51.0,2022-11-08,MarketResult_SEM-DA_PWR-MRC-D+1_20221107110000_20221107113435.csv
2022-11-08T04:00:00Z,1.0,55.89,2022-11-08,MarketResult_SEM-DA_PWR-MRC-D+1_20221107110000_20221107113435.csv
2022-11-08T05:00:00Z,1.0,82.0,2022-11-08,MarketResult_SEM-DA_PWR-MRC-D+1_20221107110000_20221107113435.csv
2022-11-08T06:00:00Z,1.0,99.0,2022-11-08,MarketResult_SEM-DA_PWR-MRC-D+1_20221107110000_20221107113435.csv
2022-11-08T07:00:00Z,1.0,113.38,2022-11-08,MarketResult_SEM-DA_PWR-MRC-D+1_20221107110000_20221107113435.csv
2022-11-08T08:00:00Z,1.0,109.23,2022-11-08,MarketResult_SEM-DA_PWR-MRC-D+1_20221107110000_20221107113435.csv
2022-11-08T09:00:00Z,1.0,102.0,2022-11-08,MarketResult_SEM-DA_PWR-MRC-D+1_20221107110000_20221107113435.csv
2022-11-08T10:00:00Z,1.0,94.8,2022-11-08,MarketResult_SEM-DA_PWR-MRC-D+1_20221107110000_20221107113435.csv
2022-11-08T11:00:00Z,1.0,89.25,2022-11-08,MarketResult_SEM-DA_PWR-MRC-D+1_20221107110000_20221107113435.csv
2022-11-08T12:00:00Z,1.0,93.96,2022-11-08,MarketResult_SEM-DA_PWR-MRC-D+1_20221107110000_20221107113435.csv
2022-11-08T13:00:00Z,1.0,96.16,2022-11-08,MarketResult_SEM-DA_PWR-MRC-D+1_20221107110000_20221107113435.csv
2022-11-08T14:00:00Z,1.0,104.59,2022-11-08,MarketResult_SEM-DA_PWR-MRC-D+1_20221107110000_20221107113435.csv
2022-11-08T15:00:00Z,1.0,112.0,2022-11-08,MarketResult_SEM-DA_PWR-MRC-D+1_20221107110000_20221107113435.csv
2022-11-08T16:00:00Z,1.0,145.78,2022-11-08,MarketResult_SEM-DA_PWR-MRC-D+1_20221107110000_20221107113435.csv
2022-11-08T17:00:00Z,1.0,172.41,2022-11-08,MarketResult_SEM-DA_PWR-MRC-D+1_20221107110000_20221107113435.csv
2022-11-08T18:00:00Z,1.0,160.0,2022-11-08,MarketResult_SEM-DA_PWR-MRC-D+1_20221107110000_20221107113435.csv
2022-11-08T19:00:00Z,1.0,143.05,2022-11-08,MarketResult_SEM-DA_PWR-MRC-D+1_20221107110000_20221107113435.csv
2022-11-08T20:00:00Z,1.0,125.0,2022-11-08,MarketResult_SEM-DA_PWR-MRC-D+1_20221107110000_20221107113435.csv
2022-11-08T21:00:00Z,1.0,108.9,2022-11-08,MarketResult_SEM-DA_PWR-MRC-D+1_20221107110000_20221107113435.csv
2022-11-08T22:00:00Z,1.0,95.0,2022-11-08,MarketResult_SEM-DA_PWR-MRC-D+1_20221107110000_20221107113435.csv
2022-11-08T23:00:00Z,1.0,106.39,2022-11-09,MarketResult_SEM-DA_PWR-MRC-D+1_20221108110000_20221108113524.csv
2022-11-09T00:00:00Z,1.0,105.0,2022-11-09,MarketResult_SEM-DA_PWR-MRC-D+1_20221108110000_20221108113524.csv
2022-11-09T01:00:00Z,1.0,98.89,2022-11-09,MarketResult_SEM-DA_PWR-MRC-D+1_20221108110000_20221108113524.csv
2022-11-09T02:00:00Z,1.0,92.3,2022-11-09,MarketResult_SEM-DA_PWR-MRC-D+1_20221108110000_20221108113524.csv
2022-11-09T03:00:00Z,1.0,87.48,2022-11-09,MarketResult_SEM-DA_PWR-MRC-D+1_20221108110000_20221108113524.csv
2022-11-09T04:00:00Z,1.0,91.0,2022-11-09,MarketResult_SEM-DA_PWR-MRC-D+1_20221108110000_20221108113524.csv
2022-11-09T05:00:00Z,1.0,108.23,2022-11-09,MarketResult_SEM-DA_PWR-MRC-D+1_20221108110000_20221108113524.csv
2022-11-09T06:00:00Z,1.0,130.13,2022-11-09,MarketResult_SEM-DA_PWR-MRC-D+1_20221108110000_20221108113524.csv
2022-11-09T07:00:00Z,1.0,151.0,2022-11-09,MarketResult_SEM-DA_PWR-MRC-D+1_20221108110000_20221108113524.csv
2022-11-09T08:00:00Z,1.0,148.0,2022-11-09,MarketResult_SEM-DA_PWR-MRC-D+1_20221108110000_20221108113524.csv
2022-11-09T09:00:00Z,1.0,142.74,2022-11-09,MarketResult_SEM-DA_PWR-MRC-D+1_20221108110000_20221108113524.csv
2022-11-09T10:00:00Z,1.0,126.49,2022-11-09,MarketResult_SEM-DA_PWR-MRC-D+1_20221108110000_20221108113524.csv
2022-11-09T11:00:00Z,1.0,114.17,2022-11-09,MarketResult_SEM-DA_PWR-MRC-D+1_20221108110000_20221108113524.csv
2022-11-09T12:00:00Z,1.0,112.0,2022-11-09,MarketResult_SEM-DA_PWR-MRC-D+1_20221108110000_20221108113524.csv
2022-11-09T13:00:00Z,1.0,110.0,2022-11-09,MarketResult_SEM-DA_PWR-MRC-D+1_20221108110000_20221108113524.csv
2022-11-09T14:00:00Z,1.0,127.39,2022-11-09,MarketResult_SEM-DA_PWR-MRC-D+1_20221108110000_20221108113524.csv
2022-11-09T15:00:00Z,1.0,125.0,2022-11-09,MarketResult_SEM-DA_PWR-MRC-D+1_20221108110000_20221108113524.csv
2022-11-09T16:00:00Z,1.0,150.29,2022-11-09,MarketResult_SEM-DA_PWR-MRC-D+1_20221108110000_20221108113524.csv
2022-11-09T17:00:00Z,1.0,163.0,2022-11-09,MarketResult_SEM-DA_PWR-MRC-D+1_20221108110000_20221108113524.csv
2022-11-09T18:00:00Z,1.0,135.69,2022-11-09,MarketResult_SEM-DA_PWR-MRC-D+1_20221108110000_20221108113524.csv
2022-11-09T19:00:00Z,1.0,106.4,2022-11-09,MarketResult_SEM-DA_PWR-MRC-D+1_20221108110000_20221108113524.csv
2022-11-09T20:00:00Z,1.0,106.4,2022-11-09,MarketResult_SEM-DA_PWR-MRC-D+1_20221108110000_20221108113524.csv
2022-11-09T21:00:00Z,1.0,93.88,2022-11-09,MarketResult_SEM-DA_PWR-MRC-D+1_20221108110000_20221108113524.csv
2022-11-09T22:00:00Z,1.0,90.0,2022-11-09,MarketResult_SEM-DA_PWR-MRC-D+1_20221108110000_20221108113524.csv
2022-11-09T23:00:00Z,1.0,78.0,2022-11-10,MarketResult_SEM-DA_PWR-MRC-D+1_20221109110000_20221109113452.csv
2022-11-10T00:00:00Z,1.0,35.0,2022-11-10,MarketResult_SEM-DA_PWR-MRC-D+1_20221109110000_20221109113452.csv
2022-11-10T01:00:00Z,1.0,27.0,2022-11-10,MarketResult_SEM-DA_PWR-MRC-D+1_20221109110000_20221109113452.csv
2022-11-10T02:00:00Z,1.0,1.0,2022-11-10,MarketResult_SEM-DA_PWR-MRC-D+1_20221109110000_20221109113452.csv
2022-11-10T03:00:00Z,1.0,0.0,2022-11-10,MarketResult_SEM-DA_PWR-MRC-D+1_20221109110000_20221109113452.csv
2022-11-10T04:00:00Z,1.0,0.0,2022-11-10,MarketResult_SEM-DA_PWR-MRC-D+1_20221109110000_20221109113452.csv
2022-11-10T05:00:00Z,1.0,0.0,2022-11-10,MarketResult_SEM-DA_PWR-MRC-D+1_20221109110000_20221109113452.csv
2022-11-10T06:00:00Z,1.0,27.0,2022-11-10,MarketResult_SEM-DA_PWR-MRC-D+1_20221109110000_20221109113452.csv
2022-11-10T07:00:00Z,1.0,90.77,2022-11-10,MarketResult_SEM-DA_PWR-MRC-D+1_20221109110000_20221109113452.csv
2022-11-10T08:00:00Z,1.0,122.0,2022-11-10,MarketResult_SEM-DA_PWR-MRC-D+1_20221109110000_20221109113452.csv
2022-11-10T09:00:00Z,1.0,113.0,2022-11-10,MarketResult_SEM-DA_PWR-MRC-D+1_20221109110000_20221109113452.csv
2022-11-10T10:00:00Z,1.0,102.96,2022-11-10,MarketResult_SEM-DA_PWR-MRC-D+1_20221109110000_20221109113452.csv
2022-11-10T11:00:00Z,1.0,100.0,2022-11-10,MarketResult_SEM-DA_PWR-MRC-D+1_20221109110000_20221109113452.csv
2022-11-10T12:00:00Z,1.0,99.0,2022-11-10,MarketResult_SEM-DA_PWR-MRC-D+1_20221109110000_20221109113452.csv
2022-11-10T13:00:00Z,1.0,108.0,2022-11-10,MarketResult_SEM-DA_PWR-MRC-D+1_20221109110000_20221109113452.csv
2022-11-10T14:00:00Z,1.0,106.59,2022-11-10,MarketResult_SEM-DA_PWR-MRC-D+1_20221109110000_20221109113452.csv
2022-11-10T15:00:00Z,1.0,99.0,2022-11-10,MarketResult_SEM-DA_PWR-MRC-D+1_20221109110000_20221109113452.csv
2022-11-10T16:00:00Z,1.0,140.0,2022-11-10,MarketResult_SEM-DA_PWR-MRC-D+1_20221109110000_20221109113452.csv
2022-11-10T17:00:00Z,1.0,156.12,2022-11-10,MarketResult_SEM-DA_PWR-MRC-D+1_20221109110000_20221109113452.csv
2022-11-10T18:00:00Z,1.0,132.0,2022-11-10,MarketResult_SEM-DA_PWR-MRC-D+1_20221109110000_20221109113452.csv
2022-11-10T19:00:00Z,1.0,112.47,2022-11-10,MarketResult_SEM-DA_PWR-MRC-D+1_20221109110000_20221109113452.csv
2022-11-10T20:00:00Z,1.0,101.87,2022-11-10,MarketResult_SEM-DA_PWR-MRC-D+1_20221109110000_20221109113452.csv
2022-11-10T21:00:00Z,1.0,89.47,2022-11-10,MarketResult_SEM-DA_PWR-MRC-D+1_20221109110000_20221109113452.csv
2022-11-10T22:00:00Z,1.0,50.5,2022-11-10,MarketResult_SEM-DA_PWR-MRC-D+1_20221109110000_20221109113452.csv
2022-11-10T23:00:00Z,1.0,7.2,2022-11-11,MarketResult_SEM-DA_PWR-MRC-D+1_20221110110000_20221110113626.csv
2022-11-11T00:00:00Z,1.0,0.0,2022-11-11,MarketResult_SEM-DA_PWR-MRC-D+1_20221110110000_20221110113626.csv
2022-11-11T01:00:00Z,1.0,0.0,2022-11-11,MarketResult_SEM-DA_PWR-MRC-D+1_20221110110000_20221110113626.csv
2022-11-11T02:00:00Z,1.0,-0.01,2022-11-11,MarketResult_SEM-DA_PWR-MRC-D+1_20221110110000_20221110113626.csv
2022-11-11T03:00:00Z,1.0,-3.0,2022-11-11,MarketResult_SEM-DA_PWR-MRC-D+1_20221110110000_20221110113626.csv
2022-11-11T04:00:00Z,1.0,-7.0,2022-11-11,MarketResult_SEM-DA_PWR-MRC-D+1_20221110110000_20221110113626.csv
2022-11-11T05:00:00Z,1.0,-1.0,2022-11-11,MarketResult_SEM-DA_PWR-MRC-D+1_20221110110000_20221110113626.csv
2022-11-11T06:00:00Z,1.0,20.0,2022-11-11,MarketResult_SEM-DA_PWR-MRC-D+1_20221110110000_20221110113626.csv
2022-11-11T07:00:00Z,1.0,75.0,2022-11-11,MarketResult_SEM-DA_PWR-MRC-D+1_20221110110000_20221110113626.csv
2022-11-11T08:00:00Z,1.0,80.12,2022-11-11,MarketResult_SEM-DA_PWR-MRC-D+1_20221110110000_20221110113626.csv
2022-11-11T09:00:00Z,1.0,89.0,2022-11-11,MarketResult_SEM-DA_PWR-MRC-D+1_20221110110000_20221110113626.csv
2022-11-11T10:00:00Z,1.0,86.9,2022-11-11,MarketResult_SEM-DA_PWR-MRC-D+1_20221110110000_20221110113626.csv
2022-11-11T11:00:00Z,1.0,85.39,2022-11-11,MarketResult_SEM-DA_PWR-MRC-D+1_20221110110000_20221110113626.csv
2022-11-11T12:00:00Z,1.0,93.5,2022-11-11,MarketResult_SEM-DA_PWR-MRC-D+1_20221110110000_20221110113626.csv
2022-11-11T13:00:00Z,1.0,94.38,2022-11-11,MarketResult_SEM-DA_PWR-MRC-D+1_20221110110000_20221110113626.csv
2022-11-11T14:00:00Z,1.0,108.89,2022-11-11,MarketResult_SEM-DA_PWR-MRC-D+1_20221110110000_20221110113626.csv
2022-11-11T15:00:00Z,1.0,100.11,2022-11-11,MarketResult_SEM-DA_PWR-MRC-D+1_20221110110000_20221110113626.csv
2022-11-11T16:00:00Z,1.0,160.2,2022-11-11,MarketResult_SEM-DA_PWR-MRC-D+1_20221110110000_20221110113626.csv
2022-11-11T17:00:00Z,1.0,255.0,2022-11-11,MarketResult_SEM-DA_PWR-MRC-D+1_20221110110000_20221110113626.csv
2022-11-11T18:00:00Z,1.0,235.0,2022-11-11,MarketResult_SEM-DA_PWR-MRC-D+1_20221110110000_20221110113626.csv
2022-11-11T19:00:00Z,1.0,206.4,2022-11-11,MarketResult_SEM-DA_PWR-MRC-D+1_20221110110000_20221110113626.csv
2022-11-11T20:00:00Z,1.0,179.0,2022-11-11,MarketResult_SEM-DA_PWR-MRC-D+1_20221110110000_20221110113626.csv
2022-11-11T21:00:00Z,1.0,149.0,2022-11-11,MarketResult_SEM-DA_PWR-MRC-D+1_20221110110000_20221110113626.csv
2022-11-11T22:00:00Z,1.0,130.0,2022-11-11,MarketResult_SEM-DA_PWR-MRC-D+1_20221110110000_20221110113626.csv
2022-11-11T23:00:00Z,1.0,135.28,2022-11-12,MarketResult_SEM-DA_PWR-MRC-D+1_20221111110000_20221111113336.csv
2022-11-12T00:00:00Z,1.0,118.03,2022-11-12,MarketResult_SEM-DA_PWR-MRC-D+1_20221111110000_20221111113336.csv
2022-11-12T01:00:00Z,1.0,121.2,2022-11-12,MarketResult_SEM-DA_PWR-MRC-D+1_20221111110000_20221111113336.csv
2022-11-12T02:00:00Z,1.0,114.11,2022-11-12,MarketResult_SEM-DA_PWR-MRC-D+1_20221111110000_20221111113336.csv
2022-11-12T03:00:00Z,1.0,112.0,2022-11-12,MarketResult_SEM-DA_PWR-MRC-D+1_20221111110000_20221111113336.csv
2022-11-12T04:00:00Z,1.0,108.99,2022-11-12,MarketResult_SEM-DA_PWR-MRC-D+1_20221111110000_20221111113336.csv
2022-11-12T05:00:00Z,1.0,95.0,2022-11-12,MarketResult_SEM-DA_PWR-MRC-D+1_20221111110000_20221111113336.csv
2022-11-12T06:00:00Z,1.0,110.15,2022-11-12,MarketResult_SEM-DA_PWR-MRC-D+1_20221111110000_20221111113336.csv
2022-11-12T07:00:00Z,1.0,105.0,2022-11-12,MarketResult_SEM-DA_PWR-MRC-D+1_20221111110000_20221111113336.csv
2022-11-12T08:00:00Z,1.0,135.0,2022-11-12,MarketResult_SEM-DA_PWR-MRC-D+1_20221111110000_20221111113336.csv
2022-11-12T09:00:00Z,1.0,125.0,2022-11-12,MarketResult_SEM-DA_PWR-MRC-D+1_20221111110000_20221111113336.csv
2022-11-12T10:00:00Z,1.0,111.49,2022-11-12,MarketResult_SEM-DA_PWR-MRC-D+1_20221111110000_20221111113336.csv
2022-11-12T11:00:00Z,1.0,108.71,2022-11-12,MarketResult_SEM-DA_PWR-MRC-D+1_20221111110000_20221111113336.csv
2022-11-12T12:00:00Z,1.0,113.81,2022-11-12,MarketResult_SEM-DA_PWR-MRC-D+1_20221111110000_20221111113336.csv
2022-11-12T13:00:00Z,1.0,116.97,2022-11-12,MarketResult_SEM-DA_PWR-MRC-D+1_20221111110000_20221111113336.csv
2022-11-12T14:00:00Z,1.0,124.98,2022-11-12,MarketResult_SEM-DA_PWR-MRC-D+1_20221111110000_20221111113336.csv
2022-11-12T15:00:00Z,1.0,112.29,2022-11-12,MarketResult_SEM-DA_PWR-MRC-D+1_20221111110000_20221111113336.csv
2022-11-12T16:00:00Z,1.0,147.47,2022-11-12,MarketResult_SEM-DA_PWR-MRC-D+1_20221111110000_20221111113336.csv
2022-11-12T17:00:00Z,1.0,178.98,2022-11-12,MarketResult_SEM-DA_PWR-MRC-D+1_20221111110000_20221111113336.csv
2022-11-12T18:00:00Z,1.0,145.3,2022-11-12,MarketResult_SEM-DA_PWR-MRC-D+1_20221111110000_20221111113336.csv
2022-11-12T19:00:00Z,1.0,111.0,2022-11-12,MarketResult_SEM-DA_PWR-MRC-D+1_20221111110000_20221111113336.csv
2022-11-12T20:00:00Z,1.0,105.0,2022-11-12,MarketResult_SEM-DA_PWR-MRC-D+1_20221111110000_20221111113336.csv
2022-11-12T21:00:00Z,1.0,98.17,2022-11-12,MarketResult_SEM-DA_PWR-MRC-D+1_20221111110000_20221111113336.csv
2022-11-12T22:00:00Z,1.0,84.0,2022-11-12,MarketResult_SEM-DA_PWR-MRC-D+1_20221111110000_20221111113336.csv
2022-11-12T23:00:00Z,1.0,95.64,2022-11-13,MarketResult_SEM-DA_PWR-MRC-D+1_20221112110000_20221112113426.csv
2022-11-13T00:00:00Z,1.0,69.99,2022-11-13,MarketResult_SEM-DA_PWR-MRC-D+1_20221112110000_20221112113426.csv
2022-11-13T01:00:00Z,1.0,44.91,2022-11-13,MarketResult_SEM-DA_PWR-MRC-D+1_20221112110000_20221112113426.csv
2022-11-13T02:00:00Z,1.0,30.0,2022-11-13,MarketResult_SEM-DA_PWR-MRC-D+1_20221112110000_20221112113426.csv
2022-11-13T03:00:00Z,1.0,10.0,2022-11-13,MarketResult_SEM-DA_PWR-MRC-D+1_20221112110000_20221112113426.csv
2022-11-13T04:00:00Z,1.0,10.0,2022-11-13,MarketResult_SEM-DA_PWR-MRC-D+1_20221112110000_20221112113426.csv
2022-11-13T05:00:00Z,1.0,5.0,2022-11-13,MarketResult_SEM-DA_PWR-MRC-D+1_20221112110000_20221112113426.csv
2022-11-13T06:00:00Z,1.0,5.0,2022-11-13,MarketResult_SEM-DA_PWR-MRC-D+1_20221112110000_20221112113426.csv
2022-11-13T07:00:00Z,1.0,10.3,2022-11-13,MarketResult_SEM-DA_PWR-MRC-D+1_20221112110000_20221112113426.csv
2022-11-13T08:00:00Z,1.0,34.7,2022-11-13,MarketResult_SEM-DA_PWR-MRC-D+1_20221112110000_20221112113426.csv
2022-11-13T09:00:00Z,1.0,88.41,2022-11-13,MarketResult_SEM-DA_PWR-MRC-D+1_20221112110000_20221112113426.csv
2022-11-13T10:00:00Z,1.0,95.0,2022-11-13,MarketResult_SEM-DA_PWR-MRC-D+1_20221112110000_20221112113426.csv
2022-11-13T11:00:00Z,1.0,98.5,2022-11-13,MarketResult_SEM-DA_PWR-MRC-D+1_20221112110000_20221112113426.csv
2022-11-13T12:00:00Z,1.0,108.21,2022-11-13,MarketResult_SEM-DA_PWR-MRC-D+1_20221112110000_20221112113426.csv
2022-11-13T13:00:00Z,1.0,115.0,2022-11-13,MarketResult_SEM-DA_PWR-MRC-D+1_20221112110000_20221112113426.csv
2022-11-13T14:00:00Z,1.0,124.5,2022-11-13,MarketResult_SEM-DA_PWR-MRC-D+1_20221112110000_20221112113426.csv
2022-11-13T15:00:00Z,1.0,117.0,2022-11-13,MarketResult_SEM-DA_PWR-MRC-D+1_20221112110000_20221112113426.csv
2022-11-13T16:00:00Z,1.0,173.33,2022-11-13,MarketResult_SEM-DA_PWR-MRC-D+1_20221112110000_20221112113426.csv
2022-11-13T17:00:00Z,1.0,224.0,2022-11-13,MarketResult_SEM-DA_PWR-MRC-D+1_20221112110000_20221112113426.csv
2022-11-13T18:00:00Z,1.0,203.0,2022-11-13,MarketResult_SEM-DA_PWR-MRC-D+1_20221112110000_20221112113426.csv
2022-11-13T19:00:00Z,1.0,170.24,2022-11-13,MarketResult_SEM-DA_PWR-MRC-D+1_20221112110000_20221112113426.csv
2022-11-13T20:00:00Z,1.0,160.81,2022-11-13,MarketResult_SEM-DA_PWR-MRC-D+1_20221112110000_20221112113426.csv
2022-11-13T21:00:00Z,1.0,143.55,2022-11-13,MarketResult_SEM-DA_PWR-MRC-D+1_20221112110000_20221112113426.csv
2022-11-13T22:00:00Z,1.0,116.48,2022-11-13,MarketResult_SEM-DA_PWR-MRC-D+1_20221112110000_20221112113426.csv
2022-11-13T23:00:00Z,1.0,127.12,2022-11-14,MarketResult_SEM-DA_PWR-MRC-D+1_20221113110000_20221113113512.csv
2022-11-14T00:00:00Z,1.0,125.0,2022-11-14,MarketResult_SEM-DA_PWR-MRC-D+1_20221113110000_20221113113512.csv
2022-11-14T01:00:00Z,1.0,124.86,2022-11-14,MarketResult_SEM-DA_PWR-MRC-D+1_20221113110000_20221113113512.csv
2022-11-14T02:00:00Z,1.0,117.76,2022-11-14,MarketResult_SEM-DA_PWR-MRC-D+1_20221113110000_20221113113512.csv
2022-11-14T03:00:00Z,1.0,119.0,2022-11-14,MarketResult_SEM-DA_PWR-MRC-D+1_20221113110000_20221113113512.csv
2022-11-14T04:00:00Z,1.0,121.49,2022-11-14,MarketResult_SEM-DA_PWR-MRC-D+1_20221113110000_20221113113512.csv
2022-11-14T05:00:00Z,1.0,134.68,2022-11-14,MarketResult_SEM-DA_PWR-MRC-D+1_20221113110000_20221113113512.csv
2022-11-14T06:00:00Z,1.0,158.0,2022-11-14,MarketResult_SEM-DA_PWR-MRC-D+1_20221113110000_20221113113512.csv
2022-11-14T07:00:00Z,1.0,213.0,2022-11-14,MarketResult_SEM-DA_PWR-MRC-D+1_20221113110000_20221113113512.csv
2022-11-14T08:00:00Z,1.0,216.23,2022-11-14,MarketResult_SEM-DA_PWR-MRC-D+1_20221113110000_20221113113512.csv
2022-11-14T09:00:00Z,1.0,220.1,2022-11-14,MarketResult_SEM-DA_PWR-MRC-D+1_20221113110000_20221113113512.csv
2022-11-14T10:00:00Z,1.0,209.77,2022-11-14,MarketResult_SEM-DA_PWR-MRC-D+1_20221113110000_20221113113512.csv
2022-11-14T11:00:00Z,1.0,189.28,2022-11-14,MarketResult_SEM-DA_PWR-MRC-D+1_20221113110000_20221113113512.csv
2022-11-14T12:00:00Z,1.0,188.93,2022-11-14,MarketResult_SEM-DA_PWR-MRC-D+1_20221113110000_20221113113512.csv
2022-11-14T13:00:00Z,1.0,175.5,2022-11-14,MarketResult_SEM-DA_PWR-MRC-D+1_20221113110000_20221113113512.csv
2022-11-14T14:00:00Z,1.0,165.44,2022-11-14,MarketResult_SEM-DA_PWR-MRC-D+1_20221113110000_20221113113512.csv
2022-11-14T15:00:00Z,1.0,160.0,2022-11-14,MarketResult_SEM-DA_PWR-MRC-D+1_20221113110000_20221113113512.csv
2022-11-14T16:00:00Z,1.0,170.0,2022-11-14,MarketResult_SEM-DA_PWR-MRC-D+1_20221113110000_20221113113512.csv
2022-11-14T17:00:00Z,1.0,159.09,2022-11-14,MarketResult_SEM-DA_PWR-MRC-D+1_20221113110000_20221113113512.csv
2022-11-14T18:00:00Z,1.0,151.71,2022-11-14,MarketResult_SEM-DA_PWR-MRC-D+1_20221113110000_20221113113512.csv
2022-11-14T19:00:00Z,1.0,104.46,2022-11-14,MarketResult_SEM-DA_PWR-MRC-D+1_20221113110000_20221113113512.csv
2022-11-14T20:00:00Z,1.0,101.07,2022-11-14,MarketResult_SEM-DA_PWR-MRC-D+1_20221113110000_20221113113512.csv
2022-11-14T21:00:00Z,1.0,101.07,2022-11-14,MarketResult_SEM-DA_PWR-MRC-D+1_20221113110000_20221113113512.csv
2022-11-14T22:00:00Z,1.0,93.17,2022-11-14,MarketResult_SEM-DA_PWR-MRC-D+1_20221113110000_20221113113512.csv
2022-11-14T23:00:00Z,1.0,103.0,2022-11-15,MarketResult_SEM-DA_PWR-MRC-D+1_20221114110000_20221114113519.csv
2022-11-15T00:00:00Z,1.0,101.82,2022-11-15,MarketResult_SEM-DA_PWR-MRC-D+1_20221114110000_20221114113519.csv
2022-11-15T01:00:00Z,1.0,109.35,2022-11-15,MarketResult_SEM-DA_PWR-MRC-D+1_20221114110000_20221114113519.csv
2022-11-15T02:00:00Z,1.0,105.0,2022-11-15,MarketResult_SEM-DA_PWR-MRC-D+1_20221114110000_20221114113519.csv
2022-11-15T03:00:00Z,1.0,109.92,2022-11-15,MarketResult_SEM-DA_PWR-MRC-D+1_20221114110000_20221114113519.csv
2022-11-15T04:00:00Z,1.0,97.01,2022-11-15,MarketResult_SEM-DA_PWR-MRC-D+1_20221114110000_20221114113519.csv
2022-11-15T05:00:00Z,1.0,104.0,2022-11-15,MarketResult_SEM-DA_PWR-MRC-D+1_20221114110000_20221114113519.csv
2022-11-15T06:00:00Z,1.0,121.0,2022-11-15,MarketResult_SEM-DA_PWR-MRC-D+1_20221114110000_20221114113519.csv
2022-11-15T07:00:00Z,1.0,133.2,2022-11-15,MarketResult_SEM-DA_PWR-MRC-D+1_20221114110000_20221114113519.csv
2022-11-15T08:00:00Z,1.0,143.8,2022-11-15,MarketResult_SEM-DA_PWR-MRC-D+1_20221114110000_20221114113519.csv
2022-11-15T09:00:00Z,1.0,155.85,2022-11-15,MarketResult_SEM-DA_PWR-MRC-D+1_20221114110000_20221114113519.csv
2022-11-15T10:00:00Z,1.0,153.09,2022-11-15,MarketResult_SEM-DA_PWR-MRC-D+1_20221114110000_20221114113519.csv
2022-11-15T11:00:00Z,1.0,153.65,2022-11-15,MarketResult_SEM-DA_PWR-MRC-D+1_20221114110000_20221114113519.csv
2022-11-15T12:00:00Z,1.0,157.86,2022-11-15,MarketResult_SEM-DA_PWR-MRC-D+1_20221114110000_20221114113519.csv
2022-11-15T13:00:00Z,1.0,155.0,2022-11-15,MarketResult_SEM-DA_PWR-MRC-D+1_20221114110000_20221114113519.csv
2022-11-15T14:00:00Z,1.0,137.53,2022-11-15,MarketResult_SEM-DA_PWR-MRC-D+1_20221114110000_20221114113519.csv
2022-11-15T15:00:00Z,1.0,143.3,2022-11-15,MarketResult_SEM-DA_PWR-MRC-D+1_20221114110000_20221114113519.csv
2022-11-15T16:00:00Z,1.0,175.0,2022-11-15,MarketResult_SEM-DA_PWR-MRC-D+1_20221114110000_20221114113519.csv
2022-11-15T17:00:00Z,1.0,212.27,2022-11-15,MarketResult_SEM-DA_PWR-MRC-D+1_20221114110000_20221114113519.csv
2022-11-15T18:00:00Z,1.0,188.0,2022-11-15,MarketResult_SEM-DA_PWR-MRC-D+1_20221114110000_20221114113519.csv
2022-11-15T19:00:00Z,1.0,163.8,2022-11-15,MarketResult_SEM-DA_PWR-MRC-D+1_20221114110000_20221114113519.csv
2022-11-15T20:00:00Z,1.0,146.34,2022-11-15,MarketResult_SEM-DA_PWR-MRC-D+1_20221114110000_20221114113519.csv
2022-11-15T21:00:00Z,1.0,131.47,2022-11-15,MarketResult_SEM-DA_PWR-MRC-D+1_20221114110000_20221114113519.csv
2022-11-15T22:00:00Z,1.0,114.1,2022-11-15,MarketResult_SEM-DA_PWR-MRC-D+1_20221114110000_20221114113519.csv
2022-11-15T23:00:00Z,1.0,143.41,2022-11-16,MarketResult_SEM-DA_PWR-MRC-D+1_20221115110000_20221115113433.csv
2022-11-16T00:00:00Z,1.0,131.35,2022-11-16,MarketResult_SEM-DA_PWR-MRC-D+1_20221115110000_20221115113433.csv
2022-11-16T01:00:00Z,1.0,130.58,2022-11-16,MarketResult_SEM-DA_PWR-MRC-D+1_20221115110000_20221115113433.csv
2022-11-16T02:00:00Z,1.0,128.0,2022-11-16,MarketResult_SEM-DA_PWR-MRC-D+1_20221115110000_20221115113433.csv
2022-11-16T03:00:00Z,1.0,128.69,2022-11-16,MarketResult_SEM-DA_PWR-MRC-D+1_20221115110000_20221115113433.csv
2022-11-16T04:00:00Z,1.0,129.41,2022-11-16,MarketResult_SEM-DA_PWR-MRC-D+1_20221115110000_20221115113433.csv
2022-11-16T05:00:00Z,1.0,133.72,2022-11-16,MarketResult_SEM-DA_PWR-MRC-D+1_20221115110000_20221115113433.csv
2022-11-16T06:00:00Z,1.0,149.0,2022-11-16,MarketResult_SEM-DA_PWR-MRC-D+1_20221115110000_20221115113433.csv
2022-11-16T07:00:00Z,1.0,191.89,2022-11-16,MarketResult_SEM-DA_PWR-MRC-D+1_20221115110000_20221115113433.csv
2022-11-16T08:00:00Z,1.0,209.33,2022-11-16,MarketResult_SEM-DA_PWR-MRC-D+1_20221115110000_20221115113433.csv
2022-11-16T09:00:00Z,1.0,214.39,2022-11-16,MarketResult_SEM-DA_PWR-MRC-D+1_20221115110000_20221115113433.csv
2022-11-16T10:00:00Z,1.0,214.0,2022-11-16,MarketResult_SEM-DA_PWR-MRC-D+1_20221115110000_20221115113433.csv
2022-11-16T11:00:00Z,1.0,216.14,2022-11-16,MarketResult_SEM-DA_PWR-MRC-D+1_20221115110000_20221115113433.csv
2022-11-16T12:00:00Z,1.0,230.0,2022-11-16,MarketResult_SEM-DA_PWR-MRC-D+1_20221115110000_20221115113433.csv
2022-11-16T13:00:00Z,1.0,223.0,2022-11-16,MarketResult_SEM-DA_PWR-MRC-D+1_20221115110000_20221115113433.csv
2022-11-16T14:00:00Z,1.0,214.39,2022-11-16,MarketResult_SEM-DA_PWR-MRC-D+1_20221115110000_20221115113433.csv
2022-11-16T15:00:00Z,1.0,222.29,2022-11-16,MarketResult_SEM-DA_PWR-MRC-D+1_20221115110000_20221115113433.csv
2022-11-16T16:00:00Z,1.0,260.0,2022-11-16,MarketResult_SEM-DA_PWR-MRC-D+1_20221115110000_20221115113433.csv
2022-11-16T17:00:00Z,1.0,384.0,2022-11-16,MarketResult_SEM-DA_PWR-MRC-D+1_20221115110000_20221115113433.csv
2022-11-16T18:00:00Z,1.0,300.91,2022-11-16,MarketResult_SEM-DA_PWR-MRC-D+1_20221115110000_20221115113433.csv
2022-11-16T19:00:00Z,1.0,222.29,2022-11-16,MarketResult_SEM-DA_PWR-MRC-D+1_20221115110000_20221115113433.csv
2022-11-16T20:00:00Z,1.0,219.44,2022-11-16,MarketResult_SEM-DA_PWR-MRC-D+1_20221115110000_20221115113433.csv
2022-11-16T21:00:00Z,1.0,192.38,2022-11-16,MarketResult_SEM-DA_PWR-MRC-D+1_20221115110000_20221115113433.csv
2022-11-16T22:00:00Z,1.0,152.0,2022-11-16,MarketResult_SEM-DA_PWR-MRC-D+1_20221115110000_20221115113433.csv
2022-11-16T23:00:00Z,1.0,148.14,2022-11-17,MarketResult_SEM-DA_PWR-MRC-D+1_20221116110000_20221116113324 - Copy.csv
2022-11-17T00:00:00Z,1.0,135.0,2022-11-17,MarketResult_SEM-DA_PWR-MRC-D+1_20221116110000_20221116113324 - Copy.csv
2022-11-17T01:00:00Z,1.0,126.01,2022-11-17,MarketResult_SEM-DA_PWR-MRC-D+1_20221116110000_20221116113324 - Copy.csv
2022-11-17T02:00:00Z,1.0,120.28,2022-11-17,MarketResult_SEM-DA_PWR-MRC-D+1_20221116110000_20221116113324 - Copy.csv
2022-11-17T03:00:00Z,1.0,115.52,2022-11-17,MarketResult_SEM-DA_PWR-MRC-D+1_20221116110000_20221116113324 - Copy.csv
2022-11-17T04:00:00Z,1.0,115.52,2022-11-17,MarketResult_SEM-DA_PWR-MRC-D+1_20221116110000_20221116113324 - Copy.csv
2022-11-17T05:00:00Z,1.0,125.21,2022-11-17,MarketResult_SEM-DA_PWR-MRC-D+1_20221116110000_20221116113324 - Copy.csv
2022-11-17T06:00:00Z,1.0,147.21,2022-11-17,MarketResult_SEM-DA_PWR-MRC-D+1_20221116110000_20221116113324 - Copy.csv
2022-11-17T07:00:00Z,1.0,178.29,2022-11-17,MarketResult_SEM-DA_PWR-MRC-D+1_20221116110000_20221116113324 - Copy.csv
2022-11-17T08:00:00Z,1.0,221.71,2022-11-17,MarketResult_SEM-DA_PWR-MRC-D+1_20221116110000_20221116113324 - Copy.csv
2022-11-17T09:00:00Z,1.0,246.58,2022-11-17,MarketResult_SEM-DA_PWR-MRC-D+1_20221116110000_20221116113324 - Copy.csv
2022-11-17T10:00:00Z,1.0,229.75,2022-11-17,MarketResult_SEM-DA_PWR-MRC-D+1_20221116110000_20221116113324 - Copy.csv
2022-11-17T11:00:00Z,1.0,224.48,2022-11-17,MarketResult_SEM-DA_PWR-MRC-D+1_20221116110000_20221116113324 - Copy.csv
2022-11-17T12:00:00Z,1.0,185.14,2022-11-17,MarketResult_SEM-DA_PWR-MRC-D+1_20221116110000_20221116113324 - Copy.csv
2022-11-17T13:00:00Z,1.0,169.27,2022-11-17,MarketResult_SEM-DA_PWR-MRC-D+1_20221116110000_20221116113324 - Copy.csv
2022-11-17T14:00:00Z,1.0,167.7,2022-11-17,MarketResult_SEM-DA_PWR-MRC-D+1_20221116110000_20221116113324 - Copy.csv
2022-11-17T15:00:00Z,1.0,161.56,2022-11-17,MarketResult_SEM-DA_PWR-MRC-D+1_20221116110000_20221116113324 - Copy.csv
2022-11-17T16:00:00Z,1.0,205.38,2022-11-17,MarketResult_SEM-DA_PWR-MRC-D+1_20221116110000_20221116113324 - Copy.csv
2022-11-17T17:00:00Z,1.0,207.0,2022-11-17,MarketResult_SEM-DA_PWR-MRC-D+1_20221116110000_20221116113324 - Copy.csv
2022-11-17T18:00:00Z,1.0,174.29,2022-11-17,MarketResult_SEM-DA_PWR-MRC-D+1_20221116110000_20221116113324 - Copy.csv
2022-11-17T19:00:00Z,1.0,145.0,2022-11-17,MarketResult_SEM-DA_PWR-MRC-D+1_20221116110000_20221116113324 - Copy.csv
2022-11-17T20:00:00Z,1.0,134.0,2022-11-17,MarketResult_SEM-DA_PWR-MRC-D+1_20221116110000_20221116113324 - Copy.csv
2022-11-17T21:00:00Z,1.0,122.5,2022-11-17,MarketResult_SEM-DA_PWR-MRC-D+1_20221116110000_20221116113324 - Copy.csv
2022-11-17T22:00:00Z,1.0,110.47,2022-11-17,MarketResult_SEM-DA_PWR-MRC-D+1_20221116110000_20221116113324 - Copy.csv
2022-11-17T23:00:00Z,1.0,107.0,2022-11-18,MarketResult_SEM-DA_PWR-MRC-D+1_20221117110000_20221117113823.csv
2022-11-18T00:00:00Z,1.0,97.65,2022-11-18,MarketResult_SEM-DA_PWR-MRC-D+1_20221117110000_20221117113823.csv
2022-11-18T01:00:00Z,1.0,94.0,2022-11-18,MarketResult_SEM-DA_PWR-MRC-D+1_20221117110000_20221117113823.csv
2022-11-18T02:00:00Z,1.0,89.0,2022-11-18,MarketResult_SEM-DA_PWR-MRC-D+1_20221117110000_20221117113823.csv
2022-11-18T03:00:00Z,1.0,80.34,2022-11-18,MarketResult_SEM-DA_PWR-MRC-D+1_20221117110000_20221117113823.csv
2022-11-18T04:00:00Z,1.0,85.0,2022-11-18,MarketResult_SEM-DA_PWR-MRC-D+1_20221117110000_20221117113823.csv
2022-11-18T05:00:00Z,1.0,84.59,2022-11-18,MarketResult_SEM-DA_PWR-MRC-D+1_20221117110000_20221117113823.csv
2022-11-18T06:00:00Z,1.0,103.36,2022-11-18,MarketResult_SEM-DA_PWR-MRC-D+1_20221117110000_20221117113823.csv
2022-11-18T07:00:00Z,1.0,118.25,2022-11-18,MarketResult_SEM-DA_PWR-MRC-D+1_20221117110000_20221117113823.csv
2022-11-18T08:00:00Z,1.0,141.02,2022-11-18,MarketResult_SEM-DA_PWR-MRC-D+1_20221117110000_20221117113823.csv
2022-11-18T09:00:00Z,1.0,144.0,2022-11-18,MarketResult_SEM-DA_PWR-MRC-D+1_20221117110000_20221117113823.csv
2022-11-18T10:00:00Z,1.0,132.03,2022-11-18,MarketResult_SEM-DA_PWR-MRC-D+1_20221117110000_20221117113823.csv
2022-11-18T11:00:00Z,1.0,131.73,2022-11-18,MarketResult_SEM-DA_PWR-MRC-D+1_20221117110000_20221117113823.csv
2022-11-18T12:00:00Z,1.0,135.0,2022-11-18,MarketResult_SEM-DA_PWR-MRC-D+1_20221117110000_20221117113823.csv
2022-11-18T13:00:00Z,1.0,144.88,2022-11-18,MarketResult_SEM-DA_PWR-MRC-D+1_20221117110000_20221117113823.csv
2022-11-18T14:00:00Z,1.0,133.12,2022-11-18,MarketResult_SEM-DA_PWR-MRC-D+1_20221117110000_20221117113823.csv
2022-11-18T15:00:00Z,1.0,144.33,2022-11-18,MarketResult_SEM-DA_PWR-MRC-D+1_20221117110000_20221117113823.csv
2022-11-18T16:00:00Z,1.0,189.0,2022-11-18,MarketResult_SEM-DA_PWR-MRC-D+1_20221117110000_20221117113823.csv
2022-11-18T17:00:00Z,1.0,234.0,2022-11-18,MarketResult_SEM-DA_PWR-MRC-D+1_20221117110000_20221117113823.csv
2022-11-18T18:00:00Z,1.0,197.82,2022-11-18,MarketResult_SEM-DA_PWR-MRC-D+1_20221117110000_20221117113823.csv
2022-11-18T19:00:00Z,1.0,188.59,2022-11-18,MarketResult_SEM-DA_PWR-MRC-D+1_20221117110000_20221117113823.csv
2022-11-18T20:00:00Z,1.0,160.51,2022-11-18,MarketResult_SEM-DA_PWR-MRC-D+1_20221117110000_20221117113823.csv
2022-11-18T21:00:00Z,1.0,136.43,2022-11-18,MarketResult_SEM-DA_PWR-MRC-D+1_20221117110000_20221117113823.csv
2022-11-18T22:00:00Z,1.0,131.92,2022-11-18,MarketResult_SEM-DA_PWR-MRC-D+1_20221117110000_20221117113823.csv
2022-11-18T23:00:00Z,1.0,156.01,2022-11-19,MarketResult_SEM-DA_PWR-MRC-D+1_20221118110000_20221118113659.csv
2022-11-19T00:00:00Z,1.0,146.14,2022-11-19,MarketResult_SEM-DA_PWR-MRC-D+1_20221118110000_20221118113659.csv
2022-11-19T01:00:00Z,1.0,143.0,2022-11-19,MarketResult_SEM-DA_PWR-MRC-D+1_20221118110000_20221118113659.csv
2022-11-19T02:00:00Z,1.0,137.71,2022-11-19,MarketResult_SEM-DA_PWR-MRC-D+1_20221118110000_20221118113659.csv
2022-11-19T03:00:00Z,1.0,134.92,2022-11-19,MarketResult_SEM-DA_PWR-MRC-D+1_20221118110000_20221118113659.csv
2022-11-19T04:00:00Z,1.0,132.07,2022-11-19,MarketResult_SEM-DA_PWR-MRC-D+1_20221118110000_20221118113659.csv
2022-11-19T05:00:00Z,1.0,132.27,2022-11-19,MarketResult_SEM-DA_PWR-MRC-D+1_20221118110000_20221118113659.csv
2022-11-19T06:00:00Z,1.0,136.68,2022-11-19,MarketResult_SEM-DA_PWR-MRC-D+1_20221118110000_20221118113659.csv
2022-11-19T07:00:00Z,1.0,131.0,2022-11-19,MarketResult_SEM-DA_PWR-MRC-D+1_20221118110000_20221118113659.csv
2022-11-19T08:00:00Z,1.0,125.88,2022-11-19,MarketResult_SEM-DA_PWR-MRC-D+1_20221118110000_20221118113659.csv
2022-11-19T09:00:00Z,1.0,139.65,2022-11-19,MarketResult_SEM-DA_PWR-MRC-D+1_20221118110000_20221118113659.csv
2022-11-19T10:00:00Z,1.0,135.0,2022-11-19,MarketResult_SEM-DA_PWR-MRC-D+1_20221118110000_20221118113659.csv
2022-11-19T11:00:00Z,1.0,133.42,2022-11-19,MarketResult_SEM-DA_PWR-MRC-D+1_20221118110000_20221118113659.csv
2022-11-19T12:00:00Z,1.0,125.88,2022-11-19,MarketResult_SEM-DA_PWR-MRC-D+1_20221118110000_20221118113659.csv
2022-11-19T13:00:00Z,1.0,108.34,2022-11-19,MarketResult_SEM-DA_PWR-MRC-D+1_20221118110000_20221118113659.csv
2022-11-19T14:00:00Z,1.0,104.6,2022-11-19,MarketResult_SEM-DA_PWR-MRC-D+1_20221118110000_20221118113659.csv
2022-11-19T15:00:00Z,1.0,100.84,2022-11-19,MarketResult_SEM-DA_PWR-MRC-D+1_20221118110000_20221118113659.csv
2022-11-19T16:00:00Z,1.0,125.88,2022-11-19,MarketResult_SEM-DA_PWR-MRC-D+1_20221118110000_20221118113659.csv
2022-11-19T17:00:00Z,1.0,135.25,2022-11-19,MarketResult_SEM-DA_PWR-MRC-D+1_20221118110000_20221118113659.csv
2022-11-19T18:00:00Z,1.0,135.25,2022-11-19,MarketResult_SEM-DA_PWR-MRC-D+1_20221118110000_20221118113659.csv
2022-11-19T19:00:00Z,1.0,136.41,2022-11-19,MarketResult_SEM-DA_PWR-MRC-D+1_20221118110000_20221118113659.csv
2022-11-19T20:00:00Z,1.0,134.86,2022-11-19,MarketResult_SEM-DA_PWR-MRC-D+1_20221118110000_20221118113659.csv
2022-11-19T21:00:00Z,1.0,126.62,2022-11-19,MarketResult_SEM-DA_PWR-MRC-D+1_20221118110000_20221118113659.csv
2022-11-19T22:00:00Z,1.0,125.36,2022-11-19,MarketResult_SEM-DA_PWR-MRC-D+1_20221118110000_20221118113659.csv
2022-11-19T23:00:00Z,1.0,95.01,2022-11-20,MarketResult_SEM-DA_PWR-MRC-D+1_20221119110000_20221119113650.csv
2022-11-20T00:00:00Z,1.0,99.35,2022-11-20,MarketResult_SEM-DA_PWR-MRC-D+1_20221119110000_20221119113650.csv
2022-11-20T01:00:00Z,1.0,108.98,2022-11-20,MarketResult_SEM-DA_PWR-MRC-D+1_20221119110000_20221119113650.csv
2022-11-20T02:00:00Z,1.0,98.0,2022-11-20,MarketResult_SEM-DA_PWR-MRC-D+1_20221119110000_20221119113650.csv
2022-11-20T03:00:00Z,1.0,95.76,2022-11-20,MarketResult_SEM-DA_PWR-MRC-D+1_20221119110000_20221119113650.csv
2022-11-20T04:00:00Z,1.0,93.88,2022-11-20,MarketResult_SEM-DA_PWR-MRC-D+1_20221119110000_20221119113650.csv
2022-11-20T05:00:00Z,1.0,89.0,2022-11-20,MarketResult_SEM-DA_PWR-MRC-D+1_20221119110000_20221119113650.csv
2022-11-20T06:00:00Z,1.0,100.0,2022-11-20,MarketResult_SEM-DA_PWR-MRC-D+1_20221119110000_20221119113650.csv
2022-11-20T07:00:00Z,1.0,82.0,2022-11-20,MarketResult_SEM-DA_PWR-MRC-D+1_20221119110000_20221119113650.csv
2022-11-20T08:00:00Z,1.0,95.0,2022-11-20,MarketResult_SEM-DA_PWR-MRC-D+1_20221119110000_20221119113650.csv
2022-11-20T09:00:00Z,1.0,99.63,2022-11-20,MarketResult_SEM-DA_PWR-MRC-D+1_20221119110000_20221119113650.csv
2022-11-20T10:00:00Z,1.0,99.14,2022-11-20,MarketResult_SEM-DA_PWR-MRC-D+1_20221119110000_20221119113650.csv
2022-11-20T11:00:00Z,1.0,103.77,2022-11-20,MarketResult_SEM-DA_PWR-MRC-D+1_20221119110000_20221119113650.csv
2022-11-20T12:00:00Z,1.0,114.24,2022-11-20,MarketResult_SEM-DA_PWR-MRC-D+1_20221119110000_20221119113650.csv
2022-11-20T13:00:00Z,1.0,115.13,2022-11-20,MarketResult_SEM-DA_PWR-MRC-D+1_20221119110000_20221119113650.csv
2022-11-20T14:00:00Z,1.0,115.13,2022-11-20,MarketResult_SEM-DA_PWR-MRC-D+1_20221119110000_20221119113650.csv
2022-11-20T15:00:00Z,1.0,145.0,2022-11-20,MarketResult_SEM-DA_PWR-MRC-D+1_20221119110000_20221119113650.csv
2022-11-20T16:00:00Z,1.0,199.84,2022-11-20,MarketResult_SEM-DA_PWR-MRC-D+1_20221119110000_20221119113650.csv
2022-11-20T17:00:00Z,1.0,244.0,2022-11-20,MarketResult_SEM-DA_PWR-MRC-D+1_20221119110000_20221119113650.csv
2022-11-20T18:00:00Z,1.0,200.31,2022-11-20,MarketResult_SEM-DA_PWR-MRC-D+1_20221119110000_20221119113650.csv
2022-11-20T19:00:00Z,1.0,175.0,2022-11-20,MarketResult_SEM-DA_PWR-MRC-D+1_20221119110000_20221119113650.csv
2022-11-20T20:00:00Z,1.0,149.0,2022-11-20,MarketResult_SEM-DA_PWR-MRC-D+1_20221119110000_20221119113650.csv
2022-11-20T21:00:00Z,1.0,115.13,2022-11-20,MarketResult_SEM-DA_PWR-MRC-D+1_20221119110000_20221119113650.csv
2022-11-20T22:00:00Z,1.0,116.36,2022-11-20,MarketResult_SEM-DA_PWR-MRC-D+1_20221119110000_20221119113650.csv
2022-11-20T23:00:00Z,1.0,90.0,2022-11-21,MarketResult_SEM-DA_PWR-MRC-D+1_20221120110000_20221120113730.csv
2022-11-21T00:00:00Z,1.0,80.27,2022-11-21,MarketResult_SEM-DA_PWR-MRC-D+1_20221120110000_20221120113730.csv
2022-11-21T01:00:00Z,1.0,47.21,2022-11-21,MarketResult_SEM-DA_PWR-MRC-D+1_20221120110000_20221120113730.csv
2022-11-21T02:00:00Z,1.0,34.73,2022-11-21,MarketResult_SEM-DA_PWR-MRC-D+1_20221120110000_20221120113730.csv
2022-11-21T03:00:00Z,1.0,33.83,2022-11-21,MarketResult_SEM-DA_PWR-MRC-D+1_20221120110000_20221120113730.csv
2022-11-21T04:00:00Z,1.0,33.88,2022-11-21,MarketResult_SEM-DA_PWR-MRC-D+1_20221120110000_20221120113730.csv
2022-11-21T05:00:00Z,1.0,18.98,2022-11-21,MarketResult_SEM-DA_PWR-MRC-D+1_20221120110000_20221120113730.csv
2022-11-21T06:00:00Z,1.0,75.05,2022-11-21,MarketResult_SEM-DA_PWR-MRC-D+1_20221120110000_20221120113730.csv
2022-11-21T07:00:00Z,1.0,109.9,2022-11-21,MarketResult_SEM-DA_PWR-MRC-D+1_20221120110000_20221120113730.csv
2022-11-21T08:00:00Z,1.0,105.08,2022-11-21,MarketResult_SEM-DA_PWR-MRC-D+1_20221120110000_20221120113730.csv
2022-11-21T09:00:00Z,1.0,143.11,2022-11-21,MarketResult_SEM-DA_PWR-MRC-D+1_20221120110000_20221120113730.csv
2022-11-21T10:00:00Z,1.0,143.11,2022-11-21,MarketResult_SEM-DA_PWR-MRC-D+1_20221120110000_20221120113730.csv
2022-11-21T11:00:00Z,1.0,169.0,2022-11-21,MarketResult_SEM-DA_PWR-MRC-D+1_20221120110000_20221120113730.csv
2022-11-21T12:00:00Z,1.0,175.0,2022-11-21,MarketResult_SEM-DA_PWR-MRC-D+1_20221120110000_20221120113730.csv
2022-11-21T13:00:00Z,1.0,154.68,2022-11-21,MarketResult_SEM-DA_PWR-MRC-D+1_20221120110000_20221120113730.csv
2022-11-21T14:00:00Z,1.0,142.92,2022-11-21,MarketResult_SEM-DA_PWR-MRC-D+1_20221120110000_20221120113730.csv
2022-11-21T15:00:00Z,1.0,145.57,2022-11-21,MarketResult_SEM-DA_PWR-MRC-D+1_20221120110000_20221120113730.csv
2022-11-21T16:00:00Z,1.0,180.21,2022-11-21,MarketResult_SEM-DA_PWR-MRC-D+1_20221120110000_20221120113730.csv
2022-11-21T17:00:00Z,1.0,202.0,2022-11-21,MarketResult_SEM-DA_PWR-MRC-D+1_20221120110000_20221120113730.csv
2022-11-21T18:00:00Z,1.0,164.0,2022-11-21,MarketResult_SEM-DA_PWR-MRC-D+1_20221120110000_20221120113730.csv
2022-11-21T19:00:00Z,1.0,137.92,2022-11-21,MarketResult_SEM-DA_PWR-MRC-D+1_20221120110000_20221120113730.csv
2022-11-21T20:00:00Z,1.0,126.2,2022-11-21,MarketResult_SEM-DA_PWR-MRC-D+1_20221120110000_20221120113730.csv
2022-11-21T21:00:00Z,1.0,101.71,2022-11-21,MarketResult_SEM-DA_PWR-MRC-D+1_20221120110000_20221120113730.csv
2022-11-21T22:00:00Z,1.0,94.85,2022-11-21,MarketResult_SEM-DA_PWR-MRC-D+1_20221120110000_20221120113730.csv
2022-11-21T23:00:00Z,1.0,101.85,2022-11-22,MarketResult_SEM-DA_PWR-MRC-D+1_20221121110000_20221121113456.csv
2022-11-22T00:00:00Z,1.0,102.62,2022-11-22,MarketResult_SEM-DA_PWR-MRC-D+1_20221121110000_20221121113456.csv
2022-11-22T01:00:00Z,1.0,97.0,2022-11-22,MarketResult_SEM-DA_PWR-MRC-D+1_20221121110000_20221121113456.csv
2022-11-22T02:00:00Z,1.0,98.9,2022-11-22,MarketResult_SEM-DA_PWR-MRC-D+1_20221121110000_20221121113456.csv
2022-11-22T03:00:00Z,1.0,100.06,2022-11-22,MarketResult_SEM-DA_PWR-MRC-D+1_20221121110000_20221121113456.csv
2022-11-22T04:00:00Z,1.0,105.99,2022-11-22,MarketResult_SEM-DA_PWR-MRC-D+1_20221121110000_20221121113456.csv
2022-11-22T05:00:00Z,1.0,112.69,2022-11-22,MarketResult_SEM-DA_PWR-MRC-D+1_20221121110000_20221121113456.csv
2022-11-22T06:00:00Z,1.0,133.57,2022-11-22,MarketResult_SEM-DA_PWR-MRC-D+1_20221121110000_20221121113456.csv
2022-11-22T07:00:00Z,1.0,208.43,2022-11-22,MarketResult_SEM-DA_PWR-MRC-D+1_20221121110000_20221121113456.csv
2022-11-22T08:00:00Z,1.0,240.97,2022-11-22,MarketResult_SEM-DA_PWR-MRC-D+1_20221121110000_20221121113456.csv
2022-11-22T09:00:00Z,1.0,246.23,2022-11-22,MarketResult_SEM-DA_PWR-MRC-D+1_20221121110000_20221121113456.csv
2022-11-22T10:00:00Z,1.0,250.5,2022-11-22,MarketResult_SEM-DA_PWR-MRC-D+1_20221121110000_20221121113456.csv
2022-11-22T11:00:00Z,1.0,247.64,2022-11-22,MarketResult_SEM-DA_PWR-MRC-D+1_20221121110000_20221121113456.csv
2022-11-22T12:00:00Z,1.0,251.98,2022-11-22,MarketResult_SEM-DA_PWR-MRC-D+1_20221121110000_20221121113456.csv
2022-11-22T13:00:00Z,1.0,259.75,2022-11-22,MarketResult_SEM-DA_PWR-MRC-D+1_20221121110000_20221121113456.csv
2022-11-22T14:00:00Z,1.0,271.1,2022-11-22,MarketResult_SEM-DA_PWR-MRC-D+1_20221121110000_20221121113456.csv
2022-11-22T15:00:00Z,1.0,280.0,2022-11-22,MarketResult_SEM-DA_PWR-MRC-D+1_20221121110000_20221121113456.csv
2022-11-22T16:00:00Z,1.0,340.56,2022-11-22,MarketResult_SEM-DA_PWR-MRC-D+1_20221121110000_20221121113456.csv
2022-11-22T17:00:00Z,1.0,385.0,2022-11-22,MarketResult_SEM-DA_PWR-MRC-D+1_20221121110000_20221121113456.csv
2022-11-22T18:00:00Z,1.0,346.19,2022-11-22,MarketResult_SEM-DA_PWR-MRC-D+1_20221121110000_20221121113456.csv
2022-11-22T19:00:00Z,1.0,285.0,2022-11-22,MarketResult_SEM-DA_PWR-MRC-D+1_20221121110000_20221121113456.csv
2022-11-22T20:00:00Z,1.0,204.73,2022-11-22,MarketResult_SEM-DA_PWR-MRC-D+1_20221121110000_20221121113456.csv
2022-11-22T21:00:00Z,1.0,154.99,2022-11-22,MarketResult_SEM-DA_PWR-MRC-D+1_20221121110000_20221121113456.csv
2022-11-22T22:00:00Z,1.0,131.49,2022-11-22,MarketResult_SEM-DA_PWR-MRC-D+1_20221121110000_20221121113456.csv
2022-11-22T23:00:00Z,1.0,155.64,2022-11-23,MarketResult_SEM-DA_PWR-MRC-D+1_20221122110000_20221122113516.csv
2022-11-23T00:00:00Z,1.0,142.0,2022-11-23,MarketResult_SEM-DA_PWR-MRC-D+1_20221122110000_20221122113516.csv
2022-11-23T01:00:00Z,1.0,128.04,2022-11-23,MarketResult_SEM-DA_PWR-MRC-D+1_20221122110000_20221122113516.csv
2022-11-23T02:00:00Z,1.0,112.2,2022-11-23,MarketResult_SEM-DA_PWR-MRC-D+1_20221122110000_20221122113516.csv
2022-11-23T03:00:00Z,1.0,114.36,2022-11-23,MarketResult_SEM-DA_PWR-MRC-D+1_20221122110000_20221122113516.csv
2022-11-23T04:00:00Z,1.0,113.4,2022-11-23,MarketResult_SEM-DA_PWR-MRC-D+1_20221122110000_20221122113516.csv
2022-11-23T05:00:00Z,1.0,113.06,2022-11-23,MarketResult_SEM-DA_PWR-MRC-D+1_20221122110000_20221122113516.csv
2022-11-23T06:00:00Z,1.0,139.49,2022-11-23,MarketResult_SEM-DA_PWR-MRC-D+1_20221122110000_20221122113516.csv
2022-11-23T07:00:00Z,1.0,144.0,2022-11-23,MarketResult_SEM-DA_PWR-MRC-D+1_20221122110000_20221122113516.csv
2022-11-23T08:00:00Z,1.0,154.27,2022-11-23,MarketResult_SEM-DA_PWR-MRC-D+1_20221122110000_20221122113516.csv
2022-11-23T09:00:00Z,1.0,151.0,2022-11-23,MarketResult_SEM-DA_PWR-MRC-D+1_20221122110000_20221122113516.csv
2022-11-23T10:00:00Z,1.0,143.0,2022-11-23,MarketResult_SEM-DA_PWR-MRC-D+1_20221122110000_20221122113516.csv
2022-11-23T11:00:00Z,1.0,125.91,2022-11-23,MarketResult_SEM-DA_PWR-MRC-D+1_20221122110000_20221122113516.csv
2022-11-23T12:00:00Z,1.0,123.88,2022-11-23,MarketResult_SEM-DA_PWR-MRC-D+1_20221122110000_20221122113516.csv
2022-11-23T13:00:00Z,1.0,122.49,2022-11-23,MarketResult_SEM-DA_PWR-MRC-D+1_20221122110000_20221122113516.csv
2022-11-23T14:00:00Z,1.0,119.0,2022-11-23,MarketResult_SEM-DA_PWR-MRC-D+1_20221122110000_20221122113516.csv
2022-11-23T15:00:00Z,1.0,125.0,2022-11-23,MarketResult_SEM-DA_PWR-MRC-D+1_20221122110000_20221122113516.csv
2022-11-23T16:00:00Z,1.0,147.35,2022-11-23,MarketResult_SEM-DA_PWR-MRC-D+1_20221122110000_20221122113516.csv
2022-11-23T17:00:00Z,1.0,171.0,2022-11-23,MarketResult_SEM-DA_PWR-MRC-D+1_20221122110000_20221122113516.csv
2022-11-23T18:00:00Z,1.0,146.8,2022-11-23,MarketResult_SEM-DA_PWR-MRC-D+1_20221122110000_20221122113516.csv
2022-11-23T19:00:00Z,1.0,123.97,2022-11-23,MarketResult_SEM-DA_PWR-MRC-D+1_20221122110000_20221122113516.csv
2022-11-23T20:00:00Z,1.0,134.47,2022-11-23,MarketResult_SEM-DA_PWR-MRC-D+1_20221122110000_20221122113516.csv
2022-11-23T21:00:00Z,1.0,135.19,2022-11-23,MarketResult_SEM-DA_PWR-MRC-D+1_20221122110000_20221122113516.csv
2022-11-23T22:00:00Z,1.0,110.06,2022-11-23,MarketResult_SEM-DA_PWR-MRC-D+1_20221122110000_20221122113516.csv
2022-11-23T23:00:00Z,1.0,115.0,2022-11-24,MarketResult_SEM-DA_PWR-MRC-D+1_20221123110000_20221123113529.csv
2022-11-24T00:00:00Z,1.0,106.69,2022-11-24,MarketResult_SEM-DA_PWR-MRC-D+1_20221123110000_20221123113529.csv
2022-11-24T01:00:00Z,1.0,95.71,2022-11-24,MarketResult_SEM-DA_PWR-MRC-D+1_20221123110000_20221123113529.csv
2022-11-24T02:00:00Z,1.0,91.84,2022-11-24,MarketResult_SEM-DA_PWR-MRC-D+1_20221123110000_20221123113529.csv
2022-11-24T03:00:00Z,1.0,75.0,2022-11-24,MarketResult_SEM-DA_PWR-MRC-D+1_20221123110000_20221123113529.csv
2022-11-24T04:00:00Z,1.0,75.0,2022-11-24,MarketResult_SEM-DA_PWR-MRC-D+1_20221123110000_20221123113529.csv
2022-11-24T05:00:00Z,1.0,66.0,2022-11-24,MarketResult_SEM-DA_PWR-MRC-D+1_20221123110000_20221123113529.csv
2022-11-24T06:00:00Z,1.0,91.92,2022-11-24,MarketResult_SEM-DA_PWR-MRC-D+1_20221123110000_20221123113529.csv
2022-11-24T07:00:00Z,1.0,111.0,2022-11-24,MarketResult_SEM-DA_PWR-MRC-D+1_20221123110000_20221123113529.csv
2022-11-24T08:00:00Z,1.0,137.02,2022-11-24,MarketResult_SEM-DA_PWR-MRC-D+1_20221123110000_20221123113529.csv
2022-11-24T09:00:00Z,1.0,138.06,2022-11-24,MarketResult_SEM-DA_PWR-MRC-D+1_20221123110000_20221123113529.csv
2022-11-24T10:00:00Z,1.0,129.0,2022-11-24,MarketResult_SEM-DA_PWR-MRC-D+1_20221123110000_20221123113529.csv
2022-11-24T11:00:00Z,1.0,125.0,2022-11-24,MarketResult_SEM-DA_PWR-MRC-D+1_20221123110000_20221123113529.csv
2022-11-24T12:00:00Z,1.0,120.53,2022-11-24,MarketResult_SEM-DA_PWR-MRC-D+1_20221123110000_20221123113529.csv
2022-11-24T13:00:00Z,1.0,114.36,2022-11-24,MarketResult_SEM-DA_PWR-MRC-D+1_20221123110000_20221123113529.csv
2022-11-24T14:00:00Z,1.0,114.07,2022-11-24,MarketResult_SEM-DA_PWR-MRC-D+1_20221123110000_20221123113529.csv
2022-11-24T15:00:00Z,1.0,114.36,2022-11-24,MarketResult_SEM-DA_PWR-MRC-D+1_20221123110000_20221123113529.csv
2022-11-24T16:00:00Z,1.0,148.8,2022-11-24,MarketResult_SEM-DA_PWR-MRC-D+1_20221123110000_20221123113529.csv
2022-11-24T17:00:00Z,1.0,182.24,2022-11-24,MarketResult_SEM-DA_PWR-MRC-D+1_20221123110000_20221123113529.csv
2022-11-24T18:00:00Z,1.0,161.0,2022-11-24,MarketResult_SEM-DA_PWR-MRC-D+1_20221123110000_20221123113529.csv
2022-11-24T19:00:00Z,1.0,147.0,2022-11-24,MarketResult_SEM-DA_PWR-MRC-D+1_20221123110000_20221123113529.csv
2022-11-24T20:00:00Z,1.0,142.0,2022-11-24,MarketResult_SEM-DA_PWR-MRC-D+1_20221123110000_20221123113529.csv
2022-11-24T21:00:00Z,1.0,147.0,2022-11-24,MarketResult_SEM-DA_PWR-MRC-D+1_20221123110000_20221123113529.csv
2022-11-24T22:00:00Z,1.0,127.05,2022-11-24,MarketResult_SEM-DA_PWR-MRC-D+1_20221123110000_20221123113529.csv
2022-11-24T23:00:00Z,1.0,136.95,2022-11-25,MarketResult_SEM-DA_PWR-MRC-D+1_20221124110000_20221124114213.csv
2022-11-25T00:00:00Z,1.0,128.67,2022-11-25,MarketResult_SEM-DA_PWR-MRC-D+1_20221124110000_20221124114213.csv
2022-11-25T01:00:00Z,1.0,128.34,2022-11-25,MarketResult_SEM-DA_PWR-MRC-D+1_20221124110000_20221124114213.csv
2022-11-25T02:00:00Z,1.0,125.79,2022-11-25,MarketResult_SEM-DA_PWR-MRC-D+1_20221124110000_20221124114213.csv
2022-11-25T03:00:00Z,1.0,124.0,2022-11-25,MarketResult_SEM-DA_PWR-MRC-D+1_20221124110000_20221124114213.csv
2022-11-25T04:00:00Z,1.0,127.27,2022-11-25,MarketResult_SEM-DA_PWR-MRC-D+1_20221124110000_20221124114213.csv
2022-11-25T05:00:00Z,1.0,126.64,2022-11-25,MarketResult_SEM-DA_PWR-MRC-D+1_20221124110000_20221124114213.csv
2022-11-25T06:00:00Z,1.0,141.59,2022-11-25,MarketResult_SEM-DA_PWR-MRC-D+1_20221124110000_20221124114213.csv
2022-11-25T07:00:00Z,1.0,156.69,2022-11-25,MarketResult_SEM-DA_PWR-MRC-D+1_20221124110000_20221124114213.csv
2022-11-25T08:00:00Z,1.0,172.32,2022-11-25,MarketResult_SEM-DA_PWR-MRC-D+1_20221124110000_20221124114213.csv
2022-11-25T09:00:00Z,1.0,167.47,2022-11-25,MarketResult_SEM-DA_PWR-MRC-D+1_20221124110000_20221124114213.csv
2022-11-25T10:00:00Z,1.0,155.0,2022-11-25,MarketResult_SEM-DA_PWR-MRC-D+1_20221124110000_20221124114213.csv
2022-11-25T11:00:00Z,1.0,147.73,2022-11-25,MarketResult_SEM-DA_PWR-MRC-D+1_20221124110000_20221124114213.csv
2022-11-25T12:00:00Z,1.0,149.65,2022-11-25,MarketResult_SEM-DA_PWR-MRC-D+1_20221124110000_20221124114213.csv
2022-11-25T13:00:00Z,1.0,157.48,2022-11-25,MarketResult_SEM-DA_PWR-MRC-D+1_20221124110000_20221124114213.csv
2022-11-25T14:00:00Z,1.0,165.0,2022-11-25,MarketResult_SEM-DA_PWR-MRC-D+1_20221124110000_20221124114213.csv
2022-11-25T15:00:00Z,1.0,171.0,2022-11-25,MarketResult_SEM-DA_PWR-MRC-D+1_20221124110000_20221124114213.csv
2022-11-25T16:00:00Z,1.0,211.0,2022-11-25,MarketResult_SEM-DA_PWR-MRC-D+1_20221124110000_20221124114213.csv
2022-11-25T17:00:00Z,1.0,227.34,2022-11-25,MarketResult_SEM-DA_PWR-MRC-D+1_20221124110000_20221124114213.csv
2022-11-25T18:00:00Z,1.0,202.82,2022-11-25,MarketResult_SEM-DA_PWR-MRC-D+1_20221124110000_20221124114213.csv
2022-11-25T19:00:00Z,1.0,181.0,2022-11-25,MarketResult_SEM-DA_PWR-MRC-D+1_20221124110000_20221124114213.csv
2022-11-25T20:00:00Z,1.0,155.71,2022-11-25,MarketResult_SEM-DA_PWR-MRC-D+1_20221124110000_20221124114213.csv
2022-11-25T21:00:00Z,1.0,141.74,2022-11-25,MarketResult_SEM-DA_PWR-MRC-D+1_20221124110000_20221124114213.csv
2022-11-25T22:00:00Z,1.0,139.56,2022-11-25,MarketResult_SEM-DA_PWR-MRC-D+1_20221124110000_20221124114213.csv
2022-11-25T23:00:00Z,1.0,172.89,2022-11-26,MarketResult_SEM-DA_PWR-MRC-D+1_20221125110000_20221125113546.csv
2022-11-26T00:00:00Z,1.0,145.0,2022-11-26,MarketResult_SEM-DA_PWR-MRC-D+1_20221125110000_20221125113546.csv
2022-11-26T01:00:00Z,1.0,109.0,2022-11-26,MarketResult_SEM-DA_PWR-MRC-D+1_20221125110000_20221125113546.csv
2022-11-26T02:00:00Z,1.0,89.0,2022-11-26,MarketResult_SEM-DA_PWR-MRC-D+1_20221125110000_20221125113546.csv
2022-11-26T03:00:00Z,1.0,69.0,2022-11-26,MarketResult_SEM-DA_PWR-MRC-D+1_20221125110000_20221125113546.csv
2022-11-26T04:00:00Z,1.0,35.0,2022-11-26,MarketResult_SEM-DA_PWR-MRC-D+1_20221125110000_20221125113546.csv
2022-11-26T05:00:00Z,1.0,25.0,2022-11-26,MarketResult_SEM-DA_PWR-MRC-D+1_20221125110000_20221125113546.csv
2022-11-26T06:00:00Z,1.0,30.0,2022-11-26,MarketResult_SEM-DA_PWR-MRC-D+1_20221125110000_20221125113546.csv
2022-11-26T07:00:00Z,1.0,34.0,2022-11-26,MarketResult_SEM-DA_PWR-MRC-D+1_20221125110000_20221125113546.csv
2022-11-26T08:00:00Z,1.0,79.0,2022-11-26,MarketResult_SEM-DA_PWR-MRC-D+1_20221125110000_20221125113546.csv
2022-11-26T09:00:00Z,1.0,142.53,2022-11-26,MarketResult_SEM-DA_PWR-MRC-D+1_20221125110000_20221125113546.csv
2022-11-26T10:00:00Z,1.0,168.0,2022-11-26,MarketResult_SEM-DA_PWR-MRC-D+1_20221125110000_20221125113546.csv
2022-11-26T11:00:00Z,1.0,170.0,2022-11-26,MarketResult_SEM-DA_PWR-MRC-D+1_20221125110000_20221125113546.csv
2022-11-26T12:00:00Z,1.0,168.0,2022-11-26,MarketResult_SEM-DA_PWR-MRC-D+1_20221125110000_20221125113546.csv
2022-11-26T13:00:00Z,1.0,153.0,2022-11-26,MarketResult_SEM-DA_PWR-MRC-D+1_20221125110000_20221125113546.csv
2022-11-26T14:00:00Z,1.0,157.0,2022-11-26,MarketResult_SEM-DA_PWR-MRC-D+1_20221125110000_20221125113546.csv
2022-11-26T15:00:00Z,1.0,160.0,2022-11-26,MarketResult_SEM-DA_PWR-MRC-D+1_20221125110000_20221125113546.csv
2022-11-26T16:00:00Z,1.0,177.88,2022-11-26,MarketResult_SEM-DA_PWR-MRC-D+1_20221125110000_20221125113546.csv
2022-11-26T17:00:00Z,1.0,189.0,2022-11-26,MarketResult_SEM-DA_PWR-MRC-D+1_20221125110000_20221125113546.csv
2022-11-26T18:00:00Z,1.0,170.01,2022-11-26,MarketResult_SEM-DA_PWR-MRC-D+1_20221125110000_20221125113546.csv
2022-11-26T19:00:00Z,1.0,164.0,2022-11-26,MarketResult_SEM-DA_PWR-MRC-D+1_20221125110000_20221125113546.csv
2022-11-26T20:00:00Z,1.0,137.0,2022-11-26,MarketResult_SEM-DA_PWR-MRC-D+1_20221125110000_20221125113546.csv
2022-11-26T21:00:00Z,1.0,145.0,2022-11-26,MarketResult_SEM-DA_PWR-MRC-D+1_20221125110000_20221125113546.csv
2022-11-26T22:00:00Z,1.0,134.73,2022-11-26,MarketResult_SEM-DA_PWR-MRC-D+1_20221125110000_20221125113546.csv
2022-11-26T23:00:00Z,1.0,133.44,2022-11-27,MarketResult_SEM-DA_PWR-MRC-D+1_20221126110000_20221126120350.csv
2022-11-27T00:00:00Z,1.0,125.28,2022-11-27,MarketResult_SEM-DA_PWR-MRC-D+1_20221126110000_20221126120350.csv
2022-11-27T01:00:00Z,1.0,120.0,2022-11-27,MarketResult_SEM-DA_PWR-MRC-D+1_20221126110000_20221126120350.csv
2022-11-27T02:00:00Z,1.0,106.0,2022-11-27,MarketResult_SEM-DA_PWR-MRC-D+1_20221126110000_20221126120350.csv
2022-11-27T03:00:00Z,1.0,100.04,2022-11-27,MarketResult_SEM-DA_PWR-MRC-D+1_20221126110000_20221126120350.csv
2022-11-27T04:00:00Z,1.0,100.66,2022-11-27,MarketResult_SEM-DA_PWR-MRC-D+1_20221126110000_20221126120350.csv
2022-11-27T05:00:00Z,1.0,109.78,2022-11-27,MarketResult_SEM-DA_PWR-MRC-D+1_20221126110000_20221126120350.csv
2022-11-27T06:00:00Z,1.0,125.1,2022-11-27,MarketResult_SEM-DA_PWR-MRC-D+1_20221126110000_20221126120350.csv
2022-11-27T07:00:00Z,1.0,125.0,2022-11-27,MarketResult_SEM-DA_PWR-MRC-D+1_20221126110000_20221126120350.csv
2022-11-27T08:00:00Z,1.0,141.45,2022-11-27,MarketResult_SEM-DA_PWR-MRC-D+1_20221126110000_20221126120350.csv
2022-11-27T09:00:00Z,1.0,146.0,2022-11-27,MarketResult_SEM-DA_PWR-MRC-D+1_20221126110000_20221126120350.csv
2022-11-27T10:00:00Z,1.0,165.0,2022-11-27,MarketResult_SEM-DA_PWR-MRC-D+1_20221126110000_20221126120350.csv
2022-11-27T11:00:00Z,1.0,155.0,2022-11-27,MarketResult_SEM-DA_PWR-MRC-D+1_20221126110000_20221126120350.csv
2022-11-27T12:00:00Z,1.0,158.55,2022-11-27,MarketResult_SEM-DA_PWR-MRC-D+1_20221126110000_20221126120350.csv
2022-11-27T13:00:00Z,1.0,172.68,2022-11-27,MarketResult_SEM-DA_PWR-MRC-D+1_20221126110000_20221126120350.csv
2022-11-27T14:00:00Z,1.0,176.09,2022-11-27,MarketResult_SEM-DA_PWR-MRC-D+1_20221126110000_20221126120350.csv
2022-11-27T15:00:00Z,1.0,161.0,2022-11-27,MarketResult_SEM-DA_PWR-MRC-D+1_20221126110000_20221126120350.csv
2022-11-27T16:00:00Z,1.0,186.14,2022-11-27,MarketResult_SEM-DA_PWR-MRC-D+1_20221126110000_20221126120350.csv
2022-11-27T17:00:00Z,1.0,231.0,2022-11-27,MarketResult_SEM-DA_PWR-MRC-D+1_20221126110000_20221126120350.csv
2022-11-27T18:00:00Z,1.0,209.9,2022-11-27,MarketResult_SEM-DA_PWR-MRC-D+1_20221126110000_20221126120350.csv
2022-11-27T19:00:00Z,1.0,190.31,2022-11-27,MarketResult_SEM-DA_PWR-MRC-D+1_20221126110000_20221126120350.csv
2022-11-27T20:00:00Z,1.0,177.1,2022-11-27,MarketResult_SEM-DA_PWR-MRC-D+1_20221126110000_20221126120350.csv
2022-11-27T21:00:00Z,1.0,174.9,2022-11-27,MarketResult_SEM-DA_PWR-MRC-D+1_20221126110000_20221126120350.csv
2022-11-27T22:00:00Z,1.0,165.82,2022-11-27,MarketResult_SEM-DA_PWR-MRC-D+1_20221126110000_20221126120350.csv
2022-11-27T23:00:00Z,1.0,135.2,2022-11-28,MarketResult_SEM-DA_PWR-MRC-D+1_20221127110000_20221127113552.csv
2022-11-28T00:00:00Z,1.0,137.73,2022-11-28,MarketResult_SEM-DA_PWR-MRC-D+1_20221127110000_20221127113552.csv
2022-11-28T01:00:00Z,1.0,137.93,2022-11-28,MarketResult_SEM-DA_PWR-MRC-D+1_20221127110000_20221127113552.csv
2022-11-28T02:00:00Z,1.0,138.59,2022-11-28,MarketResult_SEM-DA_PWR-MRC-D+1_20221127110000_20221127113552.csv
2022-11-28T03:00:00Z,1.0,137.73,2022-11-28,MarketResult_SEM-DA_PWR-MRC-D+1_20221127110000_20221127113552.csv
2022-11-28T04:00:00Z,1.0,147.82,2022-11-28,MarketResult_SEM-DA_PWR-MRC-D+1_20221127110000_20221127113552.csv
2022-11-28T05:00:00Z,1.0,152.0,2022-11-28,MarketResult_SEM-DA_PWR-MRC-D+1_20221127110000_20221127113552.csv
2022-11-28T06:00:00Z,1.0,179.0,2022-11-28,MarketResult_SEM-DA_PWR-MRC-D+1_20221127110000_20221127113552.csv
2022-11-28T07:00:00Z,1.0,199.99,2022-11-28,MarketResult_SEM-DA_PWR-MRC-D+1_20221127110000_20221127113552.csv
2022-11-28T08:00:00Z,1.0,212.0,2022-11-28,MarketResult_SEM-DA_PWR-MRC-D+1_20221127110000_20221127113552.csv
2022-11-28T09:00:00Z,1.0,266.3,2022-11-28,MarketResult_SEM-DA_PWR-MRC-D+1_20221127110000_20221127113552.csv
2022-11-28T10:00:00Z,1.0,289.34,2022-11-28,MarketResult_SEM-DA_PWR-MRC-D+1_20221127110000_20221127113552.csv
2022-11-28T11:00:00Z,1.0,300.0,2022-11-28,MarketResult_SEM-DA_PWR-MRC-D+1_20221127110000_20221127113552.csv
2022-11-28T12:00:00Z,1.0,295.1,2022-11-28,MarketResult_SEM-DA_PWR-MRC-D+1_20221127110000_20221127113552.csv
2022-11-28T13:00:00Z,1.0,260.99,2022-11-28,MarketResult_SEM-DA_PWR-MRC-D+1_20221127110000_20221127113552.csv
2022-11-28T14:00:00Z,1.0,225.0,2022-11-28,MarketResult_SEM-DA_PWR-MRC-D+1_20221127110000_20221127113552.csv
2022-11-28T15:00:00Z,1.0,271.92,2022-11-28,MarketResult_SEM-DA_PWR-MRC-D+1_20221127110000_20221127113552.csv
2022-11-28T16:00:00Z,1.0,337.62,2022-11-28,MarketResult_SEM-DA_PWR-MRC-D+1_20221127110000_20221127113552.csv
2022-11-28T17:00:00Z,1.0,491.44,2022-11-28,MarketResult_SEM-DA_PWR-MRC-D+1_20221127110000_20221127113552.csv
2022-11-28T18:00:00Z,1.0,491.44,2022-11-28,MarketResult_SEM-DA_PWR-MRC-D+1_20221127110000_20221127113552.csv
2022-11-28T19:00:00Z,1.0,394.0,2022-11-28,MarketResult_SEM-DA_PWR-MRC-D+1_20221127110000_20221127113552.csv
2022-11-28T20:00:00Z,1.0,350.92,2022-11-28,MarketResult_SEM-DA_PWR-MRC-D+1_20221127110000_20221127113552.csv
2022-11-28T21:00:00Z,1.0,287.48,2022-11-28,MarketResult_SEM-DA_PWR-MRC-D+1_20221127110000_20221127113552.csv
2022-11-28T22:00:00Z,1.0,216.0,2022-11-28,MarketResult_SEM-DA_PWR-MRC-D+1_20221127110000_20221127113552.csv
2022-11-28T23:00:00Z,1.0,245.1,2022-11-29,MarketResult_SEM-DA_PWR-MRC-D+1_20221128110000_20221128113448.csv
2022-11-29T00:00:00Z,1.0,231.23,2022-11-29,MarketResult_SEM-DA_PWR-MRC-D+1_20221128110000_20221128113448.csv
2022-11-29T01:00:00Z,1.0,227.33,2022-11-29,MarketResult_SEM-DA_PWR-MRC-D+1_20221128110000_20221128113448.csv
2022-11-29T02:00:00Z,1.0,223.17,2022-11-29,MarketResult_SEM-DA_PWR-MRC-D+1_20221128110000_20221128113448.csv
2022-11-29T03:00:00Z,1.0,220.98,2022-11-29,MarketResult_SEM-DA_PWR-MRC-D+1_20221128110000_20221128113448.csv
2022-11-29T04:00:00Z,1.0,220.59,2022-11-29,MarketResult_SEM-DA_PWR-MRC-D+1_20221128110000_20221128113448.csv
2022-11-29T05:00:00Z,1.0,231.0,2022-11-29,MarketResult_SEM-DA_PWR-MRC-D+1_20221128110000_20221128113448.csv
2022-11-29T06:00:00Z,1.0,280.0,2022-11-29,MarketResult_SEM-DA_PWR-MRC-D+1_20221128110000_20221128113448.csv
2022-11-29T07:00:00Z,1.0,448.82,2022-11-29,MarketResult_SEM-DA_PWR-MRC-D+1_20221128110000_20221128113448.csv
2022-11-29T08:00:00Z,1.0,440.0,2022-11-29,MarketResult_SEM-DA_PWR-MRC-D+1_20221128110000_20221128113448.csv
2022-11-29T09:00:00Z,1.0,430.52,2022-11-29,MarketResult_SEM-DA_PWR-MRC-D+1_20221128110000_20221128113448.csv
2022-11-29T10:00:00Z,1.0,411.0,2022-11-29,MarketResult_SEM-DA_PWR-MRC-D+1_20221128110000_20221128113448.csv
2022-11-29T11:00:00Z,1.0,402.0,2022-11-29,MarketResult_SEM-DA_PWR-MRC-D+1_20221128110000_20221128113448.csv
2022-11-29T12:00:00Z,1.0,397.32,2022-11-29,MarketResult_SEM-DA_PWR-MRC-D+1_20221128110000_20221128113448.csv
2022-11-29T13:00:00Z,1.0,354.9,2022-11-29,MarketResult_SEM-DA_PWR-MRC-D+1_20221128110000_20221128113448.csv
2022-11-29T14:00:00Z,1.0,333.05,2022-11-29,MarketResult_SEM-DA_PWR-MRC-D+1_20221128110000_20221128113448.csv
2022-11-29T15:00:00Z,1.0,289.12,2022-11-29,MarketResult_SEM-DA_PWR-MRC-D+1_20221128110000_20221128113448.csv
2022-11-29T16:00:00Z,1.0,268.36,2022-11-29,MarketResult_SEM-DA_PWR-MRC-D+1_20221128110000_20221128113448.csv
2022-11-29T17:00:00Z,1.0,289.12,2022-11-29,MarketResult_SEM-DA_PWR-MRC-D+1_20221128110000_20221128113448.csv
2022-11-29T18:00:00Z,1.0,263.37,2022-11-29,MarketResult_SEM-DA_PWR-MRC-D+1_20221128110000_20221128113448.csv
2022-11-29T19:00:00Z,1.0,239.04,2022-11-29,MarketResult_SEM-DA_PWR-MRC-D+1_20221128110000_20221128113448.csv
2022-11-29T20:00:00Z,1.0,215.61,2022-11-29,MarketResult_SEM-DA_PWR-MRC-D+1_20221128110000_20221128113448.csv
2022-11-29T21:00:00Z,1.0,220.1,2022-11-29,MarketResult_SEM-DA_PWR-MRC-D+1_20221128110000_20221128113448.csv
2022-11-29T22:00:00Z,1.0,196.17,2022-11-29,MarketResult_SEM-DA_PWR-MRC-D+1_20221128110000_20221128113448.csv
2022-11-29T23:00:00Z,1.0,252.51,2022-11-30,MarketResult_SEM-DA_PWR-MRC-D+1_20221129110000_20221129114001.csv
2022-11-30T00:00:00Z,1.0,236.93,2022-11-30,MarketResult_SEM-DA_PWR-MRC-D+1_20221129110000_20221129114001.csv
2022-11-30T01:00:00Z,1.0,229.9,2022-11-30,MarketResult_SEM-DA_PWR-MRC-D+1_20221129110000_20221129114001.csv
2022-11-30T02:00:00Z,1.0,220.11,2022-11-30,MarketResult_SEM-DA_PWR-MRC-D+1_20221129110000_20221129114001.csv
2022-11-30T03:00:00Z,1.0,220.11,2022-11-30,MarketResult_SEM-DA_PWR-MRC-D+1_20221129110000_20221129114001.csv
2022-11-30T04:00:00Z,1.0,225.44,2022-11-30,MarketResult_SEM-DA_PWR-MRC-D+1_20221129110000_20221129114001.csv
2022-11-30T05:00:00Z,1.0,242.0,2022-11-30,MarketResult_SEM-DA_PWR-MRC-D+1_20221129110000_20221129114001.csv
2022-11-30T06:00:00Z,1.0,291.45,2022-11-30,MarketResult_SEM-DA_PWR-MRC-D+1_20221129110000_20221129114001.csv
2022-11-30T07:00:00Z,1.0,327.0,2022-11-30,MarketResult_SEM-DA_PWR-MRC-D+1_20221129110000_20221129114001.csv
2022-11-30T08:00:00Z,1.0,314.09,2022-11-30,MarketResult_SEM-DA_PWR-MRC-D+1_20221129110000_20221129114001.csv
2022-11-30T09:00:00Z,1.0,293.35,2022-11-30,MarketResult_SEM-DA_PWR-MRC-D+1_20221129110000_20221129114001.csv
2022-11-30T10:00:00Z,1.0,337.0,2022-11-30,MarketResult_SEM-DA_PWR-MRC-D+1_20221129110000_20221129114001.csv
2022-11-30T11:00:00Z,1.0,310.0,2022-11-30,MarketResult_SEM-DA_PWR-MRC-D+1_20221129110000_20221129114001.csv
2022-11-30T12:00:00Z,1.0,321.2,2022-11-30,MarketResult_SEM-DA_PWR-MRC-D+1_20221129110000_20221129114001.csv
2022-11-30T13:00:00Z,1.0,312.08,2022-11-30,MarketResult_SEM-DA_PWR-MRC-D+1_20221129110000_20221129114001.csv
2022-11-30T14:00:00Z,1.0,332.6,2022-11-30,MarketResult_SEM-DA_PWR-MRC-D+1_20221129110000_20221129114001.csv
2022-11-30T15:00:00Z,1.0,301.04,2022-11-30,MarketResult_SEM-DA_PWR-MRC-D+1_20221129110000_20221129114001.csv
2022-11-30T16:00:00Z,1.0,322.0,2022-11-30,MarketResult_SEM-DA_PWR-MRC-D+1_20221129110000_20221129114001.csv
2022-11-30T17:00:00Z,1.0,371.27,2022-11-30,MarketResult_SEM-DA_PWR-MRC-D+1_20221129110000_20221129114001.csv
2022-11-30T18:00:00Z,1.0,339.0,2022-11-30,MarketResult_SEM-DA_PWR-MRC-D+1_20221129110000_20221129114001.csv
2022-11-30T19:00:00Z,1.0,298.95,2022-11-30,MarketResult_SEM-DA_PWR-MRC-D+1_20221129110000_20221129114001.csv
2022-11-30T20:00:00Z,1.0,302.28,2022-11-30,MarketResult_SEM-DA_PWR-MRC-D+1_20221129110000_20221129114001.csv
2022-11-30T21:00:00Z,1.0,266.0,2022-11-30,MarketResult_SEM-DA_PWR-MRC-D+1_20221129110000_20221129114001.csv
2022-11-30T22:00:00Z,1.0,242.8,2022-11-30,MarketResult_SEM-DA_PWR-MRC-D+1_20221129110000_20221129114001.csv
2022-11-30T23:00:00Z,1.0,289.0,2022-12-01,MarketResult_SEM-DA_PWR-MRC-D+1_20221130110000_20221130113627.csv
2022-12-01T00:00:00Z,1.0,280.09,2022-12-01,MarketResult_SEM-DA_PWR-MRC-D+1_20221130110000_20221130113627.csv
2022-12-01T01:00:00Z,1.0,278.0,2022-12-01,MarketResult_SEM-DA_PWR-MRC-D+1_20221130110000_20221130113627.csv
2022-12-01T02:00:00Z,1.0,266.0,2022-12-01,MarketResult_SEM-DA_PWR-MRC-D+1_20221130110000_20221130113627.csv
2022-12-01T03:00:00Z,1.0,264.93,2022-12-01,MarketResult_SEM-DA_PWR-MRC-D+1_20221130110000_20221130113627.csv
2022-12-01T04:00:00Z,1.0,275.0,2022-12-01,MarketResult_SEM-DA_PWR-MRC-D+1_20221130110000_20221130113627.csv
2022-12-01T05:00:00Z,1.0,290.0,2022-12-01,MarketResult_SEM-DA_PWR-MRC-D+1_20221130110000_20221130113627.csv
2022-12-01T06:00:00Z,1.0,333.41,2022-12-01,MarketResult_SEM-DA_PWR-MRC-D+1_20221130110000_20221130113627.csv
2022-12-01T07:00:00Z,1.0,350.0,2022-12-01,MarketResult_SEM-DA_PWR-MRC-D+1_20221130110000_20221130113627.csv
2022-12-01T08:00:00Z,1.0,360.03,2022-12-01,MarketResult_SEM-DA_PWR-MRC-D+1_20221130110000_20221130113627.csv
2022-12-01T09:00:00Z,1.0,368.0,2022-12-01,MarketResult_SEM-DA_PWR-MRC-D+1_20221130110000_20221130113627.csv
2022-12-01T10:00:00Z,1.0,360.03,2022-12-01,MarketResult_SEM-DA_PWR-MRC-D+1_20221130110000_20221130113627.csv
2022-12-01T11:00:00Z,1.0,355.0,2022-12-01,MarketResult_SEM-DA_PWR-MRC-D+1_20221130110000_20221130113627.csv
2022-12-01T12:00:00Z,1.0,353.4,2022-12-01,MarketResult_SEM-DA_PWR-MRC-D+1_20221130110000_20221130113627.csv
2022-12-01T13:00:00Z,1.0,340.95,2022-12-01,MarketResult_SEM-DA_PWR-MRC-D+1_20221130110000_20221130113627.csv
2022-12-01T14:00:00Z,1.0,349.0,2022-12-01,MarketResult_SEM-DA_PWR-MRC-D+1_20221130110000_20221130113627.csv
2022-12-01T15:00:00Z,1.0,356.15,2022-12-01,MarketResult_SEM-DA_PWR-MRC-D+1_20221130110000_20221130113627.csv
2022-12-01T16:00:00Z,1.0,374.5,2022-12-01,MarketResult_SEM-DA_PWR-MRC-D+1_20221130110000_20221130113627.csv
2022-12-01T17:00:00Z,1.0,390.0,2022-12-01,MarketResult_SEM-DA_PWR-MRC-D+1_20221130110000_20221130113627.csv
2022-12-01T18:00:00Z,1.0,360.03,2022-12-01,MarketResult_SEM-DA_PWR-MRC-D+1_20221130110000_20221130113627.csv
2022-12-01T19:00:00Z,1.0,342.05,2022-12-01,MarketResult_SEM-DA_PWR-MRC-D+1_20221130110000_20221130113627.csv
2022-12-01T20:00:00Z,1.0,331.68,2022-12-01,MarketResult_SEM-DA_PWR-MRC-D+1_20221130110000_20221130113627.csv
2022-12-01T21:00:00Z,1.0,324.0,2022-12-01,MarketResult_SEM-DA_PWR-MRC-D+1_20221130110000_20221130113627.csv
2022-12-01T22:00:00Z,1.0,302.82,2022-12-01,MarketResult_SEM-DA_PWR-MRC-D+1_20221130110000_20221130113627.csv
2022-12-01T23:00:00Z,1.0,337.76,2022-12-02,MarketResult_SEM-DA_PWR-MRC-D+1_20221201110000_20221201113942.csv
2022-12-02T00:00:00Z,1.0,317.18,2022-12-02,MarketResult_SEM-DA_PWR-MRC-D+1_20221201110000_20221201113942.csv
2022-12-02T01:00:00Z,1.0,310.31,2022-12-02,MarketResult_SEM-DA_PWR-MRC-D+1_20221201110000_20221201113942.csv
2022-12-02T02:00:00Z,1.0,304.0,2022-12-02,MarketResult_SEM-DA_PWR-MRC-D+1_20221201110000_20221201113942.csv
2022-12-02T03:00:00Z,1.0,304.0,2022-12-02,MarketResult_SEM-DA_PWR-MRC-D+1_20221201110000_20221201113942.csv
2022-12-02T04:00:00Z,1.0,312.0,2022-12-02,MarketResult_SEM-DA_PWR-MRC-D+1_20221201110000_20221201113942.csv
2022-12-02T05:00:00Z,1.0,337.91,2022-12-02,MarketResult_SEM-DA_PWR-MRC-D+1_20221201110000_20221201113942.csv
2022-12-02T06:00:00Z,1.0,358.42,2022-12-02,MarketResult_SEM-DA_PWR-MRC-D+1_20221201110000_20221201113942.csv
2022-12-02T07:00:00Z,1.0,384.31,2022-12-02,MarketResult_SEM-DA_PWR-MRC-D+1_20221201110000_20221201113942.csv
2022-12-02T08:00:00Z,1.0,392.03,2022-12-02,MarketResult_SEM-DA_PWR-MRC-D+1_20221201110000_20221201113942.csv
2022-12-02T09:00:00Z,1.0,406.0,2022-12-02,MarketResult_SEM-DA_PWR-MRC-D+1_20221201110000_20221201113942.csv
2022-12-02T10:00:00Z,1.0,409.93,2022-12-02,MarketResult_SEM-DA_PWR-MRC-D+1_20221201110000_20221201113942.csv
2022-12-02T11:00:00Z,1.0,415.0,2022-12-02,MarketResult_SEM-DA_PWR-MRC-D+1_20221201110000_20221201113942.csv
2022-12-02T12:00:00Z,1.0,407.0,2022-12-02,MarketResult_SEM-DA_PWR-MRC-D+1_20221201110000_20221201113942.csv
2022-12-02T13:00:00Z,1.0,394.21,2022-12-02,MarketResult_SEM-DA_PWR-MRC-D+1_20221201110000_20221201113942.csv
2022-12-02T14:00:00Z,1.0,393.72,2022-12-02,MarketResult_SEM-DA_PWR-MRC-D+1_20221201110000_20221201113942.csv
2022-12-02T15:00:00Z,1.0,401.85,2022-12-02,MarketResult_SEM-DA_PWR-MRC-D+1_20221201110000_20221201113942.csv
2022-12-02T16:00:00Z,1.0,429.0,2022-12-02,MarketResult_SEM-DA_PWR-MRC-D+1_20221201110000_20221201113942.csv
2022-12-02T17:00:00Z,1.0,430.08,2022-12-02,MarketResult_SEM-DA_PWR-MRC-D+1_20221201110000_20221201113942.csv
2022-12-02T18:00:00Z,1.0,400.0,2022-12-02,MarketResult_SEM-DA_PWR-MRC-D+1_20221201110000_20221201113942.csv
2022-12-02T19:00:00Z,1.0,404.7,2022-12-02,MarketResult_SEM-DA_PWR-MRC-D+1_20221201110000_20221201113942.csv
2022-12-02T20:00:00Z,1.0,366.8,2022-12-02,MarketResult_SEM-DA_PWR-MRC-D+1_20221201110000_20221201113942.csv
2022-12-02T21:00:00Z,1.0,358.32,2022-12-02,MarketResult_SEM-DA_PWR-MRC-D+1_20221201110000_20221201113942.csv
2022-12-02T22:00:00Z,1.0,332.44,2022-12-02,MarketResult_SEM-DA_PWR-MRC-D+1_20221201110000_20221201113942.csv
2022-12-02T23:00:00Z,1.0,318.0,2022-12-03,MarketResult_SEM-DA_PWR-MRC-D+1_20221202110000_20221202113623.csv
2022-12-03T00:00:00Z,1.0,310.97,2022-12-03,MarketResult_SEM-DA_PWR-MRC-D+1_20221202110000_20221202113623.csv
2022-12-03T01:00:00Z,1.0,309.76,2022-12-03,MarketResult_SEM-DA_PWR-MRC-D+1_20221202110000_20221202113623.csv
2022-12-03T02:00:00Z,1.0,287.99,2022-12-03,MarketResult_SEM-DA_PWR-MRC-D+1_20221202110000_20221202113623.csv
2022-12-03T03:00:00Z,1.0,281.0,2022-12-03,MarketResult_SEM-DA_PWR-MRC-D+1_20221202110000_20221202113623.csv
2022-12-03T04:00:00Z,1.0,279.44,2022-12-03,MarketResult_SEM-DA_PWR-MRC-D+1_20221202110000_20221202113623.csv
2022-12-03T05:00:00Z,1.0,281.35,2022-12-03,MarketResult_SEM-DA_PWR-MRC-D+1_20221202110000_20221202113623.csv
2022-12-03T06:00:00Z,1.0,295.0,2022-12-03,MarketResult_SEM-DA_PWR-MRC-D+1_20221202110000_20221202113623.csv
2022-12-03T07:00:00Z,1.0,286.0,2022-12-03,MarketResult_SEM-DA_PWR-MRC-D+1_20221202110000_20221202113623.csv
2022-12-03T08:00:00Z,1.0,320.46,2022-12-03,MarketResult_SEM-DA_PWR-MRC-D+1_20221202110000_20221202113623.csv
2022-12-03T09:00:00Z,1.0,333.0,2022-12-03,MarketResult_SEM-DA_PWR-MRC-D+1_20221202110000_20221202113623.csv
2022-12-03T10:00:00Z,1.0,335.88,2022-12-03,MarketResult_SEM-DA_PWR-MRC-D+1_20221202110000_20221202113623.csv
2022-12-03T11:00:00Z,1.0,349.43,2022-12-03,MarketResult_SEM-DA_PWR-MRC-D+1_20221202110000_20221202113623.csv
2022-12-03T12:00:00Z,1.0,354.0,2022-12-03,MarketResult_SEM-DA_PWR-MRC-D+1_20221202110000_20221202113623.csv
2022-12-03T13:00:00Z,1.0,342.73,2022-12-03,MarketResult_SEM-DA_PWR-MRC-D+1_20221202110000_20221202113623.csv
2022-12-03T14:00:00Z,1.0,340.55,2022-12-03,MarketResult_SEM-DA_PWR-MRC-D+1_20221202110000_20221202113623.csv
2022-12-03T15:00:00Z,1.0,351.0,2022-12-03,MarketResult_SEM-DA_PWR-MRC-D+1_20221202110000_20221202113623.csv
2022-12-03T16:00:00Z,1.0,388.63,2022-12-03,MarketResult_SEM-DA_PWR-MRC-D+1_20221202110000_20221202113623.csv
2022-12-03T17:00:00Z,1.0,412.08,2022-12-03,MarketResult_SEM-DA_PWR-MRC-D+1_20221202110000_20221202113623.csv
2022-12-03T18:00:00Z,1.0,377.0,2022-12-03,MarketResult_SEM-DA_PWR-MRC-D+1_20221202110000_20221202113623.csv
2022-12-03T19:00:00Z,1.0,346.44,2022-12-03,MarketResult_SEM-DA_PWR-MRC-D+1_20221202110000_20221202113623.csv
2022-12-03T20:00:00Z,1.0,321.32,2022-12-03,MarketResult_SEM-DA_PWR-MRC-D+1_20221202110000_20221202113623.csv
2022-12-03T21:00:00Z,1.0,308.0,2022-12-03,MarketResult_SEM-DA_PWR-MRC-D+1_20221202110000_20221202113623.csv
2022-12-03T22:00:00Z,1.0,299.4,2022-12-03,MarketResult_SEM-DA_PWR-MRC-D+1_20221202110000_20221202113623.csv
2022-12-03T23:00:00Z,1.0,307.77,2022-12-04,MarketResult_SEM-DA_PWR-MRC-D+1_20221203110000_20221203113756.csv
2022-12-04T00:00:00Z,1.0,300.0,2022-12-04,MarketResult_SEM-DA_PWR-MRC-D+1_20221203110000_20221203113756.csv
2022-12-04T01:00:00Z,1.0,304.0,2022-12-04,MarketResult_SEM-DA_PWR-MRC-D+1_20221203110000_20221203113756.csv
2022-12-04T02:00:00Z,1.0,278.35,2022-12-04,MarketResult_SEM-DA_PWR-MRC-D+1_20221203110000_20221203113756.csv
2022-12-04T03:00:00Z,1.0,259.82,2022-12-04,MarketResult_SEM-DA_PWR-MRC-D+1_20221203110000_20221203113756.csv
2022-12-04T04:00:00Z,1.0,253.0,2022-12-04,MarketResult_SEM-DA_PWR-MRC-D+1_20221203110000_20221203113756.csv
2022-12-04T05:00:00Z,1.0,245.71,2022-12-04,MarketResult_SEM-DA_PWR-MRC-D+1_20221203110000_20221203113756.csv
2022-12-04T06:00:00Z,1.0,254.84,2022-12-04,MarketResult_SEM-DA_PWR-MRC-D+1_20221203110000_20221203113756.csv
2022-12-04T07:00:00Z,1.0,252.13,2022-12-04,MarketResult_SEM-DA_PWR-MRC-D+1_20221203110000_20221203113756.csv
2022-12-04T08:00:00Z,1.0,265.0,2022-12-04,MarketResult_SEM-DA_PWR-MRC-D+1_20221203110000_20221203113756.csv
2022-12-04T09:00:00Z,1.0,293.0,2022-12-04,MarketResult_SEM-DA_PWR-MRC-D+1_20221203110000_20221203113756.csv
2022-12-04T10:00:00Z,1.0,293.0,2022-12-04,MarketResult_SEM-DA_PWR-MRC-D+1_20221203110000_20221203113756.csv
2022-12-04T11:00:00Z,1.0,302.13,2022-12-04,MarketResult_SEM-DA_PWR-MRC-D+1_20221203110000_20221203113756.csv
2022-12-04T12:00:00Z,1.0,309.75,2022-12-04,MarketResult_SEM-DA_PWR-MRC-D+1_20221203110000_20221203113756.csv
2022-12-04T13:00:00Z,1.0,298.42,2022-12-04,MarketResult_SEM-DA_PWR-MRC-D+1_20221203110000_20221203113756.csv
2022-12-04T14:00:00Z,1.0,295.0,2022-12-04,MarketResult_SEM-DA_PWR-MRC-D+1_20221203110000_20221203113756.csv
2022-12-04T15:00:00Z,1.0,309.39,2022-12-04,MarketResult_SEM-DA_PWR-MRC-D+1_20221203110000_20221203113756.csv
2022-12-04T16:00:00Z,1.0,330.0,2022-12-04,MarketResult_SEM-DA_PWR-MRC-D+1_20221203110000_20221203113756.csv
2022-12-04T17:00:00Z,1.0,361.92,2022-12-04,MarketResult_SEM-DA_PWR-MRC-D+1_20221203110000_20221203113756.csv
2022-12-04T18:00:00Z,1.0,333.89,2022-12-04,MarketResult_SEM-DA_PWR-MRC-D+1_20221203110000_20221203113756.csv
2022-12-04T19:00:00Z,1.0,296.8,2022-12-04,MarketResult_SEM-DA_PWR-MRC-D+1_20221203110000_20221203113756.csv
2022-12-04T20:00:00Z,1.0,275.0,2022-12-04,MarketResult_SEM-DA_PWR-MRC-D+1_20221203110000_20221203113756.csv
2022-12-04T21:00:00Z,1.0,278.7,2022-12-04,MarketResult_SEM-DA_PWR-MRC-D+1_20221203110000_20221203113756.csv
2022-12-04T22:00:00Z,1.0,269.21,2022-12-04,MarketResult_SEM-DA_PWR-MRC-D+1_20221203110000_20221203113756.csv
2022-12-04T23:00:00Z,1.0,285.0,2022-12-05,MarketResult_SEM-DA_PWR-MRC-D+1_20221204110000_20221204113905.csv
2022-12-05T00:00:00Z,1.0,262.0,2022-12-05,MarketResult_SEM-DA_PWR-MRC-D+1_20221204110000_20221204113905.csv
2022-12-05T01:00:00Z,1.0,255.79,2022-12-05,MarketResult_SEM-DA_PWR-MRC-D+1_20221204110000_20221204113905.csv
2022-12-05T02:00:00Z,1.0,255.37,2022-12-05,MarketResult_SEM-DA_PWR-MRC-D+1_20221204110000_20221204113905.csv
2022-12-05T03:00:00Z,1.0,254.0,2022-12-05,MarketResult_SEM-DA_PWR-MRC-D+1_20221204110000_20221204113905.csv
2022-12-05T04:00:00Z,1.0,251.73,2022-12-05,MarketResult_SEM-DA_PWR-MRC-D+1_20221204110000_20221204113905.csv
2022-12-05T05:00:00Z,1.0,267.18,2022-12-05,MarketResult_SEM-DA_PWR-MRC-D+1_20221204110000_20221204113905.csv
2022-12-05T06:00:00Z,1.0,315.0,2022-12-05,MarketResult_SEM-DA_PWR-MRC-D+1_20221204110000_20221204113905.csv
2022-12-05T07:00:00Z,1.0,313.8,2022-12-05,MarketResult_SEM-DA_PWR-MRC-D+1_20221204110000_20221204113905.csv
2022-12-05T08:00:00Z,1.0,330.29,2022-12-05,MarketResult_SEM-DA_PWR-MRC-D+1_20221204110000_20221204113905.csv
2022-12-05T09:00:00Z,1.0,357.0,2022-12-05,MarketResult_SEM-DA_PWR-MRC-D+1_20221204110000_20221204113905.csv
2022-12-05T10:00:00Z,1.0,373.04,2022-12-05,MarketResult_SEM-DA_PWR-MRC-D+1_20221204110000_20221204113905.csv
2022-12-05T11:00:00Z,1.0,375.0,2022-12-05,MarketResult_SEM-DA_PWR-MRC-D+1_20221204110000_20221204113905.csv
2022-12-05T12:00:00Z,1.0,375.0,2022-12-05,MarketResult_SEM-DA_PWR-MRC-D+1_20221204110000_20221204113905.csv
2022-12-05T13:00:00Z,1.0,363.56,2022-12-05,MarketResult_SEM-DA_PWR-MRC-D+1_20221204110000_20221204113905.csv
2022-12-05T14:00:00Z,1.0,350.0,2022-12-05,MarketResult_SEM-DA_PWR-MRC-D+1_20221204110000_20221204113905.csv
2022-12-05T15:00:00Z,1.0,368.0,2022-12-05,MarketResult_SEM-DA_PWR-MRC-D+1_20221204110000_20221204113905.csv
2022-12-05T16:00:00Z,1.0,389.0,2022-12-05,MarketResult_SEM-DA_PWR-MRC-D+1_20221204110000_20221204113905.csv
2022-12-05T17:00:00Z,1.0,415.0,2022-12-05,MarketResult_SEM-DA_PWR-MRC-D+1_20221204110000_20221204113905.csv
2022-12-05T18:00:00Z,1.0,385.0,2022-12-05,MarketResult_SEM-DA_PWR-MRC-D+1_20221204110000_20221204113905.csv
2022-12-05T19:00:00Z,1.0,350.0,2022-12-05,MarketResult_SEM-DA_PWR-MRC-D+1_20221204110000_20221204113905.csv
2022-12-05T20:00:00Z,1.0,326.51,2022-12-05,MarketResult_SEM-DA_PWR-MRC-D+1_20221204110000_20221204113905.csv
2022-12-05T21:00:00Z,1.0,321.82,2022-12-05,MarketResult_SEM-DA_PWR-MRC-D+1_20221204110000_20221204113905.csv
2022-12-05T22:00:00Z,1.0,309.91,2022-12-05,MarketResult_SEM-DA_PWR-MRC-D+1_20221204110000_20221204113905.csv
2022-12-05T23:00:00Z,1.0,285.1,2022-12-06,MarketResult_SEM-DA_PWR-MRC-D+1_20221205110000_20221205113725.csv
2022-12-06T00:00:00Z,1.0,284.3,2022-12-06,MarketResult_SEM-DA_PWR-MRC-D+1_20221205110000_20221205113725.csv
2022-12-06T01:00:00Z,1.0,280.04,2022-12-06,MarketResult_SEM-DA_PWR-MRC-D+1_20221205110000_20221205113725.csv
2022-12-06T02:00:00Z,1.0,275.45,2022-12-06,MarketResult_SEM-DA_PWR-MRC-D+1_20221205110000_20221205113725.csv
2022-12-06T03:00:00Z,1.0,277.0,2022-12-06,MarketResult_SEM-DA_PWR-MRC-D+1_20221205110000_20221205113725.csv
2022-12-06T04:00:00Z,1.0,283.0,2022-12-06,MarketResult_SEM-DA_PWR-MRC-D+1_20221205110000_20221205113725.csv
2022-12-06T05:00:00Z,1.0,298.59,2022-12-06,MarketResult_SEM-DA_PWR-MRC-D+1_20221205110000_20221205113725.csv
2022-12-06T06:00:00Z,1.0,322.89,2022-12-06,MarketResult_SEM-DA_PWR-MRC-D+1_20221205110000_20221205113725.csv
2022-12-06T07:00:00Z,1.0,353.0,2022-12-06,MarketResult_SEM-DA_PWR-MRC-D+1_20221205110000_20221205113725.csv
2022-12-06T08:00:00Z,1.0,370.65,2022-12-06,MarketResult_SEM-DA_PWR-MRC-D+1_20221205110000_20221205113725.csv
2022-12-06T09:00:00Z,1.0,397.9,2022-12-06,MarketResult_SEM-DA_PWR-MRC-D+1_20221205110000_20221205113725.csv
2022-12-06T10:00:00Z,1.0,396.83,2022-12-06,MarketResult_SEM-DA_PWR-MRC-D+1_20221205110000_20221205113725.csv
2022-12-06T11:00:00Z,1.0,385.0,2022-12-06,MarketResult_SEM-DA_PWR-MRC-D+1_20221205110000_20221205113725.csv
2022-12-06T12:00:00Z,1.0,386.3,2022-12-06,MarketResult_SEM-DA_PWR-MRC-D+1_20221205110000_20221205113725.csv
2022-12-06T13:00:00Z,1.0,385.0,2022-12-06,MarketResult_SEM-DA_PWR-MRC-D+1_20221205110000_20221205113725.csv
2022-12-06T14:00:00Z,1.0,385.0,2022-12-06,MarketResult_SEM-DA_PWR-MRC-D+1_20221205110000_20221205113725.csv
2022-12-06T15:00:00Z,1.0,411.46,2022-12-06,MarketResult_SEM-DA_PWR-MRC-D+1_20221205110000_20221205113725.csv
2022-12-06T16:00:00Z,1.0,443.66,2022-12-06,MarketResult_SEM-DA_PWR-MRC-D+1_20221205110000_20221205113725.csv
2022-12-06T17:00:00Z,1.0,443.41,2022-12-06,MarketResult_SEM-DA_PWR-MRC-D+1_20221205110000_20221205113725.csv
2022-12-06T18:00:00Z,1.0,424.84,2022-12-06,MarketResult_SEM-DA_PWR-MRC-D+1_20221205110000_20221205113725.csv
2022-12-06T19:00:00Z,1.0,385.0,2022-12-06,MarketResult_SEM-DA_PWR-MRC-D+1_20221205110000_20221205113725.csv
2022-12-06T20:00:00Z,1.0,352.09,2022-12-06,MarketResult_SEM-DA_PWR-MRC-D+1_20221205110000_20221205113725.csv
2022-12-06T21:00:00Z,1.0,322.66,2022-12-06,MarketResult_SEM-DA_PWR-MRC-D+1_20221205110000_20221205113725.csv
2022-12-06T22:00:00Z,1.0,297.08,2022-12-06,MarketResult_SEM-DA_PWR-MRC-D+1_20221205110000_20221205113725.csv
2022-12-06T23:00:00Z,1.0,300.67,2022-12-07,MarketResult_SEM-DA_PWR-MRC-D+1_20221206110000_20221206113908.csv
2022-12-07T00:00:00Z,1.0,295.0,2022-12-07,MarketResult_SEM-DA_PWR-MRC-D+1_20221206110000_20221206113908.csv
2022-12-07T01:00:00Z,1.0,288.87,2022-12-07,MarketResult_SEM-DA_PWR-MRC-D+1_20221206110000_20221206113908.csv
2022-12-07T02:00:00Z,1.0,279.44,2022-12-07,MarketResult_SEM-DA_PWR-MRC-D+1_20221206110000_20221206113908.csv
2022-12-07T03:00:00Z,1.0,277.0,2022-12-07,MarketResult_SEM-DA_PWR-MRC-D+1_20221206110000_20221206113908.csv
2022-12-07T04:00:00Z,1.0,277.9,2022-12-07,MarketResult_SEM-DA_PWR-MRC-D+1_20221206110000_20221206113908.csv
2022-12-07T05:00:00Z,1.0,290.23,2022-12-07,MarketResult_SEM-DA_PWR-MRC-D+1_20221206110000_20221206113908.csv
2022-12-07T06:00:00Z,1.0,300.0,2022-12-07,MarketResult_SEM-DA_PWR-MRC-D+1_20221206110000_20221206113908.csv
2022-12-07T07:00:00Z,1.0,321.0,2022-12-07,MarketResult_SEM-DA_PWR-MRC-D+1_20221206110000_20221206113908.csv
2022-12-07T08:00:00Z,1.0,394.0,2022-12-07,MarketResult_SEM-DA_PWR-MRC-D+1_20221206110000_20221206113908.csv
2022-12-07T09:00:00Z,1.0,416.27,2022-12-07,MarketResult_SEM-DA_PWR-MRC-D+1_20221206110000_20221206113908.csv
2022-12-07T10:00:00Z,1.0,411.37,2022-12-07,MarketResult_SEM-DA_PWR-MRC-D+1_20221206110000_20221206113908.csv
2022-12-07T11:00:00Z,1.0,404.33,2022-12-07,MarketResult_SEM-DA_PWR-MRC-D+1_20221206110000_20221206113908.csv
2022-12-07T12:00:00Z,1.0,405.18,2022-12-07,MarketResult_SEM-DA_PWR-MRC-D+1_20221206110000_20221206113908.csv
2022-12-07T13:00:00Z,1.0,405.73,2022-12-07,MarketResult_SEM-DA_PWR-MRC-D+1_20221206110000_20221206113908.csv
2022-12-07T14:00:00Z,1.0,406.0,2022-12-07,MarketResult_SEM-DA_PWR-MRC-D+1_20221206110000_20221206113908.csv
2022-12-07T15:00:00Z,1.0,414.0,2022-12-07,MarketResult_SEM-DA_PWR-MRC-D+1_20221206110000_20221206113908.csv
2022-12-07T16:00:00Z,1.0,476.56,2022-12-07,MarketResult_SEM-DA_PWR-MRC-D+1_20221206110000_20221206113908.csv
2022-12-07T17:00:00Z,1.0,501.0,2022-12-07,MarketResult_SEM-DA_PWR-MRC-D+1_20221206110000_20221206113908.csv
2022-12-07T18:00:00Z,1.0,452.75,2022-12-07,MarketResult_SEM-DA_PWR-MRC-D+1_20221206110000_20221206113908.csv
2022-12-07T19:00:00Z,1.0,412.0,2022-12-07,MarketResult_SEM-DA_PWR-MRC-D+1_20221206110000_20221206113908.csv
2022-12-07T20:00:00Z,1.0,364.88,2022-12-07,MarketResult_SEM-DA_PWR-MRC-D+1_20221206110000_20221206113908.csv
2022-12-07T21:00:00Z,1.0,313.72,2022-12-07,MarketResult_SEM-DA_PWR-MRC-D+1_20221206110000_20221206113908.csv
2022-12-07T22:00:00Z,1.0,311.78,2022-12-07,MarketResult_SEM-DA_PWR-MRC-D+1_20221206110000_20221206113908.csv
2022-12-07T23:00:00Z,1.0,364.38,2022-12-08,MarketResult_SEM-DA_PWR-MRC-D+1_20221207110000_20221207113756.csv
2022-12-08T00:00:00Z,1.0,350.53,2022-12-08,MarketResult_SEM-DA_PWR-MRC-D+1_20221207110000_20221207113756.csv
2022-12-08T01:00:00Z,1.0,347.33,2022-12-08,MarketResult_SEM-DA_PWR-MRC-D+1_20221207110000_20221207113756.csv
2022-12-08T02:00:00Z,1.0,340.0,2022-12-08,MarketResult_SEM-DA_PWR-MRC-D+1_20221207110000_20221207113756.csv
2022-12-08T03:00:00Z,1.0,334.0,2022-12-08,MarketResult_SEM-DA_PWR-MRC-D+1_20221207110000_20221207113756.csv
2022-12-08T04:00:00Z,1.0,326.97,2022-12-08,MarketResult_SEM-DA_PWR-MRC-D+1_20221207110000_20221207113756.csv
2022-12-08T05:00:00Z,1.0,326.97,2022-12-08,MarketResult_SEM-DA_PWR-MRC-D+1_20221207110000_20221207113756.csv
2022-12-08T06:00:00Z,1.0,350.53,2022-12-08,MarketResult_SEM-DA_PWR-MRC-D+1_20221207110000_20221207113756.csv
2022-12-08T07:00:00Z,1.0,405.83,2022-12-08,MarketResult_SEM-DA_PWR-MRC-D+1_20221207110000_20221207113756.csv
2022-12-08T08:00:00Z,1.0,439.0,2022-12-08,MarketResult_SEM-DA_PWR-MRC-D+1_20221207110000_20221207113756.csv
2022-12-08T09:00:00Z,1.0,457.1,2022-12-08,MarketResult_SEM-DA_PWR-MRC-D+1_20221207110000_20221207113756.csv
2022-12-08T10:00:00Z,1.0,448.0,2022-12-08,MarketResult_SEM-DA_PWR-MRC-D+1_20221207110000_20221207113756.csv
2022-12-08T11:00:00Z,1.0,426.0,2022-12-08,MarketResult_SEM-DA_PWR-MRC-D+1_20221207110000_20221207113756.csv
2022-12-08T12:00:00Z,1.0,430.0,2022-12-08,MarketResult_SEM-DA_PWR-MRC-D+1_20221207110000_20221207113756.csv
2022-12-08T13:00:00Z,1.0,425.0,2022-12-08,MarketResult_SEM-DA_PWR-MRC-D+1_20221207110000_20221207113756.csv
2022-12-08T14:00:00Z,1.0,424.38,2022-12-08,MarketResult_SEM-DA_PWR-MRC-D+1_20221207110000_20221207113756.csv
2022-12-08T15:00:00Z,1.0,449.0,2022-12-08,MarketResult_SEM-DA_PWR-MRC-D+1_20221207110000_20221207113756.csv
2022-12-08T16:00:00Z,1.0,545.0,2022-12-08,MarketResult_SEM-DA_PWR-MRC-D+1_20221207110000_20221207113756.csv
2022-12-08T17:00:00Z,1.0,581.07,2022-12-08,MarketResult_SEM-DA_PWR-MRC-D+1_20221207110000_20221207113756.csv
2022-12-08T18:00:00Z,1.0,531.82,2022-12-08,MarketResult_SEM-DA_PWR-MRC-D+1_20221207110000_20221207113756.csv
2022-12-08T19:00:00Z,1.0,467.0,2022-12-08,MarketResult_SEM-DA_PWR-MRC-D+1_20221207110000_20221207113756.csv
2022-12-08T20:00:00Z,1.0,408.15,2022-12-08,MarketResult_SEM-DA_PWR-MRC-D+1_20221207110000_20221207113756.csv
2022-12-08T21:00:00Z,1.0,370.1,2022-12-08,MarketResult_SEM-DA_PWR-MRC-D+1_20221207110000_20221207113756.csv
2022-12-08T22:00:00Z,1.0,335.06,2022-12-08,MarketResult_SEM-DA_PWR-MRC-D+1_20221207110000_20221207113756.csv
2022-12-08T23:00:00Z,1.0,365.0,2022-12-09,MarketResult_SEM-DA_PWR-MRC-D+1_20221208110000_20221208113850.csv
2022-12-09T00:00:00Z,1.0,362.62,2022-12-09,MarketResult_SEM-DA_PWR-MRC-D+1_20221208110000_20221208113850.csv
2022-12-09T01:00:00Z,1.0,344.31,2022-12-09,MarketResult_SEM-DA_PWR-MRC-D+1_20221208110000_20221208113850.csv
2022-12-09T02:00:00Z,1.0,337.99,2022-12-09,MarketResult_SEM-DA_PWR-MRC-D+1_20221208110000_20221208113850.csv
2022-12-09T03:00:00Z,1.0,331.38,2022-12-09,MarketResult_SEM-DA_PWR-MRC-D+1_20221208110000_20221208113850.csv
2022-12-09T04:00:00Z,1.0,341.64,2022-12-09,MarketResult_SEM-DA_PWR-MRC-D+1_20221208110000_20221208113850.csv
2022-12-09T05:00:00Z,1.0,348.99,2022-12-09,MarketResult_SEM-DA_PWR-MRC-D+1_20221208110000_20221208113850.csv
2022-12-09T06:00:00Z,1.0,370.54,2022-12-09,MarketResult_SEM-DA_PWR-MRC-D+1_20221208110000_20221208113850.csv
2022-12-09T07:00:00Z,1.0,418.1,2022-12-09,MarketResult_SEM-DA_PWR-MRC-D+1_20221208110000_20221208113850.csv
2022-12-09T08:00:00Z,1.0,470.8,2022-12-09,MarketResult_SEM-DA_PWR-MRC-D+1_20221208110000_20221208113850.csv
2022-12-09T09:00:00Z,1.0,500.0,2022-12-09,MarketResult_SEM-DA_PWR-MRC-D+1_20221208110000_20221208113850.csv
2022-12-09T10:00:00Z,1.0,476.04,2022-12-09,MarketResult_SEM-DA_PWR-MRC-D+1_20221208110000_20221208113850.csv
2022-12-09T11:00:00Z,1.0,465.0,2022-12-09,MarketResult_SEM-DA_PWR-MRC-D+1_20221208110000_20221208113850.csv
2022-12-09T12:00:00Z,1.0,465.0,2022-12-09,MarketResult_SEM-DA_PWR-MRC-D+1_20221208110000_20221208113850.csv
2022-12-09T13:00:00Z,1.0,453.0,2022-12-09,MarketResult_SEM-DA_PWR-MRC-D+1_20221208110000_20221208113850.csv
2022-12-09T14:00:00Z,1.0,445.0,2022-12-09,MarketResult_SEM-DA_PWR-MRC-D+1_20221208110000_20221208113850.csv
2022-12-09T15:00:00Z,1.0,455.0,2022-12-09,MarketResult_SEM-DA_PWR-MRC-D+1_20221208110000_20221208113850.csv
2022-12-09T16:00:00Z,1.0,474.0,2022-12-09,MarketResult_SEM-DA_PWR-MRC-D+1_20221208110000_20221208113850.csv
2022-12-09T17:00:00Z,1.0,545.12,2022-12-09,MarketResult_SEM-DA_PWR-MRC-D+1_20221208110000_20221208113850.csv
2022-12-09T18:00:00Z,1.0,501.53,2022-12-09,MarketResult_SEM-DA_PWR-MRC-D+1_20221208110000_20221208113850.csv
2022-12-09T19:00:00Z,1.0,457.88,2022-12-09,MarketResult_SEM-DA_PWR-MRC-D+1_20221208110000_20221208113850.csv
2022-12-09T20:00:00Z,1.0,405.73,2022-12-09,MarketResult_SEM-DA_PWR-MRC-D+1_20221208110000_20221208113850.csv
2022-12-09T21:00:00Z,1.0,383.65,2022-12-09,MarketResult_SEM-DA_PWR-MRC-D+1_20221208110000_20221208113850.csv
2022-12-09T22:00:00Z,1.0,353.9,2022-12-09,MarketResult_SEM-DA_PWR-MRC-D+1_20221208110000_20221208113850.csv
2022-12-09T23:00:00Z,1.0,340.56,2022-12-10,MarketResult_SEM-DA_PWR-MRC-D+1_20221209110000_20221209113637.csv
2022-12-10T00:00:00Z,1.0,330.0,2022-12-10,MarketResult_SEM-DA_PWR-MRC-D+1_20221209110000_20221209113637.csv
2022-12-10T01:00:00Z,1.0,324.0,2022-12-10,MarketResult_SEM-DA_PWR-MRC-D+1_20221209110000_20221209113637.csv
2022-12-10T02:00:00Z,1.0,314.06,2022-12-10,MarketResult_SEM-DA_PWR-MRC-D+1_20221209110000_20221209113637.csv
2022-12-10T03:00:00Z,1.0,309.29,2022-12-10,MarketResult_SEM-DA_PWR-MRC-D+1_20221209110000_20221209113637.csv
2022-12-10T04:00:00Z,1.0,309.29,2022-12-10,MarketResult_SEM-DA_PWR-MRC-D+1_20221209110000_20221209113637.csv
2022-12-10T05:00:00Z,1.0,317.0,2022-12-10,MarketResult_SEM-DA_PWR-MRC-D+1_20221209110000_20221209113637.csv
2022-12-10T06:00:00Z,1.0,320.12,2022-12-10,MarketResult_SEM-DA_PWR-MRC-D+1_20221209110000_20221209113637.csv
2022-12-10T07:00:00Z,1.0,337.79,2022-12-10,MarketResult_SEM-DA_PWR-MRC-D+1_20221209110000_20221209113637.csv
2022-12-10T08:00:00Z,1.0,358.62,2022-12-10,MarketResult_SEM-DA_PWR-MRC-D+1_20221209110000_20221209113637.csv
2022-12-10T09:00:00Z,1.0,376.62,2022-12-10,MarketResult_SEM-DA_PWR-MRC-D+1_20221209110000_20221209113637.csv
2022-12-10T10:00:00Z,1.0,384.0,2022-12-10,MarketResult_SEM-DA_PWR-MRC-D+1_20221209110000_20221209113637.csv
2022-12-10T11:00:00Z,1.0,378.66,2022-12-10,MarketResult_SEM-DA_PWR-MRC-D+1_20221209110000_20221209113637.csv
2022-12-10T12:00:00Z,1.0,377.63,2022-12-10,MarketResult_SEM-DA_PWR-MRC-D+1_20221209110000_20221209113637.csv
2022-12-10T13:00:00Z,1.0,376.93,2022-12-10,MarketResult_SEM-DA_PWR-MRC-D+1_20221209110000_20221209113637.csv
2022-12-10T14:00:00Z,1.0,383.0,2022-12-10,MarketResult_SEM-DA_PWR-MRC-D+1_20221209110000_20221209113637.csv
2022-12-10T15:00:00Z,1.0,396.55,2022-12-10,MarketResult_SEM-DA_PWR-MRC-D+1_20221209110000_20221209113637.csv
2022-12-10T16:00:00Z,1.0,415.0,2022-12-10,MarketResult_SEM-DA_PWR-MRC-D+1_20221209110000_20221209113637.csv
2022-12-10T17:00:00Z,1.0,467.97,2022-12-10,MarketResult_SEM-DA_PWR-MRC-D+1_20221209110000_20221209113637.csv
2022-12-10T18:00:00Z,1.0,435.0,2022-12-10,MarketResult_SEM-DA_PWR-MRC-D+1_20221209110000_20221209113637.csv
2022-12-10T19:00:00Z,1.0,391.0,2022-12-10,MarketResult_SEM-DA_PWR-MRC-D+1_20221209110000_20221209113637.csv
2022-12-10T20:00:00Z,1.0,355.0,2022-12-10,MarketResult_SEM-DA_PWR-MRC-D+1_20221209110000_20221209113637.csv
2022-12-10T21:00:00Z,1.0,347.92,2022-12-10,MarketResult_SEM-DA_PWR-MRC-D+1_20221209110000_20221209113637.csv
2022-12-10T22:00:00Z,1.0,327.83,2022-12-10,MarketResult_SEM-DA_PWR-MRC-D+1_20221209110000_20221209113637.csv
2022-12-10T23:00:00Z,1.0,342.92,2022-12-11,MarketResult_SEM-DA_PWR-MRC-D+1_20221210110000_20221210113656.csv
2022-12-11T00:00:00Z,1.0,346.53,2022-12-11,MarketResult_SEM-DA_PWR-MRC-D+1_20221210110000_20221210113656.csv
2022-12-11T01:00:00Z,1.0,341.58,2022-12-11,MarketResult_SEM-DA_PWR-MRC-D+1_20221210110000_20221210113656.csv
2022-12-11T02:00:00Z,1.0,322.88,2022-12-11,MarketResult_SEM-DA_PWR-MRC-D+1_20221210110000_20221210113656.csv
2022-12-11T03:00:00Z,1.0,317.23,2022-12-11,MarketResult_SEM-DA_PWR-MRC-D+1_20221210110000_20221210113656.csv
2022-12-11T04:00:00Z,1.0,314.02,2022-12-11,MarketResult_SEM-DA_PWR-MRC-D+1_20221210110000_20221210113656.csv
2022-12-11T05:00:00Z,1.0,320.0,2022-12-11,MarketResult_SEM-DA_PWR-MRC-D+1_20221210110000_20221210113656.csv
2022-12-11T06:00:00Z,1.0,327.02,2022-12-11,MarketResult_SEM-DA_PWR-MRC-D+1_20221210110000_20221210113656.csv
2022-12-11T07:00:00Z,1.0,315.67,2022-12-11,MarketResult_SEM-DA_PWR-MRC-D+1_20221210110000_20221210113656.csv
2022-12-11T08:00:00Z,1.0,324.17,2022-12-11,MarketResult_SEM-DA_PWR-MRC-D+1_20221210110000_20221210113656.csv
2022-12-11T09:00:00Z,1.0,333.57,2022-12-11,MarketResult_SEM-DA_PWR-MRC-D+1_20221210110000_20221210113656.csv
2022-12-11T10:00:00Z,1.0,357.97,2022-12-11,MarketResult_SEM-DA_PWR-MRC-D+1_20221210110000_20221210113656.csv
2022-12-11T11:00:00Z,1.0,370.28,2022-12-11,MarketResult_SEM-DA_PWR-MRC-D+1_20221210110000_20221210113656.csv
2022-12-11T12:00:00Z,1.0,387.94,2022-12-11,MarketResult_SEM-DA_PWR-MRC-D+1_20221210110000_20221210113656.csv
2022-12-11T13:00:00Z,1.0,389.83,2022-12-11,MarketResult_SEM-DA_PWR-MRC-D+1_20221210110000_20221210113656.csv
2022-12-11T14:00:00Z,1.0,390.0,2022-12-11,MarketResult_SEM-DA_PWR-MRC-D+1_20221210110000_20221210113656.csv
2022-12-11T15:00:00Z,1.0,394.7,2022-12-11,MarketResult_SEM-DA_PWR-MRC-D+1_20221210110000_20221210113656.csv
2022-12-11T16:00:00Z,1.0,460.0,2022-12-11,MarketResult_SEM-DA_PWR-MRC-D+1_20221210110000_20221210113656.csv
2022-12-11T17:00:00Z,1.0,540.0,2022-12-11,MarketResult_SEM-DA_PWR-MRC-D+1_20221210110000_20221210113656.csv
2022-12-11T18:00:00Z,1.0,467.47,2022-12-11,MarketResult_SEM-DA_PWR-MRC-D+1_20221210110000_20221210113656.csv
2022-12-11T19:00:00Z,1.0,411.19,2022-12-11,MarketResult_SEM-DA_PWR-MRC-D+1_20221210110000_20221210113656.csv
2022-12-11T20:00:00Z,1.0,377.0,2022-12-11,MarketResult_SEM-DA_PWR-MRC-D+1_20221210110000_20221210113656.csv
2022-12-11T21:00:00Z,1.0,361.0,2022-12-11,MarketResult_SEM-DA_PWR-MRC-D+1_20221210110000_20221210113656.csv
2022-12-11T22:00:00Z,1.0,341.88,2022-12-11,MarketResult_SEM-DA_PWR-MRC-D+1_20221210110000_20221210113656.csv
2022-12-11T23:00:00Z,1.0,335.29,2022-12-12,MarketResult_SEM-DA_PWR-MRC-D+1_20221211110000_20221211113648.csv
2022-12-12T00:00:00Z,1.0,345.0,2022-12-12,MarketResult_SEM-DA_PWR-MRC-D+1_20221211110000_20221211113648.csv
2022-12-12T01:00:00Z,1.0,343.9,2022-12-12,MarketResult_SEM-DA_PWR-MRC-D+1_20221211110000_20221211113648.csv
2022-12-12T02:00:00Z,1.0,332.86,2022-12-12,MarketResult_SEM-DA_PWR-MRC-D+1_20221211110000_20221211113648.csv
2022-12-12T03:00:00Z,1.0,326.0,2022-12-12,MarketResult_SEM-DA_PWR-MRC-D+1_20221211110000_20221211113648.csv
2022-12-12T04:00:00Z,1.0,322.88,2022-12-12,MarketResult_SEM-DA_PWR-MRC-D+1_20221211110000_20221211113648.csv
2022-12-12T05:00:00Z,1.0,337.0,2022-12-12,MarketResult_SEM-DA_PWR-MRC-D+1_20221211110000_20221211113648.csv
2022-12-12T06:00:00Z,1.0,356.76,2022-12-12,MarketResult_SEM-DA_PWR-MRC-D+1_20221211110000_20221211113648.csv
2022-12-12T07:00:00Z,1.0,396.91,2022-12-12,MarketResult_SEM-DA_PWR-MRC-D+1_20221211110000_20221211113648.csv
2022-12-12T08:00:00Z,1.0,403.72,2022-12-12,MarketResult_SEM-DA_PWR-MRC-D+1_20221211110000_20221211113648.csv
2022-12-12T09:00:00Z,1.0,407.5,2022-12-12,MarketResult_SEM-DA_PWR-MRC-D+1_20221211110000_20221211113648.csv
2022-12-12T10:00:00Z,1.0,430.62,2022-12-12,MarketResult_SEM-DA_PWR-MRC-D+1_20221211110000_20221211113648.csv
2022-12-12T11:00:00Z,1.0,465.0,2022-12-12,MarketResult_SEM-DA_PWR-MRC-D+1_20221211110000_20221211113648.csv
2022-12-12T12:00:00Z,1.0,472.46,2022-12-12,MarketResult_SEM-DA_PWR-MRC-D+1_20221211110000_20221211113648.csv
2022-12-12T13:00:00Z,1.0,436.32,2022-12-12,MarketResult_SEM-DA_PWR-MRC-D+1_20221211110000_20221211113648.csv
2022-12-12T14:00:00Z,1.0,430.0,2022-12-12,MarketResult_SEM-DA_PWR-MRC-D+1_20221211110000_20221211113648.csv
2022-12-12T15:00:00Z,1.0,418.53,2022-12-12,MarketResult_SEM-DA_PWR-MRC-D+1_20221211110000_20221211113648.csv
2022-12-12T16:00:00Z,1.0,473.09,2022-12-12,MarketResult_SEM-DA_PWR-MRC-D+1_20221211110000_20221211113648.csv
2022-12-12T17:00:00Z,1.0,523.97,2022-12-12,MarketResult_SEM-DA_PWR-MRC-D+1_20221211110000_20221211113648.csv
2022-12-12T18:00:00Z,1.0,469.0,2022-12-12,MarketResult_SEM-DA_PWR-MRC-D+1_20221211110000_20221211113648.csv
2022-12-12T19:00:00Z,1.0,396.12,2022-12-12,MarketResult_SEM-DA_PWR-MRC-D+1_20221211110000_20221211113648.csv
2022-12-12T20:00:00Z,1.0,372.13,2022-12-12,MarketResult_SEM-DA_PWR-MRC-D+1_20221211110000_20221211113648.csv
2022-12-12T21:00:00Z,1.0,343.02,2022-12-12,MarketResult_SEM-DA_PWR-MRC-D+1_20221211110000_20221211113648.csv
2022-12-12T22:00:00Z,1.0,335.33,2022-12-12,MarketResult_SEM-DA_PWR-MRC-D+1_20221211110000_20221211113648.csv
2022-12-12T23:00:00Z,1.0,335.35,2022-12-13,MarketResult_SEM-DA_PWR-MRC-D+1_20221212110000_20221212113819.csv
2022-12-13T00:00:00Z,1.0,334.15,2022-12-13,MarketResult_SEM-DA_PWR-MRC-D+1_20221212110000_20221212113819.csv
2022-12-13T01:00:00Z,1.0,324.01,2022-12-13,MarketResult_SEM-DA_PWR-MRC-D+1_20221212110000_20221212113819.csv
2022-12-13T02:00:00Z,1.0,312.74,2022-12-13,MarketResult_SEM-DA_PWR-MRC-D+1_20221212110000_20221212113819.csv
2022-12-13T03:00:00Z,1.0,305.0,2022-12-13,MarketResult_SEM-DA_PWR-MRC-D+1_20221212110000_20221212113819.csv
2022-12-13T04:00:00Z,1.0,307.47,2022-12-13,MarketResult_SEM-DA_PWR-MRC-D+1_20221212110000_20221212113819.csv
2022-12-13T05:00:00Z,1.0,335.0,2022-12-13,MarketResult_SEM-DA_PWR-MRC-D+1_20221212110000_20221212113819.csv
2022-12-13T06:00:00Z,1.0,356.0,2022-12-13,MarketResult_SEM-DA_PWR-MRC-D+1_20221212110000_20221212113819.csv
2022-12-13T07:00:00Z,1.0,429.0,2022-12-13,MarketResult_SEM-DA_PWR-MRC-D+1_20221212110000_20221212113819.csv
2022-12-13T08:00:00Z,1.0,424.46,2022-12-13,MarketResult_SEM-DA_PWR-MRC-D+1_20221212110000_20221212113819.csv
2022-12-13T09:00:00Z,1.0,429.5,2022-12-13,MarketResult_SEM-DA_PWR-MRC-D+1_20221212110000_20221212113819.csv
2022-12-13T10:00:00Z,1.0,429.0,2022-12-13,MarketResult_SEM-DA_PWR-MRC-D+1_20221212110000_20221212113819.csv
2022-12-13T11:00:00Z,1.0,417.45,2022-12-13,MarketResult_SEM-DA_PWR-MRC-D+1_20221212110000_20221212113819.csv
2022-12-13T12:00:00Z,1.0,407.57,2022-12-13,MarketResult_SEM-DA_PWR-MRC-D+1_20221212110000_20221212113819.csv
2022-12-13T13:00:00Z,1.0,405.0,2022-12-13,MarketResult_SEM-DA_PWR-MRC-D+1_20221212110000_20221212113819.csv
2022-12-13T14:00:00Z,1.0,402.0,2022-12-13,MarketResult_SEM-DA_PWR-MRC-D+1_20221212110000_20221212113819.csv
2022-12-13T15:00:00Z,1.0,382.56,2022-12-13,MarketResult_SEM-DA_PWR-MRC-D+1_20221212110000_20221212113819.csv
2022-12-13T16:00:00Z,1.0,415.0,2022-12-13,MarketResult_SEM-DA_PWR-MRC-D+1_20221212110000_20221212113819.csv
2022-12-13T17:00:00Z,1.0,455.0,2022-12-13,MarketResult_SEM-DA_PWR-MRC-D+1_20221212110000_20221212113819.csv
2022-12-13T18:00:00Z,1.0,407.57,2022-12-13,MarketResult_SEM-DA_PWR-MRC-D+1_20221212110000_20221212113819.csv
2022-12-13T19:00:00Z,1.0,371.11,2022-12-13,MarketResult_SEM-DA_PWR-MRC-D+1_20221212110000_20221212113819.csv
2022-12-13T20:00:00Z,1.0,356.65,2022-12-13,MarketResult_SEM-DA_PWR-MRC-D+1_20221212110000_20221212113819.csv
2022-12-13T21:00:00Z,1.0,327.92,2022-12-13,MarketResult_SEM-DA_PWR-MRC-D+1_20221212110000_20221212113819.csv
2022-12-13T22:00:00Z,1.0,324.39,2022-12-13,MarketResult_SEM-DA_PWR-MRC-D+1_20221212110000_20221212113819.csv
2022-12-13T23:00:00Z,1.0,313.59,2022-12-14,MarketResult_SEM-DA_PWR-MRC-D+1_20221213110000_20221213113755.csv
2022-12-14T00:00:00Z,1.0,290.81,2022-12-14,MarketResult_SEM-DA_PWR-MRC-D+1_20221213110000_20221213113755.csv
2022-12-14T01:00:00Z,1.0,293.82,2022-12-14,MarketResult_SEM-DA_PWR-MRC-D+1_20221213110000_20221213113755.csv
2022-12-14T02:00:00Z,1.0,283.0,2022-12-14,MarketResult_SEM-DA_PWR-MRC-D+1_20221213110000_20221213113755.csv
2022-12-14T03:00:00Z,1.0,280.0,2022-12-14,MarketResult_SEM-DA_PWR-MRC-D+1_20221213110000_20221213113755.csv
2022-12-14T04:00:00Z,1.0,281.71,2022-12-14,MarketResult_SEM-DA_PWR-MRC-D+1_20221213110000_20221213113755.csv
2022-12-14T05:00:00Z,1.0,299.41,2022-12-14,MarketResult_SEM-DA_PWR-MRC-D+1_20221213110000_20221213113755.csv
2022-12-14T06:00:00Z,1.0,342.99,2022-12-14,MarketResult_SEM-DA_PWR-MRC-D+1_20221213110000_20221213113755.csv
2022-12-14T07:00:00Z,1.0,365.0,2022-12-14,MarketResult_SEM-DA_PWR-MRC-D+1_20221213110000_20221213113755.csv
2022-12-14T08:00:00Z,1.0,386.65,2022-12-14,MarketResult_SEM-DA_PWR-MRC-D+1_20221213110000_20221213113755.csv
2022-12-14T09:00:00Z,1.0,400.0,2022-12-14,MarketResult_SEM-DA_PWR-MRC-D+1_20221213110000_20221213113755.csv
2022-12-14T10:00:00Z,1.0,399.0,2022-12-14,MarketResult_SEM-DA_PWR-MRC-D+1_20221213110000_20221213113755.csv
2022-12-14T11:00:00Z,1.0,369.88,2022-12-14,MarketResult_SEM-DA_PWR-MRC-D+1_20221213110000_20221213113755.csv
2022-12-14T12:00:00Z,1.0,380.0,2022-12-14,MarketResult_SEM-DA_PWR-MRC-D+1_20221213110000_20221213113755.csv
2022-12-14T13:00:00Z,1.0,372.8,2022-12-14,MarketResult_SEM-DA_PWR-MRC-D+1_20221213110000_20221213113755.csv
2022-12-14T14:00:00Z,1.0,376.7,2022-12-14,MarketResult_SEM-DA_PWR-MRC-D+1_20221213110000_20221213113755.csv
2022-12-14T15:00:00Z,1.0,385.0,2022-12-14,MarketResult_SEM-DA_PWR-MRC-D+1_20221213110000_20221213113755.csv
2022-12-14T16:00:00Z,1.0,384.93,2022-12-14,MarketResult_SEM-DA_PWR-MRC-D+1_20221213110000_20221213113755.csv
2022-12-14T17:00:00Z,1.0,393.99,2022-12-14,MarketResult_SEM-DA_PWR-MRC-D+1_20221213110000_20221213113755.csv
2022-12-14T18:00:00Z,1.0,385.0,2022-12-14,MarketResult_SEM-DA_PWR-MRC-D+1_20221213110000_20221213113755.csv
2022-12-14T19:00:00Z,1.0,368.94,2022-12-14,MarketResult_SEM-DA_PWR-MRC-D+1_20221213110000_20221213113755.csv
2022-12-14T20:00:00Z,1.0,358.88,2022-12-14,MarketResult_SEM-DA_PWR-MRC-D+1_20221213110000_20221213113755.csv
2022-12-14T21:00:00Z,1.0,329.79,2022-12-14,MarketResult_SEM-DA_PWR-MRC-D+1_20221213110000_20221213113755.csv
2022-12-14T22:00:00Z,1.0,320.0,2022-12-14,MarketResult_SEM-DA_PWR-MRC-D+1_20221213110000_20221213113755.csv
2022-12-14T23:00:00Z,1.0,316.56,2022-12-15,MarketResult_SEM-DA_PWR-MRC-D+1_20221214110000_20221214113808.csv
2022-12-15T00:00:00Z,1.0,310.42,2022-12-15,MarketResult_SEM-DA_PWR-MRC-D+1_20221214110000_20221214113808.csv
2022-12-15T01:00:00Z,1.0,303.12,2022-12-15,MarketResult_SEM-DA_PWR-MRC-D+1_20221214110000_20221214113808.csv
2022-12-15T02:00:00Z,1.0,290.97,2022-12-15,MarketResult_SEM-DA_PWR-MRC-D+1_20221214110000_20221214113808.csv
2022-12-15T03:00:00Z,1.0,292.13,2022-12-15,MarketResult_SEM-DA_PWR-MRC-D+1_20221214110000_20221214113808.csv
2022-12-15T04:00:00Z,1.0,297.39,2022-12-15,MarketResult_SEM-DA_PWR-MRC-D+1_20221214110000_20221214113808.csv
2022-12-15T05:00:00Z,1.0,316.27,2022-12-15,MarketResult_SEM-DA_PWR-MRC-D+1_20221214110000_20221214113808.csv
2022-12-15T06:00:00Z,1.0,346.47,2022-12-15,MarketResult_SEM-DA_PWR-MRC-D+1_20221214110000_20221214113808.csv
2022-12-15T07:00:00Z,1.0,410.75,2022-12-15,MarketResult_SEM-DA_PWR-MRC-D+1_20221214110000_20221214113808.csv
2022-12-15T08:00:00Z,1.0,420.36,2022-12-15,MarketResult_SEM-DA_PWR-MRC-D+1_20221214110000_20221214113808.csv
2022-12-15T09:00:00Z,1.0,422.28,2022-12-15,MarketResult_SEM-DA_PWR-MRC-D+1_20221214110000_20221214113808.csv
2022-12-15T10:00:00Z,1.0,421.28,2022-12-15,MarketResult_SEM-DA_PWR-MRC-D+1_20221214110000_20221214113808.csv
2022-12-15T11:00:00Z,1.0,421.28,2022-12-15,MarketResult_SEM-DA_PWR-MRC-D+1_20221214110000_20221214113808.csv
2022-12-15T12:00:00Z,1.0,422.28,2022-12-15,MarketResult_SEM-DA_PWR-MRC-D+1_20221214110000_20221214113808.csv
2022-12-15T13:00:00Z,1.0,422.28,2022-12-15,MarketResult_SEM-DA_PWR-MRC-D+1_20221214110000_20221214113808.csv
2022-12-15T14:00:00Z,1.0,422.28,2022-12-15,MarketResult_SEM-DA_PWR-MRC-D+1_20221214110000_20221214113808.csv
2022-12-15T15:00:00Z,1.0,455.0,2022-12-15,MarketResult_SEM-DA_PWR-MRC-D+1_20221214110000_20221214113808.csv
2022-12-15T16:00:00Z,1.0,488.0,2022-12-15,MarketResult_SEM-DA_PWR-MRC-D+1_20221214110000_20221214113808.csv
2022-12-15T17:00:00Z,1.0,503.0,2022-12-15,MarketResult_SEM-DA_PWR-MRC-D+1_20221214110000_20221214113808.csv
2022-12-15T18:00:00Z,1.0,483.0,2022-12-15,MarketResult_SEM-DA_PWR-MRC-D+1_20221214110000_20221214113808.csv
2022-12-15T19:00:00Z,1.0,455.0,2022-12-15,MarketResult_SEM-DA_PWR-MRC-D+1_20221214110000_20221214113808.csv
2022-12-15T20:00:00Z,1.0,412.74,2022-12-15,MarketResult_SEM-DA_PWR-MRC-D+1_20221214110000_20221214113808.csv
2022-12-15T21:00:00Z,1.0,369.37,2022-12-15,MarketResult_SEM-DA_PWR-MRC-D+1_20221214110000_20221214113808.csv
2022-12-15T22:00:00Z,1.0,344.11,2022-12-15,MarketResult_SEM-DA_PWR-MRC-D+1_20221214110000_20221214113808.csv
2022-12-15T23:00:00Z,1.0,314.15,2022-12-16,MarketResult_SEM-DA_PWR-MRC-D+1_20221215110000_20221215113602.csv
2022-12-16T00:00:00Z,1.0,313.63,2022-12-16,MarketResult_SEM-DA_PWR-MRC-D+1_20221215110000_20221215113602.csv
2022-12-16T01:00:00Z,1.0,311.23,2022-12-16,MarketResult_SEM-DA_PWR-MRC-D+1_20221215110000_20221215113602.csv
2022-12-16T02:00:00Z,1.0,296.95,2022-12-16,MarketResult_SEM-DA_PWR-MRC-D+1_20221215110000_20221215113602.csv
2022-12-16T03:00:00Z,1.0,295.78,2022-12-16,MarketResult_SEM-DA_PWR-MRC-D+1_20221215110000_20221215113602.csv
2022-12-16T04:00:00Z,1.0,302.74,2022-12-16,MarketResult_SEM-DA_PWR-MRC-D+1_20221215110000_20221215113602.csv
2022-12-16T05:00:00Z,1.0,324.34,2022-12-16,MarketResult_SEM-DA_PWR-MRC-D+1_20221215110000_20221215113602.csv
2022-12-16T06:00:00Z,1.0,355.0,2022-12-16,MarketResult_SEM-DA_PWR-MRC-D+1_20221215110000_20221215113602.csv
2022-12-16T07:00:00Z,1.0,445.62,2022-12-16,MarketResult_SEM-DA_PWR-MRC-D+1_20221215110000_20221215113602.csv
2022-12-16T08:00:00Z,1.0,455.0,2022-12-16,MarketResult_SEM-DA_PWR-MRC-D+1_20221215110000_20221215113602.csv
2022-12-16T09:00:00Z,1.0,445.62,2022-12-16,MarketResult_SEM-DA_PWR-MRC-D+1_20221215110000_20221215113602.csv
2022-12-16T10:00:00Z,1.0,409.0,2022-12-16,MarketResult_SEM-DA_PWR-MRC-D+1_20221215110000_20221215113602.csv
2022-12-16T11:00:00Z,1.0,399.0,2022-12-16,MarketResult_SEM-DA_PWR-MRC-D+1_20221215110000_20221215113602.csv
2022-12-16T12:00:00Z,1.0,394.3,2022-12-16,MarketResult_SEM-DA_PWR-MRC-D+1_20221215110000_20221215113602.csv
2022-12-16T13:00:00Z,1.0,390.0,2022-12-16,MarketResult_SEM-DA_PWR-MRC-D+1_20221215110000_20221215113602.csv
2022-12-16T14:00:00Z,1.0,389.34,2022-12-16,MarketResult_SEM-DA_PWR-MRC-D+1_20221215110000_20221215113602.csv
2022-12-16T15:00:00Z,1.0,387.49,2022-12-16,MarketResult_SEM-DA_PWR-MRC-D+1_20221215110000_20221215113602.csv
2022-12-16T16:00:00Z,1.0,395.05,2022-12-16,MarketResult_SEM-DA_PWR-MRC-D+1_20221215110000_20221215113602.csv
2022-12-16T17:00:00Z,1.0,399.0,2022-12-16,MarketResult_SEM-DA_PWR-MRC-D+1_20221215110000_20221215113602.csv
2022-12-16T18:00:00Z,1.0,399.0,2022-12-16,MarketResult_SEM-DA_PWR-MRC-D+1_20221215110000_20221215113602.csv
2022-12-16T19:00:00Z,1.0,369.91,2022-12-16,MarketResult_SEM-DA_PWR-MRC-D+1_20221215110000_20221215113602.csv
2022-12-16T20:00:00Z,1.0,346.17,2022-12-16,MarketResult_SEM-DA_PWR-MRC-D+1_20221215110000_20221215113602.csv
2022-12-16T21:00:00Z,1.0,325.0,2022-12-16,MarketResult_SEM-DA_PWR-MRC-D+1_20221215110000_20221215113602.csv
2022-12-16T22:00:00Z,1.0,313.67,2022-12-16,MarketResult_SEM-DA_PWR-MRC-D+1_20221215110000_20221215113602.csv
2022-12-16T23:00:00Z,1.0,297.06,2022-12-17,MarketResult_SEM-DA_PWR-MRC-D+1_20221216110000_20221216113552.csv
2022-12-17T00:00:00Z,1.0,282.51,2022-12-17,MarketResult_SEM-DA_PWR-MRC-D+1_20221216110000_20221216113552.csv
2022-12-17T01:00:00Z,1.0,272.69,2022-12-17,MarketResult_SEM-DA_PWR-MRC-D+1_20221216110000_20221216113552.csv
2022-12-17T02:00:00Z,1.0,258.96,2022-12-17,MarketResult_SEM-DA_PWR-MRC-D+1_20221216110000_20221216113552.csv
2022-12-17T03:00:00Z,1.0,258.0,2022-12-17,MarketResult_SEM-DA_PWR-MRC-D+1_20221216110000_20221216113552.csv
2022-12-17T04:00:00Z,1.0,257.6,2022-12-17,MarketResult_SEM-DA_PWR-MRC-D+1_20221216110000_20221216113552.csv
2022-12-17T05:00:00Z,1.0,262.7,2022-12-17,MarketResult_SEM-DA_PWR-MRC-D+1_20221216110000_20221216113552.csv
2022-12-17T06:00:00Z,1.0,280.0,2022-12-17,MarketResult_SEM-DA_PWR-MRC-D+1_20221216110000_20221216113552.csv
2022-12-17T07:00:00Z,1.0,276.73,2022-12-17,MarketResult_SEM-DA_PWR-MRC-D+1_20221216110000_20221216113552.csv
2022-12-17T08:00:00Z,1.0,292.22,2022-12-17,MarketResult_SEM-DA_PWR-MRC-D+1_20221216110000_20221216113552.csv
2022-12-17T09:00:00Z,1.0,314.4,2022-12-17,MarketResult_SEM-DA_PWR-MRC-D+1_20221216110000_20221216113552.csv
2022-12-17T10:00:00Z,1.0,320.34,2022-12-17,MarketResult_SEM-DA_PWR-MRC-D+1_20221216110000_20221216113552.csv
2022-12-17T11:00:00Z,1.0,300.01,2022-12-17,MarketResult_SEM-DA_PWR-MRC-D+1_20221216110000_20221216113552.csv
2022-12-17T12:00:00Z,1.0,295.13,2022-12-17,MarketResult_SEM-DA_PWR-MRC-D+1_20221216110000_20221216113552.csv
2022-12-17T13:00:00Z,1.0,288.14,2022-12-17,MarketResult_SEM-DA_PWR-MRC-D+1_20221216110000_20221216113552.csv
2022-12-17T14:00:00Z,1.0,293.0,2022-12-17,MarketResult_SEM-DA_PWR-MRC-D+1_20221216110000_20221216113552.csv
2022-12-17T15:00:00Z,1.0,306.0,2022-12-17,MarketResult_SEM-DA_PWR-MRC-D+1_20221216110000_20221216113552.csv
2022-12-17T16:00:00Z,1.0,328.04,2022-12-17,MarketResult_SEM-DA_PWR-MRC-D+1_20221216110000_20221216113552.csv
2022-12-17T17:00:00Z,1.0,347.83,2022-12-17,MarketResult_SEM-DA_PWR-MRC-D+1_20221216110000_20221216113552.csv
2022-12-17T18:00:00Z,1.0,328.04,2022-12-17,MarketResult_SEM-DA_PWR-MRC-D+1_20221216110000_20221216113552.csv
2022-12-17T19:00:00Z,1.0,291.0,2022-12-17,MarketResult_SEM-DA_PWR-MRC-D+1_20221216110000_20221216113552.csv
2022-12-17T20:00:00Z,1.0,288.14,2022-12-17,MarketResult_SEM-DA_PWR-MRC-D+1_20221216110000_20221216113552.csv
2022-12-17T21:00:00Z,1.0,285.15,2022-12-17,MarketResult_SEM-DA_PWR-MRC-D+1_20221216110000_20221216113552.csv
2022-12-17T22:00:00Z,1.0,266.98,2022-12-17,MarketResult_SEM-DA_PWR-MRC-D+1_20221216110000_20221216113552.csv
2022-12-17T23:00:00Z,1.0,311.43,2022-12-18,MarketResult_SEM-DA_PWR-MRC-D+1_20221217110000_20221217113800.csv
2022-12-18T00:00:00Z,1.0,282.19,2022-12-18,MarketResult_SEM-DA_PWR-MRC-D+1_20221217110000_20221217113800.csv
2022-12-18T01:00:00Z,1.0,251.89,2022-12-18,MarketResult_SEM-DA_PWR-MRC-D+1_20221217110000_20221217113800.csv
2022-12-18T02:00:00Z,1.0,221.99,2022-12-18,MarketResult_SEM-DA_PWR-MRC-D+1_20221217110000_20221217113800.csv
2022-12-18T03:00:00Z,1.0,174.12,2022-12-18,MarketResult_SEM-DA_PWR-MRC-D+1_20221217110000_20221217113800.csv
2022-12-18T04:00:00Z,1.0,131.0,2022-12-18,MarketResult_SEM-DA_PWR-MRC-D+1_20221217110000_20221217113800.csv
2022-12-18T05:00:00Z,1.0,79.0,2022-12-18,MarketResult_SEM-DA_PWR-MRC-D+1_20221217110000_20221217113800.csv
2022-12-18T06:00:00Z,1.0,71.37,2022-12-18,MarketResult_SEM-DA_PWR-MRC-D+1_20221217110000_20221217113800.csv
2022-12-18T07:00:00Z,1.0,71.58,2022-12-18,MarketResult_SEM-DA_PWR-MRC-D+1_20221217110000_20221217113800.csv
2022-12-18T08:00:00Z,1.0,130.78,2022-12-18,MarketResult_SEM-DA_PWR-MRC-D+1_20221217110000_20221217113800.csv
2022-12-18T09:00:00Z,1.0,187.0,2022-12-18,MarketResult_SEM-DA_PWR-MRC-D+1_20221217110000_20221217113800.csv
2022-12-18T10:00:00Z,1.0,230.0,2022-12-18,MarketResult_SEM-DA_PWR-MRC-D+1_20221217110000_20221217113800.csv
2022-12-18T11:00:00Z,1.0,249.71,2022-12-18,MarketResult_SEM-DA_PWR-MRC-D+1_20221217110000_20221217113800.csv
2022-12-18T12:00:00Z,1.0,261.0,2022-12-18,MarketResult_SEM-DA_PWR-MRC-D+1_20221217110000_20221217113800.csv
2022-12-18T13:00:00Z,1.0,260.0,2022-12-18,MarketResult_SEM-DA_PWR-MRC-D+1_20221217110000_20221217113800.csv
2022-12-18T14:00:00Z,1.0,254.0,2022-12-18,MarketResult_SEM-DA_PWR-MRC-D+1_20221217110000_20221217113800.csv
2022-12-18T15:00:00Z,1.0,265.0,2022-12-18,MarketResult_SEM-DA_PWR-MRC-D+1_20221217110000_20221217113800.csv
2022-12-18T16:00:00Z,1.0,293.23,2022-12-18,MarketResult_SEM-DA_PWR-MRC-D+1_20221217110000_20221217113800.csv
2022-12-18T17:00:00Z,1.0,307.55,2022-12-18,MarketResult_SEM-DA_PWR-MRC-D+1_20221217110000_20221217113800.csv
2022-12-18T18:00:00Z,1.0,287.17,2022-12-18,MarketResult_SEM-DA_PWR-MRC-D+1_20221217110000_20221217113800.csv
2022-12-18T19:00:00Z,1.0,265.56,2022-12-18,MarketResult_SEM-DA_PWR-MRC-D+1_20221217110000_20221217113800.csv
2022-12-18T20:00:00Z,1.0,218.06,2022-12-18,MarketResult_SEM-DA_PWR-MRC-D+1_20221217110000_20221217113800.csv
2022-12-18T21:00:00Z,1.0,199.56,2022-12-18,MarketResult_SEM-DA_PWR-MRC-D+1_20221217110000_20221217113800.csv
2022-12-18T22:00:00Z,1.0,160.57,2022-12-18,MarketResult_SEM-DA_PWR-MRC-D+1_20221217110000_20221217113800.csv
2022-12-18T23:00:00Z,1.0,80.0,2022-12-19,MarketResult_SEM-DA_PWR-MRC-D+1_20221218110000_20221218113525.csv
2022-12-19T00:00:00Z,1.0,45.87,2022-12-19,MarketResult_SEM-DA_PWR-MRC-D+1_20221218110000_20221218113525.csv
2022-12-19T01:00:00Z,1.0,24.0,2022-12-19,MarketResult_SEM-DA_PWR-MRC-D+1_20221218110000_20221218113525.csv
2022-12-19T02:00:00Z,1.0,0.0,2022-12-19,MarketResult_SEM-DA_PWR-MRC-D+1_20221218110000_20221218113525.csv
2022-12-19T03:00:00Z,1.0,0.0,2022-12-19,MarketResult_SEM-DA_PWR-MRC-D+1_20221218110000_20221218113525.csv
2022-12-19T04:00:00Z,1.0,0.0,2022-12-19,MarketResult_SEM-DA_PWR-MRC-D+1_20221218110000_20221218113525.csv
2022-12-19T05:00:00Z,1.0,15.0,2022-12-19,MarketResult_SEM-DA_PWR-MRC-D+1_20221218110000_20221218113525.csv
2022-12-19T06:00:00Z,1.0,110.0,2022-12-19,MarketResult_SEM-DA_PWR-MRC-D+1_20221218110000_20221218113525.csv
2022-12-19T07:00:00Z,1.0,206.14,2022-12-19,MarketResult_SEM-DA_PWR-MRC-D+1_20221218110000_20221218113525.csv
2022-12-19T08:00:00Z,1.0,245.0,2022-12-19,MarketResult_SEM-DA_PWR-MRC-D+1_20221218110000_20221218113525.csv
2022-12-19T09:00:00Z,1.0,254.0,2022-12-19,MarketResult_SEM-DA_PWR-MRC-D+1_20221218110000_20221218113525.csv
2022-12-19T10:00:00Z,1.0,249.87,2022-12-19,MarketResult_SEM-DA_PWR-MRC-D+1_20221218110000_20221218113525.csv
2022-12-19T11:00:00Z,1.0,255.0,2022-12-19,MarketResult_SEM-DA_PWR-MRC-D+1_20221218110000_20221218113525.csv
2022-12-19T12:00:00Z,1.0,256.0,2022-12-19,MarketResult_SEM-DA_PWR-MRC-D+1_20221218110000_20221218113525.csv
2022-12-19T13:00:00Z,1.0,255.08,2022-12-19,MarketResult_SEM-DA_PWR-MRC-D+1_20221218110000_20221218113525.csv
2022-12-19T14:00:00Z,1.0,254.0,2022-12-19,MarketResult_SEM-DA_PWR-MRC-D+1_20221218110000_20221218113525.csv
2022-12-19T15:00:00Z,1.0,255.0,2022-12-19,MarketResult_SEM-DA_PWR-MRC-D+1_20221218110000_20221218113525.csv
2022-12-19T16:00:00Z,1.0,277.0,2022-12-19,MarketResult_SEM-DA_PWR-MRC-D+1_20221218110000_20221218113525.csv
2022-12-19T17:00:00Z,1.0,283.84,2022-12-19,MarketResult_SEM-DA_PWR-MRC-D+1_20221218110000_20221218113525.csv
2022-12-19T18:00:00Z,1.0,260.0,2022-12-19,MarketResult_SEM-DA_PWR-MRC-D+1_20221218110000_20221218113525.csv
2022-12-19T19:00:00Z,1.0,245.0,2022-12-19,MarketResult_SEM-DA_PWR-MRC-D+1_20221218110000_20221218113525.csv
2022-12-19T20:00:00Z,1.0,198.0,2022-12-19,MarketResult_SEM-DA_PWR-MRC-D+1_20221218110000_20221218113525.csv
2022-12-19T21:00:00Z,1.0,175.0,2022-12-19,MarketResult_SEM-DA_PWR-MRC-D+1_20221218110000_20221218113525.csv
2022-12-19T22:00:00Z,1.0,115.0,2022-12-19,MarketResult_SEM-DA_PWR-MRC-D+1_20221218110000_20221218113525.csv
2022-12-19T23:00:00Z,1.0,109.0,2022-12-20,MarketResult_SEM-DA_PWR-MRC-D+1_20221219110000_20221219113610.csv
2022-12-20T00:00:00Z,1.0,91.14,2022-12-20,MarketResult_SEM-DA_PWR-MRC-D+1_20221219110000_20221219113610.csv
2022-12-20T01:00:00Z,1.0,96.0,2022-12-20,MarketResult_SEM-DA_PWR-MRC-D+1_20221219110000_20221219113610.csv
2022-12-20T02:00:00Z,1.0,87.23,2022-12-20,MarketResult_SEM-DA_PWR-MRC-D+1_20221219110000_20221219113610.csv
2022-12-20T03:00:00Z,1.0,81.45,2022-12-20,MarketResult_SEM-DA_PWR-MRC-D+1_20221219110000_20221219113610.csv
2022-12-20T04:00:00Z,1.0,90.0,2022-12-20,MarketResult_SEM-DA_PWR-MRC-D+1_20221219110000_20221219113610.csv
2022-12-20T05:00:00Z,1.0,150.0,2022-12-20,MarketResult_SEM-DA_PWR-MRC-D+1_20221219110000_20221219113610.csv
2022-12-20T06:00:00Z,1.0,201.0,2022-12-20,MarketResult_SEM-DA_PWR-MRC-D+1_20221219110000_20221219113610.csv
2022-12-20T07:00:00Z,1.0,249.0,2022-12-20,MarketResult_SEM-DA_PWR-MRC-D+1_20221219110000_20221219113610.csv
2022-12-20T08:00:00Z,1.0,260.6,2022-12-20,MarketResult_SEM-DA_PWR-MRC-D+1_20221219110000_20221219113610.csv
2022-12-20T09:00:00Z,1.0,260.0,2022-12-20,MarketResult_SEM-DA_PWR-MRC-D+1_20221219110000_20221219113610.csv
2022-12-20T10:00:00Z,1.0,245.17,2022-12-20,MarketResult_SEM-DA_PWR-MRC-D+1_20221219110000_20221219113610.csv
2022-12-20T11:00:00Z,1.0,230.3,2022-12-20,MarketResult_SEM-DA_PWR-MRC-D+1_20221219110000_20221219113610.csv
2022-12-20T12:00:00Z,1.0,227.86,2022-12-20,MarketResult_SEM-DA_PWR-MRC-D+1_20221219110000_20221219113610.csv
2022-12-20T13:00:00Z,1.0,239.56,2022-12-20,MarketResult_SEM-DA_PWR-MRC-D+1_20221219110000_20221219113610.csv
2022-12-20T14:00:00Z,1.0,240.0,2022-12-20,MarketResult_SEM-DA_PWR-MRC-D+1_20221219110000_20221219113610.csv
2022-12-20T15:00:00Z,1.0,255.62,2022-12-20,MarketResult_SEM-DA_PWR-MRC-D+1_20221219110000_20221219113610.csv
2022-12-20T16:00:00Z,1.0,261.22,2022-12-20,MarketResult_SEM-DA_PWR-MRC-D+1_20221219110000_20221219113610.csv
2022-12-20T17:00:00Z,1.0,303.0,2022-12-20,MarketResult_SEM-DA_PWR-MRC-D+1_20221219110000_20221219113610.csv
2022-12-20T18:00:00Z,1.0,267.07,2022-12-20,MarketResult_SEM-DA_PWR-MRC-D+1_20221219110000_20221219113610.csv
2022-12-20T19:00:00Z,1.0,250.0,2022-12-20,MarketResult_SEM-DA_PWR-MRC-D+1_20221219110000_20221219113610.csv
2022-12-20T20:00:00Z,1.0,255.0,2022-12-20,MarketResult_SEM-DA_PWR-MRC-D+1_20221219110000_20221219113610.csv
2022-12-20T21:00:00Z,1.0,239.06,2022-12-20,MarketResult_SEM-DA_PWR-MRC-D+1_20221219110000_20221219113610.csv
2022-12-20T22:00:00Z,1.0,191.3,2022-12-20,MarketResult_SEM-DA_PWR-MRC-D+1_20221219110000_20221219113610.csv
2022-12-20T23:00:00Z,1.0,135.0,2022-12-21,MarketResult_SEM-DA_PWR-MRC-D+1_20221220110000_20221220113602.csv
2022-12-21T00:00:00Z,1.0,125.0,2022-12-21,MarketResult_SEM-DA_PWR-MRC-D+1_20221220110000_20221220113602.csv
2022-12-21T01:00:00Z,1.0,95.0,2022-12-21,MarketResult_SEM-DA_PWR-MRC-D+1_20221220110000_20221220113602.csv
2022-12-21T02:00:00Z,1.0,72.0,2022-12-21,MarketResult_SEM-DA_PWR-MRC-D+1_20221220110000_20221220113602.csv
2022-12-21T03:00:00Z,1.0,70.0,2022-12-21,MarketResult_SEM-DA_PWR-MRC-D+1_20221220110000_20221220113602.csv
2022-12-21T04:00:00Z,1.0,87.71,2022-12-21,MarketResult_SEM-DA_PWR-MRC-D+1_20221220110000_20221220113602.csv
2022-12-21T05:00:00Z,1.0,116.06,2022-12-21,MarketResult_SEM-DA_PWR-MRC-D+1_20221220110000_20221220113602.csv
2022-12-21T06:00:00Z,1.0,165.0,2022-12-21,MarketResult_SEM-DA_PWR-MRC-D+1_20221220110000_20221220113602.csv
2022-12-21T07:00:00Z,1.0,192.96,2022-12-21,MarketResult_SEM-DA_PWR-MRC-D+1_20221220110000_20221220113602.csv
2022-12-21T08:00:00Z,1.0,196.91,2022-12-21,MarketResult_SEM-DA_PWR-MRC-D+1_20221220110000_20221220113602.csv
2022-12-21T09:00:00Z,1.0,200.0,2022-12-21,MarketResult_SEM-DA_PWR-MRC-D+1_20221220110000_20221220113602.csv
2022-12-21T10:00:00Z,1.0,205.0,2022-12-21,MarketResult_SEM-DA_PWR-MRC-D+1_20221220110000_20221220113602.csv
2022-12-21T11:00:00Z,1.0,199.12,2022-12-21,MarketResult_SEM-DA_PWR-MRC-D+1_20221220110000_20221220113602.csv
2022-12-21T12:00:00Z,1.0,197.47,2022-12-21,MarketResult_SEM-DA_PWR-MRC-D+1_20221220110000_20221220113602.csv
2022-12-21T13:00:00Z,1.0,203.29,2022-12-21,MarketResult_SEM-DA_PWR-MRC-D+1_20221220110000_20221220113602.csv
2022-12-21T14:00:00Z,1.0,206.34,2022-12-21,MarketResult_SEM-DA_PWR-MRC-D+1_20221220110000_20221220113602.csv
2022-12-21T15:00:00Z,1.0,230.99,2022-12-21,MarketResult_SEM-DA_PWR-MRC-D+1_20221220110000_20221220113602.csv
2022-12-21T16:00:00Z,1.0,260.0,2022-12-21,MarketResult_SEM-DA_PWR-MRC-D+1_20221220110000_20221220113602.csv
2022-12-21T17:00:00Z,1.0,280.0,2022-12-21,MarketResult_SEM-DA_PWR-MRC-D+1_20221220110000_20221220113602.csv
2022-12-21T18:00:00Z,1.0,270.53,2022-12-21,MarketResult_SEM-DA_PWR-MRC-D+1_20221220110000_20221220113602.csv
2022-12-21T19:00:00Z,1.0,279.0,2022-12-21,MarketResult_SEM-DA_PWR-MRC-D+1_20221220110000_20221220113602.csv
2022-12-21T20:00:00Z,1.0,240.3,2022-12-21,MarketResult_SEM-DA_PWR-MRC-D+1_20221220110000_20221220113602.csv
2022-12-21T21:00:00Z,1.0,228.23,2022-12-21,MarketResult_SEM-DA_PWR-MRC-D+1_20221220110000_20221220113602.csv
2022-12-21T22:00:00Z,1.0,199.36,2022-12-21,MarketResult_SEM-DA_PWR-MRC-D+1_20221220110000_20221220113602.csv
2022-12-21T23:00:00Z,1.0,198.5,2022-12-22,MarketResult_SEM-DA_PWR-MRC-D+1_20221221110000_20221221113430.csv
2022-12-22T00:00:00Z,1.0,204.74,2022-12-22,MarketResult_SEM-DA_PWR-MRC-D+1_20221221110000_20221221113430.csv
2022-12-22T01:00:00Z,1.0,210.77,2022-12-22,MarketResult_SEM-DA_PWR-MRC-D+1_20221221110000_20221221113430.csv
2022-12-22T02:00:00Z,1.0,198.5,2022-12-22,MarketResult_SEM-DA_PWR-MRC-D+1_20221221110000_20221221113430.csv
2022-12-22T03:00:00Z,1.0,198.5,2022-12-22,MarketResult_SEM-DA_PWR-MRC-D+1_20221221110000_20221221113430.csv
2022-12-22T04:00:00Z,1.0,198.5,2022-12-22,MarketResult_SEM-DA_PWR-MRC-D+1_20221221110000_20221221113430.csv
2022-12-22T05:00:00Z,1.0,218.31,2022-12-22,MarketResult_SEM-DA_PWR-MRC-D+1_20221221110000_20221221113430.csv
2022-12-22T06:00:00Z,1.0,218.91,2022-12-22,MarketResult_SEM-DA_PWR-MRC-D+1_20221221110000_20221221113430.csv
2022-12-22T07:00:00Z,1.0,229.98,2022-12-22,MarketResult_SEM-DA_PWR-MRC-D+1_20221221110000_20221221113430.csv
2022-12-22T08:00:00Z,1.0,263.89,2022-12-22,MarketResult_SEM-DA_PWR-MRC-D+1_20221221110000_20221221113430.csv
2022-12-22T09:00:00Z,1.0,275.62,2022-12-22,MarketResult_SEM-DA_PWR-MRC-D+1_20221221110000_20221221113430.csv
2022-12-22T10:00:00Z,1.0,295.0,2022-12-22,MarketResult_SEM-DA_PWR-MRC-D+1_20221221110000_20221221113430.csv
2022-12-22T11:00:00Z,1.0,295.0,2022-12-22,MarketResult_SEM-DA_PWR-MRC-D+1_20221221110000_20221221113430.csv
2022-12-22T12:00:00Z,1.0,303.1,2022-12-22,MarketResult_SEM-DA_PWR-MRC-D+1_20221221110000_20221221113430.csv
2022-12-22T13:00:00Z,1.0,297.26,2022-12-22,MarketResult_SEM-DA_PWR-MRC-D+1_20221221110000_20221221113430.csv
2022-12-22T14:00:00Z,1.0,302.9,2022-12-22,MarketResult_SEM-DA_PWR-MRC-D+1_20221221110000_20221221113430.csv
2022-12-22T15:00:00Z,1.0,315.57,2022-12-22,MarketResult_SEM-DA_PWR-MRC-D+1_20221221110000_20221221113430.csv
2022-12-22T16:00:00Z,1.0,359.95,2022-12-22,MarketResult_SEM-DA_PWR-MRC-D+1_20221221110000_20221221113430.csv
2022-12-22T17:00:00Z,1.0,387.0,2022-12-22,MarketResult_SEM-DA_PWR-MRC-D+1_20221221110000_20221221113430.csv
2022-12-22T18:00:00Z,1.0,349.04,2022-12-22,MarketResult_SEM-DA_PWR-MRC-D+1_20221221110000_20221221113430.csv
2022-12-22T19:00:00Z,1.0,305.11,2022-12-22,MarketResult_SEM-DA_PWR-MRC-D+1_20221221110000_20221221113430.csv
2022-12-22T20:00:00Z,1.0,246.7,2022-12-22,MarketResult_SEM-DA_PWR-MRC-D+1_20221221110000_20221221113430.csv
2022-12-22T21:00:00Z,1.0,262.0,2022-12-22,MarketResult_SEM-DA_PWR-MRC-D+1_20221221110000_20221221113430.csv
2022-12-22T22:00:00Z,1.0,218.89,2022-12-22,MarketResult_SEM-DA_PWR-MRC-D+1_20221221110000_20221221113430.csv
2022-12-22T23:00:00Z,1.0,230.26,2022-12-23,MarketResult_SEM-DA_PWR-MRC-D+1_20221222110000_20221222113523.csv
2022-12-23T00:00:00Z,1.0,215.0,2022-12-23,MarketResult_SEM-DA_PWR-MRC-D+1_20221222110000_20221222113523.csv
2022-12-23T01:00:00Z,1.0,209.8,2022-12-23,MarketResult_SEM-DA_PWR-MRC-D+1_20221222110000_20221222113523.csv
2022-12-23T02:00:00Z,1.0,196.34,2022-12-23,MarketResult_SEM-DA_PWR-MRC-D+1_20221222110000_20221222113523.csv
2022-12-23T03:00:00Z,1.0,182.44,2022-12-23,MarketResult_SEM-DA_PWR-MRC-D+1_20221222110000_20221222113523.csv
2022-12-23T04:00:00Z,1.0,175.19,2022-12-23,MarketResult_SEM-DA_PWR-MRC-D+1_20221222110000_20221222113523.csv
2022-12-23T05:00:00Z,1.0,195.82,2022-12-23,MarketResult_SEM-DA_PWR-MRC-D+1_20221222110000_20221222113523.csv
2022-12-23T06:00:00Z,1.0,210.0,2022-12-23,MarketResult_SEM-DA_PWR-MRC-D+1_20221222110000_20221222113523.csv
2022-12-23T07:00:00Z,1.0,218.0,2022-12-23,MarketResult_SEM-DA_PWR-MRC-D+1_20221222110000_20221222113523.csv
2022-12-23T08:00:00Z,1.0,229.0,2022-12-23,MarketResult_SEM-DA_PWR-MRC-D+1_20221222110000_20221222113523.csv
2022-12-23T09:00:00Z,1.0,235.0,2022-12-23,MarketResult_SEM-DA_PWR-MRC-D+1_20221222110000_20221222113523.csv
2022-12-23T10:00:00Z,1.0,219.13,2022-12-23,MarketResult_SEM-DA_PWR-MRC-D+1_20221222110000_20221222113523.csv
2022-12-23T11:00:00Z,1.0,205.05,2022-12-23,MarketResult_SEM-DA_PWR-MRC-D+1_20221222110000_20221222113523.csv
2022-12-23T12:00:00Z,1.0,197.88,2022-12-23,MarketResult_SEM-DA_PWR-MRC-D+1_20221222110000_20221222113523.csv
2022-12-23T13:00:00Z,1.0,198.0,2022-12-23,MarketResult_SEM-DA_PWR-MRC-D+1_20221222110000_20221222113523.csv
2022-12-23T14:00:00Z,1.0,192.0,2022-12-23,MarketResult_SEM-DA_PWR-MRC-D+1_20221222110000_20221222113523.csv
2022-12-23T15:00:00Z,1.0,194.0,2022-12-23,MarketResult_SEM-DA_PWR-MRC-D+1_20221222110000_20221222113523.csv
2022-12-23T16:00:00Z,1.0,217.06,2022-12-23,MarketResult_SEM-DA_PWR-MRC-D+1_20221222110000_20221222113523.csv
2022-12-23T17:00:00Z,1.0,230.66,2022-12-23,MarketResult_SEM-DA_PWR-MRC-D+1_20221222110000_20221222113523.csv
2022-12-23T18:00:00Z,1.0,221.54,2022-12-23,MarketResult_SEM-DA_PWR-MRC-D+1_20221222110000_20221222113523.csv
2022-12-23T19:00:00Z,1.0,220.0,2022-12-23,MarketResult_SEM-DA_PWR-MRC-D+1_20221222110000_20221222113523.csv
2022-12-23T20:00:00Z,1.0,206.63,2022-12-23,MarketResult_SEM-DA_PWR-MRC-D+1_20221222110000_20221222113523.csv
2022-12-23T21:00:00Z,1.0,197.6,2022-12-23,MarketResult_SEM-DA_PWR-MRC-D+1_20221222110000_20221222113523.csv
2022-12-23T22:00:00Z,1.0,185.6,2022-12-23,MarketResult_SEM-DA_PWR-MRC-D+1_20221222110000_20221222113523.csv
2022-12-23T23:00:00Z,1.0,125.0,2022-12-24,MarketResult_SEM-DA_PWR-MRC-D+1_20221223110000_20221223113930.csv
2022-12-24T00:00:00Z,1.0,100.4,2022-12-24,MarketResult_SEM-DA_PWR-MRC-D+1_20221223110000_20221223113930.csv
2022-12-24T01:00:00Z,1.0,88.6,2022-12-24,MarketResult_SEM-DA_PWR-MRC-D+1_20221223110000_20221223113930.csv
2022-12-24T02:00:00Z,1.0,59.65,2022-12-24,MarketResult_SEM-DA_PWR-MRC-D+1_20221223110000_20221223113930.csv
2022-12-24T03:00:00Z,1.0,53.0,2022-12-24,MarketResult_SEM-DA_PWR-MRC-D+1_20221223110000_20221223113930.csv
2022-12-24T04:00:00Z,1.0,48.27,2022-12-24,MarketResult_SEM-DA_PWR-MRC-D+1_20221223110000_20221223113930.csv
2022-12-24T05:00:00Z,1.0,59.08,2022-12-24,MarketResult_SEM-DA_PWR-MRC-D+1_20221223110000_20221223113930.csv
2022-12-24T06:00:00Z,1.0,95.0,2022-12-24,MarketResult_SEM-DA_PWR-MRC-D+1_20221223110000_20221223113930.csv
2022-12-24T07:00:00Z,1.0,134.73,2022-12-24,MarketResult_SEM-DA_PWR-MRC-D+1_20221223110000_20221223113930.csv
2022-12-24T08:00:00Z,1.0,173.35,2022-12-24,MarketResult_SEM-DA_PWR-MRC-D+1_20221223110000_20221223113930.csv
2022-12-24T09:00:00Z,1.0,185.48,2022-12-24,MarketResult_SEM-DA_PWR-MRC-D+1_20221223110000_20221223113930.csv
2022-12-24T10:00:00Z,1.0,180.15,2022-12-24,MarketResult_SEM-DA_PWR-MRC-D+1_20221223110000_20221223113930.csv
2022-12-24T11:00:00Z,1.0,177.0,2022-12-24,MarketResult_SEM-DA_PWR-MRC-D+1_20221223110000_20221223113930.csv
2022-12-24T12:00:00Z,1.0,178.4,2022-12-24,MarketResult_SEM-DA_PWR-MRC-D+1_20221223110000_20221223113930.csv
2022-12-24T13:00:00Z,1.0,176.83,2022-12-24,MarketResult_SEM-DA_PWR-MRC-D+1_20221223110000_20221223113930.csv
2022-12-24T14:00:00Z,1.0,176.83,2022-12-24,MarketResult_SEM-DA_PWR-MRC-D+1_20221223110000_20221223113930.csv
2022-12-24T15:00:00Z,1.0,177.36,2022-12-24,MarketResult_SEM-DA_PWR-MRC-D+1_20221223110000_20221223113930.csv
2022-12-24T16:00:00Z,1.0,204.5,2022-12-24,MarketResult_SEM-DA_PWR-MRC-D+1_20221223110000_20221223113930.csv
2022-12-24T17:00:00Z,1.0,220.0,2022-12-24,MarketResult_SEM-DA_PWR-MRC-D+1_20221223110000_20221223113930.csv
2022-12-24T18:00:00Z,1.0,194.4,2022-12-24,MarketResult_SEM-DA_PWR-MRC-D+1_20221223110000_20221223113930.csv
2022-12-24T19:00:00Z,1.0,176.83,2022-12-24,MarketResult_SEM-DA_PWR-MRC-D+1_20221223110000_20221223113930.csv
2022-12-24T20:00:00Z,1.0,161.1,2022-12-24,MarketResult_SEM-DA_PWR-MRC-D+1_20221223110000_20221223113930.csv
2022-12-24T21:00:00Z,1.0,146.8,2022-12-24,MarketResult_SEM-DA_PWR-MRC-D+1_20221223110000_20221223113930.csv
2022-12-24T22:00:00Z,1.0,108.61,2022-12-24,MarketResult_SEM-DA_PWR-MRC-D+1_20221223110000_20221223113930.csv
2022-12-24T23:00:00Z,1.0,125.0,2022-12-25,MarketResult_SEM-DA_PWR-MRC-D+1_20221224110000_20221224113532.csv
2022-12-25T00:00:00Z,1.0,100.07,2022-12-25,MarketResult_SEM-DA_PWR-MRC-D+1_20221224110000_20221224113532.csv
2022-12-25T01:00:00Z,1.0,85.0,2022-12-25,MarketResult_SEM-DA_PWR-MRC-D+1_20221224110000_20221224113532.csv
2022-12-25T02:00:00Z,1.0,63.0,2022-12-25,MarketResult_SEM-DA_PWR-MRC-D+1_20221224110000_20221224113532.csv
2022-12-25T03:00:00Z,1.0,57.0,2022-12-25,MarketResult_SEM-DA_PWR-MRC-D+1_20221224110000_20221224113532.csv
2022-12-25T04:00:00Z,1.0,59.88,2022-12-25,MarketResult_SEM-DA_PWR-MRC-D+1_20221224110000_20221224113532.csv
2022-12-25T05:00:00Z,1.0,55.0,2022-12-25,MarketResult_SEM-DA_PWR-MRC-D+1_20221224110000_20221224113532.csv
2022-12-25T06:00:00Z,1.0,85.0,2022-12-25,MarketResult_SEM-DA_PWR-MRC-D+1_20221224110000_20221224113532.csv
2022-12-25T07:00:00Z,1.0,140.4,2022-12-25,MarketResult_SEM-DA_PWR-MRC-D+1_20221224110000_20221224113532.csv
2022-12-25T08:00:00Z,1.0,146.8,2022-12-25,MarketResult_SEM-DA_PWR-MRC-D+1_20221224110000_20221224113532.csv
2022-12-25T09:00:00Z,1.0,168.11,2022-12-25,MarketResult_SEM-DA_PWR-MRC-D+1_20221224110000_20221224113532.csv
2022-12-25T10:00:00Z,1.0,180.0,2022-12-25,MarketResult_SEM-DA_PWR-MRC-D+1_20221224110000_20221224113532.csv
2022-12-25T11:00:00Z,1.0,197.7,2022-12-25,MarketResult_SEM-DA_PWR-MRC-D+1_20221224110000_20221224113532.csv
2022-12-25T12:00:00Z,1.0,220.0,2022-12-25,MarketResult_SEM-DA_PWR-MRC-D+1_20221224110000_20221224113532.csv
2022-12-25T13:00:00Z,1.0,245.0,2022-12-25,MarketResult_SEM-DA_PWR-MRC-D+1_20221224110000_20221224113532.csv
2022-12-25T14:00:00Z,1.0,224.9,2022-12-25,MarketResult_SEM-DA_PWR-MRC-D+1_20221224110000_20221224113532.csv
2022-12-25T15:00:00Z,1.0,225.0,2022-12-25,MarketResult_SEM-DA_PWR-MRC-D+1_20221224110000_20221224113532.csv
2022-12-25T16:00:00Z,1.0,190.0,2022-12-25,MarketResult_SEM-DA_PWR-MRC-D+1_20221224110000_20221224113532.csv
2022-12-25T17:00:00Z,1.0,180.39,2022-12-25,MarketResult_SEM-DA_PWR-MRC-D+1_20221224110000_20221224113532.csv
2022-12-25T18:00:00Z,1.0,172.95,2022-12-25,MarketResult_SEM-DA_PWR-MRC-D+1_20221224110000_20221224113532.csv
2022-12-25T19:00:00Z,1.0,165.0,2022-12-25,MarketResult_SEM-DA_PWR-MRC-D+1_20221224110000_20221224113532.csv
2022-12-25T20:00:00Z,1.0,169.61,2022-12-25,MarketResult_SEM-DA_PWR-MRC-D+1_20221224110000_20221224113532.csv
2022-12-25T21:00:00Z,1.0,180.39,2022-12-25,MarketResult_SEM-DA_PWR-MRC-D+1_20221224110000_20221224113532.csv
2022-12-25T22:00:00Z,1.0,179.27,2022-12-25,MarketResult_SEM-DA_PWR-MRC-D+1_20221224110000_20221224113532.csv
2022-12-25T23:00:00Z,1.0,194.24,2022-12-26,MarketResult_SEM-DA_PWR-MRC-D+1_20221225110000_20221225113524.csv
2022-12-26T00:00:00Z,1.0,437.64,2022-12-26,MarketResult_SEM-DA_PWR-MRC-D+1_20221225110000_20221225113524.csv
2022-12-26T01:00:00Z,1.0,304.0,2022-12-26,MarketResult_SEM-DA_PWR-MRC-D+1_20221225110000_20221225113524.csv
2022-12-26T02:00:00Z,1.0,160.91,2022-12-26,MarketResult_SEM-DA_PWR-MRC-D+1_20221225110000_20221225113524.csv
2022-12-26T03:00:00Z,1.0,130.0,2022-12-26,MarketResult_SEM-DA_PWR-MRC-D+1_20221225110000_20221225113524.csv
2022-12-26T04:00:00Z,1.0,105.0,2022-12-26,MarketResult_SEM-DA_PWR-MRC-D+1_20221225110000_20221225113524.csv
2022-12-26T05:00:00Z,1.0,89.0,2022-12-26,MarketResult_SEM-DA_PWR-MRC-D+1_20221225110000_20221225113524.csv
2022-12-26T06:00:00Z,1.0,70.0,2022-12-26,MarketResult_SEM-DA_PWR-MRC-D+1_20221225110000_20221225113524.csv
2022-12-26T07:00:00Z,1.0,95.0,2022-12-26,MarketResult_SEM-DA_PWR-MRC-D+1_20221225110000_20221225113524.csv
2022-12-26T08:00:00Z,1.0,108.39,2022-12-26,MarketResult_SEM-DA_PWR-MRC-D+1_20221225110000_20221225113524.csv
2022-12-26T09:00:00Z,1.0,116.18,2022-12-26,MarketResult_SEM-DA_PWR-MRC-D+1_20221225110000_20221225113524.csv
2022-12-26T10:00:00Z,1.0,124.76,2022-12-26,MarketResult_SEM-DA_PWR-MRC-D+1_20221225110000_20221225113524.csv
2022-12-26T11:00:00Z,1.0,127.75,2022-12-26,MarketResult_SEM-DA_PWR-MRC-D+1_20221225110000_20221225113524.csv
2022-12-26T12:00:00Z,1.0,129.12,2022-12-26,MarketResult_SEM-DA_PWR-MRC-D+1_20221225110000_20221225113524.csv
2022-12-26T13:00:00Z,1.0,130.0,2022-12-26,MarketResult_SEM-DA_PWR-MRC-D+1_20221225110000_20221225113524.csv
2022-12-26T14:00:00Z,1.0,129.12,2022-12-26,MarketResult_SEM-DA_PWR-MRC-D+1_20221225110000_20221225113524.csv
2022-12-26T15:00:00Z,1.0,153.73,2022-12-26,MarketResult_SEM-DA_PWR-MRC-D+1_20221225110000_20221225113524.csv
2022-12-26T16:00:00Z,1.0,215.0,2022-12-26,MarketResult_SEM-DA_PWR-MRC-D+1_20221225110000_20221225113524.csv
2022-12-26T17:00:00Z,1.0,365.0,2022-12-26,MarketResult_SEM-DA_PWR-MRC-D+1_20221225110000_20221225113524.csv
2022-12-26T18:00:00Z,1.0,407.0,2022-12-26,MarketResult_SEM-DA_PWR-MRC-D+1_20221225110000_20221225113524.csv
2022-12-26T19:00:00Z,1.0,394.0,2022-12-26,MarketResult_SEM-DA_PWR-MRC-D+1_20221225110000_20221225113524.csv
2022-12-26T20:00:00Z,1.0,430.0,2022-12-26,MarketResult_SEM-DA_PWR-MRC-D+1_20221225110000_20221225113524.csv
2022-12-26T21:00:00Z,1.0,350.0,2022-12-26,MarketResult_SEM-DA_PWR-MRC-D+1_20221225110000_20221225113524.csv
2022-12-26T22:00:00Z,1.0,437.64,2022-12-26,MarketResult_SEM-DA_PWR-MRC-D+1_20221225110000_20221225113524.csv
2022-12-26T23:00:00Z,1.0,310.0,2022-12-27,MarketResult_SEM-DA_PWR-MRC-D+1_20221226110000_20221226113453.csv
2022-12-27T00:00:00Z,1.0,192.9,2022-12-27,MarketResult_SEM-DA_PWR-MRC-D+1_20221226110000_20221226113453.csv
2022-12-27T01:00:00Z,1.0,139.99,2022-12-27,MarketResult_SEM-DA_PWR-MRC-D+1_20221226110000_20221226113453.csv
2022-12-27T02:00:00Z,1.0,125.68,2022-12-27,MarketResult_SEM-DA_PWR-MRC-D+1_20221226110000_20221226113453.csv
2022-12-27T03:00:00Z,1.0,116.77,2022-12-27,MarketResult_SEM-DA_PWR-MRC-D+1_20221226110000_20221226113453.csv
2022-12-27T04:00:00Z,1.0,93.0,2022-12-27,MarketResult_SEM-DA_PWR-MRC-D+1_20221226110000_20221226113453.csv
2022-12-27T05:00:00Z,1.0,90.1,2022-12-27,MarketResult_SEM-DA_PWR-MRC-D+1_20221226110000_20221226113453.csv
2022-12-27T06:00:00Z,1.0,90.78,2022-12-27,MarketResult_SEM-DA_PWR-MRC-D+1_20221226110000_20221226113453.csv
2022-12-27T07:00:00Z,1.0,117.59,2022-12-27,MarketResult_SEM-DA_PWR-MRC-D+1_20221226110000_20221226113453.csv
2022-12-27T08:00:00Z,1.0,154.08,2022-12-27,MarketResult_SEM-DA_PWR-MRC-D+1_20221226110000_20221226113453.csv
2022-12-27T09:00:00Z,1.0,173.55,2022-12-27,MarketResult_SEM-DA_PWR-MRC-D+1_20221226110000_20221226113453.csv
2022-12-27T10:00:00Z,1.0,196.98,2022-12-27,MarketResult_SEM-DA_PWR-MRC-D+1_20221226110000_20221226113453.csv
2022-12-27T11:00:00Z,1.0,179.12,2022-12-27,MarketResult_SEM-DA_PWR-MRC-D+1_20221226110000_20221226113453.csv
2022-12-27T12:00:00Z,1.0,180.31,2022-12-27,MarketResult_SEM-DA_PWR-MRC-D+1_20221226110000_20221226113453.csv
2022-12-27T13:00:00Z,1.0,176.63,2022-12-27,MarketResult_SEM-DA_PWR-MRC-D+1_20221226110000_20221226113453.csv
2022-12-27T14:00:00Z,1.0,176.88,2022-12-27,MarketResult_SEM-DA_PWR-MRC-D+1_20221226110000_20221226113453.csv
2022-12-27T15:00:00Z,1.0,186.5,2022-12-27,MarketResult_SEM-DA_PWR-MRC-D+1_20221226110000_20221226113453.csv
2022-12-27T16:00:00Z,1.0,198.38,2022-12-27,MarketResult_SEM-DA_PWR-MRC-D+1_20221226110000_20221226113453.csv
2022-12-27T17:00:00Z,1.0,206.52,2022-12-27,MarketResult_SEM-DA_PWR-MRC-D+1_20221226110000_20221226113453.csv
2022-12-27T18:00:00Z,1.0,195.01,2022-12-27,MarketResult_SEM-DA_PWR-MRC-D+1_20221226110000_20221226113453.csv
2022-12-27T19:00:00Z,1.0,184.98,2022-12-27,MarketResult_SEM-DA_PWR-MRC-D+1_20221226110000_20221226113453.csv
2022-12-27T20:00:00Z,1.0,160.01,2022-12-27,MarketResult_SEM-DA_PWR-MRC-D+1_20221226110000_20221226113453.csv
2022-12-27T21:00:00Z,1.0,162.71,2022-12-27,MarketResult_SEM-DA_PWR-MRC-D+1_20221226110000_20221226113453.csv
2022-12-27T22:00:00Z,1.0,168.34,2022-12-27,MarketResult_SEM-DA_PWR-MRC-D+1_20221226110000_20221226113453.csv
2022-12-27T23:00:00Z,1.0,154.93,2022-12-28,MarketResult_SEM-DA_PWR-MRC-D+1_20221227110000_20221227113455.csv
2022-12-28T00:00:00Z,1.0,175.0,2022-12-28,MarketResult_SEM-DA_PWR-MRC-D+1_20221227110000_20221227113455.csv
2022-12-28T01:00:00Z,1.0,175.0,2022-12-28,MarketResult_SEM-DA_PWR-MRC-D+1_20221227110000_20221227113455.csv
2022-12-28T02:00:00Z,1.0,154.93,2022-12-28,MarketResult_SEM-DA_PWR-MRC-D+1_20221227110000_20221227113455.csv
2022-12-28T03:00:00Z,1.0,145.29,2022-12-28,MarketResult_SEM-DA_PWR-MRC-D+1_20221227110000_20221227113455.csv
2022-12-28T04:00:00Z,1.0,120.4,2022-12-28,MarketResult_SEM-DA_PWR-MRC-D+1_20221227110000_20221227113455.csv
2022-12-28T05:00:00Z,1.0,100.0,2022-12-28,MarketResult_SEM-DA_PWR-MRC-D+1_20221227110000_20221227113455.csv
2022-12-28T06:00:00Z,1.0,136.98,2022-12-28,MarketResult_SEM-DA_PWR-MRC-D+1_20221227110000_20221227113455.csv
2022-12-28T07:00:00Z,1.0,140.06,2022-12-28,MarketResult_SEM-DA_PWR-MRC-D+1_20221227110000_20221227113455.csv
2022-12-28T08:00:00Z,1.0,188.0,2022-12-28,MarketResult_SEM-DA_PWR-MRC-D+1_20221227110000_20221227113455.csv
2022-12-28T09:00:00Z,1.0,222.6,2022-12-28,MarketResult_SEM-DA_PWR-MRC-D+1_20221227110000_20221227113455.csv
2022-12-28T10:00:00Z,1.0,236.14,2022-12-28,MarketResult_SEM-DA_PWR-MRC-D+1_20221227110000_20221227113455.csv
2022-12-28T11:00:00Z,1.0,225.0,2022-12-28,MarketResult_SEM-DA_PWR-MRC-D+1_20221227110000_20221227113455.csv
2022-12-28T12:00:00Z,1.0,219.11,2022-12-28,MarketResult_SEM-DA_PWR-MRC-D+1_20221227110000_20221227113455.csv
2022-12-28T13:00:00Z,1.0,195.07,2022-12-28,MarketResult_SEM-DA_PWR-MRC-D+1_20221227110000_20221227113455.csv
2022-12-28T14:00:00Z,1.0,181.0,2022-12-28,MarketResult_SEM-DA_PWR-MRC-D+1_20221227110000_20221227113455.csv
2022-12-28T15:00:00Z,1.0,172.29,2022-12-28,MarketResult_SEM-DA_PWR-MRC-D+1_20221227110000_20221227113455.csv
2022-12-28T16:00:00Z,1.0,181.27,2022-12-28,MarketResult_SEM-DA_PWR-MRC-D+1_20221227110000_20221227113455.csv
2022-12-28T17:00:00Z,1.0,193.0,2022-12-28,MarketResult_SEM-DA_PWR-MRC-D+1_20221227110000_20221227113455.csv
2022-12-28T18:00:00Z,1.0,164.86,2022-12-28,MarketResult_SEM-DA_PWR-MRC-D+1_20221227110000_20221227113455.csv
2022-12-28T19:00:00Z,1.0,172.23,2022-12-28,MarketResult_SEM-DA_PWR-MRC-D+1_20221227110000_20221227113455.csv
2022-12-28T20:00:00Z,1.0,146.0,2022-12-28,MarketResult_SEM-DA_PWR-MRC-D+1_20221227110000_20221227113455.csv
2022-12-28T21:00:00Z,1.0,91.0,2022-12-28,MarketResult_SEM-DA_PWR-MRC-D+1_20221227110000_20221227113455.csv
2022-12-28T22:00:00Z,1.0,49.9,2022-12-28,MarketResult_SEM-DA_PWR-MRC-D+1_20221227110000_20221227113455.csv
2022-12-28T23:00:00Z,1.0,6.03,2022-12-29,MarketResult_SEM-DA_PWR-MRC-D+1_20221228110000_20221228113450.csv
2022-12-29T00:00:00Z,1.0,-5.56,2022-12-29,MarketResult_SEM-DA_PWR-MRC-D+1_20221228110000_20221228113450.csv
2022-12-29T01:00:00Z,1.0,-9.17,2022-12-29,MarketResult_SEM-DA_PWR-MRC-D+1_20221228110000_20221228113450.csv
2022-12-29T02:00:00Z,1.0,-25.0,2022-12-29,MarketResult_SEM-DA_PWR-MRC-D+1_20221228110000_20221228113450.csv
2022-12-29T03:00:00Z,1.0,-30.0,2022-12-29,MarketResult_SEM-DA_PWR-MRC-D+1_20221228110000_20221228113450.csv
2022-12-29T04:00:00Z,1.0,-30.0,2022-12-29,MarketResult_SEM-DA_PWR-MRC-D+1_20221228110000_20221228113450.csv
2022-12-29T05:00:00Z,1.0,-30.0,2022-12-29,MarketResult_SEM-DA_PWR-MRC-D+1_20221228110000_20221228113450.csv
2022-12-29T06:00:00Z,1.0,-1.9,2022-12-29,MarketResult_SEM-DA_PWR-MRC-D+1_20221228110000_20221228113450.csv
2022-12-29T07:00:00Z,1.0,0.0,2022-12-29,MarketResult_SEM-DA_PWR-MRC-D+1_20221228110000_20221228113450.csv
2022-12-29T08:00:00Z,1.0,30.0,2022-12-29,MarketResult_SEM-DA_PWR-MRC-D+1_20221228110000_20221228113450.csv
2022-12-29T09:00:00Z,1.0,82.47,2022-12-29,MarketResult_SEM-DA_PWR-MRC-D+1_20221228110000_20221228113450.csv
2022-12-29T10:00:00Z,1.0,114.19,2022-12-29,MarketResult_SEM-DA_PWR-MRC-D+1_20221228110000_20221228113450.csv
2022-12-29T11:00:00Z,1.0,126.37,2022-12-29,MarketResult_SEM-DA_PWR-MRC-D+1_20221228110000_20221228113450.csv
2022-12-29T12:00:00Z,1.0,130.36,2022-12-29,MarketResult_SEM-DA_PWR-MRC-D+1_20221228110000_20221228113450.csv
2022-12-29T13:00:00Z,1.0,147.74,2022-12-29,MarketResult_SEM-DA_PWR-MRC-D+1_20221228110000_20221228113450.csv
2022-12-29T14:00:00Z,1.0,163.73,2022-12-29,MarketResult_SEM-DA_PWR-MRC-D+1_20221228110000_20221228113450.csv
2022-12-29T15:00:00Z,1.0,181.5,2022-12-29,MarketResult_SEM-DA_PWR-MRC-D+1_20221228110000_20221228113450.csv
2022-12-29T16:00:00Z,1.0,229.0,2022-12-29,MarketResult_SEM-DA_PWR-MRC-D+1_20221228110000_20221228113450.csv
2022-12-29T17:00:00Z,1.0,336.0,2022-12-29,MarketResult_SEM-DA_PWR-MRC-D+1_20221228110000_20221228113450.csv
2022-12-29T18:00:00Z,1.0,231.98,2022-12-29,MarketResult_SEM-DA_PWR-MRC-D+1_20221228110000_20221228113450.csv
2022-12-29T19:00:00Z,1.0,175.83,2022-12-29,MarketResult_SEM-DA_PWR-MRC-D+1_20221228110000_20221228113450.csv
2022-12-29T20:00:00Z,1.0,170.0,2022-12-29,MarketResult_SEM-DA_PWR-MRC-D+1_20221228110000_20221228113450.csv
2022-12-29T21:00:00Z,1.0,128.16,2022-12-29,MarketResult_SEM-DA_PWR-MRC-D+1_20221228110000_20221228113450.csv
2022-12-29T22:00:00Z,1.0,55.0,2022-12-29,MarketResult_SEM-DA_PWR-MRC-D+1_20221228110000_20221228113450.csv
2022-12-29T23:00:00Z,1.0,24.65,2022-12-30,MarketResult_SEM-DA_PWR-MRC-D+1_20221229110000_20221229113713.csv
2022-12-30T00:00:00Z,1.0,0.0,2022-12-30,MarketResult_SEM-DA_PWR-MRC-D+1_20221229110000_20221229113713.csv
2022-12-30T01:00:00Z,1.0,0.0,2022-12-30,MarketResult_SEM-DA_PWR-MRC-D+1_20221229110000_20221229113713.csv
2022-12-30T02:00:00Z,1.0,-3.0,2022-12-30,MarketResult_SEM-DA_PWR-MRC-D+1_20221229110000_20221229113713.csv
2022-12-30T03:00:00Z,1.0,-1.02,2022-12-30,MarketResult_SEM-DA_PWR-MRC-D+1_20221229110000_20221229113713.csv
2022-12-30T04:00:00Z,1.0,0.0,2022-12-30,MarketResult_SEM-DA_PWR-MRC-D+1_20221229110000_20221229113713.csv
2022-12-30T05:00:00Z,1.0,5.0,2022-12-30,MarketResult_SEM-DA_PWR-MRC-D+1_20221229110000_20221229113713.csv
2022-12-30T06:00:00Z,1.0,25.56,2022-12-30,MarketResult_SEM-DA_PWR-MRC-D+1_20221229110000_20221229113713.csv
2022-12-30T07:00:00Z,1.0,58.25,2022-12-30,MarketResult_SEM-DA_PWR-MRC-D+1_20221229110000_20221229113713.csv
2022-12-30T08:00:00Z,1.0,85.39,2022-12-30,MarketResult_SEM-DA_PWR-MRC-D+1_20221229110000_20221229113713.csv
2022-12-30T09:00:00Z,1.0,166.84,2022-12-30,MarketResult_SEM-DA_PWR-MRC-D+1_20221229110000_20221229113713.csv
2022-12-30T10:00:00Z,1.0,200.0,2022-12-30,MarketResult_SEM-DA_PWR-MRC-D+1_20221229110000_20221229113713.csv
2022-12-30T11:00:00Z,1.0,190.0,2022-12-30,MarketResult_SEM-DA_PWR-MRC-D+1_20221229110000_20221229113713.csv
2022-12-30T12:00:00Z,1.0,175.0,2022-12-30,MarketResult_SEM-DA_PWR-MRC-D+1_20221229110000_20221229113713.csv
2022-12-30T13:00:00Z,1.0,155.0,2022-12-30,MarketResult_SEM-DA_PWR-MRC-D+1_20221229110000_20221229113713.csv
2022-12-30T14:00:00Z,1.0,139.99,2022-12-30,MarketResult_SEM-DA_PWR-MRC-D+1_20221229110000_20221229113713.csv
2022-12-30T15:00:00Z,1.0,134.5,2022-12-30,MarketResult_SEM-DA_PWR-MRC-D+1_20221229110000_20221229113713.csv
2022-12-30T16:00:00Z,1.0,161.5,2022-12-30,MarketResult_SEM-DA_PWR-MRC-D+1_20221229110000_20221229113713.csv
2022-12-30T17:00:00Z,1.0,197.01,2022-12-30,MarketResult_SEM-DA_PWR-MRC-D+1_20221229110000_20221229113713.csv
2022-12-30T18:00:00Z,1.0,206.7,2022-12-30,MarketResult_SEM-DA_PWR-MRC-D+1_20221229110000_20221229113713.csv
2022-12-30T19:00:00Z,1.0,337.0,2022-12-30,MarketResult_SEM-DA_PWR-MRC-D+1_20221229110000_20221229113713.csv
2022-12-30T20:00:00Z,1.0,283.0,2022-12-30,MarketResult_SEM-DA_PWR-MRC-D+1_20221229110000_20221229113713.csv
2022-12-30T21:00:00Z,1.0,240.0,2022-12-30,MarketResult_SEM-DA_PWR-MRC-D+1_20221229110000_20221229113713.csv
2022-12-30T22:00:00Z,1.0,262.0,2022-12-30,MarketResult_SEM-DA_PWR-MRC-D+1_20221229110000_20221229113713.csv
2022-12-30T23:00:00Z,1.0,186.28,2022-12-31,MarketResult_SEM-DA_PWR-MRC-D+1_20221230110000_20221230113637.csv
2022-12-31T00:00:00Z,1.0,186.28,2022-12-31,MarketResult_SEM-DA_PWR-MRC-D+1_20221230110000_20221230113637.csv
2022-12-31T01:00:00Z,1.0,183.99,2022-12-31,MarketResult_SEM-DA_PWR-MRC-D+1_20221230110000_20221230113637.csv
2022-12-31T02:00:00Z,1.0,165.0,2022-12-31,MarketResult_SEM-DA_PWR-MRC-D+1_20221230110000_20221230113637.csv
2022-12-31T03:00:00Z,1.0,158.36,2022-12-31,MarketResult_SEM-DA_PWR-MRC-D+1_20221230110000_20221230113637.csv
2022-12-31T04:00:00Z,1.0,158.0,2022-12-31,MarketResult_SEM-DA_PWR-MRC-D+1_20221230110000_20221230113637.csv
2022-12-31T05:00:00Z,1.0,160.68,2022-12-31,MarketResult_SEM-DA_PWR-MRC-D+1_20221230110000_20221230113637.csv
2022-12-31T06:00:00Z,1.0,149.1,2022-12-31,MarketResult_SEM-DA_PWR-MRC-D+1_20221230110000_20221230113637.csv
2022-12-31T07:00:00Z,1.0,151.52,2022-12-31,MarketResult_SEM-DA_PWR-MRC-D+1_20221230110000_20221230113637.csv
2022-12-31T08:00:00Z,1.0,161.84,2022-12-31,MarketResult_SEM-DA_PWR-MRC-D+1_20221230110000_20221230113637.csv
2022-12-31T09:00:00Z,1.0,186.28,2022-12-31,MarketResult_SEM-DA_PWR-MRC-D+1_20221230110000_20221230113637.csv
2022-12-31T10:00:00Z,1.0,194.0,2022-12-31,MarketResult_SEM-DA_PWR-MRC-D+1_20221230110000_20221230113637.csv
2022-12-31T11:00:00Z,1.0,214.0,2022-12-31,MarketResult_SEM-DA_PWR-MRC-D+1_20221230110000_20221230113637.csv
2022-12-31T12:00:00Z,1.0,225.0,2022-12-31,MarketResult_SEM-DA_PWR-MRC-D+1_20221230110000_20221230113637.csv
2022-12-31T13:00:00Z,1.0,220.0,2022-12-31,MarketResult_SEM-DA_PWR-MRC-D+1_20221230110000_20221230113637.csv
2022-12-31T14:00:00Z,1.0,210.18,2022-12-31,MarketResult_SEM-DA_PWR-MRC-D+1_20221230110000_20221230113637.csv
2022-12-31T15:00:00Z,1.0,212.0,2022-12-31,MarketResult_SEM-DA_PWR-MRC-D+1_20221230110000_20221230113637.csv
2022-12-31T16:00:00Z,1.0,240.0,2022-12-31,MarketResult_SEM-DA_PWR-MRC-D+1_20221230110000_20221230113637.csv
2022-12-31T17:00:00Z,1.0,252.0,2022-12-31,MarketResult_SEM-DA_PWR-MRC-D+1_20221230110000_20221230113637.csv
2022-12-31T18:00:00Z,1.0,228.0,2022-12-31,MarketResult_SEM-DA_PWR-MRC-D+1_20221230110000_20221230113637.csv
2022-12-31T19:00:00Z,1.0,204.38,2022-12-31,MarketResult_SEM-DA_PWR-MRC-D+1_20221230110000_20221230113637.csv
2022-12-31T20:00:00Z,1.0,175.23,2022-12-31,MarketResult_SEM-DA_PWR-MRC-D+1_20221230110000_20221230113637.csv
2022-12-31T21:00:00Z,1.0,177.39,2022-12-31,MarketResult_SEM-DA_PWR-MRC-D+1_20221230110000_20221230113637.csv
2022-12-31T22:00:00Z,1.0,165.0,2022-12-31,MarketResult_SEM-DA_PWR-MRC-D+1_20221230110000_20221230113637.csv
