scenario_label,scenario,scope,target_label,target_lines,dlr_mode,nominal_max_uplift_pct,dlr_line_count,dlr_lines,mean_dlr_multiplier,max_dlr_multiplier,dlr_added_capacity_mva_hours,total_dispatch_down_mwh,wind_dispatch_down_mwh,solar_dispatch_down_mwh,wind_dispatch_down_saved_mwh,total_dispatch_down_saved_mwh,wind_constraint_component_mwh,wind_constraint_saved_mwh,wind_constraint_reduction_pct,affected_generator_gain_mwh,total_recovery_fraction,affected_recovery_fraction,target_recovery_fraction,target_recovery_pct,unserved_mwh,target_binding_hours,target_binding_line_hours,target_max_dynamic_loading_pct,target_mean_max_dynamic_loading_pct,target_max_static_equivalent_loading_pct,target_mean_dlr_multiplier,target_max_dlr_multiplier,battery_power_mw,battery_nameplate_energy_mwh,battery_usable_energy_mwh,battery_charge_mwh,battery_discharge_mwh,battery_throughput_mwh,battery_efc_week,battery_max_daily_efc,battery_soc_min_pct,battery_soc_mean_pct,battery_soc_max_pct,simultaneous_charge_discharge_hours,battery_sites,battery_allocations,battery_soc_window,battery_round_trip_efficiency_pct,battery_state_of_health_pct,battery_max_efc_per_day_limit,battery_success_mode,battery_recovery_target,unserved_ok,target_recovery_ok,target_headroom_ok,battery_cycle_ok,effective_success_mode,criterion_success,combined_success,battery_scale_vs_q2
wind_proxy_DLR_plus_battery_scale_0.7510,WP2033,north-west,5041-17010-2,5041-17010-2,wind_proxy_plus_protected_battery,40.0,1,5041-17010-2,1.095551488386187,1.2795012677194428,3371.056510264676,2517.8264563710613,2517.826456371062,0.0,1142.763816431685,1142.7638164316854,0.0,588.6138986380738,100.0,678.782955294937,1.9414489176619762,0.8391177716103652,0.8391177716103652,83.91177716103651,0.0,34.0,34.0,100.0,59.50179798603865,121.2195792084242,1.095551488386187,1.2795012677194428,63.835,232.81,148.99840000000003,992.0244713899247,892.8220242509321,1884.8464956408568,6.3250561604717115,1.974219838709891,10.0,30.190080783330803,90.0,0.0,Croaghonagh,1.000000,10.0-90.0%,90.0,80.0,,benchmark,0.99,True,False,False,True,benchmark,False,False,0.751
wind_proxy_DLR_plus_battery_scale_0.7520,WP2033,north-west,5041-17010-2,5041-17010-2,wind_proxy_plus_protected_battery,40.0,1,5041-17010-2,1.095551488386187,1.2795012677194428,3371.056510264676,2517.199060483284,2517.1990604832845,0.0,1143.3912123194623,1143.3912123194627,0.0,588.6138986380738,100.0,973.0298097126288,1.942514804636832,1.2028684563561975,1.2028684563561975,120.28684563561976,0.0,35.0,35.0,100.0,59.43373919482218,121.2195792084242,1.095551488386187,1.2795012677194428,63.92,233.12,149.19680000000002,993.0701312028868,893.7631180825981,1886.833249285485,6.323303345934647,1.7599830462971784,10.0,30.36890468318282,90.0,0.0,Croaghonagh,1.000000,10.0-90.0%,90.0,80.0,,benchmark,0.99,True,True,False,True,benchmark,True,True,0.752
wind_proxy_DLR_plus_battery_scale_0.7530,WP2033,north-west,5041-17010-2,5041-17010-2,wind_proxy_plus_protected_battery,40.0,1,5041-17010-2,1.095551488386187,1.2795012677194428,3371.056510264676,2516.5716645955067,2516.571664595507,0.0,1144.0186082072396,1144.01860820724,0.0,588.6138986380738,100.0,973.4939416752168,1.9435806916116873,1.2034422205839848,1.2034422205839848,120.34422205839847,0.0,35.0,35.0,100.0,59.43532480899461,121.2195792084242,1.095551488386187,1.2795012677194428,64.005,233.43,149.39520000000002,994.1157910158491,894.7042119142643,1888.8200029301133,6.321555186947482,1.759960024870611,10.0,30.367541833580965,89.99999999999999,0.0,Croaghonagh,1.000000,10.0-90.0%,90.0,80.0,,benchmark,0.99,True,True,False,True,benchmark,True,True,0.753
wind_proxy_DLR_plus_battery_scale_0.7540,WP2033,north-west,5041-17010-2,5041-17010-2,wind_proxy_plus_protected_battery,40.0,1,5041-17010-2,1.095551488386187,1.2795012677194428,3371.056510264676,2515.9442687077294,2515.9442687077294,0.0,1144.6460040950174,1144.6460040950174,0.0,588.6138986380738,100.0,973.958073637812,1.944646578586543,1.204015984811781,1.204015984811781,120.40159848117811,0.0,35.0,35.0,100.0,59.43691042316702,121.2195792084242,1.095551488386187,1.2795012677194428,64.09,233.74,149.5936,995.1614508288113,895.6453057459304,1890.8067565747417,6.319811664986809,1.7599370645088364,10.0,30.36618259896479,89.99999999999999,0.0,Croaghonagh,1.000000,10.0-90.0%,90.0,80.0,,benchmark,0.99,True,True,False,True,benchmark,True,True,0.754
wind_proxy_DLR_plus_battery_scale_0.7550,WP2033,north-west,5041-17010-2,5041-17010-2,wind_proxy_plus_protected_battery,40.0,1,5041-17010-2,1.095551488386187,1.2795012677194428,3371.056510264676,2515.316872819952,2515.3168728199526,0.0,1145.2733999827942,1145.2733999827947,0.0,588.6138986380738,100.0,974.4222056004037,1.9457124655613987,1.204589749039573,1.204589749039573,120.4589749039573,0.0,35.0,35.0,100.0,59.43849603733946,121.2195792084242,1.095551488386187,1.2795012677194428,64.175,234.05,149.792,996.2071106417739,896.5863995775965,1892.7935102193703,6.3180727616273575,1.7599141649692118,10.0,30.36482696497012,89.99999999999999,0.0,Croaghonagh,1.000000,10.0-90.0%,90.0,80.0,,benchmark,0.99,True,True,False,True,benchmark,True,True,0.755
wind_proxy_DLR_plus_battery_scale_0.7560,WP2033,north-west,5041-17010-2,5041-17010-2,wind_proxy_plus_protected_battery,40.0,1,5041-17010-2,1.095551488386187,1.2795012677194428,3371.056510264676,2514.689476932175,2514.689476932175,0.0,1145.900795870572,1145.900795870572,0.0,588.6138986380738,100.0,974.8863375629953,1.9467783525362543,1.2051635132673648,1.2051635132673648,120.51635132673648,0.0,35.0,35.0,100.0,59.440086744899226,121.2195792084242,1.095551488386187,1.2795012677194428,64.26,234.36,149.99040000000002,997.2527704547363,897.5274934092625,1894.7802638639987,6.316338458541342,1.7598913260103792,10.0,30.363751989788945,90.0,0.0,Croaghonagh,1.000000,10.0-90.0%,90.0,80.0,,benchmark,0.99,True,True,False,True,benchmark,True,True,0.756
wind_proxy_DLR_plus_battery_scale_0.7570,WP2033,north-west,5041-17010-2,5041-17010-2,wind_proxy_plus_protected_battery,40.0,1,5041-17010-2,1.095551488386187,1.2795012677194428,3371.056510264676,2514.0620810443975,2514.062081044397,0.0,1146.5281917583497,1146.5281917583493,0.0,588.6138986380738,100.0,975.3504695255906,1.94784423951111,1.2057372774951611,1.2057372774951611,120.57372774951611,0.0,35.0,35.0,100.0,59.44167758818703,121.2195792084242,1.095551488386187,1.2795012677194428,64.345,234.67000000000002,150.18880000000001,998.2984302676986,898.4685872409286,1896.7670175086273,6.314608737497826,1.7598685473922577,10.0,30.362687228345354,89.99999999999999,0.0,Croaghonagh,1.000000,10.0-90.0%,90.0,80.0,,benchmark,0.99,True,True,False,True,benchmark,True,True,0.757
wind_proxy_DLR_plus_battery_scale_0.7580,WP2033,north-west,5041-17010-2,5041-17010-2,wind_proxy_plus_protected_battery,40.0,1,5041-17010-2,1.095551488386187,1.2795012677194428,3371.056510264676,2513.4346851566197,2513.4346851566197,0.0,1147.155587646127,1147.155587646127,0.0,588.6138986380738,100.0,975.8146014881786,1.9489101264859663,1.2063110417229483,1.2063110417229483,120.63110417229484,0.0,35.0,35.0,100.0,59.44326843147484,121.2195792084242,1.095551488386187,1.2795012677194428,64.43,234.98,150.3872,999.3440900806609,899.4096810725947,1898.7537711532555,6.312883580362077,1.7598458288760306,10.0,30.361625276298714,90.0,0.0,Croaghonagh,1.000000,10.0-90.0%,90.0,80.0,,benchmark,0.99,True,True,False,True,benchmark,True,True,0.758
wind_proxy_DLR_plus_battery_scale_0.7590,WP2033,north-west,5041-17010-2,5041-17010-2,wind_proxy_plus_protected_battery,40.0,1,5041-17010-2,1.095551488386187,1.2795012677194428,3371.056510264676,2512.807289268842,2512.8072892688424,0.0,1147.7829835339044,1147.7829835339048,0.0,588.6138986380738,100.0,976.2787334507739,1.9499760134608226,1.2068848059507447,1.2068848059507447,120.68848059507447,0.0,35.0,35.0,100.0,59.44485927476265,121.2195792084242,1.095551488386187,1.2795012677194428,64.515,235.29,150.5856,1000.3897498936233,900.3507749042608,1900.740524797884,6.311162969094934,1.7598231702241416,10.0,30.360566122544686,89.99999999999999,0.0,Croaghonagh,1.000000,10.0-90.0%,90.0,80.0,,benchmark,0.99,True,True,False,True,benchmark,True,True,0.759
wind_proxy_DLR_plus_battery_scale_0.7600,WP2033,north-west,5041-17010-2,5041-17010-2,wind_proxy_plus_protected_battery,40.0,1,5041-17010-2,1.095551488386187,1.2795012677194428,3371.056510264676,2512.179893381065,2512.179893381065,0.0,1148.4103794216817,1148.4103794216817,0.0,588.6138986380738,100.0,976.7428654133619,1.9510419004356776,1.2074585701785319,1.2074585701785319,120.74585701785318,0.0,35.0,35.0,100.0,59.44645011805045,121.2195792084242,1.095551488386187,1.2795012677194428,64.6,235.6,150.78400000000002,1001.4354097065856,901.291868735927,1902.7272784425127,6.309446885752177,1.7598005712002833,10.0,30.359509756037387,90.00000000000001,0.0,Croaghonagh,1.000000,10.0-90.0%,90.0,80.0,,benchmark,0.99,True,True,False,True,benchmark,True,True,0.76
wind_proxy_DLR_plus_battery_scale_0.7610,WP2033,north-west,5041-17010-2,5041-17010-2,wind_proxy_plus_protected_battery,40.0,1,5041-17010-2,1.095551488386187,1.2795012677194428,3371.056510264676,2511.5524974932882,2511.552497493288,0.0,1149.037775309459,1149.0377753094585,0.0,588.6138986380738,100.0,977.2069973759571,1.9521077874105324,1.2080323344063282,1.2080323344063282,120.80323344063282,0.0,35.0,35.0,100.0,59.44804096133828,121.2195792084242,1.095551488386187,1.2795012677194428,64.685,235.91,150.9824,1002.481069519548,902.2329625675932,1904.7140320871413,6.307735312483909,1.7597780315693925,10.0,30.358456165788965,90.00000000000001,0.0,Croaghonagh,1.000000,10.0-90.0%,90.0,80.0,,benchmark,0.99,True,True,False,True,benchmark,True,True,0.761
wind_proxy_DLR_plus_battery_scale_0.7620,WP2033,north-west,5041-17010-2,5041-17010-2,wind_proxy_plus_protected_battery,40.0,1,5041-17010-2,1.095551488386187,1.2795012677194428,3371.056510264676,2510.925101605511,2510.9251016055105,0.0,1149.6651711972363,1149.6651711972358,0.0,588.6138986380738,100.0,977.6711293385488,1.953173674385388,1.20860609863412,1.20860609863412,120.86060986341201,0.0,35.0,35.0,100.0,59.44963180462608,121.2195792084242,1.095551488386187,1.2795012677194428,64.77,236.22,151.1808,1003.5267293325103,903.1740563992593,1906.7007857317694,6.306028231533929,1.7597555510976375,10.0,30.357405340869285,90.00000000000001,0.0,Croaghonagh,1.000000,10.0-90.0%,90.0,80.0,,benchmark,0.99,True,True,False,True,benchmark,True,True,0.762
wind_proxy_DLR_plus_battery_scale_0.7630,WP2033,north-west,5041-17010-2,5041-17010-2,wind_proxy_plus_protected_battery,40.0,1,5041-17010-2,1.095551488386187,1.2795012677194428,3371.056510264676,2510.2977057177327,2510.2977057177327,0.0,1150.292567085014,1150.292567085014,0.0,588.6138986380738,100.0,978.135261301144,1.9542395613602452,1.2091798628619164,1.2091798628619164,120.91798628619163,0.0,35.0,35.0,100.0,59.45122264791388,121.2195792084242,1.095551488386187,1.2795012677194428,64.855,236.53,151.37920000000003,1004.5723891454727,904.1151502309253,1908.687539376398,6.304325625239127,1.759733129552414,10.0,30.356357270405482,90.00000000000001,0.0,Croaghonagh,1.000000,10.0-90.0%,90.0,80.0,,benchmark,0.99,True,True,False,True,benchmark,True,True,0.763
wind_proxy_DLR_plus_battery_scale_0.7640,WP2033,north-west,5041-17010-2,5041-17010-2,wind_proxy_plus_protected_battery,40.0,1,5041-17010-2,1.095551488386187,1.2795012677194428,3371.056510264676,2509.6703098299554,2509.6703098299554,0.0,1150.9199629727914,1150.9199629727914,0.0,588.6138986380738,100.0,978.5993932637357,1.955305448335101,1.2097536270897082,1.2097536270897082,120.97536270897082,0.0,35.0,35.0,100.0,59.45281349120171,121.2195792084242,1.095551488386187,1.2795012677194428,64.94,236.84,151.57760000000002,1005.6180489584351,905.0562440625915,1910.6742930210266,6.302627476028867,1.7597107667023348,10.0,30.35531194358165,90.00000000000001,0.0,Croaghonagh,1.000000,10.0-90.0%,90.0,80.0,,benchmark,0.99,True,True,False,True,benchmark,True,True,0.764
wind_proxy_DLR_plus_battery_scale_0.7650,WP2033,north-west,5041-17010-2,5041-17010-2,wind_proxy_plus_protected_battery,40.0,1,5041-17010-2,1.095551488386187,1.2795012677194428,3371.056510264676,2509.042913942178,2509.042913942178,0.0,1151.5473588605687,1151.5473588605687,0.0,588.6138986380738,100.0,979.063525226331,1.9563713353099565,1.2103273913175046,1.2103273913175046,121.03273913175046,0.0,35.0,35.0,100.0,59.45440433448952,121.2195792084242,1.095551488386187,1.2795012677194428,65.025,237.15,151.77600000000004,1006.6637087713974,905.9973378942577,1912.6610466656552,6.300933766424384,1.759688462317224,10.0,30.354269349638393,90.00000000000001,0.0,Croaghonagh,1.000000,10.0-90.0%,90.0,80.0,,benchmark,0.99,True,True,False,True,benchmark,True,True,0.765
wind_proxy_DLR_plus_battery_scale_0.7660,WP2033,north-west,5041-17010-2,5041-17010-2,wind_proxy_plus_protected_battery,40.0,1,5041-17010-2,1.095551488386187,1.2795012677194428,3371.056510264676,2508.4155180544008,2508.4155180544008,0.0,1152.174754748346,1152.174754748346,0.0,588.6138986380738,100.0,979.527657188919,1.957437222284812,1.2109011555452918,1.2109011555452918,121.09011555452918,0.0,35.0,35.0,100.0,59.45599517777732,121.2195792084242,1.095551488386187,1.2795012677194428,65.11,237.46,151.97440000000003,1007.7093685843597,906.9384317259239,1914.6478003102836,6.299244479038191,1.759666216168105,10.0,30.35322947787254,90.00000000000001,0.0,Croaghonagh,1.000000,10.0-90.0%,90.0,80.0,,benchmark,0.99,True,True,False,True,benchmark,True,True,0.766
wind_proxy_DLR_plus_battery_scale_0.7670,WP2033,north-west,5041-17010-2,5041-17010-2,wind_proxy_plus_protected_battery,40.0,1,5041-17010-2,1.095551488386187,1.2795012677194428,3371.056510264676,2507.7881221666235,2507.7881221666235,0.0,1152.8021506361233,1152.8021506361233,0.0,588.6138986380738,100.0,979.9917891515142,1.9585031092596676,1.211474919773088,1.211474919773088,121.1474919773088,0.0,35.0,35.0,100.0,59.45758602106513,121.2195792084242,1.095551488386187,1.2795012677194428,65.19500000000001,237.77,152.17280000000002,1008.7550283973219,907.8795255575897,1916.6345539549116,6.297559596573472,1.759644028027197,10.0,30.352192317636703,90.0,0.0,Croaghonagh,1.000000,10.0-90.0%,90.0,80.0,,benchmark,0.99,True,True,False,True,benchmark,True,True,0.767
wind_proxy_DLR_plus_battery_scale_0.7680,WP2033,north-west,5041-17010-2,5041-17010-2,wind_proxy_plus_protected_battery,40.0,1,5041-17010-2,1.095551488386187,1.2795012677194428,3371.056510264676,2507.1607262788452,2507.1607262788457,0.0,1153.429546523901,1153.4295465239015,0.0,588.6138986380738,100.0,980.4559211141022,1.9595689962345249,1.2120486840008753,1.2120486840008753,121.20486840008753,0.0,35.0,35.0,100.0,59.45917686435293,121.2195792084242,1.095551488386187,1.2795012677194428,65.28,238.08,152.37120000000002,1009.8006882102843,908.8206193892559,1918.6213075995402,6.295879101823507,1.7596218976679068,10.0,30.35115785833899,90.0,0.0,Croaghonagh,1.000000,10.0-90.0%,90.0,80.0,,benchmark,0.99,True,True,False,True,benchmark,True,True,0.768
wind_proxy_DLR_plus_battery_scale_0.7690,WP2033,north-west,5041-17010-2,5041-17010-2,wind_proxy_plus_protected_battery,40.0,1,5041-17010-2,1.095551488386187,1.2795012677194428,3371.056510264676,2506.5333303910684,2506.5333303910684,0.0,1154.0569424116784,1154.0569424116784,0.0,588.6138986380738,100.0,980.9200530766975,1.9606348832093796,1.2126224482286716,1.2126224482286716,121.26224482286716,0.0,35.0,35.0,100.0,59.46076770764076,121.2195792084242,1.095551488386187,1.2795012677194428,65.365,238.39000000000001,152.5696,1010.8463480232467,909.761713220922,1920.6080612441688,6.2942029776710715,1.7595998248648173,10.0,30.35012608944257,90.0,0.0,Croaghonagh,1.000000,10.0-90.0%,90.0,80.0,,benchmark,0.99,True,True,False,True,benchmark,True,True,0.769
wind_proxy_DLR_plus_battery_scale_0.7700,WP2033,north-west,5041-17010-2,5041-17010-2,wind_proxy_plus_protected_battery,40.0,1,5041-17010-2,1.095551488386187,1.2795012677194428,3371.056510264676,2505.905934503291,2505.905934503291,0.0,1154.6843382994557,1154.6843382994557,0.0,588.6138986380738,100.0,981.3841850392892,1.9617007701842353,1.2131962124564635,1.2131962124564635,121.31962124564635,0.0,35.0,35.0,100.0,59.46235855092856,121.2195792084242,1.095551488386187,1.2795012677194428,65.45,238.70000000000002,152.76800000000003,1011.8920078362091,910.7028070525882,1922.5948148887974,6.292531207087862,1.7595778093936842,10.0,30.349097000465367,90.0,0.0,Croaghonagh,1.000000,10.0-90.0%,90.0,80.0,,benchmark,0.99,True,True,False,True,benchmark,True,True,0.77
wind_proxy_DLR_plus_battery_scale_0.7710,WP2033,north-west,5041-17010-2,5041-17010-2,wind_proxy_plus_protected_battery,40.0,1,5041-17010-2,1.095551488386187,1.2795012677194428,3371.056510264676,2505.2785386155133,2505.2785386155138,0.0,1155.311734187233,1155.3117341872335,0.0,588.6138986380738,100.0,981.8483170018844,1.9627666571590918,1.2137699766842598,1.2137699766842598,121.37699766842599,0.0,35.0,35.0,100.0,59.46394939421638,121.2195792084242,1.095551488386187,1.2795012677194428,65.535,239.01000000000002,152.96640000000002,1012.9376676491714,911.6439008842542,1924.5815685334255,6.290863773133921,1.7595558510314253,10.0,30.348070580979662,90.0,0.0,Croaghonagh,1.000000,10.0-90.0%,90.0,80.0,,benchmark,0.99,True,True,False,True,benchmark,True,True,0.771
wind_proxy_DLR_plus_battery_scale_0.7720,WP2033,north-west,5041-17010-2,5041-17010-2,wind_proxy_plus_protected_battery,40.0,1,5041-17010-2,1.095551488386187,1.2795012677194428,3371.056510264676,2504.6511427277355,2504.651142727736,0.0,1155.9391300750108,1155.9391300750112,0.0,588.6138986380738,100.0,982.3124489644761,1.9638325441339481,1.2143437409120517,1.2143437409120517,121.43437409120517,0.0,35.0,35.0,100.0,59.46554023750418,121.2195792084242,1.095551488386187,1.2795012677194428,65.62,239.32,153.1648,1013.9833274621337,912.5849947159204,1926.5683221780541,6.289200658957064,1.7595339495561153,10.0,30.3470468206118,90.0,0.0,Croaghonagh,1.000000,10.0-90.0%,90.0,80.0,,benchmark,0.99,True,True,False,True,benchmark,True,True,0.772
wind_proxy_DLR_plus_battery_scale_0.7730,WP2033,north-west,5041-17010-2,5041-17010-2,wind_proxy_plus_protected_battery,40.0,1,5041-17010-2,1.095551488386187,1.2795012677194428,3371.056510264676,2504.023746839958,2504.0237468399587,0.0,1156.566525962788,1156.5665259627885,0.0,588.6138986380738,100.0,982.7765809270641,1.9648984311088038,1.2149175051398389,1.2149175051398389,121.49175051398389,0.0,35.0,35.0,100.0,59.467131080792,121.2195792084242,1.095551488386187,1.2795012677194428,65.705,239.63,153.3632,1015.0289872750961,913.5260885475864,1928.5550758226825,6.2875418477923075,1.7595121047469768,10.0,30.34602570904179,90.0,0.0,Croaghonagh,1.000000,10.0-90.0%,90.0,80.0,,benchmark,0.99,True,True,False,True,benchmark,True,True,0.773
wind_proxy_DLR_plus_battery_scale_0.7740,WP2033,north-west,5041-17010-2,5041-17010-2,wind_proxy_plus_protected_battery,40.0,1,5041-17010-2,1.095551488386187,1.2795012677194428,3371.056510264676,2503.3963509521814,2503.3963509521814,0.0,1157.1939218505654,1157.1939218505654,0.0,588.6138986380738,100.0,917.635278434449,1.9659643180836586,1.134389224102421,1.134389224102421,113.4389224102421,0.0,36.0,36.0,100.0,59.63158375663925,121.2195792084242,1.095551488386187,1.2795012677194428,65.79,239.94,153.5616,1016.0746470880586,914.4671823792526,1930.5418294673111,6.285887322961311,1.805404546054792,10.0,32.42799978157123,90.0,0.0,Croaghonagh,1.000000,10.0-90.0%,90.0,80.0,,benchmark,0.99,True,True,False,True,benchmark,True,True,0.774
wind_proxy_DLR_plus_battery_scale_0.7750,WP2033,north-west,5041-17010-2,5041-17010-2,wind_proxy_plus_protected_battery,40.0,1,5041-17010-2,1.095551488386187,1.2795012677194428,3371.056510264676,2502.768955064404,2502.768955064404,0.0,1157.8213177383427,1157.8213177383427,0.0,588.6138986380738,100.0,918.1385423596366,1.9670302050585142,1.135011363624548,1.135011363624548,113.5011363624548,0.0,36.0,36.0,100.0,59.63318002537756,121.2195792084242,1.095551488386187,1.2795012677194428,65.875,240.25,153.76000000000002,1017.120306901021,915.4082762109188,1932.5285831119397,6.284237067871811,1.8053828139202215,10.0,32.42758630580469,90.0,0.0,Croaghonagh,1.000000,10.0-90.0%,90.0,80.0,,benchmark,0.99,True,True,False,True,benchmark,True,True,0.775
wind_proxy_DLR_plus_battery_scale_0.7760,WP2033,north-west,5041-17010-2,5041-17010-2,wind_proxy_plus_protected_battery,40.0,1,5041-17010-2,1.095551488386187,1.2795012677194428,3371.056510264676,2502.1415591766267,2502.1415591766263,0.0,1158.4487136261205,1158.44871362612,0.0,588.6138986380738,100.0,918.6418062848243,1.9680960920333699,1.1356335031466753,1.1356335031466753,113.56335031466753,0.0,36.0,36.0,100.0,59.634776294115866,121.2195792084242,1.095551488386187,1.2795012677194428,65.96000000000001,240.56,153.9584,1018.1659667139834,916.349370042585,1934.5153367565683,6.282591066017081,1.805361137796307,10.0,32.427384196349166,90.0,0.0,Croaghonagh,1.000000,10.0-90.0%,90.0,80.0,,benchmark,0.99,True,True,False,True,benchmark,True,True,0.776
wind_proxy_DLR_plus_battery_scale_0.7770,WP2033,north-west,5041-17010-2,5041-17010-2,wind_proxy_plus_protected_battery,40.0,1,5041-17010-2,1.095551488386187,1.2795012677194428,3371.056510264676,2501.514163288849,2501.514163288849,0.0,1159.0761095138978,1159.0761095138978,0.0,588.6138986380738,100.0,919.1450702100046,1.9691619790082262,1.1362556426687938,1.1362556426687938,113.62556426687938,0.0,36.0,36.0,100.0,59.63637256285418,121.2195792084242,1.095551488386187,1.2795012677194428,66.045,240.87,154.15680000000003,1019.2116265269458,917.290463874251,1936.5020904011967,6.280949300975359,1.8053395174667912,10.0,32.42720192826695,90.0,0.0,Croaghonagh,1.000000,10.0-90.0%,90.0,80.0,,benchmark,0.99,True,True,False,True,benchmark,True,True,0.777
wind_proxy_DLR_plus_battery_scale_0.7780,WP2033,north-west,5041-17010-2,5041-17010-2,wind_proxy_plus_protected_battery,40.0,1,5041-17010-2,1.095551488386187,1.2795012677194428,3371.056510264676,2500.886767401072,2500.886767401072,0.0,1159.7035054016746,1159.7035054016746,0.0,588.6138986380738,100.0,919.6483341351923,1.970227865983081,1.136877782190921,1.136877782190921,113.68777821909211,0.0,36.0,36.0,100.0,59.63796883159249,121.2195792084242,1.095551488386187,1.2795012677194428,66.13,241.18,154.35520000000002,1020.2572863399082,918.2315577059172,1938.4888440458253,6.279311756409324,1.8053179527165286,10.0,32.42702012874023,90.0,0.0,Croaghonagh,1.000000,10.0-90.0%,90.0,80.0,,benchmark,0.99,True,True,False,True,benchmark,True,True,0.778
wind_proxy_DLR_plus_battery_scale_0.7790,WP2033,north-west,5041-17010-2,5041-17010-2,wind_proxy_plus_protected_battery,40.0,1,5041-17010-2,1.095551488386187,1.2795012677194428,3371.056510264676,2500.2593715132944,2500.2593715132944,0.0,1160.3309012894524,1160.3309012894524,0.0,588.6138986380738,100.0,1267.0764699223655,1.9712937529579375,1.5663716591693175,1.5663716591693175,156.63716591693176,0.0,32.0,32.0,100.0,59.552605315395624,121.2195792084242,1.095551488386187,1.2795012677194428,66.215,241.49,154.55360000000002,1021.3029461528702,919.1726515375831,1940.4755976904532,6.277678416065537,1.545168503983641,10.0,30.5457996937469,90.0,0.0,Croaghonagh,1.000000,10.0-90.0%,90.0,80.0,,benchmark,0.99,True,True,False,True,benchmark,True,True,0.779
wind_proxy_DLR_plus_battery_scale_0.7800,WP2033,north-west,5041-17010-2,5041-17010-2,wind_proxy_plus_protected_battery,40.0,1,5041-17010-2,1.095551488386187,1.2795012677194428,3371.056510264676,2499.631975625517,2499.6319756255166,0.0,1160.9582971772302,1160.9582971772297,0.0,588.6138986380738,100.0,1267.3706018849552,1.9723596399327932,1.5667352678237223,1.5667352678237223,156.67352678237222,0.0,32.0,32.0,100.0,59.55426394121457,121.2195792084242,1.095551488386187,1.2795012677194428,66.3,241.8,154.75200000000004,1022.3486059658326,920.1137453692493,1942.4623513350818,6.276049263773913,1.5451470497508601,10.0,30.543595441365326,90.0,0.0,Croaghonagh,1.000000,10.0-90.0%,90.0,80.0,,benchmark,0.99,True,True,False,True,benchmark,True,True,0.78
wind_proxy_DLR_plus_battery_scale_0.7810,WP2033,north-west,5041-17010-2,5041-17010-2,wind_proxy_plus_protected_battery,40.0,1,5041-17010-2,1.095551488386187,1.2795012677194428,3371.056510264676,2499.0045797377393,2499.0045797377393,0.0,1161.5856930650075,1161.5856930650075,0.0,588.6138986380738,100.0,1267.6647338475523,1.9734255269076495,1.5670988764781362,1.5670988764781362,156.70988764781362,0.0,32.0,32.0,100.0,59.55592256703351,121.2195792084242,1.095551488386187,1.2795012677194428,66.385,242.11,154.95040000000003,1023.3942657787949,921.0548392009155,1944.4491049797102,6.274424283447186,1.5451256504584965,10.0,30.54139683367614,90.0,0.0,Croaghonagh,1.000000,10.0-90.0%,90.0,80.0,,benchmark,0.99,True,True,False,True,benchmark,True,True,0.781
wind_proxy_DLR_plus_battery_scale_0.7820,WP2033,north-west,5041-17010-2,5041-17010-2,wind_proxy_plus_protected_battery,40.0,1,5041-17010-2,1.095551488386187,1.2795012677194428,3371.056510264676,2498.377183849962,2498.377183849962,0.0,1162.2130889527848,1162.2130889527848,0.0,588.6138986380738,100.0,1267.958865810142,1.9744914138825052,1.567462485132541,1.567462485132541,156.7462485132541,0.0,32.0,32.0,100.0,59.557581192852446,121.2195792084242,1.095551488386187,1.2795012677194428,66.47,242.42000000000002,155.14880000000005,1024.4399255917574,921.9959330325817,1946.435858624339,6.272803459080374,1.5451043058957807,10.000000000000002,30.539705093088646,90.0,0.0,Croaghonagh,1.000000,10.0-90.0%,90.0,80.0,,benchmark,0.99,True,True,False,True,benchmark,True,True,0.782
wind_proxy_DLR_plus_battery_scale_0.7830,WP2033,north-west,5041-17010-2,5041-17010-2,wind_proxy_plus_protected_battery,40.0,1,5041-17010-2,1.095551488386187,1.2795012677194428,3371.056510264676,2497.749787962184,2497.749787962184,0.0,1162.8404848405626,1162.8404848405626,0.0,588.6138986380738,100.0,1268.252997772739,1.9755573008573615,1.5678260937869546,1.5678260937869546,156.78260937869547,0.0,32.0,32.0,100.0,59.559239818671394,121.2195792084242,1.095551488386187,1.2795012677194428,66.555,242.73000000000002,155.34720000000004,1025.4855854047198,922.9370268642476,1948.4226122689674,6.271186774750259,1.5450830158530209,10.000000000000002,30.53812523129965,90.00000000000003,0.0,Croaghonagh,1.000000,10.0-90.0%,90.0,80.0,,benchmark,0.99,True,True,False,True,benchmark,True,True,0.783
wind_proxy_DLR_plus_battery_scale_0.7840,WP2033,north-west,5041-17010-2,5041-17010-2,wind_proxy_plus_protected_battery,40.0,1,5041-17010-2,1.095551488386187,1.2795012677194428,3371.056510264676,2497.122392074407,2497.122392074407,0.0,1163.4678807283399,1163.4678807283399,0.0,588.6138986380738,100.0,1341.6708707127473,1.9766231878322171,1.6585859478127887,1.6585859478127887,165.85859478127887,0.0,34.0,34.0,100.0,59.521000361764145,121.2195792084242,1.095551488386187,1.2795012677194428,66.64,243.04000000000002,155.54560000000004,1026.531245217682,923.8781206959138,1950.4093659135958,6.269574214614863,1.7592754897990135,10.000000000000002,30.692533009540323,90.0,0.0,Croaghonagh,1.000000,10.0-90.0%,90.0,80.0,,benchmark,0.99,True,True,False,True,benchmark,True,True,0.784
wind_proxy_DLR_plus_battery_scale_0.7850,WP2033,north-west,5041-17010-2,5041-17010-2,wind_proxy_plus_protected_battery,40.0,1,5041-17010-2,1.095551488386187,1.2795012677194428,3371.056510264676,2496.49499618663,2496.49499618663,0.0,1164.0952766161167,1164.0952766161167,0.0,588.6138986380738,100.0,1342.0500026753361,1.977689074807072,1.6590546342538846,1.6590546342538846,165.90546342538846,0.0,34.0,34.0,100.0,59.52260542870559,121.2195792084242,1.095551488386187,1.2795012677194428,66.72500000000001,243.35000000000002,155.74400000000003,1027.5769050306442,924.8192145275799,1952.3961195582242,6.267965762912934,1.7592543081713616,10.0,30.69105224792955,90.0,0.0,Croaghonagh,1.000000,10.0-90.0%,90.0,80.0,,benchmark,0.99,True,True,False,True,benchmark,True,True,0.785
wind_proxy_DLR_plus_battery_scale_0.7860,WP2033,north-west,5041-17010-2,5041-17010-2,wind_proxy_plus_protected_battery,40.0,1,5041-17010-2,1.095551488386187,1.2795012677194428,3371.056510264676,2495.867600298852,2495.8676002988523,0.0,1164.7226725038945,1164.722672503895,0.0,588.6138986380738,100.0,1342.4291346379323,1.9787549617819291,1.6595233206949898,1.6595233206949898,165.95233206949896,0.0,34.0,34.0,100.0,59.52421049564703,121.2195792084242,1.095551488386187,1.2795012677194428,66.81,243.66,155.94240000000002,1028.6225648436066,925.760308359246,1954.3828732028526,6.266361403963426,1.7592331804409809,10.000000000000002,30.689575254160044,90.0,0.0,Croaghonagh,1.000000,10.0-90.0%,90.0,80.0,,benchmark,0.99,True,True,False,True,benchmark,True,True,0.786
wind_proxy_DLR_plus_battery_scale_0.7870,WP2033,north-west,5041-17010-2,5041-17010-2,wind_proxy_plus_protected_battery,40.0,1,5041-17010-2,1.095551488386187,1.2795012677194428,3371.056510264676,2495.240204411075,2495.240204411075,0.0,1165.3500683916718,1165.3500683916718,0.0,588.6138986380738,100.0,1342.8082666005212,1.979820848756784,1.6599920071360856,1.6599920071360856,165.99920071360856,0.0,34.0,34.0,100.0,59.52581556258847,121.2195792084242,1.095551488386187,1.2795012677194428,66.895,243.97,156.1408,1029.6682246565688,926.701402190912,1956.3696268474807,6.264761122164996,1.759212106402418,10.0,30.688102013868978,90.0,0.0,Croaghonagh,1.000000,10.0-90.0%,90.0,80.0,,benchmark,0.99,True,True,False,True,benchmark,True,True,0.787
wind_proxy_DLR_plus_battery_scale_0.7880,WP2033,north-west,5041-17010-2,5041-17010-2,wind_proxy_plus_protected_battery,40.0,1,5041-17010-2,1.095551488386187,1.2795012677194428,3371.056510264676,2494.612808523298,2494.6128085232976,0.0,1165.9774642794491,1165.9774642794487,0.0,588.6138986380738,100.0,1343.1873985631173,1.9808867357316389,1.6604606935771908,1.6604606935771908,166.0460693577191,0.0,34.0,34.0,100.0,59.527420629529914,121.2195792084242,1.095551488386187,1.2795012677194428,66.98,244.28,156.3392,1030.7138844695312,927.6424960225781,1958.3563804921093,6.2631649019954985,1.7591910858512632,10.0,30.68663251276647,89.99999999999999,0.0,Croaghonagh,1.000000,10.0-90.0%,90.0,80.0,,benchmark,0.99,True,True,False,True,benchmark,True,True,0.788
wind_proxy_DLR_plus_battery_scale_0.7890,WP2033,north-west,5041-17010-2,5041-17010-2,wind_proxy_plus_protected_battery,40.0,1,5041-17010-2,1.095551488386187,1.2795012677194428,3371.056510264676,2493.98541263552,2493.9854126355203,0.0,1166.6048601672264,1166.604860167227,0.0,588.6138986380738,100.0,1343.5665305257062,1.981952622706496,1.6609293800182867,1.6609293800182867,166.09293800182868,0.0,34.0,34.0,100.0,59.52902569647135,121.2195792084242,1.095551488386187,1.2795012677194428,67.065,244.59,156.53760000000003,1031.7595442824936,928.5835898542443,1960.343134136738,6.2615727280114735,1.7591701185841413,10.0,30.685166736635068,90.00000000000001,0.0,Croaghonagh,1.000000,10.0-90.0%,90.0,80.0,,benchmark,0.99,True,True,False,True,benchmark,True,True,0.789
wind_proxy_DLR_plus_battery_scale_0.7900,WP2033,north-west,5041-17010-2,5041-17010-2,wind_proxy_plus_protected_battery,40.0,1,5041-17010-2,1.095551488386187,1.2795012677194428,3371.056510264676,2493.358016747742,2493.3580167477426,0.0,1167.2322560550042,1167.2322560550047,0.0,588.6138986380738,100.0,1343.9456624883023,1.9830185096813524,1.661398066459392,1.661398066459392,166.1398066459392,0.0,34.0,34.0,100.0,59.530630763412795,121.2195792084242,1.095551488386187,1.2795012677194428,67.15,244.9,156.73600000000002,1032.8052040954558,929.5246836859103,1962.329887781366,6.25998458484766,1.7591492043987083,10.0,30.683704671329316,90.00000000000001,0.0,Croaghonagh,1.000000,10.0-90.0%,90.0,80.0,,benchmark,0.99,True,True,False,True,benchmark,True,True,0.79
wind_proxy_DLR_plus_battery_scale_0.7910,WP2033,north-west,5041-17010-2,5041-17010-2,wind_proxy_plus_protected_battery,40.0,1,5041-17010-2,1.095551488386187,1.2795012677194428,3371.056510264676,2492.730620859965,2492.7306208599653,0.0,1167.8596519427815,1167.859651942782,0.0,588.6138986380738,100.0,1344.3247944508912,1.984084396656208,1.6618667529004878,1.6618667529004878,166.18667529004878,0.0,34.0,34.0,100.0,59.53223583035423,121.2195792084242,1.095551488386187,1.2795012677194428,67.235,245.21,156.9344,1033.8508639084182,930.4657775175765,1964.3166414259947,6.258400457216501,1.7591283430936429,10.0,30.68224630277529,90.00000000000001,0.0,Croaghonagh,1.000000,10.0-90.0%,90.0,80.0,,benchmark,0.99,True,True,False,True,benchmark,True,True,0.791
wind_proxy_DLR_plus_battery_scale_0.7920,WP2033,north-west,5041-17010-2,5041-17010-2,wind_proxy_plus_protected_battery,40.0,1,5041-17010-2,1.095551488386187,1.2795012677194428,3371.056510264676,2492.1032249721875,2492.103224972188,0.0,1168.4870478305588,1168.4870478305593,0.0,588.6138986380738,100.0,1344.7039264134874,1.9851502836310637,1.662335439341593,1.662335439341593,166.2335439341593,0.0,34.0,34.0,100.0,59.53384089729569,121.2195792084242,1.095551488386187,1.2795012677194428,67.32000000000001,245.52,157.13280000000003,1034.8965237213806,931.4068713492427,1966.3033950706233,6.256820329907642,1.7591075344686409,10.0,30.68079161697013,90.00000000000001,0.0,Croaghonagh,1.000000,10.0-90.0%,90.0,80.0,,benchmark,0.99,True,True,False,True,benchmark,True,True,0.792
wind_proxy_DLR_plus_battery_scale_0.7930,WP2033,north-west,5041-17010-2,5041-17010-2,wind_proxy_plus_protected_battery,40.0,1,5041-17010-2,1.095551488386187,1.2795012677194428,3371.056510264676,2491.4758290844106,2491.4758290844106,0.0,1169.1144437183361,1169.1144437183361,0.0,588.6138986380738,100.0,1345.0830583760762,1.9862161706059185,1.6628041257826889,1.6628041257826889,166.28041257826888,0.0,34.0,34.0,100.0,59.53544596423712,121.2195792084242,1.095551488386187,1.2795012677194428,67.405,245.83,157.33120000000002,1035.942183534343,932.3479651809087,1968.2901487152517,6.255244187787455,1.7590867783244086,10.0,30.679340599981636,90.00000000000001,0.0,Croaghonagh,1.000000,10.0-90.0%,90.0,80.0,,benchmark,0.99,True,True,False,True,benchmark,True,True,0.793
wind_proxy_DLR_plus_battery_scale_0.7940,WP2033,north-west,5041-17010-2,5041-17010-2,wind_proxy_plus_protected_battery,40.0,1,5041-17010-2,1.095551488386187,1.2795012677194428,3371.056510264676,2490.848433196633,2490.848433196633,0.0,1169.741839606114,1169.741839606114,0.0,588.6138986380738,100.0,1345.4621903386724,1.9872820575807748,1.663272812223794,1.663272812223794,166.3272812223794,0.0,34.0,34.0,100.0,59.537051031178564,121.2195792084242,1.095551488386187,1.2795012677194428,67.49000000000001,246.14000000000001,157.52960000000004,1036.9878433473054,933.2890590125749,1970.2769023598803,6.2536720157985535,1.759066074462655,10.0,30.67789323794777,90.00000000000001,0.0,Croaghonagh,1.000000,10.0-90.0%,90.0,80.0,,benchmark,0.99,True,True,False,True,benchmark,True,True,0.794
wind_proxy_DLR_plus_battery_scale_0.7950,WP2033,north-west,5041-17010-2,5041-17010-2,wind_proxy_plus_protected_battery,40.0,1,5041-17010-2,1.095551488386187,1.2795012677194428,3371.056510264676,2490.221037308855,2490.2210373088556,0.0,1170.3692354938912,1170.3692354938917,0.0,588.6138986380738,100.0,1345.8413223012612,1.9883479445556314,1.66374149866489,1.66374149866489,166.374149866489,0.0,34.0,34.0,100.0,59.53865609812,121.2195792084242,1.095551488386187,1.2795012677194428,67.575,246.45000000000002,157.72800000000004,1038.0335031602676,934.230152844241,1972.2636560045087,6.25210379895931,1.7590454226860883,10.0,30.67644951707625,90.00000000000001,0.0,Croaghonagh,1.000000,10.0-90.0%,90.0,80.0,,benchmark,0.99,True,True,False,True,benchmark,True,True,0.795
wind_proxy_DLR_plus_battery_scale_0.7960,WP2033,north-west,5041-17010-2,5041-17010-2,wind_proxy_plus_protected_battery,40.0,1,5041-17010-2,1.095551488386187,1.2795012677194428,3371.056510264676,2489.593641421078,2489.593641421078,0.0,1170.996631381669,1170.996631381669,0.0,588.6138986380738,100.0,1346.2204542638574,1.989413831530487,1.6642101851059952,1.6642101851059952,166.4210185105995,0.0,34.0,34.0,100.0,59.54026116506144,121.2195792084242,1.095551488386187,1.2795012677194428,67.66,246.76000000000002,157.92640000000003,1039.0791629732303,935.1712466759071,1974.2504096491375,6.250539522363383,1.7590248227984078,10.0,30.675009423644116,90.00000000000003,0.0,Croaghonagh,1.000000,10.0-90.0%,90.0,80.0,,benchmark,0.99,True,True,False,True,benchmark,True,True,0.796
wind_proxy_DLR_plus_battery_scale_0.7970,WP2033,north-west,5041-17010-2,5041-17010-2,wind_proxy_plus_protected_battery,40.0,1,5041-17010-2,1.095551488386187,1.2795012677194428,3371.056510264676,2488.9662455333014,2488.966245533301,0.0,1171.6240272694458,1171.6240272694454,0.0,588.6138986380738,100.0,1346.5995862264463,1.9904797185053411,1.664678871547091,1.664678871547091,166.4678871547091,0.0,34.0,34.0,100.0,59.541866232002896,121.2195792084242,1.095551488386187,1.2795012677194428,67.745,247.07000000000002,158.12480000000005,1040.1248227861925,936.1123405075734,1976.237163293766,6.248979171179237,1.7590042746042964,10.000000000000002,30.673572943997247,90.00000000000001,0.0,Croaghonagh,1.000000,10.0-90.0%,90.0,80.0,,benchmark,0.99,True,True,False,True,benchmark,True,True,0.797
wind_proxy_DLR_plus_battery_scale_0.7980,WP2033,north-west,5041-17010-2,5041-17010-2,wind_proxy_plus_protected_battery,40.0,1,5041-17010-2,1.095551488386187,1.2795012677194428,3371.056510264676,2488.3388496455236,2488.3388496455236,0.0,1172.2514231572231,1172.2514231572231,0.0,588.6138986380738,100.0,902.3063070516218,1.9915456054801974,1.1154394078062118,1.1154394078062118,111.54394078062117,0.0,34.0,34.0,100.0,59.57631095807749,121.2195792084242,1.095551488386187,1.2795012677194428,67.83,247.38000000000002,158.32320000000004,1041.1704825991549,937.0534343392394,1978.2239169383943,6.2474227306496894,1.660364920569528,10.000000000000002,28.012110492458895,90.00000000000001,0.0,Croaghonagh,1.000000,10.0-90.0%,90.0,80.0,,benchmark,0.99,True,True,False,True,benchmark,True,True,0.798
wind_proxy_DLR_plus_battery_scale_0.7990,WP2033,north-west,5041-17010-2,5041-17010-2,wind_proxy_plus_protected_battery,40.0,1,5041-17010-2,1.095551488386187,1.2795012677194428,3371.056510264676,2487.7114537577463,2487.7114537577463,0.0,1172.8788190450005,1172.8788190450005,0.0,588.6138986380738,100.0,902.8487029394018,1.992611492455053,1.11610992262267,1.11610992262267,111.610992262267,0.0,34.0,34.0,100.0,59.57795972849874,121.2195792084242,1.095551488386187,1.2795012677194428,67.915,247.69000000000003,158.52160000000003,1042.2161424121173,937.9945281709054,1980.2106705830226,6.245870186091429,1.66034447518052,10.0,28.011830206207243,90.0,0.0,Croaghonagh,1.000000,10.0-90.0%,90.0,80.0,,benchmark,0.99,True,True,False,True,benchmark,True,True,0.799
wind_proxy_DLR_plus_battery_scale_0.8000,WP2033,north-west,5041-17010-2,5041-17010-2,wind_proxy_plus_protected_battery,40.0,1,5041-17010-2,1.095551488386187,1.2795012677194428,3371.056510264676,2487.084057869969,2487.084057869969,0.0,1173.5062149327778,1173.5062149327778,0.0,588.6138986380738,100.0,903.3910988271746,1.9936773794299087,1.1167804374391193,1.1167804374391193,111.67804374391193,0.0,34.0,34.0,100.0,59.579608498920024,121.2195792084242,1.095551488386187,1.2795012677194428,68.0,248.0,158.72000000000003,1043.2618022250795,938.9356220025716,1982.197424227651,6.244321522894565,1.6603240809049846,10.000000000000002,28.01155062067123,90.00000000000001,0.0,Croaghonagh,1.000000,10.0-90.0%,90.0,80.0,,benchmark,0.99,True,True,False,True,benchmark,True,True,0.8
wind_proxy_DLR_plus_battery_scale_0.8010,WP2033,north-west,5041-17010-2,5041-17010-2,wind_proxy_plus_protected_battery,40.0,1,5041-17010-2,1.095551488386187,1.2795012677194428,3371.056510264676,2486.4566619821917,2486.4566619821912,0.0,1174.1336108205555,1174.133610820555,0.0,588.6138986380738,100.0,903.9334947149546,1.9947432664047642,1.1174509522555776,1.1174509522555776,111.74509522555776,0.0,34.0,34.0,100.0,59.58125726934127,121.2195792084242,1.095551488386187,1.2795012677194428,68.08500000000001,248.31,158.91840000000002,1044.3074620380416,939.8767158342375,1984.1841778722792,6.242776726522162,1.660303737551486,10.0,28.011271733226437,90.0,0.0,Croaghonagh,1.000000,10.0-90.0%,90.0,80.0,,benchmark,0.99,True,True,False,True,benchmark,True,True,0.801
wind_proxy_DLR_plus_battery_scale_0.8020,WP2033,north-west,5041-17010-2,5041-17010-2,wind_proxy_plus_protected_battery,40.0,1,5041-17010-2,1.095551488386187,1.2795012677194428,3371.056510264676,2485.8292660944144,2485.829266094414,0.0,1174.7610067083328,1174.7610067083324,0.0,588.6138986380738,100.0,904.4758906027346,1.9958091533796198,1.1181214670720359,1.1181214670720359,111.81214670720358,0.0,34.0,34.0,100.0,59.58290603976253,121.2195792084242,1.095551488386187,1.2795012677194428,68.17,248.62,159.1168,1045.353121851004,940.8178096659036,1986.1709315169078,6.241235782509791,1.6602834449295416,10.0,28.01099354126156,90.0,0.0,Croaghonagh,1.000000,10.0-90.0%,90.0,80.0,,benchmark,0.99,True,True,False,True,benchmark,True,True,0.802
wind_proxy_DLR_plus_battery_scale_0.8030,WP2033,north-west,5041-17010-2,5041-17010-2,wind_proxy_plus_protected_battery,40.0,1,5041-17010-2,1.095551488386187,1.2795012677194428,3371.056510264676,2485.2018702066366,2485.2018702066366,0.0,1175.3884025961102,1175.3884025961102,0.0,588.6138986380738,100.0,905.0182864905073,1.9968750403544764,1.118791981888485,1.118791981888485,111.8791981888485,0.0,34.0,34.0,100.0,59.58455481018379,121.2195792084242,1.095551488386187,1.2795012677194428,68.25500000000001,248.93,159.3152,1046.3987816639665,941.7589034975697,1988.1576851615362,6.239698676465071,1.6602632028496198,10.0,28.010716042178284,90.0,0.0,Croaghonagh,1.000000,10.0-90.0%,90.0,80.0,,benchmark,0.99,True,True,False,True,benchmark,True,True,0.803
wind_proxy_DLR_plus_battery_scale_0.8040,WP2033,north-west,5041-17010-2,5041-17010-2,wind_proxy_plus_protected_battery,40.0,1,5041-17010-2,1.095551488386187,1.2795012677194428,3371.056510264676,2484.5744743188598,2484.5744743188593,0.0,1176.0157984838875,1176.015798483887,0.0,588.6138986380738,100.0,905.5606823782873,1.9979409273293312,1.1194624967049434,1.1194624967049434,111.94624967049434,0.0,34.0,34.0,100.0,59.58620358060506,121.2195792084242,1.095551488386187,1.2795012677194428,68.34,249.24,159.51360000000003,1047.444441476929,942.699997329236,1990.144438806165,6.238165394067229,1.6602430111231306,10.0,28.010439233391235,90.0,0.0,Croaghonagh,1.000000,10.0-90.0%,90.0,80.0,,benchmark,0.99,True,True,False,True,benchmark,True,True,0.804
wind_proxy_DLR_plus_battery_scale_0.8050,WP2033,north-west,5041-17010-2,5041-17010-2,wind_proxy_plus_protected_battery,40.0,1,5041-17010-2,1.095551488386187,1.2795012677194428,3371.056510264676,2483.9470784310815,2483.9470784310815,0.0,1176.6431943716652,1176.6431943716652,0.0,588.6138986380738,100.0,995.8624398894754,1.9990068143041884,1.2310943651014667,1.2310943651014667,123.10943651014668,0.0,34.0,34.0,100.0,59.49524316494445,121.2195792084242,1.095551488386187,1.2795012677194428,68.425,249.55,159.71200000000002,1048.4901012898913,943.6410911609022,1992.1311924507936,6.236635921066649,1.973055436579732,10.0,30.299133968027782,90.0,0.0,Croaghonagh,1.000000,10.0-90.0%,90.0,80.0,,benchmark,0.99,True,True,False,True,benchmark,True,True,0.805
wind_proxy_DLR_plus_battery_scale_0.8060,WP2033,north-west,5041-17010-2,5041-17010-2,wind_proxy_plus_protected_battery,40.0,1,5041-17010-2,1.095551488386187,1.2795012677194428,3371.056510264676,2483.319682543304,2483.319682543304,0.0,1177.2705902594425,1177.2705902594425,0.0,588.6138986380738,100.0,996.1565718520724,2.000072701279044,1.2314579737558806,1.2314579737558806,123.14579737558806,0.0,34.0,34.0,100.0,59.496909527248576,121.2195792084242,1.095551488386187,1.2795012677194428,68.51,249.86,159.91040000000004,1049.535761102854,944.5821849925684,1994.1179460954222,6.235110243284432,1.9730353449980815,10.0,30.29979976329668,90.0,0.0,Croaghonagh,1.000000,10.0-90.0%,90.0,80.0,,benchmark,0.99,True,True,False,True,benchmark,True,True,0.806
wind_proxy_DLR_plus_battery_scale_0.8070,WP2033,north-west,5041-17010-2,5041-17010-2,wind_proxy_plus_protected_battery,40.0,1,5041-17010-2,1.095551488386187,1.2795012677194428,3371.056510264676,2482.6922866555265,2482.6922866555265,0.0,1177.8979861472203,1177.8979861472203,0.0,588.6138986380738,100.0,781.8084503949103,2.0011385882539003,0.9664788421749327,0.9664788421749327,96.64788421749327,0.0,35.0,35.0,100.0,59.60577816743133,121.2195792084242,1.095551488386187,1.2795012677194428,68.595,250.17000000000002,160.10880000000003,1050.5814209158161,945.5232788242344,1996.1046997400504,6.23358834661196,1.9203106755402213,10.0,27.784873672758117,90.0,0.0,Croaghonagh,1.000000,10.0-90.0%,90.0,80.0,,benchmark,0.99,True,False,False,True,benchmark,False,False,0.807
wind_proxy_DLR_plus_battery_scale_0.8080,WP2033,north-west,5041-17010-2,5041-17010-2,wind_proxy_plus_protected_battery,40.0,1,5041-17010-2,1.095551488386187,1.2795012677194428,3371.056510264676,2482.0648907677496,2482.0648907677496,0.0,1178.5253820349972,1178.5253820349972,0.0,588.6138986380738,100.0,782.3117143200907,2.0022044752287553,0.967100981697051,0.967100981697051,96.7100981697051,0.0,35.0,35.0,100.0,59.60744374699664,121.2195792084242,1.095551488386187,1.2795012677194428,68.68,250.48000000000002,160.30720000000002,1051.6270807287785,946.4643726559007,1998.0914533846792,6.232070217010461,1.9202906833602214,10.0,27.782353041687212,90.00000000000001,0.0,Croaghonagh,1.000000,10.0-90.0%,90.0,80.0,,benchmark,0.99,True,False,False,True,benchmark,False,False,0.808
wind_proxy_DLR_plus_battery_scale_0.8090,WP2033,north-west,5041-17010-2,5041-17010-2,wind_proxy_plus_protected_battery,40.0,1,5041-17010-2,1.095551488386187,1.2795012677194428,3371.056510264676,2481.437494879972,2481.437494879972,0.0,1179.152777922775,1179.152777922775,0.0,588.6138986380738,100.0,782.8149782452783,2.0032703622036117,0.9677231212191784,0.9677231212191784,96.77231212191784,0.0,35.0,35.0,100.0,59.60910932656193,121.2195792084242,1.095551488386187,1.2795012677194428,68.765,250.79000000000002,160.50560000000004,1052.672740541741,947.4054664875669,2000.0782070293078,6.230555840510572,1.9202707406046462,10.0,27.779838642089913,90.0,0.0,Croaghonagh,1.000000,10.0-90.0%,90.0,80.0,,benchmark,0.99,True,False,False,True,benchmark,False,False,0.809
wind_proxy_DLR_plus_battery_scale_0.8100,WP2033,north-west,5041-17010-2,5041-17010-2,wind_proxy_plus_protected_battery,40.0,1,5041-17010-2,1.095551488386187,1.2795012677194428,3371.056510264676,2480.8100989921945,2480.8100989921945,0.0,1179.7801738105522,1179.7801738105522,0.0,588.6138986380738,100.0,783.3182421704623,2.004336249178467,0.9683452607413011,0.9683452607413011,96.83452607413011,0.0,35.0,35.0,100.0,59.61077490612724,121.2195792084242,1.095551488386187,1.2795012677194428,68.85000000000001,251.10000000000002,160.70400000000004,1053.718400354703,948.3465603192328,2002.0649606739357,6.229045203211915,1.9202508470904427,10.0,27.777330450886673,90.0,0.0,Croaghonagh,1.000000,10.0-90.0%,90.0,80.0,,benchmark,0.99,True,False,False,True,benchmark,False,False,0.81
wind_proxy_DLR_plus_battery_scale_0.8110,WP2033,north-west,5041-17010-2,5041-17010-2,wind_proxy_plus_protected_battery,40.0,1,5041-17010-2,1.095551488386187,1.2795012677194428,3371.056510264676,2480.182703104417,2480.182703104417,0.0,1180.4075696983296,1180.4075696983296,0.0,588.6138986380738,100.0,783.8215060956463,2.005402136153323,0.9689674002634239,0.9689674002634239,96.89674002634239,0.0,35.0,35.0,100.0,59.612440485692545,121.2195792084242,1.095551488386187,1.2795012677194428,68.935,251.41000000000003,160.90240000000006,1054.7640601676655,949.287654150899,2004.0517143185646,6.227538291282678,1.9202310026354608,10.000000000000002,27.7748284451118,90.0,0.0,Croaghonagh,1.000000,10.0-90.0%,90.0,80.0,,benchmark,0.99,True,False,False,True,benchmark,False,False,0.811
wind_proxy_DLR_plus_battery_scale_0.8120,WP2033,north-west,5041-17010-2,5041-17010-2,wind_proxy_plus_protected_battery,40.0,1,5041-17010-2,1.095551488386187,1.2795012677194428,3371.056510264676,2479.55530721664,2479.5553072166394,0.0,1181.0349655861073,1181.0349655861069,0.0,588.6138986380738,100.0,784.324770020834,2.0064680231281784,0.9695895397855512,0.9695895397855512,96.95895397855512,0.0,35.0,35.0,100.0,59.61410606525786,121.2195792084242,1.095551488386187,1.2795012677194428,69.02000000000001,251.72000000000003,161.10080000000005,1055.809719980628,950.2287479825651,2006.038467963193,6.226035090959177,1.920211207058447,10.000000000000002,27.772332601912737,90.00000000000003,0.0,Croaghonagh,1.000000,10.0-90.0%,90.0,80.0,,benchmark,0.99,True,False,False,True,benchmark,False,False,0.812
wind_proxy_DLR_plus_battery_scale_0.8130,WP2033,north-west,5041-17010-2,5041-17010-2,wind_proxy_plus_protected_battery,40.0,1,5041-17010-2,1.095551488386187,1.2795012677194428,3371.056510264676,2478.9279113288626,2478.9279113288626,0.0,1181.6623614738842,1181.6623614738842,0.0,588.6138986380738,100.0,784.828033946018,2.0075339101030343,0.9702116793076739,0.9702116793076739,97.02116793076739,0.0,35.0,35.0,100.0,59.615771644823155,121.2195792084242,1.095551488386187,1.2795012677194428,69.10499999999999,252.02999999999997,161.2992,1056.85537979359,951.169841814231,2008.0252216078209,6.224535588545451,1.9201914601790389,10.0,27.76984289854933,89.99999999999999,0.0,Croaghonagh,1.000000,10.0-90.0%,90.0,80.0,,benchmark,0.99,True,False,False,True,benchmark,False,False,0.813
wind_proxy_DLR_plus_battery_scale_0.8140,WP2033,north-west,5041-17010-2,5041-17010-2,wind_proxy_plus_protected_battery,40.0,1,5041-17010-2,1.095551488386187,1.2795012677194428,3371.056510264676,2478.3005154410857,2478.3005154410853,0.0,1182.2897573616615,1182.289757361661,0.0,588.6138986380738,100.0,974.1096817357393,2.008599797077889,1.2042034041456027,1.2042034041456027,120.42034041456027,0.0,36.0,36.0,100.0,59.612395191172475,121.2195792084242,1.095551488386187,1.2795012677194428,69.19,252.33999999999997,161.4976,1057.9010396065523,952.1109356458969,2010.0119752524492,6.223039770412839,1.8595760446598173,10.0,30.8584463977713,90.0,0.0,Croaghonagh,1.000000,10.0-90.0%,90.0,80.0,,benchmark,0.99,True,True,False,True,benchmark,True,True,0.814
wind_proxy_DLR_plus_battery_scale_0.8150,WP2033,north-west,5041-17010-2,5041-17010-2,wind_proxy_plus_protected_battery,40.0,1,5041-17010-2,1.095551488386187,1.2795012677194428,3371.056510264676,2477.6731195533075,2477.6731195533075,0.0,1182.9171532494393,1182.9171532494393,0.0,588.6138986380738,100.0,822.4771505575882,2.009665684052746,1.016753865713154,1.016753865713154,101.67538657131541,0.0,32.0,32.0,100.0,59.633961837091555,121.2195792084242,1.095551488386187,1.2795012677194428,69.27499999999999,252.64999999999998,161.69600000000003,1058.9466994195145,953.0520294775631,2011.9987288970776,6.221547622999571,1.758643029788077,10.000000000000002,29.59894106265628,90.0,0.0,Croaghonagh,1.000000,10.0-90.0%,90.0,80.0,,benchmark,0.99,True,True,False,True,benchmark,True,True,0.815
wind_proxy_DLR_plus_battery_scale_0.8160,WP2033,north-west,5041-17010-2,5041-17010-2,wind_proxy_plus_protected_battery,40.0,1,5041-17010-2,1.095551488386187,1.2795012677194428,3371.056510264676,2477.04572366553,2477.04572366553,0.0,1183.5445491372166,1183.5445491372166,0.0,588.6138986380738,100.0,822.6471505575864,2.010731571027602,1.0169640212865365,1.0169640212865365,101.69640212865365,0.0,32.0,32.0,100.0,59.63563914883162,121.2195792084242,1.095551488386187,1.2795012677194428,69.36,252.95999999999998,161.89440000000002,1059.992359232477,953.9931233092293,2013.9854825417062,6.2200591328103565,1.7586234279281558,10.000000000000002,29.595377624637326,90.00000000000003,0.0,Croaghonagh,1.000000,10.0-90.0%,90.0,80.0,,benchmark,0.99,True,True,False,True,benchmark,True,True,0.816
wind_proxy_DLR_plus_battery_scale_0.8170,WP2033,north-west,5041-17010-2,5041-17010-2,wind_proxy_plus_protected_battery,40.0,1,5041-17010-2,1.095551488386187,1.2795012677194428,3371.056510264676,2476.4183277777524,2476.418327777753,0.0,1184.1719450249939,1184.1719450249943,0.0,588.6138986380738,100.0,822.8171505575847,2.0117974580024582,1.017174176859919,1.017174176859919,101.71741768599189,0.0,32.0,32.0,100.0,59.63731646057167,121.2195792084242,1.095551488386187,1.2795012677194428,69.445,253.26999999999998,162.0928,1061.0380190454393,954.9342171408954,2015.9722361863346,6.218574286415974,1.7586038740532033,10.000000000000002,29.591822909844854,90.0,0.0,Croaghonagh,1.000000,10.0-90.0%,90.0,80.0,,benchmark,0.99,True,True,False,True,benchmark,True,True,0.817
wind_proxy_DLR_plus_battery_scale_0.8180,WP2033,north-west,5041-17010-2,5041-17010-2,wind_proxy_plus_protected_battery,40.0,1,5041-17010-2,1.095551488386187,1.2795012677194428,3371.056510264676,2475.7909318899756,2475.7909318899756,0.0,1184.7993409127712,1184.7993409127712,0.0,588.6138986380738,100.0,822.9871505575829,2.012863344977313,1.0173843324333016,1.0173843324333016,101.73843324333016,0.0,32.0,32.0,100.0,59.63899377231172,121.2195792084242,1.095551488386187,1.2795012677194428,69.53,253.57999999999998,162.2912,1062.0836788584015,955.8753109725614,2017.9589898309628,6.217093070452873,1.7585843679872362,10.0,29.58827688628658,90.0,0.0,Croaghonagh,1.000000,10.0-90.0%,90.0,80.0,,benchmark,0.99,True,True,False,True,benchmark,True,True,0.818
wind_proxy_DLR_plus_battery_scale_0.8190,WP2033,north-west,5041-17010-2,5041-17010-2,wind_proxy_plus_protected_battery,40.0,1,5041-17010-2,1.095551488386187,1.2795012677194428,3371.056510264676,2475.163536002198,2475.163536002198,0.0,1185.426736800549,1185.426736800549,0.0,588.6138986380738,100.0,1302.5430066715526,2.0139292319521696,1.6102157201486975,1.6102157201486975,161.02157201486975,0.0,35.0,35.0,100.0,59.613288586320145,121.2195792084242,1.095551488386187,1.2795012677194428,69.615,253.89,162.4896,1063.129338671364,956.8164048042275,2019.9457434755914,6.2156154716227725,1.8044791392255486,10.0,27.632581950277828,90.00000000000003,0.0,Croaghonagh,1.000000,10.0-90.0%,90.0,80.0,,benchmark,0.99,True,True,False,True,benchmark,True,True,0.819
wind_proxy_DLR_plus_battery_scale_0.8200,WP2033,north-west,5041-17010-2,5041-17010-2,wind_proxy_plus_protected_battery,40.0,1,5041-17010-2,1.095551488386187,1.2795012677194428,3371.056510264676,2474.5361401144205,2474.5361401144205,0.0,1186.0541326883263,1186.0541326883263,0.0,588.6138986380738,100.0,1303.0071386341479,2.014995118927025,1.6107894843764938,1.6107894843764938,161.0789484376494,0.0,35.0,35.0,100.0,59.61495189955205,121.2195792084242,1.095551488386187,1.2795012677194428,69.7,254.2,162.68800000000002,1064.1749984843261,957.7574986358937,2021.93249712022,6.214141476692257,1.8044597282530324,10.0,27.633266108131586,90.00000000000001,0.0,Croaghonagh,1.000000,10.0-90.0%,90.0,80.0,,benchmark,0.99,True,True,False,True,benchmark,True,True,0.82
wind_proxy_DLR_plus_battery_scale_0.8210,WP2033,north-west,5041-17010-2,5041-17010-2,wind_proxy_plus_protected_battery,40.0,1,5041-17010-2,1.095551488386187,1.2795012677194428,3371.056510264676,2473.9087442266436,2473.9087442266436,0.0,1186.6815285761031,1186.6815285761031,0.0,588.6138986380738,100.0,1110.0808854668867,2.01606100590188,1.3722922646392839,1.3722922646392839,137.2292264639284,0.0,34.0,34.0,100.0,59.62227396108709,121.2195792084242,1.095551488386187,1.2795012677194428,69.785,254.51,162.8864,1065.2206582972885,958.6985924675597,2023.9192507648481,6.2126710724923875,1.5080898368859805,10.0,31.791194566424082,90.00000000000001,0.0,Croaghonagh,1.000000,10.0-90.0%,90.0,80.0,,benchmark,0.99,True,True,False,True,benchmark,True,True,0.821
wind_proxy_DLR_plus_battery_scale_0.8220,WP2033,north-west,5041-17010-2,5041-17010-2,wind_proxy_plus_protected_battery,40.0,1,5041-17010-2,1.095551488386187,1.2795012677194428,3371.056510264676,2473.281348338866,2473.2813483388663,0.0,1187.3089244638804,1187.3089244638809,0.0,588.6138986380738,100.0,1110.6232813546667,2.0171268928767363,1.3729627794557422,1.3729627794557422,137.29627794557422,0.0,34.0,34.0,100.0,59.62394113718775,121.2195792084242,1.095551488386187,1.2795012677194428,69.86999999999999,254.82,163.0848,1066.2663181102507,959.6396862992258,2025.9060044094765,6.211204245918309,1.5081704434494831,10.0,31.7875502529504,90.00000000000001,0.0,Croaghonagh,1.000000,10.0-90.0%,90.0,80.0,,benchmark,0.99,True,True,False,True,benchmark,True,True,0.822
wind_proxy_DLR_plus_battery_scale_0.8230,WP2033,north-west,5041-17010-2,5041-17010-2,wind_proxy_plus_protected_battery,40.0,1,5041-17010-2,1.095551488386187,1.2795012677194428,3371.056510264676,2472.6539524510886,2472.6539524510886,0.0,1187.9363203516582,1187.9363203516582,0.0,588.6138986380738,100.0,1111.1656772424394,2.0181927798515917,1.3736332942721914,1.3736332942721914,137.36332942721913,0.0,34.0,34.0,100.0,59.62560831328842,121.2195792084242,1.095551488386187,1.2795012677194428,69.955,255.13,163.28320000000002,1067.3119779232134,960.580780130892,2027.8927580541053,6.209740983928858,1.5082508541282629,10.0,31.78391479564554,90.00000000000001,0.0,Croaghonagh,1.000000,10.0-90.0%,90.0,80.0,,benchmark,0.99,True,True,False,True,benchmark,True,True,0.823
wind_proxy_DLR_plus_battery_scale_0.8240,WP2033,north-west,5041-17010-2,5041-17010-2,wind_proxy_plus_protected_battery,40.0,1,5041-17010-2,1.095551488386187,1.2795012677194428,3371.056510264676,2472.0265565633113,2472.0265565633113,0.0,1188.5637162394355,1188.5637162394355,0.0,588.6138986380738,100.0,1111.7080731302194,2.0192586668264476,1.3743038090886497,1.3743038090886497,137.43038090886498,0.0,34.0,34.0,100.0,59.627275489389085,121.2195792084242,1.095551488386187,1.2795012677194428,70.03999999999999,255.44,163.48160000000001,1068.3576377361755,961.5218739625582,2029.8795116987337,6.208281273546177,1.5083310696354923,10.0,31.780288162266174,90.00000000000001,0.0,Croaghonagh,1.000000,10.0-90.0%,90.0,80.0,,benchmark,0.99,True,True,False,True,benchmark,True,True,0.824
wind_proxy_DLR_plus_battery_scale_0.8250,WP2033,north-west,5041-17010-2,5041-17010-2,wind_proxy_plus_protected_battery,40.0,1,5041-17010-2,1.095551488386187,1.2795012677194428,3371.056510264676,2471.399160675534,2471.399160675534,0.0,1189.1911121272128,1189.1911121272128,0.0,588.6138986380738,100.0,1112.2504690179921,2.020324553801303,1.374974323905099,1.374974323905099,137.4974323905099,0.0,34.0,34.0,100.0,59.62894266548974,121.2195792084242,1.095551488386187,1.2795012677194428,70.125,255.75,163.68000000000004,1069.4032975491382,962.4629677942243,2031.8662653433626,6.206825101855334,1.5084110906808854,10.0,31.776670320725316,90.00000000000001,0.0,Croaghonagh,1.000000,10.0-90.0%,90.0,80.0,,benchmark,0.99,True,True,False,True,benchmark,True,True,0.825
wind_proxy_DLR_plus_battery_scale_0.8260,WP2033,north-west,5041-17010-2,5041-17010-2,wind_proxy_plus_protected_battery,40.0,1,5041-17010-2,1.095551488386187,1.2795012677194428,3371.056510264676,2470.7717647877566,2470.771764787756,0.0,1189.8185080149906,1189.8185080149901,0.0,588.6138986380738,100.0,1112.7928649057721,2.0213904407761585,1.3756448387215572,1.3756448387215572,137.5644838721557,0.0,34.0,34.0,100.0,59.63060984159041,121.2195792084242,1.095551488386187,1.2795012677194428,70.21,256.06,163.87840000000003,1070.4489573621004,963.4040616258903,2033.8530189879907,6.205372456003935,1.508490917970721,10.0,31.773061239091323,90.00000000000001,0.0,Croaghonagh,1.000000,10.0-90.0%,90.0,80.0,,benchmark,0.99,True,True,False,True,benchmark,True,True,0.826
wind_proxy_DLR_plus_battery_scale_0.8270,WP2033,north-west,5041-17010-2,5041-17010-2,wind_proxy_plus_protected_battery,40.0,1,5041-17010-2,1.095551488386187,1.2795012677194428,3371.056510264676,2470.144368899979,2470.144368899979,0.0,1190.445903902768,1190.445903902768,0.0,588.6138986380738,100.0,1113.3352607935522,2.0224563277510152,1.3763153535380155,1.3763153535380155,137.63153535380155,0.0,34.0,34.0,100.0,59.632277017691074,121.2195792084242,1.095551488386187,1.2795012677194428,70.295,256.37,164.07680000000002,1071.4946171750626,964.3451554575564,2035.8397726326189,6.203923323201752,1.508570552207861,10.0,31.769460885587044,90.00000000000001,0.0,Croaghonagh,1.000000,10.0-90.0%,90.0,80.0,,benchmark,0.99,True,True,False,True,benchmark,True,True,0.827
wind_proxy_DLR_plus_battery_scale_0.8280,WP2033,north-west,5041-17010-2,5041-17010-2,wind_proxy_plus_protected_battery,40.0,1,5041-17010-2,1.095551488386187,1.2795012677194428,3371.056510264676,2469.5169730122016,2469.5169730122016,0.0,1191.0732997905452,1191.0732997905452,0.0,588.6138986380738,100.0,1113.8776566813249,2.0235222147258707,1.376985868354465,1.376985868354465,137.6985868354465,0.0,34.0,34.0,100.0,59.633944193791734,121.2195792084242,1.095551488386187,1.2795012677194428,70.38,256.68,164.27520000000004,1072.5402769880252,965.2862492892226,2037.826526277248,6.20247769072035,1.5086499940917708,10.000000000000002,31.765869228588816,90.00000000000001,0.0,Croaghonagh,1.000000,10.0-90.0%,90.0,80.0,,benchmark,0.99,True,True,False,True,benchmark,True,True,0.828
wind_proxy_DLR_plus_battery_scale_0.8290,WP2033,north-west,5041-17010-2,5041-17010-2,wind_proxy_plus_protected_battery,40.0,1,5041-17010-2,1.095551488386187,1.2795012677194428,3371.056510264676,2468.889577124424,2468.8895771244242,0.0,1191.7006956783225,1191.700695678323,0.0,588.6138986380738,100.0,1114.4200525691049,2.024588101700727,1.377656383170923,1.377656383170923,137.7656383170923,0.0,34.0,34.0,100.0,59.635611369892395,121.2195792084242,1.095551488386187,1.2795012677194428,70.465,256.99,164.47360000000003,1073.5859368009874,966.2273431208887,2039.813279921876,6.201035545892702,1.5087292443185418,10.000000000000002,31.76228623662556,90.00000000000001,0.0,Croaghonagh,1.000000,10.0-90.0%,90.0,80.0,,benchmark,0.99,True,True,False,True,benchmark,True,True,0.829
wind_proxy_DLR_plus_battery_scale_0.8300,WP2033,north-west,5041-17010-2,5041-17010-2,wind_proxy_plus_protected_battery,40.0,1,5041-17010-2,1.095551488386187,1.2795012677194428,3371.056510264676,2468.262181236647,2468.262181236647,0.0,1192.3280915660998,1192.3280915660998,0.0,588.6138986380738,100.0,1114.9624484568849,2.025653988675582,1.3783268979873813,1.3783268979873813,137.83268979873813,0.0,34.0,34.0,100.0,59.63727854599307,121.2195792084242,1.095551488386187,1.2795012677194428,70.55,257.3,164.67200000000003,1074.6315966139498,967.1684369525549,2041.8000335665047,6.199596876112832,1.5088083035809112,10.0,31.758711878377873,90.0,0.0,Croaghonagh,1.000000,10.0-90.0%,90.0,80.0,,benchmark,0.99,True,True,False,True,benchmark,True,True,0.83
wind_proxy_DLR_plus_battery_scale_0.8310,WP2033,north-west,5041-17010-2,5041-17010-2,wind_proxy_plus_protected_battery,40.0,1,5041-17010-2,1.095551488386187,1.2795012677194428,3371.056510264676,2467.634785348869,2467.6347853488696,0.0,1192.9554874538771,1192.9554874538776,0.0,588.6138986380738,100.0,1115.5048443446576,2.0267198756504383,1.3789974128038305,1.3789974128038305,137.89974128038304,0.0,34.0,34.0,100.0,59.638945722093716,121.2195792084242,1.095551488386187,1.2795012677194428,70.63499999999999,257.61,164.87040000000002,1075.6772564269122,968.1095307842211,2043.7867872111333,6.19816166883544,1.5088871725682813,10.0,31.75514612267712,90.00000000000001,0.0,Croaghonagh,1.000000,10.0-90.0%,90.0,80.0,,benchmark,0.99,True,True,False,True,benchmark,True,True,0.831
wind_proxy_DLR_plus_battery_scale_0.8320,WP2033,north-west,5041-17010-2,5041-17010-2,wind_proxy_plus_protected_battery,40.0,1,5041-17010-2,1.095551488386187,1.2795012677194428,3371.056510264676,2467.007389461092,2467.0073894610923,0.0,1193.5828833416545,1193.582883341655,0.0,588.6138986380738,100.0,1116.0472402324376,2.027785762625294,1.3796679276202888,1.3796679276202888,137.9667927620289,0.0,34.0,34.0,100.0,59.64061289819439,121.2195792084242,1.095551488386187,1.2795012677194428,70.72,257.92,165.0688,1076.7229162398744,969.050624615887,2045.7735408557614,6.196729911575541,1.5089658519667386,10.0,31.751588938504494,90.0,0.0,Croaghonagh,1.000000,10.0-90.0%,90.0,80.0,,benchmark,0.99,True,True,False,True,benchmark,True,True,0.832
wind_proxy_DLR_plus_battery_scale_0.8330,WP2033,north-west,5041-17010-2,5041-17010-2,wind_proxy_plus_protected_battery,40.0,1,5041-17010-2,1.095551488386187,1.2795012677194428,3371.056510264676,2466.3799935733146,2466.3799935733146,0.0,1194.2102792294322,1194.2102792294322,0.0,588.6138986380738,100.0,1116.5896361202176,2.0288516496001496,1.380338442436747,1.380338442436747,138.0338442436747,0.0,34.0,34.0,100.0,59.64228007429505,121.2195792084242,1.095551488386187,1.2795012677194428,70.80499999999999,258.22999999999996,165.2672,1077.7685760528366,969.991718447553,2047.7602945003896,6.195301591908103,1.5090443424590776,10.000000000000002,31.748040294990158,90.00000000000001,0.0,Croaghonagh,1.000000,10.0-90.0%,90.0,80.0,,benchmark,0.99,True,True,False,True,benchmark,True,True,0.833
wind_proxy_DLR_plus_battery_scale_0.8340,WP2033,north-west,5041-17010-2,5041-17010-2,wind_proxy_plus_protected_battery,40.0,1,5041-17010-2,1.095551488386187,1.2795012677194428,3371.056510264676,2465.7525976855372,2465.7525976855372,0.0,1194.8376751172095,1194.8376751172095,0.0,588.6138986380738,100.0,1117.1320320079903,2.029917536575005,1.3810089572531963,1.3810089572531963,138.10089572531962,0.0,34.0,34.0,100.0,59.64394725039571,121.2195792084242,1.095551488386187,1.2795012677194428,70.89,258.53999999999996,165.4656,1078.814235865799,970.9328122792191,2049.747048145018,6.193876697467686,1.5091226447248163,10.0,31.744500161412287,90.0,0.0,Croaghonagh,1.000000,10.0-90.0%,90.0,80.0,,benchmark,0.99,True,True,False,True,benchmark,True,True,0.834
wind_proxy_DLR_plus_battery_scale_0.8350,WP2033,north-west,5041-17010-2,5041-17010-2,wind_proxy_plus_protected_battery,40.0,1,5041-17010-2,1.095551488386187,1.2795012677194428,3371.056510264676,2465.1252017977595,2465.1252017977595,0.0,1195.4650710049873,1195.4650710049873,0.0,588.6138986380738,100.0,1117.6744278957704,2.030983423549862,1.3816794720696546,1.3816794720696546,138.16794720696547,0.0,34.0,34.0,100.0,59.64561442649637,121.2195792084242,1.095551488386187,1.2795012677194428,70.975,258.84999999999997,165.664,1079.8598956787612,971.8739061108853,2051.7338017896463,6.192455215948083,1.509200759440218,10.0,31.74096850719629,90.0,0.0,Croaghonagh,1.000000,10.0-90.0%,90.0,80.0,,benchmark,0.99,True,True,False,True,benchmark,True,True,0.835
wind_proxy_DLR_plus_battery_scale_0.8360,WP2033,north-west,5041-17010-2,5041-17010-2,wind_proxy_plus_protected_battery,40.0,1,5041-17010-2,1.095551488386187,1.2795012677194428,3371.056510264676,2464.497805909982,2464.497805909982,0.0,1196.0924668927646,1196.0924668927646,0.0,588.6138986380738,100.0,1118.216823783543,2.0320493105247173,1.382349986886104,1.382349986886104,138.2349986886104,0.0,34.0,34.0,100.0,59.64728160259705,121.2195792084242,1.095551488386187,1.2795012677194428,71.06,259.15999999999997,165.86239999999998,1080.9055554917234,972.8149999425511,2053.7205554342745,6.191037135101972,1.5092786872783095,10.0,31.737445301913816,89.99999999999999,0.0,Croaghonagh,1.000000,10.0-90.0%,90.0,80.0,,benchmark,0.99,True,True,False,True,benchmark,True,True,0.836
wind_proxy_DLR_plus_battery_scale_0.8370,WP2033,north-west,5041-17010-2,5041-17010-2,wind_proxy_plus_protected_battery,40.0,1,5041-17010-2,1.095551488386187,1.2795012677194428,3371.056510264676,2463.8704100222053,2463.8704100222053,0.0,1196.7198627805415,1196.7198627805415,0.0,588.6138986380738,100.0,1118.759219671323,2.0331151974995723,1.383020501702562,1.383020501702562,138.3020501702562,0.0,34.0,34.0,100.0,59.648948778697694,121.2195792084242,1.095551488386187,1.2795012677194428,71.145,259.46999999999997,166.0608,1081.951215304686,973.7560937742173,2055.7073090789036,6.1896224427405615,1.5093564289089034,10.0,31.73393051528196,90.0,0.0,Croaghonagh,1.000000,10.0-90.0%,90.0,80.0,,benchmark,0.99,True,True,False,True,benchmark,True,True,0.837
wind_proxy_DLR_plus_battery_scale_0.8380,WP2033,north-west,5041-17010-2,5041-17010-2,wind_proxy_plus_protected_battery,40.0,1,5041-17010-2,1.095551488386187,1.2795012677194428,3371.056510264676,2463.2430141344275,2463.2430141344275,0.0,1197.3472586683192,1197.3472586683192,0.0,588.6138986380738,100.0,1119.301615559103,2.0341810844744286,1.3836910165190204,1.3836910165190204,138.36910165190204,0.0,34.0,34.0,100.0,59.65061595479837,121.2195792084242,1.095551488386187,1.2795012677194428,71.23,259.78,166.2592,1082.9968751176484,974.6971876058835,2057.6940627235317,6.188211126733233,1.5094339849986125,10.0,31.730424117162357,90.0,0.0,Croaghonagh,1.000000,10.0-90.0%,90.0,80.0,,benchmark,0.99,True,True,False,True,benchmark,True,True,0.838
wind_proxy_DLR_plus_battery_scale_0.8390,WP2033,north-west,5041-17010-2,5041-17010-2,wind_proxy_plus_protected_battery,40.0,1,5041-17010-2,1.095551488386187,1.2795012677194428,3371.056510264676,2462.61561824665,2462.6156182466502,0.0,1197.9746545560965,1197.974654556097,0.0,588.6138986380738,100.0,1119.8440114468758,2.035246971449285,1.3843615313354698,1.3843615313354698,138.43615313354698,0.0,34.0,34.0,100.0,59.65228313089903,121.2195792084242,1.095551488386187,1.2795012677194428,71.315,260.09,166.4576,1084.0425349306108,975.6382814375497,2059.680816368161,6.186803175007211,1.5095113562108733,10.0,31.726926077560318,90.0,0.0,Croaghonagh,1.000000,10.0-90.0%,90.0,80.0,,benchmark,0.99,True,True,False,True,benchmark,True,True,0.839
wind_proxy_DLR_plus_battery_scale_0.8400,WP2033,north-west,5041-17010-2,5041-17010-2,wind_proxy_plus_protected_battery,40.0,1,5041-17010-2,1.095551488386187,1.2795012677194428,3371.056510264676,2461.9882223588725,2461.988222358873,0.0,1198.6020504438738,1198.6020504438743,0.0,588.6138986380738,100.0,1120.3864073346558,2.0363128584241403,1.3850320461519279,1.3850320461519279,138.5032046151928,0.0,34.0,34.0,100.0,59.65395030699968,121.2195792084242,1.095551488386187,1.2795012677194428,71.39999999999999,260.4,166.656,1085.088194743573,976.5793752692157,2061.667570012789,6.185398575547201,1.5095885432059615,10.0,31.723436366623996,90.0,0.0,Croaghonagh,1.000000,10.0-90.0%,90.0,80.0,,benchmark,0.99,True,True,False,True,benchmark,True,True,0.84
wind_proxy_DLR_plus_battery_scale_0.8410,WP2033,north-west,5041-17010-2,5041-17010-2,wind_proxy_plus_protected_battery,40.0,1,5041-17010-2,1.095551488386187,1.2795012677194428,3371.056510264676,2461.360826471095,2461.3608264710956,0.0,1199.2294463316512,1199.2294463316516,0.0,588.6138986380738,100.0,1120.9288032224358,2.037378745398996,1.3857025609683862,1.3857025609683862,138.57025609683862,0.0,34.0,34.0,100.0,59.65561748310036,121.2195792084242,1.095551488386187,1.2795012677194428,71.485,260.71,166.8544,1086.1338545565354,977.5204691008819,2063.654323657417,6.183997316395064,1.509665546641014,10.0,31.719954954643526,90.0,0.0,Croaghonagh,1.000000,10.0-90.0%,90.0,80.0,,benchmark,0.99,True,True,False,True,benchmark,True,True,0.841
wind_proxy_DLR_plus_battery_scale_0.8420,WP2033,north-west,5041-17010-2,5041-17010-2,wind_proxy_plus_protected_battery,40.0,1,5041-17010-2,1.095551488386187,1.2795012677194428,3371.056510264676,2460.733430583318,2460.7334305833183,0.0,1199.8568422194285,1199.856842219429,0.0,588.6138986380738,100.0,1302.7404223953781,2.0384446323738517,1.6104597672936136,1.6104597672936136,161.04597672936137,0.0,37.0,37.0,100.0,59.64302851022064,121.2195792084242,1.095551488386187,1.2795012677194428,71.57,261.02,167.05280000000002,1087.1795143694978,978.4615629325482,2065.641077302046,6.182599385649465,1.7581301222135042,10.0,27.881042016658164,90.0,0.0,Croaghonagh,1.000000,10.0-90.0%,90.0,80.0,,benchmark,0.99,True,True,False,True,benchmark,True,True,0.842
wind_proxy_DLR_plus_battery_scale_0.8430,WP2033,north-west,5041-17010-2,5041-17010-2,wind_proxy_plus_protected_battery,40.0,1,5041-17010-2,1.095551488386187,1.2795012677194428,3371.056510264676,2460.1060346955405,2460.1060346955405,0.0,1200.4842381072062,1200.4842381072062,0.0,588.6138986380738,100.0,1303.1586863205666,2.0395105193487075,1.6109768290290496,1.6109768290290496,161.09768290290495,0.0,37.0,37.0,100.0,59.64467308640793,121.2195792084242,1.095551488386187,1.2795012677194428,71.655,261.33,167.2512,1088.2251741824605,979.4026567642143,2067.6278309466747,6.18120477146554,1.7581117566024473,10.0,27.881117535077834,90.00000000000001,0.0,Croaghonagh,1.000000,10.0-90.0%,90.0,80.0,,benchmark,0.99,True,True,False,True,benchmark,True,True,0.843
wind_proxy_DLR_plus_battery_scale_0.8440,WP2033,north-west,5041-17010-2,5041-17010-2,wind_proxy_plus_protected_battery,40.0,1,5041-17010-2,1.095551488386187,1.2795012677194428,3371.056510264676,2459.4786388077628,2459.478638807763,0.0,1201.1116339949835,1201.111633994984,0.0,588.6138986380738,100.0,1303.5769502457551,2.040576406323564,1.6114938907644856,1.6114938907644856,161.14938907644856,0.0,37.0,37.0,100.0,59.64631766259521,121.2195792084242,1.095551488386187,1.2795012677194428,71.74,261.64,167.44960000000003,1089.2708339954227,980.3437505958802,2069.614584591303,6.17981346205456,1.758093434511795,10.000000000000002,27.881192874543892,90.0,0.0,Croaghonagh,1.000000,10.0-90.0%,90.0,80.0,,benchmark,0.99,True,True,False,True,benchmark,True,True,0.844
wind_proxy_DLR_plus_battery_scale_0.8450,WP2033,north-west,5041-17010-2,5041-17010-2,wind_proxy_plus_protected_battery,40.0,1,5041-17010-2,1.095551488386187,1.2795012677194428,3371.056510264676,2458.8512429199855,2458.8512429199855,0.0,1201.7390298827613,1201.7390298827613,0.0,588.6138986380738,100.0,1303.9952141709364,2.0416422932984193,1.6120109524999127,1.6120109524999127,161.20109524999125,0.0,37.0,37.0,100.0,59.64796223878249,121.2195792084242,1.095551488386187,1.2795012677194428,71.825,261.95,167.64800000000002,1090.316493808385,981.2848444275464,2071.6013382359315,6.178425445683609,1.7580751557870378,10.000000000000002,27.881268035691694,90.00000000000003,0.0,Croaghonagh,1.000000,10.0-90.0%,90.0,80.0,,benchmark,0.99,True,True,False,True,benchmark,True,True,0.845
wind_proxy_DLR_plus_battery_scale_0.8460,WP2033,north-west,5041-17010-2,5041-17010-2,wind_proxy_plus_protected_battery,40.0,1,5041-17010-2,1.095551488386187,1.2795012677194428,3371.056510264676,2458.223847032209,2458.223847032208,0.0,1202.3664257705386,1202.3664257705377,0.0,588.6138986380738,100.0,1304.413478096125,2.0427081802732734,1.6125280142353486,1.6125280142353486,161.25280142353486,0.0,37.0,37.0,100.0,59.64960681496978,121.2195792084242,1.095551488386187,1.2795012677194428,71.91,262.26,167.84640000000002,1091.3621536213473,982.2259382592124,2073.5880918805597,6.177040710675235,1.758056920274396,10.000000000000002,27.88134301915356,90.0,0.0,Croaghonagh,1.000000,10.0-90.0%,90.0,80.0,,benchmark,0.99,True,True,False,True,benchmark,True,True,0.846
wind_proxy_DLR_plus_battery_scale_0.8470,WP2033,north-west,5041-17010-2,5041-17010-2,wind_proxy_plus_protected_battery,40.0,1,5041-17010-2,1.095551488386187,1.2795012677194428,3371.056510264676,2457.5964511444313,2457.596451144431,0.0,1202.993821658316,1202.9938216583155,0.0,588.6138986380738,100.0,1304.8317420213061,2.0437740672481297,1.6130450759707755,1.6130450759707755,161.30450759707756,0.0,37.0,37.0,100.0,59.65125139115707,121.2195792084242,1.095551488386187,1.2795012677194428,71.995,262.57,168.0448,1092.4078134343094,983.1670320908786,2075.574845525188,6.17565924540714,1.7580387278208163,10.0,27.88141782555885,90.0,0.0,Croaghonagh,1.000000,10.0-90.0%,90.0,80.0,,benchmark,0.99,True,True,False,True,benchmark,True,True,0.847
wind_proxy_DLR_plus_battery_scale_0.8480,WP2033,north-west,5041-17010-2,5041-17010-2,wind_proxy_plus_protected_battery,40.0,1,5041-17010-2,1.095551488386187,1.2795012677194428,3371.056510264676,2456.969055256654,2456.9690552566535,0.0,1203.6212175460932,1203.6212175460928,0.0,588.6138986380738,100.0,1305.2500059464874,2.0448399542229856,1.6135621377062026,1.6135621377062026,161.35621377062026,0.0,37.0,37.0,100.0,59.65289596734434,121.2195792084242,1.095551488386187,1.2795012677194428,72.08,262.88,168.2432,1093.4534732472716,984.1081259225446,2077.561599169816,6.1742810383118485,1.758020578273966,10.0,27.88149245553394,89.99999999999999,0.0,Croaghonagh,1.000000,10.0-90.0%,90.0,80.0,,benchmark,0.99,True,True,False,True,benchmark,True,True,0.848
wind_proxy_DLR_plus_battery_scale_0.8490,WP2033,north-west,5041-17010-2,5041-17010-2,wind_proxy_plus_protected_battery,40.0,1,5041-17010-2,1.095551488386187,1.2795012677194428,3371.056510264676,2456.3416593688758,2456.3416593688758,0.0,1204.248613433871,1204.248613433871,0.0,588.6138986380738,100.0,1305.6682698716759,2.045905841197843,1.6140791994416386,1.6140791994416386,161.40791994416387,0.0,37.0,37.0,100.0,59.654540543531645,121.2195792084242,1.095551488386187,1.2795012677194428,72.16499999999999,263.19,168.44160000000002,1094.4991330602345,985.0492197542109,2079.5483528144455,6.172906077876383,1.7580024714822329,10.0,27.88156690970226,90.00000000000003,0.0,Croaghonagh,1.000000,10.0-90.0%,90.0,80.0,,benchmark,0.99,True,True,False,True,benchmark,True,True,0.849
wind_proxy_DLR_plus_battery_scale_0.8500,WP2033,north-west,5041-17010-2,5041-17010-2,wind_proxy_plus_protected_battery,40.0,1,5041-17010-2,1.095551488386187,1.2795012677194428,3371.056510264676,2455.714263481099,2455.714263481099,0.0,1204.8760093216479,1204.8760093216479,0.0,588.6138986380738,100.0,1306.0865337968644,2.0469717281726973,1.6145962611770748,1.6145962611770748,161.45962611770747,0.0,37.0,37.0,100.0,59.65618511971892,121.2195792084242,1.095551488386187,1.2795012677194428,72.25,263.5,168.64000000000001,1095.5447928731967,985.9903135858768,2081.5351064590736,6.17153435264194,1.7579844072947148,10.0,27.881641188684302,90.00000000000001,0.0,Croaghonagh,1.000000,10.0-90.0%,90.0,80.0,,benchmark,0.99,True,True,False,True,benchmark,True,True,0.85
wind_proxy_DLR_plus_battery_scale_0.8510,WP2033,north-west,5041-17010-2,5041-17010-2,wind_proxy_plus_protected_battery,40.0,1,5041-17010-2,1.095551488386187,1.2795012677194428,3371.056510264676,2455.086867593321,2455.086867593321,0.0,1205.5034052094256,1205.5034052094256,0.0,588.6138986380738,100.0,1306.5047977220456,2.048037615147554,1.6151133229125016,1.6151133229125016,161.51133229125017,0.0,37.0,37.0,100.0,59.65782969590621,121.2195792084242,1.095551488386187,1.2795012677194428,72.335,263.81,168.8384,1096.5904526861589,986.9314074175431,2083.5218601037022,6.170165851203583,1.7579663855612218,10.0,27.881715293097635,90.00000000000001,0.0,Croaghonagh,1.000000,10.0-90.0%,90.0,80.0,,benchmark,0.99,True,True,False,True,benchmark,True,True,0.851
wind_proxy_DLR_plus_battery_scale_0.8520,WP2033,north-west,5041-17010-2,5041-17010-2,wind_proxy_plus_protected_battery,40.0,1,5041-17010-2,1.095551488386187,1.2795012677194428,3371.056510264676,2454.4594717055443,2454.4594717055443,0.0,1206.1308010972025,1206.1308010972025,0.0,588.6138986380738,100.0,1306.9230616472269,2.0491035021224087,1.6156303846479287,1.6156303846479287,161.56303846479287,0.0,37.0,37.0,100.0,59.65947427209348,121.2195792084242,1.095551488386187,1.2795012677194428,72.42,264.12,169.03680000000003,1097.6361124991213,987.8725012492091,2085.5086137483304,6.168800562209915,1.7579484061322677,10.0,27.881789223556954,90.00000000000001,0.0,Croaghonagh,1.000000,10.0-90.0%,90.0,80.0,,benchmark,0.99,True,True,False,True,benchmark,True,True,0.852
wind_proxy_DLR_plus_battery_scale_0.8530,WP2033,north-west,5041-17010-2,5041-17010-2,wind_proxy_plus_protected_battery,40.0,1,5041-17010-2,1.095551488386187,1.2795012677194428,3371.056510264676,2453.8320758177665,2453.8320758177665,0.0,1206.7581969849803,1206.7581969849803,0.0,588.6138986380738,100.0,1307.3413255724154,2.050169389097265,1.6161474463833647,1.6161474463833647,161.61474463833648,0.0,37.0,37.0,100.0,59.66111884828078,121.2195792084242,1.095551488386187,1.2795012677194428,72.505,264.43,169.23520000000002,1098.6817723120837,988.8135950808752,2087.495367392959,6.167438474362776,1.757930468859067,10.0,27.881862980674047,90.00000000000001,0.0,Croaghonagh,1.000000,10.0-90.0%,90.0,80.0,,benchmark,0.99,True,True,False,True,benchmark,True,True,0.853
wind_proxy_DLR_plus_battery_scale_0.8540,WP2033,north-west,5041-17010-2,5041-17010-2,wind_proxy_plus_protected_battery,40.0,1,5041-17010-2,1.095551488386187,1.2795012677194428,3371.056510264676,2453.204679929989,2453.204679929989,0.0,1207.3855928727576,1207.3855928727576,0.0,588.6138986380738,100.0,1307.7595894975966,2.051235276072121,1.6166645081187918,1.6166645081187918,161.66645081187917,0.0,37.0,37.0,100.0,59.662763424468054,121.2195792084242,1.095551488386187,1.2795012677194428,72.59,264.74,169.43360000000004,1099.727432125046,989.7546889125415,2089.4821210375876,6.1660795764169185,1.757912573593532,10.0,27.88193656505784,90.00000000000001,0.0,Croaghonagh,1.000000,10.0-90.0%,90.0,80.0,,benchmark,0.99,True,True,False,True,benchmark,True,True,0.854
wind_proxy_DLR_plus_battery_scale_0.8550,WP2033,north-west,5041-17010-2,5041-17010-2,wind_proxy_plus_protected_battery,40.0,1,5041-17010-2,1.095551488386187,1.2795012677194428,3371.056510264676,2452.5772840422114,2452.5772840422114,0.0,1208.0129887605353,1208.0129887605353,0.0,588.6138986380738,100.0,1308.1778534227851,2.052301163046977,1.6171815698542278,1.6171815698542278,161.71815698542278,0.0,37.0,37.0,100.0,59.66440800065534,121.2195792084242,1.095551488386187,1.2795012677194428,72.675,265.05,169.63200000000003,1100.7730919380087,990.6957827442078,2091.4688746822167,6.164723857179707,1.7578947201882673,10.0,27.882009977314425,90.00000000000003,0.0,Croaghonagh,1.000000,10.0-90.0%,90.0,80.0,,benchmark,0.99,True,True,False,True,benchmark,True,True,0.855
wind_proxy_DLR_plus_battery_scale_0.8560,WP2033,north-west,5041-17010-2,5041-17010-2,wind_proxy_plus_protected_battery,40.0,1,5041-17010-2,1.095551488386187,1.2795012677194428,3371.056510264676,2451.949888154434,2451.949888154434,0.0,1208.6403846483126,1208.6403846483126,0.0,588.6138986380738,100.0,1308.5961173479664,2.0533670500218326,1.6176986315896549,1.6176986315896549,161.76986315896548,0.0,37.0,37.0,100.0,59.66605257684263,121.2195792084242,1.095551488386187,1.2795012677194428,72.76,265.36,169.83040000000003,1101.818751750971,991.6368765758737,2093.455628326845,6.163371305510805,1.7578769084965662,10.0,27.882083218047033,90.00000000000001,0.0,Croaghonagh,1.000000,10.0-90.0%,90.0,80.0,,benchmark,0.99,True,True,False,True,benchmark,True,True,0.856
wind_proxy_DLR_plus_battery_scale_0.8570,WP2033,north-west,5041-17010-2,5041-17010-2,wind_proxy_plus_protected_battery,40.0,1,5041-17010-2,1.095551488386187,1.2795012677194428,3371.056510264676,2451.322492266657,2451.322492266657,0.0,1209.26778053609,1209.26778053609,0.0,588.6138986380738,100.0,1309.0143812731549,2.0544329369966885,1.6182156933250909,1.6182156933250909,161.82156933250909,0.0,37.0,37.0,100.0,59.667697153029906,121.2195792084242,1.095551488386187,1.2795012677194428,72.845,265.67,170.02880000000005,1102.8644115639331,992.57797040754,2095.442381971473,6.162021910321876,1.757859138372407,10.000000000000002,27.882156287856127,90.00000000000001,0.0,Croaghonagh,1.000000,10.0-90.0%,90.0,80.0,,benchmark,0.99,True,True,False,True,benchmark,True,True,0.857
wind_proxy_DLR_plus_battery_scale_0.8580,WP2033,north-west,5041-17010-2,5041-17010-2,wind_proxy_plus_protected_battery,40.0,1,5041-17010-2,1.095551488386187,1.2795012677194428,3371.056510264676,2450.6950963788795,2450.6950963788795,0.0,1209.8951764238673,1209.8951764238673,0.0,588.6138986380738,100.0,1309.432645198336,2.055498823971544,1.618732755060518,1.618732755060518,161.87327550605178,0.0,37.0,37.0,100.0,59.669341729217194,121.2195792084242,1.095551488386187,1.2795012677194428,72.92999999999999,265.98,170.22720000000004,1103.9100713768955,993.5190642392058,2097.429135616101,6.1606756605762785,1.7578414096704484,10.000000000000002,27.88222918733932,90.00000000000001,0.0,Croaghonagh,1.000000,10.0-90.0%,90.0,80.0,,benchmark,0.99,True,True,False,True,benchmark,True,True,0.858
wind_proxy_DLR_plus_battery_scale_0.8590,WP2033,north-west,5041-17010-2,5041-17010-2,wind_proxy_plus_protected_battery,40.0,1,5041-17010-2,1.095551488386187,1.2795012677194428,3371.056510264676,2450.067700491102,2450.0677004911017,0.0,1210.522572311645,1210.5225723116446,0.0,588.6138986380738,100.0,939.0774835452976,2.0565647109464,1.1608962765124358,1.1608962765124358,116.08962765124357,0.0,35.0,35.0,100.0,59.684495456479404,121.2195792084242,1.095551488386187,1.2795012677194428,73.015,266.29,170.42560000000003,1104.955731189858,994.460158070872,2099.41588926073,6.159332545288764,1.8037379519164447,10.0,30.20620306687021,90.0,0.0,Croaghonagh,1.000000,10.0-90.0%,90.0,80.0,,benchmark,0.99,True,True,False,True,benchmark,True,True,0.859
wind_proxy_DLR_plus_battery_scale_0.8600,WP2033,north-west,5041-17010-2,5041-17010-2,wind_proxy_plus_protected_battery,40.0,1,5041-17010-2,1.095551488386187,1.2795012677194428,3371.056510264676,2449.440304603325,2449.4403046033244,0.0,1211.1499681994223,1211.149968199422,0.0,588.6138986380738,100.0,939.5807474704852,2.0576305979212552,1.1615184160345629,1.1615184160345629,116.15184160345629,0.0,35.0,35.0,100.0,59.68615529851738,121.2195792084242,1.095551488386187,1.2795012677194428,73.1,266.6,170.62400000000002,1106.0013910028201,995.401251902538,2101.4026429053583,6.1579925535251725,1.8037203056255682,10.0,30.20333411653498,90.0,0.0,Croaghonagh,1.000000,10.0-90.0%,90.0,80.0,,benchmark,0.99,True,True,False,True,benchmark,True,True,0.86
wind_proxy_DLR_plus_battery_scale_0.8610,WP2033,north-west,5041-17010-2,5041-17010-2,wind_proxy_plus_protected_battery,40.0,1,5041-17010-2,1.095551488386187,1.2795012677194428,3371.056510264676,2448.8129087155476,2448.812908715547,0.0,1211.7773640871997,1211.7773640871992,0.0,588.6138986380738,100.0,940.0840113956656,2.058696484896111,1.1621405555566813,1.1621405555566813,116.21405555566812,0.0,35.0,35.0,100.0,59.687815140555365,121.2195792084242,1.095551488386187,1.2795012677194428,73.185,266.90999999999997,170.82240000000002,1107.0470508157825,996.3423457342042,2103.3893965499865,6.156655674402146,1.8037027003249142,10.000000000000002,30.200557111508026,90.00000000000001,0.0,Croaghonagh,1.000000,10.0-90.0%,90.0,80.0,,benchmark,0.99,True,True,False,True,benchmark,True,True,0.861
wind_proxy_DLR_plus_battery_scale_0.8620,WP2033,north-west,5041-17010-2,5041-17010-2,wind_proxy_plus_protected_battery,40.0,1,5041-17010-2,1.095551488386187,1.2795012677194428,3371.056510264676,2448.1855128277703,2448.18551282777,0.0,1212.404759974977,1212.4047599749765,0.0,588.6138986380738,100.0,940.5872753208532,2.0597623718709666,1.1627626950788086,1.1627626950788086,116.27626950788085,0.0,35.0,35.0,100.0,59.689474982593346,121.2195792084242,1.095551488386187,1.2795012677194428,73.27,267.21999999999997,171.0208,1108.0927106287447,997.2834395658701,2105.3761501946146,6.1553218970868295,1.803685135871826,10.000000000000002,30.197925896248936,90.00000000000001,0.0,Croaghonagh,1.000000,10.0-90.0%,90.0,80.0,,benchmark,0.99,True,True,False,True,benchmark,True,True,0.862
wind_proxy_DLR_plus_battery_scale_0.8630,WP2033,north-west,5041-17010-2,5041-17010-2,wind_proxy_plus_protected_battery,40.0,1,5041-17010-2,1.095551488386187,1.2795012677194428,3371.056510264676,2447.5581169399925,2447.5581169399925,0.0,1213.0321558627543,1213.0321558627543,0.0,588.6138986380738,100.0,941.0905392460409,2.060828258845823,1.163384834600936,1.163384834600936,116.33848346009358,0.0,35.0,35.0,100.0,59.69113482463134,121.2195792084242,1.095551488386187,1.2795012677194428,73.355,267.53,171.2192,1109.138370441707,998.2245333975361,2107.362903839243,6.153991210796578,1.803667612124306,10.0,30.195300778823587,90.0,0.0,Croaghonagh,1.000000,10.0-90.0%,90.0,80.0,,benchmark,0.99,True,True,False,True,benchmark,True,True,0.863
wind_proxy_DLR_plus_battery_scale_0.8640,WP2033,north-west,5041-17010-2,5041-17010-2,wind_proxy_plus_protected_battery,40.0,1,5041-17010-2,1.095551488386187,1.2795012677194428,3371.056510264676,2446.930721052215,2446.9307210522147,0.0,1213.659551750532,1213.6595517505316,0.0,588.6138986380738,100.0,1124.4896642957683,2.0618941458206788,1.3901045303837358,1.3901045303837358,139.01045303837358,0.0,37.0,37.0,100.0,59.629343108427335,121.2195792084242,1.095551488386187,1.2795012677194428,73.44,267.84,171.4176,1110.1840302546696,999.1656272292025,2109.349657483872,6.152663604798667,1.5435221895931797,10.0,32.68455827774238,90.0,0.0,Croaghonagh,1.000000,10.0-90.0%,90.0,80.0,,benchmark,0.99,True,True,False,True,benchmark,True,True,0.864
wind_proxy_DLR_plus_battery_scale_0.8650,WP2033,north-west,5041-17010-2,5041-17010-2,wind_proxy_plus_protected_battery,40.0,1,5041-17010-2,1.095551488386187,1.2795012677194428,3371.056510264676,2446.3033251644374,2446.3033251644374,0.0,1214.2869476383094,1214.2869476383094,0.0,588.6138986380738,100.0,1124.8229282209577,2.062960032795535,1.3905165143324805,1.3905165143324805,139.05165143324805,0.0,37.0,37.0,100.0,59.630947702719354,121.2195792084242,1.095551488386187,1.2795012677194428,73.525,268.15,171.61599999999999,1111.229690067632,1000.1067210608685,2111.3364111285005,6.151339068409999,1.543504746833436,10.0,32.68240321269195,90.0,0.0,Croaghonagh,1.000000,10.0-90.0%,90.0,80.0,,benchmark,0.99,True,True,False,True,benchmark,True,True,0.865
wind_proxy_DLR_plus_battery_scale_0.8660,WP2033,north-west,5041-17010-2,5041-17010-2,wind_proxy_plus_protected_battery,40.0,1,5041-17010-2,1.095551488386187,1.2795012677194428,3371.056510264676,2445.6759292766596,2445.6759292766596,0.0,1214.9143435260871,1214.9143435260871,0.0,588.6138986380738,100.0,1030.8205986399335,2.0640259197703914,1.274309964493676,1.274309964493676,127.4309964493676,0.0,37.0,37.0,100.0,59.688082699682475,121.2195792084242,1.095551488386187,1.2795012677194428,73.61,268.46,171.8144,1112.2753498805946,1001.0478148925349,2113.3231647731295,6.150017590996824,1.7577010540346214,10.0,30.89066807005178,90.00000000000001,0.0,Croaghonagh,1.000000,10.0-90.0%,90.0,80.0,,benchmark,0.99,True,True,False,True,benchmark,True,True,0.866
wind_proxy_DLR_plus_battery_scale_0.8670,WP2033,north-west,5041-17010-2,5041-17010-2,wind_proxy_plus_protected_battery,40.0,1,5041-17010-2,1.095551488386187,1.2795012677194428,3371.056510264676,2445.048533388883,2445.0485333888823,0.0,1215.5417394138644,1215.541739413864,0.0,588.6138986380738,100.0,1031.4479945277126,2.0650918067452464,1.2750855570968254,1.2750855570968254,127.50855570968254,0.0,37.0,37.0,100.0,59.689734252810844,121.2195792084242,1.095551488386187,1.2795012677194428,73.695,268.77,172.0128,1113.3210096935566,1001.9889087242009,2115.309918417757,6.1486991619744495,1.7576836917025074,10.0,30.890555137128953,90.0,0.0,Croaghonagh,1.000000,10.0-90.0%,90.0,80.0,,benchmark,0.99,True,True,False,True,benchmark,True,True,0.867
wind_proxy_DLR_plus_battery_scale_0.8680,WP2033,north-west,5041-17010-2,5041-17010-2,wind_proxy_plus_protected_battery,40.0,1,5041-17010-2,1.095551488386187,1.2795012677194428,3371.056510264676,2444.421137501105,2444.421137501105,0.0,1216.1691353016417,1216.1691353016417,0.0,588.6138986380738,100.0,1032.0753904154917,2.0661576937201027,1.275861149699975,1.275861149699975,127.5861149699975,0.0,37.0,37.0,100.0,59.69138580593922,121.2195792084242,1.095551488386187,1.2795012677194428,73.78,269.08,172.21120000000002,1114.366669506519,1002.9300025558671,2117.2966720623863,6.147383770806969,1.7576663693757673,10.0,30.890442464420236,90.0,0.0,Croaghonagh,1.000000,10.0-90.0%,90.0,80.0,,benchmark,0.99,True,True,False,True,benchmark,True,True,0.868
wind_proxy_DLR_plus_battery_scale_0.8690,WP2033,north-west,5041-17010-2,5041-17010-2,wind_proxy_plus_protected_battery,40.0,1,5041-17010-2,1.095551488386187,1.2795012677194428,3371.056510264676,2443.7937416133277,2443.7937416133277,0.0,1216.796531189419,1216.796531189419,0.0,588.6138986380738,100.0,1032.7027863032636,2.067223580694958,1.2766367423031155,1.2766367423031155,127.66367423031156,0.0,37.0,37.0,100.0,59.69303735906759,121.2195792084242,1.095551488386187,1.2795012677194428,73.865,269.39,172.4096,1115.4123293194814,1003.8710963875332,2119.2834257070144,6.14607140700696,1.7576490869162926,10.0,30.890330051027302,90.0,0.0,Croaghonagh,1.000000,10.0-90.0%,90.0,80.0,,benchmark,0.99,True,True,False,True,benchmark,True,True,0.869
wind_proxy_DLR_plus_battery_scale_0.8700,WP2033,north-west,5041-17010-2,5041-17010-2,wind_proxy_plus_protected_battery,40.0,1,5041-17010-2,1.095551488386187,1.2795012677194428,3371.056510264676,2443.1663457255504,2443.1663457255504,0.0,1217.4239270771964,1217.4239270771964,0.0,588.6138986380738,100.0,1033.3301821910427,2.068289467669814,1.277412334906265,1.277412334906265,127.7412334906265,0.0,37.0,37.0,100.0,59.69468891219597,121.2195792084242,1.095551488386187,1.2795012677194428,73.95,269.7,172.608,1116.4579891324436,1004.8121902191992,2121.2701793516426,6.144762060135227,1.7576318441866097,10.0,30.890217896055955,90.0,0.0,Croaghonagh,1.000000,10.0-90.0%,90.0,80.0,,benchmark,0.99,True,True,False,True,benchmark,True,True,0.87
wind_proxy_DLR_plus_battery_scale_0.8710,WP2033,north-west,5041-17010-2,5041-17010-2,wind_proxy_plus_protected_battery,40.0,1,5041-17010-2,1.095551488386187,1.2795012677194428,3371.056510264676,2442.5389498377726,2442.5389498377726,0.0,1218.0513229649741,1218.0513229649741,0.0,588.6138986380738,100.0,1033.9575780788218,2.0693553546446704,1.2781879275094146,1.2781879275094146,127.81879275094145,0.0,37.0,37.0,100.0,59.69634046532435,121.2195792084242,1.095551488386187,1.2795012677194428,74.035,270.01,172.80640000000002,1117.503648945406,1005.7532840508654,2123.2569329962716,6.143455719800515,1.7576146410498765,10.0,30.89010599861612,90.0,0.0,Croaghonagh,1.000000,10.0-90.0%,90.0,80.0,,benchmark,0.99,True,True,False,True,benchmark,True,True,0.871
wind_proxy_DLR_plus_battery_scale_0.8720,WP2033,north-west,5041-17010-2,5041-17010-2,wind_proxy_plus_protected_battery,40.0,1,5041-17010-2,1.095551488386187,1.2795012677194428,3371.056510264676,2441.911553949996,2441.9115539499953,0.0,1218.6787188527514,1218.678718852751,0.0,588.6138986380738,100.0,1034.584973966601,2.070421241619525,1.278963520112564,1.278963520112564,127.8963520112564,0.0,37.0,37.0,100.0,59.697992018452716,121.2195792084242,1.095551488386187,1.2795012677194428,74.12,270.32,173.00480000000002,1118.5493087583682,1006.6943778825313,2125.2436866408993,6.142152375659228,1.7575974773698788,10.0,30.88999435782178,89.99999999999999,0.0,Croaghonagh,1.000000,10.0-90.0%,90.0,80.0,,benchmark,0.99,True,True,False,True,benchmark,True,True,0.872
wind_proxy_DLR_plus_battery_scale_0.8730,WP2033,north-west,5041-17010-2,5041-17010-2,wind_proxy_plus_protected_battery,40.0,1,5041-17010-2,1.095551488386187,1.2795012677194428,3371.056510264676,2441.284158062218,2441.284158062218,0.0,1219.3061147405288,1219.3061147405288,0.0,588.6138986380738,100.0,1035.21236985438,2.0714871285943817,1.2797391127157136,1.2797391127157136,127.97391127157137,0.0,37.0,37.0,100.0,59.6996435715811,121.2195792084242,1.095551488386187,1.2795012677194428,74.205,270.63,173.20320000000004,1119.594968571331,1007.6354717141978,2127.230440285529,6.140852017415176,1.7575803530110274,10.000000000000002,30.889882972791025,90.00000000000003,0.0,Croaghonagh,1.000000,10.0-90.0%,90.0,80.0,,benchmark,0.99,True,True,False,True,benchmark,True,True,0.873
wind_proxy_DLR_plus_battery_scale_0.8740,WP2033,north-west,5041-17010-2,5041-17010-2,wind_proxy_plus_protected_battery,40.0,1,5041-17010-2,1.095551488386187,1.2795012677194428,3371.056510264676,2440.6567621744407,2440.6567621744407,0.0,1219.933510628306,1219.933510628306,0.0,588.6138986380738,100.0,1035.839765742152,2.072553015569237,1.2805147053188541,1.2805147053188541,128.0514705318854,0.0,37.0,37.0,100.0,59.70129512470946,121.2195792084242,1.095551488386187,1.2795012677194428,74.29,270.94,173.40160000000003,1120.6406283842932,1008.5765655458638,2129.217193930157,6.139554634819277,1.7575632678383513,10.000000000000002,30.8897718426459,90.00000000000001,0.0,Croaghonagh,1.000000,10.0-90.0%,90.0,80.0,,benchmark,0.99,True,True,False,True,benchmark,True,True,0.874
wind_proxy_DLR_plus_battery_scale_0.8750,WP2033,north-west,5041-17010-2,5041-17010-2,wind_proxy_plus_protected_battery,40.0,1,5041-17010-2,1.095551488386187,1.2795012677194428,3371.056510264676,2440.0293662866634,2440.029366286663,0.0,1220.5609065160838,1220.5609065160834,0.0,588.6138986380738,100.0,1036.467161629931,2.0736189025440925,1.2812902979220036,1.2812902979220036,128.12902979220036,0.0,37.0,37.0,100.0,59.70294667783784,121.2195792084242,1.095551488386187,1.2795012677194428,74.375,271.25,173.60000000000002,1121.6862881972554,1009.5176593775298,2131.203947574785,6.138260217669312,1.7575462217174984,10.000000000000002,30.889660966512547,90.0,0.0,Croaghonagh,1.000000,10.0-90.0%,90.0,80.0,,benchmark,0.99,True,True,False,True,benchmark,True,True,0.875
wind_proxy_DLR_plus_battery_scale_0.8760,WP2033,north-west,5041-17010-2,5041-17010-2,wind_proxy_plus_protected_battery,40.0,1,5041-17010-2,1.095551488386187,1.2795012677194428,3371.056510264676,2439.401970398886,2439.401970398886,0.0,1221.1883024038607,1221.1883024038607,0.0,588.6138986380738,100.0,959.5543362231329,2.0746847895189484,1.1862099513102258,1.1862099513102258,118.62099513102258,0.0,33.0,33.0,100.0,59.724668013996954,121.2195792084242,1.095551488386187,1.2795012677194428,74.46,271.56,173.79840000000002,1122.7319480102174,1010.4587532091958,2133.1907012194133,6.136968755809643,1.7489206363247558,10.0,32.472725451560876,90.0,0.0,Croaghonagh,1.000000,10.0-90.0%,90.0,80.0,,benchmark,0.99,True,True,False,True,benchmark,True,True,0.876
wind_proxy_DLR_plus_battery_scale_0.8770,WP2033,north-west,5041-17010-2,5041-17010-2,wind_proxy_plus_protected_battery,40.0,1,5041-17010-2,1.095551488386187,1.2795012677194428,3371.056510264676,2438.7745745111083,2438.7745745111088,0.0,1221.815698291638,1221.8156982916385,0.0,588.6138986380738,100.0,960.181732110912,2.0757506764938047,1.1869855439133752,1.1869855439133752,118.69855439133752,0.0,33.0,33.0,100.0,59.72632553239629,121.2195792084242,1.095551488386187,1.2795012677194428,74.545,271.87,173.9968,1123.7776078231798,1011.3998470408618,2135.1774548640415,6.135680239130953,1.7485567762435132,10.0,32.47478937867296,89.99999999999999,0.0,Croaghonagh,1.000000,10.0-90.0%,90.0,80.0,,benchmark,0.99,True,True,False,True,benchmark,True,True,0.877
wind_proxy_DLR_plus_battery_scale_0.8780,WP2033,north-west,5041-17010-2,5041-17010-2,wind_proxy_plus_protected_battery,40.0,1,5041-17010-2,1.095551488386187,1.2795012677194428,3371.056510264676,2438.1471786233315,2438.147178623331,0.0,1222.4430941794158,1222.4430941794153,0.0,588.6138986380738,100.0,1195.4676722062577,2.0768165634686597,1.4778482006786298,1.4778482006786298,147.78482006786297,0.0,35.0,35.0,100.0,59.72064046359241,121.2195792084242,1.095551488386187,1.2795012677194428,74.63,272.18,174.19520000000003,1124.8232676361422,1012.340940872528,2137.16420850867,6.134394657569984,1.6546362518482178,10.0,32.89027778799102,89.99999999999999,0.0,Croaghonagh,1.000000,10.0-90.0%,90.0,80.0,,benchmark,0.99,True,True,False,True,benchmark,True,True,0.878
wind_proxy_DLR_plus_battery_scale_0.8790,WP2033,north-west,5041-17010-2,5041-17010-2,wind_proxy_plus_protected_battery,40.0,1,5041-17010-2,1.095551488386187,1.2795012677194428,3371.056510264676,2437.5197827355537,2437.5197827355532,0.0,1223.0704900671935,1223.070490067193,0.0,588.6138986380738,100.0,1195.8859361314462,2.077882450443516,1.4783652624140657,1.4783652624140657,147.83652624140657,0.0,35.0,35.0,100.0,59.722314756627085,121.2195792084242,1.095551488386187,1.2795012677194428,74.715,272.49,174.39360000000002,1125.8689274491048,1013.2820347041941,2139.1509621532987,6.133112001109268,1.6543804828985325,10.0,32.88971238233742,90.00000000000001,0.0,Croaghonagh,1.000000,10.0-90.0%,90.0,80.0,,benchmark,0.99,True,True,False,True,benchmark,True,True,0.879
wind_proxy_DLR_plus_battery_scale_0.8800,WP2033,north-west,5041-17010-2,5041-17010-2,wind_proxy_plus_protected_battery,40.0,1,5041-17010-2,1.095551488386187,1.2795012677194428,3371.056510264676,2436.8923868477764,2436.8923868477764,0.0,1223.6978859549704,1223.6978859549704,0.0,588.6138986380738,100.0,1196.3042000566275,2.0789483374183715,1.4788823241494928,1.4788823241494928,147.88823241494927,0.0,35.0,35.0,100.0,59.72398904966176,121.2195792084242,1.095551488386187,1.2795012677194428,74.8,272.8,174.592,1126.914587262067,1014.2231285358603,2141.1377157979273,6.131832259776871,1.6541252952419148,10.0,32.88914826169667,90.00000000000001,0.0,Croaghonagh,1.000000,10.0-90.0%,90.0,80.0,,benchmark,0.99,True,True,False,True,benchmark,True,True,0.88
wind_proxy_DLR_plus_battery_scale_0.8810,WP2033,north-west,5041-17010-2,5041-17010-2,wind_proxy_plus_protected_battery,40.0,1,5041-17010-2,1.095551488386187,1.2795012677194428,3371.056510264676,2436.264990959999,2436.2649909599986,0.0,1224.3252818427482,1224.3252818427477,0.0,588.6138986380738,100.0,1196.722463981816,2.0800142243932274,1.4793993858849288,1.4793993858849288,147.93993858849288,0.0,35.0,35.0,100.0,59.72566334269644,121.2195792084242,1.095551488386187,1.2795012677194428,74.885,273.11,174.79040000000003,1127.9602470750294,1015.1642223675265,2143.124469442556,6.130555423646137,1.6538706868989328,10.0,32.88858542169301,90.00000000000001,0.0,Croaghonagh,1.000000,10.0-90.0%,90.0,80.0,,benchmark,0.99,True,True,False,True,benchmark,True,True,0.881
wind_proxy_DLR_plus_battery_scale_0.8820,WP2033,north-west,5041-17010-2,5041-17010-2,wind_proxy_plus_protected_battery,40.0,1,5041-17010-2,1.095551488386187,1.2795012677194428,3371.056510264676,2435.6375950722213,2435.6375950722213,0.0,1224.9526777305255,1224.9526777305255,0.0,588.6138986380738,100.0,1197.1407279069972,2.0810801113680837,1.479916447620356,1.479916447620356,147.99164476203558,0.0,35.0,35.0,100.0,59.727337635731104,121.2195792084242,1.095551488386187,1.2795012677194428,74.97,273.42,174.98880000000003,1129.0059068879916,1016.1053161991924,2145.111223087184,6.1292814828354265,1.6536166558991323,10.0,32.88802385797054,90.00000000000001,0.0,Croaghonagh,1.000000,10.0-90.0%,90.0,80.0,,benchmark,0.99,True,True,False,True,benchmark,True,True,0.882
wind_proxy_DLR_plus_battery_scale_0.8830,WP2033,north-west,5041-17010-2,5041-17010-2,wind_proxy_plus_protected_battery,40.0,1,5041-17010-2,1.095551488386187,1.2795012677194428,3371.056510264676,2435.010199184444,2435.010199184444,0.0,1225.5800736183028,1225.5800736183028,0.0,588.6138986380738,100.0,1197.5589918321857,2.082145998342939,1.4804335093557919,1.4804335093557919,148.04335093557918,0.0,35.0,35.0,100.0,59.729011928765786,121.2195792084242,1.095551488386187,1.2795012677194428,75.055,273.73,175.18720000000005,1130.051566700954,1017.0464100308587,2147.0979767318127,6.128010427507866,1.6533632002809846,10.0,32.88746356619308,90.00000000000001,0.0,Croaghonagh,1.000000,10.0-90.0%,90.0,80.0,,benchmark,0.99,True,True,False,True,benchmark,True,True,0.883
wind_proxy_DLR_plus_battery_scale_0.8840,WP2033,north-west,5041-17010-2,5041-17010-2,wind_proxy_plus_protected_battery,40.0,1,5041-17010-2,1.095551488386187,1.2795012677194428,3371.056510264676,2434.3828032966667,2434.3828032966667,0.0,1226.20746950608,1226.20746950608,0.0,588.6138986380738,100.0,1197.9772557573742,2.083211885317795,1.4809505710912279,1.4809505710912279,148.0950571091228,0.0,35.0,35.0,100.0,59.73068622180047,121.2195792084242,1.095551488386187,1.2795012677194428,75.14,274.04,175.38560000000004,1131.0972265139164,1017.9875038625248,2149.0847303764413,6.126742247871093,1.6531103180918374,10.0,32.88690454204407,90.00000000000001,0.0,Croaghonagh,1.000000,10.0-90.0%,90.0,80.0,,benchmark,0.99,True,True,False,True,benchmark,True,True,0.884
wind_proxy_DLR_plus_battery_scale_0.8850,WP2033,north-west,5041-17010-2,5041-17010-2,wind_proxy_plus_protected_battery,40.0,1,5041-17010-2,1.095551488386187,1.2795012677194428,3371.056510264676,2433.7554074088894,2433.7554074088894,0.0,1226.8348653938574,1226.8348653938574,0.0,588.6138986380738,100.0,1198.3955196825555,2.0842777722926504,1.481467632826655,1.481467632826655,148.1467632826655,0.0,35.0,35.0,100.0,59.732360514835136,121.2195792084242,1.095551488386187,1.2795012677194428,75.225,274.35,175.58400000000003,1132.1428863268789,1018.9285976941909,2151.07148402107,6.125476934177002,1.6528580073878634,10.0,32.88634678122647,90.00000000000001,0.0,Croaghonagh,1.000000,10.0-90.0%,90.0,80.0,,benchmark,0.99,True,True,False,True,benchmark,True,True,0.885
wind_proxy_DLR_plus_battery_scale_0.8860,WP2033,north-west,5041-17010-2,5041-17010-2,wind_proxy_plus_protected_battery,40.0,1,5041-17010-2,1.095551488386187,1.2795012677194428,3371.056510264676,2433.128011521112,2433.1280115211116,0.0,1227.4622612816352,1227.4622612816347,0.0,588.6138986380738,100.0,1198.813783607744,2.0853436592675063,1.481984694562091,1.481984694562091,148.1984694562091,0.0,35.0,35.0,100.0,59.73403480786983,121.2195792084242,1.095551488386187,1.2795012677194428,75.31,274.66,175.78240000000005,1133.1885461398413,1019.869691525857,2153.0582376656985,6.124214476721497,1.652606266234011,10.000000000000002,32.88579027946265,90.00000000000001,0.0,Croaghonagh,1.000000,10.0-90.0%,90.0,80.0,,benchmark,0.99,True,True,False,True,benchmark,True,True,0.886
wind_proxy_DLR_plus_battery_scale_0.8870,WP2033,north-west,5041-17010-2,5041-17010-2,wind_proxy_plus_protected_battery,40.0,1,5041-17010-2,1.095551488386187,1.2795012677194428,3371.056510264676,2432.5006156333347,2432.5006156333347,0.0,1228.089657169412,1228.089657169412,0.0,588.6138986380738,100.0,1199.2320475329252,2.0864095462423617,1.482501756297518,1.482501756297518,148.2501756297518,0.0,35.0,35.0,100.0,59.7357091009045,121.2195792084242,1.095551488386187,1.2795012677194428,75.395,274.97,175.98080000000004,1134.2342059528037,1020.8107853575231,2155.0449913103266,6.122954865844246,1.6523550927039559,10.000000000000002,32.88523503249423,90.00000000000001,0.0,Croaghonagh,1.000000,10.0-90.0%,90.0,80.0,,benchmark,0.99,True,True,False,True,benchmark,True,True,0.887
wind_proxy_DLR_plus_battery_scale_0.8880,WP2033,north-west,5041-17010-2,5041-17010-2,wind_proxy_plus_protected_battery,40.0,1,5041-17010-2,1.095551488386187,1.2795012677194428,3371.056510264676,2431.873219745557,2431.873219745557,0.0,1228.7170530571898,1228.7170530571898,0.0,588.6138986380738,100.0,1199.6503114581137,2.087475433217218,1.483018818032954,1.483018818032954,148.3018818032954,0.0,35.0,35.0,100.0,59.73738339393917,121.2195792084242,1.095551488386187,1.2795012677194428,75.48,275.28000000000003,176.17920000000004,1135.2798657657659,1021.7518791891893,2157.0317449549552,6.1216980919284305,1.6521044848800488,10.0,32.884681036082036,90.0,0.0,Croaghonagh,1.000000,10.0-90.0%,90.0,80.0,,benchmark,0.99,True,True,False,True,benchmark,True,True,0.888
wind_proxy_DLR_plus_battery_scale_0.8890,WP2033,north-west,5041-17010-2,5041-17010-2,wind_proxy_plus_protected_battery,40.0,1,5041-17010-2,1.095551488386187,1.2795012677194428,3371.056510264676,2431.2458238577797,2431.245823857779,0.0,1229.3444489449676,1229.344448944967,0.0,588.6138986380738,100.0,908.8167465926163,2.088541320192074,1.1234876734222354,1.1234876734222354,112.34876734222354,0.0,34.0,34.0,100.0,59.7394674073225,121.2195792084242,1.095551488386187,1.2795012677194428,75.565,275.59000000000003,176.37760000000003,1136.3255255787283,1022.6929730208553,2159.018498599584,6.120444145400503,1.744254304731675,10.0,29.104729170618405,90.0,0.0,Croaghonagh,1.000000,10.0-90.0%,90.0,80.0,,benchmark,0.99,True,True,False,True,benchmark,True,True,0.889
wind_proxy_DLR_plus_battery_scale_0.8900,WP2033,north-west,5041-17010-2,5041-17010-2,wind_proxy_plus_protected_battery,40.0,1,5041-17010-2,1.095551488386187,1.2795012677194428,3371.056510264676,2430.618427970003,2430.618427970003,0.0,1229.971844832744,1229.971844832744,0.0,588.6138986380738,100.0,1074.6876529019573,2.0896072071669285,1.3285388229709285,1.3285388229709285,132.85388229709284,0.0,35.0,35.0,100.0,59.740478207301194,121.2195792084242,1.095551488386187,1.2795012677194428,75.65,275.9,176.57600000000002,1137.3711853916905,1023.6340668525215,2161.005252244212,6.11919301672994,1.7572951266114532,10.000000000000002,31.848081096864306,90.00000000000003,0.0,Croaghonagh,1.000000,10.0-90.0%,90.0,80.0,,benchmark,0.99,True,True,False,True,benchmark,True,True,0.89
wind_proxy_DLR_plus_battery_scale_0.8910,WP2033,north-west,5041-17010-2,5041-17010-2,wind_proxy_plus_protected_battery,40.0,1,5041-17010-2,1.095551488386187,1.2795012677194428,3371.056510264676,2429.9910320822255,2429.9910320822255,0.0,1230.5992407205213,1230.5992407205213,0.0,588.6138986380738,100.0,1075.2300487897373,2.0906730941417844,1.3292093377873868,1.3292093377873868,132.92093377873869,0.0,35.0,35.0,100.0,59.74212421953767,121.2195792084242,1.095551488386187,1.2795012677194428,75.735,276.21,176.7744,1138.4168452046526,1024.5751606841873,2162.99200588884,6.117944696429007,1.7572786875379183,10.000000000000002,31.846310402266617,90.00000000000001,0.0,Croaghonagh,1.000000,10.0-90.0%,90.0,80.0,,benchmark,0.99,True,True,False,True,benchmark,True,True,0.891
wind_proxy_DLR_plus_battery_scale_0.8920,WP2033,north-west,5041-17010-2,5041-17010-2,wind_proxy_plus_protected_battery,40.0,1,5041-17010-2,1.095551488386187,1.2795012677194428,3371.056510264676,2429.363636194448,2429.363636194448,0.0,1231.2266366082986,1231.2266366082986,0.0,588.6138986380738,100.0,1075.77244467751,2.09173898111664,1.329879852603836,1.329879852603836,132.9879852603836,0.0,36.0,36.0,100.0,59.74377023177417,121.2195792084242,1.095551488386187,1.2795012677194428,75.82000000000001,276.52,176.9728,1139.4625050176148,1025.5162545158535,2164.9787595334683,6.116699175052517,1.757262285323293,10.0,31.844543677836185,90.0,0.0,Croaghonagh,1.000000,10.0-90.0%,90.0,80.0,,benchmark,0.99,True,True,False,True,benchmark,True,True,0.892
wind_proxy_DLR_plus_battery_scale_0.8930,WP2033,north-west,5041-17010-2,5041-17010-2,wind_proxy_plus_protected_battery,40.0,1,5041-17010-2,1.095551488386187,1.2795012677194428,3371.056510264676,2428.7362403066704,2428.7362403066704,0.0,1231.8540324960763,1231.8540324960763,0.0,588.6138986380738,100.0,1167.891514878902,2.092804868091496,1.4437582997675893,1.4437582997675893,144.37582997675892,0.0,36.0,36.0,100.0,59.731495240369746,121.2195792084242,1.095551488386187,1.2795012677194428,75.905,276.83,177.1712,1140.5081648305772,1026.4573483475197,2166.965513178097,6.115456443197588,1.5889464398367497,10.0,29.71417023045628,90.0,0.0,Croaghonagh,1.000000,10.0-90.0%,90.0,80.0,,benchmark,0.99,True,True,False,True,benchmark,True,True,0.893
wind_proxy_DLR_plus_battery_scale_0.8940,WP2033,north-west,5041-17010-2,5041-17010-2,wind_proxy_plus_protected_battery,40.0,1,5041-17010-2,1.095551488386187,1.2795012677194428,3371.056510264676,2428.1088444188927,2428.1088444188927,0.0,1232.481428383854,1232.481428383854,0.0,588.6138986380738,100.0,1168.2247788040913,2.0938707550663525,1.444170283716334,1.444170283716334,144.4170283716334,0.0,36.0,36.0,100.0,59.73314504879519,121.2195792084242,1.095551488386187,1.2795012677194428,75.99,277.14,177.3696,1141.5538246435397,1027.3984421791856,2168.9522668227255,6.114216491503408,1.5889301109690184,10.0,29.713672092178793,90.0,0.0,Croaghonagh,1.000000,10.0-90.0%,90.0,80.0,,benchmark,0.99,True,True,False,True,benchmark,True,True,0.894
wind_proxy_DLR_plus_battery_scale_0.8950,WP2033,north-west,5041-17010-2,5041-17010-2,wind_proxy_plus_protected_battery,40.0,1,5041-17010-2,1.095551488386187,1.2795012677194428,3371.056510264676,2427.4814485311153,2427.4814485311153,0.0,1233.1088242716314,1233.1088242716314,0.0,588.6138986380738,100.0,970.7772985416741,2.0949366420412083,1.2000838811992127,1.2000838811992127,120.00838811992128,0.0,35.0,35.0,100.0,59.693333089370725,121.2195792084242,1.095551488386187,1.2795012677194428,76.075,277.45,177.568,1142.5994844565018,1028.3395360108518,2170.9390204673537,6.112979310651,1.5279326243749918,10.0,33.05338896811419,89.99999999999999,0.0,Croaghonagh,1.000000,10.0-90.0%,90.0,80.0,,benchmark,0.99,True,True,False,True,benchmark,True,True,0.895
wind_proxy_DLR_plus_battery_scale_0.8960,WP2033,north-west,5041-17010-2,5041-17010-2,wind_proxy_plus_protected_battery,40.0,1,5041-17010-2,1.095551488386187,1.2795012677194428,3371.056510264676,2426.854052643338,2426.854052643338,0.0,1233.7362201594087,1233.7362201594087,0.0,588.6138986380738,100.0,971.1955624668626,2.0960025290160638,1.200600942934649,1.200600942934649,120.06009429346489,0.0,35.0,35.0,100.0,59.694927013012745,121.2195792084242,1.095551488386187,1.2795012677194428,76.16,277.76,177.7664,1143.6451442694643,1029.280629842518,2172.9257741119823,6.1117448913629975,1.5275840406819363,10.0,33.052206552048226,90.0,0.0,Croaghonagh,1.000000,10.0-90.0%,90.0,80.0,,benchmark,0.99,True,True,False,True,benchmark,True,True,0.896
wind_proxy_DLR_plus_battery_scale_0.8970,WP2033,north-west,5041-17010-2,5041-17010-2,wind_proxy_plus_protected_battery,40.0,1,5041-17010-2,1.095551488386187,1.2795012677194428,3371.056510264676,2426.2266567555603,2426.2266567555603,0.0,1234.3636160471865,1234.3636160471865,0.0,588.6138986380738,100.0,971.6138263920438,2.09706841599092,1.2011180046700758,1.2011180046700758,120.11180046700758,0.0,35.0,35.0,100.0,59.69652093665474,121.2195792084242,1.095551488386187,1.2795012677194428,76.245,278.07,177.96480000000003,1144.690804082427,1030.221723674184,2174.912527756611,6.110513224403395,1.5272362342100474,10.0,33.051026772361446,90.0,0.0,Croaghonagh,1.000000,10.0-90.0%,90.0,80.0,,benchmark,0.99,True,True,False,True,benchmark,True,True,0.897
wind_proxy_DLR_plus_battery_scale_0.8980,WP2033,north-west,5041-17010-2,5041-17010-2,wind_proxy_plus_protected_battery,40.0,1,5041-17010-2,1.095551488386187,1.2795012677194428,3371.056510264676,2425.5992608677834,2425.599260867783,0.0,1234.9910119349638,1234.9910119349634,0.0,588.6138986380738,100.0,972.0320903172324,2.098134302965775,1.2016350664055118,1.2016350664055118,120.16350664055118,0.0,35.0,35.0,100.0,59.698114860296734,121.2195792084242,1.095551488386187,1.2795012677194428,76.33,278.38,178.16320000000002,1145.736463895389,1031.1628175058502,2176.899281401239,6.1092843005773325,1.5268892023628173,10.0,33.049849620246356,90.0,0.0,Croaghonagh,1.000000,10.0-90.0%,90.0,80.0,,benchmark,0.99,True,True,False,True,benchmark,True,True,0.898
wind_proxy_DLR_plus_battery_scale_0.8990,WP2033,north-west,5041-17010-2,5041-17010-2,wind_proxy_plus_protected_battery,40.0,1,5041-17010-2,1.095551488386187,1.2795012677194428,3371.056510264676,2424.9718649800056,2424.9718649800056,0.0,1235.6184078227411,1235.6184078227411,0.0,588.6138986380738,100.0,972.4503542424136,2.0992001899406314,1.2021521281409389,1.2021521281409389,120.21521281409389,0.0,35.0,35.0,100.0,59.69970878393875,121.2195792084242,1.095551488386187,1.2795012677194428,76.415,278.69,178.3616,1146.7821237083515,1032.1039113375164,2178.886035045868,6.108058110730863,1.5265429425552917,10.0,33.04867508693463,90.0,0.0,Croaghonagh,1.000000,10.0-90.0%,90.0,80.0,,benchmark,0.99,True,True,False,True,benchmark,True,True,0.899
wind_proxy_DLR_plus_battery_scale_0.9000,WP2033,north-west,5041-17010-2,5041-17010-2,wind_proxy_plus_protected_battery,40.0,1,5041-17010-2,1.095551488386187,1.2795012677194428,3371.056510264676,2424.3444690922283,2424.344469092228,0.0,1236.2458037105189,1236.2458037105184,0.0,588.6138986380738,100.0,1237.5687115509427,2.1002660769154873,1.5298938951702397,1.5298938951702397,152.98938951702397,0.0,37.0,37.0,100.0,59.64170184083696,121.2195792084242,1.095551488386187,1.2795012677194428,76.5,279.0,178.56000000000003,1147.827783521314,1033.0450051691826,2180.8727886904962,6.106834645750716,1.5429186701060411,10.0,30.556286873541293,90.0,0.0,Croaghonagh,1.000000,10.0-90.0%,90.0,80.0,,benchmark,0.99,True,True,False,True,benchmark,True,True,0.9
wind_proxy_DLR_plus_battery_scale_0.9010,WP2033,north-west,5041-17010-2,5041-17010-2,wind_proxy_plus_protected_battery,40.0,1,5041-17010-2,1.095551488386187,1.2795012677194428,3371.056510264676,2423.7170732044506,2423.7170732044506,0.0,1236.8731995982962,1236.8731995982962,0.0,588.6138986380738,100.0,1237.986975476124,2.1013319638903436,1.5304109569056665,1.5304109569056665,153.04109569056666,0.0,37.0,37.0,100.0,59.64336934524299,121.2195792084242,1.095551488386187,1.2795012677194428,76.58500000000001,279.31,178.75840000000002,1148.873443334276,1033.9860990008485,2182.8595423351244,6.105613896564089,1.5429025941152628,10.0,30.553787243071753,90.0,0.0,Croaghonagh,1.000000,10.0-90.0%,90.0,80.0,,benchmark,0.99,True,True,False,True,benchmark,True,True,0.901
wind_proxy_DLR_plus_battery_scale_0.9020,WP2033,north-west,5041-17010-2,5041-17010-2,wind_proxy_plus_protected_battery,40.0,1,5041-17010-2,1.095551488386187,1.2795012677194428,3371.056510264676,2423.0896773166733,2423.0896773166733,0.0,1237.5005954860735,1237.5005954860735,0.0,588.6138986380738,100.0,1238.4052394013124,2.102397850865199,1.5309280186411027,1.5309280186411027,153.09280186411027,0.0,37.0,37.0,100.0,59.64503684964902,121.2195792084242,1.095551488386187,1.2795012677194428,76.67,279.62,178.95680000000004,1149.9191031472385,1034.9271928325147,2184.8462959797534,6.104395854138409,1.5428865537696963,10.000000000000002,30.5512931550201,90.0,0.0,Croaghonagh,1.000000,10.0-90.0%,90.0,80.0,,benchmark,0.99,True,True,False,True,benchmark,True,True,0.902
wind_proxy_DLR_plus_battery_scale_0.9030,WP2033,north-west,5041-17010-2,5041-17010-2,wind_proxy_plus_protected_battery,40.0,1,5041-17010-2,1.095551488386187,1.2795012677194428,3371.056510264676,2422.462281428896,2422.462281428896,0.0,1238.1279913738508,1238.1279913738508,0.0,588.6138986380738,100.0,1238.8235033264937,2.103463737840055,1.5314450803765296,1.5314450803765296,153.14450803765297,0.0,37.0,37.0,100.0,59.64670435405503,121.2195792084242,1.095551488386187,1.2795012677194428,76.755,279.93,179.15520000000004,1150.964762960201,1035.8682866641807,2186.8330496243816,6.1031805094811125,1.5428705489509205,10.000000000000002,30.548804590973003,90.00000000000001,0.0,Croaghonagh,1.000000,10.0-90.0%,90.0,80.0,,benchmark,0.99,True,True,False,True,benchmark,True,True,0.903
wind_proxy_DLR_plus_battery_scale_0.9040,WP2033,north-west,5041-17010-2,5041-17010-2,wind_proxy_plus_protected_battery,40.0,1,5041-17010-2,1.095551488386187,1.2795012677194428,3371.056510264676,2421.8348855411186,2421.8348855411186,0.0,1238.7553872616281,1238.7553872616281,0.0,588.6138986380738,100.0,1239.2417672516822,2.1045296248149103,1.5319621421119656,1.5319621421119656,153.19621421119655,0.0,37.0,37.0,100.0,59.64837185846106,121.2195792084242,1.095551488386187,1.2795012677194428,76.84,280.24,179.35360000000003,1152.0104227731633,1036.8093804958469,2188.81980326901,6.10196785363943,1.542854579541035,10.000000000000002,30.546321532598558,90.0,0.0,Croaghonagh,1.000000,10.0-90.0%,90.0,80.0,,benchmark,0.99,True,True,False,True,benchmark,True,True,0.904
wind_proxy_DLR_plus_battery_scale_0.9050,WP2033,north-west,5041-17010-2,5041-17010-2,wind_proxy_plus_protected_battery,40.0,1,5041-17010-2,1.095551488386187,1.2795012677194428,3371.056510264676,2421.2074896533413,2421.2074896533413,0.0,1239.3827831494054,1239.3827831494054,0.0,588.6138986380738,100.0,1239.6600311768707,2.1055955117897662,1.5324792038474018,1.5324792038474018,153.24792038474018,0.0,37.0,37.0,100.0,59.65003936286709,121.2195792084242,1.095551488386187,1.2795012677194428,76.925,280.55,179.55200000000002,1153.0560825861255,1037.750474327513,2190.806556913639,6.100757877700161,1.5428386454226637,10.0,30.54384396164594,90.0,0.0,Croaghonagh,1.000000,10.0-90.0%,90.0,80.0,,benchmark,0.99,True,True,False,True,benchmark,True,True,0.905
wind_proxy_DLR_plus_battery_scale_0.9060,WP2033,north-west,5041-17010-2,5041-17010-2,wind_proxy_plus_protected_battery,40.0,1,5041-17010-2,1.095551488386187,1.2795012677194428,3371.056510264676,2420.580093765564,2420.5800937655636,0.0,1240.0101790371832,1240.0101790371828,0.0,588.6138986380738,100.0,1240.078295102052,2.1066613987646217,1.5329962655828286,1.5329962655828286,153.29962655828285,0.0,37.0,37.0,100.0,59.65170686727313,121.2195792084242,1.095551488386187,1.2795012677194428,77.01,280.86,179.7504,1154.101742399088,1038.691568159179,2192.793310558267,6.099550572789454,1.5428227464789463,10.0,30.541371859944878,89.99999999999999,0.0,Croaghonagh,1.000000,10.0-90.0%,90.0,80.0,,benchmark,0.99,True,True,False,True,benchmark,True,True,0.906
wind_proxy_DLR_plus_battery_scale_0.9070,WP2033,north-west,5041-17010-2,5041-17010-2,wind_proxy_plus_protected_battery,40.0,1,5041-17010-2,1.095551488386187,1.2795012677194428,3371.056510264676,2419.9526978777862,2419.9526978777862,0.0,1240.6375749249605,1240.6375749249605,0.0,588.6138986380738,100.0,1240.4965590272404,2.107727285739478,1.5335133273182648,1.5335133273182648,153.3513327318265,0.0,37.0,37.0,100.0,59.65337437167915,121.2195792084242,1.095551488386187,1.2795012677194428,77.095,281.17,179.94880000000003,1155.1474022120503,1039.6326619908452,2194.7800642028956,6.098345930072596,1.5428068825935393,10.0,30.538905209405225,90.0,0.0,Croaghonagh,1.000000,10.0-90.0%,90.0,80.0,,benchmark,0.99,True,True,False,True,benchmark,True,True,0.907
wind_proxy_DLR_plus_battery_scale_0.9080,WP2033,north-west,5041-17010-2,5041-17010-2,wind_proxy_plus_protected_battery,40.0,1,5041-17010-2,1.095551488386187,1.2795012677194428,3371.056510264676,2419.325301990009,2419.325301990009,0.0,1241.2649708127378,1241.2649708127378,0.0,588.6138986380738,100.0,1240.9148229524217,2.108793172714334,1.5340303890536917,1.5340303890536917,153.40303890536916,0.0,37.0,37.0,100.0,59.65504187608517,121.2195792084242,1.095551488386187,1.2795012677194428,77.18,281.48,180.14720000000003,1156.1930620250128,1040.5737558225114,2196.766817847524,6.097143940753794,1.542791053650611,10.0,30.53644399201655,90.00000000000003,0.0,Croaghonagh,1.000000,10.0-90.0%,90.0,80.0,,benchmark,0.99,True,True,False,True,benchmark,True,True,0.908
wind_proxy_DLR_plus_battery_scale_0.9090,WP2033,north-west,5041-17010-2,5041-17010-2,wind_proxy_plus_protected_battery,40.0,1,5041-17010-2,1.095551488386187,1.2795012677194428,3371.056510264676,2418.697906102232,2418.6979061022316,0.0,1241.8923667005151,1241.8923667005147,0.0,588.6138986380738,100.0,1241.3330868776102,2.1098590596891884,1.5345474507891277,1.5345474507891277,153.45474507891277,0.0,37.0,37.0,100.0,59.6567093804912,121.2195792084242,1.095551488386187,1.2795012677194428,77.265,281.79,180.34560000000002,1157.238721837975,1041.5148496541774,2198.7535714921523,6.095944596075957,1.5427752595348398,10.0,30.533988189847644,90.0,0.0,Croaghonagh,1.000000,10.0-90.0%,90.0,80.0,,benchmark,0.99,True,True,False,True,benchmark,True,True,0.909
wind_proxy_DLR_plus_battery_scale_0.9100,WP2033,north-west,5041-17010-2,5041-17010-2,wind_proxy_plus_protected_battery,40.0,1,5041-17010-2,1.095551488386187,1.2795012677194428,3371.056510264676,2418.070510214454,2418.070510214454,0.0,1242.519762588293,1242.519762588293,0.0,588.6138986380738,100.0,1241.7513508027914,2.1109249466640456,1.5350645125245548,1.5350645125245548,153.5064512524555,0.0,37.0,37.0,100.0,59.65837688489722,121.2195792084242,1.095551488386187,1.2795012677194428,77.35000000000001,282.1,180.54400000000004,1158.2843816509371,1042.4559434858436,2200.7403251367805,6.094747887320487,1.5427595001314114,10.0,30.531537785046144,90.00000000000001,0.0,Croaghonagh,1.000000,10.0-90.0%,90.0,80.0,,benchmark,0.99,True,True,False,True,benchmark,True,True,0.91
wind_proxy_DLR_plus_battery_scale_0.9110,WP2033,north-west,5041-17010-2,5041-17010-2,wind_proxy_plus_protected_battery,40.0,1,5041-17010-2,1.095551488386187,1.2795012677194428,3371.056510264676,2417.4431143266766,2417.4431143266766,0.0,1243.1471584760702,1243.1471584760702,0.0,588.6138986380738,100.0,1242.1696147279727,2.1119908336389015,1.5355815742599819,1.5355815742599819,153.5581574259982,0.0,37.0,37.0,100.0,59.66004438930326,121.2195792084242,1.095551488386187,1.2795012677194428,77.435,282.41,180.74240000000003,1159.3300414638998,1043.3970373175098,2202.7270787814095,6.093553805807074,1.542743775326014,10.0,30.52909275983806,90.00000000000001,0.0,Croaghonagh,1.000000,10.0-90.0%,90.0,80.0,,benchmark,0.99,True,True,False,True,benchmark,True,True,0.911
wind_proxy_DLR_plus_battery_scale_0.9120,WP2033,north-west,5041-17010-2,5041-17010-2,wind_proxy_plus_protected_battery,40.0,1,5041-17010-2,1.095551488386187,1.2795012677194428,3371.056510264676,2416.8157184388992,2416.8157184388992,0.0,1243.7745543638475,1243.7745543638475,0.0,588.6138986380738,100.0,1242.5878786531612,2.113056720613757,1.5360986359954178,1.5360986359954178,153.6098635995418,0.0,37.0,37.0,100.0,59.66171189370928,121.2195792084242,1.095551488386187,1.2795012677194428,77.52,282.72,180.94080000000005,1160.375701276862,1044.3381311491758,2204.7138324260377,6.092362342893469,1.5427280850048393,10.0,30.526142874497417,90.00000000000001,0.0,Croaghonagh,1.000000,10.0-90.0%,90.0,80.0,,benchmark,0.99,True,True,False,True,benchmark,True,True,0.912
wind_proxy_DLR_plus_battery_scale_0.9130,WP2033,north-west,5041-17010-2,5041-17010-2,wind_proxy_plus_protected_battery,40.0,1,5041-17010-2,1.095551488386187,1.2795012677194428,3371.056510264676,2416.188322551122,2416.188322551122,0.0,1244.4019502516248,1244.4019502516248,0.0,588.6138986380738,100.0,1243.0061425783424,2.1141226075886124,1.536615697730845,1.536615697730845,153.6615697730845,0.0,37.0,37.0,100.0,59.6633793981153,121.2195792084242,1.095551488386187,1.2795012677194428,77.605,283.03000000000003,181.13920000000005,1161.4213610898246,1045.2792249808417,2206.7005860706663,6.0911734899752945,1.5427124290545764,10.0,30.52214441394694,90.00000000000001,0.0,Croaghonagh,1.000000,10.0-90.0%,90.0,80.0,,benchmark,0.99,True,True,False,True,benchmark,True,True,0.913
wind_proxy_DLR_plus_battery_scale_0.9140,WP2033,north-west,5041-17010-2,5041-17010-2,wind_proxy_plus_protected_battery,40.0,1,5041-17010-2,1.095551488386187,1.2795012677194428,3371.056510264676,2415.560926663344,2415.5609266633446,0.0,1245.0293461394022,1245.0293461394026,0.0,588.6138986380738,100.0,1243.424406503531,2.115188494563469,1.537132759466281,1.537132759466281,153.7132759466281,0.0,37.0,37.0,100.0,59.66504690252133,121.2195792084242,1.095551488386187,1.2795012677194428,77.69,283.34000000000003,181.33760000000004,1162.4670209027868,1046.2203188125081,2208.687339715295,6.089987238485826,1.5426968073624108,10.0,30.518154702763095,90.00000000000003,0.0,Croaghonagh,1.000000,10.0-90.0%,90.0,80.0,,benchmark,0.99,True,True,False,True,benchmark,True,True,0.914
wind_proxy_DLR_plus_battery_scale_0.9150,WP2033,north-west,5041-17010-2,5041-17010-2,wind_proxy_plus_protected_battery,40.0,1,5041-17010-2,1.095551488386187,1.2795012677194428,3371.056510264676,2414.9335307755664,2414.933530775567,0.0,1245.65674202718,1245.6567420271804,0.0,588.6138986380738,100.0,1243.8426704287122,2.1162543815383255,1.5376498212017078,1.5376498212017078,153.76498212017077,0.0,37.0,37.0,100.0,59.666714406927355,121.2195792084242,1.095551488386187,1.2795012677194428,77.775,283.65000000000003,181.53600000000006,1163.5126807157494,1047.1614126441743,2210.674093359924,6.088803579895787,1.5426812198160198,10.000000000000002,30.514173712259435,90.00000000000003,0.0,Croaghonagh,1.000000,10.0-90.0%,90.0,80.0,,benchmark,0.99,True,True,False,True,benchmark,True,True,0.915
wind_proxy_DLR_plus_battery_scale_0.9160,WP2033,north-west,5041-17010-2,5041-17010-2,wind_proxy_plus_protected_battery,40.0,1,5041-17010-2,1.095551488386187,1.2795012677194428,3371.056510264676,2414.3061348877895,2414.3061348877895,0.0,1246.2841379149572,1246.2841379149572,0.0,588.6138986380738,100.0,1264.6987440813027,2.11732026851318,1.563432292478258,1.563432292478258,156.3432292478258,0.0,37.0,37.0,100.0,59.77692183198965,121.2195792084242,1.095551488386187,1.2795012677194428,77.86,283.96000000000004,181.73440000000005,1164.5583405287114,1048.1025064758403,2212.6608470045517,6.087622505713148,1.6912238500149361,10.000000000000002,28.979776185815982,90.00000000000001,0.0,Croaghonagh,1.000000,10.0-90.0%,90.0,80.0,,benchmark,0.99,True,True,False,True,benchmark,True,True,0.916
wind_proxy_DLR_plus_battery_scale_0.9170,WP2033,north-west,5041-17010-2,5041-17010-2,wind_proxy_plus_protected_battery,40.0,1,5041-17010-2,1.095551488386187,1.2795012677194428,3371.056510264676,2413.6787390000122,2413.6787390000122,0.0,1246.9115338027345,1246.9115338027345,0.0,588.6138986380738,100.0,1264.9928760438925,2.118386155488036,1.5637959011326628,1.5637959011326628,156.3795901132663,0.0,37.0,37.0,100.0,59.778581427515086,121.2195792084242,1.095551488386187,1.2795012677194428,77.94500000000001,284.27000000000004,181.93280000000004,1165.6040003416738,1049.0436003075065,2214.6476006491803,6.086444007482927,1.6909888508052637,10.0,28.97973963778824,90.0,0.0,Croaghonagh,1.000000,10.0-90.0%,90.0,80.0,,benchmark,0.99,True,True,False,True,benchmark,True,True,0.917
wind_proxy_DLR_plus_battery_scale_0.9180,WP2033,north-west,5041-17010-2,5041-17010-2,wind_proxy_plus_protected_battery,40.0,1,5041-17010-2,1.095551488386187,1.2795012677194428,3371.056510264676,2413.051343112235,2413.051343112235,0.0,1247.5389296905118,1247.5389296905118,0.0,588.6138986380738,100.0,1265.2870080064858,2.1194520424628913,1.564159509787072,1.564159509787072,156.4159509787072,0.0,37.0,37.0,100.0,59.780241023040524,121.2195792084242,1.095551488386187,1.2795012677194428,78.03,284.58,182.1312,1166.649660154636,1049.9846941391725,2216.6343542938084,6.085268076786977,1.6907543635764404,10.0,28.979703169385825,90.00000000000001,0.0,Croaghonagh,1.000000,10.0-90.0%,90.0,80.0,,benchmark,0.99,True,True,False,True,benchmark,True,True,0.918
wind_proxy_DLR_plus_battery_scale_0.9190,WP2033,north-west,5041-17010-2,5041-17010-2,wind_proxy_plus_protected_battery,40.0,1,5041-17010-2,1.095551488386187,1.2795012677194428,3371.056510264676,2412.4239472244576,2412.4239472244576,0.0,1248.1663255782892,1248.1663255782892,0.0,588.6138986380738,100.0,1265.5811399690792,2.120517929437747,1.5645231184414812,1.5645231184414812,156.4523118441481,0.0,37.0,37.0,100.0,59.78190061856598,121.2195792084242,1.095551488386187,1.2795012677194428,78.11500000000001,284.89,182.32960000000003,1167.6953199675984,1050.9257879708384,2218.6211079384366,6.08409470524379,1.6905203866571459,10.0,28.979666780348822,90.0,0.0,Croaghonagh,1.000000,10.0-90.0%,90.0,80.0,,benchmark,0.99,True,True,False,True,benchmark,True,True,0.919
wind_proxy_DLR_plus_battery_scale_0.9200,WP2033,north-west,5041-17010-2,5041-17010-2,wind_proxy_plus_protected_battery,40.0,1,5041-17010-2,1.095551488386187,1.2795012677194428,3371.056510264676,2411.79655133668,2411.79655133668,0.0,1248.793721466067,1248.793721466067,0.0,588.6138986380738,100.0,1265.8752719316726,2.1215838164126035,1.5648867270958906,1.5648867270958906,156.48867270958905,0.0,37.0,37.0,100.0,59.78356021409142,121.2195792084242,1.095551488386187,1.2795012677194428,78.2,285.2,182.52800000000002,1168.7409797805608,1051.8668818025046,2220.6078615830656,6.082923884508309,1.6902869183833287,10.0,28.97963047041842,90.00000000000001,0.0,Croaghonagh,1.000000,10.0-90.0%,90.0,80.0,,benchmark,0.99,True,True,False,True,benchmark,True,True,0.92
wind_proxy_DLR_plus_battery_scale_0.9210,WP2033,north-west,5041-17010-2,5041-17010-2,wind_proxy_plus_protected_battery,40.0,1,5041-17010-2,1.095551488386187,1.2795012677194428,3371.056510264676,2411.169155448903,2411.1691554489025,0.0,1249.4211173538442,1249.4211173538438,0.0,588.6138986380738,100.0,1266.1694038942624,2.1226497033874585,1.5652503357502954,1.5652503357502954,156.52503357502954,0.0,37.0,37.0,100.0,59.78521980961686,121.2195792084242,1.095551488386187,1.2795012677194428,78.285,285.51,182.7264,1169.786639593523,1052.8079756341708,2222.594615227694,6.081755606271709,1.6900539570981628,10.0,28.979594239336933,90.0,0.0,Croaghonagh,1.000000,10.0-90.0%,90.0,80.0,,benchmark,0.99,True,True,False,True,benchmark,True,True,0.921
wind_proxy_DLR_plus_battery_scale_0.9220,WP2033,north-west,5041-17010-2,5041-17010-2,wind_proxy_plus_protected_battery,40.0,1,5041-17010-2,1.095551488386187,1.2795012677194428,3371.056510264676,2410.541759561125,2410.541759561125,0.0,1250.0485132416215,1250.0485132416215,0.0,588.6138986380738,100.0,1266.4635358568557,2.123715590362315,1.5656139444047046,1.5656139444047046,156.56139444047045,0.0,37.0,37.0,100.0,59.78687940514232,121.2195792084242,1.095551488386187,1.2795012677194428,78.37,285.82,182.9248,1170.8322994064854,1053.7490694658368,2224.581368872322,6.080589862261219,1.68982150115201,10.0,28.979558086847824,90.0,0.0,Croaghonagh,1.000000,10.0-90.0%,90.0,80.0,,benchmark,0.99,True,True,False,True,benchmark,True,True,0.922
wind_proxy_DLR_plus_battery_scale_0.9230,WP2033,north-west,5041-17010-2,5041-17010-2,wind_proxy_plus_protected_battery,40.0,1,5041-17010-2,1.095551488386187,1.2795012677194428,3371.056510264676,2409.914363673348,2409.914363673348,0.0,1250.6759091293989,1250.6759091293989,0.0,588.6138986380738,100.0,1266.7576678194491,2.1247814773371703,1.5659775530591138,1.5659775530591138,156.5977553059114,0.0,37.0,37.0,100.0,59.78853900066776,121.2195792084242,1.095551488386187,1.2795012677194428,78.455,286.13,183.1232,1171.8779592194478,1054.6901632975027,2226.5681225169506,6.079426644239918,1.6895895489023818,10.0,28.97952201269564,90.0,0.0,Croaghonagh,1.000000,10.0-90.0%,90.0,80.0,,benchmark,0.99,True,True,False,True,benchmark,True,True,0.923
wind_proxy_DLR_plus_battery_scale_0.9240,WP2033,north-west,5041-17010-2,5041-17010-2,wind_proxy_plus_protected_battery,40.0,1,5041-17010-2,1.095551488386187,1.2795012677194428,3371.056510264676,2409.2869677855706,2409.28696778557,0.0,1251.3033050171766,1251.3033050171762,0.0,588.6138986380738,100.0,1267.0517997820425,2.125847364312026,1.5663411617135232,1.5663411617135232,156.63411617135233,0.0,37.0,37.0,100.0,59.790198596193214,121.2195792084242,1.095551488386187,1.2795012677194428,78.54,286.44,183.32160000000002,1172.92361903241,1055.6312571291692,2228.554876161579,6.0782659440065405,1.6893580987139,10.0,28.97948601662603,90.0,0.0,Croaghonagh,1.000000,10.0-90.0%,90.0,80.0,,benchmark,0.99,True,True,False,True,benchmark,True,True,0.924
wind_proxy_DLR_plus_battery_scale_0.9250,WP2033,north-west,5041-17010-2,5041-17010-2,wind_proxy_plus_protected_battery,40.0,1,5041-17010-2,1.095551488386187,1.2795012677194428,3371.056510264676,2408.659571897793,2408.659571897793,0.0,1251.930700904954,1251.930700904954,0.0,588.6138986380738,100.0,1267.3459317446323,2.1269132512868825,1.566704770367928,1.566704770367928,156.6704770367928,0.0,37.0,37.0,100.0,59.79185819171866,121.2195792084242,1.095551488386187,1.2795012677194428,78.625,286.75,183.52,1173.9692788453726,1056.5723509608351,2230.5416298062078,6.077107753395291,1.6891271489582584,10.0,28.97945009838576,90.00000000000001,0.0,Croaghonagh,1.000000,10.0-90.0%,90.0,80.0,,benchmark,0.99,True,True,False,True,benchmark,True,True,0.925
wind_proxy_DLR_plus_battery_scale_0.9260,WP2033,north-west,5041-17010-2,5041-17010-2,wind_proxy_plus_protected_battery,40.0,1,5041-17010-2,1.095551488386187,1.2795012677194428,3371.056510264676,2408.032176010016,2408.0321760100155,0.0,1252.5580967927312,1252.5580967927308,0.0,588.6138986380738,100.0,1267.6400637072256,2.127979138261737,1.5670683790223372,1.5670683790223372,156.70683790223373,0.0,37.0,37.0,100.0,59.7935177872441,121.2195792084242,1.095551488386187,1.2795012677194428,78.71000000000001,287.06,183.71840000000003,1175.0149386583348,1057.5134447925013,2232.5283834508364,6.075952064275642,1.6888966980141837,10.0,28.979414257722684,90.0,0.0,Croaghonagh,1.000000,10.0-90.0%,90.0,80.0,,benchmark,0.99,True,True,False,True,benchmark,True,True,0.926
wind_proxy_DLR_plus_battery_scale_0.9270,WP2033,north-west,5041-17010-2,5041-17010-2,wind_proxy_plus_protected_battery,40.0,1,5041-17010-2,1.095551488386187,1.2795012677194428,3371.056510264676,2407.4047801222387,2407.404780122238,0.0,1253.1854926805086,1253.185492680508,0.0,588.6138986380738,100.0,1312.1349474887465,2.129045025236593,1.6220733661622824,1.6220733661622824,162.20733661622825,0.0,37.0,37.0,100.0,59.79786242498592,121.2195792084242,1.095551488386187,1.2795012677194428,78.795,287.37,183.91680000000002,1176.060598471297,1058.4545386241673,2234.5151370954645,6.074798868552151,1.5424967924062938,10.0,31.561502600369344,90.0,0.0,Croaghonagh,1.000000,10.0-90.0%,90.0,80.0,,benchmark,0.99,True,True,False,True,benchmark,True,True,0.927
wind_proxy_DLR_plus_battery_scale_0.9280,WP2033,north-west,5041-17010-2,5041-17010-2,wind_proxy_plus_protected_battery,40.0,1,5041-17010-2,1.095551488386187,1.2795012677194428,3371.056510264676,2406.7773842344604,2406.777384234461,0.0,1253.8128885682859,1253.8128885682863,0.0,588.6138986380738,100.0,1266.9780843168555,2.13011091221145,1.5662500339732073,1.5662500339732073,156.62500339732074,0.0,36.0,36.0,100.0,59.794853866617146,121.2195792084242,1.095551488386187,1.2795012677194428,78.88000000000001,287.68,184.11520000000002,1177.1062582842596,1059.3956324558335,2236.501890740093,6.073648158164271,1.756695348430705,10.0,29.275977722429584,90.0,0.0,Croaghonagh,1.000000,10.0-90.0%,90.0,80.0,,benchmark,0.99,True,True,False,True,benchmark,True,True,0.928
wind_proxy_DLR_plus_battery_scale_0.9290,WP2033,north-west,5041-17010-2,5041-17010-2,wind_proxy_plus_protected_battery,40.0,1,5041-17010-2,1.095551488386187,1.2795012677194428,3371.056510264676,2406.149988346684,2406.1499883466836,0.0,1254.4402844560632,1254.4402844560627,0.0,588.6138986380738,100.0,1320.835095708353,2.131176799186304,1.632828569913007,1.632828569913007,163.2828569913007,0.0,35.0,35.0,100.0,59.70997377093178,121.2195792084242,1.095551488386187,1.2795012677194428,78.965,287.99,184.31360000000004,1178.1519180972218,1060.3367262874997,2238.4886443847217,6.072499925086161,1.5424665177238577,10.0,32.39747236289496,90.0,0.0,Croaghonagh,1.000000,10.0-90.0%,90.0,80.0,,benchmark,0.99,True,True,False,True,benchmark,True,True,0.929
wind_proxy_DLR_plus_battery_scale_0.9300,WP2033,north-west,5041-17010-2,5041-17010-2,wind_proxy_plus_protected_battery,40.0,1,5041-17010-2,1.095551488386187,1.2795012677194428,3371.056510264676,2405.5225924589063,2405.522592458906,0.0,1255.067680343841,1255.0676803438405,0.0,588.6138986380738,100.0,1321.2533596335343,2.1322426861611605,1.633345631648434,1.633345631648434,163.33456316484342,0.0,35.0,35.0,100.0,59.7116517014706,121.2195792084242,1.095551488386187,1.2795012677194428,79.05,288.3,184.51200000000003,1179.1975779101842,1061.2778201191659,2240.47539802935,6.071354161326497,1.542451429212773,10.0,32.39680714119049,90.0,0.0,Croaghonagh,1.000000,10.0-90.0%,90.0,80.0,,benchmark,0.99,True,True,False,True,benchmark,True,True,0.93
wind_proxy_DLR_plus_battery_scale_0.9310,WP2033,north-west,5041-17010-2,5041-17010-2,wind_proxy_plus_protected_battery,40.0,1,5041-17010-2,1.095551488386187,1.2795012677194428,3371.056510264676,2404.895196571129,2404.895196571129,0.0,1255.6950762316178,1255.6950762316178,0.0,588.6138986380738,100.0,1321.6716235587228,2.133308573136016,1.63386269338387,1.63386269338387,163.386269338387,0.0,35.0,35.0,100.0,59.71332963200942,121.2195792084242,1.095551488386187,1.2795012677194428,79.135,288.61,184.71040000000005,1180.2432377231466,1062.2189139508318,2242.4621516739785,6.070210858928295,1.5424363731152453,10.0,32.39614334853373,90.0,0.0,Croaghonagh,1.000000,10.0-90.0%,90.0,80.0,,benchmark,0.99,True,True,False,True,benchmark,True,True,0.931
wind_proxy_DLR_plus_battery_scale_0.9320,WP2033,north-west,5041-17010-2,5041-17010-2,wind_proxy_plus_protected_battery,40.0,1,5041-17010-2,1.095551488386187,1.2795012677194428,3371.056510264676,2404.267800683351,2404.267800683351,0.0,1256.3224721193956,1256.3224721193956,0.0,588.6138986380738,100.0,1322.089887483904,2.1343744601108723,1.6343797551192971,1.6343797551192971,163.43797551192972,0.0,35.0,35.0,100.0,59.71500756254825,121.2195792084242,1.095551488386187,1.2795012677194428,79.22,288.92,184.90880000000004,1181.288897536109,1063.1600077824983,2244.448905318607,6.069070009968716,1.5424213493269403,10.0,32.39548098032472,90.00000000000001,0.0,Croaghonagh,1.000000,10.0-90.0%,90.0,80.0,,benchmark,0.99,True,True,False,True,benchmark,True,True,0.932
wind_proxy_DLR_plus_battery_scale_0.9330,WP2033,north-west,5041-17010-2,5041-17010-2,wind_proxy_plus_protected_battery,40.0,1,5041-17010-2,1.095551488386187,1.2795012677194428,3371.056510264676,2403.640404795574,2403.640404795574,0.0,1256.9498680071729,1256.9498680071729,0.0,588.6138986380738,100.0,1322.5081514090925,2.135440347085728,1.634896816854733,1.634896816854733,163.4896816854733,0.0,35.0,35.0,100.0,59.71668549308706,121.2195792084242,1.095551488386187,1.2795012677194428,79.305,289.23,185.10720000000003,1182.3345573490712,1064.1011016141642,2246.4356589632353,6.067931606558888,1.5424063577439686,10.0,32.39482003198325,90.0,0.0,Croaghonagh,1.000000,10.0-90.0%,90.0,80.0,,benchmark,0.99,True,True,False,True,benchmark,True,True,0.933
wind_proxy_DLR_plus_battery_scale_0.9340,WP2033,north-west,5041-17010-2,5041-17010-2,wind_proxy_plus_protected_battery,40.0,1,5041-17010-2,1.095551488386187,1.2795012677194428,3371.056510264676,2403.013008907797,2403.0130089077966,0.0,1257.5772638949502,1257.5772638949497,0.0,588.6138986380738,100.0,1088.033681754594,2.136506234060583,1.3450373073587785,1.3450373073587785,134.50373073587784,0.0,36.0,36.0,100.0,59.83378662636664,121.2195792084242,1.095551488386187,1.2795012677194428,79.39,289.54,185.30560000000003,1183.3802171620337,1065.0421954458302,2248.422412607864,6.066795640843729,1.6303394485711329,10.0,30.985406287237826,90.0,0.0,Croaghonagh,1.000000,10.0-90.0%,90.0,80.0,,benchmark,0.99,True,True,False,True,benchmark,True,True,0.934
wind_proxy_DLR_plus_battery_scale_0.9350,WP2033,north-west,5041-17010-2,5041-17010-2,wind_proxy_plus_protected_battery,40.0,1,5041-17010-2,1.095551488386187,1.2795012677194428,3371.056510264676,2402.3856130200193,2402.3856130200193,0.0,1258.2046597827275,1258.2046597827275,0.0,588.6138986380738,100.0,1088.4910776423712,2.1375721210354395,1.345602744388541,1.345602744388541,134.5602744388541,0.0,36.0,36.0,100.0,59.8354766070273,121.2195792084242,1.095551488386187,1.2795012677194428,79.47500000000001,289.85,185.50400000000002,1184.425876974996,1065.9832892774962,2250.4091662524925,6.065662105001758,1.630230459003051,10.0,30.985834430676384,89.99999999999999,0.0,Croaghonagh,1.000000,10.0-90.0%,90.0,80.0,,benchmark,0.99,True,True,False,True,benchmark,True,True,0.935
wind_proxy_DLR_plus_battery_scale_0.9360,WP2033,north-west,5041-17010-2,5041-17010-2,wind_proxy_plus_protected_battery,40.0,1,5041-17010-2,1.095551488386187,1.2795012677194428,3371.056510264676,2401.758217132242,2401.7582171322415,0.0,1258.8320556705053,1258.8320556705048,0.0,588.6138986380738,100.0,1088.9484735301485,2.138638008010295,1.3461681814183033,1.3461681814183033,134.61681814183032,0.0,36.0,36.0,100.0,59.837166587687975,121.2195792084242,1.095551488386187,1.2795012677194428,79.56,290.16,185.70240000000004,1185.4715367879585,1066.9243831091626,2252.395919897121,6.064530991244919,1.6301217023186616,10.0,30.98626165927854,90.0,0.0,Croaghonagh,1.000000,10.0-90.0%,90.0,80.0,,benchmark,0.99,True,True,False,True,benchmark,True,True,0.936
wind_proxy_DLR_plus_battery_scale_0.9370,WP2033,north-west,5041-17010-2,5041-17010-2,wind_proxy_plus_protected_battery,40.0,1,5041-17010-2,1.095551488386187,1.2795012677194428,3371.056510264676,2401.130821244464,2401.1308212444637,0.0,1259.459451558283,1259.4594515582826,0.0,588.6138986380738,100.0,1089.4058694179257,2.1397038949851512,1.3467336184480658,1.3467336184480658,134.67336184480658,0.0,36.0,36.0,100.0,59.83885656834863,121.2195792084242,1.095551488386187,1.2795012677194428,79.64500000000001,290.47,185.90080000000003,1186.5171966009211,1067.8654769408288,2254.3826735417497,6.063402291818403,1.63001317777234,10.0,30.98668797597333,90.00000000000003,0.0,Croaghonagh,1.000000,10.0-90.0%,90.0,80.0,,benchmark,0.99,True,True,False,True,benchmark,True,True,0.937
wind_proxy_DLR_plus_battery_scale_0.9380,WP2033,north-west,5041-17010-2,5041-17010-2,wind_proxy_plus_protected_battery,40.0,1,5041-17010-2,1.095551488386187,1.2795012677194428,3371.056510264676,2400.5034253566864,2400.5034253566864,0.0,1260.0868474460603,1260.0868474460603,0.0,588.6138986380738,100.0,1276.1833272612348,2.1407697819600076,1.5776296404974508,1.5776296404974508,157.76296404974508,0.0,39.0,39.0,100.0,59.82243728074978,121.2195792084242,1.095551488386187,1.2795012677194428,79.72999999999999,290.78,186.0992,1187.5628564138829,1068.8065707724945,2256.3694271863774,6.062275999000472,1.8024598186518848,10.0,31.69001137099323,90.0,0.0,Croaghonagh,1.000000,10.0-90.0%,90.0,80.0,,benchmark,0.99,True,True,False,True,benchmark,True,True,0.938
wind_proxy_DLR_plus_battery_scale_0.9390,WP2033,north-west,5041-17010-2,5041-17010-2,wind_proxy_plus_protected_battery,40.0,1,5041-17010-2,1.095551488386187,1.2795012677194428,3371.056510264676,2399.8760294689096,2399.8760294689096,0.0,1260.7142433338372,1260.7142433338372,0.0,588.6138986380738,100.0,1276.4774592238246,2.1418356689348625,1.5779932491518556,1.5779932491518556,157.79932491518557,0.0,39.0,39.0,100.0,59.82411806783631,121.2195792084242,1.095551488386187,1.2795012677194428,79.815,291.09,186.2976,1188.608516226845,1069.7476646041605,2258.3561808310055,6.061152105102281,1.8024450181440153,10.0,31.685918015698576,89.99999999999999,0.0,Croaghonagh,1.000000,10.0-90.0%,90.0,80.0,,benchmark,0.99,True,True,False,True,benchmark,True,True,0.939
wind_proxy_DLR_plus_battery_scale_0.9400,WP2033,north-west,5041-17010-2,5041-17010-2,wind_proxy_plus_protected_battery,40.0,1,5041-17010-2,1.095551488386187,1.2795012677194428,3371.056510264676,2399.248633581132,2399.248633581132,0.0,1261.341639221615,1261.341639221615,0.0,588.6138986380738,100.0,1276.7715911864216,2.142901555909719,1.5783568578062694,1.5783568578062694,157.83568578062693,0.0,39.0,39.0,100.0,59.82579885492283,121.2195792084242,1.095551488386187,1.2795012677194428,79.89999999999999,291.4,186.496,1189.6541760398075,1070.6887584358267,2260.342934475634,6.060030602467704,1.8024302491265882,10.0,31.681833369670503,90.0,0.0,Croaghonagh,1.000000,10.0-90.0%,90.0,80.0,,benchmark,0.99,True,True,False,True,benchmark,True,True,0.94
wind_proxy_DLR_plus_battery_scale_0.9410,WP2033,north-west,5041-17010-2,5041-17010-2,wind_proxy_plus_protected_battery,40.0,1,5041-17010-2,1.095551488386187,1.2795012677194428,3371.056510264676,2398.6212376933545,2398.6212376933545,0.0,1261.9690351093923,1261.9690351093923,0.0,588.6138986380738,100.0,1277.0657231490113,2.1439674428845747,1.5787204664606742,1.5787204664606742,157.87204664606742,0.0,39.0,39.0,100.0,59.827479642009365,121.2195792084242,1.095551488386187,1.2795012677194428,79.985,291.71,186.6944,1190.6998358527699,1071.6298522674929,2262.3296881202627,6.058911483473159,1.8024155114992086,10.0,31.677757405143026,90.0,0.0,Croaghonagh,1.000000,10.0-90.0%,90.0,80.0,,benchmark,0.99,True,True,False,True,benchmark,True,True,0.941
wind_proxy_DLR_plus_battery_scale_0.9420,WP2033,north-west,5041-17010-2,5041-17010-2,wind_proxy_plus_protected_battery,40.0,1,5041-17010-2,1.095551488386187,1.2795012677194428,3371.056510264676,2397.9938418055776,2397.993841805577,0.0,1262.5964309971696,1262.5964309971691,0.0,588.6138986380738,100.0,1277.359855111601,2.1450333298594293,1.579084075115079,1.579084075115079,157.9084075115079,0.0,39.0,39.0,100.0,59.829160429095886,121.2195792084242,1.095551488386187,1.2795012677194428,80.07,292.02,186.8928,1191.745495665732,1072.570946099159,2264.3164417648914,6.057794740527434,1.8024008051619091,10.0,31.67369009446805,90.00000000000003,0.0,Croaghonagh,1.000000,10.0-90.0%,90.0,80.0,,benchmark,0.99,True,True,False,True,benchmark,True,True,0.942
wind_proxy_DLR_plus_battery_scale_0.9430,WP2033,north-west,5041-17010-2,5041-17010-2,wind_proxy_plus_protected_battery,40.0,1,5041-17010-2,1.095551488386187,1.2795012677194428,3371.056510264676,2397.3664459178,2397.3664459177994,0.0,1263.2238268849474,1263.223826884947,0.0,588.6138986380738,100.0,1277.6539870741908,2.146099216834286,1.5794476837694837,1.5794476837694837,157.9447683769484,0.0,39.0,39.0,100.0,59.83084121618242,121.2195792084242,1.095551488386187,1.2795012677194428,80.155,292.33,187.09120000000001,1192.7911554786947,1073.512039930825,2266.3031954095195,6.056680366071518,1.802386130015144,10.0,31.669631410114757,90.00000000000001,0.0,Croaghonagh,1.000000,10.0-90.0%,90.0,80.0,,benchmark,0.99,True,True,False,True,benchmark,True,True,0.943
wind_proxy_DLR_plus_battery_scale_0.9440,WP2033,north-west,5041-17010-2,5041-17010-2,wind_proxy_plus_protected_battery,40.0,1,5041-17010-2,1.095551488386187,1.2795012677194428,3371.056510264676,2396.7390500300226,2396.7390500300226,0.0,1263.8512227727242,1263.8512227727242,0.0,588.6138986380738,100.0,1277.9481190367878,2.1471651038091415,1.5798112924238974,1.5798112924238974,157.98112924238973,0.0,39.0,39.0,100.0,59.83252200326894,121.2195792084242,1.095551488386187,1.2795012677194428,80.24,292.64,187.2896,1193.8368152916569,1074.4531337624912,2268.289949054148,6.055568352578435,1.8023714859597917,10.0,31.665581324668988,90.00000000000001,0.0,Croaghonagh,1.000000,10.0-90.0%,90.0,80.0,,benchmark,0.99,True,True,False,True,benchmark,True,True,0.944
wind_proxy_DLR_plus_battery_scale_0.9450,WP2033,north-west,5041-17010-2,5041-17010-2,wind_proxy_plus_protected_battery,40.0,1,5041-17010-2,1.095551488386187,1.2795012677194428,3371.056510264676,2396.111654142245,2396.111654142245,0.0,1264.478618660502,1264.478618660502,0.0,588.6138986380738,100.0,1278.2422509993776,2.148230990783998,1.5801749010783022,1.5801749010783022,158.0174901078302,0.0,39.0,39.0,100.0,59.83420279035548,121.2195792084242,1.095551488386187,1.2795012677194428,80.325,292.95,187.48800000000003,1194.8824751046193,1075.3942275941572,2270.2767026987767,6.054458692553061,1.802356872897149,10.0,31.661539810832632,90.00000000000001,0.0,Croaghonagh,1.000000,10.0-90.0%,90.0,80.0,,benchmark,0.99,True,True,False,True,benchmark,True,True,0.945
wind_proxy_DLR_plus_battery_scale_0.9460,WP2033,north-west,5041-17010-2,5041-17010-2,wind_proxy_plus_protected_battery,40.0,1,5041-17010-2,1.095551488386187,1.2795012677194428,3371.056510264676,2395.484258254468,2395.484258254468,0.0,1265.1060145482788,1265.1060145482788,0.0,588.6138986380738,100.0,1200.1623999691656,2.149296877758853,1.4836518665898,1.4836518665898,148.36518665898,0.0,35.0,35.0,100.0,59.83486337515328,121.2195792084242,1.095551488386187,1.2795012677194428,80.41,293.26,187.68640000000002,1195.9281349175815,1076.3353214258234,2272.263456343405,6.053351378531968,1.5422143513810929,10.0,33.87350171836771,90.00000000000001,0.0,Croaghonagh,1.000000,10.0-90.0%,90.0,80.0,,benchmark,0.99,True,True,False,True,benchmark,True,True,0.946
wind_proxy_DLR_plus_battery_scale_0.9470,WP2033,north-west,5041-17010-2,5041-17010-2,wind_proxy_plus_protected_battery,40.0,1,5041-17010-2,1.095551488386187,1.2795012677194428,3371.056510264676,2394.8568623666906,2394.8568623666906,0.0,1265.7334104360561,1265.7334104360561,0.0,588.6138986380738,100.0,1200.5806638943468,2.1503627647337082,1.4841689283252268,1.4841689283252268,148.41689283252268,0.0,35.0,35.0,100.0,59.83653727498799,121.2195792084242,1.095551488386187,1.2795012677194428,80.49499999999999,293.57,187.8848,1196.973794730544,1077.2764152574896,2274.2502099880335,6.052246403083254,1.5421998000094286,10.0,33.87620792571582,90.00000000000001,0.0,Croaghonagh,1.000000,10.0-90.0%,90.0,80.0,,benchmark,0.99,True,True,False,True,benchmark,True,True,0.947
wind_proxy_DLR_plus_battery_scale_0.9480,WP2033,north-west,5041-17010-2,5041-17010-2,wind_proxy_plus_protected_battery,40.0,1,5041-17010-2,1.095551488386187,1.2795012677194428,3371.056510264676,2394.229466478913,2394.229466478913,0.0,1266.360806323834,1266.360806323834,0.0,588.6138986380738,100.0,1200.9989278195353,2.1514286517085646,1.4846859900606628,1.4846859900606628,148.46859900606628,0.0,35.0,35.0,100.0,59.838211174822696,121.2195792084242,1.095551488386187,1.2795012677194428,80.58,293.88,188.08320000000003,1198.0194545435063,1078.2175090891556,2276.236963632662,6.051143758806373,1.5421852793368602,10.0,33.878908423765715,90.00000000000001,0.0,Croaghonagh,1.000000,10.0-90.0%,90.0,80.0,,benchmark,0.99,True,True,False,True,benchmark,True,True,0.948
wind_proxy_DLR_plus_battery_scale_0.9490,WP2033,north-west,5041-17010-2,5041-17010-2,wind_proxy_plus_protected_battery,40.0,1,5041-17010-2,1.095551488386187,1.2795012677194428,3371.056510264676,2393.602070591135,2393.602070591135,0.0,1266.9882022116117,1266.9882022116117,0.0,588.6138986380738,100.0,1201.4515161164163,2.1524945386834213,1.4852454839020643,1.4852454839020643,148.52454839020643,0.0,35.0,35.0,100.0,59.83988507465742,121.2195792084242,1.095551488386187,1.2795012677194428,80.66499999999999,294.19,188.28160000000003,1199.0651143564687,1079.158602920822,2278.2237172772907,6.050043438331973,1.5421707892663419,10.0,33.88160323056578,90.00000000000003,0.0,Croaghonagh,1.000000,10.0-90.0%,90.0,80.0,,benchmark,0.99,True,True,False,True,benchmark,True,True,0.949
wind_proxy_DLR_plus_battery_scale_0.9500,WP2033,north-west,5041-17010-2,5041-17010-2,wind_proxy_plus_protected_battery,40.0,1,5041-17010-2,1.095551488386187,1.2795012677194428,3371.056510264676,2392.974674703357,2392.974674703357,0.0,1267.61559809939,1267.61559809939,0.0,588.6138986380738,100.0,1416.3348709097845,2.1535604256582785,1.750886275886924,1.750886275886924,175.0886275886924,0.0,36.0,36.0,100.0,59.84808880824089,121.2195792084242,1.095551488386187,1.2795012677194428,80.75,294.5,188.48000000000002,1200.1107741694314,1080.099696752488,2280.2104709219193,6.0489454343217295,1.588070559371653,10.0,32.29475937288379,90.0,0.0,Croaghonagh,1.000000,10.0-90.0%,90.0,80.0,,benchmark,0.99,True,True,False,True,benchmark,True,True,0.95
wind_proxy_DLR_plus_battery_scale_0.9510,WP2033,north-west,5041-17010-2,5041-17010-2,wind_proxy_plus_protected_battery,40.0,1,5041-17010-2,1.095551488386187,1.2795012677194428,3371.056510264676,2392.34727881558,2392.34727881558,0.0,1268.2429939871668,1268.2429939871668,0.0,588.6138986380738,100.0,1416.5048709097828,2.154626312633133,1.7510964314603064,1.7510964314603064,175.10964314603063,0.0,36.0,36.0,100.0,59.84975652946628,121.2195792084242,1.095551488386187,1.2795012677194428,80.835,294.81,188.6784,1201.1564339823935,1081.0407905841541,2282.1972245665474,6.047849739468183,1.588056130215726,10.0,32.292162147753686,90.0,0.0,Croaghonagh,1.000000,10.0-90.0%,90.0,80.0,,benchmark,0.99,True,True,False,True,benchmark,True,True,0.951
wind_proxy_DLR_plus_battery_scale_0.9520,WP2033,north-west,5041-17010-2,5041-17010-2,wind_proxy_plus_protected_battery,40.0,1,5041-17010-2,1.095551488386187,1.2795012677194428,3371.056510264676,2391.7198829278022,2391.7198829278022,0.0,1268.8703898749445,1268.8703898749445,0.0,588.6138986380738,100.0,1416.674870909781,2.1556921996079894,1.7513065870336888,1.7513065870336888,175.13065870336888,0.0,36.0,36.0,100.0,59.851424250691664,121.2195792084242,1.095551488386187,1.2795012677194428,80.92,295.12,188.8768,1202.202093795356,1081.98188441582,2284.183978211176,6.046756346494583,1.5880417313731516,10.0,32.2895703789789,90.0,0.0,Croaghonagh,1.000000,10.0-90.0%,90.0,80.0,,benchmark,0.99,True,True,False,True,benchmark,True,True,0.952
wind_proxy_DLR_plus_battery_scale_0.9530,WP2033,north-west,5041-17010-2,5041-17010-2,wind_proxy_plus_protected_battery,40.0,1,5041-17010-2,1.095551488386187,1.2795012677194428,3371.056510264676,2391.092487040026,2391.0924870400254,0.0,1269.4977857627214,1269.497785762721,0.0,588.6138986380738,100.0,1416.8448709097866,2.1567580865828435,1.7515167426070803,1.7515167426070803,175.15167426070803,0.0,36.0,36.0,100.0,59.85309197191706,121.2195792084242,1.095551488386187,1.2795012677194428,81.005,295.43,189.07520000000002,1203.2477536083184,1082.9229782474863,2286.1707318558047,6.045665248154714,1.5880273627485055,10.0,32.28698404938307,90.0,0.0,Croaghonagh,1.000000,10.0-90.0%,90.0,80.0,,benchmark,0.99,True,True,False,True,benchmark,True,True,0.953
wind_proxy_DLR_plus_battery_scale_0.9540,WP2033,north-west,5041-17010-2,5041-17010-2,wind_proxy_plus_protected_battery,40.0,1,5041-17010-2,1.095551488386187,1.2795012677194428,3371.056510264676,2390.4650911522476,2390.4650911522476,0.0,1270.1251816504991,1270.1251816504991,0.0,588.6138986380738,100.0,1417.0148709097848,2.1578239735577007,1.751726898180463,1.751726898180463,175.1726898180463,0.0,36.0,36.0,100.0,59.85475969314245,121.2195792084242,1.095551488386187,1.2795012677194428,81.09,295.74,189.27360000000002,1204.2934134212803,1083.8640720791523,2288.157485500433,6.044576437232748,1.5880130242467614,10.0,32.284403141861866,89.99999999999999,0.0,Croaghonagh,1.000000,10.0-90.0%,90.0,80.0,,benchmark,0.99,True,True,False,True,benchmark,True,True,0.954
wind_proxy_DLR_plus_battery_scale_0.9550,WP2033,north-west,5041-17010-2,5041-17010-2,wind_proxy_plus_protected_battery,40.0,1,5041-17010-2,1.095551488386187,1.2795012677194428,3371.056510264676,2389.8376952644703,2389.8376952644703,0.0,1270.7525775382765,1270.7525775382765,0.0,588.6138986380738,100.0,1417.184870909783,2.1588898605325566,1.7519370537538455,1.7519370537538455,175.19370537538455,0.0,36.0,36.0,100.0,59.85642741436783,121.2195792084242,1.095551488386187,1.2795012677194428,81.175,296.05,189.47200000000004,1205.339073234243,1084.8051659108185,2290.1442391450614,6.04348990654308,1.587998715773294,10.0,32.28182763938259,89.99999999999999,0.0,Croaghonagh,1.000000,10.0-90.0%,90.0,80.0,,benchmark,0.99,True,True,False,True,benchmark,True,True,0.955
wind_proxy_DLR_plus_battery_scale_0.9560,WP2033,north-west,5041-17010-2,5041-17010-2,wind_proxy_plus_protected_battery,40.0,1,5041-17010-2,1.095551488386187,1.2795012677194428,3371.056510264676,2389.2102993766925,2389.2102993766925,0.0,1271.3799734260542,1271.3799734260542,0.0,588.6138986380738,100.0,1417.3548709097813,2.159955747507413,1.7521472093272281,1.7521472093272281,175.2147209327228,0.0,36.0,36.0,100.0,59.85809513559322,121.2195792084242,1.095551488386187,1.2795012677194428,81.25999999999999,296.36,189.67040000000003,1206.3847330472054,1085.7462597424847,2292.13099278969,6.04240564893017,1.5879844372338714,10.0,32.27925752498382,90.0,0.0,Croaghonagh,1.000000,10.0-90.0%,90.0,80.0,,benchmark,0.99,True,True,False,True,benchmark,True,True,0.956
wind_proxy_DLR_plus_battery_scale_0.9570,WP2033,north-west,5041-17010-2,5041-17010-2,wind_proxy_plus_protected_battery,40.0,1,5041-17010-2,1.095551488386187,1.2795012677194428,3371.056510264676,2388.5829034889152,2388.5829034889152,0.0,1272.0073693138315,1272.0073693138315,0.0,588.6138986380738,100.0,1417.5248709097868,2.1610216344822684,1.7523573649006194,1.7523573649006194,175.23573649006195,0.0,36.0,36.0,100.0,59.8597628568186,121.2195792084242,1.095551488386187,1.2795012677194428,81.345,296.67,189.86880000000002,1207.4303928601676,1086.6873535741506,2294.117746434318,6.041323657268382,1.5879701885346562,10.0,32.27669278177501,90.0,0.0,Croaghonagh,1.000000,10.0-90.0%,90.0,80.0,,benchmark,0.99,True,True,False,True,benchmark,True,True,0.957
wind_proxy_DLR_plus_battery_scale_0.9580,WP2033,north-west,5041-17010-2,5041-17010-2,wind_proxy_plus_protected_battery,40.0,1,5041-17010-2,1.095551488386187,1.2795012677194428,3371.056510264676,2387.9555076011384,2387.9555076011384,0.0,1272.6347652016084,1272.6347652016084,0.0,588.6138986380738,100.0,1417.694870909785,2.1620875214571234,1.752567520474002,1.752567520474002,175.2567520474002,0.0,36.0,36.0,100.0,59.861430578043986,121.2195792084242,1.095551488386187,1.2795012677194428,81.42999999999999,296.97999999999996,190.06719999999999,1208.4760526731297,1087.6284474058166,2296.1045000789463,6.040243924461839,1.5879559695822039,10.0,32.274133392936164,90.0,0.0,Croaghonagh,1.000000,10.0-90.0%,90.0,80.0,,benchmark,0.99,True,True,False,True,benchmark,True,True,0.958
wind_proxy_DLR_plus_battery_scale_0.9590,WP2033,north-west,5041-17010-2,5041-17010-2,wind_proxy_plus_protected_battery,40.0,1,5041-17010-2,1.095551488386187,1.2795012677194428,3371.056510264676,2387.3281117133606,2387.328111713361,0.0,1273.2621610893857,1273.2621610893862,0.0,588.6138986380738,100.0,1417.8648709097833,2.1631534084319797,1.7527776760473845,1.7527776760473845,175.27776760473844,0.0,36.0,36.0,100.0,59.86309829926939,121.2195792084242,1.095551488386187,1.2795012677194428,81.515,297.28999999999996,190.2656,1209.5217124860922,1088.5695412374828,2298.091253723575,6.039166443444256,1.5879417802834581,10.0,32.271579341717405,89.99999999999999,0.0,Croaghonagh,1.000000,10.0-90.0%,90.0,80.0,,benchmark,0.99,True,True,False,True,benchmark,True,True,0.959
wind_proxy_DLR_plus_battery_scale_0.9600,WP2033,north-west,5041-17010-2,5041-17010-2,wind_proxy_plus_protected_battery,40.0,1,5041-17010-2,1.095551488386187,1.2795012677194428,3371.056510264676,2386.7007158255833,2386.7007158255833,0.0,1273.8895569771635,1273.8895569771635,0.0,588.6138986380738,100.0,1418.0348709097816,2.164219295406835,1.7529878316207672,1.7529878316207672,175.29878316207672,0.0,36.0,36.0,100.0,59.86476602049476,121.2195792084242,1.095551488386187,1.2795012677194428,81.6,297.59999999999997,190.464,1210.5673722990546,1089.510635069149,2300.0780073682035,6.038091207178794,1.587927620545752,10.0,32.2690306114387,90.00000000000001,0.0,Croaghonagh,1.000000,10.0-90.0%,90.0,80.0,,benchmark,0.99,True,True,False,True,benchmark,True,True,0.96
wind_proxy_DLR_plus_battery_scale_0.9610,WP2033,north-west,5041-17010-2,5041-17010-2,wind_proxy_plus_protected_battery,40.0,1,5041-17010-2,1.095551488386187,1.2795012677194428,3371.056510264676,2386.073319937806,2386.073319937806,0.0,1274.5169528649408,1274.5169528649408,0.0,588.6138986380738,100.0,1418.2048709097871,2.165285182381691,1.7531979871941588,1.7531979871941588,175.31979871941587,0.0,36.0,36.0,100.0,59.86643374172015,121.2195792084242,1.095551488386187,1.2795012677194428,81.685,297.90999999999997,190.6624,1211.6130321120168,1090.451728900815,2302.0647610128317,6.0370182086579,1.5879134902768017,10.0,32.266487185489396,90.0,0.0,Croaghonagh,1.000000,10.0-90.0%,90.0,80.0,,benchmark,0.99,True,True,False,True,benchmark,True,True,0.961
wind_proxy_DLR_plus_battery_scale_0.9620,WP2033,north-west,5041-17010-2,5041-17010-2,wind_proxy_plus_protected_battery,40.0,1,5041-17010-2,1.095551488386187,1.2795012677194428,3371.056510264676,2385.445924050028,2385.445924050028,0.0,1275.1443487527185,1275.1443487527185,0.0,588.6138986380738,100.0,1418.3748709097854,2.1663510693565473,1.7534081427675412,1.7534081427675412,175.34081427675412,0.0,36.0,36.0,100.0,59.86810146294553,121.2195792084242,1.095551488386187,1.2795012677194428,81.77,298.21999999999997,190.8608,1212.6586919249794,1091.3928227324811,2304.0515146574608,6.035947440903162,1.5878993893847109,10.0,32.26394904732792,90.0,0.0,Croaghonagh,1.000000,10.0-90.0%,90.0,80.0,,benchmark,0.99,True,True,False,True,benchmark,True,True,0.962
wind_proxy_DLR_plus_battery_scale_0.9630,WP2033,north-west,5041-17010-2,5041-17010-2,wind_proxy_plus_protected_battery,40.0,1,5041-17010-2,1.095551488386187,1.2795012677194428,3371.056510264676,2384.818528162251,2384.818528162251,0.0,1275.7717446404959,1275.7717446404959,0.0,588.6138986380738,100.0,1418.5448709097836,2.167416956331403,1.7536182983409236,1.7536182983409236,175.36182983409236,0.0,36.0,36.0,100.0,59.86976918417093,121.2195792084242,1.095551488386187,1.2795012677194428,81.855,298.53,191.0592,1213.7043517379416,1092.3339165641473,2306.038268302089,6.034878896965152,1.5878853177779615,10.0,32.26141618048143,90.0,0.0,Croaghonagh,1.000000,10.0-90.0%,90.0,80.0,,benchmark,0.99,True,True,False,True,benchmark,True,True,0.963
wind_proxy_DLR_plus_battery_scale_0.9640,WP2033,north-west,5041-17010-2,5041-17010-2,wind_proxy_plus_protected_battery,40.0,1,5041-17010-2,1.095551488386187,1.2795012677194428,3371.056510264676,2384.1911322744736,2384.1911322744736,0.0,1276.3991405282732,1276.3991405282732,0.0,588.6138986380738,100.0,1418.7951031274933,2.1684828433062586,1.7539276377244066,1.7539276377244066,175.39276377244067,0.0,36.0,36.0,100.0,59.871436905396315,121.2195792084242,1.095551488386187,1.2795012677194428,81.94,298.84,191.25760000000002,1214.750011550904,1093.2750103958133,2308.025021946717,6.0338125699232785,1.587871275365417,10.0,32.25907807851199,90.0,0.0,Croaghonagh,1.000000,10.0-90.0%,90.0,80.0,,benchmark,0.99,True,True,False,True,benchmark,True,True,0.964
wind_proxy_DLR_plus_battery_scale_0.9650,WP2033,north-west,5041-17010-2,5041-17010-2,wind_proxy_plus_protected_battery,40.0,1,5041-17010-2,1.095551488386187,1.2795012677194428,3371.056510264676,2383.5637363866963,2383.5637363866963,0.0,1277.0265364160505,1277.0265364160505,0.0,588.6138986380738,100.0,1419.0892350900904,2.169548730281114,1.7542912463788205,1.7542912463788205,175.42912463788204,0.0,36.0,36.0,100.0,59.87310462662171,121.2195792084242,1.095551488386187,1.2795012677194428,82.02499999999999,299.15,191.45600000000002,1215.7956713638664,1094.2161042274797,2310.011775591346,6.032748452885639,1.5878572620563183,10.0,32.256848406897724,90.00000000000001,0.0,Croaghonagh,1.000000,10.0-90.0%,90.0,80.0,,benchmark,0.99,True,True,False,True,benchmark,True,True,0.965
wind_proxy_DLR_plus_battery_scale_0.9660,WP2033,north-west,5041-17010-2,5041-17010-2,wind_proxy_plus_protected_battery,40.0,1,5041-17010-2,1.095551488386187,1.2795012677194428,3371.056510264676,2382.9363404989194,2382.936340498919,0.0,1277.6539323038278,1277.6539323038273,0.0,588.6138986380738,100.0,1080.2852731042294,2.170614617255969,1.3354586528720944,1.3354586528720944,133.54586528720944,0.0,35.0,35.0,100.0,59.86752588660733,121.2195792084242,1.095551488386187,1.2795012677194428,82.11,299.46,191.6544,1216.8413311768286,1095.1571980591457,2311.9985292359743,6.031686538988863,1.7561427577672835,10.0,29.08436545800515,90.00000000000003,0.0,Croaghonagh,1.000000,10.0-90.0%,90.0,80.0,,benchmark,0.99,True,True,False,True,benchmark,True,True,0.966
wind_proxy_DLR_plus_battery_scale_0.9670,WP2033,north-west,5041-17010-2,5041-17010-2,wind_proxy_plus_protected_battery,40.0,1,5041-17010-2,1.095551488386187,1.2795012677194428,3371.056510264676,2382.308944611142,2382.308944611142,0.0,1278.2813281916046,1278.2813281916046,0.0,588.6138986380738,100.0,1080.6644050668256,2.1716805042308245,1.3359273393131996,1.3359273393131996,133.59273393131997,0.0,35.0,35.0,100.0,59.86920188402166,121.2195792084242,1.095551488386187,1.2795012677194428,82.195,299.77,191.8528,1217.8869909897908,1096.0982918908117,2313.9852828806024,6.0306268213979735,1.7561288023942994,10.0,29.08189395060399,90.0,0.0,Croaghonagh,1.000000,10.0-90.0%,90.0,80.0,,benchmark,0.99,True,True,False,True,benchmark,True,True,0.967
wind_proxy_DLR_plus_battery_scale_0.9680,WP2033,north-west,5041-17010-2,5041-17010-2,wind_proxy_plus_protected_battery,40.0,1,5041-17010-2,1.095551488386187,1.2795012677194428,3371.056510264676,2381.681548723365,2381.681548723365,0.0,1278.908724079382,1278.908724079382,0.0,588.6138986380738,100.0,1081.0435370294144,2.1727463912056804,1.3363960257542955,1.3363960257542955,133.63960257542956,0.0,35.0,35.0,100.0,59.87087788143599,121.2195792084242,1.095551488386187,1.2795012677194428,82.28,300.08,192.0512,1218.932650802753,1097.0393857224776,2315.9720365252306,6.02956929330624,1.7561148758547311,10.0,29.07942754962308,89.99999999999999,0.0,Croaghonagh,1.000000,10.0-90.0%,90.0,80.0,,benchmark,0.99,True,True,False,True,benchmark,True,True,0.968
wind_proxy_DLR_plus_battery_scale_0.9690,WP2033,north-west,5041-17010-2,5041-17010-2,wind_proxy_plus_protected_battery,40.0,1,5041-17010-2,1.095551488386187,1.2795012677194428,3371.056510264676,2381.054152835587,2381.054152835587,0.0,1279.5361199671597,1279.5361199671597,0.0,588.6138986380738,100.0,1081.4226689920106,2.1738122781805367,1.3368647121954007,1.3368647121954007,133.68647121954007,0.0,35.0,35.0,100.0,59.87255387885032,121.2195792084242,1.095551488386187,1.2795012677194428,82.365,300.39,192.24960000000002,1219.9783106157156,1097.980479554144,2317.9587901698596,6.028513947935027,1.7561009780593106,10.0,29.076966239253082,90.0,0.0,Croaghonagh,1.000000,10.0-90.0%,90.0,80.0,,benchmark,0.99,True,True,False,True,benchmark,True,True,0.969
wind_proxy_DLR_plus_battery_scale_0.9700,WP2033,north-west,5041-17010-2,5041-17010-2,wind_proxy_plus_protected_battery,40.0,1,5041-17010-2,1.095551488386187,1.2795012677194428,3371.056510264676,2380.4267569478097,2380.4267569478097,0.0,1280.163515854937,1280.163515854937,0.0,588.6138986380738,100.0,1081.8018009545995,2.174878165155392,1.3373333986364966,1.3373333986364966,133.73333986364966,0.0,35.0,35.0,100.0,59.874229876264664,121.2195792084242,1.095551488386187,1.2795012677194428,82.45,300.7,192.448,1221.0239704286778,1098.92157338581,2319.945543814488,6.02746077853365,1.756087108919138,10.0,29.074416029397494,90.0,0.0,Croaghonagh,1.000000,10.0-90.0%,90.0,80.0,,benchmark,0.99,True,True,False,True,benchmark,True,True,0.97
wind_proxy_DLR_plus_battery_scale_0.9710,WP2033,north-west,5041-17010-2,5041-17010-2,wind_proxy_plus_protected_battery,40.0,1,5041-17010-2,1.095551488386187,1.2795012677194428,3371.056510264676,2379.7993610600324,2379.7993610600324,0.0,1280.7909117427143,1280.7909117427143,0.0,588.6138986380738,100.0,1082.1809329171956,2.175944052130248,1.3378020850776018,1.3378020850776018,133.78020850776016,0.0,35.0,35.0,100.0,59.87590587367899,121.2195792084242,1.095551488386187,1.2795012677194428,82.535,301.01,192.6464,1222.06963024164,1099.862667217476,2321.932297459116,6.026409778379238,1.7560732683456806,10.0,29.07169600873787,89.99999999999999,0.0,Croaghonagh,1.000000,10.0-90.0%,90.0,80.0,,benchmark,0.99,True,True,False,True,benchmark,True,True,0.971
wind_proxy_DLR_plus_battery_scale_0.9720,WP2033,north-west,5041-17010-2,5041-17010-2,wind_proxy_plus_protected_battery,40.0,1,5041-17010-2,1.095551488386187,1.2795012677194428,3371.056510264676,2379.1719651722547,2379.1719651722547,0.0,1281.418307630492,1281.418307630492,0.0,588.6138986380738,100.0,1082.5600648797845,2.1770099391051043,1.3382707715186977,1.3382707715186977,133.82707715186976,0.0,35.0,35.0,100.0,59.87758187109332,121.2195792084242,1.095551488386187,1.2795012677194428,82.62,301.32,192.84480000000002,1223.1152900546026,1100.8037610491424,2323.919051103745,6.025360940776585,1.75605945625077,10.0,29.068981584828585,90.00000000000003,0.0,Croaghonagh,1.000000,10.0-90.0%,90.0,80.0,,benchmark,0.99,True,True,False,True,benchmark,True,True,0.972
wind_proxy_DLR_plus_battery_scale_0.9730,WP2033,north-west,5041-17010-2,5041-17010-2,wind_proxy_plus_protected_battery,40.0,1,5041-17010-2,1.095551488386187,1.2795012677194428,3371.056510264676,2378.544569284478,2378.544569284478,0.0,1282.045703518269,1282.045703518269,0.0,588.6138986380738,100.0,1082.9391968423806,2.1780758260799593,1.3387394579598029,1.3387394579598029,133.8739457959803,0.0,35.0,35.0,100.0,59.879257868507665,121.2195792084242,1.095551488386187,1.2795012677194428,82.705,301.63,193.0432,1224.1609498675648,1101.7448548808084,2325.905804748373,6.0243142590580065,1.7560456725465985,10.0,29.06627274041345,90.00000000000001,0.0,Croaghonagh,1.000000,10.0-90.0%,90.0,80.0,,benchmark,0.99,True,True,False,True,benchmark,True,True,0.973
wind_proxy_DLR_plus_battery_scale_0.9740,WP2033,north-west,5041-17010-2,5041-17010-2,wind_proxy_plus_protected_battery,40.0,1,5041-17010-2,1.095551488386187,1.2795012677194428,3371.056510264676,2377.9171733967,2377.9171733967,0.0,1282.6730994060467,1282.6730994060467,0.0,588.6138986380738,100.0,1083.3183288049695,2.1791417130548156,1.3392081444008987,1.3392081444008987,133.92081444008988,0.0,35.0,35.0,100.0,59.88093386592199,121.2195792084242,1.095551488386187,1.2795012677194428,82.78999999999999,301.94,193.24160000000003,1225.2066096805274,1102.6859487124748,2327.892558393002,6.023269726583204,1.7560319171457213,10.0,29.063569458307175,90.00000000000001,0.0,Croaghonagh,1.000000,10.0-90.0%,90.0,80.0,,benchmark,0.99,True,True,False,True,benchmark,True,True,0.974
wind_proxy_DLR_plus_battery_scale_0.9750,WP2033,north-west,5041-17010-2,5041-17010-2,wind_proxy_plus_protected_battery,40.0,1,5041-17010-2,1.095551488386187,1.2795012677194428,3371.056510264676,2377.2897775089227,2377.2897775089227,0.0,1283.300495293824,1283.300495293824,0.0,588.6138986380738,100.0,1083.6974607675656,2.180207600029671,1.339676830842004,1.339676830842004,133.9676830842004,0.0,35.0,35.0,100.0,59.88260986333632,121.2195792084242,1.095551488386187,1.2795012677194428,82.875,302.25,193.44000000000003,1226.2522694934896,1103.6270425441407,2329.8793120376304,6.022227336739118,1.756018189961051,10.0,29.06087172139496,90.00000000000001,0.0,Croaghonagh,1.000000,10.0-90.0%,90.0,80.0,,benchmark,0.99,True,True,False,True,benchmark,True,True,0.975
wind_proxy_DLR_plus_battery_scale_0.9760,WP2033,north-west,5041-17010-2,5041-17010-2,wind_proxy_plus_protected_battery,40.0,1,5041-17010-2,1.095551488386187,1.2795012677194428,3371.056510264676,2376.6623816211454,2376.6623816211454,0.0,1283.9278911816014,1283.9278911816014,0.0,588.6138986380738,100.0,1084.0765927301545,2.181273487004527,1.3401455172830998,1.3401455172830998,134.01455172830998,0.0,35.0,35.0,100.0,59.88428586075065,121.2195792084242,1.095551488386187,1.2795012677194428,82.96,302.56,193.63840000000002,1227.2979293064518,1104.5681363758067,2331.8660656822585,6.021187082939795,1.7560044909058574,10.0,29.058043581535884,90.00000000000001,0.0,Croaghonagh,1.000000,10.0-90.0%,90.0,80.0,,benchmark,0.99,True,True,False,True,benchmark,True,True,0.976
wind_proxy_DLR_plus_battery_scale_0.9770,WP2033,north-west,5041-17010-2,5041-17010-2,wind_proxy_plus_protected_battery,40.0,1,5041-17010-2,1.095551488386187,1.2795012677194428,3371.056510264676,2376.034985733368,2376.0349857333676,0.0,1284.5552870693791,1284.5552870693787,0.0,588.6138986380738,100.0,1084.4557246927507,2.1823393739793824,1.340614203724205,1.340614203724205,134.0614203724205,0.0,35.0,35.0,100.0,59.88596185816499,121.2195792084242,1.095551488386187,1.2795012677194428,83.045,302.87,193.83680000000004,1228.3435891194144,1105.509230207473,2333.8528193268876,6.020148958626244,1.7559908198937655,10.0,29.055158922997254,90.00000000000001,0.0,Croaghonagh,1.000000,10.0-90.0%,90.0,80.0,,benchmark,0.99,True,True,False,True,benchmark,True,True,0.977
wind_proxy_DLR_plus_battery_scale_0.9780,WP2033,north-west,5041-17010-2,5041-17010-2,wind_proxy_plus_protected_battery,40.0,1,5041-17010-2,1.095551488386187,1.2795012677194428,3371.056510264676,2375.4075898455903,2375.407589845591,0.0,1285.182682957156,1285.1826829571564,0.0,588.6138986380738,100.0,1084.8348566553395,2.1834052609542387,1.341082890165301,1.341082890165301,134.10828901653008,0.0,35.0,35.0,100.0,59.88763785557932,121.2195792084242,1.095551488386187,1.2795012677194428,83.13,303.18,194.03520000000003,1229.3892489323766,1106.4503240391389,2335.8395729715157,6.019112957266299,1.7559771768387535,10.0,29.052280163555846,90.0,0.0,Croaghonagh,1.000000,10.0-90.0%,90.0,80.0,,benchmark,0.99,True,True,False,True,benchmark,True,True,0.978
wind_proxy_DLR_plus_battery_scale_0.9790,WP2033,north-west,5041-17010-2,5041-17010-2,wind_proxy_plus_protected_battery,40.0,1,5041-17010-2,1.095551488386187,1.2795012677194428,3371.056510264676,2374.780193957813,2374.780193957813,0.0,1285.8100788449337,1285.8100788449337,0.0,588.6138986380738,100.0,1085.2139886179357,2.1844711479290946,1.3415515766064061,1.3415515766064061,134.1551576606406,0.0,35.0,35.0,100.0,59.88931385299365,121.2195792084242,1.095551488386187,1.2795012677194428,83.215,303.49,194.23360000000002,1230.434908745339,1107.391417870805,2337.826326616144,6.0180790723544835,1.7559635616551514,10.0,29.04940728513475,90.0,0.0,Croaghonagh,1.000000,10.0-90.0%,90.0,80.0,,benchmark,0.99,True,True,False,True,benchmark,True,True,0.979
wind_proxy_DLR_plus_battery_scale_0.9800,WP2033,north-west,5041-17010-2,5041-17010-2,wind_proxy_plus_protected_battery,40.0,1,5041-17010-2,1.095551488386187,1.2795012677194428,3371.056510264676,2374.1527980700357,2374.1527980700357,0.0,1286.437474732711,1286.437474732711,0.0,588.6138986380738,100.0,1085.5931205805246,2.18553703490395,1.342020263047502,1.342020263047502,134.2020263047502,0.0,35.0,35.0,100.0,59.89098985040799,121.2195792084242,1.095551488386187,1.2795012677194428,83.3,303.8,194.43200000000002,1231.4805685583012,1108.332511702471,2339.813080260772,6.017047297411876,1.755949974257638,10.0,29.046540269730826,90.0,0.0,Croaghonagh,1.000000,10.0-90.0%,90.0,80.0,,benchmark,0.99,True,True,False,True,benchmark,True,True,0.98
wind_proxy_DLR_plus_battery_scale_0.9810,WP2033,north-west,5041-17010-2,5041-17010-2,wind_proxy_plus_protected_battery,40.0,1,5041-17010-2,1.095551488386187,1.2795012677194428,3371.056510264676,2373.5254021822584,2373.5254021822584,0.0,1287.0648706204884,1287.0648706204884,0.0,588.6138986380738,100.0,1085.9722525431207,2.186602921878806,1.3424889494886072,1.3424889494886072,134.2488949488607,0.0,35.0,35.0,100.0,59.892665847822336,121.2195792084242,1.095551488386187,1.2795012677194428,83.385,304.11,194.6304,1232.5262283712636,1109.2736055341372,2341.799833905401,6.016017625985974,1.755936414561241,10.0,29.043679099414383,90.0,0.0,Croaghonagh,1.000000,10.0-90.0%,90.0,80.0,,benchmark,0.99,True,True,False,True,benchmark,True,True,0.981
wind_proxy_DLR_plus_battery_scale_0.9820,WP2033,north-west,5041-17010-2,5041-17010-2,wind_proxy_plus_protected_battery,40.0,1,5041-17010-2,1.095551488386187,1.2795012677194428,3371.056510264676,2372.8980062944806,2372.8980062944806,0.0,1287.6922665082661,1287.6922665082661,0.0,588.6138986380738,100.0,1086.3513845057096,2.187668808853662,1.342957635929703,1.342957635929703,134.2957635929703,0.0,35.0,35.0,100.0,59.89434184523665,121.2195792084242,1.095551488386187,1.2795012677194428,83.47,304.42,194.82880000000003,1233.571888184226,1110.2146993658034,2343.7865875500293,6.014990051650549,1.7559228824813338,10.0,29.040823756328727,90.0,0.0,Croaghonagh,1.000000,10.0-90.0%,90.0,80.0,,benchmark,0.99,True,True,False,True,benchmark,True,True,0.982
wind_proxy_DLR_plus_battery_scale_0.9830,WP2033,north-west,5041-17010-2,5041-17010-2,wind_proxy_plus_protected_battery,40.0,1,5041-17010-2,1.095551488386187,1.2795012677194428,3371.056510264676,2372.270610406704,2372.270610406704,0.0,1288.319662396043,1288.319662396043,0.0,588.6138986380738,100.0,1086.7305164683057,2.1887346958285168,1.3434263223708083,1.3434263223708083,134.34263223708084,0.0,35.0,35.0,100.0,59.89601784265099,121.2195792084242,1.095551488386187,1.2795012677194428,83.55499999999999,304.73,195.02720000000002,1234.6175479971885,1111.1557931974694,2345.773341194658,6.013964568005534,1.7559093779336337,10.0,29.037974222689837,90.0,0.0,Croaghonagh,1.000000,10.0-90.0%,90.0,80.0,,benchmark,0.99,True,True,False,True,benchmark,True,True,0.983
wind_proxy_DLR_plus_battery_scale_0.9840,WP2033,north-west,5041-17010-2,5041-17010-2,wind_proxy_plus_protected_battery,40.0,1,5041-17010-2,1.095551488386187,1.2795012677194428,3371.056510264676,2371.643214518926,2371.6432145189256,0.0,1288.9470582838212,1288.9470582838208,0.0,588.6138986380738,100.0,1047.2742803122383,2.1898005828033735,1.2946501580591605,1.2946501580591605,129.46501580591604,0.0,36.0,36.0,100.0,59.83329718951664,121.2195792084242,1.095551488386187,1.2795012677194428,83.64,305.04,195.22560000000004,1235.663207810151,1112.0968870291358,2347.760094839287,6.01294116867687,1.5875964208271998,10.0,32.784864639412746,89.99999999999999,0.0,Croaghonagh,1.000000,10.0-90.0%,90.0,80.0,,benchmark,0.99,True,True,False,True,benchmark,True,True,0.984
wind_proxy_DLR_plus_battery_scale_0.9850,WP2033,north-west,5041-17010-2,5041-17010-2,wind_proxy_plus_protected_battery,40.0,1,5041-17010-2,1.095551488386187,1.2795012677194428,3371.056510264676,2371.015818631148,2371.0158186311482,0.0,1289.5744541715985,1289.574454171599,0.0,588.6138986380738,100.0,1047.4834122748289,2.1908664697782307,1.294908688926874,1.294908688926874,129.4908688926874,0.0,36.0,36.0,100.0,59.8349878186181,121.2195792084242,1.095551488386187,1.2795012677194428,83.725,305.35,195.42400000000004,1236.7088676231137,1113.037980860802,2349.7468484839155,6.011919847316387,1.587582971092437,10.0,32.78264859089756,90.00000000000001,0.0,Croaghonagh,1.000000,10.0-90.0%,90.0,80.0,,benchmark,0.99,True,True,False,True,benchmark,True,True,0.985
wind_proxy_DLR_plus_battery_scale_0.9860,WP2033,north-west,5041-17010-2,5041-17010-2,wind_proxy_plus_protected_battery,40.0,1,5041-17010-2,1.095551488386187,1.2795012677194428,3371.056510264676,2370.388422743371,2370.388422743371,0.0,1290.2018500593758,1290.2018500593758,0.0,588.6138986380738,100.0,1047.6925442374268,2.1919323567530853,1.2951672197945965,1.2951672197945965,129.51672197945965,0.0,36.0,36.0,100.0,59.836678447719564,121.2195792084242,1.095551488386187,1.2795012677194428,83.81,305.65999999999997,195.6224,1237.7545274360755,1113.9790746924677,2351.733602128543,6.010900597601664,1.5875695486390822,10.0,32.78043703740978,90.0,0.0,Croaghonagh,1.000000,10.0-90.0%,90.0,80.0,,benchmark,0.99,True,True,False,True,benchmark,True,True,0.986
wind_proxy_DLR_plus_battery_scale_0.9870,WP2033,north-west,5041-17010-2,5041-17010-2,wind_proxy_plus_protected_battery,40.0,1,5041-17010-2,1.095551488386187,1.2795012677194428,3371.056510264676,2369.7610268555936,2369.761026855594,0.0,1290.8292459471527,1290.8292459471531,0.0,588.6138986380738,100.0,1047.9016762000174,2.192998243727941,1.2954257506623101,1.2954257506623101,129.54257506623102,0.0,36.0,36.0,100.0,59.83836907682102,121.2195792084242,1.095551488386187,1.2795012677194428,83.895,305.96999999999997,195.8208,1238.8001872490377,1114.920168524134,2353.720355773172,6.009883413235907,1.587556153384215,10.0,32.778289336536105,90.0,0.0,Croaghonagh,1.000000,10.0-90.0%,90.0,80.0,,benchmark,0.99,True,True,False,True,benchmark,True,True,0.987
wind_proxy_DLR_plus_battery_scale_0.9880,WP2033,north-west,5041-17010-2,5041-17010-2,wind_proxy_plus_protected_battery,40.0,1,5041-17010-2,1.095551488386187,1.2795012677194428,3371.056510264676,2369.1336309678163,2369.1336309678163,0.0,1291.4566418349305,1291.4566418349305,0.0,588.6138986380738,100.0,1048.110808162608,2.1940641307027966,1.2956842815300236,1.2956842815300236,129.56842815300234,0.0,36.0,36.0,100.0,59.84005970592248,121.2195792084242,1.095551488386187,1.2795012677194428,83.98,306.28,196.0192,1239.8458470620003,1115.8612623558001,2355.7071094178004,6.008868287947814,1.5875427852452484,10.0,32.77617685721667,90.0,0.0,Croaghonagh,1.000000,10.0-90.0%,90.0,80.0,,benchmark,0.99,True,True,False,True,benchmark,True,True,0.988
wind_proxy_DLR_plus_battery_scale_0.9890,WP2033,north-west,5041-17010-2,5041-17010-2,wind_proxy_plus_protected_battery,40.0,1,5041-17010-2,1.095551488386187,1.2795012677194428,3371.056510264676,2368.506235080039,2368.506235080039,0.0,1292.0840377227078,1292.0840377227078,0.0,588.6138986380738,100.0,1048.319940125206,2.195130017677652,1.2959428123977461,1.2959428123977461,129.5942812397746,0.0,36.0,36.0,100.0,59.84175033502394,121.2195792084242,1.095551488386187,1.2795012677194428,84.065,306.59,196.2176,1240.8915068749627,1116.8023561874663,2357.693863062429,6.007855215491447,1.5875294441399301,10.0,32.77406864984732,90.00000000000001,0.0,Croaghonagh,1.000000,10.0-90.0%,90.0,80.0,,benchmark,0.99,True,True,False,True,benchmark,True,True,0.989
wind_proxy_DLR_plus_battery_scale_0.9900,WP2033,north-west,5041-17010-2,5041-17010-2,wind_proxy_plus_protected_battery,40.0,1,5041-17010-2,1.095551488386187,1.2795012677194428,3371.056510264676,2367.8788391922617,2367.8788391922617,0.0,1292.711433610485,1292.711433610485,0.0,588.6138986380738,100.0,1048.5290720877965,2.196195904652508,1.2962013432654595,1.2962013432654595,129.62013432654595,0.0,36.0,36.0,100.0,59.843440964125406,121.2195792084242,1.095551488386187,1.2795012677194428,84.15,306.9,196.416,1241.9371666879247,1117.7434500191323,2359.680616707057,6.006844189646102,1.587516129986339,10.0,32.771964701482766,90.0,0.0,Croaghonagh,1.000000,10.0-90.0%,90.0,80.0,,benchmark,0.99,True,True,False,True,benchmark,True,True,0.99
wind_proxy_DLR_plus_battery_scale_0.9910,WP2033,north-west,5041-17010-2,5041-17010-2,wind_proxy_plus_protected_battery,40.0,1,5041-17010-2,1.095551488386187,1.2795012677194428,3371.056510264676,2367.2514433044844,2367.2514433044844,0.0,1293.3388294982624,1293.3388294982624,0.0,588.6138986380738,100.0,1048.7382040503871,2.1972617916273633,1.296459874133173,1.296459874133173,129.6459874133173,0.0,36.0,36.0,100.0,59.84513159322685,121.2195792084242,1.095551488386187,1.2795012677194428,84.235,307.21,196.61440000000002,1242.9828265008873,1118.6845438507985,2361.667370351686,6.0058352042161856,1.5875028427028866,10.0,32.76986499922994,90.0,0.0,Croaghonagh,1.000000,10.0-90.0%,90.0,80.0,,benchmark,0.99,True,True,False,True,benchmark,True,True,0.991
wind_proxy_DLR_plus_battery_scale_0.9920,WP2033,north-west,5041-17010-2,5041-17010-2,wind_proxy_plus_protected_battery,40.0,1,5041-17010-2,1.095551488386187,1.2795012677194428,3371.056510264676,2366.624047416707,2366.624047416707,0.0,1293.9662253860397,1293.9662253860397,0.0,588.6138986380738,100.0,1079.9168858722041,2.1983276786022192,1.335003249166366,1.335003249166366,133.5003249166366,0.0,36.0,36.0,100.0,59.90229183767577,121.2195792084242,1.095551488386187,1.2795012677194428,84.32,307.52,196.8128,1244.0284863138495,1119.6256376824645,2363.654123996314,6.004828253031088,1.5415753525378941,10.0,31.503186882266608,90.0,0.0,Croaghonagh,1.000000,10.0-90.0%,90.0,80.0,,benchmark,0.99,True,True,False,True,benchmark,True,True,0.992
wind_proxy_DLR_plus_battery_scale_0.9930,WP2033,north-west,5041-17010-2,5041-17010-2,wind_proxy_plus_protected_battery,40.0,1,5041-17010-2,1.095551488386187,1.2795012677194428,3371.056510264676,2365.9966515289298,2365.9966515289298,0.0,1294.593621273817,1294.593621273817,0.0,588.6138986380738,100.0,1079.9560178347965,2.1993935655770747,1.335051624460697,1.335051624460697,133.5051624460697,0.0,36.0,36.0,100.0,59.90394308980535,121.2195792084242,1.095551488386187,1.2795012677194428,84.405,307.83,197.01120000000003,1245.0741461268117,1120.5667315141307,2365.6408776409426,6.003823329945054,1.5415621187512647,10.0,31.502384656872415,90.0,0.0,Croaghonagh,1.000000,10.0-90.0%,90.0,80.0,,benchmark,0.99,True,True,False,True,benchmark,True,True,0.993
wind_proxy_DLR_plus_battery_scale_0.9940,WP2033,north-west,5041-17010-2,5041-17010-2,wind_proxy_plus_protected_battery,40.0,1,5041-17010-2,1.095551488386187,1.2795012677194428,3371.056510264676,2365.3692556411524,2365.369255641152,0.0,1295.2210171615948,1295.2210171615943,0.0,588.6138986380738,100.0,1079.9951497973889,2.2004594525519305,1.335099999755028,1.335099999755028,133.50999997550278,0.0,36.0,36.0,100.0,59.90559434193494,121.2195792084242,1.095551488386187,1.2795012677194428,84.49,308.14,197.20960000000002,1246.1198059397743,1121.5078253457968,2367.627631285571,6.002820428837062,1.5415489115919723,10.0,31.50158404561383,90.00000000000001,0.0,Croaghonagh,1.000000,10.0-90.0%,90.0,80.0,,benchmark,0.99,True,True,False,True,benchmark,True,True,0.994
wind_proxy_DLR_plus_battery_scale_0.9950,WP2033,north-west,5041-17010-2,5041-17010-2,wind_proxy_plus_protected_battery,40.0,1,5041-17010-2,1.095551488386187,1.2795012677194428,3371.056510264676,2364.7418597533747,2364.7418597533747,0.0,1295.848413049372,1295.848413049372,0.0,588.6138986380738,100.0,1080.0342817599812,2.201525339526787,1.335148375049359,1.335148375049359,133.51483750493588,0.0,37.0,37.0,100.0,59.90724559406453,121.2195792084242,1.095551488386187,1.2795012677194428,84.575,308.45,197.40800000000002,1247.1654657527365,1122.4489191774628,2369.6143849301993,6.001819543610693,1.5415357309797342,10.0,31.500785043624102,90.00000000000003,0.0,Croaghonagh,1.000000,10.0-90.0%,90.0,80.0,,benchmark,0.99,True,True,False,True,benchmark,True,True,0.995
wind_proxy_DLR_plus_battery_scale_0.9960,WP2033,north-west,5041-17010-2,5041-17010-2,wind_proxy_plus_protected_battery,40.0,1,5041-17010-2,1.095551488386187,1.2795012677194428,3371.056510264676,2364.114463865597,2364.114463865597,0.0,1296.4758089371498,1296.4758089371498,0.0,588.6138986380738,100.0,1080.0734137225736,2.202591226501643,1.3351967503436897,1.3351967503436897,133.51967503436896,0.0,37.0,37.0,100.0,59.90889684619412,121.2195792084242,1.095551488386187,1.2795012677194428,84.66,308.76,197.6064,1248.2111255656987,1123.3900130091288,2371.6011385748275,6.000820668194015,1.5415225768345884,10.0,31.499987646056038,90.0,0.0,Croaghonagh,1.000000,10.0-90.0%,90.0,80.0,,benchmark,0.99,True,True,False,True,benchmark,True,True,0.996
wind_proxy_DLR_plus_battery_scale_0.9970,WP2033,north-west,5041-17010-2,5041-17010-2,wind_proxy_plus_protected_battery,40.0,1,5041-17010-2,1.095551488386187,1.2795012677194428,3371.056510264676,2363.4870679778196,2363.4870679778196,0.0,1297.1032048249272,1297.1032048249272,0.0,588.6138986380738,100.0,1080.112545685166,2.2036571134764986,1.3352451256380207,1.3352451256380207,133.52451256380206,0.0,37.0,37.0,100.0,59.9105480983237,121.2195792084242,1.095551488386187,1.2795012677194428,84.745,309.07,197.8048,1249.2567853786613,1124.331106840795,2373.587892219456,5.999823796539458,1.5415094490768952,10.0,31.499191848081892,89.99999999999999,0.0,Croaghonagh,1.000000,10.0-90.0%,90.0,80.0,,benchmark,0.99,True,True,False,True,benchmark,True,True,0.997
wind_proxy_DLR_plus_battery_scale_0.9980,WP2033,north-west,5041-17010-2,5041-17010-2,wind_proxy_plus_protected_battery,40.0,1,5041-17010-2,1.095551488386187,1.2795012677194428,3371.056510264676,2362.8596720900423,2362.8596720900423,0.0,1297.7306007127045,1297.7306007127045,0.0,588.6138986380738,100.0,1080.1516776477583,2.2047230004513545,1.3352935009323517,1.3352935009323517,133.52935009323517,0.0,37.0,37.0,100.0,59.91219903426598,121.2195792084242,1.095551488386187,1.2795012677194428,84.83,309.38,198.00320000000002,1250.3024451916235,1125.2722006724612,2375.5746458640847,5.998828922623686,1.5414963476273338,10.0,31.498756086948738,90.0,0.0,Croaghonagh,1.000000,10.0-90.0%,90.0,80.0,,benchmark,0.99,True,True,False,True,benchmark,True,True,0.998
wind_proxy_DLR_plus_battery_scale_0.9990,WP2033,north-west,5041-17010-2,5041-17010-2,wind_proxy_plus_protected_battery,40.0,1,5041-17010-2,1.095551488386187,1.2795012677194428,3371.056510264676,2362.232276202265,2362.232276202265,0.0,1298.3579966004818,1298.3579966004818,0.0,588.6138986380738,100.0,1424.0808310939537,2.20578888742621,1.760461903557036,1.760461903557036,176.0461903557036,0.0,37.0,37.0,100.0,59.92692956522389,121.2195792084242,1.095551488386187,1.2795012677194428,84.915,309.69,198.2016,1251.348105004586,1126.2132945041271,2377.5613995087133,5.997836040447487,1.6237089770994941,10.0,29.21699674005748,90.0,0.0,Croaghonagh,1.000000,10.0-90.0%,90.0,80.0,,benchmark,0.99,True,True,False,True,benchmark,True,True,0.999
wind_proxy_DLR_plus_battery_scale_1.0000,WP2033,north-west,5041-17010-2,5041-17010-2,wind_proxy_plus_protected_battery,40.0,1,5041-17010-2,1.095551488386187,1.2795012677194428,3371.056510264676,2361.6048803144877,2361.6048803144877,0.0,1298.985392488259,1298.985392488259,0.0,588.6138986380738,100.0,1424.3358310939511,2.206854774401066,1.7607771369171097,1.7607771369171097,176.07771369171098,0.0,37.0,37.0,100.0,59.92859672642796,121.2195792084242,1.095551488386187,1.2795012677194428,85.0,310.0,198.4,1252.393764817548,1127.154388335793,2379.548153153341,5.996845144035637,1.6236137023248092,10.0,29.21557699677043,89.99999999999999,0.0,Croaghonagh,1.000000,10.0-90.0%,90.0,80.0,,benchmark,0.99,True,True,False,True,benchmark,True,True,1.0
